lat,lon,GLDAS_NOAH10_M_2_1_AvgSurfT_inst
-54.5,-71.5,278.54202
-54.5,-70.5,278.04517
-54.5,-69.5,274.98807
-54.5,-68.5,276.36078
-54.5,-67.5,276.99194
-54.5,-66.5,277.3014
-53.5,-72.5,276.6075
-53.5,-71.5,278.39966
-53.5,-69.5,277.76608
-53.5,-68.5,279.1919
-52.5,-73.5,277.97617
-52.5,-72.5,277.23746
-52.5,-71.5,278.28186
-52.5,-70.5,279.25546
-52.5,-69.5,279.63284
-51.5,-73.5,276.46292
-51.5,-72.5,277.37332
-51.5,-71.5,279.4049
-51.5,-70.5,280.11404
-51.5,-69.5,281.0889
-51.5,-58.5,280.82886
-50.5,-74.5,278.7649
-50.5,-73.5,272.02933
-50.5,-72.5,277.16687
-50.5,-71.5,279.78912
-50.5,-70.5,280.95782
-50.5,-69.5,282.01367
-49.5,-74.5,277.46457
-49.5,-73.5,270.46063
-49.5,-72.5,275.3245
-49.5,-71.5,278.82358
-49.5,-70.5,280.84116
-49.5,-69.5,282.76257
-49.5,-68.5,283.22598
-48.5,-74.5,277.9466
-48.5,-73.5,272.9175
-48.5,-72.5,275.25723
-48.5,-71.5,278.88467
-48.5,-70.5,280.2779
-48.5,-69.5,281.88068
-48.5,-68.5,283.80725
-48.5,-67.5,284.65158
-47.5,-73.5,274.0223
-47.5,-72.5,275.08847
-47.5,-71.5,276.13004
-47.5,-70.5,280.96506
-47.5,-69.5,281.02463
-47.5,-68.5,283.8257
-47.5,-67.5,285.72018
-47.5,-66.5,285.7068
-46.5,-74.5,281.28067
-46.5,-73.5,273.93192
-46.5,-72.5,277.4438
-46.5,-71.5,275.78268
-46.5,-70.5,281.463
-46.5,-69.5,283.55875
-46.5,-68.5,284.7301
-46.5,-67.5,285.6403
-46.5,168.5,282.33032
-46.5,169.5,282.59607
-45.5,-73.5,279.2443
-45.5,-72.5,276.25635
-45.5,-71.5,278.82806
-45.5,-70.5,282.4695
-45.5,-69.5,284.82526
-45.5,-68.5,284.39032
-45.5,-67.5,286.49847
-45.5,167.5,280.1153
-45.5,168.5,280.23077
-45.5,169.5,281.62015
-45.5,170.5,282.43253
-44.5,-72.5,278.41544
-44.5,-71.5,277.2626
-44.5,-70.5,281.71555
-44.5,-69.5,283.76395
-44.5,-68.5,286.6496
-44.5,-67.5,286.5396
-44.5,-66.5,287.68298
-44.5,-65.5,287.27393
-44.5,168.5,282.12753
-44.5,169.5,280.43604
-44.5,170.5,282.7003
-43.5,-72.5,279.94495
-43.5,-71.5,276.49844
-43.5,-70.5,281.60303
-43.5,-69.5,284.62616
-43.5,-68.5,286.14236
-43.5,-67.5,288.10562
-43.5,-66.5,288.81833
-43.5,-65.5,288.83008
-43.5,146.5,284.34586
-43.5,170.5,282.82526
-43.5,171.5,281.9237
-43.5,172.5,282.29947
-42.5,-73.5,283.16037
-42.5,-72.5,279.90833
-42.5,-71.5,277.63977
-42.5,-70.5,282.10947
-42.5,-69.5,282.93134
-42.5,-68.5,281.6038
-42.5,-67.5,286.95837
-42.5,-66.5,289.56046
-42.5,-65.5,289.80942
-42.5,145.5,284.05472
-42.5,146.5,281.73618
-42.5,147.5,284.54584
-42.5,171.5,281.14944
-42.5,172.5,282.08722
-42.5,173.5,281.52966
-41.5,-73.5,283.2146
-41.5,-72.5,281.46466
-41.5,-71.5,278.55865
-41.5,-70.5,282.1446
-41.5,-69.5,283.0678
-41.5,-68.5,283.9392
-41.5,-67.5,285.5882
-41.5,-66.5,288.01135
-41.5,-65.5,289.79684
-41.5,145.5,284.35898
-41.5,146.5,282.03415
-41.5,147.5,285.66803
-41.5,172.5,283.6178
-41.5,173.5,282.83716
-40.5,-73.5,283.72443
-40.5,-72.5,281.43024
-40.5,-71.5,280.46176
-40.5,-70.5,283.52097
-40.5,-69.5,285.10956
-40.5,-68.5,286.09396
-40.5,-67.5,288.34613
-40.5,-66.5,289.91547
-40.5,-65.5,291.0707
-40.5,-64.5,291.26263
-40.5,-63.5,290.77002
-40.5,-62.5,289.90292
-40.5,175.5,284.33017
-40.5,176.5,285.10333
-39.5,-72.5,282.45135
-39.5,-71.5,280.17136
-39.5,-70.5,283.84198
-39.5,-69.5,287.12753
-39.5,-68.5,289.03003
-39.5,-67.5,290.352
-39.5,-66.5,291.67627
-39.5,-65.5,291.6148
-39.5,-64.5,291.7627
-39.5,-63.5,291.31415
-39.5,-62.5,290.49014
-39.5,174.5,285.41046
-39.5,175.5,283.81717
-39.5,176.5,283.18588
-38.5,-72.5,283.94995
-38.5,-71.5,281.10425
-38.5,-70.5,281.6907
-38.5,-69.5,288.55524
-38.5,-68.5,290.4485
-38.5,-67.5,291.6247
-38.5,-66.5,291.968
-38.5,-65.5,291.77713
-38.5,-64.5,291.44278
-38.5,-63.5,290.48618
-38.5,-62.5,289.55783
-38.5,-61.5,288.76202
-38.5,-60.5,288.32245
-38.5,-59.5,287.936
-38.5,-58.5,287.59662
-38.5,143.5,287.27588
-38.5,145.5,287.74615
-38.5,146.5,287.18808
-38.5,175.5,285.24503
-38.5,176.5,284.07095
-38.5,177.5,285.81635
-37.5,-73.5,285.16205
-37.5,-72.5,285.2792
-37.5,-71.5,282.73044
-37.5,-70.5,283.38507
-37.5,-69.5,288.06094
-37.5,-68.5,289.59616
-37.5,-67.5,291.74197
-37.5,-66.5,291.89978
-37.5,-65.5,291.35724
-37.5,-64.5,290.65634
-37.5,-63.5,289.94028
-37.5,-62.5,288.51813
-37.5,-61.5,287.72128
-37.5,-60.5,287.9207
-37.5,-59.5,287.6518
-37.5,-58.5,287.44968
-37.5,-57.5,287.81976
-37.5,140.5,287.7816
-37.5,141.5,287.21744
-37.5,142.5,287.2781
-37.5,143.5,287.15466
-37.5,144.5,287.62393
-37.5,145.5,286.2512
-37.5,146.5,285.7327
-37.5,147.5,285.32736
-37.5,148.5,285.86655
-37.5,149.5,287.42303
-37.5,175.5,285.65775
-36.5,-72.5,286.68707
-36.5,-71.5,284.48715
-36.5,-70.5,281.95538
-36.5,-69.5,285.87106
-36.5,-68.5,288.32486
-36.5,-67.5,291.74463
-36.5,-66.5,292.3584
-36.5,-65.5,291.3011
-36.5,-64.5,290.56744
-36.5,-63.5,289.84384
-36.5,-62.5,289.44766
-36.5,-61.5,288.95047
-36.5,-60.5,288.5013
-36.5,-59.5,288.34558
-36.5,-58.5,288.49518
-36.5,-57.5,288.68323
-36.5,140.5,288.82227
-36.5,141.5,289.38123
-36.5,142.5,289.52985
-36.5,143.5,289.4384
-36.5,144.5,288.7253
-36.5,145.5,288.0229
-36.5,146.5,286.13657
-36.5,147.5,284.44855
-36.5,148.5,284.52646
-36.5,149.5,286.809
-36.5,174.5,289.24792
-35.5,-71.5,285.6271
-35.5,-70.5,282.86636
-35.5,-69.5,283.55206
-35.5,-68.5,291.09628
-35.5,-67.5,292.0967
-35.5,-66.5,292.7573
-35.5,-65.5,291.7304
-35.5,-64.5,290.5884
-35.5,-63.5,290.15616
-35.5,-62.5,290.0957
-35.5,-61.5,289.44086
-35.5,-60.5,289.2503
-35.5,-59.5,289.22186
-35.5,-58.5,289.23074
-35.5,-57.5,289.65564
-35.5,139.5,290.2899
-35.5,140.5,290.9759
-35.5,141.5,291.22858
-35.5,142.5,291.2985
-35.5,143.5,291.16492
-35.5,144.5,291.00623
-35.5,145.5,290.75034
-35.5,146.5,289.8931
-35.5,147.5,287.74292
-35.5,148.5,286.43564
-35.5,149.5,287.23062
-35.5,173.5,289.1367
-34.5,-71.5,288.17465
-34.5,-70.5,284.60483
-34.5,-69.5,284.64713
-34.5,-68.5,289.5644
-34.5,-67.5,293.23767
-34.5,-66.5,293.55682
-34.5,-65.5,291.9914
-34.5,-64.5,291.09402
-34.5,-63.5,290.60803
-34.5,-62.5,290.37305
-34.5,-61.5,289.91617
-34.5,-60.5,289.92706
-34.5,-59.5,289.73584
-34.5,-58.5,291.59616
-34.5,-56.5,289.70392
-34.5,-55.5,289.12076
-34.5,-54.5,289.66122
-34.5,19.5,290.3611
-34.5,20.5,290.57288
-34.5,116.5,288.8867
-34.5,117.5,288.88306
-34.5,118.5,289.61194
-34.5,135.5,291.29868
-34.5,138.5,290.4028
-34.5,139.5,291.33786
-34.5,140.5,292.25998
-34.5,141.5,292.69247
-34.5,142.5,292.68097
-34.5,143.5,293.0354
-34.5,144.5,293.02267
-34.5,145.5,292.50482
-34.5,146.5,291.2913
-34.5,147.5,289.6031
-34.5,148.5,287.33014
-34.5,149.5,287.98587
-34.5,150.5,289.5503
-33.5,-71.5,288.0291
-33.5,-70.5,281.6968
-33.5,-69.5,282.19467
-33.5,-68.5,292.0174
-33.5,-67.5,293.84534
-33.5,-66.5,292.04474
-33.5,-65.5,291.0011
-33.5,-64.5,290.79327
-33.5,-63.5,290.99292
-33.5,-62.5,290.91403
-33.5,-61.5,290.87366
-33.5,-60.5,290.7436
-33.5,-59.5,290.34445
-33.5,-58.5,290.46997
-33.5,-57.5,290.18054
-33.5,-56.5,289.969
-33.5,-55.5,289.594
-33.5,-54.5,289.5029
-33.5,-53.5,291.10678
-33.5,18.5,291.74884
-33.5,19.5,291.57925
-33.5,20.5,292.14926
-33.5,21.5,293.19937
-33.5,22.5,291.69034
-33.5,23.5,292.62305
-33.5,24.5,292.0053
-33.5,25.5,291.24808
-33.5,26.5,291.71164
-33.5,115.5,291.273
-33.5,116.5,289.79086
-33.5,117.5,289.8267
-33.5,118.5,290.24207
-33.5,119.5,290.6884
-33.5,120.5,290.97784
-33.5,121.5,290.8996
-33.5,122.5,291.0817
-33.5,123.5,291.72836
-33.5,135.5,292.39203
-33.5,136.5,292.34143
-33.5,138.5,291.0979
-33.5,139.5,292.9103
-33.5,140.5,293.84924
-33.5,141.5,294.15454
-33.5,142.5,293.8387
-33.5,143.5,294.08084
-33.5,144.5,294.0217
-33.5,145.5,293.11975
-33.5,146.5,292.1804
-33.5,147.5,290.7986
-33.5,148.5,288.5488
-33.5,149.5,287.46362
-33.5,150.5,288.75357
-32.5,-70.5,282.26785
-32.5,-69.5,281.79575
-32.5,-68.5,291.561
-32.5,-67.5,294.5418
-32.5,-66.5,292.59982
-32.5,-65.5,291.5276
-32.5,-64.5,290.0576
-32.5,-63.5,291.4155
-32.5,-62.5,291.5848
-32.5,-61.5,291.5531
-32.5,-60.5,291.3169
-32.5,-59.5,291.06946
-32.5,-58.5,290.97882
-32.5,-57.5,290.7133
-32.5,-56.5,290.83603
-32.5,-55.5,290.15884
-32.5,-54.5,290.07947
-32.5,-53.5,290.87314
-32.5,18.5,292.14938
-32.5,19.5,293.38458
-32.5,20.5,293.0441
-32.5,21.5,291.91147
-32.5,22.5,292.37595
-32.5,23.5,291.9897
-32.5,24.5,290.81396
-32.5,25.5,291.884
-32.5,26.5,290.48245
-32.5,27.5,290.76974
-32.5,28.5,291.2058
-32.5,116.5,290.85428
-32.5,117.5,291.1277
-32.5,118.5,291.49533
-32.5,119.5,291.44708
-32.5,120.5,291.6903
-32.5,121.5,291.88303
-32.5,122.5,291.50925
-32.5,123.5,292.236
-32.5,124.5,292.65805
-32.5,125.5,292.5813
-32.5,134.5,293.27884
-32.5,135.5,294.03506
-32.5,136.5,293.9226
-32.5,137.5,293.84692
-32.5,138.5,292.10965
-32.5,139.5,293.73624
-32.5,140.5,294.4189
-32.5,141.5,294.58176
-32.5,142.5,294.78894
-32.5,143.5,294.68362
-32.5,144.5,294.4984
-32.5,145.5,293.6989
-32.5,146.5,293.01373
-32.5,147.5,292.35266
-32.5,148.5,290.48853
-32.5,149.5,289.48343
-32.5,150.5,289.45535
-32.5,151.5,289.62796
-31.5,-71.5,288.25876
-31.5,-70.5,284.41766
-31.5,-69.5,280.12433
-31.5,-68.5,289.76987
-31.5,-67.5,293.4737
-31.5,-66.5,295.077
-31.5,-65.5,292.91833
-31.5,-64.5,289.79706
-31.5,-63.5,292.24957
-31.5,-62.5,292.76266
-31.5,-61.5,292.45807
-31.5,-60.5,292.10156
-31.5,-59.5,291.8336
-31.5,-58.5,291.54962
-31.5,-57.5,291.36972
-31.5,-56.5,291.17148
-31.5,-55.5,290.53424
-31.5,-54.5,290.50952
-31.5,-53.5,291.1469
-31.5,-52.5,291.62485
-31.5,18.5,293.01443
-31.5,19.5,294.1547
-31.5,20.5,292.77344
-31.5,21.5,292.22592
-31.5,22.5,291.92618
-31.5,23.5,291.9352
-31.5,24.5,290.43707
-31.5,25.5,289.84537
-31.5,26.5,289.28494
-31.5,27.5,288.13742
-31.5,28.5,289.35303
-31.5,29.5,290.8875
-31.5,116.5,291.9021
-31.5,117.5,292.59436
-31.5,118.5,292.92328
-31.5,119.5,292.4862
-31.5,120.5,292.7361
-31.5,121.5,293.07806
-31.5,122.5,292.74323
-31.5,123.5,293.454
-31.5,124.5,294.05173
-31.5,125.5,293.9683
-31.5,126.5,293.96014
-31.5,127.5,293.88226
-31.5,128.5,293.53662
-31.5,129.5,293.38412
-31.5,130.5,293.55484
-31.5,131.5,293.5956
-31.5,132.5,294.01578
-31.5,133.5,294.165
-31.5,134.5,294.4131
-31.5,135.5,295.17648
-31.5,136.5,295.43402
-31.5,137.5,295.3327
-31.5,138.5,294.11597
-31.5,139.5,294.9984
-31.5,140.5,295.37857
-31.5,141.5,295.16583
-31.5,142.5,295.03275
-31.5,143.5,295.2498
-31.5,144.5,295.09344
-31.5,145.5,294.40805
-31.5,146.5,293.95645
-31.5,147.5,293.41962
-31.5,148.5,292.24106
-31.5,149.5,290.89368
-31.5,150.5,289.30908
-31.5,151.5,288.87863
-31.5,152.5,289.9309
-30.5,-71.5,290.26877
-30.5,-70.5,286.77264
-30.5,-69.5,284.0553
-30.5,-68.5,291.65717
-30.5,-67.5,293.1094
-30.5,-66.5,296.09467
-30.5,-65.5,295.82773
-30.5,-64.5,293.2838
-30.5,-63.5,292.81897
-30.5,-61.5,293.38007
-30.5,-60.5,293.18378
-30.5,-59.5,292.52057
-30.5,-58.5,292.2085
-30.5,-57.5,292.1122
-30.5,-56.5,291.98737
-30.5,-55.5,291.5521
-30.5,-54.5,291.61966
-30.5,-53.5,291.7393
-30.5,-52.5,292.0311
-30.5,-51.5,292.26056
-30.5,17.5,292.33447
-30.5,18.5,294.55325
-30.5,19.5,294.487
-30.5,20.5,294.87787
-30.5,21.5,294.1019
-30.5,22.5,293.48682
-30.5,23.5,293.17804
-30.5,24.5,292.83133
-30.5,25.5,291.1553
-30.5,26.5,289.8139
-30.5,27.5,286.96344
-30.5,28.5,286.1438
-30.5,29.5,289.7174
-30.5,30.5,291.1276
-30.5,115.5,294.37946
-30.5,116.5,293.39667
-30.5,117.5,294.30698
-30.5,118.5,294.03525
-30.5,119.5,293.91486
-30.5,120.5,293.81122
-30.5,121.5,294.115
-30.5,122.5,294.04718
-30.5,123.5,294.28668
-30.5,124.5,294.85428
-30.5,125.5,295.00955
-30.5,126.5,294.75882
-30.5,127.5,294.7294
-30.5,128.5,294.7684
-30.5,129.5,294.92096
-30.5,130.5,295.2958
-30.5,131.5,295.06995
-30.5,132.5,295.32568
-30.5,133.5,295.45767
-30.5,134.5,295.54825
-30.5,135.5,295.92014
-30.5,136.5,296.17575
-30.5,137.5,296.31262
-30.5,138.5,294.72714
-30.5,139.5,295.3469
-30.5,140.5,296.4934
-30.5,141.5,295.72226
-30.5,142.5,296.04047
-30.5,143.5,296.0224
-30.5,144.5,296.31573
-30.5,145.5,295.66162
-30.5,146.5,295.4661
-30.5,147.5,294.7969
-30.5,148.5,293.9839
-30.5,149.5,292.96893
-30.5,150.5,291.27487
-30.5,151.5,288.16324
-30.5,152.5,288.9549
-29.5,-70.5,288.65897
-29.5,-69.5,284.49673
-29.5,-68.5,287.4566
-29.5,-67.5,288.20465
-29.5,-66.5,294.6256
-29.5,-65.5,296.6341
-29.5,-64.5,295.43704
-29.5,-63.5,294.0178
-29.5,-62.5,294.8126
-29.5,-61.5,294.2589
-29.5,-60.5,293.76395
-29.5,-59.5,293.04834
-29.5,-58.5,292.62903
-29.5,-57.5,292.55817
-29.5,-56.5,292.77872
-29.5,-55.5,292.26447
-29.5,-54.5,292.19894
-29.5,-53.5,292.2555
-29.5,-52.5,291.66962
-29.5,-51.5,291.15134
-29.5,-50.5,291.6072
-29.5,17.5,293.93008
-29.5,18.5,294.801
-29.5,19.5,295.01508
-29.5,20.5,295.7148
-29.5,21.5,295.3571
-29.5,22.5,294.42993
-29.5,23.5,294.72195
-29.5,24.5,293.73184
-29.5,25.5,292.28275
-29.5,26.5,290.4542
-29.5,27.5,287.4197
-29.5,28.5,285.9406
-29.5,29.5,286.42178
-29.5,30.5,289.6786
-29.5,115.5,295.2681
-29.5,116.5,295.09323
-29.5,117.5,295.25085
-29.5,118.5,295.39038
-29.5,119.5,295.1212
-29.5,120.5,295.222
-29.5,121.5,295.17285
-29.5,122.5,294.83295
-29.5,123.5,294.90833
-29.5,124.5,295.53073
-29.5,125.5,295.83054
-29.5,126.5,295.80795
-29.5,127.5,295.66388
-29.5,128.5,295.80643
-29.5,129.5,295.8811
-29.5,130.5,296.22464
-29.5,131.5,296.1094
-29.5,132.5,296.2859
-29.5,133.5,296.76758
-29.5,134.5,296.8417
-29.5,135.5,297.01825
-29.5,136.5,297.5119
-29.5,137.5,298.00507
-29.5,138.5,297.67294
-29.5,139.5,296.947
-29.5,140.5,296.8871
-29.5,141.5,297.20816
-29.5,142.5,297.0659
-29.5,143.5,296.98438
-29.5,144.5,296.88257
-29.5,145.5,296.82404
-29.5,146.5,296.51233
-29.5,147.5,296.13162
-29.5,148.5,295.29184
-29.5,149.5,294.36533
-29.5,150.5,292.7006
-29.5,151.5,289.58575
-29.5,152.5,289.0571
-28.5,-70.5,289.0049
-28.5,-69.5,281.9529
-28.5,-68.5,282.88623
-28.5,-67.5,286.47043
-28.5,-66.5,292.44806
-28.5,-65.5,295.1028
-28.5,-64.5,295.13284
-28.5,-63.5,295.56393
-28.5,-62.5,295.06635
-28.5,-61.5,294.69376
-28.5,-60.5,294.15674
-28.5,-59.5,293.67902
-28.5,-58.5,293.46826
-28.5,-57.5,293.44174
-28.5,-56.5,293.37982
-28.5,-55.5,292.91898
-28.5,-54.5,292.26624
-28.5,-53.5,291.56787
-28.5,-52.5,290.48367
-28.5,-51.5,290.23444
-28.5,-50.5,288.96494
-28.5,-49.5,289.74036
-28.5,16.5,293.57028
-28.5,17.5,296.95905
-28.5,18.5,297.36832
-28.5,19.5,296.1149
-28.5,20.5,296.38785
-28.5,21.5,295.64157
-28.5,22.5,294.80646
-28.5,23.5,294.24387
-28.5,24.5,294.22778
-28.5,25.5,293.3556
-28.5,26.5,291.52606
-28.5,27.5,289.6354
-28.5,28.5,287.08505
-28.5,29.5,288.02753
-28.5,30.5,291.6355
-28.5,31.5,293.66513
-28.5,114.5,295.2239
-28.5,115.5,296.3014
-28.5,116.5,296.67688
-28.5,117.5,296.45624
-28.5,118.5,296.47067
-28.5,119.5,296.2807
-28.5,120.5,296.32422
-28.5,121.5,296.16644
-28.5,122.5,295.78723
-28.5,123.5,296.0299
-28.5,124.5,296.21213
-28.5,125.5,296.25876
-28.5,126.5,296.31512
-28.5,127.5,296.60208
-28.5,128.5,296.63635
-28.5,129.5,296.16937
-28.5,130.5,296.10214
-28.5,131.5,296.2319
-28.5,132.5,296.67697
-28.5,133.5,297.39255
-28.5,134.5,297.9025
-28.5,135.5,298.37125
-28.5,136.5,298.40665
-28.5,137.5,298.61917
-28.5,138.5,298.267
-28.5,139.5,297.83835
-28.5,140.5,297.90405
-28.5,141.5,297.92743
-28.5,142.5,298.27036
-28.5,143.5,297.80835
-28.5,144.5,297.3106
-28.5,145.5,297.2748
-28.5,146.5,296.7722
-28.5,147.5,296.17953
-28.5,148.5,295.99924
-28.5,149.5,295.25052
-28.5,150.5,294.2113
-28.5,151.5,291.9456
-28.5,152.5,290.6151
-28.5,153.5,292.68024
-27.5,-70.5,290.16498
-27.5,-69.5,285.0609
-27.5,-68.5,279.18814
-27.5,-67.5,287.40555
-27.5,-66.5,290.6364
-27.5,-65.5,288.77814
-27.5,-64.5,294.881
-27.5,-63.5,295.9238
-27.5,-62.5,295.4603
-27.5,-61.5,295.08383
-27.5,-60.5,294.9007
-27.5,-59.5,294.67984
-27.5,-58.5,294.2876
-27.5,-57.5,294.25363
-27.5,-56.5,293.96063
-27.5,-55.5,293.2089
-27.5,-54.5,292.03107
-27.5,-53.5,292.50565
-27.5,-52.5,291.95566
-27.5,-51.5,290.46603
-27.5,-50.5,289.55795
-27.5,-49.5,289.64877
-27.5,15.5,293.00748
-27.5,16.5,295.72528
-27.5,17.5,297.10175
-27.5,18.5,297.20554
-27.5,19.5,295.87036
-27.5,20.5,296.60144
-27.5,21.5,296.45374
-27.5,22.5,296.02042
-27.5,23.5,294.2957
-27.5,24.5,294.08313
-27.5,25.5,292.95706
-27.5,26.5,292.2987
-27.5,27.5,291.4798
-27.5,28.5,290.0811
-27.5,29.5,289.53708
-27.5,30.5,290.80307
-27.5,31.5,292.90268
-27.5,32.5,295.8148
-27.5,114.5,297.34085
-27.5,115.5,298.15796
-27.5,116.5,298.033
-27.5,117.5,297.46567
-27.5,118.5,297.44223
-27.5,119.5,297.19403
-27.5,120.5,297.08212
-27.5,121.5,296.71686
-27.5,122.5,296.67764
-27.5,123.5,296.6467
-27.5,124.5,296.87085
-27.5,125.5,297.0899
-27.5,126.5,297.11853
-27.5,127.5,297.15518
-27.5,128.5,297.33466
-27.5,129.5,296.86465
-27.5,130.5,296.73877
-27.5,131.5,296.22186
-27.5,132.5,296.2232
-27.5,133.5,297.10202
-27.5,134.5,298.32584
-27.5,135.5,298.97327
-27.5,136.5,298.9411
-27.5,137.5,298.67807
-27.5,138.5,298.98825
-27.5,139.5,298.85458
-27.5,140.5,299.28445
-27.5,141.5,299.37814
-27.5,142.5,298.97684
-27.5,143.5,298.23447
-27.5,144.5,297.8006
-27.5,145.5,297.3739
-27.5,146.5,296.6769
-27.5,147.5,295.9308
-27.5,148.5,295.67484
-27.5,149.5,295.4578
-27.5,150.5,294.56104
-27.5,151.5,292.72595
-27.5,152.5,291.7244
-26.5,-70.5,291.59457
-26.5,-69.5,288.09827
-26.5,-68.5,279.38428
-26.5,-67.5,279.18643
-26.5,-66.5,287.13492
-26.5,-65.5,289.82635
-26.5,-64.5,293.59647
-26.5,-63.5,295.87863
-26.5,-62.5,296.01938
-26.5,-61.5,295.77036
-26.5,-60.5,295.5261
-26.5,-59.5,295.2515
-26.5,-58.5,295.2509
-26.5,-57.5,294.71503
-26.5,-56.5,294.76666
-26.5,-55.5,294.3218
-26.5,-54.5,292.34708
-26.5,-53.5,292.7125
-26.5,-52.5,291.90002
-26.5,-51.5,290.48904
-26.5,-50.5,290.18033
-26.5,-49.5,292.10278
-26.5,15.5,296.13846
-26.5,16.5,295.89825
-26.5,17.5,297.94354
-26.5,18.5,298.40533
-26.5,19.5,296.80673
-26.5,20.5,296.82993
-26.5,21.5,297.34708
-26.5,22.5,296.88425
-26.5,23.5,295.5402
-26.5,24.5,294.65652
-26.5,25.5,293.00723
-26.5,26.5,291.90512
-26.5,27.5,292.1977
-26.5,28.5,291.49326
-26.5,29.5,290.48337
-26.5,30.5,290.43283
-26.5,31.5,292.94058
-26.5,32.5,296.11795
-26.5,114.5,299.13483
-26.5,115.5,299.5092
-26.5,116.5,299.05637
-26.5,117.5,298.41327
-26.5,118.5,298.44
-26.5,119.5,298.16483
-26.5,120.5,297.95013
-26.5,121.5,298.12802
-26.5,122.5,298.05502
-26.5,123.5,297.8828
-26.5,124.5,297.9436
-26.5,125.5,298.23462
-26.5,126.5,297.7877
-26.5,127.5,297.76138
-26.5,128.5,297.55463
-26.5,129.5,296.39258
-26.5,130.5,296.12842
-26.5,131.5,295.95758
-26.5,132.5,296.61795
-26.5,133.5,297.35983
-26.5,134.5,298.77475
-26.5,135.5,299.11902
-26.5,136.5,298.63907
-26.5,137.5,298.8198
-26.5,138.5,299.56613
-26.5,139.5,299.9703
-26.5,140.5,299.96652
-26.5,141.5,299.8223
-26.5,142.5,299.4693
-26.5,143.5,298.45657
-26.5,144.5,297.761
-26.5,145.5,297.29193
-26.5,146.5,296.39273
-26.5,147.5,295.49808
-26.5,148.5,295.22864
-26.5,149.5,295.39984
-26.5,150.5,294.9004
-26.5,151.5,293.71542
-26.5,152.5,293.02808
-25.5,-70.5,289.30444
-25.5,-69.5,286.50247
-25.5,-68.5,280.3396
-25.5,-67.5,280.11444
-25.5,-66.5,283.3393
-25.5,-65.5,287.95395
-25.5,-64.5,293.71432
-25.5,-63.5,296.00583
-25.5,-62.5,296.58185
-25.5,-61.5,296.7178
-25.5,-60.5,296.4435
-25.5,-59.5,296.0567
-25.5,-58.5,295.95166
-25.5,-57.5,295.785
-25.5,-56.5,295.10165
-25.5,-55.5,294.69086
-25.5,-54.5,293.77814
-25.5,-53.5,292.48328
-25.5,-52.5,292.3545
-25.5,-51.5,290.73126
-25.5,-50.5,290.99405
-25.5,-49.5,291.08615
-25.5,-48.5,291.04306
-25.5,15.5,297.97763
-25.5,16.5,295.1846
-25.5,17.5,296.65353
-25.5,18.5,297.8331
-25.5,19.5,296.92786
-25.5,20.5,297.07687
-25.5,21.5,297.53094
-25.5,22.5,297.17133
-25.5,23.5,296.5759
-25.5,24.5,295.58917
-25.5,25.5,294.08118
-25.5,26.5,293.25458
-25.5,27.5,293.51648
-25.5,28.5,293.44202
-25.5,29.5,292.07098
-25.5,30.5,290.90512
-25.5,31.5,294.56836
-25.5,32.5,297.1825
-25.5,45.5,298.29135
-25.5,114.5,300.2031
-25.5,115.5,300.6488
-25.5,116.5,300.16986
-25.5,117.5,299.94876
-25.5,118.5,299.48004
-25.5,119.5,299.02286
-25.5,120.5,298.40057
-25.5,121.5,298.8737
-25.5,122.5,299.02533
-25.5,123.5,299.06232
-25.5,124.5,299.1637
-25.5,125.5,299.036
-25.5,126.5,298.89514
-25.5,127.5,298.52347
-25.5,128.5,297.57574
-25.5,129.5,296.71472
-25.5,130.5,296.6575
-25.5,131.5,296.81955
-25.5,132.5,296.91705
-25.5,133.5,297.63638
-25.5,134.5,298.29346
-25.5,135.5,298.68835
-25.5,136.5,298.72903
-25.5,137.5,299.2199
-25.5,138.5,299.75955
-25.5,139.5,300.63477
-25.5,140.5,300.57657
-25.5,141.5,299.85626
-25.5,142.5,299.65344
-25.5,143.5,299.04092
-25.5,144.5,298.30093
-25.5,145.5,297.49973
-25.5,146.5,296.1275
-25.5,147.5,294.8352
-25.5,148.5,294.4689
-25.5,149.5,294.71194
-25.5,150.5,294.9936
-25.5,151.5,294.2273
-25.5,152.5,294.5025
-24.5,-70.5,289.96112
-24.5,-69.5,288.39224
-24.5,-68.5,284.6422
-24.5,-67.5,281.64343
-24.5,-66.5,282.78293
-24.5,-65.5,289.2169
-24.5,-64.5,295.51318
-24.5,-63.5,296.41315
-24.5,-62.5,297.33118
-24.5,-61.5,297.44882
-24.5,-60.5,297.17404
-24.5,-59.5,296.95462
-24.5,-58.5,296.7575
-24.5,-57.5,296.74875
-24.5,-56.5,296.0236
-24.5,-55.5,295.2156
-24.5,-54.5,294.66132
-24.5,-53.5,294.04974
-24.5,-52.5,293.49237
-24.5,-51.5,292.504
-24.5,-50.5,291.628
-24.5,-49.5,292.1476
-24.5,-48.5,291.41907
-24.5,-47.5,293.0556
-24.5,15.5,297.44916
-24.5,16.5,296.31506
-24.5,17.5,297.73227
-24.5,18.5,297.06128
-24.5,19.5,296.8946
-24.5,20.5,297.25177
-24.5,21.5,296.84467
-24.5,22.5,296.7103
-24.5,23.5,296.37717
-24.5,24.5,295.5937
-24.5,25.5,294.88794
-24.5,26.5,295.51077
-24.5,27.5,295.3373
-24.5,28.5,294.8065
-24.5,29.5,293.2045
-24.5,30.5,294.11307
-24.5,31.5,297.02426
-24.5,32.5,298.24698
-24.5,33.5,298.12045
-24.5,34.5,297.69888
-24.5,44.5,299.09973
-24.5,45.5,297.86838
-24.5,46.5,296.19943
-24.5,114.5,300.32816
-24.5,115.5,300.80606
-24.5,116.5,301.0865
-24.5,117.5,300.585
-24.5,118.5,300.73062
-24.5,119.5,300.03845
-24.5,120.5,299.26758
-24.5,121.5,299.4894
-24.5,122.5,300.0643
-24.5,123.5,300.01556
-24.5,124.5,300.32257
-24.5,125.5,300.36407
-24.5,126.5,300.08307
-24.5,127.5,299.0012
-24.5,128.5,298.49744
-24.5,129.5,298.2148
-24.5,130.5,298.1598
-24.5,131.5,297.30084
-24.5,132.5,297.49042
-24.5,133.5,297.63394
-24.5,134.5,297.88522
-24.5,135.5,298.66507
-24.5,136.5,299.37033
-24.5,137.5,299.62134
-24.5,138.5,300.41455
-24.5,139.5,301.11505
-24.5,140.5,301.20477
-24.5,141.5,300.82797
-24.5,142.5,300.3112
-24.5,143.5,299.80292
-24.5,144.5,299.14694
-24.5,145.5,298.28632
-24.5,146.5,296.63147
-24.5,147.5,294.91705
-24.5,148.5,294.83624
-24.5,149.5,295.2888
-24.5,150.5,294.99066
-24.5,151.5,295.2179
-23.5,-70.5,291.31046
-23.5,-69.5,292.54443
-23.5,-68.5,287.44376
-23.5,-67.5,282.52206
-23.5,-66.5,283.36542
-23.5,-65.5,288.41153
-23.5,-64.5,290.9813
-23.5,-63.5,296.7176
-23.5,-62.5,297.92706
-23.5,-61.5,297.99612
-23.5,-60.5,297.87457
-23.5,-59.5,297.64172
-23.5,-58.5,297.51212
-23.5,-57.5,297.1086
-23.5,-56.5,296.1904
-23.5,-55.5,295.61383
-23.5,-54.5,295.4142
-23.5,-53.5,295.4777
-23.5,-52.5,294.62
-23.5,-51.5,294.37872
-23.5,-50.5,293.53195
-23.5,-49.5,293.3557
-23.5,-48.5,292.67102
-23.5,-47.5,293.02536
-23.5,-46.5,293.98926
-23.5,-45.5,293.78638
-23.5,14.5,293.47018
-23.5,15.5,298.2499
-23.5,16.5,296.45706
-23.5,17.5,296.2141
-23.5,18.5,296.91357
-23.5,19.5,296.52243
-23.5,20.5,296.06705
-23.5,21.5,296.3515
-23.5,22.5,296.4864
-23.5,23.5,296.38312
-23.5,24.5,296.09244
-23.5,25.5,295.78998
-23.5,26.5,296.14343
-23.5,27.5,296.00586
-23.5,28.5,295.2368
-23.5,29.5,293.9611
-23.5,30.5,295.19708
-23.5,31.5,298.15262
-23.5,32.5,298.9825
-23.5,33.5,299.24323
-23.5,34.5,298.08786
-23.5,44.5,298.28857
-23.5,45.5,296.55032
-23.5,46.5,294.4383
-23.5,47.5,294.42136
-23.5,114.5,301.43307
-23.5,115.5,301.92752
-23.5,116.5,302.37823
-23.5,117.5,302.09976
-23.5,118.5,300.97794
-23.5,119.5,300.3668
-23.5,120.5,300.15543
-23.5,121.5,300.15753
-23.5,122.5,300.9708
-23.5,123.5,301.27124
-23.5,124.5,301.4313
-23.5,125.5,301.42834
-23.5,126.5,300.72833
-23.5,127.5,299.9195
-23.5,128.5,299.24896
-23.5,129.5,298.71893
-23.5,130.5,298.5227
-23.5,131.5,297.74918
-23.5,132.5,298.0594
-23.5,133.5,297.34875
-23.5,134.5,297.43842
-23.5,135.5,298.50885
-23.5,136.5,299.2898
-23.5,137.5,299.32135
-23.5,138.5,300.43747
-23.5,139.5,301.52643
-23.5,140.5,301.78937
-23.5,141.5,301.40286
-23.5,142.5,300.747
-23.5,143.5,300.1771
-23.5,144.5,299.88306
-23.5,145.5,298.47488
-23.5,146.5,296.8333
-23.5,147.5,296.40195
-23.5,148.5,296.71445
-23.5,149.5,296.0133
-23.5,150.5,295.70615
-22.5,-69.5,292.35062
-22.5,-68.5,285.79523
-22.5,-67.5,279.3485
-22.5,-66.5,282.47623
-22.5,-65.5,286.63055
-22.5,-64.5,289.1407
-22.5,-63.5,295.72885
-22.5,-62.5,298.18454
-22.5,-61.5,298.48767
-22.5,-60.5,298.46378
-22.5,-59.5,298.27872
-22.5,-58.5,298.2809
-22.5,-57.5,298.083
-22.5,-56.5,296.66644
-22.5,-55.5,295.79327
-22.5,-54.5,295.56277
-22.5,-53.5,295.72556
-22.5,-52.5,296.04602
-22.5,-51.5,295.46155
-22.5,-50.5,295.37967
-22.5,-49.5,294.77463
-22.5,-48.5,294.40237
-22.5,-47.5,294.61838
-22.5,-46.5,292.7753
-22.5,-45.5,292.17917
-22.5,-44.5,291.021
-22.5,-43.5,295.68695
-22.5,-42.5,295.1749
-22.5,14.5,292.93085
-22.5,15.5,298.3883
-22.5,16.5,296.0795
-22.5,17.5,294.5389
-22.5,18.5,295.596
-22.5,19.5,295.84534
-22.5,20.5,295.97458
-22.5,21.5,296.42697
-22.5,22.5,296.76395
-22.5,23.5,296.98343
-22.5,24.5,296.89545
-22.5,25.5,296.08078
-22.5,26.5,295.23743
-22.5,27.5,295.78152
-22.5,28.5,296.89566
-22.5,29.5,297.49237
-22.5,30.5,296.60117
-22.5,31.5,297.98242
-22.5,32.5,298.91217
-22.5,33.5,299.4831
-22.5,34.5,298.52698
-22.5,43.5,299.876
-22.5,44.5,297.73596
-22.5,45.5,296.0609
-22.5,46.5,293.43893
-22.5,47.5,294.25696
-22.5,114.5,301.65292
-22.5,115.5,302.65134
-22.5,116.5,302.52078
-22.5,117.5,301.41312
-22.5,118.5,300.60648
-22.5,119.5,301.51382
-22.5,120.5,301.65765
-22.5,121.5,301.29257
-22.5,122.5,301.44684
-22.5,123.5,302.0856
-22.5,124.5,301.98883
-22.5,125.5,301.9606
-22.5,126.5,301.28052
-22.5,127.5,300.56046
-22.5,128.5,300.47055
-22.5,129.5,300.02997
-22.5,130.5,299.31046
-22.5,131.5,298.30197
-22.5,132.5,298.10107
-22.5,133.5,297.67053
-22.5,134.5,298.23398
-22.5,135.5,298.84094
-22.5,136.5,299.5362
-22.5,137.5,300.15497
-22.5,138.5,300.9045
-22.5,139.5,301.12473
-22.5,140.5,301.56772
-22.5,141.5,301.41714
-22.5,142.5,301.34225
-22.5,143.5,300.63483
-22.5,144.5,300.1254
-22.5,145.5,298.71313
-22.5,146.5,297.74023
-22.5,147.5,297.46838
-22.5,148.5,296.47992
-22.5,149.5,296.0478
-21.5,-69.5,291.0992
-21.5,-68.5,285.32254
-21.5,-67.5,282.4022
-21.5,-66.5,284.65167
-21.5,-65.5,287.93726
-21.5,-64.5,292.3957
-21.5,-63.5,294.2786
-21.5,-62.5,298.07635
-21.5,-61.5,299.06293
-21.5,-60.5,299.22336
-21.5,-59.5,298.98386
-21.5,-58.5,299.03036
-21.5,-57.5,298.0345
-21.5,-56.5,296.94302
-21.5,-55.5,296.79138
-21.5,-54.5,296.3219
-21.5,-53.5,296.58478
-21.5,-52.5,296.82773
-21.5,-51.5,296.822
-21.5,-50.5,296.59543
-21.5,-49.5,296.31967
-21.5,-48.5,296.13956
-21.5,-47.5,295.2538
-21.5,-46.5,292.937
-21.5,-45.5,292.6648
-21.5,-44.5,292.55963
-21.5,-43.5,292.9385
-21.5,-42.5,293.65094
-21.5,-41.5,295.64722
-21.5,14.5,297.94995
-21.5,15.5,298.37662
-21.5,16.5,296.3996
-21.5,17.5,295.49762
-21.5,18.5,295.1923
-21.5,19.5,295.33084
-21.5,20.5,296.21652
-21.5,21.5,296.8551
-21.5,22.5,297.131
-21.5,23.5,297.36694
-21.5,24.5,297.5613
-21.5,25.5,297.4053
-21.5,26.5,296.76505
-21.5,27.5,296.07358
-21.5,28.5,296.72855
-21.5,29.5,297.0817
-21.5,30.5,297.18274
-21.5,31.5,298.38232
-21.5,32.5,298.57947
-21.5,33.5,298.89105
-21.5,34.5,298.89673
-21.5,44.5,299.99847
-21.5,45.5,297.87686
-21.5,46.5,294.9366
-21.5,47.5,292.83197
-21.5,115.5,302.2554
-21.5,116.5,302.99042
-21.5,117.5,303.012
-21.5,118.5,302.86954
-21.5,119.5,302.83643
-21.5,120.5,302.90714
-21.5,121.5,302.31653
-21.5,122.5,302.61642
-21.5,123.5,302.9198
-21.5,124.5,302.5607
-21.5,125.5,302.15723
-21.5,126.5,301.72464
-21.5,127.5,300.70416
-21.5,128.5,300.67404
-21.5,129.5,300.7603
-21.5,130.5,299.87445
-21.5,131.5,299.69656
-21.5,132.5,299.36618
-21.5,133.5,298.7993
-21.5,134.5,298.94235
-21.5,135.5,299.5211
-21.5,136.5,300.4819
-21.5,137.5,301.21286
-21.5,138.5,301.5672
-21.5,139.5,301.14
-21.5,140.5,301.17435
-21.5,141.5,301.62296
-21.5,142.5,301.79446
-21.5,143.5,301.00943
-21.5,144.5,299.93842
-21.5,145.5,298.7656
-21.5,146.5,298.55753
-21.5,147.5,297.8198
-21.5,148.5,296.15436
-20.5,-69.5,290.16537
-20.5,-68.5,284.6219
-20.5,-67.5,285.45544
-20.5,-66.5,285.39645
-20.5,-65.5,287.2088
-20.5,-64.5,288.71732
-20.5,-63.5,294.74625
-20.5,-62.5,297.58875
-20.5,-61.5,298.73972
-20.5,-60.5,299.28842
-20.5,-59.5,299.3824
-20.5,-58.5,299.304
-20.5,-57.5,298.54147
-20.5,-56.5,297.56567
-20.5,-55.5,297.90927
-20.5,-54.5,297.0848
-20.5,-53.5,296.8071
-20.5,-52.5,297.314
-20.5,-51.5,297.3952
-20.5,-50.5,297.2214
-20.5,-49.5,296.8583
-20.5,-48.5,296.46912
-20.5,-47.5,295.7036
-20.5,-46.5,294.6249
-20.5,-45.5,293.68198
-20.5,-44.5,293.48987
-20.5,-43.5,294.27118
-20.5,-42.5,294.70358
-20.5,-41.5,293.99188
-20.5,-40.5,294.77222
-20.5,13.5,295.80188
-20.5,14.5,299.7027
-20.5,15.5,297.37222
-20.5,16.5,295.8204
-20.5,17.5,295.45596
-20.5,18.5,296.08078
-20.5,19.5,295.8233
-20.5,20.5,296.498
-20.5,21.5,297.1156
-20.5,22.5,297.33057
-20.5,23.5,297.69257
-20.5,24.5,298.12247
-20.5,25.5,299.06116
-20.5,26.5,297.8137
-20.5,27.5,296.31424
-20.5,28.5,295.50223
-20.5,29.5,295.21475
-20.5,30.5,295.19455
-20.5,31.5,295.99695
-20.5,32.5,297.39728
-20.5,33.5,297.97095
-20.5,34.5,298.8155
-20.5,44.5,300.33112
-20.5,45.5,298.31448
-20.5,46.5,295.52258
-20.5,47.5,292.51303
-20.5,48.5,294.81744
-20.5,118.5,303.16226
-20.5,119.5,303.47815
-20.5,120.5,303.12708
-20.5,121.5,302.93796
-20.5,122.5,303.14993
-20.5,123.5,303.135
-20.5,124.5,302.9517
-20.5,125.5,302.8538
-20.5,126.5,302.6414
-20.5,127.5,301.5269
-20.5,128.5,301.0098
-20.5,129.5,301.18045
-20.5,130.5,300.98825
-20.5,131.5,301.0413
-20.5,132.5,300.77032
-20.5,133.5,300.58365
-20.5,134.5,300.43076
-20.5,135.5,300.43536
-20.5,136.5,300.93402
-20.5,137.5,301.76562
-20.5,138.5,301.6821
-20.5,139.5,300.7085
-20.5,140.5,301.32428
-20.5,141.5,301.99634
-20.5,142.5,301.71265
-20.5,143.5,300.36703
-20.5,144.5,298.22153
-20.5,145.5,297.38022
-20.5,146.5,298.29156
-20.5,147.5,297.02222
-20.5,148.5,296.41675
-19.5,-69.5,289.24057
-19.5,-68.5,285.0171
-19.5,-67.5,286.9113
-19.5,-66.5,286.79956
-19.5,-65.5,288.08316
-19.5,-64.5,290.71072
-19.5,-63.5,294.2447
-19.5,-62.5,297.7372
-19.5,-61.5,298.41354
-19.5,-60.5,298.8948
-19.5,-59.5,299.0978
-19.5,-58.5,299.26028
-19.5,-57.5,298.9099
-19.5,-56.5,298.8908
-19.5,-55.5,298.3597
-19.5,-54.5,297.8359
-19.5,-53.5,296.6557
-19.5,-52.5,296.8182
-19.5,-51.5,297.21075
-19.5,-50.5,297.7859
-19.5,-49.5,297.05206
-19.5,-48.5,296.42624
-19.5,-47.5,295.17035
-19.5,-46.5,294.2183
-19.5,-45.5,294.92365
-19.5,-44.5,295.00458
-19.5,-43.5,295.09482
-19.5,-42.5,293.46613
-19.5,-41.5,295.17612
-19.5,-40.5,296.00336
-19.5,13.5,300.46606
-19.5,14.5,298.32846
-19.5,15.5,298.20508
-19.5,16.5,297.57443
-19.5,17.5,296.85748
-19.5,18.5,296.22983
-19.5,19.5,296.43732
-19.5,20.5,296.363
-19.5,21.5,296.84756
-19.5,22.5,297.48105
-19.5,23.5,297.62463
-19.5,24.5,297.47668
-19.5,25.5,296.93652
-19.5,26.5,296.58786
-19.5,27.5,296.17953
-19.5,28.5,295.70895
-19.5,29.5,294.55957
-19.5,30.5,294.4436
-19.5,31.5,294.38687
-19.5,32.5,294.38852
-19.5,33.5,296.4242
-19.5,34.5,298.075
-19.5,44.5,300.25153
-19.5,45.5,298.14276
-19.5,46.5,293.9386
-19.5,47.5,291.4269
-19.5,48.5,294.13538
-19.5,121.5,303.30612
-19.5,122.5,303.1906
-19.5,123.5,302.93048
-19.5,124.5,302.9229
-19.5,125.5,302.94498
-19.5,126.5,302.86285
-19.5,127.5,302.00418
-19.5,128.5,301.5666
-19.5,129.5,300.79706
-19.5,130.5,301.2517
-19.5,131.5,301.524
-19.5,132.5,301.40125
-19.5,133.5,301.26743
-19.5,134.5,301.08228
-19.5,135.5,301.3976
-19.5,136.5,301.97278
-19.5,137.5,302.11453
-19.5,138.5,301.62872
-19.5,139.5,301.08078
-19.5,140.5,301.87054
-19.5,141.5,301.71875
-19.5,142.5,300.7273
-19.5,143.5,298.8074
-19.5,144.5,296.79614
-19.5,145.5,297.10745
-19.5,146.5,297.67087
-18.5,-69.5,288.42416
-18.5,-68.5,284.75235
-18.5,-67.5,285.8492
-18.5,-66.5,285.90604
-18.5,-65.5,288.60056
-18.5,-64.5,292.2025
-18.5,-63.5,294.33203
-18.5,-62.5,298.1483
-18.5,-61.5,298.18945
-18.5,-60.5,298.16763
-18.5,-59.5,298.23846
-18.5,-58.5,299.122
-18.5,-57.5,299.31787
-18.5,-56.5,299.68018
-18.5,-55.5,299.34082
-18.5,-54.5,297.8625
-18.5,-53.5,297.19598
-18.5,-52.5,296.62424
-18.5,-51.5,296.49142
-18.5,-50.5,297.1624
-18.5,-49.5,296.885
-18.5,-48.5,296.0657
-18.5,-47.5,295.26675
-18.5,-46.5,295.3725
-18.5,-45.5,296.42252
-18.5,-44.5,296.31586
-18.5,-43.5,294.77036
-18.5,-42.5,294.98117
-18.5,-41.5,296.63394
-18.5,-40.5,296.49197
-18.5,12.5,297.7644
-18.5,13.5,299.16504
-18.5,14.5,298.02713
-18.5,15.5,298.93115
-18.5,16.5,299.1215
-18.5,17.5,297.08212
-18.5,18.5,296.5894
-18.5,19.5,296.3723
-18.5,20.5,296.5506
-18.5,21.5,296.5369
-18.5,22.5,296.8939
-18.5,23.5,297.2928
-18.5,24.5,297.51062
-18.5,25.5,296.8855
-18.5,26.5,297.03696
-18.5,27.5,296.67615
-18.5,28.5,296.346
-18.5,29.5,295.38568
-18.5,30.5,294.6616
-18.5,31.5,293.2658
-18.5,32.5,294.4893
-18.5,33.5,295.8673
-18.5,34.5,297.4678
-18.5,35.5,298.03928
-18.5,36.5,299.2653
-18.5,44.5,299.90298
-18.5,45.5,298.81842
-18.5,46.5,295.27612
-18.5,47.5,292.79016
-18.5,48.5,294.58472
-18.5,122.5,302.9714
-18.5,123.5,303.29138
-18.5,124.5,303.29227
-18.5,125.5,302.9304
-18.5,126.5,303.0587
-18.5,127.5,302.40662
-18.5,128.5,301.9834
-18.5,129.5,301.1228
-18.5,130.5,301.7732
-18.5,131.5,302.2506
-18.5,132.5,301.98718
-18.5,133.5,301.7451
-18.5,134.5,301.99075
-18.5,135.5,302.22693
-18.5,136.5,301.86813
-18.5,137.5,301.55682
-18.5,138.5,301.58896
-18.5,139.5,301.81082
-18.5,140.5,302.1529
-18.5,141.5,301.6419
-18.5,142.5,301.21606
-18.5,143.5,299.36484
-18.5,144.5,297.50757
-18.5,145.5,296.69366
-17.5,-70.5,288.07736
-17.5,-69.5,284.09323
-17.5,-68.5,283.39383
-17.5,-67.5,284.8729
-17.5,-66.5,284.95273
-17.5,-65.5,295.39148
-17.5,-64.5,292.35278
-17.5,-63.5,294.7503
-17.5,-62.5,297.74753
-17.5,-61.5,298.5886
-17.5,-60.5,298.32742
-17.5,-59.5,298.54025
-17.5,-58.5,299.83243
-17.5,-57.5,299.66608
-17.5,-56.5,299.63348
-17.5,-55.5,299.52237
-17.5,-54.5,297.99197
-17.5,-53.5,297.14072
-17.5,-52.5,296.61285
-17.5,-51.5,296.90317
-17.5,-50.5,297.01813
-17.5,-49.5,296.59518
-17.5,-48.5,295.85782
-17.5,-47.5,296.16776
-17.5,-46.5,296.3792
-17.5,-45.5,297.2109
-17.5,-44.5,297.0138
-17.5,-43.5,294.56418
-17.5,-42.5,295.49713
-17.5,-41.5,294.7818
-17.5,-40.5,297.1959
-17.5,-39.5,297.7477
-17.5,12.5,299.40472
-17.5,13.5,298.2996
-17.5,14.5,298.224
-17.5,15.5,298.03412
-17.5,16.5,297.2893
-17.5,17.5,296.7782
-17.5,18.5,296.6793
-17.5,19.5,296.4371
-17.5,20.5,296.47906
-17.5,21.5,296.63773
-17.5,22.5,296.94855
-17.5,23.5,296.8176
-17.5,24.5,296.96002
-17.5,25.5,297.34045
-17.5,26.5,297.0312
-17.5,27.5,296.3417
-17.5,28.5,297.2848
-17.5,29.5,296.29108
-17.5,30.5,295.25793
-17.5,31.5,293.9164
-17.5,32.5,295.77228
-17.5,33.5,297.7496
-17.5,34.5,299.3576
-17.5,35.5,299.36343
-17.5,36.5,298.5142
-17.5,37.5,299.02264
-17.5,44.5,300.59
-17.5,45.5,298.9745
-17.5,46.5,298.08572
-17.5,47.5,295.3939
-17.5,48.5,293.54953
-17.5,122.5,302.85916
-17.5,123.5,303.24097
-17.5,124.5,302.90866
-17.5,125.5,302.66068
-17.5,126.5,302.34467
-17.5,127.5,301.599
-17.5,128.5,302.2471
-17.5,129.5,302.20288
-17.5,130.5,302.3779
-17.5,131.5,302.72833
-17.5,132.5,302.06186
-17.5,133.5,302.16772
-17.5,134.5,301.88516
-17.5,135.5,301.7774
-17.5,136.5,301.72357
-17.5,137.5,301.02982
-17.5,138.5,301.41217
-17.5,139.5,301.36014
-17.5,141.5,301.41272
-17.5,142.5,301.50775
-17.5,143.5,300.68243
-17.5,144.5,298.26508
-17.5,145.5,297.50894
-16.5,-72.5,291.85605
-16.5,-71.5,289.99332
-16.5,-70.5,284.93314
-16.5,-69.5,283.82007
-16.5,-68.5,282.99286
-16.5,-67.5,285.87717
-16.5,-66.5,291.06427
-16.5,-65.5,293.97995
-16.5,-64.5,296.3468
-16.5,-63.5,297.26428
-16.5,-62.5,297.8526
-16.5,-61.5,298.3131
-16.5,-60.5,298.53992
-16.5,-59.5,299.30612
-16.5,-58.5,299.99854
-16.5,-57.5,299.9963
-16.5,-56.5,299.4759
-16.5,-55.5,298.98215
-16.5,-54.5,298.10352
-16.5,-53.5,298.0313
-16.5,-52.5,297.73294
-16.5,-51.5,297.83438
-16.5,-50.5,296.77933
-16.5,-49.5,296.00613
-16.5,-48.5,295.75735
-16.5,-47.5,296.39127
-16.5,-46.5,296.92224
-16.5,-45.5,297.79602
-16.5,-44.5,297.06863
-16.5,-43.5,296.09778
-16.5,-42.5,295.50204
-16.5,-41.5,295.41208
-16.5,-40.5,296.44885
-16.5,-39.5,297.0978
-16.5,12.5,300.4087
-16.5,13.5,298.95657
-16.5,14.5,297.2679
-16.5,15.5,297.22662
-16.5,16.5,296.56726
-16.5,17.5,296.298
-16.5,18.5,296.23633
-16.5,19.5,296.1357
-16.5,20.5,296.22864
-16.5,21.5,296.74142
-16.5,22.5,297.2171
-16.5,23.5,296.8144
-16.5,24.5,296.40854
-16.5,25.5,296.4848
-16.5,26.5,296.42307
-16.5,27.5,296.7149
-16.5,28.5,297.0546
-16.5,29.5,297.6398
-16.5,30.5,297.20786
-16.5,31.5,297.432
-16.5,32.5,298.3156
-16.5,33.5,299.24207
-16.5,34.5,299.39713
-16.5,35.5,297.6226
-16.5,36.5,296.91287
-16.5,37.5,298.32443
-16.5,38.5,298.79987
-16.5,39.5,299.6917
-16.5,45.5,300.52878
-16.5,46.5,300.2434
-16.5,47.5,297.95496
-16.5,48.5,295.27042
-16.5,49.5,295.02194
-16.5,124.5,301.69754
-16.5,125.5,301.15564
-16.5,126.5,300.9412
-16.5,127.5,301.64078
-16.5,128.5,302.49484
-16.5,129.5,302.2336
-16.5,130.5,302.35776
-16.5,131.5,302.5952
-16.5,132.5,301.91965
-16.5,133.5,301.97174
-16.5,134.5,301.8636
-16.5,135.5,301.8072
-16.5,136.5,301.667
-16.5,137.5,300.97214
-16.5,141.5,302.0348
-16.5,142.5,302.0415
-16.5,143.5,300.97595
-16.5,144.5,299.02127
-16.5,145.5,296.0993
-15.5,-74.5,291.5612
-15.5,-73.5,292.30783
-15.5,-72.5,288.73175
-15.5,-71.5,282.13812
-15.5,-70.5,283.2181
-15.5,-69.5,281.41208
-15.5,-68.5,287.33777
-15.5,-67.5,291.63016
-15.5,-66.5,298.20718
-15.5,-65.5,297.31744
-15.5,-64.5,297.87695
-15.5,-63.5,297.87067
-15.5,-62.5,297.91174
-15.5,-61.5,298.46906
-15.5,-60.5,299.20508
-15.5,-59.5,298.91046
-15.5,-58.5,298.27118
-15.5,-57.5,298.65497
-15.5,-56.5,299.28333
-15.5,-55.5,299.032
-15.5,-54.5,297.78305
-15.5,-53.5,297.74808
-15.5,-52.5,298.9153
-15.5,-51.5,298.80984
-15.5,-50.5,297.9653
-15.5,-49.5,296.21307
-15.5,-48.5,296.4348
-15.5,-47.5,296.65497
-15.5,-46.5,296.73944
-15.5,-45.5,297.3349
-15.5,-44.5,297.27173
-15.5,-43.5,298.28058
-15.5,-42.5,295.9474
-15.5,-41.5,294.8153
-15.5,-40.5,295.83667
-15.5,-39.5,297.07324
-15.5,12.5,300.72626
-15.5,13.5,296.97098
-15.5,14.5,296.2366
-15.5,15.5,296.57657
-15.5,16.5,295.54562
-15.5,17.5,295.2592
-15.5,18.5,295.36963
-15.5,19.5,295.57962
-15.5,20.5,295.5705
-15.5,21.5,296.59625
-15.5,22.5,296.94882
-15.5,23.5,296.5417
-15.5,24.5,296.0219
-15.5,25.5,295.96603
-15.5,26.5,296.37985
-15.5,27.5,295.98105
-15.5,28.5,296.5312
-15.5,29.5,296.82312
-15.5,30.5,297.28503
-15.5,31.5,297.8663
-15.5,32.5,298.26492
-15.5,33.5,297.20868
-15.5,34.5,297.0742
-15.5,35.5,296.2536
-15.5,36.5,296.8071
-15.5,37.5,296.54022
-15.5,38.5,297.74237
-15.5,39.5,299.04718
-15.5,47.5,299.89743
-15.5,48.5,297.1398
-15.5,49.5,294.5175
-15.5,125.5,301.2192
-15.5,126.5,300.75876
-15.5,127.5,301.70776
-15.5,128.5,301.71915
-15.5,129.5,302.61493
-15.5,130.5,301.88324
-15.5,131.5,301.9457
-15.5,132.5,301.37772
-15.5,133.5,301.88586
-15.5,134.5,302.53223
-15.5,135.5,302.00848
-15.5,142.5,301.76685
-15.5,143.5,301.20493
-15.5,144.5,299.69165
-14.5,-75.5,293.55814
-14.5,-74.5,291.1016
-14.5,-73.5,285.34644
-14.5,-72.5,283.2509
-14.5,-71.5,282.3873
-14.5,-70.5,281.3563
-14.5,-69.5,286.0064
-14.5,-68.5,290.84973
-14.5,-67.5,296.0422
-14.5,-66.5,297.75897
-14.5,-65.5,298.37338
-14.5,-64.5,298.5413
-14.5,-63.5,298.17725
-14.5,-62.5,298.35486
-14.5,-61.5,298.63336
-14.5,-60.5,299.13135
-14.5,-59.5,297.90274
-14.5,-58.5,298.02316
-14.5,-57.5,297.87405
-14.5,-56.5,298.98947
-14.5,-55.5,299.07294
-14.5,-54.5,298.0821
-14.5,-53.5,297.98837
-14.5,-52.5,298.80786
-14.5,-51.5,299.4075
-14.5,-50.5,298.84308
-14.5,-49.5,298.40207
-14.5,-48.5,298.46027
-14.5,-47.5,298.03195
-14.5,-46.5,297.78604
-14.5,-45.5,297.79852
-14.5,-44.5,297.7336
-14.5,-43.5,299.79532
-14.5,-42.5,298.03384
-14.5,-41.5,298.44217
-14.5,-40.5,297.31042
-14.5,-39.5,297.16934
-14.5,12.5,298.49152
-14.5,13.5,296.91068
-14.5,14.5,295.79095
-14.5,15.5,295.60757
-14.5,16.5,294.7212
-14.5,17.5,294.36273
-14.5,18.5,294.50638
-14.5,19.5,295.0335
-14.5,20.5,295.265
-14.5,21.5,296.00235
-14.5,22.5,297.29553
-14.5,23.5,296.6002
-14.5,24.5,296.01016
-14.5,25.5,296.21072
-14.5,26.5,295.96286
-14.5,27.5,295.8878
-14.5,28.5,295.82297
-14.5,29.5,296.87503
-14.5,30.5,297.4163
-14.5,31.5,297.17133
-14.5,32.5,296.05933
-14.5,33.5,296.3674
-14.5,34.5,296.44217
-14.5,35.5,298.1368
-14.5,36.5,297.55054
-14.5,37.5,297.9148
-14.5,38.5,298.4128
-14.5,39.5,298.80243
-14.5,40.5,299.35535
-14.5,48.5,298.06366
-14.5,49.5,294.83337
-14.5,126.5,301.9041
-14.5,127.5,301.9302
-14.5,130.5,301.0512
-14.5,131.5,301.03583
-14.5,132.5,300.81125
-14.5,133.5,301.56052
-14.5,134.5,302.08905
-14.5,135.5,302.02975
-14.5,142.5,301.1457
-14.5,143.5,300.57037
-14.5,144.5,301.03622
-13.5,-75.5,288.41086
-13.5,-74.5,284.75433
-13.5,-73.5,284.02997
-13.5,-72.5,283.43732
-13.5,-71.5,285.3909
-13.5,-70.5,285.06247
-13.5,-69.5,290.97333
-13.5,-68.5,295.77554
-13.5,-67.5,297.86948
-13.5,-66.5,299.1565
-13.5,-65.5,299.63263
-13.5,-64.5,299.77063
-13.5,-63.5,299.4403
-13.5,-62.5,299.1288
-13.5,-61.5,299.07883
-13.5,-60.5,298.05753
-13.5,-59.5,297.645
-13.5,-58.5,298.09982
-13.5,-57.5,297.9295
-13.5,-56.5,298.1397
-13.5,-55.5,298.08582
-13.5,-54.5,298.04236
-13.5,-53.5,298.40033
-13.5,-52.5,298.7448
-13.5,-51.5,299.3473
-13.5,-50.5,299.2843
-13.5,-49.5,299.39807
-13.5,-48.5,298.6144
-13.5,-47.5,298.59805
-13.5,-46.5,297.70178
-13.5,-45.5,297.58197
-13.5,-44.5,297.78375
-13.5,-43.5,299.50186
-13.5,-42.5,297.85046
-13.5,-41.5,298.5576
-13.5,-40.5,298.6931
-13.5,-39.5,297.2335
-13.5,13.5,298.22018
-13.5,14.5,295.6489
-13.5,15.5,293.74588
-13.5,16.5,293.65903
-13.5,17.5,293.91653
-13.5,18.5,293.69376
-13.5,19.5,294.3486
-13.5,20.5,294.88324
-13.5,21.5,296.2321
-13.5,22.5,297.1443
-13.5,23.5,295.86157
-13.5,24.5,296.14374
-13.5,25.5,295.85526
-13.5,26.5,295.16168
-13.5,27.5,295.55865
-13.5,28.5,295.39456
-13.5,29.5,295.07965
-13.5,30.5,295.05835
-13.5,31.5,296.67368
-13.5,32.5,296.50357
-13.5,33.5,294.9712
-13.5,34.5,296.38324
-13.5,35.5,296.36444
-13.5,36.5,297.38953
-13.5,37.5,298.40353
-13.5,38.5,299.1258
-13.5,39.5,298.93805
-13.5,40.5,299.17453
-13.5,48.5,297.54953
-13.5,49.5,298.77515
-13.5,130.5,301.11948
-13.5,131.5,301.29016
-13.5,132.5,300.78403
-13.5,133.5,300.75522
-13.5,134.5,301.6849
-13.5,135.5,301.76233
-13.5,142.5,300.85208
-13.5,143.5,299.66068
-12.5,-76.5,289.20407
-12.5,-75.5,286.5654
-12.5,-74.5,286.47595
-12.5,-73.5,291.52142
-12.5,-72.5,287.0846
-12.5,-71.5,289.9825
-12.5,-70.5,295.77225
-12.5,-69.5,297.3035
-12.5,-68.5,298.29642
-12.5,-67.5,299.0315
-12.5,-66.5,299.43808
-12.5,-65.5,299.78064
-12.5,-64.5,299.43448
-12.5,-63.5,299.1329
-12.5,-62.5,299.24908
-12.5,-61.5,299.20825
-12.5,-60.5,298.58618
-12.5,-59.5,297.91483
-12.5,-58.5,298.35822
-12.5,-57.5,298.14673
-12.5,-56.5,298.4796
-12.5,-55.5,298.24338
-12.5,-54.5,297.92432
-12.5,-53.5,298.6124
-12.5,-52.5,298.70477
-12.5,-51.5,299.34744
-12.5,-50.5,299.87558
-12.5,-49.5,299.12613
-12.5,-48.5,299.3592
-12.5,-47.5,298.63394
-12.5,-46.5,298.0848
-12.5,-45.5,297.64252
-12.5,-44.5,298.1686
-12.5,-43.5,299.1292
-12.5,-42.5,297.25198
-12.5,-41.5,296.24545
-12.5,-40.5,297.99045
-12.5,-39.5,298.55817
-12.5,-38.5,299.02145
-12.5,13.5,297.04407
-12.5,14.5,296.53766
-12.5,15.5,294.00256
-12.5,16.5,293.8022
-12.5,17.5,294.61026
-12.5,18.5,294.28632
-12.5,19.5,294.25644
-12.5,20.5,295.24976
-12.5,21.5,296.90375
-12.5,22.5,296.49185
-12.5,23.5,295.1116
-12.5,24.5,294.5263
-12.5,25.5,294.9035
-12.5,26.5,294.382
-12.5,27.5,294.9708
-12.5,28.5,295.463
-12.5,29.5,295.67725
-12.5,30.5,294.89532
-12.5,31.5,295.14072
-12.5,32.5,297.3024
-12.5,33.5,295.68512
-12.5,35.5,295.91565
-12.5,36.5,297.7909
-12.5,37.5,298.86774
-12.5,38.5,299.53445
-12.5,39.5,299.26984
-12.5,40.5,299.5336
-12.5,131.5,301.61813
-12.5,132.5,301.4433
-12.5,133.5,301.30322
-12.5,134.5,301.59744
-12.5,135.5,301.50388
-12.5,136.5,301.97223
-12.5,142.5,301.02335
-11.5,-76.5,292.69342
-11.5,-75.5,287.51532
-11.5,-74.5,287.60504
-11.5,-73.5,296.96722
-11.5,-72.5,295.56485
-11.5,-71.5,296.86642
-11.5,-70.5,297.61975
-11.5,-69.5,297.79614
-11.5,-68.5,298.59473
-11.5,-67.5,298.99323
-11.5,-66.5,299.4008
-11.5,-65.5,299.68573
-11.5,-64.5,299.2404
-11.5,-63.5,299.09225
-11.5,-62.5,299.10065
-11.5,-61.5,299.019
-11.5,-60.5,298.683
-11.5,-59.5,298.5505
-11.5,-58.5,298.6975
-11.5,-57.5,298.13528
-11.5,-56.5,297.87256
-11.5,-55.5,298.27582
-11.5,-54.5,298.31647
-11.5,-53.5,298.63132
-11.5,-52.5,298.6896
-11.5,-51.5,299.178
-11.5,-50.5,300.16107
-11.5,-49.5,299.87045
-11.5,-48.5,300.00357
-11.5,-47.5,299.19034
-11.5,-46.5,298.72617
-11.5,-45.5,298.2507
-11.5,-44.5,299.20844
-11.5,-43.5,300.6328
-11.5,-42.5,300.5937
-11.5,-41.5,297.58206
-11.5,-40.5,297.66583
-11.5,-39.5,299.5909
-11.5,-38.5,299.52734
-11.5,-37.5,299.7633
-11.5,14.5,296.31186
-11.5,15.5,293.92142
-11.5,16.5,293.82202
-11.5,17.5,295.1382
-11.5,18.5,294.58533
-11.5,19.5,294.4322
-11.5,20.5,296.01755
-11.5,21.5,296.77155
-11.5,22.5,296.52957
-11.5,23.5,295.17615
-11.5,24.5,294.80984
-11.5,25.5,294.19098
-11.5,26.5,294.2556
-11.5,27.5,295.29474
-11.5,28.5,295.83752
-11.5,29.5,296.31284
-11.5,30.5,296.0118
-11.5,31.5,295.5059
-11.5,32.5,296.14316
-11.5,33.5,295.1702
-11.5,35.5,296.19547
-11.5,36.5,297.79297
-11.5,37.5,299.0942
-11.5,38.5,299.8093
-11.5,39.5,300.83426
-11.5,142.5,301.37704
-10.5,-77.5,290.74203
-10.5,-76.5,283.8792
-10.5,-75.5,294.02408
-10.5,-74.5,296.629
-10.5,-73.5,296.80325
-10.5,-72.5,297.22388
-10.5,-71.5,297.2592
-10.5,-70.5,298.00558
-10.5,-69.5,298.3233
-10.5,-68.5,298.75473
-10.5,-67.5,299.16132
-10.5,-66.5,299.49542
-10.5,-65.5,299.5863
-10.5,-64.5,299.18686
-10.5,-63.5,298.92215
-10.5,-62.5,299.1994
-10.5,-61.5,299.47992
-10.5,-60.5,299.0639
-10.5,-59.5,299.3263
-10.5,-58.5,298.91763
-10.5,-57.5,298.82318
-10.5,-56.5,298.74536
-10.5,-55.5,298.89047
-10.5,-54.5,298.05362
-10.5,-53.5,298.38132
-10.5,-52.5,299.1171
-10.5,-51.5,299.36526
-10.5,-50.5,299.66895
-10.5,-49.5,300.0994
-10.5,-48.5,299.29953
-10.5,-47.5,300.8217
-10.5,-46.5,299.75354
-10.5,-45.5,299.02686
-10.5,-44.5,299.59735
-10.5,-43.5,300.286
-10.5,-42.5,301.48898
-10.5,-41.5,301.2963
-10.5,-40.5,299.53647
-10.5,-39.5,299.65778
-10.5,-38.5,299.97818
-10.5,-37.5,300.1094
-10.5,14.5,298.06512
-10.5,15.5,295.5347
-10.5,16.5,295.67084
-10.5,17.5,296.5149
-10.5,18.5,295.35382
-10.5,19.5,295.6494
-10.5,20.5,296.35367
-10.5,21.5,296.52603
-10.5,22.5,297.174
-10.5,23.5,296.05862
-10.5,24.5,295.77283
-10.5,25.5,295.16983
-10.5,26.5,295.05316
-10.5,27.5,295.30725
-10.5,28.5,295.4309
-10.5,29.5,295.56735
-10.5,30.5,295.6763
-10.5,31.5,295.3752
-10.5,32.5,296.32944
-10.5,33.5,295.01035
-10.5,34.5,295.01306
-10.5,35.5,295.84897
-10.5,36.5,296.90768
-10.5,37.5,297.92142
-10.5,38.5,299.15018
-10.5,39.5,298.40726
-9.5,-77.5,289.45547
-9.5,-76.5,291.30533
-9.5,-75.5,292.61478
-9.5,-74.5,298.55923
-9.5,-73.5,297.8663
-9.5,-72.5,297.76196
-9.5,-71.5,298.19543
-9.5,-70.5,298.3175
-9.5,-69.5,298.8137
-9.5,-68.5,299.14062
-9.5,-67.5,299.27585
-9.5,-66.5,299.511
-9.5,-65.5,299.8983
-9.5,-64.5,299.39874
-9.5,-63.5,299.4577
-9.5,-62.5,299.6092
-9.5,-61.5,299.3284
-9.5,-60.5,299.5566
-9.5,-59.5,299.2061
-9.5,-58.5,298.9336
-9.5,-57.5,299.07126
-9.5,-56.5,298.5452
-9.5,-55.5,298.14078
-9.5,-54.5,298.12747
-9.5,-53.5,298.1936
-9.5,-52.5,298.2092
-9.5,-51.5,298.31686
-9.5,-50.5,298.89212
-9.5,-49.5,300.1751
-9.5,-48.5,299.7011
-9.5,-47.5,300.52783
-9.5,-46.5,299.8336
-9.5,-45.5,299.5682
-9.5,-44.5,299.35898
-9.5,-43.5,300.02322
-9.5,-42.5,301.1854
-9.5,-41.5,300.94485
-9.5,-40.5,300.90683
-9.5,-39.5,300.99753
-9.5,-38.5,300.62225
-9.5,-37.5,300.4191
-9.5,-36.5,299.06808
-9.5,13.5,300.80292
-9.5,14.5,298.67386
-9.5,15.5,297.37796
-9.5,16.5,296.96463
-9.5,17.5,297.48624
-9.5,18.5,296.9281
-9.5,19.5,296.32733
-9.5,20.5,297.20877
-9.5,21.5,297.4309
-9.5,22.5,297.2209
-9.5,23.5,296.73022
-9.5,24.5,296.9244
-9.5,25.5,297.18665
-9.5,26.5,298.50027
-9.5,27.5,296.42664
-9.5,28.5,295.90704
-9.5,29.5,296.04736
-9.5,30.5,295.5456
-9.5,31.5,294.73065
-9.5,32.5,294.96545
-9.5,33.5,293.29675
-9.5,34.5,294.8867
-9.5,35.5,294.20538
-9.5,36.5,296.8456
-9.5,37.5,298.36758
-9.5,38.5,299.35678
-9.5,39.5,299.02942
-9.5,124.5,299.65894
-9.5,147.5,296.6918
-9.5,148.5,295.1464
-8.5,-78.5,291.1611
-8.5,-77.5,285.298
-8.5,-76.5,287.8881
-8.5,-75.5,295.75485
-8.5,-74.5,298.348
-8.5,-73.5,298.5348
-8.5,-72.5,298.4855
-8.5,-71.5,298.50635
-8.5,-70.5,298.65314
-8.5,-69.5,298.72107
-8.5,-68.5,299.17526
-8.5,-67.5,299.39978
-8.5,-66.5,299.6741
-8.5,-65.5,299.8067
-8.5,-64.5,299.76904
-8.5,-63.5,299.81915
-8.5,-62.5,299.74115
-8.5,-61.5,299.98108
-8.5,-60.5,299.70276
-8.5,-59.5,299.6749
-8.5,-58.5,299.85226
-8.5,-57.5,299.01184
-8.5,-56.5,298.79483
-8.5,-55.5,298.17178
-8.5,-54.5,298.03586
-8.5,-53.5,298.14658
-8.5,-52.5,298.51404
-8.5,-51.5,298.14514
-8.5,-50.5,298.1853
-8.5,-49.5,300.36734
-8.5,-48.5,300.3996
-8.5,-47.5,300.244
-8.5,-46.5,299.33087
-8.5,-45.5,300.04825
-8.5,-44.5,300.27444
-8.5,-43.5,301.0284
-8.5,-42.5,301.6388
-8.5,-41.5,301.59592
-8.5,-40.5,300.7356
-8.5,-39.5,301.43054
-8.5,-38.5,300.97223
-8.5,-37.5,299.5265
-8.5,-36.5,297.9747
-8.5,-35.5,298.62646
-8.5,13.5,299.93405
-8.5,14.5,298.41626
-8.5,15.5,297.8733
-8.5,16.5,297.54434
-8.5,17.5,298.9637
-8.5,18.5,297.42957
-8.5,19.5,296.71973
-8.5,20.5,297.81802
-8.5,21.5,298.26123
-8.5,22.5,296.80508
-8.5,23.5,297.47437
-8.5,24.5,297.69467
-8.5,25.5,298.3222
-8.5,26.5,298.058
-8.5,27.5,296.4219
-8.5,28.5,296.49658
-8.5,29.5,296.4331
-8.5,30.5,296.38562
-8.5,31.5,295.803
-8.5,32.5,296.6738
-8.5,33.5,296.08624
-8.5,34.5,294.62177
-8.5,35.5,294.73245
-8.5,36.5,296.46143
-8.5,37.5,298.90887
-8.5,38.5,298.99872
-8.5,117.5,298.302
-8.5,120.5,300.47028
-8.5,140.5,300.76624
-8.5,141.5,300.12582
-8.5,142.5,299.35904
-8.5,146.5,296.45706
-8.5,147.5,297.32904
-7.5,-79.5,294.04703
-7.5,-78.5,290.86722
-7.5,-77.5,293.44568
-7.5,-76.5,294.9551
-7.5,-75.5,297.53848
-7.5,-74.5,298.6144
-7.5,-73.5,298.2908
-7.5,-72.5,298.60046
-7.5,-71.5,298.72516
-7.5,-70.5,298.8283
-7.5,-69.5,299.04004
-7.5,-68.5,299.21436
-7.5,-67.5,299.5955
-7.5,-66.5,299.65018
-7.5,-65.5,299.78778
-7.5,-64.5,299.84558
-7.5,-63.5,299.91785
-7.5,-62.5,299.96777
-7.5,-61.5,299.8333
-7.5,-60.5,299.7802
-7.5,-59.5,300.0603
-7.5,-58.5,300.12427
-7.5,-57.5,299.55756
-7.5,-56.5,298.69427
-7.5,-55.5,298.25668
-7.5,-54.5,298.52652
-7.5,-53.5,297.88657
-7.5,-52.5,298.4121
-7.5,-51.5,298.57275
-7.5,-50.5,298.76443
-7.5,-49.5,299.42935
-7.5,-48.5,300.41205
-7.5,-47.5,300.31705
-7.5,-46.5,299.931
-7.5,-45.5,300.21478
-7.5,-44.5,300.4571
-7.5,-43.5,301.20007
-7.5,-42.5,301.4582
-7.5,-41.5,301.99957
-7.5,-40.5,300.57425
-7.5,-39.5,300.4222
-7.5,-38.5,300.87527
-7.5,-37.5,300.8365
-7.5,-36.5,299.07327
-7.5,-35.5,299.3217
-7.5,13.5,299.2485
-7.5,14.5,297.51578
-7.5,15.5,297.68274
-7.5,16.5,298.4725
-7.5,17.5,299.43802
-7.5,18.5,297.78992
-7.5,19.5,297.83673
-7.5,20.5,298.42712
-7.5,21.5,299.1835
-7.5,22.5,297.89963
-7.5,23.5,297.9716
-7.5,24.5,298.50024
-7.5,25.5,298.86298
-7.5,26.5,299.01697
-7.5,27.5,299.21057
-7.5,28.5,297.85745
-7.5,29.5,295.34088
-7.5,30.5,294.48904
-7.5,31.5,294.53232
-7.5,32.5,297.9824
-7.5,33.5,296.33188
-7.5,34.5,297.29474
-7.5,35.5,295.74646
-7.5,36.5,294.8663
-7.5,37.5,298.20508
-7.5,38.5,299.94702
-7.5,107.5,295.41452
-7.5,108.5,298.09186
-7.5,109.5,297.6865
-7.5,110.5,300.8193
-7.5,111.5,298.70602
-7.5,112.5,298.6694
-7.5,138.5,300.2914
-7.5,139.5,299.82355
-7.5,140.5,299.55032
-7.5,141.5,299.1546
-7.5,142.5,298.87057
-7.5,143.5,298.12247
-7.5,144.5,297.94135
-7.5,145.5,295.4794
-7.5,146.5,295.32803
-6.5,-79.5,294.2443
-6.5,-78.5,291.52396
-6.5,-77.5,290.18518
-6.5,-76.5,295.45197
-6.5,-75.5,297.7113
-6.5,-74.5,298.8848
-6.5,-73.5,298.5869
-6.5,-72.5,298.61133
-6.5,-71.5,298.80884
-6.5,-70.5,299.14682
-6.5,-69.5,299.19867
-6.5,-68.5,299.4198
-6.5,-67.5,299.53442
-6.5,-66.5,299.61826
-6.5,-65.5,299.72995
-6.5,-64.5,299.93756
-6.5,-63.5,299.8912
-6.5,-62.5,299.98672
-6.5,-61.5,300.0562
-6.5,-60.5,299.87573
-6.5,-59.5,299.7181
-6.5,-58.5,300.2817
-6.5,-57.5,299.4669
-6.5,-56.5,299.34045
-6.5,-55.5,298.73578
-6.5,-54.5,299.05914
-6.5,-53.5,298.72937
-6.5,-52.5,298.39386
-6.5,-51.5,298.52744
-6.5,-50.5,298.32867
-6.5,-49.5,299.21942
-6.5,-48.5,299.72504
-6.5,-47.5,300.03555
-6.5,-46.5,299.71143
-6.5,-45.5,300.2912
-6.5,-44.5,300.21747
-6.5,-43.5,301.11368
-6.5,-42.5,301.5139
-6.5,-41.5,301.17773
-6.5,-40.5,300.61002
-6.5,-39.5,300.24872
-6.5,-38.5,302.16217
-6.5,-37.5,302.20724
-6.5,-36.5,301.00217
-6.5,-35.5,299.8696
-6.5,13.5,299.86337
-6.5,14.5,298.38004
-6.5,15.5,297.54593
-6.5,16.5,298.51743
-6.5,17.5,297.852
-6.5,18.5,298.09467
-6.5,19.5,298.79977
-6.5,20.5,299.51688
-6.5,21.5,298.3091
-6.5,22.5,298.63242
-6.5,23.5,298.8117
-6.5,24.5,299.65787
-6.5,25.5,299.23282
-6.5,26.5,299.4867
-6.5,27.5,299.77255
-6.5,28.5,297.88947
-6.5,29.5,295.3028
-6.5,30.5,296.78207
-6.5,31.5,297.0772
-6.5,32.5,297.85556
-6.5,33.5,296.73633
-6.5,34.5,296.62503
-6.5,35.5,298.33875
-6.5,36.5,295.41177
-6.5,37.5,296.2652
-6.5,38.5,299.2234
-6.5,106.5,299.21255
-6.5,107.5,298.0945
-6.5,139.5,298.9615
-6.5,140.5,299.04385
-6.5,141.5,298.7255
-6.5,142.5,295.92267
-6.5,143.5,292.10602
-6.5,144.5,291.95474
-6.5,145.5,294.11487
-6.5,146.5,290.10373
-6.5,147.5,296.43204
-5.5,-80.5,299.6203
-5.5,-79.5,296.59335
-5.5,-78.5,292.1074
-5.5,-77.5,295.08105
-5.5,-76.5,297.30054
-5.5,-75.5,298.71695
-5.5,-74.5,299.112
-5.5,-73.5,299.0644
-5.5,-72.5,299.1058
-5.5,-71.5,299.02673
-5.5,-70.5,299.0793
-5.5,-69.5,299.27466
-5.5,-68.5,299.39752
-5.5,-67.5,299.52908
-5.5,-66.5,299.5717
-5.5,-65.5,299.66998
-5.5,-64.5,299.93616
-5.5,-63.5,300.10422
-5.5,-62.5,300.01575
-5.5,-61.5,300.02457
-5.5,-60.5,299.95276
-5.5,-59.5,299.83353
-5.5,-58.5,299.70474
-5.5,-57.5,299.68564
-5.5,-56.5,299.76926
-5.5,-55.5,298.96024
-5.5,-54.5,298.7702
-5.5,-53.5,299.01373
-5.5,-52.5,298.91095
-5.5,-51.5,298.33295
-5.5,-50.5,298.42767
-5.5,-49.5,299.45157
-5.5,-48.5,299.66522
-5.5,-47.5,299.3855
-5.5,-46.5,299.59543
-5.5,-45.5,299.8707
-5.5,-44.5,299.75293
-5.5,-43.5,300.37668
-5.5,-42.5,301.2218
-5.5,-41.5,301.41208
-5.5,-40.5,300.33493
-5.5,-39.5,300.723
-5.5,-38.5,302.65472
-5.5,-37.5,302.80576
-5.5,-36.5,302.12012
-5.5,-35.5,301.12192
-5.5,12.5,299.43698
-5.5,13.5,299.10587
-5.5,14.5,298.6911
-5.5,15.5,298.56082
-5.5,16.5,298.82043
-5.5,17.5,298.7706
-5.5,18.5,299.10577
-5.5,19.5,299.8991
-5.5,20.5,299.69962
-5.5,21.5,298.4677
-5.5,22.5,298.65668
-5.5,23.5,298.80963
-5.5,24.5,299.57306
-5.5,25.5,299.85437
-5.5,26.5,299.8793
-5.5,27.5,299.26263
-5.5,28.5,297.2411
-5.5,30.5,297.2261
-5.5,31.5,298.29742
-5.5,32.5,297.87955
-5.5,33.5,297.37213
-5.5,34.5,296.81232
-5.5,35.5,296.48373
-5.5,36.5,295.94864
-5.5,37.5,296.5003
-5.5,38.5,298.0039
-5.5,104.5,298.367
-5.5,105.5,299.7077
-5.5,138.5,298.97733
-5.5,139.5,298.57654
-5.5,140.5,296.12265
-5.5,141.5,293.84592
-5.5,142.5,294.1253
-5.5,143.5,292.06488
-5.5,144.5,291.43488
-5.5,145.5,294.87592
-5.5,150.5,298.0701
-5.5,151.5,297.69556
-4.5,-80.5,298.69308
-4.5,-79.5,292.0847
-4.5,-78.5,291.35236
-4.5,-77.5,296.85657
-4.5,-76.5,298.5115
-4.5,-75.5,298.8364
-4.5,-74.5,298.9686
-4.5,-73.5,299.09726
-4.5,-72.5,299.06177
-4.5,-71.5,299.12714
-4.5,-70.5,299.12766
-4.5,-69.5,299.32376
-4.5,-68.5,299.46387
-4.5,-67.5,299.5978
-4.5,-66.5,299.61542
-4.5,-65.5,299.60602
-4.5,-64.5,299.8647
-4.5,-63.5,300.07584
-4.5,-62.5,300.17874
-4.5,-61.5,300.12668
-4.5,-60.5,300.0374
-4.5,-59.5,299.84525
-4.5,-58.5,299.88647
-4.5,-57.5,299.79443
-4.5,-56.5,299.89316
-4.5,-55.5,299.09814
-4.5,-54.5,299.2853
-4.5,-53.5,299.4679
-4.5,-52.5,299.39438
-4.5,-51.5,298.982
-4.5,-50.5,299.0037
-4.5,-49.5,299.68777
-4.5,-48.5,299.26727
-4.5,-47.5,298.94757
-4.5,-46.5,298.92523
-4.5,-45.5,299.8992
-4.5,-44.5,300.17914
-4.5,-43.5,300.3407
-4.5,-42.5,301.58203
-4.5,-41.5,302.37375
-4.5,-40.5,300.02682
-4.5,-39.5,301.27548
-4.5,-38.5,301.3296
-4.5,12.5,298.74915
-4.5,13.5,299.15414
-4.5,14.5,300.04306
-4.5,15.5,299.21228
-4.5,16.5,299.44202
-4.5,17.5,300.35138
-4.5,18.5,299.9691
-4.5,19.5,299.64877
-4.5,20.5,299.1106
-4.5,21.5,298.88956
-4.5,22.5,298.89822
-4.5,23.5,298.93054
-4.5,24.5,299.72742
-4.5,25.5,299.2768
-4.5,26.5,298.92184
-4.5,27.5,297.12537
-4.5,28.5,295.51086
-4.5,29.5,294.18964
-4.5,30.5,296.77402
-4.5,31.5,297.378
-4.5,32.5,297.79282
-4.5,33.5,298.75354
-4.5,34.5,297.64307
-4.5,35.5,294.91022
-4.5,36.5,295.99915
-4.5,37.5,296.34296
-4.5,38.5,297.55353
-4.5,103.5,298.7535
-4.5,104.5,298.88776
-4.5,105.5,300.27905
-4.5,122.5,299.5613
-4.5,136.5,294.00153
-4.5,137.5,291.85336
-4.5,138.5,292.23843
-4.5,139.5,295.52682
-4.5,140.5,294.7974
-4.5,141.5,294.72913
-4.5,142.5,296.50015
-4.5,143.5,297.33212
-4.5,144.5,298.35855
-3.5,-79.5,296.90387
-3.5,-78.5,289.7942
-3.5,-77.5,296.48904
-3.5,-76.5,298.20517
-3.5,-75.5,298.5452
-3.5,-74.5,298.84116
-3.5,-73.5,298.97708
-3.5,-72.5,299.0641
-3.5,-71.5,298.97632
-3.5,-70.5,298.97324
-3.5,-69.5,299.22955
-3.5,-68.5,299.45642
-3.5,-67.5,299.54327
-3.5,-66.5,299.5938
-3.5,-65.5,299.71237
-3.5,-64.5,300.03925
-3.5,-63.5,300.06586
-3.5,-62.5,300.0325
-3.5,-61.5,300.07935
-3.5,-60.5,300.23135
-3.5,-59.5,300.16782
-3.5,-58.5,300.11188
-3.5,-57.5,299.9336
-3.5,-56.5,299.69388
-3.5,-55.5,300.0103
-3.5,-54.5,299.64865
-3.5,-53.5,299.70538
-3.5,-52.5,299.78247
-3.5,-51.5,299.68265
-3.5,-50.5,299.7006
-3.5,-49.5,299.76636
-3.5,-48.5,299.66324
-3.5,-47.5,300.0799
-3.5,-46.5,299.686
-3.5,-45.5,300.2388
-3.5,-44.5,300.38242
-3.5,-43.5,300.38293
-3.5,-42.5,301.17322
-3.5,-41.5,301.57513
-3.5,-40.5,301.49185
-3.5,-39.5,301.32172
-3.5,11.5,298.3537
-3.5,12.5,298.23767
-3.5,13.5,298.18677
-3.5,14.5,298.80383
-3.5,15.5,299.50787
-3.5,16.5,300.69223
-3.5,17.5,301.03915
-3.5,18.5,300.74203
-3.5,19.5,299.47275
-3.5,20.5,299.17532
-3.5,21.5,299.01993
-3.5,22.5,298.54904
-3.5,23.5,298.0579
-3.5,24.5,298.92746
-3.5,25.5,298.68655
-3.5,26.5,297.74734
-3.5,27.5,295.68088
-3.5,28.5,290.7322
-3.5,29.5,295.0858
-3.5,30.5,294.13965
-3.5,31.5,296.65277
-3.5,32.5,297.44107
-3.5,33.5,298.2901
-3.5,34.5,297.90927
-3.5,35.5,294.6499
-3.5,36.5,296.0184
-3.5,37.5,294.964
-3.5,38.5,299.37668
-3.5,39.5,300.60602
-3.5,102.5,299.12735
-3.5,103.5,298.5542
-3.5,104.5,300.03137
-3.5,105.5,300.17172
-3.5,114.5,300.14886
-3.5,115.5,299.79913
-3.5,119.5,297.42978
-3.5,121.5,298.30893
-3.5,126.5,300.52124
-3.5,133.5,297.72327
-3.5,134.5,298.00424
-3.5,135.5,294.0989
-3.5,136.5,295.44275
-3.5,137.5,291.40576
-3.5,138.5,294.3538
-3.5,139.5,294.52097
-3.5,140.5,296.47543
-3.5,141.5,297.6743
-3.5,142.5,299.25546
-3.5,143.5,299.09827
-2.5,-79.5,290.45273
-2.5,-78.5,290.3616
-2.5,-77.5,295.49014
-2.5,-76.5,297.82538
-2.5,-75.5,298.30325
-2.5,-74.5,298.64105
-2.5,-73.5,298.91162
-2.5,-72.5,298.97223
-2.5,-71.5,298.9721
-2.5,-70.5,299.0771
-2.5,-69.5,299.1698
-2.5,-68.5,299.34857
-2.5,-67.5,299.478
-2.5,-66.5,299.7296
-2.5,-65.5,299.81592
-2.5,-64.5,299.86505
-2.5,-63.5,299.86526
-2.5,-62.5,299.92404
-2.5,-61.5,299.94983
-2.5,-60.5,299.92734
-2.5,-59.5,299.57816
-2.5,-58.5,300.04364
-2.5,-57.5,300.02206
-2.5,-56.5,300.13602
-2.5,-55.5,300.45786
-2.5,-54.5,300.66364
-2.5,-53.5,300.1576
-2.5,-52.5,299.95068
-2.5,-51.5,299.99695
-2.5,-50.5,300.0277
-2.5,-49.5,299.94144
-2.5,-48.5,299.53186
-2.5,-47.5,299.5848
-2.5,-46.5,299.22955
-2.5,-45.5,299.5545
-2.5,-44.5,300.25238
-2.5,-43.5,300.81616
-2.5,10.5,298.37207
-2.5,11.5,298.1423
-2.5,12.5,297.06793
-2.5,13.5,297.40744
-2.5,14.5,299.22345
-2.5,15.5,299.81708
-2.5,16.5,300.54388
-2.5,17.5,300.47385
-2.5,18.5,299.8653
-2.5,19.5,299.59808
-2.5,20.5,299.20358
-2.5,21.5,298.67166
-2.5,22.5,298.81192
-2.5,23.5,298.16165
-2.5,24.5,298.59256
-2.5,25.5,298.2671
-2.5,26.5,297.62323
-2.5,27.5,296.1022
-2.5,28.5,293.68185
-2.5,29.5,295.22116
-2.5,30.5,294.68494
-2.5,31.5,296.2426
-2.5,32.5,295.57114
-2.5,33.5,296.8999
-2.5,34.5,296.43228
-2.5,35.5,296.0161
-2.5,36.5,299.55078
-2.5,37.5,295.7736
-2.5,38.5,299.79678
-2.5,39.5,301.61588
-2.5,40.5,301.50314
-2.5,101.5,297.9973
-2.5,102.5,297.4787
-2.5,103.5,299.65
-2.5,104.5,300.07733
-2.5,105.5,300.1711
-2.5,110.5,300.3012
-2.5,111.5,299.64935
-2.5,112.5,299.99146
-2.5,113.5,300.8838
-2.5,114.5,300.25897
-2.5,115.5,299.0767
-2.5,119.5,294.02756
-2.5,120.5,297.0741
-2.5,121.5,299.55637
-2.5,133.5,298.9415
-2.5,136.5,298.01718
-2.5,137.5,297.69318
-2.5,138.5,299.66086
-2.5,139.5,297.47705
-2.5,140.5,299.5686
-1.5,-80.5,299.243
-1.5,-79.5,294.3796
-1.5,-78.5,287.42294
-1.5,-77.5,294.98538
-1.5,-76.5,297.6984
-1.5,-75.5,298.1205
-1.5,-74.5,298.48828
-1.5,-73.5,298.74893
-1.5,-72.5,298.8321
-1.5,-71.5,298.89313
-1.5,-70.5,299.1246
-1.5,-69.5,299.14578
-1.5,-68.5,299.27737
-1.5,-67.5,299.2523
-1.5,-66.5,299.35724
-1.5,-65.5,299.62973
-1.5,-64.5,299.71042
-1.5,-63.5,299.83066
-1.5,-62.5,299.99173
-1.5,-61.5,299.84116
-1.5,-60.5,299.4625
-1.5,-59.5,299.48212
-1.5,-58.5,299.51852
-1.5,-57.5,299.65298
-1.5,-56.5,299.87692
-1.5,-55.5,299.73306
-1.5,-54.5,299.51508
-1.5,-53.5,299.82803
-1.5,-52.5,300.24576
-1.5,-51.5,299.93777
-1.5,-50.5,299.59927
-1.5,-49.5,300.12436
-1.5,-48.5,299.55338
-1.5,-47.5,299.00058
-1.5,-46.5,299.10916
-1.5,-45.5,299.72452
-1.5,9.5,299.33664
-1.5,10.5,298.9496
-1.5,11.5,297.4093
-1.5,12.5,297.23404
-1.5,13.5,298.39664
-1.5,14.5,300.09467
-1.5,15.5,300.40936
-1.5,16.5,300.25934
-1.5,17.5,300.20758
-1.5,18.5,299.71286
-1.5,19.5,299.31192
-1.5,20.5,298.9981
-1.5,21.5,299.15515
-1.5,22.5,299.02954
-1.5,23.5,298.88055
-1.5,24.5,298.58618
-1.5,25.5,298.47757
-1.5,26.5,296.86542
-1.5,27.5,296.07864
-1.5,28.5,292.70215
-1.5,29.5,295.42337
-1.5,30.5,293.64734
-1.5,31.5,294.55267
-1.5,34.5,294.67673
-1.5,35.5,294.28427
-1.5,36.5,295.70135
-1.5,37.5,295.2591
-1.5,38.5,299.59586
-1.5,39.5,302.38275
-1.5,40.5,301.87784
-1.5,41.5,301.8534
-1.5,101.5,295.77203
-1.5,102.5,299.03085
-1.5,103.5,299.6449
-1.5,110.5,299.76508
-1.5,111.5,298.96765
-1.5,112.5,299.08755
-1.5,113.5,300.18088
-1.5,114.5,300.73224
-1.5,115.5,299.86713
-1.5,116.5,298.9176
-1.5,119.5,296.08142
-1.5,120.5,298.0805
-1.5,121.5,300.56955
-1.5,132.5,297.81235
-1.5,133.5,295.58765
-0.5,-79.5,294.88986
-0.5,-78.5,289.02365
-0.5,-77.5,292.8795
-0.5,-76.5,297.32175
-0.5,-75.5,298.0282
-0.5,-74.5,298.53436
-0.5,-73.5,298.68185
-0.5,-72.5,298.79095
-0.5,-71.5,298.96066
-0.5,-70.5,298.89713
-0.5,-69.5,299.27463
-0.5,-68.5,298.99368
-0.5,-67.5,299.08093
-0.5,-66.5,299.1155
-0.5,-65.5,299.5182
-0.5,-64.5,299.67538
-0.5,-63.5,300.0098
-0.5,-62.5,299.8952
-0.5,-61.5,299.60556
-0.5,-60.5,299.2137
-0.5,-59.5,299.1676
-0.5,-58.5,299.428
-0.5,-57.5,299.22922
-0.5,-56.5,298.8944
-0.5,-55.5,298.64517
-0.5,-54.5,298.93686
-0.5,-53.5,298.6564
-0.5,-52.5,299.04095
-0.5,-51.5,299.96652
-0.5,-50.5,299.5309
-0.5,-49.5,299.5879
-0.5,9.5,299.89368
-0.5,10.5,299.27246
-0.5,11.5,298.9129
-0.5,12.5,298.86786
-0.5,13.5,298.6997
-0.5,14.5,298.98688
-0.5,15.5,299.6442
-0.5,16.5,299.63385
-0.5,17.5,299.60602
-0.5,18.5,299.3565
-0.5,19.5,299.21484
-0.5,20.5,299.25992
-0.5,21.5,299.03394
-0.5,22.5,299.14825
-0.5,23.5,298.73676
-0.5,24.5,298.72574
-0.5,25.5,298.36465
-0.5,26.5,297.2069
-0.5,27.5,296.16107
-0.5,28.5,294.89975
-0.5,29.5,290.88202
-0.5,30.5,295.1389
-0.5,31.5,294.49524
-0.5,34.5,294.42654
-0.5,35.5,293.27335
-0.5,36.5,292.67517
-0.5,37.5,294.09146
-0.5,38.5,301.09644
-0.5,39.5,302.83008
-0.5,40.5,302.80756
-0.5,41.5,302.32846
-0.5,100.5,298.4333
-0.5,101.5,298.82996
-0.5,102.5,299.48544
-0.5,103.5,299.67316
-0.5,109.5,300.04626
-0.5,110.5,299.48047
-0.5,111.5,298.86136
-0.5,112.5,298.47763
-0.5,113.5,298.49753
-0.5,114.5,299.88657
-0.5,115.5,299.00412
-0.5,116.5,299.44205
-0.5,132.5,297.8952
0.5,-79.5,297.5438
0.5,-78.5,294.60376
0.5,-77.5,288.56042
0.5,-76.5,295.41504
0.5,-75.5,297.6475
0.5,-74.5,298.31454
0.5,-73.5,297.71497
0.5,-72.5,297.7808
0.5,-71.5,298.37167
0.5,-70.5,298.5608
0.5,-69.5,298.99405
0.5,-68.5,299.29803
0.5,-67.5,299.3565
0.5,-66.5,298.2432
0.5,-65.5,297.8435
0.5,-64.5,299.02063
0.5,-63.5,299.55954
0.5,-62.5,300.09973
0.5,-61.5,299.93097
0.5,-60.5,299.15317
0.5,-59.5,298.85876
0.5,-58.5,298.60022
0.5,-57.5,298.7836
0.5,-56.5,298.80203
0.5,-55.5,298.58392
0.5,-54.5,298.19406
0.5,-53.5,298.90167
0.5,-52.5,299.4789
0.5,-51.5,299.78714
0.5,-50.5,300.07245
0.5,9.5,300.15314
0.5,10.5,299.21298
0.5,11.5,298.39908
0.5,12.5,298.69754
0.5,13.5,297.99362
0.5,14.5,298.4514
0.5,15.5,299.43298
0.5,16.5,299.71014
0.5,17.5,299.6409
0.5,18.5,299.31714
0.5,19.5,299.3806
0.5,20.5,299.26498
0.5,21.5,299.10544
0.5,22.5,299.19336
0.5,23.5,299.20242
0.5,24.5,298.90317
0.5,25.5,298.52783
0.5,26.5,297.85953
0.5,27.5,296.82477
0.5,28.5,296.08026
0.5,29.5,293.46408
0.5,30.5,295.2333
0.5,31.5,295.36832
0.5,32.5,295.32077
0.5,33.5,295.96133
0.5,34.5,293.19537
0.5,35.5,295.55334
0.5,36.5,297.5604
0.5,37.5,296.03128
0.5,38.5,302.4492
0.5,39.5,303.95184
0.5,40.5,303.98386
0.5,41.5,303.4087
0.5,42.5,302.59134
0.5,99.5,298.37106
0.5,100.5,297.65634
0.5,101.5,299.89896
0.5,102.5,300.0331
0.5,109.5,299.67175
0.5,110.5,299.61014
0.5,111.5,299.5837
0.5,112.5,298.88538
0.5,113.5,298.10422
0.5,114.5,298.82986
0.5,115.5,297.16885
0.5,116.5,298.9167
0.5,117.5,299.25815
0.5,121.5,296.7347
0.5,123.5,300.03467
1.5,-78.5,296.6575
1.5,-77.5,291.0514
1.5,-76.5,288.38828
1.5,-75.5,294.12918
1.5,-74.5,297.7265
1.5,-73.5,297.8048
1.5,-72.5,297.48026
1.5,-71.5,298.2932
1.5,-70.5,298.54214
1.5,-69.5,299.0475
1.5,-68.5,299.11118
1.5,-67.5,299.3077
1.5,-66.5,298.4574
1.5,-65.5,297.28036
1.5,-64.5,297.6857
1.5,-63.5,297.76773
1.5,-62.5,298.4823
1.5,-61.5,299.2137
1.5,-60.5,299.4351
1.5,-59.5,298.62955
1.5,-58.5,298.78357
1.5,-57.5,298.58746
1.5,-56.5,298.71497
1.5,-55.5,298.5983
1.5,-54.5,298.5071
1.5,-53.5,298.67926
1.5,-52.5,298.2742
1.5,-51.5,298.9532
1.5,-50.5,299.53214
1.5,10.5,297.93756
1.5,11.5,297.87372
1.5,12.5,298.0549
1.5,13.5,298.10434
1.5,14.5,298.41562
1.5,15.5,299.11017
1.5,16.5,299.63852
1.5,17.5,299.50766
1.5,18.5,299.49966
1.5,19.5,299.38553
1.5,20.5,299.35773
1.5,21.5,299.19092
1.5,22.5,299.1562
1.5,23.5,299.24783
1.5,24.5,299.0102
1.5,25.5,298.69232
1.5,26.5,298.5003
1.5,27.5,297.4835
1.5,28.5,296.21066
1.5,29.5,295.65536
1.5,30.5,295.07092
1.5,31.5,298.24686
1.5,32.5,298.2057
1.5,33.5,298.0801
1.5,34.5,295.8323
1.5,35.5,297.8719
1.5,36.5,301.5001
1.5,37.5,300.62595
1.5,38.5,303.995
1.5,39.5,304.53485
1.5,40.5,304.23315
1.5,41.5,303.90958
1.5,42.5,303.22107
1.5,43.5,302.29477
1.5,44.5,302.0663
1.5,99.5,297.49985
1.5,100.5,299.926
1.5,101.5,300.0062
1.5,103.5,299.97974
1.5,109.5,300.2265
1.5,110.5,298.83514
1.5,111.5,299.15842
1.5,112.5,299.6824
1.5,113.5,297.8321
1.5,114.5,297.11722
1.5,115.5,296.46744
1.5,116.5,297.47604
1.5,117.5,299.77792
2.5,-77.5,293.49155
2.5,-76.5,289.33517
2.5,-75.5,290.34073
2.5,-74.5,294.36276
2.5,-73.5,296.08362
2.5,-72.5,298.09183
2.5,-71.5,298.3502
2.5,-70.5,298.626
2.5,-69.5,298.85437
2.5,-68.5,298.86398
2.5,-67.5,298.99637
2.5,-66.5,298.94394
2.5,-65.5,298.89615
2.5,-64.5,296.853
2.5,-63.5,296.72842
2.5,-62.5,297.87668
2.5,-61.5,299.7063
2.5,-60.5,300.362
2.5,-59.5,300.00555
2.5,-58.5,298.5212
2.5,-57.5,298.437
2.5,-56.5,298.16986
2.5,-55.5,298.09528
2.5,-54.5,298.51807
2.5,-53.5,298.2977
2.5,-52.5,297.8572
2.5,-51.5,298.8493
2.5,10.5,298.00116
2.5,11.5,297.45923
2.5,12.5,297.45
2.5,13.5,297.71484
2.5,14.5,297.9475
2.5,15.5,298.7454
2.5,16.5,299.52924
2.5,17.5,299.5131
2.5,18.5,299.39008
2.5,19.5,299.1472
2.5,20.5,299.1414
2.5,21.5,299.18204
2.5,22.5,299.0861
2.5,23.5,299.0629
2.5,24.5,298.93555
2.5,25.5,298.2186
2.5,26.5,297.98215
2.5,27.5,297.03156
2.5,28.5,296.38174
2.5,29.5,295.69662
2.5,30.5,295.1056
2.5,31.5,297.6287
2.5,32.5,298.37604
2.5,33.5,298.50018
2.5,34.5,299.3442
2.5,35.5,303.99457
2.5,36.5,305.4163
2.5,37.5,303.2046
2.5,38.5,303.16565
2.5,39.5,302.86884
2.5,40.5,302.92563
2.5,41.5,303.0352
2.5,42.5,303.11856
2.5,43.5,302.318
2.5,44.5,302.72815
2.5,45.5,302.60803
2.5,98.5,298.46112
2.5,99.5,296.3803
2.5,102.5,299.7003
2.5,103.5,299.9457
2.5,111.5,299.96805
2.5,112.5,299.3356
2.5,113.5,298.37112
2.5,114.5,295.4983
2.5,115.5,295.9577
2.5,116.5,298.75314
2.5,117.5,299.9484
3.5,-76.5,290.49228
3.5,-75.5,288.61124
3.5,-74.5,294.94962
3.5,-73.5,295.9152
3.5,-72.5,299.15445
3.5,-71.5,298.83426
3.5,-70.5,298.58942
3.5,-69.5,298.89658
3.5,-68.5,299.24365
3.5,-67.5,299.39038
3.5,-66.5,296.8556
3.5,-65.5,298.13934
3.5,-64.5,295.57507
3.5,-63.5,296.71133
3.5,-62.5,297.17264
3.5,-61.5,299.7139
3.5,-60.5,302.58682
3.5,-59.5,300.8067
3.5,-58.5,299.24002
3.5,-57.5,298.7077
3.5,-56.5,298.35962
3.5,-55.5,298.67725
3.5,-54.5,298.63474
3.5,-53.5,298.5262
3.5,-52.5,298.39206
3.5,-51.5,299.15167
3.5,10.5,298.92303
3.5,11.5,296.5178
3.5,12.5,297.36893
3.5,13.5,297.47412
3.5,14.5,297.86557
3.5,15.5,298.42606
3.5,16.5,299.15042
3.5,17.5,299.07227
3.5,18.5,299.78928
3.5,19.5,299.82993
3.5,20.5,299.60437
3.5,21.5,298.6545
3.5,22.5,298.8369
3.5,23.5,298.71167
3.5,24.5,298.71713
3.5,25.5,298.18185
3.5,26.5,298.46747
3.5,27.5,298.19797
3.5,28.5,298.19852
3.5,29.5,298.14322
3.5,30.5,298.15536
3.5,31.5,299.33536
3.5,32.5,298.308
3.5,33.5,298.6364
3.5,34.5,300.41455
3.5,35.5,304.63516
3.5,36.5,306.27982
3.5,37.5,304.21027
3.5,38.5,299.5283
3.5,39.5,300.2032
3.5,40.5,301.29282
3.5,41.5,303.169
3.5,42.5,304.11374
3.5,43.5,302.19077
3.5,44.5,302.25534
3.5,45.5,303.02515
3.5,46.5,302.59885
3.5,97.5,299.4122
3.5,98.5,297.19888
3.5,101.5,298.79932
3.5,102.5,298.91574
3.5,113.5,299.1743
3.5,114.5,297.2876
3.5,115.5,296.9635
3.5,116.5,297.64874
3.5,117.5,299.81738
4.5,-76.5,295.2433
4.5,-75.5,294.64243
4.5,-74.5,289.9226
4.5,-73.5,293.77972
4.5,-72.5,298.73813
4.5,-71.5,300.3056
4.5,-70.5,299.88867
4.5,-69.5,299.33228
4.5,-68.5,299.53925
4.5,-67.5,296.15524
4.5,-66.5,294.1817
4.5,-65.5,293.57602
4.5,-64.5,296.5968
4.5,-63.5,297.57782
4.5,-62.5,297.49686
4.5,-61.5,298.14954
4.5,-60.5,299.53766
4.5,-59.5,298.40714
4.5,-58.5,298.9423
4.5,-57.5,299.35284
4.5,-56.5,298.8219
4.5,-55.5,299.3174
4.5,-54.5,299.0514
4.5,-53.5,298.73822
4.5,-52.5,298.7885
4.5,-7.5,299.10837
4.5,6.5,299.5033
4.5,7.5,299.60614
4.5,9.5,296.94098
4.5,10.5,297.89725
4.5,11.5,298.23328
4.5,12.5,297.465
4.5,13.5,297.64243
4.5,14.5,298.38202
4.5,15.5,299.28165
4.5,16.5,299.3137
4.5,17.5,299.95102
4.5,18.5,300.45078
4.5,19.5,300.4689
4.5,20.5,300.26495
4.5,21.5,300.16602
4.5,22.5,299.21402
4.5,23.5,298.7662
4.5,24.5,299.08176
4.5,25.5,299.05502
4.5,26.5,299.6613
4.5,27.5,299.59326
4.5,28.5,299.70978
4.5,29.5,299.5276
4.5,30.5,299.18317
4.5,31.5,300.32764
4.5,32.5,299.5243
4.5,33.5,301.35928
4.5,34.5,303.72794
4.5,35.5,304.73047
4.5,36.5,304.25604
4.5,37.5,299.7546
4.5,38.5,296.69327
4.5,39.5,298.25095
4.5,40.5,299.4401
4.5,41.5,303.17178
4.5,42.5,304.8649
4.5,43.5,302.96375
4.5,44.5,303.10446
4.5,45.5,303.85898
4.5,46.5,303.6682
4.5,47.5,303.09595
4.5,96.5,297.1475
4.5,97.5,296.96527
4.5,101.5,301.2628
4.5,102.5,298.13394
4.5,114.5,299.1415
4.5,115.5,298.51196
4.5,116.5,296.77676
4.5,117.5,298.2179
5.5,-76.5,291.01285
5.5,-75.5,291.5538
5.5,-74.5,293.65216
5.5,-73.5,290.4889
5.5,-72.5,292.68985
5.5,-71.5,299.27228
5.5,-70.5,300.15506
5.5,-69.5,300.6459
5.5,-68.5,300.93704
5.5,-67.5,295.42712
5.5,-66.5,293.37692
5.5,-65.5,294.28955
5.5,-64.5,294.1954
5.5,-63.5,295.3115
5.5,-62.5,295.97333
5.5,-61.5,294.57962
5.5,-60.5,294.5263
5.5,-59.5,296.0226
5.5,-58.5,298.3103
5.5,-57.5,299.1802
5.5,-56.5,299.18527
5.5,-55.5,299.10242
5.5,-54.5,298.99283
5.5,-53.5,299.63687
5.5,-9.5,299.45172
5.5,-8.5,298.9375
5.5,-7.5,298.6864
5.5,-6.5,299.08087
5.5,-5.5,299.51492
5.5,-4.5,299.81143
5.5,-3.5,299.78778
5.5,-2.5,299.67645
5.5,-1.5,299.83325
5.5,-0.5,300.27344
5.5,5.5,300.39456
5.5,6.5,300.3282
5.5,7.5,301.1245
5.5,8.5,299.6213
5.5,9.5,296.21194
5.5,10.5,296.50198
5.5,11.5,298.106
5.5,12.5,297.96158
5.5,13.5,297.76974
5.5,14.5,298.4433
5.5,15.5,299.01883
5.5,16.5,299.21646
5.5,17.5,299.9164
5.5,18.5,301.22012
5.5,19.5,301.4152
5.5,20.5,300.98834
5.5,21.5,300.57346
5.5,22.5,299.81656
5.5,23.5,299.48407
5.5,24.5,300.32437
5.5,25.5,300.55334
5.5,26.5,300.33475
5.5,27.5,300.3676
5.5,28.5,300.5375
5.5,29.5,300.82666
5.5,30.5,301.7479
5.5,31.5,302.57593
5.5,32.5,303.0394
5.5,33.5,303.2111
5.5,34.5,301.5214
5.5,35.5,301.48145
5.5,36.5,300.44272
5.5,37.5,297.67014
5.5,38.5,292.75867
5.5,39.5,295.65695
5.5,40.5,299.0334
5.5,41.5,302.72046
5.5,42.5,303.44992
5.5,43.5,304.3725
5.5,44.5,304.49554
5.5,45.5,303.7573
5.5,46.5,304.13693
5.5,47.5,304.18494
5.5,48.5,302.7087
5.5,100.5,298.99756
5.5,101.5,298.93918
5.5,102.5,300.33865
5.5,116.5,299.96313
5.5,117.5,298.40994
5.5,118.5,299.2318
6.5,-76.5,293.8281
6.5,-75.5,294.7601
6.5,-74.5,296.08182
6.5,-73.5,296.28122
6.5,-72.5,290.81308
6.5,-71.5,296.48224
6.5,-70.5,300.22806
6.5,-69.5,301.18777
6.5,-68.5,301.71918
6.5,-67.5,300.60068
6.5,-66.5,295.61124
6.5,-65.5,295.17853
6.5,-64.5,296.4803
6.5,-63.5,296.95374
6.5,-62.5,297.34604
6.5,-61.5,296.9781
6.5,-60.5,298.0086
6.5,-59.5,297.79196
6.5,-58.5,298.76892
6.5,-10.5,299.3535
6.5,-9.5,298.57193
6.5,-8.5,298.7455
6.5,-7.5,299.0219
6.5,-6.5,299.22342
6.5,-5.5,299.78918
6.5,-4.5,300.36475
6.5,-3.5,299.55887
6.5,-2.5,299.2713
6.5,-1.5,299.59555
6.5,-0.5,301.6674
6.5,0.5,301.62997
6.5,1.5,301.33716
6.5,2.5,300.97272
6.5,3.5,301.15927
6.5,4.5,300.1406
6.5,5.5,300.01913
6.5,6.5,301.09872
6.5,7.5,301.7665
6.5,8.5,300.715
6.5,9.5,298.86078
6.5,10.5,297.17923
6.5,11.5,297.80472
6.5,12.5,297.8784
6.5,13.5,297.71664
6.5,14.5,297.36697
6.5,15.5,298.8309
6.5,16.5,299.9425
6.5,17.5,300.81458
6.5,18.5,301.2149
6.5,19.5,301.20703
6.5,20.5,301.00497
6.5,21.5,300.82834
6.5,22.5,300.4564
6.5,23.5,300.35162
6.5,24.5,300.52133
6.5,25.5,300.52838
6.5,26.5,300.40628
6.5,27.5,301.45328
6.5,28.5,302.076
6.5,29.5,302.8346
6.5,30.5,303.12103
6.5,31.5,303.22418
6.5,32.5,303.29108
6.5,33.5,303.289
6.5,34.5,300.29077
6.5,35.5,298.1142
6.5,36.5,295.16916
6.5,37.5,294.94662
6.5,38.5,292.84854
6.5,39.5,290.53656
6.5,40.5,296.83112
6.5,41.5,301.16064
6.5,42.5,303.26785
6.5,43.5,303.55182
6.5,44.5,302.89264
6.5,45.5,302.90274
6.5,46.5,303.72256
6.5,47.5,304.01553
6.5,48.5,303.92514
6.5,80.5,299.0066
6.5,81.5,299.92197
6.5,100.5,300.16718
6.5,101.5,299.06345
6.5,116.5,297.41687
6.5,124.5,300.12518
6.5,125.5,298.08328
7.5,-80.5,300.10587
7.5,-77.5,298.7795
7.5,-76.5,296.61893
7.5,-75.5,295.15543
7.5,-74.5,298.8215
7.5,-73.5,294.202
7.5,-72.5,293.47366
7.5,-71.5,295.3602
7.5,-70.5,299.17953
7.5,-69.5,300.66476
7.5,-68.5,301.16544
7.5,-67.5,301.43518
7.5,-66.5,300.20975
7.5,-65.5,300.2924
7.5,-64.5,300.0454
7.5,-63.5,300.44263
7.5,-62.5,298.9472
7.5,-61.5,298.92624
7.5,-60.5,298.5406
7.5,-59.5,298.1648
7.5,-11.5,299.68198
7.5,-10.5,299.1247
7.5,-9.5,297.8289
7.5,-8.5,298.46442
7.5,-7.5,299.68625
7.5,-6.5,300.33685
7.5,-5.5,301.39557
7.5,-4.5,300.9077
7.5,-3.5,300.0017
7.5,-2.5,300.19345
7.5,-1.5,301.16934
7.5,-0.5,302.82
7.5,0.5,301.14398
7.5,1.5,302.2171
7.5,2.5,301.99258
7.5,3.5,301.04123
7.5,4.5,299.5877
7.5,5.5,300.41367
7.5,6.5,301.36285
7.5,7.5,301.92197
7.5,8.5,301.99197
7.5,9.5,301.46188
7.5,10.5,300.29816
7.5,11.5,297.38275
7.5,12.5,297.50183
7.5,13.5,299.44916
7.5,14.5,297.553
7.5,15.5,299.5035
7.5,16.5,301.7716
7.5,17.5,302.5158
7.5,18.5,302.38474
7.5,19.5,302.0899
7.5,20.5,301.4308
7.5,21.5,300.66483
7.5,22.5,300.57797
7.5,23.5,299.968
7.5,24.5,299.85846
7.5,25.5,300.49396
7.5,26.5,301.40616
7.5,27.5,302.37112
7.5,28.5,303.2787
7.5,29.5,303.34985
7.5,30.5,303.23767
7.5,31.5,303.55942
7.5,32.5,303.69098
7.5,33.5,303.64722
7.5,34.5,300.1558
7.5,35.5,295.95856
7.5,36.5,291.53088
7.5,37.5,290.74265
7.5,38.5,290.3202
7.5,39.5,288.10355
7.5,40.5,295.09747
7.5,41.5,300.38455
7.5,42.5,302.09164
7.5,43.5,301.51294
7.5,44.5,300.74493
7.5,45.5,301.90814
7.5,46.5,302.9488
7.5,47.5,302.98926
7.5,48.5,303.01917
7.5,49.5,302.41318
7.5,80.5,298.8315
7.5,81.5,300.3229
7.5,99.5,300.28125
7.5,124.5,298.85663
7.5,125.5,297.56067
7.5,126.5,297.32248
8.5,-82.5,295.75735
8.5,-81.5,299.85507
8.5,-80.5,298.44376
8.5,-78.5,298.8955
8.5,-77.5,299.4892
8.5,-76.5,299.58237
8.5,-75.5,300.01343
8.5,-74.5,298.89502
8.5,-73.5,300.02798
8.5,-72.5,297.45334
8.5,-71.5,293.83734
8.5,-70.5,291.52487
8.5,-69.5,299.6682
8.5,-68.5,300.89218
8.5,-67.5,301.77188
8.5,-66.5,302.31046
8.5,-65.5,301.8072
8.5,-64.5,301.92514
8.5,-63.5,302.38443
8.5,-62.5,300.00647
8.5,-61.5,299.0514
8.5,-60.5,299.26236
8.5,-12.5,300.75247
8.5,-11.5,299.63135
8.5,-10.5,298.19516
8.5,-9.5,297.29828
8.5,-8.5,298.97382
8.5,-7.5,300.36707
8.5,-6.5,301.0865
8.5,-5.5,301.1894
8.5,-4.5,301.4384
8.5,-3.5,300.93048
8.5,-2.5,301.316
8.5,-1.5,302.47772
8.5,-0.5,302.80988
8.5,0.5,300.94733
8.5,1.5,301.91214
8.5,2.5,302.0925
8.5,3.5,301.32773
8.5,4.5,300.8996
8.5,5.5,302.20044
8.5,6.5,302.50494
8.5,7.5,301.75638
8.5,8.5,301.25916
8.5,9.5,302.05734
8.5,10.5,301.79
8.5,11.5,299.99768
8.5,12.5,300.9762
8.5,13.5,301.924
8.5,14.5,301.5975
8.5,15.5,302.18256
8.5,16.5,302.82834
8.5,17.5,303.01724
8.5,18.5,303.1545
8.5,19.5,303.20715
8.5,20.5,302.54218
8.5,21.5,301.19495
8.5,22.5,300.40952
8.5,23.5,299.8466
8.5,24.5,299.73065
8.5,25.5,300.68854
8.5,26.5,302.14084
8.5,27.5,302.64865
8.5,28.5,303.38467
8.5,29.5,303.63394
8.5,30.5,303.47226
8.5,31.5,303.54962
8.5,32.5,303.97632
8.5,33.5,303.18338
8.5,34.5,299.58508
8.5,35.5,293.86237
8.5,36.5,292.65958
8.5,37.5,291.82635
8.5,38.5,293.03326
8.5,39.5,290.9933
8.5,40.5,295.897
8.5,41.5,298.1053
8.5,42.5,299.997
8.5,43.5,299.59848
8.5,44.5,299.8023
8.5,45.5,301.26935
8.5,46.5,302.28915
8.5,47.5,302.59286
8.5,48.5,302.66318
8.5,49.5,303.2475
8.5,77.5,303.34564
8.5,80.5,300.98224
8.5,98.5,300.4311
8.5,99.5,299.64832
8.5,123.5,299.32297
8.5,124.5,295.90814
8.5,125.5,296.19678
9.5,-83.5,299.8203
9.5,-75.5,300.4191
9.5,-74.5,300.5969
9.5,-73.5,298.02838
9.5,-72.5,299.0812
9.5,-70.5,293.55505
9.5,-69.5,298.80667
9.5,-68.5,299.73038
9.5,-67.5,300.28027
9.5,-66.5,300.39932
9.5,-65.5,300.4479
9.5,-64.5,300.28897
9.5,-63.5,300.0606
9.5,-62.5,299.5219
9.5,-61.5,299.64468
9.5,-13.5,301.11832
9.5,-12.5,301.3222
9.5,-11.5,300.3044
9.5,-10.5,299.88278
9.5,-9.5,299.65298
9.5,-8.5,300.3139
9.5,-7.5,300.93216
9.5,-6.5,301.15164
9.5,-5.5,301.3199
9.5,-4.5,301.6101
9.5,-3.5,301.35178
9.5,-2.5,302.08295
9.5,-1.5,302.71658
9.5,-0.5,303.0271
9.5,0.5,301.8318
9.5,1.5,301.36633
9.5,2.5,301.54202
9.5,3.5,301.32925
9.5,4.5,302.3534
9.5,5.5,302.81363
9.5,6.5,302.0094
9.5,7.5,300.3347
9.5,8.5,298.4198
9.5,9.5,299.5832
9.5,10.5,301.32382
9.5,11.5,300.98566
9.5,12.5,301.72964
9.5,13.5,302.31137
9.5,14.5,302.25803
9.5,15.5,302.88385
9.5,16.5,303.39758
9.5,17.5,303.54144
9.5,18.5,303.44882
9.5,19.5,303.52383
9.5,20.5,303.18747
9.5,21.5,302.5279
9.5,22.5,302.01215
9.5,23.5,300.7419
9.5,24.5,301.1532
9.5,25.5,302.16013
9.5,26.5,302.94055
9.5,27.5,303.03674
9.5,28.5,303.63873
9.5,29.5,303.83365
9.5,30.5,303.6939
9.5,31.5,303.7522
9.5,32.5,303.9476
9.5,33.5,302.744
9.5,34.5,298.95444
9.5,35.5,298.39124
9.5,36.5,294.19052
9.5,37.5,294.1706
9.5,38.5,290.70636
9.5,39.5,296.53882
9.5,40.5,299.1163
9.5,41.5,298.19238
9.5,42.5,299.39432
9.5,43.5,297.82712
9.5,44.5,299.6709
9.5,45.5,300.21652
9.5,46.5,301.38937
9.5,47.5,302.03262
9.5,48.5,302.0243
9.5,49.5,302.12173
9.5,50.5,302.05597
9.5,76.5,299.6461
9.5,77.5,300.50403
9.5,78.5,303.82797
9.5,98.5,299.6073
9.5,105.5,300.9885
10.5,-85.5,299.28134
10.5,-84.5,295.55627
10.5,-83.5,296.45755
10.5,-74.5,299.93207
10.5,-73.5,296.6566
10.5,-72.5,297.6857
10.5,-71.5,301.5839
10.5,-70.5,300.5089
10.5,-69.5,299.15698
10.5,-68.5,296.93738
10.5,-66.5,300.24643
10.5,-63.5,298.29895
10.5,-14.5,301.3213
10.5,-13.5,300.57632
10.5,-12.5,300.02283
10.5,-11.5,301.07455
10.5,-10.5,301.02676
10.5,-9.5,301.55054
10.5,-8.5,301.5613
10.5,-7.5,301.4911
10.5,-6.5,301.1247
10.5,-5.5,301.18805
10.5,-4.5,301.64395
10.5,-3.5,301.86658
10.5,-2.5,302.76624
10.5,-1.5,302.68216
10.5,-0.5,303.33066
10.5,0.5,302.43616
10.5,1.5,301.96518
10.5,2.5,301.743
10.5,3.5,302.1105
10.5,4.5,302.22208
10.5,5.5,301.98276
10.5,6.5,300.93024
10.5,7.5,299.2084
10.5,8.5,298.5235
10.5,9.5,299.01318
10.5,10.5,300.87723
10.5,11.5,301.57346
10.5,12.5,300.30347
10.5,13.5,301.97238
10.5,14.5,302.90723
10.5,15.5,303.58826
10.5,16.5,303.7266
10.5,17.5,304.05072
10.5,18.5,303.3325
10.5,19.5,303.47864
10.5,20.5,303.41284
10.5,21.5,303.2213
10.5,22.5,302.22717
10.5,23.5,301.3142
10.5,24.5,301.65057
10.5,25.5,302.17145
10.5,26.5,302.6751
10.5,27.5,303.23587
10.5,28.5,303.61206
10.5,29.5,303.4577
10.5,30.5,303.17163
10.5,31.5,303.64798
10.5,32.5,303.84732
10.5,33.5,302.94342
10.5,34.5,301.48163
10.5,35.5,300.08978
10.5,36.5,293.8086
10.5,37.5,293.1481
10.5,38.5,292.67038
10.5,39.5,293.20438
10.5,40.5,301.4175
10.5,41.5,305.307
10.5,42.5,303.07785
10.5,43.5,302.92944
10.5,45.5,303.08774
10.5,46.5,301.70618
10.5,47.5,301.12067
10.5,48.5,299.82874
10.5,49.5,301.64783
10.5,50.5,303.07108
10.5,76.5,299.1978
10.5,77.5,298.46597
10.5,78.5,302.76727
10.5,79.5,302.60358
10.5,104.5,300.3338
10.5,105.5,300.955
10.5,106.5,300.99042
10.5,123.5,298.79498
11.5,-84.5,298.46555
11.5,-72.5,301.8681
11.5,-69.5,301.1628
11.5,-14.5,302.56366
11.5,-13.5,301.7338
11.5,-12.5,300.35797
11.5,-11.5,300.84326
11.5,-10.5,301.45496
11.5,-9.5,301.74487
11.5,-8.5,301.97107
11.5,-7.5,301.95035
11.5,-6.5,301.97372
11.5,-5.5,301.81445
11.5,-4.5,302.20493
11.5,-3.5,302.4801
11.5,-2.5,302.42545
11.5,-1.5,302.2906
11.5,-0.5,303.11868
11.5,0.5,302.61246
11.5,1.5,302.62158
11.5,2.5,302.51462
11.5,3.5,302.25974
11.5,4.5,302.4167
11.5,5.5,301.415
11.5,6.5,300.1858
11.5,7.5,299.32092
11.5,8.5,299.95694
11.5,9.5,300.53662
11.5,10.5,301.55862
11.5,11.5,302.3383
11.5,12.5,302.0003
11.5,13.5,302.62054
11.5,14.5,303.6077
11.5,15.5,303.70074
11.5,16.5,304.20364
11.5,17.5,304.2528
11.5,18.5,303.1
11.5,19.5,303.44315
11.5,20.5,303.4437
11.5,21.5,303.3108
11.5,22.5,302.54306
11.5,23.5,301.86774
11.5,24.5,302.0883
11.5,25.5,302.46008
11.5,26.5,303.07666
11.5,27.5,303.7139
11.5,28.5,303.44608
11.5,29.5,302.21213
11.5,30.5,301.89062
11.5,31.5,302.83694
11.5,32.5,303.93216
11.5,33.5,303.04373
11.5,34.5,301.91333
11.5,35.5,300.9018
11.5,36.5,295.97858
11.5,37.5,292.3824
11.5,38.5,293.8489
11.5,39.5,294.79233
11.5,40.5,303.70706
11.5,41.5,306.44193
11.5,42.5,304.6136
11.5,50.5,304.57117
11.5,76.5,299.65903
11.5,77.5,299.6777
11.5,78.5,301.6581
11.5,79.5,302.49005
11.5,99.5,299.3444
11.5,103.5,298.31448
11.5,104.5,300.31158
11.5,105.5,301.57898
11.5,106.5,300.73297
11.5,107.5,297.4917
11.5,108.5,298.176
11.5,122.5,298.66776
12.5,-86.5,300.111
12.5,-85.5,298.7102
12.5,-84.5,297.65643
12.5,-16.5,301.6723
12.5,-15.5,302.78717
12.5,-14.5,302.87418
12.5,-13.5,303.21793
12.5,-12.5,301.85916
12.5,-11.5,302.16937
12.5,-10.5,302.3778
12.5,-9.5,301.9615
12.5,-8.5,301.93375
12.5,-7.5,302.25275
12.5,-6.5,302.593
12.5,-5.5,302.79453
12.5,-4.5,303.01422
12.5,-3.5,303.08078
12.5,-2.5,302.59576
12.5,-1.5,302.70035
12.5,-0.5,303.05347
12.5,0.5,302.75253
12.5,1.5,302.8382
12.5,2.5,302.53955
12.5,3.5,302.78613
12.5,4.5,302.8187
12.5,5.5,302.01877
12.5,6.5,301.51874
12.5,7.5,300.94467
12.5,8.5,301.01993
12.5,9.5,302.03345
12.5,10.5,302.85663
12.5,11.5,302.455
12.5,12.5,302.67853
12.5,13.5,303.09323
12.5,14.5,303.26996
12.5,15.5,304.1542
12.5,16.5,304.26813
12.5,17.5,304.92557
12.5,18.5,304.0843
12.5,19.5,304.28918
12.5,20.5,303.76138
12.5,21.5,302.73096
12.5,22.5,301.64603
12.5,23.5,300.79233
12.5,24.5,300.45374
12.5,25.5,302.44632
12.5,26.5,302.7916
12.5,27.5,303.26172
12.5,28.5,303.09442
12.5,29.5,302.46768
12.5,30.5,302.9003
12.5,31.5,303.51816
12.5,32.5,305.0518
12.5,33.5,304.86023
12.5,34.5,304.25266
12.5,35.5,302.51044
12.5,36.5,298.7853
12.5,37.5,296.23175
12.5,38.5,295.5714
12.5,39.5,297.9058
12.5,40.5,305.2957
12.5,41.5,308.44226
12.5,42.5,307.30905
12.5,75.5,298.5153
12.5,76.5,297.89832
12.5,77.5,298.9314
12.5,78.5,299.58893
12.5,79.5,302.07544
12.5,99.5,299.27267
12.5,102.5,298.70282
12.5,103.5,298.9464
12.5,104.5,300.89108
12.5,105.5,300.76447
12.5,106.5,300.46768
12.5,107.5,298.54156
12.5,108.5,296.69962
13.5,-88.5,300.25558
13.5,-87.5,297.79834
13.5,-86.5,297.06537
13.5,-85.5,296.6807
13.5,-84.5,297.7026
13.5,-16.5,301.55286
13.5,-15.5,303.351
13.5,-14.5,303.17313
13.5,-13.5,303.61002
13.5,-12.5,303.92047
13.5,-11.5,303.728
13.5,-10.5,303.20212
13.5,-9.5,302.7048
13.5,-8.5,301.98593
13.5,-7.5,302.28918
13.5,-6.5,303.0173
13.5,-5.5,303.46765
13.5,-4.5,303.4375
13.5,-3.5,303.49924
13.5,-2.5,303.30875
13.5,-1.5,303.14606
13.5,-0.5,303.5971
13.5,0.5,303.63947
13.5,1.5,303.8274
13.5,2.5,304.00433
13.5,3.5,303.86746
13.5,4.5,303.15067
13.5,5.5,303.15945
13.5,6.5,302.33258
13.5,7.5,302.17914
13.5,8.5,302.3829
13.5,9.5,302.81235
13.5,10.5,303.2008
13.5,11.5,304.1049
13.5,12.5,304.38187
13.5,13.5,302.82916
13.5,14.5,302.98642
13.5,15.5,303.5224
13.5,16.5,304.3125
13.5,17.5,304.65152
13.5,18.5,304.85364
13.5,19.5,304.93924
13.5,20.5,304.0216
13.5,21.5,302.23737
13.5,22.5,300.7924
13.5,23.5,301.1134
13.5,24.5,300.49423
13.5,25.5,301.9599
13.5,26.5,302.8109
13.5,27.5,303.06793
13.5,28.5,302.50372
13.5,29.5,302.62643
13.5,30.5,303.7681
13.5,31.5,304.70642
13.5,32.5,305.2259
13.5,33.5,305.85483
13.5,34.5,305.12366
13.5,35.5,303.71832
13.5,36.5,301.54504
13.5,37.5,300.0052
13.5,38.5,297.37018
13.5,39.5,298.97116
13.5,40.5,306.93634
13.5,41.5,309.33893
13.5,43.5,301.96497
13.5,44.5,300.03165
13.5,45.5,300.3479
13.5,46.5,301.22055
13.5,75.5,298.36783
13.5,76.5,298.94852
13.5,77.5,299.02246
13.5,78.5,300.1286
13.5,79.5,301.5306
13.5,98.5,298.28046
13.5,99.5,298.81833
13.5,100.5,302.52567
13.5,101.5,300.64865
13.5,102.5,300.4135
13.5,103.5,301.40298
13.5,104.5,301.6522
13.5,105.5,300.88965
13.5,106.5,300.75708
13.5,107.5,299.42334
13.5,108.5,296.792
13.5,123.5,299.85477
14.5,-91.5,293.56522
14.5,-90.5,297.28436
14.5,-89.5,295.96048
14.5,-88.5,295.879
14.5,-87.5,295.83456
14.5,-86.5,294.89252
14.5,-85.5,296.8711
14.5,-84.5,297.50146
14.5,-83.5,299.3618
14.5,-16.5,302.13797
14.5,-15.5,303.3446
14.5,-14.5,303.74405
14.5,-13.5,304.1264
14.5,-12.5,304.34912
14.5,-11.5,303.63388
14.5,-10.5,303.22504
14.5,-9.5,303.2195
14.5,-8.5,302.76752
14.5,-7.5,302.91937
14.5,-6.5,303.52228
14.5,-5.5,304.1588
14.5,-4.5,304.51575
14.5,-3.5,304.16956
14.5,-2.5,304.12924
14.5,-1.5,304.40656
14.5,-0.5,304.46884
14.5,0.5,304.76047
14.5,1.5,304.8127
14.5,2.5,305.03537
14.5,3.5,304.7601
14.5,4.5,304.79922
14.5,5.5,303.95862
14.5,6.5,302.41104
14.5,7.5,303.40866
14.5,8.5,303.37067
14.5,9.5,303.19058
14.5,10.5,303.45145
14.5,11.5,304.261
14.5,12.5,304.69815
14.5,13.5,304.23322
14.5,14.5,304.43436
14.5,15.5,304.15277
14.5,16.5,304.7336
14.5,17.5,304.9949
14.5,18.5,305.04346
14.5,19.5,304.9448
14.5,20.5,304.35266
14.5,21.5,302.23862
14.5,22.5,300.28027
14.5,23.5,301.4668
14.5,24.5,300.84244
14.5,25.5,301.25183
14.5,26.5,301.73575
14.5,27.5,302.56128
14.5,28.5,302.60214
14.5,29.5,303.6137
14.5,30.5,304.1075
14.5,31.5,305.1488
14.5,32.5,306.35193
14.5,33.5,306.08047
14.5,34.5,305.77646
14.5,35.5,305.4117
14.5,36.5,304.0649
14.5,37.5,300.94254
14.5,38.5,297.33765
14.5,39.5,302.15704
14.5,40.5,306.78473
14.5,43.5,301.6646
14.5,44.5,298.51437
14.5,45.5,299.956
14.5,46.5,300.70502
14.5,47.5,300.70547
14.5,48.5,301.9963
14.5,74.5,299.31488
14.5,75.5,299.1684
14.5,76.5,300.50824
14.5,77.5,301.62024
14.5,78.5,301.7825
14.5,79.5,302.20218
14.5,98.5,298.45596
14.5,99.5,299.8324
14.5,100.5,301.4677
14.5,101.5,301.4865
14.5,102.5,300.17032
14.5,103.5,301.4748
14.5,104.5,301.2001
14.5,105.5,300.31097
14.5,106.5,298.0684
14.5,107.5,296.8039
14.5,108.5,297.22134
14.5,121.5,299.69012
15.5,-92.5,299.2327
15.5,-91.5,296.63004
15.5,-90.5,294.09808
15.5,-89.5,295.02213
15.5,-88.5,296.55362
15.5,-87.5,297.25183
15.5,-86.5,295.4442
15.5,-85.5,297.52304
15.5,-84.5,298.47144
15.5,-16.5,301.15137
15.5,-15.5,303.3245
15.5,-14.5,304.59067
15.5,-13.5,305.14572
15.5,-12.5,305.05402
15.5,-11.5,304.05847
15.5,-10.5,303.5243
15.5,-9.5,303.38153
15.5,-8.5,303.82074
15.5,-7.5,304.06796
15.5,-6.5,304.39157
15.5,-5.5,304.66495
15.5,-4.5,305.38785
15.5,-3.5,304.98187
15.5,-2.5,303.98135
15.5,-1.5,304.56082
15.5,-0.5,304.8965
15.5,0.5,305.10297
15.5,1.5,305.4539
15.5,2.5,305.48126
15.5,3.5,304.75464
15.5,4.5,304.6018
15.5,5.5,303.62643
15.5,6.5,303.23074
15.5,7.5,303.44046
15.5,8.5,303.8095
15.5,9.5,303.62793
15.5,10.5,303.4198
15.5,11.5,303.7725
15.5,12.5,303.92773
15.5,13.5,303.53888
15.5,14.5,303.37964
15.5,15.5,303.53287
15.5,16.5,304.2742
15.5,17.5,304.4256
15.5,18.5,304.81436
15.5,19.5,305.04156
15.5,20.5,304.92398
15.5,21.5,302.77292
15.5,22.5,301.16602
15.5,23.5,300.8941
15.5,24.5,300.401
15.5,25.5,300.84518
15.5,26.5,300.671
15.5,27.5,301.6108
15.5,28.5,302.41342
15.5,29.5,303.19717
15.5,30.5,303.8526
15.5,31.5,304.8035
15.5,32.5,306.05176
15.5,33.5,306.4403
15.5,34.5,306.5796
15.5,35.5,306.7233
15.5,36.5,305.7981
15.5,37.5,303.49362
15.5,38.5,299.66818
15.5,39.5,300.59677
15.5,43.5,301.1095
15.5,44.5,299.65094
15.5,45.5,301.34848
15.5,46.5,302.74615
15.5,47.5,302.2565
15.5,48.5,301.15805
15.5,49.5,301.87854
15.5,50.5,302.53702
15.5,51.5,301.9478
15.5,74.5,299.7997
15.5,75.5,300.35706
15.5,76.5,300.9238
15.5,77.5,302.75668
15.5,78.5,301.8939
15.5,79.5,302.13086
15.5,98.5,297.13116
15.5,99.5,298.42447
15.5,100.5,301.51132
15.5,101.5,300.77188
15.5,102.5,301.22745
15.5,103.5,301.21878
15.5,104.5,301.1686
15.5,105.5,299.63614
15.5,106.5,296.18002
15.5,107.5,294.5723
15.5,108.5,296.43884
15.5,120.5,298.83655
15.5,121.5,297.6981
16.5,-98.5,297.85086
16.5,-97.5,294.8902
16.5,-96.5,292.78622
16.5,-95.5,296.3199
16.5,-94.5,297.76657
16.5,-93.5,297.2245
16.5,-92.5,295.57977
16.5,-91.5,293.4168
16.5,-90.5,296.4499
16.5,-89.5,296.93973
16.5,-88.5,296.59186
16.5,-15.5,303.7301
16.5,-14.5,305.1127
16.5,-13.5,306.34283
16.5,-12.5,305.8996
16.5,-11.5,303.9306
16.5,-10.5,304.21237
16.5,-9.5,304.0556
16.5,-8.5,304.0191
16.5,-7.5,304.54926
16.5,-6.5,303.96408
16.5,-5.5,304.16812
16.5,-4.5,304.511
16.5,-3.5,305.63696
16.5,-2.5,305.40195
16.5,-1.5,305.3884
16.5,-0.5,305.3441
16.5,0.5,305.27994
16.5,1.5,304.94247
16.5,2.5,304.77423
16.5,3.5,304.58575
16.5,4.5,304.26376
16.5,5.5,303.8554
16.5,6.5,303.85913
16.5,7.5,304.09937
16.5,8.5,303.61636
16.5,9.5,302.90442
16.5,10.5,302.47336
16.5,11.5,302.57245
16.5,12.5,302.8667
16.5,13.5,302.86865
16.5,14.5,303.126
16.5,15.5,303.7005
16.5,16.5,304.0148
16.5,17.5,304.1283
16.5,18.5,303.88425
16.5,19.5,303.61646
16.5,20.5,304.10974
16.5,21.5,303.4852
16.5,22.5,301.2401
16.5,23.5,299.59695
16.5,24.5,299.8658
16.5,25.5,300.13202
16.5,26.5,300.17548
16.5,27.5,300.91937
16.5,28.5,302.07397
16.5,29.5,302.74118
16.5,30.5,302.65793
16.5,31.5,304.60504
16.5,32.5,305.42032
16.5,33.5,306.00592
16.5,34.5,306.71524
16.5,35.5,307.0481
16.5,36.5,305.61832
16.5,37.5,305.33423
16.5,38.5,305.10342
16.5,43.5,300.7003
16.5,44.5,299.9371
16.5,45.5,301.17056
16.5,46.5,302.89243
16.5,47.5,302.3407
16.5,48.5,302.41873
16.5,49.5,303.3097
16.5,50.5,302.80594
16.5,51.5,302.52145
16.5,52.5,299.31497
16.5,73.5,300.39883
16.5,74.5,299.07346
16.5,75.5,301.32285
16.5,76.5,302.35434
16.5,77.5,301.94788
16.5,78.5,300.9738
16.5,79.5,301.5853
16.5,80.5,301.6079
16.5,81.5,301.34457
16.5,94.5,300.31567
16.5,95.5,300.47543
16.5,97.5,300.13184
16.5,98.5,298.14032
16.5,99.5,298.97272
16.5,100.5,300.10428
16.5,101.5,300.43707
16.5,102.5,300.41202
16.5,103.5,300.52997
16.5,104.5,299.78293
16.5,105.5,298.80533
16.5,106.5,296.0692
16.5,107.5,295.5116
16.5,120.5,297.45975
16.5,121.5,295.26913
17.5,-100.5,298.04306
17.5,-99.5,298.75113
17.5,-98.5,294.88818
17.5,-97.5,293.27118
17.5,-96.5,294.9549
17.5,-95.5,295.09686
17.5,-94.5,296.5559
17.5,-93.5,295.6042
17.5,-92.5,295.01657
17.5,-91.5,296.29526
17.5,-90.5,297.58398
17.5,-89.5,297.52722
17.5,-88.5,297.80267
17.5,-15.5,303.31927
17.5,-14.5,305.16913
17.5,-13.5,305.92062
17.5,-12.5,305.88608
17.5,-11.5,304.83365
17.5,-10.5,304.51608
17.5,-9.5,304.20776
17.5,-8.5,304.315
17.5,-7.5,304.37704
17.5,-6.5,303.7004
17.5,-5.5,303.75958
17.5,-4.5,303.87
17.5,-3.5,304.1685
17.5,-2.5,304.89966
17.5,-1.5,305.13193
17.5,-0.5,305.69366
17.5,0.5,304.88495
17.5,1.5,304.61536
17.5,2.5,304.23416
17.5,3.5,304.23514
17.5,4.5,304.41806
17.5,5.5,304.42447
17.5,6.5,304.19144
17.5,7.5,304.06982
17.5,8.5,302.81317
17.5,9.5,300.9125
17.5,10.5,301.6041
17.5,11.5,301.95465
17.5,12.5,301.8312
17.5,13.5,301.56137
17.5,14.5,302.11203
17.5,15.5,302.91608
17.5,16.5,303.89322
17.5,17.5,303.8148
17.5,18.5,303.32758
17.5,19.5,303.30185
17.5,20.5,303.41306
17.5,21.5,303.365
17.5,22.5,301.59546
17.5,23.5,299.83414
17.5,24.5,299.3548
17.5,25.5,300.1913
17.5,26.5,300.71896
17.5,27.5,300.7918
17.5,28.5,301.90964
17.5,29.5,302.0928
17.5,30.5,303.1135
17.5,31.5,304.01294
17.5,32.5,304.3019
17.5,33.5,305.58215
17.5,34.5,306.40152
17.5,35.5,306.16522
17.5,36.5,305.1989
17.5,37.5,303.59833
17.5,38.5,302.48663
17.5,42.5,302.89667
17.5,43.5,301.13077
17.5,44.5,299.74738
17.5,45.5,301.28412
17.5,46.5,302.09943
17.5,47.5,302.66562
17.5,48.5,303.69724
17.5,49.5,304.06113
17.5,50.5,304.00894
17.5,51.5,302.8028
17.5,52.5,303.30264
17.5,53.5,302.62955
17.5,54.5,303.0797
17.5,73.5,298.87308
17.5,74.5,300.31335
17.5,75.5,302.16388
17.5,76.5,302.36963
17.5,77.5,301.07156
17.5,78.5,300.5561
17.5,79.5,301.11035
17.5,80.5,301.34232
17.5,81.5,301.41394
17.5,82.5,299.08133
17.5,95.5,299.9446
17.5,96.5,299.63492
17.5,97.5,297.2614
17.5,98.5,298.18524
17.5,99.5,299.6622
17.5,100.5,299.22955
17.5,101.5,298.46533
17.5,102.5,299.79132
17.5,103.5,299.6389
17.5,104.5,298.5134
17.5,105.5,295.85114
17.5,106.5,296.49597
17.5,120.5,296.67432
17.5,121.5,295.15158
18.5,-103.5,296.77695
18.5,-102.5,301.72156
18.5,-101.5,299.29
18.5,-100.5,297.13776
18.5,-99.5,295.90115
18.5,-98.5,294.0593
18.5,-97.5,292.1467
18.5,-96.5,294.19962
18.5,-95.5,297.5153
18.5,-92.5,299.8182
18.5,-91.5,299.44577
18.5,-90.5,298.33517
18.5,-89.5,298.50043
18.5,-88.5,298.47562
18.5,-72.5,298.54395
18.5,-71.5,295.8283
18.5,-70.5,297.71045
18.5,-69.5,298.6036
18.5,-15.5,303.58755
18.5,-14.5,304.84882
18.5,-13.5,304.7547
18.5,-12.5,304.6458
18.5,-11.5,304.39728
18.5,-10.5,303.9209
18.5,-9.5,303.70328
18.5,-8.5,303.5948
18.5,-7.5,303.50873
18.5,-6.5,303.5633
18.5,-5.5,303.57782
18.5,-4.5,303.4159
18.5,-3.5,303.83258
18.5,-2.5,304.3609
18.5,-1.5,304.80246
18.5,-0.5,304.6231
18.5,0.5,304.71448
18.5,1.5,305.1009
18.5,2.5,304.0825
18.5,3.5,304.42416
18.5,4.5,304.50128
18.5,5.5,303.82324
18.5,6.5,304.0551
18.5,7.5,303.88773
18.5,8.5,301.1456
18.5,9.5,301.66876
18.5,10.5,301.17242
18.5,11.5,301.46692
18.5,12.5,301.19128
18.5,13.5,301.13495
18.5,14.5,301.45767
18.5,15.5,301.7381
18.5,16.5,302.44974
18.5,17.5,302.62424
18.5,18.5,302.7286
18.5,19.5,302.33255
18.5,20.5,302.37808
18.5,21.5,301.82196
18.5,22.5,300.5474
18.5,23.5,300.17514
18.5,24.5,299.13956
18.5,25.5,299.8634
18.5,26.5,300.4338
18.5,27.5,299.95966
18.5,28.5,301.29773
18.5,29.5,302.1927
18.5,30.5,303.40097
18.5,31.5,303.8668
18.5,32.5,304.1457
18.5,33.5,304.46564
18.5,34.5,305.69086
18.5,35.5,305.47318
18.5,36.5,303.27377
18.5,37.5,303.31168
18.5,41.5,304.11014
18.5,42.5,302.19327
18.5,43.5,299.11166
18.5,44.5,300.3111
18.5,45.5,301.2594
18.5,46.5,301.99432
18.5,47.5,302.53677
18.5,48.5,303.38144
18.5,49.5,304.0875
18.5,50.5,303.9073
18.5,51.5,304.53214
18.5,52.5,304.5204
18.5,53.5,304.20587
18.5,54.5,304.601
18.5,55.5,304.25436
18.5,56.5,302.24396
18.5,73.5,300.56143
18.5,74.5,300.2344
18.5,75.5,301.6073
18.5,76.5,301.48804
18.5,77.5,301.17328
18.5,78.5,301.04077
18.5,79.5,300.99112
18.5,80.5,300.87555
18.5,81.5,299.95474
18.5,82.5,298.50052
18.5,83.5,298.98392
18.5,94.5,297.68564
18.5,95.5,299.08023
18.5,96.5,296.70215
18.5,97.5,295.5391
18.5,98.5,297.52975
18.5,99.5,297.89746
18.5,100.5,298.59848
18.5,101.5,295.8639
18.5,102.5,295.8806
18.5,103.5,296.57333
18.5,104.5,295.39877
18.5,105.5,294.7533
18.5,109.5,297.59143
19.5,-155.5,305.3735
19.5,-104.5,296.66388
19.5,-103.5,296.27103
19.5,-102.5,295.18213
19.5,-101.5,295.44806
19.5,-100.5,292.38638
19.5,-99.5,291.07065
19.5,-98.5,289.7554
19.5,-97.5,291.0802
19.5,-96.5,294.24908
19.5,-90.5,299.68433
19.5,-89.5,298.90634
19.5,-88.5,298.60852
19.5,-72.5,300.1804
19.5,-71.5,296.81174
19.5,-70.5,297.92654
19.5,-15.5,304.26898
19.5,-14.5,304.82776
19.5,-13.5,304.81396
19.5,-12.5,304.45645
19.5,-11.5,303.4117
19.5,-10.5,302.50623
19.5,-9.5,302.62683
19.5,-8.5,302.88354
19.5,-7.5,303.0079
19.5,-6.5,303.10892
19.5,-5.5,303.25677
19.5,-4.5,303.3883
19.5,-3.5,303.55365
19.5,-2.5,303.92392
19.5,-1.5,304.60648
19.5,-0.5,304.508
19.5,0.5,304.54477
19.5,1.5,304.3743
19.5,2.5,303.8975
19.5,3.5,303.89413
19.5,4.5,303.82797
19.5,5.5,303.7562
19.5,6.5,303.4908
19.5,7.5,303.90747
19.5,8.5,300.41953
19.5,9.5,300.2269
19.5,10.5,301.2742
19.5,11.5,301.98892
19.5,12.5,301.5571
19.5,13.5,301.50507
19.5,14.5,301.53958
19.5,15.5,300.80026
19.5,16.5,301.48453
19.5,17.5,301.4319
19.5,18.5,300.47928
19.5,19.5,299.9839
19.5,20.5,300.7145
19.5,21.5,300.37704
19.5,22.5,299.84738
19.5,23.5,299.06097
19.5,24.5,298.7071
19.5,25.5,299.10605
19.5,26.5,299.51062
19.5,27.5,299.18863
19.5,28.5,300.79773
19.5,29.5,302.1632
19.5,30.5,303.10892
19.5,31.5,303.26175
19.5,32.5,303.60306
19.5,33.5,304.14413
19.5,34.5,304.87347
19.5,35.5,304.32434
19.5,36.5,303.8496
19.5,41.5,302.32684
19.5,42.5,300.0032
19.5,43.5,300.65173
19.5,44.5,300.70737
19.5,45.5,301.5497
19.5,46.5,302.01877
19.5,47.5,302.63733
19.5,48.5,303.21384
19.5,49.5,303.76263
19.5,50.5,304.05078
19.5,51.5,304.28198
19.5,52.5,304.23297
19.5,53.5,304.0881
19.5,54.5,304.3873
19.5,55.5,304.56268
19.5,56.5,304.24667
19.5,57.5,303.0328
19.5,73.5,298.3457
19.5,74.5,299.6165
19.5,75.5,300.83743
19.5,76.5,301.4472
19.5,77.5,301.32327
19.5,78.5,301.4653
19.5,79.5,301.39453
19.5,80.5,299.56396
19.5,81.5,298.27338
19.5,82.5,298.7461
19.5,83.5,298.8519
19.5,84.5,299.29294
19.5,94.5,299.0619
19.5,95.5,299.50186
19.5,96.5,296.24194
19.5,97.5,295.9629
19.5,98.5,295.1525
19.5,99.5,296.72696
19.5,100.5,297.49338
19.5,101.5,294.97433
19.5,102.5,294.53668
19.5,103.5,293.01968
19.5,104.5,292.3908
19.5,105.5,296.30597
19.5,109.5,296.6537
19.5,110.5,297.76602
20.5,-104.5,295.6906
20.5,-103.5,294.4449
20.5,-102.5,292.7176
20.5,-101.5,291.67255
20.5,-100.5,290.5648
20.5,-99.5,291.08536
20.5,-98.5,292.72018
20.5,-97.5,293.87616
20.5,-89.5,299.38956
20.5,-88.5,298.81006
20.5,-87.5,298.8098
20.5,-76.5,298.0145
20.5,-75.5,299.01117
20.5,-15.5,303.35843
20.5,-14.5,303.1293
20.5,-13.5,303.85605
20.5,-12.5,303.63156
20.5,-11.5,302.71576
20.5,-10.5,302.42694
20.5,-9.5,302.50854
20.5,-8.5,302.65768
20.5,-7.5,302.81555
20.5,-6.5,303.07724
20.5,-5.5,303.28915
20.5,-4.5,303.48303
20.5,-3.5,303.44962
20.5,-2.5,303.49493
20.5,-1.5,304.08627
20.5,-0.5,304.24146
20.5,0.5,304.34744
20.5,1.5,304.1241
20.5,2.5,303.3315
20.5,3.5,303.08133
20.5,4.5,302.57394
20.5,5.5,302.79193
20.5,6.5,303.04318
20.5,7.5,302.71387
20.5,8.5,300.94186
20.5,9.5,300.66452
20.5,10.5,301.28635
20.5,11.5,301.83408
20.5,12.5,301.81625
20.5,13.5,301.52057
20.5,14.5,302.38287
20.5,15.5,301.6665
20.5,16.5,299.8666
20.5,17.5,300.27994
20.5,18.5,298.2207
20.5,19.5,297.81177
20.5,20.5,298.7903
20.5,21.5,299.60095
20.5,22.5,299.2617
20.5,23.5,298.6964
20.5,24.5,298.45804
20.5,25.5,298.36365
20.5,26.5,298.57587
20.5,27.5,298.7669
20.5,28.5,299.7386
20.5,29.5,301.06903
20.5,30.5,301.75543
20.5,31.5,301.75714
20.5,32.5,302.44135
20.5,33.5,303.13107
20.5,34.5,303.06613
20.5,35.5,303.4292
20.5,36.5,303.98624
20.5,40.5,302.30466
20.5,41.5,302.15604
20.5,42.5,301.81995
20.5,43.5,301.8601
20.5,44.5,301.86493
20.5,45.5,302.72116
20.5,46.5,302.43747
20.5,47.5,302.83978
20.5,48.5,302.9703
20.5,49.5,303.456
20.5,50.5,303.81055
20.5,51.5,304.16943
20.5,52.5,304.5294
20.5,53.5,305.25726
20.5,54.5,304.3858
20.5,55.5,304.4007
20.5,56.5,304.9112
20.5,57.5,304.4358
20.5,73.5,299.64767
20.5,74.5,300.34167
20.5,75.5,301.20206
20.5,76.5,301.38058
20.5,77.5,301.5543
20.5,78.5,301.27594
20.5,79.5,301.05527
20.5,80.5,299.8691
20.5,81.5,298.98145
20.5,82.5,300.22498
20.5,83.5,299.15466
20.5,84.5,299.73972
20.5,85.5,300.12357
20.5,86.5,300.54538
20.5,93.5,295.82474
20.5,94.5,297.8944
20.5,95.5,299.58328
20.5,96.5,297.152
20.5,97.5,295.81293
20.5,98.5,294.75812
20.5,99.5,294.59488
20.5,100.5,294.45953
20.5,101.5,292.9382
20.5,102.5,292.84415
20.5,103.5,293.33145
20.5,104.5,293.11102
20.5,105.5,296.59473
20.5,106.5,297.52762
21.5,-104.5,294.84912
21.5,-103.5,295.06726
21.5,-102.5,292.21494
21.5,-101.5,291.80963
21.5,-100.5,292.4613
21.5,-99.5,292.51144
21.5,-98.5,295.12445
21.5,-88.5,300.52228
21.5,-87.5,300.06357
21.5,-78.5,299.0482
21.5,-77.5,298.95117
21.5,-16.5,299.5986
21.5,-15.5,301.9951
21.5,-14.5,302.22916
21.5,-13.5,302.7451
21.5,-12.5,302.16357
21.5,-11.5,302.752
21.5,-10.5,301.86224
21.5,-9.5,302.20267
21.5,-8.5,302.3903
21.5,-7.5,302.59662
21.5,-6.5,303.47183
21.5,-5.5,303.98416
21.5,-4.5,303.7215
21.5,-3.5,303.63263
21.5,-2.5,303.5741
21.5,-1.5,303.5499
21.5,-0.5,303.5414
21.5,0.5,303.93686
21.5,1.5,304.199
21.5,2.5,303.47168
21.5,3.5,302.55548
21.5,4.5,302.11264
21.5,5.5,301.65076
21.5,6.5,301.4923
21.5,7.5,301.42548
21.5,8.5,300.06265
21.5,9.5,300.04202
21.5,10.5,301.14154
21.5,11.5,301.31665
21.5,12.5,300.69485
21.5,13.5,300.40952
21.5,14.5,302.08826
21.5,15.5,300.8731
21.5,16.5,299.09702
21.5,17.5,298.5685
21.5,18.5,298.5413
21.5,19.5,296.70932
21.5,20.5,298.49075
21.5,21.5,298.70303
21.5,22.5,298.62405
21.5,23.5,298.24966
21.5,24.5,298.52972
21.5,25.5,297.50186
21.5,26.5,297.56274
21.5,27.5,298.30045
21.5,28.5,298.74734
21.5,29.5,299.79028
21.5,30.5,300.6523
21.5,31.5,300.37262
21.5,32.5,301.33075
21.5,33.5,302.1221
21.5,34.5,301.8303
21.5,35.5,302.6788
21.5,36.5,304.19424
21.5,39.5,305.11844
21.5,40.5,302.41177
21.5,41.5,302.20767
21.5,42.5,302.45346
21.5,43.5,301.57025
21.5,44.5,301.10074
21.5,45.5,301.78192
21.5,46.5,301.86108
21.5,47.5,302.94235
21.5,48.5,303.58865
21.5,49.5,303.19247
21.5,50.5,303.56158
21.5,51.5,304.069
21.5,52.5,304.47202
21.5,53.5,304.7516
21.5,54.5,304.8404
21.5,55.5,304.87848
21.5,56.5,305.60083
21.5,57.5,305.08978
21.5,58.5,303.64468
21.5,70.5,301.9927
21.5,71.5,302.55734
21.5,72.5,302.4548
21.5,73.5,301.28238
21.5,74.5,300.50137
21.5,75.5,302.27603
21.5,76.5,300.606
21.5,77.5,301.28995
21.5,78.5,299.4735
21.5,79.5,299.62393
21.5,80.5,298.77643
21.5,81.5,300.03464
21.5,82.5,300.11197
21.5,83.5,300.00482
21.5,84.5,299.6909
21.5,85.5,300.07907
21.5,86.5,298.86823
21.5,92.5,296.653
21.5,93.5,294.8007
21.5,94.5,298.2084
21.5,95.5,300.01727
21.5,96.5,296.33624
21.5,97.5,295.62225
21.5,98.5,293.3496
21.5,99.5,293.5002
21.5,100.5,293.03818
21.5,101.5,292.82935
21.5,102.5,293.05267
21.5,103.5,293.9238
21.5,104.5,294.89767
21.5,105.5,296.45508
21.5,106.5,295.0074
21.5,107.5,296.00293
21.5,109.5,296.561
21.5,110.5,296.62808
22.5,-105.5,295.57095
22.5,-104.5,291.8994
22.5,-103.5,291.78275
22.5,-102.5,292.69073
22.5,-101.5,292.26334
22.5,-100.5,293.49615
22.5,-99.5,296.2116
22.5,-98.5,297.50378
22.5,-83.5,298.45142
22.5,-81.5,298.54584
22.5,-80.5,297.90924
22.5,-79.5,298.1428
22.5,-15.5,300.31854
22.5,-14.5,300.90686
22.5,-13.5,301.65674
22.5,-12.5,301.53574
22.5,-11.5,301.1465
22.5,-10.5,301.4553
22.5,-9.5,301.946
22.5,-8.5,302.29675
22.5,-7.5,302.31543
22.5,-6.5,302.94986
22.5,-5.5,303.23868
22.5,-4.5,303.26578
22.5,-3.5,303.63177
22.5,-2.5,303.4206
22.5,-1.5,302.9015
22.5,-0.5,302.93988
22.5,0.5,303.11346
22.5,1.5,303.89673
22.5,2.5,303.70013
22.5,3.5,302.79083
22.5,4.5,302.00888
22.5,5.5,299.74695
22.5,6.5,299.56732
22.5,7.5,299.66388
22.5,8.5,298.91766
22.5,9.5,299.5409
22.5,10.5,299.76202
22.5,11.5,299.1608
22.5,12.5,298.9663
22.5,13.5,299.6267
22.5,14.5,299.9536
22.5,15.5,298.39276
22.5,16.5,297.92188
22.5,17.5,298.27847
22.5,18.5,297.836
22.5,19.5,296.04764
22.5,20.5,297.46048
22.5,21.5,298.2053
22.5,22.5,298.03745
22.5,23.5,298.14224
22.5,24.5,297.887
22.5,25.5,297.552
22.5,26.5,296.74762
22.5,27.5,298.0624
22.5,28.5,298.71832
22.5,29.5,299.70676
22.5,30.5,299.95956
22.5,31.5,300.67578
22.5,32.5,300.0938
22.5,33.5,301.12964
22.5,34.5,301.4486
22.5,35.5,301.33774
22.5,39.5,303.46768
22.5,40.5,301.80533
22.5,41.5,301.81723
22.5,42.5,302.02563
22.5,43.5,301.1147
22.5,44.5,300.99744
22.5,45.5,301.21152
22.5,46.5,301.18127
22.5,47.5,301.9664
22.5,48.5,302.81046
22.5,49.5,303.1464
22.5,50.5,303.52615
22.5,51.5,304.11957
22.5,52.5,304.52682
22.5,53.5,304.89105
22.5,54.5,304.96362
22.5,55.5,305.41904
22.5,56.5,305.09647
22.5,57.5,304.2741
22.5,58.5,303.80145
22.5,59.5,302.22842
22.5,69.5,301.96933
22.5,70.5,302.4847
22.5,71.5,302.88446
22.5,72.5,302.01956
22.5,73.5,301.86563
22.5,74.5,300.95477
22.5,75.5,300.58936
22.5,76.5,300.02042
22.5,77.5,299.05054
22.5,78.5,298.6664
22.5,79.5,299.03766
22.5,80.5,297.90958
22.5,81.5,298.48828
22.5,82.5,298.37296
22.5,83.5,298.42358
22.5,84.5,297.73416
22.5,85.5,298.37366
22.5,86.5,299.14108
22.5,87.5,300.01062
22.5,88.5,299.69623
22.5,89.5,299.08356
22.5,90.5,299.21725
22.5,91.5,298.2582
22.5,92.5,294.96915
22.5,93.5,295.66193
22.5,94.5,298.47284
22.5,95.5,299.08856
22.5,96.5,296.06033
22.5,97.5,293.1337
22.5,98.5,292.08435
22.5,99.5,291.66336
22.5,100.5,290.8966
22.5,101.5,291.02866
22.5,102.5,290.4497
22.5,103.5,293.29968
22.5,104.5,292.6241
22.5,105.5,293.21884
22.5,106.5,293.453
22.5,107.5,294.58463
22.5,108.5,294.98123
22.5,109.5,295.22473
22.5,110.5,294.75998
22.5,111.5,294.7706
22.5,112.5,294.89267
22.5,113.5,298.73462
22.5,120.5,295.66074
23.5,-106.5,297.10077
23.5,-105.5,293.5013
23.5,-104.5,290.80206
23.5,-103.5,292.1347
23.5,-102.5,293.068
23.5,-101.5,292.92703
23.5,-100.5,292.50726
23.5,-99.5,293.197
23.5,-98.5,298.10614
23.5,-15.5,298.2363
23.5,-14.5,300.25873
23.5,-13.5,300.5727
23.5,-12.5,300.70462
23.5,-11.5,300.7987
23.5,-10.5,301.1762
23.5,-9.5,301.68176
23.5,-8.5,302.30643
23.5,-7.5,302.28326
23.5,-6.5,302.52478
23.5,-5.5,302.65625
23.5,-4.5,302.66898
23.5,-3.5,302.41046
23.5,-2.5,302.85446
23.5,-1.5,302.45367
23.5,-0.5,302.53848
23.5,0.5,302.79343
23.5,1.5,303.12772
23.5,2.5,303.05188
23.5,3.5,301.9844
23.5,4.5,300.81387
23.5,5.5,298.04813
23.5,6.5,298.1752
23.5,7.5,298.09042
23.5,8.5,298.55853
23.5,9.5,299.19247
23.5,10.5,298.92325
23.5,11.5,297.42163
23.5,12.5,297.17184
23.5,13.5,298.59445
23.5,14.5,299.44235
23.5,15.5,298.28973
23.5,16.5,298.35196
23.5,17.5,299.02127
23.5,18.5,299.28656
23.5,19.5,298.27457
23.5,20.5,297.28583
23.5,21.5,298.0194
23.5,22.5,297.59073
23.5,23.5,297.9194
23.5,24.5,298.0978
23.5,25.5,296.5637
23.5,26.5,296.10736
23.5,27.5,297.40686
23.5,28.5,298.40134
23.5,29.5,299.41245
23.5,30.5,300.03067
23.5,31.5,300.69565
23.5,32.5,300.90878
23.5,33.5,300.675
23.5,34.5,301.11865
23.5,35.5,300.9723
23.5,39.5,303.86618
23.5,40.5,302.31015
23.5,41.5,302.13007
23.5,42.5,301.40765
23.5,43.5,300.78778
23.5,44.5,300.94638
23.5,45.5,301.32782
23.5,46.5,301.49667
23.5,47.5,301.65448
23.5,48.5,302.52637
23.5,49.5,303.3131
23.5,50.5,303.58783
23.5,51.5,304.69336
23.5,52.5,304.12076
23.5,53.5,304.27124
23.5,54.5,304.39487
23.5,55.5,304.67706
23.5,56.5,304.66168
23.5,57.5,301.96103
23.5,58.5,302.96722
23.5,69.5,302.42096
23.5,70.5,303.48822
23.5,71.5,302.84872
23.5,72.5,300.71487
23.5,73.5,300.85605
23.5,74.5,300.28027
23.5,75.5,299.4404
23.5,76.5,299.3769
23.5,77.5,299.2382
23.5,78.5,299.6146
23.5,79.5,299.02075
23.5,80.5,298.1843
23.5,81.5,297.55554
23.5,82.5,298.60135
23.5,83.5,297.25095
23.5,84.5,297.6557
23.5,85.5,298.48138
23.5,86.5,299.68103
23.5,87.5,299.74805
23.5,88.5,299.69867
23.5,89.5,299.2619
23.5,90.5,298.9734
23.5,91.5,297.3547
23.5,92.5,294.96024
23.5,93.5,292.69028
23.5,94.5,295.25925
23.5,95.5,297.22116
23.5,96.5,295.3959
23.5,97.5,293.3854
23.5,98.5,291.0446
23.5,99.5,289.39548
23.5,100.5,289.50537
23.5,101.5,289.9418
23.5,102.5,291.33313
23.5,103.5,291.8384
23.5,104.5,290.0084
23.5,105.5,292.8139
23.5,106.5,294.27258
23.5,107.5,294.02264
23.5,108.5,294.72446
23.5,109.5,293.95352
23.5,110.5,293.0434
23.5,111.5,293.56622
23.5,112.5,294.1742
23.5,113.5,295.0312
23.5,114.5,293.7503
23.5,115.5,294.39453
23.5,116.5,294.06534
23.5,120.5,293.23706
24.5,-111.5,298.81906
24.5,-107.5,298.3241
24.5,-106.5,294.38626
24.5,-105.5,289.80878
24.5,-104.5,292.0169
24.5,-103.5,293.2135
24.5,-102.5,294.53152
24.5,-101.5,294.844
24.5,-100.5,292.1816
24.5,-99.5,292.55426
24.5,-98.5,297.63156
24.5,-14.5,298.66913
24.5,-13.5,299.71973
24.5,-12.5,300.44827
24.5,-11.5,300.54868
24.5,-10.5,300.67642
24.5,-9.5,301.33966
24.5,-8.5,301.58893
24.5,-7.5,301.74524
24.5,-6.5,302.5338
24.5,-5.5,302.46597
24.5,-4.5,302.20132
24.5,-3.5,302.1589
24.5,-2.5,301.7557
24.5,-1.5,301.9174
24.5,-0.5,302.2744
24.5,0.5,302.6021
24.5,1.5,302.72464
24.5,2.5,302.3182
24.5,3.5,301.0801
24.5,4.5,299.95154
24.5,5.5,299.7088
24.5,6.5,297.4734
24.5,7.5,297.24738
24.5,8.5,297.70206
24.5,9.5,297.69064
24.5,10.5,298.08093
24.5,11.5,297.85223
24.5,12.5,296.59515
24.5,13.5,297.66956
24.5,14.5,299.1402
24.5,15.5,298.7264
24.5,16.5,298.2878
24.5,17.5,299.10004
24.5,18.5,298.9681
24.5,19.5,297.8331
24.5,20.5,297.4761
24.5,21.5,297.10675
24.5,22.5,297.5853
24.5,23.5,297.97424
24.5,24.5,297.75235
24.5,25.5,296.6856
24.5,26.5,295.40744
24.5,27.5,296.47452
24.5,28.5,297.64835
24.5,29.5,298.29263
24.5,30.5,298.55762
24.5,31.5,299.09818
24.5,32.5,300.14957
24.5,33.5,300.77496
24.5,34.5,301.10992
24.5,37.5,302.03442
24.5,38.5,302.20224
24.5,39.5,301.49695
24.5,40.5,302.1475
24.5,41.5,301.98035
24.5,42.5,300.78003
24.5,43.5,300.32907
24.5,44.5,300.63544
24.5,45.5,300.43045
24.5,46.5,300.6142
24.5,47.5,301.36258
24.5,48.5,301.51175
24.5,49.5,302.38498
24.5,50.5,303.21313
24.5,51.5,303.26968
24.5,54.5,303.47897
24.5,55.5,304.15863
24.5,56.5,302.5367
24.5,67.5,302.46234
24.5,68.5,302.91434
24.5,69.5,303.11108
24.5,70.5,303.19443
24.5,71.5,302.1452
24.5,72.5,300.23364
24.5,73.5,299.75998
24.5,74.5,299.23776
24.5,75.5,299.6712
24.5,76.5,299.76648
24.5,77.5,299.33353
24.5,78.5,299.4024
24.5,79.5,299.49625
24.5,80.5,299.07428
24.5,81.5,299.27377
24.5,82.5,299.069
24.5,83.5,298.89142
24.5,84.5,298.68784
24.5,85.5,298.82138
24.5,86.5,299.56763
24.5,87.5,299.73892
24.5,88.5,299.52286
24.5,89.5,299.09805
24.5,90.5,298.21487
24.5,91.5,297.16306
24.5,92.5,295.3078
24.5,93.5,293.20212
24.5,94.5,292.94208
24.5,95.5,295.06223
24.5,96.5,294.40396
24.5,97.5,291.53857
24.5,98.5,288.7406
24.5,99.5,288.9735
24.5,100.5,287.55634
24.5,101.5,288.12555
24.5,102.5,289.00867
24.5,103.5,288.4165
24.5,104.5,288.0862
24.5,105.5,292.1028
24.5,106.5,293.41623
24.5,107.5,291.7091
24.5,108.5,291.4542
24.5,109.5,292.23306
24.5,110.5,291.53815
24.5,111.5,290.92734
24.5,112.5,291.5371
24.5,113.5,292.2234
24.5,114.5,292.8822
24.5,115.5,293.25848
24.5,116.5,292.756
24.5,117.5,292.07788
24.5,121.5,294.56357
25.5,-111.5,300.19153
25.5,-108.5,299.00522
25.5,-107.5,295.49756
25.5,-106.5,288.54828
25.5,-105.5,290.9775
25.5,-104.5,293.7001
25.5,-103.5,295.1985
25.5,-102.5,297.36752
25.5,-101.5,293.2174
25.5,-100.5,296.58133
25.5,-99.5,297.056
25.5,-98.5,298.7201
25.5,-97.5,298.25024
25.5,-80.5,299.54547
25.5,-14.5,297.12592
25.5,-13.5,298.46185
25.5,-12.5,299.1095
25.5,-11.5,299.40552
25.5,-10.5,299.71793
25.5,-9.5,300.43436
25.5,-8.5,300.54395
25.5,-7.5,300.57938
25.5,-6.5,301.2778
25.5,-5.5,302.02325
25.5,-4.5,301.8115
25.5,-3.5,301.53915
25.5,-2.5,300.82373
25.5,-1.5,300.9845
25.5,-0.5,301.61435
25.5,0.5,302.16052
25.5,1.5,302.89767
25.5,2.5,302.79034
25.5,3.5,301.1999
25.5,4.5,300.97302
25.5,5.5,298.4251
25.5,6.5,297.54163
25.5,7.5,297.69873
25.5,8.5,296.75046
25.5,9.5,297.61343
25.5,10.5,299.41165
25.5,11.5,299.7329
25.5,12.5,297.1878
25.5,13.5,297.6447
25.5,14.5,298.1835
25.5,15.5,298.74594
25.5,16.5,298.74194
25.5,17.5,299.01367
25.5,18.5,298.76498
25.5,19.5,298.56952
25.5,20.5,297.85724
25.5,21.5,298.69223
25.5,22.5,297.96527
25.5,23.5,298.571
25.5,24.5,298.55292
25.5,25.5,297.32132
25.5,26.5,296.46146
25.5,27.5,296.8497
25.5,28.5,297.42606
25.5,29.5,298.11627
25.5,30.5,297.57166
25.5,31.5,298.34216
25.5,32.5,298.894
25.5,33.5,299.91318
25.5,34.5,300.11032
25.5,37.5,302.1852
25.5,38.5,301.0122
25.5,39.5,300.8038
25.5,40.5,300.67535
25.5,41.5,300.9407
25.5,42.5,300.93253
25.5,43.5,300.8151
25.5,44.5,300.68246
25.5,45.5,300.79526
25.5,46.5,300.31595
25.5,47.5,300.843
25.5,48.5,302.0869
25.5,49.5,302.30002
25.5,50.5,302.64066
25.5,51.5,303.04175
25.5,59.5,303.17673
25.5,60.5,302.64102
25.5,61.5,302.8179
25.5,62.5,302.91595
25.5,63.5,301.22287
25.5,64.5,300.94583
25.5,65.5,301.81024
25.5,66.5,301.07236
25.5,67.5,302.3421
25.5,68.5,303.1018
25.5,69.5,303.09018
25.5,70.5,303.10675
25.5,71.5,302.516
25.5,72.5,301.6313
25.5,73.5,299.00717
25.5,74.5,299.1553
25.5,75.5,299.486
25.5,76.5,299.67047
25.5,77.5,299.42368
25.5,78.5,299.6619
25.5,79.5,299.9641
25.5,80.5,299.81024
25.5,81.5,299.47137
25.5,82.5,299.4523
25.5,83.5,299.34702
25.5,84.5,299.4904
25.5,85.5,299.5351
25.5,86.5,299.0464
25.5,87.5,298.81366
25.5,88.5,298.91
25.5,89.5,298.25186
25.5,90.5,298.34506
25.5,91.5,298.5315
25.5,92.5,295.96417
25.5,93.5,292.49622
25.5,94.5,290.12155
25.5,95.5,291.162
25.5,96.5,292.44986
25.5,97.5,289.4055
25.5,98.5,287.39963
25.5,99.5,286.02118
25.5,100.5,287.3196
25.5,101.5,288.56772
25.5,102.5,286.50232
25.5,103.5,286.88693
25.5,104.5,287.7681
25.5,105.5,290.37912
25.5,106.5,290.00854
25.5,107.5,290.43384
25.5,108.5,290.94177
25.5,109.5,289.90997
25.5,110.5,289.80847
25.5,111.5,289.4943
25.5,112.5,291.21503
25.5,113.5,291.97284
25.5,114.5,291.0119
25.5,115.5,291.20245
25.5,116.5,291.0172
25.5,117.5,290.18997
25.5,118.5,292.20822
26.5,-112.5,298.45953
26.5,-108.5,297.0909
26.5,-107.5,291.4498
26.5,-106.5,288.87134
26.5,-105.5,291.34695
26.5,-104.5,294.83392
26.5,-103.5,297.08337
26.5,-102.5,294.55927
26.5,-101.5,296.49033
26.5,-100.5,296.67548
26.5,-99.5,297.78436
26.5,-98.5,298.19913
26.5,-97.5,297.52777
26.5,-81.5,297.36304
26.5,-80.5,297.5809
26.5,-13.5,296.68842
26.5,-12.5,297.95602
26.5,-11.5,298.3864
26.5,-10.5,298.79312
26.5,-9.5,299.6322
26.5,-8.5,300.1108
26.5,-7.5,300.59048
26.5,-6.5,300.90305
26.5,-5.5,301.07886
26.5,-4.5,300.895
26.5,-3.5,300.64572
26.5,-2.5,300.4795
26.5,-1.5,300.36703
26.5,-0.5,300.96243
26.5,0.5,301.7849
26.5,1.5,302.23633
26.5,2.5,302.5413
26.5,3.5,301.7238
26.5,4.5,300.36438
26.5,5.5,299.6017
26.5,6.5,298.138
26.5,7.5,298.6308
26.5,8.5,299.0711
26.5,9.5,299.46475
26.5,10.5,299.71817
26.5,11.5,298.66302
26.5,12.5,298.79886
26.5,13.5,299.17502
26.5,14.5,299.00424
26.5,15.5,298.45593
26.5,16.5,298.33215
26.5,17.5,298.24277
26.5,18.5,297.9905
26.5,19.5,298.7284
26.5,20.5,298.9168
26.5,21.5,299.03842
26.5,22.5,297.92334
26.5,23.5,298.395
26.5,24.5,298.4237
26.5,25.5,296.98218
26.5,26.5,296.96872
26.5,27.5,297.37723
26.5,28.5,297.55063
26.5,29.5,297.63416
26.5,30.5,297.20563
26.5,31.5,298.0783
26.5,32.5,299.4005
26.5,33.5,300.31393
26.5,36.5,301.78348
26.5,37.5,300.86273
26.5,38.5,299.98984
26.5,39.5,298.85092
26.5,40.5,299.5355
26.5,41.5,299.35788
26.5,42.5,299.72098
26.5,43.5,299.7689
26.5,44.5,299.667
26.5,45.5,300.10968
26.5,46.5,300.42392
26.5,47.5,301.0094
26.5,48.5,301.81027
26.5,49.5,302.99966
26.5,57.5,302.74878
26.5,58.5,302.45786
26.5,59.5,303.6866
26.5,60.5,302.88123
26.5,61.5,301.79736
26.5,62.5,301.29114
26.5,63.5,300.75375
26.5,64.5,300.54425
26.5,65.5,300.86484
26.5,66.5,300.65973
26.5,67.5,301.85388
26.5,68.5,303.26587
26.5,69.5,303.18427
26.5,70.5,301.87662
26.5,71.5,301.99966
26.5,72.5,301.65726
26.5,73.5,300.46542
26.5,74.5,299.70956
26.5,75.5,299.4879
26.5,76.5,299.58203
26.5,77.5,299.3566
26.5,78.5,299.3936
26.5,79.5,299.5809
26.5,80.5,299.36658
26.5,81.5,299.1245
26.5,82.5,298.95157
26.5,83.5,299.10626
26.5,84.5,298.96158
26.5,85.5,298.51132
26.5,86.5,296.787
26.5,87.5,294.84656
26.5,88.5,295.26688
26.5,89.5,293.59204
26.5,90.5,293.50845
26.5,91.5,293.79178
26.5,92.5,294.83383
26.5,93.5,295.41574
26.5,94.5,292.45438
26.5,95.5,289.97168
26.5,96.5,290.1911
26.5,97.5,288.95438
26.5,98.5,284.91644
26.5,99.5,284.47787
26.5,100.5,284.34796
26.5,101.5,285.93604
26.5,102.5,286.57718
26.5,103.5,287.3492
26.5,104.5,286.5854
26.5,105.5,288.2243
26.5,106.5,287.7214
26.5,107.5,288.13187
26.5,108.5,287.90054
26.5,109.5,288.70364
26.5,110.5,289.62445
26.5,111.5,289.82544
26.5,112.5,290.2569
26.5,113.5,289.70297
26.5,114.5,290.50006
26.5,115.5,291.80322
26.5,116.5,291.04703
26.5,117.5,290.66632
26.5,118.5,289.7658
26.5,119.5,290.7016
27.5,-113.5,297.4462
27.5,-112.5,299.7756
27.5,-110.5,299.28156
27.5,-109.5,298.08893
27.5,-108.5,291.36365
27.5,-107.5,288.20865
27.5,-106.5,290.8688
27.5,-105.5,293.8149
27.5,-104.5,295.37097
27.5,-103.5,296.13333
27.5,-102.5,294.48038
27.5,-101.5,295.54996
27.5,-100.5,297.15073
27.5,-99.5,297.6197
27.5,-98.5,296.6792
27.5,-97.5,296.67368
27.5,-82.5,297.52917
27.5,-81.5,296.2074
27.5,-80.5,297.04974
27.5,-12.5,296.346
27.5,-11.5,297.19324
27.5,-10.5,298.40805
27.5,-9.5,298.76105
27.5,-8.5,299.61572
27.5,-7.5,300.21298
27.5,-6.5,300.35956
27.5,-5.5,299.89398
27.5,-4.5,299.91763
27.5,-3.5,299.8628
27.5,-2.5,299.63623
27.5,-1.5,299.8987
27.5,-0.5,300.7683
27.5,0.5,300.99753
27.5,1.5,300.84955
27.5,2.5,300.5058
27.5,3.5,300.27225
27.5,4.5,299.7321
27.5,5.5,299.87787
27.5,6.5,299.50586
27.5,7.5,298.8201
27.5,8.5,299.35892
27.5,9.5,298.75714
27.5,10.5,298.3278
27.5,11.5,297.98993
27.5,12.5,297.95035
27.5,13.5,298.46622
27.5,14.5,298.0892
27.5,15.5,297.78885
27.5,16.5,297.80524
27.5,17.5,298.1676
27.5,18.5,297.97733
27.5,19.5,298.12137
27.5,20.5,298.71213
27.5,21.5,299.30075
27.5,22.5,298.02258
27.5,23.5,298.0166
27.5,24.5,298.48236
27.5,25.5,297.5656
27.5,26.5,297.006
27.5,27.5,297.68167
27.5,28.5,297.63058
27.5,29.5,297.55048
27.5,30.5,297.7512
27.5,31.5,297.32797
27.5,32.5,297.3312
27.5,33.5,298.16284
27.5,36.5,297.73898
27.5,37.5,297.8004
27.5,38.5,297.2329
27.5,39.5,296.68628
27.5,40.5,297.4667
27.5,41.5,299.0453
27.5,42.5,298.5312
27.5,43.5,299.30188
27.5,44.5,299.40402
27.5,45.5,300.2604
27.5,46.5,300.7145
27.5,47.5,301.46555
27.5,48.5,301.92697
27.5,53.5,300.80923
27.5,54.5,301.87347
27.5,55.5,302.18445
27.5,56.5,299.53772
27.5,57.5,301.3549
27.5,58.5,302.10617
27.5,59.5,300.93658
27.5,60.5,299.77618
27.5,61.5,297.73276
27.5,62.5,299.22263
27.5,63.5,299.5437
27.5,64.5,299.29227
27.5,65.5,298.841
27.5,66.5,298.88962
27.5,67.5,300.3904
27.5,68.5,302.7239
27.5,69.5,302.7678
27.5,70.5,301.69894
27.5,71.5,301.29288
27.5,72.5,301.39868
27.5,73.5,301.44672
27.5,74.5,300.1278
27.5,75.5,298.9424
27.5,76.5,298.95175
27.5,77.5,299.0471
27.5,78.5,298.99515
27.5,79.5,298.95566
27.5,80.5,298.6326
27.5,81.5,298.29517
27.5,82.5,296.4543
27.5,83.5,294.71103
27.5,84.5,293.92633
27.5,85.5,293.0882
27.5,86.5,285.57224
27.5,87.5,282.18536
27.5,88.5,276.3771
27.5,89.5,282.2303
27.5,90.5,281.33704
27.5,91.5,280.87732
27.5,92.5,280.80646
27.5,93.5,291.75415
27.5,94.5,291.7082
27.5,95.5,292.98987
27.5,96.5,286.67645
27.5,97.5,280.58453
27.5,98.5,282.04248
27.5,99.5,278.8313
27.5,100.5,281.7872
27.5,101.5,283.5277
27.5,102.5,285.20145
27.5,103.5,286.67648
27.5,104.5,286.76938
27.5,105.5,286.79697
27.5,106.5,287.24582
27.5,107.5,287.83853
27.5,108.5,288.6488
27.5,109.5,289.07257
27.5,110.5,290.12418
27.5,111.5,290.18588
27.5,112.5,290.72714
27.5,113.5,290.01355
27.5,114.5,291.56128
27.5,115.5,290.9611
27.5,116.5,290.89447
27.5,117.5,289.9685
27.5,118.5,289.41446
27.5,119.5,289.59042
27.5,120.5,289.88776
28.5,-113.5,299.82498
28.5,-111.5,299.18524
28.5,-110.5,298.75793
28.5,-109.5,294.368
28.5,-108.5,289.80972
28.5,-107.5,287.46948
28.5,-106.5,290.9979
28.5,-105.5,293.61847
28.5,-104.5,294.43277
28.5,-103.5,296.40463
28.5,-102.5,294.45575
28.5,-101.5,294.53473
28.5,-100.5,296.26877
28.5,-99.5,296.1075
28.5,-98.5,295.82132
28.5,-97.5,295.2142
28.5,-96.5,295.67215
28.5,-82.5,295.79434
28.5,-81.5,296.07974
28.5,-10.5,296.69073
28.5,-9.5,297.59872
28.5,-8.5,299.0687
28.5,-7.5,299.7978
28.5,-6.5,299.4013
28.5,-5.5,299.32764
28.5,-4.5,298.9645
28.5,-3.5,298.9837
28.5,-2.5,299.00034
28.5,-1.5,299.41013
28.5,-0.5,300.3073
28.5,0.5,300.28
28.5,1.5,299.58636
28.5,2.5,298.71393
28.5,3.5,298.23465
28.5,4.5,298.19116
28.5,5.5,298.7759
28.5,6.5,299.2303
28.5,7.5,299.2203
28.5,8.5,298.5939
28.5,9.5,298.10333
28.5,10.5,297.31268
28.5,11.5,296.53473
28.5,12.5,297.15442
28.5,13.5,297.12766
28.5,14.5,296.97025
28.5,15.5,297.29095
28.5,16.5,297.73587
28.5,17.5,298.03403
28.5,18.5,297.85233
28.5,19.5,297.77167
28.5,20.5,298.86395
28.5,21.5,299.08377
28.5,22.5,297.82254
28.5,23.5,297.40927
28.5,24.5,297.43756
28.5,25.5,297.27618
28.5,26.5,297.65588
28.5,27.5,297.50677
28.5,28.5,297.60187
28.5,29.5,297.5195
28.5,30.5,298.02734
28.5,31.5,297.22977
28.5,32.5,297.726
28.5,33.5,295.44785
28.5,34.5,297.0339
28.5,35.5,298.98602
28.5,36.5,297.02936
28.5,37.5,297.30963
28.5,38.5,297.52585
28.5,39.5,296.33423
28.5,40.5,296.6276
28.5,41.5,297.436
28.5,42.5,297.909
28.5,43.5,298.74896
28.5,44.5,299.40524
28.5,45.5,299.70895
28.5,46.5,300.33762
28.5,47.5,301.49686
28.5,51.5,299.41794
28.5,52.5,297.97107
28.5,53.5,296.62097
28.5,54.5,294.98535
28.5,55.5,297.09717
28.5,56.5,294.38495
28.5,57.5,296.1701
28.5,58.5,301.81827
28.5,59.5,298.46436
28.5,60.5,295.66998
28.5,61.5,296.5164
28.5,62.5,299.2199
28.5,63.5,300.06116
28.5,64.5,299.61417
28.5,65.5,295.67938
28.5,66.5,295.616
28.5,67.5,298.7809
28.5,68.5,301.6813
28.5,69.5,301.95642
28.5,70.5,301.97748
28.5,71.5,302.3707
28.5,72.5,301.90204
28.5,73.5,301.7493
28.5,74.5,301.42923
28.5,75.5,300.07474
28.5,76.5,298.5696
28.5,77.5,298.933
28.5,78.5,297.87424
28.5,79.5,297.42566
28.5,80.5,295.26672
28.5,81.5,292.01508
28.5,82.5,286.1122
28.5,83.5,280.0115
28.5,84.5,284.8711
28.5,85.5,279.17737
28.5,86.5,273.83722
28.5,87.5,275.20935
28.5,88.5,276.15915
28.5,89.5,277.6874
28.5,90.5,276.1179
28.5,91.5,277.5015
28.5,92.5,276.21344
28.5,93.5,281.12463
28.5,94.5,285.55972
28.5,95.5,287.57108
28.5,96.5,283.42627
28.5,97.5,278.49902
28.5,98.5,276.94266
28.5,99.5,278.2625
28.5,100.5,278.0541
28.5,101.5,280.44568
28.5,102.5,282.19452
28.5,103.5,284.14334
28.5,104.5,289.3054
28.5,105.5,289.80984
28.5,106.5,289.86105
28.5,107.5,286.81863
28.5,108.5,286.74985
28.5,109.5,288.55124
28.5,110.5,288.04028
28.5,111.5,289.24542
28.5,112.5,289.9853
28.5,113.5,290.27042
28.5,114.5,290.45322
28.5,115.5,290.37372
28.5,116.5,291.03018
28.5,117.5,289.85556
28.5,118.5,288.73822
28.5,119.5,288.94708
28.5,120.5,290.5004
29.5,-114.5,298.4695
29.5,-111.5,298.2153
29.5,-110.5,295.71075
29.5,-109.5,293.89285
29.5,-108.5,289.681
29.5,-107.5,289.75363
29.5,-106.5,291.99057
29.5,-105.5,295.29135
29.5,-104.5,293.5416
29.5,-103.5,295.2142
29.5,-102.5,294.53897
29.5,-101.5,294.96375
29.5,-100.5,294.4784
29.5,-99.5,293.72064
29.5,-98.5,293.75723
29.5,-97.5,293.90466
29.5,-96.5,294.05435
29.5,-95.5,294.65848
29.5,-90.5,293.81256
29.5,-82.5,294.54327
29.5,-81.5,295.11816
29.5,-9.5,295.5603
29.5,-8.5,296.78003
29.5,-7.5,298.4098
29.5,-6.5,298.82437
29.5,-5.5,298.68607
29.5,-4.5,298.84695
29.5,-3.5,298.32086
29.5,-2.5,298.66434
29.5,-1.5,298.09067
29.5,-0.5,298.30667
29.5,0.5,298.86655
29.5,1.5,299.1528
29.5,2.5,298.46255
29.5,3.5,297.93268
29.5,4.5,297.95316
29.5,5.5,298.18118
29.5,6.5,298.6941
29.5,7.5,298.27686
29.5,8.5,298.5908
29.5,9.5,298.28214
29.5,10.5,297.4845
29.5,11.5,296.46558
29.5,12.5,296.46313
29.5,13.5,296.68442
29.5,14.5,297.61038
29.5,15.5,298.4119
29.5,16.5,298.39233
29.5,17.5,297.81873
29.5,18.5,297.76535
29.5,19.5,298.40775
29.5,20.5,299.03787
29.5,21.5,298.51117
29.5,22.5,297.76453
29.5,23.5,297.38858
29.5,24.5,297.33942
29.5,25.5,298.024
29.5,26.5,297.97116
29.5,27.5,298.256
29.5,28.5,298.00793
29.5,29.5,297.39468
29.5,30.5,297.61545
29.5,31.5,297.4129
29.5,32.5,296.11392
29.5,33.5,295.60358
29.5,34.5,297.27234
29.5,35.5,295.97183
29.5,36.5,295.93765
29.5,37.5,296.56097
29.5,38.5,297.2727
29.5,39.5,296.81815
29.5,40.5,296.9601
29.5,41.5,298.02902
29.5,42.5,298.51035
29.5,43.5,298.8955
29.5,44.5,299.4107
29.5,45.5,299.4171
29.5,46.5,299.98724
29.5,47.5,301.25943
29.5,51.5,295.4502
29.5,52.5,292.561
29.5,53.5,291.80814
29.5,54.5,293.32043
29.5,55.5,292.56378
29.5,56.5,293.1377
29.5,57.5,292.46518
29.5,58.5,299.74496
29.5,59.5,299.17526
29.5,60.5,296.39246
29.5,61.5,297.29495
29.5,62.5,297.87943
29.5,63.5,298.06656
29.5,64.5,298.8067
29.5,65.5,297.20517
29.5,66.5,293.70218
29.5,67.5,296.33713
29.5,68.5,299.20102
29.5,69.5,298.22845
29.5,70.5,300.69577
29.5,71.5,300.77347
29.5,72.5,301.0353
29.5,73.5,300.51184
29.5,74.5,300.00278
29.5,75.5,298.93982
29.5,76.5,297.98184
29.5,77.5,296.88824
29.5,78.5,293.65887
29.5,79.5,292.60266
29.5,80.5,285.57806
29.5,81.5,280.96674
29.5,82.5,276.54852
29.5,83.5,274.1048
29.5,84.5,272.86722
29.5,85.5,272.70605
29.5,86.5,272.58612
29.5,87.5,277.05096
29.5,88.5,277.14984
29.5,89.5,276.5764
29.5,90.5,278.6185
29.5,91.5,280.0694
29.5,92.5,276.30453
29.5,93.5,276.666
29.5,94.5,276.47644
29.5,95.5,275.11993
29.5,96.5,273.57574
29.5,97.5,274.80255
29.5,98.5,276.55728
29.5,99.5,276.75186
29.5,100.5,276.71033
29.5,101.5,277.94998
29.5,102.5,280.88303
29.5,103.5,286.5161
29.5,104.5,291.5729
29.5,105.5,291.72043
29.5,106.5,290.37683
29.5,107.5,288.90085
29.5,108.5,286.12863
29.5,109.5,286.95386
29.5,110.5,287.37347
29.5,111.5,288.93744
29.5,112.5,290.0583
29.5,113.5,290.07812
29.5,114.5,289.63177
29.5,115.5,290.06958
29.5,116.5,290.43274
29.5,117.5,289.58182
29.5,118.5,288.9539
29.5,119.5,289.04245
29.5,120.5,289.73593
29.5,121.5,288.92218
30.5,-115.5,294.7866
30.5,-112.5,297.94897
30.5,-111.5,296.00604
30.5,-110.5,293.52533
30.5,-109.5,292.6978
30.5,-108.5,291.22867
30.5,-107.5,292.64066
30.5,-106.5,293.25192
30.5,-105.5,294.06006
30.5,-104.5,292.81744
30.5,-103.5,292.96628
30.5,-102.5,294.2754
30.5,-101.5,293.83316
30.5,-100.5,293.31967
30.5,-99.5,293.0447
30.5,-98.5,292.75464
30.5,-97.5,293.2666
30.5,-96.5,292.99078
30.5,-95.5,293.4947
30.5,-94.5,293.0169
30.5,-93.5,292.70706
30.5,-92.5,292.35202
30.5,-91.5,292.11554
30.5,-90.5,292.6064
30.5,-89.5,293.15448
30.5,-88.5,293.48257
30.5,-87.5,293.25024
30.5,-86.5,293.68848
30.5,-85.5,293.48407
30.5,-84.5,293.1022
30.5,-83.5,293.31186
30.5,-82.5,293.6262
30.5,-81.5,295.07568
30.5,-9.5,294.19897
30.5,-8.5,289.87903
30.5,-7.5,294.03848
30.5,-6.5,296.3952
30.5,-5.5,297.14996
30.5,-4.5,298.14664
30.5,-3.5,297.43314
30.5,-2.5,297.85617
30.5,-1.5,296.98453
30.5,-0.5,296.8345
30.5,0.5,296.98352
30.5,1.5,296.99734
30.5,2.5,297.08505
30.5,3.5,297.88055
30.5,4.5,298.38052
30.5,5.5,298.41525
30.5,6.5,298.5709
30.5,7.5,298.1973
30.5,8.5,297.51398
30.5,9.5,297.61765
30.5,10.5,297.59784
30.5,11.5,296.57544
30.5,12.5,296.0775
30.5,13.5,296.54407
30.5,14.5,297.75043
30.5,15.5,297.9659
30.5,16.5,297.79593
30.5,17.5,297.19797
30.5,18.5,296.39795
30.5,20.5,298.109
30.5,21.5,298.13248
30.5,22.5,297.87384
30.5,23.5,297.38763
30.5,24.5,297.11447
30.5,25.5,296.914
30.5,26.5,296.46857
30.5,27.5,297.42047
30.5,28.5,297.37454
30.5,29.5,296.9768
30.5,30.5,296.51108
30.5,31.5,296.34167
30.5,32.5,296.48767
30.5,33.5,296.20456
30.5,34.5,296.81122
30.5,35.5,297.1925
30.5,36.5,295.85165
30.5,37.5,297.28812
30.5,38.5,297.47467
30.5,39.5,297.12973
30.5,40.5,297.1622
30.5,41.5,298.20377
30.5,42.5,298.75244
30.5,43.5,299.14423
30.5,44.5,299.60825
30.5,45.5,300.59027
30.5,46.5,301.08252
30.5,47.5,301.66333
30.5,48.5,302.3969
30.5,49.5,301.39893
30.5,50.5,295.246
30.5,51.5,289.51752
30.5,52.5,288.72678
30.5,53.5,293.14377
30.5,54.5,293.52524
30.5,55.5,293.40826
30.5,56.5,293.5887
30.5,57.5,297.17398
30.5,58.5,300.64142
30.5,59.5,298.57733
30.5,60.5,297.47745
30.5,61.5,299.1525
30.5,62.5,298.47437
30.5,63.5,297.48535
30.5,64.5,296.91318
30.5,65.5,295.97815
30.5,66.5,294.12982
30.5,67.5,292.6996
30.5,68.5,294.88397
30.5,69.5,294.73645
30.5,70.5,298.29697
30.5,71.5,300.12897
30.5,72.5,299.3168
30.5,73.5,299.13168
30.5,74.5,298.45578
30.5,75.5,297.59268
30.5,76.5,296.02853
30.5,77.5,290.1828
30.5,78.5,283.5658
30.5,79.5,271.17258
30.5,80.5,276.4324
30.5,81.5,272.4353
30.5,82.5,267.54333
30.5,83.5,270.25256
30.5,84.5,272.5336
30.5,85.5,273.0962
30.5,86.5,275.8403
30.5,87.5,274.45752
30.5,88.5,274.55344
30.5,89.5,274.06668
30.5,90.5,275.61905
30.5,91.5,273.99594
30.5,92.5,271.32486
30.5,93.5,272.17084
30.5,94.5,272.73456
30.5,95.5,274.8778
30.5,96.5,271.50842
30.5,97.5,276.68628
30.5,98.5,277.05014
30.5,99.5,276.01547
30.5,100.5,276.08194
30.5,101.5,277.56314
30.5,102.5,282.35983
30.5,103.5,284.79037
30.5,104.5,289.79636
30.5,105.5,290.67484
30.5,106.5,290.6756
30.5,107.5,290.08954
30.5,108.5,288.47012
30.5,109.5,286.52335
30.5,110.5,286.5663
30.5,111.5,287.8677
30.5,112.5,289.7414
30.5,113.5,289.95938
30.5,114.5,290.60165
30.5,115.5,289.39957
30.5,116.5,288.26224
30.5,117.5,288.72507
30.5,118.5,288.40244
30.5,119.5,289.14487
30.5,120.5,289.80664
31.5,-116.5,291.4156
31.5,-115.5,297.0953
31.5,-113.5,298.4934
31.5,-112.5,297.63895
31.5,-111.5,294.73337
31.5,-110.5,292.61188
31.5,-109.5,291.24033
31.5,-108.5,291.3547
31.5,-107.5,292.78308
31.5,-106.5,293.25928
31.5,-105.5,292.8762
31.5,-104.5,293.36554
31.5,-103.5,294.3496
31.5,-102.5,293.9241
31.5,-101.5,293.12115
31.5,-100.5,293.0855
31.5,-99.5,292.79517
31.5,-98.5,292.99713
31.5,-97.5,292.921
31.5,-96.5,292.42258
31.5,-95.5,292.4948
31.5,-94.5,292.45694
31.5,-93.5,292.39938
31.5,-92.5,292.10233
31.5,-91.5,291.46808
31.5,-90.5,291.66595
31.5,-89.5,292.02655
31.5,-88.5,291.95386
31.5,-87.5,292.0091
31.5,-86.5,292.04678
31.5,-85.5,292.3219
31.5,-84.5,292.1395
31.5,-83.5,292.37277
31.5,-82.5,292.50394
31.5,-81.5,293.3453
31.5,-9.5,293.6194
31.5,-8.5,292.36053
31.5,-7.5,291.7429
31.5,-6.5,293.8987
31.5,-5.5,290.63086
31.5,-4.5,295.31702
31.5,-3.5,296.38535
31.5,-2.5,296.6825
31.5,-1.5,295.77896
31.5,-0.5,296.0072
31.5,0.5,295.998
31.5,1.5,296.05048
31.5,2.5,296.02502
31.5,3.5,297.32452
31.5,4.5,297.93756
31.5,5.5,298.1149
31.5,6.5,298.10904
31.5,7.5,297.81284
31.5,8.5,297.0758
31.5,9.5,296.71072
31.5,10.5,296.08002
31.5,11.5,295.56805
31.5,12.5,294.9226
31.5,13.5,295.37808
31.5,14.5,297.1092
31.5,15.5,296.85104
31.5,20.5,296.93155
31.5,21.5,297.14365
31.5,22.5,297.20465
31.5,23.5,296.55515
31.5,24.5,296.27005
31.5,25.5,295.0476
31.5,26.5,294.91415
31.5,34.5,294.89636
31.5,35.5,293.32574
31.5,36.5,295.72702
31.5,37.5,296.35828
31.5,38.5,296.18753
31.5,39.5,296.0763
31.5,40.5,296.1377
31.5,41.5,297.7011
31.5,42.5,298.627
31.5,43.5,299.17105
31.5,44.5,300.21045
31.5,45.5,301.5415
31.5,46.5,301.69196
31.5,47.5,301.8153
31.5,48.5,301.30798
31.5,49.5,297.52625
31.5,50.5,288.13782
31.5,51.5,287.67072
31.5,52.5,291.3608
31.5,53.5,292.09985
31.5,54.5,292.017
31.5,55.5,292.1273
31.5,56.5,293.8414
31.5,57.5,297.6714
31.5,58.5,298.77548
31.5,59.5,295.53882
31.5,60.5,295.3567
31.5,61.5,298.28348
31.5,62.5,298.7524
31.5,63.5,298.01166
31.5,64.5,296.17706
31.5,65.5,293.66824
31.5,66.5,292.22662
31.5,67.5,289.5424
31.5,68.5,290.87686
31.5,69.5,293.58405
31.5,70.5,297.95102
31.5,71.5,300.64954
31.5,72.5,299.20343
31.5,73.5,298.55673
31.5,74.5,298.1765
31.5,75.5,295.6739
31.5,76.5,291.61316
31.5,77.5,279.34372
31.5,78.5,273.7687
31.5,79.5,269.97253
31.5,80.5,270.46866
31.5,81.5,271.09708
31.5,82.5,270.88116
31.5,83.5,274.67038
31.5,84.5,274.9884
31.5,85.5,274.89383
31.5,86.5,276.66714
31.5,87.5,276.34302
31.5,88.5,275.8253
31.5,89.5,276.14023
31.5,90.5,275.40253
31.5,91.5,274.03305
31.5,92.5,272.79572
31.5,93.5,271.55548
31.5,94.5,270.71695
31.5,95.5,271.3671
31.5,96.5,275.21826
31.5,97.5,274.90106
31.5,98.5,273.56656
31.5,99.5,274.9125
31.5,100.5,275.271
31.5,101.5,277.52438
31.5,102.5,277.43243
31.5,103.5,280.09775
31.5,104.5,285.33337
31.5,105.5,289.7047
31.5,106.5,289.12326
31.5,107.5,288.31152
31.5,108.5,286.2278
31.5,109.5,284.3841
31.5,110.5,287.8261
31.5,111.5,288.0997
31.5,112.5,288.79218
31.5,113.5,288.7812
31.5,114.5,289.1954
31.5,115.5,288.8068
31.5,116.5,287.9413
31.5,117.5,289.13864
31.5,118.5,289.0879
31.5,119.5,288.7646
31.5,120.5,289.92917
31.5,121.5,289.99518
31.5,130.5,290.06345
32.5,-116.5,293.35785
32.5,-115.5,297.63043
32.5,-114.5,298.58374
32.5,-113.5,297.96735
32.5,-112.5,297.47607
32.5,-111.5,295.00568
32.5,-110.5,291.29272
32.5,-109.5,291.03076
32.5,-108.5,291.3708
32.5,-107.5,290.6175
32.5,-106.5,292.8551
32.5,-105.5,290.59467
32.5,-104.5,291.4996
32.5,-103.5,292.86267
32.5,-102.5,292.62973
32.5,-101.5,292.78293
32.5,-100.5,293.01486
32.5,-99.5,292.79855
32.5,-98.5,292.2169
32.5,-97.5,292.5818
32.5,-96.5,292.27335
32.5,-95.5,291.52966
32.5,-94.5,291.8346
32.5,-93.5,291.64752
32.5,-92.5,291.41025
32.5,-91.5,291.24744
32.5,-90.5,290.98416
32.5,-89.5,291.22406
32.5,-88.5,291.20438
32.5,-87.5,291.3807
32.5,-86.5,291.3526
32.5,-85.5,291.3578
32.5,-84.5,291.644
32.5,-83.5,291.36337
32.5,-82.5,291.69565
32.5,-81.5,291.8375
32.5,-80.5,293.08673
32.5,-8.5,294.0733
32.5,-7.5,293.80362
32.5,-6.5,290.8361
32.5,-5.5,289.661
32.5,-4.5,291.79184
32.5,-3.5,293.3239
32.5,-2.5,292.65198
32.5,-1.5,292.92004
32.5,-0.5,293.04202
32.5,0.5,294.46558
32.5,1.5,295.31436
32.5,2.5,295.19214
32.5,3.5,295.95544
32.5,4.5,296.96954
32.5,5.5,297.56766
32.5,6.5,297.6451
32.5,7.5,297.42798
32.5,8.5,297.1658
32.5,9.5,296.69302
32.5,10.5,295.62302
32.5,11.5,296.9523
32.5,12.5,296.2276
32.5,13.5,295.88837
32.5,14.5,295.52164
32.5,21.5,294.99387
32.5,22.5,295.24112
32.5,35.5,292.53714
32.5,36.5,294.3208
32.5,37.5,296.48862
32.5,38.5,295.83704
32.5,39.5,295.52396
32.5,40.5,296.05307
32.5,41.5,297.3853
32.5,42.5,298.4602
32.5,43.5,299.53903
32.5,44.5,300.32425
32.5,45.5,300.73795
32.5,46.5,300.13147
32.5,47.5,298.21844
32.5,48.5,295.7938
32.5,49.5,291.42508
32.5,50.5,286.89337
32.5,51.5,290.2455
32.5,52.5,291.16473
32.5,53.5,292.98108
32.5,54.5,297.40427
32.5,55.5,294.98883
32.5,56.5,294.82352
32.5,57.5,297.6787
32.5,58.5,296.2102
32.5,59.5,292.05292
32.5,60.5,294.1144
32.5,61.5,295.81683
32.5,62.5,296.79477
32.5,63.5,294.74066
32.5,64.5,291.87732
32.5,65.5,291.08435
32.5,66.5,289.67038
32.5,67.5,288.07767
32.5,68.5,289.22043
32.5,69.5,293.71628
32.5,70.5,297.38736
32.5,71.5,298.36847
32.5,72.5,297.0734
32.5,73.5,297.13702
32.5,74.5,295.63116
32.5,75.5,289.70633
32.5,76.5,279.48602
32.5,77.5,270.76086
32.5,78.5,269.91803
32.5,79.5,272.24646
32.5,80.5,270.7673
32.5,81.5,273.91257
32.5,82.5,274.07852
32.5,83.5,274.56012
32.5,84.5,274.79675
32.5,85.5,274.1439
32.5,86.5,274.63144
32.5,87.5,274.10025
32.5,88.5,274.5065
32.5,89.5,275.0213
32.5,90.5,274.22046
32.5,91.5,272.86252
32.5,92.5,271.4014
32.5,93.5,272.35168
32.5,94.5,269.86307
32.5,95.5,271.87207
32.5,96.5,273.27045
32.5,97.5,272.92096
32.5,98.5,272.72714
32.5,99.5,273.33527
32.5,100.5,274.33826
32.5,101.5,275.10556
32.5,102.5,275.8527
32.5,103.5,277.06326
32.5,104.5,280.86746
32.5,105.5,285.46512
32.5,106.5,286.6762
32.5,107.5,286.4938
32.5,108.5,284.09204
32.5,109.5,285.56363
32.5,110.5,286.4362
32.5,111.5,287.57965
32.5,112.5,289.02518
32.5,113.5,288.51443
32.5,114.5,289.50137
32.5,115.5,289.18683
32.5,116.5,289.31036
32.5,117.5,289.28595
32.5,118.5,288.8815
32.5,119.5,288.5495
32.5,120.5,288.34686
32.5,130.5,288.0171
32.5,131.5,287.02377
33.5,-117.5,292.0091
33.5,-116.5,295.48788
33.5,-115.5,298.95908
33.5,-114.5,297.19186
33.5,-113.5,296.9278
33.5,-112.5,296.1325
33.5,-111.5,293.38385
33.5,-110.5,289.67322
33.5,-109.5,287.05313
33.5,-108.5,286.6932
33.5,-107.5,287.85046
33.5,-106.5,289.8768
33.5,-105.5,288.30576
33.5,-104.5,290.58102
33.5,-103.5,291.08954
33.5,-102.5,290.97116
33.5,-101.5,291.40936
33.5,-100.5,292.37573
33.5,-99.5,292.5389
33.5,-98.5,291.96948
33.5,-97.5,291.6313
33.5,-96.5,291.24722
33.5,-95.5,290.79337
33.5,-94.5,290.64468
33.5,-93.5,290.77945
33.5,-92.5,290.5541
33.5,-91.5,290.6263
33.5,-90.5,290.63443
33.5,-89.5,290.12128
33.5,-88.5,290.28564
33.5,-87.5,290.4615
33.5,-86.5,289.8333
33.5,-85.5,289.8222
33.5,-84.5,290.60037
33.5,-83.5,290.27472
33.5,-82.5,290.92105
33.5,-81.5,291.4164
33.5,-80.5,291.31674
33.5,-79.5,291.69818
33.5,-7.5,292.10007
33.5,-6.5,292.35693
33.5,-5.5,290.2421
33.5,-4.5,289.5528
33.5,-3.5,289.72736
33.5,-2.5,291.08035
33.5,-1.5,291.86655
33.5,-0.5,291.9748
33.5,0.5,292.57574
33.5,1.5,292.8657
33.5,2.5,293.23145
33.5,3.5,294.6548
33.5,4.5,296.2007
33.5,5.5,297.48193
33.5,6.5,297.6622
33.5,7.5,297.5974
33.5,8.5,297.69052
33.5,9.5,296.60394
33.5,10.5,295.81644
33.5,35.5,291.4679
33.5,36.5,291.1637
33.5,37.5,294.3793
33.5,38.5,295.27625
33.5,39.5,295.51962
33.5,40.5,295.9852
33.5,41.5,296.78433
33.5,42.5,298.3178
33.5,43.5,299.86414
33.5,44.5,299.5779
33.5,45.5,298.4931
33.5,46.5,295.28326
33.5,47.5,291.63034
33.5,48.5,287.95407
33.5,49.5,284.70865
33.5,50.5,286.96967
33.5,51.5,293.4131
33.5,52.5,290.41623
33.5,53.5,295.89557
33.5,54.5,295.8691
33.5,55.5,295.26514
33.5,56.5,295.74918
33.5,57.5,294.9515
33.5,58.5,292.22473
33.5,59.5,290.92957
33.5,60.5,291.9088
33.5,61.5,293.13992
33.5,62.5,291.22842
33.5,63.5,287.16644
33.5,64.5,284.80847
33.5,65.5,284.61517
33.5,66.5,282.0342
33.5,67.5,282.41336
33.5,68.5,284.1909
33.5,69.5,288.7955
33.5,70.5,291.559
33.5,71.5,295.40625
33.5,72.5,295.94037
33.5,73.5,292.43237
33.5,74.5,291.46283
33.5,75.5,282.4229
33.5,76.5,271.66537
33.5,77.5,269.84454
33.5,78.5,271.0221
33.5,79.5,270.08624
33.5,80.5,272.14023
33.5,81.5,272.13568
33.5,82.5,272.6529
33.5,83.5,273.56937
33.5,84.5,272.9489
33.5,85.5,272.8656
33.5,86.5,273.0027
33.5,87.5,272.3172
33.5,88.5,271.6889
33.5,89.5,271.72852
33.5,90.5,270.88254
33.5,91.5,271.23648
33.5,92.5,272.14487
33.5,93.5,272.68173
33.5,94.5,269.9624
33.5,95.5,270.3007
33.5,96.5,271.12717
33.5,97.5,272.3391
33.5,98.5,272.26443
33.5,99.5,271.0549
33.5,100.5,272.51007
33.5,101.5,273.57767
33.5,102.5,276.28546
33.5,103.5,277.82462
33.5,104.5,280.33395
33.5,105.5,282.53366
33.5,106.5,285.63336
33.5,107.5,283.72372
33.5,108.5,285.44058
33.5,109.5,284.0269
33.5,110.5,284.96704
33.5,111.5,286.116
33.5,112.5,287.4952
33.5,113.5,288.6101
33.5,114.5,289.1584
33.5,115.5,289.12933
33.5,116.5,289.0988
33.5,117.5,288.89423
33.5,118.5,288.65912
33.5,119.5,288.13574
33.5,120.5,287.91553
33.5,130.5,289.50354
33.5,132.5,287.83762
33.5,133.5,286.22385
34.5,-119.5,289.67422
34.5,-118.5,290.41415
34.5,-117.5,292.30338
34.5,-116.5,292.449
34.5,-115.5,294.35983
34.5,-114.5,296.01184
34.5,-113.5,292.62637
34.5,-112.5,292.19443
34.5,-111.5,288.90192
34.5,-110.5,287.74265
34.5,-109.5,285.7742
34.5,-108.5,284.64258
34.5,-107.5,285.78192
34.5,-106.5,287.51483
34.5,-105.5,287.4052
34.5,-104.5,289.54846
34.5,-103.5,289.60577
34.5,-102.5,289.43896
34.5,-101.5,290.4223
34.5,-100.5,291.18112
34.5,-99.5,291.279
34.5,-98.5,290.65237
34.5,-97.5,290.3725
34.5,-96.5,289.99612
34.5,-95.5,289.97784
34.5,-94.5,289.3995
34.5,-93.5,289.31454
34.5,-92.5,289.58002
34.5,-91.5,289.75745
34.5,-90.5,289.69812
34.5,-89.5,289.29837
34.5,-88.5,289.33618
34.5,-87.5,289.0597
34.5,-86.5,288.45636
34.5,-85.5,288.4349
34.5,-84.5,288.0662
34.5,-83.5,287.9466
34.5,-82.5,289.41507
34.5,-81.5,289.79953
34.5,-80.5,290.47916
34.5,-79.5,290.1462
34.5,-78.5,290.05157
34.5,-77.5,291.42145
34.5,-6.5,292.4544
34.5,-5.5,291.78183
34.5,-4.5,290.63113
34.5,-3.5,293.46262
34.5,-2.5,292.4189
34.5,-1.5,292.70712
34.5,-0.5,291.89282
34.5,0.5,291.68207
34.5,1.5,290.7485
34.5,2.5,291.46936
34.5,3.5,292.6937
34.5,4.5,294.1264
34.5,5.5,296.6293
34.5,6.5,295.9066
34.5,7.5,294.76917
34.5,8.5,294.78632
34.5,9.5,295.30997
34.5,36.5,289.81696
34.5,37.5,292.09583
34.5,38.5,293.8203
34.5,39.5,295.9597
34.5,40.5,296.633
34.5,41.5,296.51917
34.5,42.5,298.21573
34.5,43.5,299.15982
34.5,44.5,298.27182
34.5,45.5,294.7273
34.5,46.5,288.13593
34.5,47.5,285.86523
34.5,48.5,286.65997
34.5,49.5,286.945
34.5,50.5,289.55835
34.5,51.5,293.165
34.5,52.5,294.5532
34.5,53.5,295.09625
34.5,54.5,295.2399
34.5,55.5,296.04385
34.5,56.5,295.50534
34.5,57.5,293.8391
34.5,58.5,292.78677
34.5,59.5,292.07205
34.5,60.5,293.43198
34.5,61.5,291.17203
34.5,62.5,288.24384
34.5,63.5,286.87323
34.5,64.5,282.11172
34.5,65.5,278.088
34.5,66.5,277.6029
34.5,67.5,277.3318
34.5,68.5,281.76144
34.5,69.5,284.74225
34.5,70.5,285.77435
34.5,71.5,291.67218
34.5,72.5,290.0366
34.5,73.5,282.07916
34.5,74.5,276.52368
34.5,75.5,273.6314
34.5,76.5,268.12924
34.5,77.5,268.2877
34.5,78.5,267.34964
34.5,79.5,268.80658
34.5,80.5,269.4556
34.5,81.5,270.8067
34.5,82.5,270.79724
34.5,83.5,270.46832
34.5,84.5,270.6874
34.5,85.5,271.05084
34.5,86.5,271.62244
34.5,87.5,271.25327
34.5,88.5,270.50873
34.5,89.5,270.21756
34.5,90.5,270.3002
34.5,91.5,270.96463
34.5,92.5,272.36963
34.5,93.5,273.49344
34.5,94.5,271.59473
34.5,95.5,270.88235
34.5,96.5,271.34482
34.5,97.5,271.06888
34.5,98.5,272.08823
34.5,99.5,271.77753
34.5,100.5,272.62265
34.5,101.5,273.6583
34.5,102.5,275.30585
34.5,103.5,277.3751
34.5,104.5,280.1297
34.5,105.5,281.9362
34.5,106.5,281.27518
34.5,107.5,281.3921
34.5,108.5,284.69577
34.5,109.5,284.66074
34.5,110.5,285.69507
34.5,111.5,285.52594
34.5,112.5,287.28363
34.5,113.5,288.66187
34.5,114.5,288.8826
34.5,115.5,288.8076
34.5,116.5,288.65866
34.5,117.5,288.29254
34.5,118.5,288.0611
34.5,119.5,287.7386
34.5,131.5,287.459
34.5,132.5,286.25546
34.5,133.5,287.00516
34.5,134.5,288.83023
34.5,135.5,287.5324
34.5,136.5,287.79376
35.5,-120.5,290.32935
35.5,-119.5,289.77664
35.5,-118.5,289.26605
35.5,-117.5,292.09674
35.5,-116.5,295.6749
35.5,-115.5,292.93427
35.5,-114.5,293.6525
35.5,-113.5,288.97546
35.5,-112.5,286.41675
35.5,-111.5,286.9171
35.5,-110.5,288.62805
35.5,-109.5,286.51767
35.5,-108.5,284.95984
35.5,-107.5,285.75787
35.5,-106.5,284.0674
35.5,-105.5,284.64087
35.5,-104.5,287.07513
35.5,-103.5,288.84494
35.5,-102.5,288.74094
35.5,-101.5,289.64767
35.5,-100.5,289.94427
35.5,-99.5,289.7158
35.5,-98.5,289.5409
35.5,-97.5,289.586
35.5,-96.5,289.2814
35.5,-95.5,288.83844
35.5,-94.5,288.4243
35.5,-93.5,287.58295
35.5,-92.5,288.0996
35.5,-91.5,288.62335
35.5,-90.5,288.80362
35.5,-89.5,288.45773
35.5,-88.5,288.27304
35.5,-87.5,288.02835
35.5,-86.5,287.4178
35.5,-85.5,287.62814
35.5,-84.5,286.1532
35.5,-83.5,286.6543
35.5,-82.5,285.94315
35.5,-81.5,287.62918
35.5,-80.5,288.59814
35.5,-79.5,288.51987
35.5,-78.5,289.35718
35.5,-77.5,289.28058
35.5,-76.5,289.9853
35.5,-5.5,291.22122
35.5,-0.5,292.67917
35.5,0.5,292.166
35.5,1.5,291.26376
35.5,2.5,291.01038
35.5,3.5,291.8728
35.5,4.5,291.6945
35.5,5.5,291.53152
35.5,6.5,290.78076
35.5,7.5,290.54437
35.5,8.5,291.46405
35.5,9.5,292.89203
35.5,10.5,294.64526
35.5,36.5,292.19513
35.5,37.5,293.13373
35.5,38.5,294.09018
35.5,39.5,296.18015
35.5,40.5,296.2029
35.5,41.5,296.61246
35.5,42.5,296.93555
35.5,43.5,296.8463
35.5,44.5,295.18942
35.5,45.5,290.53
35.5,46.5,285.75638
35.5,47.5,284.97226
35.5,48.5,285.89932
35.5,49.5,288.03857
35.5,50.5,290.95074
35.5,51.5,288.4204
35.5,52.5,289.03647
35.5,53.5,289.33
35.5,54.5,294.1702
35.5,55.5,293.90128
35.5,56.5,294.7786
35.5,57.5,293.21246
35.5,58.5,293.52383
35.5,59.5,290.5826
35.5,60.5,289.50513
35.5,61.5,290.65457
35.5,62.5,290.1976
35.5,63.5,289.39798
35.5,64.5,288.59735
35.5,65.5,282.13016
35.5,66.5,280.7615
35.5,67.5,282.53894
35.5,68.5,279.34488
35.5,69.5,280.75397
35.5,70.5,277.60745
35.5,71.5,278.70963
35.5,72.5,276.6425
35.5,73.5,270.54608
35.5,74.5,272.3122
35.5,75.5,268.3655
35.5,76.5,266.02896
35.5,77.5,264.32288
35.5,78.5,267.11298
35.5,79.5,267.5108
35.5,80.5,269.37488
35.5,81.5,268.0151
35.5,82.5,270.0015
35.5,83.5,269.36188
35.5,84.5,270.16055
35.5,85.5,270.22742
35.5,86.5,270.97864
35.5,87.5,270.57547
35.5,88.5,269.23206
35.5,89.5,270.66144
35.5,90.5,270.281
35.5,91.5,270.3412
35.5,92.5,270.97916
35.5,93.5,271.34824
35.5,94.5,274.12003
35.5,95.5,272.38135
35.5,96.5,272.0661
35.5,97.5,273.5105
35.5,98.5,272.62347
35.5,99.5,273.51797
35.5,100.5,277.9485
35.5,101.5,278.75354
35.5,102.5,278.898
35.5,103.5,278.02008
35.5,104.5,280.8679
35.5,105.5,281.34064
35.5,106.5,281.73486
35.5,107.5,283.59314
35.5,108.5,283.8054
35.5,109.5,283.96512
35.5,110.5,284.30157
35.5,111.5,285.1404
35.5,112.5,285.07718
35.5,113.5,287.1249
35.5,114.5,288.3296
35.5,115.5,288.58517
35.5,116.5,288.20972
35.5,117.5,287.62088
35.5,118.5,286.40082
35.5,119.5,286.61237
35.5,126.5,286.9305
35.5,127.5,284.76947
35.5,128.5,285.27237
35.5,133.5,285.67816
35.5,134.5,286.92902
35.5,135.5,286.32547
35.5,136.5,287.04712
35.5,137.5,283.4865
35.5,138.5,282.87357
35.5,139.5,289.12207
36.5,-121.5,288.4354
36.5,-120.5,291.16476
36.5,-119.5,288.38507
36.5,-118.5,288.8958
36.5,-117.5,291.9091
36.5,-116.5,292.29797
36.5,-115.5,290.6788
36.5,-114.5,292.1148
36.5,-113.5,290.34854
36.5,-112.5,286.89795
36.5,-111.5,288.1128
36.5,-110.5,287.12943
36.5,-109.5,285.32635
36.5,-108.5,285.50336
36.5,-107.5,283.70862
36.5,-106.5,280.0874
36.5,-105.5,281.47183
36.5,-104.5,282.6989
36.5,-103.5,286.6225
36.5,-102.5,288.1577
36.5,-101.5,288.8706
36.5,-100.5,289.41687
36.5,-99.5,289.2398
36.5,-98.5,289.40356
36.5,-97.5,288.6603
36.5,-96.5,288.24332
36.5,-95.5,287.9729
36.5,-94.5,287.30472
36.5,-93.5,286.5846
36.5,-92.5,286.9056
36.5,-91.5,287.33475
36.5,-90.5,287.66528
36.5,-89.5,287.79486
36.5,-88.5,287.4569
36.5,-87.5,287.11783
36.5,-86.5,287.15106
36.5,-85.5,286.18155
36.5,-84.5,286.26447
36.5,-83.5,285.55313
36.5,-82.5,283.58676
36.5,-81.5,285.32608
36.5,-80.5,285.764
36.5,-79.5,287.146
36.5,-78.5,287.94244
36.5,-77.5,288.34564
36.5,-76.5,288.7034
36.5,-5.5,291.19305
36.5,1.5,293.295
36.5,2.5,290.08768
36.5,3.5,290.70386
36.5,4.5,291.22125
36.5,5.5,291.75333
36.5,6.5,289.6798
36.5,7.5,289.55377
36.5,8.5,290.52386
36.5,9.5,291.3158
36.5,10.5,293.29984
36.5,29.5,291.00552
36.5,32.5,289.8432
36.5,33.5,286.9883
36.5,36.5,290.29132
36.5,37.5,292.58133
36.5,38.5,294.12643
36.5,39.5,294.29388
36.5,40.5,294.64557
36.5,41.5,294.69888
36.5,42.5,294.58505
36.5,43.5,292.3659
36.5,44.5,290.0409
36.5,45.5,287.35297
36.5,46.5,282.65204
36.5,47.5,284.61057
36.5,48.5,285.9236
36.5,49.5,285.41782
36.5,50.5,289.2333
36.5,51.5,285.9076
36.5,52.5,285.2645
36.5,53.5,288.20728
36.5,54.5,295.9943
36.5,55.5,288.76773
36.5,56.5,292.1303
36.5,57.5,291.84583
36.5,58.5,288.57858
36.5,59.5,285.15207
36.5,60.5,291.27298
36.5,61.5,292.16223
36.5,62.5,291.6155
36.5,63.5,290.66165
36.5,64.5,290.9701
36.5,65.5,290.49557
36.5,66.5,291.37656
36.5,67.5,291.03467
36.5,68.5,289.07114
36.5,69.5,282.86237
36.5,70.5,279.5828
36.5,71.5,273.04663
36.5,72.5,266.55676
36.5,73.5,268.86417
36.5,74.5,273.39948
36.5,75.5,264.58987
36.5,76.5,267.35605
36.5,77.5,271.51703
36.5,78.5,272.30698
36.5,79.5,277.65823
36.5,80.5,282.76727
36.5,81.5,279.47797
36.5,82.5,282.62802
36.5,83.5,277.47043
36.5,84.5,272.62924
36.5,85.5,269.5942
36.5,86.5,269.1921
36.5,87.5,271.5114
36.5,88.5,271.08405
36.5,89.5,271.00845
36.5,90.5,270.22107
36.5,91.5,271.16077
36.5,92.5,273.1534
36.5,93.5,275.86145
36.5,94.5,278.34763
36.5,95.5,278.77008
36.5,96.5,278.6984
36.5,97.5,279.20456
36.5,98.5,275.9557
36.5,99.5,273.57672
36.5,100.5,279.4
36.5,101.5,276.98358
36.5,102.5,276.5992
36.5,103.5,280.64197
36.5,104.5,281.83087
36.5,105.5,283.0116
36.5,106.5,283.0814
36.5,107.5,282.89862
36.5,108.5,283.5955
36.5,109.5,283.9665
36.5,110.5,283.244
36.5,111.5,284.02057
36.5,112.5,283.35443
36.5,113.5,284.20154
36.5,114.5,287.44885
36.5,115.5,288.40225
36.5,116.5,287.82178
36.5,117.5,287.68744
36.5,118.5,286.32965
36.5,119.5,286.61703
36.5,120.5,286.74277
36.5,126.5,285.91968
36.5,127.5,283.87476
36.5,128.5,282.7059
36.5,136.5,284.5858
36.5,137.5,285.10867
36.5,138.5,283.35953
36.5,139.5,285.91678
36.5,140.5,287.45584
37.5,-121.5,290.97803
37.5,-120.5,288.31384
37.5,-119.5,285.11368
37.5,-118.5,280.4774
37.5,-117.5,289.00244
37.5,-116.5,286.70975
37.5,-115.5,287.50824
37.5,-114.5,287.81104
37.5,-113.5,287.40274
37.5,-112.5,283.8
37.5,-111.5,285.52545
37.5,-110.5,285.50882
37.5,-109.5,284.4245
37.5,-108.5,281.5695
37.5,-107.5,278.4832
37.5,-106.5,279.18784
37.5,-105.5,280.86777
37.5,-104.5,284.14902
37.5,-103.5,286.94168
37.5,-102.5,287.91763
37.5,-101.5,287.97394
37.5,-100.5,288.1951
37.5,-99.5,288.2141
37.5,-98.5,288.029
37.5,-97.5,287.64972
37.5,-96.5,287.40912
37.5,-95.5,286.95383
37.5,-94.5,286.56082
37.5,-93.5,286.264
37.5,-92.5,286.06946
37.5,-91.5,286.3287
37.5,-90.5,286.4682
37.5,-89.5,286.6021
37.5,-88.5,286.8675
37.5,-87.5,286.52097
37.5,-86.5,286.33783
37.5,-85.5,285.92624
37.5,-84.5,285.6513
37.5,-83.5,285.31772
37.5,-82.5,284.83273
37.5,-81.5,283.74112
37.5,-80.5,284.05032
37.5,-79.5,285.35928
37.5,-78.5,286.58087
37.5,-77.5,287.4482
37.5,-76.5,288.1418
37.5,-8.5,291.07147
37.5,-7.5,291.23853
37.5,-6.5,291.19382
37.5,-5.5,290.5486
37.5,-4.5,290.05368
37.5,-3.5,288.84146
37.5,-2.5,288.90823
37.5,-1.5,291.05243
37.5,13.5,290.61777
37.5,14.5,288.8522
37.5,21.5,289.2892
37.5,22.5,289.4675
37.5,27.5,291.30945
37.5,28.5,289.09836
37.5,29.5,287.3046
37.5,30.5,286.8707
37.5,31.5,285.33444
37.5,32.5,284.39575
37.5,33.5,285.64795
37.5,34.5,287.1799
37.5,35.5,287.36694
37.5,36.5,287.78
37.5,37.5,287.8738
37.5,38.5,289.9151
37.5,39.5,290.85278
37.5,40.5,291.65076
37.5,41.5,291.44788
37.5,42.5,287.745
37.5,43.5,282.0813
37.5,44.5,282.66498
37.5,45.5,285.15726
37.5,46.5,285.13547
37.5,47.5,283.49823
37.5,48.5,287.2792
37.5,49.5,288.13486
37.5,54.5,294.3827
37.5,55.5,290.02527
37.5,56.5,290.45517
37.5,57.5,285.78528
37.5,58.5,289.42932
37.5,59.5,289.19055
37.5,60.5,292.8753
37.5,61.5,292.79483
37.5,62.5,292.42346
37.5,63.5,292.44992
37.5,64.5,292.78296
37.5,65.5,293.22113
37.5,66.5,292.01068
37.5,67.5,292.28723
37.5,68.5,289.89087
37.5,69.5,286.10333
37.5,70.5,279.00516
37.5,71.5,268.5995
37.5,72.5,264.73007
37.5,73.5,264.70566
37.5,74.5,265.75708
37.5,75.5,271.13742
37.5,76.5,280.3016
37.5,77.5,281.9426
37.5,78.5,285.16312
37.5,79.5,288.47894
37.5,80.5,289.60876
37.5,81.5,289.44693
37.5,82.5,288.77307
37.5,83.5,287.50217
37.5,84.5,284.52618
37.5,85.5,279.013
37.5,86.5,277.44586
37.5,87.5,272.466
37.5,88.5,274.15714
37.5,89.5,274.43933
37.5,90.5,276.22192
37.5,91.5,276.33017
37.5,92.5,279.55005
37.5,93.5,281.36768
37.5,94.5,281.96606
37.5,95.5,278.07996
37.5,96.5,276.68283
37.5,97.5,275.9151
37.5,98.5,272.87677
37.5,99.5,273.25345
37.5,100.5,274.40674
37.5,101.5,274.18808
37.5,102.5,278.48557
37.5,103.5,281.16577
37.5,104.5,284.08456
37.5,105.5,283.6208
37.5,106.5,283.77008
37.5,107.5,283.14856
37.5,108.5,283.3453
37.5,109.5,283.9711
37.5,110.5,284.34274
37.5,111.5,283.3566
37.5,112.5,282.2008
37.5,113.5,284.11813
37.5,114.5,286.15244
37.5,115.5,288.02768
37.5,116.5,287.89053
37.5,117.5,287.63394
37.5,118.5,287.3246
37.5,120.5,286.1995
37.5,121.5,285.32346
37.5,126.5,285.8251
37.5,127.5,284.03815
37.5,128.5,282.43695
37.5,139.5,281.80185
37.5,140.5,283.6215
38.5,-122.5,288.50943
38.5,-121.5,288.6961
38.5,-120.5,284.59805
38.5,-119.5,281.72845
38.5,-118.5,285.4421
38.5,-117.5,283.9458
38.5,-116.5,283.55356
38.5,-115.5,284.22128
38.5,-114.5,282.71722
38.5,-113.5,284.5409
38.5,-112.5,284.26602
38.5,-111.5,282.92352
38.5,-110.5,285.88794
38.5,-109.5,284.23996
38.5,-108.5,283.35742
38.5,-107.5,276.83792
38.5,-106.5,275.151
38.5,-105.5,277.69095
38.5,-104.5,283.4609
38.5,-103.5,286.1757
38.5,-102.5,286.61902
38.5,-101.5,287.15585
38.5,-100.5,287.4332
38.5,-99.5,287.181
38.5,-98.5,287.06918
38.5,-97.5,286.88086
38.5,-96.5,286.38455
38.5,-95.5,286.00278
38.5,-94.5,285.71652
38.5,-93.5,285.76346
38.5,-92.5,285.778
38.5,-91.5,285.7607
38.5,-90.5,286.2701
38.5,-89.5,285.74667
38.5,-88.5,285.78253
38.5,-87.5,285.71436
38.5,-86.5,285.4694
38.5,-85.5,285.1187
38.5,-84.5,284.99014
38.5,-83.5,285.00003
38.5,-82.5,285.0488
38.5,-81.5,284.34085
38.5,-80.5,283.1222
38.5,-79.5,283.32977
38.5,-78.5,285.41376
38.5,-77.5,286.5538
38.5,-76.5,287.12228
38.5,-75.5,286.9738
38.5,-8.5,290.28647
38.5,-7.5,290.17532
38.5,-6.5,289.92673
38.5,-5.5,289.82376
38.5,-4.5,289.5782
38.5,-3.5,289.60873
38.5,-2.5,288.0438
38.5,-1.5,289.40814
38.5,-0.5,291.0069
38.5,21.5,288.0088
38.5,22.5,289.16708
38.5,23.5,289.65637
38.5,27.5,289.61685
38.5,28.5,287.7582
38.5,29.5,286.228
38.5,30.5,285.37344
38.5,31.5,283.93198
38.5,32.5,285.8257
38.5,33.5,286.41742
38.5,34.5,285.1373
38.5,35.5,286.10043
38.5,36.5,282.6573
38.5,37.5,281.93805
38.5,38.5,283.7155
38.5,39.5,287.70743
38.5,40.5,285.81552
38.5,41.5,286.16156
38.5,42.5,280.1734
38.5,43.5,279.28317
38.5,44.5,281.72446
38.5,45.5,285.29773
38.5,46.5,285.3127
38.5,47.5,280.22748
38.5,48.5,287.89676
38.5,54.5,293.73938
38.5,55.5,293.43167
38.5,56.5,291.78128
38.5,57.5,289.80316
38.5,58.5,293.3209
38.5,59.5,293.24014
38.5,60.5,292.98422
38.5,61.5,292.7452
38.5,62.5,292.83728
38.5,63.5,292.8802
38.5,64.5,292.98666
38.5,65.5,291.75543
38.5,66.5,287.55054
38.5,67.5,286.33188
38.5,68.5,280.6531
38.5,69.5,283.3261
38.5,70.5,278.89923
38.5,71.5,271.40488
38.5,72.5,266.55847
38.5,73.5,267.5389
38.5,74.5,268.28925
38.5,75.5,276.7544
38.5,76.5,284.07477
38.5,77.5,289.08136
38.5,78.5,290.04233
38.5,79.5,289.63986
38.5,80.5,289.6909
38.5,81.5,289.78638
38.5,82.5,289.42368
38.5,83.5,288.85355
38.5,84.5,288.584
38.5,85.5,287.65878
38.5,86.5,285.16104
38.5,87.5,281.2685
38.5,88.5,280.3286
38.5,89.5,278.06827
38.5,90.5,280.93756
38.5,91.5,277.37225
38.5,92.5,278.73157
38.5,93.5,278.81445
38.5,94.5,278.45007
38.5,95.5,273.2622
38.5,96.5,272.15485
38.5,97.5,271.36093
38.5,98.5,270.74203
38.5,99.5,273.28366
38.5,100.5,276.74545
38.5,101.5,280.18634
38.5,102.5,283.27728
38.5,103.5,285.1119
38.5,104.5,284.8607
38.5,105.5,283.94916
38.5,106.5,283.85687
38.5,107.5,283.8907
38.5,108.5,283.5212
38.5,109.5,284.20615
38.5,110.5,283.55362
38.5,111.5,281.83536
38.5,112.5,279.8886
38.5,113.5,281.54053
38.5,114.5,284.88037
38.5,115.5,286.93713
38.5,116.5,287.43506
38.5,117.5,287.37485
38.5,125.5,283.63434
38.5,126.5,281.8227
38.5,127.5,281.48276
38.5,140.5,283.79422
39.5,-123.5,285.21225
39.5,-122.5,287.2547
39.5,-121.5,285.79578
39.5,-120.5,283.10858
39.5,-119.5,284.94662
39.5,-118.5,286.77536
39.5,-117.5,283.67984
39.5,-116.5,281.88168
39.5,-115.5,281.3
39.5,-114.5,280.93616
39.5,-113.5,284.19147
39.5,-112.5,283.6926
39.5,-111.5,279.34927
39.5,-110.5,280.98514
39.5,-109.5,284.15607
39.5,-108.5,282.1126
39.5,-107.5,273.92688
39.5,-106.5,275.57297
39.5,-105.5,278.63028
39.5,-104.5,283.33127
39.5,-103.5,284.9515
39.5,-102.5,285.38217
39.5,-101.5,286.13727
39.5,-100.5,286.32526
39.5,-99.5,286.23685
39.5,-98.5,285.91733
39.5,-97.5,285.7346
39.5,-96.5,285.60886
39.5,-95.5,285.22452
39.5,-94.5,284.8849
39.5,-93.5,284.91855
39.5,-92.5,284.68887
39.5,-91.5,284.78
39.5,-90.5,284.83224
39.5,-89.5,284.91196
39.5,-88.5,284.88577
39.5,-87.5,284.7609
39.5,-86.5,284.28488
39.5,-85.5,284.2431
39.5,-84.5,284.25964
39.5,-83.5,284.0566
39.5,-82.5,284.19214
39.5,-81.5,283.8264
39.5,-80.5,283.41885
39.5,-79.5,282.97452
39.5,-78.5,282.72385
39.5,-77.5,284.20035
39.5,-76.5,285.4307
39.5,-75.5,285.78894
39.5,-74.5,286.47702
39.5,-8.5,288.8642
39.5,-7.5,288.9796
39.5,-6.5,289.24765
39.5,-5.5,289.8627
39.5,-4.5,289.3711
39.5,-3.5,288.57867
39.5,-2.5,287.61203
39.5,-1.5,287.02206
39.5,-0.5,288.2651
39.5,8.5,290.6279
39.5,9.5,289.77118
39.5,16.5,289.16724
39.5,20.5,288.09366
39.5,21.5,286.25458
39.5,22.5,287.15823
39.5,26.5,289.40796
39.5,27.5,287.808
39.5,28.5,286.92072
39.5,29.5,283.93668
39.5,30.5,284.85513
39.5,31.5,286.6016
39.5,32.5,286.25192
39.5,33.5,285.59897
39.5,34.5,284.673
39.5,35.5,283.45258
39.5,36.5,281.5462
39.5,37.5,281.80576
39.5,38.5,279.29123
39.5,39.5,282.82626
39.5,40.5,279.60342
39.5,41.5,278.60507
39.5,42.5,277.57507
39.5,43.5,279.43256
39.5,44.5,282.56754
39.5,45.5,281.90573
39.5,46.5,280.2265
39.5,47.5,286.4264
39.5,48.5,288.26764
39.5,54.5,293.4778
39.5,55.5,291.98886
39.5,56.5,292.72162
39.5,57.5,292.8862
39.5,58.5,292.59833
39.5,59.5,292.11563
39.5,60.5,291.90427
39.5,61.5,291.81317
39.5,62.5,291.89188
39.5,63.5,292.18866
39.5,64.5,291.9659
39.5,65.5,290.61874
39.5,66.5,289.3982
39.5,67.5,282.0898
39.5,68.5,282.55383
39.5,69.5,281.44846
39.5,70.5,282.19876
39.5,71.5,275.22766
39.5,72.5,265.4554
39.5,73.5,270.2415
39.5,74.5,273.4122
39.5,75.5,279.23215
39.5,76.5,285.65836
39.5,77.5,287.70056
39.5,78.5,289.49335
39.5,79.5,289.81134
39.5,80.5,289.77658
39.5,81.5,289.47977
39.5,82.5,289.28708
39.5,83.5,288.92993
39.5,84.5,288.59442
39.5,85.5,288.3628
39.5,86.5,288.1343
39.5,87.5,288.3292
39.5,88.5,288.1883
39.5,89.5,285.70273
39.5,90.5,283.71973
39.5,91.5,282.57178
39.5,92.5,281.74454
39.5,93.5,281.2418
39.5,94.5,280.4189
39.5,95.5,278.7892
39.5,96.5,279.6096
39.5,97.5,279.75604
39.5,98.5,277.32645
39.5,99.5,281.1871
39.5,100.5,284.29968
39.5,101.5,284.71414
39.5,102.5,283.98343
39.5,103.5,283.71533
39.5,104.5,284.1227
39.5,105.5,284.39325
39.5,106.5,284.9539
39.5,107.5,283.6463
39.5,108.5,282.84756
39.5,109.5,282.61954
39.5,110.5,282.70148
39.5,111.5,281.35153
39.5,112.5,279.7722
39.5,113.5,280.89777
39.5,114.5,282.6947
39.5,115.5,283.30478
39.5,116.5,286.4381
39.5,117.5,286.36963
39.5,118.5,285.356
39.5,122.5,283.22177
39.5,125.5,281.83334
39.5,126.5,279.83572
39.5,127.5,280.4928
39.5,140.5,280.67123
39.5,141.5,283.24673
40.5,-123.5,284.94897
40.5,-122.5,284.02948
40.5,-121.5,286.18973
40.5,-120.5,281.07617
40.5,-119.5,285.08176
40.5,-118.5,286.0631
40.5,-117.5,285.17227
40.5,-116.5,281.84787
40.5,-115.5,282.89825
40.5,-114.5,282.21396
40.5,-113.5,285.43436
40.5,-112.5,284.68457
40.5,-111.5,278.69803
40.5,-110.5,277.1727
40.5,-109.5,278.72064
40.5,-108.5,280.12872
40.5,-107.5,276.06512
40.5,-106.5,274.70914
40.5,-105.5,279.94333
40.5,-104.5,282.76544
40.5,-103.5,284.16885
40.5,-102.5,284.6924
40.5,-101.5,284.9333
40.5,-100.5,284.81573
40.5,-99.5,284.65207
40.5,-98.5,284.47174
40.5,-97.5,284.32248
40.5,-96.5,284.28192
40.5,-95.5,283.9861
40.5,-94.5,283.4519
40.5,-93.5,283.5703
40.5,-92.5,283.706
40.5,-91.5,283.75735
40.5,-90.5,283.82242
40.5,-89.5,283.8709
40.5,-88.5,284.03784
40.5,-87.5,283.93283
40.5,-86.5,283.55173
40.5,-85.5,283.3563
40.5,-84.5,283.2768
40.5,-83.5,283.26672
40.5,-82.5,282.9139
40.5,-81.5,282.65933
40.5,-80.5,282.5251
40.5,-79.5,281.84265
40.5,-78.5,281.9771
40.5,-77.5,281.85916
40.5,-76.5,282.61972
40.5,-75.5,283.3343
40.5,-74.5,285.13495
40.5,-8.5,286.77054
40.5,-7.5,287.8469
40.5,-6.5,287.28113
40.5,-5.5,286.31058
40.5,-4.5,286.56482
40.5,-3.5,286.31076
40.5,-2.5,284.899
40.5,-1.5,285.27734
40.5,-0.5,289.01163
40.5,0.5,288.09824
40.5,8.5,289.6263
40.5,9.5,288.5676
40.5,15.5,287.6354
40.5,16.5,288.4355
40.5,19.5,288.549
40.5,20.5,285.56473
40.5,21.5,283.77756
40.5,22.5,285.4408
40.5,23.5,289.1796
40.5,26.5,288.32233
40.5,27.5,287.65607
40.5,29.5,285.73816
40.5,30.5,286.73114
40.5,31.5,285.43954
40.5,32.5,283.6278
40.5,33.5,283.6508
40.5,34.5,283.61667
40.5,35.5,283.188
40.5,36.5,284.21432
40.5,37.5,283.33188
40.5,38.5,284.48135
40.5,39.5,281.57166
40.5,40.5,281.77768
40.5,41.5,276.24646
40.5,42.5,278.2803
40.5,43.5,278.42136
40.5,44.5,280.86554
40.5,45.5,281.3461
40.5,46.5,284.75912
40.5,47.5,286.21472
40.5,48.5,284.12772
40.5,49.5,289.28845
40.5,53.5,291.94644
40.5,54.5,291.84958
40.5,55.5,291.04364
40.5,56.5,291.26843
40.5,57.5,291.59396
40.5,58.5,291.37082
40.5,59.5,290.87967
40.5,60.5,290.8593
40.5,61.5,290.79507
40.5,62.5,290.81662
40.5,63.5,290.7662
40.5,64.5,290.62137
40.5,65.5,289.99084
40.5,66.5,290.573
40.5,67.5,287.534
40.5,68.5,287.83398
40.5,69.5,286.92746
40.5,70.5,282.57895
40.5,71.5,283.8588
40.5,72.5,280.0941
40.5,73.5,275.17377
40.5,74.5,272.86407
40.5,75.5,273.41534
40.5,76.5,280.13446
40.5,77.5,278.76926
40.5,78.5,282.30984
40.5,79.5,285.02432
40.5,80.5,288.43307
40.5,81.5,288.72192
40.5,82.5,288.88614
40.5,83.5,288.75064
40.5,84.5,288.62418
40.5,85.5,288.72568
40.5,86.5,288.4607
40.5,87.5,287.96457
40.5,88.5,287.46964
40.5,89.5,287.3325
40.5,90.5,288.38705
40.5,91.5,288.86084
40.5,92.5,286.51004
40.5,93.5,286.0392
40.5,94.5,284.3955
40.5,95.5,283.92383
40.5,96.5,282.67773
40.5,97.5,283.23132
40.5,98.5,284.88785
40.5,99.5,285.19647
40.5,100.5,285.98578
40.5,101.5,285.66357
40.5,102.5,284.51334
40.5,103.5,283.14594
40.5,104.5,283.78146
40.5,105.5,284.50067
40.5,106.5,283.35754
40.5,107.5,284.05228
40.5,108.5,283.71857
40.5,109.5,281.0194
40.5,110.5,279.89417
40.5,111.5,279.7226
40.5,112.5,278.6661
40.5,113.5,280.73935
40.5,114.5,280.1998
40.5,115.5,280.0559
40.5,116.5,283.5341
40.5,117.5,284.293
40.5,118.5,282.92114
40.5,119.5,283.5508
40.5,120.5,283.226
40.5,122.5,281.83188
40.5,123.5,280.1498
40.5,124.5,279.83743
40.5,125.5,279.25577
40.5,126.5,277.4763
40.5,127.5,277.87045
40.5,128.5,278.70834
40.5,140.5,282.50497
40.5,141.5,281.5973
41.5,-123.5,281.96353
41.5,-122.5,280.34604
41.5,-121.5,282.80005
41.5,-120.5,280.5627
41.5,-119.5,282.66135
41.5,-118.5,283.48495
41.5,-117.5,282.90036
41.5,-116.5,281.4226
41.5,-115.5,279.9342
41.5,-114.5,280.7559
41.5,-113.5,282.49966
41.5,-112.5,282.4262
41.5,-111.5,279.6536
41.5,-110.5,278.05524
41.5,-109.5,279.02597
41.5,-108.5,279.84753
41.5,-107.5,279.81934
41.5,-106.5,278.8574
41.5,-105.5,280.63068
41.5,-104.5,282.9696
41.5,-103.5,283.6784
41.5,-102.5,283.70477
41.5,-101.5,284.02066
41.5,-100.5,283.88104
41.5,-99.5,283.31454
41.5,-98.5,283.26373
41.5,-97.5,283.03006
41.5,-96.5,283.07907
41.5,-95.5,282.8497
41.5,-94.5,282.49994
41.5,-93.5,282.44342
41.5,-92.5,282.42276
41.5,-91.5,282.42456
41.5,-90.5,282.58624
41.5,-89.5,282.65848
41.5,-88.5,282.6998
41.5,-87.5,283.3619
41.5,-86.5,282.72775
41.5,-85.5,282.5116
41.5,-84.5,282.28653
41.5,-83.5,282.5951
41.5,-81.5,282.8143
41.5,-80.5,281.8801
41.5,-79.5,280.97845
41.5,-78.5,280.78516
41.5,-77.5,280.46933
41.5,-76.5,281.38647
41.5,-75.5,280.8665
41.5,-74.5,281.07175
41.5,-73.5,283.0801
41.5,-72.5,283.68893
41.5,-71.5,283.71982
41.5,-8.5,286.94983
41.5,-7.5,286.09598
41.5,-6.5,285.64856
41.5,-5.5,285.94894
41.5,-4.5,285.4394
41.5,-3.5,284.0071
41.5,-2.5,284.033
41.5,-1.5,286.01645
41.5,-0.5,287.73462
41.5,0.5,287.4687
41.5,1.5,289.17288
41.5,13.5,285.19547
41.5,14.5,287.34146
41.5,15.5,287.99622
41.5,19.5,287.4386
41.5,20.5,281.93976
41.5,21.5,283.16068
41.5,22.5,284.18692
41.5,23.5,283.8248
41.5,24.5,284.98016
41.5,25.5,285.9196
41.5,26.5,286.61432
41.5,27.5,286.89636
41.5,32.5,284.1135
41.5,33.5,283.613
41.5,34.5,284.99905
41.5,35.5,285.89938
41.5,41.5,280.19305
41.5,42.5,280.93552
41.5,43.5,277.80682
41.5,44.5,278.53406
41.5,45.5,283.558
41.5,46.5,278.4588
41.5,47.5,279.9917
41.5,48.5,282.35202
41.5,54.5,291.40323
41.5,55.5,289.928
41.5,56.5,290.50446
41.5,57.5,290.93307
41.5,58.5,290.61346
41.5,59.5,289.96365
41.5,60.5,289.4893
41.5,61.5,289.99387
41.5,62.5,290.0732
41.5,63.5,289.94537
41.5,64.5,290.45175
41.5,65.5,289.2999
41.5,66.5,289.60745
41.5,67.5,289.74274
41.5,68.5,287.97845
41.5,69.5,283.78888
41.5,70.5,280.0792
41.5,71.5,279.20407
41.5,72.5,281.37643
41.5,73.5,280.1255
41.5,74.5,274.5931
41.5,75.5,272.05164
41.5,76.5,270.0893
41.5,77.5,269.21432
41.5,78.5,276.03564
41.5,79.5,275.69366
41.5,80.5,277.78644
41.5,81.5,284.07217
41.5,82.5,285.68182
41.5,83.5,286.38635
41.5,84.5,287.76392
41.5,85.5,286.8873
41.5,86.5,286.49814
41.5,87.5,287.45532
41.5,88.5,285.82385
41.5,89.5,285.84293
41.5,90.5,285.8357
41.5,91.5,286.6503
41.5,92.5,285.80917
41.5,93.5,285.9419
41.5,94.5,284.35547
41.5,95.5,281.54178
41.5,96.5,281.1555
41.5,97.5,283.04623
41.5,98.5,283.3874
41.5,99.5,284.60535
41.5,100.5,285.85904
41.5,101.5,285.6176
41.5,102.5,284.57635
41.5,103.5,283.9856
41.5,104.5,284.02484
41.5,105.5,283.94516
41.5,106.5,282.74564
41.5,107.5,282.28436
41.5,108.5,280.76263
41.5,109.5,279.78326
41.5,110.5,278.6664
41.5,111.5,277.79898
41.5,112.5,277.9187
41.5,113.5,278.1174
41.5,114.5,277.82196
41.5,115.5,277.37445
41.5,116.5,278.4232
41.5,117.5,279.42764
41.5,118.5,280.77573
41.5,119.5,281.7479
41.5,120.5,281.64322
41.5,121.5,282.57956
41.5,122.5,282.63666
41.5,123.5,280.69794
41.5,124.5,278.1913
41.5,125.5,277.16122
41.5,126.5,276.13
41.5,127.5,273.5588
41.5,128.5,273.68863
41.5,129.5,276.06046
42.5,-123.5,281.68994
42.5,-122.5,280.31436
42.5,-121.5,280.08606
42.5,-120.5,281.07297
42.5,-119.5,282.61612
42.5,-118.5,281.96207
42.5,-117.5,283.07544
42.5,-116.5,282.8601
42.5,-115.5,283.08893
42.5,-114.5,281.2745
42.5,-113.5,281.25693
42.5,-112.5,280.42813
42.5,-111.5,276.8794
42.5,-110.5,277.0803
42.5,-109.5,275.33368
42.5,-108.5,279.7582
42.5,-107.5,279.59067
42.5,-106.5,279.5278
42.5,-105.5,280.87125
42.5,-104.5,283.02847
42.5,-103.5,283.37677
42.5,-102.5,283.09085
42.5,-101.5,283.2813
42.5,-100.5,283.41016
42.5,-99.5,283.12796
42.5,-98.5,282.95227
42.5,-97.5,282.61725
42.5,-96.5,282.03613
42.5,-95.5,281.8953
42.5,-94.5,281.9083
42.5,-93.5,281.6644
42.5,-92.5,281.33096
42.5,-91.5,281.23877
42.5,-90.5,280.84824
42.5,-89.5,281.1141
42.5,-88.5,281.32388
42.5,-85.5,281.6349
42.5,-84.5,281.45947
42.5,-83.5,282.35672
42.5,-82.5,281.69672
42.5,-79.5,280.98172
42.5,-78.5,280.76328
42.5,-77.5,280.78976
42.5,-76.5,280.1412
42.5,-75.5,279.6354
42.5,-74.5,280.0377
42.5,-73.5,280.19107
42.5,-72.5,280.27814
42.5,-71.5,282.29404
42.5,-8.5,286.1519
42.5,-7.5,283.26
42.5,-6.5,282.88007
42.5,-5.5,283.34845
42.5,-4.5,283.56973
42.5,-3.5,283.32693
42.5,-2.5,282.66467
42.5,-1.5,285.25534
42.5,-0.5,283.30594
42.5,0.5,283.75793
42.5,1.5,284.70633
42.5,2.5,287.0485
42.5,11.5,288.06943
42.5,12.5,285.46918
42.5,13.5,286.76724
42.5,18.5,285.75
42.5,19.5,283.73688
42.5,20.5,279.21487
42.5,21.5,282.55014
42.5,22.5,282.4198
42.5,23.5,281.43976
42.5,24.5,283.23843
42.5,25.5,284.71643
42.5,26.5,284.3475
42.5,27.5,284.878
42.5,41.5,284.76712
42.5,42.5,281.82455
42.5,43.5,277.14975
42.5,44.5,280.3582
42.5,45.5,281.89127
42.5,46.5,278.39725
42.5,47.5,283.54962
42.5,53.5,289.9937
42.5,54.5,289.73013
42.5,55.5,288.75922
42.5,56.5,289.1394
42.5,57.5,289.62952
42.5,58.5,288.97043
42.5,59.5,288.45886
42.5,60.5,288.91162
42.5,61.5,289.0469
42.5,62.5,289.20502
42.5,63.5,289.4667
42.5,64.5,288.29495
42.5,65.5,288.438
42.5,66.5,289.0186
42.5,67.5,289.00433
42.5,68.5,287.74106
42.5,69.5,284.8521
42.5,70.5,278.1349
42.5,71.5,276.68152
42.5,72.5,276.78937
42.5,73.5,282.13455
42.5,74.5,282.4347
42.5,75.5,279.8318
42.5,76.5,272.59583
42.5,77.5,270.38675
42.5,78.5,269.3509
42.5,79.5,273.47986
42.5,80.5,272.83533
42.5,81.5,277.1135
42.5,82.5,278.12335
42.5,83.5,278.6666
42.5,84.5,277.75345
42.5,85.5,278.91113
42.5,86.5,279.86365
42.5,87.5,281.7208
42.5,88.5,288.14706
42.5,89.5,286.2855
42.5,90.5,286.95215
42.5,91.5,287.15295
42.5,92.5,286.97418
42.5,93.5,285.86557
42.5,94.5,282.1516
42.5,95.5,281.507
42.5,96.5,281.70068
42.5,97.5,282.70267
42.5,98.5,282.2571
42.5,99.5,283.89267
42.5,100.5,284.06677
42.5,101.5,283.87247
42.5,102.5,283.35605
42.5,103.5,282.663
42.5,104.5,282.1111
42.5,105.5,283.16876
42.5,106.5,283.41455
42.5,107.5,282.8453
42.5,108.5,281.8696
42.5,109.5,281.23196
42.5,110.5,281.45145
42.5,111.5,280.9305
42.5,112.5,280.08615
42.5,113.5,279.23517
42.5,114.5,278.2568
42.5,115.5,277.11203
42.5,116.5,276.44293
42.5,117.5,276.56345
42.5,118.5,278.4142
42.5,119.5,280.45782
42.5,120.5,281.4996
42.5,121.5,281.43356
42.5,122.5,281.45676
42.5,123.5,280.9126
42.5,124.5,278.25128
42.5,125.5,277.1054
42.5,126.5,276.6032
42.5,127.5,275.52774
42.5,128.5,275.23682
42.5,129.5,277.691
42.5,130.5,278.9304
42.5,140.5,279.00522
42.5,142.5,279.02945
42.5,143.5,279.248
43.5,-123.5,281.88647
43.5,-122.5,280.54584
43.5,-121.5,279.60196
43.5,-120.5,282.0334
43.5,-119.5,281.07947
43.5,-118.5,282.3062
43.5,-117.5,283.55554
43.5,-116.5,281.5188
43.5,-115.5,281.0178
43.5,-114.5,277.48523
43.5,-113.5,278.5495
43.5,-112.5,280.15137
43.5,-111.5,276.49747
43.5,-110.5,274.24057
43.5,-109.5,272.00458
43.5,-108.5,280.9849
43.5,-107.5,280.5394
43.5,-106.5,280.40378
43.5,-105.5,281.62903
43.5,-104.5,281.699
43.5,-103.5,281.96368
43.5,-102.5,282.91327
43.5,-101.5,282.95596
43.5,-100.5,282.7316
43.5,-99.5,282.1522
43.5,-98.5,281.92215
43.5,-97.5,281.46286
43.5,-96.5,280.83505
43.5,-95.5,280.85046
43.5,-94.5,280.86108
43.5,-93.5,280.6255
43.5,-92.5,280.2887
43.5,-91.5,279.7873
43.5,-90.5,279.75842
43.5,-89.5,279.85144
43.5,-88.5,280.26443
43.5,-85.5,280.82462
43.5,-84.5,280.60876
43.5,-83.5,280.8338
43.5,-81.5,280.85342
43.5,-80.5,280.15277
43.5,-79.5,281.3497
43.5,-76.5,280.97598
43.5,-75.5,280.26166
43.5,-74.5,279.2502
43.5,-73.5,278.591
43.5,-72.5,278.35947
43.5,-71.5,278.9187
43.5,-70.5,280.80405
43.5,-7.5,285.68655
43.5,-6.5,283.02957
43.5,-5.5,282.05273
43.5,-1.5,284.30457
43.5,-0.5,283.80508
43.5,0.5,284.2663
43.5,1.5,284.85535
43.5,2.5,286.0787
43.5,3.5,286.60632
43.5,4.5,288.79288
43.5,5.5,287.8236
43.5,6.5,285.51538
43.5,10.5,287.7686
43.5,11.5,285.42215
43.5,12.5,286.50272
43.5,16.5,284.93457
43.5,17.5,284.34854
43.5,18.5,281.72705
43.5,19.5,279.91516
43.5,20.5,282.42853
43.5,21.5,282.0404
43.5,22.5,283.894
43.5,23.5,283.02
43.5,24.5,284.23514
43.5,25.5,284.565
43.5,26.5,284.83768
43.5,27.5,285.36713
43.5,40.5,283.27844
43.5,41.5,282.37112
43.5,42.5,278.17166
43.5,43.5,276.61282
43.5,44.5,282.9663
43.5,45.5,283.94247
43.5,46.5,284.67285
43.5,47.5,286.98828
43.5,51.5,289.2201
43.5,52.5,288.43906
43.5,53.5,288.13797
43.5,54.5,288.25253
43.5,55.5,287.77078
43.5,56.5,287.58624
43.5,57.5,287.76147
43.5,58.5,287.4309
43.5,59.5,287.2485
43.5,60.5,287.40323
43.5,61.5,287.90414
43.5,62.5,288.08908
43.5,63.5,287.79486
43.5,64.5,287.7391
43.5,65.5,288.04593
43.5,66.5,287.96817
43.5,67.5,287.27527
43.5,68.5,285.63663
43.5,69.5,285.82138
43.5,70.5,284.71075
43.5,71.5,285.47202
43.5,72.5,285.1427
43.5,73.5,284.4533
43.5,74.5,284.76328
43.5,75.5,279.21634
43.5,76.5,278.87003
43.5,77.5,275.48102
43.5,78.5,279.28284
43.5,79.5,278.09918
43.5,80.5,277.98947
43.5,81.5,280.3228
43.5,82.5,273.20303
43.5,83.5,268.88647
43.5,84.5,272.77713
43.5,85.5,274.02124
43.5,86.5,275.65558
43.5,87.5,278.0104
43.5,88.5,280.6475
43.5,89.5,286.09238
43.5,90.5,286.8917
43.5,91.5,281.6742
43.5,92.5,284.77325
43.5,93.5,280.0198
43.5,94.5,281.71515
43.5,95.5,283.1088
43.5,96.5,283.2142
43.5,97.5,282.16333
43.5,98.5,281.6618
43.5,99.5,282.35187
43.5,100.5,281.8406
43.5,101.5,280.93442
43.5,102.5,280.60226
43.5,103.5,279.4042
43.5,104.5,279.66556
43.5,105.5,280.82376
43.5,106.5,281.66605
43.5,107.5,282.35425
43.5,108.5,282.53973
43.5,109.5,281.75174
43.5,110.5,281.43643
43.5,111.5,281.17438
43.5,112.5,280.73993
43.5,113.5,280.05292
43.5,114.5,278.50613
43.5,115.5,277.21307
43.5,116.5,276.2744
43.5,117.5,276.90445
43.5,118.5,277.16525
43.5,119.5,279.46896
43.5,120.5,281.3461
43.5,121.5,281.7142
43.5,122.5,280.82593
43.5,123.5,280.3573
43.5,124.5,279.10074
43.5,125.5,277.82498
43.5,126.5,276.81894
43.5,127.5,275.24396
43.5,128.5,275.25662
43.5,129.5,275.14484
43.5,130.5,276.3877
43.5,131.5,277.89044
43.5,132.5,276.29224
43.5,133.5,275.83636
43.5,134.5,276.20737
43.5,141.5,280.1433
43.5,142.5,275.68878
43.5,143.5,277.90384
43.5,144.5,278.62137
44.5,-123.5,283.23892
44.5,-122.5,281.19305
44.5,-121.5,280.50003
44.5,-120.5,283.3992
44.5,-119.5,280.1485
44.5,-118.5,279.344
44.5,-117.5,281.06656
44.5,-116.5,278.36865
44.5,-115.5,276.21527
44.5,-114.5,275.97952
44.5,-113.5,276.55667
44.5,-112.5,276.11346
44.5,-111.5,274.2498
44.5,-110.5,272.49097
44.5,-109.5,274.79892
44.5,-108.5,279.4306
44.5,-107.5,280.32523
44.5,-106.5,279.71573
44.5,-105.5,281.518
44.5,-104.5,281.64352
44.5,-103.5,280.69568
44.5,-102.5,282.6045
44.5,-101.5,282.3553
44.5,-100.5,281.92252
44.5,-99.5,281.41727
44.5,-98.5,280.7779
44.5,-97.5,280.3133
44.5,-96.5,280.19214
44.5,-95.5,279.9718
44.5,-94.5,279.89514
44.5,-93.5,279.87494
44.5,-92.5,279.02902
44.5,-91.5,278.86685
44.5,-90.5,278.64673
44.5,-89.5,278.9899
44.5,-88.5,279.5047
44.5,-85.5,280.1711
44.5,-84.5,279.9732
44.5,-83.5,280.2046
44.5,-80.5,279.43674
44.5,-79.5,279.2652
44.5,-78.5,278.9734
44.5,-77.5,279.2851
44.5,-76.5,279.8472
44.5,-75.5,279.21274
44.5,-74.5,278.70877
44.5,-73.5,278.01898
44.5,-72.5,277.68365
44.5,-71.5,276.75168
44.5,-70.5,277.71173
44.5,-69.5,279.36276
44.5,-68.5,280.29733
44.5,-65.5,280.6398
44.5,-64.5,280.29218
44.5,-0.5,286.44427
44.5,0.5,285.5248
44.5,1.5,284.8579
44.5,2.5,282.09192
44.5,3.5,282.4879
44.5,4.5,283.89703
44.5,5.5,282.8221
44.5,6.5,277.98267
44.5,7.5,278.92957
44.5,8.5,286.71924
44.5,9.5,287.32626
44.5,10.5,285.12616
44.5,11.5,285.0411
44.5,15.5,284.47733
44.5,16.5,283.45627
44.5,17.5,282.89697
44.5,18.5,281.87427
44.5,19.5,282.73166
44.5,20.5,284.14276
44.5,21.5,282.86386
44.5,22.5,281.9821
44.5,23.5,284.0951
44.5,24.5,284.19794
44.5,25.5,284.37894
44.5,26.5,285.18195
44.5,27.5,285.66904
44.5,28.5,286.12808
44.5,38.5,286.87866
44.5,39.5,283.62933
44.5,40.5,282.52164
44.5,41.5,281.9313
44.5,42.5,281.54086
44.5,43.5,283.15942
44.5,44.5,284.97263
44.5,45.5,286.26816
44.5,46.5,286.82483
44.5,51.5,287.9766
44.5,52.5,287.6848
44.5,53.5,287.9345
44.5,54.5,287.38486
44.5,55.5,287.24435
44.5,56.5,287.13657
44.5,57.5,286.72037
44.5,58.5,286.81058
44.5,60.5,286.2571
44.5,61.5,286.31064
44.5,62.5,286.92947
44.5,63.5,286.822
44.5,64.5,286.74954
44.5,65.5,286.67984
44.5,66.5,286.6189
44.5,67.5,286.3199
44.5,68.5,285.29208
44.5,69.5,285.77084
44.5,70.5,285.81546
44.5,71.5,285.411
44.5,72.5,284.8913
44.5,73.5,284.50012
44.5,74.5,284.03934
44.5,75.5,284.34265
44.5,76.5,284.41992
44.5,77.5,284.06674
44.5,78.5,281.4463
44.5,79.5,278.73834
44.5,80.5,278.37073
44.5,81.5,281.5723
44.5,82.5,275.47308
44.5,83.5,276.45105
44.5,84.5,276.70676
44.5,85.5,279.03925
44.5,86.5,280.39606
44.5,87.5,281.46277
44.5,88.5,281.07538
44.5,89.5,282.0785
44.5,90.5,282.11374
44.5,91.5,281.12912
44.5,92.5,281.64362
44.5,93.5,281.68826
44.5,94.5,282.87958
44.5,95.5,282.0237
44.5,96.5,281.96863
44.5,97.5,279.74503
44.5,98.5,277.8193
44.5,99.5,280.10834
44.5,100.5,278.84653
44.5,101.5,278.98563
44.5,102.5,281.34378
44.5,103.5,280.553
44.5,104.5,280.50223
44.5,105.5,280.38547
44.5,106.5,280.38455
44.5,107.5,280.60867
44.5,108.5,281.39542
44.5,109.5,281.34216
44.5,110.5,280.1557
44.5,111.5,279.5253
44.5,112.5,278.57333
44.5,113.5,277.43753
44.5,114.5,276.37885
44.5,115.5,276.99008
44.5,116.5,276.5518
44.5,117.5,276.0084
44.5,118.5,275.86554
44.5,119.5,276.65445
44.5,120.5,278.78192
44.5,121.5,279.93625
44.5,122.5,280.2569
44.5,123.5,279.684
44.5,124.5,278.91537
44.5,125.5,278.14395
44.5,126.5,277.02957
44.5,127.5,275.80292
44.5,128.5,276.2147
44.5,129.5,274.24548
44.5,130.5,274.83652
44.5,131.5,275.46524
44.5,132.5,275.80472
44.5,133.5,274.8948
44.5,134.5,273.9641
44.5,135.5,274.49133
44.5,142.5,277.7235
45.5,-123.5,283.18665
45.5,-122.5,281.0372
45.5,-121.5,281.5145
45.5,-120.5,282.29
45.5,-119.5,283.19025
45.5,-118.5,281.5686
45.5,-117.5,278.7663
45.5,-116.5,278.97385
45.5,-115.5,275.7094
45.5,-114.5,276.59015
45.5,-113.5,274.3452
45.5,-112.5,274.31085
45.5,-111.5,276.5288
45.5,-110.5,275.4349
45.5,-109.5,276.77814
45.5,-108.5,280.33368
45.5,-107.5,280.1535
45.5,-106.5,281.3945
45.5,-105.5,281.62854
45.5,-104.5,281.40607
45.5,-103.5,281.41013
45.5,-102.5,281.49042
45.5,-101.5,281.1877
45.5,-100.5,280.6395
45.5,-99.5,279.9545
45.5,-98.5,279.9018
45.5,-97.5,279.71902
45.5,-96.5,279.4957
45.5,-95.5,279.0908
45.5,-94.5,278.86624
45.5,-93.5,278.77344
45.5,-92.5,278.60297
45.5,-91.5,278.22397
45.5,-90.5,277.8101
45.5,-89.5,277.86453
45.5,-88.5,278.58026
45.5,-87.5,278.943
45.5,-84.5,278.97443
45.5,-79.5,277.8031
45.5,-78.5,277.56808
45.5,-77.5,277.59805
45.5,-76.5,277.2368
45.5,-75.5,277.16302
45.5,-74.5,277.29343
45.5,-73.5,278.29584
45.5,-72.5,277.74704
45.5,-71.5,276.28293
45.5,-70.5,276.5506
45.5,-69.5,277.3623
45.5,-68.5,277.3668
45.5,-67.5,278.3418
45.5,-66.5,279.0591
45.5,-65.5,279.76227
45.5,-64.5,279.33698
45.5,-63.5,279.9253
45.5,-62.5,279.96674
45.5,-61.5,280.30084
45.5,-0.5,286.1543
45.5,0.5,284.67657
45.5,1.5,283.45972
45.5,2.5,281.18716
45.5,3.5,281.94818
45.5,4.5,282.76083
45.5,5.5,281.04044
45.5,6.5,274.6039
45.5,7.5,279.21356
45.5,8.5,282.09814
45.5,9.5,282.56555
45.5,10.5,282.02197
45.5,11.5,282.73184
45.5,12.5,286.83002
45.5,13.5,285.19778
45.5,14.5,285.0251
45.5,15.5,281.38345
45.5,16.5,282.82584
45.5,17.5,284.77243
45.5,18.5,284.27448
45.5,19.5,284.83978
45.5,20.5,285.0504
45.5,21.5,284.12518
45.5,22.5,282.1967
45.5,23.5,284.09955
45.5,24.5,284.4082
45.5,25.5,282.7288
45.5,26.5,283.21625
45.5,27.5,284.30594
45.5,28.5,285.23706
45.5,29.5,285.76953
45.5,33.5,286.99335
45.5,34.5,285.8681
45.5,38.5,285.76968
45.5,39.5,285.58347
45.5,40.5,285.05606
45.5,41.5,284.30002
45.5,42.5,284.12585
45.5,43.5,284.733
45.5,44.5,285.17938
45.5,45.5,286.1895
45.5,46.5,286.74854
45.5,47.5,286.27982
45.5,53.5,287.56418
45.5,54.5,287.00558
45.5,55.5,286.5815
45.5,56.5,286.23947
45.5,57.5,285.8929
45.5,58.5,286.21295
45.5,60.5,285.59808
45.5,61.5,285.63437
45.5,62.5,285.4747
45.5,63.5,285.2483
45.5,64.5,285.01578
45.5,65.5,285.13126
45.5,66.5,285.30872
45.5,67.5,285.03787
45.5,68.5,284.46857
45.5,69.5,284.32047
45.5,70.5,284.11194
45.5,71.5,283.71664
45.5,72.5,283.46017
45.5,73.5,282.6842
45.5,74.5,283.0607
45.5,75.5,284.01447
45.5,76.5,284.2988
45.5,77.5,283.7014
45.5,78.5,280.3511
45.5,79.5,274.96097
45.5,80.5,273.0419
45.5,81.5,282.4234
45.5,82.5,279.28934
45.5,83.5,280.82462
45.5,84.5,281.087
45.5,85.5,281.89383
45.5,86.5,282.52167
45.5,87.5,281.51956
45.5,88.5,280.87244
45.5,89.5,280.56717
45.5,90.5,278.9838
45.5,91.5,278.06207
45.5,92.5,276.97644
45.5,93.5,273.96948
45.5,94.5,277.62228
45.5,95.5,277.79086
45.5,96.5,278.47574
45.5,97.5,275.32553
45.5,98.5,277.28833
45.5,99.5,277.88745
45.5,100.5,277.7774
45.5,101.5,277.49976
45.5,102.5,277.5513
45.5,103.5,278.58905
45.5,104.5,278.41678
45.5,105.5,278.12256
45.5,106.5,278.49323
45.5,107.5,278.20493
45.5,108.5,278.91263
45.5,109.5,279.12732
45.5,110.5,278.71768
45.5,111.5,277.84604
45.5,112.5,276.71347
45.5,113.5,275.78836
45.5,114.5,275.68506
45.5,115.5,276.23953
45.5,116.5,275.92346
45.5,117.5,275.45007
45.5,118.5,275.29062
45.5,119.5,274.7204
45.5,120.5,275.5712
45.5,121.5,278.19376
45.5,122.5,279.26355
45.5,123.5,279.00958
45.5,124.5,278.4847
45.5,125.5,277.59564
45.5,126.5,277.16788
45.5,127.5,277.0195
45.5,128.5,275.335
45.5,129.5,276.10422
45.5,130.5,275.39218
45.5,131.5,275.3283
45.5,132.5,275.52582
45.5,133.5,274.85974
45.5,134.5,273.67487
45.5,135.5,272.67734
45.5,136.5,273.14236
46.5,-123.5,282.13147
46.5,-122.5,280.42975
46.5,-121.5,279.08817
46.5,-120.5,279.30112
46.5,-119.5,283.0472
46.5,-118.5,283.8948
46.5,-117.5,281.19434
46.5,-116.5,278.893
46.5,-115.5,277.10376
46.5,-114.5,277.184
46.5,-113.5,276.28445
46.5,-112.5,276.42126
46.5,-111.5,275.64117
46.5,-110.5,275.6327
46.5,-109.5,278.99197
46.5,-108.5,281.00134
46.5,-107.5,282.06064
46.5,-106.5,281.93286
46.5,-105.5,281.649
46.5,-104.5,281.1117
46.5,-103.5,280.3568
46.5,-102.5,280.26227
46.5,-101.5,279.91284
46.5,-100.5,279.25235
46.5,-99.5,278.79727
46.5,-98.5,278.812
46.5,-97.5,278.9697
46.5,-96.5,278.67505
46.5,-95.5,277.74316
46.5,-94.5,277.58786
46.5,-93.5,277.4088
46.5,-92.5,277.45316
46.5,-91.5,278.0237
46.5,-90.5,277.3611
46.5,-89.5,278.16547
46.5,-88.5,278.17316
46.5,-87.5,278.61426
46.5,-86.5,278.57315
46.5,-85.5,278.23645
46.5,-84.5,277.02658
46.5,-83.5,277.023
46.5,-82.5,277.29984
46.5,-81.5,276.90442
46.5,-80.5,276.83365
46.5,-79.5,276.9233
46.5,-78.5,276.36847
46.5,-77.5,276.51398
46.5,-76.5,276.5716
46.5,-75.5,276.04956
46.5,-74.5,275.98093
46.5,-73.5,276.65063
46.5,-72.5,276.23553
46.5,-71.5,275.39233
46.5,-70.5,276.61127
46.5,-69.5,276.0886
46.5,-68.5,275.9993
46.5,-67.5,276.60815
46.5,-66.5,276.7134
46.5,-65.5,278.13892
46.5,-64.5,278.69116
46.5,-60.5,279.32297
46.5,-1.5,286.10013
46.5,-0.5,285.09543
46.5,0.5,284.31284
46.5,1.5,283.50998
46.5,2.5,282.65366
46.5,3.5,282.48624
46.5,4.5,282.36026
46.5,5.5,282.02057
46.5,6.5,277.4083
46.5,7.5,278.28348
46.5,8.5,279.93338
46.5,9.5,278.86734
46.5,10.5,276.75565
46.5,11.5,275.55453
46.5,12.5,278.52795
46.5,13.5,280.04492
46.5,14.5,280.5523
46.5,15.5,282.19687
46.5,16.5,282.89258
46.5,17.5,283.39008
46.5,18.5,284.04654
46.5,19.5,284.887
46.5,20.5,284.81348
46.5,21.5,284.16998
46.5,22.5,280.76385
46.5,23.5,281.8501
46.5,24.5,280.4992
46.5,25.5,279.93994
46.5,26.5,280.68546
46.5,27.5,282.91748
46.5,28.5,284.03055
46.5,29.5,284.76074
46.5,30.5,285.40045
46.5,32.5,285.5188
46.5,33.5,285.55862
46.5,34.5,285.67987
46.5,35.5,285.54987
46.5,38.5,285.4585
46.5,39.5,284.8934
46.5,40.5,284.51788
46.5,41.5,284.35748
46.5,42.5,284.26846
46.5,43.5,284.84106
46.5,44.5,284.99515
46.5,45.5,285.73053
46.5,46.5,285.8163
46.5,47.5,285.6855
46.5,48.5,285.52298
46.5,49.5,285.6936
46.5,53.5,286.39133
46.5,54.5,285.81735
46.5,55.5,285.38733
46.5,56.5,284.6483
46.5,57.5,284.24594
46.5,58.5,283.868
46.5,59.5,284.28616
46.5,60.5,284.07034
46.5,61.5,284.0276
46.5,62.5,283.93787
46.5,63.5,283.96198
46.5,64.5,283.95724
46.5,65.5,283.70285
46.5,66.5,283.31354
46.5,67.5,282.84875
46.5,68.5,282.9128
46.5,69.5,282.7565
46.5,70.5,282.09
46.5,71.5,281.54614
46.5,72.5,281.1311
46.5,73.5,281.2159
46.5,75.5,282.11386
46.5,76.5,282.18347
46.5,77.5,281.63477
46.5,78.5,281.61215
46.5,79.5,281.58572
46.5,80.5,280.65436
46.5,81.5,280.94272
46.5,82.5,278.43677
46.5,83.5,276.49695
46.5,84.5,279.5226
46.5,85.5,276.6368
46.5,86.5,278.4748
46.5,87.5,279.3465
46.5,88.5,279.17007
46.5,89.5,278.4115
46.5,90.5,274.51782
46.5,91.5,272.6512
46.5,92.5,273.76382
46.5,93.5,275.05936
46.5,94.5,280.29578
46.5,95.5,276.12103
46.5,96.5,273.19928
46.5,97.5,272.12717
46.5,98.5,273.12653
46.5,99.5,272.8688
46.5,100.5,271.35995
46.5,101.5,271.0937
46.5,102.5,273.19812
46.5,103.5,274.64056
46.5,104.5,275.84042
46.5,105.5,275.90378
46.5,106.5,275.5266
46.5,107.5,275.8187
46.5,108.5,276.46295
46.5,109.5,276.97644
46.5,110.5,276.54
46.5,111.5,275.76962
46.5,112.5,275.7218
46.5,113.5,275.06625
46.5,114.5,276.21094
46.5,115.5,275.97086
46.5,116.5,276.08313
46.5,117.5,275.6972
46.5,118.5,273.93375
46.5,119.5,273.14258
46.5,120.5,273.76236
46.5,121.5,275.2696
46.5,122.5,277.4884
46.5,123.5,278.01755
46.5,124.5,277.81906
46.5,125.5,276.87823
46.5,126.5,276.37894
46.5,127.5,275.97916
46.5,128.5,274.52997
46.5,129.5,274.81555
46.5,130.5,275.71985
46.5,131.5,275.18503
46.5,132.5,274.8327
46.5,133.5,274.96445
46.5,134.5,273.27246
46.5,135.5,273.08932
46.5,136.5,270.6696
46.5,137.5,272.86844
46.5,142.5,275.95145
47.5,-123.5,281.32388
47.5,-122.5,281.75778
47.5,-121.5,278.63446
47.5,-120.5,276.5635
47.5,-119.5,282.21622
47.5,-118.5,282.73447
47.5,-117.5,281.07538
47.5,-116.5,277.8468
47.5,-115.5,276.08777
47.5,-114.5,275.80057
47.5,-113.5,276.06595
47.5,-112.5,276.08716
47.5,-111.5,279.32196
47.5,-110.5,281.15967
47.5,-109.5,279.88367
47.5,-108.5,280.57047
47.5,-107.5,281.56027
47.5,-106.5,281.1842
47.5,-105.5,280.65576
47.5,-104.5,280.57205
47.5,-103.5,279.78592
47.5,-102.5,279.14526
47.5,-101.5,278.46912
47.5,-100.5,278.42462
47.5,-99.5,277.96783
47.5,-98.5,277.8875
47.5,-97.5,278.08752
47.5,-96.5,278.01855
47.5,-95.5,277.3116
47.5,-94.5,276.80414
47.5,-93.5,276.6881
47.5,-92.5,276.65433
47.5,-91.5,277.17743
47.5,-84.5,276.12286
47.5,-83.5,275.54755
47.5,-82.5,275.67285
47.5,-81.5,275.54807
47.5,-80.5,275.77945
47.5,-79.5,274.9824
47.5,-78.5,275.39786
47.5,-77.5,275.21957
47.5,-76.5,275.01517
47.5,-75.5,274.81766
47.5,-74.5,274.62537
47.5,-73.5,274.76932
47.5,-72.5,274.94998
47.5,-71.5,274.33975
47.5,-70.5,273.04068
47.5,-69.5,275.93307
47.5,-68.5,274.87973
47.5,-67.5,274.97498
47.5,-66.5,275.99417
47.5,-65.5,277.39313
47.5,-55.5,278.34125
47.5,-53.5,278.5284
47.5,-2.5,285.36084
47.5,-1.5,284.5395
47.5,-0.5,284.30917
47.5,0.5,284.33853
47.5,1.5,284.0313
47.5,2.5,284.03394
47.5,3.5,282.8541
47.5,4.5,282.27164
47.5,5.5,282.2475
47.5,6.5,280.02652
47.5,7.5,280.10886
47.5,8.5,278.10513
47.5,9.5,276.5185
47.5,10.5,277.54538
47.5,11.5,277.23923
47.5,12.5,276.12512
47.5,13.5,277.95148
47.5,14.5,279.0833
47.5,15.5,280.26987
47.5,16.5,282.77988
47.5,17.5,282.98547
47.5,18.5,283.52765
47.5,19.5,283.8398
47.5,20.5,283.62018
47.5,21.5,283.8458
47.5,22.5,282.25372
47.5,23.5,280.94302
47.5,24.5,279.3511
47.5,25.5,279.21387
47.5,26.5,281.25058
47.5,27.5,282.2033
47.5,28.5,282.70853
47.5,29.5,283.2927
47.5,30.5,283.69217
47.5,31.5,283.9871
47.5,32.5,284.11792
47.5,33.5,284.31143
47.5,34.5,284.0338
47.5,35.5,284.15402
47.5,36.5,283.9228
47.5,37.5,283.95084
47.5,38.5,283.81406
47.5,39.5,283.51736
47.5,40.5,283.37952
47.5,41.5,283.36707
47.5,42.5,283.91714
47.5,43.5,283.95297
47.5,44.5,284.3152
47.5,45.5,284.7501
47.5,46.5,284.6759
47.5,47.5,284.54703
47.5,48.5,284.92178
47.5,49.5,285.10474
47.5,50.5,285.13095
47.5,51.5,284.94238
47.5,52.5,284.99078
47.5,53.5,284.75354
47.5,54.5,284.10873
47.5,55.5,283.37466
47.5,56.5,283.15363
47.5,57.5,282.6013
47.5,58.5,282.2426
47.5,59.5,282.21802
47.5,60.5,282.21558
47.5,61.5,282.58813
47.5,62.5,282.74252
47.5,63.5,282.82718
47.5,64.5,282.6185
47.5,65.5,282.204
47.5,66.5,280.99066
47.5,67.5,280.78772
47.5,68.5,280.84586
47.5,69.5,280.9318
47.5,70.5,280.14026
47.5,71.5,279.20737
47.5,72.5,277.8071
47.5,73.5,278.062
47.5,74.5,278.8141
47.5,75.5,279.1096
47.5,76.5,279.37878
47.5,77.5,279.03387
47.5,78.5,279.25934
47.5,79.5,279.50052
47.5,80.5,279.0157
47.5,81.5,279.0119
47.5,82.5,275.2813
47.5,83.5,273.95163
47.5,84.5,275.39984
47.5,85.5,273.27356
47.5,86.5,277.6155
47.5,87.5,276.14133
47.5,88.5,272.89078
47.5,89.5,272.51212
47.5,90.5,269.53632
47.5,91.5,272.96164
47.5,92.5,274.88528
47.5,93.5,276.27393
47.5,94.5,276.92752
47.5,95.5,273.7803
47.5,96.5,269.9033
47.5,97.5,268.72012
47.5,98.5,268.00064
47.5,99.5,269.15253
47.5,100.5,268.86353
47.5,101.5,271.37775
47.5,102.5,273.0716
47.5,103.5,273.64642
47.5,104.5,274.6844
47.5,105.5,274.7756
47.5,106.5,273.1557
47.5,107.5,273.19308
47.5,108.5,273.21628
47.5,109.5,273.63968
47.5,110.5,274.35248
47.5,111.5,274.09805
47.5,112.5,274.69925
47.5,113.5,275.34482
47.5,114.5,275.92697
47.5,115.5,275.95523
47.5,116.5,276.4489
47.5,117.5,275.89783
47.5,118.5,274.52887
47.5,119.5,272.50732
47.5,120.5,272.76978
47.5,121.5,273.86203
47.5,122.5,275.5163
47.5,123.5,276.74557
47.5,124.5,276.4285
47.5,125.5,275.7153
47.5,126.5,275.08105
47.5,127.5,274.3158
47.5,128.5,273.87738
47.5,129.5,272.9317
47.5,130.5,273.6959
47.5,131.5,274.4302
47.5,132.5,274.1848
47.5,133.5,273.8228
47.5,134.5,273.2464
47.5,135.5,273.30334
47.5,136.5,270.96533
47.5,137.5,270.0272
47.5,138.5,272.20282
47.5,142.5,275.5948
48.5,-124.5,280.43542
48.5,-123.5,280.74
48.5,-122.5,280.91022
48.5,-121.5,274.8019
48.5,-120.5,275.12018
48.5,-119.5,276.31912
48.5,-118.5,279.93088
48.5,-117.5,278.0113
48.5,-116.5,275.30823
48.5,-115.5,274.71637
48.5,-114.5,273.45132
48.5,-113.5,276.4668
48.5,-112.5,277.73846
48.5,-111.5,279.52167
48.5,-110.5,280.52707
48.5,-109.5,279.41644
48.5,-108.5,279.48373
48.5,-107.5,279.87302
48.5,-106.5,279.84973
48.5,-105.5,279.63013
48.5,-104.5,279.17935
48.5,-103.5,278.74677
48.5,-102.5,278.42566
48.5,-101.5,277.98074
48.5,-100.5,277.17017
48.5,-99.5,277.11707
48.5,-98.5,277.216
48.5,-97.5,277.49005
48.5,-96.5,277.2726
48.5,-95.5,276.7136
48.5,-94.5,276.43246
48.5,-93.5,276.1403
48.5,-92.5,275.7998
48.5,-91.5,275.43933
48.5,-90.5,275.2507
48.5,-89.5,275.19867
48.5,-85.5,275.03552
48.5,-84.5,274.64957
48.5,-83.5,274.56915
48.5,-82.5,274.7846
48.5,-81.5,274.76367
48.5,-80.5,274.67813
48.5,-79.5,274.57574
48.5,-78.5,274.53537
48.5,-77.5,274.43402
48.5,-76.5,274.3137
48.5,-75.5,273.87668
48.5,-74.5,273.45847
48.5,-73.5,274.46207
48.5,-72.5,274.5296
48.5,-71.5,273.5281
48.5,-70.5,273.62756
48.5,-69.5,274.54382
48.5,-68.5,274.31393
48.5,-67.5,275.1642
48.5,-66.5,274.6268
48.5,-65.5,274.50116
48.5,-58.5,276.25427
48.5,-57.5,275.94388
48.5,-56.5,276.7138
48.5,-55.5,276.97668
48.5,-54.5,277.57104
48.5,-3.5,284.37558
48.5,-2.5,284.49347
48.5,-1.5,283.71805
48.5,-0.5,283.2039
48.5,0.5,283.26358
48.5,1.5,283.6588
48.5,2.5,284.2824
48.5,3.5,283.24765
48.5,4.5,282.7606
48.5,5.5,282.34924
48.5,6.5,281.20282
48.5,7.5,281.23267
48.5,8.5,281.43512
48.5,9.5,281.33652
48.5,10.5,280.28867
48.5,11.5,280.8073
48.5,12.5,280.90732
48.5,13.5,279.10165
48.5,14.5,280.85068
48.5,15.5,280.93292
48.5,16.5,282.6637
48.5,17.5,282.29315
48.5,18.5,281.8471
48.5,19.5,280.13885
48.5,20.5,280.14923
48.5,21.5,281.90872
48.5,22.5,280.39508
48.5,23.5,279.92163
48.5,24.5,279.762
48.5,25.5,279.88953
48.5,26.5,281.4501
48.5,27.5,281.48132
48.5,28.5,281.8857
48.5,29.5,281.89096
48.5,30.5,282.20197
48.5,31.5,282.34756
48.5,32.5,282.52213
48.5,33.5,282.85895
48.5,34.5,282.87448
48.5,35.5,282.80832
48.5,36.5,282.39435
48.5,37.5,282.44135
48.5,38.5,282.41046
48.5,39.5,281.88174
48.5,40.5,282.2453
48.5,41.5,282.2977
48.5,42.5,282.60416
48.5,43.5,282.4209
48.5,44.5,282.737
48.5,45.5,283.03598
48.5,46.5,283.459
48.5,47.5,283.42056
48.5,48.5,283.72156
48.5,49.5,283.8322
48.5,50.5,283.83487
48.5,51.5,283.53262
48.5,52.5,283.41916
48.5,53.5,283.13422
48.5,54.5,282.5395
48.5,55.5,281.846
48.5,56.5,280.88895
48.5,57.5,280.57767
48.5,58.5,280.68628
48.5,59.5,280.37988
48.5,60.5,280.5499
48.5,61.5,281.0155
48.5,62.5,281.25632
48.5,63.5,281.28204
48.5,64.5,280.83527
48.5,65.5,280.48657
48.5,66.5,279.06735
48.5,67.5,278.1943
48.5,68.5,278.54446
48.5,69.5,278.60275
48.5,70.5,278.14474
48.5,71.5,277.52475
48.5,72.5,276.44873
48.5,73.5,275.92776
48.5,74.5,275.23648
48.5,75.5,275.36313
48.5,76.5,275.094
48.5,77.5,275.68283
48.5,78.5,276.1709
48.5,79.5,276.61688
48.5,80.5,276.08038
48.5,81.5,275.2577
48.5,82.5,274.69235
48.5,83.5,275.84067
48.5,84.5,274.87875
48.5,85.5,273.05157
48.5,86.5,272.46667
48.5,87.5,267.12524
48.5,88.5,267.02844
48.5,89.5,268.95502
48.5,90.5,271.02133
48.5,91.5,271.2923
48.5,92.5,276.112
48.5,93.5,276.44708
48.5,94.5,273.96075
48.5,95.5,271.08868
48.5,96.5,268.77057
48.5,97.5,267.1513
48.5,98.5,267.43802
48.5,99.5,268.60983
48.5,100.5,270.48157
48.5,101.5,271.413
48.5,102.5,271.84482
48.5,103.5,272.02225
48.5,104.5,272.86255
48.5,105.5,273.30643
48.5,106.5,271.4818
48.5,107.5,270.95676
48.5,108.5,269.9951
48.5,109.5,270.75177
48.5,110.5,271.835
48.5,111.5,272.75354
48.5,112.5,274.18066
48.5,113.5,274.62305
48.5,114.5,275.054
48.5,115.5,275.0475
48.5,116.5,275.28748
48.5,117.5,275.46472
48.5,118.5,274.298
48.5,119.5,273.32913
48.5,120.5,271.49307
48.5,121.5,272.44632
48.5,122.5,273.6546
48.5,123.5,274.60486
48.5,124.5,274.6954
48.5,125.5,273.98755
48.5,126.5,273.44818
48.5,127.5,273.54144
48.5,128.5,273.26825
48.5,129.5,272.9132
48.5,130.5,272.45605
48.5,131.5,273.2859
48.5,132.5,272.5619
48.5,133.5,272.8082
48.5,134.5,272.60956
48.5,135.5,273.22296
48.5,136.5,272.19244
48.5,137.5,270.21112
48.5,138.5,270.06342
48.5,139.5,271.73163
48.5,142.5,274.77402
49.5,-125.5,282.22028
49.5,-124.5,278.58658
49.5,-123.5,277.78906
49.5,-122.5,277.61273
49.5,-121.5,274.3127
49.5,-120.5,271.86774
49.5,-119.5,274.63312
49.5,-118.5,274.65057
49.5,-117.5,272.2499
49.5,-116.5,274.60986
49.5,-115.5,271.40912
49.5,-114.5,272.86987
49.5,-113.5,276.77692
49.5,-112.5,278.56955
49.5,-111.5,279.78116
49.5,-110.5,279.81815
49.5,-109.5,279.203
49.5,-108.5,278.94986
49.5,-107.5,278.86288
49.5,-106.5,278.52542
49.5,-105.5,278.30508
49.5,-104.5,278.33536
49.5,-103.5,277.61237
49.5,-102.5,276.65787
49.5,-101.5,276.7892
49.5,-100.5,276.2136
49.5,-99.5,276.29623
49.5,-98.5,276.86072
49.5,-97.5,277.05136
49.5,-96.5,276.51086
49.5,-95.5,275.96426
49.5,-94.5,275.22314
49.5,-93.5,275.23395
49.5,-92.5,275.06424
49.5,-91.5,274.69547
49.5,-90.5,274.48083
49.5,-89.5,274.56595
49.5,-88.5,274.83646
49.5,-87.5,274.32648
49.5,-86.5,274.136
49.5,-85.5,274.11234
49.5,-84.5,274.0443
49.5,-83.5,273.7392
49.5,-82.5,273.79248
49.5,-81.5,273.8822
49.5,-80.5,274.0013
49.5,-79.5,273.8001
49.5,-78.5,273.77924
49.5,-77.5,273.5148
49.5,-76.5,273.47745
49.5,-75.5,273.19046
49.5,-74.5,272.9892
49.5,-73.5,272.91382
49.5,-72.5,273.13547
49.5,-71.5,273.00656
49.5,-70.5,272.83887
49.5,-69.5,272.5911
49.5,-68.5,273.43387
49.5,-67.5,274.79135
49.5,-57.5,276.3459
49.5,-56.5,275.8288
49.5,-55.5,276.19962
49.5,0.5,283.45554
49.5,1.5,283.21185
49.5,2.5,283.3488
49.5,3.5,282.85162
49.5,4.5,281.94205
49.5,5.5,281.4341
49.5,6.5,281.6205
49.5,7.5,281.64108
49.5,8.5,282.692
49.5,9.5,281.8973
49.5,10.5,281.37738
49.5,11.5,280.91864
49.5,12.5,280.66275
49.5,13.5,279.83307
49.5,14.5,281.34033
49.5,15.5,281.14914
49.5,16.5,281.11642
49.5,17.5,280.06238
49.5,18.5,281.33328
49.5,19.5,279.95
49.5,20.5,279.72363
49.5,21.5,280.8449
49.5,22.5,280.42242
49.5,23.5,279.8715
49.5,24.5,280.71786
49.5,25.5,280.71176
49.5,26.5,280.91483
49.5,27.5,280.75848
49.5,28.5,280.84805
49.5,29.5,280.93616
49.5,30.5,281.30594
49.5,31.5,281.21652
49.5,32.5,282.05325
49.5,33.5,281.8238
49.5,34.5,281.55618
49.5,35.5,281.4583
49.5,36.5,281.3166
49.5,37.5,281.30573
49.5,38.5,281.23346
49.5,39.5,281.1625
49.5,40.5,281.23044
49.5,41.5,281.15854
49.5,42.5,281.3785
49.5,43.5,281.11276
49.5,44.5,281.24567
49.5,45.5,281.71002
49.5,46.5,282.10983
49.5,47.5,282.01596
49.5,48.5,281.96912
49.5,49.5,282.01492
49.5,50.5,282.0566
49.5,51.5,282.04553
49.5,52.5,281.79605
49.5,53.5,281.39694
49.5,54.5,281.0823
49.5,55.5,280.365
49.5,56.5,279.4061
49.5,57.5,278.97574
49.5,58.5,278.7843
49.5,59.5,279.0113
49.5,60.5,279.1688
49.5,61.5,279.4337
49.5,62.5,279.69272
49.5,63.5,279.50806
49.5,64.5,279.638
49.5,65.5,279.14722
49.5,66.5,278.51788
49.5,67.5,277.77957
49.5,68.5,277.6424
49.5,69.5,277.4523
49.5,70.5,277.26248
49.5,71.5,276.7923
49.5,72.5,275.89157
49.5,73.5,275.52563
49.5,74.5,274.76273
49.5,75.5,274.545
49.5,76.5,274.41788
49.5,77.5,275.45282
49.5,78.5,276.21558
49.5,79.5,276.52817
49.5,80.5,276.1796
49.5,81.5,275.578
49.5,82.5,273.48203
49.5,83.5,271.5339
49.5,84.5,269.9244
49.5,85.5,267.99448
49.5,86.5,265.45547
49.5,87.5,264.9584
49.5,88.5,267.93802
49.5,89.5,268.1156
49.5,90.5,270.07178
49.5,91.5,274.02664
49.5,92.5,274.25784
49.5,93.5,276.49625
49.5,94.5,272.15305
49.5,95.5,270.783
49.5,96.5,267.5235
49.5,97.5,265.6764
49.5,98.5,267.82993
49.5,99.5,269.4179
49.5,100.5,270.39206
49.5,101.5,270.51257
49.5,102.5,271.59113
49.5,103.5,269.96768
49.5,104.5,271.3265
49.5,105.5,272.96393
49.5,106.5,271.76907
49.5,107.5,271.01834
49.5,108.5,270.4755
49.5,109.5,269.87454
49.5,110.5,269.92642
49.5,111.5,270.05753
49.5,112.5,271.41064
49.5,113.5,273.05972
49.5,114.5,274.24405
49.5,115.5,274.495
49.5,116.5,274.09628
49.5,117.5,274.11978
49.5,118.5,273.34933
49.5,119.5,272.54846
49.5,120.5,271.10022
49.5,121.5,270.48804
49.5,122.5,271.13846
49.5,123.5,272.5149
49.5,124.5,273.08862
49.5,125.5,272.59003
49.5,126.5,272.69373
49.5,127.5,272.69885
49.5,128.5,272.39633
49.5,129.5,272.05103
49.5,130.5,271.58286
49.5,131.5,270.87445
49.5,132.5,271.98752
49.5,133.5,270.96265
49.5,134.5,270.4032
49.5,135.5,270.7398
49.5,136.5,272.325
49.5,137.5,271.3384
49.5,138.5,270.57242
49.5,139.5,270.16696
49.5,142.5,274.23645
49.5,143.5,272.36688
50.5,-127.5,280.69653
50.5,-126.5,278.64993
50.5,-125.5,275.9774
50.5,-124.5,275.96042
50.5,-123.5,271.64133
50.5,-122.5,273.059
50.5,-121.5,275.0762
50.5,-120.5,276.04895
50.5,-119.5,275.44214
50.5,-118.5,273.8388
50.5,-117.5,272.41705
50.5,-116.5,273.77972
50.5,-115.5,271.169
50.5,-114.5,272.5276
50.5,-113.5,277.10345
50.5,-112.5,278.6177
50.5,-111.5,279.20532
50.5,-110.5,279.1729
50.5,-109.5,279.1183
50.5,-108.5,278.69043
50.5,-107.5,278.02094
50.5,-106.5,278.0766
50.5,-105.5,277.50928
50.5,-104.5,277.0547
50.5,-103.5,276.0917
50.5,-102.5,275.69165
50.5,-101.5,275.18387
50.5,-100.5,275.01404
50.5,-99.5,275.6847
50.5,-98.5,275.75702
50.5,-97.5,275.82333
50.5,-96.5,275.95322
50.5,-95.5,275.34894
50.5,-94.5,275.08096
50.5,-93.5,274.3386
50.5,-92.5,274.1528
50.5,-91.5,273.8331
50.5,-90.5,273.7722
50.5,-89.5,273.29022
50.5,-88.5,273.58832
50.5,-87.5,273.23978
50.5,-86.5,273.33603
50.5,-85.5,273.09357
50.5,-84.5,272.92056
50.5,-83.5,273.022
50.5,-82.5,273.10406
50.5,-81.5,273.28687
50.5,-80.5,273.287
50.5,-79.5,273.29132
50.5,-78.5,273.26508
50.5,-77.5,272.92902
50.5,-76.5,272.6578
50.5,-75.5,272.43274
50.5,-74.5,272.7662
50.5,-73.5,272.0796
50.5,-72.5,271.98846
50.5,-71.5,271.8936
50.5,-70.5,271.23663
50.5,-69.5,271.586
50.5,-68.5,271.1717
50.5,-67.5,272.29898
50.5,-66.5,272.74686
50.5,-65.5,272.58243
50.5,-64.5,273.0841
50.5,-63.5,273.8559
50.5,-62.5,274.31705
50.5,-61.5,274.76572
50.5,-60.5,275.0082
50.5,-56.5,275.34885
50.5,-4.5,284.26157
50.5,-3.5,283.49994
50.5,2.5,283.07797
50.5,3.5,283.03995
50.5,4.5,282.70132
50.5,5.5,281.568
50.5,6.5,282.22107
50.5,7.5,281.20557
50.5,8.5,281.64206
50.5,9.5,281.32538
50.5,10.5,280.83664
50.5,11.5,281.0539
50.5,12.5,281.01425
50.5,13.5,280.31857
50.5,14.5,280.94507
50.5,15.5,280.5745
50.5,16.5,280.59573
50.5,17.5,280.78348
50.5,18.5,281.9338
50.5,19.5,281.864
50.5,20.5,280.97467
50.5,21.5,281.28055
50.5,22.5,281.1031
50.5,23.5,281.0087
50.5,24.5,280.92392
50.5,25.5,280.80963
50.5,26.5,280.74002
50.5,27.5,280.4594
50.5,28.5,280.51218
50.5,29.5,280.66437
50.5,30.5,280.83508
50.5,31.5,280.96118
50.5,32.5,280.82855
50.5,33.5,280.40305
50.5,34.5,280.18808
50.5,35.5,280.09885
50.5,36.5,280.17145
50.5,37.5,280.08612
50.5,38.5,280.0713
50.5,39.5,280.08713
50.5,40.5,280.17004
50.5,41.5,280.12955
50.5,42.5,279.9661
50.5,43.5,280.09467
50.5,44.5,279.65793
50.5,45.5,280.33304
50.5,46.5,280.60757
50.5,47.5,280.59842
50.5,48.5,280.5744
50.5,49.5,280.5486
50.5,50.5,280.5761
50.5,51.5,280.42227
50.5,52.5,280.09872
50.5,53.5,279.94122
50.5,54.5,279.72208
50.5,55.5,279.14664
50.5,56.5,278.1722
50.5,57.5,277.59027
50.5,58.5,277.75897
50.5,59.5,277.90106
50.5,60.5,277.90845
50.5,61.5,278.07202
50.5,62.5,278.05957
50.5,63.5,278.3485
50.5,64.5,278.0491
50.5,65.5,278.00897
50.5,66.5,277.60715
50.5,67.5,277.25317
50.5,68.5,276.94116
50.5,69.5,276.60165
50.5,70.5,276.39404
50.5,71.5,275.98645
50.5,72.5,275.53638
50.5,73.5,275.1928
50.5,74.5,275.44284
50.5,75.5,275.38098
50.5,76.5,276.11465
50.5,77.5,276.88354
50.5,78.5,277.32184
50.5,79.5,276.56738
50.5,80.5,275.94897
50.5,81.5,275.27945
50.5,82.5,273.15262
50.5,83.5,271.08408
50.5,84.5,268.70374
50.5,85.5,270.44437
50.5,86.5,267.24216
50.5,87.5,267.53125
50.5,88.5,266.6233
50.5,89.5,265.26282
50.5,90.5,270.3439
50.5,91.5,268.8209
50.5,92.5,269.6194
50.5,93.5,270.70917
50.5,94.5,269.9412
50.5,95.5,271.56305
50.5,96.5,268.79907
50.5,97.5,266.45966
50.5,98.5,266.69064
50.5,99.5,268.01364
50.5,100.5,268.79315
50.5,101.5,268.25723
50.5,102.5,269.88812
50.5,103.5,268.25656
50.5,104.5,269.84274
50.5,105.5,271.00186
50.5,106.5,272.7056
50.5,107.5,271.3174
50.5,108.5,271.21906
50.5,109.5,269.30634
50.5,110.5,269.13153
50.5,111.5,269.26016
50.5,112.5,270.96887
50.5,113.5,271.85654
50.5,114.5,273.4109
50.5,115.5,273.48434
50.5,116.5,272.09094
50.5,117.5,271.43948
50.5,118.5,271.55447
50.5,119.5,271.2792
50.5,120.5,269.9887
50.5,121.5,269.6459
50.5,122.5,270.44696
50.5,123.5,271.0245
50.5,124.5,271.83997
50.5,125.5,271.62207
50.5,126.5,272.0366
50.5,127.5,272.29962
50.5,128.5,272.37833
50.5,129.5,272.0061
50.5,130.5,270.6262
50.5,131.5,269.48355
50.5,132.5,269.9892
50.5,133.5,267.78473
50.5,134.5,269.98718
50.5,135.5,268.2226
50.5,136.5,270.52618
50.5,137.5,271.0025
50.5,138.5,269.29807
50.5,139.5,269.09238
50.5,140.5,270.74796
50.5,142.5,271.8669
50.5,143.5,270.583
51.5,-127.5,279.1872
51.5,-126.5,275.9153
51.5,-125.5,272.428
51.5,-124.5,273.25565
51.5,-123.5,273.92377
51.5,-122.5,273.57797
51.5,-121.5,275.25858
51.5,-120.5,275.4601
51.5,-119.5,271.61862
51.5,-118.5,270.52698
51.5,-117.5,268.8921
51.5,-116.5,270.32135
51.5,-115.5,273.27795
51.5,-114.5,274.34668
51.5,-113.5,276.39978
51.5,-112.5,277.05118
51.5,-111.5,277.6359
51.5,-110.5,277.88287
51.5,-109.5,277.82693
51.5,-108.5,277.72617
51.5,-107.5,277.10214
51.5,-106.5,276.96115
51.5,-105.5,276.32462
51.5,-104.5,275.8301
51.5,-103.5,274.9827
51.5,-102.5,274.5929
51.5,-101.5,274.54565
51.5,-100.5,274.72406
51.5,-99.5,275.2019
51.5,-98.5,275.24545
51.5,-97.5,275.10825
51.5,-96.5,274.94693
51.5,-95.5,274.6589
51.5,-94.5,274.3172
51.5,-93.5,273.52982
51.5,-92.5,273.29706
51.5,-91.5,273.21216
51.5,-90.5,272.91223
51.5,-89.5,272.8457
51.5,-88.5,272.61606
51.5,-87.5,272.74994
51.5,-86.5,272.3232
51.5,-85.5,272.12296
51.5,-84.5,272.04974
51.5,-83.5,271.89725
51.5,-82.5,272.3041
51.5,-81.5,272.5278
51.5,-80.5,271.96045
51.5,-78.5,272.40918
51.5,-77.5,272.2348
51.5,-76.5,272.07373
51.5,-75.5,271.57257
51.5,-74.5,271.34207
51.5,-73.5,271.276
51.5,-72.5,270.46768
51.5,-71.5,270.3127
51.5,-70.5,270.21307
51.5,-69.5,270.72794
51.5,-68.5,270.1089
51.5,-67.5,270.3438
51.5,-66.5,270.40375
51.5,-65.5,270.36078
51.5,-64.5,271.25732
51.5,-63.5,271.14056
51.5,-62.5,271.6893
51.5,-61.5,272.33957
51.5,-60.5,272.49228
51.5,-59.5,272.98486
51.5,-58.5,273.50427
51.5,-57.5,273.15396
51.5,-56.5,273.47562
51.5,-3.5,281.9392
51.5,-2.5,282.13824
51.5,-1.5,282.747
51.5,-0.5,283.06595
51.5,0.5,283.3208
51.5,4.5,283.71542
51.5,5.5,283.30743
51.5,6.5,283.2262
51.5,7.5,282.1126
51.5,8.5,281.257
51.5,9.5,281.1341
51.5,10.5,281.11023
51.5,11.5,281.84338
51.5,12.5,281.99014
51.5,13.5,281.81204
51.5,14.5,281.875
51.5,15.5,281.91898
51.5,16.5,282.14178
51.5,17.5,282.03116
51.5,18.5,281.97986
51.5,19.5,281.95914
51.5,20.5,281.26923
51.5,21.5,281.27274
51.5,22.5,281.0619
51.5,23.5,281.1087
51.5,24.5,280.83237
51.5,25.5,280.9324
51.5,26.5,280.8577
51.5,27.5,280.6575
51.5,28.5,280.51266
51.5,29.5,280.40622
51.5,30.5,280.25174
51.5,31.5,280.03534
51.5,32.5,279.8697
51.5,33.5,279.66028
51.5,34.5,279.13342
51.5,35.5,278.89993
51.5,36.5,278.623
51.5,37.5,278.70953
51.5,38.5,278.99948
51.5,39.5,279.17386
51.5,40.5,279.182
51.5,41.5,279.15305
51.5,42.5,279.0092
51.5,43.5,278.83966
51.5,44.5,278.34863
51.5,45.5,278.5144
51.5,46.5,278.7909
51.5,47.5,279.3696
51.5,48.5,279.44653
51.5,49.5,279.19937
51.5,50.5,279.0612
51.5,51.5,278.8911
51.5,52.5,278.6465
51.5,53.5,278.45813
51.5,54.5,278.20453
51.5,55.5,277.9869
51.5,56.5,276.58292
51.5,57.5,275.7584
51.5,58.5,276.93484
51.5,59.5,276.95132
51.5,60.5,276.9017
51.5,61.5,276.86118
51.5,62.5,277.13312
51.5,63.5,277.15012
51.5,64.5,277.00284
51.5,65.5,277.12222
51.5,66.5,276.4413
51.5,67.5,275.91357
51.5,68.5,275.7302
51.5,69.5,275.42166
51.5,70.5,275.54163
51.5,71.5,275.39352
51.5,72.5,275.25323
51.5,73.5,275.14673
51.5,74.5,276.05753
51.5,75.5,276.62012
51.5,76.5,276.7361
51.5,77.5,276.4318
51.5,78.5,276.63083
51.5,79.5,276.23734
51.5,80.5,275.67007
51.5,81.5,274.9699
51.5,82.5,273.91235
51.5,83.5,271.77768
51.5,84.5,270.4692
51.5,85.5,270.96185
51.5,86.5,273.5173
51.5,87.5,270.33237
51.5,88.5,267.634
51.5,89.5,267.4057
51.5,90.5,270.46967
51.5,91.5,268.17725
51.5,92.5,266.7193
51.5,93.5,268.10327
51.5,94.5,268.88177
51.5,95.5,267.5463
51.5,96.5,267.68393
51.5,97.5,268.29132
51.5,98.5,264.5141
51.5,99.5,263.78632
51.5,100.5,266.09393
51.5,101.5,267.53998
51.5,102.5,268.84766
51.5,103.5,269.03363
51.5,104.5,268.15573
51.5,105.5,272.24362
51.5,106.5,272.65564
51.5,107.5,271.17398
51.5,108.5,271.30585
51.5,109.5,271.0176
51.5,110.5,270.4673
51.5,111.5,269.92035
51.5,112.5,270.20953
51.5,113.5,270.5302
51.5,114.5,271.2699
51.5,115.5,271.556
51.5,116.5,270.58994
51.5,117.5,270.46686
51.5,118.5,270.08914
51.5,119.5,270.09848
51.5,120.5,269.29004
51.5,121.5,268.7195
51.5,122.5,269.183
51.5,123.5,269.70718
51.5,124.5,270.66156
51.5,125.5,271.33304
51.5,126.5,272.02063
51.5,127.5,272.0683
51.5,128.5,271.46872
51.5,129.5,271.40546
51.5,130.5,269.8497
51.5,131.5,268.75015
51.5,132.5,267.60388
51.5,133.5,265.60226
51.5,134.5,267.6014
51.5,135.5,266.7027
51.5,136.5,269.59012
51.5,137.5,269.40225
51.5,138.5,268.57217
51.5,139.5,269.00345
51.5,140.5,271.7562
51.5,142.5,271.7585
51.5,157.5,273.696
52.5,-128.5,280.02274
52.5,-127.5,275.12686
52.5,-126.5,273.7539
52.5,-125.5,271.8139
52.5,-124.5,273.20343
52.5,-123.5,274.18207
52.5,-122.5,273.63647
52.5,-121.5,272.89215
52.5,-120.5,272.46704
52.5,-119.5,271.02728
52.5,-118.5,271.04745
52.5,-117.5,270.0275
52.5,-116.5,272.02042
52.5,-115.5,273.3392
52.5,-114.5,274.23514
52.5,-113.5,275.48965
52.5,-112.5,275.9043
52.5,-111.5,276.00302
52.5,-110.5,276.12036
52.5,-109.5,275.94803
52.5,-108.5,275.93115
52.5,-107.5,275.14627
52.5,-106.5,275.17935
52.5,-105.5,274.82684
52.5,-104.5,274.64612
52.5,-103.5,274.14197
52.5,-102.5,273.79547
52.5,-101.5,275.21606
52.5,-100.5,274.43106
52.5,-99.5,274.41312
52.5,-96.5,273.9842
52.5,-95.5,273.6707
52.5,-94.5,273.2084
52.5,-93.5,272.65466
52.5,-92.5,272.5915
52.5,-91.5,272.5155
52.5,-90.5,272.13638
52.5,-89.5,271.9673
52.5,-88.5,271.7917
52.5,-87.5,271.53506
52.5,-86.5,271.2264
52.5,-85.5,271.2335
52.5,-84.5,271.24704
52.5,-83.5,271.3727
52.5,-82.5,271.45554
52.5,-78.5,271.73227
52.5,-77.5,271.56274
52.5,-76.5,271.3226
52.5,-75.5,271.02094
52.5,-74.5,270.87476
52.5,-73.5,270.34604
52.5,-72.5,269.41382
52.5,-71.5,268.9882
52.5,-70.5,269.32794
52.5,-69.5,269.23187
52.5,-68.5,269.05478
52.5,-67.5,269.03674
52.5,-66.5,268.68665
52.5,-65.5,269.34415
52.5,-64.5,269.5997
52.5,-63.5,270.2666
52.5,-62.5,270.3953
52.5,-61.5,271.00815
52.5,-60.5,271.2127
52.5,-59.5,271.37927
52.5,-58.5,271.91086
52.5,-57.5,272.3531
52.5,-56.5,273.0102
52.5,-9.5,282.1932
52.5,-8.5,281.57465
52.5,-7.5,281.89175
52.5,-6.5,282.44678
52.5,-3.5,280.94574
52.5,-2.5,281.87558
52.5,-1.5,282.31003
52.5,-0.5,282.41904
52.5,0.5,282.8884
52.5,1.5,283.47708
52.5,5.5,283.32422
52.5,6.5,282.4944
52.5,7.5,282.51855
52.5,8.5,281.9451
52.5,9.5,281.82654
52.5,10.5,281.7792
52.5,11.5,282.02972
52.5,12.5,281.9976
52.5,13.5,282.48026
52.5,14.5,282.1489
52.5,15.5,282.38638
52.5,16.5,282.0195
52.5,17.5,281.91473
52.5,18.5,281.71695
52.5,19.5,281.3139
52.5,20.5,281.23856
52.5,21.5,281.16873
52.5,22.5,280.64926
52.5,23.5,280.8795
52.5,24.5,280.18906
52.5,25.5,280.02722
52.5,26.5,280.0511
52.5,27.5,280.06317
52.5,28.5,279.99637
52.5,29.5,279.83475
52.5,30.5,279.59995
52.5,31.5,279.31766
52.5,32.5,279.18295
52.5,33.5,278.84247
52.5,34.5,278.41913
52.5,35.5,278.28787
52.5,36.5,278.61835
52.5,37.5,278.11664
52.5,38.5,278.4726
52.5,39.5,278.50244
52.5,40.5,278.29474
52.5,41.5,278.06995
52.5,42.5,278.19028
52.5,43.5,277.88583
52.5,44.5,277.72867
52.5,45.5,277.43378
52.5,46.5,277.7488
52.5,47.5,277.30185
52.5,48.5,278.144
52.5,49.5,278.24847
52.5,50.5,278.0261
52.5,51.5,278.06998
52.5,52.5,277.32086
52.5,53.5,277.26193
52.5,54.5,276.69934
52.5,55.5,276.31458
52.5,56.5,274.80585
52.5,57.5,274.74615
52.5,58.5,275.12683
52.5,59.5,275.67633
52.5,60.5,276.13626
52.5,61.5,276.35916
52.5,62.5,276.45883
52.5,63.5,276.34732
52.5,64.5,276.13516
52.5,65.5,276.224
52.5,66.5,275.79218
52.5,67.5,275.04517
52.5,68.5,274.4306
52.5,69.5,274.42404
52.5,70.5,274.6901
52.5,71.5,275.2216
52.5,72.5,275.66425
52.5,73.5,276.047
52.5,74.5,276.1112
52.5,75.5,276.084
52.5,76.5,275.92548
52.5,77.5,275.97702
52.5,78.5,275.67258
52.5,79.5,275.41016
52.5,80.5,274.87482
52.5,81.5,274.7053
52.5,82.5,274.45398
52.5,83.5,274.34903
52.5,84.5,273.50516
52.5,85.5,272.71606
52.5,86.5,272.07443
52.5,87.5,272.43698
52.5,88.5,270.50253
52.5,89.5,270.5162
52.5,90.5,269.60123
52.5,91.5,269.84012
52.5,92.5,269.70074
52.5,93.5,267.6283
52.5,94.5,267.99142
52.5,95.5,266.16953
52.5,96.5,267.79306
52.5,97.5,267.34988
52.5,98.5,265.59436
52.5,99.5,264.86304
52.5,100.5,266.76242
52.5,101.5,267.8713
52.5,102.5,270.19427
52.5,103.5,270.7635
52.5,104.5,271.01953
52.5,105.5,271.9044
52.5,106.5,271.96445
52.5,107.5,273.6704
52.5,108.5,271.61456
52.5,109.5,269.8487
52.5,110.5,269.4153
52.5,111.5,269.3577
52.5,112.5,269.80438
52.5,113.5,269.6448
52.5,114.5,269.60464
52.5,115.5,269.84326
52.5,116.5,270.0217
52.5,117.5,269.58893
52.5,118.5,268.89264
52.5,119.5,269.56485
52.5,120.5,269.08597
52.5,121.5,268.90344
52.5,122.5,268.66147
52.5,123.5,269.9587
52.5,124.5,270.20123
52.5,125.5,271.04068
52.5,126.5,271.3809
52.5,127.5,271.07587
52.5,128.5,270.70883
52.5,129.5,270.3271
52.5,130.5,269.4617
52.5,131.5,268.2257
52.5,132.5,267.0008
52.5,133.5,265.11346
52.5,134.5,265.7001
52.5,135.5,266.0623
52.5,136.5,268.7902
52.5,137.5,268.8119
52.5,138.5,268.07565
52.5,139.5,269.87634
52.5,140.5,270.3598
52.5,142.5,271.56116
52.5,156.5,273.5459
52.5,157.5,271.10468
53.5,-132.5,281.5324
53.5,-129.5,278.05148
53.5,-128.5,275.59265
53.5,-127.5,274.36288
53.5,-126.5,274.66006
53.5,-125.5,273.2326
53.5,-124.5,273.95334
53.5,-123.5,273.80807
53.5,-122.5,275.22476
53.5,-121.5,272.6648
53.5,-120.5,269.5536
53.5,-119.5,272.2988
53.5,-118.5,272.59494
53.5,-117.5,272.44235
53.5,-116.5,272.88873
53.5,-115.5,274.34714
53.5,-114.5,274.56213
53.5,-113.5,274.86588
53.5,-112.5,275.25916
53.5,-111.5,275.1267
53.5,-110.5,274.66428
53.5,-109.5,274.37946
53.5,-108.5,274.48203
53.5,-107.5,273.90796
53.5,-106.5,273.6534
53.5,-105.5,273.52332
53.5,-104.5,273.50485
53.5,-103.5,273.29895
53.5,-102.5,273.4218
53.5,-101.5,273.4534
53.5,-100.5,273.40692
53.5,-99.5,273.5927
53.5,-97.5,273.05408
53.5,-96.5,272.91263
53.5,-95.5,272.43704
53.5,-94.5,272.11932
53.5,-93.5,271.83044
53.5,-92.5,271.74924
53.5,-91.5,271.3114
53.5,-90.5,271.21823
53.5,-89.5,271.02655
53.5,-88.5,271.01947
53.5,-87.5,270.67416
53.5,-86.5,270.53696
53.5,-85.5,270.47083
53.5,-84.5,270.15564
53.5,-83.5,270.16785
53.5,-82.5,270.61588
53.5,-78.5,271.14114
53.5,-77.5,270.7252
53.5,-76.5,270.21777
53.5,-75.5,270.18408
53.5,-74.5,269.77902
53.5,-73.5,269.3484
53.5,-72.5,269.4276
53.5,-71.5,268.72318
53.5,-70.5,268.7014
53.5,-69.5,268.44986
53.5,-68.5,268.3762
53.5,-67.5,268.19708
53.5,-66.5,268.4495
53.5,-65.5,268.86575
53.5,-64.5,268.99506
53.5,-63.5,269.3642
53.5,-62.5,270.0584
53.5,-61.5,270.24304
53.5,-60.5,270.5053
53.5,-59.5,270.57056
53.5,-58.5,271.98346
53.5,-57.5,271.48904
53.5,-56.5,272.59155
53.5,-9.5,282.81906
53.5,-8.5,281.69867
53.5,-7.5,281.3551
53.5,-6.5,281.3666
53.5,-2.5,281.82553
53.5,-1.5,281.96786
53.5,-0.5,282.2892
53.5,7.5,282.54898
53.5,8.5,282.1104
53.5,9.5,281.83746
53.5,10.5,281.82123
53.5,11.5,281.6921
53.5,12.5,281.7371
53.5,13.5,281.90338
53.5,14.5,281.97983
53.5,15.5,281.77832
53.5,16.5,281.63943
53.5,17.5,281.35532
53.5,18.5,281.39706
53.5,19.5,280.8076
53.5,20.5,280.5758
53.5,21.5,280.39276
53.5,22.5,280.10812
53.5,23.5,280.31564
53.5,24.5,279.66595
53.5,25.5,279.5191
53.5,26.5,279.06204
53.5,27.5,279.01724
53.5,28.5,279.1895
53.5,29.5,279.04178
53.5,30.5,278.66278
53.5,31.5,278.40552
53.5,32.5,278.21518
53.5,33.5,278.258
53.5,34.5,277.9408
53.5,35.5,277.4469
53.5,36.5,277.33002
53.5,37.5,277.77628
53.5,38.5,277.85663
53.5,39.5,277.95065
53.5,40.5,278.15494
53.5,41.5,278.10062
53.5,42.5,277.5421
53.5,43.5,277.35275
53.5,44.5,277.08444
53.5,45.5,276.88794
53.5,46.5,276.72607
53.5,47.5,276.8119
53.5,48.5,277.01416
53.5,49.5,277.1448
53.5,50.5,276.7752
53.5,51.5,276.48843
53.5,52.5,276.3102
53.5,53.5,276.29102
53.5,54.5,275.40555
53.5,55.5,275.47836
53.5,56.5,274.91058
53.5,57.5,273.3813
53.5,58.5,274.2279
53.5,59.5,274.51224
53.5,60.5,275.2552
53.5,61.5,275.4609
53.5,62.5,275.68384
53.5,63.5,275.7005
53.5,64.5,275.72467
53.5,65.5,275.5396
53.5,66.5,275.1798
53.5,67.5,275.00275
53.5,68.5,274.781
53.5,69.5,274.7672
53.5,70.5,275.0018
53.5,71.5,275.357
53.5,72.5,275.64633
53.5,73.5,275.39105
53.5,74.5,275.32455
53.5,75.5,275.08234
53.5,76.5,275.15842
53.5,77.5,275.11472
53.5,78.5,274.6321
53.5,79.5,274.44873
53.5,80.5,274.19238
53.5,81.5,273.97815
53.5,82.5,273.52557
53.5,83.5,273.42966
53.5,84.5,273.19662
53.5,85.5,272.71057
53.5,86.5,272.57324
53.5,87.5,272.4363
53.5,88.5,270.51367
53.5,89.5,269.1553
53.5,90.5,272.15253
53.5,91.5,272.99942
53.5,92.5,271.99368
53.5,93.5,271.3517
53.5,94.5,269.76035
53.5,95.5,268.30023
53.5,96.5,266.33496
53.5,97.5,267.79837
53.5,98.5,267.9582
53.5,99.5,268.76654
53.5,100.5,270.1342
53.5,101.5,270.146
53.5,102.5,271.25076
53.5,103.5,271.138
53.5,104.5,270.51675
53.5,105.5,270.5165
53.5,106.5,270.2538
53.5,107.5,271.84665
53.5,109.5,268.7667
53.5,110.5,268.29327
53.5,111.5,267.1645
53.5,112.5,268.15643
53.5,113.5,268.36395
53.5,114.5,268.39532
53.5,115.5,268.1764
53.5,116.5,267.2948
53.5,117.5,268.1542
53.5,118.5,267.83386
53.5,119.5,268.16516
53.5,120.5,267.8654
53.5,121.5,268.2835
53.5,122.5,268.4264
53.5,123.5,268.56735
53.5,124.5,269.32794
53.5,125.5,270.0422
53.5,126.5,269.9115
53.5,127.5,269.26883
53.5,128.5,268.68747
53.5,129.5,268.56418
53.5,130.5,267.09875
53.5,131.5,266.85364
53.5,132.5,265.84286
53.5,133.5,266.09833
53.5,134.5,264.86398
53.5,135.5,265.43622
53.5,136.5,267.8923
53.5,137.5,267.92004
53.5,138.5,269.00687
53.5,139.5,269.78113
53.5,140.5,270.53198
53.5,142.5,272.07162
53.5,156.5,271.7697
53.5,157.5,267.71207
53.5,158.5,270.91638
53.5,159.5,272.1081
54.5,-129.5,275.40216
54.5,-128.5,271.0348
54.5,-127.5,273.44516
54.5,-126.5,271.44885
54.5,-125.5,272.6378
54.5,-124.5,272.43323
54.5,-123.5,272.64505
54.5,-122.5,273.29816
54.5,-121.5,273.1421
54.5,-120.5,273.00226
54.5,-119.5,273.6075
54.5,-118.5,273.3436
54.5,-117.5,274.38324
54.5,-116.5,273.98706
54.5,-115.5,274.68314
54.5,-114.5,274.32907
54.5,-113.5,274.73465
54.5,-112.5,274.75406
54.5,-111.5,274.01035
54.5,-110.5,273.5365
54.5,-109.5,273.29623
54.5,-108.5,273.2821
54.5,-107.5,273.3505
54.5,-106.5,273.20358
54.5,-105.5,272.82938
54.5,-104.5,273.01123
54.5,-103.5,272.6375
54.5,-102.5,272.58853
54.5,-101.5,272.34344
54.5,-100.5,272.49734
54.5,-99.5,272.30643
54.5,-98.5,272.16742
54.5,-97.5,272.0673
54.5,-96.5,271.80936
54.5,-95.5,271.31522
54.5,-94.5,271.06256
54.5,-93.5,270.77393
54.5,-92.5,270.78146
54.5,-91.5,270.53357
54.5,-90.5,270.33487
54.5,-89.5,270.13663
54.5,-88.5,269.9417
54.5,-87.5,269.71283
54.5,-86.5,269.556
54.5,-85.5,269.33646
54.5,-84.5,269.47687
54.5,-83.5,269.5836
54.5,-82.5,269.3926
54.5,-78.5,270.7847
54.5,-77.5,269.91278
54.5,-76.5,269.75897
54.5,-75.5,269.32678
54.5,-74.5,269.06598
54.5,-73.5,268.83347
54.5,-72.5,268.54266
54.5,-71.5,268.06152
54.5,-70.5,268.01184
54.5,-69.5,268.1282
54.5,-68.5,267.7794
54.5,-67.5,267.59634
54.5,-66.5,267.84848
54.5,-65.5,267.8984
54.5,-64.5,268.2291
54.5,-63.5,268.3192
54.5,-62.5,268.24005
54.5,-61.5,269.0143
54.5,-60.5,269.78903
54.5,-59.5,270.725
54.5,-58.5,271.49802
54.5,-8.5,281.78964
54.5,-7.5,280.792
54.5,-6.5,280.63596
54.5,-2.5,280.19284
54.5,-1.5,281.2097
54.5,9.5,281.8494
54.5,17.5,281.45523
54.5,18.5,281.41083
54.5,20.5,280.5256
54.5,21.5,280.14764
54.5,22.5,279.90784
54.5,23.5,279.84344
54.5,24.5,279.6313
54.5,25.5,279.37827
54.5,26.5,278.57602
54.5,27.5,278.46866
54.5,28.5,278.58612
54.5,29.5,278.3025
54.5,30.5,277.9543
54.5,31.5,277.87085
54.5,32.5,277.70847
54.5,33.5,277.54233
54.5,34.5,277.15927
54.5,35.5,277.19882
54.5,36.5,277.0652
54.5,37.5,277.3224
54.5,38.5,277.3014
54.5,39.5,277.491
54.5,40.5,277.36383
54.5,41.5,277.4767
54.5,42.5,276.95325
54.5,43.5,277.05038
54.5,44.5,276.70386
54.5,45.5,276.6111
54.5,46.5,276.2303
54.5,47.5,276.60718
54.5,48.5,276.84244
54.5,49.5,276.74518
54.5,50.5,276.01767
54.5,51.5,275.956
54.5,52.5,275.4048
54.5,53.5,274.98605
54.5,54.5,274.9577
54.5,55.5,275.48615
54.5,56.5,274.77496
54.5,57.5,273.72705
54.5,58.5,273.29767
54.5,59.5,273.05533
54.5,60.5,274.30847
54.5,61.5,274.6776
54.5,62.5,274.86465
54.5,63.5,274.76282
54.5,64.5,274.6059
54.5,65.5,274.704
54.5,66.5,274.6897
54.5,67.5,274.49112
54.5,68.5,274.56717
54.5,69.5,274.46677
54.5,70.5,274.3691
54.5,71.5,274.48413
54.5,72.5,274.46606
54.5,73.5,274.32236
54.5,74.5,274.1089
54.5,75.5,274.07965
54.5,76.5,274.0661
54.5,77.5,274.5946
54.5,78.5,273.76144
54.5,79.5,273.31097
54.5,80.5,273.12677
54.5,81.5,273.12567
54.5,82.5,272.9913
54.5,83.5,272.90186
54.5,84.5,272.7957
54.5,85.5,272.65204
54.5,86.5,272.20618
54.5,87.5,271.15292
54.5,88.5,270.69876
54.5,89.5,269.71457
54.5,90.5,270.73022
54.5,91.5,271.81982
54.5,92.5,270.48593
54.5,93.5,270.6275
54.5,94.5,270.22653
54.5,95.5,270.0923
54.5,96.5,269.38315
54.5,97.5,268.61594
54.5,98.5,270.14343
54.5,99.5,270.50513
54.5,100.5,271.3663
54.5,101.5,270.99036
54.5,102.5,270.8776
54.5,103.5,270.1334
54.5,104.5,269.10437
54.5,105.5,269.2743
54.5,106.5,269.60648
54.5,107.5,267.755
54.5,108.5,270.9414
54.5,110.5,264.99448
54.5,111.5,265.702
54.5,112.5,266.45288
54.5,113.5,266.44592
54.5,114.5,267.41983
54.5,115.5,267.0539
54.5,116.5,266.5006
54.5,117.5,266.03015
54.5,118.5,266.5363
54.5,119.5,267.0039
54.5,120.5,266.4378
54.5,121.5,267.46213
54.5,122.5,267.68326
54.5,123.5,267.22226
54.5,124.5,267.6872
54.5,125.5,268.54126
54.5,126.5,266.99728
54.5,127.5,266.9337
54.5,128.5,267.40625
54.5,129.5,265.9039
54.5,130.5,264.84357
54.5,131.5,265.39352
54.5,132.5,264.35748
54.5,133.5,266.4511
54.5,134.5,264.5946
54.5,135.5,267.08252
54.5,136.5,269.23404
54.5,156.5,269.7416
54.5,157.5,267.69803
54.5,158.5,267.1229
54.5,159.5,269.39883
54.5,160.5,269.52393
55.5,-161.5,277.3028
55.5,-132.5,278.65103
55.5,-131.5,277.0973
55.5,-130.5,274.88284
55.5,-129.5,270.40927
55.5,-128.5,272.5163
55.5,-127.5,271.69064
55.5,-126.5,270.87708
55.5,-125.5,270.34836
55.5,-124.5,272.0338
55.5,-123.5,271.08627
55.5,-122.5,272.20908
55.5,-121.5,272.46118
55.5,-120.5,273.15594
55.5,-119.5,274.29828
55.5,-118.5,274.80518
55.5,-117.5,274.4229
55.5,-116.5,273.8904
55.5,-115.5,273.8094
55.5,-114.5,274.94437
55.5,-113.5,274.49805
55.5,-112.5,274.18417
55.5,-111.5,273.5436
55.5,-110.5,273.53616
55.5,-109.5,273.39136
55.5,-108.5,273.11697
55.5,-107.5,272.80838
55.5,-106.5,272.27164
55.5,-105.5,272.14728
55.5,-104.5,271.72598
55.5,-103.5,271.72763
55.5,-102.5,271.64746
55.5,-101.5,271.648
55.5,-100.5,271.43115
55.5,-99.5,271.07452
55.5,-98.5,270.8496
55.5,-97.5,270.7268
55.5,-96.5,270.6449
55.5,-95.5,270.20465
55.5,-94.5,269.88205
55.5,-93.5,270.02896
55.5,-92.5,269.77673
55.5,-91.5,269.36356
55.5,-90.5,269.32748
55.5,-89.5,269.18784
55.5,-88.5,269.23126
55.5,-87.5,269.21667
55.5,-86.5,269.0688
55.5,-76.5,269.2175
55.5,-75.5,268.6791
55.5,-74.5,268.4958
55.5,-73.5,267.91394
55.5,-72.5,267.8903
55.5,-71.5,267.71704
55.5,-70.5,267.65155
55.5,-69.5,267.23175
55.5,-68.5,267.02753
55.5,-67.5,267.34064
55.5,-66.5,267.7349
55.5,-65.5,267.60587
55.5,-64.5,267.1251
55.5,-63.5,267.52155
55.5,-62.5,267.1882
55.5,-61.5,268.88806
55.5,-60.5,269.912
55.5,-4.5,280.41675
55.5,-3.5,280.97574
55.5,-2.5,280.28058
55.5,8.5,282.30075
55.5,9.5,281.7773
55.5,11.5,282.08633
55.5,13.5,281.628
55.5,21.5,280.6074
55.5,22.5,279.4932
55.5,23.5,279.52768
55.5,24.5,279.19946
55.5,25.5,278.9086
55.5,26.5,278.53635
55.5,27.5,278.36456
55.5,28.5,278.30865
55.5,29.5,278.18338
55.5,30.5,277.75082
55.5,31.5,277.5597
55.5,32.5,277.4158
55.5,33.5,276.9196
55.5,34.5,276.66397
55.5,35.5,276.89713
55.5,36.5,276.59503
55.5,37.5,277.25592
55.5,38.5,277.0723
55.5,39.5,277.06174
55.5,40.5,277.0498
55.5,41.5,277.02026
55.5,42.5,276.56207
55.5,43.5,276.2099
55.5,44.5,275.97968
55.5,45.5,276.15063
55.5,46.5,275.9716
55.5,47.5,275.9517
55.5,48.5,275.83963
55.5,49.5,276.39694
55.5,50.5,275.66666
55.5,51.5,275.12552
55.5,52.5,275.36398
55.5,53.5,275.22607
55.5,54.5,274.96887
55.5,55.5,274.7331
55.5,56.5,274.58374
55.5,57.5,274.09225
55.5,58.5,273.2017
55.5,59.5,272.80438
55.5,60.5,273.46942
55.5,61.5,273.81937
55.5,62.5,274.28088
55.5,63.5,274.1297
55.5,64.5,274.04507
55.5,65.5,273.90076
55.5,66.5,273.98343
55.5,67.5,273.90518
55.5,68.5,273.77295
55.5,69.5,273.29745
55.5,70.5,273.30078
55.5,71.5,273.23138
55.5,72.5,273.28528
55.5,73.5,273.2125
55.5,74.5,273.10025
55.5,75.5,272.8488
55.5,76.5,272.84915
55.5,77.5,273.315
55.5,78.5,272.7545
55.5,79.5,272.44443
55.5,80.5,272.30524
55.5,81.5,272.21448
55.5,82.5,272.78607
55.5,83.5,272.43466
55.5,84.5,272.51086
55.5,85.5,272.50793
55.5,86.5,272.53625
55.5,87.5,272.3239
55.5,88.5,271.33127
55.5,89.5,271.41638
55.5,90.5,271.78296
55.5,91.5,271.4672
55.5,92.5,271.22842
55.5,93.5,271.8009
55.5,94.5,271.5861
55.5,95.5,271.99823
55.5,96.5,271.76614
55.5,97.5,271.72684
55.5,98.5,271.37006
55.5,99.5,271.5588
55.5,100.5,271.04297
55.5,101.5,271.2179
55.5,102.5,271.40247
55.5,103.5,270.74686
55.5,104.5,268.79028
55.5,105.5,267.98666
55.5,106.5,268.02597
55.5,107.5,268.32388
55.5,108.5,267.21393
55.5,109.5,266.6343
55.5,110.5,267.06934
55.5,111.5,265.64642
55.5,112.5,264.76483
55.5,113.5,262.98856
55.5,114.5,262.88882
55.5,115.5,265.6431
55.5,116.5,265.05325
55.5,117.5,265.53806
55.5,118.5,263.65375
55.5,119.5,264.4266
55.5,120.5,264.4601
55.5,121.5,264.997
55.5,122.5,264.4226
55.5,123.5,263.8056
55.5,124.5,264.26053
55.5,125.5,264.6358
55.5,126.5,265.31277
55.5,127.5,265.75128
55.5,128.5,265.31525
55.5,129.5,264.1853
55.5,130.5,262.4296
55.5,131.5,262.16336
55.5,132.5,262.50085
55.5,133.5,262.99045
55.5,134.5,263.82574
55.5,135.5,266.25842
55.5,156.5,270.2888
55.5,157.5,268.4588
55.5,158.5,268.38684
55.5,159.5,267.2244
55.5,160.5,265.76038
55.5,161.5,267.8137
56.5,-159.5,274.89822
56.5,-158.5,276.90424
56.5,-133.5,278.11722
56.5,-132.5,272.4652
56.5,-131.5,272.0012
56.5,-130.5,268.55093
56.5,-129.5,267.4774
56.5,-128.5,268.36102
56.5,-127.5,266.9385
56.5,-126.5,268.2318
56.5,-125.5,268.68262
56.5,-124.5,267.25787
56.5,-123.5,270.35712
56.5,-122.5,270.34933
56.5,-121.5,272.51086
56.5,-120.5,272.9465
56.5,-119.5,272.54837
56.5,-118.5,273.92285
56.5,-117.5,274.12177
56.5,-116.5,273.25873
56.5,-115.5,273.15817
56.5,-114.5,273.54376
56.5,-113.5,272.87717
56.5,-112.5,272.91095
56.5,-111.5,272.69067
56.5,-110.5,272.34262
56.5,-109.5,271.98044
56.5,-108.5,272.08765
56.5,-107.5,271.6411
56.5,-106.5,271.05637
56.5,-105.5,270.7008
56.5,-104.5,270.39105
56.5,-103.5,270.57806
56.5,-102.5,270.69824
56.5,-101.5,270.2461
56.5,-100.5,270.05725
56.5,-99.5,270.00928
56.5,-98.5,269.81644
56.5,-97.5,269.32147
56.5,-96.5,269.17252
56.5,-95.5,268.88007
56.5,-94.5,268.6421
56.5,-93.5,268.89697
56.5,-92.5,268.9765
56.5,-91.5,268.82886
56.5,-90.5,268.7683
56.5,-89.5,268.77316
56.5,-88.5,268.56775
56.5,-75.5,267.5853
56.5,-74.5,267.75037
56.5,-73.5,267.3209
56.5,-72.5,267.15396
56.5,-71.5,267.13647
56.5,-70.5,267.3526
56.5,-69.5,267.06735
56.5,-68.5,267.16574
56.5,-67.5,267.2615
56.5,-66.5,267.24966
56.5,-65.5,266.51852
56.5,-64.5,266.22333
56.5,-63.5,266.0223
56.5,-62.5,266.30902
56.5,-61.5,267.83377
56.5,-5.5,279.68835
56.5,-4.5,279.3486
56.5,-3.5,278.63654
56.5,8.5,282.0328
56.5,9.5,281.28918
56.5,13.5,280.3928
56.5,14.5,280.48407
56.5,15.5,280.76578
56.5,21.5,280.29578
56.5,22.5,279.19022
56.5,23.5,279.1376
56.5,24.5,278.8756
56.5,25.5,278.47943
56.5,26.5,278.27048
56.5,27.5,278.1918
56.5,28.5,277.94754
56.5,29.5,277.70874
56.5,30.5,277.38654
56.5,31.5,277.24536
56.5,32.5,276.7445
56.5,33.5,276.28577
56.5,34.5,276.3274
56.5,35.5,276.30066
56.5,36.5,276.4862
56.5,37.5,276.57434
56.5,38.5,276.37836
56.5,39.5,276.1124
56.5,40.5,276.18692
56.5,41.5,276.1651
56.5,42.5,275.98026
56.5,43.5,276.02527
56.5,44.5,276.0211
56.5,45.5,275.9057
56.5,46.5,275.53952
56.5,47.5,275.74387
56.5,48.5,275.1261
56.5,49.5,274.91647
56.5,50.5,275.00064
56.5,51.5,274.8515
56.5,52.5,274.70636
56.5,53.5,274.452
56.5,54.5,274.0372
56.5,55.5,273.95203
56.5,56.5,273.42014
56.5,57.5,273.41934
56.5,58.5,272.80875
56.5,59.5,272.84613
56.5,60.5,273.08124
56.5,61.5,273.3636
56.5,62.5,273.4847
56.5,63.5,273.61813
56.5,64.5,273.64508
56.5,65.5,273.52313
56.5,66.5,273.46326
56.5,67.5,273.2184
56.5,68.5,272.75037
56.5,69.5,272.6675
56.5,70.5,272.33344
56.5,71.5,272.31046
56.5,72.5,272.19266
56.5,73.5,272.06216
56.5,74.5,272.07507
56.5,75.5,271.89252
56.5,76.5,271.7704
56.5,77.5,271.80637
56.5,78.5,271.609
56.5,79.5,271.77432
56.5,80.5,271.7208
56.5,81.5,271.75745
56.5,82.5,271.65488
56.5,83.5,271.74612
56.5,84.5,272.05402
56.5,85.5,271.87796
56.5,86.5,271.97427
56.5,87.5,272.06384
56.5,88.5,271.76443
56.5,89.5,271.57428
56.5,90.5,271.5644
56.5,91.5,271.95294
56.5,92.5,271.82364
56.5,93.5,271.52402
56.5,94.5,271.96857
56.5,95.5,271.8376
56.5,96.5,271.87317
56.5,97.5,271.6006
56.5,98.5,271.03403
56.5,99.5,271.41278
56.5,100.5,270.60504
56.5,101.5,270.0325
56.5,102.5,270.8762
56.5,103.5,270.4509
56.5,104.5,269.10294
56.5,105.5,268.6714
56.5,106.5,267.97116
56.5,107.5,268.5538
56.5,108.5,267.2442
56.5,109.5,264.8821
56.5,110.5,263.8694
56.5,111.5,267.25568
56.5,112.5,263.25894
56.5,113.5,263.44965
56.5,114.5,263.52744
56.5,115.5,261.8538
56.5,116.5,262.17462
56.5,117.5,260.25952
56.5,118.5,263.46213
56.5,119.5,261.57385
56.5,120.5,263.11496
56.5,121.5,262.45078
56.5,122.5,264.27408
56.5,123.5,264.05795
56.5,124.5,262.6572
56.5,125.5,262.59485
56.5,126.5,262.4161
56.5,127.5,261.1543
56.5,128.5,261.48706
56.5,129.5,263.2693
56.5,130.5,260.05127
56.5,131.5,261.10846
56.5,132.5,261.4071
56.5,133.5,261.7846
56.5,134.5,262.78375
56.5,135.5,262.6517
56.5,136.5,263.08972
56.5,137.5,265.19522
56.5,156.5,271.75012
56.5,157.5,269.25534
56.5,158.5,267.3059
56.5,159.5,268.92072
56.5,160.5,265.1961
56.5,161.5,268.54254
56.5,162.5,269.89023
57.5,-157.5,275.3921
57.5,-156.5,276.48343
57.5,-153.5,277.3138
57.5,-135.5,276.1495
57.5,-134.5,276.04114
57.5,-133.5,272.6611
57.5,-132.5,268.3376
57.5,-131.5,270.4367
57.5,-130.5,270.19727
57.5,-129.5,267.3523
57.5,-128.5,268.18665
57.5,-127.5,266.43665
57.5,-126.5,266.90552
57.5,-125.5,265.84555
57.5,-124.5,267.51556
57.5,-123.5,270.26508
57.5,-122.5,270.96213
57.5,-121.5,272.69788
57.5,-120.5,273.16095
57.5,-119.5,272.9238
57.5,-118.5,273.52695
57.5,-117.5,273.63766
57.5,-116.5,272.54398
57.5,-115.5,272.7834
57.5,-114.5,272.98294
57.5,-113.5,272.5182
57.5,-112.5,272.4649
57.5,-111.5,272.21954
57.5,-110.5,272.56384
57.5,-109.5,271.93805
57.5,-108.5,271.40582
57.5,-107.5,271.00003
57.5,-106.5,270.6743
57.5,-105.5,270.40137
57.5,-104.5,269.70062
57.5,-103.5,269.94482
57.5,-102.5,269.93585
57.5,-101.5,269.54218
57.5,-100.5,269.04483
57.5,-99.5,268.8722
57.5,-98.5,268.79062
57.5,-97.5,268.3083
57.5,-96.5,268.04388
57.5,-95.5,267.88885
57.5,-94.5,267.84076
57.5,-93.5,267.8933
57.5,-76.5,267.546
57.5,-75.5,267.08362
57.5,-74.5,266.5787
57.5,-73.5,266.88455
57.5,-72.5,266.86078
57.5,-71.5,266.53558
57.5,-70.5,266.24237
57.5,-69.5,266.27567
57.5,-68.5,267.20477
57.5,-67.5,267.19122
57.5,-66.5,267.1522
57.5,-65.5,265.5636
57.5,-64.5,265.31644
57.5,-63.5,265.8526
57.5,-62.5,265.9733
57.5,-5.5,280.38937
57.5,-4.5,278.43427
57.5,-3.5,279.84735
57.5,-2.5,280.93384
57.5,12.5,279.85144
57.5,13.5,279.36853
57.5,14.5,279.5264
57.5,15.5,279.37836
57.5,16.5,280.75467
57.5,22.5,280.28552
57.5,24.5,279.44806
57.5,25.5,278.16223
57.5,26.5,277.9142
57.5,27.5,278.11603
57.5,28.5,277.7338
57.5,29.5,277.8256
57.5,30.5,277.45422
57.5,31.5,277.16983
57.5,32.5,276.66544
57.5,33.5,276.32605
57.5,34.5,275.95224
57.5,35.5,275.85883
57.5,36.5,275.80624
57.5,37.5,275.79242
57.5,38.5,275.67706
57.5,39.5,275.77277
57.5,40.5,275.728
57.5,41.5,275.46887
57.5,42.5,275.36368
57.5,43.5,275.47797
57.5,44.5,275.13043
57.5,45.5,274.98157
57.5,46.5,274.6197
57.5,47.5,274.48615
57.5,48.5,274.28836
57.5,49.5,274.1322
57.5,50.5,274.2404
57.5,51.5,274.05447
57.5,52.5,273.57416
57.5,53.5,273.4686
57.5,54.5,273.53522
57.5,55.5,272.94135
57.5,56.5,272.94257
57.5,57.5,272.57074
57.5,58.5,272.06082
57.5,59.5,272.1798
57.5,60.5,272.59366
57.5,61.5,272.9401
57.5,62.5,273.04126
57.5,63.5,273.08258
57.5,64.5,272.84885
57.5,65.5,273.01324
57.5,66.5,272.8235
57.5,67.5,272.7087
57.5,68.5,272.38867
57.5,69.5,272.3499
57.5,70.5,272.06088
57.5,71.5,271.71292
57.5,72.5,271.5489
57.5,73.5,271.63443
57.5,74.5,271.48923
57.5,75.5,271.37387
57.5,76.5,271.2427
57.5,77.5,271.3375
57.5,78.5,271.23056
57.5,79.5,271.32028
57.5,80.5,271.34988
57.5,81.5,271.05893
57.5,82.5,271.15616
57.5,83.5,271.1295
57.5,84.5,271.24194
57.5,85.5,271.124
57.5,86.5,271.16583
57.5,87.5,271.09576
57.5,88.5,270.9179
57.5,89.5,270.91425
57.5,90.5,271.02103
57.5,91.5,271.12515
57.5,92.5,270.90958
57.5,93.5,270.74826
57.5,94.5,270.79956
57.5,95.5,270.56808
57.5,96.5,270.79733
57.5,97.5,270.84348
57.5,98.5,270.92065
57.5,99.5,270.7372
57.5,100.5,270.55667
57.5,101.5,270.19635
57.5,102.5,269.9069
57.5,103.5,269.4471
57.5,104.5,268.94623
57.5,105.5,268.63812
57.5,106.5,268.4347
57.5,107.5,268.2548
57.5,108.5,268.34317
57.5,109.5,267.55405
57.5,110.5,266.64713
57.5,111.5,266.32178
57.5,112.5,264.56387
57.5,113.5,265.143
57.5,114.5,264.32013
57.5,115.5,262.14468
57.5,116.5,261.1803
57.5,117.5,261.72195
57.5,118.5,263.651
57.5,119.5,262.96393
57.5,120.5,264.8271
57.5,121.5,263.93732
57.5,122.5,264.3566
57.5,123.5,263.5523
57.5,124.5,262.9769
57.5,125.5,262.15112
57.5,126.5,260.45627
57.5,127.5,261.4803
57.5,128.5,260.6641
57.5,129.5,260.31598
57.5,130.5,261.62143
57.5,131.5,262.5863
57.5,132.5,262.69662
57.5,133.5,263.29358
57.5,134.5,263.7778
57.5,135.5,262.6947
57.5,136.5,263.12292
57.5,137.5,262.34045
57.5,138.5,264.7711
57.5,139.5,265.4085
57.5,157.5,271.49597
57.5,158.5,269.23297
57.5,159.5,268.1575
57.5,160.5,268.64618
57.5,161.5,268.00504
57.5,162.5,270.63727
58.5,-157.5,275.49408
58.5,-156.5,274.53998
58.5,-155.5,272.8128
58.5,-154.5,274.0839
58.5,-136.5,272.92398
58.5,-135.5,274.1897
58.5,-134.5,270.8145
58.5,-133.5,268.49744
58.5,-132.5,267.80786
58.5,-131.5,270.67764
58.5,-130.5,268.9992
58.5,-129.5,267.4135
58.5,-128.5,267.87003
58.5,-127.5,268.53326
58.5,-126.5,266.97635
58.5,-125.5,269.80795
58.5,-124.5,269.69934
58.5,-123.5,270.49036
58.5,-122.5,270.77597
58.5,-121.5,271.18857
58.5,-120.5,271.63293
58.5,-119.5,272.35733
58.5,-118.5,272.24966
58.5,-117.5,271.99194
58.5,-116.5,271.04153
58.5,-115.5,270.4312
58.5,-114.5,270.58966
58.5,-113.5,271.5318
58.5,-112.5,271.29916
58.5,-111.5,271.77118
58.5,-110.5,272.01312
58.5,-109.5,271.89798
58.5,-108.5,271.40054
58.5,-107.5,270.5791
58.5,-106.5,269.91263
58.5,-105.5,269.57254
58.5,-104.5,269.368
58.5,-103.5,269.06924
58.5,-102.5,268.96182
58.5,-101.5,268.36435
58.5,-100.5,268.11804
58.5,-99.5,267.92642
58.5,-98.5,267.7325
58.5,-97.5,267.71048
58.5,-96.5,267.52798
58.5,-95.5,267.3277
58.5,-94.5,267.6956
58.5,-93.5,267.72604
58.5,-77.5,267.05267
58.5,-76.5,266.50052
58.5,-75.5,266.4585
58.5,-74.5,266.37115
58.5,-73.5,266.56256
58.5,-72.5,266.4072
58.5,-71.5,266.21414
58.5,-70.5,266.08536
58.5,-69.5,266.8354
58.5,-68.5,267.3618
58.5,-66.5,267.3353
58.5,-65.5,265.77274
58.5,-64.5,263.95584
58.5,-63.5,266.04156
58.5,-4.5,280.7962
58.5,6.5,277.8187
58.5,7.5,277.13254
58.5,8.5,278.94455
58.5,11.5,280.3853
58.5,12.5,279.53177
58.5,13.5,279.99072
58.5,14.5,279.656
58.5,15.5,279.19037
58.5,16.5,279.85596
58.5,24.5,278.75018
58.5,25.5,278.37393
58.5,26.5,278.0172
58.5,27.5,278.48938
58.5,28.5,277.7556
58.5,29.5,277.43134
58.5,30.5,277.365
58.5,31.5,277.45734
58.5,32.5,276.5731
58.5,33.5,275.80847
58.5,34.5,275.78122
58.5,35.5,275.71313
58.5,36.5,275.73752
58.5,37.5,275.82092
58.5,38.5,276.12585
58.5,39.5,275.2596
58.5,40.5,274.94238
58.5,41.5,274.4233
58.5,42.5,274.37744
58.5,43.5,274.35577
58.5,44.5,274.46588
58.5,45.5,274.43628
58.5,46.5,274.06808
58.5,47.5,273.7961
58.5,48.5,273.58676
58.5,49.5,273.74442
58.5,50.5,273.3424
58.5,51.5,273.22903
58.5,52.5,273.22324
58.5,53.5,272.77145
58.5,54.5,272.45624
58.5,55.5,272.64062
58.5,56.5,272.50064
58.5,57.5,271.75934
58.5,58.5,271.09808
58.5,59.5,271.48297
58.5,60.5,272.31284
58.5,61.5,272.5314
58.5,62.5,272.40344
58.5,63.5,272.5541
58.5,64.5,272.385
58.5,65.5,272.33057
58.5,66.5,272.22534
58.5,67.5,272.292
58.5,68.5,272.11752
58.5,69.5,271.85507
58.5,70.5,271.7266
58.5,71.5,271.7609
58.5,72.5,271.445
58.5,73.5,271.33554
58.5,74.5,271.09232
58.5,75.5,270.94598
58.5,76.5,270.8464
58.5,77.5,270.76407
58.5,78.5,270.77362
58.5,79.5,270.6499
58.5,80.5,270.5084
58.5,81.5,270.54218
58.5,82.5,270.4685
58.5,83.5,270.49402
58.5,84.5,270.34494
58.5,85.5,270.47473
58.5,86.5,270.49667
58.5,87.5,270.67502
58.5,88.5,270.13403
58.5,89.5,270.15994
58.5,90.5,270.15164
58.5,91.5,270.22122
58.5,92.5,269.50076
58.5,93.5,269.18793
58.5,94.5,269.21732
58.5,95.5,268.71362
58.5,96.5,269.24472
58.5,97.5,269.41705
58.5,98.5,269.84714
58.5,99.5,269.6406
58.5,100.5,269.4573
58.5,101.5,269.8724
58.5,102.5,269.60974
58.5,103.5,268.97696
58.5,104.5,268.12497
58.5,105.5,267.81625
58.5,106.5,268.11002
58.5,107.5,268.1583
58.5,108.5,267.95187
58.5,109.5,267.77417
58.5,110.5,267.8325
58.5,111.5,267.0015
58.5,112.5,266.36804
58.5,113.5,264.87894
58.5,114.5,263.39893
58.5,115.5,263.72916
58.5,116.5,263.6233
58.5,117.5,264.554
58.5,118.5,265.9579
58.5,119.5,265.92447
58.5,120.5,265.83493
58.5,121.5,265.51834
58.5,122.5,264.7619
58.5,123.5,264.60635
58.5,124.5,263.62103
58.5,125.5,264.141
58.5,126.5,262.97452
58.5,127.5,263.58237
58.5,128.5,262.86752
58.5,129.5,261.76572
58.5,130.5,263.9491
58.5,131.5,263.7535
58.5,132.5,263.89297
58.5,133.5,263.45288
58.5,134.5,262.76822
58.5,135.5,263.37183
58.5,136.5,262.48926
58.5,137.5,261.25897
58.5,138.5,261.62662
58.5,139.5,262.11737
58.5,140.5,264.83237
58.5,159.5,270.65088
58.5,160.5,266.24564
58.5,161.5,265.72922
59.5,-161.5,273.59418
59.5,-160.5,271.47626
59.5,-159.5,270.84247
59.5,-158.5,271.911
59.5,-157.5,273.66818
59.5,-156.5,273.92276
59.5,-155.5,272.36923
59.5,-154.5,272.15686
59.5,-151.5,275.78915
59.5,-150.5,270.94598
59.5,-138.5,267.4637
59.5,-137.5,263.78714
59.5,-136.5,266.14493
59.5,-135.5,266.57782
59.5,-134.5,267.86365
59.5,-133.5,269.0155
59.5,-132.5,269.43707
59.5,-131.5,267.96094
59.5,-130.5,267.51855
59.5,-129.5,268.9624
59.5,-128.5,268.38895
59.5,-127.5,268.31165
59.5,-126.5,267.3602
59.5,-125.5,268.8589
59.5,-124.5,269.68527
59.5,-123.5,270.71133
59.5,-122.5,271.4715
59.5,-121.5,270.8141
59.5,-120.5,270.7483
59.5,-119.5,271.5669
59.5,-118.5,271.21283
59.5,-117.5,270.47635
59.5,-116.5,270.8171
59.5,-115.5,271.2319
59.5,-114.5,271.24942
59.5,-113.5,270.9726
59.5,-112.5,271.2265
59.5,-111.5,270.46826
59.5,-110.5,270.6711
59.5,-108.5,269.52542
59.5,-107.5,269.16107
59.5,-106.5,268.8697
59.5,-105.5,268.2525
59.5,-104.5,268.06073
59.5,-103.5,267.43042
59.5,-102.5,267.6326
59.5,-101.5,267.29242
59.5,-100.5,267.05878
59.5,-99.5,266.91327
59.5,-98.5,266.58804
59.5,-97.5,266.7004
59.5,-96.5,266.28323
59.5,-95.5,266.4137
59.5,-77.5,266.8893
59.5,-76.5,266.12643
59.5,-75.5,265.95697
59.5,-74.5,265.7633
59.5,-73.5,265.5956
59.5,-72.5,265.6525
59.5,-71.5,265.88428
59.5,-70.5,266.13763
59.5,-64.5,266.15164
59.5,6.5,272.69574
59.5,7.5,272.37115
59.5,8.5,273.15216
59.5,9.5,276.92365
59.5,10.5,278.0612
59.5,11.5,278.32718
59.5,12.5,278.10764
59.5,13.5,278.7753
59.5,14.5,278.44275
59.5,15.5,278.36008
59.5,16.5,278.87775
59.5,17.5,279.30792
59.5,18.5,280.08844
59.5,25.5,278.8847
59.5,26.5,278.71313
59.5,28.5,278.0887
59.5,29.5,277.7362
59.5,30.5,277.264
59.5,31.5,277.17996
59.5,32.5,276.53394
59.5,33.5,275.913
59.5,34.5,275.37094
59.5,35.5,275.30685
59.5,36.5,275.3467
59.5,37.5,275.40485
59.5,38.5,274.756
59.5,39.5,274.57462
59.5,40.5,274.1026
59.5,41.5,273.88452
59.5,42.5,273.84082
59.5,43.5,273.9866
59.5,44.5,273.67093
59.5,45.5,273.5276
59.5,46.5,273.50043
59.5,47.5,273.2355
59.5,48.5,273.0626
59.5,49.5,273.00333
59.5,50.5,272.726
59.5,51.5,272.64835
59.5,52.5,272.45148
59.5,53.5,272.43225
59.5,54.5,272.0938
59.5,55.5,272.24988
59.5,56.5,271.91507
59.5,57.5,271.11908
59.5,58.5,270.2355
59.5,59.5,270.19812
59.5,60.5,271.3873
59.5,61.5,271.84192
59.5,62.5,271.96027
59.5,63.5,271.91672
59.5,64.5,271.88712
59.5,65.5,271.7835
59.5,66.5,271.8053
59.5,67.5,271.81726
59.5,68.5,271.65152
59.5,69.5,271.34406
59.5,70.5,271.12207
59.5,71.5,271.1816
59.5,72.5,270.89053
59.5,73.5,270.62695
59.5,74.5,270.52747
59.5,75.5,270.4987
59.5,76.5,270.48663
59.5,77.5,270.37662
59.5,78.5,270.30725
59.5,79.5,270.1988
59.5,80.5,270.1173
59.5,81.5,270.34
59.5,82.5,270.09348
59.5,83.5,269.64627
59.5,84.5,269.6417
59.5,85.5,269.50046
59.5,86.5,269.59613
59.5,87.5,269.99393
59.5,88.5,270.06305
59.5,89.5,269.76773
59.5,90.5,269.61905
59.5,91.5,268.56818
59.5,92.5,268.10486
59.5,93.5,267.3973
59.5,94.5,267.47855
59.5,95.5,267.84143
59.5,96.5,268.17725
59.5,97.5,268.0169
59.5,98.5,268.45667
59.5,99.5,268.5884
59.5,100.5,268.65826
59.5,101.5,268.62854
59.5,102.5,268.4949
59.5,103.5,268.41534
59.5,104.5,268.09732
59.5,105.5,267.80505
59.5,106.5,267.81445
59.5,107.5,267.80524
59.5,108.5,267.54837
59.5,109.5,267.59903
59.5,110.5,267.24994
59.5,111.5,267.00217
59.5,112.5,266.50082
59.5,113.5,266.2519
59.5,114.5,265.01733
59.5,115.5,265.0183
59.5,116.5,266.17038
59.5,117.5,266.35193
59.5,118.5,266.7391
59.5,119.5,266.22644
59.5,120.5,266.42737
59.5,121.5,265.7151
59.5,122.5,265.3685
59.5,123.5,265.27298
59.5,124.5,264.7309
59.5,125.5,264.28644
59.5,126.5,263.98038
59.5,127.5,264.32327
59.5,128.5,264.95532
59.5,129.5,264.73462
59.5,130.5,264.9272
59.5,131.5,264.33456
59.5,132.5,263.7907
59.5,133.5,263.46335
59.5,134.5,263.07098
59.5,135.5,262.3866
59.5,136.5,260.50607
59.5,137.5,259.9551
59.5,138.5,260.04153
59.5,139.5,260.39056
59.5,140.5,262.55063
59.5,141.5,264.99506
59.5,142.5,266.92914
59.5,143.5,267.27835
59.5,144.5,266.9614
59.5,145.5,268.59012
59.5,146.5,267.1872
59.5,147.5,267.7373
59.5,148.5,268.47446
59.5,151.5,266.5195
59.5,152.5,265.97906
59.5,153.5,266.82797
59.5,161.5,267.68814
59.5,162.5,267.0555
60.5,-164.5,272.9533
60.5,-163.5,273.0794
60.5,-162.5,273.11166
60.5,-161.5,272.86816
60.5,-160.5,271.00867
60.5,-159.5,269.6261
60.5,-158.5,270.38986
60.5,-157.5,271.56378
60.5,-156.5,271.68338
60.5,-155.5,270.3964
60.5,-154.5,270.44525
60.5,-153.5,266.155
60.5,-152.5,268.82593
60.5,-150.5,271.05923
60.5,-149.5,269.95947
60.5,-148.5,270.06003
60.5,-145.5,270.03372
60.5,-144.5,271.918
60.5,-143.5,268.33563
60.5,-142.5,266.63272
60.5,-141.5,263.76752
60.5,-140.5,261.80374
60.5,-139.5,258.3894
60.5,-138.5,263.5157
60.5,-137.5,266.54214
60.5,-136.5,267.92252
60.5,-135.5,268.32156
60.5,-134.5,266.56866
60.5,-133.5,266.95148
60.5,-132.5,267.9882
60.5,-131.5,268.05988
60.5,-130.5,267.63824
60.5,-129.5,267.22623
60.5,-128.5,268.28143
60.5,-127.5,266.81738
60.5,-126.5,268.2716
60.5,-125.5,267.5638
60.5,-124.5,270.17603
60.5,-123.5,269.15714
60.5,-122.5,270.29202
60.5,-121.5,270.2001
60.5,-120.5,270.8363
60.5,-119.5,270.54468
60.5,-118.5,269.9427
60.5,-117.5,269.8661
60.5,-116.5,270.3966
60.5,-115.5,270.6873
60.5,-114.5,270.851
60.5,-113.5,270.53745
60.5,-112.5,270.32794
60.5,-111.5,269.9132
60.5,-110.5,269.76825
60.5,-109.5,268.83847
60.5,-108.5,268.489
60.5,-107.5,268.11694
60.5,-106.5,267.57047
60.5,-105.5,267.2826
60.5,-104.5,266.96826
60.5,-103.5,266.68826
60.5,-102.5,266.50467
60.5,-101.5,266.48184
60.5,-100.5,265.79977
60.5,-99.5,265.58014
60.5,-98.5,265.4327
60.5,-97.5,264.9617
60.5,-96.5,264.98532
60.5,-95.5,265.25473
60.5,-77.5,265.9932
60.5,-76.5,265.3534
60.5,-75.5,264.90363
60.5,-74.5,264.7616
60.5,-73.5,264.62677
60.5,-72.5,264.68552
60.5,-71.5,265.13956
60.5,-70.5,265.73788
60.5,-44.5,265.04428
60.5,-43.5,267.07574
60.5,5.5,277.12262
60.5,6.5,270.82925
60.5,7.5,270.5726
60.5,8.5,270.42502
60.5,9.5,273.22168
60.5,10.5,274.80164
60.5,11.5,275.37857
60.5,12.5,275.77536
60.5,13.5,276.36288
60.5,14.5,276.62762
60.5,15.5,276.5221
60.5,16.5,277.63257
60.5,17.5,278.81735
60.5,22.5,278.7288
60.5,23.5,278.0072
60.5,24.5,277.9119
60.5,25.5,278.12265
60.5,26.5,278.52643
60.5,28.5,278.1615
60.5,29.5,277.1448
60.5,30.5,277.341
60.5,33.5,275.87167
60.5,34.5,275.07855
60.5,35.5,275.425
60.5,36.5,274.903
60.5,37.5,274.9303
60.5,38.5,274.46506
60.5,39.5,273.98505
60.5,40.5,273.6406
60.5,41.5,273.6375
60.5,42.5,273.9303
60.5,43.5,273.3742
60.5,44.5,273.29984
60.5,45.5,273.162
60.5,46.5,272.8665
60.5,47.5,272.8845
60.5,48.5,272.53876
60.5,49.5,272.57507
60.5,50.5,272.31677
60.5,51.5,272.3454
60.5,52.5,272.1309
60.5,53.5,271.82187
60.5,54.5,271.73575
60.5,55.5,271.79324
60.5,56.5,271.3131
60.5,57.5,270.52496
60.5,58.5,269.34247
60.5,59.5,269.56454
60.5,60.5,270.4566
60.5,61.5,271.3887
60.5,62.5,271.3723
60.5,63.5,271.32346
60.5,64.5,271.2269
60.5,65.5,271.19193
60.5,66.5,271.14084
60.5,67.5,271.10394
60.5,68.5,270.98648
60.5,69.5,270.895
60.5,70.5,270.67142
60.5,71.5,270.63055
60.5,72.5,270.6926
60.5,73.5,270.3694
60.5,74.5,270.131
60.5,75.5,270.08023
60.5,76.5,269.99545
60.5,77.5,269.636
60.5,78.5,269.84396
60.5,79.5,269.86682
60.5,80.5,269.22934
60.5,81.5,269.18298
60.5,82.5,269.3899
60.5,83.5,269.1649
60.5,84.5,268.9614
60.5,85.5,269.16592
60.5,86.5,269.12833
60.5,87.5,269.3221
60.5,88.5,269.52917
60.5,89.5,269.60257
60.5,90.5,268.69754
60.5,91.5,267.56277
60.5,92.5,266.7951
60.5,93.5,267.16687
60.5,94.5,266.3215
60.5,95.5,266.4046
60.5,96.5,266.5186
60.5,97.5,266.36118
60.5,98.5,267.081
60.5,99.5,267.28543
60.5,100.5,267.5928
60.5,101.5,267.6543
60.5,102.5,267.30524
60.5,103.5,267.371
60.5,104.5,267.35718
60.5,105.5,267.39648
60.5,106.5,267.38025
60.5,107.5,267.39447
60.5,108.5,267.2541
60.5,109.5,267.0222
60.5,110.5,266.84525
60.5,111.5,266.40564
60.5,112.5,266.31445
60.5,113.5,266.56644
60.5,114.5,266.13318
60.5,115.5,266.58716
60.5,116.5,266.31912
60.5,117.5,266.91336
60.5,118.5,266.80176
60.5,119.5,266.2176
60.5,120.5,265.87503
60.5,121.5,265.6912
60.5,122.5,265.04437
60.5,123.5,264.87216
60.5,124.5,264.46014
60.5,125.5,264.7522
60.5,126.5,264.39044
60.5,127.5,264.56354
60.5,128.5,264.83786
60.5,129.5,264.3753
60.5,130.5,263.99146
60.5,131.5,263.58215
60.5,132.5,263.4306
60.5,133.5,263.13754
60.5,134.5,262.50165
60.5,135.5,261.9854
60.5,136.5,259.41278
60.5,137.5,259.28372
60.5,138.5,259.73688
60.5,139.5,260.3744
60.5,140.5,260.31204
60.5,141.5,263.17517
60.5,142.5,263.66064
60.5,143.5,263.01648
60.5,144.5,263.3395
60.5,145.5,264.09076
60.5,146.5,264.07666
60.5,147.5,264.18155
60.5,148.5,264.05212
60.5,149.5,263.19208
60.5,150.5,262.53677
60.5,151.5,262.51254
60.5,152.5,263.24683
60.5,153.5,262.7014
60.5,154.5,264.74826
60.5,162.5,269.1369
60.5,163.5,267.99728
60.5,164.5,267.07687
60.5,165.5,267.2688
60.5,166.5,267.63864
60.5,167.5,269.31888
60.5,169.5,269.44183
60.5,170.5,269.83456
61.5,-165.5,272.29053
61.5,-164.5,271.84848
61.5,-163.5,272.11993
61.5,-162.5,272.0296
61.5,-161.5,271.62442
61.5,-160.5,271.60388
61.5,-159.5,269.87836
61.5,-158.5,269.21786
61.5,-157.5,270.02203
61.5,-156.5,270.102
61.5,-155.5,269.11432
61.5,-154.5,267.40076
61.5,-153.5,265.61783
61.5,-152.5,269.23898
61.5,-151.5,270.12607
61.5,-150.5,271.99158
61.5,-149.5,266.65625
61.5,-148.5,265.29224
61.5,-147.5,267.00305
61.5,-146.5,267.6199
61.5,-145.5,267.23962
61.5,-144.5,265.3319
61.5,-143.5,261.9156
61.5,-142.5,261.46832
61.5,-141.5,264.3893
61.5,-140.5,260.32898
61.5,-139.5,262.91434
61.5,-138.5,266.6763
61.5,-137.5,266.74866
61.5,-136.5,267.7438
61.5,-135.5,268.6276
61.5,-134.5,267.90906
61.5,-133.5,265.47028
61.5,-132.5,266.6925
61.5,-131.5,267.00244
61.5,-130.5,266.58463
61.5,-129.5,264.3934
61.5,-128.5,264.49142
61.5,-127.5,264.96536
61.5,-126.5,264.63977
61.5,-125.5,264.7585
61.5,-124.5,268.74887
61.5,-123.5,269.01212
61.5,-122.5,268.84512
61.5,-121.5,268.7625
61.5,-120.5,268.6959
61.5,-119.5,268.62964
61.5,-118.5,268.78275
61.5,-117.5,269.1193
61.5,-116.5,269.46127
61.5,-112.5,269.6271
61.5,-111.5,269.1062
61.5,-110.5,268.58157
61.5,-109.5,267.85764
61.5,-108.5,267.35287
61.5,-107.5,266.68777
61.5,-106.5,266.4913
61.5,-105.5,266.0474
61.5,-104.5,265.77652
61.5,-103.5,265.1605
61.5,-102.5,265.1485
61.5,-101.5,264.60434
61.5,-100.5,264.67337
61.5,-99.5,264.6079
61.5,-98.5,264.5885
61.5,-97.5,264.53528
61.5,-96.5,264.469
61.5,-95.5,264.53342
61.5,-94.5,264.5788
61.5,-77.5,264.63263
61.5,-76.5,263.77548
61.5,-75.5,263.5282
61.5,-74.5,263.34366
61.5,-73.5,263.49124
61.5,-72.5,263.8611
61.5,-48.5,268.49298
61.5,-47.5,264.3901
61.5,-46.5,262.8813
61.5,-45.5,259.49857
61.5,-44.5,257.73904
61.5,-43.5,260.78076
61.5,5.5,276.29675
61.5,6.5,272.291
61.5,7.5,269.37637
61.5,8.5,270.43423
61.5,9.5,269.63232
61.5,10.5,272.42184
61.5,11.5,273.13885
61.5,12.5,273.8134
61.5,13.5,274.0452
61.5,14.5,275.89615
61.5,15.5,275.59445
61.5,16.5,276.97668
61.5,21.5,278.80182
61.5,22.5,276.97
61.5,23.5,276.85156
61.5,24.5,276.57028
61.5,25.5,276.5671
61.5,26.5,276.7957
61.5,27.5,276.87103
61.5,28.5,277.1806
61.5,29.5,276.55444
61.5,32.5,276.01923
61.5,33.5,275.08234
61.5,34.5,275.8813
61.5,36.5,275.42938
61.5,37.5,274.53107
61.5,38.5,273.8763
61.5,39.5,273.5042
61.5,40.5,273.6386
61.5,41.5,273.51688
61.5,42.5,273.57098
61.5,43.5,273.50815
61.5,44.5,272.91656
61.5,45.5,272.9782
61.5,46.5,272.68027
61.5,47.5,272.66003
61.5,48.5,272.3041
61.5,49.5,272.25568
61.5,50.5,272.25357
61.5,51.5,272.08542
61.5,52.5,271.80377
61.5,53.5,271.42526
61.5,54.5,270.99292
61.5,55.5,271.03354
61.5,56.5,270.56827
61.5,57.5,270.39847
61.5,58.5,269.23392
61.5,59.5,268.86353
61.5,60.5,270.00067
61.5,61.5,270.98743
61.5,62.5,270.77557
61.5,63.5,270.96304
61.5,64.5,270.7149
61.5,65.5,270.56964
61.5,66.5,270.156
61.5,67.5,270.21896
61.5,68.5,270.06177
61.5,69.5,270.00012
61.5,70.5,269.89056
61.5,71.5,269.98993
61.5,72.5,270.0038
61.5,73.5,270.03494
61.5,74.5,269.7702
61.5,75.5,269.71158
61.5,76.5,269.74515
61.5,77.5,269.34512
61.5,78.5,268.90744
61.5,79.5,268.99658
61.5,80.5,268.8335
61.5,81.5,268.7214
61.5,82.5,268.65137
61.5,83.5,268.60266
61.5,84.5,268.31613
61.5,85.5,268.24017
61.5,86.5,268.3783
61.5,87.5,268.28555
61.5,88.5,268.10596
61.5,89.5,268.18652
61.5,90.5,267.32965
61.5,91.5,266.72903
61.5,92.5,266.642
61.5,93.5,266.51505
61.5,94.5,265.8274
61.5,95.5,265.57855
61.5,96.5,264.68665
61.5,97.5,265.51797
61.5,98.5,266.37955
61.5,99.5,266.47128
61.5,100.5,266.49112
61.5,101.5,266.59738
61.5,102.5,266.7127
61.5,103.5,266.528
61.5,104.5,266.56384
61.5,105.5,266.59433
61.5,106.5,266.8493
61.5,107.5,266.61118
61.5,108.5,266.59286
61.5,109.5,266.51163
61.5,110.5,266.3116
61.5,111.5,266.32776
61.5,112.5,265.9918
61.5,113.5,266.08264
61.5,114.5,266.16898
61.5,115.5,266.293
61.5,116.5,266.4536
61.5,117.5,266.42838
61.5,118.5,266.00308
61.5,119.5,265.9554
61.5,120.5,265.49466
61.5,121.5,265.3299
61.5,122.5,264.9474
61.5,123.5,265.0067
61.5,124.5,264.89676
61.5,125.5,264.50775
61.5,126.5,264.38037
61.5,127.5,264.19144
61.5,128.5,264.17355
61.5,129.5,263.87115
61.5,130.5,263.694
61.5,131.5,263.32236
61.5,132.5,262.90625
61.5,133.5,262.60703
61.5,134.5,261.93927
61.5,135.5,261.7238
61.5,136.5,259.38904
61.5,137.5,258.48395
61.5,138.5,257.5022
61.5,139.5,258.10962
61.5,140.5,257.8194
61.5,141.5,259.23557
61.5,142.5,258.88412
61.5,143.5,260.76617
61.5,144.5,260.41638
61.5,145.5,260.95013
61.5,146.5,260.04926
61.5,147.5,259.10803
61.5,148.5,259.06064
61.5,149.5,259.45523
61.5,150.5,258.83768
61.5,151.5,259.2221
61.5,152.5,259.23828
61.5,153.5,259.97443
61.5,154.5,259.71616
61.5,155.5,262.10757
61.5,156.5,264.7268
61.5,160.5,266.9923
61.5,161.5,265.72668
61.5,164.5,266.265
61.5,165.5,263.74384
61.5,166.5,264.54095
61.5,167.5,265.23492
61.5,168.5,264.93777
61.5,169.5,265.4983
61.5,170.5,263.82303
61.5,171.5,264.72342
61.5,172.5,266.8823
62.5,-164.5,272.03174
62.5,-163.5,271.21918
62.5,-162.5,270.50043
62.5,-161.5,269.4248
62.5,-160.5,269.36188
62.5,-159.5,270.0044
62.5,-158.5,269.65906
62.5,-157.5,269.72525
62.5,-156.5,269.21414
62.5,-155.5,268.86343
62.5,-154.5,267.9104
62.5,-153.5,265.64664
62.5,-152.5,266.2382
62.5,-151.5,265.1394
62.5,-150.5,266.27405
62.5,-149.5,266.57162
62.5,-148.5,263.92703
62.5,-147.5,262.90765
62.5,-146.5,264.80478
62.5,-145.5,265.58646
62.5,-144.5,263.22717
62.5,-143.5,261.66147
62.5,-142.5,263.83
62.5,-141.5,263.5287
62.5,-140.5,265.20715
62.5,-139.5,264.98376
62.5,-138.5,268.12283
62.5,-137.5,267.64627
62.5,-136.5,267.9917
62.5,-135.5,267.68158
62.5,-134.5,269.14145
62.5,-133.5,267.1051
62.5,-132.5,266.29462
62.5,-131.5,265.62286
62.5,-130.5,264.7031
62.5,-129.5,263.09033
62.5,-128.5,262.289
62.5,-127.5,261.52325
62.5,-126.5,263.2896
62.5,-125.5,266.14597
62.5,-124.5,266.4248
62.5,-123.5,267.24298
62.5,-122.5,268.4018
62.5,-121.5,267.92685
62.5,-120.5,267.7037
62.5,-119.5,267.39908
62.5,-118.5,267.4162
62.5,-117.5,268.35028
62.5,-116.5,268.6275
62.5,-115.5,268.6761
62.5,-113.5,268.16904
62.5,-112.5,267.85858
62.5,-111.5,267.2936
62.5,-110.5,267.58298
62.5,-109.5,266.98093
62.5,-108.5,265.4007
62.5,-107.5,265.2125
62.5,-106.5,265.024
62.5,-105.5,264.71298
62.5,-104.5,264.35715
62.5,-103.5,263.94482
62.5,-102.5,264.43097
62.5,-101.5,264.10736
62.5,-100.5,264.00623
62.5,-99.5,263.9856
62.5,-98.5,263.86774
62.5,-97.5,263.60156
62.5,-96.5,263.5857
62.5,-95.5,263.48306
62.5,-94.5,263.60086
62.5,-93.5,263.7668
62.5,-77.5,264.96292
62.5,-68.5,263.848
62.5,-67.5,264.8137
62.5,-49.5,265.4708
62.5,-48.5,261.4152
62.5,-47.5,257.32742
62.5,-46.5,255.40097
62.5,-45.5,253.65898
62.5,-44.5,253.5465
62.5,-43.5,258.99957
62.5,6.5,275.56485
62.5,7.5,272.75806
62.5,8.5,272.15866
62.5,9.5,271.48535
62.5,10.5,271.94846
62.5,11.5,271.56448
62.5,12.5,270.91495
62.5,13.5,272.13632
62.5,14.5,274.21982
62.5,15.5,274.0986
62.5,16.5,275.35684
62.5,17.5,276.22946
62.5,21.5,277.95587
62.5,22.5,276.87616
62.5,23.5,276.30167
62.5,24.5,275.96548
62.5,25.5,276.05994
62.5,26.5,276.10318
62.5,27.5,276.0592
62.5,28.5,276.35138
62.5,29.5,275.79984
62.5,30.5,274.88406
62.5,31.5,274.6388
62.5,32.5,274.34338
62.5,33.5,274.1411
62.5,34.5,275.11023
62.5,35.5,274.91565
62.5,36.5,274.38367
62.5,37.5,274.0509
62.5,38.5,273.87134
62.5,39.5,273.2436
62.5,40.5,273.433
62.5,41.5,273.05005
62.5,42.5,273.3315
62.5,43.5,272.9726
62.5,44.5,272.96085
62.5,45.5,272.74683
62.5,46.5,272.43875
62.5,47.5,272.4261
62.5,48.5,271.99847
62.5,49.5,271.80734
62.5,50.5,271.53702
62.5,51.5,271.56277
62.5,52.5,271.34152
62.5,53.5,270.81403
62.5,54.5,270.70868
62.5,55.5,270.4983
62.5,56.5,270.11453
62.5,57.5,269.98404
62.5,58.5,268.86206
62.5,59.5,268.9583
62.5,60.5,269.23965
62.5,61.5,270.22232
62.5,62.5,270.3757
62.5,63.5,270.34033
62.5,64.5,270.00745
62.5,65.5,269.58755
62.5,66.5,269.63342
62.5,67.5,269.43723
62.5,68.5,269.0302
62.5,69.5,269.33936
62.5,70.5,269.22888
62.5,71.5,269.08
62.5,72.5,269.17764
62.5,73.5,269.05396
62.5,74.5,269.06683
62.5,75.5,269.0109
62.5,76.5,268.9609
62.5,77.5,268.88818
62.5,78.5,268.6521
62.5,79.5,268.36664
62.5,80.5,268.06677
62.5,81.5,267.84265
62.5,82.5,268.19025
62.5,83.5,268.16187
62.5,84.5,267.97095
62.5,85.5,268.07703
62.5,86.5,267.88385
62.5,87.5,268.18018
62.5,88.5,267.49496
62.5,89.5,267.29437
62.5,90.5,266.80194
62.5,91.5,265.75323
62.5,92.5,265.45148
62.5,93.5,265.5172
62.5,94.5,265.373
62.5,95.5,264.96765
62.5,96.5,264.9295
62.5,97.5,265.33932
62.5,98.5,265.17575
62.5,99.5,265.53534
62.5,100.5,264.80093
62.5,101.5,264.3338
62.5,102.5,264.9565
62.5,103.5,264.91055
62.5,104.5,265.71423
62.5,105.5,265.83908
62.5,106.5,265.84955
62.5,107.5,265.71594
62.5,108.5,265.25592
62.5,109.5,265.5678
62.5,110.5,265.62186
62.5,111.5,265.68332
62.5,112.5,265.15433
62.5,113.5,265.2635
62.5,114.5,265.29788
62.5,115.5,265.22644
62.5,116.5,265.69446
62.5,117.5,265.37338
62.5,118.5,265.1412
62.5,119.5,265.06985
62.5,120.5,264.8699
62.5,121.5,264.85355
62.5,122.5,264.62006
62.5,123.5,264.49948
62.5,124.5,264.36002
62.5,125.5,264.10092
62.5,126.5,263.72253
62.5,127.5,263.4044
62.5,128.5,263.31976
62.5,129.5,263.2479
62.5,130.5,263.19366
62.5,131.5,262.67532
62.5,132.5,262.3712
62.5,133.5,262.1543
62.5,134.5,261.8721
62.5,135.5,261.44284
62.5,136.5,259.75446
62.5,137.5,258.87906
62.5,138.5,256.38995
62.5,139.5,255.83092
62.5,140.5,256.366
62.5,141.5,256.0597
62.5,142.5,254.41472
62.5,143.5,254.85191
62.5,144.5,256.04544
62.5,145.5,258.7041
62.5,146.5,257.45108
62.5,147.5,258.12283
62.5,148.5,259.31943
62.5,149.5,257.65018
62.5,150.5,258.9061
62.5,151.5,258.79633
62.5,152.5,259.30252
62.5,153.5,258.9669
62.5,154.5,259.65625
62.5,155.5,259.55118
62.5,156.5,259.88004
62.5,157.5,261.90094
62.5,158.5,262.09644
62.5,159.5,264.3802
62.5,160.5,263.63373
62.5,161.5,262.85913
62.5,162.5,262.94403
62.5,163.5,265.86963
62.5,164.5,264.93475
62.5,165.5,264.29803
62.5,166.5,263.75992
62.5,167.5,264.2255
62.5,168.5,263.41797
62.5,169.5,263.4422
62.5,170.5,261.37808
62.5,171.5,261.01923
62.5,172.5,262.37512
62.5,173.5,264.25446
62.5,174.5,265.30298
62.5,175.5,266.6344
62.5,176.5,267.6467
62.5,178.5,269.1358
63.5,-160.5,269.82043
63.5,-159.5,268.2364
63.5,-158.5,269.52603
63.5,-157.5,269.44574
63.5,-156.5,268.8476
63.5,-155.5,268.82434
63.5,-154.5,269.3704
63.5,-153.5,268.05725
63.5,-152.5,268.11383
63.5,-151.5,264.65808
63.5,-150.5,264.8347
63.5,-149.5,267.44864
63.5,-148.5,264.92206
63.5,-147.5,265.45215
63.5,-146.5,269.51364
63.5,-145.5,269.89905
63.5,-144.5,267.77206
63.5,-143.5,263.85184
63.5,-142.5,265.6983
63.5,-141.5,265.70566
63.5,-140.5,265.67737
63.5,-139.5,266.2401
63.5,-138.5,266.70474
63.5,-137.5,265.65396
63.5,-136.5,265.93475
63.5,-135.5,265.7589
63.5,-134.5,265.43784
63.5,-133.5,266.0418
63.5,-132.5,263.87772
63.5,-131.5,263.01215
63.5,-130.5,262.11163
63.5,-129.5,261.8899
63.5,-128.5,261.66696
63.5,-127.5,262.72382
63.5,-126.5,263.59482
63.5,-125.5,266.22375
63.5,-124.5,266.52673
63.5,-123.5,267.5128
63.5,-122.5,267.8473
63.5,-121.5,267.5415
63.5,-120.5,267.26395
63.5,-119.5,267.20746
63.5,-118.5,267.0684
63.5,-117.5,267.6718
63.5,-116.5,267.39276
63.5,-115.5,267.00577
63.5,-114.5,266.5889
63.5,-113.5,265.95035
63.5,-112.5,265.6474
63.5,-111.5,264.73114
63.5,-110.5,264.82297
63.5,-109.5,265.01965
63.5,-108.5,264.2529
63.5,-107.5,263.83884
63.5,-106.5,263.91788
63.5,-105.5,263.62845
63.5,-104.5,263.02246
63.5,-103.5,263.2584
63.5,-102.5,263.70068
63.5,-101.5,263.5047
63.5,-100.5,263.28088
63.5,-99.5,263.31784
63.5,-98.5,263.1987
63.5,-97.5,262.7834
63.5,-96.5,262.68994
63.5,-95.5,263.09967
63.5,-94.5,263.29172
63.5,-93.5,263.23505
63.5,-92.5,263.25098
63.5,-91.5,263.21457
63.5,-85.5,263.60953
63.5,-84.5,263.20416
63.5,-71.5,263.3578
63.5,-70.5,263.48056
63.5,-69.5,262.80255
63.5,-68.5,260.86188
63.5,-67.5,261.60178
63.5,-66.5,262.1883
63.5,-65.5,261.43942
63.5,-50.5,265.18442
63.5,-49.5,262.16473
63.5,-48.5,258.27927
63.5,-47.5,254.25262
63.5,-46.5,252.75029
63.5,-45.5,251.51329
63.5,-44.5,252.0568
63.5,-43.5,255.32619
63.5,-42.5,258.29193
63.5,-41.5,262.5939
63.5,-19.5,275.07834
63.5,-18.5,276.07043
63.5,9.5,276.5787
63.5,10.5,273.8362
63.5,11.5,274.45627
63.5,12.5,272.1819
63.5,13.5,271.9026
63.5,14.5,273.82422
63.5,15.5,274.01785
63.5,16.5,273.99542
63.5,17.5,274.41656
63.5,18.5,275.63306
63.5,19.5,276.26813
63.5,22.5,277.039
63.5,23.5,276.20715
63.5,24.5,275.4882
63.5,25.5,275.30112
63.5,26.5,274.92114
63.5,27.5,274.69238
63.5,28.5,274.39395
63.5,29.5,274.39343
63.5,30.5,274.10724
63.5,31.5,273.89737
63.5,32.5,273.80182
63.5,33.5,274.08304
63.5,34.5,274.1761
63.5,35.5,273.95245
63.5,36.5,274.14508
63.5,37.5,273.85648
63.5,38.5,273.2122
63.5,39.5,273.3072
63.5,40.5,272.92932
63.5,41.5,272.80713
63.5,42.5,273.0304
63.5,43.5,272.84653
63.5,44.5,272.67508
63.5,45.5,272.228
63.5,46.5,271.9723
63.5,47.5,271.80334
63.5,48.5,271.58728
63.5,49.5,271.4468
63.5,50.5,271.22833
63.5,51.5,270.93103
63.5,52.5,270.59558
63.5,53.5,270.5182
63.5,54.5,270.45325
63.5,55.5,270.0386
63.5,56.5,269.69925
63.5,57.5,269.5869
63.5,58.5,267.81454
63.5,59.5,267.51324
63.5,60.5,268.70816
63.5,61.5,269.30243
63.5,62.5,269.37906
63.5,63.5,269.45142
63.5,64.5,268.94965
63.5,65.5,269.09323
63.5,66.5,268.81223
63.5,67.5,268.56027
63.5,68.5,268.29187
63.5,69.5,268.47696
63.5,70.5,268.38693
63.5,71.5,268.3441
63.5,72.5,268.24524
63.5,73.5,268.20505
63.5,74.5,268.16385
63.5,75.5,268.3767
63.5,76.5,268.12982
63.5,77.5,268.17368
63.5,78.5,268.0189
63.5,79.5,267.98886
63.5,80.5,267.67273
63.5,81.5,267.2533
63.5,82.5,267.0922
63.5,83.5,267.3967
63.5,84.5,267.3497
63.5,85.5,267.26157
63.5,86.5,267.29944
63.5,87.5,267.34674
63.5,88.5,266.81815
63.5,89.5,265.90997
63.5,90.5,265.7064
63.5,91.5,264.76614
63.5,92.5,264.66605
63.5,93.5,264.77225
63.5,94.5,264.24335
63.5,95.5,264.30368
63.5,96.5,263.79288
63.5,97.5,263.85065
63.5,98.5,262.51596
63.5,99.5,263.74014
63.5,100.5,263.8174
63.5,101.5,263.89508
63.5,102.5,263.62726
63.5,103.5,263.8871
63.5,104.5,263.31116
63.5,105.5,264.04077
63.5,106.5,263.8053
63.5,107.5,264.02652
63.5,108.5,263.86264
63.5,109.5,263.90207
63.5,110.5,263.9658
63.5,111.5,263.74973
63.5,112.5,263.8652
63.5,113.5,263.90344
63.5,114.5,263.80832
63.5,115.5,264.05743
63.5,116.5,264.35175
63.5,117.5,264.15244
63.5,118.5,263.97983
63.5,119.5,263.98663
63.5,120.5,263.85825
63.5,121.5,264.1852
63.5,122.5,264.12537
63.5,123.5,263.9546
63.5,124.5,263.84848
63.5,125.5,263.3926
63.5,126.5,262.77884
63.5,127.5,262.34146
63.5,128.5,261.56363
63.5,129.5,261.33835
63.5,130.5,261.3626
63.5,131.5,260.77716
63.5,132.5,260.05807
63.5,133.5,259.8059
63.5,134.5,259.02902
63.5,135.5,260.20743
63.5,136.5,259.247
63.5,137.5,258.21524
63.5,138.5,256.08395
63.5,139.5,255.29193
63.5,140.5,254.07967
63.5,141.5,255.12582
63.5,142.5,255.39273
63.5,143.5,255.97331
63.5,144.5,257.68524
63.5,145.5,256.42245
63.5,146.5,257.16025
63.5,147.5,257.38586
63.5,148.5,257.96765
63.5,149.5,258.60724
63.5,150.5,259.6604
63.5,151.5,259.60666
63.5,152.5,260.72592
63.5,153.5,260.32516
63.5,154.5,259.68283
63.5,155.5,259.8765
63.5,156.5,259.57187
63.5,157.5,258.83423
63.5,158.5,259.82254
63.5,159.5,259.93787
63.5,160.5,260.29416
63.5,161.5,261.76077
63.5,162.5,262.27716
63.5,163.5,262.67935
63.5,164.5,262.30994
63.5,165.5,263.11172
63.5,166.5,263.78503
63.5,167.5,263.2907
63.5,168.5,263.24344
63.5,169.5,262.9231
63.5,170.5,261.6079
63.5,171.5,261.56882
63.5,172.5,261.90793
63.5,173.5,262.34488
63.5,174.5,262.897
63.5,175.5,264.15057
63.5,176.5,264.4154
63.5,177.5,265.22916
63.5,178.5,266.70663
64.5,-173.5,268.2975
64.5,-160.5,269.57373
64.5,-159.5,268.08667
64.5,-158.5,266.99747
64.5,-157.5,267.87628
64.5,-156.5,268.4658
64.5,-155.5,268.15637
64.5,-154.5,267.81345
64.5,-153.5,267.31757
64.5,-152.5,267.48856
64.5,-151.5,267.88644
64.5,-150.5,268.30695
64.5,-149.5,267.91388
64.5,-148.5,267.03854
64.5,-147.5,267.2182
64.5,-146.5,267.79205
64.5,-145.5,267.57776
64.5,-144.5,266.0348
64.5,-143.5,264.74164
64.5,-142.5,264.50946
64.5,-141.5,266.217
64.5,-140.5,264.18796
64.5,-139.5,264.86935
64.5,-138.5,266.55347
64.5,-137.5,264.73895
64.5,-136.5,264.94604
64.5,-135.5,263.58594
64.5,-134.5,263.81256
64.5,-133.5,262.5416
64.5,-132.5,262.30576
64.5,-131.5,261.87555
64.5,-130.5,262.08154
64.5,-129.5,263.02335
64.5,-128.5,263.434
64.5,-127.5,264.42865
64.5,-126.5,265.4867
64.5,-125.5,267.28558
64.5,-124.5,267.6552
64.5,-123.5,267.05115
64.5,-122.5,267.17447
64.5,-121.5,267.7091
64.5,-120.5,267.51224
64.5,-119.5,266.5169
64.5,-118.5,266.5747
64.5,-117.5,266.09537
64.5,-116.5,265.89114
64.5,-115.5,264.92667
64.5,-114.5,264.4055
64.5,-113.5,263.9974
64.5,-112.5,263.6742
64.5,-111.5,263.24133
64.5,-110.5,263.06366
64.5,-109.5,262.96286
64.5,-108.5,262.79578
64.5,-107.5,263.31537
64.5,-106.5,263.09753
64.5,-105.5,262.5745
64.5,-104.5,262.77917
64.5,-103.5,262.73535
64.5,-102.5,262.53815
64.5,-101.5,261.95938
64.5,-100.5,262.23547
64.5,-99.5,262.4355
64.5,-98.5,262.19492
64.5,-97.5,262.38342
64.5,-96.5,262.07318
64.5,-95.5,262.7459
64.5,-94.5,262.49173
64.5,-93.5,262.29907
64.5,-92.5,262.31366
64.5,-91.5,262.0319
64.5,-90.5,262.2008
64.5,-89.5,262.354
64.5,-88.5,262.91476
64.5,-85.5,262.08115
64.5,-84.5,261.6458
64.5,-83.5,261.83484
64.5,-82.5,262.49582
64.5,-77.5,263.9606
64.5,-76.5,263.99072
64.5,-73.5,263.17767
64.5,-72.5,263.3435
64.5,-71.5,262.99237
64.5,-70.5,262.38864
64.5,-69.5,261.71103
64.5,-68.5,261.92877
64.5,-67.5,260.92865
64.5,-66.5,261.24414
64.5,-65.5,261.52548
64.5,-51.5,267.2516
64.5,-50.5,265.381
64.5,-49.5,260.25052
64.5,-48.5,259.2621
64.5,-47.5,254.9088
64.5,-46.5,253.00737
64.5,-45.5,250.82187
64.5,-44.5,250.59442
64.5,-43.5,252.94507
64.5,-42.5,255.28445
64.5,-41.5,261.68256
64.5,-21.5,275.12384
64.5,-20.5,274.68457
64.5,-19.5,270.9967
64.5,-18.5,270.0434
64.5,-17.5,269.7058
64.5,-16.5,269.47748
64.5,-15.5,273.81442
64.5,11.5,276.44247
64.5,12.5,272.2537
64.5,13.5,271.60028
64.5,14.5,271.24197
64.5,15.5,271.6407
64.5,16.5,272.83932
64.5,17.5,273.2941
64.5,18.5,273.5677
64.5,19.5,273.80222
64.5,20.5,275.30804
64.5,24.5,275.87836
64.5,25.5,274.8772
64.5,26.5,274.6002
64.5,27.5,274.45383
64.5,28.5,273.51813
64.5,29.5,273.54572
64.5,30.5,273.64307
64.5,31.5,273.5383
64.5,32.5,273.3796
64.5,33.5,273.32996
64.5,34.5,273.91702
64.5,37.5,274.9559
64.5,38.5,274.10098
64.5,39.5,273.85654
64.5,40.5,272.96405
64.5,41.5,272.57666
64.5,42.5,272.41678
64.5,43.5,272.1755
64.5,44.5,272.19058
64.5,45.5,272.04135
64.5,46.5,271.70535
64.5,47.5,271.56793
64.5,48.5,270.9268
64.5,49.5,270.88306
64.5,50.5,270.90775
64.5,51.5,270.32974
64.5,52.5,270.24417
64.5,53.5,270.2879
64.5,54.5,270.0698
64.5,55.5,269.62607
64.5,56.5,269.51907
64.5,57.5,269.7054
64.5,58.5,267.2972
64.5,59.5,267.14352
64.5,60.5,265.26077
64.5,61.5,266.86093
64.5,62.5,268.26193
64.5,63.5,268.49155
64.5,64.5,268.39383
64.5,66.5,268.23212
64.5,67.5,268.09656
64.5,68.5,267.96146
64.5,69.5,268.01538
64.5,70.5,267.9264
64.5,71.5,268.08936
64.5,72.5,268.01465
64.5,73.5,268.0025
64.5,74.5,267.97592
64.5,75.5,267.8748
64.5,76.5,267.85104
64.5,77.5,267.70502
64.5,78.5,267.50848
64.5,79.5,267.46683
64.5,80.5,267.43427
64.5,81.5,267.27087
64.5,82.5,267.2684
64.5,83.5,267.02103
64.5,84.5,266.8105
64.5,85.5,266.73572
64.5,86.5,266.91693
64.5,87.5,266.8397
64.5,88.5,265.8126
64.5,89.5,264.85547
64.5,90.5,263.74228
64.5,91.5,263.2396
64.5,92.5,263.4639
64.5,93.5,263.71
64.5,94.5,262.62662
64.5,95.5,262.7736
64.5,96.5,261.97446
64.5,97.5,261.92203
64.5,98.5,262.30206
64.5,99.5,262.2634
64.5,100.5,262.24713
64.5,101.5,262.90994
64.5,102.5,262.7653
64.5,103.5,262.90125
64.5,104.5,262.55026
64.5,105.5,262.10178
64.5,106.5,262.49924
64.5,107.5,262.19144
64.5,108.5,262.73
64.5,109.5,262.45447
64.5,110.5,262.5785
64.5,111.5,262.85495
64.5,112.5,262.5614
64.5,113.5,262.69513
64.5,114.5,263.02188
64.5,115.5,263.24454
64.5,116.5,263.39124
64.5,117.5,263.39774
64.5,118.5,263.45728
64.5,119.5,263.4073
64.5,120.5,263.1644
64.5,121.5,263.04648
64.5,122.5,263.18967
64.5,123.5,263.02203
64.5,124.5,262.8181
64.5,125.5,262.25592
64.5,126.5,262.13345
64.5,127.5,260.82248
64.5,128.5,258.54218
64.5,129.5,258.87598
64.5,130.5,257.23856
64.5,131.5,258.9466
64.5,132.5,258.37274
64.5,133.5,257.7819
64.5,134.5,258.1464
64.5,135.5,258.34198
64.5,136.5,257.997
64.5,137.5,256.95853
64.5,138.5,255.47128
64.5,139.5,254.54886
64.5,140.5,254.44998
64.5,141.5,255.03801
64.5,142.5,255.99762
64.5,143.5,256.11502
64.5,144.5,254.80476
64.5,145.5,255.91768
64.5,146.5,256.20084
64.5,147.5,255.65157
64.5,148.5,256.7547
64.5,149.5,257.92392
64.5,150.5,259.84888
64.5,151.5,260.30267
64.5,152.5,260.49503
64.5,153.5,260.11108
64.5,154.5,259.90366
64.5,155.5,260.40338
64.5,156.5,259.05594
64.5,157.5,258.96457
64.5,158.5,259.29922
64.5,159.5,258.66727
64.5,160.5,259.85138
64.5,161.5,259.63544
64.5,162.5,259.53314
64.5,163.5,259.71915
64.5,164.5,260.55554
64.5,165.5,260.17627
64.5,166.5,261.75702
64.5,167.5,261.49435
64.5,168.5,262.2446
64.5,169.5,262.45987
64.5,170.5,262.89633
64.5,171.5,263.17908
64.5,172.5,261.95764
64.5,173.5,262.50012
64.5,174.5,262.96814
64.5,175.5,265.34213
64.5,176.5,265.89963
64.5,177.5,266.4998
65.5,-175.5,266.1218
65.5,-174.5,264.8867
65.5,-173.5,265.0908
65.5,-172.5,265.50497
65.5,-166.5,268.98605
65.5,-165.5,267.36166
65.5,-164.5,266.75577
65.5,-163.5,267.26495
65.5,-162.5,266.85632
65.5,-161.5,267.80634
65.5,-160.5,267.74747
65.5,-159.5,266.16513
65.5,-158.5,265.92657
65.5,-157.5,267.34918
65.5,-156.5,268.08337
65.5,-155.5,267.15118
65.5,-154.5,266.9529
65.5,-153.5,266.9382
65.5,-152.5,267.03522
65.5,-151.5,267.18918
65.5,-150.5,266.71484
65.5,-149.5,267.95264
65.5,-148.5,267.5993
65.5,-147.5,267.99323
65.5,-146.5,268.32816
65.5,-145.5,267.18292
65.5,-144.5,264.7725
65.5,-143.5,265.40506
65.5,-142.5,266.36218
65.5,-141.5,266.2965
65.5,-140.5,266.33517
65.5,-139.5,265.10992
65.5,-138.5,264.24738
65.5,-137.5,265.12955
65.5,-136.5,264.76053
65.5,-135.5,264.0104
65.5,-134.5,265.5451
65.5,-133.5,264.07776
65.5,-132.5,263.956
65.5,-131.5,265.09854
65.5,-130.5,264.37164
65.5,-129.5,264.08524
65.5,-128.5,264.7772
65.5,-127.5,265.9801
65.5,-126.5,266.64377
65.5,-125.5,266.30902
65.5,-124.5,266.47476
65.5,-123.5,267.04953
65.5,-119.5,267.3154
65.5,-118.5,267.131
65.5,-117.5,265.2191
65.5,-116.5,264.60645
65.5,-115.5,263.62296
65.5,-114.5,263.3334
65.5,-113.5,262.7001
65.5,-112.5,262.65714
65.5,-111.5,262.43604
65.5,-110.5,262.14502
65.5,-109.5,262.6765
65.5,-108.5,262.9129
65.5,-107.5,262.53494
65.5,-106.5,262.2164
65.5,-105.5,262.18253
65.5,-104.5,262.45032
65.5,-103.5,262.33685
65.5,-102.5,262.2237
65.5,-101.5,262.191
65.5,-100.5,262.16302
65.5,-99.5,262.14517
65.5,-98.5,261.78732
65.5,-97.5,261.7038
65.5,-96.5,261.4345
65.5,-95.5,261.21024
65.5,-94.5,261.14563
65.5,-93.5,260.96024
65.5,-92.5,261.12454
65.5,-91.5,260.64688
65.5,-90.5,260.61777
65.5,-89.5,261.27313
65.5,-88.5,260.56656
65.5,-87.5,262.1981
65.5,-85.5,262.33664
65.5,-73.5,262.59708
65.5,-72.5,262.85886
65.5,-71.5,262.82056
65.5,-70.5,262.74182
65.5,-69.5,262.41483
65.5,-68.5,261.6494
65.5,-67.5,261.65933
65.5,-64.5,260.43036
65.5,-63.5,259.72766
65.5,-52.5,264.7721
65.5,-51.5,263.24927
65.5,-50.5,262.38663
65.5,-49.5,260.23694
65.5,-48.5,258.70782
65.5,-47.5,254.52385
65.5,-46.5,253.11676
65.5,-45.5,251.1577
65.5,-44.5,250.75826
65.5,-43.5,251.87248
65.5,-42.5,254.36671
65.5,-41.5,259.1703
65.5,-40.5,261.71262
65.5,-22.5,274.11566
65.5,-21.5,274.79126
65.5,-20.5,273.68173
65.5,-19.5,272.14963
65.5,-18.5,272.23874
65.5,-17.5,271.26285
65.5,-16.5,272.45593
65.5,-15.5,273.10474
65.5,-14.5,273.73413
65.5,12.5,275.2073
65.5,13.5,271.2789
65.5,14.5,269.71802
65.5,15.5,269.53183
65.5,16.5,271.1459
65.5,17.5,271.62283
65.5,18.5,272.73877
65.5,19.5,272.56555
65.5,20.5,273.5861
65.5,21.5,274.0584
65.5,25.5,274.35144
65.5,26.5,273.15906
65.5,27.5,272.86792
65.5,28.5,272.6865
65.5,29.5,272.69672
65.5,30.5,273.0004
65.5,31.5,273.56183
65.5,32.5,273.35342
65.5,33.5,273.08084
65.5,34.5,274.50156
65.5,40.5,273.37943
65.5,41.5,272.39136
65.5,42.5,272.13425
65.5,43.5,272.03436
65.5,44.5,271.81808
65.5,45.5,271.57388
65.5,46.5,271.12427
65.5,47.5,270.86896
65.5,48.5,270.42633
65.5,49.5,270.02658
65.5,50.5,269.98596
65.5,51.5,269.96722
65.5,52.5,270.19693
65.5,53.5,269.84644
65.5,54.5,269.6274
65.5,55.5,269.30692
65.5,56.5,269.1996
65.5,57.5,269.20892
65.5,58.5,268.1494
65.5,59.5,266.90616
65.5,60.5,265.5582
65.5,61.5,266.86252
65.5,62.5,265.7184
65.5,63.5,266.5078
65.5,64.5,267.13516
65.5,66.5,267.51456
65.5,67.5,267.42847
65.5,68.5,267.25842
65.5,69.5,267.1744
65.5,70.5,267.2756
65.5,71.5,267.24313
65.5,72.5,267.28055
65.5,73.5,267.26874
65.5,74.5,266.94852
65.5,75.5,266.8464
65.5,76.5,266.716
65.5,77.5,266.75507
65.5,78.5,266.591
65.5,79.5,266.7239
65.5,80.5,266.65628
65.5,81.5,266.5646
65.5,82.5,266.55496
65.5,83.5,266.3254
65.5,84.5,266.26126
65.5,85.5,266.27536
65.5,86.5,266.2233
65.5,87.5,266.11035
65.5,88.5,264.6444
65.5,89.5,263.7716
65.5,90.5,262.6754
65.5,91.5,263.18207
65.5,92.5,262.52942
65.5,93.5,261.3585
65.5,94.5,261.55905
65.5,95.5,260.57523
65.5,96.5,260.75284
65.5,97.5,260.31976
65.5,98.5,260.99966
65.5,99.5,260.78662
65.5,100.5,261.19904
65.5,101.5,260.74683
65.5,102.5,260.90796
65.5,103.5,261.72467
65.5,104.5,262.33978
65.5,105.5,261.6623
65.5,106.5,261.1694
65.5,107.5,261.0888
65.5,108.5,260.84607
65.5,109.5,261.52536
65.5,110.5,261.3663
65.5,111.5,261.4177
65.5,112.5,261.8356
65.5,113.5,261.6398
65.5,114.5,261.9658
65.5,115.5,261.97256
65.5,116.5,262.63986
65.5,117.5,262.4829
65.5,118.5,262.50665
65.5,119.5,262.35995
65.5,120.5,262.57208
65.5,121.5,262.29318
65.5,122.5,262.37186
65.5,123.5,262.3648
65.5,124.5,261.86908
65.5,125.5,261.6319
65.5,126.5,259.9698
65.5,127.5,257.7981
65.5,128.5,256.69818
65.5,129.5,255.67249
65.5,130.5,256.85788
65.5,131.5,256.62973
65.5,132.5,257.43674
65.5,133.5,256.5929
65.5,134.5,257.26035
65.5,135.5,256.93372
65.5,136.5,257.04007
65.5,137.5,256.2769
65.5,138.5,255.04523
65.5,139.5,254.86966
65.5,140.5,254.59448
65.5,141.5,255.63689
65.5,142.5,258.09
65.5,143.5,258.71503
65.5,144.5,257.25714
65.5,145.5,256.40277
65.5,146.5,255.05174
65.5,147.5,256.888
65.5,148.5,257.11713
65.5,149.5,258.6203
65.5,150.5,260.9068
65.5,151.5,260.42603
65.5,152.5,259.55002
65.5,153.5,259.41037
65.5,154.5,259.5195
65.5,155.5,258.9507
65.5,156.5,259.44604
65.5,157.5,260.37384
65.5,158.5,259.6466
65.5,159.5,258.9789
65.5,160.5,260.09836
65.5,161.5,260.56915
65.5,162.5,258.1967
65.5,163.5,258.18796
65.5,164.5,258.4577
65.5,165.5,259.19882
65.5,166.5,260.04318
65.5,167.5,259.8652
65.5,168.5,260.05536
65.5,169.5,261.44144
65.5,170.5,261.70282
65.5,171.5,261.80658
65.5,172.5,262.24905
65.5,173.5,263.22202
65.5,174.5,263.65387
65.5,175.5,263.22647
65.5,176.5,264.038
65.5,177.5,264.07434
65.5,178.5,264.12424
65.5,179.5,264.76315
66.5,-179.5,263.95386
66.5,-178.5,262.56766
66.5,-177.5,262.9355
66.5,-176.5,263.47037
66.5,-175.5,264.21793
66.5,-174.5,265.06488
66.5,-173.5,266.3655
66.5,-172.5,266.3318
66.5,-171.5,265.04044
66.5,-161.5,268.0667
66.5,-160.5,266.61417
66.5,-159.5,265.7786
66.5,-158.5,265.48965
66.5,-157.5,265.7821
66.5,-156.5,266.66943
66.5,-155.5,265.56998
66.5,-154.5,265.96658
66.5,-153.5,265.2461
66.5,-152.5,265.281
66.5,-151.5,265.0821
66.5,-150.5,265.83664
66.5,-149.5,265.66483
66.5,-148.5,265.7853
66.5,-147.5,266.62057
66.5,-146.5,266.49664
66.5,-145.5,266.6586
66.5,-144.5,266.86447
66.5,-143.5,266.59653
66.5,-142.5,265.96213
66.5,-141.5,265.4471
66.5,-140.5,264.88782
66.5,-139.5,263.8063
66.5,-138.5,264.09763
66.5,-137.5,265.2498
66.5,-136.5,264.51465
66.5,-135.5,264.46265
66.5,-134.5,265.26263
66.5,-133.5,265.29816
66.5,-132.5,265.12137
66.5,-131.5,265.64026
66.5,-130.5,265.64508
66.5,-129.5,265.7949
66.5,-128.5,266.03418
66.5,-127.5,265.61584
66.5,-126.5,265.6114
66.5,-125.5,265.71906
66.5,-124.5,266.0073
66.5,-123.5,265.66174
66.5,-122.5,264.906
66.5,-118.5,264.72522
66.5,-117.5,263.03165
66.5,-116.5,262.35733
66.5,-115.5,261.97
66.5,-114.5,261.58572
66.5,-113.5,262.44775
66.5,-112.5,263.07764
66.5,-111.5,262.47745
66.5,-110.5,262.3024
66.5,-109.5,262.0444
66.5,-108.5,262.65097
66.5,-107.5,262.1372
66.5,-106.5,262.26862
66.5,-105.5,262.28265
66.5,-104.5,262.0665
66.5,-103.5,262.153
66.5,-102.5,262.09967
66.5,-101.5,261.7761
66.5,-100.5,261.74637
66.5,-99.5,261.6207
66.5,-98.5,261.3272
66.5,-97.5,261.19318
66.5,-96.5,260.9493
66.5,-95.5,260.4282
66.5,-94.5,260.30136
66.5,-93.5,260.06635
66.5,-92.5,260.0298
66.5,-91.5,259.57553
66.5,-90.5,259.96777
66.5,-89.5,259.9864
66.5,-88.5,260.31033
66.5,-87.5,260.67932
66.5,-86.5,260.57407
66.5,-85.5,260.2807
66.5,-84.5,261.14313
66.5,-83.5,261.59888
66.5,-73.5,262.93417
66.5,-72.5,262.97824
66.5,-71.5,263.00583
66.5,-69.5,261.28998
66.5,-68.5,260.65692
66.5,-67.5,259.74075
66.5,-66.5,256.98788
66.5,-65.5,255.00945
66.5,-64.5,256.12955
66.5,-63.5,257.0175
66.5,-62.5,261.29987
66.5,-52.5,261.66522
66.5,-51.5,259.83575
66.5,-50.5,261.659
66.5,-49.5,259.63083
66.5,-48.5,258.9031
66.5,-47.5,255.1046
66.5,-46.5,253.61781
66.5,-45.5,251.49207
66.5,-44.5,250.42088
66.5,-43.5,250.10463
66.5,-42.5,251.16483
66.5,-41.5,253.96567
66.5,-40.5,255.52705
66.5,-39.5,256.55762
66.5,-38.5,255.1525
66.5,-37.5,257.05518
66.5,-36.5,257.44156
66.5,-35.5,260.88202
66.5,13.5,275.90384
66.5,14.5,270.2735
66.5,15.5,269.1452
66.5,16.5,268.26855
66.5,17.5,269.78012
66.5,18.5,271.35092
66.5,19.5,271.17584
66.5,20.5,271.34766
66.5,21.5,272.53326
66.5,22.5,272.41812
66.5,23.5,272.70978
66.5,24.5,272.51022
66.5,25.5,272.44165
66.5,26.5,271.97556
66.5,27.5,272.11887
66.5,28.5,271.99185
66.5,29.5,271.83942
66.5,30.5,271.6373
66.5,31.5,272.28073
66.5,32.5,272.7227
66.5,33.5,273.29562
66.5,35.5,273.87183
66.5,36.5,273.11395
66.5,37.5,272.81482
66.5,38.5,272.3844
66.5,39.5,272.30536
66.5,40.5,272.5251
66.5,44.5,272.5847
66.5,45.5,271.62234
66.5,46.5,271.27112
66.5,47.5,270.99973
66.5,48.5,269.95358
66.5,49.5,270.05264
66.5,50.5,269.81628
66.5,51.5,269.90784
66.5,52.5,269.55676
66.5,53.5,269.87097
66.5,54.5,269.62994
66.5,55.5,269.68536
66.5,56.5,269.35623
66.5,57.5,268.89935
66.5,58.5,268.26172
66.5,59.5,267.8412
66.5,60.5,267.63126
66.5,61.5,267.46
66.5,62.5,266.3069
66.5,63.5,266.71597
66.5,64.5,265.3064
66.5,65.5,264.38016
66.5,66.5,265.2126
66.5,67.5,266.2593
66.5,68.5,266.60345
66.5,69.5,266.41794
66.5,70.5,266.53842
66.5,71.5,266.78195
66.5,73.5,266.22974
66.5,74.5,265.93857
66.5,75.5,265.81644
66.5,76.5,265.99152
66.5,77.5,266.00787
66.5,78.5,265.6533
66.5,79.5,265.86282
66.5,80.5,265.92773
66.5,81.5,265.80396
66.5,82.5,265.5882
66.5,83.5,265.46164
66.5,84.5,265.24115
66.5,85.5,265.03668
66.5,86.5,265.00067
66.5,87.5,264.6195
66.5,88.5,263.453
66.5,89.5,262.43726
66.5,90.5,262.1112
66.5,91.5,261.79892
66.5,92.5,260.68164
66.5,93.5,259.69968
66.5,94.5,259.37476
66.5,95.5,259.56274
66.5,96.5,258.61353
66.5,97.5,259.64935
66.5,98.5,259.31946
66.5,99.5,259.84073
66.5,100.5,260.03607
66.5,101.5,260.09277
66.5,102.5,261.05298
66.5,103.5,261.41452
66.5,104.5,261.0943
66.5,105.5,260.964
66.5,106.5,261.29962
66.5,107.5,261.32312
66.5,108.5,261.1747
66.5,109.5,260.79483
66.5,110.5,260.44812
66.5,111.5,260.90878
66.5,112.5,261.3574
66.5,113.5,261.08075
66.5,114.5,261.41577
66.5,115.5,261.7912
66.5,116.5,261.9392
66.5,117.5,261.772
66.5,118.5,261.47287
66.5,119.5,261.56546
66.5,120.5,261.10373
66.5,121.5,261.29214
66.5,122.5,261.6359
66.5,123.5,261.42416
66.5,124.5,261.06384
66.5,125.5,260.0424
66.5,126.5,259.30252
66.5,127.5,257.38977
66.5,128.5,255.544
66.5,129.5,255.48526
66.5,130.5,257.42776
66.5,131.5,257.9334
66.5,132.5,258.66757
66.5,133.5,258.4556
66.5,134.5,257.52283
66.5,135.5,258.11557
66.5,136.5,257.44992
66.5,137.5,258.5172
66.5,138.5,255.85825
66.5,139.5,254.12334
66.5,140.5,255.92639
66.5,141.5,255.97964
66.5,142.5,257.53522
66.5,143.5,258.35275
66.5,144.5,257.42172
66.5,145.5,257.8967
66.5,146.5,256.23453
66.5,147.5,257.37845
66.5,148.5,259.18488
66.5,149.5,259.8756
66.5,150.5,260.696
66.5,151.5,260.23206
66.5,152.5,259.6587
66.5,153.5,259.31683
66.5,154.5,258.6458
66.5,155.5,258.72058
66.5,156.5,259.37888
66.5,157.5,259.73862
66.5,158.5,259.49756
66.5,159.5,258.5486
66.5,160.5,258.97095
66.5,161.5,258.84146
66.5,162.5,258.49658
66.5,163.5,258.2963
66.5,164.5,258.87582
66.5,165.5,257.9636
66.5,166.5,257.25366
66.5,167.5,258.49838
66.5,168.5,259.61038
66.5,169.5,259.6762
66.5,170.5,259.16724
66.5,171.5,260.0955
66.5,172.5,260.8907
66.5,173.5,261.4274
66.5,174.5,261.33148
66.5,175.5,261.6214
66.5,176.5,261.606
66.5,177.5,262.38303
66.5,178.5,262.7372
66.5,179.5,263.81268
67.5,-179.5,259.97308
67.5,-178.5,260.99902
67.5,-177.5,262.48654
67.5,-176.5,264.01282
67.5,-175.5,265.2285
67.5,-163.5,266.55417
67.5,-162.5,265.82083
67.5,-161.5,265.73163
67.5,-160.5,264.99368
67.5,-159.5,265.1945
67.5,-158.5,265.49484
67.5,-157.5,264.8625
67.5,-156.5,264.3728
67.5,-155.5,263.86462
67.5,-154.5,262.6364
67.5,-153.5,262.22998
67.5,-152.5,262.82584
67.5,-151.5,262.54016
67.5,-150.5,262.07495
67.5,-149.5,261.16476
67.5,-148.5,261.8268
67.5,-147.5,263.28625
67.5,-146.5,264.23483
67.5,-145.5,264.9797
67.5,-144.5,265.20593
67.5,-143.5,265.2893
67.5,-142.5,264.47653
67.5,-141.5,263.92258
67.5,-140.5,263.18738
67.5,-139.5,263.226
67.5,-138.5,263.34723
67.5,-137.5,262.52988
67.5,-136.5,263.58942
67.5,-135.5,263.9204
67.5,-134.5,264.5901
67.5,-133.5,265.2723
67.5,-132.5,265.10834
67.5,-131.5,264.5683
67.5,-130.5,264.82135
67.5,-129.5,264.74902
67.5,-128.5,265.20135
67.5,-127.5,264.91833
67.5,-126.5,264.8989
67.5,-125.5,264.63455
67.5,-124.5,264.2003
67.5,-123.5,263.3883
67.5,-122.5,263.07162
67.5,-121.5,262.89474
67.5,-120.5,262.71002
67.5,-119.5,262.6233
67.5,-118.5,262.49097
67.5,-117.5,261.45767
67.5,-116.5,261.34088
67.5,-115.5,261.30594
67.5,-114.5,262.86502
67.5,-113.5,263.3519
67.5,-112.5,263.28915
67.5,-111.5,262.80505
67.5,-110.5,263.3514
67.5,-109.5,263.25278
67.5,-107.5,262.9657
67.5,-106.5,262.1953
67.5,-105.5,261.71133
67.5,-104.5,261.71695
67.5,-103.5,261.92776
67.5,-102.5,262.0331
67.5,-101.5,262.12546
67.5,-100.5,262.1052
67.5,-99.5,261.8656
67.5,-98.5,261.5599
67.5,-97.5,261.41522
67.5,-96.5,261.61963
67.5,-95.5,261.05164
67.5,-94.5,260.19785
67.5,-93.5,259.47098
67.5,-92.5,259.55887
67.5,-91.5,259.26
67.5,-90.5,259.354
67.5,-89.5,259.0736
67.5,-88.5,260.24042
67.5,-86.5,259.1313
67.5,-85.5,259.45334
67.5,-84.5,259.24246
67.5,-83.5,259.3808
67.5,-82.5,260.6218
67.5,-76.5,262.1786
67.5,-75.5,262.62787
67.5,-71.5,261.15753
67.5,-70.5,260.15936
67.5,-69.5,259.60385
67.5,-68.5,259.18475
67.5,-67.5,256.86877
67.5,-66.5,255.64043
67.5,-65.5,254.10248
67.5,-64.5,256.29926
67.5,-53.5,266.03137
67.5,-52.5,262.9506
67.5,-51.5,262.4949
67.5,-50.5,262.7714
67.5,-49.5,259.08655
67.5,-48.5,258.65033
67.5,-47.5,256.7656
67.5,-46.5,254.78677
67.5,-45.5,251.99614
67.5,-44.5,250.80742
67.5,-43.5,250.00444
67.5,-42.5,249.86903
67.5,-41.5,250.01904
67.5,-40.5,250.6667
67.5,-39.5,250.90637
67.5,-38.5,250.8301
67.5,-37.5,250.50359
67.5,-36.5,250.41492
67.5,-35.5,253.03804
67.5,-34.5,256.1638
67.5,-33.5,259.8599
67.5,15.5,272.12555
67.5,16.5,268.2076
67.5,17.5,268.41782
67.5,18.5,266.9687
67.5,19.5,268.84647
67.5,20.5,270.73804
67.5,21.5,271.12555
67.5,22.5,271.16562
67.5,23.5,270.93484
67.5,24.5,270.86285
67.5,25.5,270.89407
67.5,26.5,270.88812
67.5,27.5,270.91895
67.5,28.5,270.65836
67.5,29.5,270.90292
67.5,30.5,270.46744
67.5,31.5,270.07434
67.5,32.5,270.2007
67.5,33.5,270.18436
67.5,34.5,270.21317
67.5,35.5,270.93494
67.5,36.5,270.57352
67.5,37.5,271.22592
67.5,38.5,271.55334
67.5,39.5,272.13373
67.5,40.5,272.99695
67.5,44.5,272.88098
67.5,48.5,271.21558
67.5,49.5,270.55054
67.5,50.5,270.12103
67.5,51.5,269.99182
67.5,52.5,270.05408
67.5,53.5,269.81516
67.5,54.5,269.5172
67.5,55.5,269.09445
67.5,56.5,268.70697
67.5,57.5,268.50235
67.5,58.5,268.1301
67.5,59.5,268.06464
67.5,60.5,267.67084
67.5,61.5,267.3556
67.5,62.5,266.93613
67.5,63.5,266.54846
67.5,64.5,264.97928
67.5,65.5,263.35373
67.5,66.5,263.47525
67.5,67.5,264.447
67.5,68.5,265.96616
67.5,69.5,266.0768
67.5,70.5,266.28354
67.5,71.5,266.6185
67.5,72.5,266.6688
67.5,74.5,266.35638
67.5,75.5,265.85748
67.5,76.5,265.7682
67.5,77.5,265.70407
67.5,78.5,265.27823
67.5,79.5,265.1432
67.5,80.5,265.10406
67.5,81.5,265.00528
67.5,82.5,264.83835
67.5,83.5,264.79584
67.5,84.5,264.74048
67.5,85.5,264.44147
67.5,86.5,264.153
67.5,87.5,263.8233
67.5,88.5,262.9247
67.5,89.5,261.944
67.5,90.5,260.67102
67.5,91.5,259.02
67.5,92.5,259.00024
67.5,93.5,258.58368
67.5,94.5,258.48547
67.5,95.5,257.65555
67.5,96.5,257.8232
67.5,97.5,257.58755
67.5,98.5,259.03085
67.5,99.5,258.8941
67.5,100.5,259.87656
67.5,101.5,261.2162
67.5,102.5,262.0216
67.5,103.5,261.7601
67.5,104.5,262.13422
67.5,105.5,262.07477
67.5,106.5,261.56146
67.5,107.5,261.7936
67.5,108.5,261.73083
67.5,109.5,261.30817
67.5,110.5,260.67252
67.5,111.5,260.9132
67.5,112.5,260.93054
67.5,113.5,260.94626
67.5,114.5,261.2489
67.5,115.5,261.2012
67.5,116.5,261.26376
67.5,117.5,261.2492
67.5,118.5,261.0377
67.5,119.5,260.7024
67.5,120.5,260.82278
67.5,121.5,260.8714
67.5,122.5,260.85995
67.5,123.5,260.81982
67.5,124.5,260.2704
67.5,125.5,260.08472
67.5,126.5,258.22217
67.5,127.5,258.00192
67.5,128.5,255.65778
67.5,129.5,255.51166
67.5,130.5,257.1861
67.5,131.5,258.24054
67.5,132.5,257.66846
67.5,133.5,257.82175
67.5,134.5,257.80118
67.5,135.5,257.5083
67.5,136.5,257.6952
67.5,137.5,256.916
67.5,138.5,255.39674
67.5,139.5,255.56508
67.5,140.5,255.81178
67.5,141.5,258.99774
67.5,142.5,258.33063
67.5,143.5,256.9446
67.5,144.5,257.1504
67.5,145.5,258.58463
67.5,146.5,259.1415
67.5,147.5,258.727
67.5,148.5,258.76456
67.5,149.5,259.34506
67.5,150.5,260.43198
67.5,151.5,260.4154
67.5,152.5,260.40875
67.5,153.5,260.06534
67.5,154.5,259.9937
67.5,155.5,260.03915
67.5,156.5,259.90356
67.5,157.5,259.73297
67.5,158.5,259.38278
67.5,159.5,259.82663
67.5,160.5,260.8141
67.5,161.5,259.77283
67.5,162.5,259.80008
67.5,163.5,259.7106
67.5,164.5,259.42953
67.5,165.5,258.41925
67.5,166.5,257.75916
67.5,167.5,257.4622
67.5,168.5,258.43347
67.5,169.5,260.0885
67.5,170.5,260.21854
67.5,171.5,260.19818
67.5,172.5,260.03757
67.5,173.5,259.8501
67.5,174.5,260.61514
67.5,175.5,260.39008
67.5,176.5,259.21707
67.5,177.5,259.2673
67.5,178.5,260.14124
67.5,179.5,260.30072
68.5,-179.5,260.55573
68.5,-178.5,262.3741
68.5,-165.5,266.66302
68.5,-164.5,266.052
68.5,-163.5,265.1195
68.5,-162.5,264.986
68.5,-161.5,263.71234
68.5,-160.5,263.32138
68.5,-159.5,262.74124
68.5,-158.5,263.46378
68.5,-157.5,262.9741
68.5,-156.5,261.29346
68.5,-155.5,261.07602
68.5,-154.5,261.0499
68.5,-153.5,260.43103
68.5,-152.5,260.54352
68.5,-151.5,261.01416
68.5,-150.5,260.92825
68.5,-149.5,261.108
68.5,-148.5,262.6797
68.5,-147.5,262.08133
68.5,-146.5,260.96182
68.5,-145.5,260.01517
68.5,-144.5,259.6707
68.5,-143.5,260.22958
68.5,-142.5,259.8888
68.5,-141.5,260.75604
68.5,-140.5,261.34332
68.5,-139.5,262.5685
68.5,-138.5,263.75626
68.5,-137.5,263.2111
68.5,-136.5,263.16895
68.5,-135.5,264.31244
68.5,-134.5,264.61804
68.5,-133.5,264.49673
68.5,-132.5,264.7279
68.5,-131.5,264.893
68.5,-130.5,264.49564
68.5,-129.5,264.3084
68.5,-128.5,264.16464
68.5,-127.5,263.95767
68.5,-126.5,263.826
68.5,-125.5,263.6732
68.5,-124.5,263.14096
68.5,-123.5,262.62225
68.5,-122.5,262.17383
68.5,-121.5,261.86765
68.5,-120.5,261.74316
68.5,-119.5,262.3315
68.5,-118.5,262.905
68.5,-117.5,262.9126
68.5,-116.5,263.02438
68.5,-115.5,263.06256
68.5,-106.5,261.35745
68.5,-105.5,261.58115
68.5,-97.5,260.83945
68.5,-96.5,261.2553
68.5,-93.5,259.41428
68.5,-92.5,258.8802
68.5,-91.5,259.66507
68.5,-90.5,260.37064
68.5,-89.5,260.39316
68.5,-88.5,260.76093
68.5,-85.5,258.74384
68.5,-84.5,258.57513
68.5,-83.5,259.0608
68.5,-82.5,260.1968
68.5,-73.5,260.12296
68.5,-72.5,258.95813
68.5,-71.5,257.49524
68.5,-70.5,257.2551
68.5,-69.5,257.07993
68.5,-68.5,256.8298
68.5,-50.5,262.73495
68.5,-49.5,259.71564
68.5,-48.5,258.4708
68.5,-47.5,256.15683
68.5,-46.5,254.58527
68.5,-45.5,251.7725
68.5,-44.5,250.36406
68.5,-43.5,249.36546
68.5,-42.5,249.08289
68.5,-41.5,248.33237
68.5,-40.5,247.65163
68.5,-39.5,247.29897
68.5,-38.5,247.05653
68.5,-37.5,247.30373
68.5,-36.5,247.695
68.5,-35.5,250.08075
68.5,-34.5,253.70929
68.5,-33.5,256.64584
68.5,-32.5,253.35599
68.5,-31.5,258.4526
68.5,-30.5,257.41275
68.5,15.5,277.44226
68.5,16.5,273.07184
68.5,17.5,269.35132
68.5,18.5,267.83823
68.5,19.5,268.9896
68.5,20.5,268.56442
68.5,21.5,269.35663
68.5,22.5,269.7354
68.5,23.5,270.2488
68.5,24.5,270.58542
68.5,25.5,270.6047
68.5,26.5,271.0576
68.5,27.5,271.41083
68.5,28.5,270.71677
68.5,29.5,270.19696
68.5,30.5,269.98273
68.5,31.5,269.50787
68.5,32.5,270.05655
68.5,33.5,270.15668
68.5,34.5,270.78152
68.5,35.5,271.27377
68.5,36.5,272.03375
68.5,37.5,272.96268
68.5,52.5,270.59457
68.5,53.5,270.44296
68.5,55.5,269.55035
68.5,56.5,269.14587
68.5,57.5,268.76968
68.5,58.5,268.51495
68.5,59.5,267.9835
68.5,60.5,267.72815
68.5,61.5,266.7335
68.5,62.5,266.39615
68.5,63.5,266.47467
68.5,64.5,266.19202
68.5,65.5,265.27676
68.5,66.5,264.8265
68.5,67.5,265.52698
68.5,69.5,266.0819
68.5,70.5,265.87943
68.5,71.5,265.82574
68.5,72.5,265.8314
68.5,75.5,265.79892
68.5,76.5,265.52167
68.5,78.5,264.86453
68.5,79.5,264.47354
68.5,80.5,264.50455
68.5,81.5,264.32254
68.5,82.5,264.10284
68.5,83.5,264.00067
68.5,84.5,264.0688
68.5,85.5,263.9775
68.5,86.5,263.75952
68.5,87.5,263.37595
68.5,88.5,261.50577
68.5,89.5,261.26328
68.5,90.5,260.6411
68.5,91.5,258.2642
68.5,92.5,257.8593
68.5,93.5,256.20258
68.5,94.5,255.40674
68.5,95.5,256.3186
68.5,96.5,257.22803
68.5,97.5,256.32672
68.5,98.5,257.68643
68.5,99.5,259.0684
68.5,100.5,259.24915
68.5,101.5,260.72934
68.5,102.5,261.35318
68.5,103.5,261.6346
68.5,104.5,261.52432
68.5,105.5,261.20648
68.5,106.5,261.09537
68.5,107.5,260.7677
68.5,108.5,260.50992
68.5,109.5,260.32468
68.5,110.5,260.2915
68.5,111.5,259.73547
68.5,112.5,259.49323
68.5,113.5,259.83698
68.5,114.5,260.1325
68.5,115.5,260.14767
68.5,116.5,260.2995
68.5,117.5,260.2112
68.5,118.5,260.6007
68.5,119.5,260.3742
68.5,120.5,260.44867
68.5,121.5,260.08594
68.5,122.5,260.20877
68.5,123.5,260.0325
68.5,124.5,259.8631
68.5,125.5,259.53995
68.5,126.5,257.6759
68.5,127.5,256.54086
68.5,128.5,255.55504
68.5,129.5,254.5598
68.5,130.5,256.3697
68.5,131.5,258.6074
68.5,132.5,257.54028
68.5,133.5,257.65475
68.5,134.5,258.29532
68.5,135.5,257.3196
68.5,136.5,257.25583
68.5,137.5,257.68326
68.5,138.5,258.20578
68.5,139.5,256.32648
68.5,140.5,257.34018
68.5,141.5,256.87723
68.5,142.5,257.53854
68.5,143.5,258.41455
68.5,144.5,259.05988
68.5,145.5,259.12827
68.5,146.5,259.04208
68.5,147.5,259.1646
68.5,148.5,258.9823
68.5,149.5,259.6139
68.5,150.5,260.03818
68.5,151.5,260.22775
68.5,152.5,260.29306
68.5,153.5,260.02692
68.5,154.5,260.36533
68.5,155.5,260.63968
68.5,156.5,260.631
68.5,157.5,260.42136
68.5,158.5,260.44547
68.5,159.5,260.63983
68.5,160.5,260.8078
68.5,161.5,260.5868
68.5,162.5,260.46634
68.5,163.5,259.60672
68.5,164.5,258.5508
68.5,165.5,258.5383
68.5,166.5,258.68762
68.5,167.5,258.31378
68.5,168.5,258.2306
68.5,169.5,258.84525
68.5,170.5,259.69296
68.5,171.5,260.0561
68.5,172.5,258.98938
68.5,173.5,259.56265
68.5,174.5,258.72345
68.5,175.5,259.35126
68.5,176.5,258.48932
68.5,177.5,258.58087
68.5,178.5,259.13428
68.5,179.5,260.1741
69.5,-162.5,264.7514
69.5,-161.5,263.8909
69.5,-160.5,263.1266
69.5,-159.5,262.68362
69.5,-158.5,262.60162
69.5,-157.5,262.41043
69.5,-156.5,262.1887
69.5,-155.5,262.238
69.5,-154.5,262.3185
69.5,-153.5,262.45325
69.5,-152.5,262.23486
69.5,-151.5,262.04465
69.5,-150.5,262.43
69.5,-149.5,262.51093
69.5,-148.5,262.15106
69.5,-147.5,262.0877
69.5,-146.5,262.23947
69.5,-145.5,262.71564
69.5,-144.5,261.1267
69.5,-143.5,259.83313
69.5,-142.5,260.66006
69.5,-141.5,260.60495
69.5,-140.5,261.50827
69.5,-139.5,261.89886
69.5,-131.5,264.87616
69.5,-130.5,264.6183
69.5,-129.5,264.02795
69.5,-128.5,263.52948
69.5,-127.5,263.33383
69.5,-126.5,263.53372
69.5,-124.5,262.9735
69.5,-122.5,263.2758
69.5,-121.5,262.62262
69.5,-115.5,261.89514
69.5,-114.5,261.28137
69.5,-113.5,261.40845
69.5,-112.5,261.5927
69.5,-111.5,261.35916
69.5,-110.5,261.28595
69.5,-109.5,261.0171
69.5,-108.5,260.6938
69.5,-107.5,260.69403
69.5,-106.5,260.54816
69.5,-105.5,260.52084
69.5,-104.5,260.3842
69.5,-103.5,260.63644
69.5,-102.5,261.086
69.5,-97.5,260.25153
69.5,-93.5,259.17508
69.5,-92.5,259.51028
69.5,-91.5,260.18948
69.5,-84.5,259.48932
69.5,-83.5,259.73392
69.5,-82.5,260.22836
69.5,-76.5,259.8127
69.5,-75.5,257.8356
69.5,-74.5,257.53384
69.5,-73.5,255.67732
69.5,-72.5,255.51952
69.5,-71.5,256.21213
69.5,-70.5,254.39706
69.5,-69.5,254.12352
69.5,-68.5,256.7123
69.5,-67.5,259.39163
69.5,-53.5,261.54108
69.5,-50.5,263.71973
69.5,-49.5,260.17044
69.5,-48.5,258.56885
69.5,-47.5,254.98793
69.5,-46.5,253.25154
69.5,-45.5,250.92882
69.5,-44.5,249.91275
69.5,-43.5,248.86026
69.5,-42.5,248.21202
69.5,-41.5,247.40451
69.5,-40.5,246.97968
69.5,-39.5,246.44637
69.5,-38.5,245.93271
69.5,-37.5,245.7843
69.5,-36.5,245.94698
69.5,-35.5,247.51468
69.5,-34.5,249.48679
69.5,-33.5,250.98724
69.5,-32.5,250.90337
69.5,-31.5,250.86653
69.5,-30.5,251.40155
69.5,-29.5,253.12543
69.5,-28.5,254.36076
69.5,-27.5,255.01251
69.5,-26.5,255.66559
69.5,-25.5,258.4279
69.5,18.5,273.85126
69.5,19.5,271.7646
69.5,20.5,269.94324
69.5,21.5,270.05453
69.5,22.5,269.6936
69.5,23.5,270.0399
69.5,24.5,269.7942
69.5,25.5,269.60052
69.5,26.5,270.24988
69.5,27.5,271.2564
69.5,28.5,271.44635
69.5,29.5,271.74408
69.5,30.5,272.31717
69.5,31.5,272.4359
69.5,32.5,272.57703
69.5,61.5,267.49115
69.5,62.5,267.09543
69.5,63.5,267.2078
69.5,68.5,266.30127
69.5,69.5,265.76068
69.5,70.5,265.52924
69.5,71.5,265.4885
69.5,72.5,265.74777
69.5,74.5,265.53333
69.5,75.5,265.01007
69.5,76.5,264.8484
69.5,77.5,264.69672
69.5,78.5,264.2441
69.5,79.5,263.90033
69.5,80.5,263.92062
69.5,81.5,263.8293
69.5,82.5,263.67166
69.5,83.5,263.61865
69.5,84.5,263.30084
69.5,85.5,263.35364
69.5,86.5,263.30447
69.5,87.5,262.90112
69.5,88.5,261.6284
69.5,89.5,260.28122
69.5,90.5,259.47037
69.5,91.5,257.52057
69.5,92.5,257.15707
69.5,93.5,256.94894
69.5,94.5,257.54877
69.5,95.5,258.73547
69.5,96.5,258.70578
69.5,97.5,257.68872
69.5,98.5,258.25806
69.5,99.5,258.81418
69.5,100.5,259.88864
69.5,101.5,260.01407
69.5,102.5,260.15414
69.5,103.5,260.2268
69.5,104.5,260.22272
69.5,105.5,259.69553
69.5,106.5,258.9148
69.5,107.5,258.141
69.5,108.5,257.57166
69.5,109.5,257.6126
69.5,110.5,259.02075
69.5,111.5,259.5378
69.5,112.5,259.991
69.5,113.5,259.9195
69.5,114.5,260.1011
69.5,115.5,260.1463
69.5,116.5,260.20004
69.5,117.5,259.78232
69.5,118.5,259.6598
69.5,119.5,259.95447
69.5,120.5,259.86655
69.5,121.5,259.65933
69.5,122.5,259.5717
69.5,123.5,259.6556
69.5,124.5,259.58688
69.5,125.5,259.32605
69.5,126.5,258.77347
69.5,127.5,258.0905
69.5,128.5,256.3495
69.5,129.5,255.59988
69.5,130.5,255.94781
69.5,131.5,257.14093
69.5,132.5,258.13007
69.5,133.5,257.60724
69.5,134.5,257.0552
69.5,135.5,258.7294
69.5,136.5,258.4969
69.5,137.5,258.07727
69.5,138.5,257.5085
69.5,139.5,256.2796
69.5,140.5,255.99232
69.5,141.5,257.0722
69.5,142.5,258.11795
69.5,143.5,258.18433
69.5,144.5,258.79987
69.5,145.5,258.85767
69.5,146.5,258.82584
69.5,147.5,258.4293
69.5,148.5,258.1061
69.5,149.5,258.33008
69.5,150.5,258.41873
69.5,151.5,258.65146
69.5,152.5,258.8414
69.5,153.5,258.9931
69.5,154.5,259.32068
69.5,155.5,259.5552
69.5,156.5,259.70013
69.5,157.5,259.8624
69.5,158.5,260.0215
69.5,159.5,260.34885
69.5,162.5,259.7828
69.5,163.5,259.9164
69.5,164.5,258.6456
69.5,165.5,258.3442
69.5,167.5,260.74094
69.5,168.5,261.42395
69.5,171.5,260.50415
69.5,172.5,260.3195
69.5,173.5,259.4358
69.5,174.5,259.68964
69.5,175.5,260.10352
69.5,176.5,260.82513
69.5,177.5,260.44562
70.5,-159.5,264.52164
70.5,-158.5,264.11157
70.5,-157.5,263.8161
70.5,-156.5,263.69305
70.5,-155.5,263.70578
70.5,-154.5,263.80267
70.5,-153.5,263.7112
70.5,-152.5,263.62982
70.5,-116.5,260.55252
70.5,-115.5,259.4489
70.5,-114.5,259.56168
70.5,-113.5,259.82324
70.5,-112.5,259.5903
70.5,-111.5,259.6293
70.5,-110.5,259.85248
70.5,-109.5,259.87173
70.5,-108.5,260.1156
70.5,-107.5,259.95163
70.5,-106.5,260.03046
70.5,-105.5,259.97803
70.5,-104.5,260.37964
70.5,-103.5,260.30573
70.5,-95.5,257.93665
70.5,-94.5,258.25873
70.5,-93.5,258.5864
70.5,-92.5,258.4918
70.5,-87.5,259.12344
70.5,-86.5,258.2537
70.5,-85.5,258.13083
70.5,-84.5,257.6166
70.5,-83.5,257.76877
70.5,-82.5,259.19916
70.5,-81.5,259.65076
70.5,-80.5,259.91953
70.5,-79.5,259.0099
70.5,-78.5,258.5968
70.5,-77.5,258.01083
70.5,-76.5,257.3391
70.5,-75.5,257.02988
70.5,-74.5,254.9665
70.5,-73.5,251.94589
70.5,-72.5,252.65662
70.5,-71.5,254.21938
70.5,-70.5,254.50194
70.5,-69.5,255.42105
70.5,-53.5,263.28958
70.5,-52.5,264.12442
70.5,-51.5,258.95
70.5,-50.5,259.2605
70.5,-49.5,258.5569
70.5,-48.5,257.09174
70.5,-47.5,253.2111
70.5,-46.5,251.23866
70.5,-45.5,250.02089
70.5,-44.5,249.3607
70.5,-43.5,248.13649
70.5,-42.5,247.53476
70.5,-41.5,246.92508
70.5,-40.5,246.33754
70.5,-39.5,245.64926
70.5,-38.5,245.05936
70.5,-37.5,244.66191
70.5,-36.5,244.66304
70.5,-35.5,245.49626
70.5,-34.5,246.03374
70.5,-33.5,246.76173
70.5,-32.5,248.02626
70.5,-31.5,251.69304
70.5,-30.5,253.55432
70.5,-29.5,252.5049
70.5,-28.5,250.19342
70.5,-27.5,254.56271
70.5,-23.5,262.28085
70.5,23.5,273.87415
70.5,24.5,272.95096
70.5,25.5,272.0552
70.5,26.5,272.02155
70.5,27.5,272.17593
70.5,28.5,272.58047
70.5,29.5,274.139
70.5,67.5,266.5982
70.5,68.5,265.61816
70.5,69.5,265.27914
70.5,70.5,265.28763
70.5,71.5,265.33127
70.5,72.5,265.4356
70.5,74.5,265.0001
70.5,75.5,264.4746
70.5,76.5,264.0534
70.5,77.5,264.04926
70.5,78.5,263.93384
70.5,79.5,263.70853
70.5,80.5,263.37628
70.5,81.5,263.48334
70.5,82.5,263.68036
70.5,83.5,263.4517
70.5,84.5,263.12778
70.5,85.5,262.6131
70.5,86.5,262.61142
70.5,87.5,262.86823
70.5,88.5,262.2791
70.5,89.5,261.27032
70.5,90.5,260.65808
70.5,91.5,260.382
70.5,92.5,259.98233
70.5,93.5,260.13858
70.5,94.5,259.77554
70.5,95.5,260.10416
70.5,96.5,259.83722
70.5,97.5,259.95816
70.5,98.5,260.0374
70.5,99.5,260.7544
70.5,100.5,260.5947
70.5,101.5,259.89755
70.5,102.5,259.56772
70.5,103.5,259.0552
70.5,104.5,258.50098
70.5,105.5,258.17484
70.5,106.5,258.19775
70.5,107.5,258.22583
70.5,108.5,258.0656
70.5,109.5,258.13248
70.5,110.5,259.07462
70.5,111.5,259.19626
70.5,112.5,259.67078
70.5,113.5,259.8112
70.5,114.5,259.76233
70.5,115.5,259.7788
70.5,116.5,259.89227
70.5,117.5,259.91776
70.5,118.5,259.7108
70.5,119.5,259.2964
70.5,120.5,258.83453
70.5,121.5,258.69724
70.5,122.5,258.236
70.5,123.5,258.26093
70.5,124.5,258.55368
70.5,125.5,259.03894
70.5,126.5,258.7414
70.5,127.5,257.6349
70.5,128.5,257.1749
70.5,129.5,256.80832
70.5,130.5,257.3883
70.5,131.5,258.1334
70.5,132.5,259.0905
70.5,133.5,258.76276
70.5,134.5,258.51404
70.5,135.5,258.5931
70.5,136.5,258.77423
70.5,137.5,258.82983
70.5,138.5,258.87634
70.5,139.5,258.81015
70.5,140.5,258.7858
70.5,141.5,258.80316
70.5,142.5,258.89905
70.5,143.5,258.96298
70.5,144.5,259.20627
70.5,145.5,259.17023
70.5,146.5,259.2979
70.5,147.5,258.90842
70.5,148.5,258.28687
70.5,149.5,258.06033
70.5,150.5,258.44254
70.5,151.5,258.93896
70.5,152.5,259.0549
70.5,153.5,259.41367
70.5,154.5,259.63443
70.5,155.5,259.733
70.5,156.5,259.83032
70.5,157.5,259.89014
70.5,158.5,260.14014
70.5,159.5,260.4983
71.5,-179.5,262.00308
71.5,-178.5,262.68307
71.5,-123.5,261.2169
71.5,-122.5,260.54578
71.5,-121.5,260.70776
71.5,-117.5,259.7316
71.5,-116.5,259.41617
71.5,-115.5,257.97272
71.5,-114.5,258.6222
71.5,-113.5,258.82687
71.5,-112.5,258.30435
71.5,-111.5,258.37598
71.5,-110.5,258.99838
71.5,-109.5,259.6828
71.5,-108.5,259.75504
71.5,-107.5,259.52963
71.5,-106.5,259.19955
71.5,-105.5,259.8855
71.5,-98.5,259.0855
71.5,-95.5,257.50253
71.5,-94.5,257.86194
71.5,-93.5,258.6269
71.5,-89.5,258.66998
71.5,-88.5,258.59058
71.5,-87.5,258.57858
71.5,-86.5,259.29562
71.5,-85.5,259.16516
71.5,-84.5,257.95145
71.5,-83.5,256.91458
71.5,-82.5,257.0005
71.5,-81.5,257.24
71.5,-80.5,257.02032
71.5,-79.5,256.84146
71.5,-78.5,256.75696
71.5,-77.5,255.29332
71.5,-76.5,252.87148
71.5,-75.5,253.29626
71.5,-74.5,255.97552
71.5,-72.5,255.07668
71.5,-54.5,261.11148
71.5,-51.5,256.56003
71.5,-50.5,255.79045
71.5,-49.5,254.69261
71.5,-48.5,253.4857
71.5,-47.5,250.75154
71.5,-46.5,249.56148
71.5,-45.5,248.81033
71.5,-44.5,248.23561
71.5,-43.5,247.19644
71.5,-42.5,246.61223
71.5,-41.5,246.02434
71.5,-40.5,245.37617
71.5,-39.5,244.60399
71.5,-38.5,244.07382
71.5,-37.5,243.85555
71.5,-36.5,243.97066
71.5,-35.5,244.89325
71.5,-34.5,245.62923
71.5,-33.5,246.36877
71.5,-32.5,247.37076
71.5,-31.5,250.54681
71.5,-30.5,252.99203
71.5,-29.5,255.25928
71.5,-28.5,252.78423
71.5,-27.5,251.9188
71.5,-26.5,250.38168
71.5,-24.5,256.87604
71.5,-23.5,262.02814
71.5,-22.5,260.7569
71.5,52.5,269.77026
71.5,53.5,268.11417
71.5,54.5,267.30872
71.5,55.5,267.8537
71.5,68.5,265.48135
71.5,69.5,264.8281
71.5,70.5,264.6401
71.5,71.5,264.8559
71.5,74.5,264.48376
71.5,76.5,264.1949
71.5,77.5,264.19122
71.5,78.5,263.94012
71.5,79.5,263.49216
71.5,80.5,263.08398
71.5,81.5,263.23322
71.5,82.5,263.63635
71.5,83.5,263.12488
71.5,84.5,262.38348
71.5,85.5,262.079
71.5,86.5,261.98828
71.5,87.5,261.96228
71.5,88.5,261.76773
71.5,89.5,261.8236
71.5,90.5,261.66284
71.5,91.5,261.37173
71.5,92.5,261.21457
71.5,93.5,261.08792
71.5,94.5,261.0167
71.5,95.5,261.1875
71.5,96.5,261.1057
71.5,97.5,261.1123
71.5,98.5,261.3179
71.5,99.5,261.32785
71.5,100.5,261.09445
71.5,101.5,260.80243
71.5,102.5,260.23666
71.5,103.5,260.11542
71.5,104.5,259.28314
71.5,105.5,259.20908
71.5,106.5,259.16205
71.5,107.5,259.43973
71.5,108.5,259.03238
71.5,109.5,258.80832
71.5,110.5,258.85757
71.5,111.5,258.90012
71.5,112.5,259.26187
71.5,113.5,259.3687
71.5,114.5,259.06183
71.5,115.5,259.04562
71.5,116.5,259.10144
71.5,117.5,259.27963
71.5,118.5,258.95468
71.5,119.5,259.05496
71.5,120.5,259.0287
71.5,121.5,258.84036
71.5,122.5,258.79733
71.5,123.5,258.3971
71.5,124.5,258.03452
71.5,125.5,257.74554
71.5,126.5,258.13965
71.5,127.5,258.48303
71.5,128.5,258.53146
71.5,132.5,260.66855
71.5,138.5,260.47873
71.5,139.5,260.27057
71.5,140.5,259.63507
71.5,141.5,259.11588
71.5,142.5,259.15836
71.5,143.5,259.21478
71.5,144.5,259.28955
71.5,145.5,259.51093
71.5,146.5,259.49982
71.5,147.5,259.2621
71.5,148.5,259.37143
71.5,149.5,259.66177
72.5,-124.5,260.8502
72.5,-123.5,259.50244
72.5,-122.5,259.34995
72.5,-121.5,259.56885
72.5,-120.5,259.6674
72.5,-119.5,259.9067
72.5,-117.5,258.85144
72.5,-116.5,258.35675
72.5,-115.5,257.99353
72.5,-114.5,258.0905
72.5,-113.5,258.7908
72.5,-112.5,259.2665
72.5,-111.5,258.57138
72.5,-110.5,257.69067
72.5,-109.5,259.27264
72.5,-107.5,259.3931
72.5,-106.5,259.13217
72.5,-105.5,259.60254
72.5,-100.5,259.13156
72.5,-99.5,258.42886
72.5,-98.5,258.11642
72.5,-97.5,258.36038
72.5,-94.5,257.4758
72.5,-89.5,258.05994
72.5,-88.5,257.16086
72.5,-87.5,258.09964
72.5,-86.5,258.6794
72.5,-84.5,256.37146
72.5,-83.5,255.3644
72.5,-82.5,255.64548
72.5,-81.5,256.74084
72.5,-80.5,257.89655
72.5,-79.5,256.12872
72.5,-78.5,253.9731
72.5,-77.5,253.99051
72.5,-76.5,253.33044
72.5,-54.5,259.50708
72.5,-53.5,257.8619
72.5,-52.5,257.0739
72.5,-51.5,253.68257
72.5,-50.5,252.69946
72.5,-49.5,251.69096
72.5,-48.5,250.79842
72.5,-47.5,248.99237
72.5,-46.5,248.30518
72.5,-45.5,247.65955
72.5,-44.5,246.91727
72.5,-43.5,246.04807
72.5,-42.5,245.64772
72.5,-41.5,245.09126
72.5,-40.5,244.46199
72.5,-39.5,243.85211
72.5,-38.5,243.67561
72.5,-37.5,243.73105
72.5,-36.5,243.95428
72.5,-35.5,244.8022
72.5,-34.5,245.51237
72.5,-33.5,246.13878
72.5,-32.5,247.34811
72.5,-31.5,249.6798
72.5,-30.5,251.18651
72.5,-29.5,252.95438
72.5,-28.5,252.44049
72.5,-27.5,251.72145
72.5,-26.5,253.06976
72.5,-25.5,254.84041
72.5,-23.5,261.3569
72.5,53.5,266.40173
72.5,54.5,265.22394
72.5,55.5,266.28296
72.5,69.5,264.94077
72.5,70.5,264.5672
72.5,71.5,264.5659
72.5,72.5,264.8858
72.5,81.5,262.74945
72.5,82.5,262.15744
72.5,83.5,261.63303
72.5,84.5,261.21017
72.5,85.5,261.2589
72.5,86.5,261.22675
72.5,87.5,261.45395
72.5,88.5,261.07645
72.5,89.5,260.9515
72.5,90.5,260.9663
72.5,91.5,260.7178
72.5,92.5,260.57666
72.5,93.5,260.46188
72.5,94.5,260.23093
72.5,95.5,260.1719
72.5,96.5,260.42728
72.5,97.5,260.20804
72.5,98.5,260.19434
72.5,99.5,260.78397
72.5,100.5,260.35922
72.5,101.5,260.16403
72.5,102.5,260.23267
72.5,103.5,260.13513
72.5,104.5,259.87878
72.5,105.5,259.89365
72.5,106.5,259.80066
72.5,107.5,259.76596
72.5,108.5,259.59464
72.5,109.5,259.61154
72.5,110.5,259.62927
72.5,111.5,259.62186
72.5,112.5,259.57434
72.5,113.5,259.65195
72.5,114.5,259.65723
72.5,115.5,259.6529
72.5,116.5,259.3612
72.5,117.5,259.2702
72.5,118.5,259.25027
72.5,119.5,259.3046
72.5,120.5,259.1179
72.5,121.5,259.0719
72.5,122.5,258.88654
72.5,123.5,258.9823
72.5,124.5,258.54922
72.5,125.5,258.76544
72.5,126.5,259.5031
72.5,127.5,259.6654
72.5,128.5,260.30627
72.5,141.5,259.70346
72.5,142.5,259.62122
72.5,143.5,259.69406
73.5,-123.5,258.77902
73.5,-122.5,258.41074
73.5,-121.5,258.36816
73.5,-120.5,258.07355
73.5,-119.5,258.01773
73.5,-118.5,258.27103
73.5,-117.5,258.4045
73.5,-116.5,258.7694
73.5,-105.5,259.7344
73.5,-100.5,258.9824
73.5,-99.5,258.0457
73.5,-98.5,257.75095
73.5,-97.5,258.3996
73.5,-95.5,256.73334
73.5,-94.5,255.76266
73.5,-93.5,256.04706
73.5,-92.5,256.51935
73.5,-91.5,257.58612
73.5,-87.5,257.44202
73.5,-86.5,257.9891
73.5,-83.5,255.74663
73.5,-82.5,255.4761
73.5,-81.5,256.35333
73.5,-80.5,258.5618
73.5,-79.5,256.21396
73.5,-78.5,252.49358
73.5,-77.5,254.04614
73.5,-55.5,257.57233
73.5,-54.5,258.81573
73.5,-53.5,257.04877
73.5,-52.5,254.71494
73.5,-51.5,251.1566
73.5,-50.5,249.75488
73.5,-49.5,249.60434
73.5,-48.5,249.70474
73.5,-47.5,248.71466
73.5,-46.5,247.65848
73.5,-45.5,246.63799
73.5,-44.5,245.89459
73.5,-43.5,245.07826
73.5,-42.5,244.81361
73.5,-41.5,244.53055
73.5,-40.5,244.29324
73.5,-39.5,244.06357
73.5,-38.5,244.08667
73.5,-37.5,244.29646
73.5,-36.5,244.52
73.5,-35.5,245.05435
73.5,-34.5,245.3314
73.5,-33.5,245.70055
73.5,-32.5,246.38953
73.5,-31.5,248.37547
73.5,-30.5,249.49753
73.5,-29.5,250.2789
73.5,-28.5,251.26115
73.5,-27.5,252.76509
73.5,-26.5,253.10805
73.5,-25.5,256.1582
73.5,-24.5,253.53566
73.5,-23.5,256.34888
73.5,-22.5,259.40283
73.5,-21.5,258.75565
73.5,54.5,265.58148
73.5,55.5,263.06207
73.5,56.5,263.61514
73.5,81.5,262.3639
73.5,82.5,261.291
73.5,83.5,261.22052
73.5,84.5,260.9171
73.5,85.5,260.74182
73.5,86.5,260.89813
73.5,87.5,260.66934
73.5,88.5,260.15317
73.5,89.5,259.65097
73.5,90.5,259.62088
73.5,91.5,259.12674
73.5,92.5,258.82928
73.5,93.5,258.22543
73.5,94.5,258.53912
73.5,95.5,258.3299
73.5,96.5,258.81876
73.5,97.5,259.0872
73.5,98.5,259.18552
73.5,99.5,259.41037
73.5,100.5,259.1911
73.5,101.5,259.18378
73.5,102.5,259.22992
73.5,103.5,259.23654
73.5,104.5,259.1965
73.5,105.5,259.43176
73.5,106.5,259.46426
73.5,107.5,259.86255
73.5,110.5,260.29675
73.5,111.5,259.94025
73.5,112.5,259.8983
73.5,113.5,259.95975
73.5,114.5,260.12808
73.5,115.5,259.85828
73.5,116.5,259.7428
73.5,117.5,259.74374
73.5,124.5,260.56015
73.5,141.5,260.40225
73.5,142.5,260.04694
74.5,-121.5,258.0218
74.5,-112.5,258.34677
74.5,-87.5,255.63377
74.5,-55.5,255.67311
74.5,-54.5,256.32086
74.5,-53.5,255.58371
74.5,-52.5,254.00406
74.5,-51.5,251.09396
74.5,-50.5,250.46237
74.5,-49.5,250.26453
74.5,-48.5,249.83672
74.5,-47.5,248.91599
74.5,-46.5,248.00943
74.5,-45.5,246.91824
74.5,-44.5,245.9741
74.5,-43.5,244.97623
74.5,-42.5,244.52785
74.5,-41.5,244.3465
74.5,-40.5,244.37688
74.5,-39.5,244.3938
74.5,-38.5,244.53407
74.5,-37.5,244.72762
74.5,-36.5,244.95314
74.5,-35.5,245.37315
74.5,-34.5,245.52655
74.5,-33.5,245.49994
74.5,-32.5,245.72867
74.5,-31.5,246.97157
74.5,-30.5,247.57121
74.5,-29.5,248.48837
74.5,-28.5,249.68874
74.5,-27.5,251.87042
74.5,-26.5,252.60374
74.5,-25.5,253.30363
74.5,-24.5,253.52997
74.5,-23.5,255.29453
74.5,-22.5,257.46988
74.5,-21.5,255.77646
74.5,-20.5,258.4109
74.5,57.5,261.04684
74.5,58.5,261.4354
74.5,87.5,262.08276
74.5,88.5,260.3098
74.5,89.5,259.6005
74.5,90.5,259.03976
74.5,91.5,258.55698
74.5,92.5,258.596
74.5,93.5,258.34732
74.5,94.5,257.84225
74.5,95.5,258.01285
74.5,96.5,257.99042
74.5,97.5,257.92682
74.5,98.5,257.77585
74.5,99.5,258.08456
74.5,100.5,258.63696
74.5,101.5,258.4742
74.5,102.5,257.9432
74.5,103.5,257.96802
74.5,104.5,258.5862
74.5,105.5,258.0022
74.5,106.5,257.82825
74.5,107.5,257.93594
74.5,108.5,258.48645
74.5,109.5,258.95886
74.5,110.5,258.87793
75.5,-116.5,255.54907
75.5,-115.5,254.93675
75.5,-114.5,255.08913
75.5,-113.5,255.6076
75.5,-112.5,256.12137
75.5,-111.5,256.94598
75.5,-110.5,256.93048
75.5,-109.5,256.76614
75.5,-108.5,256.34073
75.5,-107.5,256.5677
75.5,-106.5,256.83124
75.5,-100.5,256.43484
75.5,-99.5,256.235
75.5,-98.5,256.42972
75.5,-95.5,257.13788
75.5,-94.5,256.94974
75.5,-91.5,254.40256
75.5,-90.5,254.08635
75.5,-89.5,254.5038
75.5,-88.5,254.17839
75.5,-87.5,253.61339
75.5,-85.5,252.46027
75.5,-84.5,252.70256
75.5,-83.5,253.15604
75.5,-82.5,253.6383
75.5,-81.5,252.22105
75.5,-57.5,258.29767
75.5,-56.5,258.09686
75.5,-55.5,256.28162
75.5,-54.5,255.49167
75.5,-53.5,254.27167
75.5,-52.5,252.85785
75.5,-51.5,250.27086
75.5,-50.5,249.31963
75.5,-49.5,249.25293
75.5,-48.5,248.98045
75.5,-47.5,248.165
75.5,-46.5,247.39503
75.5,-45.5,246.75182
75.5,-44.5,245.98741
75.5,-43.5,245.05269
75.5,-42.5,244.5808
75.5,-41.5,244.44237
75.5,-40.5,244.55138
75.5,-39.5,244.52263
75.5,-38.5,244.43666
75.5,-37.5,244.39697
75.5,-36.5,244.33165
75.5,-35.5,244.44876
75.5,-34.5,244.69034
75.5,-33.5,244.84543
75.5,-32.5,245.12827
75.5,-31.5,246.25172
75.5,-30.5,247.47092
75.5,-29.5,248.42596
75.5,-28.5,248.8364
75.5,-27.5,249.6687
75.5,-26.5,249.61055
75.5,-25.5,249.92514
75.5,-24.5,251.66716
75.5,-23.5,255.12883
75.5,-22.5,253.89561
75.5,-21.5,252.75291
75.5,-20.5,258.93652
75.5,59.5,263.56833
75.5,60.5,262.59192
75.5,61.5,261.28455
75.5,90.5,260.11963
75.5,91.5,259.7506
75.5,92.5,258.97372
75.5,93.5,259.04242
75.5,94.5,259.26746
75.5,95.5,259.10388
75.5,96.5,259.14
75.5,97.5,258.85968
75.5,98.5,258.42853
75.5,99.5,258.45468
75.5,100.5,258.26776
75.5,101.5,258.13776
75.5,102.5,257.57547
75.5,103.5,257.33167
75.5,104.5,256.9291
75.5,105.5,256.18756
75.5,106.5,255.92789
75.5,107.5,255.17926
75.5,108.5,255.41183
75.5,109.5,255.71053
75.5,110.5,256.04095
75.5,111.5,256.81525
75.5,112.5,258.40704
75.5,113.5,259.44092
75.5,137.5,260.11722
75.5,138.5,259.6326
75.5,139.5,259.52698
75.5,140.5,258.77713
75.5,141.5,258.1052
75.5,143.5,260.1146
75.5,144.5,260.4724
76.5,-120.5,256.54352
76.5,-119.5,256.06238
76.5,-117.5,256.7499
76.5,-114.5,256.45242
76.5,-109.5,257.2569
76.5,-99.5,255.60965
76.5,-98.5,255.99426
76.5,-95.5,255.17938
76.5,-94.5,255.36122
76.5,-92.5,254.23016
76.5,-91.5,254.37004
76.5,-88.5,254.70595
76.5,-87.5,253.4883
76.5,-86.5,251.61447
76.5,-85.5,251.42558
76.5,-84.5,251.97806
76.5,-83.5,253.606
76.5,-82.5,254.58376
76.5,-81.5,253.4796
76.5,-80.5,253.5695
76.5,-68.5,254.48518
76.5,-67.5,253.77019
76.5,-66.5,255.24957
76.5,-65.5,255.84354
76.5,-64.5,256.25775
76.5,-63.5,256.14493
76.5,-62.5,256.01913
76.5,-61.5,256.05533
76.5,-60.5,256.5954
76.5,-59.5,256.2088
76.5,-58.5,255.87057
76.5,-57.5,254.60501
76.5,-56.5,253.87148
76.5,-55.5,252.5224
76.5,-54.5,251.41936
76.5,-53.5,250.38786
76.5,-52.5,249.44934
76.5,-51.5,248.52573
76.5,-50.5,248.17491
76.5,-49.5,247.77055
76.5,-48.5,247.25024
76.5,-47.5,246.33069
76.5,-46.5,245.787
76.5,-45.5,245.44637
76.5,-44.5,245.28287
76.5,-43.5,245.00253
76.5,-42.5,244.88898
76.5,-41.5,244.73553
76.5,-40.5,244.54211
76.5,-39.5,244.18697
76.5,-38.5,244.33836
76.5,-37.5,244.80615
76.5,-36.5,245.28738
76.5,-35.5,245.7043
76.5,-34.5,245.8242
76.5,-33.5,245.81613
76.5,-32.5,245.99556
76.5,-31.5,246.86955
76.5,-30.5,247.47069
76.5,-29.5,247.71281
76.5,-28.5,247.3456
76.5,-27.5,248.42474
76.5,-26.5,249.99315
76.5,-25.5,252.67314
76.5,-24.5,254.5994
76.5,-23.5,255.34912
76.5,-21.5,254.60948
76.5,66.5,263.78482
76.5,67.5,263.109
76.5,101.5,259.59128
76.5,102.5,258.76483
76.5,103.5,257.56808
76.5,104.5,257.11722
76.5,105.5,257.23566
76.5,106.5,257.00714
76.5,107.5,257.16257
76.5,108.5,257.57867
76.5,109.5,257.45633
76.5,110.5,257.7641
76.5,111.5,258.61926
77.5,-112.5,256.8213
77.5,-111.5,256.709
77.5,-87.5,253.49203
77.5,-86.5,253.45308
77.5,-85.5,252.0641
77.5,-84.5,250.9202
77.5,-83.5,250.15767
77.5,-82.5,251.38889
77.5,-81.5,249.90785
77.5,-80.5,250.31738
77.5,-79.5,251.20656
77.5,-69.5,253.50018
77.5,-68.5,251.62143
77.5,-67.5,248.83139
77.5,-66.5,250.35825
77.5,-65.5,253.40729
77.5,-64.5,253.50047
77.5,-63.5,252.00195
77.5,-62.5,251.64734
77.5,-61.5,252.13408
77.5,-60.5,253.04799
77.5,-59.5,252.6234
77.5,-58.5,252.07047
77.5,-57.5,251.0249
77.5,-56.5,249.8538
77.5,-55.5,248.25081
77.5,-54.5,247.44435
77.5,-53.5,246.90071
77.5,-52.5,246.41493
77.5,-51.5,245.83507
77.5,-50.5,245.81001
77.5,-49.5,245.80777
77.5,-48.5,245.62245
77.5,-47.5,245.07858
77.5,-46.5,244.57864
77.5,-45.5,244.17993
77.5,-44.5,243.88013
77.5,-43.5,243.55228
77.5,-42.5,243.50894
77.5,-41.5,243.63486
77.5,-40.5,243.9521
77.5,-39.5,244.20374
77.5,-38.5,244.47844
77.5,-37.5,244.75078
77.5,-36.5,245.11617
77.5,-35.5,245.64578
77.5,-34.5,246.12198
77.5,-33.5,246.63858
77.5,-32.5,247.0351
77.5,-31.5,248.05812
77.5,-30.5,248.59766
77.5,-29.5,249.15952
77.5,-28.5,249.85846
77.5,-27.5,251.40535
77.5,-26.5,252.22076
77.5,-25.5,253.59567
77.5,-24.5,255.69183
77.5,-21.5,254.30309
77.5,-20.5,254.95337
77.5,15.5,263.81042
77.5,103.5,259.22385
77.5,104.5,259.46954
78.5,-110.5,256.56555
78.5,-103.5,255.36003
78.5,-102.5,255.4788
78.5,-101.5,255.61967
78.5,-100.5,255.47758
78.5,-97.5,254.7461
78.5,-96.5,254.62247
78.5,-92.5,252.25464
78.5,-91.5,251.12721
78.5,-90.5,252.16022
78.5,-89.5,252.17548
78.5,-88.5,251.68913
78.5,-86.5,255.55627
78.5,-85.5,254.31204
78.5,-84.5,253.98315
78.5,-83.5,254.41307
78.5,-82.5,251.56209
78.5,-81.5,251.02402
78.5,-80.5,249.88234
78.5,-79.5,248.99345
78.5,-78.5,249.2428
78.5,-77.5,249.33357
78.5,-76.5,251.26062
78.5,-71.5,254.79713
78.5,-70.5,252.80067
78.5,-69.5,252.96869
78.5,-68.5,252.91716
78.5,-67.5,251.80255
78.5,-66.5,251.80031
78.5,-65.5,252.12865
78.5,-64.5,252.36533
78.5,-63.5,251.56592
78.5,-62.5,251.43056
78.5,-61.5,251.56215
78.5,-60.5,252.1768
78.5,-59.5,251.99811
78.5,-58.5,251.58755
78.5,-57.5,250.6405
78.5,-56.5,249.66943
78.5,-55.5,248.44641
78.5,-54.5,248.03215
78.5,-53.5,247.7525
78.5,-52.5,247.42616
78.5,-51.5,246.82567
78.5,-50.5,246.36807
78.5,-49.5,246.01611
78.5,-48.5,245.79752
78.5,-47.5,245.58519
78.5,-46.5,245.37288
78.5,-45.5,245.1405
78.5,-44.5,244.85478
78.5,-43.5,244.58232
78.5,-42.5,244.5633
78.5,-41.5,244.72392
78.5,-40.5,244.87077
78.5,-39.5,244.99162
78.5,-38.5,245.15239
78.5,-37.5,245.55241
78.5,-36.5,246.03868
78.5,-35.5,246.56471
78.5,-34.5,246.94899
78.5,-33.5,247.42888
78.5,-32.5,247.97035
78.5,-31.5,249.35966
78.5,-30.5,249.80165
78.5,-29.5,250.2397
78.5,-28.5,250.92757
78.5,-27.5,252.27577
78.5,-26.5,252.51718
78.5,-25.5,252.708
78.5,-24.5,253.08221
78.5,-23.5,254.09583
78.5,-21.5,254.23822
78.5,13.5,262.59305
78.5,15.5,260.66577
78.5,16.5,258.72275
78.5,17.5,259.1541
78.5,18.5,261.31238
79.5,-94.5,251.31186
79.5,-93.5,250.07132
79.5,-92.5,248.78363
79.5,-91.5,248.30032
79.5,-90.5,248.78096
79.5,-89.5,251.719
79.5,-88.5,251.65804
79.5,-87.5,253.31305
79.5,-86.5,255.3203
79.5,-85.5,254.03728
79.5,-84.5,253.91475
79.5,-83.5,253.44865
79.5,-82.5,252.27574
79.5,-81.5,250.64153
79.5,-80.5,247.06064
79.5,-79.5,247.96251
79.5,-78.5,247.29063
79.5,-77.5,246.01605
79.5,-76.5,247.29391
79.5,-75.5,249.15732
79.5,-64.5,250.95901
79.5,-63.5,251.49002
79.5,-62.5,252.58879
79.5,-61.5,252.88802
79.5,-60.5,253.27899
79.5,-59.5,252.77983
79.5,-58.5,252.22256
79.5,-57.5,251.84868
79.5,-56.5,251.21964
79.5,-55.5,249.78151
79.5,-54.5,249.31381
79.5,-53.5,248.93523
79.5,-52.5,248.57692
79.5,-51.5,247.67055
79.5,-50.5,247.44339
79.5,-49.5,247.53854
79.5,-48.5,247.7
79.5,-47.5,247.75035
79.5,-46.5,247.7535
79.5,-45.5,247.56587
79.5,-44.5,247.26523
79.5,-43.5,246.77115
79.5,-42.5,246.39885
79.5,-41.5,246.29567
79.5,-40.5,246.48758
79.5,-39.5,246.8933
79.5,-38.5,247.12494
79.5,-37.5,247.45796
79.5,-36.5,247.92297
79.5,-35.5,248.78596
79.5,-34.5,249.53702
79.5,-33.5,250.33992
79.5,-32.5,250.96431
79.5,-31.5,252.03079
79.5,-30.5,251.88933
79.5,-29.5,251.57874
79.5,-28.5,251.57646
79.5,-27.5,252.15984
79.5,-26.5,252.49281
79.5,-25.5,252.9326
79.5,-24.5,253.43573
79.5,-23.5,254.2084
79.5,-22.5,254.33331
79.5,-21.5,254.68518
79.5,14.5,261.492
79.5,16.5,261.48422
79.5,23.5,262.361
79.5,24.5,262.05844
79.5,96.5,256.11676
79.5,97.5,256.75552
79.5,98.5,256.96332
80.5,-95.5,252.70834
80.5,-94.5,251.07504
80.5,-93.5,251.43446
80.5,-92.5,249.94553
80.5,-91.5,250.18832
80.5,-88.5,252.09491
80.5,-85.5,251.20204
80.5,-84.5,251.28885
80.5,-82.5,250.89035
80.5,-81.5,249.81369
80.5,-80.5,248.88074
80.5,-79.5,247.21031
80.5,-78.5,246.40312
80.5,-77.5,246.43497
80.5,-76.5,248.04001
80.5,-75.5,248.58109
80.5,-74.5,249.15646
80.5,-73.5,248.72636
80.5,-72.5,249.46507
80.5,-71.5,250.19682
80.5,-70.5,250.36797
80.5,-69.5,251.59654
80.5,-66.5,255.9197
80.5,-65.5,255.6729
80.5,-64.5,254.41888
80.5,-63.5,253.81229
80.5,-62.5,253.63092
80.5,-61.5,253.36809
80.5,-60.5,253.62492
80.5,-59.5,254.19978
80.5,-58.5,254.35674
80.5,-57.5,253.64673
80.5,-56.5,252.7876
80.5,-55.5,252.01631
80.5,-54.5,251.9351
80.5,-53.5,251.86143
80.5,-52.5,251.69138
80.5,-51.5,251.3156
80.5,-50.5,251.04199
80.5,-49.5,251.14905
80.5,-48.5,251.2808
80.5,-47.5,250.90839
80.5,-46.5,251.02849
80.5,-45.5,251.19133
80.5,-44.5,251.22415
80.5,-43.5,250.88533
80.5,-42.5,250.17203
80.5,-41.5,249.25037
80.5,-40.5,248.71834
80.5,-39.5,248.97675
80.5,-38.5,249.40942
80.5,-37.5,250.0094
80.5,-36.5,250.60074
80.5,-35.5,250.97147
80.5,-34.5,251.14195
80.5,-33.5,250.91518
80.5,-32.5,250.38257
80.5,-31.5,251.2629
80.5,-30.5,251.30655
80.5,-29.5,251.85988
80.5,-28.5,252.22194
80.5,-27.5,252.18051
80.5,-26.5,251.57741
80.5,-25.5,250.45213
80.5,-24.5,249.5044
80.5,-23.5,250.9192
80.5,-22.5,252.00348
80.5,-21.5,252.38799
80.5,-20.5,251.60883
80.5,-19.5,254.85652
80.5,-18.5,253.21274
80.5,-17.5,254.27971
80.5,57.5,260.89508
80.5,93.5,259.03033
80.5,94.5,258.5076
80.5,95.5,258.00116
80.5,96.5,257.73276
81.5,-89.5,252.35602
81.5,-88.5,251.70258
81.5,-87.5,249.36795
81.5,-86.5,249.34663
81.5,-85.5,249.92877
81.5,-84.5,248.96097
81.5,-83.5,249.68507
81.5,-82.5,249.87248
81.5,-81.5,250.8851
81.5,-80.5,250.40578
81.5,-79.5,250.02022
81.5,-78.5,248.57597
81.5,-77.5,246.6162
81.5,-76.5,245.80272
81.5,-75.5,246.45892
81.5,-74.5,245.46507
81.5,-73.5,245.97247
81.5,-72.5,245.67339
81.5,-71.5,246.55711
81.5,-70.5,247.12186
81.5,-69.5,247.93942
81.5,-68.5,248.2999
81.5,-67.5,249.07578
81.5,-66.5,248.64732
81.5,-65.5,250.91916
81.5,-60.5,254.85316
81.5,-59.5,254.07303
81.5,-58.5,252.19325
81.5,-57.5,250.77985
81.5,-56.5,250.44269
81.5,-55.5,250.22983
81.5,-54.5,250.37862
81.5,-53.5,250.70137
81.5,-52.5,251.55656
81.5,-51.5,251.59184
81.5,-50.5,251.39896
81.5,-49.5,251.57054
81.5,-48.5,251.49435
81.5,-47.5,252.1308
81.5,-46.5,252.89082
81.5,-45.5,253.34862
81.5,-44.5,252.87418
81.5,-43.5,253.00969
81.5,-42.5,252.99915
81.5,-41.5,252.53818
81.5,-40.5,251.98308
81.5,-39.5,251.39629
81.5,-38.5,251.67805
81.5,-37.5,252.27728
81.5,-36.5,252.75256
81.5,-35.5,252.12202
81.5,-34.5,250.90112
81.5,-33.5,250.21751
81.5,-32.5,249.15643
81.5,-31.5,250.03355
81.5,-30.5,250.39731
81.5,-29.5,251.11797
81.5,-28.5,251.487
81.5,-27.5,251.5904
81.5,-26.5,249.952
81.5,-25.5,250.82695
81.5,-24.5,251.57336
81.5,-23.5,253.84499
81.5,-21.5,255.0325
81.5,-16.5,255.01491
81.5,-14.5,256.44708
82.5,-80.5,250.31058
82.5,-79.5,250.22694
82.5,-78.5,250.22453
82.5,-77.5,249.53946
82.5,-76.5,249.24017
82.5,-75.5,248.73982
82.5,-74.5,247.48369
82.5,-73.5,247.72063
82.5,-72.5,246.87477
82.5,-71.5,248.5938
82.5,-70.5,249.54034
82.5,-69.5,248.00595
82.5,-68.5,249.25969
82.5,-67.5,251.19456
82.5,-66.5,250.47314
82.5,-65.5,250.74825
82.5,-64.5,250.85489
82.5,-46.5,251.30309
82.5,-45.5,251.33524
82.5,-44.5,251.34258
82.5,-43.5,251.20628
82.5,-42.5,251.30171
82.5,-41.5,251.34464
82.5,-40.5,251.06693
82.5,-39.5,251.25395
82.5,-38.5,251.09134
82.5,-37.5,250.98363
82.5,-36.5,250.5568
82.5,-35.5,250.58711
82.5,-34.5,250.70872
82.5,-33.5,249.9062
82.5,-32.5,251.16502
82.5,-31.5,250.96616
82.5,-30.5,251.03357
82.5,-29.5,252.02347
82.5,-28.5,252.43153
82.5,-27.5,252.60747
82.5,-26.5,252.49266
82.5,-25.5,252.28743
82.5,-24.5,252.17891
83.5,-36.5,252.64235
83.5,-34.5,252.625
