lat,lon,GLDAS_NOAH10_M_2_1_Tair_f_inst
-54.5,-71.5,278.79095
-54.5,-70.5,278.88507
-54.5,-69.5,276.3645
-54.5,-68.5,276.9709
-54.5,-67.5,277.41345
-54.5,-66.5,277.50595
-53.5,-72.5,277.0245
-53.5,-71.5,278.6931
-53.5,-69.5,277.93045
-53.5,-68.5,279.27136
-52.5,-73.5,278.2833
-52.5,-72.5,277.9176
-52.5,-71.5,278.59146
-52.5,-70.5,279.4811
-52.5,-69.5,279.71136
-51.5,-74.5,279.64648
-51.5,-73.5,277.71738
-51.5,-72.5,278.67715
-51.5,-71.5,279.72476
-51.5,-70.5,280.25232
-51.5,-69.5,281.16696
-51.5,-58.5,280.22293
-50.5,-74.5,278.86722
-50.5,-73.5,275.05807
-50.5,-72.5,278.05878
-50.5,-71.5,279.86365
-50.5,-70.5,280.77896
-50.5,-69.5,281.722
-49.5,-74.5,277.2228
-49.5,-73.5,274.59988
-49.5,-72.5,276.4631
-49.5,-71.5,278.46704
-49.5,-70.5,280.59552
-49.5,-69.5,282.3177
-49.5,-68.5,282.74777
-49.5,69.5,276.7904
-48.5,-75.5,281.11795
-48.5,-74.5,277.5599
-48.5,-73.5,276.3417
-48.5,-72.5,275.53616
-48.5,-71.5,278.33133
-48.5,-70.5,279.83633
-48.5,-69.5,280.85712
-48.5,-68.5,283.0517
-48.5,-67.5,283.9038
-47.5,-73.5,276.10028
-47.5,-72.5,275.6295
-47.5,-71.5,275.8802
-47.5,-70.5,280.02298
-47.5,-69.5,279.7412
-47.5,-68.5,283.00577
-47.5,-67.5,284.6626
-47.5,-66.5,284.60263
-46.5,-74.5,281.18277
-46.5,-73.5,276.276
-46.5,-72.5,277.362
-46.5,-71.5,275.4664
-46.5,-70.5,280.55988
-46.5,-69.5,282.47617
-46.5,-68.5,283.93408
-46.5,-67.5,284.5779
-46.5,168.5,282.92517
-46.5,169.5,283.0114
-45.5,-74.5,281.9729
-45.5,-73.5,279.7911
-45.5,-72.5,276.44705
-45.5,-71.5,278.2153
-45.5,-70.5,281.97644
-45.5,-69.5,284.00864
-45.5,-68.5,283.5269
-45.5,-67.5,285.46646
-45.5,167.5,279.45502
-45.5,168.5,279.8571
-45.5,169.5,281.38528
-45.5,170.5,282.37003
-44.5,-73.5,281.67856
-44.5,-72.5,278.46136
-44.5,-71.5,276.98074
-44.5,-70.5,281.09302
-44.5,-69.5,282.83267
-44.5,-68.5,285.7133
-44.5,-67.5,285.61172
-44.5,-66.5,286.52356
-44.5,-65.5,286.0972
-44.5,168.5,281.36746
-44.5,169.5,279.7289
-44.5,170.5,282.38428
-43.5,-72.5,279.97147
-43.5,-71.5,276.9733
-43.5,-70.5,280.94644
-43.5,-69.5,283.75583
-43.5,-68.5,285.2559
-43.5,-67.5,287.43155
-43.5,-66.5,287.78412
-43.5,-65.5,287.86398
-43.5,146.5,284.0973
-43.5,170.5,281.7791
-43.5,171.5,281.30182
-43.5,172.5,282.84842
-42.5,-73.5,283.82278
-42.5,-72.5,279.5814
-42.5,-71.5,278.16904
-42.5,-70.5,281.38593
-42.5,-69.5,281.78384
-42.5,-68.5,280.11172
-42.5,-67.5,285.54752
-42.5,-66.5,288.51193
-42.5,-65.5,288.67816
-42.5,145.5,283.77667
-42.5,146.5,281.35062
-42.5,147.5,284.18088
-42.5,171.5,280.91278
-42.5,172.5,280.93726
-42.5,173.5,280.95102
-41.5,-73.5,283.69513
-41.5,-72.5,281.8742
-41.5,-71.5,278.4334
-41.5,-70.5,281.13425
-41.5,-69.5,281.84186
-41.5,-68.5,282.49435
-41.5,-67.5,283.9955
-41.5,-66.5,286.3842
-41.5,-65.5,288.67935
-41.5,145.5,284.05762
-41.5,146.5,281.42624
-41.5,147.5,285.04462
-41.5,172.5,283.31274
-41.5,173.5,282.55844
-40.5,-73.5,283.86902
-40.5,-72.5,281.9832
-40.5,-71.5,279.9175
-40.5,-70.5,282.54105
-40.5,-69.5,283.82492
-40.5,-68.5,284.46317
-40.5,-67.5,287.0446
-40.5,-66.5,288.80292
-40.5,-65.5,289.96365
-40.5,-64.5,290.13217
-40.5,-63.5,289.7026
-40.5,-62.5,289.12967
-40.5,175.5,284.39484
-40.5,176.5,285.43478
-39.5,-72.5,283.00995
-39.5,-71.5,279.6565
-39.5,-70.5,282.63574
-39.5,-69.5,285.97403
-39.5,-68.5,287.8611
-39.5,-67.5,289.3798
-39.5,-66.5,290.58838
-39.5,-65.5,290.49234
-39.5,-64.5,290.58612
-39.5,-63.5,290.3342
-39.5,-62.5,289.82205
-39.5,174.5,285.84335
-39.5,175.5,283.75537
-39.5,176.5,283.06802
-38.5,-72.5,284.1265
-38.5,-71.5,280.06726
-38.5,-70.5,280.43716
-38.5,-69.5,287.5119
-38.5,-68.5,289.73297
-38.5,-67.5,290.65533
-38.5,-66.5,290.7886
-38.5,-65.5,290.62708
-38.5,-64.5,290.53876
-38.5,-63.5,289.90182
-38.5,-62.5,289.14822
-38.5,-61.5,288.42294
-38.5,-60.5,288.06354
-38.5,-59.5,287.77975
-38.5,-58.5,287.53616
-38.5,143.5,287.02393
-38.5,145.5,287.67477
-38.5,146.5,287.3274
-38.5,175.5,285.60147
-38.5,176.5,284.10318
-38.5,177.5,285.67676
-37.5,-73.5,284.38354
-37.5,-72.5,285.29947
-37.5,-71.5,281.718
-37.5,-70.5,281.8047
-37.5,-69.5,287.1868
-37.5,-68.5,288.6793
-37.5,-67.5,290.85034
-37.5,-66.5,291.02322
-37.5,-65.5,290.2794
-37.5,-64.5,289.8932
-37.5,-63.5,289.5219
-37.5,-62.5,288.18448
-37.5,-61.5,287.45877
-37.5,-60.5,287.66156
-37.5,-59.5,287.5204
-37.5,-58.5,287.44415
-37.5,-57.5,287.92148
-37.5,140.5,287.54236
-37.5,141.5,287.12848
-37.5,142.5,286.7346
-37.5,143.5,286.8086
-37.5,144.5,287.08917
-37.5,145.5,286.22977
-37.5,146.5,285.1231
-37.5,147.5,285.15778
-37.5,148.5,285.58655
-37.5,149.5,287.03314
-37.5,175.5,286.18094
-36.5,-72.5,286.34442
-36.5,-71.5,284.0678
-36.5,-70.5,279.80276
-36.5,-69.5,284.1749
-36.5,-68.5,287.13077
-36.5,-67.5,290.80392
-36.5,-66.5,291.3519
-36.5,-65.5,290.31448
-36.5,-64.5,290.11588
-36.5,-63.5,289.74377
-36.5,-62.5,289.39743
-36.5,-61.5,288.83746
-36.5,-60.5,288.50406
-36.5,-59.5,288.3986
-36.5,-58.5,288.52335
-36.5,-57.5,288.71585
-36.5,140.5,288.43384
-36.5,141.5,288.651
-36.5,142.5,288.92245
-36.5,143.5,288.76184
-36.5,144.5,288.25558
-36.5,145.5,287.86273
-36.5,146.5,286.08292
-36.5,147.5,284.054
-36.5,148.5,283.65164
-36.5,149.5,286.03796
-36.5,174.5,289.2192
-35.5,-71.5,285.8376
-35.5,-70.5,280.31964
-35.5,-69.5,281.88895
-35.5,-68.5,289.64755
-35.5,-67.5,291.057
-35.5,-66.5,291.60986
-35.5,-65.5,290.70978
-35.5,-64.5,290.26694
-35.5,-63.5,290.14038
-35.5,-62.5,290.06006
-35.5,-61.5,289.52307
-35.5,-60.5,289.39062
-35.5,-59.5,289.44638
-35.5,-58.5,289.31577
-35.5,-57.5,289.74863
-35.5,139.5,289.51163
-35.5,140.5,289.82202
-35.5,141.5,290.0206
-35.5,142.5,290.49783
-35.5,143.5,290.3789
-35.5,144.5,290.2414
-35.5,145.5,290.03046
-35.5,146.5,289.67264
-35.5,147.5,287.6309
-35.5,148.5,285.62918
-35.5,149.5,286.13028
-35.5,173.5,288.73804
-34.5,-71.5,287.76978
-34.5,-70.5,282.2895
-34.5,-69.5,281.1678
-34.5,-68.5,288.13303
-34.5,-67.5,291.94965
-34.5,-66.5,292.2798
-34.5,-65.5,290.94135
-34.5,-64.5,290.8436
-34.5,-63.5,290.6271
-34.5,-62.5,290.40097
-34.5,-61.5,290.04135
-34.5,-60.5,290.08664
-34.5,-59.5,290.02213
-34.5,-58.5,290.62106
-34.5,-56.5,289.7849
-34.5,-55.5,289.1522
-34.5,-54.5,289.74942
-34.5,19.5,288.82562
-34.5,20.5,289.4741
-34.5,116.5,288.11563
-34.5,117.5,288.16943
-34.5,118.5,288.6149
-34.5,135.5,290.00833
-34.5,138.5,289.27115
-34.5,139.5,290.1182
-34.5,140.5,291.16074
-34.5,141.5,291.48785
-34.5,142.5,291.39636
-34.5,143.5,291.64157
-34.5,144.5,291.6437
-34.5,145.5,291.22266
-34.5,146.5,290.5745
-34.5,147.5,289.31696
-34.5,148.5,287.18634
-34.5,149.5,287.27097
-34.5,150.5,288.99976
-33.5,-71.5,286.93134
-33.5,-70.5,279.78925
-33.5,-69.5,278.1532
-33.5,-68.5,290.79788
-33.5,-67.5,292.42572
-33.5,-66.5,290.59036
-33.5,-65.5,289.81375
-33.5,-64.5,290.49625
-33.5,-63.5,291.00845
-33.5,-62.5,290.97464
-33.5,-61.5,290.839
-33.5,-60.5,290.89795
-33.5,-59.5,290.96152
-33.5,-58.5,290.88712
-33.5,-57.5,290.2353
-33.5,-56.5,290.00934
-33.5,-55.5,289.5188
-33.5,-54.5,289.64987
-33.5,-53.5,290.99832
-33.5,18.5,290.53635
-33.5,19.5,289.26233
-33.5,20.5,289.71228
-33.5,21.5,290.89246
-33.5,22.5,289.53546
-33.5,23.5,290.35727
-33.5,24.5,290.2242
-33.5,25.5,290.0954
-33.5,26.5,290.66962
-33.5,115.5,289.8282
-33.5,116.5,289.00177
-33.5,117.5,289.09305
-33.5,118.5,289.15427
-33.5,119.5,289.27084
-33.5,120.5,289.55368
-33.5,121.5,289.8002
-33.5,122.5,289.9251
-33.5,123.5,290.27765
-33.5,135.5,291.11865
-33.5,136.5,290.93707
-33.5,138.5,289.79608
-33.5,139.5,291.01675
-33.5,140.5,292.22018
-33.5,141.5,292.5459
-33.5,142.5,292.29315
-33.5,143.5,292.4706
-33.5,144.5,292.51572
-33.5,145.5,291.62918
-33.5,146.5,291.20667
-33.5,147.5,290.0288
-33.5,148.5,288.06485
-33.5,149.5,286.41296
-33.5,150.5,288.3466
-32.5,-70.5,279.18048
-32.5,-69.5,277.01053
-32.5,-68.5,290.23898
-32.5,-67.5,292.93915
-32.5,-66.5,290.92593
-32.5,-65.5,289.8918
-32.5,-64.5,289.14886
-32.5,-63.5,291.27118
-32.5,-62.5,291.5818
-32.5,-61.5,291.58047
-32.5,-60.5,291.64502
-32.5,-59.5,291.26224
-32.5,-58.5,291.16464
-32.5,-57.5,290.84283
-32.5,-56.5,290.97192
-32.5,-55.5,290.23785
-32.5,-54.5,290.17163
-32.5,-53.5,290.8321
-32.5,-52.5,291.979
-32.5,18.5,290.6228
-32.5,19.5,291.19513
-32.5,20.5,290.4922
-32.5,21.5,289.362
-32.5,22.5,290.16238
-32.5,23.5,290.21628
-32.5,24.5,289.18768
-32.5,25.5,290.3588
-32.5,26.5,289.15146
-32.5,27.5,289.8652
-32.5,28.5,290.56555
-32.5,116.5,289.87082
-32.5,117.5,290.3049
-32.5,118.5,290.37595
-32.5,119.5,289.7273
-32.5,120.5,289.86813
-32.5,121.5,290.03217
-32.5,122.5,289.86285
-32.5,123.5,290.56906
-32.5,124.5,291.09506
-32.5,125.5,290.97446
-32.5,134.5,291.7873
-32.5,135.5,292.367
-32.5,136.5,292.1566
-32.5,137.5,292.2591
-32.5,138.5,290.56613
-32.5,139.5,291.79395
-32.5,140.5,292.61246
-32.5,141.5,292.99188
-32.5,142.5,293.36505
-32.5,143.5,293.19275
-32.5,144.5,292.9572
-32.5,145.5,292.08957
-32.5,146.5,291.33606
-32.5,147.5,291.1935
-32.5,148.5,289.77466
-32.5,149.5,288.503
-32.5,150.5,288.96613
-32.5,151.5,289.39035
-31.5,-71.5,286.1279
-31.5,-70.5,280.08316
-31.5,-69.5,275.41486
-31.5,-68.5,287.24203
-31.5,-67.5,291.43283
-31.5,-66.5,293.4315
-31.5,-65.5,291.64627
-31.5,-64.5,288.3873
-31.5,-63.5,292.0385
-31.5,-62.5,292.4533
-31.5,-61.5,292.32092
-31.5,-60.5,292.27026
-31.5,-59.5,291.85114
-31.5,-58.5,291.68695
-31.5,-57.5,291.48682
-31.5,-56.5,291.33688
-31.5,-55.5,290.7394
-31.5,-54.5,290.62152
-31.5,-53.5,290.65463
-31.5,-52.5,291.3226
-31.5,18.5,291.24954
-31.5,19.5,291.63568
-31.5,20.5,290.0193
-31.5,21.5,289.84402
-31.5,22.5,289.73193
-31.5,23.5,290.0751
-31.5,24.5,288.65125
-31.5,25.5,288.49002
-31.5,26.5,287.97168
-31.5,27.5,287.56866
-31.5,28.5,289.0586
-31.5,29.5,290.81567
-31.5,116.5,291.0204
-31.5,117.5,291.67355
-31.5,118.5,291.62125
-31.5,119.5,290.74048
-31.5,120.5,291.051
-31.5,121.5,291.24487
-31.5,122.5,290.8973
-31.5,123.5,291.7434
-31.5,124.5,292.31796
-31.5,125.5,292.33005
-31.5,126.5,292.30682
-31.5,127.5,292.26083
-31.5,128.5,291.8876
-31.5,129.5,291.61844
-31.5,130.5,291.84354
-31.5,131.5,291.7352
-31.5,132.5,292.1754
-31.5,133.5,292.20602
-31.5,134.5,292.52298
-31.5,135.5,293.31418
-31.5,136.5,293.6188
-31.5,137.5,293.5803
-31.5,138.5,292.35355
-31.5,139.5,293.37677
-31.5,140.5,293.77957
-31.5,141.5,293.39972
-31.5,142.5,293.3929
-31.5,143.5,293.7759
-31.5,144.5,293.63434
-31.5,145.5,292.6374
-31.5,146.5,292.06177
-31.5,147.5,292.1672
-31.5,148.5,291.15842
-31.5,149.5,289.4381
-31.5,150.5,288.52844
-31.5,151.5,287.949
-31.5,152.5,289.90305
-30.5,-71.5,288.42725
-30.5,-70.5,283.39148
-30.5,-69.5,278.32523
-30.5,-68.5,289.62384
-30.5,-67.5,291.1786
-30.5,-66.5,294.3116
-30.5,-65.5,294.50983
-30.5,-64.5,291.837
-30.5,-63.5,292.2376
-30.5,-62.5,293.52957
-30.5,-61.5,293.19943
-30.5,-60.5,293.24918
-30.5,-59.5,292.7141
-30.5,-58.5,292.3712
-30.5,-57.5,292.41312
-30.5,-56.5,292.2767
-30.5,-55.5,291.94583
-30.5,-54.5,291.55496
-30.5,-53.5,291.5373
-30.5,-52.5,291.99167
-30.5,-51.5,292.16263
-30.5,17.5,290.10126
-30.5,18.5,291.80124
-30.5,19.5,291.69955
-30.5,20.5,292.23322
-30.5,21.5,292.267
-30.5,22.5,292.14203
-30.5,23.5,292.0152
-30.5,24.5,291.49182
-30.5,25.5,289.952
-30.5,26.5,288.988
-30.5,27.5,286.07883
-30.5,28.5,285.2456
-30.5,29.5,289.23822
-30.5,30.5,291.02997
-30.5,115.5,292.59723
-30.5,116.5,292.35117
-30.5,117.5,292.74875
-30.5,118.5,292.20886
-30.5,119.5,291.94922
-30.5,120.5,291.95157
-30.5,121.5,292.21457
-30.5,122.5,292.23434
-30.5,123.5,292.5504
-30.5,124.5,293.14816
-30.5,125.5,293.4195
-30.5,126.5,293.26096
-30.5,127.5,293.18622
-30.5,128.5,293.0835
-30.5,129.5,293.21173
-30.5,130.5,293.57803
-30.5,131.5,293.14145
-30.5,132.5,293.40924
-30.5,133.5,293.49915
-30.5,134.5,293.71442
-30.5,135.5,294.2113
-30.5,136.5,294.5808
-30.5,137.5,294.45172
-30.5,138.5,292.6827
-30.5,139.5,293.62042
-30.5,140.5,295.40378
-30.5,141.5,294.29968
-30.5,142.5,294.3463
-30.5,143.5,294.45282
-30.5,144.5,294.97122
-30.5,145.5,294.07278
-30.5,146.5,293.6445
-30.5,147.5,293.33734
-30.5,148.5,292.7449
-30.5,149.5,291.61615
-30.5,150.5,289.99292
-30.5,151.5,287.0971
-30.5,152.5,288.6081
-29.5,-70.5,285.7491
-29.5,-69.5,277.88846
-29.5,-68.5,284.01242
-29.5,-67.5,285.53485
-29.5,-66.5,293.30066
-29.5,-65.5,295.20874
-29.5,-64.5,294.05414
-29.5,-63.5,292.9758
-29.5,-62.5,294.20697
-29.5,-61.5,293.99548
-29.5,-60.5,293.74704
-29.5,-59.5,293.28378
-29.5,-58.5,292.9157
-29.5,-57.5,292.91995
-29.5,-56.5,293.16486
-29.5,-55.5,292.77902
-29.5,-54.5,292.12286
-29.5,-53.5,292.11044
-29.5,-52.5,291.64026
-29.5,-51.5,291.40268
-29.5,-50.5,291.4501
-29.5,17.5,291.47864
-29.5,18.5,292.52502
-29.5,19.5,292.80658
-29.5,20.5,293.7638
-29.5,21.5,293.95218
-29.5,22.5,293.19916
-29.5,23.5,293.6261
-29.5,24.5,292.79868
-29.5,25.5,291.45746
-29.5,26.5,289.74762
-29.5,27.5,286.89273
-29.5,28.5,284.0361
-29.5,29.5,284.9532
-29.5,30.5,288.94485
-29.5,115.5,293.65848
-29.5,116.5,293.21277
-29.5,117.5,293.18353
-29.5,118.5,293.38535
-29.5,119.5,293.2713
-29.5,120.5,293.43054
-29.5,121.5,293.38815
-29.5,122.5,293.1984
-29.5,123.5,293.3522
-29.5,124.5,293.9277
-29.5,125.5,294.3065
-29.5,126.5,294.3986
-29.5,127.5,294.1456
-29.5,128.5,294.0487
-29.5,129.5,294.08255
-29.5,130.5,294.38736
-29.5,131.5,294.20215
-29.5,132.5,294.51205
-29.5,133.5,294.89432
-29.5,134.5,295.13403
-29.5,135.5,295.34793
-29.5,136.5,295.87717
-29.5,137.5,296.287
-29.5,138.5,296.07843
-29.5,139.5,295.59326
-29.5,140.5,295.9375
-29.5,141.5,295.66855
-29.5,142.5,295.75226
-29.5,143.5,295.40817
-29.5,144.5,295.35663
-29.5,145.5,295.10257
-29.5,146.5,294.87125
-29.5,147.5,294.44
-29.5,148.5,293.77448
-29.5,149.5,293.0715
-29.5,150.5,291.1951
-29.5,151.5,288.22263
-29.5,152.5,288.76196
-28.5,-70.5,288.10648
-28.5,-69.5,276.08127
-28.5,-68.5,276.8022
-28.5,-67.5,282.75638
-28.5,-66.5,290.61414
-28.5,-65.5,293.6272
-28.5,-64.5,294.35593
-28.5,-63.5,294.62897
-28.5,-62.5,294.27142
-28.5,-61.5,294.273
-28.5,-60.5,294.0883
-28.5,-59.5,293.8782
-28.5,-58.5,293.72354
-28.5,-57.5,293.7327
-28.5,-56.5,293.74167
-28.5,-55.5,293.33005
-28.5,-54.5,292.35687
-28.5,-53.5,291.82037
-28.5,-52.5,290.2926
-28.5,-51.5,289.8179
-28.5,-50.5,288.3369
-28.5,-49.5,289.66412
-28.5,16.5,290.98618
-28.5,17.5,293.32806
-28.5,18.5,294.75165
-28.5,19.5,294.07614
-28.5,20.5,294.80466
-28.5,21.5,294.4601
-28.5,22.5,293.74817
-28.5,23.5,292.84467
-28.5,24.5,293.3898
-28.5,25.5,292.6366
-28.5,26.5,290.98795
-28.5,27.5,289.12573
-28.5,28.5,286.10187
-28.5,29.5,287.88583
-28.5,30.5,290.76785
-28.5,31.5,292.98804
-28.5,114.5,293.32913
-28.5,115.5,294.28323
-28.5,116.5,294.58054
-28.5,117.5,294.5564
-28.5,118.5,294.53564
-28.5,119.5,294.55536
-28.5,120.5,294.634
-28.5,121.5,294.46512
-28.5,122.5,294.23575
-28.5,123.5,294.52124
-28.5,124.5,294.74985
-28.5,125.5,294.73242
-28.5,126.5,294.91568
-28.5,127.5,295.2067
-28.5,128.5,295.1669
-28.5,129.5,294.5571
-28.5,130.5,294.39365
-28.5,131.5,294.55774
-28.5,132.5,294.90863
-28.5,133.5,295.4209
-28.5,134.5,296.0764
-28.5,135.5,296.51514
-28.5,136.5,296.87643
-28.5,137.5,297.36365
-28.5,138.5,297.35385
-28.5,139.5,297.0788
-28.5,140.5,296.9068
-28.5,141.5,296.62634
-28.5,142.5,296.80716
-28.5,143.5,296.24084
-28.5,144.5,295.75687
-28.5,145.5,295.61465
-28.5,146.5,295.10165
-28.5,147.5,294.5431
-28.5,148.5,294.357
-28.5,149.5,293.67856
-28.5,150.5,292.52704
-28.5,151.5,290.06506
-28.5,152.5,289.91602
-28.5,153.5,292.04938
-27.5,-70.5,289.3632
-27.5,-69.5,280.52646
-27.5,-68.5,271.7163
-27.5,-67.5,283.3819
-27.5,-66.5,288.04852
-27.5,-65.5,288.32153
-27.5,-64.5,294.3632
-27.5,-63.5,294.97742
-27.5,-62.5,294.56964
-27.5,-61.5,294.48346
-27.5,-60.5,294.4309
-27.5,-59.5,294.35382
-27.5,-58.5,294.5472
-27.5,-57.5,294.55563
-27.5,-56.5,294.2547
-27.5,-55.5,293.71164
-27.5,-54.5,292.37317
-27.5,-53.5,292.59283
-27.5,-52.5,291.7993
-27.5,-51.5,290.31165
-27.5,-50.5,289.1537
-27.5,-49.5,289.5008
-27.5,15.5,290.41748
-27.5,16.5,292.2126
-27.5,17.5,293.97916
-27.5,18.5,294.37173
-27.5,19.5,293.89734
-27.5,20.5,295.23117
-27.5,21.5,295.38135
-27.5,22.5,294.9529
-27.5,23.5,293.1679
-27.5,24.5,293.08182
-27.5,25.5,292.2421
-27.5,26.5,291.89383
-27.5,27.5,290.71338
-27.5,28.5,289.1505
-27.5,29.5,288.59827
-27.5,30.5,290.1876
-27.5,31.5,291.90405
-27.5,32.5,294.9072
-27.5,114.5,294.9782
-27.5,115.5,296.02963
-27.5,116.5,296.10312
-27.5,117.5,295.63724
-27.5,118.5,295.5952
-27.5,119.5,295.345
-27.5,120.5,295.3501
-27.5,121.5,295.0119
-27.5,122.5,295.02505
-27.5,123.5,295.06485
-27.5,124.5,295.27667
-27.5,125.5,295.62106
-27.5,126.5,295.68143
-27.5,127.5,295.84692
-27.5,128.5,295.92596
-27.5,129.5,295.1062
-27.5,130.5,294.94696
-27.5,131.5,294.38577
-27.5,132.5,294.49515
-27.5,133.5,295.37177
-27.5,134.5,296.67883
-27.5,135.5,297.31622
-27.5,136.5,297.4756
-27.5,137.5,297.68478
-27.5,138.5,297.7803
-27.5,139.5,297.86
-27.5,140.5,297.97656
-27.5,141.5,297.90054
-27.5,142.5,297.39862
-27.5,143.5,296.70892
-27.5,144.5,296.1966
-27.5,145.5,295.7202
-27.5,146.5,295.10803
-27.5,147.5,294.37222
-27.5,148.5,294.05936
-27.5,149.5,293.87912
-27.5,150.5,292.77396
-27.5,151.5,290.99118
-27.5,152.5,290.87518
-26.5,-70.5,289.00436
-26.5,-69.5,284.73303
-26.5,-68.5,272.55414
-26.5,-67.5,273.12433
-26.5,-66.5,282.54205
-26.5,-65.5,288.2176
-26.5,-64.5,293.39502
-26.5,-63.5,294.99734
-26.5,-62.5,295.09103
-26.5,-61.5,295.0057
-26.5,-60.5,294.98917
-26.5,-59.5,294.89334
-26.5,-58.5,295.16
-26.5,-57.5,294.99536
-26.5,-56.5,294.55017
-26.5,-55.5,294.3632
-26.5,-54.5,292.98532
-26.5,-53.5,292.58127
-26.5,-52.5,291.6089
-26.5,-51.5,290.4638
-26.5,-50.5,290.06906
-26.5,-49.5,291.9246
-26.5,15.5,293.6823
-26.5,16.5,293.0035
-26.5,17.5,295.3301
-26.5,18.5,295.99988
-26.5,19.5,295.18094
-26.5,20.5,295.62292
-26.5,21.5,296.25842
-26.5,22.5,296.08527
-26.5,23.5,294.97424
-26.5,24.5,293.9921
-26.5,25.5,292.28577
-26.5,26.5,290.88568
-26.5,27.5,290.79865
-26.5,28.5,290.20374
-26.5,29.5,289.36972
-26.5,30.5,289.0229
-26.5,31.5,292.12354
-26.5,32.5,295.18616
-26.5,114.5,296.83994
-26.5,115.5,297.3439
-26.5,116.5,297.21494
-26.5,117.5,296.5884
-26.5,118.5,296.55588
-26.5,119.5,296.18274
-26.5,120.5,296.20496
-26.5,121.5,296.43207
-26.5,122.5,296.43292
-26.5,123.5,296.35486
-26.5,124.5,296.43958
-26.5,125.5,296.60992
-26.5,126.5,296.25885
-26.5,127.5,296.09943
-26.5,128.5,295.89526
-26.5,129.5,294.6458
-26.5,130.5,294.31427
-26.5,131.5,294.0965
-26.5,132.5,294.8298
-26.5,133.5,295.82666
-26.5,134.5,297.03082
-26.5,135.5,297.56192
-26.5,136.5,297.5232
-26.5,137.5,298.0442
-26.5,138.5,298.34476
-26.5,139.5,298.61746
-26.5,140.5,298.38422
-26.5,141.5,298.2314
-26.5,142.5,297.7613
-26.5,143.5,296.9505
-26.5,144.5,296.15686
-26.5,145.5,295.5568
-26.5,146.5,294.6359
-26.5,147.5,293.87024
-26.5,148.5,293.51837
-26.5,149.5,293.63013
-26.5,150.5,292.87796
-26.5,151.5,291.86038
-26.5,152.5,292.15802
-25.5,-70.5,286.02124
-25.5,-69.5,283.17996
-25.5,-68.5,274.48975
-25.5,-67.5,274.31665
-25.5,-66.5,278.18173
-25.5,-65.5,285.82208
-25.5,-64.5,293.5054
-25.5,-63.5,295.1481
-25.5,-62.5,295.4955
-25.5,-61.5,295.68414
-25.5,-60.5,295.6389
-25.5,-59.5,295.64792
-25.5,-58.5,295.9333
-25.5,-57.5,295.76825
-25.5,-56.5,294.86697
-25.5,-55.5,294.27466
-25.5,-54.5,294.32065
-25.5,-53.5,292.48807
-25.5,-52.5,292.25812
-25.5,-51.5,290.79706
-25.5,-50.5,291.10446
-25.5,-49.5,290.59903
-25.5,-48.5,291.213
-25.5,15.5,295.61887
-25.5,16.5,292.79507
-25.5,17.5,294.58508
-25.5,18.5,296.01172
-25.5,19.5,295.59937
-25.5,20.5,295.9681
-25.5,21.5,296.41293
-25.5,22.5,296.49686
-25.5,23.5,295.9338
-25.5,24.5,294.99252
-25.5,25.5,293.06525
-25.5,26.5,292.05096
-25.5,27.5,292.23273
-25.5,28.5,292.43616
-25.5,29.5,290.71594
-25.5,30.5,289.452
-25.5,31.5,293.5788
-25.5,32.5,296.1076
-25.5,45.5,296.9274
-25.5,114.5,298.01608
-25.5,115.5,298.68036
-25.5,116.5,298.24664
-25.5,117.5,298.13126
-25.5,118.5,297.6249
-25.5,119.5,297.13257
-25.5,120.5,296.6019
-25.5,121.5,297.06516
-25.5,122.5,297.35544
-25.5,123.5,297.521
-25.5,124.5,297.52835
-25.5,125.5,297.41284
-25.5,126.5,297.17465
-25.5,127.5,296.83344
-25.5,128.5,295.79346
-25.5,129.5,294.67575
-25.5,130.5,294.85495
-25.5,131.5,295.22122
-25.5,132.5,295.2303
-25.5,133.5,295.96277
-25.5,134.5,296.78232
-25.5,135.5,297.32397
-25.5,136.5,297.59097
-25.5,137.5,298.4059
-25.5,138.5,298.8279
-25.5,139.5,299.11346
-25.5,140.5,298.99597
-25.5,141.5,298.3083
-25.5,142.5,298.01077
-25.5,143.5,297.36133
-25.5,144.5,296.4918
-25.5,145.5,295.7953
-25.5,146.5,294.3764
-25.5,147.5,292.80157
-25.5,148.5,292.39294
-25.5,149.5,293.07016
-25.5,150.5,293.24707
-25.5,151.5,292.58545
-25.5,152.5,293.64496
-24.5,-70.5,284.53043
-24.5,-69.5,285.81955
-24.5,-68.5,279.86972
-24.5,-67.5,275.73883
-24.5,-66.5,277.7125
-24.5,-65.5,286.77975
-24.5,-64.5,295.31204
-24.5,-63.5,295.81363
-24.5,-62.5,296.13428
-24.5,-61.5,296.32108
-24.5,-60.5,296.39346
-24.5,-59.5,296.47458
-24.5,-58.5,296.5601
-24.5,-57.5,296.58017
-24.5,-56.5,296.08295
-24.5,-55.5,295.04965
-24.5,-54.5,294.7992
-24.5,-53.5,294.30835
-24.5,-52.5,293.53238
-24.5,-51.5,291.99622
-24.5,-50.5,291.20877
-24.5,-49.5,291.89636
-24.5,-48.5,291.16714
-24.5,-47.5,293.52914
-24.5,15.5,295.6081
-24.5,16.5,293.76227
-24.5,17.5,295.49652
-24.5,18.5,295.40985
-24.5,19.5,295.4974
-24.5,20.5,295.96597
-24.5,21.5,295.76712
-24.5,22.5,295.80927
-24.5,23.5,295.71527
-24.5,24.5,294.8267
-24.5,25.5,293.96817
-24.5,26.5,294.52008
-24.5,27.5,293.9435
-24.5,28.5,293.2642
-24.5,29.5,291.58163
-24.5,30.5,292.6318
-24.5,31.5,295.68723
-24.5,32.5,296.64233
-24.5,33.5,296.72394
-24.5,34.5,296.4746
-24.5,44.5,297.50375
-24.5,45.5,296.6037
-24.5,46.5,294.84048
-24.5,113.5,296.65875
-24.5,114.5,298.23145
-24.5,115.5,298.86642
-24.5,116.5,299.10257
-24.5,117.5,298.4499
-24.5,118.5,298.67575
-24.5,119.5,298.07007
-24.5,120.5,297.5242
-24.5,121.5,297.91437
-24.5,122.5,298.60306
-24.5,123.5,298.55426
-24.5,124.5,298.74203
-24.5,125.5,298.83014
-24.5,126.5,298.61215
-24.5,127.5,297.64267
-24.5,128.5,296.90256
-24.5,129.5,296.6209
-24.5,130.5,296.69086
-24.5,131.5,295.66537
-24.5,132.5,295.74124
-24.5,133.5,295.88373
-24.5,134.5,296.39362
-24.5,135.5,297.33908
-24.5,136.5,298.19803
-24.5,137.5,298.76923
-24.5,138.5,299.39587
-24.5,139.5,299.76038
-24.5,140.5,299.57306
-24.5,141.5,299.15756
-24.5,142.5,298.74466
-24.5,143.5,298.05997
-24.5,144.5,297.3712
-24.5,145.5,296.46906
-24.5,146.5,294.65567
-24.5,147.5,292.9708
-24.5,148.5,293.1752
-24.5,149.5,293.64716
-24.5,150.5,293.20688
-24.5,151.5,293.83994
-23.5,-70.5,287.3517
-23.5,-69.5,290.88748
-23.5,-68.5,285.00385
-23.5,-67.5,277.6342
-23.5,-66.5,279.78976
-23.5,-65.5,284.1428
-23.5,-64.5,291.04105
-23.5,-63.5,296.06332
-23.5,-62.5,296.63525
-23.5,-61.5,296.72467
-23.5,-60.5,296.93735
-23.5,-59.5,297.13257
-23.5,-58.5,297.21384
-23.5,-57.5,297.09222
-23.5,-56.5,296.348
-23.5,-55.5,295.54623
-23.5,-54.5,295.3533
-23.5,-53.5,295.38742
-23.5,-52.5,294.8167
-23.5,-51.5,294.321
-23.5,-50.5,293.4776
-23.5,-49.5,293.16156
-23.5,-48.5,292.56833
-23.5,-47.5,292.50723
-23.5,-46.5,292.62476
-23.5,-45.5,293.4866
-23.5,14.5,291.27145
-23.5,15.5,295.97424
-23.5,16.5,294.14905
-23.5,17.5,294.5986
-23.5,18.5,295.31323
-23.5,19.5,294.99268
-23.5,20.5,294.98953
-23.5,21.5,295.33478
-23.5,22.5,295.6198
-23.5,23.5,295.78778
-23.5,24.5,295.6662
-23.5,25.5,295.06052
-23.5,26.5,295.00067
-23.5,27.5,294.86954
-23.5,28.5,293.68005
-23.5,29.5,292.0329
-23.5,30.5,293.6459
-23.5,31.5,296.49683
-23.5,32.5,297.28662
-23.5,33.5,297.5474
-23.5,34.5,296.4417
-23.5,44.5,297.19238
-23.5,45.5,295.19852
-23.5,46.5,292.4361
-23.5,47.5,294.03488
-23.5,114.5,299.4042
-23.5,115.5,299.83218
-23.5,116.5,300.36972
-23.5,117.5,300.1449
-23.5,118.5,298.9562
-23.5,119.5,298.30145
-23.5,120.5,298.4317
-23.5,121.5,298.69214
-23.5,122.5,299.77777
-23.5,123.5,300.07617
-23.5,124.5,300.0097
-23.5,125.5,299.87756
-23.5,126.5,299.44437
-23.5,127.5,298.9505
-23.5,128.5,297.98355
-23.5,129.5,297.28503
-23.5,130.5,296.9938
-23.5,131.5,295.92014
-23.5,132.5,296.1526
-23.5,133.5,295.36087
-23.5,134.5,295.51343
-23.5,135.5,296.80533
-23.5,136.5,298.10516
-23.5,137.5,298.41458
-23.5,138.5,299.3577
-23.5,139.5,299.9988
-23.5,140.5,300.0667
-23.5,141.5,299.81894
-23.5,142.5,299.1017
-23.5,143.5,298.496
-23.5,144.5,298.13785
-23.5,145.5,296.629
-23.5,146.5,295.07254
-23.5,147.5,294.58392
-23.5,148.5,294.869
-23.5,149.5,294.14505
-23.5,150.5,294.19183
-22.5,-69.5,290.17126
-22.5,-68.5,282.33575
-22.5,-67.5,274.49817
-22.5,-66.5,278.58688
-22.5,-65.5,282.74664
-22.5,-64.5,288.8717
-22.5,-63.5,295.30292
-22.5,-62.5,297.02518
-22.5,-61.5,297.18088
-22.5,-60.5,297.48203
-22.5,-59.5,297.66736
-22.5,-58.5,297.76263
-22.5,-57.5,297.68225
-22.5,-56.5,296.48743
-22.5,-55.5,295.47153
-22.5,-54.5,295.79434
-22.5,-53.5,295.9027
-22.5,-52.5,295.8607
-22.5,-51.5,295.52167
-22.5,-50.5,295.28354
-22.5,-49.5,294.38474
-22.5,-48.5,293.77896
-22.5,-47.5,294.10895
-22.5,-46.5,291.67508
-22.5,-45.5,291.41354
-22.5,-44.5,290.0412
-22.5,-43.5,295.10092
-22.5,-42.5,294.8013
-22.5,14.5,290.79364
-22.5,15.5,295.66022
-22.5,16.5,294.18585
-22.5,17.5,292.79825
-22.5,18.5,293.96945
-22.5,19.5,294.48325
-22.5,20.5,295.1127
-22.5,21.5,295.66498
-22.5,22.5,296.2344
-22.5,23.5,296.60086
-22.5,24.5,296.4104
-22.5,25.5,295.3321
-22.5,26.5,294.01654
-22.5,27.5,294.51038
-22.5,28.5,295.609
-22.5,29.5,295.82614
-22.5,30.5,294.7212
-22.5,31.5,296.08755
-22.5,32.5,297.53568
-22.5,33.5,297.7889
-22.5,34.5,296.6558
-22.5,35.5,297.30505
-22.5,43.5,297.82532
-22.5,44.5,296.332
-22.5,45.5,294.60004
-22.5,46.5,291.5048
-22.5,47.5,293.68625
-22.5,114.5,299.734
-22.5,115.5,300.77792
-22.5,116.5,300.5569
-22.5,117.5,299.24142
-22.5,118.5,298.33215
-22.5,119.5,299.4847
-22.5,120.5,299.79962
-22.5,121.5,299.81348
-22.5,122.5,300.12827
-22.5,123.5,301.01324
-22.5,124.5,300.77292
-22.5,125.5,300.49768
-22.5,126.5,299.971
-22.5,127.5,299.4461
-22.5,128.5,299.3657
-22.5,129.5,298.72952
-22.5,130.5,297.83765
-22.5,131.5,296.8319
-22.5,132.5,296.50174
-22.5,133.5,295.9162
-22.5,134.5,296.36432
-22.5,135.5,297.24234
-22.5,136.5,298.06717
-22.5,137.5,298.8578
-22.5,138.5,299.58722
-22.5,139.5,299.6697
-22.5,140.5,299.9062
-22.5,141.5,299.66638
-22.5,142.5,299.60263
-22.5,143.5,298.89322
-22.5,144.5,298.41824
-22.5,145.5,296.89572
-22.5,146.5,295.77734
-22.5,147.5,295.41653
-22.5,148.5,294.68832
-22.5,149.5,294.4715
-22.5,150.5,295.3009
-21.5,-69.5,288.6537
-21.5,-68.5,279.63876
-21.5,-67.5,278.8281
-21.5,-66.5,281.45102
-21.5,-65.5,284.51074
-21.5,-64.5,290.69543
-21.5,-63.5,293.9351
-21.5,-62.5,296.80972
-21.5,-61.5,297.71655
-21.5,-60.5,297.98358
-21.5,-59.5,298.21704
-21.5,-58.5,298.39493
-21.5,-57.5,298.003
-21.5,-56.5,296.5678
-21.5,-55.5,296.65836
-21.5,-54.5,296.4614
-21.5,-53.5,296.598
-21.5,-52.5,296.59775
-21.5,-51.5,296.83826
-21.5,-50.5,296.51828
-21.5,-49.5,296.02975
-21.5,-48.5,295.58548
-21.5,-47.5,294.75806
-21.5,-46.5,292.09274
-21.5,-45.5,292.1927
-21.5,-44.5,291.34253
-21.5,-43.5,292.1153
-21.5,-42.5,293.45786
-21.5,-41.5,295.4767
-21.5,14.5,295.15103
-21.5,15.5,295.90448
-21.5,16.5,294.83405
-21.5,17.5,294.20712
-21.5,18.5,293.63916
-21.5,19.5,294.26923
-21.5,20.5,295.45853
-21.5,21.5,296.14453
-21.5,22.5,296.6488
-21.5,23.5,296.95795
-21.5,24.5,296.8949
-21.5,25.5,296.27466
-21.5,26.5,295.33432
-21.5,27.5,294.99463
-21.5,28.5,295.55206
-21.5,29.5,295.72623
-21.5,30.5,295.69858
-21.5,31.5,296.68015
-21.5,32.5,297.0718
-21.5,33.5,297.24628
-21.5,34.5,297.20166
-21.5,44.5,298.93088
-21.5,45.5,296.76926
-21.5,46.5,293.36923
-21.5,47.5,291.95755
-21.5,115.5,300.02386
-21.5,116.5,300.90356
-21.5,117.5,301.03036
-21.5,118.5,301.11768
-21.5,119.5,301.3318
-21.5,120.5,301.30203
-21.5,121.5,301.0281
-21.5,122.5,301.45294
-21.5,123.5,301.7229
-21.5,124.5,301.45975
-21.5,125.5,301.15887
-21.5,126.5,300.7108
-21.5,127.5,299.40375
-21.5,128.5,299.60226
-21.5,129.5,299.66013
-21.5,130.5,298.75797
-21.5,131.5,298.4778
-21.5,132.5,297.9946
-21.5,133.5,297.2031
-21.5,134.5,297.31122
-21.5,135.5,298.00006
-21.5,136.5,298.93268
-21.5,137.5,299.83017
-21.5,138.5,300.05432
-21.5,139.5,299.25034
-21.5,140.5,299.35815
-21.5,141.5,299.80215
-21.5,142.5,300.01465
-21.5,143.5,299.27036
-21.5,144.5,298.12436
-21.5,145.5,296.80573
-21.5,146.5,296.5648
-21.5,147.5,295.84073
-21.5,148.5,294.1793
-21.5,165.5,295.69864
-20.5,-69.5,287.03207
-20.5,-68.5,279.72318
-20.5,-67.5,283.25403
-20.5,-66.5,282.7213
-20.5,-65.5,283.96817
-20.5,-64.5,286.8457
-20.5,-63.5,294.26108
-20.5,-62.5,296.5128
-20.5,-61.5,297.52667
-20.5,-60.5,298.2644
-20.5,-59.5,298.6684
-20.5,-58.5,298.79602
-20.5,-57.5,298.3538
-20.5,-56.5,297.31992
-20.5,-55.5,297.816
-20.5,-54.5,297.12808
-20.5,-53.5,296.94672
-20.5,-52.5,297.29755
-20.5,-51.5,297.28674
-20.5,-50.5,296.95813
-20.5,-49.5,296.45184
-20.5,-48.5,296.17117
-20.5,-47.5,295.0398
-20.5,-46.5,293.52182
-20.5,-45.5,293.12152
-20.5,-44.5,292.42728
-20.5,-43.5,293.3817
-20.5,-42.5,294.06375
-20.5,-41.5,292.89355
-20.5,-40.5,293.8374
-20.5,13.5,292.5353
-20.5,14.5,296.96613
-20.5,15.5,295.68378
-20.5,16.5,294.12344
-20.5,17.5,294.19592
-20.5,18.5,295.0455
-20.5,19.5,295.20303
-20.5,20.5,295.98956
-20.5,21.5,296.65482
-20.5,22.5,296.80603
-20.5,23.5,297.10394
-20.5,24.5,297.52756
-20.5,25.5,297.63922
-20.5,26.5,296.35486
-20.5,27.5,294.848
-20.5,28.5,293.88757
-20.5,29.5,293.69116
-20.5,30.5,293.94672
-20.5,31.5,294.74054
-20.5,32.5,295.8128
-20.5,33.5,296.596
-20.5,34.5,297.4316
-20.5,44.5,298.92767
-20.5,45.5,297.54694
-20.5,46.5,293.63986
-20.5,47.5,290.98148
-20.5,48.5,294.85123
-20.5,118.5,301.05804
-20.5,119.5,301.8052
-20.5,120.5,301.62982
-20.5,121.5,301.5707
-20.5,122.5,301.9528
-20.5,123.5,302.02255
-20.5,124.5,301.98083
-20.5,125.5,301.95773
-20.5,126.5,301.52994
-20.5,127.5,300.38913
-20.5,128.5,299.88803
-20.5,129.5,300.0069
-20.5,130.5,299.85056
-20.5,131.5,300.02603
-20.5,132.5,299.8162
-20.5,133.5,299.3113
-20.5,134.5,298.86752
-20.5,135.5,299.0529
-20.5,136.5,299.7006
-20.5,137.5,300.42944
-20.5,138.5,300.1425
-20.5,139.5,298.87128
-20.5,140.5,299.76093
-20.5,141.5,300.4722
-20.5,142.5,300.13095
-20.5,143.5,298.68445
-20.5,144.5,296.03714
-20.5,145.5,295.39584
-20.5,146.5,296.5193
-20.5,147.5,295.32532
-20.5,148.5,295.01382
-19.5,-69.5,285.36252
-19.5,-68.5,280.60202
-19.5,-67.5,284.1397
-19.5,-66.5,283.12143
-19.5,-65.5,284.74292
-19.5,-64.5,288.5393
-19.5,-63.5,293.8797
-19.5,-62.5,296.82864
-19.5,-61.5,297.28815
-19.5,-60.5,297.9241
-19.5,-59.5,298.0752
-19.5,-58.5,298.4449
-19.5,-57.5,298.75473
-19.5,-56.5,299.2627
-19.5,-55.5,298.6727
-19.5,-54.5,297.80807
-19.5,-53.5,296.52194
-19.5,-52.5,296.7297
-19.5,-51.5,296.85526
-19.5,-50.5,297.46396
-19.5,-49.5,296.50934
-19.5,-48.5,295.76233
-19.5,-47.5,294.51526
-19.5,-46.5,293.1104
-19.5,-45.5,294.15076
-19.5,-44.5,294.13126
-19.5,-43.5,294.0749
-19.5,-42.5,293.05707
-19.5,-41.5,294.45935
-19.5,-40.5,294.96896
-19.5,13.5,297.32083
-19.5,14.5,296.52216
-19.5,15.5,296.3082
-19.5,16.5,296.01514
-19.5,17.5,295.15524
-19.5,18.5,295.19528
-19.5,19.5,295.74496
-19.5,20.5,295.84027
-19.5,21.5,296.40497
-19.5,22.5,296.80435
-19.5,23.5,296.85458
-19.5,24.5,296.84622
-19.5,25.5,296.19696
-19.5,26.5,295.62253
-19.5,27.5,294.9222
-19.5,28.5,293.99686
-19.5,29.5,292.85608
-19.5,30.5,292.83585
-19.5,31.5,292.86584
-19.5,32.5,292.47833
-19.5,33.5,294.85168
-19.5,34.5,296.96204
-19.5,44.5,298.96384
-19.5,45.5,296.87366
-19.5,46.5,292.06732
-19.5,47.5,289.29047
-19.5,48.5,293.80478
-19.5,121.5,301.58664
-19.5,122.5,301.86118
-19.5,123.5,301.68335
-19.5,124.5,301.77478
-19.5,125.5,301.8787
-19.5,126.5,301.57132
-19.5,127.5,300.8116
-19.5,128.5,300.24457
-19.5,129.5,299.42642
-19.5,130.5,300.0273
-19.5,131.5,300.41922
-19.5,132.5,300.35437
-19.5,133.5,299.9027
-19.5,134.5,299.681
-19.5,135.5,300.26193
-19.5,136.5,300.69882
-19.5,137.5,300.70074
-19.5,138.5,300.06244
-19.5,139.5,299.44598
-19.5,140.5,300.58286
-19.5,141.5,300.52686
-19.5,142.5,299.353
-19.5,143.5,296.86362
-19.5,144.5,294.334
-19.5,145.5,295.05194
-19.5,146.5,295.8136
-18.5,-69.5,283.83105
-18.5,-68.5,281.0751
-18.5,-67.5,283.15543
-18.5,-66.5,282.15503
-18.5,-65.5,286.12976
-18.5,-64.5,290.12125
-18.5,-63.5,293.8801
-18.5,-62.5,297.42734
-18.5,-61.5,297.34827
-18.5,-60.5,297.20923
-18.5,-59.5,297.23615
-18.5,-58.5,298.01807
-18.5,-57.5,298.9057
-18.5,-56.5,299.8464
-18.5,-55.5,299.62695
-18.5,-54.5,297.8685
-18.5,-53.5,297.03156
-18.5,-52.5,295.88953
-18.5,-51.5,296.04303
-18.5,-50.5,296.74197
-18.5,-49.5,296.51694
-18.5,-48.5,295.63354
-18.5,-47.5,294.57272
-18.5,-46.5,294.4101
-18.5,-45.5,295.01584
-18.5,-44.5,295.3255
-18.5,-43.5,293.0736
-18.5,-42.5,294.25867
-18.5,-41.5,295.8549
-18.5,-40.5,295.47345
-18.5,12.5,294.5798
-18.5,13.5,297.13916
-18.5,14.5,296.3844
-18.5,15.5,297.66995
-18.5,16.5,297.56458
-18.5,17.5,296.42038
-18.5,18.5,296.00137
-18.5,19.5,295.95273
-18.5,20.5,296.05542
-18.5,21.5,296.20554
-18.5,22.5,296.40985
-18.5,23.5,296.72165
-18.5,24.5,296.69635
-18.5,25.5,295.84158
-18.5,26.5,295.93723
-18.5,27.5,295.59015
-18.5,28.5,295.1941
-18.5,29.5,294.18378
-18.5,30.5,293.31274
-18.5,31.5,291.78293
-18.5,32.5,292.65927
-18.5,33.5,294.40378
-18.5,34.5,296.0951
-18.5,35.5,296.97638
-18.5,36.5,298.45074
-18.5,44.5,298.66022
-18.5,45.5,297.39398
-18.5,46.5,293.3647
-18.5,47.5,290.68033
-18.5,48.5,293.42282
-18.5,122.5,301.27493
-18.5,123.5,301.86404
-18.5,124.5,302.17358
-18.5,125.5,301.87595
-18.5,126.5,301.60455
-18.5,127.5,300.8294
-18.5,128.5,300.5404
-18.5,129.5,299.5347
-18.5,130.5,300.33835
-18.5,131.5,300.91174
-18.5,132.5,300.73526
-18.5,133.5,300.3271
-18.5,134.5,300.84763
-18.5,135.5,301.0491
-18.5,136.5,300.44113
-18.5,137.5,299.91232
-18.5,138.5,300.1376
-18.5,139.5,300.75137
-18.5,140.5,301.11746
-18.5,141.5,300.55502
-18.5,142.5,299.71252
-18.5,143.5,297.4976
-18.5,144.5,295.30762
-18.5,145.5,294.31754
-17.5,-70.5,284.98438
-17.5,-69.5,279.33087
-17.5,-68.5,280.3466
-17.5,-67.5,281.7017
-17.5,-66.5,281.69955
-17.5,-65.5,293.7666
-17.5,-64.5,292.52563
-17.5,-63.5,295.56366
-17.5,-62.5,297.55212
-17.5,-61.5,297.7977
-17.5,-60.5,297.54175
-17.5,-59.5,297.57153
-17.5,-58.5,298.96677
-17.5,-57.5,299.58444
-17.5,-56.5,299.90173
-17.5,-55.5,299.6395
-17.5,-54.5,298.21356
-17.5,-53.5,296.70593
-17.5,-52.5,296.3489
-17.5,-51.5,296.34866
-17.5,-50.5,296.66913
-17.5,-49.5,296.16177
-17.5,-48.5,295.43066
-17.5,-47.5,295.31653
-17.5,-46.5,295.74326
-17.5,-45.5,296.04712
-17.5,-44.5,295.88922
-17.5,-43.5,292.8888
-17.5,-42.5,294.24548
-17.5,-41.5,293.63538
-17.5,-40.5,296.1016
-17.5,-39.5,297.11502
-17.5,12.5,296.6958
-17.5,13.5,296.69614
-17.5,14.5,297.02417
-17.5,15.5,297.43137
-17.5,16.5,296.73178
-17.5,17.5,296.22116
-17.5,18.5,296.07883
-17.5,19.5,296.02325
-17.5,20.5,296.03534
-17.5,21.5,296.13345
-17.5,22.5,296.41193
-17.5,23.5,296.39154
-17.5,24.5,296.32922
-17.5,25.5,296.51425
-17.5,26.5,295.87772
-17.5,27.5,295.59982
-17.5,28.5,296.46732
-17.5,29.5,295.28098
-17.5,30.5,293.46655
-17.5,31.5,292.42978
-17.5,32.5,294.15884
-17.5,33.5,295.98822
-17.5,34.5,297.85815
-17.5,35.5,298.11697
-17.5,36.5,297.34024
-17.5,37.5,298.0564
-17.5,44.5,299.0901
-17.5,45.5,297.5484
-17.5,46.5,296.64145
-17.5,47.5,293.37933
-17.5,48.5,291.76318
-17.5,122.5,301.26184
-17.5,123.5,301.85413
-17.5,124.5,301.97937
-17.5,125.5,301.3667
-17.5,126.5,300.83466
-17.5,127.5,299.92813
-17.5,128.5,300.7848
-17.5,129.5,300.64062
-17.5,130.5,301.0488
-17.5,131.5,301.55182
-17.5,132.5,300.8009
-17.5,133.5,300.86505
-17.5,134.5,300.65106
-17.5,135.5,300.47186
-17.5,136.5,299.94604
-17.5,137.5,299.45453
-17.5,138.5,299.93225
-17.5,139.5,300.2781
-17.5,141.5,300.44913
-17.5,142.5,299.94403
-17.5,143.5,298.7364
-17.5,144.5,296.24387
-17.5,145.5,295.41635
-16.5,-72.5,288.71133
-16.5,-71.5,286.19006
-16.5,-70.5,280.44406
-16.5,-69.5,280.1563
-16.5,-68.5,279.25967
-16.5,-67.5,284.07086
-16.5,-66.5,290.69775
-16.5,-65.5,295.4731
-16.5,-64.5,297.45206
-16.5,-63.5,297.59515
-16.5,-62.5,297.65424
-16.5,-61.5,297.35507
-16.5,-60.5,297.59305
-16.5,-59.5,298.45905
-16.5,-58.5,299.64844
-16.5,-57.5,299.9468
-16.5,-56.5,299.6796
-16.5,-55.5,299.026
-16.5,-54.5,298.1503
-16.5,-53.5,297.44183
-16.5,-52.5,297.54645
-16.5,-51.5,297.53592
-16.5,-50.5,296.42502
-16.5,-49.5,295.43738
-16.5,-48.5,294.96173
-16.5,-47.5,295.3499
-16.5,-46.5,296.01425
-16.5,-45.5,296.7111
-16.5,-44.5,295.6457
-16.5,-43.5,294.4852
-16.5,-42.5,294.24518
-16.5,-41.5,294.0218
-16.5,-40.5,295.18283
-16.5,-39.5,296.22464
-16.5,12.5,297.82083
-16.5,13.5,296.56433
-16.5,14.5,296.0951
-16.5,15.5,296.5702
-16.5,16.5,295.99625
-16.5,17.5,295.80545
-16.5,18.5,295.84973
-16.5,19.5,295.83917
-16.5,20.5,295.778
-16.5,21.5,296.23773
-16.5,22.5,296.57684
-16.5,23.5,296.20996
-16.5,24.5,295.82886
-16.5,25.5,295.67578
-16.5,26.5,295.15
-16.5,27.5,295.64148
-16.5,28.5,296.28366
-16.5,29.5,296.43378
-16.5,30.5,295.8968
-16.5,31.5,296.4208
-16.5,32.5,296.84872
-16.5,33.5,297.95502
-16.5,34.5,298.38373
-16.5,35.5,296.41287
-16.5,36.5,295.2617
-16.5,37.5,296.95587
-16.5,38.5,297.5253
-16.5,39.5,298.604
-16.5,45.5,299.16052
-16.5,46.5,299.25638
-16.5,47.5,296.35635
-16.5,48.5,293.11685
-16.5,49.5,294.1452
-16.5,124.5,300.67508
-16.5,125.5,299.47696
-16.5,126.5,299.23544
-16.5,127.5,300.0954
-16.5,128.5,301.22156
-16.5,129.5,301.0268
-16.5,130.5,301.05496
-16.5,131.5,301.61627
-16.5,132.5,300.5266
-16.5,133.5,300.45038
-16.5,134.5,300.23743
-16.5,135.5,300.32584
-16.5,136.5,300.2324
-16.5,137.5,299.7132
-16.5,141.5,300.30875
-16.5,142.5,300.23373
-16.5,143.5,299.06665
-16.5,144.5,296.4689
-16.5,145.5,294.25684
-15.5,-74.5,287.9605
-15.5,-73.5,288.775
-15.5,-72.5,284.13168
-15.5,-71.5,277.34592
-15.5,-70.5,280.0717
-15.5,-69.5,277.62646
-15.5,-68.5,285.77698
-15.5,-67.5,292.52127
-15.5,-66.5,298.524
-15.5,-65.5,297.98367
-15.5,-64.5,298.3911
-15.5,-63.5,297.99973
-15.5,-62.5,297.9352
-15.5,-61.5,298.12946
-15.5,-60.5,298.66412
-15.5,-59.5,298.5747
-15.5,-58.5,298.10254
-15.5,-57.5,298.7506
-15.5,-56.5,299.08496
-15.5,-55.5,298.75742
-15.5,-54.5,297.44675
-15.5,-53.5,297.30527
-15.5,-52.5,298.44846
-15.5,-51.5,298.72284
-15.5,-50.5,297.53607
-15.5,-49.5,295.83676
-15.5,-48.5,295.124
-15.5,-47.5,295.4155
-15.5,-46.5,295.53903
-15.5,-45.5,296.24112
-15.5,-44.5,295.9218
-15.5,-43.5,296.64804
-15.5,-42.5,294.0534
-15.5,-41.5,293.2762
-15.5,-40.5,294.32996
-15.5,-39.5,296.02115
-15.5,12.5,298.0358
-15.5,13.5,294.83542
-15.5,14.5,294.68658
-15.5,15.5,295.41818
-15.5,16.5,294.76575
-15.5,17.5,294.65604
-15.5,18.5,294.81335
-15.5,19.5,295.18173
-15.5,20.5,295.11356
-15.5,21.5,296.01382
-15.5,22.5,296.4237
-15.5,23.5,296.14032
-15.5,24.5,295.15808
-15.5,25.5,294.84262
-15.5,26.5,295.01303
-15.5,27.5,294.9303
-15.5,28.5,295.2479
-15.5,29.5,295.98935
-15.5,30.5,296.64142
-15.5,31.5,296.71045
-15.5,32.5,296.98383
-15.5,33.5,296.12735
-15.5,34.5,295.5652
-15.5,35.5,294.85312
-15.5,36.5,294.831
-15.5,37.5,294.72998
-15.5,38.5,296.1036
-15.5,39.5,297.5578
-15.5,47.5,298.85614
-15.5,48.5,295.67197
-15.5,49.5,293.12204
-15.5,125.5,299.82544
-15.5,126.5,299.3455
-15.5,127.5,300.30103
-15.5,128.5,300.87244
-15.5,129.5,301.77054
-15.5,130.5,301.0795
-15.5,131.5,300.96304
-15.5,132.5,300.32138
-15.5,133.5,300.64432
-15.5,134.5,300.76025
-15.5,135.5,300.3423
-15.5,141.5,300.25156
-15.5,142.5,299.81277
-15.5,143.5,299.09244
-15.5,144.5,297.63715
-14.5,-75.5,290.10785
-14.5,-74.5,287.12842
-14.5,-73.5,281.4449
-14.5,-72.5,279.86127
-14.5,-71.5,279.2769
-14.5,-70.5,277.59305
-14.5,-69.5,282.61197
-14.5,-68.5,290.76907
-14.5,-67.5,296.929
-14.5,-66.5,297.96948
-14.5,-65.5,298.47815
-14.5,-64.5,298.6244
-14.5,-63.5,298.31967
-14.5,-62.5,298.4078
-14.5,-61.5,298.7642
-14.5,-60.5,298.97238
-14.5,-59.5,297.74884
-14.5,-58.5,297.3917
-14.5,-57.5,297.83612
-14.5,-56.5,298.53122
-14.5,-55.5,298.35858
-14.5,-54.5,297.48257
-14.5,-53.5,297.1668
-14.5,-52.5,298.2486
-14.5,-51.5,299.02914
-14.5,-50.5,298.80722
-14.5,-49.5,298.0307
-14.5,-48.5,297.51303
-14.5,-47.5,296.71133
-14.5,-46.5,296.5806
-14.5,-45.5,296.20294
-14.5,-44.5,296.2535
-14.5,-43.5,297.94165
-14.5,-42.5,296.3782
-14.5,-41.5,296.43192
-14.5,-40.5,295.33887
-14.5,-39.5,296.10934
-14.5,12.5,295.77927
-14.5,13.5,294.9072
-14.5,14.5,293.84705
-14.5,15.5,293.8881
-14.5,16.5,293.11234
-14.5,17.5,293.40118
-14.5,18.5,293.6054
-14.5,19.5,294.13416
-14.5,20.5,294.34485
-14.5,21.5,295.21857
-14.5,22.5,296.4613
-14.5,23.5,295.66748
-14.5,24.5,294.85733
-14.5,25.5,294.83722
-14.5,26.5,294.33447
-14.5,27.5,294.10596
-14.5,28.5,294.25046
-14.5,29.5,295.60977
-14.5,30.5,296.48346
-14.5,31.5,295.38806
-14.5,32.5,294.41995
-14.5,33.5,294.4921
-14.5,34.5,295.067
-14.5,35.5,296.76117
-14.5,36.5,295.55
-14.5,37.5,295.88547
-14.5,38.5,296.55954
-14.5,39.5,297.0891
-14.5,40.5,298.35947
-14.5,48.5,296.09268
-14.5,49.5,293.35736
-14.5,126.5,300.39676
-14.5,127.5,300.5758
-14.5,130.5,300.0196
-14.5,131.5,299.85727
-14.5,132.5,299.6994
-14.5,133.5,300.04355
-14.5,134.5,300.45255
-14.5,135.5,300.39923
-14.5,142.5,298.9441
-14.5,143.5,298.61932
-14.5,144.5,299.2406
-13.5,-75.5,284.22308
-13.5,-74.5,280.54706
-13.5,-73.5,281.35895
-13.5,-72.5,280.3667
-13.5,-71.5,282.59393
-13.5,-70.5,283.87683
-13.5,-69.5,291.9369
-13.5,-68.5,296.58575
-13.5,-67.5,298.3494
-13.5,-66.5,298.98697
-13.5,-65.5,299.32858
-13.5,-64.5,299.33102
-13.5,-63.5,299.10626
-13.5,-62.5,298.62863
-13.5,-61.5,299.10468
-13.5,-60.5,298.04718
-13.5,-59.5,297.30887
-13.5,-58.5,297.60492
-13.5,-57.5,297.46344
-13.5,-56.5,297.8328
-13.5,-55.5,297.9072
-13.5,-54.5,297.9103
-13.5,-53.5,298.35272
-13.5,-52.5,298.67618
-13.5,-51.5,298.8222
-13.5,-50.5,299.26965
-13.5,-49.5,298.95404
-13.5,-48.5,298.24283
-13.5,-47.5,297.657
-13.5,-46.5,296.54504
-13.5,-45.5,296.0662
-13.5,-44.5,296.35352
-13.5,-43.5,297.8341
-13.5,-42.5,295.5863
-13.5,-41.5,296.2553
-13.5,-40.5,296.91415
-13.5,-39.5,295.9475
-13.5,13.5,296.21918
-13.5,14.5,293.6214
-13.5,15.5,291.93787
-13.5,16.5,292.06888
-13.5,17.5,292.7838
-13.5,18.5,292.76587
-13.5,19.5,293.40448
-13.5,20.5,293.97345
-13.5,21.5,295.28735
-13.5,22.5,296.16556
-13.5,23.5,295.04834
-13.5,24.5,294.91
-13.5,25.5,294.18835
-13.5,26.5,293.5379
-13.5,27.5,293.9713
-13.5,28.5,293.55078
-13.5,29.5,293.16183
-13.5,30.5,293.3247
-13.5,31.5,295.7742
-13.5,32.5,294.67267
-13.5,33.5,293.24466
-13.5,34.5,295.49323
-13.5,35.5,293.96243
-13.5,36.5,295.3228
-13.5,37.5,296.38303
-13.5,38.5,297.19623
-13.5,39.5,297.19705
-13.5,40.5,298.02893
-13.5,48.5,296.16107
-13.5,49.5,297.08444
-13.5,130.5,299.743
-13.5,131.5,299.97287
-13.5,132.5,299.28705
-13.5,133.5,298.99536
-13.5,134.5,299.80792
-13.5,135.5,299.93076
-13.5,142.5,298.80286
-13.5,143.5,298.02304
-12.5,-76.5,284.9921
-12.5,-75.5,281.5772
-12.5,-74.5,284.6758
-12.5,-73.5,292.45132
-12.5,-72.5,287.4324
-12.5,-71.5,290.12604
-12.5,-70.5,296.83908
-12.5,-69.5,298.05878
-12.5,-68.5,298.59344
-12.5,-67.5,298.94153
-12.5,-66.5,299.27582
-12.5,-65.5,299.4329
-12.5,-64.5,299.19562
-12.5,-63.5,299.03943
-12.5,-62.5,298.96463
-12.5,-61.5,298.96332
-12.5,-60.5,298.15497
-12.5,-59.5,297.5182
-12.5,-58.5,298.14316
-12.5,-57.5,298.01154
-12.5,-56.5,298.17673
-12.5,-55.5,298.17737
-12.5,-54.5,297.96182
-12.5,-53.5,298.72113
-12.5,-52.5,298.82718
-12.5,-51.5,299.24985
-12.5,-50.5,299.83887
-12.5,-49.5,298.81912
-12.5,-48.5,298.71304
-12.5,-47.5,298.1616
-12.5,-46.5,296.86325
-12.5,-45.5,296.24698
-12.5,-44.5,296.6802
-12.5,-43.5,297.43338
-12.5,-42.5,294.91238
-12.5,-41.5,293.92435
-12.5,-40.5,296.5406
-12.5,-39.5,297.10593
-12.5,-38.5,297.84235
-12.5,13.5,295.0466
-12.5,14.5,294.5055
-12.5,15.5,292.10687
-12.5,16.5,292.0735
-12.5,17.5,293.07336
-12.5,18.5,293.30032
-12.5,19.5,293.35764
-12.5,20.5,294.60217
-12.5,21.5,296.07166
-12.5,22.5,295.7522
-12.5,23.5,294.36142
-12.5,24.5,293.69385
-12.5,25.5,293.97928
-12.5,26.5,293.2753
-12.5,27.5,293.63446
-12.5,28.5,294.10272
-12.5,29.5,293.9746
-12.5,30.5,292.89178
-12.5,31.5,293.92236
-12.5,32.5,296.03656
-12.5,33.5,293.924
-12.5,34.5,296.00665
-12.5,35.5,293.47525
-12.5,36.5,295.9166
-12.5,37.5,297.1366
-12.5,38.5,297.8408
-12.5,39.5,297.63425
-12.5,40.5,298.52304
-12.5,49.5,297.8215
-12.5,131.5,300.24045
-12.5,132.5,299.9051
-12.5,133.5,299.46118
-12.5,134.5,299.74005
-12.5,135.5,299.7919
-12.5,136.5,300.40216
-12.5,142.5,299.1435
-11.5,-76.5,288.28842
-11.5,-75.5,284.51636
-11.5,-74.5,287.81235
-11.5,-73.5,298.18976
-11.5,-72.5,297.16052
-11.5,-71.5,297.73254
-11.5,-70.5,298.1445
-11.5,-69.5,298.22662
-11.5,-68.5,298.52716
-11.5,-67.5,298.81976
-11.5,-66.5,299.0366
-11.5,-65.5,299.2042
-11.5,-64.5,298.89154
-11.5,-63.5,298.65668
-11.5,-62.5,298.83893
-11.5,-61.5,298.71814
-11.5,-60.5,298.39087
-11.5,-59.5,298.2851
-11.5,-58.5,298.5238
-11.5,-57.5,298.11557
-11.5,-56.5,297.78006
-11.5,-55.5,298.11075
-11.5,-54.5,298.26172
-11.5,-53.5,298.69025
-11.5,-52.5,298.7803
-11.5,-51.5,299.0387
-11.5,-50.5,300.09375
-11.5,-49.5,299.50214
-11.5,-48.5,299.24973
-11.5,-47.5,298.5795
-11.5,-46.5,297.5846
-11.5,-45.5,296.67896
-11.5,-44.5,297.8141
-11.5,-43.5,298.73462
-11.5,-42.5,298.14722
-11.5,-41.5,295.1445
-11.5,-40.5,295.81326
-11.5,-39.5,297.7811
-11.5,-38.5,297.74026
-11.5,-37.5,298.2366
-11.5,14.5,294.44907
-11.5,15.5,291.87952
-11.5,16.5,292.03836
-11.5,17.5,293.72
-11.5,18.5,293.99072
-11.5,19.5,293.5667
-11.5,20.5,294.9294
-11.5,21.5,296.1994
-11.5,22.5,295.69852
-11.5,23.5,294.38104
-11.5,24.5,293.488
-11.5,25.5,293.08243
-11.5,26.5,293.02307
-11.5,27.5,293.94986
-11.5,28.5,294.18298
-11.5,29.5,294.3544
-11.5,30.5,294.1906
-11.5,31.5,293.36813
-11.5,32.5,294.64807
-11.5,33.5,293.26782
-11.5,34.5,294.49625
-11.5,35.5,294.28845
-11.5,36.5,296.02563
-11.5,37.5,297.47626
-11.5,38.5,298.4164
-11.5,39.5,299.5257
-11.5,142.5,299.9547
-10.5,-77.5,286.43845
-10.5,-76.5,280.1897
-10.5,-75.5,293.93948
-10.5,-74.5,297.79468
-10.5,-73.5,297.81714
-10.5,-72.5,297.61975
-10.5,-71.5,297.7133
-10.5,-70.5,298.29532
-10.5,-69.5,298.5805
-10.5,-68.5,298.65927
-10.5,-67.5,299.00122
-10.5,-66.5,299.20682
-10.5,-65.5,299.15588
-10.5,-64.5,299.1298
-10.5,-63.5,298.60095
-10.5,-62.5,298.84946
-10.5,-61.5,299.15842
-10.5,-60.5,298.8566
-10.5,-59.5,299.1322
-10.5,-58.5,298.89194
-10.5,-57.5,298.79718
-10.5,-56.5,298.5986
-10.5,-55.5,298.56592
-10.5,-54.5,298.0617
-10.5,-53.5,298.4174
-10.5,-52.5,299.0682
-10.5,-51.5,299.3405
-10.5,-50.5,299.7535
-10.5,-49.5,299.68604
-10.5,-48.5,299.00708
-10.5,-47.5,300.37805
-10.5,-46.5,298.6726
-10.5,-45.5,297.55017
-10.5,-44.5,298.18716
-10.5,-43.5,298.6254
-10.5,-42.5,299.35507
-10.5,-41.5,298.83826
-10.5,-40.5,297.2804
-10.5,-39.5,297.6124
-10.5,-38.5,297.95993
-10.5,-37.5,298.33417
-10.5,14.5,296.3655
-10.5,15.5,293.5772
-10.5,16.5,294.02597
-10.5,17.5,294.91858
-10.5,18.5,294.6437
-10.5,19.5,294.6855
-10.5,20.5,295.04636
-10.5,21.5,295.50998
-10.5,22.5,295.8769
-10.5,23.5,295.54724
-10.5,24.5,295.22003
-10.5,25.5,294.11572
-10.5,26.5,293.5219
-10.5,27.5,293.9241
-10.5,28.5,294.02573
-10.5,29.5,293.71887
-10.5,30.5,293.56335
-10.5,31.5,293.28955
-10.5,32.5,294.20184
-10.5,33.5,292.78403
-10.5,34.5,293.6373
-10.5,35.5,294.035
-10.5,36.5,295.18082
-10.5,37.5,296.38074
-10.5,38.5,297.76587
-10.5,39.5,297.3442
-9.5,-77.5,285.25836
-9.5,-76.5,289.54434
-9.5,-75.5,293.62463
-9.5,-74.5,299.26184
-9.5,-73.5,298.08493
-9.5,-72.5,297.9181
-9.5,-71.5,298.2121
-9.5,-70.5,298.41718
-9.5,-69.5,298.7652
-9.5,-68.5,298.96347
-9.5,-67.5,298.97806
-9.5,-66.5,299.26447
-9.5,-65.5,299.46616
-9.5,-64.5,299.1442
-9.5,-63.5,299.35144
-9.5,-62.5,299.4138
-9.5,-61.5,299.1732
-9.5,-60.5,299.34744
-9.5,-59.5,299.01654
-9.5,-58.5,298.83932
-9.5,-57.5,299.05484
-9.5,-56.5,298.59854
-9.5,-55.5,298.18375
-9.5,-54.5,297.97797
-9.5,-53.5,298.16876
-9.5,-52.5,298.4116
-9.5,-51.5,298.59515
-9.5,-50.5,298.8675
-9.5,-49.5,299.93097
-9.5,-48.5,299.557
-9.5,-47.5,300.0879
-9.5,-46.5,298.9116
-9.5,-45.5,298.57602
-9.5,-44.5,298.0944
-9.5,-43.5,298.3562
-9.5,-42.5,299.23676
-9.5,-41.5,298.63196
-9.5,-40.5,298.5253
-9.5,-39.5,298.6422
-9.5,-38.5,298.37082
-9.5,-37.5,298.44385
-9.5,-36.5,297.11752
-9.5,13.5,299.17273
-9.5,14.5,297.40314
-9.5,15.5,295.8075
-9.5,16.5,295.1118
-9.5,17.5,296.12717
-9.5,18.5,295.8624
-9.5,19.5,295.22134
-9.5,20.5,295.73422
-9.5,21.5,295.8274
-9.5,22.5,295.88287
-9.5,23.5,295.90778
-9.5,24.5,295.76465
-9.5,25.5,296.87518
-9.5,26.5,297.27646
-9.5,27.5,295.02847
-9.5,28.5,294.46796
-9.5,29.5,294.33902
-9.5,30.5,293.49954
-9.5,31.5,292.41556
-9.5,32.5,292.90982
-9.5,33.5,291.90942
-9.5,34.5,292.62192
-9.5,35.5,293.58362
-9.5,36.5,295.81122
-9.5,37.5,297.1035
-9.5,38.5,298.11142
-9.5,39.5,298.07104
-9.5,124.5,297.83813
-9.5,147.5,295.71375
-9.5,148.5,294.23138
-9.5,149.5,294.73422
-8.5,-78.5,286.51923
-8.5,-77.5,281.54123
-8.5,-76.5,287.51123
-8.5,-75.5,296.352
-8.5,-74.5,298.7377
-8.5,-73.5,298.7031
-8.5,-72.5,298.4399
-8.5,-71.5,298.56436
-8.5,-70.5,298.6494
-8.5,-69.5,298.68762
-8.5,-68.5,298.95557
-8.5,-67.5,299.16086
-8.5,-66.5,299.4187
-8.5,-65.5,299.4901
-8.5,-64.5,299.5348
-8.5,-63.5,299.56424
-8.5,-62.5,299.56064
-8.5,-61.5,299.79343
-8.5,-60.5,299.53104
-8.5,-59.5,299.65198
-8.5,-58.5,299.6609
-8.5,-57.5,299.02423
-8.5,-56.5,298.7512
-8.5,-55.5,298.30292
-8.5,-54.5,298.0334
-8.5,-53.5,298.30817
-8.5,-52.5,298.76224
-8.5,-51.5,298.38797
-8.5,-50.5,298.1719
-8.5,-49.5,300.03604
-8.5,-48.5,300.19888
-8.5,-47.5,299.74338
-8.5,-46.5,298.29208
-8.5,-45.5,299.0181
-8.5,-44.5,299.19315
-8.5,-43.5,299.69382
-8.5,-42.5,299.8564
-8.5,-41.5,299.4813
-8.5,-40.5,298.60297
-8.5,-39.5,299.08218
-8.5,-38.5,298.53934
-8.5,-37.5,297.07767
-8.5,-36.5,295.77377
-8.5,-35.5,297.1378
-8.5,13.5,298.03952
-8.5,14.5,297.36734
-8.5,15.5,296.1283
-8.5,16.5,296.1229
-8.5,17.5,297.68103
-8.5,18.5,296.12332
-8.5,19.5,295.36166
-8.5,20.5,296.41803
-8.5,21.5,296.7965
-8.5,22.5,295.80063
-8.5,23.5,296.0725
-8.5,24.5,296.0703
-8.5,25.5,296.93124
-8.5,26.5,297.55655
-8.5,27.5,294.71188
-8.5,28.5,295.074
-8.5,29.5,295.07703
-8.5,30.5,294.66608
-8.5,31.5,293.64127
-8.5,32.5,294.8438
-8.5,33.5,293.8398
-8.5,34.5,292.69995
-8.5,35.5,292.907
-8.5,36.5,296.15076
-8.5,37.5,297.82584
-8.5,38.5,297.78903
-8.5,117.5,296.9046
-8.5,118.5,299.0037
-8.5,120.5,299.34003
-8.5,140.5,300.11594
-8.5,141.5,299.45322
-8.5,142.5,298.92484
-8.5,146.5,295.39224
-8.5,147.5,296.00848
-7.5,-79.5,290.44473
-7.5,-78.5,286.8566
-7.5,-77.5,291.8454
-7.5,-76.5,295.54028
-7.5,-75.5,297.79214
-7.5,-74.5,298.83023
-7.5,-73.5,298.33386
-7.5,-72.5,298.56372
-7.5,-71.5,298.6513
-7.5,-70.5,298.69617
-7.5,-69.5,298.88028
-7.5,-68.5,299.11014
-7.5,-67.5,299.34317
-7.5,-66.5,299.34454
-7.5,-65.5,299.4677
-7.5,-64.5,299.61682
-7.5,-63.5,299.65057
-7.5,-62.5,299.73846
-7.5,-61.5,299.64822
-7.5,-60.5,299.69952
-7.5,-59.5,299.92685
-7.5,-58.5,299.9526
-7.5,-57.5,299.46487
-7.5,-56.5,298.63882
-7.5,-55.5,298.31528
-7.5,-54.5,298.66568
-7.5,-53.5,298.02286
-7.5,-52.5,298.70544
-7.5,-51.5,298.8779
-7.5,-50.5,298.95572
-7.5,-49.5,299.31677
-7.5,-48.5,300.2399
-7.5,-47.5,299.9076
-7.5,-46.5,299.06125
-7.5,-45.5,299.19937
-7.5,-44.5,299.2324
-7.5,-43.5,300.0213
-7.5,-42.5,300.2014
-7.5,-41.5,300.42517
-7.5,-40.5,298.43768
-7.5,-39.5,298.2495
-7.5,-38.5,298.75064
-7.5,-37.5,298.36023
-7.5,-36.5,296.782
-7.5,-35.5,297.75607
-7.5,13.5,297.62234
-7.5,14.5,296.3064
-7.5,15.5,295.82477
-7.5,16.5,297.40884
-7.5,17.5,298.46097
-7.5,18.5,296.58307
-7.5,19.5,296.47073
-7.5,20.5,297.5491
-7.5,21.5,297.95044
-7.5,22.5,296.98892
-7.5,23.5,296.85406
-7.5,24.5,297.13293
-7.5,25.5,297.1707
-7.5,26.5,297.7934
-7.5,27.5,298.2371
-7.5,28.5,296.83838
-7.5,29.5,293.43842
-7.5,30.5,293.26797
-7.5,31.5,292.62717
-7.5,32.5,295.92764
-7.5,33.5,293.8897
-7.5,34.5,295.30197
-7.5,35.5,293.6565
-7.5,36.5,292.75543
-7.5,37.5,297.06027
-7.5,38.5,298.86057
-7.5,107.5,294.08548
-7.5,108.5,297.60175
-7.5,109.5,296.96405
-7.5,110.5,300.59702
-7.5,111.5,298.08954
-7.5,112.5,298.2511
-7.5,138.5,300.28073
-7.5,139.5,299.744
-7.5,140.5,299.3511
-7.5,141.5,298.97906
-7.5,142.5,298.6314
-7.5,143.5,298.18323
-7.5,144.5,298.46643
-7.5,145.5,294.99454
-7.5,146.5,293.80273
-6.5,-79.5,291.49295
-6.5,-78.5,288.49246
-6.5,-77.5,289.25983
-6.5,-76.5,295.7751
-6.5,-75.5,297.91223
-6.5,-74.5,298.83902
-6.5,-73.5,298.52283
-6.5,-72.5,298.50122
-6.5,-71.5,298.64072
-6.5,-70.5,298.88138
-6.5,-69.5,298.94983
-6.5,-68.5,299.16296
-6.5,-67.5,299.3619
-6.5,-66.5,299.35623
-6.5,-65.5,299.48105
-6.5,-64.5,299.6465
-6.5,-63.5,299.6315
-6.5,-62.5,299.69644
-6.5,-61.5,299.8106
-6.5,-60.5,299.72287
-6.5,-59.5,299.7968
-6.5,-58.5,300.197
-6.5,-57.5,299.5118
-6.5,-56.5,299.4451
-6.5,-55.5,298.9044
-6.5,-54.5,299.1863
-6.5,-53.5,298.91663
-6.5,-52.5,298.6905
-6.5,-51.5,298.6958
-6.5,-50.5,298.63394
-6.5,-49.5,299.02676
-6.5,-48.5,299.69885
-6.5,-47.5,299.32724
-6.5,-46.5,298.67242
-6.5,-45.5,298.85028
-6.5,-44.5,299.16565
-6.5,-43.5,300.49966
-6.5,-42.5,300.7423
-6.5,-41.5,299.5892
-6.5,-40.5,298.47012
-6.5,-39.5,298.65167
-6.5,-38.5,300.37216
-6.5,-37.5,300.00632
-6.5,-36.5,298.7553
-6.5,-35.5,298.35654
-6.5,13.5,298.52435
-6.5,14.5,297.17783
-6.5,15.5,296.0316
-6.5,16.5,297.67282
-6.5,17.5,296.7743
-6.5,18.5,296.84396
-6.5,19.5,297.92288
-6.5,20.5,298.62384
-6.5,21.5,298.02728
-6.5,22.5,297.90424
-6.5,23.5,298.11383
-6.5,24.5,298.3714
-6.5,25.5,297.78442
-6.5,26.5,298.23975
-6.5,27.5,298.73276
-6.5,28.5,296.76846
-6.5,29.5,293.95132
-6.5,30.5,295.1896
-6.5,31.5,295.1349
-6.5,32.5,295.59903
-6.5,33.5,294.35956
-6.5,34.5,294.60513
-6.5,35.5,296.43442
-6.5,36.5,293.4901
-6.5,37.5,294.91855
-6.5,38.5,298.16348
-6.5,106.5,299.29248
-6.5,107.5,298.24872
-6.5,139.5,299.02573
-6.5,140.5,299.13504
-6.5,141.5,298.67145
-6.5,142.5,295.67093
-6.5,143.5,290.6245
-6.5,144.5,290.36093
-6.5,145.5,292.0405
-6.5,146.5,288.89838
-6.5,147.5,295.16513
-5.5,-80.5,296.99176
-5.5,-79.5,293.31168
-5.5,-78.5,291.4009
-5.5,-77.5,295.1408
-5.5,-76.5,297.64676
-5.5,-75.5,298.80396
-5.5,-74.5,298.90384
-5.5,-73.5,298.90228
-5.5,-72.5,298.96625
-5.5,-71.5,298.86346
-5.5,-70.5,298.98157
-5.5,-69.5,299.04208
-5.5,-68.5,299.1754
-5.5,-67.5,299.31882
-5.5,-66.5,299.38754
-5.5,-65.5,299.411
-5.5,-64.5,299.6277
-5.5,-63.5,299.8222
-5.5,-62.5,299.83136
-5.5,-61.5,299.89175
-5.5,-60.5,299.82907
-5.5,-59.5,299.78867
-5.5,-58.5,299.74442
-5.5,-57.5,299.821
-5.5,-56.5,299.966
-5.5,-55.5,299.17453
-5.5,-54.5,298.77814
-5.5,-53.5,299.0266
-5.5,-52.5,298.95352
-5.5,-51.5,298.4772
-5.5,-50.5,298.5969
-5.5,-49.5,299.54742
-5.5,-48.5,299.7027
-5.5,-47.5,298.87256
-5.5,-46.5,298.74423
-5.5,-45.5,299.07977
-5.5,-44.5,299.11755
-5.5,-43.5,300.14185
-5.5,-42.5,300.72626
-5.5,-41.5,300.2333
-5.5,-40.5,298.3728
-5.5,-39.5,298.9987
-5.5,-38.5,300.8715
-5.5,-37.5,300.79794
-5.5,-36.5,300.31577
-5.5,-35.5,299.68558
-5.5,12.5,298.52167
-5.5,13.5,298.1025
-5.5,14.5,297.8161
-5.5,15.5,297.17548
-5.5,16.5,297.9524
-5.5,17.5,297.82764
-5.5,18.5,298.37296
-5.5,19.5,299.31516
-5.5,20.5,299.19882
-5.5,21.5,298.6492
-5.5,22.5,298.59198
-5.5,23.5,298.41946
-5.5,24.5,298.81686
-5.5,25.5,298.6018
-5.5,26.5,298.4827
-5.5,27.5,298.21262
-5.5,28.5,296.5612
-5.5,29.5,294.7139
-5.5,30.5,295.20703
-5.5,31.5,296.3877
-5.5,32.5,295.89246
-5.5,33.5,295.1888
-5.5,34.5,294.53098
-5.5,35.5,294.58575
-5.5,36.5,293.68048
-5.5,37.5,294.47742
-5.5,38.5,297.00592
-5.5,104.5,297.76596
-5.5,105.5,299.8077
-5.5,138.5,299.25204
-5.5,139.5,298.89813
-5.5,140.5,296.28
-5.5,141.5,292.66476
-5.5,142.5,292.37756
-5.5,143.5,289.3112
-5.5,144.5,290.09488
-5.5,145.5,294.73993
-5.5,150.5,297.74738
-5.5,151.5,296.895
-4.5,-80.5,296.29416
-4.5,-79.5,288.83414
-4.5,-78.5,290.86316
-4.5,-77.5,297.05222
-4.5,-76.5,298.50772
-4.5,-75.5,298.70956
-4.5,-74.5,298.78122
-4.5,-73.5,298.80243
-4.5,-72.5,298.87515
-4.5,-71.5,298.86356
-4.5,-70.5,298.95227
-4.5,-69.5,299.04987
-4.5,-68.5,299.1511
-4.5,-67.5,299.241
-4.5,-66.5,299.32104
-4.5,-65.5,299.33286
-4.5,-64.5,299.6069
-4.5,-63.5,299.83972
-4.5,-62.5,299.977
-4.5,-61.5,300.08118
-4.5,-60.5,300.00818
-4.5,-59.5,299.99832
-4.5,-58.5,299.875
-4.5,-57.5,299.82254
-4.5,-56.5,300.05585
-4.5,-55.5,299.30038
-4.5,-54.5,299.25107
-4.5,-53.5,299.38647
-4.5,-52.5,299.4107
-4.5,-51.5,299.09888
-4.5,-50.5,299.07654
-4.5,-49.5,299.6076
-4.5,-48.5,299.16534
-4.5,-47.5,298.67316
-4.5,-46.5,298.55914
-4.5,-45.5,299.31183
-4.5,-44.5,299.57907
-4.5,-43.5,299.67435
-4.5,-42.5,300.93613
-4.5,-41.5,301.12772
-4.5,-40.5,298.36945
-4.5,-39.5,299.66953
-4.5,-38.5,299.8849
-4.5,12.5,298.2864
-4.5,13.5,298.09048
-4.5,14.5,298.881
-4.5,15.5,298.25726
-4.5,16.5,298.4114
-4.5,17.5,299.71564
-4.5,18.5,299.4728
-4.5,19.5,299.485
-4.5,20.5,299.4164
-4.5,21.5,299.28568
-4.5,22.5,299.13666
-4.5,23.5,299.05698
-4.5,24.5,299.089
-4.5,25.5,298.3714
-4.5,26.5,297.929
-4.5,27.5,296.36987
-4.5,28.5,294.51672
-4.5,29.5,293.6065
-4.5,30.5,295.3304
-4.5,31.5,295.59924
-4.5,32.5,295.94177
-4.5,33.5,296.66354
-4.5,34.5,295.36465
-4.5,35.5,292.54315
-4.5,36.5,293.84796
-4.5,37.5,294.28238
-4.5,38.5,295.73062
-4.5,103.5,297.7215
-4.5,104.5,298.31915
-4.5,105.5,300.13016
-4.5,122.5,299.4836
-4.5,136.5,293.74866
-4.5,137.5,290.72928
-4.5,138.5,290.55426
-4.5,139.5,293.8783
-4.5,140.5,293.5162
-4.5,141.5,294.53183
-4.5,142.5,296.3752
-4.5,143.5,297.4859
-4.5,144.5,298.80466
-4.5,152.5,296.46375
-3.5,-79.5,294.08737
-3.5,-78.5,289.13086
-3.5,-77.5,296.65747
-3.5,-76.5,298.02972
-3.5,-75.5,298.22733
-3.5,-74.5,298.4713
-3.5,-73.5,298.60455
-3.5,-72.5,298.73062
-3.5,-71.5,298.7727
-3.5,-70.5,298.8518
-3.5,-69.5,298.93958
-3.5,-68.5,299.10394
-3.5,-67.5,299.154
-3.5,-66.5,299.33688
-3.5,-65.5,299.47192
-3.5,-64.5,299.71173
-3.5,-63.5,299.8239
-3.5,-62.5,299.97156
-3.5,-61.5,300.10953
-3.5,-60.5,300.3239
-3.5,-59.5,300.33514
-3.5,-58.5,300.2888
-3.5,-57.5,300.21216
-3.5,-56.5,299.9608
-3.5,-55.5,300.11423
-3.5,-54.5,299.67123
-3.5,-53.5,299.65714
-3.5,-52.5,299.7488
-3.5,-51.5,299.63535
-3.5,-50.5,299.49426
-3.5,-49.5,299.43317
-3.5,-48.5,299.31827
-3.5,-47.5,299.47842
-3.5,-46.5,299.11737
-3.5,-45.5,299.3897
-3.5,-44.5,299.72626
-3.5,-43.5,299.4403
-3.5,-42.5,299.97488
-3.5,-41.5,300.2713
-3.5,-40.5,300.41522
-3.5,-39.5,300.26007
-3.5,11.5,297.56708
-3.5,12.5,297.71204
-3.5,13.5,297.51163
-3.5,14.5,297.5237
-3.5,15.5,298.33102
-3.5,16.5,300.11298
-3.5,17.5,300.3964
-3.5,18.5,300.27493
-3.5,19.5,299.63437
-3.5,20.5,299.33865
-3.5,21.5,299.17453
-3.5,22.5,298.70618
-3.5,23.5,298.11813
-3.5,24.5,298.72397
-3.5,25.5,298.4721
-3.5,26.5,297.65775
-3.5,27.5,295.60532
-3.5,28.5,289.16196
-3.5,29.5,293.7013
-3.5,30.5,292.8128
-3.5,31.5,294.9752
-3.5,32.5,295.901
-3.5,33.5,296.50662
-3.5,34.5,295.62747
-3.5,35.5,291.90942
-3.5,36.5,294.1105
-3.5,37.5,292.92645
-3.5,38.5,297.29663
-3.5,39.5,299.27
-3.5,102.5,298.52466
-3.5,103.5,298.38574
-3.5,104.5,299.94806
-3.5,105.5,300.28412
-3.5,114.5,300.35345
-3.5,115.5,299.78214
-3.5,119.5,296.41882
-3.5,121.5,296.76465
-3.5,126.5,299.2156
-3.5,133.5,297.6459
-3.5,134.5,297.41498
-3.5,135.5,293.26416
-3.5,136.5,293.4332
-3.5,137.5,289.67935
-3.5,138.5,293.06717
-3.5,139.5,294.56982
-3.5,140.5,296.4372
-3.5,141.5,297.5525
-3.5,142.5,299.23682
-3.5,143.5,299.3372
-2.5,-80.5,296.61185
-2.5,-79.5,289.5897
-2.5,-78.5,288.54108
-2.5,-77.5,295.72464
-2.5,-76.5,297.83395
-2.5,-75.5,298.0562
-2.5,-74.5,298.3047
-2.5,-73.5,298.5196
-2.5,-72.5,298.70407
-2.5,-71.5,298.7237
-2.5,-70.5,298.7436
-2.5,-69.5,298.90866
-2.5,-68.5,298.99606
-2.5,-67.5,299.1453
-2.5,-66.5,299.3285
-2.5,-65.5,299.52094
-2.5,-64.5,299.6073
-2.5,-63.5,299.7033
-2.5,-62.5,299.83588
-2.5,-61.5,299.9355
-2.5,-60.5,300.13342
-2.5,-59.5,299.82245
-2.5,-58.5,300.02963
-2.5,-57.5,300.19482
-2.5,-56.5,300.29007
-2.5,-55.5,300.42383
-2.5,-54.5,300.33298
-2.5,-53.5,299.87317
-2.5,-52.5,299.84506
-2.5,-51.5,299.87854
-2.5,-50.5,299.8567
-2.5,-49.5,299.7955
-2.5,-48.5,299.24435
-2.5,-47.5,299.16068
-2.5,-46.5,298.87143
-2.5,-45.5,299.03802
-2.5,-44.5,299.8776
-2.5,-43.5,300.12732
-2.5,10.5,298.0343
-2.5,11.5,297.4585
-2.5,12.5,296.40366
-2.5,13.5,296.83896
-2.5,14.5,297.9663
-2.5,15.5,298.7578
-2.5,16.5,300.16376
-2.5,17.5,300.08627
-2.5,18.5,299.91083
-2.5,19.5,299.62985
-2.5,20.5,299.3214
-2.5,21.5,298.80273
-2.5,22.5,298.9669
-2.5,23.5,298.18567
-2.5,24.5,298.53918
-2.5,25.5,298.43307
-2.5,26.5,297.5027
-2.5,27.5,295.94092
-2.5,28.5,293.12936
-2.5,29.5,293.61896
-2.5,30.5,293.26825
-2.5,31.5,294.9318
-2.5,32.5,294.6699
-2.5,33.5,295.36493
-2.5,34.5,294.49176
-2.5,35.5,293.2261
-2.5,36.5,297.258
-2.5,37.5,293.42786
-2.5,38.5,297.8447
-2.5,39.5,300.09097
-2.5,40.5,299.9339
-2.5,101.5,296.89755
-2.5,102.5,297.26138
-2.5,103.5,299.66373
-2.5,104.5,300.27338
-2.5,105.5,300.5483
-2.5,110.5,300.33972
-2.5,111.5,299.63895
-2.5,112.5,300.1017
-2.5,113.5,300.34076
-2.5,114.5,300.12564
-2.5,115.5,298.83685
-2.5,119.5,291.6651
-2.5,120.5,296.0846
-2.5,121.5,298.96515
-2.5,132.5,298.7211
-2.5,133.5,299.16
-2.5,136.5,298.37527
-2.5,137.5,297.62238
-2.5,138.5,299.6941
-2.5,139.5,297.6561
-2.5,140.5,299.95044
-1.5,-80.5,298.05917
-1.5,-79.5,294.4888
-1.5,-78.5,284.41507
-1.5,-77.5,295.44638
-1.5,-76.5,297.73605
-1.5,-75.5,297.94727
-1.5,-74.5,298.14084
-1.5,-73.5,298.4677
-1.5,-72.5,298.5632
-1.5,-71.5,298.59302
-1.5,-70.5,298.7287
-1.5,-69.5,298.76294
-1.5,-68.5,298.89178
-1.5,-67.5,298.89935
-1.5,-66.5,299.0724
-1.5,-65.5,299.4342
-1.5,-64.5,299.5508
-1.5,-63.5,299.67764
-1.5,-62.5,299.91077
-1.5,-61.5,299.78638
-1.5,-60.5,299.59598
-1.5,-59.5,299.62268
-1.5,-58.5,299.66074
-1.5,-57.5,299.8465
-1.5,-56.5,300.031
-1.5,-55.5,299.96512
-1.5,-54.5,299.39557
-1.5,-53.5,299.41644
-1.5,-52.5,299.93765
-1.5,-51.5,299.978
-1.5,-50.5,299.8584
-1.5,-49.5,300.04904
-1.5,-48.5,299.65482
-1.5,-47.5,299.1287
-1.5,-46.5,299.28418
-1.5,-45.5,299.9587
-1.5,9.5,298.7335
-1.5,10.5,298.46918
-1.5,11.5,296.6158
-1.5,12.5,296.4027
-1.5,13.5,297.80484
-1.5,14.5,298.82996
-1.5,15.5,299.59766
-1.5,16.5,299.79926
-1.5,17.5,300.0815
-1.5,18.5,299.73557
-1.5,19.5,299.2559
-1.5,20.5,298.98492
-1.5,21.5,299.2573
-1.5,22.5,299.12308
-1.5,23.5,299.03546
-1.5,24.5,298.93106
-1.5,25.5,298.43164
-1.5,26.5,296.70203
-1.5,27.5,295.91922
-1.5,28.5,292.07135
-1.5,29.5,293.4322
-1.5,30.5,292.31696
-1.5,31.5,294.18265
-1.5,32.5,294.54016
-1.5,33.5,294.3712
-1.5,34.5,292.82214
-1.5,35.5,291.42355
-1.5,36.5,293.35312
-1.5,37.5,293.309
-1.5,38.5,297.57596
-1.5,39.5,300.78287
-1.5,40.5,300.40292
-1.5,41.5,300.18094
-1.5,101.5,295.3284
-1.5,102.5,298.96326
-1.5,103.5,299.66125
-1.5,110.5,299.298
-1.5,111.5,298.62927
-1.5,112.5,299.0456
-1.5,113.5,300.09628
-1.5,114.5,300.39398
-1.5,115.5,299.6513
-1.5,116.5,299.40808
-1.5,119.5,294.93005
-1.5,120.5,296.67404
-1.5,121.5,299.80298
-1.5,131.5,299.80862
-1.5,132.5,297.33856
-1.5,133.5,294.2781
-0.5,-79.5,295.14447
-0.5,-78.5,285.95413
-0.5,-77.5,292.93045
-0.5,-76.5,297.49017
-0.5,-75.5,297.85944
-0.5,-74.5,298.15543
-0.5,-73.5,298.27933
-0.5,-72.5,298.38742
-0.5,-71.5,298.53052
-0.5,-70.5,298.49744
-0.5,-69.5,298.83173
-0.5,-68.5,298.75723
-0.5,-67.5,298.6257
-0.5,-66.5,298.8292
-0.5,-65.5,299.32407
-0.5,-64.5,299.49628
-0.5,-63.5,299.751
-0.5,-62.5,299.80945
-0.5,-61.5,299.62558
-0.5,-60.5,299.38797
-0.5,-59.5,299.43475
-0.5,-58.5,299.49435
-0.5,-57.5,299.18256
-0.5,-56.5,298.95154
-0.5,-55.5,298.2237
-0.5,-54.5,298.1823
-0.5,-53.5,298.19998
-0.5,-52.5,298.70615
-0.5,-51.5,299.63748
-0.5,-50.5,300.044
-0.5,-49.5,299.8474
-0.5,9.5,299.02664
-0.5,10.5,298.64633
-0.5,11.5,298.16925
-0.5,12.5,298.30338
-0.5,13.5,298.0781
-0.5,14.5,298.24802
-0.5,15.5,299.05582
-0.5,16.5,299.41135
-0.5,17.5,299.5189
-0.5,18.5,299.32108
-0.5,19.5,299.11737
-0.5,20.5,299.1952
-0.5,21.5,299.0105
-0.5,22.5,299.23483
-0.5,23.5,298.7117
-0.5,24.5,298.68323
-0.5,25.5,298.32864
-0.5,26.5,297.22806
-0.5,27.5,295.97745
-0.5,28.5,294.43973
-0.5,29.5,289.96457
-0.5,30.5,293.89783
-0.5,31.5,294.08606
-0.5,32.5,294.56952
-0.5,33.5,294.46863
-0.5,34.5,292.8878
-0.5,35.5,290.4208
-0.5,36.5,289.3936
-0.5,37.5,291.92435
-0.5,38.5,299.0304
-0.5,39.5,301.1187
-0.5,40.5,301.10352
-0.5,41.5,300.8343
-0.5,100.5,297.51904
-0.5,101.5,298.8048
-0.5,102.5,299.54532
-0.5,103.5,300.5784
-0.5,109.5,300.0242
-0.5,110.5,299.23074
-0.5,111.5,298.6585
-0.5,112.5,298.1668
-0.5,113.5,298.28333
-0.5,114.5,299.93362
-0.5,115.5,299.0904
-0.5,116.5,299.45203
-0.5,132.5,297.11127
0.5,-79.5,297.53214
0.5,-78.5,293.26566
0.5,-77.5,287.57907
0.5,-76.5,295.89578
0.5,-75.5,297.5451
0.5,-74.5,298.08075
0.5,-73.5,297.3028
0.5,-72.5,297.18616
0.5,-71.5,297.9248
0.5,-70.5,298.03632
0.5,-69.5,298.5321
0.5,-68.5,298.791
0.5,-67.5,298.9144
0.5,-66.5,297.86188
0.5,-65.5,297.46606
0.5,-64.5,298.86423
0.5,-63.5,299.3353
0.5,-62.5,299.97388
0.5,-61.5,299.8414
0.5,-60.5,299.1492
0.5,-59.5,298.91028
0.5,-58.5,298.56143
0.5,-57.5,298.66202
0.5,-56.5,298.73825
0.5,-55.5,298.01328
0.5,-54.5,297.6433
0.5,-53.5,298.53052
0.5,-52.5,299.20667
0.5,-51.5,299.41168
0.5,-50.5,300.07657
0.5,9.5,299.33777
0.5,10.5,298.3235
0.5,11.5,297.82147
0.5,12.5,298.14145
0.5,13.5,297.44995
0.5,14.5,297.94205
0.5,15.5,299.17136
0.5,16.5,299.42776
0.5,17.5,299.48843
0.5,18.5,299.34018
0.5,19.5,299.20688
0.5,20.5,299.1683
0.5,21.5,299.061
0.5,22.5,299.31332
0.5,23.5,299.2274
0.5,24.5,298.75195
0.5,25.5,298.43857
0.5,26.5,297.88916
0.5,27.5,296.84866
0.5,28.5,296.258
0.5,29.5,293.0305
0.5,30.5,294.49332
0.5,31.5,294.2037
0.5,32.5,294.34003
0.5,33.5,294.81113
0.5,34.5,291.7845
0.5,35.5,292.77722
0.5,36.5,294.26294
0.5,37.5,293.0613
0.5,38.5,300.20767
0.5,39.5,301.79266
0.5,40.5,301.97784
0.5,41.5,301.8066
0.5,42.5,301.05023
0.5,99.5,297.59967
0.5,100.5,297.4572
0.5,101.5,299.75043
0.5,102.5,300.2357
0.5,109.5,299.33316
0.5,110.5,299.51904
0.5,111.5,299.4608
0.5,112.5,298.6714
0.5,113.5,297.62796
0.5,114.5,298.2889
0.5,115.5,296.90875
0.5,116.5,299.09882
0.5,117.5,299.69446
0.5,121.5,295.5039
0.5,123.5,299.14783
1.5,-78.5,296.47653
1.5,-77.5,289.8311
1.5,-76.5,287.18396
1.5,-75.5,294.30017
1.5,-74.5,297.7611
1.5,-73.5,297.6543
1.5,-72.5,297.02097
1.5,-71.5,297.7729
1.5,-70.5,298.01572
1.5,-69.5,298.4209
1.5,-68.5,298.63638
1.5,-67.5,298.8661
1.5,-66.5,298.41367
1.5,-65.5,296.8804
1.5,-64.5,297.32715
1.5,-63.5,297.8399
1.5,-62.5,298.61203
1.5,-61.5,299.01758
1.5,-60.5,299.28964
1.5,-59.5,298.3296
1.5,-58.5,298.23233
1.5,-57.5,298.27737
1.5,-56.5,298.54318
1.5,-55.5,298.02985
1.5,-54.5,298.14374
1.5,-53.5,298.19565
1.5,-52.5,297.93494
1.5,-51.5,298.7172
1.5,-50.5,299.44342
1.5,10.5,297.01788
1.5,11.5,297.01422
1.5,12.5,297.24405
1.5,13.5,297.5942
1.5,14.5,298.05206
1.5,15.5,298.8842
1.5,16.5,299.51694
1.5,17.5,299.40796
1.5,18.5,299.50037
1.5,19.5,299.35938
1.5,20.5,299.21765
1.5,21.5,299.17734
1.5,22.5,299.07562
1.5,23.5,299.04364
1.5,24.5,298.83514
1.5,25.5,298.7375
1.5,26.5,298.57944
1.5,27.5,297.67743
1.5,28.5,296.39493
1.5,29.5,295.82782
1.5,30.5,294.41565
1.5,31.5,296.91168
1.5,32.5,295.76236
1.5,33.5,296.2314
1.5,34.5,293.37744
1.5,35.5,294.5145
1.5,36.5,297.77728
1.5,37.5,297.76505
1.5,38.5,301.84555
1.5,39.5,302.3231
1.5,40.5,302.12897
1.5,41.5,301.98776
1.5,42.5,301.28928
1.5,43.5,300.64948
1.5,44.5,300.1183
1.5,99.5,296.98474
1.5,100.5,299.9348
1.5,101.5,300.36584
1.5,103.5,300.68893
1.5,109.5,300.01114
1.5,110.5,299.27695
1.5,111.5,299.0154
1.5,112.5,299.37366
1.5,113.5,297.44534
1.5,114.5,296.5062
1.5,115.5,296.0786
1.5,116.5,296.89352
1.5,117.5,299.56375
2.5,-77.5,293.6187
2.5,-76.5,287.55884
2.5,-75.5,289.8087
2.5,-74.5,294.4252
2.5,-73.5,296.02487
2.5,-72.5,297.62616
2.5,-71.5,297.79343
2.5,-70.5,298.06726
2.5,-69.5,298.2377
2.5,-68.5,298.19086
2.5,-67.5,298.4869
2.5,-66.5,298.97803
2.5,-65.5,299.16638
2.5,-64.5,296.7493
2.5,-63.5,295.90472
2.5,-62.5,297.9182
2.5,-61.5,299.84793
2.5,-60.5,300.04614
2.5,-59.5,299.01303
2.5,-58.5,298.24524
2.5,-57.5,298.1864
2.5,-56.5,297.79837
2.5,-55.5,297.53555
2.5,-54.5,298.21576
2.5,-53.5,297.97626
2.5,-52.5,297.71448
2.5,-51.5,298.59683
2.5,10.5,297.45932
2.5,11.5,296.70844
2.5,12.5,296.69818
2.5,13.5,297.20267
2.5,14.5,297.4877
2.5,15.5,298.47028
2.5,16.5,299.38354
2.5,17.5,299.4293
2.5,18.5,299.45435
2.5,19.5,299.06653
2.5,20.5,299.11008
2.5,21.5,299.13202
2.5,22.5,299.01218
2.5,23.5,299.0031
2.5,24.5,299.0701
2.5,25.5,298.43436
2.5,26.5,298.1708
2.5,27.5,297.27414
2.5,28.5,296.46463
2.5,29.5,295.7683
2.5,30.5,293.42566
2.5,31.5,296.79837
2.5,32.5,296.3339
2.5,33.5,296.59207
2.5,34.5,296.62222
2.5,35.5,301.23703
2.5,36.5,301.81595
2.5,37.5,300.72293
2.5,38.5,300.63617
2.5,39.5,300.86807
2.5,40.5,300.90045
2.5,41.5,301.1302
2.5,42.5,301.0059
2.5,43.5,300.2664
2.5,44.5,300.87793
2.5,45.5,300.77005
2.5,98.5,297.41843
2.5,99.5,296.0542
2.5,102.5,299.95377
2.5,103.5,300.1085
2.5,111.5,300.56046
2.5,112.5,299.3272
2.5,113.5,298.0752
2.5,114.5,295.02908
2.5,115.5,295.19202
2.5,116.5,298.4704
2.5,117.5,300.33017
3.5,-76.5,289.831
3.5,-75.5,287.96667
3.5,-74.5,293.77542
3.5,-73.5,296.25433
3.5,-72.5,298.64
3.5,-71.5,298.31357
3.5,-70.5,298.07938
3.5,-69.5,298.3359
3.5,-68.5,298.72778
3.5,-67.5,299.0007
3.5,-66.5,296.67133
3.5,-65.5,298.14273
3.5,-64.5,295.07376
3.5,-63.5,296.49536
3.5,-62.5,297.16464
3.5,-61.5,299.6114
3.5,-60.5,301.42004
3.5,-59.5,299.79935
3.5,-58.5,298.94183
3.5,-57.5,298.53027
3.5,-56.5,297.80045
3.5,-55.5,298.20114
3.5,-54.5,298.41687
3.5,-53.5,298.20114
3.5,-52.5,298.2556
3.5,-51.5,299.1827
3.5,10.5,298.4361
3.5,11.5,295.72046
3.5,12.5,296.72595
3.5,13.5,296.83078
3.5,14.5,297.40662
3.5,15.5,298.1831
3.5,16.5,298.98843
3.5,17.5,298.99277
3.5,18.5,299.62555
3.5,19.5,299.52695
3.5,20.5,299.291
3.5,21.5,298.67603
3.5,22.5,298.77792
3.5,23.5,298.59567
3.5,24.5,298.7216
3.5,25.5,298.26917
3.5,26.5,298.30768
3.5,27.5,298.03198
3.5,28.5,297.82257
3.5,29.5,297.46655
3.5,30.5,296.5102
3.5,31.5,297.90695
3.5,32.5,296.4795
3.5,33.5,296.07925
3.5,34.5,297.51453
3.5,35.5,302.0454
3.5,36.5,303.05963
3.5,37.5,301.40805
3.5,38.5,297.00845
3.5,39.5,297.79404
3.5,40.5,299.29163
3.5,41.5,301.25702
3.5,42.5,302.1135
3.5,43.5,299.8797
3.5,44.5,299.94946
3.5,45.5,301.00186
3.5,46.5,300.69485
3.5,97.5,298.15564
3.5,98.5,297.4262
3.5,101.5,298.55862
3.5,102.5,298.7034
3.5,113.5,299.36102
3.5,114.5,296.99402
3.5,115.5,296.21118
3.5,116.5,297.4599
3.5,117.5,300.52264
4.5,-76.5,295.40128
4.5,-75.5,294.01227
4.5,-74.5,289.28284
4.5,-73.5,293.10614
4.5,-72.5,298.8975
4.5,-71.5,299.54852
4.5,-70.5,299.2474
4.5,-69.5,298.69034
4.5,-68.5,298.90314
4.5,-67.5,295.2512
4.5,-66.5,293.10068
4.5,-65.5,292.27615
4.5,-64.5,295.86163
4.5,-63.5,296.83783
4.5,-62.5,296.73898
4.5,-61.5,297.11157
4.5,-60.5,297.57706
4.5,-59.5,296.98898
4.5,-58.5,298.62405
4.5,-57.5,299.00287
4.5,-56.5,298.14136
4.5,-55.5,298.94934
4.5,-54.5,298.7059
4.5,-53.5,298.53937
4.5,-52.5,298.95505
4.5,-7.5,298.76083
4.5,6.5,299.3081
4.5,7.5,299.33383
4.5,9.5,296.78534
4.5,10.5,297.5942
4.5,11.5,297.11307
4.5,12.5,296.62466
4.5,13.5,296.82782
4.5,14.5,297.76154
4.5,15.5,298.3136
4.5,16.5,298.69342
4.5,17.5,298.8246
4.5,18.5,299.5311
4.5,19.5,299.73694
4.5,20.5,299.3954
4.5,21.5,299.51465
4.5,22.5,298.9189
4.5,23.5,298.7662
4.5,24.5,298.75586
4.5,25.5,298.7399
4.5,26.5,298.8361
4.5,27.5,298.6168
4.5,28.5,298.774
4.5,29.5,298.49472
4.5,30.5,297.89337
4.5,31.5,298.97607
4.5,32.5,297.53745
4.5,33.5,299.68207
4.5,34.5,302.27216
4.5,35.5,302.31207
4.5,36.5,301.87564
4.5,37.5,296.90967
4.5,38.5,293.3639
4.5,39.5,295.76733
4.5,40.5,297.26364
4.5,41.5,301.4221
4.5,42.5,302.81805
4.5,43.5,300.8003
4.5,44.5,300.7441
4.5,45.5,301.57993
4.5,46.5,301.53156
4.5,47.5,300.75186
4.5,96.5,295.96
4.5,97.5,296.79175
4.5,101.5,300.87335
4.5,102.5,297.7278
4.5,114.5,299.38452
4.5,115.5,297.79147
4.5,116.5,296.33624
4.5,117.5,297.95715
5.5,-76.5,290.91913
5.5,-75.5,290.74142
5.5,-74.5,294.78232
5.5,-73.5,287.83743
5.5,-72.5,291.98495
5.5,-71.5,299.30438
5.5,-70.5,299.68564
5.5,-69.5,299.83817
5.5,-68.5,299.9461
5.5,-67.5,294.41446
5.5,-66.5,292.01572
5.5,-65.5,293.00876
5.5,-64.5,294.2408
5.5,-63.5,294.68845
5.5,-62.5,294.74472
5.5,-61.5,292.75555
5.5,-60.5,292.95905
5.5,-59.5,294.9988
5.5,-58.5,298.25012
5.5,-57.5,299.27072
5.5,-56.5,299.44064
5.5,-55.5,299.34875
5.5,-54.5,299.11038
5.5,-53.5,299.2887
5.5,-9.5,299.11307
5.5,-8.5,298.19287
5.5,-7.5,298.30386
5.5,-6.5,298.7808
5.5,-5.5,299.29532
5.5,-4.5,299.5549
5.5,-3.5,299.5489
5.5,-2.5,299.31046
5.5,-1.5,299.51022
5.5,-0.5,299.5958
5.5,5.5,300.29053
5.5,6.5,299.46414
5.5,7.5,300.15955
5.5,8.5,299.4828
5.5,9.5,294.9288
5.5,10.5,294.06677
5.5,11.5,296.62784
5.5,12.5,296.84286
5.5,13.5,296.83176
5.5,14.5,297.03134
5.5,15.5,297.73294
5.5,16.5,297.86096
5.5,17.5,298.68127
5.5,18.5,299.6943
5.5,19.5,300.10828
5.5,20.5,299.71667
5.5,21.5,299.53494
5.5,22.5,299.06137
5.5,23.5,299.085
5.5,24.5,299.40536
5.5,25.5,299.2467
5.5,26.5,299.0093
5.5,27.5,299.21817
5.5,28.5,299.62665
5.5,29.5,299.82135
5.5,30.5,300.43738
5.5,31.5,301.62555
5.5,32.5,302.11096
5.5,33.5,302.25674
5.5,34.5,300.08496
5.5,35.5,299.5463
5.5,36.5,298.48666
5.5,37.5,294.90826
5.5,38.5,290.291
5.5,39.5,293.64948
5.5,40.5,296.55313
5.5,41.5,301.23334
5.5,42.5,301.57785
5.5,43.5,302.26624
5.5,44.5,302.32455
5.5,45.5,301.56305
5.5,46.5,302.01334
5.5,47.5,301.84567
5.5,48.5,300.2717
5.5,100.5,298.92654
5.5,101.5,298.2556
5.5,102.5,300.1136
5.5,116.5,299.24173
5.5,117.5,298.14282
5.5,118.5,299.40207
6.5,-76.5,293.36957
6.5,-75.5,293.67484
6.5,-74.5,297.08017
6.5,-73.5,296.15625
6.5,-72.5,287.59146
6.5,-71.5,297.11053
6.5,-70.5,299.57935
6.5,-69.5,300.04474
6.5,-68.5,300.6218
6.5,-67.5,299.51617
6.5,-66.5,294.2821
6.5,-65.5,294.4756
6.5,-64.5,296.58572
6.5,-63.5,296.67694
6.5,-62.5,297.10992
6.5,-61.5,296.6642
6.5,-60.5,297.59778
6.5,-59.5,297.89447
6.5,-58.5,299.0111
6.5,-10.5,299.01004
6.5,-9.5,298.09775
6.5,-8.5,298.37524
6.5,-7.5,298.7194
6.5,-6.5,298.92175
6.5,-5.5,299.30167
6.5,-4.5,299.64615
6.5,-3.5,299.25656
6.5,-2.5,298.8705
6.5,-1.5,299.1864
6.5,-0.5,300.7724
6.5,0.5,300.58527
6.5,1.5,300.542
6.5,2.5,300.53714
6.5,3.5,300.49915
6.5,4.5,300.10092
6.5,5.5,299.94113
6.5,6.5,300.2801
6.5,7.5,300.70273
6.5,8.5,300.32785
6.5,9.5,298.09155
6.5,10.5,295.21475
6.5,11.5,295.68576
6.5,12.5,296.01962
6.5,13.5,296.27332
6.5,14.5,295.72354
6.5,15.5,296.79193
6.5,16.5,298.5321
6.5,17.5,299.42245
6.5,18.5,299.7329
6.5,19.5,299.74536
6.5,20.5,299.62683
6.5,21.5,299.38464
6.5,22.5,299.13788
6.5,23.5,299.10675
6.5,24.5,299.5123
6.5,25.5,299.43134
6.5,26.5,299.391
6.5,27.5,300.16058
6.5,28.5,300.60385
6.5,29.5,301.41766
6.5,30.5,301.88074
6.5,31.5,302.103
6.5,32.5,302.4446
6.5,33.5,302.3002
6.5,34.5,299.4765
6.5,35.5,296.30243
6.5,36.5,294.01004
6.5,37.5,293.13245
6.5,38.5,291.14603
6.5,39.5,287.86163
6.5,40.5,294.8885
6.5,41.5,299.17972
6.5,42.5,301.28925
6.5,43.5,301.43713
6.5,44.5,300.77832
6.5,45.5,300.85983
6.5,46.5,301.59195
6.5,47.5,301.8826
6.5,48.5,301.56558
6.5,80.5,298.21976
6.5,81.5,299.70102
6.5,100.5,299.97324
6.5,101.5,298.98456
6.5,116.5,297.0925
6.5,117.5,299.49402
6.5,124.5,299.26294
6.5,125.5,297.61456
7.5,-80.5,299.6943
7.5,-77.5,298.67328
7.5,-76.5,296.52115
7.5,-75.5,295.00317
7.5,-74.5,299.15646
7.5,-73.5,294.8954
7.5,-72.5,291.995
7.5,-71.5,295.78552
7.5,-70.5,298.92667
7.5,-69.5,299.76706
7.5,-68.5,300.19525
7.5,-67.5,300.52518
7.5,-66.5,299.36206
7.5,-65.5,299.389
7.5,-64.5,299.26764
7.5,-63.5,299.00073
7.5,-62.5,297.75824
7.5,-61.5,298.2976
7.5,-60.5,298.3698
7.5,-59.5,298.33752
7.5,-12.5,299.99008
7.5,-11.5,299.1943
7.5,-10.5,298.38412
7.5,-9.5,297.53568
7.5,-8.5,297.78973
7.5,-7.5,298.94556
7.5,-6.5,299.38257
7.5,-5.5,299.86615
7.5,-4.5,299.80972
7.5,-3.5,299.27985
7.5,-2.5,299.4033
7.5,-1.5,300.14432
7.5,-0.5,301.75244
7.5,0.5,299.95413
7.5,1.5,300.96152
7.5,2.5,300.99918
7.5,3.5,300.32104
7.5,4.5,299.01447
7.5,5.5,299.0411
7.5,6.5,300.30655
7.5,7.5,300.83258
7.5,8.5,301.3484
7.5,9.5,301.02863
7.5,10.5,299.4316
7.5,11.5,295.78894
7.5,12.5,295.4517
7.5,13.5,297.69635
7.5,14.5,295.57462
7.5,15.5,297.74463
7.5,16.5,300.1335
7.5,17.5,300.98502
7.5,18.5,300.9199
7.5,19.5,300.87527
7.5,20.5,300.2549
7.5,21.5,299.17093
7.5,22.5,298.9942
7.5,23.5,298.60764
7.5,24.5,298.3743
7.5,25.5,299.1974
7.5,26.5,299.84677
7.5,27.5,300.74728
7.5,28.5,301.90363
7.5,29.5,302.4918
7.5,30.5,302.21582
7.5,31.5,302.35916
7.5,32.5,302.99194
7.5,33.5,302.68393
7.5,34.5,299.89056
7.5,35.5,294.5508
7.5,36.5,289.6129
7.5,37.5,289.16345
7.5,38.5,288.5824
7.5,39.5,284.87292
7.5,40.5,292.3239
7.5,41.5,297.9772
7.5,42.5,299.65778
7.5,43.5,299.10114
7.5,44.5,298.5628
7.5,45.5,299.96
7.5,46.5,300.7487
7.5,47.5,300.5938
7.5,48.5,300.56015
7.5,49.5,300.00946
7.5,80.5,298.16727
7.5,81.5,299.88776
7.5,99.5,299.99252
7.5,122.5,298.972
7.5,124.5,298.3877
7.5,125.5,297.56686
7.5,126.5,297.12817
8.5,-82.5,295.20877
8.5,-81.5,299.51276
8.5,-80.5,298.1145
8.5,-78.5,298.53815
8.5,-77.5,299.54
8.5,-76.5,299.91483
8.5,-75.5,300.15366
8.5,-74.5,299.01498
8.5,-73.5,299.8958
8.5,-72.5,297.96072
8.5,-71.5,291.89816
8.5,-70.5,290.6207
8.5,-69.5,299.3372
8.5,-68.5,300.09225
8.5,-67.5,300.69815
8.5,-66.5,301.04688
8.5,-65.5,300.5912
8.5,-64.5,300.49243
8.5,-63.5,300.98682
8.5,-62.5,299.67755
8.5,-61.5,299.16806
8.5,-60.5,299.66992
8.5,-12.5,299.80368
8.5,-11.5,298.92368
8.5,-10.5,297.3226
8.5,-9.5,296.60907
8.5,-8.5,297.49097
8.5,-7.5,298.95712
8.5,-6.5,299.8562
8.5,-5.5,300.21536
8.5,-4.5,300.57816
8.5,-3.5,299.99158
8.5,-2.5,300.67133
8.5,-1.5,301.95502
8.5,-0.5,302.33322
8.5,0.5,300.39682
8.5,1.5,300.66217
8.5,2.5,300.8637
8.5,3.5,300.18347
8.5,4.5,300.09763
8.5,5.5,301.1335
8.5,6.5,301.44318
8.5,7.5,300.86792
8.5,8.5,300.50513
8.5,9.5,301.61517
8.5,10.5,301.45932
8.5,11.5,298.82587
8.5,12.5,300.16516
8.5,13.5,300.8839
8.5,14.5,300.6198
8.5,15.5,301.03665
8.5,16.5,301.5797
8.5,17.5,301.8188
8.5,18.5,301.97406
8.5,19.5,301.91254
8.5,20.5,300.92297
8.5,21.5,299.80142
8.5,22.5,298.9025
8.5,23.5,298.0794
8.5,24.5,298.05768
8.5,25.5,299.28317
8.5,26.5,300.89035
8.5,27.5,301.75314
8.5,28.5,302.53418
8.5,29.5,302.67325
8.5,30.5,302.4614
8.5,31.5,302.6103
8.5,32.5,303.06036
8.5,33.5,302.22842
8.5,34.5,298.4056
8.5,35.5,291.73822
8.5,36.5,290.5054
8.5,37.5,289.95074
8.5,38.5,291.26718
8.5,39.5,289.6116
8.5,40.5,293.69904
8.5,41.5,295.83548
8.5,42.5,297.29596
8.5,43.5,296.72504
8.5,44.5,297.58914
8.5,45.5,299.12787
8.5,46.5,299.94168
8.5,47.5,300.26813
8.5,48.5,299.94406
8.5,49.5,300.35965
8.5,77.5,302.58978
8.5,80.5,300.39624
8.5,98.5,300.16345
8.5,99.5,299.5328
8.5,123.5,298.77985
8.5,124.5,295.03387
8.5,125.5,296.1777
9.5,-83.5,298.81262
9.5,-79.5,299.95596
9.5,-75.5,300.373
9.5,-74.5,301.00714
9.5,-73.5,298.10233
9.5,-72.5,299.62885
9.5,-70.5,292.35608
9.5,-69.5,297.75378
9.5,-68.5,298.90714
9.5,-67.5,298.99213
9.5,-66.5,298.88492
9.5,-65.5,299.46017
9.5,-64.5,299.2544
9.5,-63.5,299.228
9.5,-62.5,299.87192
9.5,-61.5,300.16086
9.5,-13.5,299.47574
9.5,-12.5,299.51114
9.5,-11.5,298.44925
9.5,-10.5,298.13614
9.5,-9.5,298.16553
9.5,-8.5,298.91714
9.5,-7.5,299.58575
9.5,-6.5,300.02072
9.5,-5.5,300.7648
9.5,-4.5,301.14197
9.5,-3.5,301.05908
9.5,-2.5,301.8029
9.5,-1.5,302.28433
9.5,-0.5,302.60953
9.5,0.5,301.63077
9.5,1.5,300.3295
9.5,2.5,300.4512
9.5,3.5,300.352
9.5,4.5,301.50287
9.5,5.5,302.09494
9.5,6.5,301.55762
9.5,7.5,299.30722
9.5,8.5,297.22598
9.5,9.5,298.5403
9.5,10.5,300.50073
9.5,11.5,300.75708
9.5,12.5,301.71463
9.5,13.5,302.54132
9.5,14.5,301.9634
9.5,15.5,302.41653
9.5,16.5,302.95465
9.5,17.5,302.62646
9.5,18.5,302.99634
9.5,19.5,302.87326
9.5,20.5,302.46838
9.5,21.5,301.58313
9.5,22.5,300.84973
9.5,23.5,299.49368
9.5,24.5,300.1839
9.5,25.5,300.68274
9.5,26.5,301.65094
9.5,27.5,302.30664
9.5,28.5,302.875
9.5,29.5,303.0774
9.5,30.5,302.69467
9.5,31.5,302.9613
9.5,32.5,303.24753
9.5,33.5,301.98557
9.5,34.5,297.24222
9.5,35.5,296.2949
9.5,36.5,292.1473
9.5,37.5,291.98444
9.5,38.5,288.3867
9.5,39.5,293.7046
9.5,40.5,298.49274
9.5,41.5,296.25952
9.5,42.5,296.65973
9.5,43.5,294.84973
9.5,44.5,297.2438
9.5,45.5,297.54745
9.5,46.5,299.015
9.5,47.5,299.4031
9.5,48.5,298.9948
9.5,49.5,299.11935
9.5,50.5,299.7795
9.5,76.5,299.0953
9.5,77.5,300.00912
9.5,78.5,302.5638
9.5,98.5,299.10837
9.5,105.5,301.22678
10.5,-85.5,298.36227
10.5,-84.5,295.02026
10.5,-83.5,297.56033
10.5,-74.5,300.69272
10.5,-73.5,295.55374
10.5,-72.5,296.89554
10.5,-71.5,301.4735
10.5,-70.5,299.8156
10.5,-69.5,297.5963
10.5,-68.5,296.0454
10.5,-67.5,295.4936
10.5,-66.5,298.61572
10.5,-63.5,296.69952
10.5,-14.5,299.9182
10.5,-13.5,298.7853
10.5,-12.5,298.03052
10.5,-11.5,298.8639
10.5,-10.5,299.23138
10.5,-9.5,299.99695
10.5,-8.5,300.27667
10.5,-7.5,300.5749
10.5,-6.5,300.88055
10.5,-5.5,300.74866
10.5,-4.5,301.18207
10.5,-3.5,301.75558
10.5,-2.5,302.58197
10.5,-1.5,302.5556
10.5,-0.5,303.27176
10.5,0.5,302.38467
10.5,1.5,301.67328
10.5,2.5,301.08896
10.5,3.5,301.45337
10.5,4.5,301.55472
10.5,5.5,301.43683
10.5,6.5,300.37936
10.5,7.5,298.72147
10.5,8.5,298.0753
10.5,9.5,298.28195
10.5,10.5,300.6468
10.5,11.5,301.69998
10.5,12.5,299.9144
10.5,13.5,301.4506
10.5,14.5,302.7876
10.5,15.5,303.35922
10.5,16.5,303.4198
10.5,17.5,303.37943
10.5,18.5,302.61417
10.5,19.5,302.7167
10.5,20.5,302.86475
10.5,21.5,302.43274
10.5,22.5,301.64075
10.5,23.5,300.91345
10.5,24.5,301.30032
10.5,25.5,301.72437
10.5,26.5,302.0781
10.5,27.5,302.44244
10.5,28.5,302.73483
10.5,29.5,302.56442
10.5,30.5,302.20047
10.5,31.5,302.77332
10.5,32.5,303.08868
10.5,33.5,302.37793
10.5,34.5,300.26465
10.5,35.5,298.84933
10.5,36.5,291.77505
10.5,37.5,290.6718
10.5,38.5,290.35162
10.5,39.5,289.92145
10.5,40.5,300.56458
10.5,41.5,302.76904
10.5,42.5,300.64368
10.5,43.5,299.9554
10.5,45.5,300.40524
10.5,46.5,299.09348
10.5,47.5,297.66492
10.5,48.5,296.68555
10.5,49.5,298.5079
10.5,50.5,300.3166
10.5,76.5,298.7288
10.5,77.5,297.83664
10.5,78.5,301.77524
10.5,79.5,301.59543
10.5,98.5,299.77356
10.5,104.5,300.6037
10.5,105.5,301.20465
10.5,106.5,300.91766
10.5,123.5,298.6403
11.5,-85.5,299.84106
11.5,-84.5,298.45755
11.5,-72.5,300.5763
11.5,-69.5,299.34305
11.5,-15.5,300.44012
11.5,-14.5,300.66705
11.5,-13.5,300.31415
11.5,-12.5,298.82324
11.5,-11.5,299.26172
11.5,-10.5,300.0683
11.5,-9.5,300.49417
11.5,-8.5,301.1401
11.5,-7.5,301.4761
11.5,-6.5,301.53622
11.5,-5.5,301.42502
11.5,-4.5,301.93738
11.5,-3.5,302.4031
11.5,-2.5,302.4479
11.5,-1.5,302.3472
11.5,-0.5,303.36752
11.5,0.5,302.71155
11.5,1.5,302.3697
11.5,2.5,302.1268
11.5,3.5,302.32544
11.5,4.5,302.62372
11.5,5.5,301.41443
11.5,6.5,300.1449
11.5,7.5,299.39853
11.5,8.5,300.04385
11.5,9.5,300.61758
11.5,10.5,301.51797
11.5,11.5,302.25677
11.5,12.5,301.75046
11.5,13.5,302.6586
11.5,14.5,303.0281
11.5,15.5,303.298
11.5,16.5,303.84326
11.5,17.5,303.81744
11.5,18.5,302.39395
11.5,19.5,302.7646
11.5,20.5,302.84308
11.5,21.5,302.78876
11.5,22.5,302.26663
11.5,23.5,301.48157
11.5,24.5,301.52295
11.5,25.5,301.9921
11.5,26.5,302.2959
11.5,27.5,302.52057
11.5,28.5,302.4064
11.5,29.5,301.3337
11.5,30.5,300.81927
11.5,31.5,301.7235
11.5,32.5,303.15756
11.5,33.5,302.21793
11.5,34.5,301.36078
11.5,35.5,300.16162
11.5,36.5,294.76068
11.5,37.5,290.63834
11.5,38.5,291.06943
11.5,39.5,291.52805
11.5,40.5,302.2605
11.5,41.5,303.41046
11.5,42.5,300.96045
11.5,50.5,301.3956
11.5,76.5,298.3147
11.5,77.5,299.16693
11.5,78.5,300.60223
11.5,79.5,301.6593
11.5,99.5,299.45798
11.5,103.5,298.0511
11.5,104.5,300.11108
11.5,105.5,301.4862
11.5,106.5,300.2977
11.5,107.5,297.10062
11.5,108.5,297.5398
11.5,122.5,298.8685
12.5,-86.5,299.02863
12.5,-85.5,297.9136
12.5,-84.5,297.5887
12.5,-16.5,300.36456
12.5,-15.5,301.63467
12.5,-14.5,301.71866
12.5,-13.5,302.43054
12.5,-12.5,301.1199
12.5,-11.5,301.17712
12.5,-10.5,301.42307
12.5,-9.5,301.15186
12.5,-8.5,301.3043
12.5,-7.5,302.01764
12.5,-6.5,302.52255
12.5,-5.5,302.76016
12.5,-4.5,302.9179
12.5,-3.5,303.14178
12.5,-2.5,302.7016
12.5,-1.5,302.72818
12.5,-0.5,302.88034
12.5,0.5,302.81665
12.5,1.5,302.84622
12.5,2.5,302.68225
12.5,3.5,303.0884
12.5,4.5,302.91183
12.5,5.5,302.37726
12.5,6.5,301.92584
12.5,7.5,301.1803
12.5,8.5,301.4189
12.5,9.5,302.3721
12.5,10.5,303.3473
12.5,11.5,302.65335
12.5,12.5,302.8164
12.5,13.5,303.1204
12.5,14.5,302.80093
12.5,15.5,303.72388
12.5,16.5,303.79163
12.5,17.5,304.35788
12.5,18.5,303.76883
12.5,19.5,303.95575
12.5,20.5,303.59866
12.5,21.5,302.26663
12.5,22.5,301.04706
12.5,23.5,300.11475
12.5,24.5,299.23453
12.5,25.5,301.48062
12.5,26.5,302.0586
12.5,27.5,302.2344
12.5,28.5,301.93677
12.5,29.5,301.47836
12.5,30.5,301.8943
12.5,31.5,302.37622
12.5,32.5,303.83282
12.5,33.5,303.73605
12.5,34.5,303.46817
12.5,35.5,302.35953
12.5,36.5,298.01636
12.5,37.5,294.22644
12.5,38.5,293.5328
12.5,39.5,294.97986
12.5,40.5,303.48993
12.5,41.5,305.17047
12.5,42.5,303.5147
12.5,75.5,297.4633
12.5,76.5,296.99274
12.5,77.5,297.7058
12.5,78.5,298.61295
12.5,79.5,301.4744
12.5,98.5,299.9382
12.5,99.5,299.14044
12.5,102.5,298.65616
12.5,103.5,298.96732
12.5,104.5,300.8221
12.5,105.5,300.56067
12.5,106.5,299.7982
12.5,107.5,297.99695
12.5,108.5,295.93967
13.5,-89.5,297.32895
13.5,-88.5,299.57938
13.5,-87.5,297.05307
13.5,-86.5,295.31534
13.5,-85.5,295.9828
13.5,-84.5,297.7851
13.5,-16.5,300.23596
13.5,-15.5,302.41544
13.5,-14.5,302.7321
13.5,-13.5,303.0585
13.5,-12.5,303.0322
13.5,-11.5,302.63443
13.5,-10.5,302.39206
13.5,-9.5,302.01193
13.5,-8.5,301.50473
13.5,-7.5,302.0372
13.5,-6.5,302.72772
13.5,-5.5,303.21103
13.5,-4.5,303.15573
13.5,-3.5,303.62234
13.5,-2.5,303.33984
13.5,-1.5,303.22116
13.5,-0.5,303.5618
13.5,0.5,303.68314
13.5,1.5,303.68716
13.5,2.5,303.8643
13.5,3.5,303.74817
13.5,4.5,303.23346
13.5,5.5,303.00772
13.5,6.5,302.35352
13.5,7.5,302.26672
13.5,8.5,302.25363
13.5,9.5,302.76712
13.5,10.5,303.03177
13.5,11.5,303.66257
13.5,12.5,304.1978
13.5,13.5,301.70566
13.5,14.5,301.4969
13.5,15.5,303.1031
13.5,16.5,303.76593
13.5,17.5,304.03787
13.5,18.5,304.25095
13.5,19.5,304.70837
13.5,20.5,304.04056
13.5,21.5,301.68964
13.5,22.5,300.004
13.5,23.5,300.17294
13.5,24.5,299.27194
13.5,25.5,300.8258
13.5,26.5,301.30344
13.5,27.5,301.71112
13.5,28.5,301.50253
13.5,29.5,301.4726
13.5,30.5,302.78625
13.5,31.5,303.48276
13.5,32.5,303.831
13.5,33.5,304.32404
13.5,34.5,304.05566
13.5,35.5,302.96878
13.5,36.5,301.17276
13.5,37.5,299.13245
13.5,38.5,294.7163
13.5,39.5,295.54388
13.5,40.5,305.0763
13.5,41.5,305.82278
13.5,43.5,299.65628
13.5,44.5,296.39197
13.5,45.5,297.07758
13.5,46.5,298.26813
13.5,75.5,296.8455
13.5,76.5,297.79126
13.5,77.5,297.7328
13.5,78.5,298.87692
13.5,79.5,300.83862
13.5,98.5,297.99957
13.5,99.5,298.94678
13.5,100.5,301.84033
13.5,101.5,300.96948
13.5,102.5,300.46167
13.5,103.5,301.2034
13.5,104.5,300.74338
13.5,105.5,300.19806
13.5,106.5,299.83005
13.5,107.5,298.74478
13.5,108.5,296.2066
13.5,123.5,300.21097
14.5,-91.5,292.96783
14.5,-90.5,295.97437
14.5,-89.5,294.5514
14.5,-88.5,294.29507
14.5,-87.5,294.56235
14.5,-86.5,293.8786
14.5,-85.5,296.22464
14.5,-84.5,297.38925
14.5,-83.5,299.4989
14.5,-16.5,300.9866
14.5,-15.5,302.4459
14.5,-14.5,303.138
14.5,-13.5,303.54102
14.5,-12.5,303.72314
14.5,-11.5,303.20865
14.5,-10.5,302.71677
14.5,-9.5,302.6431
14.5,-8.5,302.4801
14.5,-7.5,302.64035
14.5,-6.5,303.19116
14.5,-5.5,303.86566
14.5,-4.5,304.5232
14.5,-3.5,303.8583
14.5,-2.5,303.85327
14.5,-1.5,304.11826
14.5,-0.5,304.22678
14.5,0.5,304.66867
14.5,1.5,304.38217
14.5,2.5,304.3893
14.5,3.5,304.27213
14.5,4.5,304.0207
14.5,5.5,303.15845
14.5,6.5,302.3973
14.5,7.5,302.61862
14.5,8.5,302.44516
14.5,9.5,302.35458
14.5,10.5,302.33496
14.5,11.5,303.0398
14.5,12.5,303.3907
14.5,13.5,302.30005
14.5,14.5,302.82507
14.5,15.5,303.0027
14.5,16.5,303.46634
14.5,17.5,303.77286
14.5,18.5,304.07068
14.5,19.5,304.17697
14.5,20.5,304.12436
14.5,21.5,301.24814
14.5,22.5,299.02042
14.5,23.5,299.93735
14.5,24.5,299.11267
14.5,25.5,299.16968
14.5,26.5,300.23868
14.5,27.5,300.59833
14.5,28.5,300.92575
14.5,29.5,301.80698
14.5,30.5,302.7176
14.5,31.5,303.62732
14.5,32.5,304.4014
14.5,33.5,304.52393
14.5,34.5,304.4367
14.5,35.5,304.072
14.5,36.5,303.26773
14.5,37.5,300.43945
14.5,38.5,295.62204
14.5,39.5,298.32797
14.5,40.5,304.76108
14.5,43.5,300.144
14.5,44.5,294.0652
14.5,45.5,296.0953
14.5,46.5,297.23413
14.5,47.5,297.4588
14.5,48.5,298.3012
14.5,74.5,297.98233
14.5,75.5,298.15247
14.5,76.5,299.1979
14.5,77.5,300.46188
14.5,78.5,300.6626
14.5,79.5,301.58008
14.5,98.5,298.24667
14.5,99.5,299.76263
14.5,100.5,301.64276
14.5,101.5,301.05493
14.5,102.5,299.6834
14.5,103.5,300.85855
14.5,104.5,300.53702
14.5,105.5,300.08084
14.5,106.5,298.0621
14.5,107.5,296.59387
14.5,108.5,296.68127
14.5,121.5,299.6293
15.5,-92.5,298.2346
15.5,-91.5,294.4859
15.5,-90.5,293.78876
15.5,-89.5,295.41437
15.5,-88.5,296.442
15.5,-87.5,296.92108
15.5,-86.5,294.7252
15.5,-85.5,296.69696
15.5,-84.5,298.39948
15.5,-16.5,299.71133
15.5,-15.5,302.34415
15.5,-14.5,303.39868
15.5,-13.5,303.97195
15.5,-12.5,304.18015
15.5,-11.5,303.277
15.5,-10.5,302.82086
15.5,-9.5,302.82153
15.5,-8.5,303.1405
15.5,-7.5,303.32162
15.5,-6.5,303.52393
15.5,-5.5,303.92258
15.5,-4.5,304.64954
15.5,-3.5,304.54053
15.5,-2.5,303.62814
15.5,-1.5,303.9991
15.5,-0.5,304.22485
15.5,0.5,304.35114
15.5,1.5,304.32846
15.5,2.5,304.27228
15.5,3.5,304.33258
15.5,4.5,304.03488
15.5,5.5,303.20773
15.5,6.5,302.47934
15.5,7.5,302.44788
15.5,8.5,302.25046
15.5,9.5,302.15234
15.5,10.5,302.19775
15.5,11.5,302.63748
15.5,12.5,303.05444
15.5,13.5,302.80585
15.5,14.5,302.59238
15.5,15.5,302.8714
15.5,16.5,303.1783
15.5,17.5,303.3705
15.5,18.5,303.56296
15.5,19.5,303.62238
15.5,20.5,303.78918
15.5,21.5,301.66476
15.5,22.5,299.576
15.5,23.5,298.9699
15.5,24.5,298.7654
15.5,25.5,299.09836
15.5,26.5,298.58633
15.5,27.5,299.64197
15.5,28.5,300.73807
15.5,29.5,301.3354
15.5,30.5,301.74332
15.5,31.5,302.84174
15.5,32.5,303.6998
15.5,33.5,304.49158
15.5,34.5,304.4875
15.5,35.5,304.6829
15.5,36.5,304.07968
15.5,37.5,302.083
15.5,38.5,296.63364
15.5,39.5,297.7038
15.5,43.5,298.8963
15.5,44.5,295.27524
15.5,45.5,299.29105
15.5,46.5,300.84637
15.5,47.5,299.58444
15.5,48.5,298.7366
15.5,49.5,298.79803
15.5,50.5,298.98785
15.5,51.5,298.28146
15.5,74.5,298.32803
15.5,75.5,299.13406
15.5,76.5,299.84933
15.5,77.5,301.5517
15.5,78.5,300.57727
15.5,79.5,301.70193
15.5,98.5,296.97318
15.5,99.5,298.2157
15.5,100.5,301.62274
15.5,101.5,300.49612
15.5,102.5,300.88998
15.5,103.5,300.89862
15.5,104.5,300.64923
15.5,105.5,299.4468
15.5,106.5,296.07434
15.5,107.5,294.2282
15.5,108.5,296.73712
15.5,120.5,298.88614
15.5,121.5,297.73022
16.5,-98.5,297.62823
16.5,-97.5,293.74158
16.5,-96.5,290.29636
16.5,-95.5,294.91553
16.5,-94.5,296.85623
16.5,-93.5,295.7443
16.5,-92.5,293.94943
16.5,-91.5,292.99182
16.5,-90.5,297.23254
16.5,-89.5,297.2746
16.5,-88.5,297.24173
16.5,-15.5,302.27835
16.5,-14.5,303.77362
16.5,-13.5,304.99316
16.5,-12.5,304.43658
16.5,-11.5,303.17673
16.5,-10.5,303.2341
16.5,-9.5,303.2685
16.5,-8.5,303.40903
16.5,-7.5,303.4055
16.5,-6.5,303.0189
16.5,-5.5,303.2401
16.5,-4.5,303.5245
16.5,-3.5,304.3026
16.5,-2.5,304.10083
16.5,-1.5,304.14133
16.5,-0.5,304.08023
16.5,0.5,304.36993
16.5,1.5,304.0082
16.5,2.5,303.68207
16.5,3.5,303.62576
16.5,4.5,303.5332
16.5,5.5,303.21326
16.5,6.5,302.8208
16.5,7.5,302.7222
16.5,8.5,302.1274
16.5,9.5,301.74496
16.5,10.5,301.8793
16.5,11.5,301.86832
16.5,12.5,302.3094
16.5,13.5,302.4346
16.5,14.5,302.86185
16.5,15.5,303.1645
16.5,16.5,303.2158
16.5,17.5,303.16498
16.5,18.5,303.11276
16.5,19.5,302.83212
16.5,20.5,302.81332
16.5,21.5,302.28336
16.5,22.5,299.58746
16.5,23.5,298.10495
16.5,24.5,298.8759
16.5,25.5,299.28378
16.5,26.5,299.3142
16.5,27.5,299.71878
16.5,28.5,300.76794
16.5,29.5,301.11078
16.5,30.5,300.91785
16.5,31.5,302.43906
16.5,32.5,303.23517
16.5,33.5,303.59418
16.5,34.5,304.24332
16.5,35.5,304.50317
16.5,36.5,303.18964
16.5,37.5,302.74356
16.5,38.5,301.3988
16.5,43.5,298.31165
16.5,44.5,296.88272
16.5,45.5,299.34055
16.5,46.5,300.75516
16.5,47.5,299.99063
16.5,48.5,300.49316
16.5,49.5,301.19757
16.5,50.5,299.8987
16.5,51.5,299.43994
16.5,52.5,295.78586
16.5,73.5,298.66388
16.5,74.5,297.98746
16.5,75.5,299.85645
16.5,76.5,300.95392
16.5,77.5,301.02383
16.5,78.5,300.13583
16.5,79.5,301.19064
16.5,80.5,301.43817
16.5,81.5,301.233
16.5,94.5,300.64676
16.5,95.5,300.79907
16.5,97.5,300.5402
16.5,98.5,298.03778
16.5,99.5,298.96164
16.5,100.5,299.96616
16.5,101.5,299.8186
16.5,102.5,300.29205
16.5,103.5,300.2806
16.5,104.5,299.51004
16.5,105.5,298.68344
16.5,106.5,295.9521
16.5,107.5,295.78452
16.5,120.5,296.20032
16.5,121.5,295.1252
17.5,-100.5,296.6446
17.5,-99.5,296.922
17.5,-98.5,292.9954
17.5,-97.5,290.9553
17.5,-96.5,293.57727
17.5,-95.5,295.31863
17.5,-94.5,296.64972
17.5,-93.5,295.5358
17.5,-92.5,295.13876
17.5,-91.5,296.7032
17.5,-90.5,298.23193
17.5,-89.5,297.65
17.5,-88.5,298.1536
17.5,-15.5,301.7794
17.5,-14.5,303.38593
17.5,-13.5,304.1503
17.5,-12.5,304.03796
17.5,-11.5,303.41473
17.5,-10.5,303.39728
17.5,-9.5,303.2937
17.5,-8.5,303.34595
17.5,-7.5,303.1866
17.5,-6.5,302.81198
17.5,-5.5,302.6855
17.5,-4.5,302.6577
17.5,-3.5,302.9624
17.5,-2.5,303.74026
17.5,-1.5,304.0191
17.5,-0.5,303.95096
17.5,0.5,303.86728
17.5,1.5,303.53073
17.5,2.5,302.82086
17.5,3.5,302.82196
17.5,4.5,303.02304
17.5,5.5,303.11578
17.5,6.5,302.8633
17.5,7.5,302.65952
17.5,8.5,300.50244
17.5,9.5,299.97656
17.5,10.5,301.2259
17.5,11.5,301.6322
17.5,12.5,301.5021
17.5,13.5,301.48462
17.5,14.5,302.17035
17.5,15.5,302.70792
17.5,16.5,302.94928
17.5,17.5,302.84598
17.5,18.5,302.53772
17.5,19.5,302.32825
17.5,20.5,302.23407
17.5,21.5,301.6142
17.5,22.5,299.85095
17.5,23.5,298.3902
17.5,24.5,299.06387
17.5,25.5,299.76828
17.5,26.5,299.9438
17.5,27.5,299.72836
17.5,28.5,300.54214
17.5,29.5,300.75107
17.5,30.5,301.15353
17.5,31.5,302.00565
17.5,32.5,302.22064
17.5,33.5,302.99203
17.5,34.5,303.98093
17.5,35.5,303.83624
17.5,36.5,302.0883
17.5,37.5,300.27042
17.5,38.5,299.26538
17.5,42.5,301.06177
17.5,43.5,297.23187
17.5,44.5,297.5744
17.5,45.5,299.9782
17.5,46.5,300.72858
17.5,47.5,301.126
17.5,48.5,301.78613
17.5,49.5,302.19662
17.5,50.5,301.6258
17.5,51.5,300.23193
17.5,52.5,300.71255
17.5,53.5,299.54865
17.5,54.5,299.78387
17.5,73.5,297.06888
17.5,74.5,299.04123
17.5,75.5,300.6941
17.5,76.5,300.87085
17.5,77.5,300.06073
17.5,78.5,299.84637
17.5,79.5,300.77728
17.5,80.5,300.72412
17.5,81.5,300.44876
17.5,82.5,298.25082
17.5,95.5,300.295
17.5,96.5,300.07254
17.5,97.5,297.61533
17.5,98.5,297.34726
17.5,99.5,299.55573
17.5,100.5,299.0311
17.5,101.5,297.91992
17.5,102.5,299.68726
17.5,103.5,299.69516
17.5,104.5,298.3883
17.5,105.5,295.68762
17.5,106.5,296.6008
17.5,120.5,295.72824
17.5,121.5,294.90634
18.5,-103.5,294.89258
18.5,-102.5,299.83252
18.5,-101.5,297.91187
18.5,-100.5,296.24405
18.5,-99.5,294.45682
18.5,-98.5,293.2116
18.5,-97.5,290.22726
18.5,-96.5,294.036
18.5,-95.5,297.71103
18.5,-92.5,299.40662
18.5,-91.5,299.29507
18.5,-90.5,298.83344
18.5,-89.5,298.31876
18.5,-88.5,298.56403
18.5,-72.5,297.49805
18.5,-71.5,295.0587
18.5,-70.5,296.56677
18.5,-69.5,298.28247
18.5,-15.5,301.9385
18.5,-14.5,303.2108
18.5,-13.5,303.4884
18.5,-12.5,303.14468
18.5,-11.5,302.41885
18.5,-10.5,302.6684
18.5,-9.5,302.6428
18.5,-8.5,302.6272
18.5,-7.5,302.6151
18.5,-6.5,302.7522
18.5,-5.5,302.84012
18.5,-4.5,302.5845
18.5,-3.5,302.91534
18.5,-2.5,303.29517
18.5,-1.5,303.47208
18.5,-0.5,302.98218
18.5,0.5,303.09354
18.5,1.5,302.98877
18.5,2.5,302.6472
18.5,3.5,302.8428
18.5,4.5,302.7063
18.5,5.5,302.4808
18.5,6.5,302.44714
18.5,7.5,302.25705
18.5,8.5,298.5638
18.5,9.5,299.81894
18.5,10.5,300.9194
18.5,11.5,301.26474
18.5,12.5,301.01627
18.5,13.5,301.12793
18.5,14.5,301.64328
18.5,15.5,301.81284
18.5,16.5,301.90076
18.5,17.5,301.69067
18.5,18.5,301.65988
18.5,19.5,301.07977
18.5,20.5,300.98486
18.5,21.5,300.31644
18.5,22.5,299.65802
18.5,23.5,298.72577
18.5,24.5,298.56458
18.5,25.5,299.31076
18.5,26.5,299.37424
18.5,27.5,298.8157
18.5,28.5,300.07
18.5,29.5,300.89142
18.5,30.5,301.5604
18.5,31.5,302.1324
18.5,32.5,301.91434
18.5,33.5,302.27628
18.5,34.5,303.48282
18.5,35.5,302.92697
18.5,36.5,299.91135
18.5,37.5,300.08682
18.5,41.5,302.26663
18.5,42.5,298.0749
18.5,43.5,295.30588
18.5,44.5,298.8522
18.5,45.5,300.0122
18.5,46.5,300.92923
18.5,47.5,301.58185
18.5,48.5,302.2575
18.5,49.5,302.77942
18.5,50.5,302.6672
18.5,51.5,302.6739
18.5,52.5,302.89996
18.5,53.5,302.23987
18.5,54.5,302.44366
18.5,55.5,301.5508
18.5,56.5,299.665
18.5,73.5,299.5862
18.5,74.5,299.17288
18.5,75.5,300.09842
18.5,76.5,300.2778
18.5,77.5,300.44366
18.5,78.5,300.75705
18.5,79.5,300.8644
18.5,80.5,300.21057
18.5,81.5,299.3239
18.5,82.5,297.29358
18.5,83.5,298.65536
18.5,94.5,297.08902
18.5,95.5,299.2381
18.5,96.5,297.0179
18.5,97.5,295.38004
18.5,98.5,296.97974
18.5,99.5,297.58264
18.5,100.5,298.46216
18.5,101.5,296.09332
18.5,102.5,296.35382
18.5,103.5,296.92035
18.5,104.5,295.1802
18.5,105.5,294.94772
18.5,109.5,297.0029
19.5,-155.5,300.60263
19.5,-104.5,295.52087
19.5,-103.5,294.23438
19.5,-102.5,293.3437
19.5,-101.5,293.0771
19.5,-100.5,290.5734
19.5,-99.5,288.0756
19.5,-98.5,286.99573
19.5,-97.5,288.82962
19.5,-96.5,293.94977
19.5,-90.5,299.2877
19.5,-89.5,298.56268
19.5,-88.5,298.5749
19.5,-72.5,298.7897
19.5,-71.5,295.75882
19.5,-70.5,297.36215
19.5,-15.5,302.20328
19.5,-14.5,302.8372
19.5,-13.5,303.1276
19.5,-12.5,302.87558
19.5,-11.5,302.40723
19.5,-10.5,301.59973
19.5,-9.5,301.7271
19.5,-8.5,302.13605
19.5,-7.5,302.3014
19.5,-6.5,302.49994
19.5,-5.5,302.69916
19.5,-4.5,302.78098
19.5,-3.5,302.83115
19.5,-2.5,303.01303
19.5,-1.5,303.182
19.5,-0.5,302.7479
19.5,0.5,302.746
19.5,1.5,302.17038
19.5,2.5,301.9557
19.5,3.5,302.40228
19.5,4.5,302.29584
19.5,5.5,302.12955
19.5,6.5,302.0858
19.5,7.5,301.75528
19.5,8.5,298.34268
19.5,9.5,299.21106
19.5,10.5,300.56525
19.5,11.5,300.9327
19.5,12.5,300.7784
19.5,13.5,301.03613
19.5,14.5,301.26477
19.5,15.5,300.8935
19.5,16.5,300.9353
19.5,17.5,299.84927
19.5,18.5,298.21915
19.5,19.5,298.92178
19.5,20.5,299.46478
19.5,21.5,299.24475
19.5,22.5,298.5812
19.5,23.5,297.93878
19.5,24.5,298.15463
19.5,25.5,298.4739
19.5,26.5,298.52252
19.5,27.5,298.29474
19.5,28.5,299.69653
19.5,29.5,300.82993
19.5,30.5,301.26505
19.5,31.5,301.70145
19.5,32.5,301.84103
19.5,33.5,302.28693
19.5,34.5,302.577
19.5,35.5,301.65924
19.5,36.5,299.9407
19.5,41.5,299.85654
19.5,42.5,296.20258
19.5,43.5,298.24252
19.5,44.5,299.2766
19.5,45.5,300.3435
19.5,46.5,301.06268
19.5,47.5,301.77658
19.5,48.5,302.43387
19.5,49.5,302.89093
19.5,50.5,303.06262
19.5,51.5,303.16562
19.5,52.5,303.02405
19.5,53.5,302.8068
19.5,54.5,302.7843
19.5,55.5,302.58853
19.5,56.5,301.62018
19.5,57.5,300.29596
19.5,73.5,297.79254
19.5,74.5,298.8083
19.5,75.5,300.03314
19.5,76.5,300.71475
19.5,77.5,300.87994
19.5,78.5,301.12915
19.5,79.5,301.06326
19.5,80.5,299.3014
19.5,81.5,297.62912
19.5,82.5,298.6004
19.5,83.5,297.8599
19.5,84.5,298.46375
19.5,94.5,298.63385
19.5,95.5,299.38885
19.5,96.5,296.1228
19.5,97.5,295.58926
19.5,98.5,294.86264
19.5,99.5,296.80432
19.5,100.5,298.06232
19.5,101.5,295.31192
19.5,102.5,294.72043
19.5,103.5,292.981
19.5,104.5,292.52716
19.5,105.5,296.86258
19.5,109.5,296.6917
19.5,110.5,298.02063
20.5,-104.5,293.70044
20.5,-103.5,292.407
20.5,-102.5,290.74112
20.5,-101.5,290.39865
20.5,-100.5,289.05536
20.5,-99.5,289.26187
20.5,-98.5,291.54453
20.5,-97.5,294.72314
20.5,-89.5,298.94525
20.5,-88.5,298.70926
20.5,-87.5,298.99057
20.5,-77.5,299.24875
20.5,-76.5,297.49823
20.5,-75.5,298.5814
20.5,-15.5,301.4246
20.5,-14.5,301.70016
20.5,-13.5,301.91534
20.5,-12.5,301.93375
20.5,-11.5,301.85504
20.5,-10.5,301.72867
20.5,-9.5,301.76968
20.5,-8.5,301.85574
20.5,-7.5,301.99667
20.5,-6.5,302.41678
20.5,-5.5,302.6595
20.5,-4.5,302.81976
20.5,-3.5,302.56305
20.5,-2.5,302.5456
20.5,-1.5,302.66528
20.5,-0.5,302.47647
20.5,0.5,302.78375
20.5,1.5,301.94052
20.5,2.5,301.26562
20.5,3.5,301.15604
20.5,4.5,301.2193
20.5,5.5,301.29114
20.5,6.5,301.19925
20.5,7.5,301.08752
20.5,8.5,299.5376
20.5,9.5,299.60538
20.5,10.5,300.39062
20.5,11.5,300.45526
20.5,12.5,300.5852
20.5,13.5,300.23822
20.5,14.5,300.8714
20.5,15.5,300.72775
20.5,16.5,297.74887
20.5,17.5,296.69815
20.5,18.5,294.3212
20.5,19.5,297.05566
20.5,20.5,297.9854
20.5,21.5,298.45612
20.5,22.5,298.2718
20.5,23.5,297.70078
20.5,24.5,297.68512
20.5,25.5,297.56342
20.5,26.5,297.74274
20.5,27.5,298.02408
20.5,28.5,298.72556
20.5,29.5,299.70856
20.5,30.5,300.2169
20.5,31.5,300.23804
20.5,32.5,300.5935
20.5,33.5,301.26004
20.5,34.5,300.9934
20.5,35.5,300.92755
20.5,36.5,300.2951
20.5,40.5,299.98395
20.5,41.5,297.97986
20.5,42.5,299.07428
20.5,43.5,300.09085
20.5,44.5,300.00317
20.5,45.5,300.84857
20.5,46.5,301.27954
20.5,47.5,301.85934
20.5,48.5,302.34738
20.5,49.5,302.8216
20.5,50.5,303.13452
20.5,51.5,303.3533
20.5,52.5,303.47168
20.5,53.5,303.67932
20.5,54.5,303.02264
20.5,55.5,302.71124
20.5,56.5,302.5869
20.5,57.5,301.87814
20.5,73.5,299.16006
20.5,74.5,299.35263
20.5,75.5,300.6013
20.5,76.5,300.81284
20.5,77.5,301.22855
20.5,78.5,301.15378
20.5,79.5,300.90646
20.5,80.5,299.85046
20.5,81.5,298.933
20.5,82.5,300.02655
20.5,83.5,299.39288
20.5,84.5,299.11563
20.5,85.5,300.3327
20.5,86.5,300.64307
20.5,93.5,295.95975
20.5,94.5,297.86243
20.5,95.5,299.6238
20.5,96.5,296.66415
20.5,97.5,294.50095
20.5,98.5,294.89188
20.5,99.5,294.96878
20.5,100.5,295.3853
20.5,101.5,293.5298
20.5,102.5,293.78415
20.5,103.5,293.7628
20.5,104.5,293.14203
20.5,105.5,296.67746
20.5,106.5,297.7797
21.5,-104.5,292.77274
21.5,-103.5,292.9269
21.5,-102.5,290.75577
21.5,-101.5,289.77155
21.5,-100.5,290.61874
21.5,-99.5,291.61377
21.5,-98.5,295.51852
21.5,-88.5,299.2013
21.5,-87.5,299.25928
21.5,-78.5,298.72256
21.5,-77.5,298.70413
21.5,-16.5,297.74857
21.5,-15.5,299.62692
21.5,-14.5,300.2125
21.5,-13.5,301.07416
21.5,-12.5,300.7457
21.5,-11.5,301.12524
21.5,-10.5,301.04126
21.5,-9.5,301.47748
21.5,-8.5,301.49188
21.5,-7.5,301.58167
21.5,-6.5,302.07816
21.5,-5.5,302.42105
21.5,-4.5,302.29526
21.5,-3.5,302.142
21.5,-2.5,302.1583
21.5,-1.5,302.15955
21.5,-0.5,302.0631
21.5,0.5,302.44016
21.5,1.5,302.57397
21.5,2.5,301.8133
21.5,3.5,300.9932
21.5,4.5,300.75235
21.5,5.5,300.3202
21.5,6.5,300.00018
21.5,7.5,300.21964
21.5,8.5,298.7195
21.5,9.5,299.01175
21.5,10.5,300.10425
21.5,11.5,299.87918
21.5,12.5,298.96182
21.5,13.5,298.87714
21.5,14.5,300.4404
21.5,15.5,299.2461
21.5,16.5,295.85577
21.5,17.5,295.88666
21.5,18.5,294.94763
21.5,19.5,295.45963
21.5,20.5,297.47693
21.5,21.5,297.47446
21.5,22.5,297.40594
21.5,23.5,297.37753
21.5,24.5,297.0492
21.5,25.5,296.53357
21.5,26.5,296.67477
21.5,27.5,297.81223
21.5,28.5,298.26645
21.5,29.5,298.79803
21.5,30.5,299.1651
21.5,31.5,298.99542
21.5,32.5,299.74963
21.5,33.5,300.0922
21.5,34.5,299.42206
21.5,35.5,299.61255
21.5,36.5,300.6973
21.5,39.5,303.01785
21.5,40.5,299.40524
21.5,41.5,299.31815
21.5,42.5,299.78778
21.5,43.5,299.5821
21.5,44.5,299.29025
21.5,45.5,299.74722
21.5,46.5,300.75494
21.5,47.5,301.8801
21.5,48.5,302.44547
21.5,49.5,302.67917
21.5,50.5,302.92902
21.5,51.5,303.31418
21.5,52.5,303.47717
21.5,53.5,303.41727
21.5,54.5,303.4181
21.5,55.5,303.32187
21.5,56.5,303.422
21.5,57.5,302.47592
21.5,58.5,301.17792
21.5,70.5,301.04352
21.5,71.5,301.47818
21.5,72.5,301.13794
21.5,73.5,301.069
21.5,74.5,299.69293
21.5,75.5,301.8446
21.5,76.5,300.18726
21.5,77.5,300.781
21.5,78.5,299.25836
21.5,79.5,299.61847
21.5,80.5,298.90625
21.5,81.5,300.15366
21.5,82.5,300.5695
21.5,83.5,300.55093
21.5,84.5,299.88715
21.5,85.5,299.83224
21.5,86.5,299.0153
21.5,92.5,297.24362
21.5,93.5,294.57758
21.5,94.5,298.00418
21.5,95.5,300.5961
21.5,96.5,296.13107
21.5,97.5,294.82703
21.5,98.5,293.3701
21.5,99.5,293.27316
21.5,100.5,293.7781
21.5,101.5,293.58923
21.5,102.5,293.9257
21.5,103.5,294.39218
21.5,104.5,294.86905
21.5,105.5,296.8453
21.5,106.5,295.01822
21.5,107.5,295.83145
21.5,109.5,296.89322
21.5,110.5,297.01822
22.5,-105.5,296.0205
22.5,-104.5,290.05435
22.5,-103.5,289.83432
22.5,-102.5,290.64993
22.5,-101.5,290.18832
22.5,-100.5,291.90298
22.5,-99.5,295.49506
22.5,-98.5,297.30685
22.5,-83.5,298.3962
22.5,-81.5,298.4122
22.5,-80.5,297.9119
22.5,-79.5,297.85297
22.5,-15.5,297.90643
22.5,-14.5,298.6899
22.5,-13.5,299.56226
22.5,-12.5,299.87817
22.5,-11.5,299.91516
22.5,-10.5,300.40652
22.5,-9.5,300.89923
22.5,-8.5,301.1489
22.5,-7.5,301.19614
22.5,-6.5,301.46
22.5,-5.5,301.7386
22.5,-4.5,301.75412
22.5,-3.5,301.94785
22.5,-2.5,301.9805
22.5,-1.5,301.57715
22.5,-0.5,301.59564
22.5,0.5,301.8695
22.5,1.5,302.48956
22.5,2.5,302.0944
22.5,3.5,301.40646
22.5,4.5,300.36218
22.5,5.5,297.54007
22.5,6.5,297.82388
22.5,7.5,297.99533
22.5,8.5,297.37552
22.5,9.5,298.55862
22.5,10.5,298.6707
22.5,11.5,297.6094
22.5,12.5,297.02557
22.5,13.5,297.81955
22.5,14.5,298.28085
22.5,15.5,296.7343
22.5,16.5,296.24918
22.5,17.5,296.5695
22.5,18.5,295.97867
22.5,19.5,293.90305
22.5,20.5,296.3918
22.5,21.5,296.77542
22.5,22.5,297.00104
22.5,23.5,297.10263
22.5,24.5,296.8404
22.5,25.5,296.09695
22.5,26.5,295.88724
22.5,27.5,297.29733
22.5,28.5,298.28348
22.5,29.5,298.748
22.5,30.5,298.9003
22.5,31.5,299.30603
22.5,32.5,298.77783
22.5,33.5,299.2905
22.5,34.5,299.30756
22.5,35.5,298.43793
22.5,39.5,300.894
22.5,40.5,298.8901
22.5,41.5,299.82974
22.5,42.5,300.13904
22.5,43.5,299.5354
22.5,44.5,299.05585
22.5,45.5,299.56598
22.5,46.5,299.72992
22.5,47.5,301.09378
22.5,48.5,302.136
22.5,49.5,302.44064
22.5,50.5,302.73355
22.5,51.5,303.08292
22.5,52.5,303.28366
22.5,53.5,303.49106
22.5,54.5,303.35477
22.5,55.5,303.61942
22.5,56.5,302.72928
22.5,57.5,301.2293
22.5,58.5,300.47534
22.5,59.5,298.94904
22.5,69.5,300.23486
22.5,70.5,301.08212
22.5,71.5,301.73483
22.5,72.5,301.7199
22.5,73.5,301.8959
22.5,74.5,300.4507
22.5,75.5,300.36542
22.5,76.5,299.88507
22.5,77.5,299.16104
22.5,78.5,298.68542
22.5,79.5,298.88168
22.5,80.5,297.4606
22.5,81.5,298.22604
22.5,82.5,298.72894
22.5,83.5,298.57614
22.5,84.5,298.1648
22.5,85.5,298.2709
22.5,86.5,299.31876
22.5,87.5,300.2181
22.5,88.5,300.3961
22.5,89.5,299.8806
22.5,90.5,299.78333
22.5,91.5,298.87833
22.5,92.5,295.71057
22.5,93.5,295.34283
22.5,94.5,298.59344
22.5,95.5,299.8921
22.5,96.5,295.80194
22.5,97.5,293.04196
22.5,98.5,292.22195
22.5,99.5,291.43903
22.5,100.5,291.14206
22.5,101.5,291.59396
22.5,102.5,291.18863
22.5,103.5,293.93094
22.5,104.5,293.09702
22.5,105.5,293.3812
22.5,106.5,293.3481
22.5,107.5,294.5211
22.5,108.5,295.29895
22.5,109.5,295.6467
22.5,110.5,295.07208
22.5,111.5,294.8066
22.5,112.5,295.199
22.5,113.5,296.6682
22.5,114.5,295.9169
22.5,120.5,294.58182
23.5,-106.5,297.11038
23.5,-105.5,292.4182
23.5,-104.5,288.22647
23.5,-103.5,289.74994
23.5,-102.5,290.7973
23.5,-101.5,290.36545
23.5,-100.5,290.4057
23.5,-99.5,291.53616
23.5,-98.5,297.36307
23.5,-15.5,296.38446
23.5,-14.5,298.04434
23.5,-13.5,298.53482
23.5,-12.5,298.78183
23.5,-11.5,299.18204
23.5,-10.5,299.543
23.5,-9.5,300.20007
23.5,-8.5,300.6596
23.5,-7.5,300.95316
23.5,-6.5,301.13788
23.5,-5.5,301.30118
23.5,-4.5,301.31522
23.5,-3.5,301.46408
23.5,-2.5,301.5441
23.5,-1.5,301.16537
23.5,-0.5,301.16635
23.5,0.5,301.5082
23.5,1.5,301.48526
23.5,2.5,301.1065
23.5,3.5,300.5376
23.5,4.5,299.2075
23.5,5.5,295.0108
23.5,6.5,295.385
23.5,7.5,296.01443
23.5,8.5,296.9576
23.5,9.5,298.22314
23.5,10.5,297.0986
23.5,11.5,295.97592
23.5,12.5,296.33524
23.5,13.5,297.07126
23.5,14.5,297.57556
23.5,15.5,296.70248
23.5,16.5,296.95886
23.5,17.5,297.4231
23.5,18.5,297.33725
23.5,19.5,296.23514
23.5,20.5,296.1182
23.5,21.5,296.65842
23.5,22.5,296.49725
23.5,23.5,296.9138
23.5,24.5,296.957
23.5,25.5,295.04523
23.5,26.5,294.80038
23.5,27.5,296.5732
23.5,28.5,297.76843
23.5,29.5,298.4875
23.5,30.5,298.91245
23.5,31.5,299.255
23.5,32.5,298.83432
23.5,33.5,299.0518
23.5,34.5,298.7367
23.5,35.5,298.2696
23.5,39.5,300.45462
23.5,40.5,299.15454
23.5,41.5,299.5508
23.5,42.5,299.62082
23.5,43.5,299.0734
23.5,44.5,299.2978
23.5,45.5,299.89862
23.5,46.5,299.9974
23.5,47.5,300.67624
23.5,48.5,301.83096
23.5,49.5,302.2262
23.5,50.5,302.60568
23.5,51.5,303.3358
23.5,52.5,302.77756
23.5,53.5,302.7983
23.5,54.5,302.8391
23.5,55.5,302.93063
23.5,56.5,301.37424
23.5,57.5,298.002
23.5,58.5,299.1075
23.5,69.5,300.82925
23.5,70.5,301.904
23.5,71.5,301.67145
23.5,72.5,301.11697
23.5,73.5,300.82535
23.5,74.5,300.1553
23.5,75.5,299.21863
23.5,76.5,299.29358
23.5,77.5,299.28235
23.5,78.5,299.7053
23.5,79.5,299.29144
23.5,80.5,298.2917
23.5,81.5,297.80496
23.5,82.5,298.59485
23.5,83.5,297.1023
23.5,84.5,297.36047
23.5,85.5,298.43787
23.5,86.5,300.0241
23.5,87.5,300.2475
23.5,88.5,300.25934
23.5,89.5,300.05948
23.5,90.5,299.49374
23.5,91.5,297.8793
23.5,92.5,295.58298
23.5,93.5,292.39932
23.5,94.5,296.15305
23.5,95.5,297.43695
23.5,96.5,296.07724
23.5,97.5,293.8806
23.5,98.5,291.35614
23.5,99.5,289.0003
23.5,100.5,289.83914
23.5,101.5,290.0303
23.5,102.5,291.12738
23.5,103.5,291.52496
23.5,104.5,289.67108
23.5,105.5,292.26657
23.5,106.5,294.1172
23.5,107.5,293.94315
23.5,108.5,295.02948
23.5,109.5,294.48383
23.5,110.5,293.47562
23.5,111.5,293.66586
23.5,112.5,294.4684
23.5,113.5,294.75568
23.5,114.5,293.80017
23.5,115.5,294.13135
23.5,116.5,294.24655
23.5,120.5,292.52548
23.5,121.5,287.24387
24.5,-111.5,295.90656
24.5,-107.5,298.08215
24.5,-106.5,294.32974
24.5,-105.5,287.0122
24.5,-104.5,289.64365
24.5,-103.5,291.10217
24.5,-102.5,292.47217
24.5,-101.5,292.3677
24.5,-100.5,289.81155
24.5,-99.5,292.0441
24.5,-98.5,296.73224
24.5,-14.5,296.85843
24.5,-13.5,297.51648
24.5,-12.5,298.38947
24.5,-11.5,298.70886
24.5,-10.5,299.04095
24.5,-9.5,299.88037
24.5,-8.5,299.99515
24.5,-7.5,300.2067
24.5,-6.5,300.61963
24.5,-5.5,300.95096
24.5,-4.5,300.8557
24.5,-3.5,300.89517
24.5,-2.5,300.87848
24.5,-1.5,300.7303
24.5,-0.5,300.94138
24.5,0.5,301.21924
24.5,1.5,300.73312
24.5,2.5,300.31766
24.5,3.5,299.30847
24.5,4.5,298.0183
24.5,5.5,297.57526
24.5,6.5,295.36874
24.5,7.5,295.14014
24.5,8.5,295.9348
24.5,9.5,295.0956
24.5,10.5,296.1871
24.5,11.5,297.21948
24.5,12.5,296.22504
24.5,13.5,297.03882
24.5,14.5,297.4061
24.5,15.5,296.84543
24.5,16.5,296.97595
24.5,17.5,297.62912
24.5,18.5,297.8013
24.5,19.5,296.75006
24.5,20.5,296.5361
24.5,21.5,296.59683
24.5,22.5,296.75226
24.5,23.5,296.60822
24.5,24.5,296.54166
24.5,25.5,295.51987
24.5,26.5,294.43967
24.5,27.5,295.6102
24.5,28.5,296.72165
24.5,29.5,297.36035
24.5,30.5,297.7858
24.5,31.5,297.76178
24.5,32.5,298.09857
24.5,33.5,298.77527
24.5,34.5,298.2209
24.5,37.5,299.14612
24.5,38.5,299.27612
24.5,39.5,298.12128
24.5,40.5,299.55084
24.5,41.5,299.6943
24.5,42.5,299.11804
24.5,43.5,298.81494
24.5,44.5,299.09766
24.5,45.5,299.3398
24.5,46.5,299.27646
24.5,47.5,300.27594
24.5,48.5,301.06897
24.5,49.5,301.59003
24.5,50.5,302.0301
24.5,51.5,301.6757
24.5,54.5,302.0468
24.5,55.5,302.2683
24.5,56.5,298.9846
24.5,67.5,300.6007
24.5,68.5,301.42712
24.5,69.5,301.57614
24.5,70.5,301.56055
24.5,71.5,301.48373
24.5,72.5,300.59967
24.5,73.5,299.7539
24.5,74.5,299.35397
24.5,75.5,299.59253
24.5,76.5,299.9813
24.5,77.5,299.47446
24.5,78.5,299.50888
24.5,79.5,299.71838
24.5,80.5,299.31848
24.5,81.5,299.61566
24.5,82.5,299.4798
24.5,83.5,299.4547
24.5,84.5,299.26602
24.5,85.5,298.9707
24.5,86.5,299.72046
24.5,87.5,299.95486
24.5,88.5,300.06818
24.5,89.5,299.72205
24.5,90.5,298.93277
24.5,91.5,298.03036
24.5,92.5,296.32712
24.5,93.5,293.9335
24.5,94.5,293.8574
24.5,95.5,295.85464
24.5,96.5,295.72614
24.5,97.5,292.73187
24.5,98.5,288.60056
24.5,99.5,288.7422
24.5,100.5,287.35803
24.5,101.5,288.3454
24.5,102.5,288.86194
24.5,103.5,288.30408
24.5,104.5,288.17752
24.5,105.5,292.14496
24.5,106.5,293.1281
24.5,107.5,291.53595
24.5,108.5,291.65723
24.5,109.5,292.93283
24.5,110.5,291.6934
24.5,111.5,291.08725
24.5,112.5,291.50525
24.5,113.5,292.51675
24.5,114.5,293.0486
24.5,115.5,292.9831
24.5,116.5,292.61533
24.5,117.5,292.12225
24.5,121.5,294.0379
25.5,-111.5,297.0271
25.5,-108.5,298.56042
25.5,-107.5,295.9041
25.5,-106.5,286.9014
25.5,-105.5,288.69455
25.5,-104.5,291.84677
25.5,-103.5,293.8271
25.5,-102.5,295.41525
25.5,-101.5,290.98862
25.5,-100.5,294.637
25.5,-99.5,296.58694
25.5,-98.5,297.80313
25.5,-97.5,297.42554
25.5,-80.5,298.4703
25.5,-14.5,295.17758
25.5,-13.5,296.31747
25.5,-12.5,296.71588
25.5,-11.5,297.0851
25.5,-10.5,297.76083
25.5,-9.5,298.712
25.5,-8.5,299.11145
25.5,-7.5,299.31186
25.5,-6.5,299.76712
25.5,-5.5,300.28342
25.5,-4.5,300.152
25.5,-3.5,300.08176
25.5,-2.5,300.1127
25.5,-1.5,300.30997
25.5,-0.5,300.57303
25.5,0.5,300.76425
25.5,1.5,301.02197
25.5,2.5,300.96875
25.5,3.5,299.2106
25.5,4.5,298.46454
25.5,5.5,296.15335
25.5,6.5,295.35452
25.5,7.5,294.7803
25.5,8.5,293.45096
25.5,9.5,295.32797
25.5,10.5,298.14548
25.5,11.5,297.99066
25.5,12.5,296.6751
25.5,13.5,297.04767
25.5,14.5,297.0866
25.5,15.5,296.7604
25.5,16.5,296.87122
25.5,17.5,297.3245
25.5,18.5,297.4041
25.5,19.5,297.47623
25.5,20.5,297.13593
25.5,21.5,297.82217
25.5,22.5,297.23965
25.5,23.5,296.92056
25.5,24.5,297.15198
25.5,25.5,296.46655
25.5,26.5,295.9228
25.5,27.5,296.15686
25.5,28.5,296.30573
25.5,29.5,296.6624
25.5,30.5,296.32483
25.5,31.5,296.82242
25.5,32.5,296.71234
25.5,33.5,297.5652
25.5,34.5,297.31293
25.5,37.5,299.54874
25.5,38.5,297.89124
25.5,39.5,297.47278
25.5,40.5,297.34167
25.5,41.5,298.73825
25.5,42.5,299.26343
25.5,43.5,299.53925
25.5,44.5,299.7299
25.5,45.5,299.7319
25.5,46.5,299.45108
25.5,47.5,300.09436
25.5,48.5,301.46597
25.5,49.5,301.46075
25.5,50.5,301.0929
25.5,51.5,301.58347
25.5,59.5,300.74506
25.5,60.5,300.38303
25.5,61.5,300.77325
25.5,62.5,300.571
25.5,63.5,298.71396
25.5,64.5,298.50314
25.5,65.5,299.32275
25.5,66.5,299.28293
25.5,67.5,300.78088
25.5,68.5,302.03064
25.5,69.5,302.41818
25.5,70.5,301.96445
25.5,71.5,301.8177
25.5,72.5,301.66202
25.5,73.5,299.3259
25.5,74.5,299.27313
25.5,75.5,299.94952
25.5,76.5,300.23242
25.5,77.5,299.82663
25.5,78.5,300.1838
25.5,79.5,300.6168
25.5,80.5,300.5313
25.5,81.5,300.4495
25.5,82.5,300.391
25.5,83.5,300.16025
25.5,84.5,300.1544
25.5,85.5,300.19162
25.5,86.5,299.8089
25.5,87.5,299.55554
25.5,88.5,299.39877
25.5,89.5,298.99142
25.5,90.5,298.49124
25.5,91.5,298.58917
25.5,92.5,295.76508
25.5,93.5,293.2808
25.5,94.5,289.65973
25.5,95.5,292.40936
25.5,96.5,293.66446
25.5,97.5,290.79892
25.5,98.5,286.71463
25.5,99.5,285.47052
25.5,100.5,286.76868
25.5,101.5,288.6606
25.5,102.5,286.06418
25.5,103.5,286.5042
25.5,104.5,287.15598
25.5,105.5,290.5531
25.5,106.5,289.76865
25.5,107.5,290.1905
25.5,108.5,290.98453
25.5,109.5,290.24023
25.5,110.5,290.03558
25.5,111.5,289.61057
25.5,112.5,291.14517
25.5,113.5,291.85864
25.5,114.5,291.3567
25.5,115.5,291.3884
25.5,116.5,291.06146
25.5,117.5,290.09113
25.5,118.5,292.23972
26.5,-112.5,295.32034
26.5,-108.5,296.3194
26.5,-107.5,291.09106
26.5,-106.5,286.44955
26.5,-105.5,289.78912
26.5,-104.5,293.4545
26.5,-103.5,295.50342
26.5,-102.5,292.6916
26.5,-101.5,294.89224
26.5,-100.5,295.35886
26.5,-99.5,296.8947
26.5,-98.5,297.26596
26.5,-97.5,296.7896
26.5,-81.5,296.85028
26.5,-80.5,297.13834
26.5,-13.5,294.80994
26.5,-12.5,295.6984
26.5,-11.5,295.7688
26.5,-10.5,296.50067
26.5,-9.5,297.5925
26.5,-8.5,298.58047
26.5,-7.5,299.2175
26.5,-6.5,299.45975
26.5,-5.5,299.3298
26.5,-4.5,299.17346
26.5,-3.5,299.11148
26.5,-2.5,299.71344
26.5,-1.5,299.72647
26.5,-0.5,300.2773
26.5,0.5,300.55826
26.5,1.5,300.83112
26.5,2.5,300.93216
26.5,3.5,299.9104
26.5,4.5,298.349
26.5,5.5,297.3984
26.5,6.5,296.26346
26.5,7.5,296.86304
26.5,8.5,297.17377
26.5,9.5,297.73013
26.5,10.5,298.4072
26.5,11.5,297.68948
26.5,12.5,297.32938
26.5,13.5,298.00836
26.5,14.5,297.70056
26.5,15.5,297.20517
26.5,16.5,296.25784
26.5,17.5,295.60034
26.5,18.5,296.4348
26.5,19.5,297.40762
26.5,20.5,297.61804
26.5,21.5,297.7889
26.5,22.5,297.1515
26.5,23.5,296.97522
26.5,24.5,297.0179
26.5,25.5,296.52426
26.5,26.5,296.21484
26.5,27.5,295.98926
26.5,28.5,296.38617
26.5,29.5,296.2812
26.5,30.5,296.05142
26.5,31.5,296.49548
26.5,32.5,297.75568
26.5,33.5,297.76205
26.5,36.5,299.84338
26.5,37.5,297.62753
26.5,38.5,297.62567
26.5,39.5,296.49142
26.5,40.5,296.91486
26.5,41.5,297.27432
26.5,42.5,297.8195
26.5,43.5,298.61847
26.5,44.5,299.1472
26.5,45.5,299.31503
26.5,46.5,299.90884
26.5,47.5,300.69156
26.5,48.5,301.5032
26.5,49.5,302.10672
26.5,57.5,300.17392
26.5,58.5,299.19016
26.5,59.5,300.7968
26.5,60.5,299.8369
26.5,61.5,299.02682
26.5,62.5,298.51385
26.5,63.5,298.30698
26.5,64.5,297.9613
26.5,65.5,298.4553
26.5,66.5,298.21222
26.5,67.5,300.8339
26.5,68.5,302.8111
26.5,69.5,302.27975
26.5,70.5,301.411
26.5,71.5,301.07816
26.5,72.5,301.04364
26.5,73.5,300.568
26.5,74.5,300.1237
26.5,75.5,300.11685
26.5,76.5,300.22385
26.5,77.5,300.15668
26.5,78.5,300.32336
26.5,79.5,300.50107
26.5,80.5,300.29898
26.5,81.5,300.04736
26.5,82.5,299.8173
26.5,83.5,299.8032
26.5,84.5,299.72452
26.5,85.5,299.5678
26.5,86.5,298.27203
26.5,87.5,296.61713
26.5,88.5,297.13812
26.5,89.5,295.31177
26.5,90.5,295.4855
26.5,91.5,295.66733
26.5,92.5,296.2561
26.5,93.5,296.79462
26.5,94.5,293.26126
26.5,95.5,290.12854
26.5,96.5,291.70993
26.5,97.5,290.54135
26.5,98.5,285.10718
26.5,99.5,283.40204
26.5,100.5,283.71802
26.5,101.5,285.6292
26.5,102.5,286.20352
26.5,103.5,286.0708
26.5,104.5,285.3657
26.5,105.5,287.9555
26.5,106.5,287.53488
26.5,107.5,287.8844
26.5,108.5,287.9699
26.5,109.5,289.0836
26.5,110.5,289.62866
26.5,111.5,290.12906
26.5,112.5,290.8232
26.5,113.5,289.818
26.5,114.5,290.4775
26.5,115.5,291.94742
26.5,116.5,291.29636
26.5,117.5,290.9854
26.5,118.5,289.9267
26.5,119.5,290.7808
27.5,-113.5,294.7092
27.5,-112.5,296.4786
27.5,-110.5,297.67987
27.5,-109.5,297.4152
27.5,-108.5,290.9555
27.5,-107.5,286.3996
27.5,-106.5,288.98044
27.5,-105.5,292.5994
27.5,-104.5,293.58163
27.5,-103.5,294.5761
27.5,-102.5,292.74725
27.5,-101.5,294.61267
27.5,-100.5,296.1464
27.5,-99.5,296.71567
27.5,-98.5,295.7119
27.5,-97.5,295.901
27.5,-82.5,296.20584
27.5,-81.5,295.88498
27.5,-80.5,296.70715
27.5,-12.5,294.37952
27.5,-11.5,294.73477
27.5,-10.5,296.07782
27.5,-9.5,296.62518
27.5,-8.5,297.97995
27.5,-7.5,299.1714
27.5,-6.5,299.3964
27.5,-5.5,299.16803
27.5,-4.5,298.8057
27.5,-3.5,298.78745
27.5,-2.5,298.9729
27.5,-1.5,299.2337
27.5,-0.5,299.61053
27.5,0.5,299.72565
27.5,1.5,299.32825
27.5,2.5,299.18283
27.5,3.5,298.57184
27.5,4.5,298.16907
27.5,5.5,298.2017
27.5,6.5,298.21982
27.5,7.5,297.82242
27.5,8.5,297.64328
27.5,9.5,297.17413
27.5,10.5,297.34058
27.5,11.5,297.1359
27.5,12.5,297.11914
27.5,13.5,297.29153
27.5,14.5,296.7431
27.5,15.5,296.2105
27.5,16.5,294.9418
27.5,17.5,294.74637
27.5,18.5,295.97446
27.5,19.5,296.7064
27.5,20.5,297.23087
27.5,21.5,297.5889
27.5,22.5,297.11655
27.5,23.5,296.8326
27.5,24.5,297.08167
27.5,25.5,296.74088
27.5,26.5,296.19662
27.5,27.5,296.19705
27.5,28.5,296.25314
27.5,29.5,296.20538
27.5,30.5,296.33215
27.5,31.5,295.72903
27.5,32.5,295.04663
27.5,33.5,295.9713
27.5,36.5,295.0627
27.5,37.5,294.52722
27.5,38.5,296.12213
27.5,39.5,295.89636
27.5,40.5,296.00052
27.5,41.5,297.14395
27.5,42.5,297.14023
27.5,43.5,298.24564
27.5,44.5,298.83188
27.5,45.5,299.66058
27.5,46.5,300.299
27.5,47.5,300.97778
27.5,48.5,301.23328
27.5,53.5,299.72296
27.5,54.5,300.69257
27.5,55.5,300.89484
27.5,56.5,297.88034
27.5,57.5,299.451
27.5,58.5,300.85184
27.5,59.5,299.56433
27.5,60.5,297.8243
27.5,61.5,294.89178
27.5,62.5,296.60544
27.5,63.5,297.53378
27.5,64.5,297.071
27.5,65.5,295.78577
27.5,66.5,296.1907
27.5,67.5,299.7927
27.5,68.5,302.93652
27.5,69.5,302.60123
27.5,70.5,301.76996
27.5,71.5,301.41635
27.5,72.5,300.9656
27.5,73.5,300.7749
27.5,74.5,300.31396
27.5,75.5,299.3796
27.5,76.5,299.6358
27.5,77.5,299.97235
27.5,78.5,299.92697
27.5,79.5,299.8078
27.5,80.5,299.59323
27.5,81.5,299.3864
27.5,82.5,297.9959
27.5,83.5,296.77698
27.5,84.5,296.1791
27.5,85.5,294.68927
27.5,86.5,283.94467
27.5,87.5,280.90027
27.5,88.5,273.5004
27.5,89.5,279.99826
27.5,90.5,279.8658
27.5,91.5,279.8283
27.5,92.5,278.7992
27.5,93.5,292.58698
27.5,94.5,293.14648
27.5,95.5,294.34933
27.5,96.5,288.0653
27.5,97.5,281.90344
27.5,98.5,282.0368
27.5,99.5,277.75528
27.5,100.5,280.4397
27.5,101.5,282.27298
27.5,102.5,284.65323
27.5,103.5,285.88367
27.5,104.5,286.14816
27.5,105.5,286.3673
27.5,106.5,287.4062
27.5,107.5,287.863
27.5,108.5,288.66174
27.5,109.5,289.24277
27.5,110.5,290.09882
27.5,111.5,290.46774
27.5,112.5,291.21228
27.5,113.5,290.42288
27.5,114.5,291.6879
27.5,115.5,291.33792
27.5,116.5,291.46933
27.5,117.5,290.0113
27.5,118.5,289.94946
27.5,119.5,289.25238
27.5,120.5,289.99023
28.5,-113.5,296.65012
28.5,-111.5,297.78308
28.5,-110.5,297.53574
28.5,-109.5,293.63464
28.5,-108.5,288.5545
28.5,-107.5,285.56644
28.5,-106.5,289.09918
28.5,-105.5,292.64764
28.5,-104.5,292.81042
28.5,-103.5,294.76797
28.5,-102.5,292.74356
28.5,-101.5,293.67072
28.5,-100.5,295.61963
28.5,-99.5,295.43237
28.5,-98.5,294.92236
28.5,-97.5,294.5112
28.5,-96.5,295.07388
28.5,-82.5,295.24142
28.5,-81.5,295.34778
28.5,-10.5,294.34763
28.5,-9.5,295.3235
28.5,-8.5,297.59073
28.5,-7.5,298.4447
28.5,-6.5,298.41974
28.5,-5.5,298.38177
28.5,-4.5,298.09473
28.5,-3.5,298.26016
28.5,-2.5,298.24704
28.5,-1.5,298.84753
28.5,-0.5,299.4225
28.5,0.5,298.95288
28.5,1.5,297.8588
28.5,2.5,296.85675
28.5,3.5,296.5931
28.5,4.5,296.7631
28.5,5.5,297.63208
28.5,6.5,298.00854
28.5,7.5,297.87717
28.5,8.5,297.1768
28.5,9.5,296.29996
28.5,10.5,295.80106
28.5,11.5,295.55307
28.5,12.5,295.6655
28.5,13.5,295.362
28.5,14.5,295.14877
28.5,15.5,295.27234
28.5,16.5,295.74918
28.5,17.5,296.06528
28.5,18.5,296.10138
28.5,19.5,296.13522
28.5,20.5,296.92337
28.5,21.5,297.33456
28.5,22.5,296.73953
28.5,23.5,296.354
28.5,24.5,296.35895
28.5,25.5,296.26733
28.5,26.5,296.1391
28.5,27.5,295.84686
28.5,28.5,295.90048
28.5,29.5,295.81122
28.5,30.5,296.3548
28.5,31.5,295.5654
28.5,32.5,295.37567
28.5,33.5,292.97006
28.5,34.5,293.59406
28.5,35.5,296.22678
28.5,36.5,294.43
28.5,37.5,294.83676
28.5,38.5,295.68408
28.5,39.5,295.6264
28.5,40.5,295.93036
28.5,41.5,296.6366
28.5,42.5,296.97574
28.5,43.5,297.75488
28.5,44.5,298.5853
28.5,45.5,299.20135
28.5,46.5,299.71725
28.5,47.5,300.78296
28.5,51.5,299.44345
28.5,52.5,297.30978
28.5,53.5,296.1202
28.5,54.5,293.86554
28.5,55.5,295.61804
28.5,56.5,291.65622
28.5,57.5,293.89957
28.5,58.5,299.31467
28.5,59.5,296.86102
28.5,60.5,293.0188
28.5,61.5,294.2859
28.5,62.5,297.65808
28.5,63.5,298.12793
28.5,64.5,297.75784
28.5,65.5,293.2132
28.5,66.5,292.7466
28.5,67.5,298.54147
28.5,68.5,301.77917
28.5,69.5,301.70746
28.5,70.5,302.26373
28.5,71.5,302.3246
28.5,72.5,301.7531
28.5,73.5,301.60062
28.5,74.5,301.3302
28.5,75.5,300.48856
28.5,76.5,299.31345
28.5,77.5,299.06927
28.5,78.5,298.80743
28.5,79.5,298.61993
28.5,80.5,297.07318
28.5,81.5,293.86218
28.5,82.5,286.22522
28.5,83.5,277.14136
28.5,84.5,282.178
28.5,85.5,274.89084
28.5,86.5,269.1266
28.5,87.5,271.33627
28.5,88.5,272.72162
28.5,89.5,274.6222
28.5,90.5,271.80093
28.5,91.5,274.15454
28.5,92.5,272.65793
28.5,93.5,279.50122
28.5,94.5,286.54013
28.5,95.5,288.66788
28.5,96.5,282.30432
28.5,97.5,275.8534
28.5,98.5,274.5004
28.5,99.5,276.44818
28.5,100.5,275.90244
28.5,101.5,278.86566
28.5,102.5,281.03485
28.5,103.5,283.58527
28.5,104.5,290.03604
28.5,105.5,290.21637
28.5,106.5,289.97122
28.5,107.5,286.77643
28.5,108.5,286.76434
28.5,109.5,288.58453
28.5,110.5,288.28296
28.5,111.5,289.5846
28.5,112.5,290.72958
28.5,113.5,290.41794
28.5,114.5,290.42957
28.5,115.5,290.9648
28.5,116.5,291.8209
28.5,117.5,290.49216
28.5,118.5,289.10452
28.5,119.5,289.081
28.5,120.5,290.43515
29.5,-114.5,295.3869
29.5,-111.5,296.84933
29.5,-110.5,294.83655
29.5,-109.5,293.12234
29.5,-108.5,288.42285
29.5,-107.5,287.59756
29.5,-106.5,290.32483
29.5,-105.5,293.81818
29.5,-104.5,292.06006
29.5,-103.5,293.92978
29.5,-102.5,293.15454
29.5,-101.5,293.92636
29.5,-100.5,293.7477
29.5,-99.5,292.9294
29.5,-98.5,293.11392
29.5,-97.5,293.42532
29.5,-96.5,293.59503
29.5,-95.5,294.09143
29.5,-90.5,294.33633
29.5,-82.5,294.2411
29.5,-81.5,294.8228
29.5,-9.5,292.47458
29.5,-8.5,293.9948
29.5,-7.5,297.08423
29.5,-6.5,297.56537
29.5,-5.5,297.49356
29.5,-4.5,297.66876
29.5,-3.5,297.43588
29.5,-2.5,297.45126
29.5,-1.5,297.48206
29.5,-0.5,297.73676
29.5,0.5,298.17798
29.5,1.5,297.84924
29.5,2.5,296.8286
29.5,3.5,296.71475
29.5,4.5,296.96854
29.5,5.5,297.3956
29.5,6.5,297.9576
29.5,7.5,297.60458
29.5,8.5,297.46075
29.5,9.5,296.71896
29.5,10.5,295.97992
29.5,11.5,295.13312
29.5,12.5,295.0038
29.5,13.5,295.06696
29.5,14.5,295.7074
29.5,15.5,296.37457
29.5,16.5,296.2978
29.5,17.5,295.81342
29.5,18.5,295.79065
29.5,19.5,296.73486
29.5,20.5,297.37576
29.5,21.5,297.1581
29.5,22.5,296.51752
29.5,23.5,296.1032
29.5,24.5,296.07385
29.5,25.5,296.13165
29.5,26.5,295.92172
29.5,27.5,296.6039
29.5,28.5,295.94717
29.5,29.5,295.3704
29.5,30.5,295.62524
29.5,31.5,295.2748
29.5,32.5,293.86115
29.5,33.5,293.36813
29.5,34.5,294.32224
29.5,35.5,293.05707
29.5,36.5,293.96097
29.5,37.5,294.71506
29.5,38.5,295.85773
29.5,39.5,295.5544
29.5,40.5,296.2139
29.5,41.5,297.03394
29.5,42.5,297.68866
29.5,43.5,298.16718
29.5,44.5,298.8148
29.5,45.5,299.2239
29.5,46.5,299.76004
29.5,47.5,300.76904
29.5,51.5,295.28848
29.5,52.5,291.25958
29.5,53.5,290.40173
29.5,54.5,291.83783
29.5,55.5,290.68976
29.5,56.5,290.10382
29.5,57.5,287.75873
29.5,58.5,298.21945
29.5,59.5,297.94696
29.5,60.5,293.29144
29.5,61.5,295.70352
29.5,62.5,295.84772
29.5,63.5,295.37402
29.5,64.5,296.89917
29.5,65.5,295.77274
29.5,66.5,291.0929
29.5,67.5,295.1257
29.5,68.5,298.83957
29.5,69.5,296.91376
29.5,70.5,301.0724
29.5,71.5,301.7063
29.5,72.5,301.81262
29.5,73.5,301.22687
29.5,74.5,300.83032
29.5,75.5,299.84024
29.5,76.5,298.79077
29.5,77.5,297.824
29.5,78.5,295.03366
29.5,79.5,293.8258
29.5,80.5,286.78195
29.5,81.5,280.54758
29.5,82.5,273.5873
29.5,83.5,270.56024
29.5,84.5,269.82666
29.5,85.5,270.15073
29.5,86.5,270.0521
29.5,87.5,275.01624
29.5,88.5,275.4507
29.5,89.5,274.76553
29.5,90.5,276.75607
29.5,91.5,278.87344
29.5,92.5,273.99493
29.5,93.5,274.51712
29.5,94.5,274.36694
29.5,95.5,273.9369
29.5,96.5,271.4634
29.5,97.5,271.88736
29.5,98.5,273.75037
29.5,99.5,274.57147
29.5,100.5,274.50195
29.5,101.5,275.24707
29.5,102.5,280.168
29.5,103.5,287.34857
29.5,104.5,292.38034
29.5,105.5,292.2178
29.5,106.5,291.24414
29.5,107.5,289.20407
29.5,108.5,286.00528
29.5,109.5,286.77252
29.5,110.5,287.25375
29.5,111.5,289.79373
29.5,112.5,290.88754
29.5,113.5,290.55777
29.5,114.5,289.76013
29.5,115.5,290.35596
29.5,116.5,290.92407
29.5,117.5,289.8958
29.5,118.5,289.17026
29.5,119.5,289.38623
29.5,120.5,290.13614
29.5,121.5,289.35767
30.5,-115.5,292.03137
30.5,-112.5,297.0245
30.5,-111.5,294.6511
30.5,-110.5,292.2401
30.5,-109.5,291.8318
30.5,-108.5,289.9394
30.5,-107.5,291.5039
30.5,-106.5,292.05322
30.5,-105.5,292.6601
30.5,-104.5,291.10065
30.5,-103.5,291.36105
30.5,-102.5,292.98203
30.5,-101.5,292.7746
30.5,-100.5,292.29727
30.5,-99.5,292.06772
30.5,-98.5,291.8998
30.5,-97.5,292.73358
30.5,-96.5,292.65405
30.5,-95.5,293.1307
30.5,-94.5,292.82263
30.5,-93.5,292.85342
30.5,-92.5,292.63232
30.5,-91.5,292.63266
30.5,-90.5,292.7164
30.5,-89.5,293.26538
30.5,-88.5,293.52698
30.5,-87.5,293.38254
30.5,-86.5,293.55637
30.5,-85.5,293.24896
30.5,-84.5,292.95795
30.5,-83.5,293.02475
30.5,-82.5,293.4371
30.5,-81.5,294.336
30.5,-9.5,292.77216
30.5,-8.5,287.37582
30.5,-7.5,290.9129
30.5,-6.5,293.86163
30.5,-5.5,295.39252
30.5,-4.5,297.01184
30.5,-3.5,296.2554
30.5,-2.5,296.90018
30.5,-1.5,296.40582
30.5,-0.5,296.21674
30.5,0.5,296.43408
30.5,1.5,296.28903
30.5,2.5,296.1305
30.5,3.5,296.68698
30.5,4.5,297.37177
30.5,5.5,297.58023
30.5,6.5,297.7995
30.5,7.5,297.4395
30.5,8.5,296.7872
30.5,9.5,296.75974
30.5,10.5,295.98557
30.5,11.5,294.91525
30.5,12.5,294.32318
30.5,13.5,294.79166
30.5,14.5,295.92184
30.5,15.5,296.1388
30.5,16.5,295.80933
30.5,17.5,295.52313
30.5,18.5,294.83423
30.5,20.5,296.71106
30.5,21.5,296.6431
30.5,22.5,296.0932
30.5,23.5,295.69202
30.5,24.5,295.07114
30.5,25.5,294.73853
30.5,26.5,294.53644
30.5,27.5,295.50757
30.5,28.5,295.6654
30.5,29.5,295.1298
30.5,30.5,294.81503
30.5,31.5,294.7239
30.5,32.5,294.8881
30.5,33.5,294.35034
30.5,34.5,295.10474
30.5,35.5,295.05548
30.5,36.5,293.52463
30.5,37.5,295.47647
30.5,38.5,295.78815
30.5,39.5,295.53967
30.5,40.5,296.12842
30.5,41.5,297.42572
30.5,42.5,298.3155
30.5,43.5,298.735
30.5,44.5,299.20007
30.5,45.5,300.23483
30.5,46.5,300.54712
30.5,47.5,301.2669
30.5,48.5,301.74374
30.5,49.5,301.376
30.5,50.5,295.15115
30.5,51.5,288.18265
30.5,52.5,286.98233
30.5,53.5,291.31735
30.5,54.5,291.6531
30.5,55.5,291.40292
30.5,56.5,291.2698
30.5,57.5,295.08823
30.5,58.5,300.1024
30.5,59.5,296.53506
30.5,60.5,295.03754
30.5,61.5,298.0505
30.5,62.5,296.95364
30.5,63.5,295.95892
30.5,64.5,295.5266
30.5,65.5,294.7587
30.5,66.5,292.18747
30.5,67.5,290.1275
30.5,68.5,292.68393
30.5,69.5,293.24765
30.5,70.5,298.3061
30.5,71.5,300.785
30.5,72.5,300.52454
30.5,73.5,300.2239
30.5,74.5,299.54922
30.5,75.5,298.6231
30.5,76.5,297.49692
30.5,77.5,291.3849
30.5,78.5,284.15878
30.5,79.5,269.8783
30.5,80.5,273.438
30.5,81.5,268.73917
30.5,82.5,263.894
30.5,83.5,267.8549
30.5,84.5,269.53586
30.5,85.5,270.50677
30.5,86.5,273.2245
30.5,87.5,272.1304
30.5,88.5,272.53152
30.5,89.5,272.4743
30.5,90.5,273.0271
30.5,91.5,272.0503
30.5,92.5,269.46503
30.5,93.5,270.61526
30.5,94.5,272.0588
30.5,95.5,273.63803
30.5,96.5,269.76834
30.5,97.5,274.73724
30.5,98.5,275.90015
30.5,99.5,274.52838
30.5,100.5,274.95535
30.5,101.5,276.45563
30.5,102.5,281.33957
30.5,103.5,285.96057
30.5,104.5,290.9873
30.5,105.5,291.6003
30.5,106.5,291.5149
30.5,107.5,290.92844
30.5,108.5,288.9152
30.5,109.5,286.4833
30.5,110.5,286.1183
30.5,111.5,288.47992
30.5,112.5,290.48807
30.5,113.5,290.59357
30.5,114.5,290.882
30.5,115.5,289.61362
30.5,116.5,288.54773
30.5,117.5,289.1198
30.5,118.5,288.67148
30.5,119.5,289.4465
30.5,120.5,289.95486
31.5,-116.5,288.88974
31.5,-115.5,294.73993
31.5,-113.5,296.90997
31.5,-112.5,296.56015
31.5,-111.5,293.58466
31.5,-110.5,291.43213
31.5,-109.5,290.03363
31.5,-108.5,290.1134
31.5,-107.5,291.82144
31.5,-106.5,292.17297
31.5,-105.5,291.43414
31.5,-104.5,291.86264
31.5,-103.5,293.22638
31.5,-102.5,292.76404
31.5,-101.5,291.99692
31.5,-100.5,292.1885
31.5,-99.5,292.0107
31.5,-98.5,292.27924
31.5,-97.5,292.38623
31.5,-96.5,292.1823
31.5,-95.5,292.20685
31.5,-94.5,292.0269
31.5,-93.5,292.14404
31.5,-92.5,292.02087
31.5,-91.5,291.78342
31.5,-90.5,291.68042
31.5,-89.5,291.61526
31.5,-88.5,291.78983
31.5,-87.5,291.78476
31.5,-86.5,291.7904
31.5,-85.5,292.31323
31.5,-84.5,291.98468
31.5,-83.5,292.07294
31.5,-82.5,292.37772
31.5,-81.5,293.09747
31.5,-9.5,291.5501
31.5,-8.5,290.54965
31.5,-7.5,289.3083
31.5,-6.5,290.70563
31.5,-5.5,287.0397
31.5,-4.5,293.9018
31.5,-3.5,294.96222
31.5,-2.5,295.34753
31.5,-1.5,294.91895
31.5,-0.5,295.0593
31.5,0.5,295.07205
31.5,1.5,295.28296
31.5,2.5,295.20184
31.5,3.5,296.03653
31.5,4.5,296.8128
31.5,5.5,297.09378
31.5,6.5,297.1286
31.5,7.5,297.07126
31.5,8.5,296.2325
31.5,9.5,295.71198
31.5,10.5,294.60052
31.5,11.5,293.89618
31.5,12.5,293.02127
31.5,13.5,293.57315
31.5,14.5,295.25974
31.5,15.5,295.248
31.5,20.5,295.24588
31.5,21.5,295.54214
31.5,22.5,295.18082
31.5,23.5,294.60852
31.5,24.5,294.36426
31.5,25.5,293.4061
31.5,26.5,293.47214
31.5,31.5,294.37808
31.5,34.5,293.5723
31.5,35.5,291.33337
31.5,36.5,293.54184
31.5,37.5,294.8635
31.5,38.5,294.29877
31.5,39.5,294.46237
31.5,40.5,295.40298
31.5,41.5,297.1052
31.5,42.5,298.27237
31.5,43.5,298.8617
31.5,44.5,299.78622
31.5,45.5,300.80215
31.5,46.5,301.2356
31.5,47.5,301.43115
31.5,48.5,301.70102
31.5,49.5,298.32843
31.5,50.5,286.45038
31.5,51.5,285.6614
31.5,52.5,289.7618
31.5,53.5,290.00977
31.5,54.5,289.6472
31.5,55.5,290.6353
31.5,56.5,291.71024
31.5,57.5,296.79755
31.5,58.5,297.19382
31.5,59.5,293.08307
31.5,60.5,293.2995
31.5,61.5,296.85297
31.5,62.5,297.3094
31.5,63.5,296.75095
31.5,64.5,295.36032
31.5,65.5,292.84033
31.5,66.5,290.98672
31.5,67.5,287.35416
31.5,68.5,288.49234
31.5,69.5,291.18387
31.5,70.5,298.55344
31.5,71.5,301.05524
31.5,72.5,300.01575
31.5,73.5,299.4919
31.5,74.5,298.81122
31.5,75.5,297.38144
31.5,76.5,293.85794
31.5,77.5,279.0705
31.5,78.5,271.0455
31.5,79.5,266.99847
31.5,80.5,267.8886
31.5,81.5,268.03345
31.5,82.5,268.12054
31.5,83.5,272.12695
31.5,84.5,272.39175
31.5,85.5,272.41953
31.5,86.5,274.148
31.5,87.5,274.06134
31.5,88.5,273.6564
31.5,89.5,274.1836
31.5,90.5,273.5218
31.5,91.5,272.62982
31.5,92.5,271.85858
31.5,93.5,270.41718
31.5,94.5,269.91156
31.5,95.5,270.20557
31.5,96.5,274.15213
31.5,97.5,274.41037
31.5,98.5,272.3132
31.5,99.5,273.93665
31.5,100.5,274.6721
31.5,101.5,276.88916
31.5,102.5,276.55554
31.5,103.5,278.96
31.5,104.5,286.84235
31.5,105.5,291.45795
31.5,106.5,290.3226
31.5,107.5,289.11707
31.5,108.5,286.54053
31.5,109.5,284.29623
31.5,110.5,287.58456
31.5,111.5,287.99103
31.5,112.5,289.25235
31.5,113.5,289.20898
31.5,114.5,289.42905
31.5,115.5,288.8245
31.5,116.5,288.2421
31.5,117.5,289.65833
31.5,118.5,289.6855
31.5,119.5,289.32462
31.5,120.5,289.7085
31.5,121.5,289.66177
31.5,130.5,290.2613
32.5,-116.5,290.4622
32.5,-115.5,295.934
32.5,-114.5,297.4047
32.5,-113.5,297.35873
32.5,-112.5,296.62454
32.5,-111.5,294.71054
32.5,-110.5,290.26093
32.5,-109.5,290.0733
32.5,-108.5,290.32437
32.5,-107.5,289.60168
32.5,-106.5,291.97867
32.5,-105.5,288.85303
32.5,-104.5,290.52213
32.5,-103.5,291.63782
32.5,-102.5,291.42084
32.5,-101.5,291.80313
32.5,-100.5,292.13742
32.5,-99.5,292.10724
32.5,-98.5,291.64587
32.5,-97.5,291.93985
32.5,-96.5,291.7323
32.5,-95.5,291.4646
32.5,-94.5,291.51614
32.5,-93.5,291.47772
32.5,-92.5,291.44907
32.5,-91.5,291.56305
32.5,-90.5,291.4262
32.5,-89.5,290.9914
32.5,-88.5,291.07797
32.5,-87.5,291.31668
32.5,-86.5,291.12146
32.5,-85.5,290.97113
32.5,-84.5,291.38077
32.5,-83.5,291.2196
32.5,-82.5,291.4938
32.5,-81.5,291.81488
32.5,-80.5,292.77036
32.5,-8.5,292.4329
32.5,-7.5,292.53424
32.5,-6.5,289.97403
32.5,-5.5,286.85364
32.5,-4.5,289.55286
32.5,-3.5,291.52524
32.5,-2.5,290.94278
32.5,-1.5,290.95746
32.5,-0.5,291.78906
32.5,0.5,293.50616
32.5,1.5,294.44128
32.5,2.5,294.33456
32.5,3.5,294.60318
32.5,4.5,295.8785
32.5,5.5,296.58572
32.5,6.5,296.85394
32.5,7.5,296.65695
32.5,8.5,296.33496
32.5,9.5,295.4821
32.5,10.5,294.10492
32.5,11.5,295.58453
32.5,12.5,294.62146
32.5,13.5,294.26102
32.5,14.5,294.05405
32.5,21.5,293.0083
32.5,22.5,293.36597
32.5,35.5,291.60757
32.5,36.5,292.05835
32.5,37.5,294.3598
32.5,38.5,294.2424
32.5,39.5,294.21933
32.5,40.5,295.27203
32.5,41.5,296.66647
32.5,42.5,298.09064
32.5,43.5,299.01697
32.5,44.5,299.69492
32.5,45.5,300.3644
32.5,46.5,300.16418
32.5,47.5,298.25482
32.5,48.5,296.5815
32.5,49.5,290.87155
32.5,50.5,284.27542
32.5,51.5,288.4707
32.5,52.5,289.20505
32.5,53.5,291.21686
32.5,54.5,295.90396
32.5,55.5,293.0502
32.5,56.5,293.3253
32.5,57.5,296.23267
32.5,58.5,294.63965
32.5,59.5,289.40945
32.5,60.5,292.59442
32.5,61.5,294.51236
32.5,62.5,295.67816
32.5,63.5,293.3439
32.5,64.5,290.68967
32.5,65.5,290.5693
32.5,66.5,288.74963
32.5,67.5,286.6343
32.5,68.5,287.0072
32.5,69.5,291.76013
32.5,70.5,297.73532
32.5,71.5,298.9195
32.5,72.5,297.66824
32.5,73.5,298.44547
32.5,74.5,297.84592
32.5,75.5,291.98273
32.5,76.5,278.49512
32.5,77.5,267.00635
32.5,78.5,267.09503
32.5,79.5,269.77533
32.5,80.5,268.48648
32.5,81.5,271.8433
32.5,82.5,271.92786
32.5,83.5,272.54172
32.5,84.5,273.12088
32.5,85.5,272.19897
32.5,86.5,272.8014
32.5,87.5,271.80316
32.5,88.5,272.2144
32.5,89.5,272.75195
32.5,90.5,272.1298
32.5,91.5,271.1986
32.5,92.5,269.90787
32.5,93.5,271.54166
32.5,94.5,268.75098
32.5,95.5,270.9766
32.5,96.5,273.05264
32.5,97.5,272.31955
32.5,98.5,271.86572
32.5,99.5,273.06708
32.5,100.5,274.0999
32.5,101.5,275.18002
32.5,102.5,275.39597
32.5,103.5,275.95206
32.5,104.5,281.07492
32.5,105.5,287.104
32.5,106.5,287.1869
32.5,107.5,287.28577
32.5,108.5,284.4644
32.5,109.5,285.8933
32.5,110.5,286.9139
32.5,111.5,288.07916
32.5,112.5,289.5623
32.5,113.5,288.83154
32.5,114.5,289.797
32.5,115.5,289.65524
32.5,116.5,289.74057
32.5,117.5,289.68564
32.5,118.5,289.31543
32.5,119.5,289.0058
32.5,120.5,288.9622
32.5,130.5,287.88083
32.5,131.5,287.0152
33.5,-117.5,289.8413
33.5,-116.5,293.0631
33.5,-115.5,297.05408
33.5,-114.5,296.22488
33.5,-113.5,296.14603
33.5,-112.5,295.64893
33.5,-111.5,293.11298
33.5,-110.5,288.7224
33.5,-109.5,285.36484
33.5,-108.5,285.1544
33.5,-107.5,286.4085
33.5,-106.5,289.23288
33.5,-105.5,286.65427
33.5,-104.5,289.935
33.5,-103.5,289.95908
33.5,-102.5,290.18213
33.5,-101.5,290.56714
33.5,-100.5,291.62894
33.5,-99.5,291.9015
33.5,-98.5,291.45175
33.5,-97.5,291.24893
33.5,-96.5,291.0798
33.5,-95.5,290.64536
33.5,-94.5,290.78384
33.5,-93.5,290.69443
33.5,-92.5,290.6215
33.5,-91.5,290.82193
33.5,-90.5,290.85947
33.5,-89.5,290.37567
33.5,-88.5,290.30615
33.5,-87.5,290.26404
33.5,-86.5,289.9408
33.5,-85.5,289.61124
33.5,-84.5,289.80884
33.5,-83.5,290.10345
33.5,-82.5,290.75903
33.5,-81.5,291.0941
33.5,-80.5,290.97647
33.5,-79.5,291.32053
33.5,-7.5,290.96405
33.5,-6.5,290.9118
33.5,-5.5,288.70966
33.5,-4.5,287.40625
33.5,-3.5,288.31042
33.5,-2.5,289.4825
33.5,-1.5,290.54886
33.5,-0.5,290.71823
33.5,0.5,290.95316
33.5,1.5,291.35056
33.5,2.5,292.25732
33.5,3.5,293.68762
33.5,4.5,295.08545
33.5,5.5,296.63632
33.5,6.5,296.93787
33.5,7.5,296.9143
33.5,8.5,296.49692
33.5,9.5,295.21393
33.5,10.5,293.7882
33.5,35.5,289.85138
33.5,36.5,289.19867
33.5,37.5,292.79727
33.5,38.5,293.82156
33.5,39.5,294.39798
33.5,40.5,295.1903
33.5,41.5,296.268
33.5,42.5,297.91293
33.5,43.5,299.0482
33.5,44.5,299.32834
33.5,45.5,298.92175
33.5,46.5,294.42633
33.5,47.5,290.52344
33.5,48.5,286.83218
33.5,49.5,283.45636
33.5,50.5,284.81036
33.5,51.5,291.07462
33.5,52.5,288.08264
33.5,53.5,294.4164
33.5,54.5,294.34445
33.5,55.5,294.0103
33.5,56.5,293.82578
33.5,57.5,293.0934
33.5,58.5,290.23718
33.5,59.5,288.73923
33.5,60.5,290.72882
33.5,61.5,291.47
33.5,62.5,289.21286
33.5,63.5,285.08295
33.5,64.5,282.71765
33.5,65.5,283.55176
33.5,66.5,281.15744
33.5,67.5,280.57642
33.5,68.5,282.8505
33.5,69.5,286.77927
33.5,70.5,291.21713
33.5,71.5,295.7991
33.5,72.5,297.19873
33.5,73.5,294.19324
33.5,74.5,292.09985
33.5,75.5,281.94046
33.5,76.5,269.49686
33.5,77.5,267.23538
33.5,78.5,268.14896
33.5,79.5,267.34238
33.5,80.5,269.8252
33.5,81.5,269.63443
33.5,82.5,269.67212
33.5,83.5,271.0306
33.5,84.5,270.78976
33.5,85.5,270.598
33.5,86.5,270.77194
33.5,87.5,270.02127
33.5,88.5,269.06912
33.5,89.5,269.23135
33.5,90.5,268.36603
33.5,91.5,268.58575
33.5,92.5,270.69232
33.5,93.5,271.6827
33.5,94.5,269.28793
33.5,95.5,269.2493
33.5,96.5,270.39377
33.5,97.5,272.14175
33.5,98.5,271.5309
33.5,99.5,270.66034
33.5,100.5,272.6896
33.5,101.5,273.71643
33.5,102.5,276.5641
33.5,103.5,277.27344
33.5,104.5,280.36203
33.5,105.5,282.86276
33.5,106.5,286.21027
33.5,107.5,283.95496
33.5,108.5,285.27542
33.5,109.5,283.7854
33.5,110.5,284.8533
33.5,111.5,285.9395
33.5,112.5,287.57407
33.5,113.5,288.89252
33.5,114.5,289.37845
33.5,115.5,289.3188
33.5,116.5,289.22986
33.5,117.5,289.0418
33.5,118.5,288.78094
33.5,119.5,288.40698
33.5,120.5,288.3144
33.5,130.5,288.49393
33.5,131.5,287.6334
33.5,132.5,287.90234
33.5,133.5,285.8767
34.5,-119.5,288.0019
34.5,-118.5,288.3413
34.5,-117.5,290.38467
34.5,-116.5,290.83246
34.5,-115.5,293.09952
34.5,-114.5,295.41486
34.5,-113.5,291.52957
34.5,-112.5,290.7946
34.5,-111.5,287.54172
34.5,-110.5,286.37466
34.5,-109.5,284.4036
34.5,-108.5,283.07892
34.5,-107.5,284.50238
34.5,-106.5,286.8084
34.5,-105.5,286.11145
34.5,-104.5,288.63126
34.5,-103.5,288.65567
34.5,-102.5,288.5895
34.5,-101.5,289.56357
34.5,-100.5,290.63934
34.5,-99.5,290.7868
34.5,-98.5,290.29605
34.5,-97.5,290.03336
34.5,-96.5,289.7771
34.5,-95.5,289.7673
34.5,-94.5,289.37015
34.5,-93.5,289.34622
34.5,-92.5,289.67316
34.5,-91.5,290.09866
34.5,-90.5,290.07947
34.5,-89.5,289.5736
34.5,-88.5,289.3292
34.5,-87.5,289.06674
34.5,-86.5,288.62766
34.5,-85.5,288.89127
34.5,-84.5,288.1905
34.5,-83.5,287.9153
34.5,-82.5,289.47174
34.5,-81.5,289.67532
34.5,-80.5,290.15344
34.5,-79.5,290.02505
34.5,-78.5,290.10013
34.5,-77.5,291.42987
34.5,-6.5,291.59076
34.5,-5.5,291.0864
34.5,-4.5,289.4401
34.5,-3.5,292.17474
34.5,-2.5,290.97256
34.5,-1.5,291.05743
34.5,-0.5,290.36005
34.5,0.5,290.26236
34.5,1.5,289.2582
34.5,2.5,290.06076
34.5,3.5,291.17786
34.5,4.5,292.82983
34.5,5.5,295.90842
34.5,6.5,295.2691
34.5,7.5,293.673
34.5,8.5,293.18942
34.5,9.5,293.7925
34.5,36.5,288.50076
34.5,37.5,290.82278
34.5,38.5,292.51923
34.5,39.5,295.07843
34.5,40.5,296.20493
34.5,41.5,296.29382
34.5,42.5,297.6341
34.5,43.5,298.459
34.5,44.5,298.3733
34.5,45.5,295.30322
34.5,46.5,287.15097
34.5,47.5,285.08765
34.5,48.5,285.99365
34.5,49.5,286.30164
34.5,50.5,288.146
34.5,51.5,292.5539
34.5,52.5,293.64435
34.5,53.5,294.05795
34.5,54.5,294.1728
34.5,55.5,294.6755
34.5,56.5,294.07068
34.5,57.5,292.26395
34.5,58.5,290.91824
34.5,59.5,290.83734
34.5,60.5,292.33627
34.5,61.5,289.88034
34.5,62.5,287.1001
34.5,63.5,285.67688
34.5,64.5,281.31567
34.5,65.5,277.8076
34.5,66.5,277.10614
34.5,67.5,276.3314
34.5,68.5,280.04218
34.5,69.5,283.93158
34.5,70.5,284.93372
34.5,71.5,292.51825
34.5,72.5,291.40256
34.5,73.5,281.80713
34.5,74.5,276.30475
34.5,75.5,271.57812
34.5,76.5,266.51276
34.5,77.5,266.28168
34.5,78.5,263.67615
34.5,79.5,264.46066
34.5,80.5,265.67697
34.5,81.5,266.85846
34.5,82.5,266.6229
34.5,83.5,267.03574
34.5,84.5,267.51382
34.5,85.5,267.9667
34.5,86.5,268.65356
34.5,87.5,268.801
34.5,88.5,268.06277
34.5,89.5,267.38235
34.5,90.5,267.63782
34.5,91.5,268.91623
34.5,92.5,270.73935
34.5,93.5,272.13574
34.5,94.5,270.52036
34.5,95.5,269.7995
34.5,96.5,270.17847
34.5,97.5,269.94794
34.5,98.5,270.85196
34.5,99.5,270.65308
34.5,100.5,272.5368
34.5,101.5,273.8939
34.5,102.5,275.02054
34.5,103.5,277.01413
34.5,104.5,279.50064
34.5,105.5,282.0749
34.5,106.5,281.35217
34.5,107.5,282.0976
34.5,108.5,285.6728
34.5,109.5,285.51767
34.5,110.5,285.88205
34.5,111.5,285.4728
34.5,112.5,287.446
34.5,113.5,288.62418
34.5,114.5,288.91776
34.5,115.5,288.85614
34.5,116.5,288.71985
34.5,117.5,288.361
34.5,118.5,288.04703
34.5,119.5,287.99347
34.5,126.5,287.83072
34.5,131.5,287.7188
34.5,132.5,286.34396
34.5,133.5,286.6388
34.5,134.5,288.15213
34.5,135.5,286.33023
34.5,136.5,287.3406
35.5,-120.5,288.95535
35.5,-119.5,289.96368
35.5,-118.5,288.4102
35.5,-117.5,291.0209
35.5,-116.5,294.3188
35.5,-115.5,291.71936
35.5,-114.5,292.99136
35.5,-113.5,287.69806
35.5,-112.5,284.72147
35.5,-111.5,285.34686
35.5,-110.5,287.30585
35.5,-109.5,285.2666
35.5,-108.5,283.8863
35.5,-107.5,284.83273
35.5,-106.5,283.44733
35.5,-105.5,283.4579
35.5,-104.5,286.41904
35.5,-103.5,288.09018
35.5,-102.5,288.0057
35.5,-101.5,288.8284
35.5,-100.5,289.11142
35.5,-99.5,289.19556
35.5,-98.5,289.2437
35.5,-97.5,289.30127
35.5,-96.5,289.0773
35.5,-95.5,289.00537
35.5,-94.5,288.31393
35.5,-93.5,287.41223
35.5,-92.5,288.15012
35.5,-91.5,289.01202
35.5,-90.5,289.1903
35.5,-89.5,288.873
35.5,-88.5,288.6169
35.5,-87.5,288.29657
35.5,-86.5,287.829
35.5,-85.5,287.84576
35.5,-84.5,286.8603
35.5,-83.5,286.59494
35.5,-82.5,285.8279
35.5,-81.5,287.7724
35.5,-80.5,288.61142
35.5,-79.5,288.7665
35.5,-78.5,289.20135
35.5,-77.5,289.21814
35.5,-76.5,290.0167
35.5,-5.5,289.77786
35.5,-0.5,291.44107
35.5,0.5,291.28506
35.5,1.5,289.64963
35.5,2.5,289.90045
35.5,3.5,290.67337
35.5,4.5,290.54282
35.5,5.5,289.92722
35.5,6.5,288.75226
35.5,7.5,288.9682
35.5,8.5,289.71265
35.5,9.5,291.39218
35.5,10.5,293.56354
35.5,36.5,291.44702
35.5,37.5,292.48642
35.5,38.5,293.2142
35.5,39.5,295.35547
35.5,40.5,295.87045
35.5,41.5,296.42578
35.5,42.5,296.76297
35.5,43.5,296.84653
35.5,44.5,295.6609
35.5,45.5,290.5445
35.5,46.5,284.8221
35.5,47.5,284.84818
35.5,48.5,285.703
35.5,49.5,287.3978
35.5,50.5,290.03165
35.5,51.5,287.45905
35.5,52.5,287.27628
35.5,53.5,287.12207
35.5,54.5,292.5535
35.5,55.5,292.2959
35.5,56.5,293.0813
35.5,57.5,291.0705
35.5,58.5,291.63803
35.5,59.5,288.57764
35.5,60.5,288.18372
35.5,61.5,290.02515
35.5,62.5,290.32117
35.5,63.5,289.2796
35.5,64.5,287.69824
35.5,65.5,280.9562
35.5,66.5,279.33725
35.5,67.5,280.6708
35.5,68.5,278.08182
35.5,69.5,279.0321
35.5,70.5,273.9487
35.5,71.5,276.4563
35.5,72.5,274.71054
35.5,73.5,269.81815
35.5,74.5,270.82397
35.5,75.5,267.12756
35.5,76.5,265.53555
35.5,77.5,261.7895
35.5,78.5,262.5575
35.5,79.5,263.3005
35.5,80.5,265.3017
35.5,81.5,263.17825
35.5,82.5,265.10724
35.5,83.5,265.8725
35.5,84.5,266.86075
35.5,85.5,266.96832
35.5,86.5,267.94385
35.5,87.5,267.72092
35.5,88.5,266.27286
35.5,89.5,267.65387
35.5,90.5,266.8365
35.5,91.5,267.18103
35.5,92.5,268.37268
35.5,93.5,268.40738
35.5,94.5,271.03085
35.5,95.5,269.4574
35.5,96.5,269.53244
35.5,97.5,270.7653
35.5,98.5,270.296
35.5,99.5,271.89285
35.5,100.5,278.08615
35.5,101.5,278.178
35.5,102.5,278.40656
35.5,103.5,277.54373
35.5,104.5,280.4401
35.5,105.5,281.2037
35.5,106.5,281.55225
35.5,107.5,283.69876
35.5,108.5,283.57794
35.5,109.5,283.6287
35.5,110.5,284.1709
35.5,111.5,285.1231
35.5,112.5,284.44962
35.5,113.5,286.82162
35.5,114.5,288.47998
35.5,115.5,288.57074
35.5,116.5,288.20624
35.5,117.5,287.34387
35.5,118.5,286.23282
35.5,119.5,286.3158
35.5,126.5,286.52173
35.5,127.5,284.66492
35.5,128.5,284.8113
35.5,133.5,285.54736
35.5,134.5,286.78787
35.5,135.5,286.42728
35.5,136.5,286.2657
35.5,137.5,282.98215
35.5,138.5,281.90533
35.5,139.5,287.775
36.5,-121.5,287.0963
36.5,-120.5,290.8158
36.5,-119.5,289.73752
36.5,-118.5,286.6908
36.5,-117.5,290.24292
36.5,-116.5,291.10648
36.5,-115.5,289.14355
36.5,-114.5,292.00302
36.5,-113.5,289.27258
36.5,-112.5,285.37955
36.5,-111.5,287.3347
36.5,-110.5,286.09213
36.5,-109.5,284.26614
36.5,-108.5,284.86127
36.5,-107.5,283.16357
36.5,-106.5,279.0531
36.5,-105.5,280.03436
36.5,-104.5,282.02975
36.5,-103.5,285.97382
36.5,-102.5,287.5409
36.5,-101.5,288.25278
36.5,-100.5,288.79276
36.5,-99.5,288.71933
36.5,-98.5,288.86505
36.5,-97.5,288.57672
36.5,-96.5,288.26825
36.5,-95.5,288.18124
36.5,-94.5,287.59393
36.5,-93.5,286.82034
36.5,-92.5,287.201
36.5,-91.5,287.46936
36.5,-90.5,287.99588
36.5,-89.5,288.13208
36.5,-88.5,287.89743
36.5,-87.5,287.49637
36.5,-86.5,287.7062
36.5,-85.5,286.71545
36.5,-84.5,286.59705
36.5,-83.5,286.2398
36.5,-82.5,284.1255
36.5,-81.5,285.2286
36.5,-80.5,285.93918
36.5,-79.5,287.39215
36.5,-78.5,288.0923
36.5,-77.5,288.34668
36.5,-76.5,288.75992
36.5,-5.5,290.26654
36.5,1.5,291.61075
36.5,2.5,288.7989
36.5,3.5,289.4931
36.5,4.5,289.74893
36.5,5.5,290.01065
36.5,6.5,288.85013
36.5,7.5,288.83923
36.5,8.5,289.85565
36.5,9.5,290.5379
36.5,10.5,292.48608
36.5,29.5,289.9554
36.5,32.5,288.22522
36.5,33.5,285.28494
36.5,36.5,289.73425
36.5,37.5,291.88266
36.5,38.5,293.5268
36.5,39.5,293.77777
36.5,40.5,294.43683
36.5,41.5,294.69547
36.5,42.5,294.8993
36.5,43.5,292.92282
36.5,44.5,290.08127
36.5,45.5,286.5547
36.5,46.5,282.908
36.5,47.5,284.36993
36.5,48.5,285.28043
36.5,49.5,284.59058
36.5,50.5,287.8203
36.5,51.5,283.9978
36.5,52.5,284.90213
36.5,53.5,287.5252
36.5,54.5,294.62503
36.5,55.5,286.41464
36.5,56.5,290.5273
36.5,57.5,290.11276
36.5,58.5,287.17255
36.5,59.5,283.5833
36.5,60.5,290.75165
36.5,61.5,291.65594
36.5,62.5,291.2412
36.5,63.5,290.35117
36.5,64.5,290.9684
36.5,65.5,290.67532
36.5,66.5,291.9879
36.5,67.5,290.93353
36.5,68.5,289.86908
36.5,69.5,283.75534
36.5,70.5,277.53876
36.5,71.5,270.35052
36.5,72.5,265.75275
36.5,73.5,267.3547
36.5,74.5,271.84656
36.5,75.5,263.27145
36.5,76.5,264.56747
36.5,77.5,268.8028
36.5,78.5,268.44223
36.5,79.5,274.45105
36.5,80.5,280.81757
36.5,81.5,278.20068
36.5,82.5,279.3113
36.5,83.5,273.40598
36.5,84.5,267.78094
36.5,85.5,264.99826
36.5,86.5,265.05716
36.5,87.5,267.561
36.5,88.5,267.57187
36.5,89.5,267.60922
36.5,90.5,266.55646
36.5,91.5,267.51974
36.5,92.5,269.9234
36.5,93.5,272.98123
36.5,94.5,276.2421
36.5,95.5,276.42285
36.5,96.5,276.7989
36.5,97.5,277.89328
36.5,98.5,274.045
36.5,99.5,272.0106
36.5,100.5,278.8048
36.5,101.5,276.39294
36.5,102.5,275.70148
36.5,103.5,280.0547
36.5,104.5,281.48752
36.5,105.5,282.38754
36.5,106.5,282.84714
36.5,107.5,282.9383
36.5,108.5,283.40652
36.5,109.5,283.9907
36.5,110.5,283.2697
36.5,111.5,283.1553
36.5,112.5,282.6721
36.5,113.5,283.52597
36.5,114.5,287.6723
36.5,115.5,288.30344
36.5,116.5,287.7026
36.5,117.5,287.3796
36.5,118.5,285.99683
36.5,119.5,286.4674
36.5,120.5,286.23965
36.5,126.5,285.88333
36.5,127.5,283.73697
36.5,128.5,282.81912
36.5,136.5,284.1371
36.5,137.5,284.71368
36.5,138.5,282.85193
36.5,139.5,284.70267
36.5,140.5,286.85562
37.5,-121.5,290.11905
37.5,-120.5,289.07764
37.5,-119.5,284.03152
37.5,-118.5,277.97592
37.5,-117.5,287.84708
37.5,-116.5,285.78397
37.5,-115.5,286.87256
37.5,-114.5,287.3365
37.5,-113.5,286.96326
37.5,-112.5,282.43872
37.5,-111.5,284.77585
37.5,-110.5,285.75974
37.5,-109.5,283.8173
37.5,-108.5,280.6198
37.5,-107.5,277.08194
37.5,-106.5,277.58353
37.5,-105.5,279.6394
37.5,-104.5,283.36145
37.5,-103.5,286.2148
37.5,-102.5,287.26712
37.5,-101.5,287.43857
37.5,-100.5,287.66782
37.5,-99.5,287.75455
37.5,-98.5,287.61374
37.5,-97.5,287.48605
37.5,-96.5,287.2865
37.5,-95.5,287.07123
37.5,-94.5,286.86758
37.5,-93.5,286.53964
37.5,-92.5,286.2442
37.5,-91.5,286.46048
37.5,-90.5,286.63663
37.5,-89.5,287.0164
37.5,-88.5,287.16098
37.5,-87.5,286.92075
37.5,-86.5,286.84262
37.5,-85.5,286.54562
37.5,-84.5,286.25687
37.5,-83.5,285.8808
37.5,-82.5,285.24164
37.5,-81.5,283.9694
37.5,-80.5,284.2454
37.5,-79.5,285.59314
37.5,-78.5,286.83533
37.5,-77.5,287.59286
37.5,-76.5,288.12015
37.5,-8.5,289.97076
37.5,-7.5,289.98438
37.5,-6.5,290.25195
37.5,-5.5,290.4142
37.5,-4.5,289.96002
37.5,-3.5,287.82162
37.5,-2.5,287.40778
37.5,-1.5,290.10922
37.5,13.5,289.66843
37.5,14.5,287.7884
37.5,21.5,288.4735
37.5,22.5,288.0132
37.5,27.5,290.6798
37.5,28.5,288.27264
37.5,29.5,285.9709
37.5,30.5,285.97937
37.5,31.5,284.0793
37.5,32.5,283.74796
37.5,33.5,284.69836
37.5,34.5,285.15308
37.5,35.5,286.7546
37.5,36.5,287.1708
37.5,37.5,287.05814
37.5,38.5,289.55142
37.5,39.5,290.4774
37.5,40.5,291.7428
37.5,41.5,291.65253
37.5,42.5,287.76755
37.5,43.5,281.36108
37.5,44.5,281.8459
37.5,45.5,284.53864
37.5,46.5,284.42078
37.5,47.5,283.38306
37.5,48.5,286.39944
37.5,49.5,288.71143
37.5,54.5,294.0061
37.5,55.5,289.1591
37.5,56.5,288.80447
37.5,57.5,283.9799
37.5,58.5,288.1753
37.5,59.5,288.77634
37.5,60.5,292.64807
37.5,61.5,292.3887
37.5,62.5,291.91406
37.5,63.5,291.71826
37.5,64.5,292.1989
37.5,65.5,292.74173
37.5,66.5,291.4705
37.5,67.5,292.28757
37.5,68.5,290.56204
37.5,69.5,287.81265
37.5,70.5,279.1749
37.5,71.5,268.3263
37.5,72.5,265.18695
37.5,73.5,265.00262
37.5,74.5,265.19208
37.5,75.5,269.20352
37.5,76.5,278.05334
37.5,77.5,281.37305
37.5,78.5,284.26434
37.5,79.5,287.0474
37.5,80.5,288.2287
37.5,81.5,287.83307
37.5,82.5,287.28293
37.5,83.5,286.2102
37.5,84.5,282.98172
37.5,85.5,275.93088
37.5,86.5,272.49005
37.5,87.5,267.171
37.5,88.5,269.7069
37.5,89.5,270.2782
37.5,90.5,272.50977
37.5,91.5,273.26685
37.5,92.5,277.6367
37.5,93.5,279.44278
37.5,94.5,280.05188
37.5,95.5,275.70468
37.5,96.5,273.71512
37.5,97.5,273.07584
37.5,98.5,270.6289
37.5,99.5,272.0472
37.5,100.5,272.75058
37.5,101.5,271.95837
37.5,102.5,276.80408
37.5,103.5,279.8338
37.5,104.5,283.35272
37.5,105.5,282.90445
37.5,106.5,283.02844
37.5,107.5,282.5401
37.5,108.5,282.9953
37.5,109.5,283.84045
37.5,110.5,284.5544
37.5,111.5,282.74863
37.5,112.5,281.68805
37.5,113.5,283.0294
37.5,114.5,286.3881
37.5,115.5,287.8394
37.5,116.5,287.69354
37.5,117.5,287.53183
37.5,118.5,287.3641
37.5,120.5,285.80356
37.5,121.5,285.0063
37.5,126.5,285.00845
37.5,127.5,283.60425
37.5,128.5,282.0608
37.5,139.5,281.9503
37.5,140.5,283.402
38.5,-122.5,287.6164
38.5,-121.5,288.59915
38.5,-120.5,284.46347
38.5,-119.5,280.1262
38.5,-118.5,283.82
38.5,-117.5,283.23615
38.5,-116.5,282.73712
38.5,-115.5,283.79715
38.5,-114.5,282.0413
38.5,-113.5,283.98145
38.5,-112.5,283.4785
38.5,-111.5,281.73605
38.5,-110.5,285.60077
38.5,-109.5,283.76685
38.5,-108.5,282.76022
38.5,-107.5,276.63892
38.5,-106.5,273.96558
38.5,-105.5,276.3913
38.5,-104.5,283.09534
38.5,-103.5,285.61078
38.5,-102.5,286.02957
38.5,-101.5,286.60864
38.5,-100.5,286.8983
38.5,-99.5,286.79517
38.5,-98.5,286.76535
38.5,-97.5,286.6873
38.5,-96.5,286.24146
38.5,-95.5,286.1135
38.5,-94.5,286.00974
38.5,-93.5,286.05573
38.5,-92.5,286.1382
38.5,-91.5,286.05478
38.5,-90.5,286.25705
38.5,-89.5,286.054
38.5,-88.5,286.08423
38.5,-87.5,286.08957
38.5,-86.5,285.96637
38.5,-85.5,285.82706
38.5,-84.5,285.67838
38.5,-83.5,285.57825
38.5,-82.5,285.6687
38.5,-81.5,285.04666
38.5,-80.5,283.43896
38.5,-79.5,283.35626
38.5,-78.5,285.80106
38.5,-77.5,286.4027
38.5,-76.5,287.1951
38.5,-75.5,287.0325
38.5,-8.5,289.5831
38.5,-7.5,289.4591
38.5,-6.5,289.19266
38.5,-5.5,289.1719
38.5,-4.5,288.88763
38.5,-3.5,289.06262
38.5,-2.5,287.08356
38.5,-1.5,288.5686
38.5,-0.5,289.89896
38.5,21.5,287.5968
38.5,22.5,288.33273
38.5,23.5,289.27948
38.5,27.5,289.34515
38.5,28.5,287.19794
38.5,29.5,285.5537
38.5,30.5,284.46564
38.5,31.5,283.65366
38.5,32.5,285.42334
38.5,33.5,285.98734
38.5,34.5,284.5156
38.5,35.5,285.40796
38.5,36.5,282.14816
38.5,37.5,281.90463
38.5,38.5,283.68085
38.5,39.5,287.70078
38.5,40.5,286.2497
38.5,41.5,286.6083
38.5,42.5,280.3159
38.5,43.5,279.45483
38.5,44.5,281.15463
38.5,45.5,284.92148
38.5,46.5,284.4618
38.5,47.5,279.93747
38.5,48.5,287.60266
38.5,54.5,292.91663
38.5,55.5,292.0733
38.5,56.5,290.5483
38.5,57.5,288.47388
38.5,58.5,292.45822
38.5,59.5,292.28992
38.5,60.5,292.0169
38.5,61.5,291.7575
38.5,62.5,291.71204
38.5,63.5,291.7498
38.5,64.5,292.01395
38.5,65.5,291.7071
38.5,66.5,287.43564
38.5,67.5,285.18527
38.5,68.5,280.60513
38.5,69.5,283.81024
38.5,70.5,278.7511
38.5,71.5,270.62723
38.5,72.5,266.36847
38.5,73.5,266.28464
38.5,74.5,266.7344
38.5,75.5,273.2407
38.5,76.5,282.5033
38.5,77.5,287.99435
38.5,78.5,288.39337
38.5,79.5,288.23615
38.5,80.5,288.2966
38.5,81.5,288.2563
38.5,82.5,287.8538
38.5,83.5,287.3421
38.5,84.5,287.0951
38.5,85.5,286.32996
38.5,86.5,283.94693
38.5,87.5,279.11792
38.5,88.5,276.3501
38.5,89.5,273.42615
38.5,90.5,277.47528
38.5,91.5,274.22052
38.5,92.5,276.02237
38.5,93.5,276.25974
38.5,94.5,275.85864
38.5,95.5,269.16907
38.5,96.5,268.10184
38.5,97.5,267.50354
38.5,98.5,267.8387
38.5,99.5,270.3117
38.5,100.5,275.12222
38.5,101.5,278.86832
38.5,102.5,282.5253
38.5,103.5,283.89755
38.5,104.5,283.69363
38.5,105.5,282.216
38.5,106.5,283.24063
38.5,107.5,283.00677
38.5,108.5,282.7581
38.5,109.5,283.4465
38.5,110.5,283.4553
38.5,111.5,281.12976
38.5,112.5,279.4994
38.5,113.5,280.70825
38.5,114.5,285.3603
38.5,115.5,286.98474
38.5,116.5,287.1851
38.5,117.5,286.859
38.5,125.5,283.44348
38.5,126.5,281.73813
38.5,127.5,281.32336
38.5,140.5,283.64957
39.5,-123.5,284.75015
39.5,-122.5,287.17917
39.5,-121.5,286.33408
39.5,-120.5,282.62616
39.5,-119.5,283.7179
39.5,-118.5,285.65894
39.5,-117.5,283.2454
39.5,-116.5,281.29318
39.5,-115.5,281.088
39.5,-114.5,280.38947
39.5,-113.5,283.86142
39.5,-112.5,283.29837
39.5,-111.5,278.6233
39.5,-110.5,280.6928
39.5,-109.5,283.47577
39.5,-108.5,281.6864
39.5,-107.5,274.06833
39.5,-106.5,274.4277
39.5,-105.5,277.41394
39.5,-104.5,282.99112
39.5,-103.5,284.36703
39.5,-102.5,284.81076
39.5,-101.5,285.6296
39.5,-100.5,285.89618
39.5,-99.5,285.91724
39.5,-98.5,285.70877
39.5,-97.5,285.6112
39.5,-96.5,285.51202
39.5,-95.5,285.2396
39.5,-94.5,285.19543
39.5,-93.5,285.16074
39.5,-92.5,285.02753
39.5,-91.5,285.0776
39.5,-90.5,285.1441
39.5,-89.5,285.13104
39.5,-88.5,285.0755
39.5,-87.5,284.90628
39.5,-86.5,284.6425
39.5,-85.5,284.59442
39.5,-84.5,284.45868
39.5,-83.5,284.5009
39.5,-82.5,284.71252
39.5,-81.5,284.45068
39.5,-80.5,284.1975
39.5,-79.5,283.29944
39.5,-78.5,283.2826
39.5,-77.5,284.83157
39.5,-76.5,285.309
39.5,-75.5,285.69138
39.5,-74.5,286.20905
39.5,-8.5,288.28094
39.5,-7.5,288.52667
39.5,-6.5,289.00452
39.5,-5.5,289.78375
39.5,-4.5,288.71146
39.5,-3.5,288.20395
39.5,-2.5,287.2787
39.5,-1.5,286.30722
39.5,-0.5,287.70938
39.5,8.5,289.99194
39.5,9.5,288.8158
39.5,16.5,288.64755
39.5,20.5,287.8918
39.5,21.5,286.27338
39.5,22.5,287.47266
39.5,26.5,288.63574
39.5,27.5,287.27573
39.5,28.5,286.52646
39.5,29.5,283.35684
39.5,30.5,284.2227
39.5,31.5,286.41483
39.5,32.5,285.97852
39.5,33.5,285.43695
39.5,34.5,284.48987
39.5,35.5,283.3441
39.5,36.5,281.6586
39.5,37.5,282.01205
39.5,38.5,279.8156
39.5,39.5,282.6924
39.5,40.5,280.45456
39.5,41.5,279.55453
39.5,42.5,279.1419
39.5,43.5,279.71622
39.5,44.5,283.29837
39.5,45.5,281.76758
39.5,46.5,280.22263
39.5,47.5,287.37833
39.5,48.5,288.75937
39.5,53.5,291.4401
39.5,54.5,292.02917
39.5,55.5,290.7364
39.5,56.5,291.58142
39.5,57.5,291.71912
39.5,58.5,291.45993
39.5,59.5,291.03873
39.5,60.5,290.89743
39.5,61.5,290.7772
39.5,62.5,290.68488
39.5,63.5,290.94095
39.5,64.5,291.1333
39.5,65.5,290.44873
39.5,66.5,289.82993
39.5,67.5,281.95996
39.5,68.5,280.50153
39.5,69.5,278.86807
39.5,70.5,279.77448
39.5,71.5,273.53
39.5,72.5,265.09695
39.5,73.5,268.888
39.5,74.5,271.21692
39.5,75.5,279.0145
39.5,76.5,285.81924
39.5,77.5,287.0648
39.5,78.5,288.25015
39.5,79.5,288.4402
39.5,80.5,288.40085
39.5,81.5,288.13986
39.5,82.5,287.8882
39.5,83.5,287.64984
39.5,84.5,287.42374
39.5,85.5,287.1966
39.5,86.5,287.05264
39.5,87.5,287.38153
39.5,88.5,287.494
39.5,89.5,285.2172
39.5,90.5,282.32373
39.5,91.5,280.6445
39.5,92.5,279.73343
39.5,93.5,277.90115
39.5,94.5,277.62537
39.5,95.5,275.44193
39.5,96.5,276.06863
39.5,97.5,276.4776
39.5,98.5,274.46368
39.5,99.5,279.88504
39.5,100.5,283.1812
39.5,101.5,283.68185
39.5,102.5,282.6878
39.5,103.5,282.19293
39.5,104.5,282.64517
39.5,105.5,282.88403
39.5,106.5,283.36246
39.5,107.5,282.5992
39.5,108.5,281.9419
39.5,109.5,281.7444
39.5,110.5,282.18732
39.5,111.5,280.95312
39.5,112.5,279.29514
39.5,113.5,280.31937
39.5,114.5,281.84116
39.5,115.5,283.19574
39.5,116.5,286.14465
39.5,117.5,285.86942
39.5,118.5,285.17044
39.5,122.5,283.0138
39.5,125.5,281.95926
39.5,126.5,279.8231
39.5,127.5,280.74506
39.5,140.5,280.77618
39.5,141.5,283.24362
40.5,-123.5,284.4652
40.5,-122.5,284.476
40.5,-121.5,285.8926
40.5,-120.5,280.6382
40.5,-119.5,283.82202
40.5,-118.5,285.34625
40.5,-117.5,284.79327
40.5,-116.5,281.9157
40.5,-115.5,282.57123
40.5,-114.5,281.9411
40.5,-113.5,285.23004
40.5,-112.5,283.835
40.5,-111.5,278.90045
40.5,-110.5,276.4749
40.5,-109.5,279.39093
40.5,-108.5,280.33017
40.5,-107.5,276.3503
40.5,-106.5,274.54523
40.5,-105.5,279.042
40.5,-104.5,283.04132
40.5,-103.5,283.95346
40.5,-102.5,284.36963
40.5,-101.5,284.65506
40.5,-100.5,284.63913
40.5,-99.5,284.51657
40.5,-98.5,284.34818
40.5,-97.5,284.31485
40.5,-96.5,284.38696
40.5,-95.5,284.32318
40.5,-94.5,283.85437
40.5,-93.5,283.85345
40.5,-92.5,283.94922
40.5,-91.5,284.1247
40.5,-90.5,284.17395
40.5,-89.5,284.16458
40.5,-88.5,284.18405
40.5,-87.5,284.11752
40.5,-86.5,283.82462
40.5,-85.5,283.72144
40.5,-84.5,283.6246
40.5,-83.5,283.60367
40.5,-82.5,283.34128
40.5,-81.5,283.30807
40.5,-80.5,283.29733
40.5,-79.5,282.65997
40.5,-78.5,282.54102
40.5,-77.5,282.76
40.5,-76.5,283.36877
40.5,-75.5,283.6291
40.5,-74.5,284.4597
40.5,-8.5,286.6199
40.5,-7.5,287.0676
40.5,-6.5,286.76462
40.5,-5.5,285.64825
40.5,-4.5,286.16168
40.5,-3.5,285.673
40.5,-2.5,284.58282
40.5,-1.5,284.13263
40.5,-0.5,287.4506
40.5,0.5,287.6474
40.5,8.5,289.15393
40.5,9.5,287.90744
40.5,15.5,286.60016
40.5,16.5,287.87436
40.5,17.5,290.79886
40.5,19.5,288.67487
40.5,20.5,285.36255
40.5,21.5,283.9207
40.5,22.5,285.88065
40.5,23.5,289.32468
40.5,26.5,288.02097
40.5,27.5,287.24716
40.5,29.5,285.463
40.5,30.5,286.9526
40.5,31.5,285.0666
40.5,32.5,283.18298
40.5,33.5,283.42422
40.5,34.5,283.70087
40.5,35.5,283.17368
40.5,36.5,283.94547
40.5,37.5,282.87973
40.5,38.5,284.19705
40.5,39.5,281.4666
40.5,40.5,281.6385
40.5,41.5,277.11362
40.5,42.5,279.28302
40.5,43.5,279.6424
40.5,44.5,280.77924
40.5,45.5,280.81024
40.5,46.5,285.51312
40.5,47.5,287.8771
40.5,48.5,284.40652
40.5,49.5,288.51007
40.5,53.5,290.94687
40.5,54.5,290.5813
40.5,55.5,289.78442
40.5,56.5,289.97562
40.5,57.5,290.37265
40.5,58.5,290.20404
40.5,59.5,289.8615
40.5,60.5,289.88327
40.5,61.5,289.75122
40.5,62.5,289.79663
40.5,63.5,289.64938
40.5,64.5,289.83334
40.5,65.5,289.6033
40.5,66.5,290.4834
40.5,67.5,288.1699
40.5,68.5,289.3798
40.5,69.5,288.34384
40.5,70.5,284.23303
40.5,71.5,286.67105
40.5,72.5,283.0615
40.5,73.5,277.694
40.5,74.5,271.86267
40.5,75.5,271.0896
40.5,76.5,276.97607
40.5,77.5,276.65942
40.5,78.5,280.78476
40.5,79.5,284.38934
40.5,80.5,287.92764
40.5,81.5,287.93848
40.5,82.5,287.83694
40.5,83.5,287.78052
40.5,84.5,287.74982
40.5,85.5,287.77176
40.5,86.5,287.47968
40.5,87.5,287.10706
40.5,88.5,286.59033
40.5,89.5,286.54514
40.5,90.5,287.29752
40.5,91.5,287.7806
40.5,92.5,285.25705
40.5,93.5,284.81345
40.5,94.5,283.32727
40.5,95.5,283.12213
40.5,96.5,281.66217
40.5,97.5,282.31268
40.5,98.5,283.57104
40.5,99.5,283.80792
40.5,100.5,284.54736
40.5,101.5,284.34604
40.5,102.5,282.94684
40.5,103.5,281.37854
40.5,104.5,282.12515
40.5,105.5,282.93753
40.5,106.5,281.98022
40.5,107.5,283.06012
40.5,108.5,282.55194
40.5,109.5,280.31348
40.5,110.5,279.45264
40.5,111.5,279.56134
40.5,112.5,278.2987
40.5,113.5,280.50555
40.5,114.5,280.1586
40.5,115.5,279.2577
40.5,116.5,283.23074
40.5,117.5,284.70132
40.5,118.5,283.39072
40.5,119.5,283.539
40.5,120.5,282.99554
40.5,122.5,281.45908
40.5,123.5,279.8554
40.5,124.5,279.80887
40.5,125.5,279.3774
40.5,126.5,277.42346
40.5,127.5,277.26245
40.5,128.5,278.52084
40.5,140.5,282.44034
40.5,141.5,281.89404
41.5,-123.5,281.63257
41.5,-122.5,280.54144
41.5,-121.5,282.6594
41.5,-120.5,280.1715
41.5,-119.5,281.73938
41.5,-118.5,282.72818
41.5,-117.5,282.20905
41.5,-116.5,281.0499
41.5,-115.5,279.45462
41.5,-114.5,280.39648
41.5,-113.5,282.4413
41.5,-112.5,283.08344
41.5,-111.5,279.78665
41.5,-110.5,277.99692
41.5,-109.5,279.2319
41.5,-108.5,279.51318
41.5,-107.5,279.34323
41.5,-106.5,278.19583
41.5,-105.5,279.80017
41.5,-104.5,282.49152
41.5,-103.5,283.24512
41.5,-102.5,283.19946
41.5,-101.5,283.51422
41.5,-100.5,283.44662
41.5,-99.5,283.25073
41.5,-98.5,283.2759
41.5,-97.5,283.1465
41.5,-96.5,283.32892
41.5,-95.5,283.14996
41.5,-94.5,282.90375
41.5,-93.5,282.85315
41.5,-92.5,282.97247
41.5,-91.5,282.95813
41.5,-90.5,282.9863
41.5,-89.5,283.00275
41.5,-88.5,283.00024
41.5,-87.5,283.17282
41.5,-86.5,282.94766
41.5,-85.5,282.73962
41.5,-84.5,282.69412
41.5,-83.5,283.03763
41.5,-82.5,282.8261
41.5,-81.5,282.9483
41.5,-80.5,282.50104
41.5,-79.5,281.57422
41.5,-78.5,281.25928
41.5,-77.5,281.2341
41.5,-76.5,282.173
41.5,-75.5,281.56973
41.5,-74.5,281.84027
41.5,-73.5,283.2871
41.5,-72.5,283.63516
41.5,-71.5,283.72717
41.5,-8.5,285.90543
41.5,-7.5,285.64236
41.5,-6.5,285.26855
41.5,-5.5,285.59616
41.5,-4.5,285.33408
41.5,-3.5,283.58438
41.5,-2.5,283.405
41.5,-1.5,285.66846
41.5,-0.5,287.69293
41.5,0.5,287.4921
41.5,1.5,287.9685
41.5,13.5,284.99124
41.5,14.5,286.8983
41.5,15.5,287.84262
41.5,19.5,288.154
41.5,20.5,281.7833
41.5,21.5,283.5958
41.5,22.5,284.71225
41.5,23.5,283.83453
41.5,24.5,284.4313
41.5,25.5,285.87265
41.5,26.5,286.5899
41.5,27.5,286.61783
41.5,32.5,284.2656
41.5,33.5,283.01172
41.5,34.5,284.30698
41.5,35.5,285.7097
41.5,41.5,280.9749
41.5,42.5,280.68118
41.5,43.5,278.0508
41.5,44.5,280.2365
41.5,45.5,285.1955
41.5,46.5,279.94144
41.5,47.5,278.19547
41.5,48.5,282.54443
41.5,53.5,290.7786
41.5,54.5,290.03622
41.5,55.5,288.67075
41.5,56.5,289.14725
41.5,57.5,289.49112
41.5,58.5,289.3159
41.5,59.5,289.03217
41.5,60.5,288.88956
41.5,61.5,289.09854
41.5,62.5,289.10254
41.5,63.5,288.95206
41.5,64.5,289.5358
41.5,65.5,288.71722
41.5,66.5,289.1663
41.5,67.5,289.17523
41.5,68.5,288.7225
41.5,69.5,284.72736
41.5,70.5,278.95508
41.5,71.5,279.41934
41.5,72.5,282.22
41.5,73.5,281.0309
41.5,74.5,275.5318
41.5,75.5,272.4416
41.5,76.5,268.0169
41.5,77.5,265.28616
41.5,78.5,271.65012
41.5,79.5,273.8725
41.5,80.5,276.26996
41.5,81.5,283.48196
41.5,82.5,285.12146
41.5,83.5,286.17883
41.5,84.5,287.49115
41.5,85.5,286.3129
41.5,86.5,285.59006
41.5,87.5,285.6521
41.5,88.5,284.16147
41.5,89.5,284.26175
41.5,90.5,284.0914
41.5,91.5,285.07974
41.5,92.5,284.1783
41.5,93.5,284.594
41.5,94.5,282.63428
41.5,95.5,279.2947
41.5,96.5,278.84848
41.5,97.5,281.3754
41.5,98.5,281.90088
41.5,99.5,283.21808
41.5,100.5,284.40533
41.5,101.5,284.45465
41.5,102.5,283.2795
41.5,103.5,282.69427
41.5,104.5,282.90805
41.5,105.5,282.84082
41.5,106.5,280.84286
41.5,107.5,280.79443
41.5,108.5,279.99777
41.5,109.5,278.56778
41.5,110.5,277.5685
41.5,111.5,276.7991
41.5,112.5,276.95947
41.5,113.5,277.50192
41.5,114.5,277.10767
41.5,115.5,276.51593
41.5,116.5,277.94473
41.5,117.5,279.45508
41.5,118.5,280.7469
41.5,119.5,281.7892
41.5,120.5,281.60806
41.5,121.5,282.48535
41.5,122.5,282.4387
41.5,123.5,280.50757
41.5,124.5,278.19986
41.5,125.5,277.56564
41.5,126.5,276.70624
41.5,127.5,273.86603
41.5,128.5,273.08643
41.5,129.5,276.1796
42.5,-123.5,281.60925
42.5,-122.5,280.35266
42.5,-121.5,280.12262
42.5,-120.5,280.70078
42.5,-119.5,281.7584
42.5,-118.5,281.268
42.5,-117.5,282.4812
42.5,-116.5,282.23163
42.5,-115.5,283.08945
42.5,-114.5,281.46863
42.5,-113.5,281.1312
42.5,-112.5,280.42752
42.5,-111.5,277.66788
42.5,-110.5,277.18173
42.5,-109.5,275.4276
42.5,-108.5,279.28204
42.5,-107.5,279.09317
42.5,-106.5,279.1379
42.5,-105.5,280.00824
42.5,-104.5,282.44098
42.5,-103.5,282.7314
42.5,-102.5,282.43365
42.5,-101.5,282.74698
42.5,-100.5,283.00995
42.5,-99.5,282.82452
42.5,-98.5,282.82413
42.5,-97.5,282.75903
42.5,-96.5,282.25626
42.5,-95.5,282.1565
42.5,-94.5,282.06696
42.5,-93.5,281.90628
42.5,-92.5,281.70514
42.5,-91.5,281.66806
42.5,-90.5,281.43597
42.5,-89.5,281.58035
42.5,-88.5,281.7533
42.5,-85.5,282.072
42.5,-84.5,281.7283
42.5,-83.5,282.12286
42.5,-82.5,282.17914
42.5,-81.5,282.12183
42.5,-80.5,282.106
42.5,-79.5,281.45285
42.5,-78.5,281.2844
42.5,-77.5,281.3854
42.5,-76.5,280.93024
42.5,-75.5,280.33237
42.5,-74.5,280.69196
42.5,-73.5,281.05798
42.5,-72.5,280.95804
42.5,-71.5,282.21185
42.5,-8.5,286.04633
42.5,-7.5,282.98944
42.5,-6.5,282.17224
42.5,-5.5,282.796
42.5,-4.5,283.13052
42.5,-3.5,282.9822
42.5,-2.5,282.37332
42.5,-1.5,285.28476
42.5,-0.5,282.68304
42.5,0.5,283.02698
42.5,1.5,283.5965
42.5,2.5,286.93674
42.5,11.5,287.96173
42.5,12.5,285.5386
42.5,13.5,286.09607
42.5,18.5,285.66003
42.5,19.5,283.7645
42.5,20.5,279.89273
42.5,21.5,283.2169
42.5,22.5,282.7962
42.5,23.5,281.54114
42.5,24.5,283.7476
42.5,25.5,285.23096
42.5,26.5,284.58905
42.5,27.5,285.03546
42.5,41.5,286.03528
42.5,42.5,283.4665
42.5,43.5,277.9935
42.5,44.5,279.86014
42.5,45.5,280.67908
42.5,46.5,277.0344
42.5,47.5,283.792
42.5,52.5,288.25708
42.5,53.5,288.86423
42.5,54.5,288.44858
42.5,55.5,287.65402
42.5,56.5,288.0574
42.5,57.5,288.28555
42.5,58.5,287.88528
42.5,59.5,288.00882
42.5,60.5,287.9612
42.5,61.5,288.1796
42.5,62.5,288.2692
42.5,63.5,288.49576
42.5,64.5,287.3495
42.5,65.5,287.7213
42.5,66.5,288.35724
42.5,67.5,288.67065
42.5,68.5,288.2234
42.5,69.5,285.9861
42.5,70.5,278.356
42.5,71.5,276.55963
42.5,72.5,276.22375
42.5,73.5,280.8701
42.5,74.5,281.0727
42.5,75.5,279.37408
42.5,76.5,272.01077
42.5,77.5,270.64456
42.5,78.5,268.6557
42.5,79.5,270.99796
42.5,80.5,269.99493
42.5,81.5,273.71555
42.5,82.5,274.97855
42.5,83.5,275.42722
42.5,84.5,274.6951
42.5,85.5,275.664
42.5,86.5,277.9245
42.5,87.5,279.26337
42.5,88.5,287.27164
42.5,89.5,286.02332
42.5,90.5,285.95016
42.5,91.5,286.21783
42.5,92.5,286.6033
42.5,93.5,285.65744
42.5,94.5,280.56546
42.5,95.5,279.69586
42.5,96.5,279.78284
42.5,97.5,281.1421
42.5,98.5,280.4966
42.5,99.5,282.51846
42.5,100.5,282.65506
42.5,101.5,282.2262
42.5,102.5,281.66498
42.5,103.5,280.8888
42.5,104.5,280.0699
42.5,105.5,281.50952
42.5,106.5,282.1566
42.5,107.5,281.52197
42.5,108.5,280.62067
42.5,109.5,280.15894
42.5,110.5,280.57214
42.5,111.5,280.05896
42.5,112.5,279.32288
42.5,113.5,278.73398
42.5,114.5,277.76163
42.5,115.5,276.51624
42.5,116.5,275.7991
42.5,117.5,275.6575
42.5,118.5,278.05118
42.5,119.5,280.53998
42.5,120.5,281.3531
42.5,121.5,281.205
42.5,122.5,281.31467
42.5,123.5,280.89963
42.5,124.5,278.47055
42.5,125.5,277.5333
42.5,126.5,277.12918
42.5,127.5,276.18777
42.5,128.5,275.34955
42.5,129.5,277.8138
42.5,130.5,279.13638
42.5,140.5,279.25537
42.5,142.5,279.05106
42.5,143.5,279.49274
43.5,-123.5,282.61685
43.5,-122.5,280.7419
43.5,-121.5,279.26923
43.5,-120.5,281.53955
43.5,-119.5,280.6429
43.5,-118.5,281.96777
43.5,-117.5,283.32596
43.5,-116.5,282.49176
43.5,-115.5,281.0911
43.5,-114.5,277.71497
43.5,-113.5,278.58243
43.5,-112.5,280.72607
43.5,-111.5,277.56192
43.5,-110.5,274.7434
43.5,-109.5,271.4256
43.5,-108.5,281.09424
43.5,-107.5,280.23303
43.5,-106.5,280.05753
43.5,-105.5,280.96967
43.5,-104.5,281.21143
43.5,-103.5,281.68442
43.5,-102.5,282.7507
43.5,-101.5,282.72397
43.5,-100.5,282.57162
43.5,-99.5,282.24863
43.5,-98.5,282.02325
43.5,-97.5,281.53925
43.5,-96.5,280.94727
43.5,-95.5,280.85257
43.5,-94.5,281.0233
43.5,-93.5,280.85678
43.5,-92.5,280.56018
43.5,-91.5,280.3735
43.5,-90.5,280.57126
43.5,-89.5,280.50403
43.5,-88.5,280.62097
43.5,-85.5,281.0941
43.5,-84.5,280.99863
43.5,-83.5,280.94708
43.5,-81.5,280.83374
43.5,-80.5,280.1915
43.5,-79.5,281.18332
43.5,-78.5,281.87393
43.5,-77.5,282.04526
43.5,-76.5,281.5964
43.5,-75.5,280.85175
43.5,-74.5,279.7911
43.5,-73.5,279.93195
43.5,-72.5,279.3181
43.5,-71.5,279.8963
43.5,-70.5,280.9891
43.5,-7.5,285.44202
43.5,-6.5,282.82816
43.5,-5.5,282.13687
43.5,-1.5,284.83264
43.5,-0.5,284.82147
43.5,0.5,285.19083
43.5,1.5,285.67773
43.5,2.5,286.4082
43.5,3.5,286.2002
43.5,4.5,288.54095
43.5,5.5,287.07822
43.5,6.5,285.08066
43.5,10.5,287.88492
43.5,11.5,285.21982
43.5,12.5,286.4349
43.5,16.5,285.23676
43.5,17.5,284.3608
43.5,18.5,281.71866
43.5,19.5,280.33054
43.5,20.5,282.9643
43.5,21.5,283.23416
43.5,22.5,284.53705
43.5,23.5,284.09067
43.5,24.5,285.10464
43.5,25.5,285.30133
43.5,26.5,285.14148
43.5,27.5,285.22186
43.5,40.5,282.74567
43.5,41.5,281.5236
43.5,42.5,277.367
43.5,43.5,278.15283
43.5,44.5,284.67352
43.5,45.5,285.29575
43.5,46.5,285.33316
43.5,47.5,287.0489
43.5,51.5,288.0831
43.5,52.5,287.37543
43.5,53.5,287.1057
43.5,54.5,287.20752
43.5,55.5,286.73187
43.5,56.5,286.70264
43.5,57.5,286.89706
43.5,58.5,286.89542
43.5,59.5,286.90195
43.5,60.5,287.09375
43.5,61.5,287.30823
43.5,62.5,287.20926
43.5,63.5,286.9176
43.5,64.5,286.88217
43.5,65.5,287.15015
43.5,66.5,287.4777
43.5,67.5,287.22873
43.5,68.5,285.5333
43.5,69.5,285.77225
43.5,70.5,285.1117
43.5,71.5,286.02423
43.5,72.5,285.64615
43.5,73.5,285.43915
43.5,74.5,284.91217
43.5,75.5,280.1619
43.5,76.5,280.53802
43.5,77.5,276.0903
43.5,78.5,280.67993
43.5,79.5,280.1076
43.5,80.5,279.1896
43.5,81.5,281.58228
43.5,82.5,275.7805
43.5,83.5,269.21964
43.5,84.5,270.32944
43.5,85.5,270.74677
43.5,86.5,273.04788
43.5,87.5,276.08704
43.5,88.5,277.96335
43.5,89.5,283.5923
43.5,90.5,284.74063
43.5,91.5,279.86813
43.5,92.5,282.32614
43.5,93.5,276.97015
43.5,94.5,278.78033
43.5,95.5,282.3278
43.5,96.5,281.70248
43.5,97.5,280.64355
43.5,98.5,279.93268
43.5,99.5,281.1987
43.5,100.5,279.64905
43.5,101.5,279.03632
43.5,102.5,278.5394
43.5,103.5,277.06418
43.5,104.5,277.55264
43.5,105.5,278.58194
43.5,106.5,279.69006
43.5,107.5,280.95364
43.5,108.5,281.33044
43.5,109.5,280.38953
43.5,110.5,280.0994
43.5,111.5,279.97797
43.5,112.5,279.61252
43.5,113.5,279.32593
43.5,114.5,277.98587
43.5,115.5,276.64847
43.5,116.5,275.60913
43.5,117.5,276.27823
43.5,118.5,277.34824
43.5,119.5,279.68057
43.5,120.5,281.36334
43.5,121.5,281.6701
43.5,122.5,280.6234
43.5,123.5,280.12366
43.5,124.5,279.02606
43.5,125.5,278.02286
43.5,126.5,277.3214
43.5,127.5,275.86108
43.5,128.5,275.90924
43.5,129.5,275.70187
43.5,130.5,276.4581
43.5,131.5,278.32147
43.5,132.5,276.2923
43.5,133.5,276.0196
43.5,134.5,276.04013
43.5,141.5,280.3965
43.5,142.5,276.53503
43.5,143.5,278.3399
43.5,144.5,279.076
44.5,-123.5,283.84467
44.5,-122.5,281.84143
44.5,-121.5,280.5843
44.5,-120.5,282.79562
44.5,-119.5,279.80756
44.5,-118.5,279.09586
44.5,-117.5,282.09024
44.5,-116.5,279.462
44.5,-115.5,276.62277
44.5,-114.5,276.20132
44.5,-113.5,276.63037
44.5,-112.5,276.9997
44.5,-111.5,275.34195
44.5,-110.5,272.90662
44.5,-109.5,274.33716
44.5,-108.5,280.38174
44.5,-107.5,279.68765
44.5,-106.5,279.7189
44.5,-105.5,280.99564
44.5,-104.5,280.97113
44.5,-103.5,280.41724
44.5,-102.5,282.43692
44.5,-101.5,282.2225
44.5,-100.5,281.93082
44.5,-99.5,281.39642
44.5,-98.5,280.9281
44.5,-97.5,280.3504
44.5,-96.5,280.13394
44.5,-95.5,280.18576
44.5,-94.5,280.32495
44.5,-93.5,280.3141
44.5,-92.5,279.7044
44.5,-91.5,279.6373
44.5,-90.5,279.3345
44.5,-89.5,279.50906
44.5,-88.5,279.84943
44.5,-85.5,280.1714
44.5,-84.5,280.019
44.5,-83.5,280.42227
44.5,-80.5,279.6426
44.5,-79.5,279.5281
44.5,-78.5,279.25726
44.5,-77.5,279.87668
44.5,-76.5,280.36664
44.5,-75.5,279.67206
44.5,-74.5,279.31396
44.5,-73.5,279.07816
44.5,-72.5,278.707
44.5,-71.5,277.65723
44.5,-70.5,278.74084
44.5,-69.5,279.69217
44.5,-68.5,280.23892
44.5,-65.5,280.73914
44.5,-64.5,280.411
44.5,-0.5,286.79666
44.5,0.5,286.2087
44.5,1.5,285.3953
44.5,2.5,282.38562
44.5,3.5,282.112
44.5,4.5,284.44235
44.5,5.5,282.88403
44.5,6.5,277.21976
44.5,7.5,279.46393
44.5,8.5,286.84296
44.5,9.5,287.89386
44.5,10.5,285.27405
44.5,11.5,285.8498
44.5,15.5,284.6899
44.5,16.5,283.63397
44.5,17.5,283.36383
44.5,18.5,282.7765
44.5,19.5,283.83414
44.5,20.5,285.02222
44.5,21.5,283.62018
44.5,22.5,283.09982
44.5,23.5,284.97662
44.5,24.5,285.0104
44.5,25.5,285.15912
44.5,26.5,285.80225
44.5,27.5,285.7713
44.5,28.5,285.9696
44.5,38.5,286.86057
44.5,39.5,284.12726
44.5,40.5,283.56845
44.5,41.5,283.08252
44.5,42.5,282.56317
44.5,43.5,284.0402
44.5,44.5,285.47482
44.5,45.5,286.40167
44.5,46.5,286.78455
44.5,51.5,287.16162
44.5,52.5,286.81558
44.5,53.5,287.02515
44.5,54.5,286.35236
44.5,55.5,286.3664
44.5,56.5,286.26517
44.5,57.5,285.9734
44.5,58.5,286.05704
44.5,59.5,286.06168
44.5,60.5,285.6291
44.5,61.5,286.07074
44.5,62.5,286.145
44.5,63.5,286.0758
44.5,64.5,286.0025
44.5,65.5,285.96844
44.5,66.5,286.09464
44.5,67.5,285.83215
44.5,68.5,285.27533
44.5,69.5,285.6884
44.5,70.5,285.61133
44.5,71.5,285.26016
44.5,72.5,285.00598
44.5,73.5,284.32846
44.5,74.5,284.0268
44.5,75.5,284.42966
44.5,76.5,284.67862
44.5,77.5,284.22388
44.5,78.5,281.41296
44.5,79.5,278.0958
44.5,80.5,278.15292
44.5,81.5,281.31488
44.5,82.5,276.81647
44.5,83.5,276.7207
44.5,84.5,278.49927
44.5,85.5,281.03275
44.5,86.5,282.09225
44.5,87.5,282.71262
44.5,88.5,281.703
44.5,89.5,282.12964
44.5,90.5,281.44257
44.5,91.5,279.72815
44.5,92.5,280.2997
44.5,93.5,280.61765
44.5,94.5,281.64627
44.5,95.5,279.59857
44.5,96.5,280.23285
44.5,97.5,278.04047
44.5,98.5,275.82733
44.5,99.5,278.17834
44.5,100.5,276.83157
44.5,101.5,277.1749
44.5,102.5,279.30927
44.5,103.5,279.10422
44.5,104.5,278.90234
44.5,105.5,278.6736
44.5,106.5,278.74658
44.5,107.5,279.08832
44.5,108.5,279.84406
44.5,109.5,280.07816
44.5,110.5,279.2456
44.5,111.5,278.57468
44.5,112.5,277.81326
44.5,113.5,276.71878
44.5,114.5,275.62335
44.5,115.5,276.29962
44.5,116.5,276.01993
44.5,117.5,275.3464
44.5,118.5,275.33707
44.5,119.5,276.32462
44.5,120.5,278.74683
44.5,121.5,280.07156
44.5,122.5,280.1305
44.5,123.5,279.51602
44.5,124.5,278.7915
44.5,125.5,278.22403
44.5,126.5,277.43555
44.5,127.5,276.3992
44.5,128.5,276.42673
44.5,129.5,275.04706
44.5,130.5,275.2504
44.5,131.5,276.25504
44.5,132.5,276.65228
44.5,133.5,275.75833
44.5,134.5,274.37363
44.5,135.5,274.54218
44.5,142.5,278.8575
45.5,-123.5,283.899
45.5,-122.5,281.5606
45.5,-121.5,281.98837
45.5,-120.5,282.41925
45.5,-119.5,283.32428
45.5,-118.5,281.3039
45.5,-117.5,278.96814
45.5,-116.5,279.0358
45.5,-115.5,276.4862
45.5,-114.5,276.68756
45.5,-113.5,275.15952
45.5,-112.5,275.48257
45.5,-111.5,276.9502
45.5,-110.5,275.6304
45.5,-109.5,276.41223
45.5,-108.5,280.5524
45.5,-107.5,280.10492
45.5,-106.5,281.3386
45.5,-105.5,281.40323
45.5,-104.5,280.881
45.5,-103.5,280.90274
45.5,-102.5,281.14972
45.5,-101.5,280.95767
45.5,-100.5,280.5956
45.5,-99.5,279.8652
45.5,-98.5,280.01132
45.5,-97.5,279.69064
45.5,-96.5,279.65836
45.5,-95.5,279.3601
45.5,-94.5,279.2681
45.5,-93.5,279.38553
45.5,-92.5,279.14197
45.5,-91.5,278.91177
45.5,-90.5,278.36014
45.5,-89.5,278.42975
45.5,-88.5,278.95596
45.5,-87.5,279.1384
45.5,-84.5,279.1542
45.5,-79.5,278.40466
45.5,-78.5,277.9037
45.5,-77.5,278.3152
45.5,-76.5,278.29553
45.5,-75.5,278.20862
45.5,-74.5,278.44394
45.5,-73.5,279.3705
45.5,-72.5,278.89212
45.5,-71.5,277.30972
45.5,-70.5,277.27158
45.5,-69.5,278.28708
45.5,-68.5,278.5031
45.5,-67.5,278.78912
45.5,-66.5,279.26843
45.5,-65.5,279.73785
45.5,-64.5,279.51138
45.5,-63.5,279.976
45.5,-62.5,279.85825
45.5,-61.5,280.12747
45.5,-0.5,286.18893
45.5,0.5,285.2196
45.5,1.5,283.99158
45.5,2.5,281.6663
45.5,3.5,282.4462
45.5,4.5,283.3139
45.5,5.5,281.95645
45.5,6.5,274.86572
45.5,7.5,279.41003
45.5,8.5,283.88156
45.5,9.5,284.1672
45.5,10.5,283.43625
45.5,11.5,284.03894
45.5,12.5,287.75818
45.5,13.5,286.37088
45.5,14.5,285.60562
45.5,15.5,282.29062
45.5,16.5,283.83157
45.5,17.5,285.70395
45.5,18.5,285.1171
45.5,19.5,285.5304
45.5,20.5,285.70026
45.5,21.5,284.61252
45.5,22.5,282.54196
45.5,23.5,284.18314
45.5,24.5,284.79865
45.5,25.5,283.04602
45.5,26.5,283.33127
45.5,27.5,284.9289
45.5,28.5,285.29135
45.5,29.5,285.86203
45.5,33.5,286.53027
45.5,34.5,285.48386
45.5,38.5,285.9096
45.5,39.5,285.66684
45.5,40.5,285.23907
45.5,41.5,284.61386
45.5,42.5,284.36328
45.5,43.5,284.8734
45.5,44.5,285.154
45.5,45.5,286.03125
45.5,46.5,286.33902
45.5,47.5,285.9116
45.5,53.5,286.7954
45.5,54.5,286.5259
45.5,55.5,286.00342
45.5,56.5,285.64877
45.5,57.5,285.27567
45.5,58.5,285.56808
45.5,59.5,285.23193
45.5,60.5,285.0668
45.5,61.5,285.20975
45.5,62.5,285.06296
45.5,63.5,284.7981
45.5,64.5,284.66052
45.5,65.5,284.71008
45.5,66.5,284.958
45.5,67.5,284.74155
45.5,68.5,284.28305
45.5,69.5,284.15616
45.5,70.5,283.97934
45.5,71.5,283.48007
45.5,72.5,283.15237
45.5,73.5,282.45438
45.5,74.5,283.2335
45.5,75.5,283.99612
45.5,76.5,284.07233
45.5,77.5,283.80594
45.5,78.5,281.75952
45.5,79.5,276.77338
45.5,80.5,274.00006
45.5,81.5,281.2746
45.5,82.5,279.5692
45.5,83.5,280.34097
45.5,84.5,281.27405
45.5,85.5,283.03998
45.5,86.5,283.22043
45.5,87.5,282.00986
45.5,88.5,280.84283
45.5,89.5,279.55716
45.5,90.5,277.54385
45.5,91.5,276.2884
45.5,92.5,275.057
45.5,93.5,271.59677
45.5,94.5,275.1933
45.5,95.5,275.30713
45.5,96.5,276.61066
45.5,97.5,272.7185
45.5,98.5,275.09363
45.5,99.5,276.31104
45.5,100.5,276.12234
45.5,101.5,276.36993
45.5,102.5,276.22052
45.5,103.5,277.3708
45.5,104.5,277.05426
45.5,105.5,276.6969
45.5,106.5,277.15652
45.5,107.5,277.13348
45.5,108.5,277.86517
45.5,109.5,278.4651
45.5,110.5,278.083
45.5,111.5,277.07303
45.5,112.5,276.14053
45.5,113.5,275.02872
45.5,114.5,274.60345
45.5,115.5,275.33826
45.5,116.5,275.4697
45.5,117.5,274.96893
45.5,118.5,274.795
45.5,119.5,274.14297
45.5,120.5,274.9564
45.5,121.5,278.13284
45.5,122.5,279.04272
45.5,123.5,278.94348
45.5,124.5,278.43732
45.5,125.5,277.69608
45.5,126.5,277.52505
45.5,127.5,277.48547
45.5,128.5,276.2616
45.5,129.5,276.4787
45.5,130.5,276.12088
45.5,131.5,276.5333
45.5,132.5,276.57172
45.5,133.5,275.98016
45.5,134.5,274.7829
45.5,135.5,273.21054
45.5,136.5,273.1563
46.5,-123.5,283.11136
46.5,-122.5,281.2315
46.5,-121.5,279.0355
46.5,-120.5,280.45004
46.5,-119.5,284.2022
46.5,-118.5,284.2816
46.5,-117.5,281.76205
46.5,-116.5,280.02374
46.5,-115.5,278.72452
46.5,-114.5,277.85403
46.5,-113.5,276.9758
46.5,-112.5,277.01505
46.5,-111.5,276.46808
46.5,-110.5,275.72623
46.5,-109.5,278.74573
46.5,-108.5,280.9569
46.5,-107.5,281.7127
46.5,-106.5,281.58456
46.5,-105.5,281.45425
46.5,-104.5,280.69708
46.5,-103.5,280.00565
46.5,-102.5,279.9813
46.5,-101.5,279.8296
46.5,-100.5,279.35712
46.5,-99.5,278.73218
46.5,-98.5,278.8777
46.5,-97.5,279.1862
46.5,-96.5,278.95065
46.5,-95.5,278.2436
46.5,-94.5,278.33554
46.5,-93.5,278.13348
46.5,-92.5,277.9815
46.5,-91.5,278.41776
46.5,-90.5,277.91364
46.5,-89.5,278.28604
46.5,-88.5,278.39777
46.5,-87.5,278.43057
46.5,-86.5,278.43088
46.5,-85.5,278.39194
46.5,-84.5,277.48868
46.5,-83.5,277.37292
46.5,-82.5,277.436
46.5,-81.5,277.1706
46.5,-80.5,277.39597
46.5,-79.5,277.48526
46.5,-78.5,277.03452
46.5,-77.5,277.16986
46.5,-76.5,277.30716
46.5,-75.5,277.06775
46.5,-74.5,276.8228
46.5,-73.5,277.65558
46.5,-72.5,277.39862
46.5,-71.5,276.77972
46.5,-70.5,277.4282
46.5,-69.5,277.00458
46.5,-68.5,277.2103
46.5,-67.5,277.2997
46.5,-66.5,277.22876
46.5,-65.5,278.4907
46.5,-64.5,278.8956
46.5,-60.5,278.93167
46.5,-1.5,286.1382
46.5,-0.5,285.1256
46.5,0.5,284.7481
46.5,1.5,284.01257
46.5,2.5,283.4099
46.5,3.5,283.37198
46.5,4.5,283.48557
46.5,5.5,283.02875
46.5,6.5,278.72806
46.5,7.5,278.27402
46.5,8.5,279.41895
46.5,9.5,278.21252
46.5,10.5,275.86246
46.5,11.5,276.17575
46.5,12.5,278.71237
46.5,13.5,280.90054
46.5,14.5,281.33844
46.5,15.5,283.38867
46.5,16.5,283.77338
46.5,17.5,284.34586
46.5,18.5,284.58127
46.5,19.5,285.31226
46.5,20.5,285.35492
46.5,21.5,284.78226
46.5,22.5,281.7441
46.5,23.5,282.71686
46.5,24.5,282.11234
46.5,25.5,280.5123
46.5,26.5,281.2649
46.5,27.5,283.68875
46.5,28.5,284.2367
46.5,29.5,284.79678
46.5,30.5,285.1724
46.5,32.5,285.43628
46.5,33.5,285.29517
46.5,34.5,285.3903
46.5,35.5,285.34677
46.5,38.5,285.46005
46.5,39.5,284.87344
46.5,40.5,284.5117
46.5,41.5,284.48892
46.5,42.5,284.3626
46.5,43.5,284.76355
46.5,44.5,284.74426
46.5,45.5,285.4238
46.5,46.5,285.42676
46.5,47.5,285.3133
46.5,48.5,285.18896
46.5,49.5,285.21274
46.5,53.5,285.76
46.5,54.5,285.37372
46.5,55.5,284.96896
46.5,56.5,284.3025
46.5,57.5,283.8226
46.5,58.5,283.46506
46.5,59.5,283.83716
46.5,60.5,283.81705
46.5,61.5,283.85214
46.5,62.5,283.81027
46.5,63.5,283.72726
46.5,64.5,283.71262
46.5,65.5,283.3766
46.5,66.5,283.0094
46.5,67.5,282.5942
46.5,68.5,282.74225
46.5,69.5,282.44827
46.5,70.5,281.83026
46.5,71.5,281.30463
46.5,72.5,280.92578
46.5,73.5,281.32626
46.5,74.5,281.33923
46.5,75.5,282.17343
46.5,76.5,282.2612
46.5,77.5,282.08255
46.5,78.5,281.72153
46.5,79.5,282.14276
46.5,80.5,282.18787
46.5,81.5,282.20203
46.5,82.5,280.5255
46.5,83.5,278.15738
46.5,84.5,279.24472
46.5,85.5,277.51086
46.5,86.5,279.3678
46.5,87.5,280.2635
46.5,88.5,279.79938
46.5,89.5,278.45798
46.5,90.5,274.44434
46.5,91.5,271.12885
46.5,92.5,271.4061
46.5,93.5,272.72952
46.5,94.5,279.0625
46.5,95.5,275.01004
46.5,96.5,272.4999
46.5,97.5,271.08502
46.5,98.5,272.43826
46.5,99.5,272.17038
46.5,100.5,270.3302
46.5,101.5,270.17902
46.5,102.5,272.62784
46.5,103.5,274.39035
46.5,104.5,274.97266
46.5,105.5,275.0296
46.5,106.5,274.59543
46.5,107.5,274.86685
46.5,108.5,275.52847
46.5,109.5,276.173
46.5,110.5,275.8607
46.5,111.5,275.1371
46.5,112.5,275.28354
46.5,113.5,274.33954
46.5,114.5,275.45264
46.5,115.5,275.30664
46.5,116.5,275.47025
46.5,117.5,275.0411
46.5,118.5,273.42776
46.5,119.5,272.59946
46.5,120.5,273.45792
46.5,121.5,275.41837
46.5,122.5,277.45355
46.5,123.5,278.1135
46.5,124.5,277.75287
46.5,125.5,277.03293
46.5,126.5,276.8207
46.5,127.5,276.45264
46.5,128.5,274.9322
46.5,129.5,275.4964
46.5,130.5,276.4677
46.5,131.5,276.1341
46.5,132.5,276.13348
46.5,133.5,276.13727
46.5,134.5,274.61298
46.5,135.5,274.2443
46.5,136.5,271.5003
46.5,137.5,273.31308
46.5,142.5,276.41705
47.5,-123.5,281.8739
47.5,-122.5,282.5949
47.5,-121.5,279.40536
47.5,-120.5,277.8191
47.5,-119.5,282.88025
47.5,-118.5,282.75098
47.5,-117.5,281.626
47.5,-116.5,278.9064
47.5,-115.5,277.41476
47.5,-114.5,277.38144
47.5,-113.5,276.62616
47.5,-112.5,276.1144
47.5,-111.5,279.09653
47.5,-110.5,280.8707
47.5,-109.5,279.77524
47.5,-108.5,280.5263
47.5,-107.5,281.3822
47.5,-106.5,280.88452
47.5,-105.5,280.3594
47.5,-104.5,280.29092
47.5,-103.5,279.56595
47.5,-102.5,279.0988
47.5,-101.5,278.6347
47.5,-100.5,278.46063
47.5,-99.5,278.01913
47.5,-98.5,277.95294
47.5,-97.5,278.20694
47.5,-96.5,278.15765
47.5,-95.5,277.72385
47.5,-94.5,277.39297
47.5,-93.5,277.2957
47.5,-92.5,276.82382
47.5,-91.5,277.34927
47.5,-84.5,276.40305
47.5,-83.5,275.8567
47.5,-82.5,276.05963
47.5,-81.5,276.05963
47.5,-80.5,276.4551
47.5,-79.5,275.96255
47.5,-78.5,276.16144
47.5,-77.5,275.95154
47.5,-76.5,275.87137
47.5,-75.5,275.82254
47.5,-74.5,275.56543
47.5,-73.5,275.90228
47.5,-72.5,276.08463
47.5,-71.5,275.02176
47.5,-70.5,274.2257
47.5,-69.5,276.84778
47.5,-68.5,275.91748
47.5,-67.5,275.8505
47.5,-66.5,276.52866
47.5,-65.5,277.87802
47.5,-55.5,278.38474
47.5,-54.5,278.2179
47.5,-53.5,278.43896
47.5,-2.5,285.30814
47.5,-1.5,284.71246
47.5,-0.5,284.5054
47.5,0.5,284.70267
47.5,1.5,284.45004
47.5,2.5,284.5604
47.5,3.5,283.4173
47.5,4.5,282.90433
47.5,5.5,282.98917
47.5,6.5,280.99554
47.5,7.5,281.1575
47.5,8.5,280.09225
47.5,9.5,278.64426
47.5,10.5,278.5286
47.5,11.5,278.26743
47.5,12.5,277.00223
47.5,13.5,278.63318
47.5,14.5,279.6817
47.5,15.5,281.06226
47.5,16.5,283.52954
47.5,17.5,283.8123
47.5,18.5,284.09317
47.5,19.5,284.25253
47.5,20.5,284.3779
47.5,21.5,284.57245
47.5,22.5,283.64172
47.5,23.5,282.1743
47.5,24.5,280.37933
47.5,25.5,279.4887
47.5,26.5,282.1793
47.5,27.5,283.12778
47.5,28.5,283.0527
47.5,29.5,283.55887
47.5,30.5,283.62967
47.5,31.5,283.9034
47.5,32.5,284.03726
47.5,33.5,284.23087
47.5,34.5,284.06146
47.5,35.5,284.04163
47.5,36.5,283.63358
47.5,37.5,283.79337
47.5,38.5,283.7671
47.5,39.5,283.58688
47.5,40.5,283.6041
47.5,41.5,283.62497
47.5,42.5,284.05795
47.5,43.5,283.9627
47.5,44.5,284.1628
47.5,45.5,284.60205
47.5,46.5,284.47214
47.5,47.5,284.3741
47.5,48.5,284.5649
47.5,49.5,284.7072
47.5,50.5,284.71616
47.5,51.5,284.55765
47.5,52.5,284.73544
47.5,53.5,284.5213
47.5,54.5,283.84088
47.5,55.5,283.16885
47.5,56.5,282.9615
47.5,57.5,282.36395
47.5,58.5,281.99265
47.5,59.5,281.95267
47.5,60.5,281.9286
47.5,61.5,282.4223
47.5,62.5,282.6594
47.5,63.5,282.73505
47.5,64.5,282.5397
47.5,65.5,281.95105
47.5,66.5,280.682
47.5,67.5,280.7203
47.5,68.5,280.88678
47.5,69.5,280.97415
47.5,70.5,280.25537
47.5,71.5,279.45377
47.5,72.5,278.28342
47.5,73.5,278.52808
47.5,74.5,279.1416
47.5,75.5,279.31314
47.5,76.5,279.50323
47.5,77.5,279.05643
47.5,78.5,279.456
47.5,79.5,280.0812
47.5,80.5,279.927
47.5,81.5,279.64548
47.5,82.5,276.73297
47.5,83.5,275.80396
47.5,84.5,277.33157
47.5,85.5,274.77298
47.5,86.5,278.90417
47.5,87.5,278.33475
47.5,88.5,275.04395
47.5,89.5,272.1152
47.5,90.5,267.54575
47.5,91.5,270.97775
47.5,92.5,273.86124
47.5,93.5,275.238
47.5,94.5,276.0167
47.5,95.5,273.4426
47.5,96.5,270.32782
47.5,97.5,267.80237
47.5,98.5,267.0849
47.5,99.5,268.608
47.5,100.5,268.41806
47.5,101.5,272.06177
47.5,102.5,273.2334
47.5,103.5,273.97092
47.5,104.5,274.46344
47.5,105.5,274.64914
47.5,106.5,272.7678
47.5,107.5,272.5391
47.5,108.5,272.76773
47.5,109.5,273.38412
47.5,110.5,274.1262
47.5,111.5,273.87714
47.5,112.5,274.28485
47.5,113.5,274.8422
47.5,114.5,275.31406
47.5,115.5,275.42172
47.5,116.5,275.98154
47.5,117.5,275.4629
47.5,118.5,274.1807
47.5,119.5,272.15128
47.5,120.5,272.0814
47.5,121.5,273.7647
47.5,122.5,275.7295
47.5,123.5,277.04138
47.5,124.5,276.57608
47.5,125.5,275.82388
47.5,126.5,275.5551
47.5,127.5,274.85022
47.5,128.5,274.39114
47.5,129.5,273.59357
47.5,130.5,275.22372
47.5,131.5,275.8973
47.5,132.5,275.76663
47.5,133.5,275.54587
47.5,134.5,274.74026
47.5,135.5,274.55164
47.5,136.5,272.30936
47.5,137.5,270.84042
47.5,138.5,272.93573
47.5,142.5,276.22327
48.5,-124.5,280.47736
48.5,-123.5,281.65796
48.5,-122.5,282.12787
48.5,-121.5,276.49704
48.5,-120.5,275.828
48.5,-119.5,277.51602
48.5,-118.5,280.40744
48.5,-117.5,279.398
48.5,-116.5,277.0757
48.5,-115.5,276.50314
48.5,-114.5,275.33066
48.5,-113.5,276.46994
48.5,-112.5,277.8394
48.5,-111.5,279.3547
48.5,-110.5,280.43842
48.5,-109.5,279.19467
48.5,-108.5,279.317
48.5,-107.5,279.62238
48.5,-106.5,279.44165
48.5,-105.5,279.31635
48.5,-104.5,278.96298
48.5,-103.5,278.60077
48.5,-102.5,278.24982
48.5,-101.5,278.00302
48.5,-100.5,277.44824
48.5,-99.5,277.15637
48.5,-98.5,277.14435
48.5,-97.5,277.62985
48.5,-96.5,277.3414
48.5,-95.5,277.03485
48.5,-94.5,276.94876
48.5,-93.5,276.68045
48.5,-92.5,276.56198
48.5,-91.5,276.17273
48.5,-90.5,275.6421
48.5,-89.5,275.62646
48.5,-85.5,275.36075
48.5,-84.5,275.25238
48.5,-83.5,275.27957
48.5,-82.5,275.45416
48.5,-81.5,275.3412
48.5,-80.5,275.24988
48.5,-79.5,275.28308
48.5,-78.5,275.24524
48.5,-77.5,275.28262
48.5,-76.5,275.02734
48.5,-75.5,274.82468
48.5,-74.5,274.4941
48.5,-73.5,275.37842
48.5,-72.5,275.89374
48.5,-71.5,275.1245
48.5,-70.5,274.7441
48.5,-69.5,275.68097
48.5,-68.5,275.61118
48.5,-67.5,275.9997
48.5,-66.5,275.36472
48.5,-65.5,275.20575
48.5,-58.5,276.30582
48.5,-57.5,276.24738
48.5,-56.5,276.87897
48.5,-55.5,277.11694
48.5,-54.5,277.5777
48.5,-3.5,284.52515
48.5,-2.5,284.6115
48.5,-1.5,284.05692
48.5,-0.5,283.4391
48.5,0.5,283.58774
48.5,1.5,283.9447
48.5,2.5,284.26862
48.5,3.5,283.71707
48.5,4.5,283.59885
48.5,5.5,282.93768
48.5,6.5,282.10645
48.5,7.5,282.27893
48.5,8.5,282.31088
48.5,9.5,282.2063
48.5,10.5,281.29544
48.5,11.5,281.81793
48.5,12.5,281.98724
48.5,13.5,280.33777
48.5,14.5,281.6412
48.5,15.5,281.8725
48.5,16.5,283.3415
48.5,17.5,282.98886
48.5,18.5,282.60712
48.5,19.5,280.88876
48.5,20.5,281.2574
48.5,21.5,283.1243
48.5,22.5,282.01605
48.5,23.5,280.8431
48.5,24.5,280.54272
48.5,25.5,281.1342
48.5,26.5,282.08862
48.5,27.5,282.14377
48.5,28.5,282.31326
48.5,29.5,282.23566
48.5,30.5,282.55487
48.5,31.5,282.6204
48.5,32.5,282.7556
48.5,33.5,283.07236
48.5,34.5,283.1627
48.5,35.5,283.0191
48.5,36.5,282.74948
48.5,37.5,282.60443
48.5,38.5,282.55777
48.5,39.5,282.36044
48.5,40.5,282.64297
48.5,41.5,282.65137
48.5,42.5,282.82098
48.5,43.5,282.72617
48.5,44.5,282.90598
48.5,45.5,283.2698
48.5,46.5,283.33368
48.5,47.5,283.36246
48.5,48.5,283.50235
48.5,49.5,283.59296
48.5,50.5,283.59616
48.5,51.5,283.4031
48.5,52.5,283.31863
48.5,53.5,283.04788
48.5,54.5,282.53802
48.5,55.5,281.85974
48.5,56.5,281.12112
48.5,57.5,280.83835
48.5,58.5,280.70947
48.5,59.5,280.56686
48.5,60.5,280.61398
48.5,61.5,281.06537
48.5,62.5,281.28485
48.5,63.5,281.26276
48.5,64.5,280.9259
48.5,65.5,280.59717
48.5,66.5,279.18918
48.5,67.5,278.42133
48.5,68.5,278.80188
48.5,69.5,279.01236
48.5,70.5,278.77887
48.5,71.5,278.23264
48.5,72.5,277.35812
48.5,73.5,276.8584
48.5,74.5,276.20203
48.5,75.5,276.26822
48.5,76.5,275.9155
48.5,77.5,276.2906
48.5,78.5,276.56537
48.5,79.5,277.16205
48.5,80.5,276.91815
48.5,81.5,276.1135
48.5,82.5,276.6414
48.5,83.5,277.67783
48.5,84.5,276.75656
48.5,85.5,274.56375
48.5,86.5,274.6748
48.5,87.5,268.0829
48.5,88.5,266.20096
48.5,89.5,267.5245
48.5,90.5,269.49258
48.5,91.5,270.97144
48.5,92.5,275.24905
48.5,93.5,276.00836
48.5,94.5,273.9023
48.5,95.5,270.9994
48.5,96.5,268.663
48.5,97.5,267.3506
48.5,98.5,267.46027
48.5,99.5,268.89923
48.5,100.5,270.39478
48.5,101.5,271.84436
48.5,102.5,271.5749
48.5,103.5,271.88437
48.5,104.5,272.82892
48.5,105.5,273.12433
48.5,106.5,271.55222
48.5,107.5,270.32007
48.5,108.5,269.7797
48.5,109.5,270.81323
48.5,110.5,271.98828
48.5,111.5,272.8798
48.5,112.5,274.13788
48.5,113.5,274.65707
48.5,114.5,274.8496
48.5,115.5,274.66153
48.5,116.5,274.93875
48.5,117.5,275.21927
48.5,118.5,274.16116
48.5,119.5,273.06314
48.5,120.5,271.07712
48.5,121.5,272.0483
48.5,122.5,273.8649
48.5,123.5,275.2693
48.5,124.5,275.2039
48.5,125.5,274.33078
48.5,126.5,273.9287
48.5,127.5,273.8414
48.5,128.5,273.69138
48.5,129.5,273.60898
48.5,130.5,273.5113
48.5,131.5,274.15646
48.5,132.5,273.94305
48.5,133.5,274.81714
48.5,134.5,274.77634
48.5,135.5,274.9085
48.5,136.5,273.93173
48.5,137.5,271.34003
48.5,138.5,270.99417
48.5,139.5,272.91672
48.5,142.5,275.49405
49.5,-126.5,280.22687
49.5,-125.5,282.43448
49.5,-124.5,279.65894
49.5,-123.5,279.21298
49.5,-122.5,278.93756
49.5,-121.5,276.5037
49.5,-120.5,273.49472
49.5,-119.5,276.42966
49.5,-118.5,276.15384
49.5,-117.5,274.2171
49.5,-116.5,276.0608
49.5,-115.5,273.71948
49.5,-114.5,274.36176
49.5,-113.5,277.4047
49.5,-112.5,278.92212
49.5,-111.5,279.59406
49.5,-110.5,279.59778
49.5,-109.5,278.82547
49.5,-108.5,278.48444
49.5,-107.5,278.52524
49.5,-106.5,278.16577
49.5,-105.5,278.1093
49.5,-104.5,278.1625
49.5,-103.5,277.60458
49.5,-102.5,276.73685
49.5,-101.5,276.93848
49.5,-100.5,276.4643
49.5,-99.5,276.473
49.5,-98.5,276.95126
49.5,-97.5,277.16873
49.5,-96.5,276.62354
49.5,-95.5,276.5025
49.5,-94.5,275.83105
49.5,-93.5,276.11725
49.5,-92.5,275.79852
49.5,-91.5,275.4022
49.5,-90.5,275.0307
49.5,-89.5,275.0613
49.5,-88.5,274.81763
49.5,-87.5,274.6768
49.5,-86.5,274.6539
49.5,-85.5,274.69388
49.5,-84.5,274.77228
49.5,-83.5,274.72324
49.5,-82.5,274.68192
49.5,-81.5,274.63675
49.5,-80.5,274.48978
49.5,-79.5,274.43268
49.5,-78.5,274.51654
49.5,-77.5,274.3468
49.5,-76.5,274.32556
49.5,-75.5,274.28278
49.5,-74.5,274.0936
49.5,-73.5,274.08484
49.5,-72.5,274.57013
49.5,-71.5,274.51303
49.5,-70.5,273.91815
49.5,-69.5,273.7564
49.5,-68.5,274.87573
49.5,-67.5,275.44998
49.5,-57.5,276.75616
49.5,-56.5,276.29745
49.5,-55.5,276.45428
49.5,-54.5,277.11926
49.5,0.5,283.94006
49.5,1.5,283.58264
49.5,2.5,283.70743
49.5,3.5,283.29535
49.5,4.5,282.59497
49.5,5.5,281.94894
49.5,6.5,282.3943
49.5,7.5,282.3344
49.5,8.5,283.17017
49.5,9.5,282.68478
49.5,10.5,282.21548
49.5,11.5,281.78864
49.5,12.5,281.46628
49.5,13.5,280.50745
49.5,14.5,281.9516
49.5,15.5,281.54395
49.5,16.5,281.51733
49.5,17.5,280.7953
49.5,18.5,281.92947
49.5,19.5,280.52258
49.5,20.5,280.4556
49.5,21.5,281.74957
49.5,22.5,281.1837
49.5,23.5,280.9231
49.5,24.5,281.82263
49.5,25.5,281.38214
49.5,26.5,281.542
49.5,27.5,281.40515
49.5,28.5,281.4662
49.5,29.5,281.64627
49.5,30.5,281.94724
49.5,31.5,282.079
49.5,32.5,282.6269
49.5,33.5,282.48944
49.5,34.5,282.19388
49.5,35.5,282.01776
49.5,36.5,282.01123
49.5,37.5,282.0014
49.5,38.5,281.95862
49.5,39.5,281.81265
49.5,40.5,281.77377
49.5,41.5,281.7335
49.5,42.5,281.88153
49.5,43.5,281.55762
49.5,44.5,281.6353
49.5,45.5,282.03116
49.5,46.5,282.2221
49.5,47.5,282.14575
49.5,48.5,282.18475
49.5,49.5,282.21368
49.5,50.5,282.1874
49.5,51.5,282.14032
49.5,52.5,282.01373
49.5,53.5,281.6789
49.5,54.5,281.39005
49.5,55.5,280.63138
49.5,56.5,279.90976
49.5,57.5,279.44788
49.5,58.5,279.07806
49.5,59.5,279.30875
49.5,60.5,279.53027
49.5,61.5,279.6506
49.5,62.5,279.93427
49.5,63.5,279.82538
49.5,64.5,280.00098
49.5,65.5,279.56186
49.5,66.5,279.0357
49.5,67.5,277.97006
49.5,68.5,277.9601
49.5,69.5,278.00565
49.5,70.5,277.91544
49.5,71.5,277.54935
49.5,72.5,276.9662
49.5,73.5,276.5658
49.5,74.5,275.88126
49.5,75.5,275.69452
49.5,76.5,275.17148
49.5,77.5,275.99985
49.5,78.5,276.9576
49.5,79.5,277.51035
49.5,80.5,277.33597
49.5,81.5,276.8781
49.5,82.5,275.46445
49.5,83.5,274.00018
49.5,84.5,273.59525
49.5,85.5,269.88443
49.5,86.5,267.22513
49.5,87.5,265.49756
49.5,88.5,267.97888
49.5,89.5,268.14117
49.5,90.5,270.23407
49.5,91.5,273.48547
49.5,92.5,274.0748
49.5,93.5,276.34457
49.5,94.5,272.47897
49.5,95.5,271.04303
49.5,96.5,268.34656
49.5,97.5,265.76077
49.5,98.5,267.84592
49.5,99.5,269.5429
49.5,100.5,270.8145
49.5,101.5,271.27164
49.5,102.5,271.76483
49.5,103.5,270.2114
49.5,104.5,271.5818
49.5,105.5,273.60492
49.5,106.5,272.1406
49.5,107.5,271.17654
49.5,108.5,271.1309
49.5,109.5,270.16644
49.5,110.5,269.91104
49.5,111.5,270.67798
49.5,112.5,272.01395
49.5,113.5,273.4961
49.5,114.5,274.2806
49.5,115.5,274.41446
49.5,116.5,273.88098
49.5,117.5,273.9272
49.5,118.5,273.64886
49.5,119.5,272.87436
49.5,120.5,271.44485
49.5,121.5,270.3617
49.5,122.5,271.26025
49.5,123.5,273.3242
49.5,124.5,273.91415
49.5,125.5,273.20438
49.5,126.5,273.22244
49.5,127.5,273.5833
49.5,128.5,273.53506
49.5,129.5,273.1757
49.5,130.5,272.66037
49.5,131.5,271.84094
49.5,132.5,272.9774
49.5,133.5,272.5387
49.5,134.5,272.7528
49.5,135.5,273.7302
49.5,136.5,274.3803
49.5,137.5,273.17932
49.5,138.5,272.22327
49.5,139.5,271.96036
49.5,142.5,274.94604
49.5,143.5,273.18884
50.5,-127.5,281.0895
50.5,-126.5,279.00995
50.5,-125.5,278.1361
50.5,-124.5,277.17764
50.5,-123.5,273.45163
50.5,-122.5,273.84213
50.5,-121.5,276.16867
50.5,-120.5,277.4237
50.5,-119.5,277.57275
50.5,-118.5,275.48944
50.5,-117.5,274.71518
50.5,-116.5,275.07657
50.5,-115.5,272.20047
50.5,-114.5,273.83224
50.5,-113.5,277.72946
50.5,-112.5,278.8296
50.5,-111.5,279.09738
50.5,-110.5,279.01382
50.5,-109.5,278.97177
50.5,-108.5,278.52527
50.5,-107.5,277.89032
50.5,-106.5,277.9569
50.5,-105.5,277.65564
50.5,-104.5,277.28992
50.5,-103.5,276.25488
50.5,-102.5,275.9312
50.5,-101.5,275.492
50.5,-100.5,275.20233
50.5,-99.5,275.95392
50.5,-98.5,276.0656
50.5,-97.5,276.28726
50.5,-96.5,276.00812
50.5,-95.5,275.98505
50.5,-94.5,275.6202
50.5,-93.5,275.14938
50.5,-92.5,274.90448
50.5,-91.5,274.8495
50.5,-90.5,274.58966
50.5,-89.5,274.32974
50.5,-88.5,274.22876
50.5,-87.5,274.12216
50.5,-86.5,274.20807
50.5,-85.5,274.2344
50.5,-84.5,274.18304
50.5,-83.5,274.05777
50.5,-82.5,274.0293
50.5,-81.5,274.13968
50.5,-80.5,273.95358
50.5,-79.5,273.98975
50.5,-78.5,273.92038
50.5,-77.5,273.77484
50.5,-76.5,273.56924
50.5,-75.5,273.39337
50.5,-74.5,273.67575
50.5,-73.5,273.01944
50.5,-72.5,273.03662
50.5,-71.5,272.98438
50.5,-70.5,272.4524
50.5,-69.5,272.64087
50.5,-68.5,272.48544
50.5,-67.5,273.3342
50.5,-66.5,273.87738
50.5,-65.5,273.49368
50.5,-64.5,274.0462
50.5,-63.5,274.57892
50.5,-62.5,274.96866
50.5,-61.5,275.37122
50.5,-60.5,275.32028
50.5,-56.5,275.52728
50.5,-4.5,284.37155
50.5,-3.5,283.6549
50.5,2.5,283.48032
50.5,3.5,283.27957
50.5,4.5,282.94907
50.5,5.5,282.11444
50.5,6.5,282.5449
50.5,7.5,281.95892
50.5,8.5,282.13858
50.5,9.5,282.04
50.5,10.5,281.55026
50.5,11.5,281.55978
50.5,12.5,281.5555
50.5,13.5,280.90106
50.5,14.5,281.8148
50.5,15.5,281.3123
50.5,16.5,281.06763
50.5,17.5,281.54462
50.5,18.5,282.6732
50.5,19.5,282.3986
50.5,20.5,281.98914
50.5,21.5,282.2388
50.5,22.5,282.1421
50.5,23.5,281.95413
50.5,24.5,281.98856
50.5,25.5,281.65732
50.5,26.5,281.76572
50.5,27.5,281.5174
50.5,28.5,281.5471
50.5,29.5,281.7907
50.5,30.5,281.95984
50.5,31.5,281.8642
50.5,32.5,281.4996
50.5,33.5,281.33426
50.5,34.5,281.2115
50.5,35.5,281.11212
50.5,36.5,281.10703
50.5,37.5,281.01678
50.5,38.5,280.92792
50.5,39.5,280.98438
50.5,40.5,280.98727
50.5,41.5,280.83878
50.5,42.5,280.7676
50.5,43.5,280.78125
50.5,44.5,280.39078
50.5,45.5,280.8167
50.5,46.5,281.17673
50.5,47.5,281.0543
50.5,48.5,281.0416
50.5,49.5,281.03256
50.5,50.5,281.0308
50.5,51.5,280.88367
50.5,52.5,280.62537
50.5,53.5,280.40268
50.5,54.5,280.26715
50.5,55.5,279.79492
50.5,56.5,279.10654
50.5,57.5,278.28986
50.5,58.5,278.3852
50.5,59.5,278.5362
50.5,60.5,278.38962
50.5,61.5,278.56226
50.5,62.5,278.5551
50.5,63.5,278.72424
50.5,64.5,278.7273
50.5,65.5,278.64136
50.5,66.5,278.22913
50.5,67.5,277.8647
50.5,68.5,277.7008
50.5,69.5,277.5437
50.5,70.5,277.31232
50.5,71.5,276.94696
50.5,72.5,276.47845
50.5,73.5,276.12442
50.5,74.5,276.22214
50.5,75.5,276.2257
50.5,76.5,276.84106
50.5,77.5,277.5993
50.5,78.5,277.95724
50.5,79.5,277.52872
50.5,80.5,277.10214
50.5,81.5,276.72025
50.5,82.5,275.42456
50.5,83.5,272.81683
50.5,84.5,270.6603
50.5,85.5,272.24478
50.5,86.5,270.2102
50.5,87.5,269.22906
50.5,88.5,268.51813
50.5,89.5,265.7739
50.5,90.5,270.37894
50.5,91.5,269.91415
50.5,92.5,271.02023
50.5,93.5,271.55368
50.5,94.5,270.66827
50.5,95.5,271.73
50.5,96.5,269.30243
50.5,97.5,267.05847
50.5,98.5,266.35388
50.5,99.5,268.13852
50.5,100.5,269.04227
50.5,101.5,269.2085
50.5,102.5,270.31552
50.5,103.5,269.21048
50.5,104.5,270.22134
50.5,105.5,271.8948
50.5,106.5,273.34116
50.5,107.5,271.77185
50.5,108.5,272.0732
50.5,109.5,269.8837
50.5,110.5,269.79852
50.5,111.5,269.8062
50.5,112.5,271.25525
50.5,113.5,272.6376
50.5,114.5,273.6316
50.5,115.5,273.78818
50.5,116.5,272.37814
50.5,117.5,271.80246
50.5,118.5,272.2791
50.5,119.5,272.09552
50.5,120.5,270.64542
50.5,121.5,269.9731
50.5,122.5,270.88354
50.5,123.5,271.81967
50.5,124.5,272.6902
50.5,125.5,272.46063
50.5,126.5,272.6602
50.5,127.5,273.72565
50.5,128.5,273.313
50.5,129.5,273.04193
50.5,130.5,271.60852
50.5,131.5,270.71176
50.5,132.5,271.60468
50.5,133.5,269.35034
50.5,134.5,271.08386
50.5,135.5,270.5393
50.5,136.5,272.76984
50.5,137.5,273.18475
50.5,138.5,271.18042
50.5,139.5,270.48502
50.5,140.5,271.70694
50.5,142.5,273.3671
50.5,143.5,272.0102
51.5,-127.5,279.73535
51.5,-126.5,277.063
51.5,-125.5,274.6193
51.5,-124.5,274.22418
51.5,-123.5,274.5265
51.5,-122.5,274.69458
51.5,-121.5,276.36517
51.5,-120.5,276.67126
51.5,-119.5,274.1618
51.5,-118.5,273.02417
51.5,-117.5,271.34647
51.5,-116.5,271.6161
51.5,-115.5,273.40546
51.5,-114.5,275.80643
51.5,-113.5,276.89984
51.5,-112.5,277.27628
51.5,-111.5,277.56006
51.5,-110.5,277.70483
51.5,-109.5,277.67004
51.5,-108.5,277.59738
51.5,-107.5,277.14215
51.5,-106.5,277.06094
51.5,-105.5,276.53146
51.5,-104.5,276.00354
51.5,-103.5,275.2549
51.5,-102.5,275.09222
51.5,-101.5,274.9635
51.5,-100.5,275.34894
51.5,-99.5,275.7723
51.5,-98.5,275.68088
51.5,-97.5,275.62527
51.5,-96.5,275.406
51.5,-95.5,275.19266
51.5,-94.5,274.7867
51.5,-93.5,274.27664
51.5,-92.5,274.0574
51.5,-91.5,274.05713
51.5,-90.5,273.70898
51.5,-89.5,273.70648
51.5,-88.5,273.56155
51.5,-87.5,273.58118
51.5,-86.5,273.39542
51.5,-85.5,273.2341
51.5,-84.5,273.2287
51.5,-83.5,273.13318
51.5,-82.5,273.08783
51.5,-81.5,273.19257
51.5,-80.5,272.51022
51.5,-78.5,273.24188
51.5,-77.5,273.06757
51.5,-76.5,272.9285
51.5,-75.5,272.65594
51.5,-74.5,272.51755
51.5,-73.5,272.39377
51.5,-72.5,271.57297
51.5,-71.5,271.469
51.5,-70.5,271.37903
51.5,-69.5,272.0065
51.5,-68.5,271.62088
51.5,-67.5,271.4663
51.5,-66.5,271.68985
51.5,-65.5,271.30554
51.5,-64.5,272.08994
51.5,-63.5,271.8375
51.5,-62.5,272.52365
51.5,-61.5,273.16562
51.5,-60.5,273.30264
51.5,-59.5,273.70148
51.5,-58.5,274.15115
51.5,-57.5,273.6152
51.5,-56.5,274.0591
51.5,-3.5,282.41312
51.5,-2.5,282.83926
51.5,-1.5,283.0274
51.5,-0.5,283.08646
51.5,0.5,283.471
51.5,4.5,283.8552
51.5,5.5,283.5316
51.5,6.5,283.5115
51.5,7.5,282.39417
51.5,8.5,281.93387
51.5,9.5,281.91876
51.5,10.5,281.7723
51.5,11.5,282.60352
51.5,12.5,282.74265
51.5,13.5,282.5327
51.5,14.5,282.55026
51.5,15.5,282.68033
51.5,16.5,282.9182
51.5,17.5,282.6298
51.5,18.5,282.6665
51.5,19.5,282.50058
51.5,20.5,281.78537
51.5,21.5,282.2157
51.5,22.5,281.99188
51.5,23.5,281.97913
51.5,24.5,281.70917
51.5,25.5,281.8596
51.5,26.5,281.8773
51.5,27.5,281.66986
51.5,28.5,281.62253
51.5,29.5,281.62354
51.5,30.5,281.55304
51.5,31.5,281.165
51.5,32.5,280.91873
51.5,33.5,280.76135
51.5,34.5,280.6913
51.5,35.5,280.47385
51.5,36.5,280.18192
51.5,37.5,280.1725
51.5,38.5,280.22824
51.5,39.5,280.42133
51.5,40.5,280.2591
51.5,41.5,280.17654
51.5,42.5,280.06778
51.5,43.5,279.88327
51.5,44.5,279.58923
51.5,45.5,279.7438
51.5,46.5,280.11887
51.5,47.5,280.27426
51.5,48.5,280.17624
51.5,49.5,279.9107
51.5,50.5,279.76196
51.5,51.5,279.6168
51.5,52.5,279.42862
51.5,53.5,279.2342
51.5,54.5,279.1379
51.5,55.5,278.90112
51.5,56.5,277.99283
51.5,57.5,277.0617
51.5,58.5,277.95947
51.5,59.5,277.8259
51.5,60.5,277.4881
51.5,61.5,277.5781
51.5,62.5,277.6919
51.5,63.5,277.62958
51.5,64.5,277.81418
51.5,65.5,277.71918
51.5,66.5,277.19812
51.5,67.5,276.80026
51.5,68.5,276.7233
51.5,69.5,276.5436
51.5,70.5,276.548
51.5,71.5,276.38736
51.5,72.5,276.22598
51.5,73.5,276.12476
51.5,74.5,276.7894
51.5,75.5,277.31613
51.5,76.5,277.4463
51.5,77.5,277.27594
51.5,78.5,277.2552
51.5,79.5,276.91574
51.5,80.5,276.73862
51.5,81.5,276.33224
51.5,82.5,275.83322
51.5,83.5,274.1551
51.5,84.5,273.25638
51.5,85.5,273.277
51.5,86.5,275.49988
51.5,87.5,272.28452
51.5,88.5,269.0527
51.5,89.5,268.08963
51.5,90.5,271.44562
51.5,91.5,269.47214
51.5,92.5,268.0786
51.5,93.5,269.89578
51.5,94.5,270.91608
51.5,95.5,268.8475
51.5,96.5,269.24088
51.5,97.5,269.5054
51.5,98.5,265.3224
51.5,99.5,264.6476
51.5,100.5,265.6627
51.5,101.5,267.7245
51.5,102.5,269.64853
51.5,103.5,270.4335
51.5,104.5,270.30142
51.5,105.5,273.5174
51.5,106.5,273.44116
51.5,107.5,271.79028
51.5,108.5,271.97705
51.5,109.5,271.57034
51.5,110.5,271.46707
51.5,111.5,270.75464
51.5,112.5,271.02026
51.5,113.5,271.45633
51.5,114.5,272.12534
51.5,115.5,272.49762
51.5,116.5,271.43982
51.5,117.5,271.19666
51.5,118.5,270.8555
51.5,119.5,271.00583
51.5,120.5,270.33246
51.5,121.5,269.56555
51.5,122.5,269.68793
51.5,123.5,270.33932
51.5,124.5,271.2885
51.5,125.5,272.13672
51.5,126.5,272.7853
51.5,127.5,272.95374
51.5,128.5,272.75098
51.5,129.5,272.596
51.5,130.5,271.34103
51.5,131.5,269.85287
51.5,132.5,269.84296
51.5,133.5,267.82898
51.5,134.5,269.18866
51.5,135.5,269.8926
51.5,136.5,271.90927
51.5,137.5,271.6688
51.5,138.5,271.11353
51.5,139.5,271.22794
51.5,140.5,273.0866
51.5,142.5,273.2018
51.5,157.5,274.6532
52.5,-128.5,280.15002
52.5,-127.5,277.112
52.5,-126.5,275.08734
52.5,-125.5,273.65836
52.5,-124.5,274.79694
52.5,-123.5,275.8089
52.5,-122.5,275.64655
52.5,-121.5,275.2634
52.5,-120.5,273.9333
52.5,-119.5,273.1116
52.5,-118.5,272.80414
52.5,-117.5,270.8475
52.5,-116.5,273.0602
52.5,-115.5,274.87842
52.5,-114.5,275.86545
52.5,-113.5,276.27707
52.5,-112.5,276.35983
52.5,-111.5,276.41156
52.5,-110.5,276.47488
52.5,-109.5,276.18604
52.5,-108.5,276.2688
52.5,-107.5,275.6246
52.5,-106.5,275.90408
52.5,-105.5,275.4312
52.5,-104.5,275.0403
52.5,-103.5,274.54758
52.5,-102.5,274.50455
52.5,-101.5,275.73682
52.5,-100.5,274.8503
52.5,-99.5,274.80408
52.5,-98.5,274.48877
52.5,-97.5,274.16638
52.5,-96.5,274.54355
52.5,-95.5,274.0526
52.5,-94.5,273.7587
52.5,-93.5,273.3669
52.5,-92.5,273.2381
52.5,-91.5,273.0735
52.5,-90.5,272.78543
52.5,-89.5,272.81512
52.5,-88.5,272.8233
52.5,-87.5,272.6876
52.5,-86.5,272.44308
52.5,-85.5,272.1958
52.5,-84.5,272.19745
52.5,-83.5,272.21613
52.5,-82.5,272.25064
52.5,-78.5,272.09286
52.5,-77.5,272.35617
52.5,-76.5,272.07947
52.5,-75.5,271.9915
52.5,-74.5,271.81262
52.5,-73.5,271.4962
52.5,-72.5,270.5902
52.5,-71.5,270.35184
52.5,-70.5,270.36874
52.5,-69.5,270.41013
52.5,-68.5,270.27448
52.5,-67.5,270.44623
52.5,-66.5,270.19373
52.5,-65.5,270.47476
52.5,-64.5,270.7473
52.5,-63.5,271.12997
52.5,-62.5,271.62943
52.5,-61.5,272.2726
52.5,-60.5,272.5374
52.5,-59.5,272.38602
52.5,-58.5,272.7687
52.5,-57.5,272.99167
52.5,-56.5,273.46533
52.5,-9.5,282.82443
52.5,-8.5,282.00342
52.5,-7.5,282.31677
52.5,-6.5,282.9311
52.5,-3.5,281.42676
52.5,-2.5,282.4361
52.5,-1.5,282.498
52.5,-0.5,282.85736
52.5,0.5,283.23633
52.5,1.5,283.77002
52.5,5.5,283.35266
52.5,6.5,283.02194
52.5,7.5,282.9626
52.5,8.5,282.71677
52.5,9.5,282.5818
52.5,10.5,282.55417
52.5,11.5,282.78058
52.5,12.5,282.63913
52.5,13.5,282.9527
52.5,14.5,282.8197
52.5,15.5,282.90027
52.5,16.5,282.65134
52.5,17.5,282.45914
52.5,18.5,282.42596
52.5,19.5,282.082
52.5,20.5,282.14865
52.5,21.5,281.86722
52.5,22.5,281.60486
52.5,23.5,281.5429
52.5,24.5,281.28647
52.5,25.5,281.24475
52.5,26.5,281.2193
52.5,27.5,281.2225
52.5,28.5,281.19678
52.5,29.5,281.04623
52.5,30.5,280.92673
52.5,31.5,280.62854
52.5,32.5,280.32114
52.5,33.5,280.13605
52.5,34.5,280.04083
52.5,35.5,279.9566
52.5,36.5,279.7159
52.5,37.5,279.6513
52.5,38.5,279.62643
52.5,39.5,279.72623
52.5,40.5,279.7247
52.5,41.5,279.46375
52.5,42.5,279.3859
52.5,43.5,279.1515
52.5,44.5,279.029
52.5,45.5,278.8613
52.5,46.5,278.9107
52.5,47.5,278.75415
52.5,48.5,279.2952
52.5,49.5,279.22314
52.5,50.5,278.92273
52.5,51.5,278.83224
52.5,52.5,278.33258
52.5,53.5,278.21246
52.5,54.5,277.78696
52.5,55.5,277.44803
52.5,56.5,276.3731
52.5,57.5,276.07825
52.5,58.5,276.5771
52.5,59.5,276.70438
52.5,60.5,276.80884
52.5,61.5,277.0912
52.5,62.5,277.1418
52.5,63.5,277.09973
52.5,64.5,276.96475
52.5,65.5,276.99493
52.5,66.5,276.71585
52.5,67.5,275.92642
52.5,68.5,275.49475
52.5,69.5,275.3997
52.5,70.5,275.71335
52.5,71.5,276.1708
52.5,72.5,276.46106
52.5,73.5,276.94055
52.5,74.5,276.91254
52.5,75.5,276.87332
52.5,76.5,276.7129
52.5,77.5,276.6212
52.5,78.5,276.53018
52.5,79.5,276.4012
52.5,80.5,275.91232
52.5,81.5,275.74725
52.5,82.5,275.85632
52.5,83.5,276.36053
52.5,84.5,276.39774
52.5,85.5,275.68158
52.5,86.5,275.27423
52.5,87.5,275.1541
52.5,88.5,273.53265
52.5,89.5,272.91483
52.5,90.5,271.8043
52.5,91.5,271.17917
52.5,92.5,271.18542
52.5,93.5,269.32416
52.5,94.5,269.82852
52.5,95.5,268.12396
52.5,96.5,270.12793
52.5,97.5,269.2522
52.5,98.5,266.87704
52.5,99.5,265.67215
52.5,100.5,266.69052
52.5,101.5,268.67114
52.5,102.5,271.70395
52.5,103.5,272.73007
52.5,104.5,272.54648
52.5,105.5,272.81897
52.5,106.5,272.96817
52.5,107.5,274.41263
52.5,108.5,272.5806
52.5,109.5,270.62372
52.5,110.5,270.38678
52.5,111.5,270.12512
52.5,112.5,270.26703
52.5,113.5,270.30835
52.5,114.5,270.2172
52.5,115.5,270.985
52.5,116.5,271.0957
52.5,117.5,270.66327
52.5,118.5,269.9695
52.5,119.5,270.66498
52.5,120.5,270.34415
52.5,121.5,269.8866
52.5,122.5,269.5708
52.5,123.5,270.9174
52.5,124.5,271.12732
52.5,125.5,272.0023
52.5,126.5,272.14874
52.5,127.5,271.95676
52.5,128.5,271.72632
52.5,129.5,271.52737
52.5,130.5,271.0942
52.5,131.5,269.903
52.5,132.5,269.08267
52.5,133.5,267.13348
52.5,134.5,266.906
52.5,135.5,268.91223
52.5,136.5,271.08954
52.5,137.5,270.75867
52.5,138.5,270.283
52.5,139.5,271.88638
52.5,140.5,271.74716
52.5,141.5,272.06644
52.5,142.5,272.63437
52.5,156.5,275.0049
52.5,157.5,272.9327
52.5,158.5,273.9078
53.5,-132.5,281.28442
53.5,-129.5,278.88815
53.5,-128.5,276.9901
53.5,-127.5,275.65372
53.5,-126.5,276.0285
53.5,-125.5,275.00827
53.5,-124.5,275.57193
53.5,-123.5,275.37204
53.5,-122.5,277.01205
53.5,-121.5,274.78918
53.5,-120.5,271.4657
53.5,-119.5,273.265
53.5,-118.5,273.32806
53.5,-117.5,273.6864
53.5,-116.5,274.5951
53.5,-115.5,275.89352
53.5,-114.5,276.14755
53.5,-113.5,275.98926
53.5,-112.5,275.90915
53.5,-111.5,275.69287
53.5,-110.5,275.30142
53.5,-109.5,275.15134
53.5,-108.5,275.29257
53.5,-107.5,274.78345
53.5,-106.5,274.7237
53.5,-105.5,274.68942
53.5,-104.5,274.58908
53.5,-103.5,274.36777
53.5,-102.5,274.24292
53.5,-101.5,274.42944
53.5,-100.5,273.64212
53.5,-99.5,273.97757
53.5,-98.5,273.36072
53.5,-97.5,273.47406
53.5,-96.5,273.29288
53.5,-95.5,272.9361
53.5,-94.5,272.65335
53.5,-93.5,272.462
53.5,-92.5,272.32404
53.5,-91.5,271.99423
53.5,-90.5,271.95303
53.5,-89.5,271.89264
53.5,-88.5,271.9354
53.5,-87.5,271.80652
53.5,-86.5,271.47055
53.5,-85.5,271.3631
53.5,-84.5,271.11234
53.5,-83.5,271.01065
53.5,-82.5,270.93445
53.5,-78.5,271.73157
53.5,-77.5,271.44897
53.5,-76.5,271.06458
53.5,-75.5,270.9034
53.5,-74.5,270.9611
53.5,-73.5,270.8138
53.5,-72.5,270.67325
53.5,-71.5,270.13712
53.5,-70.5,269.86945
53.5,-69.5,269.62387
53.5,-68.5,269.64053
53.5,-67.5,269.51605
53.5,-66.5,269.57162
53.5,-65.5,269.789
53.5,-64.5,270.21585
53.5,-63.5,270.66318
53.5,-62.5,271.1511
53.5,-61.5,271.46664
53.5,-60.5,272.10843
53.5,-59.5,271.5753
53.5,-58.5,272.77872
53.5,-57.5,272.51498
53.5,-56.5,273.0579
53.5,-9.5,283.33066
53.5,-8.5,282.17517
53.5,-7.5,281.87585
53.5,-6.5,281.93375
53.5,-2.5,281.9754
53.5,-1.5,281.96967
53.5,-0.5,282.74487
53.5,7.5,282.96063
53.5,8.5,282.6784
53.5,9.5,282.43854
53.5,10.5,282.3457
53.5,11.5,282.27817
53.5,12.5,282.22452
53.5,13.5,282.4134
53.5,14.5,282.58444
53.5,15.5,282.2693
53.5,16.5,282.00467
53.5,17.5,281.75192
53.5,18.5,281.92377
53.5,19.5,281.48724
53.5,20.5,281.3911
53.5,21.5,281.40823
53.5,22.5,281.208
53.5,23.5,281.25946
53.5,24.5,280.87372
53.5,25.5,280.60086
53.5,26.5,280.27914
53.5,27.5,280.16882
53.5,28.5,280.45624
53.5,29.5,280.39563
53.5,30.5,280.22043
53.5,31.5,279.91757
53.5,32.5,279.71008
53.5,33.5,279.55594
53.5,34.5,279.65555
53.5,35.5,279.3418
53.5,36.5,279.17453
53.5,37.5,279.26074
53.5,38.5,279.25378
53.5,39.5,279.32056
53.5,40.5,279.30063
53.5,41.5,279.21506
53.5,42.5,279.04474
53.5,43.5,278.74075
53.5,44.5,278.47723
53.5,45.5,278.41812
53.5,46.5,278.1003
53.5,47.5,278.2308
53.5,48.5,278.34924
53.5,49.5,278.52786
53.5,50.5,278.1633
53.5,51.5,277.75134
53.5,52.5,277.53928
53.5,53.5,277.3325
53.5,54.5,276.68945
53.5,55.5,276.7471
53.5,56.5,276.46838
53.5,57.5,275.0119
53.5,58.5,275.62482
53.5,59.5,275.81796
53.5,60.5,276.17966
53.5,61.5,276.51825
53.5,62.5,276.5878
53.5,63.5,276.51904
53.5,64.5,276.53885
53.5,65.5,276.3797
53.5,66.5,276.18222
53.5,67.5,275.94748
53.5,68.5,275.75293
53.5,69.5,275.81726
53.5,70.5,275.96255
53.5,71.5,276.31647
53.5,72.5,276.50104
53.5,73.5,276.47778
53.5,74.5,276.17297
53.5,75.5,275.91953
53.5,76.5,275.97363
53.5,77.5,275.90945
53.5,78.5,275.643
53.5,79.5,275.3497
53.5,80.5,275.22473
53.5,81.5,275.09592
53.5,82.5,274.8793
53.5,83.5,275.28674
53.5,84.5,275.4043
53.5,85.5,274.82516
53.5,86.5,275.00745
53.5,87.5,275.13055
53.5,88.5,273.52542
53.5,89.5,271.39642
53.5,90.5,274.4552
53.5,91.5,275.43353
53.5,92.5,275.10938
53.5,93.5,274.24594
53.5,94.5,272.74283
53.5,95.5,270.33978
53.5,96.5,267.48416
53.5,97.5,268.16367
53.5,98.5,268.65448
53.5,99.5,269.8005
53.5,100.5,271.6438
53.5,101.5,272.5049
53.5,102.5,272.99997
53.5,103.5,272.41837
53.5,104.5,271.4892
53.5,105.5,271.31207
53.5,106.5,270.7024
53.5,107.5,271.7699
53.5,108.5,272.84824
53.5,109.5,270.10034
53.5,110.5,269.7363
53.5,111.5,268.17056
53.5,112.5,269.1094
53.5,113.5,269.35748
53.5,114.5,269.1091
53.5,115.5,269.055
53.5,116.5,268.2489
53.5,117.5,268.88638
53.5,118.5,268.85403
53.5,119.5,269.38718
53.5,120.5,269.20462
53.5,121.5,269.76364
53.5,122.5,269.8394
53.5,123.5,270.13724
53.5,124.5,270.7067
53.5,125.5,271.3575
53.5,126.5,271.07996
53.5,127.5,270.41306
53.5,128.5,269.77927
53.5,129.5,269.6718
53.5,130.5,268.73206
53.5,131.5,268.50705
53.5,132.5,268.47552
53.5,133.5,268.619
53.5,134.5,266.27933
53.5,135.5,268.0458
53.5,136.5,269.62042
53.5,137.5,269.5496
53.5,138.5,270.5468
53.5,139.5,271.37082
53.5,140.5,271.6675
53.5,142.5,272.64334
53.5,156.5,273.65506
53.5,157.5,269.99594
53.5,158.5,272.64957
53.5,159.5,273.9144
54.5,-130.5,279.10565
54.5,-129.5,276.6855
54.5,-128.5,273.64612
54.5,-127.5,275.5831
54.5,-126.5,274.0408
54.5,-125.5,274.80887
54.5,-124.5,274.7868
54.5,-123.5,274.4311
54.5,-122.5,275.36572
54.5,-121.5,274.80032
54.5,-120.5,273.9088
54.5,-119.5,274.84082
54.5,-118.5,275.02518
54.5,-117.5,275.54535
54.5,-116.5,275.06888
54.5,-115.5,275.2667
54.5,-114.5,275.57092
54.5,-113.5,275.66025
54.5,-112.5,275.394
54.5,-111.5,274.88553
54.5,-110.5,274.5444
54.5,-109.5,274.50623
54.5,-108.5,274.54095
54.5,-107.5,274.49295
54.5,-106.5,274.2472
54.5,-105.5,273.7666
54.5,-104.5,273.75055
54.5,-103.5,273.72925
54.5,-102.5,273.73776
54.5,-101.5,273.4306
54.5,-100.5,273.20642
54.5,-99.5,273.03973
54.5,-98.5,272.88474
54.5,-97.5,272.6794
54.5,-96.5,272.29187
54.5,-95.5,272.02844
54.5,-94.5,271.715
54.5,-93.5,271.56128
54.5,-92.5,271.44855
54.5,-91.5,271.23947
54.5,-90.5,271.1547
54.5,-89.5,271.13528
54.5,-88.5,270.88992
54.5,-87.5,270.64273
54.5,-86.5,270.43304
54.5,-85.5,270.25052
54.5,-84.5,270.1162
54.5,-83.5,270.13556
54.5,-82.5,269.8011
54.5,-78.5,271.16718
54.5,-77.5,270.68503
54.5,-76.5,270.488
54.5,-75.5,270.31985
54.5,-74.5,270.1651
54.5,-73.5,269.97287
54.5,-72.5,269.85794
54.5,-71.5,269.40726
54.5,-70.5,269.05087
54.5,-69.5,269.16153
54.5,-68.5,268.8987
54.5,-67.5,268.90598
54.5,-66.5,268.9248
54.5,-65.5,269.16968
54.5,-64.5,269.12662
54.5,-63.5,269.26382
54.5,-62.5,269.91965
54.5,-61.5,270.44012
54.5,-60.5,271.21182
54.5,-59.5,271.71347
54.5,-58.5,272.35547
54.5,-8.5,282.1307
54.5,-7.5,281.62088
54.5,-6.5,281.26102
54.5,-2.5,280.63794
54.5,-1.5,281.4918
54.5,9.5,282.3178
54.5,17.5,281.6081
54.5,18.5,281.6752
54.5,20.5,281.21088
54.5,21.5,280.87006
54.5,22.5,280.6205
54.5,23.5,280.65738
54.5,24.5,280.47968
54.5,25.5,280.15753
54.5,26.5,279.73154
54.5,27.5,279.53375
54.5,28.5,279.83704
54.5,29.5,279.73853
54.5,30.5,279.44202
54.5,31.5,279.18256
54.5,32.5,279.01184
54.5,33.5,278.86044
54.5,34.5,278.9112
54.5,35.5,278.87885
54.5,36.5,278.93652
54.5,37.5,278.83615
54.5,38.5,278.7432
54.5,39.5,278.95074
54.5,40.5,279.1045
54.5,41.5,279.11554
54.5,42.5,278.78235
54.5,43.5,278.4829
54.5,44.5,278.11874
54.5,45.5,277.9148
54.5,46.5,277.92
54.5,47.5,277.7966
54.5,48.5,277.9924
54.5,49.5,278.04004
54.5,50.5,277.46967
54.5,51.5,277.27167
54.5,52.5,276.72195
54.5,53.5,276.4561
54.5,54.5,276.36588
54.5,55.5,276.8467
54.5,56.5,276.5479
54.5,57.5,275.37952
54.5,58.5,274.8699
54.5,59.5,274.9105
54.5,60.5,275.6598
54.5,61.5,276.02597
54.5,62.5,276.03564
54.5,63.5,275.9127
54.5,64.5,275.8165
54.5,65.5,275.68405
54.5,66.5,275.62476
54.5,67.5,275.52954
54.5,68.5,275.5112
54.5,69.5,275.5451
54.5,70.5,275.6526
54.5,71.5,275.6184
54.5,72.5,275.45993
54.5,73.5,275.36624
54.5,74.5,275.37418
54.5,75.5,275.3376
54.5,76.5,275.39227
54.5,77.5,275.50052
54.5,78.5,275.0557
54.5,79.5,274.60077
54.5,80.5,274.49054
54.5,81.5,274.4749
54.5,82.5,274.33096
54.5,83.5,274.3297
54.5,84.5,274.26297
54.5,85.5,274.2745
54.5,86.5,274.39682
54.5,87.5,273.9269
54.5,88.5,272.7018
54.5,89.5,272.18372
54.5,90.5,273.38895
54.5,91.5,273.9998
54.5,92.5,272.8652
54.5,93.5,272.81006
54.5,94.5,272.36124
54.5,95.5,271.56662
54.5,96.5,270.51868
54.5,97.5,270.49005
54.5,98.5,271.72147
54.5,99.5,272.74326
54.5,100.5,273.14624
54.5,101.5,272.63342
54.5,102.5,272.56857
54.5,103.5,271.67218
54.5,104.5,270.32333
54.5,105.5,270.38467
54.5,106.5,270.48218
54.5,107.5,269.11542
54.5,108.5,272.2053
54.5,109.5,270.34735
54.5,110.5,267.35535
54.5,111.5,267.15317
54.5,112.5,268.02713
54.5,113.5,268.06332
54.5,114.5,268.7185
54.5,115.5,268.39032
54.5,116.5,267.86948
54.5,117.5,267.18005
54.5,118.5,267.59576
54.5,119.5,268.30618
54.5,120.5,267.6651
54.5,121.5,268.71655
54.5,122.5,268.81845
54.5,123.5,268.59753
54.5,124.5,268.89676
54.5,125.5,269.67468
54.5,126.5,268.36264
54.5,127.5,268.7538
54.5,128.5,269.2347
54.5,129.5,267.8811
54.5,130.5,267.21616
54.5,131.5,267.27045
54.5,132.5,266.9395
54.5,133.5,269.1437
54.5,134.5,267.48584
54.5,135.5,268.99088
54.5,136.5,269.93082
54.5,156.5,272.49606
54.5,157.5,269.7299
54.5,158.5,270.45813
54.5,159.5,271.66522
54.5,160.5,271.24573
55.5,-161.5,277.32666
55.5,-132.5,278.99472
55.5,-131.5,278.37732
55.5,-130.5,276.71902
55.5,-129.5,273.81735
55.5,-128.5,275.02188
55.5,-127.5,274.6262
55.5,-126.5,273.7063
55.5,-125.5,272.7711
55.5,-124.5,274.13782
55.5,-123.5,272.78546
55.5,-122.5,273.54416
55.5,-121.5,274.15527
55.5,-120.5,274.97504
55.5,-119.5,275.84814
55.5,-118.5,276.28152
55.5,-117.5,275.74188
55.5,-116.5,275.07526
55.5,-115.5,274.60693
55.5,-114.5,275.64163
55.5,-113.5,275.26224
55.5,-112.5,274.87457
55.5,-111.5,274.1986
55.5,-110.5,274.20898
55.5,-109.5,274.15784
55.5,-108.5,274.07233
55.5,-107.5,273.92953
55.5,-106.5,273.48944
55.5,-105.5,272.99896
55.5,-104.5,272.6748
55.5,-103.5,272.77957
55.5,-102.5,272.5718
55.5,-101.5,272.2989
55.5,-100.5,272.05908
55.5,-99.5,271.76953
55.5,-98.5,271.60333
55.5,-97.5,271.46558
55.5,-96.5,271.08932
55.5,-95.5,270.88254
55.5,-94.5,270.71716
55.5,-93.5,270.70236
55.5,-92.5,270.47055
55.5,-91.5,270.12613
55.5,-90.5,269.94885
55.5,-89.5,269.84555
55.5,-88.5,269.81958
55.5,-87.5,269.48404
55.5,-86.5,269.14856
55.5,-76.5,270.01752
55.5,-75.5,269.55423
55.5,-74.5,269.438
55.5,-73.5,268.99246
55.5,-72.5,268.85098
55.5,-71.5,268.85345
55.5,-70.5,268.77902
55.5,-69.5,268.4841
55.5,-68.5,268.64133
55.5,-67.5,268.6433
55.5,-66.5,268.88904
55.5,-65.5,268.82935
55.5,-64.5,268.78064
55.5,-63.5,268.87057
55.5,-62.5,268.76428
55.5,-61.5,270.24023
55.5,-60.5,270.9133
55.5,-4.5,280.91324
55.5,-3.5,281.47455
55.5,-2.5,280.72897
55.5,8.5,282.54272
55.5,9.5,282.03674
55.5,11.5,282.41382
55.5,13.5,282.09625
55.5,21.5,280.989
55.5,22.5,280.52634
55.5,23.5,280.4558
55.5,24.5,280.32004
55.5,25.5,279.88687
55.5,26.5,279.61298
55.5,27.5,279.37323
55.5,28.5,279.33707
55.5,29.5,279.32947
55.5,30.5,278.93338
55.5,31.5,278.77252
55.5,32.5,278.69006
55.5,33.5,278.36554
55.5,34.5,278.43982
55.5,35.5,278.58826
55.5,36.5,278.5114
55.5,37.5,278.72748
55.5,38.5,278.78784
55.5,39.5,278.85004
55.5,40.5,278.8294
55.5,41.5,278.6594
55.5,42.5,278.3668
55.5,43.5,278.05167
55.5,44.5,277.8042
55.5,45.5,277.6348
55.5,46.5,277.75952
55.5,47.5,277.59988
55.5,48.5,277.51566
55.5,49.5,277.70456
55.5,50.5,277.14508
55.5,51.5,276.92215
55.5,52.5,276.83267
55.5,53.5,276.7241
55.5,54.5,276.52155
55.5,55.5,276.47787
55.5,56.5,276.33395
55.5,57.5,275.75565
55.5,58.5,275.20822
55.5,59.5,274.62912
55.5,60.5,275.17548
55.5,61.5,275.82535
55.5,62.5,275.66174
55.5,63.5,275.446
55.5,64.5,275.65817
55.5,65.5,275.27322
55.5,66.5,275.15692
55.5,67.5,275.0553
55.5,68.5,274.98782
55.5,69.5,274.91016
55.5,70.5,274.89423
55.5,71.5,274.87958
55.5,72.5,274.71875
55.5,73.5,274.7435
55.5,74.5,274.66348
55.5,75.5,274.55023
55.5,76.5,274.5722
55.5,77.5,274.72647
55.5,78.5,274.30643
55.5,79.5,274.2998
55.5,80.5,274.3295
55.5,81.5,274.11243
55.5,82.5,274.27066
55.5,83.5,274.24008
55.5,84.5,274.33188
55.5,85.5,273.87714
55.5,86.5,273.96188
55.5,87.5,274.05615
55.5,88.5,273.52188
55.5,89.5,273.84
55.5,90.5,273.78705
55.5,91.5,273.14813
55.5,92.5,273.1999
55.5,93.5,273.7125
55.5,94.5,273.72162
55.5,95.5,274.1931
55.5,96.5,273.67166
55.5,97.5,273.5239
55.5,98.5,273.28607
55.5,99.5,273.30966
55.5,100.5,272.7696
55.5,101.5,272.6117
55.5,102.5,272.46384
55.5,103.5,271.7879
55.5,104.5,270.40787
55.5,105.5,269.51
55.5,106.5,269.6017
55.5,107.5,270.24054
55.5,108.5,269.25235
55.5,109.5,269.19553
55.5,110.5,269.05768
55.5,111.5,267.94183
55.5,112.5,266.9985
55.5,113.5,265.43643
55.5,114.5,264.585
55.5,115.5,267.8608
55.5,116.5,266.7559
55.5,117.5,266.98798
55.5,118.5,265.48456
55.5,119.5,266.68887
55.5,120.5,266.69165
55.5,121.5,267.18396
55.5,122.5,266.7918
55.5,123.5,266.01312
55.5,124.5,266.53494
55.5,125.5,266.7147
55.5,126.5,267.13867
55.5,127.5,267.61288
55.5,128.5,267.16086
55.5,129.5,266.00415
55.5,130.5,264.49487
55.5,131.5,264.25482
55.5,132.5,264.52042
55.5,133.5,264.96603
55.5,134.5,265.4211
55.5,135.5,267.52432
55.5,156.5,273.0214
55.5,157.5,270.6391
55.5,158.5,270.89633
55.5,159.5,271.78888
55.5,160.5,268.23465
55.5,161.5,270.6841
56.5,-159.5,275.18674
56.5,-158.5,276.92578
56.5,-133.5,279.1971
56.5,-132.5,275.27652
56.5,-131.5,275.52344
56.5,-130.5,272.09848
56.5,-129.5,271.15228
56.5,-128.5,271.5402
56.5,-127.5,270.39502
56.5,-126.5,271.01718
56.5,-125.5,271.511
56.5,-124.5,270.47253
56.5,-123.5,271.9183
56.5,-122.5,272.97876
56.5,-121.5,274.341
56.5,-120.5,274.54724
56.5,-119.5,273.86285
56.5,-118.5,274.87344
56.5,-117.5,275.33508
56.5,-116.5,274.29517
56.5,-115.5,274.23068
56.5,-114.5,274.51773
56.5,-113.5,274.13757
56.5,-112.5,274.10376
56.5,-111.5,273.69174
56.5,-110.5,273.59378
56.5,-109.5,273.23227
56.5,-108.5,273.04797
56.5,-107.5,272.84607
56.5,-106.5,272.302
56.5,-105.5,271.9954
56.5,-104.5,271.6818
56.5,-103.5,271.71823
56.5,-102.5,271.28473
56.5,-101.5,271.21365
56.5,-100.5,271.03055
56.5,-99.5,270.6757
56.5,-98.5,270.42776
56.5,-97.5,270.1048
56.5,-96.5,269.9273
56.5,-95.5,269.67258
56.5,-94.5,269.49155
56.5,-93.5,269.66916
56.5,-92.5,269.5686
56.5,-91.5,269.25473
56.5,-90.5,269.11356
56.5,-89.5,268.98343
56.5,-88.5,268.52142
56.5,-76.5,269.23032
56.5,-75.5,268.86084
56.5,-74.5,268.6636
56.5,-73.5,268.53088
56.5,-72.5,268.27332
56.5,-71.5,268.46606
56.5,-70.5,268.6122
56.5,-69.5,268.67935
56.5,-68.5,268.9053
56.5,-67.5,268.65625
56.5,-66.5,268.5351
56.5,-65.5,268.14923
56.5,-64.5,267.83438
56.5,-63.5,267.54907
56.5,-62.5,268.37656
56.5,-61.5,269.12296
56.5,-5.5,280.28625
56.5,-4.5,279.68744
56.5,-3.5,278.97125
56.5,8.5,282.25616
56.5,9.5,281.73972
56.5,13.5,280.93152
56.5,14.5,281.05875
56.5,15.5,281.03278
56.5,21.5,280.6726
56.5,22.5,280.0855
56.5,23.5,280.1433
56.5,24.5,279.94064
56.5,25.5,279.24506
56.5,26.5,279.2082
56.5,27.5,279.08267
56.5,28.5,279.1535
56.5,29.5,278.97626
56.5,30.5,278.76733
56.5,31.5,278.65213
56.5,32.5,278.3469
56.5,33.5,278.1212
56.5,34.5,278.26324
56.5,35.5,278.26248
56.5,36.5,278.16376
56.5,37.5,278.20804
56.5,38.5,278.09528
56.5,39.5,278.01556
56.5,40.5,278.0127
56.5,41.5,277.89267
56.5,42.5,277.95056
56.5,43.5,277.752
56.5,44.5,277.86386
56.5,45.5,277.87222
56.5,46.5,277.47287
56.5,47.5,277.53113
56.5,48.5,277.25824
56.5,49.5,276.89285
56.5,50.5,276.72162
56.5,51.5,276.7954
56.5,52.5,276.53528
56.5,53.5,276.38943
56.5,54.5,276.16275
56.5,55.5,275.89276
56.5,56.5,275.65192
56.5,57.5,275.46182
56.5,58.5,274.98312
56.5,59.5,274.851
56.5,60.5,274.99323
56.5,61.5,275.42575
56.5,62.5,275.3881
56.5,63.5,275.38068
56.5,64.5,275.34564
56.5,65.5,275.19415
56.5,66.5,275.07837
56.5,67.5,274.8174
56.5,68.5,274.57913
56.5,69.5,274.52982
56.5,70.5,274.42102
56.5,71.5,274.3592
56.5,72.5,274.29187
56.5,73.5,274.2088
56.5,74.5,274.03857
56.5,75.5,273.97073
56.5,76.5,273.89575
56.5,77.5,273.9326
56.5,78.5,273.79272
56.5,79.5,273.7303
56.5,80.5,273.7794
56.5,81.5,273.72385
56.5,82.5,273.81006
56.5,83.5,273.793
56.5,84.5,273.97375
56.5,85.5,273.70938
56.5,86.5,273.85175
56.5,87.5,273.94504
56.5,88.5,273.8548
56.5,89.5,273.65588
56.5,90.5,273.5676
56.5,91.5,273.71786
56.5,92.5,273.53442
56.5,93.5,273.43478
56.5,94.5,273.77313
56.5,95.5,273.8448
56.5,96.5,273.73163
56.5,97.5,273.51797
56.5,98.5,272.97418
56.5,99.5,273.1215
56.5,100.5,272.33765
56.5,101.5,271.7946
56.5,102.5,271.78204
56.5,103.5,271.62332
56.5,104.5,270.90506
56.5,105.5,270.40793
56.5,106.5,269.8763
56.5,107.5,270.71497
56.5,108.5,269.56375
56.5,109.5,266.49774
56.5,110.5,266.39478
56.5,111.5,269.8598
56.5,112.5,266.82718
56.5,113.5,265.84723
56.5,114.5,266.55838
56.5,115.5,265.3569
56.5,116.5,264.92322
56.5,117.5,262.6225
56.5,118.5,266.17178
56.5,119.5,264.22678
56.5,120.5,265.85956
56.5,121.5,265.79547
56.5,122.5,266.84302
56.5,123.5,266.3503
56.5,124.5,265.42798
56.5,125.5,265.42523
56.5,126.5,265.0746
56.5,127.5,263.8135
56.5,128.5,264.44336
56.5,129.5,265.68353
56.5,130.5,263.03955
56.5,131.5,263.97125
56.5,132.5,263.69443
56.5,133.5,264.73248
56.5,134.5,265.12027
56.5,135.5,265.3208
56.5,136.5,264.24567
56.5,137.5,266.07776
56.5,156.5,273.6497
56.5,157.5,272.08005
56.5,158.5,270.01505
56.5,159.5,271.2954
56.5,160.5,268.87408
56.5,161.5,271.5589
56.5,162.5,271.85886
57.5,-157.5,275.78174
57.5,-156.5,276.48447
57.5,-153.5,277.1782
57.5,-135.5,277.32187
57.5,-134.5,277.19635
57.5,-133.5,275.30536
57.5,-132.5,271.6226
57.5,-131.5,273.42938
57.5,-130.5,272.34763
57.5,-129.5,270.36322
57.5,-128.5,270.98468
57.5,-127.5,269.76593
57.5,-126.5,269.72385
57.5,-125.5,269.3479
57.5,-124.5,269.76846
57.5,-123.5,271.76157
57.5,-122.5,273.039
57.5,-121.5,274.09644
57.5,-120.5,274.40256
57.5,-119.5,273.84467
57.5,-118.5,274.3834
57.5,-117.5,274.98203
57.5,-116.5,273.78726
57.5,-115.5,273.82474
57.5,-114.5,274.06467
57.5,-113.5,273.27762
57.5,-112.5,273.13486
57.5,-111.5,273.50558
57.5,-110.5,273.29785
57.5,-109.5,272.67502
57.5,-108.5,272.20276
57.5,-107.5,271.95914
57.5,-106.5,271.36075
57.5,-105.5,271.33884
57.5,-104.5,270.85022
57.5,-103.5,270.9219
57.5,-102.5,270.0615
57.5,-101.5,270.1439
57.5,-100.5,269.7639
57.5,-99.5,269.61215
57.5,-98.5,269.25137
57.5,-97.5,268.97647
57.5,-96.5,268.6925
57.5,-95.5,268.6142
57.5,-94.5,268.56732
57.5,-93.5,268.52612
57.5,-76.5,268.33554
57.5,-75.5,268.10925
57.5,-74.5,267.86862
57.5,-73.5,268.1129
57.5,-72.5,268.0388
57.5,-71.5,267.8947
57.5,-70.5,267.75702
57.5,-69.5,267.98212
57.5,-68.5,268.63498
57.5,-67.5,268.5303
57.5,-66.5,268.38156
57.5,-65.5,267.56702
57.5,-64.5,266.65707
57.5,-63.5,267.1976
57.5,-62.5,267.6055
57.5,-5.5,280.82495
57.5,-4.5,278.82922
57.5,-3.5,280.12164
57.5,-2.5,281.36337
57.5,12.5,280.44165
57.5,13.5,279.8074
57.5,14.5,280.08627
57.5,15.5,279.99966
57.5,16.5,280.97125
57.5,22.5,280.60876
57.5,24.5,279.99554
57.5,25.5,279.008
57.5,26.5,278.99634
57.5,27.5,279.18976
57.5,28.5,279.06766
57.5,29.5,279.20706
57.5,30.5,278.90292
57.5,31.5,278.7554
57.5,32.5,278.27606
57.5,33.5,277.93723
57.5,34.5,277.89682
57.5,35.5,277.964
57.5,36.5,277.94296
57.5,37.5,277.77386
57.5,38.5,277.79327
57.5,39.5,277.4936
57.5,40.5,277.33075
57.5,41.5,277.19107
57.5,42.5,277.29678
57.5,43.5,277.46005
57.5,44.5,277.37323
57.5,45.5,277.34833
57.5,46.5,276.98462
57.5,47.5,276.92462
57.5,48.5,276.58585
57.5,49.5,276.22897
57.5,50.5,276.39746
57.5,51.5,276.17233
57.5,52.5,275.84338
57.5,53.5,275.7465
57.5,54.5,275.54855
57.5,55.5,275.3582
57.5,56.5,275.3116
57.5,57.5,274.8932
57.5,58.5,274.38876
57.5,59.5,274.4037
57.5,60.5,274.7808
57.5,61.5,275.03528
57.5,62.5,275.0588
57.5,63.5,275.02805
57.5,64.5,274.81592
57.5,65.5,274.89255
57.5,66.5,274.77744
57.5,67.5,274.66495
57.5,68.5,274.5066
57.5,69.5,274.33777
57.5,70.5,274.14523
57.5,71.5,273.8773
57.5,72.5,273.78195
57.5,73.5,273.8036
57.5,74.5,273.65018
57.5,75.5,273.55115
57.5,76.5,273.42932
57.5,77.5,273.36703
57.5,78.5,273.32367
57.5,79.5,273.2991
57.5,80.5,273.37964
57.5,81.5,273.21555
57.5,82.5,273.2882
57.5,83.5,273.30655
57.5,84.5,273.3148
57.5,85.5,273.1851
57.5,86.5,273.19485
57.5,87.5,273.16357
57.5,88.5,273.12277
57.5,89.5,273.07925
57.5,90.5,273.18253
57.5,91.5,273.14188
57.5,92.5,273.03036
57.5,93.5,272.93552
57.5,94.5,272.924
57.5,95.5,272.4903
57.5,96.5,272.46072
57.5,97.5,272.39648
57.5,98.5,272.51468
57.5,99.5,272.2641
57.5,100.5,272.039
57.5,101.5,271.5019
57.5,102.5,271.31897
57.5,103.5,270.80365
57.5,104.5,270.6023
57.5,105.5,270.1713
57.5,106.5,270.25674
57.5,107.5,270.20023
57.5,108.5,270.58643
57.5,109.5,269.38477
57.5,110.5,268.61984
57.5,111.5,268.2958
57.5,112.5,267.17154
57.5,113.5,267.58163
57.5,114.5,267.28326
57.5,115.5,265.43765
57.5,116.5,264.53824
57.5,117.5,264.4258
57.5,118.5,266.368
57.5,119.5,265.74878
57.5,120.5,267.14932
57.5,121.5,266.41675
57.5,122.5,266.27078
57.5,123.5,266.47388
57.5,124.5,265.95462
57.5,125.5,264.8793
57.5,126.5,263.74634
57.5,127.5,264.26697
57.5,128.5,263.30655
57.5,129.5,263.20303
57.5,130.5,264.45532
57.5,131.5,265.2119
57.5,132.5,265.09183
57.5,133.5,265.9289
57.5,134.5,266.15854
57.5,135.5,265.54108
57.5,136.5,265.58887
57.5,137.5,264.39243
57.5,138.5,265.7354
57.5,139.5,266.23096
57.5,157.5,272.65323
57.5,158.5,272.09137
57.5,159.5,271.5626
57.5,160.5,271.06943
57.5,161.5,271.4934
57.5,162.5,272.449
58.5,-157.5,275.76828
58.5,-156.5,275.26
58.5,-155.5,273.92194
58.5,-154.5,274.76297
58.5,-136.5,275.81116
58.5,-135.5,276.15967
58.5,-134.5,274.72137
58.5,-133.5,272.03424
58.5,-132.5,270.19556
58.5,-131.5,272.8371
58.5,-130.5,272.06326
58.5,-129.5,270.2291
58.5,-128.5,270.408
58.5,-127.5,271.0749
58.5,-126.5,269.63287
58.5,-125.5,271.4758
58.5,-124.5,271.70367
58.5,-123.5,272.69092
58.5,-122.5,273.4196
58.5,-121.5,273.48373
58.5,-120.5,273.67877
58.5,-119.5,273.96008
58.5,-118.5,273.57172
58.5,-117.5,273.54312
58.5,-116.5,272.72302
58.5,-115.5,271.98615
58.5,-114.5,272.30017
58.5,-113.5,273.3467
58.5,-112.5,272.7939
58.5,-111.5,273.1732
58.5,-110.5,272.90204
58.5,-109.5,273.01102
58.5,-108.5,272.1635
58.5,-107.5,271.4295
58.5,-106.5,271.03027
58.5,-105.5,270.89676
58.5,-104.5,270.27438
58.5,-103.5,269.51938
58.5,-102.5,269.53717
58.5,-101.5,269.08347
58.5,-100.5,268.7477
58.5,-99.5,268.58734
58.5,-98.5,268.35852
58.5,-97.5,268.22858
58.5,-96.5,268.1075
58.5,-95.5,268.11182
58.5,-94.5,268.0011
58.5,-93.5,267.82568
58.5,-77.5,268.04126
58.5,-76.5,267.3763
58.5,-75.5,267.34113
58.5,-74.5,267.23697
58.5,-73.5,267.3708
58.5,-72.5,267.45776
58.5,-71.5,267.48734
58.5,-70.5,267.4807
58.5,-69.5,267.92383
58.5,-68.5,268.138
58.5,-66.5,268.2561
58.5,-65.5,267.82874
58.5,-64.5,265.9903
58.5,-63.5,267.24084
58.5,-4.5,280.93082
58.5,6.5,278.2498
58.5,7.5,277.67307
58.5,8.5,279.22452
58.5,11.5,280.76852
58.5,12.5,280.36423
58.5,13.5,280.47348
58.5,14.5,280.16568
58.5,15.5,280.00116
58.5,16.5,280.29114
58.5,22.5,280.67966
58.5,24.5,279.48688
58.5,25.5,279.0728
58.5,26.5,278.90192
58.5,27.5,279.22522
58.5,28.5,278.82635
58.5,29.5,278.7167
58.5,30.5,278.6901
58.5,31.5,278.77036
58.5,32.5,278.1994
58.5,33.5,277.50464
58.5,34.5,277.58783
58.5,35.5,277.6091
58.5,36.5,277.7267
58.5,37.5,277.60025
58.5,38.5,277.25906
58.5,39.5,277.1844
58.5,40.5,277.04367
58.5,41.5,276.88394
58.5,42.5,276.77298
58.5,43.5,276.75027
58.5,44.5,276.83047
58.5,45.5,276.4779
58.5,46.5,276.54584
58.5,47.5,276.31497
58.5,48.5,276.08658
58.5,49.5,275.81406
58.5,50.5,275.6202
58.5,51.5,275.53168
58.5,52.5,275.10602
58.5,53.5,274.95917
58.5,54.5,274.9397
58.5,55.5,275.0772
58.5,56.5,274.8291
58.5,57.5,274.2152
58.5,58.5,273.39072
58.5,59.5,273.70218
58.5,60.5,274.51233
58.5,61.5,274.63287
58.5,62.5,274.47205
58.5,63.5,274.53284
58.5,64.5,274.38284
58.5,65.5,274.3672
58.5,66.5,274.27008
58.5,67.5,274.1931
58.5,68.5,273.94928
58.5,69.5,273.83545
58.5,70.5,273.67596
58.5,71.5,273.52484
58.5,72.5,273.40628
58.5,73.5,273.2565
58.5,74.5,273.09674
58.5,75.5,273.07785
58.5,76.5,272.99493
58.5,77.5,272.91583
58.5,78.5,272.98007
58.5,79.5,272.85138
58.5,80.5,272.77527
58.5,81.5,272.7839
58.5,82.5,272.61377
58.5,83.5,272.54523
58.5,84.5,272.45267
58.5,85.5,272.4426
58.5,86.5,272.4673
58.5,87.5,272.58017
58.5,88.5,272.2996
58.5,89.5,272.29575
58.5,90.5,272.41937
58.5,91.5,272.5365
58.5,92.5,271.88208
58.5,93.5,271.29898
58.5,94.5,271.2975
58.5,95.5,270.89877
58.5,96.5,271.21063
58.5,97.5,271.31717
58.5,98.5,271.59488
58.5,99.5,271.26022
58.5,100.5,271.04694
58.5,101.5,271.40353
58.5,102.5,271.3448
58.5,103.5,270.39334
58.5,104.5,269.65094
58.5,105.5,269.2545
58.5,106.5,269.62628
58.5,107.5,269.73
58.5,108.5,269.81702
58.5,109.5,269.67783
58.5,110.5,269.8557
58.5,111.5,269.36627
58.5,112.5,269.01648
58.5,113.5,267.43796
58.5,114.5,265.8416
58.5,115.5,265.9631
58.5,116.5,265.79034
58.5,117.5,266.96667
58.5,118.5,268.52826
58.5,119.5,268.1872
58.5,120.5,268.29227
58.5,121.5,268.16245
58.5,122.5,267.36002
58.5,123.5,267.3603
58.5,124.5,266.94794
58.5,125.5,266.80524
58.5,126.5,265.7781
58.5,127.5,266.5986
58.5,128.5,266.01636
58.5,129.5,264.7722
58.5,130.5,266.59253
58.5,131.5,266.4734
58.5,132.5,266.30466
58.5,133.5,266.02338
58.5,134.5,265.3066
58.5,135.5,265.7
58.5,136.5,264.83115
58.5,137.5,263.77148
58.5,138.5,264.03598
58.5,139.5,264.1689
58.5,140.5,266.30258
58.5,159.5,272.36395
58.5,160.5,269.46152
58.5,161.5,269.32175
59.5,-161.5,274.50232
59.5,-160.5,273.10483
59.5,-159.5,272.65826
59.5,-158.5,273.50403
59.5,-157.5,274.3172
59.5,-156.5,274.5802
59.5,-155.5,273.64456
59.5,-154.5,273.60632
59.5,-151.5,276.56693
59.5,-150.5,272.99106
59.5,-138.5,272.3478
59.5,-137.5,268.48795
59.5,-136.5,270.07925
59.5,-135.5,270.56284
59.5,-134.5,271.16
59.5,-133.5,271.84903
59.5,-132.5,272.1218
59.5,-131.5,270.6957
59.5,-130.5,269.7401
59.5,-129.5,271.58755
59.5,-128.5,271.61517
59.5,-127.5,271.5892
59.5,-126.5,269.99728
59.5,-125.5,270.8735
59.5,-124.5,272.6176
59.5,-123.5,272.9659
59.5,-122.5,273.4482
59.5,-121.5,272.7082
59.5,-120.5,272.48303
59.5,-119.5,272.88947
59.5,-118.5,272.29214
59.5,-117.5,272.0157
59.5,-116.5,272.0901
59.5,-115.5,271.9921
59.5,-114.5,272.11365
59.5,-113.5,272.26428
59.5,-112.5,272.56772
59.5,-111.5,272.1309
59.5,-110.5,271.86755
59.5,-109.5,270.77637
59.5,-108.5,270.52774
59.5,-107.5,270.4251
59.5,-106.5,269.99432
59.5,-105.5,269.5841
59.5,-104.5,269.13
59.5,-103.5,268.46304
59.5,-102.5,268.2812
59.5,-101.5,268.14862
59.5,-100.5,267.8391
59.5,-99.5,267.66058
59.5,-98.5,267.37378
59.5,-97.5,267.34103
59.5,-96.5,267.13098
59.5,-95.5,267.21454
59.5,-77.5,267.67828
59.5,-76.5,266.98755
59.5,-75.5,266.74106
59.5,-74.5,266.5686
59.5,-73.5,266.5967
59.5,-72.5,266.61798
59.5,-71.5,266.67728
59.5,-70.5,266.8999
59.5,-69.5,267.3435
59.5,-65.5,267.40268
59.5,-64.5,267.46805
59.5,5.5,280.42935
59.5,6.5,274.8096
59.5,7.5,273.82278
59.5,8.5,274.82242
59.5,9.5,278.43942
59.5,10.5,278.98257
59.5,11.5,279.30676
59.5,12.5,279.28583
59.5,13.5,279.54868
59.5,14.5,279.3526
59.5,15.5,279.39703
59.5,16.5,279.5932
59.5,17.5,279.80954
59.5,18.5,280.16513
59.5,25.5,279.42056
59.5,26.5,279.21133
59.5,28.5,278.8271
59.5,29.5,278.6302
59.5,30.5,278.44574
59.5,31.5,278.38403
59.5,32.5,278.0538
59.5,33.5,277.51828
59.5,34.5,277.1838
59.5,35.5,277.1697
59.5,36.5,277.16388
59.5,37.5,277.12766
59.5,38.5,276.94974
59.5,39.5,276.778
59.5,40.5,276.56934
59.5,41.5,276.4628
59.5,42.5,276.4099
59.5,43.5,276.43146
59.5,44.5,276.15018
59.5,45.5,275.96042
59.5,46.5,275.94327
59.5,47.5,275.72543
59.5,48.5,275.58722
59.5,49.5,275.40942
59.5,50.5,275.24768
59.5,51.5,275.15088
59.5,52.5,274.8855
59.5,53.5,274.7528
59.5,54.5,274.57782
59.5,55.5,274.61014
59.5,56.5,274.4849
59.5,57.5,273.78223
59.5,58.5,272.557
59.5,59.5,272.80002
59.5,60.5,273.91415
59.5,61.5,274.19434
59.5,62.5,274.05246
59.5,63.5,273.9624
59.5,64.5,273.90884
59.5,65.5,273.81845
59.5,66.5,273.7916
59.5,67.5,273.7027
59.5,68.5,273.58047
59.5,69.5,273.33948
59.5,70.5,273.08923
59.5,71.5,273.11432
59.5,72.5,272.9608
59.5,73.5,272.79257
59.5,74.5,272.75443
59.5,75.5,272.66937
59.5,76.5,272.5517
59.5,77.5,272.52737
59.5,78.5,272.50702
59.5,79.5,272.4208
59.5,80.5,272.35556
59.5,81.5,272.35736
59.5,82.5,272.23273
59.5,83.5,271.8388
59.5,84.5,271.8181
59.5,85.5,271.71542
59.5,86.5,271.67264
59.5,87.5,271.80328
59.5,88.5,272.07666
59.5,89.5,271.87646
59.5,90.5,272.0096
59.5,91.5,270.97003
59.5,92.5,270.26862
59.5,93.5,269.52167
59.5,94.5,269.61102
59.5,95.5,269.9724
59.5,96.5,270.0946
59.5,97.5,270.0136
59.5,98.5,270.24118
59.5,99.5,270.3766
59.5,100.5,270.3345
59.5,101.5,270.224
59.5,102.5,270.1218
59.5,103.5,269.9707
59.5,104.5,269.6886
59.5,105.5,269.18393
59.5,106.5,269.20258
59.5,107.5,269.32855
59.5,108.5,269.16696
59.5,109.5,269.08286
59.5,110.5,269.01712
59.5,111.5,269.0031
59.5,112.5,268.9677
59.5,113.5,268.36826
59.5,114.5,267.19537
59.5,115.5,266.87698
59.5,116.5,267.94012
59.5,117.5,268.40955
59.5,118.5,268.8867
59.5,119.5,268.50922
59.5,120.5,268.5774
59.5,121.5,268.0514
59.5,122.5,267.58438
59.5,123.5,267.43503
59.5,124.5,267.08597
59.5,125.5,266.75946
59.5,126.5,266.48816
59.5,127.5,266.6176
59.5,128.5,267.01364
59.5,129.5,266.9294
59.5,130.5,266.98752
59.5,131.5,266.54782
59.5,132.5,266.1764
59.5,133.5,265.65244
59.5,134.5,265.49323
59.5,135.5,265.02594
59.5,136.5,263.32742
59.5,137.5,262.38818
59.5,138.5,262.97824
59.5,139.5,263.08163
59.5,140.5,264.9692
59.5,141.5,267.168
59.5,142.5,268.82782
59.5,143.5,268.80704
59.5,144.5,268.6277
59.5,145.5,269.80103
59.5,146.5,268.2643
59.5,147.5,268.82257
59.5,148.5,269.5828
59.5,151.5,267.9419
59.5,152.5,267.95074
59.5,153.5,269.05682
59.5,154.5,269.33597
59.5,161.5,269.9768
59.5,162.5,269.76346
60.5,-164.5,273.54816
60.5,-163.5,273.44626
60.5,-162.5,273.52673
60.5,-161.5,273.67728
60.5,-160.5,272.62167
60.5,-159.5,271.20642
60.5,-158.5,271.9498
60.5,-157.5,272.58096
60.5,-156.5,272.8115
60.5,-155.5,272.18985
60.5,-154.5,272.7661
60.5,-153.5,269.17258
60.5,-152.5,272.73862
60.5,-150.5,274.10934
60.5,-149.5,273.09485
60.5,-148.5,274.16354
60.5,-145.5,273.142
60.5,-144.5,275.40973
60.5,-143.5,273.7326
60.5,-142.5,271.62888
60.5,-141.5,269.32922
60.5,-140.5,266.24228
60.5,-139.5,262.80386
60.5,-138.5,267.75162
60.5,-137.5,269.92786
60.5,-136.5,271.04306
60.5,-135.5,270.89383
60.5,-134.5,270.46054
60.5,-133.5,270.2654
60.5,-132.5,271.172
60.5,-131.5,270.46643
60.5,-130.5,270.29807
60.5,-129.5,270.663
60.5,-128.5,271.43976
60.5,-127.5,269.89264
60.5,-126.5,270.8303
60.5,-125.5,269.81198
60.5,-124.5,271.85773
60.5,-123.5,271.82013
60.5,-122.5,272.16922
60.5,-121.5,271.55392
60.5,-120.5,272.0169
60.5,-119.5,271.8383
60.5,-118.5,271.34402
60.5,-117.5,270.9723
60.5,-116.5,271.84045
60.5,-115.5,271.73572
60.5,-114.5,271.98538
60.5,-113.5,271.74335
60.5,-112.5,271.62915
60.5,-111.5,271.26498
60.5,-110.5,270.71744
60.5,-109.5,269.8297
60.5,-108.5,269.30133
60.5,-107.5,269.01126
60.5,-106.5,268.50467
60.5,-105.5,268.2726
60.5,-104.5,267.84265
60.5,-103.5,267.66266
60.5,-102.5,267.3729
60.5,-101.5,267.3314
60.5,-100.5,266.87616
60.5,-99.5,266.45126
60.5,-98.5,266.44717
60.5,-97.5,266.2271
60.5,-96.5,266.17334
60.5,-95.5,266.1961
60.5,-77.5,267.02158
60.5,-76.5,266.3088
60.5,-75.5,265.84296
60.5,-74.5,265.61957
60.5,-73.5,265.53824
60.5,-72.5,265.6308
60.5,-71.5,265.82104
60.5,-70.5,266.22943
60.5,-45.5,271.9633
60.5,-44.5,268.5949
60.5,-43.5,270.6918
60.5,5.5,278.14764
60.5,6.5,273.6023
60.5,7.5,271.91998
60.5,8.5,272.1731
60.5,9.5,275.31506
60.5,10.5,276.93753
60.5,11.5,277.55664
60.5,12.5,277.50864
60.5,13.5,277.77594
60.5,14.5,277.87283
60.5,15.5,278.09946
60.5,16.5,278.95425
60.5,17.5,279.664
60.5,21.5,279.67804
60.5,22.5,279.142
60.5,23.5,278.65414
60.5,24.5,278.7392
60.5,25.5,278.78275
60.5,26.5,278.84204
60.5,27.5,278.7962
60.5,28.5,278.61407
60.5,29.5,278.43713
60.5,30.5,278.63712
60.5,31.5,278.7604
60.5,32.5,278.20236
60.5,33.5,277.4392
60.5,34.5,276.9354
60.5,35.5,277.0587
60.5,36.5,276.8694
60.5,37.5,276.69424
60.5,38.5,276.8053
60.5,39.5,276.40875
60.5,40.5,276.18134
60.5,41.5,276.1604
60.5,42.5,276.3433
60.5,43.5,275.95947
60.5,44.5,275.78033
60.5,45.5,275.69003
60.5,46.5,275.52115
60.5,47.5,275.42114
60.5,48.5,275.12408
60.5,49.5,275.05298
60.5,50.5,274.84802
60.5,51.5,274.79956
60.5,52.5,274.5777
60.5,53.5,274.34015
60.5,54.5,274.2236
60.5,55.5,273.9478
60.5,56.5,273.6177
60.5,57.5,273.24936
60.5,58.5,272.04547
60.5,59.5,272.11157
60.5,60.5,273.07394
60.5,61.5,273.5945
60.5,62.5,273.6438
60.5,63.5,273.5273
60.5,64.5,273.4012
60.5,65.5,273.28394
60.5,66.5,273.15613
60.5,67.5,273.15704
60.5,68.5,273.07043
60.5,69.5,272.85583
60.5,70.5,272.7352
60.5,71.5,272.6464
60.5,72.5,272.6853
60.5,73.5,272.55148
60.5,74.5,272.30832
60.5,75.5,272.28833
60.5,76.5,272.2009
60.5,77.5,272.02484
60.5,78.5,272.07007
60.5,79.5,272.02106
60.5,80.5,271.65042
60.5,81.5,271.57025
60.5,82.5,271.65012
60.5,83.5,271.39456
60.5,84.5,271.21927
60.5,85.5,271.33047
60.5,86.5,271.38223
60.5,87.5,271.5191
60.5,88.5,271.5726
60.5,89.5,271.57834
60.5,90.5,270.87805
60.5,91.5,269.6265
60.5,92.5,269.30124
60.5,93.5,269.55563
60.5,94.5,269.03372
60.5,95.5,268.83548
60.5,96.5,268.87567
60.5,97.5,268.60178
60.5,98.5,269.0066
60.5,99.5,269.08475
60.5,100.5,269.32233
60.5,101.5,269.3314
60.5,102.5,269.03992
60.5,103.5,268.92145
60.5,104.5,268.84152
60.5,105.5,268.74896
60.5,106.5,268.80255
60.5,107.5,268.92685
60.5,108.5,268.7609
60.5,109.5,268.50882
60.5,110.5,268.3779
60.5,111.5,267.99152
60.5,112.5,268.00412
60.5,113.5,268.4368
60.5,114.5,268.2198
60.5,115.5,268.5257
60.5,116.5,268.21976
60.5,117.5,268.56448
60.5,118.5,268.45917
60.5,119.5,268.0016
60.5,120.5,267.98465
60.5,121.5,267.64923
60.5,122.5,267.24533
60.5,123.5,267.13684
60.5,124.5,266.81897
60.5,125.5,266.9476
60.5,126.5,266.53638
60.5,127.5,266.63232
60.5,128.5,266.6684
60.5,129.5,266.23972
60.5,130.5,265.93277
60.5,131.5,265.52646
60.5,132.5,265.44138
60.5,133.5,265.28113
60.5,134.5,264.85666
60.5,135.5,264.40826
60.5,136.5,262.50336
60.5,137.5,262.13828
60.5,138.5,262.7307
60.5,139.5,263.39362
60.5,140.5,263.40823
60.5,141.5,265.50015
60.5,142.5,266.0762
60.5,143.5,265.4788
60.5,144.5,265.52823
60.5,145.5,266.3382
60.5,146.5,266.06723
60.5,147.5,265.8983
60.5,148.5,265.5636
60.5,149.5,264.83878
60.5,150.5,264.16656
60.5,151.5,264.0715
60.5,152.5,264.68216
60.5,153.5,264.58014
60.5,154.5,266.17767
60.5,162.5,270.48035
60.5,163.5,270.05368
60.5,164.5,269.47913
60.5,165.5,269.47906
60.5,166.5,269.54865
60.5,167.5,270.65594
60.5,169.5,270.97696
60.5,170.5,271.21368
61.5,-165.5,272.9074
61.5,-164.5,272.75067
61.5,-163.5,272.79614
61.5,-162.5,272.81464
61.5,-161.5,272.58926
61.5,-160.5,272.7371
61.5,-159.5,271.56635
61.5,-158.5,270.8553
61.5,-157.5,271.97293
61.5,-156.5,271.9682
61.5,-155.5,271.53876
61.5,-154.5,270.02322
61.5,-153.5,268.61328
61.5,-152.5,272.62683
61.5,-151.5,273.3665
61.5,-150.5,275.175
61.5,-149.5,271.33237
61.5,-148.5,270.0923
61.5,-147.5,272.24005
61.5,-146.5,271.61682
61.5,-145.5,270.71863
61.5,-144.5,269.42935
61.5,-143.5,266.96057
61.5,-142.5,267.05264
61.5,-141.5,268.47552
61.5,-140.5,264.03653
61.5,-139.5,266.38318
61.5,-138.5,269.57547
61.5,-137.5,269.4429
61.5,-136.5,270.50455
61.5,-135.5,271.36823
61.5,-134.5,270.86267
61.5,-133.5,268.43625
61.5,-132.5,269.7129
61.5,-131.5,270.2277
61.5,-130.5,269.3823
61.5,-129.5,268.3483
61.5,-128.5,267.87576
61.5,-127.5,267.7658
61.5,-126.5,267.9446
61.5,-125.5,267.53726
61.5,-124.5,270.61075
61.5,-123.5,271.411
61.5,-122.5,271.17163
61.5,-121.5,271.23163
61.5,-120.5,271.1745
61.5,-119.5,270.9127
61.5,-118.5,270.767
61.5,-117.5,271.095
61.5,-116.5,270.8707
61.5,-115.5,270.5858
61.5,-114.5,270.626
61.5,-113.5,270.66165
61.5,-112.5,270.41202
61.5,-111.5,270.31476
61.5,-110.5,269.69955
61.5,-109.5,268.9629
61.5,-108.5,268.382
61.5,-107.5,267.9775
61.5,-106.5,267.63428
61.5,-105.5,267.28122
61.5,-104.5,266.99783
61.5,-103.5,266.67374
61.5,-102.5,266.41882
61.5,-101.5,266.04895
61.5,-100.5,265.70895
61.5,-99.5,265.42474
61.5,-98.5,265.39944
61.5,-97.5,265.3498
61.5,-96.5,265.36404
61.5,-95.5,265.31546
61.5,-94.5,265.3496
61.5,-77.5,265.99445
61.5,-76.5,265.15164
61.5,-75.5,264.81085
61.5,-74.5,264.52954
61.5,-73.5,264.39987
61.5,-72.5,264.97717
61.5,-48.5,270.63574
61.5,-47.5,268.2315
61.5,-46.5,266.575
61.5,-45.5,264.366
61.5,-44.5,261.16498
61.5,-43.5,264.25757
61.5,5.5,277.4937
61.5,6.5,275.043
61.5,7.5,271.98737
61.5,8.5,272.52914
61.5,9.5,272.4113
61.5,10.5,274.28885
61.5,11.5,275.12805
61.5,12.5,275.39484
61.5,13.5,275.6617
61.5,14.5,277.00995
61.5,15.5,277.15863
61.5,16.5,278.24936
61.5,21.5,279.1081
61.5,22.5,278.37167
61.5,23.5,278.10696
61.5,24.5,277.93533
61.5,25.5,277.8511
61.5,26.5,277.96024
61.5,27.5,277.92816
61.5,28.5,278.01758
61.5,29.5,277.9532
61.5,30.5,278.0323
61.5,31.5,277.83124
61.5,32.5,277.44272
61.5,33.5,276.99496
61.5,34.5,277.34744
61.5,35.5,277.26645
61.5,36.5,276.82483
61.5,37.5,276.23053
61.5,38.5,276.07065
61.5,39.5,275.9206
61.5,40.5,275.94003
61.5,41.5,275.7897
61.5,42.5,275.97476
61.5,43.5,275.68954
61.5,44.5,275.48077
61.5,45.5,275.5926
61.5,46.5,275.34158
61.5,47.5,275.10767
61.5,48.5,274.91498
61.5,49.5,274.80908
61.5,50.5,274.7724
61.5,51.5,274.57098
61.5,52.5,274.3184
61.5,53.5,273.99786
61.5,54.5,273.7839
61.5,55.5,273.61862
61.5,56.5,273.4491
61.5,57.5,273.08752
61.5,58.5,272.0536
61.5,59.5,271.34332
61.5,60.5,272.6448
61.5,61.5,273.27997
61.5,62.5,272.95932
61.5,63.5,273.02673
61.5,64.5,272.8539
61.5,65.5,272.71698
61.5,66.5,272.6329
61.5,67.5,272.4634
61.5,68.5,272.38812
61.5,69.5,272.26895
61.5,70.5,272.16028
61.5,71.5,272.03427
61.5,72.5,272.0078
61.5,73.5,271.88605
61.5,74.5,271.76337
61.5,75.5,271.79678
61.5,76.5,271.69717
61.5,77.5,271.51266
61.5,78.5,271.40314
61.5,79.5,271.2202
61.5,80.5,271.18756
61.5,81.5,271.0957
61.5,82.5,270.94208
61.5,83.5,270.8249
61.5,84.5,270.729
61.5,85.5,270.76535
61.5,86.5,270.76462
61.5,87.5,270.61682
61.5,88.5,270.59186
61.5,89.5,270.72614
61.5,90.5,270.08087
61.5,91.5,269.43585
61.5,92.5,269.6498
61.5,93.5,269.29968
61.5,94.5,268.78348
61.5,95.5,268.20142
61.5,96.5,267.394
61.5,97.5,267.8595
61.5,98.5,268.335
61.5,99.5,268.29016
61.5,100.5,268.30032
61.5,101.5,268.26984
61.5,102.5,268.28403
61.5,103.5,268.05383
61.5,104.5,268.05753
61.5,105.5,268.12894
61.5,106.5,268.185
61.5,107.5,268.10983
61.5,108.5,268.14688
61.5,109.5,268.00085
61.5,110.5,267.72513
61.5,111.5,267.61362
61.5,112.5,267.44537
61.5,113.5,267.62875
61.5,114.5,267.58224
61.5,115.5,267.6756
61.5,116.5,267.93466
61.5,117.5,268.10043
61.5,118.5,267.71066
61.5,119.5,267.5951
61.5,120.5,267.30725
61.5,121.5,267.0092
61.5,122.5,266.64465
61.5,123.5,266.611
61.5,124.5,266.68903
61.5,125.5,266.47458
61.5,126.5,266.38455
61.5,127.5,266.13718
61.5,128.5,265.9656
61.5,129.5,265.58896
61.5,130.5,265.50436
61.5,131.5,265.04697
61.5,132.5,264.83023
61.5,133.5,264.4534
61.5,134.5,264.17548
61.5,135.5,263.92737
61.5,136.5,262.37006
61.5,137.5,260.88522
61.5,138.5,260.91785
61.5,139.5,261.4836
61.5,140.5,262.07623
61.5,141.5,262.0675
61.5,142.5,261.52084
61.5,143.5,263.10538
61.5,144.5,262.44965
61.5,145.5,263.33713
61.5,146.5,262.5198
61.5,147.5,261.98593
61.5,148.5,262.1437
61.5,149.5,262.79504
61.5,150.5,261.91428
61.5,151.5,262.16693
61.5,152.5,261.99664
61.5,153.5,262.6619
61.5,154.5,262.3982
61.5,155.5,264.37357
61.5,156.5,266.39722
61.5,160.5,269.50305
61.5,161.5,267.9909
61.5,164.5,268.5259
61.5,165.5,266.73935
61.5,166.5,267.57297
61.5,167.5,268.14014
61.5,168.5,267.99338
61.5,169.5,268.32626
61.5,170.5,267.1255
61.5,171.5,267.392
61.5,172.5,269.06747
62.5,-164.5,272.63605
62.5,-163.5,272.31015
62.5,-162.5,271.8547
62.5,-161.5,270.95383
62.5,-160.5,271.5083
62.5,-159.5,271.85754
62.5,-158.5,271.5517
62.5,-157.5,271.4255
62.5,-156.5,271.01712
62.5,-155.5,271.14798
62.5,-154.5,270.3479
62.5,-153.5,268.86935
62.5,-152.5,269.2001
62.5,-151.5,269.29257
62.5,-150.5,271.0292
62.5,-149.5,271.2112
62.5,-148.5,268.1014
62.5,-147.5,267.54227
62.5,-146.5,269.20618
62.5,-145.5,270.29977
62.5,-144.5,267.2453
62.5,-143.5,265.7678
62.5,-142.5,267.98087
62.5,-141.5,267.6243
62.5,-140.5,269.27008
62.5,-139.5,268.69012
62.5,-138.5,271.14676
62.5,-137.5,270.66055
62.5,-136.5,271.26804
62.5,-135.5,271.1173
62.5,-134.5,272.01056
62.5,-133.5,270.4834
62.5,-132.5,269.76514
62.5,-131.5,269.2863
62.5,-130.5,268.54608
62.5,-129.5,267.16263
62.5,-128.5,266.30533
62.5,-127.5,265.00067
62.5,-126.5,266.23602
62.5,-125.5,268.35403
62.5,-124.5,269.20886
62.5,-123.5,269.51736
62.5,-122.5,270.41794
62.5,-121.5,270.16336
62.5,-120.5,269.70526
62.5,-119.5,269.25647
62.5,-118.5,269.10297
62.5,-117.5,269.73038
62.5,-116.5,270.00623
62.5,-115.5,270.05035
62.5,-114.5,269.8453
62.5,-113.5,269.5292
62.5,-112.5,269.29614
62.5,-111.5,268.50583
62.5,-110.5,268.5296
62.5,-109.5,268.39285
62.5,-108.5,267.21173
62.5,-107.5,266.89258
62.5,-106.5,266.51376
62.5,-105.5,266.26865
62.5,-104.5,266.01804
62.5,-103.5,265.5835
62.5,-102.5,265.39642
62.5,-101.5,265.12512
62.5,-100.5,264.86102
62.5,-99.5,264.71332
62.5,-98.5,264.71027
62.5,-97.5,264.47318
62.5,-96.5,264.4357
62.5,-95.5,264.32593
62.5,-94.5,264.3099
62.5,-93.5,264.3864
62.5,-92.5,264.78137
62.5,-83.5,265.59534
62.5,-77.5,265.84238
62.5,-68.5,265.53412
62.5,-67.5,266.34473
62.5,-66.5,265.89807
62.5,-49.5,269.5331
62.5,-48.5,264.5447
62.5,-47.5,261.60855
62.5,-46.5,258.99994
62.5,-45.5,257.36984
62.5,-44.5,257.65613
62.5,-43.5,262.54678
62.5,6.5,276.987
62.5,7.5,274.6139
62.5,8.5,274.09756
62.5,9.5,273.4281
62.5,10.5,273.84894
62.5,11.5,273.17862
62.5,12.5,272.65295
62.5,13.5,274.04346
62.5,14.5,275.81863
62.5,15.5,276.10553
62.5,16.5,276.85016
62.5,17.5,277.53247
62.5,21.5,278.3622
62.5,22.5,277.72803
62.5,23.5,277.44498
62.5,24.5,277.25388
62.5,25.5,277.33694
62.5,26.5,277.39175
62.5,27.5,277.41388
62.5,28.5,277.4436
62.5,29.5,277.14618
62.5,30.5,276.74167
62.5,31.5,276.34116
62.5,32.5,276.2852
62.5,33.5,276.21426
62.5,34.5,276.61807
62.5,35.5,276.2688
62.5,36.5,276.0744
62.5,37.5,275.80164
62.5,38.5,275.798
62.5,39.5,275.63104
62.5,40.5,275.75165
62.5,41.5,275.39297
62.5,42.5,275.74146
62.5,43.5,275.43353
62.5,44.5,275.22845
62.5,45.5,274.92877
62.5,46.5,274.6802
62.5,47.5,274.51477
62.5,48.5,274.30518
62.5,49.5,274.31
62.5,50.5,274.3704
62.5,51.5,274.17712
62.5,52.5,273.94263
62.5,53.5,273.373
62.5,54.5,273.3119
62.5,55.5,273.05222
62.5,56.5,272.98938
62.5,57.5,272.65204
62.5,58.5,271.63287
62.5,59.5,271.4968
62.5,60.5,272.39825
62.5,61.5,272.7407
62.5,62.5,272.5626
62.5,63.5,272.58456
62.5,64.5,272.3232
62.5,65.5,271.9244
62.5,66.5,271.9167
62.5,67.5,271.79205
62.5,68.5,271.6786
62.5,69.5,271.5337
62.5,70.5,271.44443
62.5,71.5,271.2298
62.5,72.5,271.03616
62.5,73.5,271.074
62.5,74.5,271.03278
62.5,75.5,270.92493
62.5,76.5,270.84634
62.5,77.5,270.79007
62.5,78.5,270.66553
62.5,79.5,270.57486
62.5,80.5,270.2939
62.5,81.5,270.2819
62.5,82.5,270.3851
62.5,83.5,270.33618
62.5,84.5,270.18735
62.5,85.5,270.4092
62.5,86.5,270.38522
62.5,87.5,270.45428
62.5,88.5,270.1132
62.5,89.5,269.79636
62.5,90.5,269.51376
62.5,91.5,268.55344
62.5,92.5,268.2095
62.5,93.5,268.01028
62.5,94.5,268.04736
62.5,95.5,267.38052
62.5,96.5,267.23087
62.5,97.5,267.5499
62.5,98.5,267.45248
62.5,99.5,267.73697
62.5,100.5,267.22174
62.5,101.5,266.67902
62.5,102.5,267.07233
62.5,103.5,266.93588
62.5,104.5,267.38004
62.5,105.5,267.55096
62.5,106.5,267.31104
62.5,107.5,267.3881
62.5,108.5,267.09085
62.5,109.5,267.14236
62.5,110.5,267.0846
62.5,111.5,267.05963
62.5,112.5,266.7067
62.5,113.5,266.8283
62.5,114.5,266.72357
62.5,115.5,266.82355
62.5,116.5,267.24066
62.5,117.5,267.10858
62.5,118.5,266.79562
62.5,119.5,266.55087
62.5,120.5,266.44702
62.5,121.5,266.30487
62.5,122.5,266.22568
62.5,123.5,266.1465
62.5,124.5,266.14966
62.5,125.5,265.79935
62.5,126.5,265.5714
62.5,127.5,265.18314
62.5,128.5,264.97256
62.5,129.5,264.97415
62.5,130.5,264.84338
62.5,131.5,264.42346
62.5,132.5,264.28342
62.5,133.5,264.10895
62.5,134.5,264.1227
62.5,135.5,263.81363
62.5,136.5,262.92334
62.5,137.5,261.6756
62.5,138.5,260.37042
62.5,139.5,259.40607
62.5,140.5,260.35776
62.5,141.5,260.30536
62.5,142.5,258.52307
62.5,143.5,259.185
62.5,144.5,260.05353
62.5,145.5,262.21036
62.5,146.5,261.20056
62.5,147.5,261.70456
62.5,148.5,262.81906
62.5,149.5,261.66592
62.5,150.5,263.15903
62.5,151.5,262.55826
62.5,152.5,262.83087
62.5,153.5,262.5499
62.5,154.5,262.9672
62.5,155.5,262.41495
62.5,156.5,263.0883
62.5,157.5,264.2055
62.5,158.5,264.6399
62.5,159.5,266.91464
62.5,160.5,266.27298
62.5,161.5,266.12845
62.5,162.5,266.19803
62.5,163.5,268.1941
62.5,164.5,267.02795
62.5,165.5,267.1442
62.5,166.5,266.8602
62.5,167.5,267.0644
62.5,168.5,266.38538
62.5,169.5,266.39655
62.5,170.5,264.9982
62.5,171.5,264.96887
62.5,172.5,265.9376
62.5,173.5,267.33206
62.5,174.5,267.4961
62.5,175.5,268.3116
62.5,176.5,268.7655
62.5,178.5,270.08786
63.5,-160.5,271.0832
63.5,-159.5,270.51096
63.5,-158.5,271.4465
63.5,-157.5,271.16486
63.5,-156.5,270.62604
63.5,-155.5,271.00418
63.5,-154.5,271.4849
63.5,-153.5,270.32812
63.5,-152.5,270.46588
63.5,-151.5,268.22076
63.5,-150.5,267.53348
63.5,-149.5,270.35278
63.5,-148.5,268.26648
63.5,-147.5,268.617
63.5,-146.5,271.9983
63.5,-145.5,272.31537
63.5,-144.5,270.71365
63.5,-143.5,267.22372
63.5,-142.5,269.15353
63.5,-141.5,268.673
63.5,-140.5,268.60352
63.5,-139.5,269.55432
63.5,-138.5,269.92612
63.5,-137.5,268.90738
63.5,-136.5,269.11688
63.5,-135.5,269.1292
63.5,-134.5,268.83478
63.5,-133.5,269.66077
63.5,-132.5,267.9497
63.5,-131.5,267.30826
63.5,-130.5,266.17917
63.5,-129.5,265.77258
63.5,-128.5,265.37073
63.5,-127.5,265.86185
63.5,-126.5,267.20523
63.5,-125.5,268.49124
63.5,-124.5,269.0873
63.5,-123.5,269.3888
63.5,-122.5,269.51334
63.5,-121.5,269.11627
63.5,-120.5,268.91974
63.5,-119.5,268.83893
63.5,-118.5,268.61224
63.5,-117.5,268.79044
63.5,-116.5,268.9309
63.5,-115.5,268.70175
63.5,-114.5,268.2271
63.5,-113.5,267.7392
63.5,-112.5,267.3526
63.5,-111.5,266.44186
63.5,-110.5,266.39615
63.5,-109.5,266.65164
63.5,-108.5,265.91107
63.5,-107.5,265.53757
63.5,-106.5,265.26147
63.5,-105.5,265.02103
63.5,-104.5,264.98233
63.5,-103.5,264.82828
63.5,-102.5,264.6814
63.5,-101.5,264.13474
63.5,-100.5,264.08243
63.5,-99.5,263.94617
63.5,-98.5,263.90063
63.5,-97.5,263.71768
63.5,-96.5,263.66342
63.5,-95.5,263.94562
63.5,-94.5,263.9618
63.5,-93.5,263.8608
63.5,-92.5,263.7718
63.5,-91.5,263.5917
63.5,-90.5,264.42368
63.5,-85.5,264.72818
63.5,-84.5,264.36932
63.5,-71.5,264.92468
63.5,-70.5,264.8562
63.5,-69.5,264.6337
63.5,-68.5,263.39383
63.5,-67.5,264.1088
63.5,-66.5,264.21735
63.5,-65.5,264.3365
63.5,-50.5,268.4193
63.5,-49.5,266.0809
63.5,-48.5,261.2607
63.5,-47.5,258.80682
63.5,-46.5,256.8391
63.5,-45.5,255.7148
63.5,-44.5,256.02063
63.5,-43.5,258.68417
63.5,-42.5,263.30133
63.5,-41.5,266.7344
63.5,-19.5,274.92615
63.5,-18.5,275.7648
63.5,8.5,278.85254
63.5,9.5,277.6362
63.5,10.5,276.14996
63.5,11.5,276.0087
63.5,12.5,273.97
63.5,13.5,273.8329
63.5,14.5,275.4347
63.5,15.5,275.81482
63.5,16.5,275.95126
63.5,17.5,276.14273
63.5,18.5,276.58075
63.5,19.5,277.1325
63.5,22.5,277.73663
63.5,23.5,277.30646
63.5,24.5,276.87994
63.5,25.5,276.83316
63.5,26.5,276.66916
63.5,27.5,276.59055
63.5,28.5,276.37018
63.5,29.5,276.14667
63.5,30.5,275.92633
63.5,31.5,275.68222
63.5,32.5,275.74817
63.5,33.5,275.8986
63.5,34.5,275.8321
63.5,35.5,275.8081
63.5,36.5,275.87906
63.5,37.5,275.53735
63.5,38.5,275.3955
63.5,39.5,275.42914
63.5,40.5,275.2726
63.5,41.5,275.24536
63.5,42.5,275.13977
63.5,43.5,274.7997
63.5,44.5,274.78232
63.5,45.5,274.30112
63.5,46.5,274.09122
63.5,47.5,274.09412
63.5,48.5,273.96497
63.5,49.5,273.79007
63.5,50.5,273.76315
63.5,51.5,273.61063
63.5,52.5,273.26392
63.5,53.5,273.2462
63.5,54.5,273.15857
63.5,55.5,272.79614
63.5,56.5,272.67722
63.5,57.5,272.40854
63.5,58.5,270.84378
63.5,59.5,270.341
63.5,60.5,271.79517
63.5,61.5,272.01035
63.5,62.5,271.8064
63.5,63.5,271.96857
63.5,64.5,271.6276
63.5,65.5,271.3551
63.5,66.5,271.45367
63.5,67.5,271.16098
63.5,68.5,271.00534
63.5,69.5,270.82184
63.5,70.5,270.66745
63.5,71.5,270.4011
63.5,72.5,270.46286
63.5,73.5,270.32178
63.5,74.5,270.26596
63.5,75.5,270.39905
63.5,76.5,270.2099
63.5,77.5,270.27676
63.5,78.5,270.1775
63.5,79.5,270.01917
63.5,80.5,269.8135
63.5,81.5,269.84262
63.5,82.5,269.8199
63.5,83.5,269.84207
63.5,84.5,269.75378
63.5,85.5,269.7185
63.5,86.5,269.80652
63.5,87.5,269.91678
63.5,88.5,269.3329
63.5,89.5,268.52213
63.5,90.5,268.59323
63.5,91.5,267.65143
63.5,92.5,267.45712
63.5,93.5,267.30142
63.5,94.5,267.1512
63.5,95.5,267.29486
63.5,96.5,266.9869
63.5,97.5,266.80225
63.5,98.5,265.5209
63.5,99.5,266.40573
63.5,100.5,266.27756
63.5,101.5,266.1528
63.5,102.5,266.05212
63.5,103.5,266.382
63.5,104.5,265.74707
63.5,105.5,266.36353
63.5,106.5,266.0924
63.5,107.5,266.16956
63.5,108.5,265.91205
63.5,109.5,266.00168
63.5,110.5,265.69495
63.5,111.5,265.53397
63.5,112.5,265.61612
63.5,113.5,265.67053
63.5,114.5,265.62827
63.5,115.5,265.9214
63.5,116.5,266.1077
63.5,117.5,266.056
63.5,118.5,265.84982
63.5,119.5,265.72003
63.5,120.5,265.72458
63.5,121.5,265.82568
63.5,122.5,265.6757
63.5,123.5,265.5664
63.5,124.5,265.37173
63.5,125.5,265.0154
63.5,126.5,264.76788
63.5,127.5,264.2997
63.5,128.5,263.59003
63.5,129.5,263.42566
63.5,130.5,263.43753
63.5,131.5,262.95413
63.5,132.5,262.5583
63.5,133.5,262.13065
63.5,134.5,261.763
63.5,135.5,262.87488
63.5,136.5,262.16385
63.5,137.5,261.04944
63.5,138.5,260.12457
63.5,139.5,259.09436
63.5,140.5,258.27075
63.5,141.5,259.43732
63.5,142.5,259.14612
63.5,143.5,259.98273
63.5,144.5,261.03372
63.5,145.5,260.4071
63.5,146.5,260.5029
63.5,147.5,260.76364
63.5,148.5,261.57175
63.5,149.5,262.65765
63.5,150.5,263.16785
63.5,151.5,262.74173
63.5,152.5,263.7194
63.5,153.5,263.57025
63.5,154.5,263.11597
63.5,155.5,263.00305
63.5,156.5,262.97552
63.5,157.5,262.26755
63.5,158.5,262.78973
63.5,159.5,263.1445
63.5,160.5,263.22406
63.5,161.5,264.21753
63.5,162.5,264.41446
63.5,163.5,265.0878
63.5,164.5,265.06927
63.5,165.5,266.23724
63.5,166.5,267.00677
63.5,167.5,266.87607
63.5,168.5,266.61017
63.5,169.5,266.2564
63.5,170.5,265.47183
63.5,171.5,265.4196
63.5,172.5,265.4432
63.5,173.5,265.77365
63.5,174.5,266.07965
63.5,175.5,266.898
63.5,176.5,266.8744
63.5,177.5,267.53186
63.5,178.5,268.27338
64.5,-173.5,269.1566
64.5,-165.5,269.63593
64.5,-160.5,271.04477
64.5,-159.5,270.25696
64.5,-158.5,269.7431
64.5,-157.5,270.0324
64.5,-156.5,270.68805
64.5,-155.5,270.66827
64.5,-154.5,270.61316
64.5,-153.5,270.1949
64.5,-152.5,270.27808
64.5,-151.5,270.4968
64.5,-150.5,270.9869
64.5,-149.5,270.99673
64.5,-148.5,270.439
64.5,-147.5,270.70642
64.5,-146.5,271.0636
64.5,-145.5,270.87735
64.5,-144.5,268.65292
64.5,-143.5,267.18152
64.5,-142.5,267.06543
64.5,-141.5,268.94516
64.5,-140.5,267.34827
64.5,-139.5,268.56204
64.5,-138.5,269.44482
64.5,-137.5,267.95264
64.5,-136.5,267.6782
64.5,-135.5,266.81244
64.5,-134.5,267.00665
64.5,-133.5,266.52988
64.5,-132.5,266.22394
64.5,-131.5,265.68732
64.5,-130.5,265.4478
64.5,-129.5,266.43518
64.5,-128.5,266.83557
64.5,-127.5,266.747
64.5,-126.5,268.60034
64.5,-125.5,269.67474
64.5,-124.5,269.77155
64.5,-123.5,268.80185
64.5,-122.5,268.6968
64.5,-121.5,269.0988
64.5,-120.5,268.7559
64.5,-119.5,267.8002
64.5,-118.5,268.05093
64.5,-117.5,267.7663
64.5,-116.5,267.66177
64.5,-115.5,267.14392
64.5,-114.5,266.4674
64.5,-113.5,266.1079
64.5,-112.5,265.71942
64.5,-111.5,265.32867
64.5,-110.5,265.00653
64.5,-109.5,264.80374
64.5,-108.5,264.33673
64.5,-107.5,264.62537
64.5,-106.5,264.36847
64.5,-105.5,264.0409
64.5,-104.5,264.0216
64.5,-103.5,264.04953
64.5,-102.5,263.75092
64.5,-101.5,263.20923
64.5,-100.5,263.32047
64.5,-99.5,263.42526
64.5,-98.5,263.08414
64.5,-97.5,263.27625
64.5,-96.5,263.1288
64.5,-95.5,263.45575
64.5,-94.5,263.3133
64.5,-93.5,263.16318
64.5,-92.5,262.94388
64.5,-91.5,262.81055
64.5,-90.5,262.96475
64.5,-89.5,262.94778
64.5,-88.5,263.4485
64.5,-85.5,263.70502
64.5,-84.5,263.11603
64.5,-83.5,263.2468
64.5,-82.5,264.05222
64.5,-77.5,265.06482
64.5,-76.5,265.00296
64.5,-75.5,265.4634
64.5,-74.5,265.63403
64.5,-73.5,264.6429
64.5,-72.5,264.808
64.5,-71.5,264.49963
64.5,-70.5,264.2779
64.5,-69.5,263.83453
64.5,-68.5,263.6058
64.5,-67.5,263.0143
64.5,-66.5,263.41656
64.5,-65.5,263.56973
64.5,-51.5,269.88672
64.5,-50.5,268.78827
64.5,-49.5,265.04218
64.5,-48.5,262.0497
64.5,-47.5,259.33276
64.5,-46.5,256.96692
64.5,-45.5,255.28079
64.5,-44.5,254.88254
64.5,-43.5,256.51413
64.5,-42.5,259.52167
64.5,-41.5,265.2896
64.5,-21.5,276.00848
64.5,-20.5,275.0648
64.5,-19.5,271.64975
64.5,-18.5,271.61264
64.5,-17.5,272.38208
64.5,-16.5,272.18176
64.5,-15.5,274.90094
64.5,11.5,277.32803
64.5,12.5,274.79425
64.5,13.5,273.4271
64.5,14.5,273.11093
64.5,15.5,273.83575
64.5,16.5,274.7335
64.5,17.5,274.98404
64.5,18.5,275.27155
64.5,19.5,275.58148
64.5,20.5,276.34833
64.5,24.5,276.88947
64.5,25.5,276.52234
64.5,26.5,276.19397
64.5,27.5,275.88208
64.5,28.5,275.5217
64.5,29.5,275.52377
64.5,30.5,275.47906
64.5,31.5,275.52368
64.5,32.5,275.5212
64.5,33.5,275.58743
64.5,34.5,275.8266
64.5,37.5,275.82623
64.5,38.5,275.5879
64.5,39.5,275.09592
64.5,40.5,274.9077
64.5,41.5,274.6566
64.5,42.5,274.64062
64.5,43.5,274.4776
64.5,44.5,274.4314
64.5,45.5,274.21854
64.5,46.5,274.08658
64.5,47.5,273.77777
64.5,48.5,273.4472
64.5,49.5,273.30875
64.5,50.5,273.27136
64.5,51.5,272.93787
64.5,52.5,272.82272
64.5,53.5,272.9539
64.5,54.5,272.7039
64.5,55.5,272.35928
64.5,56.5,272.1904
64.5,57.5,272.19083
64.5,58.5,270.86652
64.5,59.5,269.956
64.5,60.5,268.8823
64.5,61.5,270.13828
64.5,62.5,270.71863
64.5,63.5,270.68063
64.5,64.5,270.88748
64.5,65.5,270.5943
64.5,66.5,270.55258
64.5,67.5,270.36975
64.5,68.5,270.28354
64.5,69.5,270.06845
64.5,70.5,269.94617
64.5,71.5,269.9635
64.5,72.5,269.97604
64.5,73.5,269.94977
64.5,74.5,269.90518
64.5,75.5,269.80817
64.5,76.5,269.8337
64.5,77.5,269.72067
64.5,78.5,269.63092
64.5,79.5,269.4933
64.5,80.5,269.48563
64.5,81.5,269.35254
64.5,82.5,269.35684
64.5,83.5,269.1926
64.5,84.5,269.04303
64.5,85.5,268.94138
64.5,86.5,269.18423
64.5,87.5,269.2022
64.5,88.5,268.51837
64.5,89.5,267.4572
64.5,90.5,266.99106
64.5,91.5,266.32425
64.5,92.5,266.78854
64.5,93.5,266.98544
64.5,94.5,266.10162
64.5,95.5,266.07355
64.5,96.5,265.39343
64.5,97.5,265.2163
64.5,98.5,265.45428
64.5,99.5,265.30328
64.5,100.5,265.2434
64.5,101.5,265.67496
64.5,102.5,265.41428
64.5,103.5,265.4083
64.5,104.5,265.1017
64.5,105.5,264.78186
64.5,106.5,265.11725
64.5,107.5,264.84277
64.5,108.5,264.90155
64.5,109.5,264.80167
64.5,110.5,264.67294
64.5,111.5,264.83795
64.5,112.5,264.58908
64.5,113.5,264.6916
64.5,114.5,265.0292
64.5,115.5,265.2164
64.5,116.5,265.39154
64.5,117.5,265.27512
64.5,118.5,265.19073
64.5,119.5,265.17493
64.5,120.5,264.94568
64.5,121.5,264.82593
64.5,122.5,264.75922
64.5,123.5,264.62482
64.5,124.5,264.42447
64.5,125.5,263.94388
64.5,126.5,264.3155
64.5,127.5,263.3751
64.5,128.5,261.67096
64.5,129.5,261.70386
64.5,130.5,260.3692
64.5,131.5,261.60974
64.5,132.5,261.3599
64.5,133.5,260.79767
64.5,134.5,261.04422
64.5,135.5,261.27957
64.5,136.5,260.82413
64.5,137.5,260.14563
64.5,138.5,259.19678
64.5,139.5,258.4515
64.5,140.5,258.50394
64.5,141.5,259.2275
64.5,142.5,259.82382
64.5,143.5,259.44727
64.5,144.5,258.73718
64.5,145.5,259.731
64.5,146.5,260.29266
64.5,147.5,260.16864
64.5,148.5,261.0096
64.5,149.5,262.1998
64.5,150.5,262.99786
64.5,151.5,263.7029
64.5,152.5,263.36905
64.5,153.5,263.04074
64.5,154.5,263.25714
64.5,155.5,263.59015
64.5,156.5,262.52652
64.5,157.5,262.54388
64.5,158.5,262.76212
64.5,159.5,262.02203
64.5,160.5,263.17877
64.5,161.5,263.1739
64.5,162.5,262.90253
64.5,163.5,262.8477
64.5,164.5,263.85455
64.5,165.5,263.77814
64.5,166.5,265.03967
64.5,167.5,264.7961
64.5,168.5,265.61435
64.5,169.5,266.02777
64.5,170.5,266.12494
64.5,171.5,266.60385
64.5,172.5,265.5005
64.5,173.5,266.0209
64.5,174.5,266.40912
64.5,175.5,268.14832
64.5,176.5,268.09528
64.5,177.5,268.39758
64.5,178.5,268.2506
65.5,-177.5,268.03085
65.5,-175.5,267.4179
65.5,-174.5,266.53357
65.5,-173.5,267.18295
65.5,-172.5,267.62848
65.5,-166.5,269.9918
65.5,-165.5,269.33398
65.5,-164.5,268.91885
65.5,-163.5,269.1118
65.5,-162.5,268.8644
65.5,-161.5,269.64166
65.5,-160.5,269.6647
65.5,-159.5,268.4869
65.5,-158.5,268.37305
65.5,-157.5,269.7214
65.5,-156.5,270.21774
65.5,-155.5,269.74265
65.5,-154.5,269.3451
65.5,-153.5,269.4697
65.5,-152.5,269.7688
65.5,-151.5,269.47534
65.5,-150.5,269.021
65.5,-149.5,270.0717
65.5,-148.5,269.99426
65.5,-147.5,270.1346
65.5,-146.5,270.40994
65.5,-145.5,269.44168
65.5,-144.5,267.5494
65.5,-143.5,268.38687
65.5,-142.5,269.31
65.5,-141.5,269.41162
65.5,-140.5,268.53687
65.5,-139.5,267.82028
65.5,-138.5,267.06128
65.5,-137.5,267.6
65.5,-136.5,267.22113
65.5,-135.5,266.89227
65.5,-134.5,267.9325
65.5,-133.5,266.53058
65.5,-132.5,266.62692
65.5,-131.5,267.45874
65.5,-130.5,266.73706
65.5,-129.5,266.69427
65.5,-128.5,267.4524
65.5,-127.5,268.36682
65.5,-126.5,268.62738
65.5,-125.5,268.2373
65.5,-124.5,268.2032
65.5,-123.5,268.48743
65.5,-122.5,267.92844
65.5,-121.5,268.29648
65.5,-120.5,268.8072
65.5,-119.5,268.2299
65.5,-118.5,267.88174
65.5,-117.5,267.14532
65.5,-116.5,266.49612
65.5,-115.5,265.7272
65.5,-114.5,265.4899
65.5,-113.5,264.99377
65.5,-112.5,264.356
65.5,-111.5,264.09467
65.5,-110.5,263.62488
65.5,-109.5,263.86154
65.5,-108.5,264.01056
65.5,-107.5,263.83124
65.5,-106.5,263.67004
65.5,-105.5,263.51703
65.5,-104.5,263.4679
65.5,-103.5,263.34283
65.5,-102.5,263.15137
65.5,-101.5,262.96942
65.5,-100.5,262.8485
65.5,-99.5,262.74716
65.5,-98.5,262.5276
65.5,-97.5,262.54684
65.5,-96.5,262.33203
65.5,-95.5,262.1466
65.5,-94.5,261.93555
65.5,-93.5,261.73438
65.5,-92.5,261.70712
65.5,-91.5,261.66354
65.5,-90.5,261.8124
65.5,-89.5,262.15076
65.5,-88.5,261.63916
65.5,-87.5,262.858
65.5,-85.5,263.57895
65.5,-84.5,263.05984
65.5,-73.5,264.26404
65.5,-72.5,264.08957
65.5,-71.5,264.32983
65.5,-70.5,264.27655
65.5,-69.5,263.76706
65.5,-68.5,263.2797
65.5,-67.5,263.6904
65.5,-64.5,263.20728
65.5,-63.5,262.8887
65.5,-52.5,267.77875
65.5,-51.5,266.81085
65.5,-50.5,265.9208
65.5,-49.5,263.74936
65.5,-48.5,261.73834
65.5,-47.5,259.02896
65.5,-46.5,257.2951
65.5,-45.5,255.44643
65.5,-44.5,254.93834
65.5,-43.5,256.00287
65.5,-42.5,258.89124
65.5,-41.5,263.07544
65.5,-40.5,266.1384
65.5,-22.5,274.57623
65.5,-21.5,275.4891
65.5,-20.5,274.75122
65.5,-19.5,273.7255
65.5,-18.5,273.19308
65.5,-17.5,273.10022
65.5,-16.5,273.68936
65.5,-15.5,273.88394
65.5,-14.5,274.52667
65.5,12.5,276.46964
65.5,13.5,273.36426
65.5,14.5,272.0576
65.5,15.5,271.9317
65.5,16.5,273.2656
65.5,17.5,273.8398
65.5,18.5,274.49954
65.5,19.5,274.59354
65.5,20.5,275.2168
65.5,21.5,275.86368
65.5,25.5,275.76764
65.5,26.5,275.3631
65.5,27.5,275.02856
65.5,28.5,274.7361
65.5,29.5,274.64758
65.5,30.5,274.94623
65.5,31.5,275.36288
65.5,32.5,275.23358
65.5,33.5,275.14514
65.5,34.5,275.63223
65.5,40.5,274.8084
65.5,41.5,274.27548
65.5,42.5,274.19608
65.5,43.5,274.2315
65.5,44.5,274.05667
65.5,45.5,273.85098
65.5,46.5,273.6424
65.5,47.5,273.41003
65.5,48.5,273.028
65.5,49.5,272.70483
65.5,50.5,272.76675
65.5,51.5,272.71436
65.5,52.5,272.73492
65.5,53.5,272.4293
65.5,54.5,272.19464
65.5,55.5,272.02866
65.5,56.5,271.8976
65.5,57.5,271.61618
65.5,58.5,271.20844
65.5,59.5,270.1291
65.5,60.5,268.65225
65.5,61.5,269.679
65.5,62.5,268.62347
65.5,63.5,269.1611
65.5,64.5,269.60168
65.5,65.5,269.6212
65.5,66.5,269.73935
65.5,67.5,269.66614
65.5,68.5,269.45682
65.5,69.5,269.35522
65.5,70.5,269.34045
65.5,71.5,269.37054
65.5,72.5,269.3413
65.5,73.5,269.31976
65.5,74.5,269.18475
65.5,75.5,268.9338
65.5,76.5,268.98752
65.5,77.5,268.9728
65.5,78.5,268.85214
65.5,79.5,268.8042
65.5,80.5,268.8538
65.5,81.5,268.779
65.5,82.5,268.68643
65.5,83.5,268.4701
65.5,84.5,268.4898
65.5,85.5,268.40225
65.5,86.5,268.5188
65.5,87.5,268.66214
65.5,88.5,267.90692
65.5,89.5,266.8535
65.5,90.5,266.2292
65.5,91.5,266.31467
65.5,92.5,265.95987
65.5,93.5,264.95288
65.5,94.5,265.10394
65.5,95.5,264.22122
65.5,96.5,264.31168
65.5,97.5,263.711
65.5,98.5,264.4587
65.5,99.5,264.08032
65.5,100.5,264.42087
65.5,101.5,264.1213
65.5,102.5,263.948
65.5,103.5,264.2873
65.5,104.5,264.80084
65.5,105.5,264.3573
65.5,106.5,263.86627
65.5,107.5,263.8004
65.5,108.5,263.48987
65.5,109.5,263.88226
65.5,110.5,263.6776
65.5,111.5,263.8225
65.5,112.5,263.97083
65.5,113.5,263.7797
65.5,114.5,264.2186
65.5,115.5,264.15872
65.5,116.5,264.57422
65.5,117.5,264.47815
65.5,118.5,264.46927
65.5,119.5,264.45218
65.5,120.5,264.4371
65.5,121.5,264.16922
65.5,122.5,264.05063
65.5,123.5,264.16205
65.5,124.5,263.52127
65.5,125.5,263.74377
65.5,126.5,263.30804
65.5,127.5,261.1042
65.5,128.5,260.158
65.5,129.5,258.9904
65.5,130.5,260.3863
65.5,131.5,260.57217
65.5,132.5,261.05945
65.5,133.5,260.26108
65.5,134.5,260.54807
65.5,135.5,260.07364
65.5,136.5,260.1814
65.5,137.5,259.70407
65.5,138.5,259.04675
65.5,139.5,258.92206
65.5,140.5,258.79486
65.5,141.5,259.8675
65.5,142.5,261.8531
65.5,143.5,262.47943
65.5,144.5,261.3418
65.5,145.5,260.55292
65.5,146.5,259.28674
65.5,147.5,260.44565
65.5,148.5,261.3616
65.5,149.5,262.60675
65.5,150.5,263.65387
65.5,151.5,263.355
65.5,152.5,262.49594
65.5,153.5,262.38376
65.5,154.5,262.59558
65.5,155.5,262.31674
65.5,156.5,262.51828
65.5,157.5,263.3213
65.5,158.5,262.91473
65.5,159.5,262.5201
65.5,160.5,263.59338
65.5,161.5,263.99054
65.5,162.5,261.74026
65.5,163.5,261.90427
65.5,164.5,261.8585
65.5,165.5,262.3168
65.5,166.5,263.42697
65.5,167.5,263.6912
65.5,168.5,263.70825
65.5,169.5,264.74103
65.5,170.5,265.04477
65.5,171.5,265.45178
65.5,172.5,265.461
65.5,173.5,266.2083
65.5,174.5,266.59802
65.5,175.5,266.75204
65.5,176.5,267.08633
65.5,177.5,267.37476
65.5,178.5,267.0212
65.5,179.5,267.5367
66.5,-179.5,266.7387
66.5,-178.5,265.3944
66.5,-177.5,265.31418
66.5,-176.5,265.71133
66.5,-175.5,266.43762
66.5,-174.5,266.80264
66.5,-173.5,267.83102
66.5,-172.5,268.0382
66.5,-171.5,266.8457
66.5,-164.5,270.2274
66.5,-161.5,269.78796
66.5,-160.5,268.3499
66.5,-159.5,268.07242
66.5,-158.5,268.29504
66.5,-157.5,268.6129
66.5,-156.5,269.08536
66.5,-155.5,268.12024
66.5,-154.5,268.61566
66.5,-153.5,268.03787
66.5,-152.5,268.2303
66.5,-151.5,268.40012
66.5,-150.5,268.47595
66.5,-149.5,268.53543
66.5,-148.5,268.8021
66.5,-147.5,269.13303
66.5,-146.5,269.21426
66.5,-145.5,269.2427
66.5,-144.5,269.32504
66.5,-143.5,269.39682
66.5,-142.5,268.7082
66.5,-141.5,268.26108
66.5,-140.5,267.23636
66.5,-139.5,266.57217
66.5,-138.5,267.05246
66.5,-137.5,267.8669
66.5,-136.5,266.9445
66.5,-135.5,266.62845
66.5,-134.5,267.73843
66.5,-133.5,267.57413
66.5,-132.5,267.381
66.5,-131.5,267.28714
66.5,-130.5,267.61316
66.5,-129.5,267.7559
66.5,-128.5,268.01382
66.5,-127.5,267.39557
66.5,-126.5,267.20007
66.5,-125.5,267.13025
66.5,-124.5,267.41696
66.5,-123.5,267.18826
66.5,-122.5,266.36053
66.5,-121.5,267.0352
66.5,-120.5,267.30182
66.5,-119.5,267.50693
66.5,-118.5,266.57986
66.5,-117.5,265.35184
66.5,-116.5,264.75244
66.5,-115.5,264.56738
66.5,-114.5,264.09955
66.5,-113.5,264.1087
66.5,-112.5,263.97336
66.5,-111.5,263.6604
66.5,-110.5,263.4979
66.5,-109.5,263.3009
66.5,-108.5,263.92526
66.5,-107.5,263.54587
66.5,-106.5,263.6226
66.5,-105.5,263.32504
66.5,-104.5,263.00784
66.5,-103.5,262.8412
66.5,-102.5,262.63525
66.5,-101.5,262.46716
66.5,-100.5,262.33734
66.5,-99.5,262.24362
66.5,-98.5,262.13403
66.5,-97.5,262.0649
66.5,-96.5,262.03546
66.5,-95.5,261.80957
66.5,-94.5,261.1484
66.5,-93.5,260.97174
66.5,-92.5,261.0542
66.5,-91.5,260.7643
66.5,-90.5,260.8925
66.5,-89.5,260.76196
66.5,-88.5,261.00412
66.5,-87.5,261.412
66.5,-86.5,261.6575
66.5,-85.5,261.51013
66.5,-84.5,262.5577
66.5,-83.5,262.4275
66.5,-73.5,264.1723
66.5,-72.5,264.13596
66.5,-71.5,264.0272
66.5,-70.5,263.9893
66.5,-69.5,263.53036
66.5,-68.5,263.129
66.5,-67.5,262.81894
66.5,-66.5,261.44894
66.5,-65.5,259.4649
66.5,-64.5,260.4611
66.5,-63.5,260.9389
66.5,-62.5,264.3506
66.5,-53.5,269.1031
66.5,-52.5,265.2171
66.5,-51.5,264.438
66.5,-50.5,265.17523
66.5,-49.5,264.0498
66.5,-48.5,261.85257
66.5,-47.5,259.34482
66.5,-46.5,257.64075
66.5,-45.5,256.21432
66.5,-44.5,255.08562
66.5,-43.5,254.83316
66.5,-42.5,255.80252
66.5,-41.5,258.25186
66.5,-40.5,260.45663
66.5,-39.5,260.92694
66.5,-38.5,261.22586
66.5,-37.5,262.80405
66.5,-36.5,262.98434
66.5,-35.5,265.3317
66.5,13.5,276.52124
66.5,14.5,272.92743
66.5,15.5,271.4257
66.5,16.5,270.6179
66.5,17.5,272.10315
66.5,18.5,273.20514
66.5,19.5,273.46478
66.5,20.5,273.60333
66.5,21.5,274.71817
66.5,22.5,274.59406
66.5,23.5,274.79108
66.5,24.5,274.70657
66.5,25.5,274.55405
66.5,26.5,274.34048
66.5,27.5,274.34726
66.5,28.5,274.12415
66.5,29.5,273.9071
66.5,30.5,274.02957
66.5,31.5,274.59216
66.5,32.5,274.84814
66.5,33.5,274.8465
66.5,35.5,274.8142
66.5,36.5,274.45065
66.5,37.5,274.24625
66.5,38.5,273.998
66.5,39.5,273.93286
66.5,40.5,273.64038
66.5,44.5,273.73068
66.5,45.5,273.4556
66.5,46.5,273.2252
66.5,47.5,273.01523
66.5,48.5,272.35132
66.5,49.5,272.2862
66.5,50.5,272.19598
66.5,51.5,272.28018
66.5,52.5,272.19016
66.5,53.5,271.71542
66.5,54.5,271.35318
66.5,55.5,271.32013
66.5,56.5,271.1286
66.5,57.5,270.72812
66.5,58.5,270.68597
66.5,59.5,270.56198
66.5,60.5,270.33276
66.5,61.5,270.0014
66.5,62.5,269.06784
66.5,63.5,269.26166
66.5,64.5,268.06778
66.5,65.5,267.65665
66.5,66.5,268.23584
66.5,67.5,268.8931
66.5,68.5,268.84708
66.5,69.5,268.54205
66.5,70.5,268.4626
66.5,71.5,268.39224
66.5,72.5,268.54147
66.5,73.5,268.49014
66.5,74.5,268.37973
66.5,75.5,268.24103
66.5,76.5,268.37537
66.5,77.5,268.36707
66.5,78.5,268.21103
66.5,79.5,268.21902
66.5,80.5,268.27832
66.5,81.5,268.1695
66.5,82.5,267.9349
66.5,83.5,267.72586
66.5,84.5,267.69864
66.5,85.5,267.46497
66.5,86.5,267.50012
66.5,87.5,267.40927
66.5,88.5,266.9141
66.5,89.5,265.78552
66.5,90.5,265.83273
66.5,91.5,265.55728
66.5,92.5,264.81018
66.5,93.5,263.81543
66.5,94.5,263.4499
66.5,95.5,263.5732
66.5,96.5,262.6941
66.5,97.5,263.21616
66.5,98.5,262.8928
66.5,99.5,263.32483
66.5,100.5,263.4313
66.5,101.5,263.38052
66.5,102.5,263.84528
66.5,103.5,264.0981
66.5,104.5,263.69626
66.5,105.5,263.4975
66.5,106.5,263.82736
66.5,107.5,263.86084
66.5,108.5,263.523
66.5,109.5,263.42776
66.5,110.5,263.4114
66.5,111.5,263.42245
66.5,112.5,263.68765
66.5,113.5,263.37485
66.5,114.5,263.5038
66.5,115.5,263.75388
66.5,116.5,263.79013
66.5,117.5,263.66257
66.5,118.5,263.40936
66.5,119.5,263.5938
66.5,120.5,263.41394
66.5,121.5,263.40625
66.5,122.5,263.38266
66.5,123.5,263.30844
66.5,124.5,263.30338
66.5,125.5,262.8479
66.5,126.5,263.24048
66.5,127.5,260.84946
66.5,128.5,259.26447
66.5,129.5,259.69754
66.5,130.5,260.76196
66.5,131.5,261.48505
66.5,132.5,261.79044
66.5,133.5,261.43826
66.5,134.5,260.69666
66.5,135.5,261.12024
66.5,136.5,260.61584
66.5,137.5,261.72983
66.5,138.5,259.75076
66.5,139.5,257.8868
66.5,140.5,260.10446
66.5,141.5,261.2199
66.5,142.5,261.72632
66.5,143.5,262.44678
66.5,144.5,261.45477
66.5,145.5,262.26645
66.5,146.5,260.7136
66.5,147.5,261.70047
66.5,148.5,262.42194
66.5,149.5,262.71588
66.5,150.5,263.21692
66.5,151.5,263.01825
66.5,152.5,262.53613
66.5,153.5,262.52576
66.5,154.5,261.71075
66.5,155.5,261.88632
66.5,156.5,262.3544
66.5,157.5,262.9624
66.5,158.5,262.74265
66.5,159.5,262.20224
66.5,160.5,262.47797
66.5,161.5,262.31653
66.5,162.5,262.5093
66.5,163.5,262.46585
66.5,164.5,262.48215
66.5,165.5,261.6765
66.5,166.5,261.07114
66.5,167.5,262.15482
66.5,168.5,263.18042
66.5,169.5,263.47427
66.5,170.5,262.7093
66.5,171.5,263.48245
66.5,172.5,264.1697
66.5,173.5,264.8927
66.5,174.5,264.8937
66.5,175.5,265.39017
66.5,176.5,265.56607
66.5,177.5,266.00516
66.5,178.5,265.97647
66.5,179.5,266.82462
67.5,-179.5,263.72272
67.5,-178.5,264.59543
67.5,-177.5,265.2428
67.5,-176.5,266.12292
67.5,-175.5,266.55594
67.5,-163.5,268.4934
67.5,-162.5,268.29202
67.5,-161.5,268.22562
67.5,-160.5,267.38455
67.5,-159.5,267.45224
67.5,-158.5,267.72656
67.5,-157.5,267.721
67.5,-156.5,267.28436
67.5,-155.5,267.0458
67.5,-154.5,265.63962
67.5,-153.5,265.45386
67.5,-152.5,266.11414
67.5,-151.5,265.7319
67.5,-150.5,265.71298
67.5,-149.5,264.74237
67.5,-148.5,265.17627
67.5,-147.5,266.37427
67.5,-146.5,267.3621
67.5,-145.5,267.7221
67.5,-144.5,267.854
67.5,-143.5,267.69275
67.5,-142.5,267.2844
67.5,-141.5,266.4813
67.5,-140.5,266.0596
67.5,-139.5,266.20184
67.5,-138.5,266.2358
67.5,-137.5,265.65656
67.5,-136.5,266.15942
67.5,-135.5,266.25052
67.5,-134.5,266.9556
67.5,-133.5,267.10202
67.5,-132.5,266.86856
67.5,-131.5,266.13644
67.5,-130.5,266.5275
67.5,-129.5,266.38254
67.5,-128.5,266.71204
67.5,-127.5,266.09125
67.5,-126.5,265.9492
67.5,-125.5,265.90692
67.5,-124.5,265.9107
67.5,-123.5,265.46927
67.5,-122.5,264.97736
67.5,-121.5,264.87466
67.5,-120.5,264.5908
67.5,-119.5,264.62335
67.5,-118.5,264.73093
67.5,-117.5,263.8488
67.5,-116.5,263.7454
67.5,-115.5,263.67615
67.5,-114.5,263.99994
67.5,-113.5,264.10782
67.5,-112.5,263.993
67.5,-111.5,263.7275
67.5,-110.5,263.8903
67.5,-109.5,263.65045
67.5,-108.5,263.75885
67.5,-107.5,263.78168
67.5,-106.5,263.1003
67.5,-105.5,262.66132
67.5,-104.5,262.56012
67.5,-103.5,262.45645
67.5,-102.5,262.3746
67.5,-101.5,262.32977
67.5,-100.5,262.34998
67.5,-99.5,262.24084
67.5,-98.5,262.21387
67.5,-97.5,262.09045
67.5,-96.5,262.26624
67.5,-95.5,262.0373
67.5,-94.5,261.50677
67.5,-93.5,260.8488
67.5,-92.5,260.7106
67.5,-91.5,260.43753
67.5,-90.5,260.45825
67.5,-89.5,260.42386
67.5,-88.5,260.9524
67.5,-86.5,260.56506
67.5,-85.5,260.69943
67.5,-84.5,260.56326
67.5,-83.5,260.54224
67.5,-82.5,261.29773
67.5,-76.5,263.27295
67.5,-75.5,263.409
67.5,-72.5,263.25983
67.5,-71.5,262.90765
67.5,-70.5,262.1285
67.5,-69.5,261.87097
67.5,-68.5,261.44128
67.5,-67.5,260.72202
67.5,-66.5,260.12247
67.5,-65.5,258.95267
67.5,-64.5,261.21912
67.5,-53.5,268.30725
67.5,-52.5,266.07748
67.5,-51.5,265.98935
67.5,-50.5,265.87646
67.5,-49.5,263.6051
67.5,-48.5,262.11896
67.5,-47.5,260.85394
67.5,-46.5,258.3306
67.5,-45.5,256.18463
67.5,-44.5,255.05092
67.5,-43.5,254.44887
67.5,-42.5,254.17262
67.5,-41.5,254.28036
67.5,-40.5,255.01625
67.5,-39.5,255.17792
67.5,-38.5,255.18646
67.5,-37.5,254.37088
67.5,-36.5,254.40117
67.5,-35.5,256.63385
67.5,-34.5,260.9235
67.5,-33.5,264.14127
67.5,15.5,274.30313
67.5,16.5,270.95593
67.5,17.5,270.64462
67.5,18.5,269.7008
67.5,19.5,271.35165
67.5,20.5,272.66135
67.5,21.5,273.22556
67.5,22.5,273.40332
67.5,23.5,273.4575
67.5,24.5,273.4373
67.5,25.5,273.45468
67.5,26.5,273.34344
67.5,27.5,273.37885
67.5,28.5,273.22055
67.5,29.5,273.33228
67.5,30.5,273.23953
67.5,31.5,272.93698
67.5,32.5,272.99045
67.5,33.5,272.95816
67.5,34.5,272.96533
67.5,35.5,273.44196
67.5,36.5,272.9434
67.5,37.5,273.05035
67.5,38.5,273.10632
67.5,39.5,273.2295
67.5,40.5,273.78314
67.5,44.5,273.67053
67.5,48.5,272.4642
67.5,49.5,272.03986
67.5,50.5,271.8816
67.5,51.5,271.6527
67.5,52.5,271.52722
67.5,53.5,271.36484
67.5,54.5,271.07907
67.5,55.5,270.62445
67.5,56.5,270.33054
67.5,57.5,270.211
67.5,58.5,269.93314
67.5,59.5,269.8343
67.5,60.5,269.51566
67.5,61.5,269.20526
67.5,62.5,269.09915
67.5,63.5,268.75684
67.5,64.5,267.8586
67.5,65.5,266.6567
67.5,66.5,266.80893
67.5,67.5,267.55423
67.5,68.5,268.0689
67.5,69.5,267.99042
67.5,70.5,268.04782
67.5,71.5,268.1418
67.5,72.5,268.02335
67.5,74.5,267.70697
67.5,75.5,267.7704
67.5,76.5,267.7411
67.5,77.5,267.67526
67.5,78.5,267.42508
67.5,79.5,267.32916
67.5,80.5,267.27457
67.5,81.5,267.09714
67.5,82.5,266.96033
67.5,83.5,266.78427
67.5,84.5,266.69775
67.5,85.5,266.58426
67.5,86.5,266.8667
67.5,87.5,266.5476
67.5,88.5,266.22397
67.5,89.5,265.3657
67.5,90.5,264.6101
67.5,91.5,263.31226
67.5,92.5,263.60107
67.5,93.5,262.8091
67.5,94.5,262.64014
67.5,95.5,262.05212
67.5,96.5,261.96536
67.5,97.5,261.23682
67.5,98.5,262.48578
67.5,99.5,262.56146
67.5,100.5,263.40277
67.5,101.5,264.28207
67.5,102.5,264.6132
67.5,103.5,264.0766
67.5,104.5,264.24042
67.5,105.5,264.09335
67.5,106.5,263.94473
67.5,107.5,264.19016
67.5,108.5,264.21603
67.5,109.5,263.85944
67.5,110.5,263.431
67.5,111.5,263.38046
67.5,112.5,263.35373
67.5,113.5,263.20282
67.5,114.5,263.2884
67.5,115.5,263.28494
67.5,116.5,263.3245
67.5,117.5,263.1202
67.5,118.5,262.88348
67.5,119.5,262.8146
67.5,120.5,262.8145
67.5,121.5,262.9563
67.5,122.5,262.85306
67.5,123.5,262.82397
67.5,124.5,262.7205
67.5,125.5,262.87317
67.5,126.5,262.28317
67.5,127.5,261.50754
67.5,128.5,259.61838
67.5,129.5,260.0604
67.5,130.5,260.82385
67.5,131.5,261.46826
67.5,132.5,260.78036
67.5,133.5,260.90973
67.5,134.5,260.86188
67.5,135.5,260.80997
67.5,136.5,260.9046
67.5,137.5,260.5138
67.5,138.5,259.47784
67.5,139.5,260.30145
67.5,140.5,260.77908
67.5,141.5,263.01877
67.5,142.5,262.45517
67.5,143.5,261.04462
67.5,144.5,261.49625
67.5,145.5,262.50256
67.5,146.5,262.65784
67.5,147.5,262.18475
67.5,148.5,262.0294
67.5,149.5,262.25195
67.5,150.5,262.8178
67.5,151.5,262.89365
67.5,152.5,262.8672
67.5,153.5,262.64572
67.5,154.5,262.5483
67.5,155.5,262.78345
67.5,156.5,262.70807
67.5,157.5,262.5858
67.5,158.5,262.5064
67.5,159.5,262.91898
67.5,160.5,263.90488
67.5,161.5,263.05408
67.5,162.5,263.13824
67.5,163.5,262.98227
67.5,164.5,263.07516
67.5,165.5,262.05438
67.5,166.5,261.5035
67.5,167.5,261.3723
67.5,168.5,262.1836
67.5,169.5,263.32825
67.5,170.5,263.217
67.5,171.5,263.32706
67.5,172.5,262.97955
67.5,173.5,263.1165
67.5,174.5,264.01123
67.5,175.5,263.94012
67.5,176.5,263.07645
67.5,177.5,262.96402
67.5,178.5,263.9716
67.5,179.5,264.1694
68.5,-179.5,263.83786
68.5,-178.5,264.83832
68.5,-165.5,267.61597
68.5,-164.5,267.56265
68.5,-163.5,267.2261
68.5,-162.5,267.1928
68.5,-161.5,266.4178
68.5,-160.5,265.80615
68.5,-159.5,265.3441
68.5,-158.5,265.644
68.5,-157.5,265.11667
68.5,-156.5,263.95694
68.5,-155.5,263.76
68.5,-154.5,263.7861
68.5,-153.5,263.47607
68.5,-152.5,263.60544
68.5,-151.5,264.07397
68.5,-150.5,263.78583
68.5,-149.5,263.92667
68.5,-148.5,265.246
68.5,-147.5,264.95554
68.5,-146.5,264.15546
68.5,-145.5,263.6469
68.5,-144.5,263.25583
68.5,-143.5,264.1231
68.5,-142.5,263.70108
68.5,-141.5,264.15042
68.5,-140.5,264.85016
68.5,-139.5,265.2396
68.5,-138.5,266.03485
68.5,-137.5,265.474
68.5,-136.5,265.13934
68.5,-135.5,265.93027
68.5,-134.5,266.48087
68.5,-133.5,266.39276
68.5,-132.5,266.0501
68.5,-131.5,265.9619
68.5,-130.5,265.50916
68.5,-129.5,265.441
68.5,-128.5,265.34888
68.5,-127.5,265.01462
68.5,-126.5,264.94012
68.5,-125.5,265.20428
68.5,-124.5,264.79984
68.5,-123.5,264.45746
68.5,-122.5,263.7614
68.5,-121.5,263.35843
68.5,-120.5,262.9069
68.5,-119.5,263.1944
68.5,-118.5,264.21863
68.5,-117.5,264.0321
68.5,-116.5,263.73764
68.5,-115.5,263.70648
68.5,-112.5,263.15213
68.5,-107.5,262.43887
68.5,-106.5,261.96838
68.5,-105.5,262.08142
68.5,-97.5,261.57748
68.5,-96.5,261.73804
68.5,-93.5,261.0386
68.5,-92.5,260.37634
68.5,-91.5,260.50052
68.5,-90.5,261.16168
68.5,-89.5,261.46237
68.5,-88.5,261.48007
68.5,-85.5,260.08624
68.5,-84.5,260.0296
68.5,-83.5,260.15518
68.5,-82.5,261.17267
68.5,-74.5,263.012
68.5,-73.5,262.2871
68.5,-72.5,261.41956
68.5,-71.5,260.49982
68.5,-70.5,260.07343
68.5,-69.5,260.05887
68.5,-68.5,259.8959
68.5,-52.5,267.1673
68.5,-51.5,266.232
68.5,-50.5,265.84067
68.5,-49.5,263.67148
68.5,-48.5,261.59918
68.5,-47.5,260.48456
68.5,-46.5,258.0917
68.5,-45.5,255.797
68.5,-44.5,254.41559
68.5,-43.5,253.71179
68.5,-42.5,253.20491
68.5,-41.5,252.48311
68.5,-40.5,251.81067
68.5,-39.5,251.45656
68.5,-38.5,251.19334
68.5,-37.5,251.1647
68.5,-36.5,251.47798
68.5,-35.5,253.5813
68.5,-34.5,257.80188
68.5,-33.5,261.2807
68.5,-32.5,259.91675
68.5,-31.5,262.50726
68.5,-30.5,262.80405
68.5,15.5,278.02475
68.5,16.5,274.86093
68.5,17.5,271.58334
68.5,18.5,270.17612
68.5,19.5,271.09454
68.5,20.5,270.90366
68.5,21.5,271.48413
68.5,22.5,271.84824
68.5,23.5,272.20532
68.5,24.5,272.37866
68.5,25.5,272.6062
68.5,26.5,272.9574
68.5,27.5,273.2038
68.5,28.5,272.85318
68.5,29.5,272.8677
68.5,30.5,273.016
68.5,31.5,272.51727
68.5,32.5,272.98083
68.5,33.5,273.07016
68.5,34.5,272.90475
68.5,35.5,273.06628
68.5,36.5,273.28284
68.5,37.5,273.92508
68.5,45.5,273.29724
68.5,52.5,271.70193
68.5,53.5,271.48
68.5,55.5,270.77655
68.5,56.5,270.46542
68.5,57.5,270.14297
68.5,58.5,269.85684
68.5,59.5,269.5954
68.5,60.5,269.2887
68.5,61.5,268.61243
68.5,62.5,268.4308
68.5,63.5,268.30603
68.5,64.5,268.19147
68.5,65.5,267.6055
68.5,66.5,267.18655
68.5,67.5,267.38925
68.5,69.5,267.7782
68.5,70.5,267.5674
68.5,71.5,267.44385
68.5,72.5,267.43945
68.5,75.5,267.3422
68.5,76.5,267.18823
68.5,78.5,266.85098
68.5,79.5,266.56897
68.5,80.5,266.57516
68.5,81.5,266.34
68.5,82.5,266.17532
68.5,83.5,266.13922
68.5,84.5,265.99387
68.5,85.5,265.98886
68.5,86.5,266.10504
68.5,87.5,265.81522
68.5,88.5,264.96082
68.5,89.5,265.0181
68.5,90.5,264.98193
68.5,91.5,262.6988
68.5,92.5,262.19562
68.5,93.5,260.5643
68.5,94.5,260.16397
68.5,95.5,260.3237
68.5,96.5,261.25076
68.5,97.5,260.54214
68.5,98.5,261.32114
68.5,99.5,262.46802
68.5,100.5,262.80963
68.5,101.5,263.72675
68.5,102.5,263.80432
68.5,103.5,263.99307
68.5,104.5,263.99188
68.5,105.5,263.62408
68.5,106.5,263.59204
68.5,107.5,263.42432
68.5,108.5,263.19846
68.5,109.5,263.0982
68.5,110.5,263.10336
68.5,111.5,262.6909
68.5,112.5,262.43265
68.5,113.5,262.58716
68.5,114.5,262.77878
68.5,115.5,262.64206
68.5,116.5,262.70486
68.5,117.5,262.60098
68.5,118.5,262.65112
68.5,119.5,262.33786
68.5,120.5,262.52313
68.5,121.5,262.32077
68.5,122.5,262.3364
68.5,123.5,262.19016
68.5,124.5,262.28894
68.5,125.5,262.20877
68.5,126.5,261.7475
68.5,127.5,260.68723
68.5,128.5,259.44183
68.5,129.5,259.0499
68.5,130.5,260.45905
68.5,131.5,262.05237
68.5,132.5,260.75876
68.5,133.5,260.6718
68.5,134.5,261.31363
68.5,135.5,260.4581
68.5,136.5,260.68524
68.5,137.5,261.34238
68.5,138.5,261.96997
68.5,139.5,260.60187
68.5,140.5,261.48395
68.5,141.5,261.41302
68.5,142.5,261.81293
68.5,143.5,262.10043
68.5,144.5,262.1558
68.5,145.5,262.22134
68.5,146.5,262.15228
68.5,147.5,262.2415
68.5,148.5,261.9047
68.5,149.5,262.2834
68.5,150.5,262.50473
68.5,151.5,262.37357
68.5,152.5,262.43396
68.5,153.5,262.41678
68.5,154.5,262.44363
68.5,155.5,262.6568
68.5,156.5,262.80917
68.5,157.5,262.8622
68.5,158.5,262.75943
68.5,159.5,262.9809
68.5,160.5,263.18176
68.5,161.5,263.2789
68.5,162.5,263.38834
68.5,163.5,262.98984
68.5,164.5,262.2102
68.5,165.5,261.84378
68.5,166.5,262.22372
68.5,167.5,262.169
68.5,168.5,262.28638
68.5,169.5,262.98993
68.5,170.5,263.34225
68.5,171.5,263.6376
68.5,172.5,262.76953
68.5,173.5,263.04858
68.5,174.5,262.35593
68.5,175.5,262.86398
68.5,176.5,262.1769
68.5,177.5,262.2912
68.5,178.5,263.07767
68.5,179.5,264.0511
69.5,-162.5,265.87262
69.5,-161.5,265.41913
69.5,-160.5,265.2301
69.5,-159.5,264.9955
69.5,-158.5,264.8672
69.5,-157.5,264.62134
69.5,-156.5,264.4265
69.5,-155.5,264.516
69.5,-154.5,264.5771
69.5,-153.5,264.54373
69.5,-152.5,264.32828
69.5,-151.5,264.22635
69.5,-150.5,264.32254
69.5,-149.5,264.38284
69.5,-148.5,264.24658
69.5,-147.5,264.3817
69.5,-146.5,264.50732
69.5,-145.5,265.07645
69.5,-144.5,263.6545
69.5,-143.5,262.92862
69.5,-142.5,263.65173
69.5,-141.5,262.90494
69.5,-140.5,263.30984
69.5,-139.5,263.4738
69.5,-134.5,265.60968
69.5,-132.5,265.3931
69.5,-131.5,265.2537
69.5,-130.5,265.19263
69.5,-129.5,264.73495
69.5,-128.5,264.41278
69.5,-127.5,264.0621
69.5,-126.5,264.09503
69.5,-125.5,263.5526
69.5,-124.5,263.99606
69.5,-122.5,263.887
69.5,-121.5,263.1801
69.5,-116.5,262.6199
69.5,-115.5,262.6507
69.5,-114.5,262.02417
69.5,-113.5,262.07166
69.5,-112.5,262.02386
69.5,-111.5,261.7273
69.5,-110.5,261.59833
69.5,-109.5,261.27063
69.5,-108.5,261.00363
69.5,-107.5,261.06406
69.5,-106.5,260.90408
69.5,-105.5,260.96722
69.5,-104.5,260.8284
69.5,-103.5,260.87448
69.5,-102.5,261.06836
69.5,-97.5,260.8659
69.5,-96.5,260.99048
69.5,-94.5,260.5402
69.5,-93.5,260.79944
69.5,-92.5,260.5889
69.5,-91.5,260.47345
69.5,-84.5,260.73813
69.5,-83.5,260.84985
69.5,-82.5,261.36545
69.5,-76.5,261.48044
69.5,-75.5,260.929
69.5,-74.5,260.5993
69.5,-73.5,259.22684
69.5,-72.5,258.89514
69.5,-71.5,259.19803
69.5,-70.5,258.1403
69.5,-69.5,258.03357
69.5,-68.5,260.42838
69.5,-67.5,261.73206
69.5,-53.5,264.04462
69.5,-50.5,266.47452
69.5,-49.5,263.97852
69.5,-48.5,261.09372
69.5,-47.5,258.67572
69.5,-46.5,256.53
69.5,-45.5,254.84656
69.5,-44.5,253.79247
69.5,-43.5,252.98715
69.5,-42.5,252.28722
69.5,-41.5,251.66986
69.5,-40.5,251.07419
69.5,-39.5,250.52577
69.5,-38.5,249.99982
69.5,-37.5,249.73462
69.5,-36.5,249.86134
69.5,-35.5,251.08311
69.5,-34.5,253.08698
69.5,-33.5,254.54807
69.5,-32.5,254.8265
69.5,-31.5,254.50177
69.5,-30.5,255.93692
69.5,-29.5,257.70786
69.5,-28.5,259.71378
69.5,-27.5,259.96042
69.5,-26.5,260.36905
69.5,-25.5,262.10184
69.5,18.5,275.2528
69.5,19.5,273.51657
69.5,20.5,271.67886
69.5,21.5,271.6814
69.5,22.5,271.58005
69.5,23.5,271.93842
69.5,24.5,271.67682
69.5,25.5,271.83627
69.5,26.5,272.12277
69.5,27.5,272.95428
69.5,28.5,273.07187
69.5,29.5,273.56894
69.5,30.5,273.87375
69.5,31.5,273.97446
69.5,32.5,274.04016
69.5,60.5,269.57886
69.5,61.5,268.8916
69.5,62.5,268.4879
69.5,63.5,268.62482
69.5,68.5,267.6941
69.5,69.5,267.457
69.5,70.5,267.274
69.5,71.5,267.2299
69.5,72.5,267.16553
69.5,74.5,266.90863
69.5,75.5,266.57425
69.5,76.5,266.45218
69.5,77.5,266.28568
69.5,78.5,266.1752
69.5,79.5,265.8967
69.5,80.5,265.88168
69.5,81.5,265.86404
69.5,82.5,265.73062
69.5,83.5,265.7752
69.5,84.5,265.51813
69.5,85.5,265.55637
69.5,86.5,265.62228
69.5,87.5,265.28732
69.5,88.5,264.90582
69.5,89.5,263.81622
69.5,90.5,263.5405
69.5,91.5,261.41983
69.5,92.5,261.0114
69.5,93.5,260.73407
69.5,94.5,261.43906
69.5,95.5,262.11234
69.5,96.5,262.4963
69.5,97.5,261.41623
69.5,98.5,261.82785
69.5,99.5,262.66702
69.5,100.5,263.01324
69.5,101.5,262.9877
69.5,102.5,262.84915
69.5,103.5,262.79697
69.5,104.5,262.79675
69.5,105.5,262.37585
69.5,106.5,261.9773
69.5,107.5,261.51013
69.5,108.5,260.9258
69.5,109.5,260.94067
69.5,110.5,262.2847
69.5,111.5,262.5788
69.5,112.5,262.8785
69.5,113.5,262.65164
69.5,114.5,262.72012
69.5,115.5,262.57413
69.5,116.5,262.4938
69.5,117.5,262.13605
69.5,118.5,262.00308
69.5,119.5,261.96057
69.5,120.5,261.85648
69.5,121.5,261.79202
69.5,122.5,261.8526
69.5,123.5,261.99176
69.5,124.5,262.03824
69.5,125.5,261.96442
69.5,126.5,262.22873
69.5,127.5,261.53485
69.5,128.5,259.94022
69.5,129.5,259.6316
69.5,130.5,260.28305
69.5,131.5,261.24963
69.5,132.5,261.29385
69.5,133.5,260.783
69.5,134.5,260.3551
69.5,135.5,261.7603
69.5,136.5,261.60507
69.5,137.5,261.38962
69.5,138.5,261.2635
69.5,139.5,260.0337
69.5,140.5,260.22357
69.5,141.5,260.9763
69.5,142.5,261.75348
69.5,143.5,261.80203
69.5,144.5,261.79044
69.5,145.5,262.0262
69.5,146.5,261.88745
69.5,147.5,261.65402
69.5,148.5,261.3731
69.5,149.5,261.65558
69.5,150.5,261.68573
69.5,151.5,261.57956
69.5,152.5,261.5015
69.5,153.5,261.57404
69.5,154.5,261.83887
69.5,155.5,261.9567
69.5,156.5,262.09537
69.5,157.5,262.21
69.5,158.5,262.2874
69.5,159.5,262.40442
69.5,160.5,262.6753
69.5,161.5,262.68048
69.5,162.5,261.75574
69.5,163.5,262.30548
69.5,164.5,261.3966
69.5,165.5,261.11002
69.5,166.5,262.28308
69.5,167.5,263.0967
69.5,168.5,263.54987
69.5,171.5,263.1581
69.5,172.5,263.48834
69.5,173.5,262.78656
69.5,174.5,262.94656
69.5,175.5,263.2848
69.5,176.5,263.60605
69.5,177.5,262.94308
70.5,-159.5,265.45108
70.5,-158.5,265.16162
70.5,-157.5,264.99686
70.5,-156.5,264.94553
70.5,-155.5,264.8708
70.5,-154.5,264.7371
70.5,-153.5,264.56058
70.5,-152.5,264.44934
70.5,-116.5,260.8857
70.5,-115.5,260.69617
70.5,-114.5,260.48074
70.5,-113.5,260.59354
70.5,-112.5,260.63092
70.5,-111.5,260.62717
70.5,-110.5,260.65073
70.5,-109.5,260.38382
70.5,-108.5,260.44373
70.5,-107.5,260.27536
70.5,-106.5,260.29865
70.5,-105.5,260.11008
70.5,-104.5,260.34393
70.5,-103.5,260.27167
70.5,-95.5,259.6076
70.5,-94.5,259.45258
70.5,-93.5,260.10706
70.5,-92.5,260.2083
70.5,-88.5,260.462
70.5,-87.5,260.42273
70.5,-86.5,260.10907
70.5,-85.5,260.01642
70.5,-84.5,259.8112
70.5,-83.5,259.61813
70.5,-82.5,260.28293
70.5,-81.5,260.72433
70.5,-80.5,260.95035
70.5,-79.5,260.82718
70.5,-78.5,260.82083
70.5,-77.5,260.1897
70.5,-76.5,259.44733
70.5,-75.5,259.16937
70.5,-74.5,258.05212
70.5,-73.5,255.45287
70.5,-72.5,255.971
70.5,-71.5,257.01584
70.5,-70.5,258.01816
70.5,-69.5,259.56454
70.5,-53.5,264.54956
70.5,-52.5,265.85376
70.5,-51.5,263.2593
70.5,-50.5,263.27832
70.5,-49.5,261.59378
70.5,-48.5,259.74234
70.5,-47.5,257.0375
70.5,-46.5,254.76202
70.5,-45.5,253.4599
70.5,-44.5,252.65135
70.5,-43.5,251.96211
70.5,-42.5,251.30786
70.5,-41.5,250.66982
70.5,-40.5,250.0722
70.5,-39.5,249.58391
70.5,-38.5,249.04663
70.5,-37.5,248.7359
70.5,-36.5,248.68953
70.5,-35.5,248.92534
70.5,-34.5,249.41501
70.5,-33.5,250.21295
70.5,-32.5,251.41682
70.5,-31.5,254.23683
70.5,-30.5,257.63742
70.5,-29.5,258.80133
70.5,-28.5,258.96774
70.5,-27.5,260.27066
70.5,-23.5,265.1804
70.5,23.5,274.4221
70.5,24.5,274.04794
70.5,25.5,273.24072
70.5,26.5,273.14316
70.5,27.5,273.54025
70.5,28.5,273.61896
70.5,29.5,274.54684
70.5,67.5,267.63486
70.5,68.5,267.3109
70.5,69.5,266.99734
70.5,70.5,266.88297
70.5,71.5,266.8916
70.5,72.5,266.85443
70.5,74.5,266.3739
70.5,75.5,266.1635
70.5,76.5,265.87674
70.5,77.5,265.80637
70.5,78.5,265.69983
70.5,79.5,265.54102
70.5,80.5,265.3283
70.5,81.5,265.488
70.5,82.5,265.53607
70.5,83.5,265.24762
70.5,84.5,265.13324
70.5,85.5,264.87158
70.5,86.5,264.85587
70.5,87.5,264.9143
70.5,88.5,264.90018
70.5,89.5,264.27463
70.5,90.5,263.8277
70.5,91.5,263.77142
70.5,92.5,263.69504
70.5,93.5,263.82495
70.5,94.5,263.57373
70.5,95.5,263.89917
70.5,96.5,263.49
70.5,97.5,263.73343
70.5,98.5,263.72168
70.5,99.5,263.9398
70.5,100.5,263.71655
70.5,101.5,262.82623
70.5,102.5,262.398
70.5,103.5,262.1311
70.5,104.5,261.67944
70.5,105.5,261.25204
70.5,106.5,261.21527
70.5,107.5,261.04608
70.5,108.5,261.10638
70.5,109.5,261.18387
70.5,110.5,261.99048
70.5,111.5,262.42953
70.5,112.5,262.54523
70.5,113.5,262.35516
70.5,114.5,262.32254
70.5,115.5,262.2223
70.5,116.5,262.16638
70.5,117.5,262.11618
70.5,118.5,261.99823
70.5,119.5,261.77032
70.5,120.5,261.28162
70.5,121.5,261.19437
70.5,122.5,261.0929
70.5,123.5,260.90204
70.5,124.5,261.22534
70.5,125.5,261.77017
70.5,126.5,261.4741
70.5,127.5,260.78723
70.5,128.5,260.20984
70.5,129.5,260.07077
70.5,130.5,261.02347
70.5,131.5,261.67697
70.5,132.5,261.92404
70.5,133.5,261.66724
70.5,134.5,261.33524
70.5,135.5,261.45554
70.5,136.5,261.56308
70.5,137.5,261.8025
70.5,138.5,261.81815
70.5,139.5,261.71594
70.5,140.5,261.94235
70.5,141.5,261.99835
70.5,142.5,261.8116
70.5,143.5,261.701
70.5,144.5,261.77457
70.5,145.5,261.72345
70.5,146.5,261.76172
70.5,147.5,261.61786
70.5,148.5,261.17746
70.5,149.5,260.95944
70.5,150.5,261.24484
70.5,151.5,261.43704
70.5,152.5,261.40274
70.5,153.5,261.61423
70.5,154.5,261.81708
70.5,155.5,261.88687
70.5,156.5,261.92563
70.5,157.5,261.96564
70.5,158.5,262.0701
70.5,159.5,262.1979
71.5,-179.5,263.22726
71.5,-178.5,263.78995
71.5,-123.5,262.00235
71.5,-122.5,261.56567
71.5,-121.5,261.47772
71.5,-117.5,260.74594
71.5,-116.5,260.39346
71.5,-115.5,259.3737
71.5,-114.5,259.7033
71.5,-113.5,259.77567
71.5,-112.5,259.28793
71.5,-111.5,259.36243
71.5,-110.5,259.54263
71.5,-109.5,260.05255
71.5,-108.5,260.32227
71.5,-107.5,260.30646
71.5,-106.5,259.97598
71.5,-105.5,260.19232
71.5,-98.5,260.0575
71.5,-95.5,259.41946
71.5,-94.5,259.0584
71.5,-93.5,259.79416
71.5,-89.5,260.28287
71.5,-88.5,259.9328
71.5,-87.5,259.92096
71.5,-86.5,260.4532
71.5,-85.5,260.6409
71.5,-84.5,260.21503
71.5,-83.5,259.49008
71.5,-82.5,259.60114
71.5,-81.5,259.76572
71.5,-80.5,259.78342
71.5,-79.5,259.85443
71.5,-78.5,259.7999
71.5,-77.5,258.98068
71.5,-76.5,256.86798
71.5,-75.5,256.94986
71.5,-74.5,258.3109
71.5,-72.5,258.55444
71.5,-54.5,263.64017
71.5,-51.5,261.06998
71.5,-50.5,259.16852
71.5,-49.5,257.659
71.5,-48.5,256.13492
71.5,-47.5,254.3256
71.5,-46.5,253.01328
71.5,-45.5,252.15884
71.5,-44.5,251.45174
71.5,-43.5,250.84338
71.5,-42.5,250.2355
71.5,-41.5,249.63258
71.5,-40.5,249.04408
71.5,-39.5,248.52275
71.5,-38.5,248.07146
71.5,-37.5,247.84863
71.5,-36.5,247.88892
71.5,-35.5,248.26653
71.5,-34.5,248.97046
71.5,-33.5,249.87094
71.5,-32.5,251.02646
71.5,-31.5,253.0484
71.5,-30.5,256.00668
71.5,-29.5,259.60416
71.5,-28.5,259.67224
71.5,-27.5,257.4725
71.5,-26.5,254.87701
71.5,-24.5,263.85245
71.5,-23.5,265.43274
71.5,-22.5,263.7741
71.5,52.5,270.64392
71.5,53.5,269.1235
71.5,54.5,268.0773
71.5,55.5,268.93243
71.5,68.5,266.98245
71.5,69.5,266.59732
71.5,70.5,266.4038
71.5,71.5,266.47668
71.5,73.5,266.1738
71.5,74.5,266.03207
71.5,75.5,265.61658
71.5,76.5,265.45926
71.5,77.5,265.4994
71.5,78.5,265.34854
71.5,79.5,265.18604
71.5,80.5,265.01337
71.5,81.5,265.03986
71.5,82.5,265.07764
71.5,83.5,264.69165
71.5,84.5,264.42847
71.5,85.5,264.25894
71.5,86.5,264.10065
71.5,87.5,264.11502
71.5,88.5,264.1259
71.5,89.5,264.17346
71.5,90.5,264.00262
71.5,91.5,263.7768
71.5,92.5,263.76248
71.5,93.5,263.57358
71.5,94.5,263.5635
71.5,95.5,263.63657
71.5,96.5,263.56186
71.5,97.5,263.531
71.5,98.5,263.6644
71.5,99.5,263.65405
71.5,100.5,263.6022
71.5,101.5,263.5525
71.5,102.5,263.09573
71.5,103.5,262.7894
71.5,104.5,262.08768
71.5,105.5,261.80457
71.5,106.5,261.72
71.5,107.5,261.7342
71.5,108.5,261.8469
71.5,109.5,261.71594
71.5,110.5,261.96945
71.5,111.5,262.16486
71.5,112.5,261.97836
71.5,113.5,261.86447
71.5,114.5,261.7758
71.5,115.5,261.77457
71.5,116.5,261.7757
71.5,117.5,261.82623
71.5,118.5,261.61603
71.5,119.5,261.60236
71.5,120.5,261.60837
71.5,121.5,261.4953
71.5,122.5,261.53766
71.5,123.5,261.10547
71.5,124.5,261.0034
71.5,125.5,260.54248
71.5,126.5,260.8492
71.5,127.5,261.34064
71.5,128.5,261.0963
71.5,132.5,262.1925
71.5,133.5,261.927
71.5,135.5,261.86533
71.5,136.5,261.8771
71.5,137.5,261.90424
71.5,138.5,261.9969
71.5,139.5,261.9299
71.5,140.5,261.79596
71.5,141.5,261.60376
71.5,142.5,261.56784
71.5,143.5,261.52835
71.5,144.5,261.53833
71.5,145.5,261.56323
71.5,146.5,261.50995
71.5,147.5,261.4675
71.5,148.5,261.48184
71.5,149.5,261.61014
71.5,150.5,261.6833
72.5,-124.5,261.44678
72.5,-123.5,260.67322
72.5,-122.5,260.3122
72.5,-121.5,260.45425
72.5,-120.5,260.43362
72.5,-119.5,260.67587
72.5,-118.5,260.5287
72.5,-117.5,260.1946
72.5,-116.5,259.80487
72.5,-115.5,259.35394
72.5,-114.5,259.24728
72.5,-113.5,259.63498
72.5,-112.5,259.72214
72.5,-111.5,259.08817
72.5,-110.5,258.4687
72.5,-109.5,259.67972
72.5,-107.5,259.89355
72.5,-106.5,259.64578
72.5,-105.5,259.9435
72.5,-101.5,260.1057
72.5,-100.5,259.83734
72.5,-99.5,259.4827
72.5,-98.5,259.31516
72.5,-97.5,259.5044
72.5,-94.5,259.44186
72.5,-89.5,259.81595
72.5,-88.5,259.28113
72.5,-87.5,259.57867
72.5,-86.5,260.0726
72.5,-85.5,259.75287
72.5,-84.5,259.40128
72.5,-83.5,258.6057
72.5,-82.5,258.5282
72.5,-81.5,259.60022
72.5,-80.5,260.58536
72.5,-79.5,259.59293
72.5,-78.5,258.41238
72.5,-77.5,258.2147
72.5,-76.5,257.4938
72.5,-55.5,264.94827
72.5,-54.5,263.10568
72.5,-53.5,261.54126
72.5,-52.5,259.29446
72.5,-51.5,257.38687
72.5,-50.5,255.81393
72.5,-49.5,254.56519
72.5,-48.5,253.29662
72.5,-47.5,252.19577
72.5,-46.5,251.3976
72.5,-45.5,250.61745
72.5,-44.5,249.92552
72.5,-43.5,249.49088
72.5,-42.5,249.02406
72.5,-41.5,248.51471
72.5,-40.5,247.9681
72.5,-39.5,247.55981
72.5,-38.5,247.30402
72.5,-37.5,247.30154
72.5,-36.5,247.55382
72.5,-35.5,247.98363
72.5,-34.5,248.7023
72.5,-33.5,249.57442
72.5,-32.5,250.77289
72.5,-31.5,252.15437
72.5,-30.5,253.9649
72.5,-29.5,256.6779
72.5,-28.5,257.31018
72.5,-27.5,255.68991
72.5,-26.5,257.2875
72.5,-25.5,259.8331
72.5,-23.5,263.51758
72.5,53.5,267.99716
72.5,54.5,266.62848
72.5,55.5,267.70465
72.5,69.5,266.36996
72.5,70.5,266.0702
72.5,71.5,266.02548
72.5,72.5,266.1044
72.5,81.5,264.14337
72.5,82.5,263.7991
72.5,83.5,263.7197
72.5,84.5,263.58197
72.5,85.5,263.59415
72.5,86.5,263.4592
72.5,87.5,263.4566
72.5,88.5,263.38443
72.5,89.5,263.2468
72.5,90.5,263.1739
72.5,91.5,262.956
72.5,92.5,262.91632
72.5,93.5,262.7728
72.5,94.5,262.5691
72.5,95.5,262.58487
72.5,96.5,262.70062
72.5,97.5,262.41776
72.5,98.5,262.37546
72.5,99.5,262.43674
72.5,100.5,262.37085
72.5,101.5,262.32587
72.5,102.5,262.41666
72.5,103.5,262.3695
72.5,104.5,262.26047
72.5,105.5,262.26147
72.5,106.5,261.94833
72.5,107.5,261.7715
72.5,108.5,261.763
72.5,109.5,261.85336
72.5,110.5,261.93378
72.5,111.5,261.75726
72.5,112.5,261.67926
72.5,113.5,261.7505
72.5,114.5,261.59094
72.5,115.5,261.54553
72.5,116.5,261.3653
72.5,117.5,261.28235
72.5,118.5,261.18256
72.5,119.5,261.1852
72.5,120.5,261.18307
72.5,121.5,261.2094
72.5,122.5,261.10217
72.5,123.5,261.4214
72.5,124.5,261.0628
72.5,125.5,261.1477
72.5,126.5,261.60992
72.5,127.5,261.51465
72.5,128.5,261.915
72.5,140.5,261.74637
72.5,141.5,261.58722
72.5,142.5,261.61978
72.5,143.5,261.61954
72.5,144.5,261.65536
73.5,-123.5,260.11737
73.5,-122.5,259.64017
73.5,-121.5,259.3813
73.5,-120.5,259.19873
73.5,-119.5,259.43173
73.5,-118.5,259.17838
73.5,-117.5,259.2513
73.5,-116.5,259.63974
73.5,-106.5,260.13104
73.5,-105.5,259.82318
73.5,-100.5,259.5917
73.5,-99.5,259.16107
73.5,-98.5,259.24158
73.5,-97.5,259.53476
73.5,-95.5,259.1141
73.5,-94.5,258.69788
73.5,-93.5,258.75052
73.5,-92.5,258.8663
73.5,-91.5,259.076
73.5,-88.5,258.74304
73.5,-87.5,259.5259
73.5,-86.5,259.88348
73.5,-83.5,258.78845
73.5,-82.5,258.59512
73.5,-81.5,259.21527
73.5,-80.5,261.8319
73.5,-79.5,259.17154
73.5,-78.5,255.86212
73.5,-77.5,257.3678
73.5,-55.5,262.18393
73.5,-54.5,261.85953
73.5,-53.5,259.1223
73.5,-52.5,256.70428
73.5,-51.5,254.85274
73.5,-50.5,253.46072
73.5,-49.5,253.09149
73.5,-48.5,252.70709
73.5,-47.5,251.81631
73.5,-46.5,250.6496
73.5,-45.5,249.61272
73.5,-44.5,248.90567
73.5,-43.5,248.47054
73.5,-42.5,248.15602
73.5,-41.5,247.82127
73.5,-40.5,247.55753
73.5,-39.5,247.36488
73.5,-38.5,247.32265
73.5,-37.5,247.53314
73.5,-36.5,247.84894
73.5,-35.5,248.21654
73.5,-34.5,248.66742
73.5,-33.5,249.16034
73.5,-32.5,249.72356
73.5,-31.5,250.80986
73.5,-30.5,251.9308
73.5,-29.5,253.43523
73.5,-28.5,254.92284
73.5,-27.5,256.1236
73.5,-26.5,256.76752
73.5,-25.5,260.1503
73.5,-24.5,258.57605
73.5,-23.5,259.83463
73.5,-22.5,262.17236
73.5,-21.5,263.19724
73.5,54.5,267.19897
73.5,55.5,264.9321
73.5,56.5,265.5474
73.5,81.5,264.06775
73.5,82.5,263.38922
73.5,83.5,263.37128
73.5,84.5,263.34268
73.5,85.5,263.17892
73.5,86.5,263.22134
73.5,87.5,263.09622
73.5,88.5,262.73416
73.5,89.5,262.3039
73.5,90.5,262.35513
73.5,91.5,261.92932
73.5,92.5,261.7726
73.5,93.5,261.3018
73.5,94.5,261.52856
73.5,95.5,261.17368
73.5,96.5,261.59985
73.5,97.5,261.68463
73.5,98.5,261.65683
73.5,99.5,261.6921
73.5,100.5,261.44992
73.5,101.5,261.395
73.5,102.5,261.39713
73.5,103.5,261.4037
73.5,104.5,261.45145
73.5,105.5,261.62344
73.5,106.5,261.51242
73.5,107.5,261.3426
73.5,108.5,261.5638
73.5,109.5,261.9453
73.5,110.5,261.9515
73.5,111.5,261.75488
73.5,112.5,261.60864
73.5,113.5,261.53183
73.5,114.5,261.55853
73.5,115.5,261.3759
73.5,116.5,261.11523
73.5,117.5,261.0713
73.5,124.5,261.83286
73.5,125.5,261.8031
73.5,127.5,262.02118
73.5,141.5,261.8594
73.5,142.5,261.71848
74.5,-121.5,258.80554
74.5,-112.5,259.2663
74.5,-87.5,258.48434
74.5,-86.5,257.85638
74.5,-55.5,260.29648
74.5,-54.5,259.86005
74.5,-53.5,258.53067
74.5,-52.5,256.49875
74.5,-51.5,254.87212
74.5,-50.5,253.86212
74.5,-49.5,253.38564
74.5,-48.5,252.68364
74.5,-47.5,251.92714
74.5,-46.5,250.89467
74.5,-45.5,249.7673
74.5,-44.5,248.83269
74.5,-43.5,248.13472
74.5,-42.5,247.71811
74.5,-41.5,247.52574
74.5,-40.5,247.51826
74.5,-39.5,247.58084
74.5,-38.5,247.7261
74.5,-37.5,247.95148
74.5,-36.5,248.25453
74.5,-35.5,248.58977
74.5,-34.5,248.94217
74.5,-33.5,249.20784
74.5,-32.5,249.47719
74.5,-31.5,250.08786
74.5,-30.5,250.70372
74.5,-29.5,251.58272
74.5,-28.5,252.75865
74.5,-27.5,254.31775
74.5,-26.5,255.65514
74.5,-25.5,256.9313
74.5,-24.5,257.8872
74.5,-23.5,258.55612
74.5,-22.5,261.26938
74.5,-21.5,260.35104
74.5,-20.5,262.7694
74.5,57.5,264.07205
74.5,58.5,264.03934
74.5,86.5,263.37558
74.5,87.5,263.2291
74.5,88.5,262.5744
74.5,89.5,262.06717
74.5,90.5,261.72745
74.5,91.5,261.37112
74.5,92.5,261.4665
74.5,93.5,261.28604
74.5,94.5,260.99918
74.5,95.5,261.11472
74.5,96.5,261.1677
74.5,97.5,261.17944
74.5,98.5,260.97824
74.5,99.5,261.01807
74.5,100.5,261.1417
74.5,101.5,260.79254
74.5,102.5,260.54944
74.5,103.5,260.84286
74.5,104.5,261.30743
74.5,105.5,260.8184
74.5,106.5,260.74252
74.5,107.5,260.5464
74.5,108.5,260.93326
74.5,109.5,261.20853
74.5,110.5,261.0053
74.5,112.5,261.57715
75.5,-116.5,258.10495
75.5,-115.5,258.07776
75.5,-114.5,258.34924
75.5,-113.5,258.2578
75.5,-112.5,258.2538
75.5,-111.5,258.70862
75.5,-110.5,258.42642
75.5,-109.5,258.14255
75.5,-108.5,258.09125
75.5,-107.5,258.15433
75.5,-106.5,258.10892
75.5,-100.5,258.79907
75.5,-99.5,258.76123
75.5,-98.5,258.61856
75.5,-95.5,259.17682
75.5,-94.5,259.14264
75.5,-91.5,258.01743
75.5,-90.5,257.8449
75.5,-89.5,257.74817
75.5,-88.5,257.49368
75.5,-87.5,257.0354
75.5,-85.5,257.17038
75.5,-84.5,257.0452
75.5,-83.5,257.46457
75.5,-82.5,256.89636
75.5,-81.5,256.49045
75.5,-57.5,261.64352
75.5,-56.5,260.81458
75.5,-55.5,259.65445
75.5,-54.5,258.52225
75.5,-53.5,257.15964
75.5,-52.5,255.4766
75.5,-51.5,253.93661
75.5,-50.5,253.18376
75.5,-49.5,252.95932
75.5,-48.5,252.33171
75.5,-47.5,251.65147
75.5,-46.5,250.79509
75.5,-45.5,249.9873
75.5,-44.5,249.10297
75.5,-43.5,248.3045
75.5,-42.5,247.78906
75.5,-41.5,247.66072
75.5,-40.5,247.79352
75.5,-39.5,247.95024
75.5,-38.5,247.95534
75.5,-37.5,248.03578
75.5,-36.5,248.04669
75.5,-35.5,248.13045
75.5,-34.5,248.33955
75.5,-33.5,248.54636
75.5,-32.5,248.84106
75.5,-31.5,249.51111
75.5,-30.5,250.59111
75.5,-29.5,251.63892
75.5,-28.5,252.27336
75.5,-27.5,252.66153
75.5,-26.5,252.90889
75.5,-25.5,253.50754
75.5,-24.5,255.75035
75.5,-23.5,257.7305
75.5,-22.5,258.1328
75.5,-21.5,257.211
75.5,-20.5,262.82974
75.5,59.5,266.33853
75.5,60.5,265.4803
75.5,61.5,263.99786
75.5,90.5,262.311
75.5,91.5,262.1003
75.5,92.5,261.81973
75.5,93.5,261.75296
75.5,94.5,261.95712
75.5,95.5,261.94385
75.5,96.5,261.87335
75.5,97.5,261.53995
75.5,98.5,261.1972
75.5,99.5,261.2605
75.5,100.5,261.1447
75.5,101.5,260.93164
75.5,102.5,260.6075
75.5,103.5,260.68243
75.5,104.5,260.53
75.5,105.5,260.03757
75.5,106.5,260.0129
75.5,107.5,259.3945
75.5,108.5,259.78198
75.5,109.5,260.02798
75.5,110.5,260.26068
75.5,111.5,261.02994
75.5,112.5,261.64136
75.5,113.5,261.78702
75.5,137.5,261.6743
75.5,138.5,261.28995
75.5,139.5,261.43787
75.5,140.5,261.64517
75.5,141.5,261.73798
75.5,143.5,261.9584
75.5,144.5,261.89517
76.5,-121.5,258.32404
76.5,-120.5,258.11456
76.5,-119.5,258.11346
76.5,-117.5,258.8354
76.5,-116.5,258.3283
76.5,-114.5,258.08334
76.5,-109.5,258.49512
76.5,-108.5,258.19867
76.5,-99.5,258.1104
76.5,-98.5,258.3248
76.5,-95.5,257.9724
76.5,-94.5,258.26376
76.5,-92.5,257.8125
76.5,-91.5,257.40482
76.5,-88.5,257.91266
76.5,-87.5,257.76318
76.5,-86.5,256.16946
76.5,-85.5,256.20648
76.5,-84.5,256.42123
76.5,-83.5,257.78574
76.5,-82.5,258.41254
76.5,-81.5,257.03778
76.5,-80.5,256.6864
76.5,-68.5,258.58496
76.5,-67.5,258.33066
76.5,-66.5,259.1133
76.5,-65.5,259.5812
76.5,-64.5,259.35443
76.5,-63.5,259.47046
76.5,-62.5,258.90945
76.5,-61.5,258.89023
76.5,-60.5,259.62024
76.5,-59.5,259.75705
76.5,-58.5,259.04517
76.5,-57.5,257.79376
76.5,-56.5,256.98355
76.5,-55.5,256.14105
76.5,-54.5,254.80954
76.5,-53.5,253.75357
76.5,-52.5,252.78505
76.5,-51.5,252.2694
76.5,-50.5,251.81427
76.5,-49.5,251.28004
76.5,-48.5,250.71077
76.5,-47.5,250.02486
76.5,-46.5,249.48972
76.5,-45.5,249.04112
76.5,-44.5,248.74934
76.5,-43.5,248.53981
76.5,-42.5,248.35608
76.5,-41.5,248.25687
76.5,-40.5,248.20361
76.5,-39.5,248.13188
76.5,-38.5,248.2103
76.5,-37.5,248.49557
76.5,-36.5,248.83089
76.5,-35.5,249.14653
76.5,-34.5,249.32008
76.5,-33.5,249.4033
76.5,-32.5,249.54259
76.5,-31.5,249.87263
76.5,-30.5,250.40298
76.5,-29.5,250.82402
76.5,-28.5,250.81845
76.5,-27.5,251.1009
76.5,-26.5,252.33238
76.5,-25.5,255.36884
76.5,-24.5,259.09567
76.5,-23.5,259.8085
76.5,-22.5,259.70493
76.5,-21.5,259.65854
76.5,66.5,266.2557
76.5,67.5,265.46338
76.5,101.5,261.84573
76.5,102.5,261.39752
76.5,103.5,260.69113
76.5,104.5,260.6628
76.5,105.5,260.69025
76.5,106.5,260.59515
76.5,107.5,260.81677
76.5,108.5,260.89825
76.5,109.5,260.67953
76.5,110.5,260.9144
76.5,111.5,261.52896
77.5,-112.5,258.15198
77.5,-111.5,257.9857
77.5,-87.5,258.23743
77.5,-86.5,257.9405
77.5,-85.5,256.92358
77.5,-84.5,256.1105
77.5,-83.5,255.73499
77.5,-82.5,256.63272
77.5,-81.5,255.29953
77.5,-80.5,254.28441
77.5,-79.5,254.78532
77.5,-69.5,257.33163
77.5,-68.5,255.12569
77.5,-67.5,253.21106
77.5,-66.5,255.17598
77.5,-65.5,256.5627
77.5,-64.5,255.84361
77.5,-63.5,255.37311
77.5,-62.5,255.36224
77.5,-61.5,255.85182
77.5,-60.5,256.3844
77.5,-59.5,256.06735
77.5,-58.5,255.2722
77.5,-57.5,254.09009
77.5,-56.5,252.86887
77.5,-55.5,251.7622
77.5,-54.5,250.93813
77.5,-53.5,250.40045
77.5,-52.5,249.94666
77.5,-51.5,249.71443
77.5,-50.5,249.55495
77.5,-49.5,249.37498
77.5,-48.5,249.11247
77.5,-47.5,248.71399
77.5,-46.5,248.28798
77.5,-45.5,247.95987
77.5,-44.5,247.70331
77.5,-43.5,247.53206
77.5,-42.5,247.47212
77.5,-41.5,247.53548
77.5,-40.5,247.74615
77.5,-39.5,248.05026
77.5,-38.5,248.33658
77.5,-37.5,248.60777
77.5,-36.5,248.92729
77.5,-35.5,249.29477
77.5,-34.5,249.6698
77.5,-33.5,250.14114
77.5,-32.5,250.53236
77.5,-31.5,250.95305
77.5,-30.5,251.42088
77.5,-29.5,251.90598
77.5,-28.5,252.58115
77.5,-27.5,253.21838
77.5,-26.5,254.07802
77.5,-25.5,255.56352
77.5,-24.5,258.32556
77.5,-23.5,260.51883
77.5,-22.5,260.73853
77.5,-21.5,259.5702
77.5,-20.5,259.70102
77.5,15.5,266.33948
77.5,103.5,261.64456
77.5,104.5,261.9395
78.5,-110.5,257.8463
78.5,-103.5,257.7194
78.5,-102.5,257.53082
78.5,-101.5,257.59848
78.5,-100.5,257.59485
78.5,-97.5,257.58997
78.5,-96.5,257.54276
78.5,-92.5,256.5797
78.5,-91.5,255.9879
78.5,-90.5,257.16608
78.5,-89.5,256.903
78.5,-88.5,256.2013
78.5,-86.5,259.18405
78.5,-85.5,257.94498
78.5,-84.5,257.7116
78.5,-83.5,258.18417
78.5,-82.5,256.6799
78.5,-81.5,256.20035
78.5,-80.5,253.18636
78.5,-79.5,253.65291
78.5,-78.5,254.1028
78.5,-77.5,253.95917
78.5,-76.5,255.85318
78.5,-71.5,257.57596
78.5,-70.5,256.12448
78.5,-69.5,256.66193
78.5,-68.5,256.6998
78.5,-67.5,255.98853
78.5,-66.5,255.82452
78.5,-65.5,255.66743
78.5,-64.5,255.68452
78.5,-63.5,255.49774
78.5,-62.5,255.35027
78.5,-61.5,255.5291
78.5,-60.5,255.92412
78.5,-59.5,255.94817
78.5,-58.5,255.06862
78.5,-57.5,253.82454
78.5,-56.5,252.62941
78.5,-55.5,251.87477
78.5,-54.5,251.35556
78.5,-53.5,250.92473
78.5,-52.5,250.48457
78.5,-51.5,250.11618
78.5,-50.5,249.73802
78.5,-49.5,249.44678
78.5,-48.5,249.22794
78.5,-47.5,248.96808
78.5,-46.5,248.70325
78.5,-45.5,248.49011
78.5,-44.5,248.2591
78.5,-43.5,248.05595
78.5,-42.5,248.03613
78.5,-41.5,248.16272
78.5,-40.5,248.34995
78.5,-39.5,248.55759
78.5,-38.5,248.78235
78.5,-37.5,249.11331
78.5,-36.5,249.54791
78.5,-35.5,249.93286
78.5,-34.5,250.33987
78.5,-33.5,250.84138
78.5,-32.5,251.38293
78.5,-31.5,252.0635
78.5,-30.5,252.66757
78.5,-29.5,253.22841
78.5,-28.5,253.92883
78.5,-27.5,254.56966
78.5,-26.5,255.06923
78.5,-25.5,255.60135
78.5,-24.5,256.1957
78.5,-23.5,256.69107
78.5,-22.5,258.58304
78.5,-21.5,258.90158
78.5,13.5,265.8798
78.5,15.5,264.68018
78.5,16.5,263.04648
78.5,17.5,262.34454
78.5,18.5,264.10712
79.5,-95.5,257.1404
79.5,-94.5,256.8639
79.5,-93.5,256.3387
79.5,-92.5,254.97617
79.5,-91.5,254.01617
79.5,-90.5,254.24641
79.5,-89.5,256.41965
79.5,-88.5,255.95163
79.5,-87.5,257.20163
79.5,-86.5,258.99377
79.5,-85.5,257.67914
79.5,-84.5,257.9082
79.5,-83.5,257.48206
79.5,-82.5,256.5814
79.5,-81.5,255.77063
79.5,-80.5,252.39175
79.5,-79.5,253.10593
79.5,-78.5,252.935
79.5,-77.5,251.90651
79.5,-76.5,252.39296
79.5,-75.5,254.47429
79.5,-64.5,256.0741
79.5,-63.5,256.3991
79.5,-62.5,256.77554
79.5,-61.5,256.63254
79.5,-60.5,256.90732
79.5,-59.5,256.7075
79.5,-58.5,256.14307
79.5,-57.5,255.35886
79.5,-56.5,254.38416
79.5,-55.5,253.58907
79.5,-54.5,253.02786
79.5,-53.5,252.53459
79.5,-52.5,252.00441
79.5,-51.5,251.40804
79.5,-50.5,251.00195
79.5,-49.5,250.9289
79.5,-48.5,250.91798
79.5,-47.5,250.94443
79.5,-46.5,250.82477
79.5,-45.5,250.59546
79.5,-44.5,250.35782
79.5,-43.5,249.92097
79.5,-42.5,249.58463
79.5,-41.5,249.48634
79.5,-40.5,249.67368
79.5,-39.5,249.96628
79.5,-38.5,250.24902
79.5,-37.5,250.6122
79.5,-36.5,251.09637
79.5,-35.5,251.72464
79.5,-34.5,252.60236
79.5,-33.5,253.62793
79.5,-32.5,254.66676
79.5,-31.5,255.15724
79.5,-30.5,255.37329
79.5,-29.5,255.24347
79.5,-28.5,255.28374
79.5,-27.5,255.45209
79.5,-26.5,255.83215
79.5,-25.5,256.27927
79.5,-24.5,256.74258
79.5,-23.5,256.82944
79.5,-22.5,256.95203
79.5,-21.5,257.4266
79.5,14.5,264.6777
79.5,16.5,264.53052
79.5,23.5,264.8141
79.5,24.5,264.11
79.5,96.5,259.80383
79.5,97.5,260.68152
79.5,98.5,260.6424
80.5,-95.5,257.26352
80.5,-94.5,256.1235
80.5,-93.5,255.8385
80.5,-92.5,253.89812
80.5,-91.5,254.72061
80.5,-88.5,256.34702
80.5,-86.5,256.79532
80.5,-85.5,256.4693
80.5,-84.5,256.65903
80.5,-82.5,256.74475
80.5,-81.5,255.42737
80.5,-80.5,254.07121
80.5,-79.5,253.00421
80.5,-78.5,251.75192
80.5,-77.5,251.68987
80.5,-76.5,253.19843
80.5,-75.5,253.07486
80.5,-74.5,253.27052
80.5,-73.5,253.02582
80.5,-72.5,254.27005
80.5,-71.5,254.73502
80.5,-70.5,254.23314
80.5,-69.5,254.92238
80.5,-66.5,259.23685
80.5,-65.5,258.519
80.5,-64.5,257.44113
80.5,-63.5,257.20453
80.5,-62.5,256.945
80.5,-61.5,256.7112
80.5,-60.5,257.21603
80.5,-59.5,257.64008
80.5,-58.5,256.85922
80.5,-57.5,255.92572
80.5,-56.5,255.176
80.5,-55.5,254.75276
80.5,-54.5,254.65219
80.5,-53.5,254.56137
80.5,-52.5,254.34421
80.5,-51.5,253.93379
80.5,-50.5,253.7323
80.5,-49.5,253.93391
80.5,-48.5,254.14186
80.5,-47.5,254.30699
80.5,-46.5,254.22653
80.5,-45.5,254.15172
80.5,-44.5,254.04463
80.5,-43.5,253.59094
80.5,-42.5,252.84589
80.5,-41.5,251.9178
80.5,-40.5,251.44196
80.5,-39.5,251.72575
80.5,-38.5,252.34665
80.5,-37.5,253.22844
80.5,-36.5,254.14941
80.5,-35.5,254.8673
80.5,-34.5,255.38054
80.5,-33.5,255.50687
80.5,-32.5,255.44856
80.5,-31.5,255.28494
80.5,-30.5,255.1862
80.5,-29.5,255.3638
80.5,-28.5,255.56659
80.5,-27.5,255.85052
80.5,-26.5,255.72299
80.5,-25.5,255.21617
80.5,-24.5,255.01593
80.5,-23.5,255.87646
80.5,-22.5,256.4075
80.5,-21.5,256.29813
80.5,-20.5,255.02625
80.5,-19.5,258.24884
80.5,-18.5,256.71896
80.5,-17.5,258.4852
80.5,57.5,263.37857
80.5,60.5,263.42188
80.5,92.5,262.39636
80.5,93.5,262.1167
80.5,94.5,261.27545
80.5,95.5,260.8744
80.5,96.5,260.80957
81.5,-89.5,256.30847
81.5,-88.5,255.78136
81.5,-87.5,254.75328
81.5,-86.5,255.46617
81.5,-85.5,256.27875
81.5,-84.5,255.35362
81.5,-83.5,255.4306
81.5,-82.5,255.6211
81.5,-81.5,256.27548
81.5,-80.5,255.42924
81.5,-79.5,255.71979
81.5,-78.5,254.73561
81.5,-77.5,252.16515
81.5,-76.5,251.36153
81.5,-75.5,251.549
81.5,-74.5,250.40372
81.5,-73.5,251.68639
81.5,-72.5,251.90573
81.5,-71.5,252.07118
81.5,-70.5,252.50067
81.5,-69.5,252.99876
81.5,-68.5,252.89746
81.5,-67.5,253.63094
81.5,-66.5,253.07323
81.5,-65.5,254.94498
81.5,-61.5,258.3349
81.5,-60.5,257.88257
81.5,-59.5,256.99835
81.5,-58.5,255.0671
81.5,-57.5,254.27484
81.5,-56.5,254.26834
81.5,-55.5,254.04652
81.5,-54.5,254.21353
81.5,-53.5,254.61707
81.5,-52.5,255.14795
81.5,-51.5,255.15866
81.5,-50.5,255.2438
81.5,-49.5,255.32677
81.5,-48.5,254.83846
81.5,-47.5,255.08548
81.5,-46.5,255.6756
81.5,-45.5,256.24597
81.5,-44.5,256.33646
81.5,-43.5,256.35995
81.5,-42.5,255.966
81.5,-41.5,255.16217
81.5,-40.5,254.3636
81.5,-39.5,253.82303
81.5,-38.5,254.20677
81.5,-37.5,255.23122
81.5,-36.5,256.20587
81.5,-35.5,255.85428
81.5,-34.5,255.0019
81.5,-33.5,254.81732
81.5,-32.5,254.15495
81.5,-31.5,254.8781
81.5,-30.5,254.87187
81.5,-29.5,255.02106
81.5,-28.5,255.02937
81.5,-27.5,255.25168
81.5,-26.5,254.04059
81.5,-25.5,255.07994
81.5,-24.5,255.88345
81.5,-23.5,257.65033
81.5,-21.5,259.32214
81.5,-18.5,257.24695
81.5,-17.5,258.02444
81.5,-16.5,258.2181
81.5,-15.5,258.33765
81.5,-14.5,258.65744
82.5,-82.5,254.56438
82.5,-81.5,255.35039
82.5,-80.5,254.27509
82.5,-79.5,254.869
82.5,-78.5,254.66391
82.5,-77.5,253.64067
82.5,-76.5,253.99348
82.5,-75.5,254.29922
82.5,-74.5,252.57814
82.5,-73.5,252.64069
82.5,-72.5,251.7697
82.5,-71.5,253.02582
82.5,-70.5,253.99786
82.5,-69.5,252.80229
82.5,-68.5,254.63513
82.5,-67.5,255.96133
82.5,-66.5,254.93918
82.5,-65.5,255.30833
82.5,-64.5,255.4471
82.5,-47.5,255.36374
82.5,-46.5,255.23268
82.5,-45.5,255.39554
82.5,-44.5,255.35808
82.5,-43.5,255.3223
82.5,-42.5,255.40404
82.5,-41.5,255.38614
82.5,-40.5,255.31825
82.5,-39.5,255.36707
82.5,-38.5,255.29436
82.5,-37.5,255.25948
82.5,-36.5,254.68996
82.5,-35.5,254.66762
82.5,-34.5,254.78146
82.5,-33.5,253.5564
82.5,-32.5,255.21843
82.5,-31.5,255.04214
82.5,-30.5,255.01483
82.5,-29.5,255.59998
82.5,-28.5,255.95676
82.5,-27.5,256.31863
82.5,-26.5,256.28973
82.5,-25.5,256.3551
82.5,-24.5,256.5318
83.5,-36.5,256.01224
83.5,-34.5,255.72606
