lat,lon,GLDAS_NOAH10_M_2_1_Rainf_f_tavg
-54.5,-71.5,2.921639E-5
-54.5,-70.5,2.1028802E-5
-54.5,-69.5,1.678076E-5
-54.5,-68.5,1.4908551E-5
-54.5,-67.5,1.8067314E-5
-54.5,-66.5,2.3871753E-5
-53.5,-72.5,3.4601308E-5
-53.5,-71.5,2.717015E-5
-53.5,-69.5,1.9477679E-5
-53.5,-68.5,1.7002205E-5
-52.5,-73.5,4.375395E-5
-52.5,-72.5,3.4081804E-5
-52.5,-71.5,2.4808633E-5
-52.5,-70.5,2.1238371E-5
-52.5,-69.5,1.9008634E-5
-51.5,-74.5,4.1279513E-5
-51.5,-73.5,3.561136E-5
-51.5,-72.5,2.8282386E-5
-51.5,-71.5,1.8931847E-5
-51.5,-70.5,1.5801561E-5
-51.5,-69.5,1.6628383E-5
-51.5,-58.5,2.2082764E-5
-50.5,-74.5,3.6821995E-5
-50.5,-73.5,3.0137853E-5
-50.5,-72.5,2.4092917E-5
-50.5,-71.5,1.7759585E-5
-50.5,-70.5,1.535048E-5
-50.5,-69.5,1.6084583E-5
-49.5,-74.5,2.916169E-5
-49.5,-73.5,2.4287669E-5
-49.5,-72.5,2.1154989E-5
-49.5,-71.5,1.7201653E-5
-49.5,-70.5,1.5338974E-5
-49.5,-69.5,1.3307956E-5
-49.5,-68.5,1.24332855E-5
-49.5,69.5,2.8227856E-5
-48.5,-75.5,3.1876767E-5
-48.5,-74.5,2.5117393E-5
-48.5,-73.5,2.3600585E-5
-48.5,-72.5,2.017068E-5
-48.5,-71.5,1.7142154E-5
-48.5,-70.5,1.5614745E-5
-48.5,-69.5,1.3076667E-5
-48.5,-68.5,1.1624873E-5
-48.5,-67.5,1.2872074E-5
-47.5,-73.5,2.7946215E-5
-47.5,-72.5,2.083055E-5
-47.5,-71.5,1.6326052E-5
-47.5,-70.5,1.4357376E-5
-47.5,-69.5,1.2741189E-5
-47.5,-68.5,1.1594742E-5
-47.5,-67.5,1.0065334E-5
-47.5,-66.5,9.966938E-6
-46.5,-74.5,3.496966E-5
-46.5,-73.5,3.0253334E-5
-46.5,-72.5,2.3613691E-5
-46.5,-71.5,1.9685167E-5
-46.5,-70.5,1.6211421E-5
-46.5,-69.5,1.3632284E-5
-46.5,-68.5,1.1603365E-5
-46.5,-67.5,1.4609894E-5
-46.5,168.5,3.2194217E-5
-46.5,169.5,2.8353972E-5
-45.5,-74.5,4.1014788E-5
-45.5,-73.5,3.768494E-5
-45.5,-72.5,2.8040657E-5
-45.5,-71.5,2.1686796E-5
-45.5,-70.5,1.9756199E-5
-45.5,-69.5,1.7263372E-5
-45.5,-68.5,1.2592478E-5
-45.5,-67.5,1.2073993E-5
-45.5,167.5,3.6568224E-5
-45.5,168.5,2.7485643E-5
-45.5,169.5,2.5337966E-5
-45.5,170.5,2.8826553E-5
-44.5,-73.5,4.5755653E-5
-44.5,-72.5,3.6393547E-5
-44.5,-71.5,2.7063415E-5
-44.5,-70.5,2.4560535E-5
-44.5,-69.5,1.7735005E-5
-44.5,-68.5,1.1240235E-5
-44.5,-67.5,9.586611E-6
-44.5,-66.5,7.887115E-6
-44.5,-65.5,1.2092725E-5
-44.5,168.5,4.112275E-5
-44.5,169.5,3.2898562E-5
-44.5,170.5,3.2451724E-5
-43.5,-72.5,4.6222558E-5
-43.5,-71.5,2.9605888E-5
-43.5,-70.5,2.7192E-5
-43.5,-69.5,1.9835843E-5
-43.5,-68.5,1.2493353E-5
-43.5,-67.5,1.1782557E-5
-43.5,-66.5,9.666781E-6
-43.5,-65.5,1.1919197E-5
-43.5,146.5,3.873283E-5
-43.5,170.5,3.8227787E-5
-43.5,171.5,3.12101E-5
-43.5,172.5,3.3562606E-5
-42.5,-73.5,5.0056093E-5
-42.5,-72.5,4.935039E-5
-42.5,-71.5,3.1255015E-5
-42.5,-70.5,2.7294649E-5
-42.5,-69.5,2.028051E-5
-42.5,-68.5,1.2008042E-5
-42.5,-67.5,1.2174621E-5
-42.5,-66.5,1.1286598E-5
-42.5,-65.5,1.0972321E-5
-42.5,145.5,3.699094E-5
-42.5,146.5,2.8048713E-5
-42.5,147.5,2.4981497E-5
-42.5,171.5,4.18611E-5
-42.5,172.5,2.8428509E-5
-42.5,173.5,3.6331876E-5
-41.5,-73.5,4.48686E-5
-41.5,-72.5,4.4188488E-5
-41.5,-71.5,3.134199E-5
-41.5,-70.5,2.4837262E-5
-41.5,-69.5,2.0037975E-5
-41.5,-68.5,1.325909E-5
-41.5,-67.5,1.1925538E-5
-41.5,-66.5,1.0915432E-5
-41.5,-65.5,1.3846254E-5
-41.5,145.5,2.8797633E-5
-41.5,146.5,2.8218805E-5
-41.5,147.5,2.140801E-5
-41.5,172.5,3.3751043E-5
-41.5,173.5,3.290035E-5
-40.5,-73.5,3.671739E-5
-40.5,-72.5,3.569734E-5
-40.5,-71.5,3.210058E-5
-40.5,-70.5,2.4705243E-5
-40.5,-69.5,1.9756535E-5
-40.5,-68.5,1.4662862E-5
-40.5,-67.5,1.3623009E-5
-40.5,-66.5,1.2501854E-5
-40.5,-65.5,1.3049208E-5
-40.5,-64.5,1.5070359E-5
-40.5,-63.5,1.4798899E-5
-40.5,-62.5,1.8240884E-5
-40.5,175.5,4.489995E-5
-40.5,176.5,4.5641613E-5
-39.5,-72.5,3.5021003E-5
-39.5,-71.5,2.5436588E-5
-39.5,-70.5,2.2398204E-5
-39.5,-69.5,2.1347498E-5
-39.5,-68.5,1.4357964E-5
-39.5,-67.5,1.3666254E-5
-39.5,-66.5,1.159366E-5
-39.5,-65.5,1.26535015E-5
-39.5,-64.5,1.4738102E-5
-39.5,-63.5,1.7033191E-5
-39.5,-62.5,1.9657375E-5
-39.5,174.5,4.494418E-5
-39.5,175.5,4.3125998E-5
-39.5,176.5,4.8558573E-5
-38.5,-72.5,2.9043418E-5
-38.5,-71.5,2.1834712E-5
-38.5,-70.5,1.9290886E-5
-38.5,-69.5,1.9901301E-5
-38.5,-68.5,1.7337363E-5
-38.5,-67.5,1.5137518E-5
-38.5,-66.5,1.3605005E-5
-38.5,-65.5,1.49022835E-5
-38.5,-64.5,1.7905671E-5
-38.5,-63.5,2.0301444E-5
-38.5,-62.5,2.3508426E-5
-38.5,-61.5,2.5928084E-5
-38.5,-60.5,2.8562981E-5
-38.5,-59.5,3.1318676E-5
-38.5,-58.5,3.3053326E-5
-38.5,143.5,2.2567936E-5
-38.5,145.5,2.8612985E-5
-38.5,146.5,3.1152693E-5
-38.5,175.5,4.3481592E-5
-38.5,176.5,4.29097E-5
-38.5,177.5,4.391029E-5
-37.5,-73.5,2.6325011E-5
-37.5,-72.5,2.3942635E-5
-37.5,-71.5,2.1931111E-5
-37.5,-70.5,1.5204018E-5
-37.5,-69.5,1.952548E-5
-37.5,-68.5,1.8547107E-5
-37.5,-67.5,1.6671253E-5
-37.5,-66.5,1.667335E-5
-37.5,-65.5,1.8347206E-5
-37.5,-64.5,2.1438316E-5
-37.5,-63.5,2.3453451E-5
-37.5,-62.5,2.5988795E-5
-37.5,-61.5,2.8116148E-5
-37.5,-60.5,3.0735293E-5
-37.5,-59.5,3.304482E-5
-37.5,-58.5,3.4001274E-5
-37.5,-57.5,3.6719208E-5
-37.5,140.5,1.8678971E-5
-37.5,141.5,1.8173936E-5
-37.5,142.5,1.899574E-5
-37.5,143.5,1.9260118E-5
-37.5,144.5,2.2674116E-5
-37.5,145.5,2.6079191E-5
-37.5,146.5,2.7653025E-5
-37.5,147.5,3.0951654E-5
-37.5,148.5,3.293818E-5
-37.5,149.5,3.1947944E-5
-37.5,175.5,4.189636E-5
-36.5,-72.5,2.1460643E-5
-36.5,-71.5,2.2917011E-5
-36.5,-70.5,1.44127425E-5
-36.5,-69.5,1.91532E-5
-36.5,-68.5,2.1427972E-5
-36.5,-67.5,1.9048432E-5
-36.5,-66.5,1.8714592E-5
-36.5,-65.5,2.0578966E-5
-36.5,-64.5,2.384212E-5
-36.5,-63.5,2.7020316E-5
-36.5,-62.5,2.8607883E-5
-36.5,-61.5,3.0319881E-5
-36.5,-60.5,3.215197E-5
-36.5,-59.5,3.3261396E-5
-36.5,-58.5,3.3943357E-5
-36.5,-57.5,3.484099E-5
-36.5,140.5,1.6492104E-5
-36.5,141.5,1.6325273E-5
-36.5,142.5,1.642751E-5
-36.5,143.5,1.5237949E-5
-36.5,144.5,1.7569273E-5
-36.5,145.5,2.0318084E-5
-36.5,146.5,2.3555718E-5
-36.5,147.5,2.4221536E-5
-36.5,148.5,2.8723263E-5
-36.5,149.5,3.1492633E-5
-36.5,174.5,3.808074E-5
-35.5,-71.5,1.8530818E-5
-35.5,-70.5,1.7574062E-5
-35.5,-69.5,1.4104608E-5
-35.5,-68.5,1.5424721E-5
-35.5,-67.5,1.6904054E-5
-35.5,-66.5,1.906527E-5
-35.5,-65.5,2.2936802E-5
-35.5,-64.5,2.5610854E-5
-35.5,-63.5,2.8023353E-5
-35.5,-62.5,3.0553318E-5
-35.5,-61.5,3.27875E-5
-35.5,-60.5,3.4810084E-5
-35.5,-59.5,3.6643858E-5
-35.5,-58.5,3.7010563E-5
-35.5,-57.5,3.8720616E-5
-35.5,139.5,1.5145451E-5
-35.5,140.5,1.3667316E-5
-35.5,141.5,1.2715298E-5
-35.5,142.5,1.3341186E-5
-35.5,143.5,1.3733513E-5
-35.5,144.5,1.52096145E-5
-35.5,145.5,1.7932707E-5
-35.5,146.5,2.0810487E-5
-35.5,147.5,2.2172659E-5
-35.5,148.5,2.2783644E-5
-35.5,149.5,2.6402662E-5
-35.5,173.5,3.567597E-5
-34.5,-71.5,1.2692336E-5
-34.5,-70.5,2.094635E-5
-34.5,-69.5,1.3948428E-5
-34.5,-68.5,1.3765935E-5
-34.5,-67.5,1.6891407E-5
-34.5,-66.5,1.9737172E-5
-34.5,-65.5,2.3015238E-5
-34.5,-64.5,2.5334823E-5
-34.5,-63.5,2.876095E-5
-34.5,-62.5,3.152263E-5
-34.5,-61.5,3.3169777E-5
-34.5,-60.5,3.6155652E-5
-34.5,-59.5,3.9128998E-5
-34.5,-58.5,4.1041825E-5
-34.5,-56.5,4.1690324E-5
-34.5,-55.5,4.3691773E-5
-34.5,-54.5,4.4523465E-5
-34.5,19.5,1.4185439E-5
-34.5,20.5,1.3898558E-5
-34.5,116.5,2.274903E-5
-34.5,117.5,1.9154264E-5
-34.5,118.5,1.6893538E-5
-34.5,135.5,1.3028352E-5
-34.5,138.5,1.2075735E-5
-34.5,139.5,1.2320608E-5
-34.5,140.5,1.1033604E-5
-34.5,141.5,1.0273979E-5
-34.5,142.5,1.11112695E-5
-34.5,143.5,1.1263607E-5
-34.5,144.5,1.3047979E-5
-34.5,145.5,1.4458478E-5
-34.5,146.5,1.640909E-5
-34.5,147.5,1.8683586E-5
-34.5,148.5,2.1458089E-5
-34.5,149.5,2.2712986E-5
-34.5,150.5,2.7400492E-5
-33.5,-71.5,9.237503E-6
-33.5,-70.5,1.550504E-5
-33.5,-69.5,1.4680826E-5
-33.5,-68.5,1.0679106E-5
-33.5,-67.5,1.4754073E-5
-33.5,-66.5,1.9788748E-5
-33.5,-65.5,2.376544E-5
-33.5,-64.5,2.6795635E-5
-33.5,-63.5,2.925966E-5
-33.5,-62.5,3.0883315E-5
-33.5,-61.5,3.3020653E-5
-33.5,-60.5,3.6038193E-5
-33.5,-59.5,4.0033967E-5
-33.5,-58.5,4.304189E-5
-33.5,-57.5,4.4606255E-5
-33.5,-56.5,4.4831155E-5
-33.5,-55.5,4.6688438E-5
-33.5,-54.5,4.749379E-5
-33.5,-53.5,4.833982E-5
-33.5,18.5,1.2438604E-5
-33.5,19.5,1.2171981E-5
-33.5,20.5,1.1361714E-5
-33.5,21.5,1.1951602E-5
-33.5,22.5,1.2320939E-5
-33.5,23.5,1.3244926E-5
-33.5,24.5,1.5043091E-5
-33.5,25.5,1.6119013E-5
-33.5,26.5,1.8024944E-5
-33.5,115.5,2.120362E-5
-33.5,116.5,2.2247263E-5
-33.5,117.5,1.7986136E-5
-33.5,118.5,1.4771833E-5
-33.5,119.5,1.3377253E-5
-33.5,120.5,1.434417E-5
-33.5,121.5,1.41109895E-5
-33.5,122.5,1.4657049E-5
-33.5,123.5,1.47307965E-5
-33.5,135.5,1.0748538E-5
-33.5,136.5,1.0469993E-5
-33.5,138.5,1.0157556E-5
-33.5,139.5,9.612773E-6
-33.5,140.5,8.602988E-6
-33.5,141.5,8.52489E-6
-33.5,142.5,1.0001943E-5
-33.5,143.5,1.0315951E-5
-33.5,144.5,1.0836355E-5
-33.5,145.5,1.2714013E-5
-33.5,146.5,1.3675691E-5
-33.5,147.5,1.6174508E-5
-33.5,148.5,1.92779E-5
-33.5,149.5,2.212507E-5
-33.5,150.5,2.642306E-5
-32.5,-70.5,1.1822148E-5
-32.5,-69.5,1.0110785E-5
-32.5,-68.5,1.0169833E-5
-32.5,-67.5,1.2293854E-5
-32.5,-66.5,1.6308111E-5
-32.5,-65.5,2.0591042E-5
-32.5,-64.5,2.5253798E-5
-32.5,-63.5,2.7801332E-5
-32.5,-62.5,3.0633237E-5
-32.5,-61.5,3.361347E-5
-32.5,-60.5,3.7041802E-5
-32.5,-59.5,4.1153282E-5
-32.5,-58.5,4.4648787E-5
-32.5,-57.5,4.7020505E-5
-32.5,-56.5,4.7898033E-5
-32.5,-55.5,4.9257553E-5
-32.5,-54.5,5.086676E-5
-32.5,-53.5,5.115265E-5
-32.5,-52.5,5.0377686E-5
-32.5,18.5,8.774446E-6
-32.5,19.5,8.857045E-6
-32.5,20.5,8.351918E-6
-32.5,21.5,1.0016219E-5
-32.5,22.5,1.1126946E-5
-32.5,23.5,1.24834605E-5
-32.5,24.5,1.47664705E-5
-32.5,25.5,1.7468195E-5
-32.5,26.5,2.0292164E-5
-32.5,27.5,2.3605318E-5
-32.5,28.5,2.4960042E-5
-32.5,116.5,1.864105E-5
-32.5,117.5,1.5528656E-5
-32.5,118.5,1.2955986E-5
-32.5,119.5,1.1324593E-5
-32.5,120.5,1.206721E-5
-32.5,121.5,1.1938724E-5
-32.5,122.5,1.2921886E-5
-32.5,123.5,1.2897812E-5
-32.5,124.5,1.3610123E-5
-32.5,125.5,1.346248E-5
-32.5,134.5,9.296288E-6
-32.5,135.5,8.938467E-6
-32.5,136.5,8.507488E-6
-32.5,137.5,8.615792E-6
-32.5,138.5,8.308854E-6
-32.5,139.5,8.286241E-6
-32.5,140.5,7.775832E-6
-32.5,141.5,7.5636326E-6
-32.5,142.5,9.047627E-6
-32.5,143.5,9.744987E-6
-32.5,144.5,9.881159E-6
-32.5,145.5,1.1205167E-5
-32.5,146.5,1.2935631E-5
-32.5,147.5,1.4755274E-5
-32.5,148.5,1.7715793E-5
-32.5,149.5,2.1284657E-5
-32.5,150.5,2.4647035E-5
-32.5,151.5,2.851033E-5
-31.5,-71.5,6.0106645E-6
-31.5,-70.5,9.06448E-6
-31.5,-69.5,7.5350476E-6
-31.5,-68.5,8.611316E-6
-31.5,-67.5,1.0253513E-5
-31.5,-66.5,1.61938E-5
-31.5,-65.5,1.9157424E-5
-31.5,-64.5,2.385215E-5
-31.5,-63.5,2.7082011E-5
-31.5,-62.5,2.9983206E-5
-31.5,-61.5,3.3938097E-5
-31.5,-60.5,3.8983828E-5
-31.5,-59.5,4.4206798E-5
-31.5,-58.5,4.707215E-5
-31.5,-57.5,4.898902E-5
-31.5,-56.5,5.050588E-5
-31.5,-55.5,5.222466E-5
-31.5,-54.5,5.301256E-5
-31.5,-53.5,5.3742024E-5
-31.5,-52.5,5.3540658E-5
-31.5,18.5,5.3818135E-6
-31.5,19.5,5.9026665E-6
-31.5,20.5,5.798741E-6
-31.5,21.5,6.5914483E-6
-31.5,22.5,8.17382E-6
-31.5,23.5,1.02585855E-5
-31.5,24.5,1.2801646E-5
-31.5,25.5,1.6050326E-5
-31.5,26.5,1.8945373E-5
-31.5,27.5,2.369112E-5
-31.5,28.5,2.8389946E-5
-31.5,29.5,3.087299E-5
-31.5,116.5,1.5855054E-5
-31.5,117.5,1.3298942E-5
-31.5,118.5,1.0463762E-5
-31.5,119.5,9.6269505E-6
-31.5,120.5,1.02243785E-5
-31.5,121.5,1.0087184E-5
-31.5,122.5,1.1126818E-5
-31.5,123.5,1.0958137E-5
-31.5,124.5,1.1835826E-5
-31.5,125.5,1.1976888E-5
-31.5,126.5,1.1377233E-5
-31.5,127.5,1.1719686E-5
-31.5,128.5,1.1283641E-5
-31.5,129.5,1.10439505E-5
-31.5,130.5,1.1346642E-5
-31.5,131.5,1.0287458E-5
-31.5,132.5,9.296587E-6
-31.5,133.5,8.496041E-6
-31.5,134.5,7.779579E-6
-31.5,135.5,7.3139845E-6
-31.5,136.5,7.075014E-6
-31.5,137.5,7.009851E-6
-31.5,138.5,6.9503244E-6
-31.5,139.5,7.1436125E-6
-31.5,140.5,6.9289736E-6
-31.5,141.5,7.4279783E-6
-31.5,142.5,8.225564E-6
-31.5,143.5,8.677946E-6
-31.5,144.5,9.322016E-6
-31.5,145.5,1.0744197E-5
-31.5,146.5,1.2357899E-5
-31.5,147.5,1.4012795E-5
-31.5,148.5,1.6515549E-5
-31.5,149.5,2.1024522E-5
-31.5,150.5,2.5236439E-5
-31.5,151.5,2.9360335E-5
-31.5,152.5,3.5899633E-5
-30.5,-71.5,3.919207E-6
-30.5,-70.5,7.00012E-6
-30.5,-69.5,5.9969725E-6
-30.5,-68.5,6.629712E-6
-30.5,-67.5,8.848858E-6
-30.5,-66.5,1.277288E-5
-30.5,-65.5,1.5533E-5
-30.5,-64.5,2.0213562E-5
-30.5,-63.5,2.3718047E-5
-30.5,-62.5,2.7989287E-5
-30.5,-61.5,3.2715452E-5
-30.5,-60.5,3.834698E-5
-30.5,-59.5,4.4123834E-5
-30.5,-58.5,4.7289974E-5
-30.5,-57.5,5.088794E-5
-30.5,-56.5,5.2730044E-5
-30.5,-55.5,5.504232E-5
-30.5,-54.5,5.604294E-5
-30.5,-53.5,5.7341265E-5
-30.5,-52.5,5.7349473E-5
-30.5,-51.5,5.6407272E-5
-30.5,17.5,3.2995702E-6
-30.5,18.5,4.1435223E-6
-30.5,19.5,5.063964E-6
-30.5,20.5,5.3961467E-6
-30.5,21.5,6.4313845E-6
-30.5,22.5,7.8178955E-6
-30.5,23.5,9.664187E-6
-30.5,24.5,1.2065854E-5
-30.5,25.5,1.4768269E-5
-30.5,26.5,1.7895802E-5
-30.5,27.5,2.2139615E-5
-30.5,28.5,2.6320115E-5
-30.5,29.5,3.0931697E-5
-30.5,30.5,2.8478687E-5
-30.5,115.5,1.2476494E-5
-30.5,116.5,1.2356324E-5
-30.5,117.5,1.107812E-5
-30.5,118.5,9.121794E-6
-30.5,119.5,8.905669E-6
-30.5,120.5,9.5926425E-6
-30.5,121.5,9.173348E-6
-30.5,122.5,1.0206095E-5
-30.5,123.5,1.06574735E-5
-30.5,124.5,1.0638324E-5
-30.5,125.5,1.0723007E-5
-30.5,126.5,1.073697E-5
-30.5,127.5,1.0797636E-5
-30.5,128.5,1.0430231E-5
-30.5,129.5,1.0199889E-5
-30.5,130.5,9.900173E-6
-30.5,131.5,8.919386E-6
-30.5,132.5,8.60201E-6
-30.5,133.5,7.685484E-6
-30.5,134.5,7.089054E-6
-30.5,135.5,6.7207566E-6
-30.5,136.5,6.0089533E-6
-30.5,137.5,6.1145874E-6
-30.5,138.5,5.5411947E-6
-30.5,139.5,6.201451E-6
-30.5,140.5,6.8701543E-6
-30.5,141.5,7.3580695E-6
-30.5,142.5,7.845909E-6
-30.5,143.5,8.86208E-6
-30.5,144.5,9.635095E-6
-30.5,145.5,1.1001924E-5
-30.5,146.5,1.2163698E-5
-30.5,147.5,1.38490805E-5
-30.5,148.5,1.564843E-5
-30.5,149.5,1.9314835E-5
-30.5,150.5,2.396278E-5
-30.5,151.5,2.7739567E-5
-30.5,152.5,3.4115375E-5
-29.5,-70.5,4.299917E-6
-29.5,-69.5,5.700754E-6
-29.5,-68.5,7.4029103E-6
-29.5,-67.5,9.839534E-6
-29.5,-66.5,1.1992086E-5
-29.5,-65.5,1.4627582E-5
-29.5,-64.5,1.8549848E-5
-29.5,-63.5,2.2461878E-5
-29.5,-62.5,2.7908383E-5
-29.5,-61.5,3.355044E-5
-29.5,-60.5,3.8329683E-5
-29.5,-59.5,4.408163E-5
-29.5,-58.5,4.8344133E-5
-29.5,-57.5,5.3672968E-5
-29.5,-56.5,5.7320554E-5
-29.5,-55.5,5.921944E-5
-29.5,-54.5,6.186178E-5
-29.5,-53.5,6.429171E-5
-29.5,-52.5,6.4279586E-5
-29.5,-51.5,6.274485E-5
-29.5,-50.5,6.1766754E-5
-29.5,17.5,2.6534437E-6
-29.5,18.5,3.1194481E-6
-29.5,19.5,4.349488E-6
-29.5,20.5,5.0701256E-6
-29.5,21.5,6.646616E-6
-29.5,22.5,8.623232E-6
-29.5,23.5,1.1017462E-5
-29.5,24.5,1.2282641E-5
-29.5,25.5,1.55189E-5
-29.5,26.5,1.794675E-5
-29.5,27.5,2.0538017E-5
-29.5,28.5,2.2064716E-5
-29.5,29.5,2.756131E-5
-29.5,30.5,2.6633728E-5
-29.5,115.5,1.0348068E-5
-29.5,116.5,9.861886E-6
-29.5,117.5,9.757415E-6
-29.5,118.5,8.201927E-6
-29.5,119.5,8.00102E-6
-29.5,120.5,8.253091E-6
-29.5,121.5,8.627912E-6
-29.5,122.5,9.887672E-6
-29.5,123.5,9.696798E-6
-29.5,124.5,1.00318675E-5
-29.5,125.5,1.0027765E-5
-29.5,126.5,1.02204E-5
-29.5,127.5,1.0134146E-5
-29.5,128.5,1.0258495E-5
-29.5,129.5,1.02547965E-5
-29.5,130.5,9.351181E-6
-29.5,131.5,8.798946E-6
-29.5,132.5,8.305425E-6
-29.5,133.5,6.978753E-6
-29.5,134.5,6.847344E-6
-29.5,135.5,6.6046546E-6
-29.5,136.5,5.6559943E-6
-29.5,137.5,5.57966E-6
-29.5,138.5,5.8826276E-6
-29.5,139.5,6.4516066E-6
-29.5,140.5,6.40608E-6
-29.5,141.5,7.043752E-6
-29.5,142.5,7.92956E-6
-29.5,143.5,9.030259E-6
-29.5,144.5,9.645053E-6
-29.5,145.5,1.0651357E-5
-29.5,146.5,1.1852992E-5
-29.5,147.5,1.2934633E-5
-29.5,148.5,1.436206E-5
-29.5,149.5,1.8183495E-5
-29.5,150.5,2.1812923E-5
-29.5,151.5,2.5581057E-5
-29.5,152.5,3.1546017E-5
-28.5,-70.5,2.1578721E-6
-28.5,-69.5,3.931509E-6
-28.5,-68.5,6.7617984E-6
-28.5,-67.5,1.124691E-5
-28.5,-66.5,1.0017343E-5
-28.5,-65.5,1.3761547E-5
-28.5,-64.5,2.0171667E-5
-28.5,-63.5,2.3347504E-5
-28.5,-62.5,2.7982556E-5
-28.5,-61.5,3.282917E-5
-28.5,-60.5,3.8487993E-5
-28.5,-59.5,4.4302295E-5
-28.5,-58.5,5.0459177E-5
-28.5,-57.5,5.6346267E-5
-28.5,-56.5,5.9981983E-5
-28.5,-55.5,6.277385E-5
-28.5,-54.5,6.652201E-5
-28.5,-53.5,6.708903E-5
-28.5,-52.5,6.631014E-5
-28.5,-51.5,6.3327636E-5
-28.5,-50.5,6.2261985E-5
-28.5,-49.5,6.3134976E-5
-28.5,16.5,2.0677553E-6
-28.5,17.5,2.4772137E-6
-28.5,18.5,3.3448719E-6
-28.5,19.5,4.3784094E-6
-28.5,20.5,5.983191E-6
-28.5,21.5,7.382826E-6
-28.5,22.5,9.348914E-6
-28.5,23.5,1.1126026E-5
-28.5,24.5,1.2847932E-5
-28.5,25.5,1.5387173E-5
-28.5,26.5,1.6934917E-5
-28.5,27.5,1.9008408E-5
-28.5,28.5,2.0676514E-5
-28.5,29.5,2.4711971E-5
-28.5,30.5,2.5890382E-5
-28.5,31.5,2.593002E-5
-28.5,114.5,9.424775E-6
-28.5,115.5,9.324635E-6
-28.5,116.5,8.686996E-6
-28.5,117.5,8.610653E-6
-28.5,118.5,7.922276E-6
-28.5,119.5,8.0157715E-6
-28.5,120.5,8.105763E-6
-28.5,121.5,8.899681E-6
-28.5,122.5,9.01876E-6
-28.5,123.5,9.640917E-6
-28.5,124.5,9.906077E-6
-28.5,125.5,9.944868E-6
-28.5,126.5,1.0374319E-5
-28.5,127.5,1.0140869E-5
-28.5,128.5,1.0384815E-5
-28.5,129.5,1.0368327E-5
-28.5,130.5,9.473534E-6
-28.5,131.5,8.503741E-6
-28.5,132.5,7.831897E-6
-28.5,133.5,6.9541234E-6
-28.5,134.5,6.6717885E-6
-28.5,135.5,6.179683E-6
-28.5,136.5,5.8739456E-6
-28.5,137.5,5.540309E-6
-28.5,138.5,5.8534697E-6
-28.5,139.5,5.5036444E-6
-28.5,140.5,5.836341E-6
-28.5,141.5,7.1796567E-6
-28.5,142.5,8.411021E-6
-28.5,143.5,9.451743E-6
-28.5,144.5,1.0123315E-5
-28.5,145.5,1.1095174E-5
-28.5,146.5,1.2401716E-5
-28.5,147.5,1.3694175E-5
-28.5,148.5,1.4084636E-5
-28.5,149.5,1.727676E-5
-28.5,150.5,1.9846582E-5
-28.5,151.5,2.3828848E-5
-28.5,152.5,2.9643084E-5
-28.5,153.5,3.6303572E-5
-27.5,-70.5,1.4335127E-6
-27.5,-69.5,2.3862863E-6
-27.5,-68.5,5.437081E-6
-27.5,-67.5,1.0759322E-5
-27.5,-66.5,1.3165009E-5
-27.5,-65.5,1.7740835E-5
-27.5,-64.5,2.2020266E-5
-27.5,-63.5,2.4537625E-5
-27.5,-62.5,2.8574816E-5
-27.5,-61.5,3.182431E-5
-27.5,-60.5,3.7881902E-5
-27.5,-59.5,4.3438107E-5
-27.5,-58.5,5.030587E-5
-27.5,-57.5,5.303212E-5
-27.5,-56.5,5.850922E-5
-27.5,-55.5,6.237964E-5
-27.5,-54.5,6.708591E-5
-27.5,-53.5,6.849501E-5
-27.5,-52.5,6.642996E-5
-27.5,-51.5,6.443879E-5
-27.5,-50.5,6.084552E-5
-27.5,-49.5,6.0052538E-5
-27.5,15.5,1.9277754E-6
-27.5,16.5,2.3101845E-6
-27.5,17.5,3.5965857E-6
-27.5,18.5,4.6946857E-6
-27.5,19.5,5.5707665E-6
-27.5,20.5,6.894551E-6
-27.5,21.5,7.853627E-6
-27.5,22.5,8.897172E-6
-27.5,23.5,1.1099216E-5
-27.5,24.5,1.3293898E-5
-27.5,25.5,1.534991E-5
-27.5,26.5,1.7017264E-5
-27.5,27.5,1.9122883E-5
-27.5,28.5,1.9794219E-5
-27.5,29.5,2.2909802E-5
-27.5,30.5,2.5065354E-5
-27.5,31.5,2.5931542E-5
-27.5,32.5,2.4624756E-5
-27.5,114.5,8.600061E-6
-27.5,115.5,8.122614E-6
-27.5,116.5,7.712008E-6
-27.5,117.5,7.918913E-6
-27.5,118.5,7.670582E-6
-27.5,119.5,8.1099515E-6
-27.5,120.5,8.533498E-6
-27.5,121.5,9.002408E-6
-27.5,122.5,8.9652785E-6
-27.5,123.5,9.29326E-6
-27.5,124.5,9.257309E-6
-27.5,125.5,8.900941E-6
-27.5,126.5,9.034524E-6
-27.5,127.5,9.376296E-6
-27.5,128.5,9.303891E-6
-27.5,129.5,9.54491E-6
-27.5,130.5,8.726578E-6
-27.5,131.5,8.400655E-6
-27.5,132.5,7.669626E-6
-27.5,133.5,7.1027657E-6
-27.5,134.5,6.3611187E-6
-27.5,135.5,5.920182E-6
-27.5,136.5,5.9067693E-6
-27.5,137.5,5.647344E-6
-27.5,138.5,5.680055E-6
-27.5,139.5,6.2930762E-6
-27.5,140.5,6.892777E-6
-27.5,141.5,7.9523215E-6
-27.5,142.5,8.948357E-6
-27.5,143.5,9.956334E-6
-27.5,144.5,1.1274E-5
-27.5,145.5,1.2016743E-5
-27.5,146.5,1.297471E-5
-27.5,147.5,1.44836695E-5
-27.5,148.5,1.670009E-5
-27.5,149.5,1.8533254E-5
-27.5,150.5,2.1123384E-5
-27.5,151.5,2.3777444E-5
-27.5,152.5,2.9913888E-5
-26.5,-70.5,1.2108874E-6
-26.5,-69.5,1.5075353E-6
-26.5,-68.5,3.0386343E-6
-26.5,-67.5,9.687508E-6
-26.5,-66.5,1.6943666E-5
-26.5,-65.5,1.8072178E-5
-26.5,-64.5,2.2623424E-5
-26.5,-63.5,2.4041388E-5
-26.5,-62.5,2.8799055E-5
-26.5,-61.5,3.2295706E-5
-26.5,-60.5,3.7090293E-5
-26.5,-59.5,4.242873E-5
-26.5,-58.5,4.6857174E-5
-26.5,-57.5,5.1659474E-5
-26.5,-56.5,5.7838013E-5
-26.5,-55.5,6.181368E-5
-26.5,-54.5,6.700311E-5
-26.5,-53.5,6.869952E-5
-26.5,-52.5,6.7028326E-5
-26.5,-51.5,6.4680135E-5
-26.5,-50.5,6.172079E-5
-26.5,-49.5,5.8978843E-5
-26.5,15.5,1.9740676E-6
-26.5,16.5,2.8413688E-6
-26.5,17.5,4.6527302E-6
-26.5,18.5,5.6364747E-6
-26.5,19.5,6.854833E-6
-26.5,20.5,8.066797E-6
-26.5,21.5,8.4502935E-6
-26.5,22.5,9.556579E-6
-26.5,23.5,1.1612639E-5
-26.5,24.5,1.3684629E-5
-26.5,25.5,1.539516E-5
-26.5,26.5,1.7836406E-5
-26.5,27.5,2.0182491E-5
-26.5,28.5,2.0326333E-5
-26.5,29.5,2.295209E-5
-26.5,30.5,2.3905506E-5
-26.5,31.5,2.5300978E-5
-26.5,32.5,2.4305029E-5
-26.5,114.5,7.2662024E-6
-26.5,115.5,7.168811E-6
-26.5,116.5,7.0527144E-6
-26.5,117.5,7.0105007E-6
-26.5,118.5,7.319715E-6
-26.5,119.5,8.441488E-6
-26.5,120.5,8.410265E-6
-26.5,121.5,9.399576E-6
-26.5,122.5,8.81313E-6
-26.5,123.5,8.676424E-6
-26.5,124.5,9.127032E-6
-26.5,125.5,8.864619E-6
-26.5,126.5,9.123549E-6
-26.5,127.5,8.979587E-6
-26.5,128.5,8.604493E-6
-26.5,129.5,8.976883E-6
-26.5,130.5,8.251636E-6
-26.5,131.5,8.157406E-6
-26.5,132.5,7.715974E-6
-26.5,133.5,6.8778877E-6
-26.5,134.5,6.1799265E-6
-26.5,135.5,5.9698086E-6
-26.5,136.5,5.5724186E-6
-26.5,137.5,5.9527115E-6
-26.5,138.5,5.9990834E-6
-26.5,139.5,6.4966707E-6
-26.5,140.5,7.7744935E-6
-26.5,141.5,8.207635E-6
-26.5,142.5,9.733668E-6
-26.5,143.5,1.0529669E-5
-26.5,144.5,1.20037885E-5
-26.5,145.5,1.2412447E-5
-26.5,146.5,1.3843184E-5
-26.5,147.5,1.5898053E-5
-26.5,148.5,1.8288849E-5
-26.5,149.5,2.0023184E-5
-26.5,150.5,2.2521335E-5
-26.5,151.5,2.5086172E-5
-26.5,152.5,3.0460487E-5
-25.5,-70.5,1.0640871E-6
-25.5,-69.5,1.4307398E-6
-25.5,-68.5,2.8624586E-6
-25.5,-67.5,7.88364E-6
-25.5,-66.5,1.2584427E-5
-25.5,-65.5,1.5872814E-5
-25.5,-64.5,2.324539E-5
-25.5,-63.5,2.4780094E-5
-25.5,-62.5,2.5904657E-5
-25.5,-61.5,2.943631E-5
-25.5,-60.5,3.4806668E-5
-25.5,-59.5,4.1598312E-5
-25.5,-58.5,4.7522662E-5
-25.5,-57.5,5.2068935E-5
-25.5,-56.5,5.627358E-5
-25.5,-55.5,5.923195E-5
-25.5,-54.5,6.3688E-5
-25.5,-53.5,6.554922E-5
-25.5,-52.5,6.3095606E-5
-25.5,-51.5,5.9384885E-5
-25.5,-50.5,5.7835976E-5
-25.5,-49.5,5.569581E-5
-25.5,-48.5,5.5410615E-5
-25.5,15.5,2.15348E-6
-25.5,16.5,4.1189046E-6
-25.5,17.5,5.9465383E-6
-25.5,18.5,6.6367843E-6
-25.5,19.5,7.85384E-6
-25.5,20.5,8.746738E-6
-25.5,21.5,9.694088E-6
-25.5,22.5,1.0909438E-5
-25.5,23.5,1.1924466E-5
-25.5,24.5,1.380685E-5
-25.5,25.5,1.5021266E-5
-25.5,26.5,1.603547E-5
-25.5,27.5,1.7550221E-5
-25.5,28.5,1.8110231E-5
-25.5,29.5,2.1655414E-5
-25.5,30.5,2.2967062E-5
-25.5,31.5,2.3076798E-5
-25.5,32.5,2.1341944E-5
-25.5,45.5,2.4808818E-5
-25.5,114.5,7.5176918E-6
-25.5,115.5,7.933764E-6
-25.5,116.5,7.899673E-6
-25.5,117.5,7.825418E-6
-25.5,118.5,8.482701E-6
-25.5,119.5,8.532708E-6
-25.5,120.5,9.474149E-6
-25.5,121.5,9.915452E-6
-25.5,122.5,9.6166395E-6
-25.5,123.5,9.496725E-6
-25.5,124.5,9.239929E-6
-25.5,125.5,9.418833E-6
-25.5,126.5,9.505615E-6
-25.5,127.5,8.705414E-6
-25.5,128.5,8.967289E-6
-25.5,129.5,8.514081E-6
-25.5,130.5,8.353194E-6
-25.5,131.5,8.819739E-6
-25.5,132.5,7.946489E-6
-25.5,133.5,6.654908E-6
-25.5,134.5,6.753859E-6
-25.5,135.5,6.0386287E-6
-25.5,136.5,6.2950476E-6
-25.5,137.5,6.9712337E-6
-25.5,138.5,6.6766806E-6
-25.5,139.5,6.93533E-6
-25.5,140.5,8.304519E-6
-25.5,141.5,9.099396E-6
-25.5,142.5,9.948965E-6
-25.5,143.5,1.0880158E-5
-25.5,144.5,1.2297339E-5
-25.5,145.5,1.3165696E-5
-25.5,146.5,1.4987482E-5
-25.5,147.5,1.7916804E-5
-25.5,148.5,2.1099637E-5
-25.5,149.5,2.2692237E-5
-25.5,150.5,2.4252235E-5
-25.5,151.5,2.6982743E-5
-25.5,152.5,3.059024E-5
-24.5,-70.5,8.8212266E-7
-24.5,-69.5,9.2197905E-7
-24.5,-68.5,1.9548065E-6
-24.5,-67.5,7.346239E-6
-24.5,-66.5,1.2683368E-5
-24.5,-65.5,1.6253702E-5
-24.5,-64.5,2.441075E-5
-24.5,-63.5,2.5151168E-5
-24.5,-62.5,2.5032383E-5
-24.5,-61.5,2.8279335E-5
-24.5,-60.5,3.294306E-5
-24.5,-59.5,3.8284572E-5
-24.5,-58.5,4.521347E-5
-24.5,-57.5,5.0433588E-5
-24.5,-56.5,5.590035E-5
-24.5,-55.5,5.8386686E-5
-24.5,-54.5,6.17288E-5
-24.5,-53.5,6.269245E-5
-24.5,-52.5,6.171E-5
-24.5,-51.5,5.827564E-5
-24.5,-50.5,5.5532433E-5
-24.5,-49.5,5.243395E-5
-24.5,-48.5,5.227276E-5
-24.5,-47.5,5.0558505E-5
-24.5,15.5,2.448387E-6
-24.5,16.5,4.9765154E-6
-24.5,17.5,6.4943406E-6
-24.5,18.5,7.851571E-6
-24.5,19.5,8.792146E-6
-24.5,20.5,9.423524E-6
-24.5,21.5,1.1187075E-5
-24.5,22.5,1.1627037E-5
-24.5,23.5,1.2701222E-5
-24.5,24.5,1.3042175E-5
-24.5,25.5,1.3510808E-5
-24.5,26.5,1.4416297E-5
-24.5,27.5,1.5785923E-5
-24.5,28.5,1.6305961E-5
-24.5,29.5,1.8172921E-5
-24.5,30.5,1.873801E-5
-24.5,31.5,1.8218861E-5
-24.5,32.5,1.773637E-5
-24.5,33.5,1.939737E-5
-24.5,34.5,1.980942E-5
-24.5,44.5,2.347798E-5
-24.5,45.5,3.1244235E-5
-24.5,46.5,3.7509435E-5
-24.5,113.5,7.5741405E-6
-24.5,114.5,8.347278E-6
-24.5,115.5,8.189172E-6
-24.5,116.5,7.950201E-6
-24.5,117.5,8.467868E-6
-24.5,118.5,9.545109E-6
-24.5,119.5,9.554818E-6
-24.5,120.5,9.870189E-6
-24.5,121.5,1.0071716E-5
-24.5,122.5,9.583133E-6
-24.5,123.5,9.261938E-6
-24.5,124.5,9.018785E-6
-24.5,125.5,9.498666E-6
-24.5,126.5,8.917431E-6
-24.5,127.5,8.791511E-6
-24.5,128.5,8.871166E-6
-24.5,129.5,8.526601E-6
-24.5,130.5,8.456283E-6
-24.5,131.5,8.672589E-6
-24.5,132.5,7.858744E-6
-24.5,133.5,7.2042208E-6
-24.5,134.5,7.737001E-6
-24.5,135.5,7.280928E-6
-24.5,136.5,7.2165335E-6
-24.5,137.5,7.239477E-6
-24.5,138.5,7.0090136E-6
-24.5,139.5,8.017533E-6
-24.5,140.5,8.603191E-6
-24.5,141.5,9.384812E-6
-24.5,142.5,1.0512368E-5
-24.5,143.5,1.1299915E-5
-24.5,144.5,1.2431437E-5
-24.5,145.5,1.3699037E-5
-24.5,146.5,1.5813826E-5
-24.5,147.5,1.8630986E-5
-24.5,148.5,2.2210505E-5
-24.5,149.5,2.383796E-5
-24.5,150.5,2.5842453E-5
-24.5,151.5,2.915191E-5
-23.5,-70.5,7.888225E-7
-23.5,-69.5,7.1995726E-7
-23.5,-68.5,1.4572141E-6
-23.5,-67.5,6.577612E-6
-23.5,-66.5,1.3140151E-5
-23.5,-65.5,1.7458555E-5
-23.5,-64.5,2.3843022E-5
-23.5,-63.5,2.4840725E-5
-23.5,-62.5,2.4581936E-5
-23.5,-61.5,2.6878688E-5
-23.5,-60.5,3.2375006E-5
-23.5,-59.5,3.76118E-5
-23.5,-58.5,4.393391E-5
-23.5,-57.5,4.8575723E-5
-23.5,-56.5,5.40178E-5
-23.5,-55.5,5.7997342E-5
-23.5,-54.5,5.9047055E-5
-23.5,-53.5,5.862918E-5
-23.5,-52.5,5.6646648E-5
-23.5,-51.5,5.5632634E-5
-23.5,-50.5,5.2148887E-5
-23.5,-49.5,4.9437927E-5
-23.5,-48.5,4.8883277E-5
-23.5,-47.5,4.9755225E-5
-23.5,-46.5,5.3012212E-5
-23.5,-45.5,5.1709456E-5
-23.5,14.5,1.7506071E-6
-23.5,15.5,3.057105E-6
-23.5,16.5,6.643742E-6
-23.5,17.5,7.72263E-6
-23.5,18.5,9.191039E-6
-23.5,19.5,1.0440749E-5
-23.5,20.5,1.1324508E-5
-23.5,21.5,1.2721974E-5
-23.5,22.5,1.2871318E-5
-23.5,23.5,1.29307155E-5
-23.5,24.5,1.2770079E-5
-23.5,25.5,1.3104792E-5
-23.5,26.5,1.39734975E-5
-23.5,27.5,1.4148783E-5
-23.5,28.5,1.3416148E-5
-23.5,29.5,1.5936686E-5
-23.5,30.5,1.5390626E-5
-23.5,31.5,1.5639303E-5
-23.5,32.5,1.715028E-5
-23.5,33.5,1.8448587E-5
-23.5,34.5,1.9927405E-5
-23.5,44.5,2.7054844E-5
-23.5,45.5,3.4095345E-5
-23.5,46.5,4.0319206E-5
-23.5,47.5,4.421792E-5
-23.5,114.5,8.926592E-6
-23.5,115.5,9.252705E-6
-23.5,116.5,9.1045085E-6
-23.5,117.5,9.711935E-6
-23.5,118.5,1.0512768E-5
-23.5,119.5,1.0709399E-5
-23.5,120.5,1.028187E-5
-23.5,121.5,9.790727E-6
-23.5,122.5,1.0328297E-5
-23.5,123.5,9.763487E-6
-23.5,124.5,9.460216E-6
-23.5,125.5,9.666039E-6
-23.5,126.5,8.403995E-6
-23.5,127.5,8.8970755E-6
-23.5,128.5,8.483198E-6
-23.5,129.5,8.534313E-6
-23.5,130.5,8.8482175E-6
-23.5,131.5,9.333886E-6
-23.5,132.5,9.450111E-6
-23.5,133.5,9.248637E-6
-23.5,134.5,8.911311E-6
-23.5,135.5,8.280767E-6
-23.5,136.5,7.8633275E-6
-23.5,137.5,7.952859E-6
-23.5,138.5,7.878184E-6
-23.5,139.5,8.332994E-6
-23.5,140.5,9.211484E-6
-23.5,141.5,1.0261402E-5
-23.5,142.5,1.1227918E-5
-23.5,143.5,1.1496952E-5
-23.5,144.5,1.2775049E-5
-23.5,145.5,1.4204388E-5
-23.5,146.5,1.6998052E-5
-23.5,147.5,1.950723E-5
-23.5,148.5,2.189568E-5
-23.5,149.5,2.400094E-5
-23.5,150.5,2.703679E-5
-22.5,-69.5,7.2856045E-7
-22.5,-68.5,1.9709714E-6
-22.5,-67.5,6.6878306E-6
-22.5,-66.5,1.2441298E-5
-22.5,-65.5,1.7961343E-5
-22.5,-64.5,2.583333E-5
-22.5,-63.5,2.6326397E-5
-22.5,-62.5,2.4289619E-5
-22.5,-61.5,2.5447742E-5
-22.5,-60.5,2.9170651E-5
-22.5,-59.5,3.4778088E-5
-22.5,-58.5,4.1421878E-5
-22.5,-57.5,4.6540827E-5
-22.5,-56.5,5.1215542E-5
-22.5,-55.5,5.3327953E-5
-22.5,-54.5,5.436532E-5
-22.5,-53.5,5.514588E-5
-22.5,-52.5,5.186186E-5
-22.5,-51.5,5.149695E-5
-22.5,-50.5,4.9549555E-5
-22.5,-49.5,4.7715064E-5
-22.5,-48.5,4.5879195E-5
-22.5,-47.5,4.7406233E-5
-22.5,-46.5,4.951828E-5
-22.5,-45.5,4.9263064E-5
-22.5,-44.5,4.9268398E-5
-22.5,-43.5,4.940354E-5
-22.5,-42.5,4.574232E-5
-22.5,14.5,1.790583E-6
-22.5,15.5,4.439955E-6
-22.5,16.5,9.068851E-6
-22.5,17.5,1.0521044E-5
-22.5,18.5,1.1616111E-5
-22.5,19.5,1.2788211E-5
-22.5,20.5,1.375096E-5
-22.5,21.5,1.4270999E-5
-22.5,22.5,1.37008155E-5
-22.5,23.5,1.3221634E-5
-22.5,24.5,1.4098401E-5
-22.5,25.5,1.41560895E-5
-22.5,26.5,1.489466E-5
-22.5,27.5,1.4357837E-5
-22.5,28.5,1.3538254E-5
-22.5,29.5,1.4940653E-5
-22.5,30.5,1.4798889E-5
-22.5,31.5,1.5781852E-5
-22.5,32.5,1.8282108E-5
-22.5,33.5,1.965061E-5
-22.5,34.5,2.0830643E-5
-22.5,35.5,2.096099E-5
-22.5,43.5,2.1036893E-5
-22.5,44.5,2.918434E-5
-22.5,45.5,3.2877353E-5
-22.5,46.5,3.883076E-5
-22.5,47.5,4.5669338E-5
-22.5,114.5,9.617075E-6
-22.5,115.5,1.1212347E-5
-22.5,116.5,1.1565286E-5
-22.5,117.5,1.1516713E-5
-22.5,118.5,1.2039547E-5
-22.5,119.5,1.2144153E-5
-22.5,120.5,1.1589721E-5
-22.5,121.5,1.134099E-5
-22.5,122.5,1.0731661E-5
-22.5,123.5,1.1541201E-5
-22.5,124.5,1.0894455E-5
-22.5,125.5,1.0220941E-5
-22.5,126.5,9.3359E-6
-22.5,127.5,1.0280259E-5
-22.5,128.5,1.0345638E-5
-22.5,129.5,9.999493E-6
-22.5,130.5,9.820737E-6
-22.5,131.5,9.871264E-6
-22.5,132.5,9.686662E-6
-22.5,133.5,9.673847E-6
-22.5,134.5,9.186456E-6
-22.5,135.5,9.089019E-6
-22.5,136.5,8.800158E-6
-22.5,137.5,9.259022E-6
-22.5,138.5,8.9548275E-6
-22.5,139.5,9.922716E-6
-22.5,140.5,1.072151E-5
-22.5,141.5,1.1350413E-5
-22.5,142.5,1.20356435E-5
-22.5,143.5,1.3040552E-5
-22.5,144.5,1.4851039E-5
-22.5,145.5,1.6561922E-5
-22.5,146.5,1.852628E-5
-22.5,147.5,2.1161222E-5
-22.5,148.5,2.4820787E-5
-22.5,149.5,2.8096118E-5
-22.5,150.5,2.928814E-5
-21.5,-69.5,8.4893026E-7
-21.5,-68.5,3.202605E-6
-21.5,-67.5,8.233074E-6
-21.5,-66.5,1.0087777E-5
-21.5,-65.5,1.501638E-5
-21.5,-64.5,2.3498344E-5
-21.5,-63.5,2.685999E-5
-21.5,-62.5,2.3339804E-5
-21.5,-61.5,2.3449684E-5
-21.5,-60.5,2.68398E-5
-21.5,-59.5,3.2726242E-5
-21.5,-58.5,3.9738246E-5
-21.5,-57.5,4.5325327E-5
-21.5,-56.5,4.768484E-5
-21.5,-55.5,4.8582293E-5
-21.5,-54.5,5.082599E-5
-21.5,-53.5,5.269238E-5
-21.5,-52.5,4.998486E-5
-21.5,-51.5,4.589609E-5
-21.5,-50.5,4.4064196E-5
-21.5,-49.5,4.3234457E-5
-21.5,-48.5,4.3565477E-5
-21.5,-47.5,4.4928653E-5
-21.5,-46.5,4.6179313E-5
-21.5,-45.5,4.4059532E-5
-21.5,-44.5,4.4858076E-5
-21.5,-43.5,4.9862105E-5
-21.5,-42.5,4.772843E-5
-21.5,-41.5,4.4378074E-5
-21.5,14.5,2.5509896E-6
-21.5,15.5,6.700461E-6
-21.5,16.5,1.0869861E-5
-21.5,17.5,1.2397032E-5
-21.5,18.5,1.3909358E-5
-21.5,19.5,1.3902739E-5
-21.5,20.5,1.5057252E-5
-21.5,21.5,1.5363987E-5
-21.5,22.5,1.4855782E-5
-21.5,23.5,1.4825624E-5
-21.5,24.5,1.48724275E-5
-21.5,25.5,1.458346E-5
-21.5,26.5,1.5640191E-5
-21.5,27.5,1.5283456E-5
-21.5,28.5,1.4262198E-5
-21.5,29.5,1.566837E-5
-21.5,30.5,1.4290609E-5
-21.5,31.5,1.561549E-5
-21.5,32.5,1.8167646E-5
-21.5,33.5,2.1318174E-5
-21.5,34.5,2.2353217E-5
-21.5,44.5,3.0292134E-5
-21.5,45.5,3.635248E-5
-21.5,46.5,4.2581785E-5
-21.5,47.5,4.8601018E-5
-21.5,115.5,1.1135122E-5
-21.5,116.5,1.25730485E-5
-21.5,117.5,1.2768095E-5
-21.5,118.5,1.3954536E-5
-21.5,119.5,1.3880734E-5
-21.5,120.5,1.26447685E-5
-21.5,121.5,1.2268485E-5
-21.5,122.5,1.1605138E-5
-21.5,123.5,1.1784775E-5
-21.5,124.5,1.1343674E-5
-21.5,125.5,1.0589062E-5
-21.5,126.5,1.0423228E-5
-21.5,127.5,1.13773585E-5
-21.5,128.5,1.1569198E-5
-21.5,129.5,1.0911522E-5
-21.5,130.5,1.0616507E-5
-21.5,131.5,1.0534334E-5
-21.5,132.5,9.890286E-6
-21.5,133.5,1.084534E-5
-21.5,134.5,1.0013903E-5
-21.5,135.5,9.861119E-6
-21.5,136.5,9.832769E-6
-21.5,137.5,1.0358208E-5
-21.5,138.5,1.0245961E-5
-21.5,139.5,1.1102542E-5
-21.5,140.5,1.1915926E-5
-21.5,141.5,1.3005904E-5
-21.5,142.5,1.4300958E-5
-21.5,143.5,1.4847307E-5
-21.5,144.5,1.6151169E-5
-21.5,145.5,1.7867766E-5
-21.5,146.5,1.995059E-5
-21.5,147.5,2.3676661E-5
-21.5,148.5,2.8938557E-5
-21.5,165.5,3.4942528E-5
-20.5,-69.5,1.5516646E-6
-20.5,-68.5,4.8981738E-6
-20.5,-67.5,8.051497E-6
-20.5,-66.5,9.310727E-6
-20.5,-65.5,1.6759373E-5
-20.5,-64.5,2.6731603E-5
-20.5,-63.5,3.101369E-5
-20.5,-62.5,2.4965419E-5
-20.5,-61.5,2.4531602E-5
-20.5,-60.5,2.8170454E-5
-20.5,-59.5,3.26349E-5
-20.5,-58.5,3.7451646E-5
-20.5,-57.5,4.2105803E-5
-20.5,-56.5,4.458932E-5
-20.5,-55.5,4.6865927E-5
-20.5,-54.5,4.920285E-5
-20.5,-53.5,5.104885E-5
-20.5,-52.5,4.9038772E-5
-20.5,-51.5,4.5955374E-5
-20.5,-50.5,4.5834982E-5
-20.5,-49.5,4.5860597E-5
-20.5,-48.5,4.4052285E-5
-20.5,-47.5,4.67644E-5
-20.5,-46.5,4.583024E-5
-20.5,-45.5,4.3753054E-5
-20.5,-44.5,4.3297394E-5
-20.5,-43.5,4.52177E-5
-20.5,-42.5,4.2820877E-5
-20.5,-41.5,4.1776482E-5
-20.5,-40.5,3.635003E-5
-20.5,13.5,1.8948235E-6
-20.5,14.5,5.311887E-6
-20.5,15.5,9.911786E-6
-20.5,16.5,1.2938968E-5
-20.5,17.5,1.3402168E-5
-20.5,18.5,1.4101605E-5
-20.5,19.5,1.4785926E-5
-20.5,20.5,1.6799027E-5
-20.5,21.5,1.6685186E-5
-20.5,22.5,1.6542608E-5
-20.5,23.5,1.6694697E-5
-20.5,24.5,1.6937414E-5
-20.5,25.5,1.6583646E-5
-20.5,26.5,1.7710578E-5
-20.5,27.5,1.742017E-5
-20.5,28.5,1.651417E-5
-20.5,29.5,1.9116598E-5
-20.5,30.5,1.809286E-5
-20.5,31.5,1.8206943E-5
-20.5,32.5,2.0356032E-5
-20.5,33.5,2.5259249E-5
-20.5,34.5,2.5584324E-5
-20.5,44.5,3.0973122E-5
-20.5,45.5,4.293669E-5
-20.5,46.5,4.887889E-5
-20.5,47.5,5.0910487E-5
-20.5,48.5,5.4275697E-5
-20.5,118.5,1.3703421E-5
-20.5,119.5,1.4926588E-5
-20.5,120.5,1.5146956E-5
-20.5,121.5,1.5430416E-5
-20.5,122.5,1.425967E-5
-20.5,123.5,1.3921789E-5
-20.5,124.5,1.3265286E-5
-20.5,125.5,1.299725E-5
-20.5,126.5,1.2735186E-5
-20.5,127.5,1.349349E-5
-20.5,128.5,1.3781698E-5
-20.5,129.5,1.3282795E-5
-20.5,130.5,1.2626893E-5
-20.5,131.5,1.1925141E-5
-20.5,132.5,1.2315805E-5
-20.5,133.5,1.3155118E-5
-20.5,134.5,1.2614555E-5
-20.5,135.5,1.2181891E-5
-20.5,136.5,1.2311899E-5
-20.5,137.5,1.22301135E-5
-20.5,138.5,1.3586429E-5
-20.5,139.5,1.42801155E-5
-20.5,140.5,1.6122432E-5
-20.5,141.5,1.7813372E-5
-20.5,142.5,1.8450015E-5
-20.5,143.5,1.8180763E-5
-20.5,144.5,1.9792782E-5
-20.5,145.5,2.1827125E-5
-20.5,146.5,2.4135868E-5
-20.5,147.5,2.7270264E-5
-20.5,148.5,3.1064643E-5
-19.5,-69.5,3.319323E-6
-19.5,-68.5,9.421762E-6
-19.5,-67.5,1.48662875E-5
-19.5,-66.5,1.5714933E-5
-19.5,-65.5,2.3794351E-5
-19.5,-64.5,2.7622167E-5
-19.5,-63.5,3.0425954E-5
-19.5,-62.5,2.4725332E-5
-19.5,-61.5,2.4672881E-5
-19.5,-60.5,2.9335983E-5
-19.5,-59.5,3.428807E-5
-19.5,-58.5,3.772707E-5
-19.5,-57.5,4.151262E-5
-19.5,-56.5,4.3153585E-5
-19.5,-55.5,4.594756E-5
-19.5,-54.5,4.863116E-5
-19.5,-53.5,4.921797E-5
-19.5,-52.5,5.129125E-5
-19.5,-51.5,5.0109018E-5
-19.5,-50.5,4.6981815E-5
-19.5,-49.5,4.6855937E-5
-19.5,-48.5,4.7256784E-5
-19.5,-47.5,4.734747E-5
-19.5,-46.5,4.3919255E-5
-19.5,-45.5,4.2015814E-5
-19.5,-44.5,3.9421855E-5
-19.5,-43.5,3.952009E-5
-19.5,-42.5,3.9200946E-5
-19.5,-41.5,3.6414385E-5
-19.5,-40.5,3.370051E-5
-19.5,13.5,4.015677E-6
-19.5,14.5,8.9601635E-6
-19.5,15.5,1.1825147E-5
-19.5,16.5,1.5701295E-5
-19.5,17.5,1.6609973E-5
-19.5,18.5,1.6421413E-5
-19.5,19.5,1.6880174E-5
-19.5,20.5,1.8917883E-5
-19.5,21.5,1.9182711E-5
-19.5,22.5,1.882418E-5
-19.5,23.5,1.957167E-5
-19.5,24.5,1.918543E-5
-19.5,25.5,1.8428562E-5
-19.5,26.5,1.8622788E-5
-19.5,27.5,1.9030018E-5
-19.5,28.5,1.846382E-5
-19.5,29.5,2.0462558E-5
-19.5,30.5,2.0135252E-5
-19.5,31.5,2.097404E-5
-19.5,32.5,2.518904E-5
-19.5,33.5,2.9708033E-5
-19.5,34.5,2.9475676E-5
-19.5,44.5,3.810157E-5
-19.5,45.5,5.0679715E-5
-19.5,46.5,5.3077E-5
-19.5,47.5,5.107756E-5
-19.5,48.5,5.2696647E-5
-19.5,121.5,1.7971077E-5
-19.5,122.5,1.8455774E-5
-19.5,123.5,1.825732E-5
-19.5,124.5,1.7581922E-5
-19.5,125.5,1.7521385E-5
-19.5,126.5,1.7241347E-5
-19.5,127.5,1.6157916E-5
-19.5,128.5,1.6392112E-5
-19.5,129.5,1.5882688E-5
-19.5,130.5,1.5238152E-5
-19.5,131.5,1.4731343E-5
-19.5,132.5,1.518897E-5
-19.5,133.5,1.566072E-5
-19.5,134.5,1.5196513E-5
-19.5,135.5,1.5241561E-5
-19.5,136.5,1.5516878E-5
-19.5,137.5,1.523231E-5
-19.5,138.5,1.6277521E-5
-19.5,139.5,1.772412E-5
-19.5,140.5,2.0459956E-5
-19.5,141.5,2.1288135E-5
-19.5,142.5,2.2151395E-5
-19.5,143.5,2.2291322E-5
-19.5,144.5,2.405012E-5
-19.5,145.5,2.6379583E-5
-19.5,146.5,3.1342486E-5
-18.5,-69.5,7.033056E-6
-18.5,-68.5,1.6649787E-5
-18.5,-67.5,1.9497647E-5
-18.5,-66.5,2.1050271E-5
-18.5,-65.5,2.6508109E-5
-18.5,-64.5,2.3285365E-5
-18.5,-63.5,2.8833638E-5
-18.5,-62.5,2.6601483E-5
-18.5,-61.5,2.7803E-5
-18.5,-60.5,3.0581454E-5
-18.5,-59.5,3.3172382E-5
-18.5,-58.5,3.6039877E-5
-18.5,-57.5,3.794264E-5
-18.5,-56.5,3.992105E-5
-18.5,-55.5,4.343647E-5
-18.5,-54.5,4.738676E-5
-18.5,-53.5,5.1303603E-5
-18.5,-52.5,5.1526404E-5
-18.5,-51.5,5.234414E-5
-18.5,-50.5,5.2256775E-5
-18.5,-49.5,4.8101672E-5
-18.5,-48.5,4.6680354E-5
-18.5,-47.5,4.273442E-5
-18.5,-46.5,4.081782E-5
-18.5,-45.5,3.9546925E-5
-18.5,-44.5,3.8013164E-5
-18.5,-43.5,3.6753387E-5
-18.5,-42.5,3.6063917E-5
-18.5,-41.5,3.3428983E-5
-18.5,-40.5,3.1409378E-5
-18.5,12.5,3.392208E-6
-18.5,13.5,8.2549295E-6
-18.5,14.5,1.0369669E-5
-18.5,15.5,1.2825963E-5
-18.5,16.5,1.623923E-5
-18.5,17.5,1.7016291E-5
-18.5,18.5,1.8348868E-5
-18.5,19.5,1.926598E-5
-18.5,20.5,1.9928657E-5
-18.5,21.5,2.0153226E-5
-18.5,22.5,2.0242704E-5
-18.5,23.5,2.0082609E-5
-18.5,24.5,2.0291043E-5
-18.5,25.5,1.9538327E-5
-18.5,26.5,1.9526406E-5
-18.5,27.5,2.14425E-5
-18.5,28.5,2.0709627E-5
-18.5,29.5,2.3505538E-5
-18.5,30.5,2.2468377E-5
-18.5,31.5,2.3535347E-5
-18.5,32.5,2.8413448E-5
-18.5,33.5,3.1065138E-5
-18.5,34.5,3.2009808E-5
-18.5,35.5,3.2922548E-5
-18.5,36.5,3.0000789E-5
-18.5,44.5,4.8909802E-5
-18.5,45.5,5.0513605E-5
-18.5,46.5,5.0586335E-5
-18.5,47.5,4.8014674E-5
-18.5,48.5,5.1285373E-5
-18.5,122.5,2.3565859E-5
-18.5,123.5,2.403602E-5
-18.5,124.5,2.3455996E-5
-18.5,125.5,2.3677956E-5
-18.5,126.5,2.2420792E-5
-18.5,127.5,2.0435073E-5
-18.5,128.5,1.9623798E-5
-18.5,129.5,1.8318691E-5
-18.5,130.5,1.7422184E-5
-18.5,131.5,1.702199E-5
-18.5,132.5,1.702783E-5
-18.5,133.5,1.7701337E-5
-18.5,134.5,1.7816956E-5
-18.5,135.5,1.7911265E-5
-18.5,136.5,1.7198861E-5
-18.5,137.5,1.7865234E-5
-18.5,138.5,1.942603E-5
-18.5,139.5,2.2536244E-5
-18.5,140.5,2.5641439E-5
-18.5,141.5,2.6910595E-5
-18.5,142.5,2.6479052E-5
-18.5,143.5,2.6421756E-5
-18.5,144.5,2.7832783E-5
-18.5,145.5,3.305671E-5
-17.5,-70.5,6.911181E-6
-17.5,-69.5,2.0087695E-5
-17.5,-68.5,2.6216492E-5
-17.5,-67.5,2.0710908E-5
-17.5,-66.5,3.0002302E-5
-17.5,-65.5,5.051964E-5
-17.5,-64.5,5.3243402E-5
-17.5,-63.5,4.345651E-5
-17.5,-62.5,3.5307447E-5
-17.5,-61.5,3.3328826E-5
-17.5,-60.5,3.556431E-5
-17.5,-59.5,3.7462705E-5
-17.5,-58.5,4.097611E-5
-17.5,-57.5,4.0080486E-5
-17.5,-56.5,4.2946387E-5
-17.5,-55.5,4.618186E-5
-17.5,-54.5,5.1703006E-5
-17.5,-53.5,5.5131768E-5
-17.5,-52.5,4.8863596E-5
-17.5,-51.5,4.633618E-5
-17.5,-50.5,4.6357996E-5
-17.5,-49.5,4.5739933E-5
-17.5,-48.5,4.6128614E-5
-17.5,-47.5,4.294076E-5
-17.5,-46.5,4.0396808E-5
-17.5,-45.5,3.6507827E-5
-17.5,-44.5,3.4762914E-5
-17.5,-43.5,3.171351E-5
-17.5,-42.5,3.1655596E-5
-17.5,-41.5,3.0411557E-5
-17.5,-40.5,3.0139236E-5
-17.5,-39.5,2.907111E-5
-17.5,12.5,5.4138077E-6
-17.5,13.5,1.1353664E-5
-17.5,14.5,1.3867037E-5
-17.5,15.5,1.7478244E-5
-17.5,16.5,2.1209096E-5
-17.5,17.5,2.0545462E-5
-17.5,18.5,2.1492448E-5
-17.5,19.5,2.2267532E-5
-17.5,20.5,2.3227458E-5
-17.5,21.5,2.3536935E-5
-17.5,22.5,2.359052E-5
-17.5,23.5,2.3881616E-5
-17.5,24.5,2.3635608E-5
-17.5,25.5,2.473923E-5
-17.5,26.5,2.4322586E-5
-17.5,27.5,2.3985513E-5
-17.5,28.5,2.3945868E-5
-17.5,29.5,2.5327961E-5
-17.5,30.5,2.2619088E-5
-17.5,31.5,2.3452585E-5
-17.5,32.5,2.6172618E-5
-17.5,33.5,2.7888713E-5
-17.5,34.5,2.8643899E-5
-17.5,35.5,3.409375E-5
-17.5,36.5,3.5024947E-5
-17.5,37.5,3.1137126E-5
-17.5,44.5,4.960148E-5
-17.5,45.5,5.0769857E-5
-17.5,46.5,5.2139025E-5
-17.5,47.5,5.104306E-5
-17.5,48.5,5.034677E-5
-17.5,122.5,2.8300117E-5
-17.5,123.5,3.0690255E-5
-17.5,124.5,3.113434E-5
-17.5,125.5,2.9660821E-5
-17.5,126.5,2.6911392E-5
-17.5,127.5,2.5867777E-5
-17.5,128.5,2.5425064E-5
-17.5,129.5,2.3352688E-5
-17.5,130.5,2.2154183E-5
-17.5,131.5,2.1255248E-5
-17.5,132.5,2.0949874E-5
-17.5,133.5,2.1089221E-5
-17.5,134.5,2.1137876E-5
-17.5,135.5,2.1281237E-5
-17.5,136.5,2.2683013E-5
-17.5,137.5,2.5016514E-5
-17.5,138.5,2.7439817E-5
-17.5,139.5,2.948683E-5
-17.5,141.5,3.2001055E-5
-17.5,142.5,3.0295998E-5
-17.5,143.5,3.101258E-5
-17.5,144.5,3.2778466E-5
-17.5,145.5,4.0334013E-5
-16.5,-72.5,3.2743944E-6
-16.5,-71.5,1.0424679E-5
-16.5,-70.5,2.203883E-5
-16.5,-69.5,2.4112047E-5
-16.5,-68.5,2.5999407E-5
-16.5,-67.5,3.5397956E-5
-16.5,-66.5,5.6751873E-5
-16.5,-65.5,6.568516E-5
-16.5,-64.5,5.349332E-5
-16.5,-63.5,4.5283825E-5
-16.5,-62.5,4.020657E-5
-16.5,-61.5,3.523411E-5
-16.5,-60.5,3.6170884E-5
-16.5,-59.5,3.9187173E-5
-16.5,-58.5,4.3737327E-5
-16.5,-57.5,4.3256452E-5
-16.5,-56.5,5.05366E-5
-16.5,-55.5,5.3016014E-5
-16.5,-54.5,5.3808824E-5
-16.5,-53.5,5.1614505E-5
-16.5,-52.5,4.723778E-5
-16.5,-51.5,4.3640757E-5
-16.5,-50.5,4.4864068E-5
-16.5,-49.5,4.7314606E-5
-16.5,-48.5,4.670999E-5
-16.5,-47.5,4.157917E-5
-16.5,-46.5,3.894788E-5
-16.5,-45.5,3.294482E-5
-16.5,-44.5,3.095374E-5
-16.5,-43.5,2.8069344E-5
-16.5,-42.5,2.699821E-5
-16.5,-41.5,2.6909316E-5
-16.5,-40.5,2.719955E-5
-16.5,-39.5,2.6776084E-5
-16.5,12.5,5.144638E-6
-16.5,13.5,1.4911775E-5
-16.5,14.5,1.6475098E-5
-16.5,15.5,2.0100999E-5
-16.5,16.5,2.3547185E-5
-16.5,17.5,2.3541457E-5
-16.5,18.5,2.5685096E-5
-16.5,19.5,2.6020627E-5
-16.5,20.5,2.58996E-5
-16.5,21.5,2.648943E-5
-16.5,22.5,2.6530248E-5
-16.5,23.5,2.7593223E-5
-16.5,24.5,2.6691738E-5
-16.5,25.5,2.4860241E-5
-16.5,26.5,2.369286E-5
-16.5,27.5,2.5807321E-5
-16.5,28.5,2.4241377E-5
-16.5,29.5,2.309918E-5
-16.5,30.5,2.2114851E-5
-16.5,31.5,2.2306163E-5
-16.5,32.5,2.3652063E-5
-16.5,33.5,2.590007E-5
-16.5,34.5,3.0208903E-5
-16.5,35.5,3.73603E-5
-16.5,36.5,4.1358933E-5
-16.5,37.5,4.0386338E-5
-16.5,38.5,4.1251787E-5
-16.5,39.5,3.4129996E-5
-16.5,45.5,4.7277666E-5
-16.5,46.5,5.4318065E-5
-16.5,47.5,5.9644022E-5
-16.5,48.5,5.45003E-5
-16.5,49.5,4.9370854E-5
-16.5,124.5,4.1230636E-5
-16.5,125.5,3.6989346E-5
-16.5,126.5,3.1694624E-5
-16.5,127.5,3.0721167E-5
-16.5,128.5,3.164539E-5
-16.5,129.5,2.9450632E-5
-16.5,130.5,2.7329352E-5
-16.5,131.5,2.6134703E-5
-16.5,132.5,2.5065841E-5
-16.5,133.5,2.4809937E-5
-16.5,134.5,2.5456666E-5
-16.5,135.5,2.7050846E-5
-16.5,136.5,3.0795603E-5
-16.5,137.5,3.332515E-5
-16.5,141.5,3.6424855E-5
-16.5,142.5,3.5186516E-5
-16.5,143.5,3.4451503E-5
-16.5,144.5,3.739093E-5
-16.5,145.5,4.7524318E-5
-15.5,-74.5,6.4496503E-6
-15.5,-73.5,1.5674557E-5
-15.5,-72.5,2.1503183E-5
-15.5,-71.5,3.381428E-5
-15.5,-70.5,3.5279994E-5
-15.5,-69.5,2.748907E-5
-15.5,-68.5,4.2471176E-5
-15.5,-67.5,5.273314E-5
-15.5,-66.5,5.8120084E-5
-15.5,-65.5,5.5203156E-5
-15.5,-64.5,5.0362916E-5
-15.5,-63.5,4.879429E-5
-15.5,-62.5,4.4303044E-5
-15.5,-61.5,3.913859E-5
-15.5,-60.5,4.0290306E-5
-15.5,-59.5,4.250558E-5
-15.5,-58.5,5.2041767E-5
-15.5,-57.5,5.1289924E-5
-15.5,-56.5,5.091115E-5
-15.5,-55.5,5.2926778E-5
-15.5,-54.5,5.5174827E-5
-15.5,-53.5,5.4019652E-5
-15.5,-52.5,5.136129E-5
-15.5,-51.5,4.766086E-5
-15.5,-50.5,4.70669E-5
-15.5,-49.5,4.621178E-5
-15.5,-48.5,4.310323E-5
-15.5,-47.5,3.7892278E-5
-15.5,-46.5,3.6930607E-5
-15.5,-45.5,3.4970813E-5
-15.5,-44.5,3.2444244E-5
-15.5,-43.5,2.7859533E-5
-15.5,-42.5,2.5313768E-5
-15.5,-41.5,2.4584102E-5
-15.5,-40.5,2.5504165E-5
-15.5,-39.5,2.5575908E-5
-15.5,12.5,5.9953363E-6
-15.5,13.5,1.801218E-5
-15.5,14.5,2.0734798E-5
-15.5,15.5,2.3676866E-5
-15.5,16.5,2.8029852E-5
-15.5,17.5,2.81919E-5
-15.5,18.5,2.8287226E-5
-15.5,19.5,2.8657434E-5
-15.5,20.5,2.8327706E-5
-15.5,21.5,2.9295903E-5
-15.5,22.5,2.9192906E-5
-15.5,23.5,2.9767292E-5
-15.5,24.5,2.8707726E-5
-15.5,25.5,2.9121886E-5
-15.5,26.5,2.7879432E-5
-15.5,27.5,2.696998E-5
-15.5,28.5,2.5885229E-5
-15.5,29.5,2.6000833E-5
-15.5,30.5,2.6822148E-5
-15.5,31.5,2.6330488E-5
-15.5,32.5,2.6798843E-5
-15.5,33.5,3.2167834E-5
-15.5,34.5,3.2519492E-5
-15.5,35.5,3.313011E-5
-15.5,36.5,3.7308437E-5
-15.5,37.5,4.0816587E-5
-15.5,38.5,4.3611228E-5
-15.5,39.5,4.2020296E-5
-15.5,47.5,5.2752115E-5
-15.5,48.5,5.6748937E-5
-15.5,49.5,4.9433074E-5
-15.5,125.5,4.439103E-5
-15.5,126.5,3.8436992E-5
-15.5,127.5,3.497253E-5
-15.5,128.5,3.8274047E-5
-15.5,129.5,3.7914313E-5
-15.5,130.5,3.384634E-5
-15.5,131.5,3.128076E-5
-15.5,132.5,3.0075998E-5
-15.5,133.5,2.9604025E-5
-15.5,134.5,2.9132769E-5
-15.5,135.5,3.231081E-5
-15.5,141.5,4.0878513E-5
-15.5,142.5,3.708931E-5
-15.5,143.5,3.63913E-5
-15.5,144.5,4.0487645E-5
-14.5,-75.5,5.558803E-6
-14.5,-74.5,2.276204E-5
-14.5,-73.5,3.6352772E-5
-14.5,-72.5,4.2159794E-5
-14.5,-71.5,4.544393E-5
-14.5,-70.5,4.1821677E-5
-14.5,-69.5,3.9303402E-5
-14.5,-68.5,4.6900474E-5
-14.5,-67.5,5.139137E-5
-14.5,-66.5,5.466234E-5
-14.5,-65.5,5.717943E-5
-14.5,-64.5,5.445339E-5
-14.5,-63.5,5.214454E-5
-14.5,-62.5,5.099383E-5
-14.5,-61.5,4.7234753E-5
-14.5,-60.5,4.746776E-5
-14.5,-59.5,5.2424868E-5
-14.5,-58.5,5.8023317E-5
-14.5,-57.5,5.818437E-5
-14.5,-56.5,5.546501E-5
-14.5,-55.5,5.3554922E-5
-14.5,-54.5,5.1423765E-5
-14.5,-53.5,5.042666E-5
-14.5,-52.5,5.1359373E-5
-14.5,-51.5,4.991062E-5
-14.5,-50.5,4.9082784E-5
-14.5,-49.5,4.7244015E-5
-14.5,-48.5,4.4324628E-5
-14.5,-47.5,3.794873E-5
-14.5,-46.5,3.6119625E-5
-14.5,-45.5,3.360074E-5
-14.5,-44.5,3.0777468E-5
-14.5,-43.5,2.66646E-5
-14.5,-42.5,2.3457542E-5
-14.5,-41.5,2.0865335E-5
-14.5,-40.5,2.2677748E-5
-14.5,-39.5,2.3587523E-5
-14.5,12.5,9.461193E-6
-14.5,13.5,2.2836011E-5
-14.5,14.5,2.7016955E-5
-14.5,15.5,3.0019093E-5
-14.5,16.5,3.2001823E-5
-14.5,17.5,3.3541637E-5
-14.5,18.5,3.278803E-5
-14.5,19.5,3.164171E-5
-14.5,20.5,3.230497E-5
-14.5,21.5,3.199643E-5
-14.5,22.5,3.25986E-5
-14.5,23.5,3.3040444E-5
-14.5,24.5,3.1550775E-5
-14.5,25.5,3.0769163E-5
-14.5,26.5,3.0240135E-5
-14.5,27.5,2.9250034E-5
-14.5,28.5,2.9128847E-5
-14.5,29.5,3.0563657E-5
-14.5,30.5,3.2200987E-5
-14.5,31.5,3.0646086E-5
-14.5,32.5,3.431596E-5
-14.5,33.5,3.573555E-5
-14.5,34.5,3.1399235E-5
-14.5,35.5,3.3159944E-5
-14.5,36.5,3.348123E-5
-14.5,37.5,3.6689566E-5
-14.5,38.5,4.0970746E-5
-14.5,39.5,4.3503514E-5
-14.5,40.5,3.7481474E-5
-14.5,48.5,5.8098023E-5
-14.5,49.5,4.713756E-5
-14.5,126.5,4.399966E-5
-14.5,127.5,3.863493E-5
-14.5,130.5,4.2197025E-5
-14.5,131.5,3.7139096E-5
-14.5,132.5,3.4408728E-5
-14.5,133.5,3.1156775E-5
-14.5,134.5,3.245033E-5
-14.5,135.5,3.3927918E-5
-14.5,142.5,3.9394756E-5
-14.5,143.5,3.8733277E-5
-14.5,144.5,3.9126604E-5
-13.5,-75.5,1.850377E-5
-13.5,-74.5,2.8353637E-5
-13.5,-73.5,2.574427E-5
-13.5,-72.5,3.1490345E-5
-13.5,-71.5,5.9629052E-5
-13.5,-70.5,8.385683E-5
-13.5,-69.5,7.9966325E-5
-13.5,-68.5,6.7510286E-5
-13.5,-67.5,6.124653E-5
-13.5,-66.5,5.843979E-5
-13.5,-65.5,5.565522E-5
-13.5,-64.5,5.1660587E-5
-13.5,-63.5,5.0735478E-5
-13.5,-62.5,5.1216673E-5
-13.5,-61.5,5.3344444E-5
-13.5,-60.5,5.6517896E-5
-13.5,-59.5,5.5547476E-5
-13.5,-58.5,5.329891E-5
-13.5,-57.5,5.2261683E-5
-13.5,-56.5,5.2874475E-5
-13.5,-55.5,5.5561413E-5
-13.5,-54.5,5.4585747E-5
-13.5,-53.5,5.4515753E-5
-13.5,-52.5,5.6565736E-5
-13.5,-51.5,5.2591884E-5
-13.5,-50.5,5.0238225E-5
-13.5,-49.5,4.845474E-5
-13.5,-48.5,4.697241E-5
-13.5,-47.5,3.961104E-5
-13.5,-46.5,3.821365E-5
-13.5,-45.5,3.3725228E-5
-13.5,-44.5,3.0244915E-5
-13.5,-43.5,2.5710038E-5
-13.5,-42.5,2.3503146E-5
-13.5,-41.5,1.989966E-5
-13.5,-40.5,2.047864E-5
-13.5,-39.5,2.1240856E-5
-13.5,13.5,2.0330654E-5
-13.5,14.5,3.3737186E-5
-13.5,15.5,3.327326E-5
-13.5,16.5,3.3662756E-5
-13.5,17.5,3.574994E-5
-13.5,18.5,3.6638863E-5
-13.5,19.5,3.4883156E-5
-13.5,20.5,3.432521E-5
-13.5,21.5,3.432274E-5
-13.5,22.5,3.3340148E-5
-13.5,23.5,3.3828514E-5
-13.5,24.5,3.34543E-5
-13.5,25.5,3.329714E-5
-13.5,26.5,3.37721E-5
-13.5,27.5,3.405217E-5
-13.5,28.5,3.287751E-5
-13.5,29.5,3.522025E-5
-13.5,30.5,3.4578727E-5
-13.5,31.5,3.3676097E-5
-13.5,32.5,3.441813E-5
-13.5,33.5,3.1955165E-5
-13.5,34.5,3.5939313E-5
-13.5,35.5,3.584069E-5
-13.5,36.5,3.50295E-5
-13.5,37.5,3.9387844E-5
-13.5,38.5,4.2538224E-5
-13.5,39.5,4.435225E-5
-13.5,40.5,4.0528714E-5
-13.5,48.5,5.7426656E-5
-13.5,49.5,4.5471512E-5
-13.5,130.5,4.939403E-5
-13.5,131.5,4.4640154E-5
-13.5,132.5,4.073972E-5
-13.5,133.5,3.56683E-5
-13.5,134.5,3.626391E-5
-13.5,135.5,3.8309125E-5
-13.5,142.5,4.12475E-5
-13.5,143.5,3.9116574E-5
-12.5,-76.5,1.3208895E-5
-12.5,-75.5,3.0401963E-5
-12.5,-74.5,3.4207587E-5
-12.5,-73.5,5.7573165E-5
-12.5,-72.5,6.3131076E-5
-12.5,-71.5,6.853282E-5
-12.5,-70.5,6.971863E-5
-12.5,-69.5,6.31673E-5
-12.5,-68.5,5.8101017E-5
-12.5,-67.5,5.6711084E-5
-12.5,-66.5,5.583599E-5
-12.5,-65.5,5.716112E-5
-12.5,-64.5,5.4666674E-5
-12.5,-63.5,5.7508034E-5
-12.5,-62.5,5.7884787E-5
-12.5,-61.5,6.0488703E-5
-12.5,-60.5,5.8898302E-5
-12.5,-59.5,5.612372E-5
-12.5,-58.5,5.593664E-5
-12.5,-57.5,5.5229615E-5
-12.5,-56.5,5.8867714E-5
-12.5,-55.5,5.782726E-5
-12.5,-54.5,5.6049234E-5
-12.5,-53.5,5.5550914E-5
-12.5,-52.5,5.615331E-5
-12.5,-51.5,5.4196706E-5
-12.5,-50.5,5.072776E-5
-12.5,-49.5,4.934379E-5
-12.5,-48.5,4.4513617E-5
-12.5,-47.5,3.9728748E-5
-12.5,-46.5,4.064725E-5
-12.5,-45.5,3.314628E-5
-12.5,-44.5,2.9563887E-5
-12.5,-43.5,2.5810781E-5
-12.5,-42.5,2.3643206E-5
-12.5,-41.5,1.8026678E-5
-12.5,-40.5,1.7451495E-5
-12.5,-39.5,1.8352377E-5
-12.5,-38.5,1.8858616E-5
-12.5,13.5,1.5E-5
-12.5,14.5,3.4365647E-5
-12.5,15.5,3.5331886E-5
-12.5,16.5,3.550708E-5
-12.5,17.5,3.682479E-5
-12.5,18.5,3.957703E-5
-12.5,19.5,3.742995E-5
-12.5,20.5,3.6640202E-5
-12.5,21.5,3.7419162E-5
-12.5,22.5,3.7053596E-5
-12.5,23.5,3.798648E-5
-12.5,24.5,3.6305097E-5
-12.5,25.5,3.597961E-5
-12.5,26.5,3.654772E-5
-12.5,27.5,3.6812457E-5
-12.5,28.5,3.400666E-5
-12.5,29.5,3.5656107E-5
-12.5,30.5,3.414267E-5
-12.5,31.5,3.343698E-5
-12.5,32.5,3.365157E-5
-12.5,33.5,3.4550652E-5
-12.5,34.5,3.7337577E-5
-12.5,35.5,3.3670523E-5
-12.5,36.5,3.4857203E-5
-12.5,37.5,3.7267353E-5
-12.5,38.5,4.0546005E-5
-12.5,39.5,4.4017914E-5
-12.5,40.5,4.075171E-5
-12.5,49.5,3.4626315E-5
-12.5,131.5,4.9084552E-5
-12.5,132.5,4.8957158E-5
-12.5,133.5,4.2973486E-5
-12.5,134.5,4.355841E-5
-12.5,135.5,4.5433084E-5
-12.5,136.5,4.0953255E-5
-12.5,142.5,4.2622105E-5
-11.5,-76.5,2.5425676E-5
-11.5,-75.5,3.0848994E-5
-11.5,-74.5,4.409554E-5
-11.5,-73.5,7.1442126E-5
-11.5,-72.5,7.041572E-5
-11.5,-71.5,6.1974606E-5
-11.5,-70.5,6.0158476E-5
-11.5,-69.5,5.795298E-5
-11.5,-68.5,5.762947E-5
-11.5,-67.5,5.727209E-5
-11.5,-66.5,5.5776574E-5
-11.5,-65.5,5.5813292E-5
-11.5,-64.5,5.598148E-5
-11.5,-63.5,5.8533566E-5
-11.5,-62.5,5.7777106E-5
-11.5,-61.5,5.7780293E-5
-11.5,-60.5,5.565949E-5
-11.5,-59.5,5.6126566E-5
-11.5,-58.5,5.7494093E-5
-11.5,-57.5,5.8448655E-5
-11.5,-56.5,6.1571656E-5
-11.5,-55.5,6.0516468E-5
-11.5,-54.5,6.0913913E-5
-11.5,-53.5,5.8590234E-5
-11.5,-52.5,5.8038095E-5
-11.5,-51.5,5.570834E-5
-11.5,-50.5,5.3097312E-5
-11.5,-49.5,5.1605213E-5
-11.5,-48.5,4.7028294E-5
-11.5,-47.5,4.5951812E-5
-11.5,-46.5,4.5470744E-5
-11.5,-45.5,3.2662698E-5
-11.5,-44.5,2.7354306E-5
-11.5,-43.5,2.4717328E-5
-11.5,-42.5,2.10305E-5
-11.5,-41.5,1.6258346E-5
-11.5,-40.5,1.6047083E-5
-11.5,-39.5,1.5663336E-5
-11.5,-38.5,1.5212721E-5
-11.5,-37.5,1.4986647E-5
-11.5,14.5,3.061887E-5
-11.5,15.5,3.9534483E-5
-11.5,16.5,3.9718278E-5
-11.5,17.5,3.8530347E-5
-11.5,18.5,4.289237E-5
-11.5,19.5,4.0376926E-5
-11.5,20.5,3.9435854E-5
-11.5,21.5,4.0694948E-5
-11.5,22.5,4.172029E-5
-11.5,23.5,4.1820116E-5
-11.5,24.5,4.0123872E-5
-11.5,25.5,3.8372964E-5
-11.5,26.5,3.7445032E-5
-11.5,27.5,3.6053087E-5
-11.5,28.5,3.455941E-5
-11.5,29.5,3.865315E-5
-11.5,30.5,3.616064E-5
-11.5,31.5,3.726436E-5
-11.5,32.5,3.3156102E-5
-11.5,33.5,3.8052647E-5
-11.5,34.5,4.216491E-5
-11.5,35.5,3.3183194E-5
-11.5,36.5,3.5360175E-5
-11.5,37.5,3.7410537E-5
-11.5,38.5,4.10658E-5
-11.5,39.5,4.5491845E-5
-11.5,142.5,4.1374213E-5
-10.5,-77.5,1.8078455E-5
-10.5,-76.5,3.4470522E-5
-10.5,-75.5,6.1034356E-5
-10.5,-74.5,6.7870336E-5
-10.5,-73.5,6.854018E-5
-10.5,-72.5,6.502705E-5
-10.5,-71.5,6.589721E-5
-10.5,-70.5,6.4905566E-5
-10.5,-69.5,6.314037E-5
-10.5,-68.5,6.142404E-5
-10.5,-67.5,6.268023E-5
-10.5,-66.5,6.133107E-5
-10.5,-65.5,6.0674505E-5
-10.5,-64.5,6.106486E-5
-10.5,-63.5,5.931149E-5
-10.5,-62.5,6.0381724E-5
-10.5,-61.5,6.117314E-5
-10.5,-60.5,6.027866E-5
-10.5,-59.5,6.266563E-5
-10.5,-58.5,6.242267E-5
-10.5,-57.5,6.402134E-5
-10.5,-56.5,6.104341E-5
-10.5,-55.5,6.185179E-5
-10.5,-54.5,6.301445E-5
-10.5,-53.5,6.146452E-5
-10.5,-52.5,6.249443E-5
-10.5,-51.5,6.11294E-5
-10.5,-50.5,5.8450496E-5
-10.5,-49.5,5.7315487E-5
-10.5,-48.5,5.347145E-5
-10.5,-47.5,4.8456375E-5
-10.5,-46.5,4.4920183E-5
-10.5,-45.5,3.2581218E-5
-10.5,-44.5,2.923935E-5
-10.5,-43.5,2.5350751E-5
-10.5,-42.5,1.845474E-5
-10.5,-41.5,1.5795102E-5
-10.5,-40.5,1.4208719E-5
-10.5,-39.5,1.5115176E-5
-10.5,-38.5,1.4598899E-5
-10.5,-37.5,1.421828E-5
-10.5,14.5,2.8443465E-5
-10.5,15.5,3.7398426E-5
-10.5,16.5,3.6537807E-5
-10.5,17.5,4.0219544E-5
-10.5,18.5,4.3571486E-5
-10.5,19.5,4.2887572E-5
-10.5,20.5,4.0296312E-5
-10.5,21.5,4.033419E-5
-10.5,22.5,3.9291674E-5
-10.5,23.5,4.1485204E-5
-10.5,24.5,4.0862727E-5
-10.5,25.5,4.0227544E-5
-10.5,26.5,3.6972106E-5
-10.5,27.5,3.770234E-5
-10.5,28.5,3.7167858E-5
-10.5,29.5,4.184741E-5
-10.5,30.5,3.6027202E-5
-10.5,31.5,3.3938937E-5
-10.5,32.5,3.3047523E-5
-10.5,33.5,3.6044177E-5
-10.5,34.5,3.6664394E-5
-10.5,35.5,3.551553E-5
-10.5,36.5,3.5714205E-5
-10.5,37.5,3.7548143E-5
-10.5,38.5,4.2720836E-5
-10.5,39.5,4.1729785E-5
-9.5,-77.5,3.1827294E-5
-9.5,-76.5,4.946705E-5
-9.5,-75.5,7.42559E-5
-9.5,-74.5,6.497209E-5
-9.5,-73.5,6.548026E-5
-9.5,-72.5,6.5803004E-5
-9.5,-71.5,6.9052294E-5
-9.5,-70.5,6.862694E-5
-9.5,-69.5,6.58921E-5
-9.5,-68.5,6.443541E-5
-9.5,-67.5,6.551887E-5
-9.5,-66.5,6.4820175E-5
-9.5,-65.5,6.353791E-5
-9.5,-64.5,6.293398E-5
-9.5,-63.5,6.3172425E-5
-9.5,-62.5,6.580479E-5
-9.5,-61.5,6.724883E-5
-9.5,-60.5,6.745219E-5
-9.5,-59.5,7.037269E-5
-9.5,-58.5,6.84925E-5
-9.5,-57.5,6.671224E-5
-9.5,-56.5,6.904316E-5
-9.5,-55.5,7.903281E-5
-9.5,-54.5,6.6482506E-5
-9.5,-53.5,6.3005245E-5
-9.5,-52.5,6.741613E-5
-9.5,-51.5,6.7558205E-5
-9.5,-50.5,6.146337E-5
-9.5,-49.5,6.08388E-5
-9.5,-48.5,5.6704608E-5
-9.5,-47.5,5.0985975E-5
-9.5,-46.5,4.5766144E-5
-9.5,-45.5,3.5040022E-5
-9.5,-44.5,3.074969E-5
-9.5,-43.5,2.474349E-5
-9.5,-42.5,1.8625631E-5
-9.5,-41.5,1.5819414E-5
-9.5,-40.5,1.3722111E-5
-9.5,-39.5,1.4846446E-5
-9.5,-38.5,1.3173019E-5
-9.5,-37.5,1.4237883E-5
-9.5,-36.5,1.6816046E-5
-9.5,13.5,1.9554314E-5
-9.5,14.5,2.5903508E-5
-9.5,15.5,3.188677E-5
-9.5,16.5,3.6724094E-5
-9.5,17.5,3.7374855E-5
-9.5,18.5,4.2700245E-5
-9.5,19.5,4.5055527E-5
-9.5,20.5,4.1639272E-5
-9.5,21.5,4.2882726E-5
-9.5,22.5,4.354115E-5
-9.5,23.5,4.4111217E-5
-9.5,24.5,4.250553E-5
-9.5,25.5,3.893433E-5
-9.5,26.5,4.0171893E-5
-9.5,27.5,4.0073926E-5
-9.5,28.5,3.7822898E-5
-9.5,29.5,4.4408625E-5
-9.5,30.5,3.7196296E-5
-9.5,31.5,3.435008E-5
-9.5,32.5,3.843101E-5
-9.5,33.5,4.08272E-5
-9.5,34.5,3.99279E-5
-9.5,35.5,3.6906495E-5
-9.5,36.5,3.5348243E-5
-9.5,37.5,3.624317E-5
-9.5,38.5,3.8373193E-5
-9.5,39.5,3.5321675E-5
-9.5,124.5,4.1970743E-5
-9.5,147.5,6.882829E-5
-9.5,148.5,7.894821E-5
-9.5,149.5,7.878224E-5
-8.5,-78.5,1.4983783E-5
-8.5,-77.5,3.4550332E-5
-8.5,-76.5,6.362052E-5
-8.5,-75.5,7.2594026E-5
-8.5,-74.5,6.346626E-5
-8.5,-73.5,7.184955E-5
-8.5,-72.5,7.1494E-5
-8.5,-71.5,7.0962466E-5
-8.5,-70.5,7.2084425E-5
-8.5,-69.5,7.0298585E-5
-8.5,-68.5,6.894976E-5
-8.5,-67.5,6.922346E-5
-8.5,-66.5,6.89748E-5
-8.5,-65.5,6.6997265E-5
-8.5,-64.5,6.777338E-5
-8.5,-63.5,6.5464206E-5
-8.5,-62.5,7.025972E-5
-8.5,-61.5,7.3595555E-5
-8.5,-60.5,7.1707334E-5
-8.5,-59.5,7.5687254E-5
-8.5,-58.5,7.221061E-5
-8.5,-57.5,7.707678E-5
-8.5,-56.5,7.805235E-5
-8.5,-55.5,6.999872E-5
-8.5,-54.5,6.5362925E-5
-8.5,-53.5,6.542852E-5
-8.5,-52.5,7.358634E-5
-8.5,-51.5,6.953951E-5
-8.5,-50.5,6.519162E-5
-8.5,-49.5,6.3108295E-5
-8.5,-48.5,6.1187275E-5
-8.5,-47.5,5.7098085E-5
-8.5,-46.5,4.9947812E-5
-8.5,-45.5,4.031249E-5
-8.5,-44.5,3.365997E-5
-8.5,-43.5,2.5491312E-5
-8.5,-42.5,2.028644E-5
-8.5,-41.5,1.688706E-5
-8.5,-40.5,1.4387184E-5
-8.5,-39.5,1.3898818E-5
-8.5,-38.5,1.5266236E-5
-8.5,-37.5,1.6997526E-5
-8.5,-36.5,1.9189205E-5
-8.5,-35.5,2.127205E-5
-8.5,13.5,2.1360709E-5
-8.5,14.5,3.5311878E-5
-8.5,15.5,4.075137E-5
-8.5,16.5,3.7090253E-5
-8.5,17.5,3.8376744E-5
-8.5,18.5,4.9259386E-5
-8.5,19.5,4.707196E-5
-8.5,20.5,4.3379743E-5
-8.5,21.5,4.2996475E-5
-8.5,22.5,4.6533285E-5
-8.5,23.5,4.915433E-5
-8.5,24.5,4.990399E-5
-8.5,25.5,4.1487434E-5
-8.5,26.5,4.2020292E-5
-8.5,27.5,4.3085445E-5
-8.5,28.5,3.812546E-5
-8.5,29.5,4.0050614E-5
-8.5,30.5,3.648291E-5
-8.5,31.5,3.1682073E-5
-8.5,32.5,3.423808E-5
-8.5,33.5,2.7226564E-5
-8.5,34.5,3.085563E-5
-8.5,35.5,3.7692567E-5
-8.5,36.5,3.99151E-5
-8.5,37.5,3.800165E-5
-8.5,38.5,3.6216166E-5
-8.5,117.5,4.7048794E-5
-8.5,118.5,4.0481988E-5
-8.5,120.5,5.15846E-5
-8.5,140.5,7.156292E-5
-8.5,141.5,7.60423E-5
-8.5,142.5,7.4316784E-5
-8.5,146.5,6.973728E-5
-8.5,147.5,8.996895E-5
-7.5,-79.5,9.235063E-6
-7.5,-78.5,2.2030303E-5
-7.5,-77.5,4.112296E-5
-7.5,-76.5,5.3566004E-5
-7.5,-75.5,5.8893074E-5
-7.5,-74.5,6.725667E-5
-7.5,-73.5,7.571619E-5
-7.5,-72.5,7.738684E-5
-7.5,-71.5,7.7852805E-5
-7.5,-70.5,7.7294164E-5
-7.5,-69.5,7.7060235E-5
-7.5,-68.5,7.790459E-5
-7.5,-67.5,7.624237E-5
-7.5,-66.5,7.5455166E-5
-7.5,-65.5,7.225258E-5
-7.5,-64.5,7.29912E-5
-7.5,-63.5,7.216247E-5
-7.5,-62.5,7.5410164E-5
-7.5,-61.5,7.75688E-5
-7.5,-60.5,8.138588E-5
-7.5,-59.5,8.135971E-5
-7.5,-58.5,7.664279E-5
-7.5,-57.5,8.076708E-5
-7.5,-56.5,7.264068E-5
-7.5,-55.5,7.2224895E-5
-7.5,-54.5,6.702904E-5
-7.5,-53.5,6.4434156E-5
-7.5,-52.5,6.693336E-5
-7.5,-51.5,6.843807E-5
-7.5,-50.5,6.6476154E-5
-7.5,-49.5,5.7361205E-5
-7.5,-48.5,5.8350382E-5
-7.5,-47.5,5.071683E-5
-7.5,-46.5,4.4876644E-5
-7.5,-45.5,3.774905E-5
-7.5,-44.5,3.3118788E-5
-7.5,-43.5,2.7018765E-5
-7.5,-42.5,2.3843495E-5
-7.5,-41.5,2.0955731E-5
-7.5,-40.5,1.8473826E-5
-7.5,-39.5,1.8995326E-5
-7.5,-38.5,2.1918713E-5
-7.5,-37.5,2.1915655E-5
-7.5,-36.5,2.01873E-5
-7.5,-35.5,2.1862224E-5
-7.5,13.5,2.7633128E-5
-7.5,14.5,4.114522E-5
-7.5,15.5,4.248646E-5
-7.5,16.5,3.8278744E-5
-7.5,17.5,4.5541194E-5
-7.5,18.5,5.2554537E-5
-7.5,19.5,4.8356454E-5
-7.5,20.5,4.57624E-5
-7.5,21.5,4.808305E-5
-7.5,22.5,5.0613824E-5
-7.5,23.5,5.0116938E-5
-7.5,24.5,4.877269E-5
-7.5,25.5,4.5248587E-5
-7.5,26.5,4.1968848E-5
-7.5,27.5,4.1761297E-5
-7.5,28.5,4.7192414E-5
-7.5,29.5,4.2881948E-5
-7.5,30.5,3.672138E-5
-7.5,31.5,3.3305594E-5
-7.5,32.5,3.4466982E-5
-7.5,33.5,2.804846E-5
-7.5,34.5,2.601026E-5
-7.5,35.5,2.6047039E-5
-7.5,36.5,3.1562402E-5
-7.5,37.5,3.4683202E-5
-7.5,38.5,3.655706E-5
-7.5,107.5,8.6077205E-5
-7.5,108.5,9.0229165E-5
-7.5,109.5,8.859571E-5
-7.5,110.5,7.684217E-5
-7.5,111.5,7.208236E-5
-7.5,112.5,6.813809E-5
-7.5,138.5,8.567266E-5
-7.5,139.5,8.4113526E-5
-7.5,140.5,9.129103E-5
-7.5,141.5,9.351828E-5
-7.5,142.5,9.784426E-5
-7.5,143.5,1.1223294E-4
-7.5,144.5,1.1216247E-4
-7.5,145.5,9.173315E-5
-7.5,146.5,7.8142184E-5
-6.5,-79.5,1.2953789E-5
-6.5,-78.5,1.9993686E-5
-6.5,-77.5,3.7444977E-5
-6.5,-76.5,5.8924787E-5
-6.5,-75.5,6.708804E-5
-6.5,-74.5,7.607946E-5
-6.5,-73.5,8.399982E-5
-6.5,-72.5,8.303302E-5
-6.5,-71.5,8.561463E-5
-6.5,-70.5,8.606576E-5
-6.5,-69.5,8.571109E-5
-6.5,-68.5,8.543359E-5
-6.5,-67.5,8.410068E-5
-6.5,-66.5,8.167861E-5
-6.5,-65.5,7.928756E-5
-6.5,-64.5,7.6405595E-5
-6.5,-63.5,7.790729E-5
-6.5,-62.5,8.120023E-5
-6.5,-61.5,8.2637576E-5
-6.5,-60.5,8.4423686E-5
-6.5,-59.5,8.448496E-5
-6.5,-58.5,8.0637365E-5
-6.5,-57.5,8.030732E-5
-6.5,-56.5,7.737298E-5
-6.5,-55.5,7.324051E-5
-6.5,-54.5,6.653454E-5
-6.5,-53.5,6.828579E-5
-6.5,-52.5,6.8284724E-5
-6.5,-51.5,6.8763635E-5
-6.5,-50.5,5.890887E-5
-6.5,-49.5,5.1286286E-5
-6.5,-48.5,5.3789197E-5
-6.5,-47.5,4.9001057E-5
-6.5,-46.5,4.36107E-5
-6.5,-45.5,3.732876E-5
-6.5,-44.5,3.3284825E-5
-6.5,-43.5,3.1488893E-5
-6.5,-42.5,3.0040876E-5
-6.5,-41.5,2.7927228E-5
-6.5,-40.5,1.826148E-5
-6.5,-39.5,2.1566577E-5
-6.5,-38.5,2.3990542E-5
-6.5,-37.5,2.4951032E-5
-6.5,-36.5,2.4824583E-5
-6.5,-35.5,2.44207E-5
-6.5,13.5,3.4436605E-5
-6.5,14.5,4.4708675E-5
-6.5,15.5,4.3774882E-5
-6.5,16.5,4.7593483E-5
-6.5,17.5,5.705191E-5
-6.5,18.5,5.407106E-5
-6.5,19.5,4.8809867E-5
-6.5,20.5,4.8226426E-5
-6.5,21.5,5.3194006E-5
-6.5,22.5,5.514751E-5
-6.5,23.5,5.212277E-5
-6.5,24.5,5.155012E-5
-6.5,25.5,4.5245557E-5
-6.5,26.5,3.888067E-5
-6.5,27.5,4.2335472E-5
-6.5,28.5,3.9814895E-5
-6.5,29.5,3.8237584E-5
-6.5,30.5,3.3081735E-5
-6.5,31.5,2.988712E-5
-6.5,32.5,2.8059301E-5
-6.5,33.5,2.3980218E-5
-6.5,34.5,2.3716362E-5
-6.5,35.5,2.2645467E-5
-6.5,36.5,2.7452434E-5
-6.5,37.5,3.1113104E-5
-6.5,38.5,3.3506807E-5
-6.5,106.5,9.684779E-5
-6.5,107.5,8.764099E-5
-6.5,139.5,1.1776814E-4
-6.5,140.5,1.2611225E-4
-6.5,141.5,1.2731574E-4
-6.5,142.5,1.0750461E-4
-6.5,143.5,9.395633E-5
-6.5,144.5,9.638924E-5
-6.5,145.5,7.00636E-5
-6.5,146.5,6.5742905E-5
-6.5,147.5,8.928219E-5
-5.5,-80.5,1.0160178E-5
-5.5,-79.5,2.0274705E-5
-5.5,-78.5,3.359586E-5
-5.5,-77.5,5.511477E-5
-5.5,-76.5,6.895897E-5
-5.5,-75.5,7.510672E-5
-5.5,-74.5,8.07317E-5
-5.5,-73.5,9.104385E-5
-5.5,-72.5,9.112937E-5
-5.5,-71.5,9.132426E-5
-5.5,-70.5,9.034126E-5
-5.5,-69.5,9.141777E-5
-5.5,-68.5,9.054081E-5
-5.5,-67.5,8.569746E-5
-5.5,-66.5,8.780215E-5
-5.5,-65.5,8.466713E-5
-5.5,-64.5,8.058201E-5
-5.5,-63.5,8.163516E-5
-5.5,-62.5,8.762459E-5
-5.5,-61.5,8.6148066E-5
-5.5,-60.5,8.2755454E-5
-5.5,-59.5,8.4835985E-5
-5.5,-58.5,8.245974E-5
-5.5,-57.5,7.484326E-5
-5.5,-56.5,7.7388824E-5
-5.5,-55.5,7.203166E-5
-5.5,-54.5,6.145824E-5
-5.5,-53.5,5.8124224E-5
-5.5,-52.5,5.832307E-5
-5.5,-51.5,5.632172E-5
-5.5,-50.5,5.3640462E-5
-5.5,-49.5,5.54616E-5
-5.5,-48.5,5.6969646E-5
-5.5,-47.5,5.211034E-5
-5.5,-46.5,4.2838743E-5
-5.5,-45.5,3.703162E-5
-5.5,-44.5,3.841916E-5
-5.5,-43.5,3.7205053E-5
-5.5,-42.5,3.741304E-5
-5.5,-41.5,3.4700774E-5
-5.5,-40.5,2.1928608E-5
-5.5,-39.5,2.1243193E-5
-5.5,-38.5,2.469976E-5
-5.5,-37.5,2.5902367E-5
-5.5,-36.5,2.746882E-5
-5.5,-35.5,2.7185622E-5
-5.5,12.5,3.41997E-5
-5.5,13.5,3.7318816E-5
-5.5,14.5,4.4549797E-5
-5.5,15.5,5.0704537E-5
-5.5,16.5,5.1412688E-5
-5.5,17.5,5.6477456E-5
-5.5,18.5,5.5248576E-5
-5.5,19.5,5.608944E-5
-5.5,20.5,5.312125E-5
-5.5,21.5,5.2474268E-5
-5.5,22.5,5.390489E-5
-5.5,23.5,5.525493E-5
-5.5,24.5,5.402662E-5
-5.5,25.5,4.5916797E-5
-5.5,26.5,4.4368695E-5
-5.5,27.5,4.6903282E-5
-5.5,28.5,4.156392E-5
-5.5,29.5,4.2430973E-5
-5.5,30.5,3.1220385E-5
-5.5,31.5,2.8667986E-5
-5.5,32.5,2.8285858E-5
-5.5,33.5,2.3780325E-5
-5.5,34.5,2.2911165E-5
-5.5,35.5,2.3106908E-5
-5.5,36.5,2.4390478E-5
-5.5,37.5,2.696939E-5
-5.5,38.5,2.8007647E-5
-5.5,104.5,8.340882E-5
-5.5,105.5,7.866014E-5
-5.5,138.5,1.3051937E-4
-5.5,139.5,1.4038157E-4
-5.5,140.5,1.3454113E-4
-5.5,141.5,1.2468881E-4
-5.5,142.5,1.0266872E-4
-5.5,143.5,9.524175E-5
-5.5,144.5,1.12269E-4
-5.5,145.5,1.0126803E-4
-5.5,150.5,1.1124518E-4
-5.5,151.5,1.1192481E-4
-4.5,-80.5,1.8115223E-5
-4.5,-79.5,3.0226605E-5
-4.5,-78.5,4.7964604E-5
-4.5,-77.5,6.7826855E-5
-4.5,-76.5,7.856049E-5
-4.5,-75.5,8.545095E-5
-4.5,-74.5,9.139238E-5
-4.5,-73.5,9.5253636E-5
-4.5,-72.5,9.6157724E-5
-4.5,-71.5,9.540125E-5
-4.5,-70.5,9.368835E-5
-4.5,-69.5,9.548722E-5
-4.5,-68.5,9.3933944E-5
-4.5,-67.5,8.910764E-5
-4.5,-66.5,8.967839E-5
-4.5,-65.5,8.809208E-5
-4.5,-64.5,8.347531E-5
-4.5,-63.5,8.193676E-5
-4.5,-62.5,8.3937375E-5
-4.5,-61.5,8.947702E-5
-4.5,-60.5,8.543144E-5
-4.5,-59.5,8.111417E-5
-4.5,-58.5,8.144191E-5
-4.5,-57.5,7.806067E-5
-4.5,-56.5,7.5128315E-5
-4.5,-55.5,7.3857685E-5
-4.5,-54.5,6.1445084E-5
-4.5,-53.5,5.5273726E-5
-4.5,-52.5,5.667859E-5
-4.5,-51.5,5.641622E-5
-4.5,-50.5,5.5278433E-5
-4.5,-49.5,6.897131E-5
-4.5,-48.5,7.0515576E-5
-4.5,-47.5,5.4993703E-5
-4.5,-46.5,4.7056004E-5
-4.5,-45.5,4.5426164E-5
-4.5,-44.5,5.084182E-5
-4.5,-43.5,4.5597862E-5
-4.5,-42.5,4.8016467E-5
-4.5,-41.5,4.541132E-5
-4.5,-40.5,3.0179513E-5
-4.5,-39.5,2.4954184E-5
-4.5,-38.5,2.6946207E-5
-4.5,12.5,4.2896805E-5
-4.5,13.5,4.4183285E-5
-4.5,14.5,4.5615932E-5
-4.5,15.5,4.9508486E-5
-4.5,16.5,4.991156E-5
-4.5,17.5,4.904021E-5
-4.5,18.5,5.007723E-5
-4.5,19.5,5.1181036E-5
-4.5,20.5,5.3029682E-5
-4.5,21.5,5.6212557E-5
-4.5,22.5,5.4440054E-5
-4.5,23.5,5.6561938E-5
-4.5,24.5,5.543042E-5
-4.5,25.5,4.8152495E-5
-4.5,26.5,4.931065E-5
-4.5,27.5,5.0327133E-5
-4.5,28.5,4.168479E-5
-4.5,29.5,4.1738105E-5
-4.5,30.5,3.4319004E-5
-4.5,31.5,3.0599396E-5
-4.5,32.5,2.8940396E-5
-4.5,33.5,2.6025771E-5
-4.5,34.5,2.3008051E-5
-4.5,35.5,1.9537654E-5
-4.5,36.5,1.8926667E-5
-4.5,37.5,2.1925991E-5
-4.5,38.5,2.4303732E-5
-4.5,103.5,9.951791E-5
-4.5,104.5,9.9944824E-5
-4.5,105.5,8.860735E-5
-4.5,122.5,5.766358E-5
-4.5,136.5,1.3557448E-4
-4.5,137.5,1.2771918E-4
-4.5,138.5,1.1235507E-4
-4.5,139.5,1.16744886E-4
-4.5,140.5,1.3185276E-4
-4.5,141.5,1.4450145E-4
-4.5,142.5,1.4653533E-4
-4.5,143.5,1.3472019E-4
-4.5,144.5,1.1090421E-4
-4.5,152.5,9.710422E-5
-3.5,-79.5,2.8768181E-5
-3.5,-78.5,5.0908886E-5
-3.5,-77.5,7.350231E-5
-3.5,-76.5,8.471175E-5
-3.5,-75.5,9.116524E-5
-3.5,-74.5,9.786814E-5
-3.5,-73.5,9.9496945E-5
-3.5,-72.5,9.998077E-5
-3.5,-71.5,1.03399114E-4
-3.5,-70.5,1.02818034E-4
-3.5,-69.5,9.55405E-5
-3.5,-68.5,9.2538736E-5
-3.5,-67.5,9.264285E-5
-3.5,-66.5,9.177906E-5
-3.5,-65.5,8.795947E-5
-3.5,-64.5,8.6152766E-5
-3.5,-63.5,8.622434E-5
-3.5,-62.5,8.777325E-5
-3.5,-61.5,8.2885395E-5
-3.5,-60.5,8.220267E-5
-3.5,-59.5,7.604472E-5
-3.5,-58.5,7.737792E-5
-3.5,-57.5,8.409584E-5
-3.5,-56.5,7.825843E-5
-3.5,-55.5,6.882977E-5
-3.5,-54.5,6.3513646E-5
-3.5,-53.5,5.4167205E-5
-3.5,-52.5,5.4579094E-5
-3.5,-51.5,6.1338294E-5
-3.5,-50.5,6.209861E-5
-3.5,-49.5,7.1949966E-5
-3.5,-48.5,6.959591E-5
-3.5,-47.5,5.9822953E-5
-3.5,-46.5,5.5165936E-5
-3.5,-45.5,5.7076548E-5
-3.5,-44.5,6.571836E-5
-3.5,-43.5,5.6569046E-5
-3.5,-42.5,5.2173844E-5
-3.5,-41.5,4.8524762E-5
-3.5,-40.5,3.796408E-5
-3.5,-39.5,3.2610405E-5
-3.5,11.5,4.1945485E-5
-3.5,12.5,4.229937E-5
-3.5,13.5,5.078099E-5
-3.5,14.5,5.3456723E-5
-3.5,15.5,5.3396816E-5
-3.5,16.5,4.8685743E-5
-3.5,17.5,4.999832E-5
-3.5,18.5,5.1113824E-5
-3.5,19.5,5.467329E-5
-3.5,20.5,5.7519013E-5
-3.5,21.5,6.0320785E-5
-3.5,22.5,5.7914112E-5
-3.5,23.5,5.6156336E-5
-3.5,24.5,5.4342072E-5
-3.5,25.5,5.2864518E-5
-3.5,26.5,5.6563207E-5
-3.5,27.5,6.3494605E-5
-3.5,28.5,4.549179E-5
-3.5,29.5,3.3033662E-5
-3.5,30.5,3.3812496E-5
-3.5,31.5,2.9959101E-5
-3.5,32.5,2.9051673E-5
-3.5,33.5,2.8305994E-5
-3.5,34.5,2.0350762E-5
-3.5,35.5,1.7729537E-5
-3.5,36.5,1.8980274E-5
-3.5,37.5,2.0855436E-5
-3.5,38.5,2.0198104E-5
-3.5,39.5,2.2095908E-5
-3.5,102.5,9.769764E-5
-3.5,103.5,1.0510662E-4
-3.5,104.5,9.310968E-5
-3.5,105.5,7.619202E-5
-3.5,114.5,9.872034E-5
-3.5,115.5,8.6529544E-5
-3.5,119.5,6.083065E-5
-3.5,121.5,6.157519E-5
-3.5,126.5,6.3777334E-5
-3.5,133.5,7.651775E-5
-3.5,134.5,1.0694321E-4
-3.5,135.5,1.2834824E-4
-3.5,136.5,1.300217E-4
-3.5,137.5,1.2661963E-4
-3.5,138.5,1.1790902E-4
-3.5,139.5,1.3226892E-4
-3.5,140.5,1.1941164E-4
-3.5,141.5,1.166077E-4
-3.5,142.5,1.0691838E-4
-3.5,143.5,1.02376864E-4
-2.5,-80.5,2.0992584E-5
-2.5,-79.5,3.283007E-5
-2.5,-78.5,5.2704345E-5
-2.5,-77.5,7.554657E-5
-2.5,-76.5,8.330893E-5
-2.5,-75.5,8.991408E-5
-2.5,-74.5,9.6129756E-5
-2.5,-73.5,1.0256735E-4
-2.5,-72.5,1.0345622E-4
-2.5,-71.5,1.0372582E-4
-2.5,-70.5,1.04114515E-4
-2.5,-69.5,1.0442903E-4
-2.5,-68.5,1.01378784E-4
-2.5,-67.5,9.131738E-5
-2.5,-66.5,8.94131E-5
-2.5,-65.5,8.925838E-5
-2.5,-64.5,9.2422706E-5
-2.5,-63.5,8.811811E-5
-2.5,-62.5,8.743727E-5
-2.5,-61.5,8.621779E-5
-2.5,-60.5,8.9936206E-5
-2.5,-59.5,8.162195E-5
-2.5,-58.5,7.136643E-5
-2.5,-57.5,7.2715615E-5
-2.5,-56.5,7.443226E-5
-2.5,-55.5,6.5983084E-5
-2.5,-54.5,6.0568673E-5
-2.5,-53.5,5.442219E-5
-2.5,-52.5,6.248242E-5
-2.5,-51.5,7.563843E-5
-2.5,-50.5,8.0237485E-5
-2.5,-49.5,8.52461E-5
-2.5,-48.5,9.2234426E-5
-2.5,-47.5,8.3745035E-5
-2.5,-46.5,7.691658E-5
-2.5,-45.5,6.5868655E-5
-2.5,-44.5,6.068762E-5
-2.5,-43.5,5.152682E-5
-2.5,10.5,4.8054546E-5
-2.5,11.5,5.120252E-5
-2.5,12.5,5.6686902E-5
-2.5,13.5,6.0906717E-5
-2.5,14.5,6.214921E-5
-2.5,15.5,5.464426E-5
-2.5,16.5,5.057995E-5
-2.5,17.5,5.1580413E-5
-2.5,18.5,5.3580185E-5
-2.5,19.5,5.6831595E-5
-2.5,20.5,6.198777E-5
-2.5,21.5,6.4639346E-5
-2.5,22.5,5.9198563E-5
-2.5,23.5,5.827459E-5
-2.5,24.5,5.653317E-5
-2.5,25.5,5.7543537E-5
-2.5,26.5,6.25023E-5
-2.5,27.5,7.103354E-5
-2.5,28.5,5.0758645E-5
-2.5,29.5,3.0638745E-5
-2.5,30.5,2.9214743E-5
-2.5,31.5,3.0623192E-5
-2.5,32.5,3.301249E-5
-2.5,33.5,3.4261455E-5
-2.5,34.5,2.8091634E-5
-2.5,35.5,1.5643625E-5
-2.5,36.5,1.7945109E-5
-2.5,37.5,1.8792556E-5
-2.5,38.5,1.7758204E-5
-2.5,39.5,1.9238189E-5
-2.5,40.5,2.0481386E-5
-2.5,101.5,9.81772E-5
-2.5,102.5,9.7096075E-5
-2.5,103.5,9.760309E-5
-2.5,104.5,8.7607084E-5
-2.5,105.5,7.715725E-5
-2.5,110.5,1.0184246E-4
-2.5,111.5,1.1026378E-4
-2.5,112.5,1.11973066E-4
-2.5,113.5,1.154082E-4
-2.5,114.5,1.0048248E-4
-2.5,115.5,9.1280635E-5
-2.5,119.5,6.650881E-5
-2.5,120.5,7.907515E-5
-2.5,121.5,7.3812116E-5
-2.5,132.5,7.737965E-5
-2.5,133.5,8.184314E-5
-2.5,136.5,1.3291028E-4
-2.5,137.5,1.280808E-4
-2.5,138.5,1.207023E-4
-2.5,139.5,1.08324646E-4
-2.5,140.5,1.0315729E-4
-1.5,-80.5,2.8322742E-5
-1.5,-79.5,4.0560804E-5
-1.5,-78.5,5.7251928E-5
-1.5,-77.5,7.625063E-5
-1.5,-76.5,8.552189E-5
-1.5,-75.5,9.30618E-5
-1.5,-74.5,9.9843295E-5
-1.5,-73.5,1.0665558E-4
-1.5,-72.5,1.07384985E-4
-1.5,-71.5,1.0556075E-4
-1.5,-70.5,1.055294E-4
-1.5,-69.5,1.08448905E-4
-1.5,-68.5,1.0531386E-4
-1.5,-67.5,1.01459074E-4
-1.5,-66.5,9.805412E-5
-1.5,-65.5,9.5282376E-5
-1.5,-64.5,8.587808E-5
-1.5,-63.5,7.842335E-5
-1.5,-62.5,7.84224E-5
-1.5,-61.5,8.275773E-5
-1.5,-60.5,7.793861E-5
-1.5,-59.5,7.780398E-5
-1.5,-58.5,7.3582174E-5
-1.5,-57.5,7.314248E-5
-1.5,-56.5,8.590265E-5
-1.5,-55.5,9.027404E-5
-1.5,-54.5,6.9947484E-5
-1.5,-53.5,5.821928E-5
-1.5,-52.5,7.2260285E-5
-1.5,-51.5,8.839983E-5
-1.5,-50.5,9.941909E-5
-1.5,-49.5,9.717613E-5
-1.5,-48.5,1.0413959E-4
-1.5,-47.5,1.0094468E-4
-1.5,-46.5,8.5895685E-5
-1.5,-45.5,6.897001E-5
-1.5,9.5,5.4703116E-5
-1.5,10.5,6.0838905E-5
-1.5,11.5,6.317497E-5
-1.5,12.5,6.1406616E-5
-1.5,13.5,6.237532E-5
-1.5,14.5,6.123526E-5
-1.5,15.5,5.043797E-5
-1.5,16.5,5.037672E-5
-1.5,17.5,5.6709636E-5
-1.5,18.5,5.692553E-5
-1.5,19.5,6.0080132E-5
-1.5,20.5,6.2920015E-5
-1.5,21.5,6.358168E-5
-1.5,22.5,5.9615886E-5
-1.5,23.5,5.940541E-5
-1.5,24.5,6.0721595E-5
-1.5,25.5,6.0874096E-5
-1.5,26.5,6.8990325E-5
-1.5,27.5,7.562261E-5
-1.5,28.5,5.9837952E-5
-1.5,29.5,3.000956E-5
-1.5,30.5,2.8032297E-5
-1.5,31.5,4.5482524E-5
-1.5,32.5,5.2359766E-5
-1.5,33.5,3.8323993E-5
-1.5,34.5,4.164322E-5
-1.5,35.5,2.0539155E-5
-1.5,36.5,2.16923E-5
-1.5,37.5,1.96132E-5
-1.5,38.5,1.6267406E-5
-1.5,39.5,1.7563427E-5
-1.5,40.5,2.2468457E-5
-1.5,41.5,1.7961316E-5
-1.5,101.5,9.289852E-5
-1.5,102.5,8.8117056E-5
-1.5,103.5,8.7453256E-5
-1.5,110.5,1.0296437E-4
-1.5,111.5,1.13522525E-4
-1.5,112.5,1.2038928E-4
-1.5,113.5,1.2269885E-4
-1.5,114.5,1.0176501E-4
-1.5,115.5,9.393352E-5
-1.5,116.5,9.403867E-5
-1.5,119.5,6.4104686E-5
-1.5,120.5,6.317844E-5
-1.5,121.5,6.25745E-5
-1.5,131.5,9.812613E-5
-1.5,132.5,9.6130774E-5
-1.5,133.5,8.3408115E-5
-0.5,-79.5,5.1458843E-5
-0.5,-78.5,5.7487323E-5
-0.5,-77.5,8.054945E-5
-0.5,-76.5,8.4246276E-5
-0.5,-75.5,8.6677624E-5
-0.5,-74.5,9.360477E-5
-0.5,-73.5,1.0304991E-4
-0.5,-72.5,1.0081561E-4
-0.5,-71.5,1.04853665E-4
-0.5,-70.5,1.0484759E-4
-0.5,-69.5,1.11152425E-4
-0.5,-68.5,1.0849239E-4
-0.5,-67.5,1.01382204E-4
-0.5,-66.5,9.59762E-5
-0.5,-65.5,8.7512875E-5
-0.5,-64.5,8.32129E-5
-0.5,-63.5,7.7039454E-5
-0.5,-62.5,7.8662975E-5
-0.5,-61.5,8.013974E-5
-0.5,-60.5,7.7741526E-5
-0.5,-59.5,7.3584626E-5
-0.5,-58.5,6.8804526E-5
-0.5,-57.5,7.320873E-5
-0.5,-56.5,8.5624524E-5
-0.5,-55.5,6.594366E-5
-0.5,-54.5,4.7589067E-5
-0.5,-53.5,5.8874677E-5
-0.5,-52.5,6.737451E-5
-0.5,-51.5,7.47807E-5
-0.5,-50.5,9.402825E-5
-0.5,-49.5,9.0608766E-5
-0.5,9.5,5.463602E-5
-0.5,10.5,5.4723623E-5
-0.5,11.5,5.10915E-5
-0.5,12.5,5.304281E-5
-0.5,13.5,5.6467492E-5
-0.5,14.5,5.5477318E-5
-0.5,15.5,5.0189254E-5
-0.5,16.5,5.155652E-5
-0.5,17.5,5.44263E-5
-0.5,18.5,5.815194E-5
-0.5,19.5,5.9523E-5
-0.5,20.5,6.162671E-5
-0.5,21.5,6.30579E-5
-0.5,22.5,5.9919294E-5
-0.5,23.5,5.6767338E-5
-0.5,24.5,5.944538E-5
-0.5,25.5,6.191543E-5
-0.5,26.5,7.049438E-5
-0.5,27.5,7.484292E-5
-0.5,28.5,6.6465254E-5
-0.5,29.5,3.6133442E-5
-0.5,30.5,3.1921303E-5
-0.5,31.5,3.8457278E-5
-0.5,32.5,5.2924082E-5
-0.5,33.5,4.251487E-5
-0.5,34.5,4.747466E-5
-0.5,35.5,2.4069994E-5
-0.5,36.5,1.999979E-5
-0.5,37.5,1.9752357E-5
-0.5,38.5,1.4473423E-5
-0.5,39.5,1.4735064E-5
-0.5,40.5,1.9837691E-5
-0.5,41.5,1.9472121E-5
-0.5,100.5,8.9537556E-5
-0.5,101.5,8.900171E-5
-0.5,102.5,8.859672E-5
-0.5,103.5,8.5090345E-5
-0.5,109.5,9.588503E-5
-0.5,110.5,1.02546976E-4
-0.5,111.5,1.1197683E-4
-0.5,112.5,1.1563793E-4
-0.5,113.5,1.2645422E-4
-0.5,114.5,1.13987226E-4
-0.5,115.5,9.380072E-5
-0.5,116.5,8.9259745E-5
-0.5,132.5,7.579153E-5
0.5,-79.5,5.8423753E-5
0.5,-78.5,6.644241E-5
0.5,-77.5,7.23496E-5
0.5,-76.5,9.085768E-5
0.5,-75.5,8.4788175E-5
0.5,-74.5,8.475186E-5
0.5,-73.5,9.3520735E-5
0.5,-72.5,9.287876E-5
0.5,-71.5,1.0104017E-4
0.5,-70.5,1.0056231E-4
0.5,-69.5,1.0379139E-4
0.5,-68.5,1.06068845E-4
0.5,-67.5,1.048795E-4
0.5,-66.5,1.0490435E-4
0.5,-65.5,8.144331E-5
0.5,-64.5,8.453351E-5
0.5,-63.5,7.583628E-5
0.5,-62.5,7.38078E-5
0.5,-61.5,7.585596E-5
0.5,-60.5,7.333557E-5
0.5,-59.5,7.2356E-5
0.5,-58.5,6.516648E-5
0.5,-57.5,6.56086E-5
0.5,-56.5,6.986885E-5
0.5,-55.5,5.4827848E-5
0.5,-54.5,5.5092994E-5
0.5,-53.5,6.0541817E-5
0.5,-52.5,6.586077E-5
0.5,-51.5,7.2014736E-5
0.5,-50.5,7.305516E-5
0.5,9.5,6.558998E-5
0.5,10.5,5.4808075E-5
0.5,11.5,5.0572344E-5
0.5,12.5,5.440845E-5
0.5,13.5,5.4428274E-5
0.5,14.5,5.3231364E-5
0.5,15.5,5.0647952E-5
0.5,16.5,5.145385E-5
0.5,17.5,5.3478092E-5
0.5,18.5,5.556816E-5
0.5,19.5,5.9534636E-5
0.5,20.5,6.179877E-5
0.5,21.5,6.376733E-5
0.5,22.5,6.225555E-5
0.5,23.5,5.528181E-5
0.5,24.5,5.73442E-5
0.5,25.5,5.9723112E-5
0.5,26.5,6.173674E-5
0.5,27.5,5.9972583E-5
0.5,28.5,6.711033E-5
0.5,29.5,4.6225912E-5
0.5,30.5,4.1583855E-5
0.5,31.5,3.6657162E-5
0.5,32.5,4.066113E-5
0.5,33.5,4.8205802E-5
0.5,34.5,5.1003466E-5
0.5,35.5,2.422803E-5
0.5,36.5,1.8926225E-5
0.5,37.5,1.6071906E-5
0.5,38.5,1.216607E-5
0.5,39.5,1.2554672E-5
0.5,40.5,1.5995154E-5
0.5,41.5,2.0105399E-5
0.5,42.5,1.7501165E-5
0.5,99.5,9.4007744E-5
0.5,100.5,9.101081E-5
0.5,101.5,7.9927675E-5
0.5,102.5,7.56936E-5
0.5,109.5,9.677128E-5
0.5,110.5,1.02158505E-4
0.5,111.5,1.12212736E-4
0.5,112.5,1.157858E-4
0.5,113.5,1.2227074E-4
0.5,114.5,1.2897729E-4
0.5,115.5,1.1952396E-4
0.5,116.5,9.580649E-5
0.5,117.5,8.212328E-5
0.5,121.5,5.1588875E-5
0.5,123.5,5.7956146E-5
1.5,-78.5,9.703314E-5
1.5,-77.5,6.329034E-5
1.5,-76.5,6.59814E-5
1.5,-75.5,8.44271E-5
1.5,-74.5,7.9702244E-5
1.5,-73.5,7.9939746E-5
1.5,-72.5,8.454312E-5
1.5,-71.5,9.43219E-5
1.5,-70.5,1.0096755E-4
1.5,-69.5,1.0685217E-4
1.5,-68.5,1.0698929E-4
1.5,-67.5,1.0801284E-4
1.5,-66.5,1.18791235E-4
1.5,-65.5,8.73832E-5
1.5,-64.5,6.0752063E-5
1.5,-63.5,6.045956E-5
1.5,-62.5,6.774398E-5
1.5,-61.5,6.5783555E-5
1.5,-60.5,6.556123E-5
1.5,-59.5,6.201156E-5
1.5,-58.5,6.298488E-5
1.5,-57.5,6.98469E-5
1.5,-56.5,6.880874E-5
1.5,-55.5,5.3597323E-5
1.5,-54.5,5.8888705E-5
1.5,-53.5,5.8692527E-5
1.5,-52.5,6.995646E-5
1.5,-51.5,7.628903E-5
1.5,-50.5,7.666078E-5
1.5,10.5,5.9849877E-5
1.5,11.5,5.0157567E-5
1.5,12.5,4.9064427E-5
1.5,13.5,5.042848E-5
1.5,14.5,5.3667158E-5
1.5,15.5,5.2815754E-5
1.5,16.5,5.1547653E-5
1.5,17.5,5.3824806E-5
1.5,18.5,5.3710293E-5
1.5,19.5,5.6296092E-5
1.5,20.5,5.8025333E-5
1.5,21.5,6.064639E-5
1.5,22.5,5.6140794E-5
1.5,23.5,5.351284E-5
1.5,24.5,5.3965592E-5
1.5,25.5,5.2383348E-5
1.5,26.5,5.468648E-5
1.5,27.5,5.7026926E-5
1.5,28.5,6.011899E-5
1.5,29.5,5.4849064E-5
1.5,30.5,4.2732532E-5
1.5,31.5,4.0915253E-5
1.5,32.5,3.988001E-5
1.5,33.5,4.387425E-5
1.5,34.5,2.7796159E-5
1.5,35.5,1.8801255E-5
1.5,36.5,1.5624482E-5
1.5,37.5,1.1886973E-5
1.5,38.5,1.0117001E-5
1.5,39.5,1.175125E-5
1.5,40.5,1.4518068E-5
1.5,41.5,1.7066492E-5
1.5,42.5,1.8464765E-5
1.5,43.5,1.7228129E-5
1.5,44.5,1.0605582E-5
1.5,99.5,9.232508E-5
1.5,100.5,8.283689E-5
1.5,101.5,7.697661E-5
1.5,103.5,8.063137E-5
1.5,109.5,1.0316223E-4
1.5,110.5,1.1036157E-4
1.5,111.5,1.1464469E-4
1.5,112.5,1.223357E-4
1.5,113.5,1.2364246E-4
1.5,114.5,1.1573998E-4
1.5,115.5,1.12683665E-4
1.5,116.5,1.0343702E-4
1.5,117.5,8.256533E-5
2.5,-77.5,1.17437674E-4
2.5,-76.5,6.908893E-5
2.5,-75.5,6.6352884E-5
2.5,-74.5,7.451223E-5
2.5,-73.5,7.664826E-5
2.5,-72.5,8.205181E-5
2.5,-71.5,8.4620246E-5
2.5,-70.5,9.207326E-5
2.5,-69.5,9.969504E-5
2.5,-68.5,1.0205883E-4
2.5,-67.5,1.0545883E-4
2.5,-66.5,1.13767084E-4
2.5,-65.5,1.0230133E-4
2.5,-64.5,7.8810306E-5
2.5,-63.5,5.108661E-5
2.5,-62.5,6.0415885E-5
2.5,-61.5,6.397372E-5
2.5,-60.5,6.040963E-5
2.5,-59.5,5.4477E-5
2.5,-58.5,6.381977E-5
2.5,-57.5,6.635867E-5
2.5,-56.5,6.247377E-5
2.5,-55.5,5.857228E-5
2.5,-54.5,6.4800224E-5
2.5,-53.5,6.6224384E-5
2.5,-52.5,7.36628E-5
2.5,-51.5,7.854565E-5
2.5,10.5,5.2500385E-5
2.5,11.5,4.768865E-5
2.5,12.5,4.7388716E-5
2.5,13.5,4.8002403E-5
2.5,14.5,4.998324E-5
2.5,15.5,5.052578E-5
2.5,16.5,5.0959585E-5
2.5,17.5,5.0907052E-5
2.5,18.5,5.214762E-5
2.5,19.5,5.435125E-5
2.5,20.5,5.4300144E-5
2.5,21.5,5.562474E-5
2.5,22.5,5.38989E-5
2.5,23.5,5.3304695E-5
2.5,24.5,5.4880795E-5
2.5,25.5,5.8155663E-5
2.5,26.5,6.0400514E-5
2.5,27.5,6.147116E-5
2.5,28.5,6.236642E-5
2.5,29.5,6.284489E-5
2.5,30.5,4.028365E-5
2.5,31.5,4.6309975E-5
2.5,32.5,4.5000248E-5
2.5,33.5,3.7601585E-5
2.5,34.5,2.0247217E-5
2.5,35.5,1.4539448E-5
2.5,36.5,1.2762609E-5
2.5,37.5,1.1809303E-5
2.5,38.5,1.1663333E-5
2.5,39.5,1.2676386E-5
2.5,40.5,1.391494E-5
2.5,41.5,1.5287093E-5
2.5,42.5,1.6984326E-5
2.5,43.5,1.8539162E-5
2.5,44.5,1.667204E-5
2.5,45.5,1.2140443E-5
2.5,98.5,9.023994E-5
2.5,99.5,9.63981E-5
2.5,102.5,7.568812E-5
2.5,103.5,6.569116E-5
2.5,111.5,1.02583974E-4
2.5,112.5,1.11827154E-4
2.5,113.5,1.1345858E-4
2.5,114.5,1.0510683E-4
2.5,115.5,1.05721E-4
2.5,116.5,1.0617701E-4
2.5,117.5,8.563325E-5
3.5,-76.5,8.10537E-5
3.5,-75.5,7.435962E-5
3.5,-74.5,7.0835784E-5
3.5,-73.5,7.412612E-5
3.5,-72.5,8.0860176E-5
3.5,-71.5,8.204292E-5
3.5,-70.5,8.549467E-5
3.5,-69.5,9.2360206E-5
3.5,-68.5,9.8590295E-5
3.5,-67.5,1.0304675E-4
3.5,-66.5,1.0596995E-4
3.5,-65.5,9.6274714E-5
3.5,-64.5,5.9408663E-5
3.5,-63.5,5.2105726E-5
3.5,-62.5,5.582559E-5
3.5,-61.5,5.954684E-5
3.5,-60.5,5.2165335E-5
3.5,-59.5,4.802831E-5
3.5,-58.5,5.92407E-5
3.5,-57.5,6.37119E-5
3.5,-56.5,5.905117E-5
3.5,-55.5,6.690478E-5
3.5,-54.5,7.577427E-5
3.5,-53.5,7.575929E-5
3.5,-52.5,7.961628E-5
3.5,-51.5,8.462051E-5
3.5,10.5,5.4522665E-5
3.5,11.5,4.9366732E-5
3.5,12.5,4.584116E-5
3.5,13.5,4.7558875E-5
3.5,14.5,4.845655E-5
3.5,15.5,5.1927906E-5
3.5,16.5,5.364267E-5
3.5,17.5,4.864178E-5
3.5,18.5,5.1536397E-5
3.5,19.5,5.4143693E-5
3.5,20.5,5.2668634E-5
3.5,21.5,5.279118E-5
3.5,22.5,5.1970917E-5
3.5,23.5,4.8290785E-5
3.5,24.5,5.1573385E-5
3.5,25.5,5.515336E-5
3.5,26.5,5.6105688E-5
3.5,27.5,5.422686E-5
3.5,28.5,5.3246775E-5
3.5,29.5,5.423797E-5
3.5,30.5,4.3775715E-5
3.5,31.5,4.1776995E-5
3.5,32.5,3.806212E-5
3.5,33.5,2.2647213E-5
3.5,34.5,1.5032009E-5
3.5,35.5,1.2902012E-5
3.5,36.5,1.1307187E-5
3.5,37.5,1.12577045E-5
3.5,38.5,1.3178049E-5
3.5,39.5,1.343563E-5
3.5,40.5,1.2836463E-5
3.5,41.5,1.3173253E-5
3.5,42.5,1.5722302E-5
3.5,43.5,1.8169423E-5
3.5,44.5,1.7828192E-5
3.5,45.5,1.6159956E-5
3.5,46.5,1.2180091E-5
3.5,97.5,9.3436414E-5
3.5,98.5,8.789144E-5
3.5,101.5,8.182767E-5
3.5,102.5,7.347302E-5
3.5,113.5,1.137092E-4
3.5,114.5,1.100978E-4
3.5,115.5,1.1033429E-4
3.5,116.5,1.15248615E-4
3.5,117.5,9.34764E-5
4.5,-76.5,1.13277965E-4
4.5,-75.5,7.159115E-5
4.5,-74.5,6.203138E-5
4.5,-73.5,6.231707E-5
4.5,-72.5,7.056748E-5
4.5,-71.5,7.734157E-5
4.5,-70.5,8.800834E-5
4.5,-69.5,9.019569E-5
4.5,-68.5,9.5127136E-5
4.5,-67.5,1.0015642E-4
4.5,-66.5,9.112897E-5
4.5,-65.5,9.973871E-5
4.5,-64.5,7.394519E-5
4.5,-63.5,8.19731E-5
4.5,-62.5,8.5842155E-5
4.5,-61.5,6.557327E-5
4.5,-60.5,4.7301124E-5
4.5,-59.5,4.9046685E-5
4.5,-58.5,6.5215965E-5
4.5,-57.5,6.266621E-5
4.5,-56.5,6.249157E-5
4.5,-55.5,6.713117E-5
4.5,-54.5,7.4599615E-5
4.5,-53.5,7.143752E-5
4.5,-52.5,7.524946E-5
4.5,-7.5,4.9121663E-5
4.5,6.5,7.109125E-5
4.5,7.5,7.787174E-5
4.5,9.5,6.3140105E-5
4.5,10.5,5.012678E-5
4.5,11.5,4.599649E-5
4.5,12.5,4.700184E-5
4.5,13.5,4.694437E-5
4.5,14.5,4.5985777E-5
4.5,15.5,4.7950034E-5
4.5,16.5,4.9789316E-5
4.5,17.5,4.7087426E-5
4.5,18.5,4.9736365E-5
4.5,19.5,5.1271443E-5
4.5,20.5,4.8542766E-5
4.5,21.5,4.7745456E-5
4.5,22.5,4.688698E-5
4.5,23.5,4.9505696E-5
4.5,24.5,5.0029288E-5
4.5,25.5,5.1523322E-5
4.5,26.5,5.116915E-5
4.5,27.5,4.9680646E-5
4.5,28.5,4.8779537E-5
4.5,29.5,4.8459387E-5
4.5,30.5,4.239903E-5
4.5,31.5,3.9803803E-5
4.5,32.5,3.4354733E-5
4.5,33.5,2.447487E-5
4.5,34.5,1.8731942E-5
4.5,35.5,1.6139586E-5
4.5,36.5,1.86155E-5
4.5,37.5,1.7697606E-5
4.5,38.5,1.4003074E-5
4.5,39.5,1.5218885E-5
4.5,40.5,1.453388E-5
4.5,41.5,1.2294965E-5
4.5,42.5,1.2642748E-5
4.5,43.5,1.4845548E-5
4.5,44.5,1.4549959E-5
4.5,45.5,1.3333231E-5
4.5,46.5,1.2148407E-5
4.5,47.5,9.950681E-6
4.5,96.5,7.7005505E-5
4.5,97.5,8.663962E-5
4.5,101.5,7.637017E-5
4.5,102.5,7.590564E-5
4.5,114.5,1.0306723E-4
4.5,115.5,8.9395784E-5
4.5,116.5,9.459209E-5
4.5,117.5,7.8096535E-5
5.5,-76.5,1.4107852E-4
5.5,-75.5,9.587407E-5
5.5,-74.5,1.0708669E-4
5.5,-73.5,6.090822E-5
5.5,-72.5,5.461881E-5
5.5,-71.5,6.651252E-5
5.5,-70.5,8.081326E-5
5.5,-69.5,8.9160356E-5
5.5,-68.5,9.259713E-5
5.5,-67.5,9.758757E-5
5.5,-66.5,8.7823086E-5
5.5,-65.5,8.22639E-5
5.5,-64.5,8.711048E-5
5.5,-63.5,9.547684E-5
5.5,-62.5,9.5474534E-5
5.5,-61.5,7.089897E-5
5.5,-60.5,5.5951434E-5
5.5,-59.5,7.238676E-5
5.5,-58.5,8.108818E-5
5.5,-57.5,7.027282E-5
5.5,-56.5,6.993906E-5
5.5,-55.5,6.9577276E-5
5.5,-54.5,6.3759326E-5
5.5,-53.5,5.5212553E-5
5.5,-9.5,6.0701834E-5
5.5,-8.5,5.6788267E-5
5.5,-7.5,5.454444E-5
5.5,-6.5,4.9414808E-5
5.5,-5.5,4.26766E-5
5.5,-4.5,4.0823637E-5
5.5,-3.5,4.128796E-5
5.5,-2.5,4.355185E-5
5.5,-1.5,4.066427E-5
5.5,-0.5,3.356652E-5
5.5,5.5,6.301815E-5
5.5,6.5,6.474257E-5
5.5,7.5,6.458434E-5
5.5,8.5,7.792626E-5
5.5,9.5,7.1432536E-5
5.5,10.5,4.936155E-5
5.5,11.5,5.0923707E-5
5.5,12.5,4.9442046E-5
5.5,13.5,5.2417126E-5
5.5,14.5,5.053316E-5
5.5,15.5,4.857942E-5
5.5,16.5,4.872625E-5
5.5,17.5,4.7533147E-5
5.5,18.5,4.2999513E-5
5.5,19.5,4.3341017E-5
5.5,20.5,4.778389E-5
5.5,21.5,4.911454E-5
5.5,22.5,4.6684916E-5
5.5,23.5,4.7466536E-5
5.5,24.5,4.7676633E-5
5.5,25.5,4.6429053E-5
5.5,26.5,4.650599E-5
5.5,27.5,4.4489578E-5
5.5,28.5,4.301423E-5
5.5,29.5,4.266834E-5
5.5,30.5,3.5176487E-5
5.5,31.5,3.1513264E-5
5.5,32.5,2.9425455E-5
5.5,33.5,2.5055995E-5
5.5,34.5,2.2925791E-5
5.5,35.5,2.0951642E-5
5.5,36.5,2.4559931E-5
5.5,37.5,2.1197076E-5
5.5,38.5,1.829707E-5
5.5,39.5,1.6460846E-5
5.5,40.5,1.4991088E-5
5.5,41.5,1.4931293E-5
5.5,42.5,1.3032133E-5
5.5,43.5,1.1282978E-5
5.5,44.5,1.107487E-5
5.5,45.5,9.833477E-6
5.5,46.5,9.000536E-6
5.5,47.5,9.369372E-6
5.5,48.5,7.673835E-6
5.5,100.5,7.287609E-5
5.5,101.5,7.6629476E-5
5.5,102.5,7.2743154E-5
5.5,116.5,8.9413144E-5
5.5,117.5,8.69622E-5
5.5,118.5,6.90204E-5
6.5,-76.5,1.2242803E-4
6.5,-75.5,8.83878E-5
6.5,-74.5,1.0474185E-4
6.5,-73.5,8.2946965E-5
6.5,-72.5,4.8272796E-5
6.5,-71.5,6.0818027E-5
6.5,-70.5,7.228455E-5
6.5,-69.5,8.037729E-5
6.5,-68.5,8.4931366E-5
6.5,-67.5,8.538662E-5
6.5,-66.5,8.270166E-5
6.5,-65.5,7.549747E-5
6.5,-64.5,8.6390326E-5
6.5,-63.5,8.2219616E-5
6.5,-62.5,7.689173E-5
6.5,-61.5,6.8641275E-5
6.5,-60.5,6.0851307E-5
6.5,-59.5,7.3293224E-5
6.5,-58.5,7.488379E-5
6.5,-10.5,6.55678E-5
6.5,-9.5,5.4544882E-5
6.5,-8.5,5.2463605E-5
6.5,-7.5,4.675709E-5
6.5,-6.5,4.4264187E-5
6.5,-5.5,4.1119805E-5
6.5,-4.5,3.9138307E-5
6.5,-3.5,4.0609608E-5
6.5,-2.5,3.989874E-5
6.5,-1.5,4.3374945E-5
6.5,-0.5,4.269431E-5
6.5,0.5,3.8436607E-5
6.5,1.5,3.4727935E-5
6.5,2.5,4.1918665E-5
6.5,3.5,4.961178E-5
6.5,4.5,5.2114363E-5
6.5,5.5,5.4083175E-5
6.5,6.5,5.4497774E-5
6.5,7.5,5.575438E-5
6.5,8.5,6.2683386E-5
6.5,9.5,7.684785E-5
6.5,10.5,6.596145E-5
6.5,11.5,5.735092E-5
6.5,12.5,5.3967193E-5
6.5,13.5,5.3826046E-5
6.5,14.5,5.0022252E-5
6.5,15.5,4.640438E-5
6.5,16.5,4.304999E-5
6.5,17.5,4.3873613E-5
6.5,18.5,4.441942E-5
6.5,19.5,4.5105E-5
6.5,20.5,4.5553385E-5
6.5,21.5,4.5006167E-5
6.5,22.5,4.3647608E-5
6.5,23.5,4.332079E-5
6.5,24.5,4.232023E-5
6.5,25.5,4.219073E-5
6.5,26.5,4.1365154E-5
6.5,27.5,3.9777533E-5
6.5,28.5,3.7965365E-5
6.5,29.5,3.6008252E-5
6.5,30.5,3.104982E-5
6.5,31.5,2.9392533E-5
6.5,32.5,2.9779163E-5
6.5,33.5,3.0504003E-5
6.5,34.5,3.500193E-5
6.5,35.5,3.0783E-5
6.5,36.5,3.8542035E-5
6.5,37.5,3.450956E-5
6.5,38.5,3.6381247E-5
6.5,39.5,2.4063527E-5
6.5,40.5,1.7721906E-5
6.5,41.5,1.3979904E-5
6.5,42.5,1.2332796E-5
6.5,43.5,1.1105396E-5
6.5,44.5,1.0302989E-5
6.5,45.5,9.137844E-6
6.5,46.5,7.832286E-6
6.5,47.5,7.7292925E-6
6.5,48.5,7.928303E-6
6.5,80.5,6.835695E-5
6.5,81.5,5.4910644E-5
6.5,100.5,6.4721564E-5
6.5,101.5,7.073924E-5
6.5,116.5,7.6182885E-5
6.5,117.5,6.867507E-5
6.5,124.5,5.450322E-5
6.5,125.5,5.6593017E-5
7.5,-80.5,8.958618E-5
7.5,-77.5,1.0808235E-4
7.5,-76.5,1.16113406E-4
7.5,-75.5,1.0521823E-4
7.5,-74.5,1.07623215E-4
7.5,-73.5,7.917922E-5
7.5,-72.5,4.138512E-5
7.5,-71.5,5.076185E-5
7.5,-70.5,5.5945482E-5
7.5,-69.5,5.9913167E-5
7.5,-68.5,5.906752E-5
7.5,-67.5,6.000067E-5
7.5,-66.5,6.0598737E-5
7.5,-65.5,5.7309746E-5
7.5,-64.5,6.464935E-5
7.5,-63.5,5.752106E-5
7.5,-62.5,5.8108548E-5
7.5,-61.5,5.4301112E-5
7.5,-60.5,6.4529624E-5
7.5,-59.5,6.479025E-5
7.5,-12.5,7.044371E-5
7.5,-11.5,6.6928784E-5
7.5,-10.5,6.0917588E-5
7.5,-9.5,5.6571975E-5
7.5,-8.5,5.8552163E-5
7.5,-7.5,4.7109676E-5
7.5,-6.5,3.807806E-5
7.5,-5.5,3.6086927E-5
7.5,-4.5,3.3698005E-5
7.5,-3.5,3.463902E-5
7.5,-2.5,3.6427977E-5
7.5,-1.5,3.9741575E-5
7.5,-0.5,3.9786257E-5
7.5,0.5,3.9791656E-5
7.5,1.5,3.659738E-5
7.5,2.5,3.82311E-5
7.5,3.5,4.13339E-5
7.5,4.5,4.6706213E-5
7.5,5.5,4.7434438E-5
7.5,6.5,4.2494878E-5
7.5,7.5,4.6278084E-5
7.5,8.5,4.399348E-5
7.5,9.5,4.980045E-5
7.5,10.5,5.9600457E-5
7.5,11.5,5.7188954E-5
7.5,12.5,5.2736432E-5
7.5,13.5,5.0885523E-5
7.5,14.5,4.4580163E-5
7.5,15.5,4.18268E-5
7.5,16.5,3.9726467E-5
7.5,17.5,3.9745137E-5
7.5,18.5,4.0156872E-5
7.5,19.5,4.1622316E-5
7.5,20.5,4.2733987E-5
7.5,21.5,4.371348E-5
7.5,22.5,4.0672385E-5
7.5,23.5,3.9438266E-5
7.5,24.5,3.936303E-5
7.5,25.5,3.849902E-5
7.5,26.5,3.747949E-5
7.5,27.5,3.697906E-5
7.5,28.5,3.526069E-5
7.5,29.5,3.3768833E-5
7.5,30.5,2.940738E-5
7.5,31.5,2.9479375E-5
7.5,32.5,3.0112287E-5
7.5,33.5,3.20883E-5
7.5,34.5,4.007687E-5
7.5,35.5,3.993707E-5
7.5,36.5,4.2233547E-5
7.5,37.5,3.3752116E-5
7.5,38.5,2.7032262E-5
7.5,39.5,2.3304212E-5
7.5,40.5,1.9385776E-5
7.5,41.5,1.5089696E-5
7.5,42.5,1.4162222E-5
7.5,43.5,1.2922487E-5
7.5,44.5,1.0955284E-5
7.5,45.5,9.886113E-6
7.5,46.5,8.617058E-6
7.5,47.5,7.979387E-6
7.5,48.5,7.7397835E-6
7.5,49.5,7.922284E-6
7.5,80.5,5.893602E-5
7.5,81.5,5.083999E-5
7.5,99.5,6.261028E-5
7.5,122.5,6.280811E-5
7.5,124.5,7.043763E-5
7.5,125.5,7.315496E-5
7.5,126.5,7.874378E-5
8.5,-82.5,9.047052E-5
8.5,-81.5,8.920468E-5
8.5,-80.5,7.830361E-5
8.5,-78.5,8.2613966E-5
8.5,-77.5,9.301821E-5
8.5,-76.5,8.1456026E-5
8.5,-75.5,7.960398E-5
8.5,-74.5,9.4110044E-5
8.5,-73.5,7.8333585E-5
8.5,-72.5,7.200972E-5
8.5,-71.5,5.03172E-5
8.5,-70.5,3.8143127E-5
8.5,-69.5,4.465144E-5
8.5,-68.5,5.0952633E-5
8.5,-67.5,5.1951556E-5
8.5,-66.5,4.8632483E-5
8.5,-65.5,4.9562954E-5
8.5,-64.5,4.98625E-5
8.5,-63.5,4.8132617E-5
8.5,-62.5,5.3159794E-5
8.5,-61.5,5.4996897E-5
8.5,-60.5,5.715048E-5
8.5,-12.5,7.0051625E-5
8.5,-11.5,6.993796E-5
8.5,-10.5,6.956489E-5
8.5,-9.5,6.803053E-5
8.5,-8.5,5.8157675E-5
8.5,-7.5,4.6526256E-5
8.5,-6.5,4.0129147E-5
8.5,-5.5,3.8301674E-5
8.5,-4.5,3.492193E-5
8.5,-3.5,3.5473444E-5
8.5,-2.5,3.4371104E-5
8.5,-1.5,3.5067358E-5
8.5,-0.5,3.7687987E-5
8.5,0.5,4.0699375E-5
8.5,1.5,3.469932E-5
8.5,2.5,3.4144137E-5
8.5,3.5,3.6890357E-5
8.5,4.5,4.2939926E-5
8.5,5.5,4.4623506E-5
8.5,6.5,3.8768234E-5
8.5,7.5,3.979E-5
8.5,8.5,3.9103794E-5
8.5,9.5,3.620169E-5
8.5,10.5,3.9446622E-5
8.5,11.5,4.617673E-5
8.5,12.5,4.4027136E-5
8.5,13.5,4.152707E-5
8.5,14.5,4.0611438E-5
8.5,15.5,3.8338254E-5
8.5,16.5,3.6653804E-5
8.5,17.5,3.6659447E-5
8.5,18.5,3.7032838E-5
8.5,19.5,3.93261E-5
8.5,20.5,4.431955E-5
8.5,21.5,4.7435882E-5
8.5,22.5,4.2744516E-5
8.5,23.5,3.868093E-5
8.5,24.5,3.7104284E-5
8.5,25.5,3.443783E-5
8.5,26.5,3.3838947E-5
8.5,27.5,3.266626E-5
8.5,28.5,3.129608E-5
8.5,29.5,3.1782107E-5
8.5,30.5,2.9905774E-5
8.5,31.5,3.0822594E-5
8.5,32.5,2.8443197E-5
8.5,33.5,3.167956E-5
8.5,34.5,4.056966E-5
8.5,35.5,4.502428E-5
8.5,36.5,4.722119E-5
8.5,37.5,3.988044E-5
8.5,38.5,2.8428898E-5
8.5,39.5,2.7334208E-5
8.5,40.5,2.7546092E-5
8.5,41.5,2.2361442E-5
8.5,42.5,1.7429842E-5
8.5,43.5,1.3310515E-5
8.5,44.5,1.0400684E-5
8.5,45.5,9.105437E-6
8.5,46.5,7.5554185E-6
8.5,47.5,6.6298176E-6
8.5,48.5,5.9785257E-6
8.5,49.5,6.5801337E-6
8.5,77.5,3.579834E-5
8.5,80.5,4.8975013E-5
8.5,98.5,7.138854E-5
8.5,99.5,7.322571E-5
8.5,123.5,5.6937657E-5
8.5,124.5,6.338044E-5
8.5,125.5,8.488868E-5
9.5,-83.5,7.2327384E-5
9.5,-79.5,7.784792E-5
9.5,-75.5,6.298818E-5
9.5,-74.5,7.3285286E-5
9.5,-73.5,7.1545524E-5
9.5,-72.5,7.1573064E-5
9.5,-70.5,5.142784E-5
9.5,-69.5,2.9364663E-5
9.5,-68.5,4.025731E-5
9.5,-67.5,3.9424485E-5
9.5,-66.5,3.9782997E-5
9.5,-65.5,4.8582096E-5
9.5,-64.5,4.749782E-5
9.5,-63.5,4.2692627E-5
9.5,-62.5,5.4838267E-5
9.5,-61.5,5.3853793E-5
9.5,-13.5,6.6850946E-5
9.5,-12.5,6.1290506E-5
9.5,-11.5,6.542014E-5
9.5,-10.5,6.356326E-5
9.5,-9.5,6.272385E-5
9.5,-8.5,5.5589127E-5
9.5,-7.5,4.7973426E-5
9.5,-6.5,4.103892E-5
9.5,-5.5,3.771419E-5
9.5,-4.5,3.5882164E-5
9.5,-3.5,3.5075213E-5
9.5,-2.5,3.4239278E-5
9.5,-1.5,3.173822E-5
9.5,-0.5,3.4131564E-5
9.5,0.5,3.989864E-5
9.5,1.5,3.6800746E-5
9.5,2.5,3.458667E-5
9.5,3.5,3.524689E-5
9.5,4.5,3.351174E-5
9.5,5.5,3.4960773E-5
9.5,6.5,3.899962E-5
9.5,7.5,4.7041012E-5
9.5,8.5,4.66963E-5
9.5,9.5,3.5738045E-5
9.5,10.5,3.118932E-5
9.5,11.5,3.3150263E-5
9.5,12.5,3.221156E-5
9.5,13.5,3.274223E-5
9.5,14.5,3.378489E-5
9.5,15.5,3.3593347E-5
9.5,16.5,3.309985E-5
9.5,17.5,3.4525885E-5
9.5,18.5,3.4839755E-5
9.5,19.5,3.47992E-5
9.5,20.5,3.5112054E-5
9.5,21.5,3.616598E-5
9.5,22.5,3.685611E-5
9.5,23.5,3.4664215E-5
9.5,24.5,3.136548E-5
9.5,25.5,2.9273113E-5
9.5,26.5,2.8436716E-5
9.5,27.5,2.8548217E-5
9.5,28.5,2.820318E-5
9.5,29.5,2.8731205E-5
9.5,30.5,2.7748638E-5
9.5,31.5,2.815649E-5
9.5,32.5,2.9197434E-5
9.5,33.5,3.5026387E-5
9.5,34.5,4.3935157E-5
9.5,35.5,4.3801978E-5
9.5,36.5,4.8307185E-5
9.5,37.5,4.0301667E-5
9.5,38.5,3.024489E-5
9.5,39.5,2.402729E-5
9.5,40.5,2.6154872E-5
9.5,41.5,2.5711803E-5
9.5,42.5,2.4861032E-5
9.5,43.5,1.9185487E-5
9.5,44.5,1.4313921E-5
9.5,45.5,1.0243746E-5
9.5,46.5,7.3254505E-6
9.5,47.5,6.1745595E-6
9.5,48.5,6.1815217E-6
9.5,49.5,6.372107E-6
9.5,50.5,6.190354E-6
9.5,76.5,5.7440117E-5
9.5,77.5,4.2760912E-5
9.5,78.5,2.8605713E-5
9.5,98.5,6.454028E-5
9.5,105.5,5.8297122E-5
10.5,-85.5,6.0254686E-5
10.5,-84.5,6.7249865E-5
10.5,-83.5,8.044455E-5
10.5,-74.5,6.3171356E-5
10.5,-73.5,6.2149775E-5
10.5,-72.5,4.7448157E-5
10.5,-71.5,4.3064607E-5
10.5,-70.5,5.175954E-5
10.5,-69.5,3.485421E-5
10.5,-68.5,3.7287136E-5
10.5,-67.5,2.8245096E-5
10.5,-66.5,2.9962592E-5
10.5,-63.5,3.082899E-5
10.5,-14.5,6.038394E-5
10.5,-13.5,6.363774E-5
10.5,-12.5,5.7255853E-5
10.5,-11.5,4.9153594E-5
10.5,-10.5,4.683145E-5
10.5,-9.5,4.6541587E-5
10.5,-8.5,4.4906858E-5
10.5,-7.5,4.241265E-5
10.5,-6.5,3.9362676E-5
10.5,-5.5,3.693521E-5
10.5,-4.5,3.4922985E-5
10.5,-3.5,3.5433768E-5
10.5,-2.5,3.352444E-5
10.5,-1.5,3.0814383E-5
10.5,-0.5,3.127321E-5
10.5,0.5,3.3158158E-5
10.5,1.5,3.6470232E-5
10.5,2.5,3.3870492E-5
10.5,3.5,3.485864E-5
10.5,4.5,3.3579123E-5
10.5,5.5,3.649681E-5
10.5,6.5,3.9808627E-5
10.5,7.5,4.0742994E-5
10.5,8.5,4.122554E-5
10.5,9.5,3.678304E-5
10.5,10.5,3.221279E-5
10.5,11.5,3.3857705E-5
10.5,12.5,3.6285397E-5
10.5,13.5,3.4657623E-5
10.5,14.5,2.7843756E-5
10.5,15.5,2.9020472E-5
10.5,16.5,2.8377188E-5
10.5,17.5,2.9678802E-5
10.5,18.5,3.1894982E-5
10.5,19.5,3.1654083E-5
10.5,20.5,3.1123804E-5
10.5,21.5,2.9884886E-5
10.5,22.5,2.7748187E-5
10.5,23.5,2.5907839E-5
10.5,24.5,2.5239267E-5
10.5,25.5,2.4699519E-5
10.5,26.5,2.3396819E-5
10.5,27.5,2.4252236E-5
10.5,28.5,2.3957475E-5
10.5,29.5,2.5640957E-5
10.5,30.5,2.5010677E-5
10.5,31.5,2.4251676E-5
10.5,32.5,2.6390378E-5
10.5,33.5,3.1414984E-5
10.5,34.5,3.459442E-5
10.5,35.5,3.7943628E-5
10.5,36.5,4.107969E-5
10.5,37.5,3.3154032E-5
10.5,38.5,2.7652723E-5
10.5,39.5,2.5112191E-5
10.5,40.5,2.050178E-5
10.5,41.5,1.5025739E-5
10.5,42.5,1.5380203E-5
10.5,43.5,1.0667091E-5
10.5,45.5,8.564352E-6
10.5,46.5,8.429775E-6
10.5,47.5,8.019397E-6
10.5,48.5,6.8992967E-6
10.5,49.5,6.7754677E-6
10.5,50.5,5.3010217E-6
10.5,76.5,5.15412E-5
10.5,77.5,4.2549542E-5
10.5,78.5,3.3763303E-5
10.5,79.5,3.1381795E-5
10.5,98.5,6.01596E-5
10.5,104.5,6.5573375E-5
10.5,105.5,7.138683E-5
10.5,106.5,6.802706E-5
10.5,123.5,6.018176E-5
11.5,-85.5,4.7867634E-5
11.5,-84.5,6.1985826E-5
11.5,-72.5,3.157893E-5
11.5,-69.5,2.172715E-5
11.5,-15.5,4.8779882E-5
11.5,-14.5,5.4881297E-5
11.5,-13.5,6.5768894E-5
11.5,-12.5,5.895695E-5
11.5,-11.5,4.7410136E-5
11.5,-10.5,4.6211124E-5
11.5,-9.5,4.209503E-5
11.5,-8.5,3.885096E-5
11.5,-7.5,3.920316E-5
11.5,-6.5,3.883422E-5
11.5,-5.5,3.823418E-5
11.5,-4.5,3.45502E-5
11.5,-3.5,3.3243057E-5
11.5,-2.5,3.171982E-5
11.5,-1.5,3.0146646E-5
11.5,-0.5,2.9392111E-5
11.5,0.5,2.9154664E-5
11.5,1.5,3.1488944E-5
11.5,2.5,3.138572E-5
11.5,3.5,3.10509E-5
11.5,4.5,3.1941367E-5
11.5,5.5,3.7034923E-5
11.5,6.5,3.933786E-5
11.5,7.5,3.5577617E-5
11.5,8.5,3.319049E-5
11.5,9.5,3.1175558E-5
11.5,10.5,2.8709634E-5
11.5,11.5,2.5355366E-5
11.5,12.5,2.5529926E-5
11.5,13.5,2.5052554E-5
11.5,14.5,2.276191E-5
11.5,15.5,2.4326806E-5
11.5,16.5,2.4901672E-5
11.5,17.5,2.779861E-5
11.5,18.5,3.0510051E-5
11.5,19.5,2.8522552E-5
11.5,20.5,2.8853086E-5
11.5,21.5,2.937201E-5
11.5,22.5,2.7049009E-5
11.5,23.5,2.3051138E-5
11.5,24.5,2.022301E-5
11.5,25.5,1.9213076E-5
11.5,26.5,1.8602026E-5
11.5,27.5,1.9782607E-5
11.5,28.5,2.1181744E-5
11.5,29.5,2.420064E-5
11.5,30.5,2.4124887E-5
11.5,31.5,2.2940101E-5
11.5,32.5,2.5088148E-5
11.5,33.5,2.833639E-5
11.5,34.5,3.4480432E-5
11.5,35.5,4.5875444E-5
11.5,36.5,4.866353E-5
11.5,37.5,3.5815945E-5
11.5,38.5,2.5804611E-5
11.5,39.5,2.6222991E-5
11.5,40.5,1.8960283E-5
11.5,41.5,1.2282594E-5
11.5,42.5,7.877929E-6
11.5,50.5,5.1554184E-6
11.5,76.5,4.8049867E-5
11.5,77.5,4.4655488E-5
11.5,78.5,3.622381E-5
11.5,79.5,3.4461154E-5
11.5,99.5,5.2013158E-5
11.5,103.5,7.4693075E-5
11.5,104.5,7.3927906E-5
11.5,105.5,7.941924E-5
11.5,106.5,8.149E-5
11.5,107.5,7.373665E-5
11.5,108.5,6.201046E-5
11.5,122.5,7.558994E-5
12.5,-86.5,4.85876E-5
12.5,-85.5,4.2152045E-5
12.5,-84.5,5.6752215E-5
12.5,-16.5,3.5463498E-5
12.5,-15.5,3.551297E-5
12.5,-14.5,3.770135E-5
12.5,-13.5,4.2712356E-5
12.5,-12.5,4.2962696E-5
12.5,-11.5,4.132168E-5
12.5,-10.5,4.1289324E-5
12.5,-9.5,3.8885013E-5
12.5,-8.5,3.578607E-5
12.5,-7.5,3.294829E-5
12.5,-6.5,3.120133E-5
12.5,-5.5,3.179102E-5
12.5,-4.5,2.9089639E-5
12.5,-3.5,2.8414399E-5
12.5,-2.5,2.8071978E-5
12.5,-1.5,2.6555217E-5
12.5,-0.5,2.5634981E-5
12.5,0.5,2.4947198E-5
12.5,1.5,2.448167E-5
12.5,2.5,2.3966733E-5
12.5,3.5,2.3534381E-5
12.5,4.5,2.4552297E-5
12.5,5.5,2.7105427E-5
12.5,6.5,2.8132936E-5
12.5,7.5,2.656339E-5
12.5,8.5,2.418831E-5
12.5,9.5,2.2079936E-5
12.5,10.5,2.0184227E-5
12.5,11.5,1.8241564E-5
12.5,12.5,1.8568342E-5
12.5,13.5,1.8571169E-5
12.5,14.5,1.8860677E-5
12.5,15.5,1.9003814E-5
12.5,16.5,1.9242609E-5
12.5,17.5,2.1466953E-5
12.5,18.5,2.3936198E-5
12.5,19.5,2.296758E-5
12.5,20.5,2.4230992E-5
12.5,21.5,2.559099E-5
12.5,22.5,2.4207482E-5
12.5,23.5,2.0935911E-5
12.5,24.5,1.5587815E-5
12.5,25.5,1.42968765E-5
12.5,26.5,1.4402007E-5
12.5,27.5,1.4600494E-5
12.5,28.5,1.5733767E-5
12.5,29.5,1.8950765E-5
12.5,30.5,1.815461E-5
12.5,31.5,1.7792088E-5
12.5,32.5,2.0754622E-5
12.5,33.5,2.2099664E-5
12.5,34.5,2.675123E-5
12.5,35.5,3.559912E-5
12.5,36.5,3.8175564E-5
12.5,37.5,2.5108915E-5
12.5,38.5,2.0199788E-5
12.5,39.5,2.033528E-5
12.5,40.5,1.6369499E-5
12.5,41.5,1.2433955E-5
12.5,42.5,7.361448E-6
12.5,75.5,4.6569337E-5
12.5,76.5,3.7721074E-5
12.5,77.5,3.7476213E-5
12.5,78.5,3.528754E-5
12.5,79.5,3.4647193E-5
12.5,98.5,6.398718E-5
12.5,99.5,5.7082874E-5
12.5,102.5,6.2495055E-5
12.5,103.5,6.7198336E-5
12.5,104.5,6.630383E-5
12.5,105.5,6.6833665E-5
12.5,106.5,6.701032E-5
12.5,107.5,6.6903405E-5
12.5,108.5,6.6622975E-5
13.5,-89.5,5.591776E-5
13.5,-88.5,5.3101765E-5
13.5,-87.5,5.25739E-5
13.5,-86.5,3.7479225E-5
13.5,-85.5,3.869983E-5
13.5,-84.5,5.157344E-5
13.5,-16.5,2.7421918E-5
13.5,-15.5,2.6631129E-5
13.5,-14.5,2.5937272E-5
13.5,-13.5,2.66965E-5
13.5,-12.5,2.9081019E-5
13.5,-11.5,3.2055374E-5
13.5,-10.5,3.1668736E-5
13.5,-9.5,3.1179323E-5
13.5,-8.5,3.0276746E-5
13.5,-7.5,2.6776603E-5
13.5,-6.5,2.5177913E-5
13.5,-5.5,2.5333284E-5
13.5,-4.5,2.539373E-5
13.5,-3.5,2.4315674E-5
13.5,-2.5,2.475598E-5
13.5,-1.5,2.3105615E-5
13.5,-0.5,2.0907564E-5
13.5,0.5,1.9586732E-5
13.5,1.5,1.8393026E-5
13.5,2.5,1.6974374E-5
13.5,3.5,1.697403E-5
13.5,4.5,1.7281898E-5
13.5,5.5,1.8250565E-5
13.5,6.5,1.8435716E-5
13.5,7.5,1.871715E-5
13.5,8.5,1.8454743E-5
13.5,9.5,1.7150538E-5
13.5,10.5,1.5024517E-5
13.5,11.5,1.3413549E-5
13.5,12.5,1.255455E-5
13.5,13.5,1.10924575E-5
13.5,14.5,1.2564917E-5
13.5,15.5,1.3618421E-5
13.5,16.5,1.35426235E-5
13.5,17.5,1.4052374E-5
13.5,18.5,1.522714E-5
13.5,19.5,1.6417605E-5
13.5,20.5,1.948876E-5
13.5,21.5,2.1721302E-5
13.5,22.5,1.8906228E-5
13.5,23.5,1.5284866E-5
13.5,24.5,1.0729829E-5
13.5,25.5,1.03361635E-5
13.5,26.5,9.712137E-6
13.5,27.5,1.0379423E-5
13.5,28.5,1.1321468E-5
13.5,29.5,1.1848574E-5
13.5,30.5,1.0879297E-5
13.5,31.5,1.223008E-5
13.5,32.5,1.5347476E-5
13.5,33.5,1.8154587E-5
13.5,34.5,2.3351578E-5
13.5,35.5,3.1161224E-5
13.5,36.5,3.730791E-5
13.5,37.5,3.1122087E-5
13.5,38.5,2.302835E-5
13.5,39.5,1.7455013E-5
13.5,40.5,1.4931701E-5
13.5,41.5,1.2499029E-5
13.5,43.5,2.440928E-5
13.5,44.5,1.3631103E-5
13.5,45.5,6.7323444E-6
13.5,46.5,3.1639286E-6
13.5,75.5,4.0406678E-5
13.5,76.5,2.8462196E-5
13.5,77.5,2.7677346E-5
13.5,78.5,3.0321753E-5
13.5,79.5,3.5088597E-5
13.5,98.5,6.675467E-5
13.5,99.5,7.318287E-5
13.5,100.5,6.458964E-5
13.5,101.5,5.4784432E-5
13.5,102.5,5.1625007E-5
13.5,103.5,5.5788987E-5
13.5,104.5,6.0119903E-5
13.5,105.5,6.385465E-5
13.5,106.5,6.399659E-5
13.5,107.5,5.829519E-5
13.5,108.5,6.097733E-5
13.5,123.5,8.56858E-5
14.5,-91.5,7.444759E-5
14.5,-90.5,5.602033E-5
14.5,-89.5,5.0356448E-5
14.5,-88.5,4.9594208E-5
14.5,-87.5,4.1764244E-5
14.5,-86.5,3.179226E-5
14.5,-85.5,3.7567617E-5
14.5,-84.5,5.209148E-5
14.5,-83.5,5.0341063E-5
14.5,-16.5,2.0021993E-5
14.5,-15.5,1.9994008E-5
14.5,-14.5,2.0513487E-5
14.5,-13.5,2.0661784E-5
14.5,-12.5,2.3296025E-5
14.5,-11.5,2.6845531E-5
14.5,-10.5,2.6466583E-5
14.5,-9.5,2.4307375E-5
14.5,-8.5,2.3101678E-5
14.5,-7.5,2.1768787E-5
14.5,-6.5,1.9981055E-5
14.5,-5.5,1.9746962E-5
14.5,-4.5,2.0578955E-5
14.5,-3.5,2.0686417E-5
14.5,-2.5,1.9258257E-5
14.5,-1.5,1.8852303E-5
14.5,-0.5,1.7653252E-5
14.5,0.5,1.6437169E-5
14.5,1.5,1.5333602E-5
14.5,2.5,1.472364E-5
14.5,3.5,1.358938E-5
14.5,4.5,1.4041427E-5
14.5,5.5,1.6261627E-5
14.5,6.5,1.49655025E-5
14.5,7.5,1.3799525E-5
14.5,8.5,1.3032525E-5
14.5,9.5,1.1837514E-5
14.5,10.5,1.1109241E-5
14.5,11.5,9.479203E-6
14.5,12.5,9.08217E-6
14.5,13.5,9.24653E-6
14.5,14.5,9.714635E-6
14.5,15.5,9.6209105E-6
14.5,16.5,9.291961E-6
14.5,17.5,1.0111428E-5
14.5,18.5,1.1518626E-5
14.5,19.5,1.1823602E-5
14.5,20.5,1.5045558E-5
14.5,21.5,1.5726871E-5
14.5,22.5,1.1554405E-5
14.5,23.5,1.0376125E-5
14.5,24.5,7.88644E-6
14.5,25.5,6.909269E-6
14.5,26.5,6.873464E-6
14.5,27.5,7.226612E-6
14.5,28.5,7.721088E-6
14.5,29.5,8.333357E-6
14.5,30.5,8.450886E-6
14.5,31.5,9.546478E-6
14.5,32.5,1.1224991E-5
14.5,33.5,1.3921853E-5
14.5,34.5,1.7816812E-5
14.5,35.5,2.0843681E-5
14.5,36.5,2.5341304E-5
14.5,37.5,2.4361387E-5
14.5,38.5,1.8205743E-5
14.5,39.5,1.3000323E-5
14.5,40.5,1.143164E-5
14.5,43.5,1.6250711E-5
14.5,44.5,9.420192E-6
14.5,45.5,7.3084693E-6
14.5,46.5,5.9863723E-6
14.5,47.5,4.54505E-6
14.5,48.5,3.6553874E-6
14.5,74.5,5.548208E-5
14.5,75.5,3.5428515E-5
14.5,76.5,2.4403307E-5
14.5,77.5,2.3570325E-5
14.5,78.5,2.4771156E-5
14.5,79.5,3.1081512E-5
14.5,98.5,5.590156E-5
14.5,99.5,6.157378E-5
14.5,100.5,5.2564326E-5
14.5,101.5,4.5929508E-5
14.5,102.5,4.8787773E-5
14.5,103.5,5.177841E-5
14.5,104.5,5.635417E-5
14.5,105.5,6.1447005E-5
14.5,106.5,6.350795E-5
14.5,107.5,6.652964E-5
14.5,108.5,7.061353E-5
14.5,121.5,7.577524E-5
15.5,-92.5,6.579854E-5
15.5,-91.5,5.3698437E-5
15.5,-90.5,5.695622E-5
15.5,-89.5,5.9340742E-5
15.5,-88.5,6.139559E-5
15.5,-87.5,5.0674193E-5
15.5,-86.5,4.470191E-5
15.5,-85.5,4.2054813E-5
15.5,-84.5,5.341815E-5
15.5,-16.5,1.3869048E-5
15.5,-15.5,1.3816491E-5
15.5,-14.5,1.4657315E-5
15.5,-13.5,1.482237E-5
15.5,-12.5,1.6199898E-5
15.5,-11.5,1.7853672E-5
15.5,-10.5,1.7515964E-5
15.5,-9.5,1.6788546E-5
15.5,-8.5,1.5706615E-5
15.5,-7.5,1.6076605E-5
15.5,-6.5,1.5077417E-5
15.5,-5.5,1.5364603E-5
15.5,-4.5,1.4851176E-5
15.5,-3.5,1.5661242E-5
15.5,-2.5,1.4541998E-5
15.5,-1.5,1.3526292E-5
15.5,-0.5,1.2842386E-5
15.5,0.5,1.1821671E-5
15.5,1.5,1.1135397E-5
15.5,2.5,1.0838276E-5
15.5,3.5,1.05237405E-5
15.5,4.5,1.1621895E-5
15.5,5.5,1.1748479E-5
15.5,6.5,1.1114477E-5
15.5,7.5,1.0395613E-5
15.5,8.5,9.166839E-6
15.5,9.5,7.2284297E-6
15.5,10.5,6.076214E-6
15.5,11.5,4.630871E-6
15.5,12.5,3.853577E-6
15.5,13.5,3.936477E-6
15.5,14.5,4.176423E-6
15.5,15.5,4.657367E-6
15.5,16.5,4.5896318E-6
15.5,17.5,5.0142266E-6
15.5,18.5,5.4621805E-6
15.5,19.5,6.3490143E-6
15.5,20.5,7.803096E-6
15.5,21.5,8.29345E-6
15.5,22.5,5.923781E-6
15.5,23.5,4.938316E-6
15.5,24.5,4.541113E-6
15.5,25.5,4.47326E-6
15.5,26.5,4.0371706E-6
15.5,27.5,3.9860233E-6
15.5,28.5,4.1973353E-6
15.5,29.5,5.001352E-6
15.5,30.5,5.2359055E-6
15.5,31.5,5.8644237E-6
15.5,32.5,6.670098E-6
15.5,33.5,8.773423E-6
15.5,34.5,9.720861E-6
15.5,35.5,1.0632827E-5
15.5,36.5,1.2705717E-5
15.5,37.5,1.1403643E-5
15.5,38.5,8.818056E-6
15.5,39.5,7.284579E-6
15.5,43.5,1.0461025E-5
15.5,44.5,4.3603404E-6
15.5,45.5,3.0587532E-6
15.5,46.5,3.1359768E-6
15.5,47.5,4.476242E-6
15.5,48.5,5.09961E-6
15.5,49.5,4.758008E-6
15.5,50.5,3.3092313E-6
15.5,51.5,2.621607E-6
15.5,74.5,4.6530462E-5
15.5,75.5,3.4193647E-5
15.5,76.5,2.3216713E-5
15.5,77.5,2.3093966E-5
15.5,78.5,2.5654948E-5
15.5,79.5,3.1874333E-5
15.5,98.5,6.143919E-5
15.5,99.5,6.7188455E-5
15.5,100.5,5.0608374E-5
15.5,101.5,4.3386874E-5
15.5,102.5,4.597666E-5
15.5,103.5,4.978023E-5
15.5,104.5,5.4831533E-5
15.5,105.5,5.824347E-5
15.5,106.5,6.649989E-5
15.5,107.5,7.767191E-5
15.5,108.5,6.952315E-5
15.5,120.5,7.273965E-5
15.5,121.5,7.3174626E-5
16.5,-98.5,5.426696E-5
16.5,-97.5,4.9823164E-5
16.5,-96.5,3.6988957E-5
16.5,-95.5,4.1641542E-5
16.5,-94.5,5.3834923E-5
16.5,-93.5,5.350199E-5
16.5,-92.5,5.174198E-5
16.5,-91.5,5.6150886E-5
16.5,-90.5,6.494317E-5
16.5,-89.5,6.224006E-5
16.5,-88.5,6.6113986E-5
16.5,-15.5,9.007059E-6
16.5,-14.5,8.445244E-6
16.5,-13.5,9.947019E-6
16.5,-12.5,1.1110327E-5
16.5,-11.5,1.1776417E-5
16.5,-10.5,1.1253652E-5
16.5,-9.5,1.0882436E-5
16.5,-8.5,1.0863731E-5
16.5,-7.5,1.1173613E-5
16.5,-6.5,9.316882E-6
16.5,-5.5,9.680406E-6
16.5,-4.5,9.695387E-6
16.5,-3.5,9.438009E-6
16.5,-2.5,1.0319004E-5
16.5,-1.5,1.040395E-5
16.5,-0.5,9.105118E-6
16.5,0.5,9.88669E-6
16.5,1.5,8.89504E-6
16.5,2.5,8.4139065E-6
16.5,3.5,7.5469607E-6
16.5,4.5,7.70732E-6
16.5,5.5,8.366624E-6
16.5,6.5,9.063725E-6
16.5,7.5,7.758802E-6
16.5,8.5,4.947912E-6
16.5,9.5,3.4661878E-6
16.5,10.5,2.6201358E-6
16.5,11.5,2.2144736E-6
16.5,12.5,1.7031133E-6
16.5,13.5,1.7874643E-6
16.5,14.5,1.8802975E-6
16.5,15.5,2.0524174E-6
16.5,16.5,2.1288354E-6
16.5,17.5,2.0956147E-6
16.5,18.5,2.1985782E-6
16.5,19.5,2.8965646E-6
16.5,20.5,3.781753E-6
16.5,21.5,4.5056863E-6
16.5,22.5,2.9478035E-6
16.5,23.5,1.8912597E-6
16.5,24.5,2.014903E-6
16.5,25.5,1.8080545E-6
16.5,26.5,1.6214728E-6
16.5,27.5,1.7286416E-6
16.5,28.5,1.9055441E-6
16.5,29.5,2.1657004E-6
16.5,30.5,2.318311E-6
16.5,31.5,3.290806E-6
16.5,32.5,3.971421E-6
16.5,33.5,4.7357776E-6
16.5,34.5,4.613076E-6
16.5,35.5,5.256203E-6
16.5,36.5,6.21833E-6
16.5,37.5,7.150686E-6
16.5,38.5,6.083187E-6
16.5,43.5,7.268913E-6
16.5,44.5,3.7734808E-6
16.5,45.5,2.5375846E-6
16.5,46.5,2.255231E-6
16.5,47.5,3.2007085E-6
16.5,48.5,4.203168E-6
16.5,49.5,4.225868E-6
16.5,50.5,3.3993813E-6
16.5,51.5,2.7123724E-6
16.5,52.5,3.0700646E-6
16.5,73.5,5.07589E-5
16.5,74.5,3.8874583E-5
16.5,75.5,2.9800081E-5
16.5,76.5,2.0531417E-5
16.5,77.5,2.1698046E-5
16.5,78.5,2.591374E-5
16.5,79.5,3.2143293E-5
16.5,80.5,3.481996E-5
16.5,81.5,3.6868634E-5
16.5,94.5,7.9849546E-5
16.5,95.5,8.343006E-5
16.5,97.5,8.304034E-5
16.5,98.5,5.7880443E-5
16.5,99.5,6.046315E-5
16.5,100.5,4.467719E-5
16.5,101.5,4.283631E-5
16.5,102.5,4.5923418E-5
16.5,103.5,4.919915E-5
16.5,104.5,5.4703276E-5
16.5,105.5,5.7643392E-5
16.5,106.5,6.592815E-5
16.5,107.5,6.984717E-5
16.5,120.5,7.1781986E-5
16.5,121.5,6.8944326E-5
17.5,-100.5,4.0982402E-5
17.5,-99.5,3.796029E-5
17.5,-98.5,4.411991E-5
17.5,-97.5,3.7571677E-5
17.5,-96.5,4.4578675E-5
17.5,-95.5,5.7104546E-5
17.5,-94.5,6.614817E-5
17.5,-93.5,6.968081E-5
17.5,-92.5,6.2735206E-5
17.5,-91.5,5.905667E-5
17.5,-90.5,5.8574817E-5
17.5,-89.5,4.5885507E-5
17.5,-88.5,4.860269E-5
17.5,-15.5,6.0072734E-6
17.5,-14.5,6.0412217E-6
17.5,-13.5,7.196385E-6
17.5,-12.5,8.105908E-6
17.5,-11.5,7.954606E-6
17.5,-10.5,7.064159E-6
17.5,-9.5,6.9135804E-6
17.5,-8.5,6.4528344E-6
17.5,-7.5,6.2679974E-6
17.5,-6.5,5.8089167E-6
17.5,-5.5,4.919659E-6
17.5,-4.5,5.026907E-6
17.5,-3.5,5.3605495E-6
17.5,-2.5,5.834403E-6
17.5,-1.5,6.1243445E-6
17.5,-0.5,6.1234227E-6
17.5,0.5,6.4544047E-6
17.5,1.5,6.1695264E-6
17.5,2.5,5.242269E-6
17.5,3.5,4.747636E-6
17.5,4.5,4.9549035E-6
17.5,5.5,5.952411E-6
17.5,6.5,7.0788897E-6
17.5,7.5,6.339022E-6
17.5,8.5,4.4713843E-6
17.5,9.5,1.5432292E-6
17.5,10.5,1.4551022E-6
17.5,11.5,1.322966E-6
17.5,12.5,1.1912459E-6
17.5,13.5,1.0804213E-6
17.5,14.5,1.2395137E-6
17.5,15.5,1.3474183E-6
17.5,16.5,1.8170117E-6
17.5,17.5,1.9006067E-6
17.5,18.5,1.4428084E-6
17.5,19.5,1.7788936E-6
17.5,20.5,2.363955E-6
17.5,21.5,3.204064E-6
17.5,22.5,2.0843192E-6
17.5,23.5,8.8792416E-7
17.5,24.5,8.850821E-7
17.5,25.5,1.126816E-6
17.5,26.5,1.0885295E-6
17.5,27.5,8.9474906E-7
17.5,28.5,9.784875E-7
17.5,29.5,1.2723245E-6
17.5,30.5,1.219219E-6
17.5,31.5,1.3541047E-6
17.5,32.5,1.8645853E-6
17.5,33.5,2.4460483E-6
17.5,34.5,3.0179428E-6
17.5,35.5,3.608004E-6
17.5,36.5,4.550651E-6
17.5,37.5,4.290978E-6
17.5,38.5,3.9792067E-6
17.5,42.5,7.04524E-6
17.5,43.5,5.0061212E-6
17.5,44.5,3.1558352E-6
17.5,45.5,2.4544224E-6
17.5,46.5,1.8877267E-6
17.5,47.5,2.0125906E-6
17.5,48.5,2.1293647E-6
17.5,49.5,2.5434779E-6
17.5,50.5,2.768002E-6
17.5,51.5,2.4476424E-6
17.5,52.5,2.476564E-6
17.5,53.5,2.230471E-6
17.5,54.5,2.9262385E-6
17.5,73.5,4.5970373E-5
17.5,74.5,3.997185E-5
17.5,75.5,3.1160864E-5
17.5,76.5,2.3961287E-5
17.5,77.5,2.6320775E-5
17.5,78.5,2.9609586E-5
17.5,79.5,3.3973047E-5
17.5,80.5,3.80791E-5
17.5,81.5,4.169021E-5
17.5,82.5,4.384722E-5
17.5,95.5,6.991283E-5
17.5,96.5,6.9277216E-5
17.5,97.5,5.4836062E-5
17.5,98.5,4.581011E-5
17.5,99.5,5.0700302E-5
17.5,100.5,4.2971424E-5
17.5,101.5,5.0750838E-5
17.5,102.5,5.747707E-5
17.5,103.5,6.277858E-5
17.5,104.5,6.316418E-5
17.5,105.5,6.268554E-5
17.5,106.5,6.191925E-5
17.5,120.5,7.128164E-5
17.5,121.5,7.010753E-5
18.5,-103.5,3.7111433E-5
18.5,-102.5,3.3747277E-5
18.5,-101.5,3.6347952E-5
18.5,-100.5,4.0896975E-5
18.5,-99.5,3.4623965E-5
18.5,-98.5,3.6674544E-5
18.5,-97.5,3.6636255E-5
18.5,-96.5,5.3681506E-5
18.5,-95.5,5.6587192E-5
18.5,-92.5,4.9543913E-5
18.5,-91.5,5.3333482E-5
18.5,-90.5,5.6193836E-5
18.5,-89.5,4.2575884E-5
18.5,-88.5,4.2329266E-5
18.5,-72.5,3.9984494E-5
18.5,-71.5,4.001952E-5
18.5,-70.5,3.6531834E-5
18.5,-69.5,4.454959E-5
18.5,-15.5,3.325417E-6
18.5,-14.5,3.3694473E-6
18.5,-13.5,3.7590353E-6
18.5,-12.5,4.273236E-6
18.5,-11.5,4.5395245E-6
18.5,-10.5,3.389169E-6
18.5,-9.5,3.7019572E-6
18.5,-8.5,3.1935272E-6
18.5,-7.5,2.6518628E-6
18.5,-6.5,2.5808629E-6
18.5,-5.5,2.2628792E-6
18.5,-4.5,2.7155597E-6
18.5,-3.5,2.9118105E-6
18.5,-2.5,3.4360467E-6
18.5,-1.5,3.9298807E-6
18.5,-0.5,4.32463E-6
18.5,0.5,4.7016447E-6
18.5,1.5,4.933948E-6
18.5,2.5,3.1424636E-6
18.5,3.5,2.7099486E-6
18.5,4.5,2.5714523E-6
18.5,5.5,2.7797898E-6
18.5,6.5,3.2071412E-6
18.5,7.5,3.366314E-6
18.5,8.5,3.704431E-6
18.5,9.5,1.4124155E-6
18.5,10.5,8.274068E-7
18.5,11.5,6.7492886E-7
18.5,12.5,5.927414E-7
18.5,13.5,5.5247165E-7
18.5,14.5,5.635921E-7
18.5,15.5,7.8676356E-7
18.5,16.5,8.984738E-7
18.5,17.5,9.609817E-7
18.5,18.5,8.5054256E-7
18.5,19.5,9.651021E-7
18.5,20.5,1.2970014E-6
18.5,21.5,1.1724856E-6
18.5,22.5,7.7971333E-7
18.5,23.5,5.6707376E-7
18.5,24.5,4.6794972E-7
18.5,25.5,6.180789E-7
18.5,26.5,5.284855E-7
18.5,27.5,4.3679307E-7
18.5,28.5,4.5593512E-7
18.5,29.5,5.86414E-7
18.5,30.5,5.081495E-7
18.5,31.5,6.5003707E-7
18.5,32.5,9.183574E-7
18.5,33.5,1.0030894E-6
18.5,34.5,1.5781294E-6
18.5,35.5,2.14616E-6
18.5,36.5,2.6377597E-6
18.5,37.5,1.9385423E-6
18.5,41.5,6.6069547E-6
18.5,42.5,4.510675E-6
18.5,43.5,2.9804098E-6
18.5,44.5,2.27545E-6
18.5,45.5,1.9788506E-6
18.5,46.5,1.3188036E-6
18.5,47.5,1.3371385E-6
18.5,48.5,1.2495555E-6
18.5,49.5,1.2036706E-6
18.5,50.5,1.3288908E-6
18.5,51.5,1.4377307E-6
18.5,52.5,1.4229419E-6
18.5,53.5,1.4794978E-6
18.5,54.5,2.0227328E-6
18.5,55.5,2.5261418E-6
18.5,56.5,2.85259E-6
18.5,73.5,4.1255003E-5
18.5,74.5,3.838084E-5
18.5,75.5,3.2504344E-5
18.5,76.5,2.5627523E-5
18.5,77.5,2.7881113E-5
18.5,78.5,3.1246036E-5
18.5,79.5,3.505244E-5
18.5,80.5,3.9110273E-5
18.5,81.5,4.392591E-5
18.5,82.5,4.858757E-5
18.5,83.5,4.9043654E-5
18.5,94.5,7.247105E-5
18.5,95.5,5.3389344E-5
18.5,96.5,4.2315834E-5
18.5,97.5,3.7749527E-5
18.5,98.5,4.1158983E-5
18.5,99.5,4.3333202E-5
18.5,100.5,4.295692E-5
18.5,101.5,5.4370583E-5
18.5,102.5,6.2089704E-5
18.5,103.5,7.069707E-5
18.5,104.5,6.191336E-5
18.5,105.5,6.3935426E-5
18.5,109.5,6.356476E-5
19.5,-155.5,1.8651002E-5
19.5,-104.5,3.5928733E-5
19.5,-103.5,3.2862292E-5
19.5,-102.5,3.1127136E-5
19.5,-101.5,3.2003114E-5
19.5,-100.5,3.4289013E-5
19.5,-99.5,2.7620048E-5
19.5,-98.5,2.8347938E-5
19.5,-97.5,3.7077076E-5
19.5,-96.5,4.5238245E-5
19.5,-90.5,4.5046752E-5
19.5,-89.5,3.8171933E-5
19.5,-88.5,3.796987E-5
19.5,-72.5,3.5229536E-5
19.5,-71.5,3.9541774E-5
19.5,-70.5,3.5412224E-5
19.5,-15.5,2.4987999E-6
19.5,-14.5,2.5676893E-6
19.5,-13.5,2.9559415E-6
19.5,-12.5,2.5170095E-6
19.5,-11.5,2.7045378E-6
19.5,-10.5,2.3066698E-6
19.5,-9.5,2.3004125E-6
19.5,-8.5,2.1595076E-6
19.5,-7.5,1.8711245E-6
19.5,-6.5,1.87911E-6
19.5,-5.5,1.9156287E-6
19.5,-4.5,1.9939212E-6
19.5,-3.5,2.0213588E-6
19.5,-2.5,2.5627667E-6
19.5,-1.5,3.0255126E-6
19.5,-0.5,3.599277E-6
19.5,0.5,3.9185225E-6
19.5,1.5,4.0603977E-6
19.5,2.5,2.5522756E-6
19.5,3.5,1.9655354E-6
19.5,4.5,1.9860272E-6
19.5,5.5,2.2403617E-6
19.5,6.5,2.2460301E-6
19.5,7.5,2.2279587E-6
19.5,8.5,1.8654911E-6
19.5,9.5,7.67622E-7
19.5,10.5,5.8775055E-7
19.5,11.5,7.0679124E-7
19.5,12.5,7.395787E-7
19.5,13.5,5.302294E-7
19.5,14.5,4.378133E-7
19.5,15.5,4.6525923E-7
19.5,16.5,6.9946236E-7
19.5,17.5,7.204071E-7
19.5,18.5,5.3450964E-7
19.5,19.5,4.685189E-7
19.5,20.5,5.892997E-7
19.5,21.5,7.29075E-7
19.5,22.5,6.0299095E-7
19.5,23.5,3.0500937E-7
19.5,24.5,2.6093753E-7
19.5,25.5,3.2908258E-7
19.5,26.5,2.6065266E-7
19.5,27.5,2.2028293E-7
19.5,28.5,2.1806392E-7
19.5,29.5,2.1926631E-7
19.5,30.5,2.5557821E-7
19.5,31.5,3.072937E-7
19.5,32.5,5.409996E-7
19.5,33.5,7.5391307E-7
19.5,34.5,1.0698773E-6
19.5,35.5,1.9661572E-6
19.5,36.5,2.1220567E-6
19.5,41.5,5.8372375E-6
19.5,42.5,3.837433E-6
19.5,43.5,2.6199023E-6
19.5,44.5,2.283362E-6
19.5,45.5,1.8026308E-6
19.5,46.5,1.3154784E-6
19.5,47.5,1.1915084E-6
19.5,48.5,1.0265635E-6
19.5,49.5,1.1091572E-6
19.5,50.5,1.1877742E-6
19.5,51.5,1.1464346E-6
19.5,52.5,1.1519843E-6
19.5,53.5,1.2120106E-6
19.5,54.5,1.5352786E-6
19.5,55.5,2.010964E-6
19.5,56.5,2.514115E-6
19.5,57.5,3.0324697E-6
19.5,73.5,3.825865E-5
19.5,74.5,3.6977097E-5
19.5,75.5,3.3082124E-5
19.5,76.5,2.8871402E-5
19.5,77.5,3.2072676E-5
19.5,78.5,3.52677E-5
19.5,79.5,3.7798953E-5
19.5,80.5,3.8808255E-5
19.5,81.5,4.1595908E-5
19.5,82.5,4.336872E-5
19.5,83.5,4.736434E-5
19.5,84.5,5.1846797E-5
19.5,94.5,6.14354E-5
19.5,95.5,5.0647475E-5
19.5,96.5,3.8386217E-5
19.5,97.5,4.010964E-5
19.5,98.5,4.071633E-5
19.5,99.5,4.648442E-5
19.5,100.5,4.4004537E-5
19.5,101.5,4.4975997E-5
19.5,102.5,4.9296013E-5
19.5,103.5,6.0484188E-5
19.5,104.5,7.0219445E-5
19.5,105.5,6.6492634E-5
19.5,109.5,7.364829E-5
19.5,110.5,6.0546485E-5
20.5,-104.5,3.4201028E-5
20.5,-103.5,3.124293E-5
20.5,-102.5,2.8683646E-5
20.5,-101.5,2.4566078E-5
20.5,-100.5,2.4405328E-5
20.5,-99.5,2.3524111E-5
20.5,-98.5,2.9672827E-5
20.5,-97.5,3.9710743E-5
20.5,-89.5,3.644209E-5
20.5,-88.5,3.8856993E-5
20.5,-87.5,3.637975E-5
20.5,-77.5,4.5680976E-5
20.5,-76.5,4.471209E-5
20.5,-75.5,4.0423685E-5
20.5,-15.5,2.0189123E-6
20.5,-14.5,2.147835E-6
20.5,-13.5,2.8595832E-6
20.5,-12.5,2.3062596E-6
20.5,-11.5,1.8326723E-6
20.5,-10.5,1.3991931E-6
20.5,-9.5,1.8801561E-6
20.5,-8.5,2.0605612E-6
20.5,-7.5,1.858177E-6
20.5,-6.5,1.7245665E-6
20.5,-5.5,1.4479443E-6
20.5,-4.5,1.4361841E-6
20.5,-3.5,1.632838E-6
20.5,-2.5,1.9560725E-6
20.5,-1.5,2.5401478E-6
20.5,-0.5,2.8910374E-6
20.5,0.5,2.7943554E-6
20.5,1.5,2.8946024E-6
20.5,2.5,2.3020982E-6
20.5,3.5,1.6822241E-6
20.5,4.5,1.7245779E-6
20.5,5.5,1.743585E-6
20.5,6.5,1.7424168E-6
20.5,7.5,1.3344259E-6
20.5,8.5,1.2321135E-6
20.5,9.5,6.7013866E-7
20.5,10.5,6.289134E-7
20.5,11.5,7.0996447E-7
20.5,12.5,5.667473E-7
20.5,13.5,4.7530924E-7
20.5,14.5,4.820401E-7
20.5,15.5,6.6674914E-7
20.5,16.5,1.0500235E-6
20.5,17.5,1.0137005E-6
20.5,18.5,4.6210073E-7
20.5,19.5,3.360311E-7
20.5,20.5,4.0702557E-7
20.5,21.5,5.916544E-7
20.5,22.5,3.9062536E-7
20.5,23.5,2.4340517E-7
20.5,24.5,2.0957359E-7
20.5,25.5,1.805668E-7
20.5,26.5,2.0571318E-7
20.5,27.5,1.4023942E-7
20.5,28.5,1.8542917E-7
20.5,29.5,1.6590482E-7
20.5,30.5,2.2829836E-7
20.5,31.5,2.4835617E-7
20.5,32.5,4.1265469E-7
20.5,33.5,5.5727145E-7
20.5,34.5,8.329888E-7
20.5,35.5,1.2119359E-6
20.5,36.5,1.496248E-6
20.5,40.5,3.804225E-6
20.5,41.5,3.860164E-6
20.5,42.5,2.2727033E-6
20.5,43.5,2.1895676E-6
20.5,44.5,2.2428064E-6
20.5,45.5,1.8212505E-6
20.5,46.5,1.4252672E-6
20.5,47.5,1.2174364E-6
20.5,48.5,1.0133141E-6
20.5,49.5,1.0509003E-6
20.5,50.5,1.1398597E-6
20.5,51.5,1.0795227E-6
20.5,52.5,9.3414906E-7
20.5,53.5,1.0345123E-6
20.5,54.5,1.3128048E-6
20.5,55.5,1.7326576E-6
20.5,56.5,2.2025858E-6
20.5,57.5,2.8869792E-6
20.5,73.5,3.3452834E-5
20.5,74.5,3.3971755E-5
20.5,75.5,3.1354633E-5
20.5,76.5,2.9538907E-5
20.5,77.5,3.3123248E-5
20.5,78.5,3.675469E-5
20.5,79.5,3.8774655E-5
20.5,80.5,3.908788E-5
20.5,81.5,4.0981067E-5
20.5,82.5,4.210541E-5
20.5,83.5,4.4535085E-5
20.5,84.5,5.0039453E-5
20.5,85.5,5.368454E-5
20.5,86.5,5.495801E-5
20.5,93.5,6.826309E-5
20.5,94.5,5.4085645E-5
20.5,95.5,4.7488287E-5
20.5,96.5,3.9875733E-5
20.5,97.5,4.400883E-5
20.5,98.5,3.7610436E-5
20.5,99.5,4.814731E-5
20.5,100.5,4.776045E-5
20.5,101.5,4.805532E-5
20.5,102.5,5.0410585E-5
20.5,103.5,5.5439163E-5
20.5,104.5,6.767826E-5
20.5,105.5,6.578851E-5
20.5,106.5,6.489737E-5
21.5,-104.5,3.125424E-5
21.5,-103.5,2.570035E-5
21.5,-102.5,2.0676684E-5
21.5,-101.5,1.8278986E-5
21.5,-100.5,1.9136762E-5
21.5,-99.5,2.5312525E-5
21.5,-98.5,3.0710074E-5
21.5,-88.5,2.9121567E-5
21.5,-87.5,3.0615265E-5
21.5,-78.5,4.505055E-5
21.5,-77.5,3.969338E-5
21.5,-16.5,1.4398715E-6
21.5,-15.5,1.6176779E-6
21.5,-14.5,1.5129817E-6
21.5,-13.5,1.6405675E-6
21.5,-12.5,1.6181623E-6
21.5,-11.5,1.6090937E-6
21.5,-10.5,1.3488453E-6
21.5,-9.5,1.4922633E-6
21.5,-8.5,1.3457078E-6
21.5,-7.5,1.1855258E-6
21.5,-6.5,1.1207442E-6
21.5,-5.5,1.269342E-6
21.5,-4.5,1.3564727E-6
21.5,-3.5,1.5135896E-6
21.5,-2.5,1.8697415E-6
21.5,-1.5,1.7398249E-6
21.5,-0.5,2.0052125E-6
21.5,0.5,2.245998E-6
21.5,1.5,2.2367221E-6
21.5,2.5,1.5404557E-6
21.5,3.5,1.5082394E-6
21.5,4.5,1.1871979E-6
21.5,5.5,1.3146988E-6
21.5,6.5,1.3155991E-6
21.5,7.5,8.4258096E-7
21.5,8.5,7.2927617E-7
21.5,9.5,5.2181406E-7
21.5,10.5,6.159679E-7
21.5,11.5,7.0841577E-7
21.5,12.5,7.5780196E-7
21.5,13.5,4.0784045E-7
21.5,14.5,6.3493206E-7
21.5,15.5,8.412456E-7
21.5,16.5,9.801048E-7
21.5,17.5,5.3293815E-7
21.5,18.5,3.70886E-7
21.5,19.5,3.351773E-7
21.5,20.5,3.028106E-7
21.5,21.5,3.1215788E-7
21.5,22.5,2.8425904E-7
21.5,23.5,2.7642187E-7
21.5,24.5,2.6125576E-7
21.5,25.5,2.5895338E-7
21.5,26.5,1.875009E-7
21.5,27.5,1.4351934E-7
21.5,28.5,1.6041312E-7
21.5,29.5,1.4531793E-7
21.5,30.5,1.1545981E-7
21.5,31.5,2.0073252E-7
21.5,32.5,3.045707E-7
21.5,33.5,5.330189E-7
21.5,34.5,7.910246E-7
21.5,35.5,1.2191553E-6
21.5,36.5,1.5153828E-6
21.5,39.5,3.104153E-6
21.5,40.5,4.839847E-6
21.5,41.5,3.798034E-6
21.5,42.5,2.5358472E-6
21.5,43.5,2.4389553E-6
21.5,44.5,1.9322706E-6
21.5,45.5,1.6593282E-6
21.5,46.5,1.478867E-6
21.5,47.5,1.524776E-6
21.5,48.5,1.430525E-6
21.5,49.5,1.0764184E-6
21.5,50.5,1.121162E-6
21.5,51.5,1.1221978E-6
21.5,52.5,1.0668293E-6
21.5,53.5,1.0283444E-6
21.5,54.5,1.5126998E-6
21.5,55.5,1.8387292E-6
21.5,56.5,2.420901E-6
21.5,57.5,2.8853847E-6
21.5,58.5,3.3025312E-6
21.5,70.5,2.4444556E-5
21.5,71.5,2.5382535E-5
21.5,72.5,2.8601258E-5
21.5,73.5,3.0602852E-5
21.5,74.5,3.2578842E-5
21.5,75.5,3.2120468E-5
21.5,76.5,3.2118907E-5
21.5,77.5,3.365196E-5
21.5,78.5,3.8134945E-5
21.5,79.5,3.9674127E-5
21.5,80.5,3.914154E-5
21.5,81.5,4.1958367E-5
21.5,82.5,4.31831E-5
21.5,83.5,4.3982865E-5
21.5,84.5,4.6140718E-5
21.5,85.5,5.1456533E-5
21.5,86.5,5.697844E-5
21.5,92.5,7.3496536E-5
21.5,93.5,5.973916E-5
21.5,94.5,5.460985E-5
21.5,95.5,4.6772395E-5
21.5,96.5,4.471175E-5
21.5,97.5,5.019359E-5
21.5,98.5,3.7318972E-5
21.5,99.5,4.0731877E-5
21.5,100.5,4.5441448E-5
21.5,101.5,4.7651887E-5
21.5,102.5,5.0138202E-5
21.5,103.5,5.2234598E-5
21.5,104.5,5.967149E-5
21.5,105.5,5.6460678E-5
21.5,106.5,5.5603465E-5
21.5,107.5,6.5983E-5
21.5,109.5,6.6376146E-5
21.5,110.5,6.440506E-5
22.5,-105.5,3.386222E-5
22.5,-104.5,2.7288232E-5
22.5,-103.5,2.0210286E-5
22.5,-102.5,1.5154364E-5
22.5,-101.5,1.3919018E-5
22.5,-100.5,1.779868E-5
22.5,-99.5,2.5090996E-5
22.5,-98.5,2.8920942E-5
22.5,-83.5,4.2385327E-5
22.5,-81.5,4.6771187E-5
22.5,-80.5,4.4213222E-5
22.5,-79.5,3.8844108E-5
22.5,-15.5,1.6150491E-6
22.5,-14.5,1.7671691E-6
22.5,-13.5,1.812716E-6
22.5,-12.5,1.4763012E-6
22.5,-11.5,1.476994E-6
22.5,-10.5,1.2406623E-6
22.5,-9.5,1.3288859E-6
22.5,-8.5,1.1925463E-6
22.5,-7.5,1.1554741E-6
22.5,-6.5,1.533796E-6
22.5,-5.5,1.4094636E-6
22.5,-4.5,1.2708796E-6
22.5,-3.5,1.4931709E-6
22.5,-2.5,1.7261917E-6
22.5,-1.5,1.7607654E-6
22.5,-0.5,1.860149E-6
22.5,0.5,1.8070031E-6
22.5,1.5,1.7016368E-6
22.5,2.5,1.4401289E-6
22.5,3.5,1.4522512E-6
22.5,4.5,2.1406827E-6
22.5,5.5,2.382392E-6
22.5,6.5,1.9194003E-6
22.5,7.5,1.2265205E-6
22.5,8.5,9.734695E-7
22.5,9.5,7.1390457E-7
22.5,10.5,5.3007443E-7
22.5,11.5,5.520567E-7
22.5,12.5,7.199653E-7
22.5,13.5,5.3183714E-7
22.5,14.5,4.821972E-7
22.5,15.5,3.7430783E-7
22.5,16.5,4.57133E-7
22.5,17.5,2.83076E-7
22.5,18.5,2.6729538E-7
22.5,19.5,3.4455425E-7
22.5,20.5,2.7498479E-7
22.5,21.5,1.8153686E-7
22.5,22.5,1.7411807E-7
22.5,23.5,1.3317768E-7
22.5,24.5,1.2355189E-7
22.5,25.5,8.8511655E-8
22.5,26.5,8.0986204E-8
22.5,27.5,9.294673E-8
22.5,28.5,7.938968E-8
22.5,29.5,9.059173E-8
22.5,30.5,9.580009E-8
22.5,31.5,1.1293478E-7
22.5,32.5,2.014612E-7
22.5,33.5,3.9870386E-7
22.5,34.5,5.905583E-7
22.5,35.5,9.992511E-7
22.5,39.5,2.3797943E-6
22.5,40.5,3.556209E-6
22.5,41.5,3.356759E-6
22.5,42.5,2.6667628E-6
22.5,43.5,2.407412E-6
22.5,44.5,2.1019669E-6
22.5,45.5,2.2136849E-6
22.5,46.5,2.1319602E-6
22.5,47.5,1.9321944E-6
22.5,48.5,2.0378425E-6
22.5,49.5,1.7409967E-6
22.5,50.5,1.9052909E-6
22.5,51.5,1.7651137E-6
22.5,52.5,1.5783528E-6
22.5,53.5,1.5501487E-6
22.5,54.5,2.0140008E-6
22.5,55.5,2.4476128E-6
22.5,56.5,2.9856144E-6
22.5,57.5,3.458337E-6
22.5,58.5,4.167877E-6
22.5,59.5,4.6274963E-6
22.5,69.5,2.0496687E-5
22.5,70.5,2.2377202E-5
22.5,71.5,2.4170029E-5
22.5,72.5,2.7601105E-5
22.5,73.5,3.0380568E-5
22.5,74.5,3.2225576E-5
22.5,75.5,3.401251E-5
22.5,76.5,3.582779E-5
22.5,77.5,3.5196015E-5
22.5,78.5,3.685686E-5
22.5,79.5,3.7678594E-5
22.5,80.5,3.6906476E-5
22.5,81.5,3.857657E-5
22.5,82.5,4.0514547E-5
22.5,83.5,4.1530573E-5
22.5,84.5,4.395917E-5
22.5,85.5,4.809631E-5
22.5,86.5,5.501076E-5
22.5,87.5,5.4808144E-5
22.5,88.5,5.5029595E-5
22.5,89.5,6.4202955E-5
22.5,90.5,7.722108E-5
22.5,91.5,8.879944E-5
22.5,92.5,7.30176E-5
22.5,93.5,6.316525E-5
22.5,94.5,6.134363E-5
22.5,95.5,5.0509265E-5
22.5,96.5,4.5989993E-5
22.5,97.5,4.720881E-5
22.5,98.5,3.9539387E-5
22.5,99.5,3.9738024E-5
22.5,100.5,4.2659016E-5
22.5,101.5,4.4276178E-5
22.5,102.5,4.5856832E-5
22.5,103.5,4.722684E-5
22.5,104.5,5.5039833E-5
22.5,105.5,4.8278223E-5
22.5,106.5,4.8008562E-5
22.5,107.5,5.043811E-5
22.5,108.5,5.4591535E-5
22.5,109.5,5.8740396E-5
22.5,110.5,6.09626E-5
22.5,111.5,6.239922E-5
22.5,112.5,6.512105E-5
22.5,113.5,6.602001E-5
22.5,114.5,6.139578E-5
22.5,120.5,6.1607934E-5
23.5,-106.5,3.0442901E-5
23.5,-105.5,2.8267796E-5
23.5,-104.5,1.8459781E-5
23.5,-103.5,1.3555128E-5
23.5,-102.5,1.3074522E-5
23.5,-101.5,1.3244116E-5
23.5,-100.5,1.6894935E-5
23.5,-99.5,2.2015063E-5
23.5,-98.5,2.6314572E-5
23.5,-15.5,1.6317042E-6
23.5,-14.5,1.8811633E-6
23.5,-13.5,2.01602E-6
23.5,-12.5,1.7722672E-6
23.5,-11.5,1.591977E-6
23.5,-10.5,1.4795975E-6
23.5,-9.5,1.5884195E-6
23.5,-8.5,1.4875963E-6
23.5,-7.5,1.5449425E-6
23.5,-6.5,1.6442301E-6
23.5,-5.5,1.3802153E-6
23.5,-4.5,1.2702892E-6
23.5,-3.5,1.3313864E-6
23.5,-2.5,1.3649359E-6
23.5,-1.5,1.3424875E-6
23.5,-0.5,1.3285503E-6
23.5,0.5,1.5095407E-6
23.5,1.5,1.7098939E-6
23.5,2.5,1.581644E-6
23.5,3.5,1.5859047E-6
23.5,4.5,2.5919924E-6
23.5,5.5,3.4854202E-6
23.5,6.5,3.224416E-6
23.5,7.5,2.1548335E-6
23.5,8.5,1.3670692E-6
23.5,9.5,7.498808E-7
23.5,10.5,5.472887E-7
23.5,11.5,3.9485766E-7
23.5,12.5,3.764035E-7
23.5,13.5,4.3100468E-7
23.5,14.5,4.68036E-7
23.5,15.5,4.5796702E-7
23.5,16.5,3.7233008E-7
23.5,17.5,2.7479817E-7
23.5,18.5,2.943951E-7
23.5,19.5,3.0492225E-7
23.5,20.5,2.3441362E-7
23.5,21.5,1.5224089E-7
23.5,22.5,1.7127971E-7
23.5,23.5,1.11624004E-7
23.5,24.5,7.6119385E-8
23.5,25.5,7.946974E-8
23.5,26.5,3.6472915E-8
23.5,27.5,2.7491017E-8
23.5,28.5,2.896887E-8
23.5,29.5,5.458387E-8
23.5,30.5,1.1119121E-7
23.5,31.5,1.4533708E-7
23.5,32.5,2.200175E-7
23.5,33.5,3.5387268E-7
23.5,34.5,5.144955E-7
23.5,35.5,8.8341125E-7
23.5,39.5,2.186531E-6
23.5,40.5,2.7167223E-6
23.5,41.5,2.7778794E-6
23.5,42.5,2.7348835E-6
23.5,43.5,2.5471368E-6
23.5,44.5,2.369834E-6
23.5,45.5,2.590289E-6
23.5,46.5,2.3871182E-6
23.5,47.5,2.4821313E-6
23.5,48.5,2.7195629E-6
23.5,49.5,2.7962142E-6
23.5,50.5,2.5235781E-6
23.5,51.5,2.4730707E-6
23.5,52.5,2.2859208E-6
23.5,53.5,2.0731109E-6
23.5,54.5,2.3021298E-6
23.5,55.5,2.8928864E-6
23.5,56.5,4.497311E-6
23.5,57.5,5.1225998E-6
23.5,58.5,4.925947E-6
23.5,69.5,1.7159613E-5
23.5,70.5,1.9378527E-5
23.5,71.5,2.1996853E-5
23.5,72.5,2.4919515E-5
23.5,73.5,2.762725E-5
23.5,74.5,3.0392719E-5
23.5,75.5,3.328028E-5
23.5,76.5,3.7088896E-5
23.5,77.5,3.861582E-5
23.5,78.5,3.9382834E-5
23.5,79.5,3.9609527E-5
23.5,80.5,3.6361536E-5
23.5,81.5,3.6175363E-5
23.5,82.5,3.7118763E-5
23.5,83.5,3.690847E-5
23.5,84.5,3.960893E-5
23.5,85.5,4.426926E-5
23.5,86.5,4.939955E-5
23.5,87.5,4.9404855E-5
23.5,88.5,4.9592298E-5
23.5,89.5,5.6328292E-5
23.5,90.5,6.4553475E-5
23.5,91.5,7.9593476E-5
23.5,92.5,7.431214E-5
23.5,93.5,6.313107E-5
23.5,94.5,6.677585E-5
23.5,95.5,5.7530477E-5
23.5,96.5,5.8434445E-5
23.5,97.5,4.9072736E-5
23.5,98.5,3.6566606E-5
23.5,99.5,3.6432702E-5
23.5,100.5,3.8159116E-5
23.5,101.5,3.348023E-5
23.5,102.5,2.9873487E-5
23.5,103.5,3.316199E-5
23.5,104.5,3.9180144E-5
23.5,105.5,4.1595715E-5
23.5,106.5,4.5364533E-5
23.5,107.5,4.7511177E-5
23.5,108.5,5.0119055E-5
23.5,109.5,5.3156924E-5
23.5,110.5,5.6586985E-5
23.5,111.5,5.883947E-5
23.5,112.5,6.3926316E-5
23.5,113.5,6.787639E-5
23.5,114.5,6.370901E-5
23.5,115.5,6.0732382E-5
23.5,116.5,5.7322035E-5
23.5,120.5,6.4858425E-5
23.5,121.5,6.281051E-5
24.5,-111.5,6.0063526E-6
24.5,-107.5,2.3032268E-5
24.5,-106.5,3.124688E-5
24.5,-105.5,2.1674388E-5
24.5,-104.5,1.5974758E-5
24.5,-103.5,1.4645581E-5
24.5,-102.5,1.3916085E-5
24.5,-101.5,1.2509479E-5
24.5,-100.5,1.5934284E-5
24.5,-99.5,2.1960208E-5
24.5,-98.5,2.467368E-5
24.5,-14.5,1.9079243E-6
24.5,-13.5,2.1338044E-6
24.5,-12.5,2.145318E-6
24.5,-11.5,2.0543384E-6
24.5,-10.5,1.5103728E-6
24.5,-9.5,1.5186437E-6
24.5,-8.5,1.7993732E-6
24.5,-7.5,1.8012447E-6
24.5,-6.5,1.8566835E-6
24.5,-5.5,1.6722784E-6
24.5,-4.5,1.3901827E-6
24.5,-3.5,1.4998615E-6
24.5,-2.5,1.0209313E-6
24.5,-1.5,1.0502628E-6
24.5,-0.5,1.3618509E-6
24.5,0.5,1.5029553E-6
24.5,1.5,1.8312659E-6
24.5,2.5,1.913032E-6
24.5,3.5,1.7760506E-6
24.5,4.5,2.0034415E-6
24.5,5.5,2.312164E-6
24.5,6.5,2.2229046E-6
24.5,7.5,1.6923083E-6
24.5,8.5,1.040297E-6
24.5,9.5,8.6585595E-7
24.5,10.5,9.436136E-7
24.5,11.5,6.9661326E-7
24.5,12.5,4.7112954E-7
24.5,13.5,4.2974415E-7
24.5,14.5,3.3524188E-7
24.5,15.5,3.8356242E-7
24.5,16.5,3.5806426E-7
24.5,17.5,3.6929666E-7
24.5,18.5,3.665741E-7
24.5,19.5,4.2034833E-7
24.5,20.5,3.4773544E-7
24.5,21.5,2.2728912E-7
24.5,22.5,2.0501716E-7
24.5,23.5,1.5475779E-7
24.5,24.5,1.268682E-7
24.5,25.5,1.0452544E-7
24.5,26.5,7.438255E-8
24.5,27.5,5.4322026E-8
24.5,28.5,3.454159E-8
24.5,29.5,5.4457946E-8
24.5,30.5,1.3109232E-7
24.5,31.5,2.2073662E-7
24.5,32.5,2.358351E-7
24.5,33.5,2.9212995E-7
24.5,34.5,5.1080144E-7
24.5,37.5,1.5302879E-6
24.5,38.5,2.1378303E-6
24.5,39.5,2.3463808E-6
24.5,40.5,2.3629543E-6
24.5,41.5,2.3733226E-6
24.5,42.5,2.7304748E-6
24.5,43.5,2.7318388E-6
24.5,44.5,2.556534E-6
24.5,45.5,2.6851753E-6
24.5,46.5,2.6062976E-6
24.5,47.5,2.7303272E-6
24.5,48.5,3.0613821E-6
24.5,49.5,3.2201228E-6
24.5,50.5,3.4884736E-6
24.5,51.5,3.3462402E-6
24.5,54.5,3.2102964E-6
24.5,55.5,3.5508597E-6
24.5,56.5,4.0899026E-6
24.5,67.5,1.0674128E-5
24.5,68.5,1.3682125E-5
24.5,69.5,1.5318303E-5
24.5,70.5,1.690432E-5
24.5,71.5,1.84878E-5
24.5,72.5,2.2302413E-5
24.5,73.5,2.6496691E-5
24.5,74.5,2.95605E-5
24.5,75.5,3.1823787E-5
24.5,76.5,3.3807897E-5
24.5,77.5,3.4477114E-5
24.5,78.5,3.539508E-5
24.5,79.5,3.62788E-5
24.5,80.5,3.6948615E-5
24.5,81.5,3.7539136E-5
24.5,82.5,3.9022336E-5
24.5,83.5,3.985933E-5
24.5,84.5,3.9035272E-5
24.5,85.5,3.9917213E-5
24.5,86.5,4.3526077E-5
24.5,87.5,4.823636E-5
24.5,88.5,5.122078E-5
24.5,89.5,5.941985E-5
24.5,90.5,7.326681E-5
24.5,91.5,8.406642E-5
24.5,92.5,7.714705E-5
24.5,93.5,6.0687173E-5
24.5,94.5,6.886185E-5
24.5,95.5,6.742392E-5
24.5,96.5,6.332484E-5
24.5,97.5,5.3580872E-5
24.5,98.5,3.4769368E-5
24.5,99.5,3.472442E-5
24.5,100.5,3.270091E-5
24.5,101.5,3.271142E-5
24.5,102.5,3.0313171E-5
24.5,103.5,3.329047E-5
24.5,104.5,3.9329607E-5
24.5,105.5,3.9488055E-5
24.5,106.5,4.201668E-5
24.5,107.5,4.5121982E-5
24.5,108.5,4.7902846E-5
24.5,109.5,4.976959E-5
24.5,110.5,5.049837E-5
24.5,111.5,5.1293628E-5
24.5,112.5,5.3775333E-5
24.5,113.5,5.8556416E-5
24.5,114.5,5.8353573E-5
24.5,115.5,5.7327612E-5
24.5,116.5,5.849696E-5
24.5,117.5,5.775269E-5
24.5,121.5,6.5191045E-5
25.5,-111.5,6.502637E-6
25.5,-108.5,2.1311798E-5
25.5,-107.5,2.6421734E-5
25.5,-106.5,2.5854606E-5
25.5,-105.5,1.8023911E-5
25.5,-104.5,1.5589267E-5
25.5,-103.5,1.2706201E-5
25.5,-102.5,1.2740792E-5
25.5,-101.5,1.3476063E-5
25.5,-100.5,1.6669725E-5
25.5,-99.5,2.209516E-5
25.5,-98.5,2.283224E-5
25.5,-97.5,2.4481931E-5
25.5,-80.5,4.09001E-5
25.5,-14.5,2.0760149E-6
25.5,-13.5,2.1841693E-6
25.5,-12.5,2.256269E-6
25.5,-11.5,2.4416258E-6
25.5,-10.5,2.3262824E-6
25.5,-9.5,2.1448816E-6
25.5,-8.5,2.1551982E-6
25.5,-7.5,1.9528982E-6
25.5,-6.5,1.7827008E-6
25.5,-5.5,1.9483364E-6
25.5,-4.5,1.5806334E-6
25.5,-3.5,1.4809638E-6
25.5,-2.5,1.0605688E-6
25.5,-1.5,1.1274861E-6
25.5,-0.5,1.090276E-6
25.5,0.5,1.0939399E-6
25.5,1.5,1.2659842E-6
25.5,2.5,1.6075604E-6
25.5,3.5,1.6368082E-6
25.5,4.5,1.8384341E-6
25.5,5.5,1.7958574E-6
25.5,6.5,1.8280372E-6
25.5,7.5,1.6542166E-6
25.5,8.5,1.576542E-6
25.5,9.5,1.1538796E-6
25.5,10.5,1.0582821E-6
25.5,11.5,8.294599E-7
25.5,12.5,6.807427E-7
25.5,13.5,5.836254E-7
25.5,14.5,6.4372773E-7
25.5,15.5,6.1681374E-7
25.5,16.5,5.037996E-7
25.5,17.5,4.6269489E-7
25.5,18.5,4.6429346E-7
25.5,19.5,4.6195217E-7
25.5,20.5,4.3810988E-7
25.5,21.5,3.4986343E-7
25.5,22.5,2.841942E-7
25.5,23.5,2.7545963E-7
25.5,24.5,2.4396135E-7
25.5,25.5,1.7064717E-7
25.5,26.5,1.11640354E-7
25.5,27.5,6.8655126E-8
25.5,28.5,5.7069098E-8
25.5,29.5,7.747102E-8
25.5,30.5,1.4579045E-7
25.5,31.5,2.2901718E-7
25.5,32.5,3.633442E-7
25.5,33.5,4.8812615E-7
25.5,34.5,6.5230404E-7
25.5,37.5,1.5362657E-6
25.5,38.5,1.9730846E-6
25.5,39.5,1.9486938E-6
25.5,40.5,2.0641933E-6
25.5,41.5,2.2926208E-6
25.5,42.5,2.262525E-6
25.5,43.5,2.4099484E-6
25.5,44.5,2.9819823E-6
25.5,45.5,3.1863892E-6
25.5,46.5,3.5636115E-6
25.5,47.5,3.4310153E-6
25.5,48.5,3.4613877E-6
25.5,49.5,3.4330856E-6
25.5,50.5,3.5919E-6
25.5,51.5,3.7443174E-6
25.5,59.5,3.6815163E-6
25.5,60.5,3.6178276E-6
25.5,61.5,3.6891888E-6
25.5,62.5,3.8612725E-6
25.5,63.5,4.0717155E-6
25.5,64.5,5.022364E-6
25.5,65.5,6.4128867E-6
25.5,66.5,8.207619E-6
25.5,67.5,9.324131E-6
25.5,68.5,1.0543752E-5
25.5,69.5,1.2548638E-5
25.5,70.5,1.3492988E-5
25.5,71.5,1.4816048E-5
25.5,72.5,1.798595E-5
25.5,73.5,2.12559E-5
25.5,74.5,2.4978528E-5
25.5,75.5,2.8425176E-5
25.5,76.5,2.9029074E-5
25.5,77.5,3.0128882E-5
25.5,78.5,3.2207645E-5
25.5,79.5,3.319816E-5
25.5,80.5,3.411373E-5
25.5,81.5,3.4586275E-5
25.5,82.5,3.440998E-5
25.5,83.5,3.5787187E-5
25.5,84.5,3.5527104E-5
25.5,85.5,3.6180558E-5
25.5,86.5,3.9059636E-5
25.5,87.5,4.7447444E-5
25.5,88.5,5.585581E-5
25.5,89.5,6.218322E-5
25.5,90.5,7.165166E-5
25.5,91.5,8.353431E-5
25.5,92.5,7.5447155E-5
25.5,93.5,6.210967E-5
25.5,94.5,5.9775237E-5
25.5,95.5,8.032161E-5
25.5,96.5,7.6686294E-5
25.5,97.5,5.87825E-5
25.5,98.5,3.49059E-5
25.5,99.5,3.50716E-5
25.5,100.5,3.295627E-5
25.5,101.5,3.0744803E-5
25.5,102.5,2.7902433E-5
25.5,103.5,2.9491328E-5
25.5,104.5,3.541789E-5
25.5,105.5,3.8275903E-5
25.5,106.5,3.889702E-5
25.5,107.5,4.085718E-5
25.5,108.5,4.4574077E-5
25.5,109.5,4.7665257E-5
25.5,110.5,4.9928745E-5
25.5,111.5,4.9169194E-5
25.5,112.5,4.962824E-5
25.5,113.5,4.9980594E-5
25.5,114.5,5.2577776E-5
25.5,115.5,5.629276E-5
25.5,116.5,5.7333837E-5
25.5,117.5,5.8705078E-5
25.5,118.5,5.9786522E-5
26.5,-112.5,5.3686686E-6
26.5,-108.5,2.6216703E-5
26.5,-107.5,2.786531E-5
26.5,-106.5,2.1340245E-5
26.5,-105.5,1.7533888E-5
26.5,-104.5,1.3823406E-5
26.5,-103.5,1.1417195E-5
26.5,-102.5,1.3301779E-5
26.5,-101.5,1.4420322E-5
26.5,-100.5,1.5969614E-5
26.5,-99.5,1.9005714E-5
26.5,-98.5,2.2035365E-5
26.5,-97.5,2.502867E-5
26.5,-81.5,4.770955E-5
26.5,-80.5,4.290248E-5
26.5,-13.5,2.5580453E-6
26.5,-12.5,2.4648575E-6
26.5,-11.5,2.6096827E-6
26.5,-10.5,2.5839486E-6
26.5,-9.5,2.2454087E-6
26.5,-8.5,2.3667724E-6
26.5,-7.5,2.3538748E-6
26.5,-6.5,2.282031E-6
26.5,-5.5,2.1420967E-6
26.5,-4.5,1.7965517E-6
26.5,-3.5,1.8510258E-6
26.5,-2.5,1.1934154E-6
26.5,-1.5,1.0893144E-6
26.5,-0.5,1.0892763E-6
26.5,0.5,8.5623583E-7
26.5,1.5,8.422804E-7
26.5,2.5,9.4709077E-7
26.5,3.5,1.1101956E-6
26.5,4.5,1.3509406E-6
26.5,5.5,1.5806423E-6
26.5,6.5,1.6400901E-6
26.5,7.5,1.5441409E-6
26.5,8.5,1.4330263E-6
26.5,9.5,1.175215E-6
26.5,10.5,1.1127246E-6
26.5,11.5,8.283996E-7
26.5,12.5,7.653225E-7
26.5,13.5,6.656689E-7
26.5,14.5,6.315312E-7
26.5,15.5,7.27829E-7
26.5,16.5,7.241103E-7
26.5,17.5,7.2988325E-7
26.5,18.5,7.363715E-7
26.5,19.5,6.3381714E-7
26.5,20.5,5.327121E-7
26.5,21.5,4.2527793E-7
26.5,22.5,4.2746882E-7
26.5,23.5,3.4973814E-7
26.5,24.5,3.5592112E-7
26.5,25.5,2.672333E-7
26.5,26.5,2.8639909E-7
26.5,27.5,2.2014052E-7
26.5,28.5,1.4723742E-7
26.5,29.5,2.3423773E-7
26.5,30.5,3.083014E-7
26.5,31.5,3.2979082E-7
26.5,32.5,3.5198036E-7
26.5,33.5,5.002722E-7
26.5,36.5,1.2963538E-6
26.5,37.5,1.6453556E-6
26.5,38.5,1.6445234E-6
26.5,39.5,1.840326E-6
26.5,40.5,2.0239986E-6
26.5,41.5,2.3090665E-6
26.5,42.5,2.5138038E-6
26.5,43.5,2.7982323E-6
26.5,44.5,3.0409617E-6
26.5,45.5,3.2633945E-6
26.5,46.5,3.6559838E-6
26.5,47.5,3.830796E-6
26.5,48.5,4.3393443E-6
26.5,49.5,4.016175E-6
26.5,57.5,5.3561466E-6
26.5,58.5,5.2216E-6
26.5,59.5,4.992461E-6
26.5,60.5,5.175782E-6
26.5,61.5,4.683419E-6
26.5,62.5,4.436054E-6
26.5,63.5,5.062541E-6
26.5,64.5,6.8407476E-6
26.5,65.5,8.7690905E-6
26.5,66.5,1.0430266E-5
26.5,67.5,9.227663E-6
26.5,68.5,8.717015E-6
26.5,69.5,9.8154005E-6
26.5,70.5,1.0711077E-5
26.5,71.5,1.2512078E-5
26.5,72.5,1.5940208E-5
26.5,73.5,1.756575E-5
26.5,74.5,2.1395861E-5
26.5,75.5,2.4097333E-5
26.5,76.5,2.532955E-5
26.5,77.5,2.713696E-5
26.5,78.5,2.973136E-5
26.5,79.5,2.9922085E-5
26.5,80.5,3.190985E-5
26.5,81.5,3.284089E-5
26.5,82.5,3.215E-5
26.5,83.5,3.308245E-5
26.5,84.5,3.378464E-5
26.5,85.5,3.3185755E-5
26.5,86.5,3.731718E-5
26.5,87.5,5.2373627E-5
26.5,88.5,6.95296E-5
26.5,89.5,7.709747E-5
26.5,90.5,7.557925E-5
26.5,91.5,7.064675E-5
26.5,92.5,6.719019E-5
26.5,93.5,6.8249974E-5
26.5,94.5,6.658163E-5
26.5,95.5,6.727067E-5
26.5,96.5,7.485894E-5
26.5,97.5,6.1997045E-5
26.5,98.5,3.3791996E-5
26.5,99.5,3.5790636E-5
26.5,100.5,3.7010817E-5
26.5,101.5,3.3712262E-5
26.5,102.5,2.810365E-5
26.5,103.5,2.7553166E-5
26.5,104.5,3.2372234E-5
26.5,105.5,3.62149E-5
26.5,106.5,3.798331E-5
26.5,107.5,4.040295E-5
26.5,108.5,4.1169635E-5
26.5,109.5,4.2125273E-5
26.5,110.5,4.423223E-5
26.5,111.5,4.6363835E-5
26.5,112.5,4.749776E-5
26.5,113.5,4.8519534E-5
26.5,114.5,5.195422E-5
26.5,115.5,5.4696688E-5
26.5,116.5,5.7162953E-5
26.5,117.5,5.7531797E-5
26.5,118.5,6.0396724E-5
26.5,119.5,5.9235765E-5
27.5,-113.5,4.0387135E-6
27.5,-112.5,6.2574313E-6
27.5,-110.5,1.1977979E-5
27.5,-109.5,1.982513E-5
27.5,-108.5,2.6857337E-5
27.5,-107.5,2.0204243E-5
27.5,-106.5,1.6357797E-5
27.5,-105.5,1.5815049E-5
27.5,-104.5,1.3576027E-5
27.5,-103.5,1.1393704E-5
27.5,-102.5,1.4327712E-5
27.5,-101.5,1.4866241E-5
27.5,-100.5,1.5895805E-5
27.5,-99.5,1.8918177E-5
27.5,-98.5,2.2264712E-5
27.5,-97.5,2.5988298E-5
27.5,-82.5,4.3693188E-5
27.5,-81.5,4.457388E-5
27.5,-80.5,3.908124E-5
27.5,-12.5,2.7073431E-6
27.5,-11.5,3.0888073E-6
27.5,-10.5,3.1941208E-6
27.5,-9.5,2.8351628E-6
27.5,-8.5,2.7738215E-6
27.5,-7.5,2.7017531E-6
27.5,-6.5,2.6488083E-6
27.5,-5.5,2.4575538E-6
27.5,-4.5,2.0138302E-6
27.5,-3.5,2.1013257E-6
27.5,-2.5,1.5479196E-6
27.5,-1.5,1.3542393E-6
27.5,-0.5,1.2153075E-6
27.5,0.5,9.390727E-7
27.5,1.5,8.634027E-7
27.5,2.5,9.724475E-7
27.5,3.5,1.1426071E-6
27.5,4.5,1.398607E-6
27.5,5.5,1.3329902E-6
27.5,6.5,1.2106681E-6
27.5,7.5,9.499413E-7
27.5,8.5,7.8493827E-7
27.5,9.5,7.155175E-7
27.5,10.5,6.864342E-7
27.5,11.5,7.5610586E-7
27.5,12.5,7.173589E-7
27.5,13.5,6.828053E-7
27.5,14.5,8.8421865E-7
27.5,15.5,1.0371073E-6
27.5,16.5,1.088012E-6
27.5,17.5,1.0436663E-6
27.5,18.5,1.3206442E-6
27.5,19.5,1.1444678E-6
27.5,20.5,9.5337464E-7
27.5,21.5,8.506182E-7
27.5,22.5,8.722831E-7
27.5,23.5,7.9017013E-7
27.5,24.5,7.8274394E-7
27.5,25.5,6.216859E-7
27.5,26.5,6.391151E-7
27.5,27.5,6.4220075E-7
27.5,28.5,4.566627E-7
27.5,29.5,6.525744E-7
27.5,30.5,6.05171E-7
27.5,31.5,6.342743E-7
27.5,32.5,6.42963E-7
27.5,33.5,6.5239504E-7
27.5,36.5,1.6133285E-6
27.5,37.5,2.1531848E-6
27.5,38.5,2.071257E-6
27.5,39.5,1.892336E-6
27.5,40.5,2.026312E-6
27.5,41.5,2.1367825E-6
27.5,42.5,2.5349134E-6
27.5,43.5,2.6690184E-6
27.5,44.5,3.040108E-6
27.5,45.5,3.2599028E-6
27.5,46.5,3.7953907E-6
27.5,47.5,3.9050947E-6
27.5,48.5,4.272433E-6
27.5,53.5,7.188943E-6
27.5,54.5,6.6657585E-6
27.5,55.5,5.938984E-6
27.5,56.5,5.5514342E-6
27.5,57.5,4.848025E-6
27.5,58.5,3.918223E-6
27.5,59.5,3.8234325E-6
27.5,60.5,4.0103387E-6
27.5,61.5,3.4018376E-6
27.5,62.5,3.8525573E-6
27.5,63.5,3.86719E-6
27.5,64.5,4.856158E-6
27.5,65.5,7.277874E-6
27.5,66.5,9.189138E-6
27.5,67.5,8.574683E-6
27.5,68.5,8.286071E-6
27.5,69.5,9.3048775E-6
27.5,70.5,1.02024605E-5
27.5,71.5,1.0993837E-5
27.5,72.5,1.3874488E-5
27.5,73.5,1.5444844E-5
27.5,74.5,1.7947941E-5
27.5,75.5,2.0071091E-5
27.5,76.5,2.4582503E-5
27.5,77.5,2.687152E-5
27.5,78.5,2.8754675E-5
27.5,79.5,3.002389E-5
27.5,80.5,3.0909294E-5
27.5,81.5,3.139648E-5
27.5,82.5,3.309289E-5
27.5,83.5,3.49895E-5
27.5,84.5,3.5114273E-5
27.5,85.5,3.0770778E-5
27.5,86.5,2.437668E-5
27.5,87.5,2.5219368E-5
27.5,88.5,2.8183389E-5
27.5,89.5,2.843505E-5
27.5,90.5,2.8871997E-5
27.5,91.5,3.0636642E-5
27.5,92.5,3.5014593E-5
27.5,93.5,4.376192E-5
27.5,94.5,5.7060337E-5
27.5,95.5,5.8383113E-5
27.5,96.5,5.5381057E-5
27.5,97.5,5.642078E-5
27.5,98.5,3.139782E-5
27.5,99.5,2.9888875E-5
27.5,100.5,3.1117877E-5
27.5,101.5,3.239517E-5
27.5,102.5,3.1062846E-5
27.5,103.5,3.0670115E-5
27.5,104.5,3.2728436E-5
27.5,105.5,3.2481406E-5
27.5,106.5,3.365258E-5
27.5,107.5,3.585464E-5
27.5,108.5,4.0305607E-5
27.5,109.5,4.285324E-5
27.5,110.5,4.457226E-5
27.5,111.5,4.608384E-5
27.5,112.5,4.5753644E-5
27.5,113.5,4.708807E-5
27.5,114.5,5.099747E-5
27.5,115.5,5.4546636E-5
27.5,116.5,5.910783E-5
27.5,117.5,5.887175E-5
27.5,118.5,6.0629205E-5
27.5,119.5,6.457738E-5
27.5,120.5,6.151345E-5
28.5,-113.5,4.6694117E-6
28.5,-111.5,9.495659E-6
28.5,-110.5,1.5622165E-5
28.5,-109.5,2.2026508E-5
28.5,-108.5,2.6604277E-5
28.5,-107.5,1.6224705E-5
28.5,-106.5,1.3391659E-5
28.5,-105.5,1.2696406E-5
28.5,-104.5,1.1858775E-5
28.5,-103.5,1.1196812E-5
28.5,-102.5,1.3962574E-5
28.5,-101.5,1.6717648E-5
28.5,-100.5,1.7362749E-5
28.5,-99.5,1.9389481E-5
28.5,-98.5,2.2687022E-5
28.5,-97.5,2.7754972E-5
28.5,-96.5,3.2097814E-5
28.5,-82.5,4.5499262E-5
28.5,-81.5,4.530384E-5
28.5,-10.5,4.02611E-6
28.5,-9.5,4.2786323E-6
28.5,-8.5,3.6618878E-6
28.5,-7.5,3.2098426E-6
28.5,-6.5,2.9343537E-6
28.5,-5.5,2.8207853E-6
28.5,-4.5,2.532111E-6
28.5,-3.5,2.2389677E-6
28.5,-2.5,1.863953E-6
28.5,-1.5,1.4002E-6
28.5,-0.5,1.2577221E-6
28.5,0.5,1.1119841E-6
28.5,1.5,1.1327686E-6
28.5,2.5,1.0978891E-6
28.5,3.5,1.2146066E-6
28.5,4.5,1.268294E-6
28.5,5.5,1.1854204E-6
28.5,6.5,1.1150112E-6
28.5,7.5,9.4762567E-7
28.5,8.5,8.125074E-7
28.5,9.5,8.3071313E-7
28.5,10.5,7.7699593E-7
28.5,11.5,7.6971963E-7
28.5,12.5,7.432462E-7
28.5,13.5,8.049751E-7
28.5,14.5,1.0385161E-6
28.5,15.5,1.3810767E-6
28.5,16.5,1.6282912E-6
28.5,17.5,1.757515E-6
28.5,18.5,1.7593223E-6
28.5,19.5,1.5833224E-6
28.5,20.5,1.3740523E-6
28.5,21.5,1.271702E-6
28.5,22.5,1.3824778E-6
28.5,23.5,1.3369796E-6
28.5,24.5,1.323532E-6
28.5,25.5,1.3278E-6
28.5,26.5,1.1749536E-6
28.5,27.5,1.0885392E-6
28.5,28.5,8.7374724E-7
28.5,29.5,1.1558516E-6
28.5,30.5,1.0813965E-6
28.5,31.5,1.0201079E-6
28.5,32.5,9.159777E-7
28.5,33.5,8.969511E-7
28.5,34.5,1.1278443E-6
28.5,35.5,1.4292958E-6
28.5,36.5,1.899439E-6
28.5,37.5,1.8684266E-6
28.5,38.5,2.0527848E-6
28.5,39.5,2.1421417E-6
28.5,40.5,2.2834522E-6
28.5,41.5,2.6280097E-6
28.5,42.5,2.5935517E-6
28.5,43.5,2.7147566E-6
28.5,44.5,3.0406832E-6
28.5,45.5,3.3812626E-6
28.5,46.5,3.7926357E-6
28.5,47.5,3.9452234E-6
28.5,51.5,8.781973E-6
28.5,52.5,8.405714E-6
28.5,53.5,7.5560583E-6
28.5,54.5,6.8000113E-6
28.5,55.5,6.8155646E-6
28.5,56.5,6.52142E-6
28.5,57.5,5.0698523E-6
28.5,58.5,6.0351617E-6
28.5,59.5,6.2583526E-6
28.5,60.5,4.0133978E-6
28.5,61.5,3.9230354E-6
28.5,62.5,3.932672E-6
28.5,63.5,2.893448E-6
28.5,64.5,3.0569058E-6
28.5,65.5,4.254274E-6
28.5,66.5,5.923167E-6
28.5,67.5,6.894588E-6
28.5,68.5,7.642449E-6
28.5,69.5,7.894527E-6
28.5,70.5,9.512953E-6
28.5,71.5,1.0174332E-5
28.5,72.5,1.2048655E-5
28.5,73.5,1.3727326E-5
28.5,74.5,1.6379727E-5
28.5,75.5,1.8088995E-5
28.5,76.5,2.204791E-5
28.5,77.5,2.613226E-5
28.5,78.5,3.0303905E-5
28.5,79.5,3.314141E-5
28.5,80.5,3.630944E-5
28.5,81.5,3.43187E-5
28.5,82.5,2.6434667E-5
28.5,83.5,2.5433774E-5
28.5,84.5,2.4900999E-5
28.5,85.5,1.9567164E-5
28.5,86.5,2.2180295E-5
28.5,87.5,2.2663407E-5
28.5,88.5,2.5102718E-5
28.5,89.5,2.2654202E-5
28.5,90.5,2.4205003E-5
28.5,91.5,2.7519862E-5
28.5,92.5,3.293263E-5
28.5,93.5,3.0994946E-5
28.5,94.5,2.9088194E-5
28.5,95.5,3.2360476E-5
28.5,96.5,3.3166376E-5
28.5,97.5,3.074134E-5
28.5,98.5,2.5625326E-5
28.5,99.5,2.8869843E-5
28.5,100.5,3.0238447E-5
28.5,101.5,3.305048E-5
28.5,102.5,3.35901E-5
28.5,103.5,3.294607E-5
28.5,104.5,3.1679498E-5
28.5,105.5,3.2360284E-5
28.5,106.5,3.3267686E-5
28.5,107.5,3.433393E-5
28.5,108.5,3.68026E-5
28.5,109.5,4.0332874E-5
28.5,110.5,4.3524116E-5
28.5,111.5,4.559253E-5
28.5,112.5,4.4688495E-5
28.5,113.5,4.7178586E-5
28.5,114.5,5.0462062E-5
28.5,115.5,5.294256E-5
28.5,116.5,5.6177545E-5
28.5,117.5,6.08236E-5
28.5,118.5,6.1680286E-5
28.5,119.5,6.449088E-5
28.5,120.5,6.5794964E-5
29.5,-114.5,3.5760438E-6
29.5,-111.5,1.04167E-5
29.5,-110.5,1.4758977E-5
29.5,-109.5,1.8854038E-5
29.5,-108.5,2.040004E-5
29.5,-107.5,1.2568055E-5
29.5,-106.5,1.22580295E-5
29.5,-105.5,1.1406954E-5
29.5,-104.5,1.0386542E-5
29.5,-103.5,1.1461013E-5
29.5,-102.5,1.2671075E-5
29.5,-101.5,1.4993794E-5
29.5,-100.5,1.7984199E-5
29.5,-99.5,1.9961784E-5
29.5,-98.5,2.3382092E-5
29.5,-97.5,2.7729291E-5
29.5,-96.5,3.240257E-5
29.5,-95.5,3.8809718E-5
29.5,-90.5,4.83063E-5
29.5,-82.5,4.517676E-5
29.5,-81.5,4.4096785E-5
29.5,-9.5,4.7960802E-6
29.5,-8.5,5.0806793E-6
29.5,-7.5,4.927557E-6
29.5,-6.5,4.1154294E-6
29.5,-5.5,3.679847E-6
29.5,-4.5,3.1289403E-6
29.5,-3.5,2.7243311E-6
29.5,-2.5,2.3154469E-6
29.5,-1.5,2.0334573E-6
29.5,-0.5,1.7554644E-6
29.5,0.5,1.418844E-6
29.5,1.5,1.4853148E-6
29.5,2.5,1.2951269E-6
29.5,3.5,1.4284468E-6
29.5,4.5,1.3765582E-6
29.5,5.5,1.4074777E-6
29.5,6.5,1.3633155E-6
29.5,7.5,1.4117438E-6
29.5,8.5,1.381659E-6
29.5,9.5,1.5237586E-6
29.5,10.5,1.7135794E-6
29.5,11.5,1.7792809E-6
29.5,12.5,1.8396368E-6
29.5,13.5,1.835564E-6
29.5,14.5,2.1172418E-6
29.5,15.5,2.2578822E-6
29.5,16.5,2.453901E-6
29.5,17.5,2.6516827E-6
29.5,18.5,3.070406E-6
29.5,19.5,3.0212498E-6
29.5,20.5,2.8087575E-6
29.5,21.5,2.6764542E-6
29.5,22.5,2.6984867E-6
29.5,23.5,2.6635385E-6
29.5,24.5,2.3474493E-6
29.5,25.5,2.6780795E-6
29.5,26.5,2.5082973E-6
29.5,27.5,2.4642568E-6
29.5,28.5,2.1322442E-6
29.5,29.5,2.3547386E-6
29.5,30.5,1.9083327E-6
29.5,31.5,2.1394103E-6
29.5,32.5,2.2511156E-6
29.5,33.5,2.2868796E-6
29.5,34.5,2.4828848E-6
29.5,35.5,2.7824915E-6
29.5,36.5,2.840604E-6
29.5,37.5,2.3617101E-6
29.5,38.5,2.26922E-6
29.5,39.5,2.2471932E-6
29.5,40.5,2.386748E-6
29.5,41.5,2.7265419E-6
29.5,42.5,2.9698706E-6
29.5,43.5,3.1127042E-6
29.5,44.5,3.4089855E-6
29.5,45.5,4.0985883E-6
29.5,46.5,4.457602E-6
29.5,47.5,4.9426667E-6
29.5,51.5,1.037205E-5
29.5,52.5,8.307522E-6
29.5,53.5,6.576511E-6
29.5,54.5,5.9089207E-6
29.5,55.5,5.495601E-6
29.5,56.5,5.399939E-6
29.5,57.5,4.424102E-6
29.5,58.5,5.329711E-6
29.5,59.5,4.1911917E-6
29.5,60.5,3.5286912E-6
29.5,61.5,4.0151167E-6
29.5,62.5,3.787975E-6
29.5,63.5,3.3706592E-6
29.5,64.5,4.3540113E-6
29.5,65.5,4.5761735E-6
29.5,66.5,5.6155336E-6
29.5,67.5,7.842871E-6
29.5,68.5,9.434004E-6
29.5,69.5,1.0724152E-5
29.5,70.5,9.74571E-6
29.5,71.5,1.00770885E-5
29.5,72.5,1.2182977E-5
29.5,73.5,1.4920843E-5
29.5,74.5,1.8051687E-5
29.5,75.5,1.9333245E-5
29.5,76.5,2.2137352E-5
29.5,77.5,2.6272965E-5
29.5,78.5,2.926137E-5
29.5,79.5,2.9655184E-5
29.5,80.5,2.8497429E-5
29.5,81.5,2.356757E-5
29.5,82.5,2.0556288E-5
29.5,83.5,2.108513E-5
29.5,84.5,2.0330635E-5
29.5,85.5,2.1979176E-5
29.5,86.5,2.4293766E-5
29.5,87.5,2.5457664E-5
29.5,88.5,2.3070681E-5
29.5,89.5,2.0871876E-5
29.5,90.5,2.3229068E-5
29.5,91.5,2.7710616E-5
29.5,92.5,3.077372E-5
29.5,93.5,3.5229088E-5
29.5,94.5,3.117377E-5
29.5,95.5,2.8678542E-5
29.5,96.5,2.8521848E-5
29.5,97.5,3.0522566E-5
29.5,98.5,2.9201587E-5
29.5,99.5,3.0942356E-5
29.5,100.5,3.3265344E-5
29.5,101.5,3.47435E-5
29.5,102.5,3.2480253E-5
29.5,103.5,3.1786676E-5
29.5,104.5,3.298239E-5
29.5,105.5,3.3507717E-5
29.5,106.5,3.4666937E-5
29.5,107.5,3.497597E-5
29.5,108.5,3.6098718E-5
29.5,109.5,3.7970713E-5
29.5,110.5,4.0102095E-5
29.5,111.5,4.1585616E-5
29.5,112.5,4.0185914E-5
29.5,113.5,4.3989807E-5
29.5,114.5,4.924531E-5
29.5,115.5,4.9773033E-5
29.5,116.5,5.0090297E-5
29.5,117.5,5.6359473E-5
29.5,118.5,5.7602603E-5
29.5,119.5,6.019216E-5
29.5,120.5,6.10894E-5
29.5,121.5,6.305885E-5
30.5,-115.5,4.086242E-6
30.5,-112.5,7.464227E-6
30.5,-111.5,1.1737784E-5
30.5,-110.5,1.4167627E-5
30.5,-109.5,1.50279175E-5
30.5,-108.5,1.4012635E-5
30.5,-107.5,1.1341231E-5
30.5,-106.5,1.0534647E-5
30.5,-105.5,9.702771E-6
30.5,-104.5,9.963841E-6
30.5,-103.5,1.1683953E-5
30.5,-102.5,1.3387551E-5
30.5,-101.5,1.4923792E-5
30.5,-100.5,1.7668424E-5
30.5,-99.5,2.0360892E-5
30.5,-98.5,2.3069486E-5
30.5,-97.5,2.7982198E-5
30.5,-96.5,3.222132E-5
30.5,-95.5,3.7818652E-5
30.5,-94.5,4.342703E-5
30.5,-93.5,4.7293142E-5
30.5,-92.5,4.821099E-5
30.5,-91.5,5.0442457E-5
30.5,-90.5,5.279926E-5
30.5,-89.5,5.1706644E-5
30.5,-88.5,5.1758787E-5
30.5,-87.5,5.073845E-5
30.5,-86.5,4.9499282E-5
30.5,-85.5,4.8977967E-5
30.5,-84.5,4.666001E-5
30.5,-83.5,4.368845E-5
30.5,-82.5,4.4124146E-5
30.5,-81.5,4.267772E-5
30.5,-9.5,5.83895E-6
30.5,-8.5,6.348142E-6
30.5,-7.5,6.6348784E-6
30.5,-6.5,6.0480825E-6
30.5,-5.5,5.381955E-6
30.5,-4.5,3.972878E-6
30.5,-3.5,3.4797397E-6
30.5,-2.5,3.1520383E-6
30.5,-1.5,2.6291616E-6
30.5,-0.5,2.148846E-6
30.5,0.5,2.1578392E-6
30.5,1.5,1.8987265E-6
30.5,2.5,1.9706292E-6
30.5,3.5,1.7195225E-6
30.5,4.5,1.8646348E-6
30.5,5.5,1.9938627E-6
30.5,6.5,2.2904264E-6
30.5,7.5,2.3988678E-6
30.5,8.5,2.2127997E-6
30.5,9.5,2.5959444E-6
30.5,10.5,3.1643663E-6
30.5,11.5,3.5821745E-6
30.5,12.5,3.5813223E-6
30.5,13.5,3.347411E-6
30.5,14.5,3.4690536E-6
30.5,15.5,3.7629852E-6
30.5,16.5,3.936622E-6
30.5,17.5,4.239586E-6
30.5,18.5,4.4546073E-6
30.5,20.5,4.780836E-6
30.5,21.5,4.589832E-6
30.5,22.5,4.795705E-6
30.5,23.5,4.6435453E-6
30.5,24.5,4.228195E-6
30.5,25.5,4.248791E-6
30.5,26.5,4.1526528E-6
30.5,27.5,3.913806E-6
30.5,28.5,3.5788605E-6
30.5,29.5,4.157013E-6
30.5,30.5,3.37513E-6
30.5,31.5,3.254826E-6
30.5,32.5,3.685406E-6
30.5,33.5,3.6810104E-6
30.5,34.5,4.0970363E-6
30.5,35.5,4.3323553E-6
30.5,36.5,4.0776845E-6
30.5,37.5,3.355182E-6
30.5,38.5,2.3392715E-6
30.5,39.5,2.2799932E-6
30.5,40.5,2.6173502E-6
30.5,41.5,2.9204057E-6
30.5,42.5,3.0964952E-6
30.5,43.5,3.3442097E-6
30.5,44.5,3.702927E-6
30.5,45.5,4.324465E-6
30.5,46.5,5.347422E-6
30.5,47.5,6.4280302E-6
30.5,48.5,6.889967E-6
30.5,49.5,8.637332E-6
30.5,50.5,1.15121E-5
30.5,51.5,1.1923494E-5
30.5,52.5,7.809033E-6
30.5,53.5,6.126924E-6
30.5,54.5,5.719443E-6
30.5,55.5,5.061927E-6
30.5,56.5,4.6719088E-6
30.5,57.5,3.7676252E-6
30.5,58.5,3.9391043E-6
30.5,59.5,3.2943335E-6
30.5,60.5,3.30097E-6
30.5,61.5,3.2285425E-6
30.5,62.5,3.2483642E-6
30.5,63.5,3.7914153E-6
30.5,64.5,4.4194926E-6
30.5,65.5,4.877687E-6
30.5,66.5,5.5457085E-6
30.5,67.5,8.120255E-6
30.5,68.5,9.752533E-6
30.5,69.5,1.24931785E-5
30.5,70.5,1.4428814E-5
30.5,71.5,1.3511478E-5
30.5,72.5,1.3715473E-5
30.5,73.5,1.4693454E-5
30.5,74.5,1.7512844E-5
30.5,75.5,2.1025584E-5
30.5,76.5,2.6703618E-5
30.5,77.5,3.1105767E-5
30.5,78.5,3.1560005E-5
30.5,79.5,2.8243236E-5
30.5,80.5,2.1601647E-5
30.5,81.5,1.6003034E-5
30.5,82.5,1.7308756E-5
30.5,83.5,1.8418663E-5
30.5,84.5,1.7365663E-5
30.5,85.5,1.7857308E-5
30.5,86.5,1.569545E-5
30.5,87.5,1.6384012E-5
30.5,88.5,1.6439792E-5
30.5,89.5,1.7318556E-5
30.5,90.5,1.6947075E-5
30.5,91.5,2.1847183E-5
30.5,92.5,2.6932019E-5
30.5,93.5,3.2446947E-5
30.5,94.5,2.913155E-5
30.5,95.5,2.6036825E-5
30.5,96.5,2.6645434E-5
30.5,97.5,3.1510644E-5
30.5,98.5,3.2168242E-5
30.5,99.5,3.1685424E-5
30.5,100.5,3.208425E-5
30.5,101.5,3.2803848E-5
30.5,102.5,3.1727985E-5
30.5,103.5,3.1973013E-5
30.5,104.5,3.185168E-5
30.5,105.5,3.2353317E-5
30.5,106.5,3.3695913E-5
30.5,107.5,3.543634E-5
30.5,108.5,3.7059825E-5
30.5,109.5,3.6208094E-5
30.5,110.5,3.736375E-5
30.5,111.5,3.738105E-5
30.5,112.5,3.696018E-5
30.5,113.5,3.746175E-5
30.5,114.5,4.074293E-5
30.5,115.5,4.3732733E-5
30.5,116.5,4.5334935E-5
30.5,117.5,4.9505397E-5
30.5,118.5,5.1338746E-5
30.5,119.5,5.4089847E-5
30.5,120.5,5.5102835E-5
31.5,-116.5,4.3954E-6
31.5,-115.5,5.618904E-6
31.5,-113.5,4.225791E-6
31.5,-112.5,7.902012E-6
31.5,-111.5,1.1854541E-5
31.5,-110.5,1.2249084E-5
31.5,-109.5,1.1288476E-5
31.5,-108.5,9.894387E-6
31.5,-107.5,9.034515E-6
31.5,-106.5,7.978782E-6
31.5,-105.5,8.209807E-6
31.5,-104.5,9.314932E-6
31.5,-103.5,1.06282505E-5
31.5,-102.5,1.3242824E-5
31.5,-101.5,1.538456E-5
31.5,-100.5,1.8349363E-5
31.5,-99.5,2.1138936E-5
31.5,-98.5,2.3257488E-5
31.5,-97.5,2.758474E-5
31.5,-96.5,3.3081797E-5
31.5,-95.5,3.5743917E-5
31.5,-94.5,4.0761952E-5
31.5,-93.5,4.4883327E-5
31.5,-92.5,4.6378813E-5
31.5,-91.5,4.7903817E-5
31.5,-90.5,5.1203755E-5
31.5,-89.5,5.2331805E-5
31.5,-88.5,5.2096617E-5
31.5,-87.5,5.118009E-5
31.5,-86.5,4.8471564E-5
31.5,-85.5,4.709056E-5
31.5,-84.5,4.494733E-5
31.5,-83.5,4.15283E-5
31.5,-82.5,4.059001E-5
31.5,-81.5,4.2095708E-5
31.5,-9.5,7.0594406E-6
31.5,-8.5,8.65075E-6
31.5,-7.5,9.23119E-6
31.5,-6.5,9.093069E-6
31.5,-5.5,8.418023E-6
31.5,-4.5,6.0994553E-6
31.5,-3.5,4.741969E-6
31.5,-2.5,4.546806E-6
31.5,-1.5,4.313359E-6
31.5,-0.5,3.6656966E-6
31.5,0.5,3.301815E-6
31.5,1.5,2.9702396E-6
31.5,2.5,2.8037891E-6
31.5,3.5,2.2619906E-6
31.5,4.5,2.4088054E-6
31.5,5.5,2.3299142E-6
31.5,6.5,2.532573E-6
31.5,7.5,2.8127674E-6
31.5,8.5,2.7942922E-6
31.5,9.5,3.3748329E-6
31.5,10.5,4.3052314E-6
31.5,11.5,4.918105E-6
31.5,12.5,5.006749E-6
31.5,13.5,5.0984668E-6
31.5,14.5,5.3189856E-6
31.5,15.5,5.344929E-6
31.5,20.5,6.2226272E-6
31.5,21.5,6.107468E-6
31.5,22.5,5.695E-6
31.5,23.5,5.682548E-6
31.5,24.5,5.546742E-6
31.5,25.5,5.617865E-6
31.5,26.5,5.4231723E-6
31.5,31.5,4.905612E-6
31.5,34.5,6.406673E-6
31.5,35.5,5.690008E-6
31.5,36.5,5.647956E-6
31.5,37.5,4.433328E-6
31.5,38.5,2.9130138E-6
31.5,39.5,2.7323404E-6
31.5,40.5,3.039502E-6
31.5,41.5,3.6168162E-6
31.5,42.5,3.4120767E-6
31.5,43.5,3.962405E-6
31.5,44.5,4.513868E-6
31.5,45.5,5.091428E-6
31.5,46.5,6.856657E-6
31.5,47.5,7.62833E-6
31.5,48.5,8.763469E-6
31.5,49.5,1.0406512E-5
31.5,50.5,1.1651492E-5
31.5,51.5,9.63685E-6
31.5,52.5,7.544129E-6
31.5,53.5,5.4233265E-6
31.5,54.5,4.5419424E-6
31.5,55.5,4.461381E-6
31.5,56.5,3.5920293E-6
31.5,57.5,3.81794E-6
31.5,58.5,3.448926E-6
31.5,59.5,3.245767E-6
31.5,60.5,3.141449E-6
31.5,61.5,3.150107E-6
31.5,62.5,3.654177E-6
31.5,63.5,4.75975E-6
31.5,64.5,5.184699E-6
31.5,65.5,6.071976E-6
31.5,66.5,6.288764E-6
31.5,67.5,7.0554875E-6
31.5,68.5,8.17114E-6
31.5,69.5,1.1616668E-5
31.5,70.5,1.4913223E-5
31.5,71.5,1.7044673E-5
31.5,72.5,1.7727567E-5
31.5,73.5,1.7843431E-5
31.5,74.5,2.1745018E-5
31.5,75.5,2.5523657E-5
31.5,76.5,3.2423854E-5
31.5,77.5,2.7335833E-5
31.5,78.5,2.3775672E-5
31.5,79.5,1.7785562E-5
31.5,80.5,1.590951E-5
31.5,81.5,1.4151424E-5
31.5,82.5,1.4174686E-5
31.5,83.5,1.2965511E-5
31.5,84.5,1.3792889E-5
31.5,85.5,1.2894354E-5
31.5,86.5,1.1575536E-5
31.5,87.5,1.1790428E-5
31.5,88.5,1.2237983E-5
31.5,89.5,1.4018117E-5
31.5,90.5,1.4216736E-5
31.5,91.5,1.77547E-5
31.5,92.5,2.4754516E-5
31.5,93.5,3.0772484E-5
31.5,94.5,3.105055E-5
31.5,95.5,3.0101206E-5
31.5,96.5,3.0014158E-5
31.5,97.5,3.2521224E-5
31.5,98.5,2.9018376E-5
31.5,99.5,3.061746E-5
31.5,100.5,3.1018903E-5
31.5,101.5,3.240346E-5
31.5,102.5,3.17897E-5
31.5,103.5,3.0759227E-5
31.5,104.5,3.0914554E-5
31.5,105.5,3.1484167E-5
31.5,106.5,3.3045588E-5
31.5,107.5,3.4580444E-5
31.5,108.5,3.6296977E-5
31.5,109.5,3.578772E-5
31.5,110.5,3.412412E-5
31.5,111.5,3.371806E-5
31.5,112.5,3.2574175E-5
31.5,113.5,3.2373868E-5
31.5,114.5,3.50623E-5
31.5,115.5,3.9839604E-5
31.5,116.5,3.990272E-5
31.5,117.5,3.9610506E-5
31.5,118.5,4.2701384E-5
31.5,119.5,4.6060275E-5
31.5,120.5,4.888215E-5
31.5,121.5,5.0577473E-5
31.5,130.5,8.18609E-5
32.5,-116.5,5.5122987E-6
32.5,-115.5,6.3793027E-6
32.5,-114.5,4.8610505E-6
32.5,-113.5,5.1933175E-6
32.5,-112.5,7.8546145E-6
32.5,-111.5,1.0103575E-5
32.5,-110.5,1.0721903E-5
32.5,-109.5,1.0612181E-5
32.5,-108.5,1.0587111E-5
32.5,-107.5,9.405506E-6
32.5,-106.5,8.0115515E-6
32.5,-105.5,8.575957E-6
32.5,-104.5,1.0944872E-5
32.5,-103.5,1.16269675E-5
32.5,-102.5,1.3438767E-5
32.5,-101.5,1.6678017E-5
32.5,-100.5,1.997409E-5
32.5,-99.5,2.3133494E-5
32.5,-98.5,2.5177906E-5
32.5,-97.5,2.9549296E-5
32.5,-96.5,3.3992877E-5
32.5,-95.5,3.597464E-5
32.5,-94.5,3.9362243E-5
32.5,-93.5,4.1760966E-5
32.5,-92.5,4.516835E-5
32.5,-91.5,4.5531073E-5
32.5,-90.5,4.7145728E-5
32.5,-89.5,4.914359E-5
32.5,-88.5,4.86766E-5
32.5,-87.5,4.8651957E-5
32.5,-86.5,4.634163E-5
32.5,-85.5,4.414949E-5
32.5,-84.5,4.3635027E-5
32.5,-83.5,4.208975E-5
32.5,-82.5,4.0551764E-5
32.5,-81.5,4.1630807E-5
32.5,-80.5,4.168984E-5
32.5,-8.5,9.759245E-6
32.5,-7.5,1.0238331E-5
32.5,-6.5,1.1009521E-5
32.5,-5.5,1.1222427E-5
32.5,-4.5,1.05592735E-5
32.5,-3.5,9.190116E-6
32.5,-2.5,7.909833E-6
32.5,-1.5,7.0786778E-6
32.5,-0.5,7.1088016E-6
32.5,0.5,6.1393935E-6
32.5,1.5,5.366885E-6
32.5,2.5,4.8568654E-6
32.5,3.5,3.6941415E-6
32.5,4.5,3.4351835E-6
32.5,5.5,3.006217E-6
32.5,6.5,3.1718391E-6
32.5,7.5,3.3767872E-6
32.5,8.5,3.618204E-6
32.5,9.5,4.601264E-6
32.5,10.5,5.344648E-6
32.5,11.5,6.1983997E-6
32.5,12.5,7.176967E-6
32.5,13.5,7.444954E-6
32.5,14.5,8.071672E-6
32.5,21.5,7.9810425E-6
32.5,22.5,7.4092063E-6
32.5,35.5,8.8422485E-6
32.5,36.5,7.2531748E-6
32.5,37.5,6.1918645E-6
32.5,38.5,4.0931013E-6
32.5,39.5,3.7148072E-6
32.5,40.5,3.6116996E-6
32.5,41.5,4.1292415E-6
32.5,42.5,4.2659844E-6
32.5,43.5,4.561259E-6
32.5,44.5,5.8202163E-6
32.5,45.5,7.203281E-6
32.5,46.5,9.370234E-6
32.5,47.5,1.0355199E-5
32.5,48.5,1.1666286E-5
32.5,49.5,1.2724662E-5
32.5,50.5,1.0530219E-5
32.5,51.5,8.558041E-6
32.5,52.5,7.317951E-6
32.5,53.5,6.2338977E-6
32.5,54.5,4.565817E-6
32.5,55.5,4.017849E-6
32.5,56.5,3.7691589E-6
32.5,57.5,3.7677291E-6
32.5,58.5,3.9259126E-6
32.5,59.5,3.7412888E-6
32.5,60.5,4.1625362E-6
32.5,61.5,4.285139E-6
32.5,62.5,4.7611043E-6
32.5,63.5,5.8263527E-6
32.5,64.5,6.5254967E-6
32.5,65.5,7.669275E-6
32.5,66.5,8.549763E-6
32.5,67.5,9.342728E-6
32.5,68.5,9.63771E-6
32.5,69.5,1.3090509E-5
32.5,70.5,1.692209E-5
32.5,71.5,1.9991718E-5
32.5,72.5,2.3908342E-5
32.5,73.5,2.4746392E-5
32.5,74.5,2.7911394E-5
32.5,75.5,3.0532865E-5
32.5,76.5,3.2747957E-5
32.5,77.5,2.2084429E-5
32.5,78.5,1.6793543E-5
32.5,79.5,1.4588526E-5
32.5,80.5,1.2455245E-5
32.5,81.5,1.1353753E-5
32.5,82.5,1.1103767E-5
32.5,83.5,1.1326751E-5
32.5,84.5,1.0250472E-5
32.5,85.5,9.150075E-6
32.5,86.5,9.182759E-6
32.5,87.5,8.949229E-6
32.5,88.5,9.684069E-6
32.5,89.5,1.1700851E-5
32.5,90.5,1.2576289E-5
32.5,91.5,1.5292879E-5
32.5,92.5,1.7687078E-5
32.5,93.5,2.0721738E-5
32.5,94.5,2.1850909E-5
32.5,95.5,2.338633E-5
32.5,96.5,2.5404228E-5
32.5,97.5,2.7472981E-5
32.5,98.5,2.4282757E-5
32.5,99.5,2.7279528E-5
32.5,100.5,2.8231438E-5
32.5,101.5,3.0360083E-5
32.5,102.5,3.1709114E-5
32.5,103.5,3.0838622E-5
32.5,104.5,2.8366341E-5
32.5,105.5,2.8949145E-5
32.5,106.5,2.9467865E-5
32.5,107.5,3.053923E-5
32.5,108.5,3.0822375E-5
32.5,109.5,3.0491477E-5
32.5,110.5,2.9622173E-5
32.5,111.5,2.899189E-5
32.5,112.5,2.862212E-5
32.5,113.5,2.996693E-5
32.5,114.5,2.9984389E-5
32.5,115.5,3.2613123E-5
32.5,116.5,3.271069E-5
32.5,117.5,3.5290097E-5
32.5,118.5,3.7871945E-5
32.5,119.5,4.0587816E-5
32.5,120.5,4.4784196E-5
32.5,130.5,7.638778E-5
32.5,131.5,7.8183715E-5
33.5,-117.5,6.8775616E-6
33.5,-116.5,6.234279E-6
33.5,-115.5,6.244682E-6
33.5,-114.5,5.3559684E-6
33.5,-113.5,5.619214E-6
33.5,-112.5,6.6737384E-6
33.5,-111.5,8.869081E-6
33.5,-110.5,1.0307107E-5
33.5,-109.5,1.1423522E-5
33.5,-108.5,1.1357845E-5
33.5,-107.5,9.309085E-6
33.5,-106.5,7.657893E-6
33.5,-105.5,8.323575E-6
33.5,-104.5,1.0629713E-5
33.5,-103.5,1.278354E-5
33.5,-102.5,1.5293419E-5
33.5,-101.5,1.8320396E-5
33.5,-100.5,2.1097321E-5
33.5,-99.5,2.304557E-5
33.5,-98.5,2.6347747E-5
33.5,-97.5,3.0901003E-5
33.5,-96.5,3.5143647E-5
33.5,-95.5,3.662894E-5
33.5,-94.5,4.0023224E-5
33.5,-93.5,4.1528685E-5
33.5,-92.5,4.3678014E-5
33.5,-91.5,4.4870867E-5
33.5,-90.5,4.6282017E-5
33.5,-89.5,4.6558747E-5
33.5,-88.5,4.6814734E-5
33.5,-87.5,4.7684796E-5
33.5,-86.5,4.7341568E-5
33.5,-85.5,4.53712E-5
33.5,-84.5,4.493448E-5
33.5,-83.5,4.3143486E-5
33.5,-82.5,4.0854207E-5
33.5,-81.5,3.9304505E-5
33.5,-80.5,4.1819174E-5
33.5,-79.5,4.372394E-5
33.5,-7.5,1.2386101E-5
33.5,-6.5,1.3571373E-5
33.5,-5.5,1.5098369E-5
33.5,-4.5,1.4750499E-5
33.5,-3.5,1.4379385E-5
33.5,-2.5,1.2136995E-5
33.5,-1.5,1.0774514E-5
33.5,-0.5,9.884103E-6
33.5,0.5,8.5762495E-6
33.5,1.5,8.409851E-6
33.5,2.5,7.280766E-6
33.5,3.5,5.287661E-6
33.5,4.5,4.6079927E-6
33.5,5.5,3.6903614E-6
33.5,6.5,3.2343696E-6
33.5,7.5,3.6741988E-6
33.5,8.5,3.9384827E-6
33.5,9.5,4.875005E-6
33.5,10.5,6.222266E-6
33.5,35.5,1.1908359E-5
33.5,36.5,8.119393E-6
33.5,37.5,6.7173405E-6
33.5,38.5,4.8859974E-6
33.5,39.5,4.239496E-6
33.5,40.5,4.4757917E-6
33.5,41.5,4.71127E-6
33.5,42.5,5.2465066E-6
33.5,43.5,5.868779E-6
33.5,44.5,7.5896214E-6
33.5,45.5,9.94935E-6
33.5,46.5,1.2180605E-5
33.5,47.5,1.31393645E-5
33.5,48.5,1.3472267E-5
33.5,49.5,1.1830548E-5
33.5,50.5,9.423969E-6
33.5,51.5,7.892977E-6
33.5,52.5,6.7742203E-6
33.5,53.5,6.203448E-6
33.5,54.5,5.04169E-6
33.5,55.5,4.3311748E-6
33.5,56.5,4.1754365E-6
33.5,57.5,4.1992794E-6
33.5,58.5,4.2479287E-6
33.5,59.5,4.662295E-6
33.5,60.5,5.501733E-6
33.5,61.5,5.653277E-6
33.5,62.5,6.6322254E-6
33.5,63.5,6.8099876E-6
33.5,64.5,7.4366208E-6
33.5,65.5,8.708675E-6
33.5,66.5,1.0149591E-5
33.5,67.5,1.130894E-5
33.5,68.5,1.2382909E-5
33.5,69.5,1.5840727E-5
33.5,70.5,2.186026E-5
33.5,71.5,2.5712528E-5
33.5,72.5,2.8177648E-5
33.5,73.5,3.2984266E-5
33.5,74.5,3.4837158E-5
33.5,75.5,3.1296462E-5
33.5,76.5,2.5276975E-5
33.5,77.5,1.4180901E-5
33.5,78.5,1.1202275E-5
33.5,79.5,9.770637E-6
33.5,80.5,9.033073E-6
33.5,81.5,8.5400625E-6
33.5,82.5,8.017948E-6
33.5,83.5,8.1120625E-6
33.5,84.5,7.231002E-6
33.5,85.5,6.4661385E-6
33.5,86.5,6.2778035E-6
33.5,87.5,6.090244E-6
33.5,88.5,6.2164618E-6
33.5,89.5,8.009368E-6
33.5,90.5,8.715872E-6
33.5,91.5,1.0462308E-5
33.5,92.5,1.3062065E-5
33.5,93.5,1.5460599E-5
33.5,94.5,1.7479308E-5
33.5,95.5,1.8137689E-5
33.5,96.5,2.0762438E-5
33.5,97.5,2.2619904E-5
33.5,98.5,1.9140623E-5
33.5,99.5,2.376743E-5
33.5,100.5,2.6028576E-5
33.5,101.5,2.7844939E-5
33.5,102.5,2.8026052E-5
33.5,103.5,2.7543618E-5
33.5,104.5,2.543383E-5
33.5,105.5,2.4317942E-5
33.5,106.5,2.5256995E-5
33.5,107.5,2.5614308E-5
33.5,108.5,2.634851E-5
33.5,109.5,2.5809726E-5
33.5,110.5,2.5833897E-5
33.5,111.5,2.6876984E-5
33.5,112.5,2.6504935E-5
33.5,113.5,2.6150528E-5
33.5,114.5,2.561446E-5
33.5,115.5,2.668668E-5
33.5,116.5,2.7855267E-5
33.5,117.5,2.994145E-5
33.5,118.5,3.174956E-5
33.5,119.5,3.3781736E-5
33.5,120.5,3.876025E-5
33.5,130.5,7.016478E-5
33.5,131.5,6.974632E-5
33.5,132.5,6.4354055E-5
33.5,133.5,6.290994E-5
34.5,-119.5,9.80806E-6
34.5,-118.5,9.279569E-6
34.5,-117.5,8.0131185E-6
34.5,-116.5,6.702829E-6
34.5,-115.5,6.551369E-6
34.5,-114.5,5.779167E-6
34.5,-113.5,6.3639145E-6
34.5,-112.5,7.943863E-6
34.5,-111.5,9.76365E-6
34.5,-110.5,1.0952494E-5
34.5,-109.5,1.1111399E-5
34.5,-108.5,1.0793154E-5
34.5,-107.5,9.227261E-6
34.5,-106.5,9.758214E-6
34.5,-105.5,9.753452E-6
34.5,-104.5,1.1044738E-5
34.5,-103.5,1.3516571E-5
34.5,-102.5,1.6110942E-5
34.5,-101.5,1.8873536E-5
34.5,-100.5,2.2936174E-5
34.5,-99.5,2.3853112E-5
34.5,-98.5,2.6409298E-5
34.5,-97.5,3.0032754E-5
34.5,-96.5,3.420417E-5
34.5,-95.5,3.6223573E-5
34.5,-94.5,4.017898E-5
34.5,-93.5,4.2195523E-5
34.5,-92.5,4.3612003E-5
34.5,-91.5,4.409432E-5
34.5,-90.5,4.416678E-5
34.5,-89.5,4.4744636E-5
34.5,-88.5,4.5655997E-5
34.5,-87.5,4.6622823E-5
34.5,-86.5,4.6058878E-5
34.5,-85.5,4.522146E-5
34.5,-84.5,4.5258887E-5
34.5,-83.5,4.1946267E-5
34.5,-82.5,4.0332667E-5
34.5,-81.5,3.8685943E-5
34.5,-80.5,3.8999864E-5
34.5,-79.5,4.240977E-5
34.5,-78.5,4.5194025E-5
34.5,-77.5,4.5821726E-5
34.5,-6.5,1.5754404E-5
34.5,-5.5,1.4884308E-5
34.5,-4.5,1.4075815E-5
34.5,-3.5,1.5464515E-5
34.5,-2.5,1.3763712E-5
34.5,-1.5,1.2498767E-5
34.5,-0.5,1.2300335E-5
34.5,0.5,1.14461445E-5
34.5,1.5,1.0517882E-5
34.5,2.5,9.779369E-6
34.5,3.5,8.712831E-6
34.5,4.5,8.90189E-6
34.5,5.5,7.5439007E-6
34.5,6.5,7.2311595E-6
34.5,7.5,7.473239E-6
34.5,8.5,8.109242E-6
34.5,9.5,8.372987E-6
34.5,36.5,1.2938918E-5
34.5,37.5,9.701112E-6
34.5,38.5,6.475813E-6
34.5,39.5,5.890393E-6
34.5,40.5,5.942268E-6
34.5,41.5,6.654083E-6
34.5,42.5,7.45565E-6
34.5,43.5,8.003341E-6
34.5,44.5,9.6930735E-6
34.5,45.5,1.2582821E-5
34.5,46.5,1.368865E-5
34.5,47.5,1.3218216E-5
34.5,48.5,1.3728287E-5
34.5,49.5,1.3541142E-5
34.5,50.5,1.0941112E-5
34.5,51.5,9.332335E-6
34.5,52.5,7.589356E-6
34.5,53.5,6.2106988E-6
34.5,54.5,5.2328883E-6
34.5,55.5,4.619417E-6
34.5,56.5,4.354346E-6
34.5,57.5,4.661501E-6
34.5,58.5,5.3215113E-6
34.5,59.5,5.4228603E-6
34.5,60.5,5.228005E-6
34.5,61.5,6.2306526E-6
34.5,62.5,7.276638E-6
34.5,63.5,8.375079E-6
34.5,64.5,9.530794E-6
34.5,65.5,1.0858161E-5
34.5,66.5,1.1798758E-5
34.5,67.5,1.1546941E-5
34.5,68.5,1.3581543E-5
34.5,69.5,1.4723503E-5
34.5,70.5,1.700978E-5
34.5,71.5,2.0811442E-5
34.5,72.5,2.6792348E-5
34.5,73.5,3.1298852E-5
34.5,74.5,2.8440429E-5
34.5,75.5,2.2248756E-5
34.5,76.5,1.6351027E-5
34.5,77.5,1.2360158E-5
34.5,78.5,8.591179E-6
34.5,79.5,7.2128155E-6
34.5,80.5,7.867131E-6
34.5,81.5,6.633767E-6
34.5,82.5,6.3283546E-6
34.5,83.5,6.3282414E-6
34.5,84.5,5.7240577E-6
34.5,85.5,5.05915E-6
34.5,86.5,4.93727E-6
34.5,87.5,5.3209033E-6
34.5,88.5,5.4599636E-6
34.5,89.5,6.5006834E-6
34.5,90.5,7.262898E-6
34.5,91.5,9.158021E-6
34.5,92.5,1.1067224E-5
34.5,93.5,1.2291215E-5
34.5,94.5,1.3362892E-5
34.5,95.5,1.3952039E-5
34.5,96.5,1.5236308E-5
34.5,97.5,1.7354903E-5
34.5,98.5,1.5028189E-5
34.5,99.5,1.87871E-5
34.5,100.5,2.1050293E-5
34.5,101.5,2.2716158E-5
34.5,102.5,2.2394099E-5
34.5,103.5,2.2281502E-5
34.5,104.5,2.1715672E-5
34.5,105.5,2.122956E-5
34.5,106.5,2.1788124E-5
34.5,107.5,2.1453172E-5
34.5,108.5,2.1679032E-5
34.5,109.5,2.162573E-5
34.5,110.5,2.2133583E-5
34.5,111.5,2.358041E-5
34.5,112.5,2.2903345E-5
34.5,113.5,2.2579681E-5
34.5,114.5,2.3014607E-5
34.5,115.5,2.3523819E-5
34.5,116.5,2.4853647E-5
34.5,117.5,2.5574589E-5
34.5,118.5,2.773137E-5
34.5,119.5,2.9456663E-5
34.5,126.5,4.8534697E-5
34.5,131.5,5.823993E-5
34.5,132.5,5.8401147E-5
34.5,133.5,5.7917285E-5
34.5,134.5,5.933784E-5
34.5,135.5,6.2281135E-5
34.5,136.5,6.523678E-5
35.5,-120.5,9.9626595E-6
35.5,-119.5,1.0425473E-5
35.5,-118.5,9.86433E-6
35.5,-117.5,8.391551E-6
35.5,-116.5,5.8975334E-6
35.5,-115.5,6.2751437E-6
35.5,-114.5,6.6167613E-6
35.5,-113.5,7.5007792E-6
35.5,-112.5,8.408676E-6
35.5,-111.5,9.852379E-6
35.5,-110.5,9.39963E-6
35.5,-109.5,8.8683755E-6
35.5,-108.5,9.112559E-6
35.5,-107.5,9.9494655E-6
35.5,-106.5,1.081686E-5
35.5,-105.5,1.1417603E-5
35.5,-104.5,1.3888242E-5
35.5,-103.5,1.4325291E-5
35.5,-102.5,1.6930308E-5
35.5,-101.5,1.883016E-5
35.5,-100.5,2.1468304E-5
35.5,-99.5,2.30351E-5
35.5,-98.5,2.6954584E-5
35.5,-97.5,3.0457366E-5
35.5,-96.5,3.4276025E-5
35.5,-95.5,3.6491172E-5
35.5,-94.5,3.9356462E-5
35.5,-93.5,3.996713E-5
35.5,-92.5,4.182182E-5
35.5,-91.5,4.2245203E-5
35.5,-90.5,4.395734E-5
35.5,-89.5,4.3300373E-5
35.5,-88.5,4.425866E-5
35.5,-87.5,4.5231114E-5
35.5,-86.5,4.5469416E-5
35.5,-85.5,4.559736E-5
35.5,-84.5,4.6072197E-5
35.5,-83.5,4.265457E-5
35.5,-82.5,4.0607945E-5
35.5,-81.5,3.9952425E-5
35.5,-80.5,3.9543174E-5
35.5,-79.5,3.877413E-5
35.5,-78.5,4.1687377E-5
35.5,-77.5,4.382847E-5
35.5,-76.5,4.6250094E-5
35.5,-5.5,1.7015787E-5
35.5,-0.5,1.3420089E-5
35.5,0.5,1.4246235E-5
35.5,1.5,1.3543668E-5
35.5,2.5,1.3740219E-5
35.5,3.5,1.2902669E-5
35.5,4.5,1.2517193E-5
35.5,5.5,1.2858949E-5
35.5,6.5,1.4065881E-5
35.5,7.5,1.4195491E-5
35.5,8.5,1.4960114E-5
35.5,9.5,1.4736177E-5
35.5,10.5,1.2842029E-5
35.5,36.5,1.6184047E-5
35.5,37.5,1.2267313E-5
35.5,38.5,9.206957E-6
35.5,39.5,8.233847E-6
35.5,40.5,7.856502E-6
35.5,41.5,9.051839E-6
35.5,42.5,9.925967E-6
35.5,43.5,1.0949589E-5
35.5,44.5,1.2037209E-5
35.5,45.5,1.4042781E-5
35.5,46.5,1.452032E-5
35.5,47.5,1.3969141E-5
35.5,48.5,1.3864968E-5
35.5,49.5,1.3662687E-5
35.5,50.5,1.3974795E-5
35.5,51.5,1.193683E-5
35.5,52.5,9.808159E-6
35.5,53.5,8.696818E-6
35.5,54.5,6.7759997E-6
35.5,55.5,5.9790345E-6
35.5,56.5,4.9589657E-6
35.5,57.5,5.001343E-6
35.5,58.5,5.777045E-6
35.5,59.5,6.091145E-6
35.5,60.5,6.6914827E-6
35.5,61.5,6.910181E-6
35.5,62.5,7.64846E-6
35.5,63.5,8.794804E-6
35.5,64.5,9.5853275E-6
35.5,65.5,1.17311165E-5
35.5,66.5,1.258693E-5
35.5,67.5,1.3606409E-5
35.5,68.5,1.593336E-5
35.5,69.5,1.857604E-5
35.5,70.5,1.7104541E-5
35.5,71.5,1.9332334E-5
35.5,72.5,2.4356099E-5
35.5,73.5,2.0664238E-5
35.5,74.5,1.9140592E-5
35.5,75.5,1.6206932E-5
35.5,76.5,1.5831964E-5
35.5,77.5,9.635669E-6
35.5,78.5,6.4752567E-6
35.5,79.5,6.3232237E-6
35.5,80.5,5.9753743E-6
35.5,81.5,5.1323373E-6
35.5,82.5,5.2400233E-6
35.5,83.5,5.1582206E-6
35.5,84.5,4.816741E-6
35.5,85.5,4.139985E-6
35.5,86.5,3.7600714E-6
35.5,87.5,3.8641883E-6
35.5,88.5,4.153726E-6
35.5,89.5,5.0920335E-6
35.5,90.5,5.525746E-6
35.5,91.5,6.2337404E-6
35.5,92.5,7.2294943E-6
35.5,93.5,8.47691E-6
35.5,94.5,8.5153815E-6
35.5,95.5,8.9859095E-6
35.5,96.5,1.0116286E-5
35.5,97.5,1.190684E-5
35.5,98.5,1.0125712E-5
35.5,99.5,1.3980137E-5
35.5,100.5,1.5650927E-5
35.5,101.5,1.6848073E-5
35.5,102.5,1.6486463E-5
35.5,103.5,1.618795E-5
35.5,104.5,1.5840584E-5
35.5,105.5,1.6527118E-5
35.5,106.5,1.812947E-5
35.5,107.5,1.8623108E-5
35.5,108.5,1.9533403E-5
35.5,109.5,2.0338148E-5
35.5,110.5,1.9662917E-5
35.5,111.5,2.077909E-5
35.5,112.5,2.1640974E-5
35.5,113.5,2.1446729E-5
35.5,114.5,2.1198515E-5
35.5,115.5,2.1595451E-5
35.5,116.5,2.2193577E-5
35.5,117.5,2.3303954E-5
35.5,118.5,2.5749829E-5
35.5,119.5,2.5491108E-5
35.5,126.5,4.457623E-5
35.5,127.5,4.7786376E-5
35.5,128.5,4.789626E-5
35.5,133.5,5.5827295E-5
35.5,134.5,5.9437833E-5
35.5,135.5,6.2193554E-5
35.5,136.5,6.568657E-5
35.5,137.5,6.366292E-5
35.5,138.5,5.9702423E-5
35.5,139.5,5.9304628E-5
36.5,-121.5,1.2989421E-5
36.5,-120.5,1.3516688E-5
36.5,-119.5,1.2079498E-5
36.5,-118.5,9.601369E-6
36.5,-117.5,8.372858E-6
36.5,-116.5,6.8467716E-6
36.5,-115.5,6.524601E-6
36.5,-114.5,7.446079E-6
36.5,-113.5,8.110894E-6
36.5,-112.5,8.0110085E-6
36.5,-111.5,8.291059E-6
36.5,-110.5,8.360794E-6
36.5,-109.5,8.94832E-6
36.5,-108.5,9.5633695E-6
36.5,-107.5,1.0460106E-5
36.5,-106.5,1.1120971E-5
36.5,-105.5,1.0380916E-5
36.5,-104.5,1.5618743E-5
36.5,-103.5,1.613901E-5
36.5,-102.5,1.7777282E-5
36.5,-101.5,1.9090994E-5
36.5,-100.5,2.1900152E-5
36.5,-99.5,2.3328952E-5
36.5,-98.5,2.6915173E-5
36.5,-97.5,2.9572559E-5
36.5,-96.5,3.326405E-5
36.5,-95.5,3.489374E-5
36.5,-94.5,3.8925682E-5
36.5,-93.5,3.926672E-5
36.5,-92.5,3.931572E-5
36.5,-91.5,3.8410883E-5
36.5,-90.5,4.0874158E-5
36.5,-89.5,4.1414223E-5
36.5,-88.5,4.2710493E-5
36.5,-87.5,4.348237E-5
36.5,-86.5,4.415813E-5
36.5,-85.5,4.3963944E-5
36.5,-84.5,4.4552937E-5
36.5,-83.5,4.3806504E-5
36.5,-82.5,4.082281E-5
36.5,-81.5,3.8258728E-5
36.5,-80.5,3.914263E-5
36.5,-79.5,3.919083E-5
36.5,-78.5,3.8045946E-5
36.5,-77.5,4.1478143E-5
36.5,-76.5,4.4425087E-5
36.5,-5.5,1.9117855E-5
36.5,1.5,1.6491678E-5
36.5,2.5,1.7059168E-5
36.5,3.5,1.6749007E-5
36.5,4.5,1.6740665E-5
36.5,5.5,1.7718825E-5
36.5,6.5,1.8469575E-5
36.5,7.5,1.9217723E-5
36.5,8.5,2.012867E-5
36.5,9.5,1.7881292E-5
36.5,10.5,1.5951337E-5
36.5,29.5,2.8064102E-5
36.5,32.5,2.2166783E-5
36.5,33.5,1.9399806E-5
36.5,36.5,2.0192298E-5
36.5,37.5,1.4195622E-5
36.5,38.5,1.050293E-5
36.5,39.5,1.0262989E-5
36.5,40.5,1.04100045E-5
36.5,41.5,1.1759879E-5
36.5,42.5,1.2770191E-5
36.5,43.5,1.4242321E-5
36.5,44.5,1.52683E-5
36.5,45.5,1.5730793E-5
36.5,46.5,1.5946463E-5
36.5,47.5,1.5046458E-5
36.5,48.5,1.4951931E-5
36.5,49.5,1.5141121E-5
36.5,50.5,1.6334217E-5
36.5,51.5,1.5218636E-5
36.5,52.5,1.3262649E-5
36.5,53.5,1.17744285E-5
36.5,54.5,9.990617E-6
36.5,55.5,7.830079E-6
36.5,56.5,6.5757654E-6
36.5,57.5,6.097674E-6
36.5,58.5,6.5434115E-6
36.5,59.5,7.204308E-6
36.5,60.5,8.159626E-6
36.5,61.5,7.407558E-6
36.5,62.5,7.241624E-6
36.5,63.5,8.010246E-6
36.5,64.5,8.798896E-6
36.5,65.5,1.0544039E-5
36.5,66.5,1.2047518E-5
36.5,67.5,1.4544203E-5
36.5,68.5,1.719916E-5
36.5,69.5,1.8184977E-5
36.5,70.5,1.7046994E-5
36.5,71.5,1.6411439E-5
36.5,72.5,1.7157827E-5
36.5,73.5,1.4946868E-5
36.5,74.5,2.0032756E-5
36.5,75.5,1.3887824E-5
36.5,76.5,9.859461E-6
36.5,77.5,1.03848515E-5
36.5,78.5,7.22912E-6
36.5,79.5,5.3329513E-6
36.5,80.5,4.0265363E-6
36.5,81.5,3.2650985E-6
36.5,82.5,3.2289458E-6
36.5,83.5,3.0667463E-6
36.5,84.5,3.1097452E-6
36.5,85.5,3.0509807E-6
36.5,86.5,3.1669576E-6
36.5,87.5,3.6255979E-6
36.5,88.5,3.7683008E-6
36.5,89.5,4.000315E-6
36.5,90.5,3.908233E-6
36.5,91.5,3.795312E-6
36.5,92.5,4.2428182E-6
36.5,93.5,4.157429E-6
36.5,94.5,4.111554E-6
36.5,95.5,4.5261845E-6
36.5,96.5,5.0069066E-6
36.5,97.5,6.4080587E-6
36.5,98.5,5.914235E-6
36.5,99.5,8.94234E-6
36.5,100.5,1.0849023E-5
36.5,101.5,1.2158684E-5
36.5,102.5,1.1850663E-5
36.5,103.5,1.162058E-5
36.5,104.5,1.1992404E-5
36.5,105.5,1.22196525E-5
36.5,106.5,1.3489412E-5
36.5,107.5,1.5465528E-5
36.5,108.5,1.6582922E-5
36.5,109.5,1.8205983E-5
36.5,110.5,1.7906565E-5
36.5,111.5,1.8509505E-5
36.5,112.5,1.9220908E-5
36.5,113.5,1.9526362E-5
36.5,114.5,1.981571E-5
36.5,115.5,1.9040404E-5
36.5,116.5,2.023508E-5
36.5,117.5,2.1858621E-5
36.5,118.5,2.330541E-5
36.5,119.5,2.2167389E-5
36.5,120.5,2.231053E-5
36.5,126.5,3.9815965E-5
36.5,127.5,4.22779E-5
36.5,128.5,4.14869E-5
36.5,136.5,6.0664766E-5
36.5,137.5,5.9977185E-5
36.5,138.5,5.526227E-5
36.5,139.5,5.520988E-5
36.5,140.5,5.2598607E-5
37.5,-121.5,1.8201288E-5
37.5,-120.5,1.7984454E-5
37.5,-119.5,1.4215208E-5
37.5,-118.5,1.0050371E-5
37.5,-117.5,1.0225417E-5
37.5,-116.5,8.442848E-6
37.5,-115.5,8.003201E-6
37.5,-114.5,8.249563E-6
37.5,-113.5,8.636037E-6
37.5,-112.5,9.167991E-6
37.5,-111.5,8.68573E-6
37.5,-110.5,8.562926E-6
37.5,-109.5,9.554064E-6
37.5,-108.5,1.070617E-5
37.5,-107.5,1.1990997E-5
37.5,-106.5,1.1179993E-5
37.5,-105.5,1.02470785E-5
37.5,-104.5,1.4961926E-5
37.5,-103.5,1.4951922E-5
37.5,-102.5,1.694951E-5
37.5,-101.5,1.7752483E-5
37.5,-100.5,1.9731302E-5
37.5,-99.5,2.2340151E-5
37.5,-98.5,2.5336618E-5
37.5,-97.5,2.8727121E-5
37.5,-96.5,3.1724256E-5
37.5,-95.5,3.3817647E-5
37.5,-94.5,3.7620535E-5
37.5,-93.5,3.787346E-5
37.5,-92.5,3.9200226E-5
37.5,-91.5,3.745094E-5
37.5,-90.5,3.7950795E-5
37.5,-89.5,3.9061582E-5
37.5,-88.5,3.982726E-5
37.5,-87.5,4.1973697E-5
37.5,-86.5,4.2064403E-5
37.5,-85.5,4.2446503E-5
37.5,-84.5,4.2585896E-5
37.5,-83.5,4.285357E-5
37.5,-82.5,4.1417497E-5
37.5,-81.5,3.801293E-5
37.5,-80.5,3.5836692E-5
37.5,-79.5,3.5478686E-5
37.5,-78.5,3.5761623E-5
37.5,-77.5,3.875411E-5
37.5,-76.5,4.0381594E-5
37.5,-8.5,2.2427197E-5
37.5,-7.5,2.2182418E-5
37.5,-6.5,2.2286247E-5
37.5,-5.5,2.0310807E-5
37.5,-4.5,1.9758552E-5
37.5,-3.5,1.799689E-5
37.5,-2.5,1.821158E-5
37.5,-1.5,1.7709446E-5
37.5,13.5,1.8795678E-5
37.5,14.5,2.1237274E-5
37.5,21.5,2.5849562E-5
37.5,22.5,2.4179062E-5
37.5,27.5,2.2587537E-5
37.5,28.5,2.2136557E-5
37.5,29.5,2.5929634E-5
37.5,30.5,2.289705E-5
37.5,31.5,2.2318874E-5
37.5,32.5,1.9969419E-5
37.5,33.5,1.9678973E-5
37.5,34.5,2.0293503E-5
37.5,35.5,2.1405236E-5
37.5,36.5,2.1731945E-5
37.5,37.5,1.766247E-5
37.5,38.5,1.38418945E-5
37.5,39.5,1.456617E-5
37.5,40.5,1.4893309E-5
37.5,41.5,1.6830774E-5
37.5,42.5,1.6862918E-5
37.5,43.5,1.6329346E-5
37.5,44.5,1.580274E-5
37.5,45.5,1.7156905E-5
37.5,46.5,1.5586247E-5
37.5,47.5,1.5822357E-5
37.5,48.5,1.6214533E-5
37.5,49.5,1.7871384E-5
37.5,54.5,8.57858E-6
37.5,55.5,8.313013E-6
37.5,56.5,7.970416E-6
37.5,57.5,7.4465866E-6
37.5,58.5,6.942509E-6
37.5,59.5,7.319787E-6
37.5,60.5,6.6260664E-6
37.5,61.5,6.7880233E-6
37.5,62.5,6.8688896E-6
37.5,63.5,7.086926E-6
37.5,64.5,8.148932E-6
37.5,65.5,9.846096E-6
37.5,66.5,1.1119725E-5
37.5,67.5,1.2646732E-5
37.5,68.5,1.42725585E-5
37.5,69.5,1.5487272E-5
37.5,70.5,1.7030019E-5
37.5,71.5,1.8015482E-5
37.5,72.5,1.62043E-5
37.5,73.5,1.278673E-5
37.5,74.5,1.1722462E-5
37.5,75.5,1.1009705E-5
37.5,76.5,8.59122E-6
37.5,77.5,6.4266237E-6
37.5,78.5,4.936745E-6
37.5,79.5,4.1735375E-6
37.5,80.5,3.4036511E-6
37.5,81.5,2.9549926E-6
37.5,82.5,2.6518164E-6
37.5,83.5,2.2884476E-6
37.5,84.5,2.4403776E-6
37.5,85.5,2.4130827E-6
37.5,86.5,2.494154E-6
37.5,87.5,2.751592E-6
37.5,88.5,3.0497827E-6
37.5,89.5,3.291289E-6
37.5,90.5,3.2310745E-6
37.5,91.5,2.8838201E-6
37.5,92.5,2.592478E-6
37.5,93.5,2.564563E-6
37.5,94.5,3.316426E-6
37.5,95.5,3.8811318E-6
37.5,96.5,4.5590923E-6
37.5,97.5,6.347223E-6
37.5,98.5,6.4061705E-6
37.5,99.5,8.615727E-6
37.5,100.5,9.744321E-6
37.5,101.5,1.0389425E-5
37.5,102.5,9.767424E-6
37.5,103.5,8.582467E-6
37.5,104.5,9.009737E-6
37.5,105.5,9.597147E-6
37.5,106.5,9.847346E-6
37.5,107.5,1.1777406E-5
37.5,108.5,1.3367024E-5
37.5,109.5,1.5277616E-5
37.5,110.5,1.6740965E-5
37.5,111.5,1.7203716E-5
37.5,112.5,1.76396E-5
37.5,113.5,1.809814E-5
37.5,114.5,1.9348343E-5
37.5,115.5,1.7894918E-5
37.5,116.5,1.8420209E-5
37.5,117.5,2.0081332E-5
37.5,118.5,2.1127498E-5
37.5,120.5,2.2029068E-5
37.5,121.5,2.2048485E-5
37.5,126.5,3.8708913E-5
37.5,127.5,4.0682255E-5
37.5,128.5,4.182307E-5
37.5,139.5,5.014743E-5
37.5,140.5,5.257724E-5
38.5,-122.5,2.1859882E-5
38.5,-121.5,2.3693567E-5
38.5,-120.5,2.132509E-5
38.5,-119.5,1.4621037E-5
38.5,-118.5,1.2042134E-5
38.5,-117.5,1.2128836E-5
38.5,-116.5,9.849474E-6
38.5,-115.5,9.433997E-6
38.5,-114.5,9.032609E-6
38.5,-113.5,9.33394E-6
38.5,-112.5,1.055943E-5
38.5,-111.5,9.734339E-6
38.5,-110.5,1.0735609E-5
38.5,-109.5,1.1272423E-5
38.5,-108.5,1.2040731E-5
38.5,-107.5,1.3621122E-5
38.5,-106.5,1.12375465E-5
38.5,-105.5,1.1328577E-5
38.5,-104.5,1.4198181E-5
38.5,-103.5,1.2873366E-5
38.5,-102.5,1.5547193E-5
38.5,-101.5,1.767759E-5
38.5,-100.5,1.9327608E-5
38.5,-99.5,2.2117438E-5
38.5,-98.5,2.436703E-5
38.5,-97.5,2.7645412E-5
38.5,-96.5,3.055348E-5
38.5,-95.5,3.314574E-5
38.5,-94.5,3.5392066E-5
38.5,-93.5,3.563696E-5
38.5,-92.5,3.729541E-5
38.5,-91.5,3.6574238E-5
38.5,-90.5,3.8344253E-5
38.5,-89.5,3.7780814E-5
38.5,-88.5,3.8341765E-5
38.5,-87.5,4.015734E-5
38.5,-86.5,4.0744824E-5
38.5,-85.5,4.1380856E-5
38.5,-84.5,4.0831448E-5
38.5,-83.5,4.1382307E-5
38.5,-82.5,4.0743533E-5
38.5,-81.5,3.9885905E-5
38.5,-80.5,3.8231097E-5
38.5,-79.5,3.486438E-5
38.5,-78.5,3.4654644E-5
38.5,-77.5,3.7987586E-5
38.5,-76.5,3.932662E-5
38.5,-75.5,4.046629E-5
38.5,-8.5,2.30722E-5
38.5,-7.5,2.2874394E-5
38.5,-6.5,2.2880764E-5
38.5,-5.5,2.2393446E-5
38.5,-4.5,2.1405798E-5
38.5,-3.5,1.8667077E-5
38.5,-2.5,1.8102965E-5
38.5,-1.5,1.8002576E-5
38.5,-0.5,1.8844687E-5
38.5,21.5,3.0748084E-5
38.5,22.5,2.7386037E-5
38.5,23.5,2.409397E-5
38.5,27.5,2.3731487E-5
38.5,28.5,2.0918127E-5
38.5,29.5,2.3883804E-5
38.5,30.5,2.0537667E-5
38.5,31.5,1.9667152E-5
38.5,32.5,1.9679002E-5
38.5,33.5,1.7366907E-5
38.5,34.5,1.8230077E-5
38.5,35.5,1.9923267E-5
38.5,36.5,2.0224816E-5
38.5,37.5,1.9573285E-5
38.5,38.5,1.920151E-5
38.5,39.5,2.0840056E-5
38.5,40.5,2.0258294E-5
38.5,41.5,2.0874093E-5
38.5,42.5,1.9336378E-5
38.5,43.5,1.7651344E-5
38.5,44.5,1.777778E-5
38.5,45.5,1.6884103E-5
38.5,46.5,1.5623018E-5
38.5,47.5,1.7693288E-5
38.5,48.5,1.9198846E-5
38.5,54.5,7.922235E-6
38.5,55.5,7.962202E-6
38.5,56.5,8.018488E-6
38.5,57.5,7.1448767E-6
38.5,58.5,6.5310564E-6
38.5,59.5,6.0161665E-6
38.5,60.5,5.76568E-6
38.5,61.5,6.0270613E-6
38.5,62.5,6.000041E-6
38.5,63.5,5.7123634E-6
38.5,64.5,7.3863325E-6
38.5,65.5,1.0074905E-5
38.5,66.5,1.2555936E-5
38.5,67.5,1.514322E-5
38.5,68.5,1.602967E-5
38.5,69.5,1.7315482E-5
38.5,70.5,1.724088E-5
38.5,71.5,1.7641367E-5
38.5,72.5,1.4849846E-5
38.5,73.5,1.0413557E-5
38.5,74.5,9.858733E-6
38.5,75.5,9.496146E-6
38.5,76.5,7.2839894E-6
38.5,77.5,5.521397E-6
38.5,78.5,4.088954E-6
38.5,79.5,3.6239776E-6
38.5,80.5,3.574039E-6
38.5,81.5,3.1211398E-6
38.5,82.5,2.7043611E-6
38.5,83.5,2.3275347E-6
38.5,84.5,2.244507E-6
38.5,85.5,2.4320489E-6
38.5,86.5,2.2997635E-6
38.5,87.5,2.2446854E-6
38.5,88.5,2.417379E-6
38.5,89.5,2.4632E-6
38.5,90.5,2.168808E-6
38.5,91.5,2.171137E-6
38.5,92.5,2.3011316E-6
38.5,93.5,2.2369522E-6
38.5,94.5,2.7783317E-6
38.5,95.5,3.5484775E-6
38.5,96.5,4.5015545E-6
38.5,97.5,6.0419584E-6
38.5,98.5,6.4600395E-6
38.5,99.5,8.113672E-6
38.5,100.5,7.913096E-6
38.5,101.5,7.053723E-6
38.5,102.5,6.0477328E-6
38.5,103.5,5.553625E-6
38.5,104.5,6.111768E-6
38.5,105.5,6.9079038E-6
38.5,106.5,7.3934857E-6
38.5,107.5,9.535779E-6
38.5,108.5,1.1323165E-5
38.5,109.5,1.3270564E-5
38.5,110.5,1.549416E-5
38.5,111.5,1.6100186E-5
38.5,112.5,1.7196857E-5
38.5,113.5,1.7361748E-5
38.5,114.5,1.7262693E-5
38.5,115.5,1.6966374E-5
38.5,116.5,1.696501E-5
38.5,117.5,1.8176797E-5
38.5,125.5,3.373799E-5
38.5,126.5,3.7464277E-5
38.5,127.5,3.957927E-5
38.5,140.5,4.981209E-5
39.5,-123.5,3.0207706E-5
39.5,-122.5,2.7788048E-5
39.5,-121.5,2.777112E-5
39.5,-120.5,1.9623203E-5
39.5,-119.5,1.5414442E-5
39.5,-118.5,1.2080337E-5
39.5,-117.5,1.1497553E-5
39.5,-116.5,1.0979327E-5
39.5,-115.5,1.0920261E-5
39.5,-114.5,9.456325E-6
39.5,-113.5,1.0254468E-5
39.5,-112.5,1.1157801E-5
39.5,-111.5,1.05884255E-5
39.5,-110.5,1.1396434E-5
39.5,-109.5,1.083666E-5
39.5,-108.5,1.1499706E-5
39.5,-107.5,1.2577296E-5
39.5,-106.5,1.1592599E-5
39.5,-105.5,1.306439E-5
39.5,-104.5,1.6052694E-5
39.5,-103.5,1.52497905E-5
39.5,-102.5,1.6286962E-5
39.5,-101.5,1.836909E-5
39.5,-100.5,2.0100702E-5
39.5,-99.5,2.1763703E-5
39.5,-98.5,2.3820905E-5
39.5,-97.5,2.6320215E-5
39.5,-96.5,2.861946E-5
39.5,-95.5,3.092977E-5
39.5,-94.5,3.450433E-5
39.5,-93.5,3.5909434E-5
39.5,-92.5,3.6705747E-5
39.5,-91.5,3.535078E-5
39.5,-90.5,3.6262078E-5
39.5,-89.5,3.682482E-5
39.5,-88.5,3.578201E-5
39.5,-87.5,3.6915946E-5
39.5,-86.5,3.8405004E-5
39.5,-85.5,3.8252983E-5
39.5,-84.5,3.8627753E-5
39.5,-83.5,3.824815E-5
39.5,-82.5,3.89795E-5
39.5,-81.5,3.7973216E-5
39.5,-80.5,3.8249425E-5
39.5,-79.5,3.6209287E-5
39.5,-78.5,3.5330817E-5
39.5,-77.5,3.6998503E-5
39.5,-76.5,3.8091344E-5
39.5,-75.5,3.9734212E-5
39.5,-74.5,4.0866842E-5
39.5,-8.5,2.907035E-5
39.5,-7.5,2.6749076E-5
39.5,-6.5,2.3848248E-5
39.5,-5.5,2.2708375E-5
39.5,-4.5,2.1238373E-5
39.5,-3.5,1.9814786E-5
39.5,-2.5,1.770979E-5
39.5,-1.5,1.6968123E-5
39.5,-0.5,2.079428E-5
39.5,8.5,2.0773678E-5
39.5,9.5,2.2541044E-5
39.5,16.5,3.094143E-5
39.5,20.5,3.4603338E-5
39.5,21.5,3.4711364E-5
39.5,22.5,2.9635505E-5
39.5,26.5,2.5419555E-5
39.5,27.5,2.5069687E-5
39.5,28.5,2.3655472E-5
39.5,29.5,2.7626606E-5
39.5,30.5,2.459441E-5
39.5,31.5,2.3092596E-5
39.5,32.5,2.1356509E-5
39.5,33.5,2.0392154E-5
39.5,34.5,2.0647265E-5
39.5,35.5,2.2174827E-5
39.5,36.5,2.387314E-5
39.5,37.5,2.3579163E-5
39.5,38.5,2.3569182E-5
39.5,39.5,2.6149386E-5
39.5,40.5,2.7987171E-5
39.5,41.5,2.8799908E-5
39.5,42.5,2.7028203E-5
39.5,43.5,2.3157183E-5
39.5,44.5,2.3464952E-5
39.5,45.5,2.1636819E-5
39.5,46.5,2.0489162E-5
39.5,47.5,1.8637362E-5
39.5,48.5,1.6516957E-5
39.5,53.5,8.683262E-6
39.5,54.5,7.830218E-6
39.5,55.5,6.907522E-6
39.5,56.5,6.573676E-6
39.5,57.5,5.743951E-6
39.5,58.5,5.1864035E-6
39.5,59.5,5.111043E-6
39.5,60.5,5.047431E-6
39.5,61.5,4.9048645E-6
39.5,62.5,5.2621263E-6
39.5,63.5,5.436472E-6
39.5,64.5,6.6405437E-6
39.5,65.5,8.442458E-6
39.5,66.5,1.0845513E-5
39.5,67.5,1.3775245E-5
39.5,68.5,1.5073568E-5
39.5,69.5,1.7496686E-5
39.5,70.5,1.7990411E-5
39.5,71.5,1.718427E-5
39.5,72.5,1.651481E-5
39.5,73.5,1.4256355E-5
39.5,74.5,1.2538134E-5
39.5,75.5,1.0386576E-5
39.5,76.5,8.607831E-6
39.5,77.5,8.550458E-6
39.5,78.5,7.4723416E-6
39.5,79.5,7.1200716E-6
39.5,80.5,5.637911E-6
39.5,81.5,5.1586912E-6
39.5,82.5,3.943598E-6
39.5,83.5,3.1583368E-6
39.5,84.5,2.9084586E-6
39.5,85.5,2.7099745E-6
39.5,86.5,2.486141E-6
39.5,87.5,2.2067381E-6
39.5,88.5,2.057715E-6
39.5,89.5,1.935515E-6
39.5,90.5,1.6507862E-6
39.5,91.5,1.674413E-6
39.5,92.5,1.6671918E-6
39.5,93.5,1.8662156E-6
39.5,94.5,2.352648E-6
39.5,95.5,3.12855E-6
39.5,96.5,3.7381872E-6
39.5,97.5,4.6497053E-6
39.5,98.5,4.314012E-6
39.5,99.5,4.6205623E-6
39.5,100.5,4.5594725E-6
39.5,101.5,4.6269333E-6
39.5,102.5,4.311655E-6
39.5,103.5,4.4777444E-6
39.5,104.5,4.59393E-6
39.5,105.5,5.104866E-6
39.5,106.5,6.4461806E-6
39.5,107.5,7.96827E-6
39.5,108.5,9.348462E-6
39.5,109.5,1.109037E-5
39.5,110.5,1.3134022E-5
39.5,111.5,1.4682039E-5
39.5,112.5,1.5046019E-5
39.5,113.5,1.5801787E-5
39.5,114.5,1.6004862E-5
39.5,115.5,1.683928E-5
39.5,116.5,1.7287273E-5
39.5,117.5,1.899383E-5
39.5,118.5,1.9812198E-5
39.5,122.5,2.437983E-5
39.5,125.5,3.2732976E-5
39.5,126.5,3.5212684E-5
39.5,127.5,3.437079E-5
39.5,140.5,4.4475168E-5
39.5,141.5,4.773802E-5
40.5,-123.5,2.7481276E-5
40.5,-122.5,3.0025096E-5
40.5,-121.5,2.5280935E-5
40.5,-120.5,1.8841065E-5
40.5,-119.5,1.4748462E-5
40.5,-118.5,1.192684E-5
40.5,-117.5,1.2215366E-5
40.5,-116.5,1.3407016E-5
40.5,-115.5,1.262049E-5
40.5,-114.5,1.1576005E-5
40.5,-113.5,1.1583931E-5
40.5,-112.5,1.4436334E-5
40.5,-111.5,1.4031243E-5
40.5,-110.5,1.2057295E-5
40.5,-109.5,1.2315637E-5
40.5,-108.5,1.211277E-5
40.5,-107.5,1.2664728E-5
40.5,-106.5,1.2861093E-5
40.5,-105.5,1.47169785E-5
40.5,-104.5,1.6797709E-5
40.5,-103.5,1.7698203E-5
40.5,-102.5,1.9214738E-5
40.5,-101.5,2.062576E-5
40.5,-100.5,2.2510796E-5
40.5,-99.5,2.4380772E-5
40.5,-98.5,2.5271383E-5
40.5,-97.5,2.8176672E-5
40.5,-96.5,3.099912E-5
40.5,-95.5,3.340962E-5
40.5,-94.5,3.6732155E-5
40.5,-93.5,3.9358652E-5
40.5,-92.5,3.828665E-5
40.5,-91.5,3.979142E-5
40.5,-90.5,3.9059778E-5
40.5,-89.5,3.854781E-5
40.5,-88.5,3.7654485E-5
40.5,-87.5,3.700473E-5
40.5,-86.5,3.8092912E-5
40.5,-85.5,3.8978465E-5
40.5,-84.5,3.8089645E-5
40.5,-83.5,3.6564386E-5
40.5,-82.5,3.593185E-5
40.5,-81.5,3.6864538E-5
40.5,-80.5,3.849113E-5
40.5,-79.5,3.9337425E-5
40.5,-78.5,3.9646813E-5
40.5,-77.5,4.164015E-5
40.5,-76.5,4.2760243E-5
40.5,-75.5,4.0293435E-5
40.5,-74.5,4.014746E-5
40.5,-8.5,3.4509652E-5
40.5,-7.5,2.6933818E-5
40.5,-6.5,2.4626359E-5
40.5,-5.5,2.2127018E-5
40.5,-4.5,2.159818E-5
40.5,-3.5,2.1090791E-5
40.5,-2.5,1.9373616E-5
40.5,-1.5,1.7085515E-5
40.5,-0.5,1.673687E-5
40.5,0.5,2.2314753E-5
40.5,8.5,2.1938835E-5
40.5,9.5,2.2145005E-5
40.5,15.5,2.187065E-5
40.5,16.5,2.4355768E-5
40.5,17.5,3.0116811E-5
40.5,19.5,3.4995363E-5
40.5,20.5,2.9865489E-5
40.5,21.5,3.261552E-5
40.5,22.5,3.239116E-5
40.5,23.5,2.7365348E-5
40.5,26.5,2.7974356E-5
40.5,27.5,3.287882E-5
40.5,29.5,2.955482E-5
40.5,30.5,2.5494652E-5
40.5,31.5,2.2705535E-5
40.5,32.5,2.1292659E-5
40.5,33.5,2.2609469E-5
40.5,34.5,2.227784E-5
40.5,35.5,2.1536653E-5
40.5,36.5,2.130116E-5
40.5,37.5,2.135704E-5
40.5,38.5,2.2737917E-5
40.5,39.5,2.390937E-5
40.5,40.5,2.6295966E-5
40.5,41.5,2.6744083E-5
40.5,42.5,2.6581762E-5
40.5,43.5,2.7023028E-5
40.5,44.5,2.6015608E-5
40.5,45.5,2.6282058E-5
40.5,46.5,2.5809937E-5
40.5,47.5,2.3783006E-5
40.5,48.5,1.5638821E-5
40.5,49.5,1.531456E-5
40.5,53.5,7.430451E-6
40.5,54.5,7.4516943E-6
40.5,55.5,7.017063E-6
40.5,56.5,6.135026E-6
40.5,57.5,5.5314163E-6
40.5,58.5,5.337859E-6
40.5,59.5,5.3601984E-6
40.5,60.5,5.582832E-6
40.5,61.5,5.883486E-6
40.5,62.5,6.1099263E-6
40.5,63.5,6.036543E-6
40.5,64.5,6.877624E-6
40.5,65.5,8.129712E-6
40.5,66.5,1.0743974E-5
40.5,67.5,1.5795904E-5
40.5,68.5,1.9738782E-5
40.5,69.5,2.1247695E-5
40.5,70.5,2.3378821E-5
40.5,71.5,2.5002195E-5
40.5,72.5,2.4290335E-5
40.5,73.5,2.2087263E-5
40.5,74.5,1.49913285E-5
40.5,75.5,1.1226114E-5
40.5,76.5,1.0237027E-5
40.5,77.5,1.0700014E-5
40.5,78.5,1.0984477E-5
40.5,79.5,9.659215E-6
40.5,80.5,8.592053E-6
40.5,81.5,7.157434E-6
40.5,82.5,5.6426634E-6
40.5,83.5,4.5021757E-6
40.5,84.5,3.894658E-6
40.5,85.5,3.4690247E-6
40.5,86.5,3.183776E-6
40.5,87.5,2.849612E-6
40.5,88.5,2.3674431E-6
40.5,89.5,2.1449862E-6
40.5,90.5,2.358799E-6
40.5,91.5,2.1900541E-6
40.5,92.5,2.2174374E-6
40.5,93.5,2.4265757E-6
40.5,94.5,3.0641224E-6
40.5,95.5,3.8023368E-6
40.5,96.5,4.2342813E-6
40.5,97.5,4.5063007E-6
40.5,98.5,4.6482373E-6
40.5,99.5,4.3073583E-6
40.5,100.5,4.32034E-6
40.5,101.5,4.344935E-6
40.5,102.5,4.3489317E-6
40.5,103.5,4.322519E-6
40.5,104.5,4.62894E-6
40.5,105.5,5.2186347E-6
40.5,106.5,6.334018E-6
40.5,107.5,7.794539E-6
40.5,108.5,9.6823605E-6
40.5,109.5,1.1463121E-5
40.5,110.5,1.3386423E-5
40.5,111.5,1.4538614E-5
40.5,112.5,1.5037803E-5
40.5,113.5,1.5800402E-5
40.5,114.5,1.6608765E-5
40.5,115.5,1.7333594E-5
40.5,116.5,1.9153673E-5
40.5,117.5,2.0304811E-5
40.5,118.5,2.0503297E-5
40.5,119.5,1.8927187E-5
40.5,120.5,2.0640739E-5
40.5,122.5,2.3939678E-5
40.5,123.5,2.4389114E-5
40.5,124.5,2.7257312E-5
40.5,125.5,3.205686E-5
40.5,126.5,3.189541E-5
40.5,127.5,2.838728E-5
40.5,128.5,2.7144964E-5
40.5,140.5,4.1012354E-5
40.5,141.5,4.661522E-5
41.5,-123.5,3.270811E-5
41.5,-122.5,2.756469E-5
41.5,-121.5,2.3749137E-5
41.5,-120.5,1.900475E-5
41.5,-119.5,1.3094606E-5
41.5,-118.5,1.067809E-5
41.5,-117.5,1.2117971E-5
41.5,-116.5,1.3306612E-5
41.5,-115.5,1.2577334E-5
41.5,-114.5,1.1141828E-5
41.5,-113.5,1.2707551E-5
41.5,-112.5,1.7671837E-5
41.5,-111.5,1.4169604E-5
41.5,-110.5,1.2183914E-5
41.5,-109.5,1.1827652E-5
41.5,-108.5,1.0652277E-5
41.5,-107.5,1.1170585E-5
41.5,-106.5,1.1745221E-5
41.5,-105.5,1.3300912E-5
41.5,-104.5,1.5683441E-5
41.5,-103.5,1.7248421E-5
41.5,-102.5,1.9518431E-5
41.5,-101.5,2.0834379E-5
41.5,-100.5,2.2736107E-5
41.5,-99.5,2.4350773E-5
41.5,-98.5,2.5497155E-5
41.5,-97.5,2.7674329E-5
41.5,-96.5,3.0915067E-5
41.5,-95.5,3.352685E-5
41.5,-94.5,3.6652185E-5
41.5,-93.5,3.9730578E-5
41.5,-92.5,3.9641436E-5
41.5,-91.5,4.0445106E-5
41.5,-90.5,4.033016E-5
41.5,-89.5,3.9324837E-5
41.5,-88.5,3.5900623E-5
41.5,-87.5,3.790248E-5
41.5,-86.5,3.7778063E-5
41.5,-85.5,3.4321034E-5
41.5,-84.5,3.5831374E-5
41.5,-83.5,4.007597E-5
41.5,-82.5,4.8303347E-5
41.5,-81.5,4.6709185E-5
41.5,-80.5,3.8295897E-5
41.5,-79.5,3.6298447E-5
41.5,-78.5,3.6869907E-5
41.5,-77.5,3.9704686E-5
41.5,-76.5,4.1409432E-5
41.5,-75.5,4.1450665E-5
41.5,-74.5,4.005634E-5
41.5,-73.5,3.844672E-5
41.5,-72.5,3.8171132E-5
41.5,-71.5,4.0884104E-5
41.5,-8.5,3.6566675E-5
41.5,-7.5,2.735457E-5
41.5,-6.5,2.6709444E-5
41.5,-5.5,2.4583007E-5
41.5,-4.5,2.2804807E-5
41.5,-3.5,2.0381462E-5
41.5,-2.5,1.973538E-5
41.5,-1.5,2.0989604E-5
41.5,-0.5,2.0759408E-5
41.5,0.5,1.9995947E-5
41.5,1.5,2.0793248E-5
41.5,13.5,2.2972148E-5
41.5,14.5,2.023788E-5
41.5,15.5,2.2910062E-5
41.5,19.5,4.429595E-5
41.5,20.5,3.231995E-5
41.5,21.5,3.0336569E-5
41.5,22.5,2.8022054E-5
41.5,23.5,2.2358174E-5
41.5,24.5,2.0165047E-5
41.5,25.5,2.1817117E-5
41.5,26.5,2.2191593E-5
41.5,27.5,2.472998E-5
41.5,32.5,2.6221662E-5
41.5,33.5,2.0623702E-5
41.5,34.5,2.065371E-5
41.5,35.5,2.4846126E-5
41.5,41.5,4.5130288E-5
41.5,42.5,2.9369001E-5
41.5,43.5,2.8941631E-5
41.5,44.5,3.0102201E-5
41.5,45.5,2.9199125E-5
41.5,46.5,2.444563E-5
41.5,47.5,1.689696E-5
41.5,48.5,1.7049291E-5
41.5,53.5,7.55616E-6
41.5,54.5,6.909813E-6
41.5,55.5,6.2180993E-6
41.5,56.5,5.779722E-6
41.5,57.5,5.9635563E-6
41.5,58.5,5.5213295E-6
41.5,59.5,5.7895586E-6
41.5,60.5,6.6687294E-6
41.5,61.5,6.9679627E-6
41.5,62.5,6.476307E-6
41.5,63.5,6.075426E-6
41.5,64.5,6.6817215E-6
41.5,65.5,8.1023445E-6
41.5,66.5,9.413305E-6
41.5,67.5,1.2734867E-5
41.5,68.5,1.585088E-5
41.5,69.5,1.6324007E-5
41.5,70.5,1.62943E-5
41.5,71.5,1.8373908E-5
41.5,72.5,2.0751933E-5
41.5,73.5,2.030851E-5
41.5,74.5,1.7085042E-5
41.5,75.5,1.4582918E-5
41.5,76.5,1.1157138E-5
41.5,77.5,9.228242E-6
41.5,78.5,9.253863E-6
41.5,79.5,1.0530587E-5
41.5,80.5,9.564806E-6
41.5,81.5,8.3568575E-6
41.5,82.5,7.140108E-6
41.5,83.5,5.790434E-6
41.5,84.5,5.141386E-6
41.5,85.5,4.473441E-6
41.5,86.5,3.970184E-6
41.5,87.5,3.1704901E-6
41.5,88.5,2.5096547E-6
41.5,89.5,2.2011823E-6
41.5,90.5,1.8968733E-6
41.5,91.5,1.7782805E-6
41.5,92.5,1.999531E-6
41.5,93.5,2.2792683E-6
41.5,94.5,2.4497988E-6
41.5,95.5,2.6674415E-6
41.5,96.5,2.9941007E-6
41.5,97.5,3.287039E-6
41.5,98.5,3.4456423E-6
41.5,99.5,3.3526035E-6
41.5,100.5,3.2519024E-6
41.5,101.5,3.2363234E-6
41.5,102.5,3.593184E-6
41.5,103.5,3.9943016E-6
41.5,104.5,4.4356384E-6
41.5,105.5,4.844082E-6
41.5,106.5,5.398284E-6
41.5,107.5,6.4655715E-6
41.5,108.5,8.015035E-6
41.5,109.5,9.432771E-6
41.5,110.5,1.0932011E-5
41.5,111.5,1.2572896E-5
41.5,112.5,1.3059958E-5
41.5,113.5,1.3936207E-5
41.5,114.5,1.4794474E-5
41.5,115.5,1.5842084E-5
41.5,116.5,1.7463519E-5
41.5,117.5,1.8681863E-5
41.5,118.5,1.9170033E-5
41.5,119.5,1.8980172E-5
41.5,120.5,1.8400848E-5
41.5,121.5,2.0027903E-5
41.5,122.5,2.2862794E-5
41.5,123.5,2.6359607E-5
41.5,124.5,2.845047E-5
41.5,125.5,3.0782798E-5
41.5,126.5,3.1872023E-5
41.5,127.5,2.855127E-5
41.5,128.5,2.3624654E-5
41.5,129.5,2.6860607E-5
42.5,-123.5,2.9047049E-5
42.5,-122.5,3.0965763E-5
42.5,-121.5,2.5770392E-5
42.5,-120.5,2.017142E-5
42.5,-119.5,1.5444346E-5
42.5,-118.5,1.2281927E-5
42.5,-117.5,1.3226653E-5
42.5,-116.5,1.4310417E-5
42.5,-115.5,1.4201103E-5
42.5,-114.5,1.2363987E-5
42.5,-113.5,1.0829617E-5
42.5,-112.5,1.2516923E-5
42.5,-111.5,1.3452933E-5
42.5,-110.5,1.2259534E-5
42.5,-109.5,1.0686785E-5
42.5,-108.5,1.0210315E-5
42.5,-107.5,1.1427269E-5
42.5,-106.5,1.2509019E-5
42.5,-105.5,1.3625119E-5
42.5,-104.5,1.52051625E-5
42.5,-103.5,1.657412E-5
42.5,-102.5,1.8278743E-5
42.5,-101.5,2.015046E-5
42.5,-100.5,2.1871538E-5
42.5,-99.5,2.2848042E-5
42.5,-98.5,2.4643568E-5
42.5,-97.5,2.6661744E-5
42.5,-96.5,2.8793145E-5
42.5,-95.5,3.112394E-5
42.5,-94.5,3.3813973E-5
42.5,-93.5,3.6463185E-5
42.5,-92.5,3.7138998E-5
42.5,-91.5,3.7944905E-5
42.5,-90.5,3.8265214E-5
42.5,-89.5,3.629885E-5
42.5,-88.5,3.4560035E-5
42.5,-85.5,3.2762935E-5
42.5,-84.5,3.2592674E-5
42.5,-83.5,3.2290234E-5
42.5,-82.5,3.5933586E-5
42.5,-81.5,4.1117386E-5
42.5,-80.5,4.610758E-5
42.5,-79.5,4.302805E-5
42.5,-78.5,3.3245666E-5
42.5,-77.5,3.339954E-5
42.5,-76.5,3.687591E-5
42.5,-75.5,3.7270172E-5
42.5,-74.5,3.9128045E-5
42.5,-73.5,3.9829276E-5
42.5,-72.5,3.794731E-5
42.5,-71.5,3.657834E-5
42.5,-8.5,3.0397823E-5
42.5,-7.5,2.475535E-5
42.5,-6.5,2.2483255E-5
42.5,-5.5,2.0196412E-5
42.5,-4.5,1.8380391E-5
42.5,-3.5,1.7574048E-5
42.5,-2.5,1.9517096E-5
42.5,-1.5,2.2614313E-5
42.5,-0.5,2.285269E-5
42.5,0.5,2.2601003E-5
42.5,1.5,2.029979E-5
42.5,2.5,2.324928E-5
42.5,11.5,2.567495E-5
42.5,12.5,1.9763229E-5
42.5,13.5,1.9958565E-5
42.5,18.5,4.5331977E-5
42.5,19.5,3.4505458E-5
42.5,20.5,3.033776E-5
42.5,21.5,2.9533485E-5
42.5,22.5,2.7537515E-5
42.5,23.5,2.4938166E-5
42.5,24.5,2.4897836E-5
42.5,25.5,2.5478072E-5
42.5,26.5,2.4527983E-5
42.5,27.5,2.8204346E-5
42.5,41.5,5.0022863E-5
42.5,42.5,3.4978708E-5
42.5,43.5,2.9459037E-5
42.5,44.5,2.4016608E-5
42.5,45.5,2.0850937E-5
42.5,46.5,1.7615015E-5
42.5,47.5,1.9531934E-5
42.5,52.5,8.856728E-6
42.5,53.5,6.1878695E-6
42.5,54.5,5.894033E-6
42.5,55.5,6.016497E-6
42.5,56.5,5.911601E-6
42.5,57.5,6.374191E-6
42.5,58.5,6.961498E-6
42.5,59.5,7.937864E-6
42.5,60.5,8.885633E-6
42.5,61.5,9.730556E-6
42.5,62.5,8.234213E-6
42.5,63.5,6.5723575E-6
42.5,64.5,6.662112E-6
42.5,65.5,7.3000974E-6
42.5,66.5,8.133717E-6
42.5,67.5,1.0791085E-5
42.5,68.5,1.3264507E-5
42.5,69.5,1.438252E-5
42.5,70.5,1.3781812E-5
42.5,71.5,1.3772509E-5
42.5,72.5,1.44443975E-5
42.5,73.5,1.5239427E-5
42.5,74.5,1.4246187E-5
42.5,75.5,1.2997153E-5
42.5,76.5,1.5044606E-5
42.5,77.5,1.7846056E-5
42.5,78.5,1.3499835E-5
42.5,79.5,1.0770638E-5
42.5,80.5,9.365531E-6
42.5,81.5,8.333693E-6
42.5,82.5,7.647152E-6
42.5,83.5,6.9431717E-6
42.5,84.5,6.8747845E-6
42.5,85.5,5.9940585E-6
42.5,86.5,5.8398814E-6
42.5,87.5,4.770968E-6
42.5,88.5,4.344046E-6
42.5,89.5,4.101714E-6
42.5,90.5,3.2857E-6
42.5,91.5,2.8947234E-6
42.5,92.5,2.9962612E-6
42.5,93.5,3.1907796E-6
42.5,94.5,3.0266538E-6
42.5,95.5,2.816353E-6
42.5,96.5,2.7813353E-6
42.5,97.5,3.0870747E-6
42.5,98.5,3.3275244E-6
42.5,99.5,3.4577456E-6
42.5,100.5,3.5694068E-6
42.5,101.5,3.688076E-6
42.5,102.5,3.920239E-6
42.5,103.5,4.142902E-6
42.5,104.5,4.413251E-6
42.5,105.5,4.5773877E-6
42.5,106.5,5.0901067E-6
42.5,107.5,5.9319623E-6
42.5,108.5,6.636837E-6
42.5,109.5,7.80506E-6
42.5,110.5,9.076311E-6
42.5,111.5,9.917673E-6
42.5,112.5,1.0451933E-5
42.5,113.5,1.1301916E-5
42.5,114.5,1.21660905E-5
42.5,115.5,1.3470895E-5
42.5,116.5,1.4757644E-5
42.5,117.5,1.5260763E-5
42.5,118.5,1.6669228E-5
42.5,119.5,1.7440881E-5
42.5,120.5,1.7117249E-5
42.5,121.5,1.8166771E-5
42.5,122.5,2.0851236E-5
42.5,123.5,2.3688592E-5
42.5,124.5,2.6186912E-5
42.5,125.5,2.7686076E-5
42.5,126.5,2.9279408E-5
42.5,127.5,2.8427034E-5
42.5,128.5,2.5708268E-5
42.5,129.5,2.5066442E-5
42.5,130.5,2.7693912E-5
42.5,140.5,3.797363E-5
42.5,142.5,3.8276554E-5
42.5,143.5,3.9523224E-5
43.5,-123.5,3.365998E-5
43.5,-122.5,3.175286E-5
43.5,-121.5,2.4008612E-5
43.5,-120.5,2.011193E-5
43.5,-119.5,1.7514076E-5
43.5,-118.5,1.4463566E-5
43.5,-117.5,1.4994895E-5
43.5,-116.5,1.7257173E-5
43.5,-115.5,1.4643938E-5
43.5,-114.5,1.1420531E-5
43.5,-113.5,9.82647E-6
43.5,-112.5,1.2742504E-5
43.5,-111.5,1.617881E-5
43.5,-110.5,1.413349E-5
43.5,-109.5,1.0612977E-5
43.5,-108.5,1.1245595E-5
43.5,-107.5,1.1835137E-5
43.5,-106.5,1.2895918E-5
43.5,-105.5,1.4261037E-5
43.5,-104.5,1.5229881E-5
43.5,-103.5,1.7146187E-5
43.5,-102.5,1.8843213E-5
43.5,-101.5,1.9598841E-5
43.5,-100.5,2.0984935E-5
43.5,-99.5,2.2739852E-5
43.5,-98.5,2.4047456E-5
43.5,-97.5,2.4820914E-5
43.5,-96.5,2.5418838E-5
43.5,-95.5,2.7800419E-5
43.5,-94.5,3.099989E-5
43.5,-93.5,3.2784505E-5
43.5,-92.5,3.4114513E-5
43.5,-91.5,3.680626E-5
43.5,-90.5,3.7395686E-5
43.5,-89.5,3.552751E-5
43.5,-88.5,3.195148E-5
43.5,-85.5,2.6560361E-5
43.5,-84.5,2.9469285E-5
43.5,-83.5,2.9725663E-5
43.5,-81.5,2.8547762E-5
43.5,-80.5,2.4876197E-5
43.5,-79.5,3.3413096E-5
43.5,-78.5,4.194315E-5
43.5,-77.5,4.6711724E-5
43.5,-76.5,4.631094E-5
43.5,-75.5,3.6715785E-5
43.5,-74.5,3.747464E-5
43.5,-73.5,3.9952018E-5
43.5,-72.5,3.876511E-5
43.5,-71.5,3.6911057E-5
43.5,-70.5,4.2937558E-5
43.5,-7.5,3.1543626E-5
43.5,-6.5,3.4174704E-5
43.5,-5.5,3.3571483E-5
43.5,-1.5,3.6085126E-5
43.5,-0.5,2.910466E-5
43.5,0.5,3.0607138E-5
43.5,1.5,2.915401E-5
43.5,2.5,2.669896E-5
43.5,3.5,3.2589393E-5
43.5,4.5,3.3770535E-5
43.5,5.5,2.7676093E-5
43.5,6.5,2.713286E-5
43.5,10.5,3.2552136E-5
43.5,11.5,2.0180754E-5
43.5,12.5,2.1295073E-5
43.5,16.5,3.866882E-5
43.5,17.5,3.287641E-5
43.5,18.5,3.1918058E-5
43.5,19.5,3.2801054E-5
43.5,20.5,3.246788E-5
43.5,21.5,2.9827044E-5
43.5,22.5,2.8306717E-5
43.5,23.5,2.7269447E-5
43.5,24.5,2.7414017E-5
43.5,25.5,2.6427655E-5
43.5,26.5,2.3675759E-5
43.5,27.5,2.1767759E-5
43.5,40.5,3.186712E-5
43.5,41.5,2.7963788E-5
43.5,42.5,2.659918E-5
43.5,43.5,2.7883632E-5
43.5,44.5,2.7230546E-5
43.5,45.5,2.3195611E-5
43.5,46.5,1.7613742E-5
43.5,47.5,1.9701189E-5
43.5,51.5,6.3455054E-6
43.5,52.5,5.285654E-6
43.5,53.5,5.481895E-6
43.5,54.5,5.7165694E-6
43.5,55.5,6.1130654E-6
43.5,56.5,6.5401005E-6
43.5,57.5,7.5231146E-6
43.5,58.5,9.277233E-6
43.5,59.5,1.1284628E-5
43.5,60.5,1.2056122E-5
43.5,61.5,1.1766124E-5
43.5,62.5,9.705928E-6
43.5,63.5,7.3858105E-6
43.5,64.5,6.802899E-6
43.5,65.5,6.799506E-6
43.5,66.5,7.724274E-6
43.5,67.5,9.739766E-6
43.5,68.5,1.0516398E-5
43.5,69.5,1.15345065E-5
43.5,70.5,1.3458105E-5
43.5,71.5,1.4481464E-5
43.5,72.5,1.4560745E-5
43.5,73.5,1.5389278E-5
43.5,74.5,1.4572093E-5
43.5,75.5,1.3651808E-5
43.5,76.5,1.4092508E-5
43.5,77.5,1.5419017E-5
43.5,78.5,1.6633743E-5
43.5,79.5,1.738955E-5
43.5,80.5,1.6262851E-5
43.5,81.5,1.456323E-5
43.5,82.5,1.2492841E-5
43.5,83.5,1.0089894E-5
43.5,84.5,8.3381865E-6
43.5,85.5,6.8231666E-6
43.5,86.5,7.098979E-6
43.5,87.5,6.63094E-6
43.5,88.5,5.2939986E-6
43.5,89.5,4.7055046E-6
43.5,90.5,4.02301E-6
43.5,91.5,3.6456906E-6
43.5,92.5,3.7497582E-6
43.5,93.5,3.7153577E-6
43.5,94.5,3.454883E-6
43.5,95.5,3.0876606E-6
43.5,96.5,2.6244481E-6
43.5,97.5,3.0113579E-6
43.5,98.5,3.3923657E-6
43.5,99.5,3.7065427E-6
43.5,100.5,3.7439072E-6
43.5,101.5,4.1698718E-6
43.5,102.5,4.3766404E-6
43.5,103.5,4.6764194E-6
43.5,104.5,4.8475017E-6
43.5,105.5,4.643396E-6
43.5,106.5,4.581464E-6
43.5,107.5,4.9735213E-6
43.5,108.5,5.1255556E-6
43.5,109.5,5.6106587E-6
43.5,110.5,6.164876E-6
43.5,111.5,6.6209886E-6
43.5,112.5,7.2656335E-6
43.5,113.5,8.386494E-6
43.5,114.5,9.527608E-6
43.5,115.5,1.0699424E-5
43.5,116.5,1.184644E-5
43.5,117.5,1.2600263E-5
43.5,118.5,1.3983158E-5
43.5,119.5,1.4971004E-5
43.5,120.5,1.5285583E-5
43.5,121.5,1.5938584E-5
43.5,122.5,1.7369923E-5
43.5,123.5,1.9824498E-5
43.5,124.5,2.2001313E-5
43.5,125.5,2.4102847E-5
43.5,126.5,2.630871E-5
43.5,127.5,2.5828627E-5
43.5,128.5,2.4570225E-5
43.5,129.5,2.4077839E-5
43.5,130.5,2.2319688E-5
43.5,131.5,2.3773491E-5
43.5,132.5,2.420287E-5
43.5,133.5,2.279365E-5
43.5,134.5,2.6032692E-5
43.5,141.5,4.0293864E-5
43.5,142.5,2.9312963E-5
43.5,143.5,2.7094604E-5
43.5,144.5,2.8915158E-5
44.5,-123.5,3.892523E-5
44.5,-122.5,3.3028908E-5
44.5,-121.5,2.6682581E-5
44.5,-120.5,2.2662813E-5
44.5,-119.5,1.7078512E-5
44.5,-118.5,1.3397546E-5
44.5,-117.5,1.6078373E-5
44.5,-116.5,1.9047473E-5
44.5,-115.5,1.582118E-5
44.5,-114.5,1.1745789E-5
44.5,-113.5,1.0190391E-5
44.5,-112.5,1.242428E-5
44.5,-111.5,1.5327874E-5
44.5,-110.5,1.4690825E-5
44.5,-109.5,1.2271086E-5
44.5,-108.5,1.2724304E-5
44.5,-107.5,1.26653385E-5
44.5,-106.5,1.3818094E-5
44.5,-105.5,1.4551096E-5
44.5,-104.5,1.5165569E-5
44.5,-103.5,1.6782946E-5
44.5,-102.5,1.8004133E-5
44.5,-101.5,1.9238225E-5
44.5,-100.5,2.0892312E-5
44.5,-99.5,2.0733543E-5
44.5,-98.5,2.1737964E-5
44.5,-97.5,2.2266835E-5
44.5,-96.5,2.30295E-5
44.5,-95.5,2.5555652E-5
44.5,-94.5,2.751567E-5
44.5,-93.5,3.0017245E-5
44.5,-92.5,3.3017906E-5
44.5,-91.5,3.4162967E-5
44.5,-90.5,3.444032E-5
44.5,-89.5,3.35273E-5
44.5,-88.5,3.0291862E-5
44.5,-85.5,2.7133312E-5
44.5,-84.5,2.5388188E-5
44.5,-83.5,3.1287997E-5
44.5,-80.5,3.006748E-5
44.5,-79.5,2.98993E-5
44.5,-78.5,2.866123E-5
44.5,-77.5,2.935824E-5
44.5,-76.5,3.445596E-5
44.5,-75.5,3.445733E-5
44.5,-74.5,3.5380723E-5
44.5,-73.5,4.035075E-5
44.5,-72.5,3.9889866E-5
44.5,-71.5,3.5615863E-5
44.5,-70.5,3.6163037E-5
44.5,-69.5,3.7008613E-5
44.5,-68.5,4.0043575E-5
44.5,-65.5,4.0571143E-5
44.5,-64.5,4.0483093E-5
44.5,-0.5,2.7700631E-5
44.5,0.5,2.9461908E-5
44.5,1.5,2.9146497E-5
44.5,2.5,2.6169868E-5
44.5,3.5,2.4238227E-5
44.5,4.5,2.6752918E-5
44.5,5.5,2.7584236E-5
44.5,6.5,2.392756E-5
44.5,7.5,2.5068342E-5
44.5,8.5,3.2819993E-5
44.5,9.5,3.1422496E-5
44.5,10.5,2.6371361E-5
44.5,11.5,2.5410736E-5
44.5,15.5,3.26176E-5
44.5,16.5,3.1106814E-5
44.5,17.5,3.5623878E-5
44.5,18.5,3.8737682E-5
44.5,19.5,3.7178488E-5
44.5,20.5,3.274713E-5
44.5,21.5,2.808023E-5
44.5,22.5,2.7635586E-5
44.5,23.5,2.7078118E-5
44.5,24.5,2.5963442E-5
44.5,25.5,2.5880237E-5
44.5,26.5,2.5444064E-5
44.5,27.5,2.2032633E-5
44.5,28.5,2.1468819E-5
44.5,38.5,2.6523852E-5
44.5,39.5,2.528918E-5
44.5,40.5,2.8175662E-5
44.5,41.5,3.249256E-5
44.5,42.5,3.10056E-5
44.5,43.5,2.737748E-5
44.5,44.5,2.2760838E-5
44.5,45.5,1.923806E-5
44.5,46.5,1.7210235E-5
44.5,51.5,6.3030866E-6
44.5,52.5,5.9436866E-6
44.5,53.5,6.184101E-6
44.5,54.5,6.1316478E-6
44.5,55.5,6.5933687E-6
44.5,56.5,6.9649027E-6
44.5,57.5,7.76484E-6
44.5,58.5,1.1546453E-5
44.5,59.5,1.4411248E-5
44.5,60.5,1.5937745E-5
44.5,61.5,1.3647806E-5
44.5,62.5,9.7879865E-6
44.5,63.5,7.5487383E-6
44.5,64.5,6.984014E-6
44.5,65.5,7.218203E-6
44.5,66.5,8.119484E-6
44.5,67.5,9.255533E-6
44.5,68.5,1.1130565E-5
44.5,69.5,1.194687E-5
44.5,70.5,1.1809788E-5
44.5,71.5,1.2220552E-5
44.5,72.5,1.2319878E-5
44.5,73.5,1.24684675E-5
44.5,74.5,1.2555083E-5
44.5,75.5,1.2369676E-5
44.5,76.5,1.2912332E-5
44.5,77.5,1.4285629E-5
44.5,78.5,1.4171856E-5
44.5,79.5,1.3470749E-5
44.5,80.5,1.2777243E-5
44.5,81.5,1.2063684E-5
44.5,82.5,1.3336094E-5
44.5,83.5,1.2256594E-5
44.5,84.5,1.1166921E-5
44.5,85.5,1.0889416E-5
44.5,86.5,1.0016539E-5
44.5,87.5,8.581123E-6
44.5,88.5,7.2859393E-6
44.5,89.5,6.4415385E-6
44.5,90.5,5.453912E-6
44.5,91.5,4.4943135E-6
44.5,92.5,4.398709E-6
44.5,93.5,4.2463803E-6
44.5,94.5,3.6866177E-6
44.5,95.5,3.1445493E-6
44.5,96.5,3.3124072E-6
44.5,97.5,3.6745248E-6
44.5,98.5,3.8728763E-6
44.5,99.5,4.422546E-6
44.5,100.5,5.1412776E-6
44.5,101.5,5.6536064E-6
44.5,102.5,5.6610866E-6
44.5,103.5,5.8022983E-6
44.5,104.5,5.461238E-6
44.5,105.5,5.1397806E-6
44.5,106.5,5.0360036E-6
44.5,107.5,5.148031E-6
44.5,108.5,5.205776E-6
44.5,109.5,5.5361966E-6
44.5,110.5,5.8751957E-6
44.5,111.5,6.2882477E-6
44.5,112.5,6.6860216E-6
44.5,113.5,7.4987984E-6
44.5,114.5,8.510793E-6
44.5,115.5,9.384381E-6
44.5,116.5,1.0514392E-5
44.5,117.5,1.1662538E-5
44.5,118.5,1.2533905E-5
44.5,119.5,1.3846096E-5
44.5,120.5,1.5037904E-5
44.5,121.5,1.5891836E-5
44.5,122.5,1.6795675E-5
44.5,123.5,1.83652E-5
44.5,124.5,1.973373E-5
44.5,125.5,2.1867834E-5
44.5,126.5,2.344784E-5
44.5,127.5,2.3521663E-5
44.5,128.5,2.4188725E-5
44.5,129.5,2.446644E-5
44.5,130.5,2.3369796E-5
44.5,131.5,2.4590327E-5
44.5,132.5,2.7828166E-5
44.5,133.5,2.620992E-5
44.5,134.5,2.5084291E-5
44.5,135.5,2.6113596E-5
44.5,142.5,3.1077856E-5
45.5,-123.5,4.616324E-5
45.5,-122.5,4.1219784E-5
45.5,-121.5,3.252599E-5
45.5,-120.5,2.7495009E-5
45.5,-119.5,2.110203E-5
45.5,-118.5,1.5270136E-5
45.5,-117.5,1.6840722E-5
45.5,-116.5,2.0013757E-5
45.5,-115.5,1.89441E-5
45.5,-114.5,1.5830054E-5
45.5,-113.5,1.3270969E-5
45.5,-112.5,1.4298722E-5
45.5,-111.5,1.5746926E-5
45.5,-110.5,1.4750823E-5
45.5,-109.5,1.4671275E-5
45.5,-108.5,1.5001209E-5
45.5,-107.5,1.4639337E-5
45.5,-106.5,1.4119501E-5
45.5,-105.5,1.3972202E-5
45.5,-104.5,1.42173485E-5
45.5,-103.5,1.5534519E-5
45.5,-102.5,1.664198E-5
45.5,-101.5,1.7891914E-5
45.5,-100.5,1.9157302E-5
45.5,-99.5,1.9302559E-5
45.5,-98.5,1.9886675E-5
45.5,-97.5,2.0944797E-5
45.5,-96.5,2.2444961E-5
45.5,-95.5,2.4517549E-5
45.5,-94.5,2.5464846E-5
45.5,-93.5,2.790276E-5
45.5,-92.5,3.0376177E-5
45.5,-91.5,3.095403E-5
45.5,-90.5,2.9956884E-5
45.5,-89.5,2.9975492E-5
45.5,-88.5,2.7133116E-5
45.5,-87.5,3.0872114E-5
45.5,-84.5,3.3061442E-5
45.5,-79.5,2.9920486E-5
45.5,-78.5,2.8935758E-5
45.5,-77.5,2.9484501E-5
45.5,-76.5,3.1195843E-5
45.5,-75.5,3.211236E-5
45.5,-74.5,3.4429362E-5
45.5,-73.5,3.7318085E-5
45.5,-72.5,3.746832E-5
45.5,-71.5,3.6834997E-5
45.5,-70.5,3.7842605E-5
45.5,-69.5,4.0076986E-5
45.5,-68.5,3.9059774E-5
45.5,-67.5,3.716623E-5
45.5,-66.5,3.951229E-5
45.5,-65.5,4.2696032E-5
45.5,-64.5,3.9600916E-5
45.5,-63.5,3.5511748E-5
45.5,-62.5,3.6023706E-5
45.5,-61.5,3.855846E-5
45.5,-0.5,2.5665791E-5
45.5,0.5,2.6710306E-5
45.5,1.5,2.6994954E-5
45.5,2.5,2.6126283E-5
45.5,3.5,2.7825294E-5
45.5,4.5,3.266595E-5
45.5,5.5,3.76181E-5
45.5,6.5,3.2774107E-5
45.5,7.5,3.2914744E-5
45.5,8.5,4.2004904E-5
45.5,9.5,4.1431875E-5
45.5,10.5,3.8845348E-5
45.5,11.5,3.4469227E-5
45.5,12.5,4.5308905E-5
45.5,13.5,4.7561676E-5
45.5,14.5,3.5379446E-5
45.5,15.5,3.5066183E-5
45.5,16.5,3.6376357E-5
45.5,17.5,3.421576E-5
45.5,18.5,3.2124728E-5
45.5,19.5,2.9489347E-5
45.5,20.5,2.6764932E-5
45.5,21.5,2.5030593E-5
45.5,22.5,2.5094023E-5
45.5,23.5,2.520139E-5
45.5,24.5,2.5437252E-5
45.5,25.5,2.5073574E-5
45.5,26.5,2.494291E-5
45.5,27.5,2.3175791E-5
45.5,28.5,2.0644948E-5
45.5,29.5,2.1325077E-5
45.5,33.5,1.7420434E-5
45.5,34.5,1.653731E-5
45.5,38.5,2.0587337E-5
45.5,39.5,2.3642035E-5
45.5,40.5,2.5636647E-5
45.5,41.5,2.6185697E-5
45.5,42.5,2.3506864E-5
45.5,43.5,2.1220665E-5
45.5,44.5,1.872328E-5
45.5,45.5,1.5698575E-5
45.5,46.5,1.2285511E-5
45.5,47.5,1.3278768E-5
45.5,53.5,8.11456E-6
45.5,54.5,7.762009E-6
45.5,55.5,7.2487014E-6
45.5,56.5,7.54381E-6
45.5,57.5,7.817903E-6
45.5,58.5,9.763436E-6
45.5,59.5,1.1834325E-5
45.5,60.5,1.2831972E-5
45.5,61.5,1.0983304E-5
45.5,62.5,8.358789E-6
45.5,63.5,7.4569953E-6
45.5,64.5,7.5509442E-6
45.5,65.5,8.405475E-6
45.5,66.5,8.886083E-6
45.5,67.5,9.030689E-6
45.5,68.5,9.492036E-6
45.5,69.5,1.03996945E-5
45.5,70.5,1.1451164E-5
45.5,71.5,1.20987215E-5
45.5,72.5,1.222398E-5
45.5,73.5,1.5589585E-5
45.5,74.5,1.4665516E-5
45.5,75.5,1.0239818E-5
45.5,76.5,9.866782E-6
45.5,77.5,1.1495386E-5
45.5,78.5,1.26679215E-5
45.5,79.5,1.3311031E-5
45.5,80.5,1.2910584E-5
45.5,81.5,1.2688107E-5
45.5,82.5,1.2010174E-5
45.5,83.5,1.0075793E-5
45.5,84.5,9.874414E-6
45.5,85.5,9.969469E-6
45.5,86.5,8.773336E-6
45.5,87.5,7.659279E-6
45.5,88.5,6.8227723E-6
45.5,89.5,5.9311574E-6
45.5,90.5,5.2151922E-6
45.5,91.5,4.730625E-6
45.5,92.5,4.40692E-6
45.5,93.5,3.984458E-6
45.5,94.5,4.0381587E-6
45.5,95.5,4.161264E-6
45.5,96.5,4.278046E-6
45.5,97.5,4.661271E-6
45.5,98.5,5.2720125E-6
45.5,99.5,6.026228E-6
45.5,100.5,6.6174057E-6
45.5,101.5,6.911092E-6
45.5,102.5,6.8765935E-6
45.5,103.5,6.7140854E-6
45.5,104.5,6.4420606E-6
45.5,105.5,6.089119E-6
45.5,106.5,5.5772343E-6
45.5,107.5,5.609374E-6
45.5,108.5,5.7380144E-6
45.5,109.5,5.968847E-6
45.5,110.5,6.6066877E-6
45.5,111.5,7.1924765E-6
45.5,112.5,7.6476745E-6
45.5,113.5,8.075049E-6
45.5,114.5,8.579818E-6
45.5,115.5,9.10898E-6
45.5,116.5,9.8003575E-6
45.5,117.5,1.1537869E-5
45.5,118.5,1.2797412E-5
45.5,119.5,1.3834905E-5
45.5,120.5,1.5405605E-5
45.5,121.5,1.657901E-5
45.5,122.5,1.6712536E-5
45.5,123.5,1.7432441E-5
45.5,124.5,1.9054884E-5
45.5,125.5,2.016569E-5
45.5,126.5,2.165488E-5
45.5,127.5,2.27664E-5
45.5,128.5,2.464927E-5
45.5,129.5,2.3935068E-5
45.5,130.5,2.298714E-5
45.5,131.5,2.3644097E-5
45.5,132.5,2.6210806E-5
45.5,133.5,2.6231119E-5
45.5,134.5,2.6872889E-5
45.5,135.5,2.6047112E-5
45.5,136.5,2.6868549E-5
46.5,-123.5,5.2353418E-5
46.5,-122.5,4.1395066E-5
46.5,-121.5,2.9874423E-5
46.5,-120.5,2.6194977E-5
46.5,-119.5,2.3094937E-5
46.5,-118.5,1.7010987E-5
46.5,-117.5,1.9351146E-5
46.5,-116.5,2.4262878E-5
46.5,-115.5,2.2595375E-5
46.5,-114.5,1.8127113E-5
46.5,-113.5,1.5182793E-5
46.5,-112.5,1.50772885E-5
46.5,-111.5,1.5592625E-5
46.5,-110.5,1.4548529E-5
46.5,-109.5,1.52118055E-5
46.5,-108.5,1.5383597E-5
46.5,-107.5,1.4533296E-5
46.5,-106.5,1.3790882E-5
46.5,-105.5,1.4088389E-5
46.5,-104.5,1.4155395E-5
46.5,-103.5,1.4602948E-5
46.5,-102.5,1.584222E-5
46.5,-101.5,1.7359416E-5
46.5,-100.5,1.8469658E-5
46.5,-99.5,1.8979397E-5
46.5,-98.5,1.9036355E-5
46.5,-97.5,1.9831037E-5
46.5,-96.5,2.0942694E-5
46.5,-95.5,2.3339935E-5
46.5,-94.5,2.5792036E-5
46.5,-93.5,2.7963111E-5
46.5,-92.5,2.9289857E-5
46.5,-91.5,3.2167038E-5
46.5,-90.5,3.2191354E-5
46.5,-89.5,2.8539014E-5
46.5,-88.5,2.4180128E-5
46.5,-87.5,2.7344931E-5
46.5,-86.5,3.024591E-5
46.5,-85.5,3.069786E-5
46.5,-84.5,3.0313397E-5
46.5,-83.5,2.8487395E-5
46.5,-82.5,2.679838E-5
46.5,-81.5,2.5170522E-5
46.5,-80.5,2.7128095E-5
46.5,-79.5,2.9014689E-5
46.5,-78.5,2.9368743E-5
46.5,-77.5,2.9194527E-5
46.5,-76.5,3.0528245E-5
46.5,-75.5,3.2700184E-5
46.5,-74.5,3.3304335E-5
46.5,-73.5,3.534055E-5
46.5,-72.5,3.776503E-5
46.5,-71.5,3.7518694E-5
46.5,-70.5,3.5444387E-5
46.5,-69.5,3.5405137E-5
46.5,-68.5,3.546712E-5
46.5,-67.5,3.4946002E-5
46.5,-66.5,3.3942753E-5
46.5,-65.5,3.340022E-5
46.5,-64.5,3.950138E-5
46.5,-60.5,4.02729E-5
46.5,-1.5,2.541107E-5
46.5,-0.5,2.1659233E-5
46.5,0.5,2.5444193E-5
46.5,1.5,2.687826E-5
46.5,2.5,2.7572874E-5
46.5,3.5,2.9017388E-5
46.5,4.5,3.2653814E-5
46.5,5.5,3.7875358E-5
46.5,6.5,4.1480882E-5
46.5,7.5,3.7894122E-5
46.5,8.5,3.597114E-5
46.5,9.5,3.3396183E-5
46.5,10.5,2.9360976E-5
46.5,11.5,2.9261713E-5
46.5,12.5,3.2738342E-5
46.5,13.5,3.7657E-5
46.5,14.5,3.8615854E-5
46.5,15.5,3.7332833E-5
46.5,16.5,3.330521E-5
46.5,17.5,3.027873E-5
46.5,18.5,2.6763586E-5
46.5,19.5,2.4928468E-5
46.5,20.5,2.442436E-5
46.5,21.5,2.521262E-5
46.5,22.5,2.6246058E-5
46.5,23.5,2.7959852E-5
46.5,24.5,2.7944503E-5
46.5,25.5,2.4847126E-5
46.5,26.5,2.4553658E-5
46.5,27.5,2.3390947E-5
46.5,28.5,2.0626965E-5
46.5,29.5,1.8035791E-5
46.5,30.5,1.9693205E-5
46.5,32.5,1.7970135E-5
46.5,33.5,1.62777E-5
46.5,34.5,1.7932885E-5
46.5,35.5,2.2217682E-5
46.5,38.5,2.6347794E-5
46.5,39.5,2.1926415E-5
46.5,40.5,2.1965288E-5
46.5,41.5,2.249935E-5
46.5,42.5,2.1040294E-5
46.5,43.5,1.7092898E-5
46.5,44.5,1.4617539E-5
46.5,45.5,1.3139942E-5
46.5,46.5,1.1406473E-5
46.5,47.5,1.1238608E-5
46.5,48.5,9.674569E-6
46.5,49.5,1.0651701E-5
46.5,53.5,8.349649E-6
46.5,54.5,7.4509753E-6
46.5,55.5,7.723133E-6
46.5,56.5,8.367682E-6
46.5,57.5,8.2365E-6
46.5,58.5,8.027621E-6
46.5,59.5,8.898836E-6
46.5,60.5,1.0641921E-5
46.5,61.5,9.982341E-6
46.5,62.5,7.871363E-6
46.5,63.5,7.327839E-6
46.5,64.5,7.684941E-6
46.5,65.5,8.49164E-6
46.5,66.5,9.164613E-6
46.5,67.5,9.317785E-6
46.5,68.5,9.429195E-6
46.5,69.5,1.034014E-5
46.5,70.5,1.1590211E-5
46.5,71.5,1.235967E-5
46.5,72.5,1.2359458E-5
46.5,73.5,1.4526613E-5
46.5,74.5,1.643577E-5
46.5,75.5,1.3928014E-5
46.5,76.5,1.1752965E-5
46.5,77.5,1.2952366E-5
46.5,78.5,1.460861E-5
46.5,79.5,1.45170825E-5
46.5,80.5,1.6939519E-5
46.5,81.5,1.9616667E-5
46.5,82.5,1.4233543E-5
46.5,83.5,1.0404585E-5
46.5,84.5,9.02915E-6
46.5,85.5,9.005409E-6
46.5,86.5,8.73311E-6
46.5,87.5,8.486301E-6
46.5,88.5,7.694556E-6
46.5,89.5,7.197315E-6
46.5,90.5,6.014511E-6
46.5,91.5,4.6793048E-6
46.5,92.5,4.345988E-6
46.5,93.5,4.4633684E-6
46.5,94.5,5.0791887E-6
46.5,95.5,5.44529E-6
46.5,96.5,5.458916E-6
46.5,97.5,5.5841533E-6
46.5,98.5,5.79242E-6
46.5,99.5,6.630616E-6
46.5,100.5,7.589159E-6
46.5,101.5,8.463903E-6
46.5,102.5,8.993582E-6
46.5,103.5,8.601171E-6
46.5,104.5,7.8192725E-6
46.5,105.5,7.206117E-6
46.5,106.5,6.7581886E-6
46.5,107.5,6.9207413E-6
46.5,108.5,6.938573E-6
46.5,109.5,7.2653793E-6
46.5,110.5,7.773363E-6
46.5,111.5,8.2660235E-6
46.5,112.5,8.5105485E-6
46.5,113.5,8.667614E-6
46.5,114.5,8.973508E-6
46.5,115.5,9.326176E-6
46.5,116.5,9.669333E-6
46.5,117.5,1.110773E-5
46.5,118.5,1.2775104E-5
46.5,119.5,1.4077645E-5
46.5,120.5,1.5797254E-5
46.5,121.5,1.7824786E-5
46.5,122.5,1.7601136E-5
46.5,123.5,1.7773851E-5
46.5,124.5,1.8807295E-5
46.5,125.5,1.9440025E-5
46.5,126.5,2.0823882E-5
46.5,127.5,2.2366317E-5
46.5,128.5,2.3950734E-5
46.5,129.5,2.4248478E-5
46.5,130.5,2.3428947E-5
46.5,131.5,2.2547205E-5
46.5,132.5,2.3358281E-5
46.5,133.5,2.5377505E-5
46.5,134.5,2.8122362E-5
46.5,135.5,2.8974398E-5
46.5,136.5,2.6646272E-5
46.5,137.5,2.6842385E-5
46.5,142.5,2.7146776E-5
47.5,-123.5,4.328225E-5
47.5,-122.5,5.0656043E-5
47.5,-121.5,3.833291E-5
47.5,-120.5,2.7301645E-5
47.5,-119.5,2.3209303E-5
47.5,-118.5,1.7350432E-5
47.5,-117.5,1.9735768E-5
47.5,-116.5,2.2549559E-5
47.5,-115.5,2.0178308E-5
47.5,-114.5,2.0201122E-5
47.5,-113.5,1.7357363E-5
47.5,-112.5,1.503085E-5
47.5,-111.5,1.5038531E-5
47.5,-110.5,1.4392076E-5
47.5,-109.5,1.4779949E-5
47.5,-108.5,1.5433006E-5
47.5,-107.5,1.515456E-5
47.5,-106.5,1.4478876E-5
47.5,-105.5,1.4201801E-5
47.5,-104.5,1.45729855E-5
47.5,-103.5,1.5230912E-5
47.5,-102.5,1.721788E-5
47.5,-101.5,1.842608E-5
47.5,-100.5,1.8048164E-5
47.5,-99.5,1.8255847E-5
47.5,-98.5,1.8809857E-5
47.5,-97.5,1.9257976E-5
47.5,-96.5,1.9244131E-5
47.5,-95.5,2.1423997E-5
47.5,-94.5,2.4728071E-5
47.5,-93.5,2.4275652E-5
47.5,-92.5,2.4093813E-5
47.5,-91.5,2.790797E-5
47.5,-84.5,3.142917E-5
47.5,-83.5,2.5868321E-5
47.5,-82.5,2.7505066E-5
47.5,-81.5,2.6377793E-5
47.5,-80.5,2.6518584E-5
47.5,-79.5,2.8960789E-5
47.5,-78.5,3.1027055E-5
47.5,-77.5,3.2111697E-5
47.5,-76.5,3.2258E-5
47.5,-75.5,3.125348E-5
47.5,-74.5,3.30621E-5
47.5,-73.5,3.3813216E-5
47.5,-72.5,3.4134715E-5
47.5,-71.5,3.295956E-5
47.5,-70.5,3.602201E-5
47.5,-69.5,3.5644694E-5
47.5,-68.5,3.1399537E-5
47.5,-67.5,3.1957257E-5
47.5,-66.5,3.393581E-5
47.5,-65.5,3.8686903E-5
47.5,-55.5,4.02266E-5
47.5,-54.5,3.7780523E-5
47.5,-53.5,3.5526766E-5
47.5,-2.5,2.3834778E-5
47.5,-1.5,2.0646685E-5
47.5,-0.5,2.3234415E-5
47.5,0.5,2.5755842E-5
47.5,1.5,2.5931638E-5
47.5,2.5,2.6416617E-5
47.5,3.5,2.6529047E-5
47.5,4.5,2.8452034E-5
47.5,5.5,3.239074E-5
47.5,6.5,3.5339403E-5
47.5,7.5,3.7590286E-5
47.5,8.5,4.1585474E-5
47.5,9.5,4.2504726E-5
47.5,10.5,3.7186997E-5
47.5,11.5,3.6398E-5
47.5,12.5,3.7785805E-5
47.5,13.5,3.8186852E-5
47.5,14.5,3.49513E-5
47.5,15.5,3.1831416E-5
47.5,16.5,3.0292915E-5
47.5,17.5,2.9578274E-5
47.5,18.5,2.8338822E-5
47.5,19.5,2.7325255E-5
47.5,20.5,2.655601E-5
47.5,21.5,2.6633645E-5
47.5,22.5,2.8145505E-5
47.5,23.5,2.9593059E-5
47.5,24.5,2.6591146E-5
47.5,25.5,2.4937859E-5
47.5,26.5,2.5480158E-5
47.5,27.5,2.394638E-5
47.5,28.5,2.2291251E-5
47.5,29.5,2.0547806E-5
47.5,30.5,1.8893468E-5
47.5,31.5,1.8673165E-5
47.5,32.5,1.7877304E-5
47.5,33.5,1.8637895E-5
47.5,34.5,2.0704458E-5
47.5,35.5,1.9171164E-5
47.5,36.5,1.7288245E-5
47.5,37.5,1.910851E-5
47.5,38.5,2.2311182E-5
47.5,39.5,2.2550254E-5
47.5,40.5,2.2033439E-5
47.5,41.5,2.1641627E-5
47.5,42.5,2.0475727E-5
47.5,43.5,1.6967297E-5
47.5,44.5,1.4967341E-5
47.5,45.5,1.4066231E-5
47.5,46.5,1.3246505E-5
47.5,47.5,1.2316915E-5
47.5,48.5,9.813365E-6
47.5,49.5,9.144759E-6
47.5,50.5,9.007833E-6
47.5,51.5,8.943891E-6
47.5,52.5,8.830837E-6
47.5,53.5,8.585752E-6
47.5,54.5,8.463982E-6
47.5,55.5,8.743357E-6
47.5,56.5,8.924546E-6
47.5,57.5,9.315596E-6
47.5,58.5,9.185365E-6
47.5,59.5,8.509802E-6
47.5,60.5,8.354927E-6
47.5,61.5,8.317155E-6
47.5,62.5,8.064937E-6
47.5,63.5,7.926241E-6
47.5,64.5,8.849893E-6
47.5,65.5,9.8103E-6
47.5,66.5,1.0181984E-5
47.5,67.5,1.0398127E-5
47.5,68.5,1.0495877E-5
47.5,69.5,1.1267112E-5
47.5,70.5,1.2094442E-5
47.5,71.5,1.29738255E-5
47.5,72.5,1.2839586E-5
47.5,73.5,1.276434E-5
47.5,74.5,1.2047207E-5
47.5,75.5,1.05338495E-5
47.5,76.5,9.484353E-6
47.5,77.5,9.702818E-6
47.5,78.5,1.0295356E-5
47.5,79.5,1.153784E-5
47.5,80.5,1.2609799E-5
47.5,81.5,1.2635263E-5
47.5,82.5,1.2840445E-5
47.5,83.5,1.4740148E-5
47.5,84.5,1.4970768E-5
47.5,85.5,1.2781533E-5
47.5,86.5,1.2360577E-5
47.5,87.5,1.1413916E-5
47.5,88.5,8.506492E-6
47.5,89.5,6.8794247E-6
47.5,90.5,5.3009016E-6
47.5,91.5,4.811918E-6
47.5,92.5,5.644921E-6
47.5,93.5,5.4014813E-6
47.5,94.5,5.2577448E-6
47.5,95.5,5.6873228E-6
47.5,96.5,6.19823E-6
47.5,97.5,6.532447E-6
47.5,98.5,6.9810512E-6
47.5,99.5,7.962866E-6
47.5,100.5,9.179818E-6
47.5,101.5,1.03220145E-5
47.5,102.5,1.0201636E-5
47.5,103.5,1.0019261E-5
47.5,104.5,9.5402265E-6
47.5,105.5,9.071316E-6
47.5,106.5,8.657416E-6
47.5,107.5,8.873251E-6
47.5,108.5,9.084886E-6
47.5,109.5,9.441962E-6
47.5,110.5,9.832018E-6
47.5,111.5,9.998239E-6
47.5,112.5,9.712471E-6
47.5,113.5,9.545397E-6
47.5,114.5,9.800824E-6
47.5,115.5,9.760214E-6
47.5,116.5,9.8878645E-6
47.5,117.5,1.1215757E-5
47.5,118.5,1.2455596E-5
47.5,119.5,1.3713503E-5
47.5,120.5,1.5211563E-5
47.5,121.5,1.7570148E-5
47.5,122.5,1.8110648E-5
47.5,123.5,1.8482726E-5
47.5,124.5,1.915357E-5
47.5,125.5,1.9673154E-5
47.5,126.5,2.0704048E-5
47.5,127.5,2.2368173E-5
47.5,128.5,2.3850198E-5
47.5,129.5,2.4235149E-5
47.5,130.5,2.4976473E-5
47.5,131.5,2.5286967E-5
47.5,132.5,2.5671852E-5
47.5,133.5,2.616769E-5
47.5,134.5,2.7707078E-5
47.5,135.5,2.9270035E-5
47.5,136.5,2.9046601E-5
47.5,137.5,2.6341982E-5
47.5,138.5,2.8907623E-5
47.5,142.5,2.6651396E-5
48.5,-124.5,6.644945E-5
48.5,-123.5,6.589337E-5
48.5,-122.5,6.722904E-5
48.5,-121.5,4.1660594E-5
48.5,-120.5,2.7576838E-5
48.5,-119.5,2.2310243E-5
48.5,-118.5,1.7430859E-5
48.5,-117.5,1.9786285E-5
48.5,-116.5,2.2525757E-5
48.5,-115.5,2.139062E-5
48.5,-114.5,2.081695E-5
48.5,-113.5,1.7897077E-5
48.5,-112.5,1.555534E-5
48.5,-111.5,1.3695656E-5
48.5,-110.5,1.34964475E-5
48.5,-109.5,1.4067864E-5
48.5,-108.5,1.4720315E-5
48.5,-107.5,1.4320109E-5
48.5,-106.5,1.3824726E-5
48.5,-105.5,1.403671E-5
48.5,-104.5,1.4573801E-5
48.5,-103.5,1.5051875E-5
48.5,-102.5,1.6023712E-5
48.5,-101.5,1.6795042E-5
48.5,-100.5,1.75637E-5
48.5,-99.5,1.7939085E-5
48.5,-98.5,1.7909182E-5
48.5,-97.5,1.8305114E-5
48.5,-96.5,1.8206158E-5
48.5,-95.5,1.9387466E-5
48.5,-94.5,2.0842592E-5
48.5,-93.5,2.2209768E-5
48.5,-92.5,2.5060634E-5
48.5,-91.5,2.5140384E-5
48.5,-90.5,2.2682365E-5
48.5,-89.5,2.300723E-5
48.5,-85.5,2.3599125E-5
48.5,-84.5,2.5391395E-5
48.5,-83.5,2.7098218E-5
48.5,-82.5,2.5726802E-5
48.5,-81.5,2.394792E-5
48.5,-80.5,2.529155E-5
48.5,-79.5,2.7666758E-5
48.5,-78.5,2.7798695E-5
48.5,-77.5,2.813062E-5
48.5,-76.5,2.917283E-5
48.5,-75.5,3.327062E-5
48.5,-74.5,3.5142875E-5
48.5,-73.5,3.1592677E-5
48.5,-72.5,3.4981676E-5
48.5,-71.5,3.6512105E-5
48.5,-70.5,3.1987256E-5
48.5,-69.5,3.506849E-5
48.5,-68.5,3.754531E-5
48.5,-67.5,3.244586E-5
48.5,-66.5,2.8123734E-5
48.5,-65.5,2.7847293E-5
48.5,-58.5,3.631088E-5
48.5,-57.5,3.1722127E-5
48.5,-56.5,3.3095203E-5
48.5,-55.5,3.259419E-5
48.5,-54.5,3.330518E-5
48.5,-3.5,2.171669E-5
48.5,-2.5,2.464431E-5
48.5,-1.5,2.281268E-5
48.5,-0.5,1.9696183E-5
48.5,0.5,2.0292895E-5
48.5,1.5,2.2142074E-5
48.5,2.5,2.448445E-5
48.5,3.5,2.5147889E-5
48.5,4.5,2.7685E-5
48.5,5.5,2.9592724E-5
48.5,6.5,3.1214146E-5
48.5,7.5,3.1711756E-5
48.5,8.5,3.124462E-5
48.5,9.5,3.131452E-5
48.5,10.5,3.257072E-5
48.5,11.5,3.388908E-5
48.5,12.5,3.5304267E-5
48.5,13.5,3.5434634E-5
48.5,14.5,3.271631E-5
48.5,15.5,2.9228751E-5
48.5,16.5,2.7598633E-5
48.5,17.5,2.7979548E-5
48.5,18.5,2.7828568E-5
48.5,19.5,2.7403645E-5
48.5,20.5,2.7307131E-5
48.5,21.5,2.8222403E-5
48.5,22.5,2.9471048E-5
48.5,23.5,2.9297751E-5
48.5,24.5,2.8270166E-5
48.5,25.5,2.6910095E-5
48.5,26.5,2.407231E-5
48.5,27.5,2.2695689E-5
48.5,28.5,2.1458236E-5
48.5,29.5,2.1195929E-5
48.5,30.5,2.1029557E-5
48.5,31.5,2.0642272E-5
48.5,32.5,2.0640879E-5
48.5,33.5,2.0777923E-5
48.5,34.5,2.2006516E-5
48.5,35.5,2.2104427E-5
48.5,36.5,2.2248716E-5
48.5,37.5,2.2830936E-5
48.5,38.5,2.2785067E-5
48.5,39.5,2.2072916E-5
48.5,40.5,2.1700916E-5
48.5,41.5,2.0460677E-5
48.5,42.5,1.9824465E-5
48.5,43.5,1.8695255E-5
48.5,44.5,1.7040285E-5
48.5,45.5,1.563439E-5
48.5,46.5,1.3422841E-5
48.5,47.5,1.2498499E-5
48.5,48.5,1.1029509E-5
48.5,49.5,1.0363042E-5
48.5,50.5,1.0081479E-5
48.5,51.5,1.0093404E-5
48.5,52.5,9.840419E-6
48.5,53.5,9.459533E-6
48.5,54.5,9.572538E-6
48.5,55.5,9.773982E-6
48.5,56.5,9.9889985E-6
48.5,57.5,1.0167062E-5
48.5,58.5,1.0075213E-5
48.5,59.5,9.570926E-6
48.5,60.5,9.090291E-6
48.5,61.5,8.959433E-6
48.5,62.5,9.078434E-6
48.5,63.5,8.872289E-6
48.5,64.5,9.632903E-6
48.5,65.5,1.0815489E-5
48.5,66.5,1.15143175E-5
48.5,67.5,1.0928822E-5
48.5,68.5,1.0724146E-5
48.5,69.5,1.1628237E-5
48.5,70.5,1.2826956E-5
48.5,71.5,1.3688851E-5
48.5,72.5,1.4228785E-5
48.5,73.5,1.46319435E-5
48.5,74.5,1.38539635E-5
48.5,75.5,1.2500435E-5
48.5,76.5,1.1335556E-5
48.5,77.5,1.14194045E-5
48.5,78.5,1.1381394E-5
48.5,79.5,1.2506761E-5
48.5,80.5,1.4448312E-5
48.5,81.5,1.5253242E-5
48.5,82.5,1.6196384E-5
48.5,83.5,1.881445E-5
48.5,84.5,1.7195058E-5
48.5,85.5,1.5481242E-5
48.5,86.5,1.4525184E-5
48.5,87.5,1.09577E-5
48.5,88.5,7.343052E-6
48.5,89.5,6.286832E-6
48.5,90.5,5.8911096E-6
48.5,91.5,5.4464367E-6
48.5,92.5,5.725113E-6
48.5,93.5,5.497421E-6
48.5,94.5,5.580063E-6
48.5,95.5,6.2984536E-6
48.5,96.5,6.9530915E-6
48.5,97.5,8.173069E-6
48.5,98.5,8.884368E-6
48.5,99.5,9.653468E-6
48.5,100.5,1.0162412E-5
48.5,101.5,1.0775771E-5
48.5,102.5,1.0789776E-5
48.5,103.5,1.0973175E-5
48.5,104.5,1.1061356E-5
48.5,105.5,1.06864145E-5
48.5,106.5,1.0545259E-5
48.5,107.5,1.0667755E-5
48.5,108.5,1.0999963E-5
48.5,109.5,1.1473195E-5
48.5,110.5,1.1799234E-5
48.5,111.5,1.1600323E-5
48.5,112.5,1.1106798E-5
48.5,113.5,1.0874491E-5
48.5,114.5,1.0586131E-5
48.5,115.5,1.0028111E-5
48.5,116.5,1.0218669E-5
48.5,117.5,1.1421546E-5
48.5,118.5,1.1661804E-5
48.5,119.5,1.3309357E-5
48.5,120.5,1.501075E-5
48.5,121.5,1.6986845E-5
48.5,122.5,1.8403009E-5
48.5,123.5,1.9294454E-5
48.5,124.5,1.9565667E-5
48.5,125.5,1.9923451E-5
48.5,126.5,2.070341E-5
48.5,127.5,2.1985037E-5
48.5,128.5,2.3100827E-5
48.5,129.5,2.4657904E-5
48.5,130.5,2.6681633E-5
48.5,131.5,2.6680193E-5
48.5,132.5,2.7218322E-5
48.5,133.5,2.7993912E-5
48.5,134.5,2.908795E-5
48.5,135.5,2.9845605E-5
48.5,136.5,2.9300894E-5
48.5,137.5,2.7165817E-5
48.5,138.5,2.4767456E-5
48.5,139.5,2.5930583E-5
48.5,142.5,2.7940872E-5
49.5,-126.5,6.709295E-5
49.5,-125.5,5.341323E-5
49.5,-124.5,5.917002E-5
49.5,-123.5,5.9767277E-5
49.5,-122.5,4.29453E-5
49.5,-121.5,3.1242882E-5
49.5,-120.5,2.5729403E-5
49.5,-119.5,2.3613222E-5
49.5,-118.5,2.0264011E-5
49.5,-117.5,2.1366928E-5
49.5,-116.5,2.0813044E-5
49.5,-115.5,1.953963E-5
49.5,-114.5,1.7562406E-5
49.5,-113.5,1.7588347E-5
49.5,-112.5,1.5968124E-5
49.5,-111.5,1.3154166E-5
49.5,-110.5,1.2606669E-5
49.5,-109.5,1.3178956E-5
49.5,-108.5,1.37557E-5
49.5,-107.5,1.3729503E-5
49.5,-106.5,1.3371075E-5
49.5,-105.5,1.3745153E-5
49.5,-104.5,1.3982307E-5
49.5,-103.5,1.4509212E-5
49.5,-102.5,1.5690415E-5
49.5,-101.5,1.6682327E-5
49.5,-100.5,1.695779E-5
49.5,-99.5,1.6696584E-5
49.5,-98.5,1.6716955E-5
49.5,-97.5,1.6817303E-5
49.5,-96.5,1.6717622E-5
49.5,-95.5,1.991769E-5
49.5,-94.5,2.497789E-5
49.5,-93.5,2.414576E-5
49.5,-92.5,2.3080831E-5
49.5,-91.5,2.3128796E-5
49.5,-90.5,2.3117356E-5
49.5,-89.5,2.3657274E-5
49.5,-88.5,2.6380976E-5
49.5,-87.5,2.3275059E-5
49.5,-86.5,2.2719634E-5
49.5,-85.5,2.3765655E-5
49.5,-84.5,2.5277759E-5
49.5,-83.5,2.5484484E-5
49.5,-82.5,2.482766E-5
49.5,-81.5,2.338392E-5
49.5,-80.5,2.3755172E-5
49.5,-79.5,2.4502462E-5
49.5,-78.5,2.547781E-5
49.5,-77.5,2.7883434E-5
49.5,-76.5,2.9553446E-5
49.5,-75.5,3.0661125E-5
49.5,-74.5,3.2116306E-5
49.5,-73.5,3.0509302E-5
49.5,-72.5,2.9522984E-5
49.5,-71.5,3.1874195E-5
49.5,-70.5,3.219685E-5
49.5,-69.5,3.0718096E-5
49.5,-68.5,3.1922093E-5
49.5,-67.5,3.7267295E-5
49.5,-57.5,3.4979756E-5
49.5,-56.5,3.366123E-5
49.5,-55.5,3.9048304E-5
49.5,-54.5,3.994461E-5
49.5,0.5,2.5757647E-5
49.5,1.5,2.03401E-5
49.5,2.5,2.1684147E-5
49.5,3.5,2.4558472E-5
49.5,4.5,2.6721566E-5
49.5,5.5,2.7683836E-5
49.5,6.5,2.8892762E-5
49.5,7.5,2.9727984E-5
49.5,8.5,3.1307332E-5
49.5,9.5,3.0631734E-5
49.5,10.5,2.9962142E-5
49.5,11.5,2.9379324E-5
49.5,12.5,2.8668743E-5
49.5,13.5,2.9149673E-5
49.5,14.5,2.8435446E-5
49.5,15.5,2.5739937E-5
49.5,16.5,2.4338804E-5
49.5,17.5,2.5711142E-5
49.5,18.5,2.656151E-5
49.5,19.5,2.580465E-5
49.5,20.5,2.5448815E-5
49.5,21.5,2.5961248E-5
49.5,22.5,2.6756861E-5
49.5,23.5,2.8453182E-5
49.5,24.5,2.7584352E-5
49.5,25.5,2.457895E-5
49.5,26.5,2.2890981E-5
49.5,27.5,2.2401233E-5
49.5,28.5,2.1933125E-5
49.5,29.5,2.1593545E-5
49.5,30.5,2.1835953E-5
49.5,31.5,2.3119894E-5
49.5,32.5,2.5379166E-5
49.5,33.5,2.3803248E-5
49.5,34.5,2.26701E-5
49.5,35.5,2.3090006E-5
49.5,36.5,2.4233073E-5
49.5,37.5,2.4780566E-5
49.5,38.5,2.4575893E-5
49.5,39.5,2.3769566E-5
49.5,40.5,2.2565047E-5
49.5,41.5,2.1513855E-5
49.5,42.5,1.9792005E-5
49.5,43.5,1.832911E-5
49.5,44.5,1.757234E-5
49.5,45.5,1.6490952E-5
49.5,46.5,1.4647023E-5
49.5,47.5,1.3921423E-5
49.5,48.5,1.3292179E-5
49.5,49.5,1.2614594E-5
49.5,50.5,1.2022379E-5
49.5,51.5,1.1760592E-5
49.5,52.5,1.1667169E-5
49.5,53.5,1.1425185E-5
49.5,54.5,1.1511225E-5
49.5,55.5,1.1483783E-5
49.5,56.5,1.1581823E-5
49.5,57.5,1.1729033E-5
49.5,58.5,1.1461059E-5
49.5,59.5,1.1008129E-5
49.5,60.5,1.0598105E-5
49.5,61.5,1.0214876E-5
49.5,62.5,1.0323036E-5
49.5,63.5,1.0320126E-5
49.5,64.5,1.1113614E-5
49.5,65.5,1.2432896E-5
49.5,66.5,1.3091824E-5
49.5,67.5,1.2228363E-5
49.5,68.5,1.2072315E-5
49.5,69.5,1.2989756E-5
49.5,70.5,1.3608906E-5
49.5,71.5,1.4708801E-5
49.5,72.5,1.530893E-5
49.5,73.5,1.564286E-5
49.5,74.5,1.5002541E-5
49.5,75.5,1.4081991E-5
49.5,76.5,1.2868146E-5
49.5,77.5,1.27163885E-5
49.5,78.5,1.3019938E-5
49.5,79.5,1.4211474E-5
49.5,80.5,1.5804557E-5
49.5,81.5,1.6884323E-5
49.5,82.5,1.741147E-5
49.5,83.5,1.9832894E-5
49.5,84.5,1.9547639E-5
49.5,85.5,1.753239E-5
49.5,86.5,1.6026346E-5
49.5,87.5,1.2003933E-5
49.5,88.5,9.044065E-6
49.5,89.5,8.47302E-6
49.5,90.5,8.23762E-6
49.5,91.5,7.0666815E-6
49.5,92.5,7.3415017E-6
49.5,93.5,7.390096E-6
49.5,94.5,7.38663E-6
49.5,95.5,7.963263E-6
49.5,96.5,8.239708E-6
49.5,97.5,8.516464E-6
49.5,98.5,9.105418E-6
49.5,99.5,1.0095512E-5
49.5,100.5,1.0711656E-5
49.5,101.5,1.1616353E-5
49.5,102.5,1.26862205E-5
49.5,103.5,1.3340089E-5
49.5,104.5,1.2800759E-5
49.5,105.5,1.2163364E-5
49.5,106.5,1.1641903E-5
49.5,107.5,1.1508863E-5
49.5,108.5,1.17395E-5
49.5,109.5,1.1646848E-5
49.5,110.5,1.18363705E-5
49.5,111.5,1.2281774E-5
49.5,112.5,1.1954933E-5
49.5,113.5,1.1580499E-5
49.5,114.5,1.1306061E-5
49.5,115.5,1.1166215E-5
49.5,116.5,1.0943933E-5
49.5,117.5,1.1932307E-5
49.5,118.5,1.2506999E-5
49.5,119.5,1.3635092E-5
49.5,120.5,1.5185137E-5
49.5,121.5,1.6553993E-5
49.5,122.5,1.7631097E-5
49.5,123.5,1.9053838E-5
49.5,124.5,1.9330382E-5
49.5,125.5,1.9596717E-5
49.5,126.5,1.9945765E-5
49.5,127.5,2.2072489E-5
49.5,128.5,2.374657E-5
49.5,129.5,2.5386875E-5
49.5,130.5,2.627471E-5
49.5,131.5,2.6112688E-5
49.5,132.5,2.7000582E-5
49.5,133.5,2.784582E-5
49.5,134.5,2.7976208E-5
49.5,135.5,2.8720297E-5
49.5,136.5,3.1046246E-5
49.5,137.5,3.0605657E-5
49.5,138.5,2.6962822E-5
49.5,139.5,2.4762177E-5
49.5,142.5,2.5006937E-5
49.5,143.5,2.3743793E-5
50.5,-127.5,5.7595615E-5
50.5,-126.5,5.068015E-5
50.5,-125.5,5.304263E-5
50.5,-124.5,4.446004E-5
50.5,-123.5,2.9208855E-5
50.5,-122.5,2.4478559E-5
50.5,-121.5,2.209816E-5
50.5,-120.5,2.417011E-5
50.5,-119.5,2.7190748E-5
50.5,-118.5,2.6856214E-5
50.5,-117.5,2.4248016E-5
50.5,-116.5,2.085809E-5
50.5,-115.5,1.8000417E-5
50.5,-114.5,1.7198143E-5
50.5,-113.5,1.7294125E-5
50.5,-112.5,1.5317288E-5
50.5,-111.5,1.3362818E-5
50.5,-110.5,1.3290506E-5
50.5,-109.5,1.3678634E-5
50.5,-108.5,1.3756853E-5
50.5,-107.5,1.3638607E-5
50.5,-106.5,1.3634556E-5
50.5,-105.5,1.390507E-5
50.5,-104.5,1.3976244E-5
50.5,-103.5,1.4550292E-5
50.5,-102.5,1.5722271E-5
50.5,-101.5,1.6188287E-5
50.5,-100.5,1.5838576E-5
50.5,-99.5,1.6390875E-5
50.5,-98.5,1.8169965E-5
50.5,-97.5,1.8483574E-5
50.5,-96.5,1.8939361E-5
50.5,-95.5,1.9441728E-5
50.5,-94.5,2.1548087E-5
50.5,-93.5,2.2639677E-5
50.5,-92.5,2.3458893E-5
50.5,-91.5,2.3764063E-5
50.5,-90.5,2.5031886E-5
50.5,-89.5,2.5764592E-5
50.5,-88.5,2.6098633E-5
50.5,-87.5,2.4371837E-5
50.5,-86.5,2.3852652E-5
50.5,-85.5,2.3457385E-5
50.5,-84.5,2.3872746E-5
50.5,-83.5,2.379069E-5
50.5,-82.5,2.3143712E-5
50.5,-81.5,2.2196038E-5
50.5,-80.5,2.2160622E-5
50.5,-79.5,2.2680644E-5
50.5,-78.5,2.4247038E-5
50.5,-77.5,2.729012E-5
50.5,-76.5,2.8181681E-5
50.5,-75.5,2.7762031E-5
50.5,-74.5,2.9783998E-5
50.5,-73.5,3.0294912E-5
50.5,-72.5,2.7074586E-5
50.5,-71.5,2.8046348E-5
50.5,-70.5,2.8503007E-5
50.5,-69.5,2.8638422E-5
50.5,-68.5,2.8871138E-5
50.5,-67.5,2.7486136E-5
50.5,-66.5,2.994696E-5
50.5,-65.5,3.0941857E-5
50.5,-64.5,3.055098E-5
50.5,-63.5,3.0745996E-5
50.5,-62.5,3.237954E-5
50.5,-61.5,3.2120402E-5
50.5,-60.5,3.2882363E-5
50.5,-56.5,3.5456964E-5
50.5,-4.5,3.0182333E-5
50.5,-3.5,3.3294076E-5
50.5,2.5,1.9549536E-5
50.5,3.5,1.9909041E-5
50.5,4.5,2.3645902E-5
50.5,5.5,2.662847E-5
50.5,6.5,2.8138296E-5
50.5,7.5,2.9385355E-5
50.5,8.5,2.9703413E-5
50.5,9.5,2.8812854E-5
50.5,10.5,2.778821E-5
50.5,11.5,2.6895597E-5
50.5,12.5,2.6377375E-5
50.5,13.5,2.6896838E-5
50.5,14.5,2.6546753E-5
50.5,15.5,2.4873114E-5
50.5,16.5,2.4346074E-5
50.5,17.5,2.5170373E-5
50.5,18.5,2.5367486E-5
50.5,19.5,2.4702134E-5
50.5,20.5,2.4590261E-5
50.5,21.5,2.4981413E-5
50.5,22.5,2.527455E-5
50.5,23.5,2.5463567E-5
50.5,24.5,2.5196749E-5
50.5,25.5,2.4258703E-5
50.5,26.5,2.3627968E-5
50.5,27.5,2.3566945E-5
50.5,28.5,2.3434024E-5
50.5,29.5,2.327749E-5
50.5,30.5,2.3928102E-5
50.5,31.5,2.2477283E-5
50.5,32.5,2.1450116E-5
50.5,33.5,2.169568E-5
50.5,34.5,2.3115108E-5
50.5,35.5,2.4529936E-5
50.5,36.5,2.5082909E-5
50.5,37.5,2.4539228E-5
50.5,38.5,2.4236986E-5
50.5,39.5,2.4065615E-5
50.5,40.5,2.2599555E-5
50.5,41.5,2.2028387E-5
50.5,42.5,2.1238426E-5
50.5,43.5,2.0135743E-5
50.5,44.5,1.8984227E-5
50.5,45.5,1.8450459E-5
50.5,46.5,1.7423787E-5
50.5,47.5,1.603315E-5
50.5,48.5,1.5162249E-5
50.5,49.5,1.4632979E-5
50.5,50.5,1.449802E-5
50.5,51.5,1.4380029E-5
50.5,52.5,1.3891066E-5
50.5,53.5,1.3438082E-5
50.5,54.5,1.3577365E-5
50.5,55.5,1.3893104E-5
50.5,56.5,1.402486E-5
50.5,57.5,1.336446E-5
50.5,58.5,1.2889349E-5
50.5,59.5,1.253789E-5
50.5,60.5,1.19104E-5
50.5,61.5,1.14718005E-5
50.5,62.5,1.14793675E-5
50.5,63.5,1.1433346E-5
50.5,64.5,1.258308E-5
50.5,65.5,1.346203E-5
50.5,66.5,1.4172783E-5
50.5,67.5,1.472341E-5
50.5,68.5,1.5941552E-5
50.5,69.5,1.7034883E-5
50.5,70.5,1.6683476E-5
50.5,71.5,1.6740545E-5
50.5,72.5,1.59439E-5
50.5,73.5,1.5908516E-5
50.5,74.5,1.5632499E-5
50.5,75.5,1.5372105E-5
50.5,76.5,1.501801E-5
50.5,77.5,1.4541544E-5
50.5,78.5,1.41410255E-5
50.5,79.5,1.5203733E-5
50.5,80.5,1.7029683E-5
50.5,81.5,1.9224688E-5
50.5,82.5,2.0508673E-5
50.5,83.5,2.0123181E-5
50.5,84.5,1.8161929E-5
50.5,85.5,1.8591956E-5
50.5,86.5,1.9177913E-5
50.5,87.5,1.661387E-5
50.5,88.5,1.4009367E-5
50.5,89.5,1.21931635E-5
50.5,90.5,1.0896964E-5
50.5,91.5,1.0214904E-5
50.5,92.5,1.2127012E-5
50.5,93.5,1.0946874E-5
50.5,94.5,9.496824E-6
50.5,95.5,9.696119E-6
50.5,96.5,9.4302195E-6
50.5,97.5,9.801783E-6
50.5,98.5,9.655315E-6
50.5,99.5,1.0291869E-5
50.5,100.5,1.1973652E-5
50.5,101.5,1.29972605E-5
50.5,102.5,1.389005E-5
50.5,103.5,1.4455629E-5
50.5,104.5,1.3371303E-5
50.5,105.5,1.2388848E-5
50.5,106.5,1.1862235E-5
50.5,107.5,1.1493031E-5
50.5,108.5,1.1276481E-5
50.5,109.5,1.1610135E-5
50.5,110.5,1.2013489E-5
50.5,111.5,1.2426813E-5
50.5,112.5,1.20394625E-5
50.5,113.5,1.1850287E-5
50.5,114.5,1.20445975E-5
50.5,115.5,1.2356708E-5
50.5,116.5,1.2069722E-5
50.5,117.5,1.2397829E-5
50.5,118.5,1.3406369E-5
50.5,119.5,1.4745472E-5
50.5,120.5,1.5862912E-5
50.5,121.5,1.7029453E-5
50.5,122.5,1.793158E-5
50.5,123.5,1.9318457E-5
50.5,124.5,1.92256E-5
50.5,125.5,1.874865E-5
50.5,126.5,1.909415E-5
50.5,127.5,2.0924283E-5
50.5,128.5,2.1491762E-5
50.5,129.5,2.294421E-5
50.5,130.5,2.5063775E-5
50.5,131.5,2.6329277E-5
50.5,132.5,2.7292295E-5
50.5,133.5,2.6602464E-5
50.5,134.5,2.4917439E-5
50.5,135.5,2.5736561E-5
50.5,136.5,2.8405526E-5
50.5,137.5,3.0055638E-5
50.5,138.5,2.7241895E-5
50.5,139.5,2.4341025E-5
50.5,140.5,2.9948525E-5
50.5,142.5,2.5788488E-5
50.5,143.5,2.4841807E-5
51.5,-127.5,6.630712E-5
51.5,-126.5,4.3341355E-5
51.5,-125.5,3.4791075E-5
51.5,-124.5,2.9533036E-5
51.5,-123.5,2.4432573E-5
51.5,-122.5,2.2384402E-5
51.5,-121.5,2.0429776E-5
51.5,-120.5,2.261002E-5
51.5,-119.5,2.6156316E-5
51.5,-118.5,2.7816974E-5
51.5,-117.5,2.388473E-5
51.5,-116.5,1.9201036E-5
51.5,-115.5,1.7025162E-5
51.5,-114.5,1.7149305E-5
51.5,-113.5,1.6070799E-5
51.5,-112.5,1.4646989E-5
51.5,-111.5,1.3066561E-5
51.5,-110.5,1.2858266E-5
51.5,-109.5,1.3271982E-5
51.5,-108.5,1.3399936E-5
51.5,-107.5,1.3543118E-5
51.5,-106.5,1.3649388E-5
51.5,-105.5,1.3802109E-5
51.5,-104.5,1.4299017E-5
51.5,-103.5,1.4918674E-5
51.5,-102.5,1.5623864E-5
51.5,-101.5,1.5765216E-5
51.5,-100.5,1.6229254E-5
51.5,-99.5,1.7058373E-5
51.5,-98.5,1.5958387E-5
51.5,-97.5,1.683138E-5
51.5,-96.5,1.8208228E-5
51.5,-95.5,1.8787665E-5
51.5,-94.5,2.104646E-5
51.5,-93.5,2.1324E-5
51.5,-92.5,2.1584667E-5
51.5,-91.5,2.2081884E-5
51.5,-90.5,2.2535247E-5
51.5,-89.5,2.213797E-5
51.5,-88.5,2.3146866E-5
51.5,-87.5,2.2606293E-5
51.5,-86.5,2.176778E-5
51.5,-85.5,2.1970602E-5
51.5,-84.5,2.2105069E-5
51.5,-83.5,2.2170863E-5
51.5,-82.5,2.1435366E-5
51.5,-81.5,2.0910522E-5
51.5,-80.5,2.4362571E-5
51.5,-78.5,2.2870547E-5
51.5,-77.5,2.3513221E-5
51.5,-76.5,2.540449E-5
51.5,-75.5,2.624367E-5
51.5,-74.5,2.8778719E-5
51.5,-73.5,2.9163657E-5
51.5,-72.5,2.6358728E-5
51.5,-71.5,2.5629033E-5
51.5,-70.5,2.6869484E-5
51.5,-69.5,2.9880966E-5
51.5,-68.5,3.259193E-5
51.5,-67.5,2.9514185E-5
51.5,-66.5,2.828342E-5
51.5,-65.5,2.7189946E-5
51.5,-64.5,2.487082E-5
51.5,-63.5,2.413267E-5
51.5,-62.5,2.5161278E-5
51.5,-61.5,2.5586569E-5
51.5,-60.5,2.7134563E-5
51.5,-59.5,2.975632E-5
51.5,-58.5,3.521988E-5
51.5,-57.5,3.5989036E-5
51.5,-56.5,3.241793E-5
51.5,-3.5,3.418208E-5
51.5,-2.5,2.6793727E-5
51.5,-1.5,2.1186926E-5
51.5,-0.5,1.938367E-5
51.5,0.5,2.1378139E-5
51.5,4.5,2.3211971E-5
51.5,5.5,2.447279E-5
51.5,6.5,2.7911175E-5
51.5,7.5,2.9069022E-5
51.5,8.5,2.9047493E-5
51.5,9.5,2.8319919E-5
51.5,10.5,2.6920068E-5
51.5,11.5,2.6495245E-5
51.5,12.5,2.636438E-5
51.5,13.5,2.5795913E-5
51.5,14.5,2.57524E-5
51.5,15.5,2.5087471E-5
51.5,16.5,2.4516174E-5
51.5,17.5,2.3542094E-5
51.5,18.5,2.2445325E-5
51.5,19.5,2.2219498E-5
51.5,20.5,2.2968106E-5
51.5,21.5,2.3816428E-5
51.5,22.5,2.3743938E-5
51.5,23.5,2.3976254E-5
51.5,24.5,2.418013E-5
51.5,25.5,2.401173E-5
51.5,26.5,2.4041869E-5
51.5,27.5,2.460981E-5
51.5,28.5,2.496611E-5
51.5,29.5,2.4873967E-5
51.5,30.5,2.4442325E-5
51.5,31.5,2.3444432E-5
51.5,32.5,2.3604807E-5
51.5,33.5,2.43274E-5
51.5,34.5,2.4983E-5
51.5,35.5,2.5285208E-5
51.5,36.5,2.5365918E-5
51.5,37.5,2.5221727E-5
51.5,38.5,2.5088371E-5
51.5,39.5,2.4812953E-5
51.5,40.5,2.3266703E-5
51.5,41.5,2.2161603E-5
51.5,42.5,2.1930342E-5
51.5,43.5,2.152611E-5
51.5,44.5,2.0724989E-5
51.5,45.5,2.0414376E-5
51.5,46.5,2.0064997E-5
51.5,47.5,1.8508163E-5
51.5,48.5,1.7730634E-5
51.5,49.5,1.722808E-5
51.5,50.5,1.6726608E-5
51.5,51.5,1.6219597E-5
51.5,52.5,1.557138E-5
51.5,53.5,1.5132512E-5
51.5,54.5,1.549627E-5
51.5,55.5,1.6170827E-5
51.5,56.5,1.636861E-5
51.5,57.5,1.5117326E-5
51.5,58.5,1.4983586E-5
51.5,59.5,1.432753E-5
51.5,60.5,1.3331865E-5
51.5,61.5,1.3208619E-5
51.5,62.5,1.32483E-5
51.5,63.5,1.3043327E-5
51.5,64.5,1.3551308E-5
51.5,65.5,1.3897357E-5
51.5,66.5,1.43806155E-5
51.5,67.5,1.4984121E-5
51.5,68.5,1.5708469E-5
51.5,69.5,1.6305781E-5
51.5,70.5,1.6370393E-5
51.5,71.5,1.671176E-5
51.5,72.5,1.6615304E-5
51.5,73.5,1.6607004E-5
51.5,74.5,1.6794442E-5
51.5,75.5,1.6653563E-5
51.5,76.5,1.5874717E-5
51.5,77.5,1.5134133E-5
51.5,78.5,1.4134855E-5
51.5,79.5,1.5318363E-5
51.5,80.5,1.73705E-5
51.5,81.5,1.9423993E-5
51.5,82.5,2.08408E-5
51.5,83.5,2.232619E-5
51.5,84.5,2.1997888E-5
51.5,85.5,2.2083033E-5
51.5,86.5,2.1602196E-5
51.5,87.5,2.0086225E-5
51.5,88.5,1.7535262E-5
51.5,89.5,1.4278426E-5
51.5,90.5,1.2998326E-5
51.5,91.5,1.1960342E-5
51.5,92.5,1.2490326E-5
51.5,93.5,1.2611372E-5
51.5,94.5,1.2595871E-5
51.5,95.5,1.20443665E-5
51.5,96.5,1.1634162E-5
51.5,97.5,1.1519528E-5
51.5,98.5,1.0837083E-5
51.5,99.5,1.1609918E-5
51.5,100.5,1.352877E-5
51.5,101.5,1.3864979E-5
51.5,102.5,1.4992209E-5
51.5,103.5,1.7200478E-5
51.5,104.5,1.8351937E-5
51.5,105.5,1.547067E-5
51.5,106.5,1.1618435E-5
51.5,107.5,1.0611519E-5
51.5,108.5,1.0582285E-5
51.5,109.5,1.1146977E-5
51.5,110.5,1.1733718E-5
51.5,111.5,1.2106778E-5
51.5,112.5,1.22559795E-5
51.5,113.5,1.2482094E-5
51.5,114.5,1.2629991E-5
51.5,115.5,1.2880426E-5
51.5,116.5,1.3049176E-5
51.5,117.5,1.3431467E-5
51.5,118.5,1.3900738E-5
51.5,119.5,1.4754628E-5
51.5,120.5,1.5734537E-5
51.5,121.5,1.6299875E-5
51.5,122.5,1.6732802E-5
51.5,123.5,1.7855251E-5
51.5,124.5,1.8135477E-5
51.5,125.5,1.814083E-5
51.5,126.5,1.8757304E-5
51.5,127.5,2.0239859E-5
51.5,128.5,2.1502452E-5
51.5,129.5,2.3030427E-5
51.5,130.5,2.4705767E-5
51.5,131.5,2.6056072E-5
51.5,132.5,2.7233882E-5
51.5,133.5,2.7446287E-5
51.5,134.5,2.6300402E-5
51.5,135.5,2.7777261E-5
51.5,136.5,2.8830844E-5
51.5,137.5,2.7216434E-5
51.5,138.5,2.6508686E-5
51.5,139.5,2.6450856E-5
51.5,140.5,2.855941E-5
51.5,142.5,2.5455976E-5
51.5,157.5,2.9971214E-5
52.5,-128.5,7.226296E-5
52.5,-127.5,4.67945E-5
52.5,-126.5,3.393348E-5
52.5,-125.5,3.0476383E-5
52.5,-124.5,2.7311702E-5
52.5,-123.5,2.4119447E-5
52.5,-122.5,2.4467765E-5
52.5,-121.5,2.4408437E-5
52.5,-120.5,2.4078901E-5
52.5,-119.5,2.3549572E-5
52.5,-118.5,2.3254039E-5
52.5,-117.5,2.0178064E-5
52.5,-116.5,1.9171188E-5
52.5,-115.5,1.9438485E-5
52.5,-114.5,1.8028622E-5
52.5,-113.5,1.6328278E-5
52.5,-112.5,1.5160762E-5
52.5,-111.5,1.4080406E-5
52.5,-110.5,1.3983652E-5
52.5,-109.5,1.415139E-5
52.5,-108.5,1.4111391E-5
52.5,-107.5,1.3947268E-5
52.5,-106.5,1.4031058E-5
52.5,-105.5,1.4385374E-5
52.5,-104.5,1.4739015E-5
52.5,-103.5,1.4967032E-5
52.5,-102.5,1.5172789E-5
52.5,-101.5,1.5929969E-5
52.5,-100.5,1.7738275E-5
52.5,-99.5,1.6860828E-5
52.5,-98.5,1.7627497E-5
52.5,-97.5,1.9549583E-5
52.5,-96.5,1.6738659E-5
52.5,-95.5,1.7369488E-5
52.5,-94.5,1.9174093E-5
52.5,-93.5,1.955661E-5
52.5,-92.5,1.8910803E-5
52.5,-91.5,1.8870827E-5
52.5,-90.5,1.9335777E-5
52.5,-89.5,1.9592102E-5
52.5,-88.5,2.1815657E-5
52.5,-87.5,2.2659066E-5
52.5,-86.5,2.0435986E-5
52.5,-85.5,2.0022979E-5
52.5,-84.5,1.9495506E-5
52.5,-83.5,1.9000405E-5
52.5,-82.5,2.0743319E-5
52.5,-78.5,2.4055375E-5
52.5,-77.5,2.2052724E-5
52.5,-76.5,2.4290739E-5
52.5,-75.5,2.3526969E-5
52.5,-74.5,2.4321462E-5
52.5,-73.5,2.528686E-5
52.5,-72.5,2.4330255E-5
52.5,-71.5,2.4485393E-5
52.5,-70.5,2.5198042E-5
52.5,-69.5,2.4882913E-5
52.5,-68.5,2.5935862E-5
52.5,-67.5,2.695509E-5
52.5,-66.5,2.92119E-5
52.5,-65.5,2.882506E-5
52.5,-64.5,2.7224389E-5
52.5,-63.5,2.6642032E-5
52.5,-62.5,2.7626982E-5
52.5,-61.5,2.8873073E-5
52.5,-60.5,3.0179257E-5
52.5,-59.5,3.0087875E-5
52.5,-58.5,2.915783E-5
52.5,-57.5,2.6415792E-5
52.5,-56.5,2.5884689E-5
52.5,-9.5,3.8118997E-5
52.5,-8.5,2.9117527E-5
52.5,-7.5,2.8224473E-5
52.5,-6.5,3.2292315E-5
52.5,-3.5,2.9323903E-5
52.5,-2.5,2.7110484E-5
52.5,-1.5,2.6468584E-5
52.5,-0.5,2.2283111E-5
52.5,0.5,1.8684439E-5
52.5,1.5,2.166866E-5
52.5,5.5,2.4254085E-5
52.5,6.5,2.2899434E-5
52.5,7.5,2.4384652E-5
52.5,8.5,2.7363303E-5
52.5,9.5,2.7763374E-5
52.5,10.5,2.6620304E-5
52.5,11.5,2.5247145E-5
52.5,12.5,2.51259E-5
52.5,13.5,2.488361E-5
52.5,14.5,2.4267509E-5
52.5,15.5,2.446235E-5
52.5,16.5,2.4483708E-5
52.5,17.5,2.398509E-5
52.5,18.5,2.3790819E-5
52.5,19.5,2.376641E-5
52.5,20.5,2.3891593E-5
52.5,21.5,2.3969897E-5
52.5,22.5,2.345587E-5
52.5,23.5,2.3511004E-5
52.5,24.5,2.4305762E-5
52.5,25.5,2.5048856E-5
52.5,26.5,2.5128447E-5
52.5,27.5,2.5928492E-5
52.5,28.5,2.625593E-5
52.5,29.5,2.560565E-5
52.5,30.5,2.5590049E-5
52.5,31.5,2.5176449E-5
52.5,32.5,2.5527104E-5
52.5,33.5,2.593671E-5
52.5,34.5,2.6214839E-5
52.5,35.5,2.603632E-5
52.5,36.5,2.5574174E-5
52.5,37.5,2.52004E-5
52.5,38.5,2.4754541E-5
52.5,39.5,2.425421E-5
52.5,40.5,2.363108E-5
52.5,41.5,2.2855129E-5
52.5,42.5,2.2641756E-5
52.5,43.5,2.21572E-5
52.5,44.5,2.1570042E-5
52.5,45.5,2.0634614E-5
52.5,46.5,1.9972938E-5
52.5,47.5,2.060721E-5
52.5,48.5,2.0626996E-5
52.5,49.5,1.8980352E-5
52.5,50.5,1.8741757E-5
52.5,51.5,1.8679657E-5
52.5,52.5,1.8410681E-5
52.5,53.5,1.795028E-5
52.5,54.5,1.7920613E-5
52.5,55.5,1.8594723E-5
52.5,56.5,1.8234005E-5
52.5,57.5,1.5963786E-5
52.5,58.5,1.5856129E-5
52.5,59.5,1.5521358E-5
52.5,60.5,1.4644412E-5
52.5,61.5,1.4779931E-5
52.5,62.5,1.5268815E-5
52.5,63.5,1.52528655E-5
52.5,64.5,1.562203E-5
52.5,65.5,1.5458685E-5
52.5,66.5,1.5563297E-5
52.5,67.5,1.6085512E-5
52.5,68.5,1.6425276E-5
52.5,69.5,1.6688396E-5
52.5,70.5,1.6984077E-5
52.5,71.5,1.7007631E-5
52.5,72.5,1.725084E-5
52.5,73.5,1.719151E-5
52.5,74.5,1.6613016E-5
52.5,75.5,1.6318505E-5
52.5,76.5,1.5420512E-5
52.5,77.5,1.4843767E-5
52.5,78.5,1.4738522E-5
52.5,79.5,1.5940257E-5
52.5,80.5,1.6630805E-5
52.5,81.5,1.8313873E-5
52.5,82.5,1.9886334E-5
52.5,83.5,2.2229415E-5
52.5,84.5,2.3233279E-5
52.5,85.5,2.31935E-5
52.5,86.5,2.3246648E-5
52.5,87.5,2.3206758E-5
52.5,88.5,2.2811064E-5
52.5,89.5,2.0020554E-5
52.5,90.5,1.7259108E-5
52.5,91.5,1.4975372E-5
52.5,92.5,1.6082986E-5
52.5,93.5,1.654025E-5
52.5,94.5,1.5928817E-5
52.5,95.5,1.5284606E-5
52.5,96.5,1.4713461E-5
52.5,97.5,1.4700484E-5
52.5,98.5,1.3633213E-5
52.5,99.5,1.2604565E-5
52.5,100.5,1.3076248E-5
52.5,101.5,1.4389582E-5
52.5,102.5,1.5254345E-5
52.5,103.5,1.535999E-5
52.5,104.5,1.37649195E-5
52.5,105.5,1.3022149E-5
52.5,106.5,1.3453655E-5
52.5,107.5,1.2563675E-5
52.5,108.5,1.0444447E-5
52.5,109.5,1.0188686E-5
52.5,110.5,1.1077195E-5
52.5,111.5,1.1801761E-5
52.5,112.5,1.2399124E-5
52.5,113.5,1.2732403E-5
52.5,114.5,1.2970226E-5
52.5,115.5,1.3658067E-5
52.5,116.5,1.3944698E-5
52.5,117.5,1.4140809E-5
52.5,118.5,1.4523264E-5
52.5,119.5,1.5150156E-5
52.5,120.5,1.605465E-5
52.5,121.5,1.6703021E-5
52.5,122.5,1.7332608E-5
52.5,123.5,1.7873763E-5
52.5,124.5,1.8121258E-5
52.5,125.5,1.8808645E-5
52.5,126.5,1.9335577E-5
52.5,127.5,1.9740162E-5
52.5,128.5,2.0548203E-5
52.5,129.5,2.189568E-5
52.5,130.5,2.3611663E-5
52.5,131.5,2.4829053E-5
52.5,132.5,2.50259E-5
52.5,133.5,2.5063215E-5
52.5,134.5,2.428811E-5
52.5,135.5,2.5945208E-5
52.5,136.5,2.6713251E-5
52.5,137.5,2.4393212E-5
52.5,138.5,2.3491895E-5
52.5,139.5,2.3396387E-5
52.5,140.5,2.2408221E-5
52.5,141.5,2.2728278E-5
52.5,142.5,2.0379433E-5
52.5,156.5,3.134168E-5
52.5,157.5,2.3700395E-5
52.5,158.5,3.1431602E-5
53.5,-132.5,4.5331726E-5
53.5,-129.5,5.7077377E-5
53.5,-128.5,4.7611014E-5
53.5,-127.5,3.8535363E-5
53.5,-126.5,3.426541E-5
53.5,-125.5,2.9524661E-5
53.5,-124.5,2.4160854E-5
53.5,-123.5,2.1640606E-5
53.5,-122.5,2.4199242E-5
53.5,-121.5,2.5734127E-5
53.5,-120.5,2.3710349E-5
53.5,-119.5,2.0450847E-5
53.5,-118.5,1.9906553E-5
53.5,-117.5,2.1049482E-5
53.5,-116.5,2.1029371E-5
53.5,-115.5,1.9779016E-5
53.5,-114.5,1.7798215E-5
53.5,-113.5,1.6062659E-5
53.5,-112.5,1.5356765E-5
53.5,-111.5,1.4625718E-5
53.5,-110.5,1.4698909E-5
53.5,-109.5,1.4946226E-5
53.5,-108.5,1.4818638E-5
53.5,-107.5,1.4745204E-5
53.5,-106.5,1.4845083E-5
53.5,-105.5,1.49876705E-5
53.5,-104.5,1.5362857E-5
53.5,-103.5,1.5757309E-5
53.5,-102.5,1.621596E-5
53.5,-101.5,1.7169183E-5
53.5,-100.5,1.8804245E-5
53.5,-99.5,1.8127774E-5
53.5,-98.5,1.890775E-5
53.5,-97.5,1.7171495E-5
53.5,-96.5,1.472E-5
53.5,-95.5,1.619984E-5
53.5,-94.5,1.7118971E-5
53.5,-93.5,1.7776485E-5
53.5,-92.5,1.7312623E-5
53.5,-91.5,1.7693525E-5
53.5,-90.5,1.9003624E-5
53.5,-89.5,1.943804E-5
53.5,-88.5,1.9355975E-5
53.5,-87.5,1.8701234E-5
53.5,-86.5,1.7086826E-5
53.5,-85.5,1.7367034E-5
53.5,-84.5,1.7409666E-5
53.5,-83.5,1.6910486E-5
53.5,-82.5,2.1230708E-5
53.5,-78.5,2.0962927E-5
53.5,-77.5,2.2753236E-5
53.5,-76.5,2.6002916E-5
53.5,-75.5,2.49504E-5
53.5,-74.5,2.3975272E-5
53.5,-73.5,2.3694536E-5
53.5,-72.5,2.3916678E-5
53.5,-71.5,2.4672214E-5
53.5,-70.5,2.5132478E-5
53.5,-69.5,2.5110465E-5
53.5,-68.5,2.5904466E-5
53.5,-67.5,2.4885261E-5
53.5,-66.5,2.5165706E-5
53.5,-65.5,2.6367328E-5
53.5,-64.5,2.6368129E-5
53.5,-63.5,2.5401061E-5
53.5,-62.5,2.609151E-5
53.5,-61.5,2.7215734E-5
53.5,-60.5,2.9774803E-5
53.5,-59.5,3.157452E-5
53.5,-58.5,2.875002E-5
53.5,-57.5,2.7577937E-5
53.5,-56.5,2.8531324E-5
53.5,-9.5,3.6727528E-5
53.5,-8.5,3.2821892E-5
53.5,-7.5,3.1101157E-5
53.5,-6.5,3.4210087E-5
53.5,-2.5,3.3193857E-5
53.5,-1.5,2.4283068E-5
53.5,-0.5,2.2940096E-5
53.5,7.5,2.8527216E-5
53.5,8.5,2.9015639E-5
53.5,9.5,2.5353094E-5
53.5,10.5,2.3202305E-5
53.5,11.5,2.1905598E-5
53.5,12.5,2.1031581E-5
53.5,13.5,2.033421E-5
53.5,14.5,2.0039455E-5
53.5,15.5,1.9484427E-5
53.5,16.5,1.9953548E-5
53.5,17.5,2.0437914E-5
53.5,18.5,2.0446349E-5
53.5,19.5,2.143602E-5
53.5,20.5,2.3125891E-5
53.5,21.5,2.5624538E-5
53.5,22.5,2.5224726E-5
53.5,23.5,2.441223E-5
53.5,24.5,2.4919986E-5
53.5,25.5,2.5698124E-5
53.5,26.5,2.607263E-5
53.5,27.5,2.6010897E-5
53.5,28.5,2.6394186E-5
53.5,29.5,2.650166E-5
53.5,30.5,2.6732247E-5
53.5,31.5,2.7118607E-5
53.5,32.5,2.7139777E-5
53.5,33.5,2.6778867E-5
53.5,34.5,2.745313E-5
53.5,35.5,2.708758E-5
53.5,36.5,2.6043252E-5
53.5,37.5,2.466605E-5
53.5,38.5,2.4428584E-5
53.5,39.5,2.3987706E-5
53.5,40.5,2.342112E-5
53.5,41.5,2.3107905E-5
53.5,42.5,2.3231862E-5
53.5,43.5,2.2908482E-5
53.5,44.5,2.2494798E-5
53.5,45.5,2.1783853E-5
53.5,46.5,2.0589E-5
53.5,47.5,2.0047713E-5
53.5,48.5,2.308969E-5
53.5,49.5,2.4476556E-5
53.5,50.5,2.1954234E-5
53.5,51.5,2.154511E-5
53.5,52.5,2.0937661E-5
53.5,53.5,1.9920652E-5
53.5,54.5,1.9703846E-5
53.5,55.5,2.0526064E-5
53.5,56.5,2.0440355E-5
53.5,57.5,1.8392439E-5
53.5,58.5,1.7976361E-5
53.5,59.5,1.7770013E-5
53.5,60.5,1.6846068E-5
53.5,61.5,1.6370952E-5
53.5,62.5,1.6073107E-5
53.5,63.5,1.564688E-5
53.5,64.5,1.5839618E-5
53.5,65.5,1.6355727E-5
53.5,66.5,1.6701766E-5
53.5,67.5,1.7335791E-5
53.5,68.5,1.769209E-5
53.5,69.5,1.7659688E-5
53.5,70.5,1.785922E-5
53.5,71.5,1.7568276E-5
53.5,72.5,1.70081E-5
53.5,73.5,1.6522483E-5
53.5,74.5,1.580823E-5
53.5,75.5,1.51220775E-5
53.5,76.5,1.4057805E-5
53.5,77.5,1.4512463E-5
53.5,78.5,1.4676595E-5
53.5,79.5,1.5186367E-5
53.5,80.5,1.5716934E-5
53.5,81.5,1.6714735E-5
53.5,82.5,1.79095E-5
53.5,83.5,1.9587626E-5
53.5,84.5,2.0175026E-5
53.5,85.5,2.0580626E-5
53.5,86.5,2.2290636E-5
53.5,87.5,2.5981983E-5
53.5,88.5,2.6944861E-5
53.5,89.5,2.2059223E-5
53.5,90.5,1.9483554E-5
53.5,91.5,1.7912365E-5
53.5,92.5,2.0970478E-5
53.5,93.5,2.4172632E-5
53.5,94.5,2.1956732E-5
53.5,95.5,1.8044244E-5
53.5,96.5,1.5298994E-5
53.5,97.5,1.5424603E-5
53.5,98.5,1.6596208E-5
53.5,99.5,1.678563E-5
53.5,100.5,1.640767E-5
53.5,101.5,1.524494E-5
53.5,102.5,1.4284086E-5
53.5,103.5,1.3492386E-5
53.5,104.5,1.1302452E-5
53.5,105.5,1.0134405E-5
53.5,106.5,1.0095069E-5
53.5,107.5,1.2688918E-5
53.5,108.5,1.4918778E-5
53.5,109.5,1.18369735E-5
53.5,110.5,1.021371E-5
53.5,111.5,1.1057916E-5
53.5,112.5,1.2123238E-5
53.5,113.5,1.2836672E-5
53.5,114.5,1.3275726E-5
53.5,115.5,1.3793125E-5
53.5,116.5,1.4176858E-5
53.5,117.5,1.4490194E-5
53.5,118.5,1.4985215E-5
53.5,119.5,1.5895128E-5
53.5,120.5,1.675727E-5
53.5,121.5,1.7571792E-5
53.5,122.5,1.8114768E-5
53.5,123.5,1.8515422E-5
53.5,124.5,1.8813582E-5
53.5,125.5,1.886773E-5
53.5,126.5,1.8819432E-5
53.5,127.5,1.9171712E-5
53.5,128.5,1.9242181E-5
53.5,129.5,2.027063E-5
53.5,130.5,2.1816946E-5
53.5,131.5,2.3260669E-5
53.5,132.5,2.513092E-5
53.5,133.5,2.5470787E-5
53.5,134.5,2.2916716E-5
53.5,135.5,2.2494633E-5
53.5,136.5,2.2936323E-5
53.5,137.5,2.3346174E-5
53.5,138.5,2.2250719E-5
53.5,139.5,1.9678051E-5
53.5,140.5,2.1057955E-5
53.5,142.5,2.079405E-5
53.5,156.5,2.7488206E-5
53.5,157.5,2.4225621E-5
53.5,158.5,2.465725E-5
53.5,159.5,2.9614512E-5
54.5,-130.5,6.7541696E-5
54.5,-129.5,4.409989E-5
54.5,-128.5,3.933386E-5
54.5,-127.5,3.326814E-5
54.5,-126.5,2.7980172E-5
54.5,-125.5,2.6146161E-5
54.5,-124.5,2.3702782E-5
54.5,-123.5,2.1231754E-5
54.5,-122.5,2.2507182E-5
54.5,-121.5,2.233185E-5
54.5,-120.5,2.0850379E-5
54.5,-119.5,2.0310195E-5
54.5,-118.5,1.9823812E-5
54.5,-117.5,1.9401554E-5
54.5,-116.5,1.8239603E-5
54.5,-115.5,1.7005677E-5
54.5,-114.5,1.643959E-5
54.5,-113.5,1.5744825E-5
54.5,-112.5,1.614342E-5
54.5,-111.5,1.6080248E-5
54.5,-110.5,1.6284052E-5
54.5,-109.5,1.6478913E-5
54.5,-108.5,1.6328539E-5
54.5,-107.5,1.7143362E-5
54.5,-106.5,1.7102968E-5
54.5,-105.5,1.6270966E-5
54.5,-104.5,1.6054142E-5
54.5,-103.5,1.6487622E-5
54.5,-102.5,1.7383356E-5
54.5,-101.5,1.7072485E-5
54.5,-100.5,1.6097378E-5
54.5,-99.5,1.45792765E-5
54.5,-98.5,1.5302334E-5
54.5,-97.5,1.6337417E-5
54.5,-96.5,1.6405147E-5
54.5,-95.5,1.7707049E-5
54.5,-94.5,1.8621338E-5
54.5,-93.5,1.8168485E-5
54.5,-92.5,1.6973914E-5
54.5,-91.5,1.639847E-5
54.5,-90.5,1.653531E-5
54.5,-89.5,1.6453292E-5
54.5,-88.5,1.6413787E-5
54.5,-87.5,1.7256074E-5
54.5,-86.5,1.6951943E-5
54.5,-85.5,1.6149204E-5
54.5,-84.5,1.5110101E-5
54.5,-83.5,1.4430075E-5
54.5,-82.5,1.9122017E-5
54.5,-78.5,1.9132533E-5
54.5,-77.5,1.9010795E-5
54.5,-76.5,2.0024552E-5
54.5,-75.5,2.0263955E-5
54.5,-74.5,2.064411E-5
54.5,-73.5,2.2188082E-5
54.5,-72.5,2.354771E-5
54.5,-71.5,2.2978194E-5
54.5,-70.5,2.3334647E-5
54.5,-69.5,2.3934672E-5
54.5,-68.5,2.3533048E-5
54.5,-67.5,2.38006E-5
54.5,-66.5,2.5382315E-5
54.5,-65.5,2.6303765E-5
54.5,-64.5,2.680475E-5
54.5,-63.5,2.6633426E-5
54.5,-62.5,2.6543965E-5
54.5,-61.5,2.8364322E-5
54.5,-60.5,2.829109E-5
54.5,-59.5,2.7357833E-5
54.5,-58.5,2.8213344E-5
54.5,-8.5,3.955402E-5
54.5,-7.5,3.155077E-5
54.5,-6.5,3.321701E-5
54.5,-2.5,2.8434899E-5
54.5,-1.5,2.596585E-5
54.5,9.5,3.1360232E-5
54.5,17.5,2.055621E-5
54.5,18.5,2.2522763E-5
54.5,20.5,2.3199233E-5
54.5,21.5,2.3774239E-5
54.5,22.5,2.5070327E-5
54.5,23.5,2.6269912E-5
54.5,24.5,2.6593276E-5
54.5,25.5,2.6015046E-5
54.5,26.5,2.7180184E-5
54.5,27.5,2.7326298E-5
54.5,28.5,2.7029797E-5
54.5,29.5,2.7375969E-5
54.5,30.5,2.6973103E-5
54.5,31.5,2.7321377E-5
54.5,32.5,2.764939E-5
54.5,33.5,2.7782458E-5
54.5,34.5,2.7648559E-5
54.5,35.5,2.7822032E-5
54.5,36.5,2.78775E-5
54.5,37.5,2.6819496E-5
54.5,38.5,2.6400156E-5
54.5,39.5,2.597617E-5
54.5,40.5,2.5775476E-5
54.5,41.5,2.516993E-5
54.5,42.5,2.4625338E-5
54.5,43.5,2.4583613E-5
54.5,44.5,2.3798933E-5
54.5,45.5,2.295852E-5
54.5,46.5,2.2164584E-5
54.5,47.5,2.2053518E-5
54.5,48.5,2.4917706E-5
54.5,49.5,2.35271E-5
54.5,50.5,2.0886251E-5
54.5,51.5,2.1251675E-5
54.5,52.5,2.1122096E-5
54.5,53.5,2.0729873E-5
54.5,54.5,2.1088286E-5
54.5,55.5,2.1982703E-5
54.5,56.5,2.219487E-5
54.5,57.5,2.0246338E-5
54.5,58.5,1.8788513E-5
54.5,59.5,1.8394205E-5
54.5,60.5,1.8286655E-5
54.5,61.5,1.815039E-5
54.5,62.5,1.7926013E-5
54.5,63.5,1.7232134E-5
54.5,64.5,1.700662E-5
54.5,65.5,1.7249171E-5
54.5,66.5,1.7677412E-5
54.5,67.5,1.7774355E-5
54.5,68.5,1.8251163E-5
54.5,69.5,1.8425966E-5
54.5,70.5,1.8191748E-5
54.5,71.5,1.7762408E-5
54.5,72.5,1.6812895E-5
54.5,73.5,1.6278402E-5
54.5,74.5,1.6227525E-5
54.5,75.5,1.6367003E-5
54.5,76.5,1.7053273E-5
54.5,77.5,1.8339771E-5
54.5,78.5,1.7328855E-5
54.5,79.5,1.6168717E-5
54.5,80.5,1.6488772E-5
54.5,81.5,1.7352319E-5
54.5,82.5,1.9236537E-5
54.5,83.5,1.9803927E-5
54.5,84.5,1.9583502E-5
54.5,85.5,2.0848353E-5
54.5,86.5,2.3566003E-5
54.5,87.5,2.6038508E-5
54.5,88.5,2.4246227E-5
54.5,89.5,2.2488051E-5
54.5,90.5,2.1147898E-5
54.5,91.5,1.86913E-5
54.5,92.5,1.9705461E-5
54.5,93.5,2.1372767E-5
54.5,94.5,2.044663E-5
54.5,95.5,1.8436986E-5
54.5,96.5,1.6890372E-5
54.5,97.5,1.7126838E-5
54.5,98.5,1.733116E-5
54.5,99.5,1.6888414E-5
54.5,100.5,1.5928787E-5
54.5,101.5,1.4752411E-5
54.5,102.5,1.4100128E-5
54.5,103.5,1.3273854E-5
54.5,104.5,1.2271823E-5
54.5,105.5,1.1864861E-5
54.5,106.5,1.0675269E-5
54.5,107.5,1.0189525E-5
54.5,108.5,1.395678E-5
54.5,109.5,1.493623E-5
54.5,110.5,1.1336028E-5
54.5,111.5,1.1564852E-5
54.5,112.5,1.2678562E-5
54.5,113.5,1.3469132E-5
54.5,114.5,1.3970316E-5
54.5,115.5,1.4408607E-5
54.5,116.5,1.4991453E-5
54.5,117.5,1.51777385E-5
54.5,118.5,1.5468911E-5
54.5,119.5,1.6128763E-5
54.5,120.5,1.6728924E-5
54.5,121.5,1.710069E-5
54.5,122.5,1.745106E-5
54.5,123.5,1.7876115E-5
54.5,124.5,1.8038425E-5
54.5,125.5,1.8350585E-5
54.5,126.5,1.893698E-5
54.5,127.5,2.1568272E-5
54.5,128.5,2.2019993E-5
54.5,129.5,2.0990215E-5
54.5,130.5,2.1602234E-5
54.5,131.5,2.195611E-5
54.5,132.5,2.3166645E-5
54.5,133.5,2.4762301E-5
54.5,134.5,2.541091E-5
54.5,135.5,2.6426998E-5
54.5,136.5,2.8432032E-5
54.5,156.5,2.4215014E-5
54.5,157.5,2.4150764E-5
54.5,158.5,2.4642202E-5
54.5,159.5,2.5159898E-5
54.5,160.5,2.8130002E-5
55.5,-161.5,2.5233641E-5
55.5,-132.5,5.1355644E-5
55.5,-131.5,5.2300715E-5
55.5,-130.5,4.3573433E-5
55.5,-129.5,3.6632824E-5
55.5,-128.5,3.489166E-5
55.5,-127.5,2.9711402E-5
55.5,-126.5,2.4338178E-5
55.5,-125.5,2.1321262E-5
55.5,-124.5,1.8982199E-5
55.5,-123.5,1.7746197E-5
55.5,-122.5,1.8077739E-5
55.5,-121.5,1.925692E-5
55.5,-120.5,1.9431867E-5
55.5,-119.5,1.8379318E-5
55.5,-118.5,1.7270642E-5
55.5,-117.5,1.7151418E-5
55.5,-116.5,1.7248327E-5
55.5,-115.5,1.72068E-5
55.5,-114.5,1.644707E-5
55.5,-113.5,1.5859014E-5
55.5,-112.5,1.5464711E-5
55.5,-111.5,1.484346E-5
55.5,-110.5,1.4965432E-5
55.5,-109.5,1.586112E-5
55.5,-108.5,1.7060212E-5
55.5,-107.5,1.7624097E-5
55.5,-106.5,1.781133E-5
55.5,-105.5,1.8339097E-5
55.5,-104.5,1.7898503E-5
55.5,-103.5,1.6254155E-5
55.5,-102.5,1.5477517E-5
55.5,-101.5,1.4788944E-5
55.5,-100.5,1.4731722E-5
55.5,-99.5,1.4486382E-5
55.5,-98.5,1.5231077E-5
55.5,-97.5,1.5672795E-5
55.5,-96.5,1.561811E-5
55.5,-95.5,1.548729E-5
55.5,-94.5,1.543297E-5
55.5,-93.5,1.5681322E-5
55.5,-92.5,1.4870196E-5
55.5,-91.5,1.4197135E-5
55.5,-90.5,1.4532162E-5
55.5,-89.5,1.4638548E-5
55.5,-88.5,1.4568385E-5
55.5,-87.5,1.4899573E-5
55.5,-86.5,1.5648788E-5
55.5,-76.5,1.7078617E-5
55.5,-75.5,1.7214352E-5
55.5,-74.5,1.8479579E-5
55.5,-73.5,1.9867912E-5
55.5,-72.5,2.0259515E-5
55.5,-71.5,2.0102747E-5
55.5,-70.5,2.034733E-5
55.5,-69.5,2.064207E-5
55.5,-68.5,2.129525E-5
55.5,-67.5,2.1793494E-5
55.5,-66.5,2.1255859E-5
55.5,-65.5,2.0845546E-5
55.5,-64.5,2.2072463E-5
55.5,-63.5,2.3128798E-5
55.5,-62.5,2.4081615E-5
55.5,-61.5,2.6370475E-5
55.5,-60.5,2.8994466E-5
55.5,-4.5,4.305081E-5
55.5,-3.5,3.0197316E-5
55.5,-2.5,2.899252E-5
55.5,8.5,3.1250267E-5
55.5,9.5,2.6381766E-5
55.5,11.5,2.4060842E-5
55.5,13.5,2.6712583E-5
55.5,21.5,3.0359704E-5
55.5,22.5,2.5030782E-5
55.5,23.5,2.4797499E-5
55.5,24.5,2.53297E-5
55.5,25.5,2.714153E-5
55.5,26.5,2.8606446E-5
55.5,27.5,2.813599E-5
55.5,28.5,2.7874432E-5
55.5,29.5,2.8545199E-5
55.5,30.5,2.9276242E-5
55.5,31.5,2.9288543E-5
55.5,32.5,2.8390503E-5
55.5,33.5,2.8037199E-5
55.5,34.5,2.862171E-5
55.5,35.5,2.8248554E-5
55.5,36.5,2.8445338E-5
55.5,37.5,2.755758E-5
55.5,38.5,2.7187418E-5
55.5,39.5,2.7377628E-5
55.5,40.5,2.7005424E-5
55.5,41.5,2.6589367E-5
55.5,42.5,2.6143925E-5
55.5,43.5,2.5489524E-5
55.5,44.5,2.4693087E-5
55.5,45.5,2.3771687E-5
55.5,46.5,2.2703143E-5
55.5,47.5,2.2287173E-5
55.5,48.5,2.375828E-5
55.5,49.5,2.5209269E-5
55.5,50.5,2.4049023E-5
55.5,51.5,2.349348E-5
55.5,52.5,2.28025E-5
55.5,53.5,2.202707E-5
55.5,54.5,2.2180384E-5
55.5,55.5,2.2311817E-5
55.5,56.5,2.2257327E-5
55.5,57.5,2.1381687E-5
55.5,58.5,2.0608473E-5
55.5,59.5,1.989758E-5
55.5,60.5,2.0158199E-5
55.5,61.5,1.9598252E-5
55.5,62.5,1.812555E-5
55.5,63.5,1.7249507E-5
55.5,64.5,1.7245737E-5
55.5,65.5,1.73848E-5
55.5,66.5,1.7912183E-5
55.5,67.5,1.8872877E-5
55.5,68.5,1.9307388E-5
55.5,69.5,1.9036097E-5
55.5,70.5,1.8824729E-5
55.5,71.5,1.9047435E-5
55.5,72.5,1.8778483E-5
55.5,73.5,1.8389806E-5
55.5,74.5,1.781874E-5
55.5,75.5,1.7473512E-5
55.5,76.5,1.7587961E-5
55.5,77.5,1.7900411E-5
55.5,78.5,1.8109778E-5
55.5,79.5,1.8535364E-5
55.5,80.5,1.8883258E-5
55.5,81.5,1.8614335E-5
55.5,82.5,1.9212159E-5
55.5,83.5,2.0017242E-5
55.5,84.5,2.021969E-5
55.5,85.5,2.0894082E-5
55.5,86.5,2.1798047E-5
55.5,87.5,2.1996611E-5
55.5,88.5,2.2188162E-5
55.5,89.5,2.1238058E-5
55.5,90.5,1.9019235E-5
55.5,91.5,1.7747787E-5
55.5,92.5,1.877575E-5
55.5,93.5,1.926921E-5
55.5,94.5,1.9114075E-5
55.5,95.5,1.8685367E-5
55.5,96.5,1.7680659E-5
55.5,97.5,1.7071761E-5
55.5,98.5,1.6800006E-5
55.5,99.5,1.5988577E-5
55.5,100.5,1.49698E-5
55.5,101.5,1.5259538E-5
55.5,102.5,1.5000472E-5
55.5,103.5,1.3409973E-5
55.5,104.5,1.2815686E-5
55.5,105.5,1.2865524E-5
55.5,106.5,1.2710536E-5
55.5,107.5,1.2362617E-5
55.5,108.5,1.2325184E-5
55.5,109.5,1.33234E-5
55.5,110.5,1.2547751E-5
55.5,111.5,1.2278319E-5
55.5,112.5,1.3269618E-5
55.5,113.5,1.3812061E-5
55.5,114.5,1.4081042E-5
55.5,115.5,1.4896844E-5
55.5,116.5,1.5702914E-5
55.5,117.5,1.579131E-5
55.5,118.5,1.5976375E-5
55.5,119.5,1.6917646E-5
55.5,120.5,1.7864335E-5
55.5,121.5,1.8613331E-5
55.5,122.5,1.9331927E-5
55.5,123.5,1.9747498E-5
55.5,124.5,1.9772635E-5
55.5,125.5,1.9292602E-5
55.5,126.5,1.865108E-5
55.5,127.5,1.8423523E-5
55.5,128.5,1.8274639E-5
55.5,129.5,1.8273251E-5
55.5,130.5,1.8372088E-5
55.5,131.5,1.857369E-5
55.5,132.5,1.9005467E-5
55.5,133.5,1.9886615E-5
55.5,134.5,2.0455856E-5
55.5,135.5,2.2069076E-5
55.5,156.5,2.1543803E-5
55.5,157.5,2.2056238E-5
55.5,158.5,2.2828584E-5
55.5,159.5,2.4508203E-5
55.5,160.5,2.1590351E-5
55.5,161.5,2.5174626E-5
56.5,-159.5,2.443564E-5
56.5,-158.5,2.2581875E-5
56.5,-133.5,6.307289E-5
56.5,-132.5,5.6513247E-5
56.5,-131.5,4.365185E-5
56.5,-130.5,3.3655604E-5
56.5,-129.5,2.8880797E-5
56.5,-128.5,2.4681596E-5
56.5,-127.5,2.2199732E-5
56.5,-126.5,1.9757877E-5
56.5,-125.5,1.8800021E-5
56.5,-124.5,1.8139384E-5
56.5,-123.5,1.6495884E-5
56.5,-122.5,1.7125996E-5
56.5,-121.5,1.7910315E-5
56.5,-120.5,1.6820031E-5
56.5,-119.5,1.5626301E-5
56.5,-118.5,1.500446E-5
56.5,-117.5,1.51012655E-5
56.5,-116.5,1.5047134E-5
56.5,-115.5,1.494802E-5
56.5,-114.5,1.4976936E-5
56.5,-113.5,1.4900568E-5
56.5,-112.5,1.4829816E-5
56.5,-111.5,1.4785323E-5
56.5,-110.5,1.5738216E-5
56.5,-109.5,1.7022276E-5
56.5,-108.5,1.8493662E-5
56.5,-107.5,1.8293596E-5
56.5,-106.5,1.7449105E-5
56.5,-105.5,1.68436E-5
56.5,-104.5,1.6120506E-5
56.5,-103.5,1.5496727E-5
56.5,-102.5,1.54208E-5
56.5,-101.5,1.457108E-5
56.5,-100.5,1.4896045E-5
56.5,-99.5,1.60131E-5
56.5,-98.5,1.6002556E-5
56.5,-97.5,1.5216348E-5
56.5,-96.5,1.5310401E-5
56.5,-95.5,1.5578027E-5
56.5,-94.5,1.5058506E-5
56.5,-93.5,1.4270268E-5
56.5,-92.5,1.3247093E-5
56.5,-91.5,1.2513995E-5
56.5,-90.5,1.280625E-5
56.5,-89.5,1.3464155E-5
56.5,-88.5,1.5287418E-5
56.5,-76.5,1.9049166E-5
56.5,-75.5,1.681449E-5
56.5,-74.5,1.7848062E-5
56.5,-73.5,1.826861E-5
56.5,-72.5,1.7529392E-5
56.5,-71.5,1.743958E-5
56.5,-70.5,1.8878507E-5
56.5,-69.5,2.1099904E-5
56.5,-68.5,2.294046E-5
56.5,-67.5,2.2148044E-5
56.5,-66.5,2.1514114E-5
56.5,-65.5,2.1888287E-5
56.5,-64.5,2.2550968E-5
56.5,-63.5,2.2871342E-5
56.5,-62.5,2.426512E-5
56.5,-61.5,2.9034492E-5
56.5,-5.5,5.4583543E-5
56.5,-4.5,3.94576E-5
56.5,-3.5,3.554283E-5
56.5,8.5,3.204182E-5
56.5,9.5,2.566725E-5
56.5,13.5,2.384256E-5
56.5,14.5,2.2367616E-5
56.5,15.5,2.0448493E-5
56.5,21.5,2.5027208E-5
56.5,22.5,2.0563408E-5
56.5,23.5,2.1781872E-5
56.5,24.5,2.2919587E-5
56.5,25.5,2.4194313E-5
56.5,26.5,2.5787343E-5
56.5,27.5,2.7439264E-5
56.5,28.5,2.868646E-5
56.5,29.5,2.9547995E-5
56.5,30.5,2.9894629E-5
56.5,31.5,3.0532814E-5
56.5,32.5,2.9889676E-5
56.5,33.5,2.9104214E-5
56.5,34.5,2.934292E-5
56.5,35.5,2.9552575E-5
56.5,36.5,2.9721557E-5
56.5,37.5,2.898972E-5
56.5,38.5,2.7821705E-5
56.5,39.5,2.748367E-5
56.5,40.5,2.734346E-5
56.5,41.5,2.7060321E-5
56.5,42.5,2.7506292E-5
56.5,43.5,2.7967544E-5
56.5,44.5,2.6778382E-5
56.5,45.5,2.5737787E-5
56.5,46.5,2.4810164E-5
56.5,47.5,2.4106519E-5
56.5,48.5,2.3255701E-5
56.5,49.5,2.2526257E-5
56.5,50.5,2.267372E-5
56.5,51.5,2.3003173E-5
56.5,52.5,2.2767885E-5
56.5,53.5,2.2756205E-5
56.5,54.5,2.2806391E-5
56.5,55.5,2.187606E-5
56.5,56.5,2.1726548E-5
56.5,57.5,2.1995738E-5
56.5,58.5,2.1656484E-5
56.5,59.5,2.0680287E-5
56.5,60.5,2.0148935E-5
56.5,61.5,1.9170075E-5
56.5,62.5,1.842616E-5
56.5,63.5,1.753815E-5
56.5,64.5,1.7372628E-5
56.5,65.5,1.7697645E-5
56.5,66.5,1.7638898E-5
56.5,67.5,1.7986895E-5
56.5,68.5,1.8585508E-5
56.5,69.5,1.8851577E-5
56.5,70.5,1.9347963E-5
56.5,71.5,2.0298541E-5
56.5,72.5,1.9922843E-5
56.5,73.5,1.9619541E-5
56.5,74.5,1.993728E-5
56.5,75.5,1.964691E-5
56.5,76.5,1.9541862E-5
56.5,77.5,1.9569727E-5
56.5,78.5,1.9467116E-5
56.5,79.5,1.9404699E-5
56.5,80.5,1.9782088E-5
56.5,81.5,1.998011E-5
56.5,82.5,2.0242675E-5
56.5,83.5,2.0931038E-5
56.5,84.5,2.1428701E-5
56.5,85.5,2.0869846E-5
56.5,86.5,2.081685E-5
56.5,87.5,2.13766E-5
56.5,88.5,2.1430016E-5
56.5,89.5,2.0221014E-5
56.5,90.5,1.8877223E-5
56.5,91.5,1.7697355E-5
56.5,92.5,1.7391574E-5
56.5,93.5,1.7419812E-5
56.5,94.5,1.7009135E-5
56.5,95.5,1.6832853E-5
56.5,96.5,1.673328E-5
56.5,97.5,1.6223472E-5
56.5,98.5,1.5704278E-5
56.5,99.5,1.4964486E-5
56.5,100.5,1.3930413E-5
56.5,101.5,1.3993227E-5
56.5,102.5,1.4330101E-5
56.5,103.5,1.3699177E-5
56.5,104.5,1.3490899E-5
56.5,105.5,1.3736131E-5
56.5,106.5,1.3777628E-5
56.5,107.5,1.4151071E-5
56.5,108.5,1.3451666E-5
56.5,109.5,1.2731073E-5
56.5,110.5,1.3366455E-5
56.5,111.5,1.4470822E-5
56.5,112.5,1.4960517E-5
56.5,113.5,1.4443146E-5
56.5,114.5,1.4999022E-5
56.5,115.5,1.5912696E-5
56.5,116.5,1.5655603E-5
56.5,117.5,1.5039083E-5
56.5,118.5,1.5227366E-5
56.5,119.5,1.602373E-5
56.5,120.5,1.7363856E-5
56.5,121.5,1.8839975E-5
56.5,122.5,1.9326515E-5
56.5,123.5,1.9559604E-5
56.5,124.5,1.9606592E-5
56.5,125.5,1.9547822E-5
56.5,126.5,1.906028E-5
56.5,127.5,1.8696439E-5
56.5,128.5,1.8330209E-5
56.5,129.5,1.7861958E-5
56.5,130.5,1.806296E-5
56.5,131.5,1.7956512E-5
56.5,132.5,1.8313516E-5
56.5,133.5,1.9381832E-5
56.5,134.5,2.0215646E-5
56.5,135.5,1.990544E-5
56.5,136.5,1.9445244E-5
56.5,137.5,2.3807495E-5
56.5,156.5,2.2077322E-5
56.5,157.5,2.0093132E-5
56.5,158.5,1.986781E-5
56.5,159.5,2.2746884E-5
56.5,160.5,2.5141335E-5
56.5,161.5,2.4484425E-5
56.5,162.5,2.4727555E-5
57.5,-157.5,2.6646056E-5
57.5,-156.5,2.6311784E-5
57.5,-153.5,3.2210995E-5
57.5,-135.5,5.42809E-5
57.5,-134.5,5.8085516E-5
57.5,-133.5,5.6864275E-5
57.5,-132.5,3.9119033E-5
57.5,-131.5,3.014119E-5
57.5,-130.5,2.8406459E-5
57.5,-129.5,2.6042406E-5
57.5,-128.5,2.3163879E-5
57.5,-127.5,2.1615791E-5
57.5,-126.5,2.0087191E-5
57.5,-125.5,1.9026915E-5
57.5,-124.5,1.7013623E-5
57.5,-123.5,1.6237742E-5
57.5,-122.5,1.6817636E-5
57.5,-121.5,1.6252003E-5
57.5,-120.5,1.5144754E-5
57.5,-119.5,1.4210255E-5
57.5,-118.5,1.3650043E-5
57.5,-117.5,1.3951783E-5
57.5,-116.5,1.3784542E-5
57.5,-115.5,1.3412357E-5
57.5,-114.5,1.3402999E-5
57.5,-113.5,1.3291847E-5
57.5,-112.5,1.3435454E-5
57.5,-111.5,1.3606839E-5
57.5,-110.5,1.3960988E-5
57.5,-109.5,1.4609354E-5
57.5,-108.5,1.5352907E-5
57.5,-107.5,1.5974523E-5
57.5,-106.5,1.685757E-5
57.5,-105.5,1.6332446E-5
57.5,-104.5,1.5163478E-5
57.5,-103.5,1.4706831E-5
57.5,-102.5,1.5406184E-5
57.5,-101.5,1.4450433E-5
57.5,-100.5,1.34651245E-5
57.5,-99.5,1.4081991E-5
57.5,-98.5,1.503216E-5
57.5,-97.5,1.5008529E-5
57.5,-96.5,1.4615792E-5
57.5,-95.5,1.4199237E-5
57.5,-94.5,1.3287814E-5
57.5,-93.5,1.303439E-5
57.5,-76.5,1.633581E-5
57.5,-75.5,1.5381713E-5
57.5,-74.5,1.5706015E-5
57.5,-73.5,1.5195828E-5
57.5,-72.5,1.5289554E-5
57.5,-71.5,1.578815E-5
57.5,-70.5,1.7093616E-5
57.5,-69.5,1.8708584E-5
57.5,-68.5,1.9730407E-5
57.5,-67.5,1.980282E-5
57.5,-66.5,2.0397358E-5
57.5,-65.5,2.0642456E-5
57.5,-64.5,2.0436491E-5
57.5,-63.5,2.0384916E-5
57.5,-62.5,2.2948598E-5
57.5,-5.5,4.485831E-5
57.5,-4.5,3.52248E-5
57.5,-3.5,3.3172353E-5
57.5,-2.5,3.296398E-5
57.5,12.5,2.5032421E-5
57.5,13.5,2.2550921E-5
57.5,14.5,2.2684271E-5
57.5,15.5,2.0854075E-5
57.5,16.5,2.1915812E-5
57.5,22.5,2.7593447E-5
57.5,24.5,2.9499493E-5
57.5,25.5,2.298413E-5
57.5,26.5,2.2657277E-5
57.5,27.5,2.4417757E-5
57.5,28.5,2.5738256E-5
57.5,29.5,2.6579439E-5
57.5,30.5,2.7796534E-5
57.5,31.5,2.9217816E-5
57.5,32.5,3.1139785E-5
57.5,33.5,3.195535E-5
57.5,34.5,3.0851268E-5
57.5,35.5,2.9997176E-5
57.5,36.5,2.8245671E-5
57.5,37.5,2.7819986E-5
57.5,38.5,2.8178969E-5
57.5,39.5,2.7943179E-5
57.5,40.5,2.8409391E-5
57.5,41.5,2.8042698E-5
57.5,42.5,2.8694645E-5
57.5,43.5,2.856093E-5
57.5,44.5,2.6867085E-5
57.5,45.5,2.6226187E-5
57.5,46.5,2.5529214E-5
57.5,47.5,2.522332E-5
57.5,48.5,2.5065183E-5
57.5,49.5,2.4940175E-5
57.5,50.5,2.461245E-5
57.5,51.5,2.4108745E-5
57.5,52.5,2.3627252E-5
57.5,53.5,2.3151426E-5
57.5,54.5,2.3893133E-5
57.5,55.5,2.4252271E-5
57.5,56.5,2.373889E-5
57.5,57.5,2.337316E-5
57.5,58.5,2.2626213E-5
57.5,59.5,2.1873731E-5
57.5,60.5,2.1109703E-5
57.5,61.5,1.9919606E-5
57.5,62.5,1.9380848E-5
57.5,63.5,1.876614E-5
57.5,64.5,1.866594E-5
57.5,65.5,1.8871768E-5
57.5,66.5,1.9335483E-5
57.5,67.5,1.9855024E-5
57.5,68.5,2.019389E-5
57.5,69.5,2.0538888E-5
57.5,70.5,2.087084E-5
57.5,71.5,2.1137283E-5
57.5,72.5,2.1362577E-5
57.5,73.5,2.1206051E-5
57.5,74.5,2.1141546E-5
57.5,75.5,2.0969936E-5
57.5,76.5,2.1030322E-5
57.5,77.5,2.1374159E-5
57.5,78.5,2.1380865E-5
57.5,79.5,2.1290043E-5
57.5,80.5,2.1329564E-5
57.5,81.5,2.1285798E-5
57.5,82.5,2.1579111E-5
57.5,83.5,2.2674376E-5
57.5,84.5,2.2849961E-5
57.5,85.5,2.2236647E-5
57.5,86.5,2.1901293E-5
57.5,87.5,2.1620595E-5
57.5,88.5,2.1385305E-5
57.5,89.5,2.0920555E-5
57.5,90.5,1.9982168E-5
57.5,91.5,1.910339E-5
57.5,92.5,1.8695935E-5
57.5,93.5,1.861527E-5
57.5,94.5,1.7933033E-5
57.5,95.5,1.6687236E-5
57.5,96.5,1.5518375E-5
57.5,97.5,1.5038422E-5
57.5,98.5,1.4578201E-5
57.5,99.5,1.4076432E-5
57.5,100.5,1.3413876E-5
57.5,101.5,1.3068528E-5
57.5,102.5,1.3544162E-5
57.5,103.5,1.3601735E-5
57.5,104.5,1.309068E-5
57.5,105.5,1.2823927E-5
57.5,106.5,1.2846637E-5
57.5,107.5,1.3461436E-5
57.5,108.5,1.4183498E-5
57.5,109.5,1.4408936E-5
57.5,110.5,1.46007205E-5
57.5,111.5,1.5273734E-5
57.5,112.5,1.6143187E-5
57.5,113.5,1.7028176E-5
57.5,114.5,1.7079003E-5
57.5,115.5,1.6688628E-5
57.5,116.5,1.612295E-5
57.5,117.5,1.5993857E-5
57.5,118.5,1.616219E-5
57.5,119.5,1.6422828E-5
57.5,120.5,1.6822336E-5
57.5,121.5,1.746432E-5
57.5,122.5,1.834745E-5
57.5,123.5,1.9623605E-5
57.5,124.5,1.9697698E-5
57.5,125.5,1.9198733E-5
57.5,126.5,1.8812008E-5
57.5,127.5,1.7954726E-5
57.5,128.5,1.756298E-5
57.5,129.5,1.7360702E-5
57.5,130.5,1.7408389E-5
57.5,131.5,1.7157121E-5
57.5,132.5,1.7205643E-5
57.5,133.5,1.8043156E-5
57.5,134.5,1.890083E-5
57.5,135.5,2.0045532E-5
57.5,136.5,2.0247111E-5
57.5,137.5,2.0199242E-5
57.5,138.5,2.1374606E-5
57.5,139.5,2.3658728E-5
57.5,157.5,2.2064381E-5
57.5,158.5,1.9689312E-5
57.5,159.5,2.1513495E-5
57.5,160.5,2.2936543E-5
57.5,161.5,2.3408282E-5
57.5,162.5,2.6125625E-5
58.5,-157.5,3.0289475E-5
58.5,-156.5,2.6121783E-5
58.5,-155.5,2.6441556E-5
58.5,-154.5,3.2608234E-5
58.5,-136.5,5.296245E-5
58.5,-135.5,4.99615E-5
58.5,-134.5,4.6620084E-5
58.5,-133.5,3.6950503E-5
58.5,-132.5,2.9244391E-5
58.5,-131.5,2.507992E-5
58.5,-130.5,2.4485827E-5
58.5,-129.5,2.3575842E-5
58.5,-128.5,2.209386E-5
58.5,-127.5,2.0496362E-5
58.5,-126.5,1.895899E-5
58.5,-125.5,1.7203532E-5
58.5,-124.5,1.6910493E-5
58.5,-123.5,1.7859567E-5
58.5,-122.5,1.7723592E-5
58.5,-121.5,1.6148162E-5
58.5,-120.5,1.4760924E-5
58.5,-119.5,1.3808741E-5
58.5,-118.5,1.2829687E-5
58.5,-117.5,1.2528176E-5
58.5,-116.5,1.2358514E-5
58.5,-115.5,1.2416617E-5
58.5,-114.5,1.3060959E-5
58.5,-113.5,1.3360312E-5
58.5,-112.5,1.3978359E-5
58.5,-111.5,1.45893955E-5
58.5,-110.5,1.44236865E-5
58.5,-109.5,1.4053927E-5
58.5,-108.5,1.4070928E-5
58.5,-107.5,1.4057725E-5
58.5,-106.5,1.4018417E-5
58.5,-105.5,1.4032162E-5
58.5,-104.5,1.4102963E-5
58.5,-103.5,1.407827E-5
58.5,-102.5,1.3633789E-5
58.5,-101.5,1.291217E-5
58.5,-100.5,1.2814112E-5
58.5,-99.5,1.2953617E-5
58.5,-98.5,1.3254769E-5
58.5,-97.5,1.3344461E-5
58.5,-96.5,1.29435675E-5
58.5,-95.5,1.2295678E-5
58.5,-94.5,1.2390374E-5
58.5,-93.5,1.3499828E-5
58.5,-77.5,1.3496397E-5
58.5,-76.5,1.2986409E-5
58.5,-75.5,1.3543169E-5
58.5,-74.5,1.4030602E-5
58.5,-73.5,1.4211033E-5
58.5,-72.5,1.4612931E-5
58.5,-71.5,1.4962476E-5
58.5,-70.5,1.5837479E-5
58.5,-69.5,1.7263099E-5
58.5,-68.5,1.9382134E-5
58.5,-66.5,2.1709595E-5
58.5,-65.5,1.9983003E-5
58.5,-64.5,1.8035116E-5
58.5,-63.5,1.9955796E-5
58.5,-4.5,4.2559604E-5
58.5,6.5,5.2305877E-5
58.5,7.5,3.9145143E-5
58.5,8.5,3.9100072E-5
58.5,11.5,3.198427E-5
58.5,12.5,2.703788E-5
58.5,13.5,2.8931861E-5
58.5,14.5,2.6902111E-5
58.5,15.5,2.2607393E-5
58.5,16.5,2.1135707E-5
58.5,22.5,2.2642322E-5
58.5,24.5,1.9259007E-5
58.5,25.5,1.7879529E-5
58.5,26.5,2.066458E-5
58.5,27.5,2.5330264E-5
58.5,28.5,2.5963664E-5
58.5,29.5,2.5122688E-5
58.5,30.5,2.8235723E-5
58.5,31.5,2.9972833E-5
58.5,32.5,2.9728188E-5
58.5,33.5,3.0758074E-5
58.5,34.5,3.1272502E-5
58.5,35.5,3.0160094E-5
58.5,36.5,2.94964E-5
58.5,37.5,3.348742E-5
58.5,38.5,3.580217E-5
58.5,39.5,3.088669E-5
58.5,40.5,2.7626449E-5
58.5,41.5,2.7960148E-5
58.5,42.5,2.7827884E-5
58.5,43.5,2.7631457E-5
58.5,44.5,2.7854689E-5
58.5,45.5,2.7455342E-5
58.5,46.5,2.6766282E-5
58.5,47.5,2.6652591E-5
58.5,48.5,2.6546184E-5
58.5,49.5,2.616167E-5
58.5,50.5,2.554918E-5
58.5,51.5,2.4948162E-5
58.5,52.5,2.4736324E-5
58.5,53.5,2.4414067E-5
58.5,54.5,2.4764213E-5
58.5,55.5,2.6538457E-5
58.5,56.5,2.7810194E-5
58.5,57.5,2.54887E-5
58.5,58.5,2.3473525E-5
58.5,59.5,2.2791408E-5
58.5,60.5,2.1920741E-5
58.5,61.5,2.0480633E-5
58.5,62.5,1.9851406E-5
58.5,63.5,1.9473848E-5
58.5,64.5,1.9643552E-5
58.5,65.5,1.9432655E-5
58.5,66.5,1.9427836E-5
58.5,67.5,2.0298925E-5
58.5,68.5,2.0754627E-5
58.5,69.5,2.0785217E-5
58.5,70.5,2.097661E-5
58.5,71.5,2.121029E-5
58.5,72.5,2.1289296E-5
58.5,73.5,2.1356684E-5
58.5,74.5,2.1769503E-5
58.5,75.5,2.243915E-5
58.5,76.5,2.2967959E-5
58.5,77.5,2.2999491E-5
58.5,78.5,2.2911614E-5
58.5,79.5,2.2472615E-5
58.5,80.5,2.2231909E-5
58.5,81.5,2.2561484E-5
58.5,82.5,2.330308E-5
58.5,83.5,2.3202305E-5
58.5,84.5,2.2540233E-5
58.5,85.5,2.2155034E-5
58.5,86.5,2.2175434E-5
58.5,87.5,2.197666E-5
58.5,88.5,2.167631E-5
58.5,89.5,2.1194319E-5
58.5,90.5,2.0980098E-5
58.5,91.5,2.1141315E-5
58.5,92.5,2.1023377E-5
58.5,93.5,2.0065661E-5
58.5,94.5,1.8531677E-5
58.5,95.5,1.717477E-5
58.5,96.5,1.5887084E-5
58.5,97.5,1.5106589E-5
58.5,98.5,1.44076885E-5
58.5,99.5,1.3877869E-5
58.5,100.5,1.343784E-5
58.5,101.5,1.3266237E-5
58.5,102.5,1.31380775E-5
58.5,103.5,1.2656662E-5
58.5,104.5,1.2084774E-5
58.5,105.5,1.20252025E-5
58.5,106.5,1.2139731E-5
58.5,107.5,1.2807525E-5
58.5,108.5,1.3748334E-5
58.5,109.5,1.48959525E-5
58.5,110.5,1.5841253E-5
58.5,111.5,1.6584743E-5
58.5,112.5,1.7218264E-5
58.5,113.5,1.7344406E-5
58.5,114.5,1.6666329E-5
58.5,115.5,1.6483787E-5
58.5,116.5,1.6117205E-5
58.5,117.5,1.6578582E-5
58.5,118.5,1.7139524E-5
58.5,119.5,1.6884844E-5
58.5,120.5,1.6913218E-5
58.5,121.5,1.7528177E-5
58.5,122.5,1.8393057E-5
58.5,123.5,1.9516187E-5
58.5,124.5,1.97268E-5
58.5,125.5,1.9380543E-5
58.5,126.5,1.9270181E-5
58.5,127.5,1.872959E-5
58.5,128.5,1.756122E-5
58.5,129.5,1.7127464E-5
58.5,130.5,1.7320195E-5
58.5,131.5,1.6908236E-5
58.5,132.5,1.6607479E-5
58.5,133.5,1.6764594E-5
58.5,134.5,1.7055312E-5
58.5,135.5,1.7273493E-5
58.5,136.5,1.7605968E-5
58.5,137.5,1.8589384E-5
58.5,138.5,1.8386865E-5
58.5,139.5,1.7517783E-5
58.5,140.5,1.929838E-5
58.5,159.5,2.330234E-5
58.5,160.5,1.962029E-5
58.5,161.5,2.1051783E-5
59.5,-161.5,2.1619442E-5
59.5,-160.5,1.8433017E-5
59.5,-159.5,2.0099204E-5
59.5,-158.5,2.2205357E-5
59.5,-157.5,2.3263563E-5
59.5,-156.5,2.6005464E-5
59.5,-155.5,3.263072E-5
59.5,-154.5,3.6449215E-5
59.5,-151.5,3.7087346E-5
59.5,-150.5,3.7378548E-5
59.5,-138.5,4.5783272E-5
59.5,-137.5,3.2172273E-5
59.5,-136.5,2.8863691E-5
59.5,-135.5,2.942263E-5
59.5,-134.5,2.993261E-5
59.5,-133.5,3.0104437E-5
59.5,-132.5,2.7562492E-5
59.5,-131.5,2.2401106E-5
59.5,-130.5,1.9977319E-5
59.5,-129.5,2.0669664E-5
59.5,-128.5,2.2082691E-5
59.5,-127.5,2.1306614E-5
59.5,-126.5,1.9359923E-5
59.5,-125.5,1.8155151E-5
59.5,-124.5,1.7727525E-5
59.5,-123.5,1.6563643E-5
59.5,-122.5,1.4884561E-5
59.5,-121.5,1.3894263E-5
59.5,-120.5,1.2928684E-5
59.5,-119.5,1.2168697E-5
59.5,-118.5,1.1535168E-5
59.5,-117.5,1.1388502E-5
59.5,-116.5,1.0831528E-5
59.5,-115.5,1.0532352E-5
59.5,-114.5,1.0980543E-5
59.5,-113.5,1.1426285E-5
59.5,-112.5,1.1337391E-5
59.5,-111.5,1.1650352E-5
59.5,-110.5,1.3300315E-5
59.5,-109.5,1.5416512E-5
59.5,-108.5,1.5810976E-5
59.5,-107.5,1.4500436E-5
59.5,-106.5,1.3824253E-5
59.5,-105.5,1.3580576E-5
59.5,-104.5,1.3024904E-5
59.5,-103.5,1.2239431E-5
59.5,-102.5,1.1750852E-5
59.5,-101.5,1.1672666E-5
59.5,-100.5,1.2300306E-5
59.5,-99.5,1.2911223E-5
59.5,-98.5,1.2769813E-5
59.5,-97.5,1.25964425E-5
59.5,-96.5,1.2749374E-5
59.5,-95.5,1.3483879E-5
59.5,-77.5,1.3737591E-5
59.5,-76.5,1.2365928E-5
59.5,-75.5,1.2990519E-5
59.5,-74.5,1.3725873E-5
59.5,-73.5,1.3864514E-5
59.5,-72.5,1.403186E-5
59.5,-71.5,1.4212238E-5
59.5,-70.5,1.4847608E-5
59.5,-69.5,1.7667815E-5
59.5,-65.5,2.0837928E-5
59.5,-64.5,1.8719558E-5
59.5,5.5,6.0643233E-5
59.5,6.5,5.213773E-5
59.5,7.5,4.0410578E-5
59.5,8.5,3.2149102E-5
59.5,9.5,2.8855033E-5
59.5,10.5,2.8546063E-5
59.5,11.5,2.7879149E-5
59.5,12.5,2.8198252E-5
59.5,13.5,2.822653E-5
59.5,14.5,2.4800267E-5
59.5,15.5,2.164297E-5
59.5,16.5,1.9700972E-5
59.5,17.5,1.794016E-5
59.5,18.5,1.801947E-5
59.5,25.5,2.6811194E-5
59.5,26.5,2.7526334E-5
59.5,28.5,2.832825E-5
59.5,29.5,2.5162557E-5
59.5,30.5,2.4212028E-5
59.5,31.5,2.4503384E-5
59.5,32.5,2.5350926E-5
59.5,33.5,2.7226755E-5
59.5,34.5,2.8716871E-5
59.5,35.5,2.8111968E-5
59.5,36.5,2.7598766E-5
59.5,37.5,2.8188266E-5
59.5,38.5,2.8796128E-5
59.5,39.5,2.85522E-5
59.5,40.5,2.820373E-5
59.5,41.5,2.8253307E-5
59.5,42.5,2.8179693E-5
59.5,43.5,2.7731608E-5
59.5,44.5,2.77279E-5
59.5,45.5,2.739039E-5
59.5,46.5,2.6852891E-5
59.5,47.5,2.6823727E-5
59.5,48.5,2.6837955E-5
59.5,49.5,2.6371437E-5
59.5,50.5,2.5858748E-5
59.5,51.5,2.5539835E-5
59.5,52.5,2.5568237E-5
59.5,53.5,2.5324855E-5
59.5,54.5,2.5479147E-5
59.5,55.5,2.6358553E-5
59.5,56.5,2.7184049E-5
59.5,57.5,2.5467407E-5
59.5,58.5,2.3546176E-5
59.5,59.5,2.3570195E-5
59.5,60.5,2.2751055E-5
59.5,61.5,2.1154268E-5
59.5,62.5,2.0486807E-5
59.5,63.5,1.976076E-5
59.5,64.5,1.9778301E-5
59.5,65.5,2.0122845E-5
59.5,66.5,2.0711317E-5
59.5,67.5,2.1774522E-5
59.5,68.5,2.2237162E-5
59.5,69.5,2.2312985E-5
59.5,70.5,2.2407774E-5
59.5,71.5,2.2691578E-5
59.5,72.5,2.2973105E-5
59.5,73.5,2.3233624E-5
59.5,74.5,2.3522538E-5
59.5,75.5,2.3785422E-5
59.5,76.5,2.3870722E-5
59.5,77.5,2.3666207E-5
59.5,78.5,2.39539E-5
59.5,79.5,2.441284E-5
59.5,80.5,2.4620032E-5
59.5,81.5,2.435763E-5
59.5,82.5,2.397142E-5
59.5,83.5,2.388505E-5
59.5,84.5,2.3691062E-5
59.5,85.5,2.3108585E-5
59.5,86.5,2.2568249E-5
59.5,87.5,2.2351354E-5
59.5,88.5,2.2196204E-5
59.5,89.5,2.2433582E-5
59.5,90.5,2.2844888E-5
59.5,91.5,2.2324224E-5
59.5,92.5,2.082106E-5
59.5,93.5,2.0339134E-5
59.5,94.5,1.9304996E-5
59.5,95.5,1.7541757E-5
59.5,96.5,1.5930718E-5
59.5,97.5,1.4985012E-5
59.5,98.5,1.4035088E-5
59.5,99.5,1.3422406E-5
59.5,100.5,1.3023887E-5
59.5,101.5,1.2717495E-5
59.5,102.5,1.2381692E-5
59.5,103.5,1.21716375E-5
59.5,104.5,1.2107547E-5
59.5,105.5,1.1838061E-5
59.5,106.5,1.20557215E-5
59.5,107.5,1.2864165E-5
59.5,108.5,1.3269109E-5
59.5,109.5,1.36481085E-5
59.5,110.5,1.4389063E-5
59.5,111.5,1.5540005E-5
59.5,112.5,1.6655464E-5
59.5,113.5,1.671089E-5
59.5,114.5,1.5490634E-5
59.5,115.5,1.4821709E-5
59.5,116.5,1.4842357E-5
59.5,117.5,1.5273046E-5
59.5,118.5,1.5599988E-5
59.5,119.5,1.5789603E-5
59.5,120.5,1.5772905E-5
59.5,121.5,1.5967735E-5
59.5,122.5,1.6176913E-5
59.5,123.5,1.6600272E-5
59.5,124.5,1.6981186E-5
59.5,125.5,1.732084E-5
59.5,126.5,1.7189068E-5
59.5,127.5,1.6405558E-5
59.5,128.5,1.5404723E-5
59.5,129.5,1.4934605E-5
59.5,130.5,1.4793895E-5
59.5,131.5,1.4904562E-5
59.5,132.5,1.5314961E-5
59.5,133.5,1.5260988E-5
59.5,134.5,1.5560177E-5
59.5,135.5,1.6072247E-5
59.5,136.5,1.6073884E-5
59.5,137.5,1.6488068E-5
59.5,138.5,1.7184248E-5
59.5,139.5,1.765163E-5
59.5,140.5,1.747466E-5
59.5,141.5,1.7686409E-5
59.5,142.5,1.8959056E-5
59.5,143.5,2.0417428E-5
59.5,144.5,2.133402E-5
59.5,145.5,2.1569045E-5
59.5,146.5,2.2199145E-5
59.5,147.5,2.2952996E-5
59.5,148.5,2.4315357E-5
59.5,151.5,2.0093798E-5
59.5,152.5,1.8235674E-5
59.5,153.5,1.8797191E-5
59.5,154.5,2.2009224E-5
59.5,161.5,1.8286573E-5
59.5,162.5,1.896179E-5
60.5,-164.5,2.0274709E-5
60.5,-163.5,1.9377361E-5
60.5,-162.5,2.034547E-5
60.5,-161.5,2.1158517E-5
60.5,-160.5,2.0305659E-5
60.5,-159.5,2.0044345E-5
60.5,-158.5,2.1011489E-5
60.5,-157.5,2.1871521E-5
60.5,-156.5,2.2341044E-5
60.5,-155.5,2.3937439E-5
60.5,-154.5,2.4495252E-5
60.5,-153.5,2.4117931E-5
60.5,-152.5,3.061634E-5
60.5,-150.5,3.3515855E-5
60.5,-149.5,3.108884E-5
60.5,-148.5,4.0453786E-5
60.5,-145.5,4.645453E-5
60.5,-144.5,3.7717968E-5
60.5,-143.5,3.2318338E-5
60.5,-142.5,3.0219455E-5
60.5,-141.5,2.8189947E-5
60.5,-140.5,2.4649884E-5
60.5,-139.5,2.2446566E-5
60.5,-138.5,2.3776169E-5
60.5,-137.5,2.661449E-5
60.5,-136.5,2.6155052E-5
60.5,-135.5,2.4902913E-5
60.5,-134.5,2.5252153E-5
60.5,-133.5,2.4671775E-5
60.5,-132.5,2.2870554E-5
60.5,-131.5,2.0406738E-5
60.5,-130.5,1.9729867E-5
60.5,-129.5,2.0606496E-5
60.5,-128.5,1.9925072E-5
60.5,-127.5,1.7807319E-5
60.5,-126.5,1.6372285E-5
60.5,-125.5,1.5332274E-5
60.5,-124.5,1.4804586E-5
60.5,-123.5,1.4658679E-5
60.5,-122.5,1.3871989E-5
60.5,-121.5,1.3082192E-5
60.5,-120.5,1.2546076E-5
60.5,-119.5,1.1878112E-5
60.5,-118.5,1.1403111E-5
60.5,-117.5,1.1073717E-5
60.5,-116.5,1.0850892E-5
60.5,-115.5,1.0668996E-5
60.5,-114.5,1.0130162E-5
60.5,-113.5,9.805821E-6
60.5,-112.5,1.0071472E-5
60.5,-111.5,1.058042E-5
60.5,-110.5,1.0951676E-5
60.5,-109.5,1.0862087E-5
60.5,-108.5,1.072372E-5
60.5,-107.5,1.1040352E-5
60.5,-106.5,1.1414796E-5
60.5,-105.5,1.1808647E-5
60.5,-104.5,1.2208237E-5
60.5,-103.5,1.2536606E-5
60.5,-102.5,1.2515055E-5
60.5,-101.5,1.1774646E-5
60.5,-100.5,1.1374557E-5
60.5,-99.5,1.1616238E-5
60.5,-98.5,1.1629342E-5
60.5,-97.5,1.1815429E-5
60.5,-96.5,1.2012014E-5
60.5,-95.5,1.2298891E-5
60.5,-77.5,1.3403064E-5
60.5,-76.5,1.2027523E-5
60.5,-75.5,1.2488657E-5
60.5,-74.5,1.2780726E-5
60.5,-73.5,1.21679905E-5
60.5,-72.5,1.1515858E-5
60.5,-71.5,1.1639558E-5
60.5,-70.5,1.2594555E-5
60.5,-45.5,3.8002076E-5
60.5,-44.5,3.2339092E-5
60.5,-43.5,3.539651E-5
60.5,5.5,5.849829E-5
60.5,6.5,5.1068982E-5
60.5,7.5,4.1389903E-5
60.5,8.5,3.33146E-5
60.5,9.5,2.9704168E-5
60.5,10.5,2.9482722E-5
60.5,11.5,2.7360007E-5
60.5,12.5,2.4308732E-5
60.5,13.5,2.2708135E-5
60.5,14.5,2.2489945E-5
60.5,15.5,2.1836846E-5
60.5,16.5,2.0382055E-5
60.5,17.5,2.0529153E-5
60.5,21.5,1.9267995E-5
60.5,22.5,1.7505716E-5
60.5,23.5,1.8650066E-5
60.5,24.5,2.0603453E-5
60.5,25.5,2.2268798E-5
60.5,26.5,2.4251345E-5
60.5,27.5,2.692203E-5
60.5,28.5,2.8034945E-5
60.5,29.5,2.8195564E-5
60.5,30.5,3.3242577E-5
60.5,31.5,4.0273782E-5
60.5,32.5,3.834651E-5
60.5,33.5,3.0160352E-5
60.5,34.5,2.636877E-5
60.5,35.5,2.6296639E-5
60.5,36.5,2.7387567E-5
60.5,37.5,2.8727674E-5
60.5,38.5,2.9777751E-5
60.5,39.5,2.8706218E-5
60.5,40.5,2.7757631E-5
60.5,41.5,2.7417826E-5
60.5,42.5,2.7424881E-5
60.5,43.5,2.6892347E-5
60.5,44.5,2.6501992E-5
60.5,45.5,2.6610349E-5
60.5,46.5,2.7005712E-5
60.5,47.5,2.693214E-5
60.5,48.5,2.6654467E-5
60.5,49.5,2.6315898E-5
60.5,50.5,2.6084985E-5
60.5,51.5,2.5860685E-5
60.5,52.5,2.5771209E-5
60.5,53.5,2.5836376E-5
60.5,54.5,2.6539668E-5
60.5,55.5,2.7652479E-5
60.5,56.5,2.7947992E-5
60.5,57.5,2.6331445E-5
60.5,58.5,2.46685E-5
60.5,59.5,2.4530626E-5
60.5,60.5,2.385017E-5
60.5,61.5,2.215507E-5
60.5,62.5,2.129593E-5
60.5,63.5,2.078095E-5
60.5,64.5,2.174627E-5
60.5,65.5,2.285697E-5
60.5,66.5,2.2694927E-5
60.5,67.5,2.3186436E-5
60.5,68.5,2.4270359E-5
60.5,69.5,2.4368852E-5
60.5,70.5,2.3846062E-5
60.5,71.5,2.3641272E-5
60.5,72.5,2.3898E-5
60.5,73.5,2.4307648E-5
60.5,74.5,2.458368E-5
60.5,75.5,2.5087014E-5
60.5,76.5,2.5627698E-5
60.5,77.5,2.57653E-5
60.5,78.5,2.5676827E-5
60.5,79.5,2.5190713E-5
60.5,80.5,2.4595682E-5
60.5,81.5,2.4813373E-5
60.5,82.5,2.5183113E-5
60.5,83.5,2.5276178E-5
60.5,84.5,2.4843104E-5
60.5,85.5,2.3903409E-5
60.5,86.5,2.3177887E-5
60.5,87.5,2.2991473E-5
60.5,88.5,2.2655615E-5
60.5,89.5,2.3294806E-5
60.5,90.5,2.3189332E-5
60.5,91.5,2.2419597E-5
60.5,92.5,2.2871794E-5
60.5,93.5,2.3974442E-5
60.5,94.5,2.2427088E-5
60.5,95.5,1.9937745E-5
60.5,96.5,1.7736498E-5
60.5,97.5,1.6087553E-5
60.5,98.5,1.463161E-5
60.5,99.5,1.3970788E-5
60.5,100.5,1.3250011E-5
60.5,101.5,1.2639531E-5
60.5,102.5,1.232546E-5
60.5,103.5,1.2079359E-5
60.5,104.5,1.20475825E-5
60.5,105.5,1.1913199E-5
60.5,106.5,1.205643E-5
60.5,107.5,1.2576535E-5
60.5,108.5,1.28482225E-5
60.5,109.5,1.3099233E-5
60.5,110.5,1.3466893E-5
60.5,111.5,1.3771157E-5
60.5,112.5,1.4296148E-5
60.5,113.5,1.5196302E-5
60.5,114.5,1.5396636E-5
60.5,115.5,1.5015507E-5
60.5,116.5,1.4627364E-5
60.5,117.5,1.4232217E-5
60.5,118.5,1.382294E-5
60.5,119.5,1.3948315E-5
60.5,120.5,1.4531607E-5
60.5,121.5,1.4718478E-5
60.5,122.5,1.4728438E-5
60.5,123.5,1.4980823E-5
60.5,124.5,1.52182965E-5
60.5,125.5,1.5200425E-5
60.5,126.5,1.4910551E-5
60.5,127.5,1.42211775E-5
60.5,128.5,1.3415682E-5
60.5,129.5,1.2887275E-5
60.5,130.5,1.27333105E-5
60.5,131.5,1.2532973E-5
60.5,132.5,1.2755582E-5
60.5,133.5,1.3074097E-5
60.5,134.5,1.3741988E-5
60.5,135.5,1.4295916E-5
60.5,136.5,1.4557217E-5
60.5,137.5,1.4582313E-5
60.5,138.5,1.4749934E-5
60.5,139.5,1.5728327E-5
60.5,140.5,1.6744272E-5
60.5,141.5,1.7218772E-5
60.5,142.5,1.6868464E-5
60.5,143.5,1.65738E-5
60.5,144.5,1.6632353E-5
60.5,145.5,1.7041873E-5
60.5,146.5,1.7652617E-5
60.5,147.5,1.8095467E-5
60.5,148.5,1.7797118E-5
60.5,149.5,1.646089E-5
60.5,150.5,1.5704243E-5
60.5,151.5,1.581634E-5
60.5,152.5,1.6295979E-5
60.5,153.5,1.6283087E-5
60.5,154.5,1.8180095E-5
60.5,162.5,2.512596E-5
60.5,163.5,2.1071124E-5
60.5,164.5,1.8564311E-5
60.5,165.5,1.815905E-5
60.5,166.5,1.8749115E-5
60.5,167.5,2.0124373E-5
60.5,169.5,1.9639276E-5
60.5,170.5,1.808792E-5
61.5,-165.5,1.9515872E-5
61.5,-164.5,1.8246199E-5
61.5,-163.5,1.8424938E-5
61.5,-162.5,1.9713108E-5
61.5,-161.5,2.1505197E-5
61.5,-160.5,2.2679747E-5
61.5,-159.5,2.1750122E-5
61.5,-158.5,2.0906242E-5
61.5,-157.5,2.2060054E-5
61.5,-156.5,2.3601551E-5
61.5,-155.5,2.4398261E-5
61.5,-154.5,2.3894523E-5
61.5,-153.5,2.1756117E-5
61.5,-152.5,2.2044962E-5
61.5,-151.5,2.8094491E-5
61.5,-150.5,3.7345446E-5
61.5,-149.5,3.998228E-5
61.5,-148.5,3.480434E-5
61.5,-147.5,3.043625E-5
61.5,-146.5,2.8494684E-5
61.5,-145.5,2.8560944E-5
61.5,-144.5,2.9987264E-5
61.5,-143.5,3.0162944E-5
61.5,-142.5,2.7638338E-5
61.5,-141.5,2.4894078E-5
61.5,-140.5,2.180768E-5
61.5,-139.5,1.9730789E-5
61.5,-138.5,1.801068E-5
61.5,-137.5,1.7518907E-5
61.5,-136.5,1.7017066E-5
61.5,-135.5,1.69955E-5
61.5,-134.5,1.6585347E-5
61.5,-133.5,1.573123E-5
61.5,-132.5,1.6709213E-5
61.5,-131.5,1.8276158E-5
61.5,-130.5,1.8680135E-5
61.5,-129.5,1.8228642E-5
61.5,-128.5,1.6668237E-5
61.5,-127.5,1.5096918E-5
61.5,-126.5,1.4630936E-5
61.5,-125.5,1.4020707E-5
61.5,-124.5,1.3438281E-5
61.5,-123.5,1.3506534E-5
61.5,-122.5,1.3505102E-5
61.5,-121.5,1.32305E-5
61.5,-120.5,1.2548602E-5
61.5,-119.5,1.1674313E-5
61.5,-118.5,1.1056372E-5
61.5,-117.5,1.06203815E-5
61.5,-116.5,1.0788439E-5
61.5,-115.5,1.1891733E-5
61.5,-114.5,1.309757E-5
61.5,-113.5,1.2771885E-5
61.5,-112.5,1.1643813E-5
61.5,-111.5,1.0650159E-5
61.5,-110.5,1.0731835E-5
61.5,-109.5,1.1010065E-5
61.5,-108.5,1.0825523E-5
61.5,-107.5,1.0466346E-5
61.5,-106.5,1.0269178E-5
61.5,-105.5,1.0510606E-5
61.5,-104.5,1.0624706E-5
61.5,-103.5,1.0744138E-5
61.5,-102.5,1.0514399E-5
61.5,-101.5,1.0126259E-5
61.5,-100.5,1.0230859E-5
61.5,-99.5,1.0479975E-5
61.5,-98.5,1.06776315E-5
61.5,-97.5,1.1165699E-5
61.5,-96.5,1.1461915E-5
61.5,-95.5,1.1687733E-5
61.5,-94.5,1.2615072E-5
61.5,-77.5,1.2094146E-5
61.5,-76.5,9.828955E-6
61.5,-75.5,9.560087E-6
61.5,-74.5,9.578642E-6
61.5,-73.5,9.881607E-6
61.5,-72.5,1.164285E-5
61.5,-48.5,3.7051E-5
61.5,-47.5,2.7171467E-5
61.5,-46.5,2.4744151E-5
61.5,-45.5,2.7500942E-5
61.5,-44.5,2.7249349E-5
61.5,-43.5,2.9370261E-5
61.5,5.5,5.28267E-5
61.5,6.5,4.6432702E-5
61.5,7.5,3.7149483E-5
61.5,8.5,2.9160386E-5
61.5,9.5,2.681771E-5
61.5,10.5,2.643086E-5
61.5,11.5,2.5742771E-5
61.5,12.5,2.4359388E-5
61.5,13.5,2.3062288E-5
61.5,14.5,2.246289E-5
61.5,15.5,2.1586226E-5
61.5,16.5,2.2641612E-5
61.5,21.5,2.625937E-5
61.5,22.5,2.364612E-5
61.5,23.5,2.5529627E-5
61.5,24.5,2.6619906E-5
61.5,25.5,2.615649E-5
61.5,26.5,2.5328516E-5
61.5,27.5,2.5966845E-5
61.5,28.5,2.7452075E-5
61.5,29.5,2.907937E-5
61.5,30.5,3.1827312E-5
61.5,31.5,3.2679916E-5
61.5,32.5,2.9044313E-5
61.5,33.5,2.7494149E-5
61.5,34.5,3.1557385E-5
61.5,35.5,3.6155358E-5
61.5,36.5,3.3292763E-5
61.5,37.5,2.777953E-5
61.5,38.5,2.7016318E-5
61.5,39.5,2.757838E-5
61.5,40.5,2.7459899E-5
61.5,41.5,2.7370788E-5
61.5,42.5,2.7193106E-5
61.5,43.5,2.6464364E-5
61.5,44.5,2.6355596E-5
61.5,45.5,2.6768825E-5
61.5,46.5,2.7126518E-5
61.5,47.5,2.7221695E-5
61.5,48.5,2.7240107E-5
61.5,49.5,2.7325592E-5
61.5,50.5,2.764594E-5
61.5,51.5,2.7190405E-5
61.5,52.5,2.6526624E-5
61.5,53.5,2.6588808E-5
61.5,54.5,2.7182896E-5
61.5,55.5,2.7985347E-5
61.5,56.5,2.8598382E-5
61.5,57.5,2.7299113E-5
61.5,58.5,2.5174646E-5
61.5,59.5,2.4654615E-5
61.5,60.5,2.4274736E-5
61.5,61.5,2.2941247E-5
61.5,62.5,2.1842807E-5
61.5,63.5,2.0783906E-5
61.5,64.5,2.074809E-5
61.5,65.5,2.1308046E-5
61.5,66.5,2.2051428E-5
61.5,67.5,2.3074741E-5
61.5,68.5,2.3802615E-5
61.5,69.5,2.4027795E-5
61.5,70.5,2.5013991E-5
61.5,71.5,2.5942161E-5
61.5,72.5,2.7085118E-5
61.5,73.5,2.7532942E-5
61.5,74.5,2.6771648E-5
61.5,75.5,2.6631846E-5
61.5,76.5,2.6570502E-5
61.5,77.5,2.6136662E-5
61.5,78.5,2.6352855E-5
61.5,79.5,2.6852626E-5
61.5,80.5,2.6753734E-5
61.5,81.5,2.6537904E-5
61.5,82.5,2.6442023E-5
61.5,83.5,2.6063088E-5
61.5,84.5,2.5425017E-5
61.5,85.5,2.519253E-5
61.5,86.5,2.4730834E-5
61.5,87.5,2.3955976E-5
61.5,88.5,2.3475064E-5
61.5,89.5,2.4483566E-5
61.5,90.5,2.5576519E-5
61.5,91.5,2.5893603E-5
61.5,92.5,2.5871339E-5
61.5,93.5,2.5359896E-5
61.5,94.5,2.305005E-5
61.5,95.5,2.0551513E-5
61.5,96.5,1.8386612E-5
61.5,97.5,1.694186E-5
61.5,98.5,1.5467265E-5
61.5,99.5,1.4466494E-5
61.5,100.5,1.3455019E-5
61.5,101.5,1.2654026E-5
61.5,102.5,1.23245645E-5
61.5,103.5,1.2071013E-5
61.5,104.5,1.2109145E-5
61.5,105.5,1.1881673E-5
61.5,106.5,1.183543E-5
61.5,107.5,1.205164E-5
61.5,108.5,1.2267042E-5
61.5,109.5,1.2482486E-5
61.5,110.5,1.2787543E-5
61.5,111.5,1.2947525E-5
61.5,112.5,1.2944267E-5
61.5,113.5,1.3271869E-5
61.5,114.5,1.3221452E-5
61.5,115.5,1.3135243E-5
61.5,116.5,1.31696E-5
61.5,117.5,1.30126855E-5
61.5,118.5,1.2719513E-5
61.5,119.5,1.264041E-5
61.5,120.5,1.2639802E-5
61.5,121.5,1.2691222E-5
61.5,122.5,1.2765996E-5
61.5,123.5,1.2847196E-5
61.5,124.5,1.31987035E-5
61.5,125.5,1.3488744E-5
61.5,126.5,1.368844E-5
61.5,127.5,1.3504402E-5
61.5,128.5,1.3159757E-5
61.5,129.5,1.2616085E-5
61.5,130.5,1.1882619E-5
61.5,131.5,1.1329643E-5
61.5,132.5,1.13035E-5
61.5,133.5,1.1269929E-5
61.5,134.5,1.1871586E-5
61.5,135.5,1.2716549E-5
61.5,136.5,1.3074048E-5
61.5,137.5,1.2710819E-5
61.5,138.5,1.281109E-5
61.5,139.5,1.3414346E-5
61.5,140.5,1.40584125E-5
61.5,141.5,1.43591005E-5
61.5,142.5,1.407909E-5
61.5,143.5,1.40339325E-5
61.5,144.5,1.4399482E-5
61.5,145.5,1.48706185E-5
61.5,146.5,1.541457E-5
61.5,147.5,1.5823749E-5
61.5,148.5,1.6414853E-5
61.5,149.5,1.6843513E-5
61.5,150.5,1.7116095E-5
61.5,151.5,1.7185595E-5
61.5,152.5,1.676315E-5
61.5,153.5,1.5856185E-5
61.5,154.5,1.4751057E-5
61.5,155.5,1.5286712E-5
61.5,156.5,1.8298522E-5
61.5,160.5,1.9707533E-5
61.5,161.5,1.9370986E-5
61.5,164.5,2.2392931E-5
61.5,165.5,1.9048433E-5
61.5,166.5,1.8001168E-5
61.5,167.5,1.694687E-5
61.5,168.5,1.6286873E-5
61.5,169.5,1.5846716E-5
61.5,170.5,1.4864709E-5
61.5,171.5,1.4193986E-5
61.5,172.5,1.7780449E-5
62.5,-164.5,1.8534409E-5
62.5,-163.5,1.688218E-5
62.5,-162.5,1.6084203E-5
62.5,-161.5,1.6055297E-5
62.5,-160.5,1.7620563E-5
62.5,-159.5,1.9093943E-5
62.5,-158.5,1.930528E-5
62.5,-157.5,1.9069745E-5
62.5,-156.5,1.9761423E-5
62.5,-155.5,2.154325E-5
62.5,-154.5,2.3094795E-5
62.5,-153.5,2.355244E-5
62.5,-152.5,2.3650777E-5
62.5,-151.5,2.5038067E-5
62.5,-150.5,2.7976916E-5
62.5,-149.5,2.9621046E-5
62.5,-148.5,3.0032441E-5
62.5,-147.5,3.0845993E-5
62.5,-146.5,3.3089244E-5
62.5,-145.5,3.322105E-5
62.5,-144.5,3.0836953E-5
62.5,-143.5,2.8266728E-5
62.5,-142.5,2.6743734E-5
62.5,-141.5,2.60051E-5
62.5,-140.5,2.42495E-5
62.5,-139.5,2.113724E-5
62.5,-138.5,1.8113102E-5
62.5,-137.5,1.7141962E-5
62.5,-136.5,1.6822445E-5
62.5,-135.5,1.6381146E-5
62.5,-134.5,1.5989504E-5
62.5,-133.5,1.5927737E-5
62.5,-132.5,1.678484E-5
62.5,-131.5,1.7931321E-5
62.5,-130.5,1.7443197E-5
62.5,-129.5,1.6337519E-5
62.5,-128.5,1.492256E-5
62.5,-127.5,1.3278979E-5
62.5,-126.5,1.2347512E-5
62.5,-125.5,1.23018135E-5
62.5,-124.5,1.271797E-5
62.5,-123.5,1.32076E-5
62.5,-122.5,1.30249055E-5
62.5,-121.5,1.2350321E-5
62.5,-120.5,1.15344355E-5
62.5,-119.5,1.0863831E-5
62.5,-118.5,1.0347673E-5
62.5,-117.5,9.701607E-6
62.5,-116.5,9.401614E-6
62.5,-115.5,9.641291E-6
62.5,-114.5,1.0118902E-5
62.5,-113.5,1.0158481E-5
62.5,-112.5,1.0247178E-5
62.5,-111.5,1.07688265E-5
62.5,-110.5,1.09865605E-5
62.5,-109.5,1.0404017E-5
62.5,-108.5,9.73942E-6
62.5,-107.5,9.515299E-6
62.5,-106.5,9.752477E-6
62.5,-105.5,9.856788E-6
62.5,-104.5,9.778522E-6
62.5,-103.5,1.02578015E-5
62.5,-102.5,1.0557791E-5
62.5,-101.5,1.04415585E-5
62.5,-100.5,1.0306816E-5
62.5,-99.5,9.9658255E-6
62.5,-98.5,1.0132533E-5
62.5,-97.5,1.0411886E-5
62.5,-96.5,1.0526035E-5
62.5,-95.5,1.1104792E-5
62.5,-94.5,1.1332921E-5
62.5,-93.5,1.1456372E-5
62.5,-92.5,1.2357145E-5
62.5,-83.5,1.3191561E-5
62.5,-77.5,1.2876826E-5
62.5,-68.5,1.3863697E-5
62.5,-67.5,1.4077022E-5
62.5,-66.5,1.682495E-5
62.5,-49.5,3.140489E-5
62.5,-48.5,2.6897056E-5
62.5,-47.5,2.345346E-5
62.5,-46.5,1.9987207E-5
62.5,-45.5,1.928813E-5
62.5,-44.5,2.1497606E-5
62.5,-43.5,2.7566668E-5
62.5,6.5,5.581386E-5
62.5,7.5,3.935467E-5
62.5,8.5,3.0726587E-5
62.5,9.5,2.8706178E-5
62.5,10.5,2.9178202E-5
62.5,11.5,2.9177598E-5
62.5,12.5,2.733364E-5
62.5,13.5,2.5524185E-5
62.5,14.5,2.4766314E-5
62.5,15.5,2.2920682E-5
62.5,16.5,2.0706764E-5
62.5,17.5,2.2102966E-5
62.5,21.5,2.2141201E-5
62.5,22.5,1.9584411E-5
62.5,23.5,2.1856258E-5
62.5,24.5,2.3922546E-5
62.5,25.5,2.5404073E-5
62.5,26.5,2.6622598E-5
62.5,27.5,2.8131368E-5
62.5,28.5,2.9740671E-5
62.5,29.5,2.9341587E-5
62.5,30.5,2.7022379E-5
62.5,31.5,2.5772013E-5
62.5,32.5,2.6247808E-5
62.5,33.5,2.8286235E-5
62.5,34.5,3.043231E-5
62.5,35.5,3.0026102E-5
62.5,36.5,2.72189E-5
62.5,37.5,2.5589052E-5
62.5,38.5,2.560177E-5
62.5,39.5,2.5903355E-5
62.5,40.5,2.617576E-5
62.5,41.5,2.6759992E-5
62.5,42.5,2.7266753E-5
62.5,43.5,2.726611E-5
62.5,44.5,2.6444972E-5
62.5,45.5,2.5699484E-5
62.5,46.5,2.4896279E-5
62.5,47.5,2.5391464E-5
62.5,48.5,2.596406E-5
62.5,49.5,2.6377198E-5
62.5,50.5,2.6558382E-5
62.5,51.5,2.6510346E-5
62.5,52.5,2.6195135E-5
62.5,53.5,2.591895E-5
62.5,54.5,2.6162925E-5
62.5,55.5,2.7063395E-5
62.5,56.5,2.8105287E-5
62.5,57.5,2.7997423E-5
62.5,58.5,2.6980546E-5
62.5,59.5,2.6379965E-5
62.5,60.5,2.576536E-5
62.5,61.5,2.4076458E-5
62.5,62.5,2.3123219E-5
62.5,63.5,2.2485505E-5
62.5,64.5,2.2831397E-5
62.5,65.5,2.353387E-5
62.5,66.5,2.3811925E-5
62.5,67.5,2.4052884E-5
62.5,68.5,2.4262697E-5
62.5,69.5,2.5055395E-5
62.5,70.5,2.605703E-5
62.5,71.5,2.6740445E-5
62.5,72.5,2.7548074E-5
62.5,73.5,2.7649283E-5
62.5,74.5,2.656312E-5
62.5,75.5,2.6447227E-5
62.5,76.5,2.6151116E-5
62.5,77.5,2.5724245E-5
62.5,78.5,2.5492656E-5
62.5,79.5,2.5811494E-5
62.5,80.5,2.5829126E-5
62.5,81.5,2.6040147E-5
62.5,82.5,2.5927724E-5
62.5,83.5,2.5993295E-5
62.5,84.5,2.5869937E-5
62.5,85.5,2.5595642E-5
62.5,86.5,2.5419049E-5
62.5,87.5,2.5265168E-5
62.5,88.5,2.5157262E-5
62.5,89.5,2.4913063E-5
62.5,90.5,2.4256748E-5
62.5,91.5,2.3751341E-5
62.5,92.5,2.3264824E-5
62.5,93.5,2.2691187E-5
62.5,94.5,2.124654E-5
62.5,95.5,1.9304087E-5
62.5,96.5,1.7365164E-5
62.5,97.5,1.6119464E-5
62.5,98.5,1.5124997E-5
62.5,99.5,1.4380108E-5
62.5,100.5,1.37035195E-5
62.5,101.5,1.3100398E-5
62.5,102.5,1.2734693E-5
62.5,103.5,1.2311151E-5
62.5,104.5,1.2189206E-5
62.5,105.5,1.2070353E-5
62.5,106.5,1.201449E-5
62.5,107.5,1.2198245E-5
62.5,108.5,1.2418149E-5
62.5,109.5,1.2635147E-5
62.5,110.5,1.3345034E-5
62.5,111.5,1.37266425E-5
62.5,112.5,1.3156213E-5
62.5,113.5,1.2889787E-5
62.5,114.5,1.2685505E-5
62.5,115.5,1.251858E-5
62.5,116.5,1.2414073E-5
62.5,117.5,1.2142383E-5
62.5,118.5,1.1742022E-5
62.5,119.5,1.1357465E-5
62.5,120.5,1.1353704E-5
62.5,121.5,1.14858985E-5
62.5,122.5,1.1666784E-5
62.5,123.5,1.1834808E-5
62.5,124.5,1.1912344E-5
62.5,125.5,1.1856656E-5
62.5,126.5,1.1821432E-5
62.5,127.5,1.1540055E-5
62.5,128.5,1.1382308E-5
62.5,129.5,1.1654205E-5
62.5,130.5,1.1857813E-5
62.5,131.5,1.134585E-5
62.5,132.5,1.09902385E-5
62.5,133.5,1.1171735E-5
62.5,134.5,1.2164114E-5
62.5,135.5,1.3354292E-5
62.5,136.5,1.3820727E-5
62.5,137.5,1.31971165E-5
62.5,138.5,1.2258255E-5
62.5,139.5,1.1799889E-5
62.5,140.5,1.1832703E-5
62.5,141.5,1.2376798E-5
62.5,142.5,1.2825109E-5
62.5,143.5,1.3156552E-5
62.5,144.5,1.3495091E-5
62.5,145.5,1.3954035E-5
62.5,146.5,1.47913925E-5
62.5,147.5,1.549669E-5
62.5,148.5,1.5580024E-5
62.5,149.5,1.6208644E-5
62.5,150.5,1.7435628E-5
62.5,151.5,1.8231443E-5
62.5,152.5,1.7867953E-5
62.5,153.5,1.6982032E-5
62.5,154.5,1.6165697E-5
62.5,155.5,1.5293266E-5
62.5,156.5,1.4066721E-5
62.5,157.5,1.3543364E-5
62.5,158.5,1.4021767E-5
62.5,159.5,1.5255726E-5
62.5,160.5,1.6340497E-5
62.5,161.5,1.658197E-5
62.5,162.5,1.8075454E-5
62.5,163.5,2.1253636E-5
62.5,164.5,2.2044596E-5
62.5,165.5,2.045275E-5
62.5,166.5,2.0192772E-5
62.5,167.5,2.0056254E-5
62.5,168.5,1.913173E-5
62.5,169.5,1.7951565E-5
62.5,170.5,1.707517E-5
62.5,171.5,1.6883876E-5
62.5,172.5,1.763176E-5
62.5,173.5,1.7628958E-5
62.5,174.5,1.7287104E-5
62.5,175.5,1.8081902E-5
62.5,176.5,2.0214453E-5
62.5,178.5,2.1511742E-5
63.5,-160.5,1.8798406E-5
63.5,-159.5,1.8115728E-5
63.5,-158.5,1.8529445E-5
63.5,-157.5,1.7686087E-5
63.5,-156.5,1.7058068E-5
63.5,-155.5,1.8291443E-5
63.5,-154.5,2.0570307E-5
63.5,-153.5,2.2693632E-5
63.5,-152.5,2.3542583E-5
63.5,-151.5,2.2552507E-5
63.5,-150.5,2.064587E-5
63.5,-149.5,2.030525E-5
63.5,-148.5,2.1061936E-5
63.5,-147.5,2.0971256E-5
63.5,-146.5,2.0976733E-5
63.5,-145.5,2.2086631E-5
63.5,-144.5,2.3757877E-5
63.5,-143.5,2.4942761E-5
63.5,-142.5,2.3698007E-5
63.5,-141.5,2.0924292E-5
63.5,-140.5,1.934491E-5
63.5,-139.5,1.8662455E-5
63.5,-138.5,1.7871542E-5
63.5,-137.5,1.7586453E-5
63.5,-136.5,1.7204722E-5
63.5,-135.5,1.6949543E-5
63.5,-134.5,1.6853082E-5
63.5,-133.5,1.6785065E-5
63.5,-132.5,1.605596E-5
63.5,-131.5,1.5220045E-5
63.5,-130.5,1.399129E-5
63.5,-129.5,1.3174178E-5
63.5,-128.5,1.27339035E-5
63.5,-127.5,1.24932685E-5
63.5,-126.5,1.2781213E-5
63.5,-125.5,1.2926966E-5
63.5,-124.5,1.2521989E-5
63.5,-123.5,1.21348985E-5
63.5,-122.5,1.1883372E-5
63.5,-121.5,1.1679144E-5
63.5,-120.5,1.13263E-5
63.5,-119.5,1.11651025E-5
63.5,-118.5,1.0976474E-5
63.5,-117.5,1.0337888E-5
63.5,-116.5,9.583172E-6
63.5,-115.5,9.328428E-6
63.5,-114.5,9.446406E-6
63.5,-113.5,9.5413E-6
63.5,-112.5,9.280512E-6
63.5,-111.5,9.089232E-6
63.5,-110.5,8.905341E-6
63.5,-109.5,8.979005E-6
63.5,-108.5,9.279071E-6
63.5,-107.5,9.235916E-6
63.5,-106.5,9.169496E-6
63.5,-105.5,9.297049E-6
63.5,-104.5,9.283586E-6
63.5,-103.5,9.155603E-6
63.5,-102.5,9.217591E-6
63.5,-101.5,9.419867E-6
63.5,-100.5,9.370076E-6
63.5,-99.5,9.061797E-6
63.5,-98.5,9.20254E-6
63.5,-97.5,9.548053E-6
63.5,-96.5,9.738423E-6
63.5,-95.5,9.92443E-6
63.5,-94.5,9.997467E-6
63.5,-93.5,9.870491E-6
63.5,-92.5,9.489587E-6
63.5,-91.5,9.57841E-6
63.5,-90.5,1.0478082E-5
63.5,-85.5,1.35795835E-5
63.5,-84.5,1.3593599E-5
63.5,-71.5,1.1936018E-5
63.5,-70.5,1.06199805E-5
63.5,-69.5,1.1037716E-5
63.5,-68.5,1.2611798E-5
63.5,-67.5,1.3776636E-5
63.5,-66.5,1.28096535E-5
63.5,-65.5,1.2926867E-5
63.5,-50.5,2.8161203E-5
63.5,-49.5,2.4249712E-5
63.5,-48.5,2.2125274E-5
63.5,-47.5,1.9032128E-5
63.5,-46.5,1.6285954E-5
63.5,-45.5,1.5488433E-5
63.5,-44.5,1.6256683E-5
63.5,-43.5,1.9780207E-5
63.5,-42.5,2.8129567E-5
63.5,-41.5,3.961925E-5
63.5,-19.5,4.5547313E-5
63.5,-18.5,4.7496666E-5
63.5,8.5,5.3092073E-5
63.5,9.5,4.414999E-5
63.5,10.5,4.0109164E-5
63.5,11.5,3.5853485E-5
63.5,12.5,3.20963E-5
63.5,13.5,3.0078496E-5
63.5,14.5,2.7543621E-5
63.5,15.5,2.4601892E-5
63.5,16.5,2.1070327E-5
63.5,17.5,1.9413792E-5
63.5,18.5,1.9546773E-5
63.5,19.5,2.204087E-5
63.5,22.5,2.3419E-5
63.5,23.5,2.0069387E-5
63.5,24.5,2.0777457E-5
63.5,25.5,2.333216E-5
63.5,26.5,2.5367213E-5
63.5,27.5,2.6283595E-5
63.5,28.5,2.7213138E-5
63.5,29.5,2.7733606E-5
63.5,30.5,2.7747923E-5
63.5,31.5,2.7093813E-5
63.5,32.5,2.7169488E-5
63.5,33.5,2.7283808E-5
63.5,34.5,2.6176962E-5
63.5,35.5,2.414073E-5
63.5,36.5,2.3407176E-5
63.5,37.5,2.3203136E-5
63.5,38.5,2.2293936E-5
63.5,39.5,2.206227E-5
63.5,40.5,2.3111257E-5
63.5,41.5,2.469889E-5
63.5,42.5,2.5110818E-5
63.5,43.5,2.4786536E-5
63.5,44.5,2.4873283E-5
63.5,45.5,2.4949117E-5
63.5,46.5,2.4672176E-5
63.5,47.5,2.5337875E-5
63.5,48.5,2.576374E-5
63.5,49.5,2.5943153E-5
63.5,50.5,2.6001386E-5
63.5,51.5,2.6038018E-5
63.5,52.5,2.6264079E-5
63.5,53.5,2.639368E-5
63.5,54.5,2.663706E-5
63.5,55.5,2.6884638E-5
63.5,56.5,2.7176548E-5
63.5,57.5,2.7427768E-5
63.5,58.5,2.7516211E-5
63.5,59.5,2.7770051E-5
63.5,60.5,2.7685848E-5
63.5,61.5,2.6231057E-5
63.5,62.5,2.5351233E-5
63.5,63.5,2.4921465E-5
63.5,64.5,2.5624853E-5
63.5,65.5,2.5747402E-5
63.5,66.5,2.4923705E-5
63.5,67.5,2.4464558E-5
63.5,68.5,2.4590174E-5
63.5,69.5,2.5397048E-5
63.5,70.5,2.6269227E-5
63.5,71.5,2.6683449E-5
63.5,72.5,2.6294823E-5
63.5,73.5,2.607121E-5
63.5,74.5,2.607551E-5
63.5,75.5,2.6668045E-5
63.5,76.5,2.7184164E-5
63.5,77.5,2.7620357E-5
63.5,78.5,2.7475466E-5
63.5,79.5,2.7018725E-5
63.5,80.5,2.65206E-5
63.5,81.5,2.679521E-5
63.5,82.5,2.6920288E-5
63.5,83.5,2.7166765E-5
63.5,84.5,2.723421E-5
63.5,85.5,2.7117594E-5
63.5,86.5,2.7374705E-5
63.5,87.5,2.730275E-5
63.5,88.5,2.6564774E-5
63.5,89.5,2.5457713E-5
63.5,90.5,2.464662E-5
63.5,91.5,2.3684244E-5
63.5,92.5,2.2744302E-5
63.5,93.5,2.1942416E-5
63.5,94.5,2.1202857E-5
63.5,95.5,2.0131167E-5
63.5,96.5,1.843433E-5
63.5,97.5,1.7227327E-5
63.5,98.5,1.607445E-5
63.5,99.5,1.4776032E-5
63.5,100.5,1.3420184E-5
63.5,101.5,1.2596528E-5
63.5,102.5,1.2498635E-5
63.5,103.5,1.2633165E-5
63.5,104.5,1.2795447E-5
63.5,105.5,1.2809616E-5
63.5,106.5,1.270476E-5
63.5,107.5,1.2468298E-5
63.5,108.5,1.2112532E-5
63.5,109.5,1.2189756E-5
63.5,110.5,1.2624396E-5
63.5,111.5,1.2933058E-5
63.5,112.5,1.256142E-5
63.5,113.5,1.2228392E-5
63.5,114.5,1.1952664E-5
63.5,115.5,1.1590375E-5
63.5,116.5,1.1377606E-5
63.5,117.5,1.1449042E-5
63.5,118.5,1.1350926E-5
63.5,119.5,1.1285075E-5
63.5,120.5,1.1239329E-5
63.5,121.5,1.1171472E-5
63.5,122.5,1.1224282E-5
63.5,123.5,1.1425658E-5
63.5,124.5,1.1553612E-5
63.5,125.5,1.1701953E-5
63.5,126.5,1.2127419E-5
63.5,127.5,1.2633516E-5
63.5,128.5,1.29115115E-5
63.5,129.5,1.3024278E-5
63.5,130.5,1.2753481E-5
63.5,131.5,1.2299092E-5
63.5,132.5,1.1871674E-5
63.5,133.5,1.1317799E-5
63.5,134.5,1.1148278E-5
63.5,135.5,1.153361E-5
63.5,136.5,1.1907391E-5
63.5,137.5,1.1448574E-5
63.5,138.5,1.0755947E-5
63.5,139.5,1.08518E-5
63.5,140.5,1.1474644E-5
63.5,141.5,1.2012412E-5
63.5,142.5,1.1954614E-5
63.5,143.5,1.15070625E-5
63.5,144.5,1.1672585E-5
63.5,145.5,1.2278768E-5
63.5,146.5,1.2842818E-5
63.5,147.5,1.301811E-5
63.5,148.5,1.3485461E-5
63.5,149.5,1.4503595E-5
63.5,150.5,1.5418784E-5
63.5,151.5,1.5898213E-5
63.5,152.5,1.545282E-5
63.5,153.5,1.5086283E-5
63.5,154.5,1.4887307E-5
63.5,155.5,1.4773294E-5
63.5,156.5,1.4609949E-5
63.5,157.5,1.4389126E-5
63.5,158.5,1.402816E-5
63.5,159.5,1.4167588E-5
63.5,160.5,1.4499726E-5
63.5,161.5,1.4615023E-5
63.5,162.5,1.4880619E-5
63.5,163.5,1.5489051E-5
63.5,164.5,1.6103178E-5
63.5,165.5,1.6831444E-5
63.5,166.5,1.82444E-5
63.5,167.5,1.9746953E-5
63.5,168.5,2.0577125E-5
63.5,169.5,2.0397738E-5
63.5,170.5,1.9985637E-5
63.5,171.5,1.979011E-5
63.5,172.5,1.9598456E-5
63.5,173.5,1.9289213E-5
63.5,174.5,1.9316421E-5
63.5,175.5,1.9075525E-5
63.5,176.5,1.867379E-5
63.5,177.5,1.8940624E-5
63.5,178.5,2.1456603E-5
64.5,-173.5,1.8002607E-5
64.5,-165.5,1.8601635E-5
64.5,-160.5,1.8459745E-5
64.5,-159.5,1.6732674E-5
64.5,-158.5,1.7059401E-5
64.5,-157.5,1.6832968E-5
64.5,-156.5,1.6007392E-5
64.5,-155.5,1.662033E-5
64.5,-154.5,1.7914015E-5
64.5,-153.5,1.8933979E-5
64.5,-152.5,1.9883573E-5
64.5,-151.5,2.1380458E-5
64.5,-150.5,2.2035338E-5
64.5,-149.5,2.2109245E-5
64.5,-148.5,2.1917234E-5
64.5,-147.5,2.1565054E-5
64.5,-146.5,2.0936985E-5
64.5,-145.5,2.0370868E-5
64.5,-144.5,1.9573052E-5
64.5,-143.5,1.8891906E-5
64.5,-142.5,1.7695145E-5
64.5,-141.5,1.6866485E-5
64.5,-140.5,1.6304552E-5
64.5,-139.5,1.5128672E-5
64.5,-138.5,1.3898824E-5
64.5,-137.5,1.3602461E-5
64.5,-136.5,1.3312417E-5
64.5,-135.5,1.3219899E-5
64.5,-134.5,1.3122294E-5
64.5,-133.5,1.2846706E-5
64.5,-132.5,1.21226685E-5
64.5,-131.5,1.1455019E-5
64.5,-130.5,1.0917423E-5
64.5,-129.5,1.0833564E-5
64.5,-128.5,1.1109309E-5
64.5,-127.5,1.1510448E-5
64.5,-126.5,1.2421665E-5
64.5,-125.5,1.2874179E-5
64.5,-124.5,1.2184582E-5
64.5,-123.5,1.1278751E-5
64.5,-122.5,1.067483E-5
64.5,-121.5,1.0331502E-5
64.5,-120.5,9.831488E-6
64.5,-119.5,9.415687E-6
64.5,-118.5,9.507257E-6
64.5,-117.5,9.531277E-6
64.5,-116.5,9.17091E-6
64.5,-115.5,9.003919E-6
64.5,-114.5,9.1132E-6
64.5,-113.5,9.005416E-6
64.5,-112.5,8.675386E-6
64.5,-111.5,8.651657E-6
64.5,-110.5,8.687382E-6
64.5,-109.5,8.839085E-6
64.5,-108.5,8.862259E-6
64.5,-107.5,8.573673E-6
64.5,-106.5,8.286356E-6
64.5,-105.5,8.084643E-6
64.5,-104.5,8.2168735E-6
64.5,-103.5,8.521219E-6
64.5,-102.5,8.325335E-6
64.5,-101.5,8.1273165E-6
64.5,-100.5,8.439547E-6
64.5,-99.5,8.839622E-6
64.5,-98.5,9.1755755E-6
64.5,-97.5,9.208756E-6
64.5,-96.5,9.1839665E-6
64.5,-95.5,9.1856355E-6
64.5,-94.5,9.255736E-6
64.5,-93.5,9.328497E-6
64.5,-92.5,9.288747E-6
64.5,-91.5,8.9473615E-6
64.5,-90.5,8.333582E-6
64.5,-89.5,7.919412E-6
64.5,-88.5,8.508365E-6
64.5,-85.5,1.0719725E-5
64.5,-84.5,9.226501E-6
64.5,-83.5,9.281464E-6
64.5,-82.5,1.0342025E-5
64.5,-77.5,1.123356E-5
64.5,-76.5,1.0383852E-5
64.5,-75.5,1.04662895E-5
64.5,-74.5,1.029468E-5
64.5,-73.5,9.877924E-6
64.5,-72.5,1.0517238E-5
64.5,-71.5,1.1677368E-5
64.5,-70.5,1.21759185E-5
64.5,-69.5,1.1580762E-5
64.5,-68.5,1.0562415E-5
64.5,-67.5,1.0590276E-5
64.5,-66.5,1.1932614E-5
64.5,-65.5,1.5182313E-5
64.5,-51.5,2.9745057E-5
64.5,-50.5,2.7754453E-5
64.5,-49.5,2.69205E-5
64.5,-48.5,2.2931345E-5
64.5,-47.5,1.8504088E-5
64.5,-46.5,1.554619E-5
64.5,-45.5,1.4253134E-5
64.5,-44.5,1.4076965E-5
64.5,-43.5,1.6598971E-5
64.5,-42.5,2.3448763E-5
64.5,-41.5,3.449509E-5
64.5,-21.5,3.3197255E-5
64.5,-20.5,2.8581637E-5
64.5,-19.5,2.7205622E-5
64.5,-18.5,2.6549933E-5
64.5,-17.5,2.5973139E-5
64.5,-16.5,2.8557157E-5
64.5,-15.5,3.3842778E-5
64.5,11.5,3.7814076E-5
64.5,12.5,3.3887514E-5
64.5,13.5,3.2719647E-5
64.5,14.5,3.061287E-5
64.5,15.5,2.7560396E-5
64.5,16.5,2.3703551E-5
64.5,17.5,2.2173837E-5
64.5,18.5,2.0581198E-5
64.5,19.5,1.9653025E-5
64.5,20.5,2.1831209E-5
64.5,24.5,2.5878138E-5
64.5,25.5,2.2840613E-5
64.5,26.5,2.4145726E-5
64.5,27.5,2.6056556E-5
64.5,28.5,2.6731526E-5
64.5,29.5,2.6217793E-5
64.5,30.5,2.5812993E-5
64.5,31.5,2.5261423E-5
64.5,32.5,2.488945E-5
64.5,33.5,2.3853889E-5
64.5,34.5,2.4952149E-5
64.5,37.5,2.5185129E-5
64.5,38.5,2.3141129E-5
64.5,39.5,2.3385379E-5
64.5,40.5,2.3651492E-5
64.5,41.5,2.3685034E-5
64.5,42.5,2.4257197E-5
64.5,43.5,2.4503883E-5
64.5,44.5,2.435916E-5
64.5,45.5,2.3860901E-5
64.5,46.5,2.3655222E-5
64.5,47.5,2.4303608E-5
64.5,48.5,2.4428462E-5
64.5,49.5,2.4435078E-5
64.5,50.5,2.4237737E-5
64.5,51.5,2.4303557E-5
64.5,52.5,2.4871582E-5
64.5,53.5,2.5135829E-5
64.5,54.5,2.5141171E-5
64.5,55.5,2.5343254E-5
64.5,56.5,2.606464E-5
64.5,57.5,2.70896E-5
64.5,58.5,2.675477E-5
64.5,59.5,2.5529273E-5
64.5,60.5,2.5822803E-5
64.5,61.5,2.6352178E-5
64.5,62.5,2.6435922E-5
64.5,63.5,2.6034484E-5
64.5,64.5,2.5960448E-5
64.5,65.5,2.6219157E-5
64.5,66.5,2.5999672E-5
64.5,67.5,2.515456E-5
64.5,68.5,2.463189E-5
64.5,69.5,2.5035368E-5
64.5,70.5,2.5085745E-5
64.5,71.5,2.5309831E-5
64.5,72.5,2.540022E-5
64.5,73.5,2.5732064E-5
64.5,74.5,2.6066595E-5
64.5,75.5,2.644173E-5
64.5,76.5,2.6197824E-5
64.5,77.5,2.6394755E-5
64.5,78.5,2.6763657E-5
64.5,79.5,2.6999354E-5
64.5,80.5,2.7215863E-5
64.5,81.5,2.6974749E-5
64.5,82.5,2.6490492E-5
64.5,83.5,2.6298965E-5
64.5,84.5,2.6645837E-5
64.5,85.5,2.7307828E-5
64.5,86.5,2.8161527E-5
64.5,87.5,2.8141418E-5
64.5,88.5,2.7108803E-5
64.5,89.5,2.54857E-5
64.5,90.5,2.4527242E-5
64.5,91.5,2.4135856E-5
64.5,92.5,2.3778255E-5
64.5,93.5,2.2991691E-5
64.5,94.5,2.1370632E-5
64.5,95.5,1.9305604E-5
64.5,96.5,1.7376742E-5
64.5,97.5,1.6140371E-5
64.5,98.5,1.49812895E-5
64.5,99.5,1.4191863E-5
64.5,100.5,1.3411601E-5
64.5,101.5,1.2593382E-5
64.5,102.5,1.2154615E-5
64.5,103.5,1.1948174E-5
64.5,104.5,1.1660574E-5
64.5,105.5,1.15442945E-5
64.5,106.5,1.1550677E-5
64.5,107.5,1.1509559E-5
64.5,108.5,1.1623552E-5
64.5,109.5,1.1845666E-5
64.5,110.5,1.2059231E-5
64.5,111.5,1.220153E-5
64.5,112.5,1.1945778E-5
64.5,113.5,1.15871435E-5
64.5,114.5,1.13584065E-5
64.5,115.5,1.1107466E-5
64.5,116.5,1.0841974E-5
64.5,117.5,1.0571029E-5
64.5,118.5,1.0167499E-5
64.5,119.5,1.01788055E-5
64.5,120.5,1.0595559E-5
64.5,121.5,1.1025087E-5
64.5,122.5,1.1340533E-5
64.5,123.5,1.1644495E-5
64.5,124.5,1.1862969E-5
64.5,125.5,1.2232498E-5
64.5,126.5,1.1977923E-5
64.5,127.5,1.0981464E-5
64.5,128.5,1.0039632E-5
64.5,129.5,9.766552E-6
64.5,130.5,9.79033E-6
64.5,131.5,9.7700795E-6
64.5,132.5,9.464459E-6
64.5,133.5,9.342385E-6
64.5,134.5,9.690197E-6
64.5,135.5,1.0275882E-5
64.5,136.5,1.0667879E-5
64.5,137.5,1.0570167E-5
64.5,138.5,1.0514005E-5
64.5,139.5,1.0834539E-5
64.5,140.5,1.1036375E-5
64.5,141.5,1.1121963E-5
64.5,142.5,1.1038359E-5
64.5,143.5,1.0795085E-5
64.5,144.5,1.1028914E-5
64.5,145.5,1.1413372E-5
64.5,146.5,1.1915652E-5
64.5,147.5,1.229479E-5
64.5,148.5,1.2903778E-5
64.5,149.5,1.3728909E-5
64.5,150.5,1.4843659E-5
64.5,151.5,1.5449259E-5
64.5,152.5,1.47542305E-5
64.5,153.5,1.4312705E-5
64.5,154.5,1.4193126E-5
64.5,155.5,1.4046771E-5
64.5,156.5,1.3738562E-5
64.5,157.5,1.3700316E-5
64.5,158.5,1.3446342E-5
64.5,159.5,1.3610675E-5
64.5,160.5,1.4079473E-5
64.5,161.5,1.4337829E-5
64.5,162.5,1.4770293E-5
64.5,163.5,1.5567311E-5
64.5,164.5,1.6156897E-5
64.5,165.5,1.6347807E-5
64.5,166.5,1.6355425E-5
64.5,167.5,1.6807777E-5
64.5,168.5,1.7701348E-5
64.5,169.5,1.8887164E-5
64.5,170.5,1.9825377E-5
64.5,171.5,1.994874E-5
64.5,172.5,1.9440049E-5
64.5,173.5,1.9846288E-5
64.5,174.5,2.0847832E-5
64.5,175.5,2.1664335E-5
64.5,176.5,2.3189838E-5
64.5,177.5,2.57411E-5
64.5,178.5,2.7714375E-5
65.5,-177.5,2.4320554E-5
65.5,-175.5,1.6394877E-5
65.5,-174.5,1.4248016E-5
65.5,-173.5,1.4028052E-5
65.5,-172.5,1.5341431E-5
65.5,-166.5,1.439506E-5
65.5,-165.5,1.3230071E-5
65.5,-164.5,1.3059677E-5
65.5,-163.5,1.2927383E-5
65.5,-162.5,1.26358555E-5
65.5,-161.5,1.2660184E-5
65.5,-160.5,1.3283017E-5
65.5,-159.5,1.4212415E-5
65.5,-158.5,1.5269097E-5
65.5,-157.5,1.5784353E-5
65.5,-156.5,1.5747417E-5
65.5,-155.5,1.5709835E-5
65.5,-154.5,1.5672615E-5
65.5,-153.5,1.5945983E-5
65.5,-152.5,1.634099E-5
65.5,-151.5,1.669367E-5
65.5,-150.5,1.6926882E-5
65.5,-149.5,1.730874E-5
65.5,-148.5,1.694017E-5
65.5,-147.5,1.586153E-5
65.5,-146.5,1.5181999E-5
65.5,-145.5,1.5423338E-5
65.5,-144.5,1.6331354E-5
65.5,-143.5,1.6884047E-5
65.5,-142.5,1.6069647E-5
65.5,-141.5,1.4802038E-5
65.5,-140.5,1.35788105E-5
65.5,-139.5,1.2838682E-5
65.5,-138.5,1.2904217E-5
65.5,-137.5,1.3279878E-5
65.5,-136.5,1.3300614E-5
65.5,-135.5,1.3532071E-5
65.5,-134.5,1.320867E-5
65.5,-133.5,1.2549589E-5
65.5,-132.5,1.2116016E-5
65.5,-131.5,1.2061293E-5
65.5,-130.5,1.2380119E-5
65.5,-129.5,1.2767556E-5
65.5,-128.5,1.2933295E-5
65.5,-127.5,1.28448755E-5
65.5,-126.5,1.2475559E-5
65.5,-125.5,1.1474171E-5
65.5,-124.5,1.0588119E-5
65.5,-123.5,1.0604496E-5
65.5,-122.5,1.1800619E-5
65.5,-121.5,1.2451634E-5
65.5,-120.5,1.15827415E-5
65.5,-119.5,1.06315865E-5
65.5,-118.5,9.921264E-6
65.5,-117.5,9.404798E-6
65.5,-116.5,8.635105E-6
65.5,-115.5,8.44235E-6
65.5,-114.5,8.472096E-6
65.5,-113.5,8.5679085E-6
65.5,-112.5,8.529178E-6
65.5,-111.5,8.496904E-6
65.5,-110.5,8.294323E-6
65.5,-109.5,7.926432E-6
65.5,-108.5,7.4810696E-6
65.5,-107.5,7.4418335E-6
65.5,-106.5,7.5657704E-6
65.5,-105.5,7.658952E-6
65.5,-104.5,7.732282E-6
65.5,-103.5,7.768215E-6
65.5,-102.5,7.5095527E-6
65.5,-101.5,7.3353417E-6
65.5,-100.5,7.76977E-6
65.5,-99.5,8.252225E-6
65.5,-98.5,8.621123E-6
65.5,-97.5,8.445842E-6
65.5,-96.5,8.225538E-6
65.5,-95.5,8.060704E-6
65.5,-94.5,7.95495E-6
65.5,-93.5,7.906288E-6
65.5,-92.5,8.027716E-6
65.5,-91.5,8.143982E-6
65.5,-90.5,8.249514E-6
65.5,-89.5,8.434103E-6
65.5,-88.5,8.485752E-6
65.5,-87.5,9.350479E-6
65.5,-85.5,1.1392193E-5
65.5,-84.5,1.2055598E-5
65.5,-73.5,9.326631E-6
65.5,-72.5,9.385663E-6
65.5,-71.5,1.001051E-5
65.5,-70.5,1.0150225E-5
65.5,-69.5,1.00800025E-5
65.5,-68.5,1.0963488E-5
65.5,-67.5,1.3752624E-5
65.5,-64.5,1.5789274E-5
65.5,-63.5,1.6348231E-5
65.5,-52.5,2.1425169E-5
65.5,-51.5,1.9883255E-5
65.5,-50.5,2.0088059E-5
65.5,-49.5,1.9399913E-5
65.5,-48.5,1.7717886E-5
65.5,-47.5,1.6061898E-5
65.5,-46.5,1.3960731E-5
65.5,-45.5,1.3453894E-5
65.5,-44.5,1.3966896E-5
65.5,-43.5,1.6194212E-5
65.5,-42.5,2.1176367E-5
65.5,-41.5,2.6402748E-5
65.5,-40.5,3.0675514E-5
65.5,-22.5,2.9288167E-5
65.5,-21.5,3.0881965E-5
65.5,-20.5,3.1101117E-5
65.5,-19.5,2.7144873E-5
65.5,-18.5,2.4218907E-5
65.5,-17.5,2.5291754E-5
65.5,-16.5,2.5924215E-5
65.5,-15.5,2.6003265E-5
65.5,-14.5,3.0733434E-5
65.5,12.5,4.457518E-5
65.5,13.5,3.8292885E-5
65.5,14.5,3.484018E-5
65.5,15.5,3.1342737E-5
65.5,16.5,2.7187283E-5
65.5,17.5,2.6524993E-5
65.5,18.5,2.4484087E-5
65.5,19.5,2.2877479E-5
65.5,20.5,2.2294198E-5
65.5,21.5,2.3347791E-5
65.5,25.5,2.541144E-5
65.5,26.5,2.333308E-5
65.5,27.5,2.335204E-5
65.5,28.5,2.3833747E-5
65.5,29.5,2.3895404E-5
65.5,30.5,2.4218742E-5
65.5,31.5,2.4655568E-5
65.5,32.5,2.4325313E-5
65.5,33.5,2.3920522E-5
65.5,34.5,2.6676542E-5
65.5,40.5,2.560916E-5
65.5,41.5,2.0751417E-5
65.5,42.5,1.9504523E-5
65.5,43.5,1.9752904E-5
65.5,44.5,2.0367706E-5
65.5,45.5,2.0781188E-5
65.5,46.5,2.1186574E-5
65.5,47.5,2.2154094E-5
65.5,48.5,2.2948609E-5
65.5,49.5,2.3643874E-5
65.5,50.5,2.4287954E-5
65.5,51.5,2.4964502E-5
65.5,52.5,2.5237756E-5
65.5,53.5,2.505191E-5
65.5,54.5,2.4901718E-5
65.5,55.5,2.503776E-5
65.5,56.5,2.5464471E-5
65.5,57.5,2.6147902E-5
65.5,58.5,2.5824254E-5
65.5,59.5,2.491499E-5
65.5,60.5,2.4666238E-5
65.5,61.5,2.5508749E-5
65.5,62.5,2.7086042E-5
65.5,63.5,2.8644115E-5
65.5,64.5,2.887441E-5
65.5,65.5,2.7959819E-5
65.5,66.5,2.6665357E-5
65.5,67.5,2.5802823E-5
65.5,68.5,2.521866E-5
65.5,69.5,2.4476045E-5
65.5,70.5,2.3247538E-5
65.5,71.5,2.2992475E-5
65.5,72.5,2.3584389E-5
65.5,73.5,2.4505347E-5
65.5,74.5,2.5393088E-5
65.5,75.5,2.6084239E-5
65.5,76.5,2.6646256E-5
65.5,77.5,2.7040955E-5
65.5,78.5,2.6913542E-5
65.5,79.5,2.6205009E-5
65.5,80.5,2.5798723E-5
65.5,81.5,2.5809304E-5
65.5,82.5,2.6040689E-5
65.5,83.5,2.5845618E-5
65.5,84.5,2.6149597E-5
65.5,85.5,2.6991947E-5
65.5,86.5,2.7980952E-5
65.5,87.5,2.863833E-5
65.5,88.5,2.8522816E-5
65.5,89.5,2.6767972E-5
65.5,90.5,2.5181474E-5
65.5,91.5,2.3622473E-5
65.5,92.5,2.2104121E-5
65.5,93.5,2.0555077E-5
65.5,94.5,1.9095061E-5
65.5,95.5,1.7796374E-5
65.5,96.5,1.6582115E-5
65.5,97.5,1.5598742E-5
65.5,98.5,1.4589174E-5
65.5,99.5,1.38191335E-5
65.5,100.5,1.2859302E-5
65.5,101.5,1.2186215E-5
65.5,102.5,1.1955064E-5
65.5,103.5,1.180416E-5
65.5,104.5,1.1784017E-5
65.5,105.5,1.1796415E-5
65.5,106.5,1.1685637E-5
65.5,107.5,1.1535616E-5
65.5,108.5,1.1620509E-5
65.5,109.5,1.1578593E-5
65.5,110.5,1.1653093E-5
65.5,111.5,1.1715018E-5
65.5,112.5,1.1279836E-5
65.5,113.5,1.1012097E-5
65.5,114.5,1.09830125E-5
65.5,115.5,1.0660133E-5
65.5,116.5,1.0201833E-5
65.5,117.5,9.938463E-6
65.5,118.5,9.849046E-6
65.5,119.5,1.0199725E-5
65.5,120.5,1.0610475E-5
65.5,121.5,1.0984179E-5
65.5,122.5,1.1471791E-5
65.5,123.5,1.251697E-5
65.5,124.5,1.258524E-5
65.5,125.5,1.1963055E-5
65.5,126.5,1.089085E-5
65.5,127.5,9.986005E-6
65.5,128.5,9.171189E-6
65.5,129.5,9.20558E-6
65.5,130.5,9.9475055E-6
65.5,131.5,1.0481068E-5
65.5,132.5,1.0369969E-5
65.5,133.5,1.008475E-5
65.5,134.5,9.984176E-6
65.5,135.5,9.922564E-6
65.5,136.5,9.764127E-6
65.5,137.5,9.545129E-6
65.5,138.5,9.288222E-6
65.5,139.5,9.203782E-6
65.5,140.5,8.988424E-6
65.5,141.5,9.095235E-6
65.5,142.5,9.562469E-6
65.5,143.5,1.0186153E-5
65.5,144.5,1.0821149E-5
65.5,145.5,1.12642165E-5
65.5,146.5,1.1454442E-5
65.5,147.5,1.1673195E-5
65.5,148.5,1.2247306E-5
65.5,149.5,1.33639505E-5
65.5,150.5,1.4692555E-5
65.5,151.5,1.4746824E-5
65.5,152.5,1.3503736E-5
65.5,153.5,1.2554365E-5
65.5,154.5,1.2504481E-5
65.5,155.5,1.26674095E-5
65.5,156.5,1.2794755E-5
65.5,157.5,1.3016953E-5
65.5,158.5,1.3314975E-5
65.5,159.5,1.3570761E-5
65.5,160.5,1.3529302E-5
65.5,161.5,1.34288375E-5
65.5,162.5,1.363242E-5
65.5,163.5,1.3955325E-5
65.5,164.5,1.3972427E-5
65.5,165.5,1.3815499E-5
65.5,166.5,1.4256135E-5
65.5,167.5,1.5528783E-5
65.5,168.5,1.6437987E-5
65.5,169.5,1.7028731E-5
65.5,170.5,1.7901095E-5
65.5,171.5,1.8864032E-5
65.5,172.5,1.956103E-5
65.5,173.5,1.9804254E-5
65.5,174.5,2.0153066E-5
65.5,175.5,2.0768939E-5
65.5,176.5,2.1943712E-5
65.5,177.5,2.22029E-5
65.5,178.5,2.1336304E-5
65.5,179.5,2.2550586E-5
66.5,-179.5,2.336698E-5
66.5,-178.5,2.2736269E-5
66.5,-177.5,1.9092266E-5
66.5,-176.5,1.5525386E-5
66.5,-175.5,1.5351825E-5
66.5,-174.5,1.5710355E-5
66.5,-173.5,1.5020902E-5
66.5,-172.5,1.4196784E-5
66.5,-171.5,1.497143E-5
66.5,-164.5,1.985084E-5
66.5,-161.5,1.8971044E-5
66.5,-160.5,1.722717E-5
66.5,-159.5,1.6696613E-5
66.5,-158.5,1.60743E-5
66.5,-157.5,1.5192346E-5
66.5,-156.5,1.4827915E-5
66.5,-155.5,1.484447E-5
66.5,-154.5,1.4802827E-5
66.5,-153.5,1.4664956E-5
66.5,-152.5,1.46181665E-5
66.5,-151.5,1.4453155E-5
66.5,-150.5,1.46205E-5
66.5,-149.5,1.5386267E-5
66.5,-148.5,1.6185682E-5
66.5,-147.5,1.6313723E-5
66.5,-146.5,1.6214657E-5
66.5,-145.5,1.5807604E-5
66.5,-144.5,1.513143E-5
66.5,-143.5,1.4192545E-5
66.5,-142.5,1.3174442E-5
66.5,-141.5,1.22780075E-5
66.5,-140.5,1.1699588E-5
66.5,-139.5,1.1473779E-5
66.5,-138.5,1.1581092E-5
66.5,-137.5,1.1605204E-5
66.5,-136.5,1.1249437E-5
66.5,-135.5,1.1369558E-5
66.5,-134.5,1.1695823E-5
66.5,-133.5,1.1822753E-5
66.5,-132.5,1.1495552E-5
66.5,-131.5,1.1336893E-5
66.5,-130.5,1.1481975E-5
66.5,-129.5,1.15682715E-5
66.5,-128.5,1.13404085E-5
66.5,-127.5,1.1012101E-5
66.5,-126.5,1.090229E-5
66.5,-125.5,1.0634924E-5
66.5,-124.5,1.0296762E-5
66.5,-123.5,9.9243925E-6
66.5,-122.5,1.023936E-5
66.5,-121.5,1.116749E-5
66.5,-120.5,1.1081909E-5
66.5,-119.5,1.0292129E-5
66.5,-118.5,9.139218E-6
66.5,-117.5,8.631031E-6
66.5,-116.5,8.078936E-6
66.5,-115.5,7.832125E-6
66.5,-114.5,7.811043E-6
66.5,-113.5,7.741126E-6
66.5,-112.5,7.4799964E-6
66.5,-111.5,7.0813285E-6
66.5,-110.5,6.7318974E-6
66.5,-109.5,6.6381976E-6
66.5,-108.5,6.817521E-6
66.5,-107.5,7.229047E-6
66.5,-106.5,7.3918677E-6
66.5,-105.5,7.173306E-6
66.5,-104.5,7.173557E-6
66.5,-103.5,7.3187916E-6
66.5,-102.5,7.157905E-6
66.5,-101.5,6.8857003E-6
66.5,-100.5,7.3027886E-6
66.5,-99.5,7.92528E-6
66.5,-98.5,8.439742E-6
66.5,-97.5,8.1092585E-6
66.5,-96.5,7.622201E-6
66.5,-95.5,7.200723E-6
66.5,-94.5,7.0217743E-6
66.5,-93.5,7.085098E-6
66.5,-92.5,7.405408E-6
66.5,-91.5,7.516358E-6
66.5,-90.5,7.5024927E-6
66.5,-89.5,7.271034E-6
66.5,-88.5,7.1055133E-6
66.5,-87.5,7.504648E-6
66.5,-86.5,8.320404E-6
66.5,-85.5,8.91368E-6
66.5,-84.5,9.142538E-6
66.5,-83.5,9.45559E-6
66.5,-73.5,9.7278735E-6
66.5,-72.5,9.083349E-6
66.5,-71.5,9.677322E-6
66.5,-70.5,1.0917704E-5
66.5,-69.5,1.1290112E-5
66.5,-68.5,1.1056737E-5
66.5,-67.5,1.0757574E-5
66.5,-66.5,9.973191E-6
66.5,-65.5,9.976367E-6
66.5,-64.5,1.01844125E-5
66.5,-63.5,1.0860282E-5
66.5,-62.5,1.2386859E-5
66.5,-53.5,1.7993132E-5
66.5,-52.5,1.595729E-5
66.5,-51.5,1.6885408E-5
66.5,-50.5,1.886792E-5
66.5,-49.5,1.8959312E-5
66.5,-48.5,1.773232E-5
66.5,-47.5,1.5926777E-5
66.5,-46.5,1.4513848E-5
66.5,-45.5,1.38585965E-5
66.5,-44.5,1.3520534E-5
66.5,-43.5,1.4054512E-5
66.5,-42.5,1.6497106E-5
66.5,-41.5,1.9069239E-5
66.5,-40.5,2.0746771E-5
66.5,-39.5,2.3407809E-5
66.5,-38.5,2.6507467E-5
66.5,-37.5,2.843218E-5
66.5,-36.5,3.0198897E-5
66.5,-35.5,3.2436114E-5
66.5,13.5,4.6771318E-5
66.5,14.5,3.534065E-5
66.5,15.5,2.9734463E-5
66.5,16.5,2.686775E-5
66.5,17.5,2.6970078E-5
66.5,18.5,2.5248473E-5
66.5,19.5,2.4116202E-5
66.5,20.5,2.3015902E-5
66.5,21.5,2.156746E-5
66.5,22.5,2.0335872E-5
66.5,23.5,1.9870531E-5
66.5,24.5,2.038028E-5
66.5,25.5,2.1397973E-5
66.5,26.5,2.2566515E-5
66.5,27.5,2.3330738E-5
66.5,28.5,2.3087443E-5
66.5,29.5,2.3151604E-5
66.5,30.5,2.4082756E-5
66.5,31.5,2.5480373E-5
66.5,32.5,2.6503754E-5
66.5,33.5,2.7559618E-5
66.5,35.5,2.5230018E-5
66.5,36.5,2.2756452E-5
66.5,37.5,2.0631069E-5
66.5,38.5,1.983114E-5
66.5,39.5,2.1002881E-5
66.5,40.5,2.4407038E-5
66.5,44.5,2.2798647E-5
66.5,45.5,1.981421E-5
66.5,46.5,1.86984E-5
66.5,47.5,1.9069537E-5
66.5,48.5,1.9454461E-5
66.5,49.5,2.0545145E-5
66.5,50.5,2.153887E-5
66.5,51.5,2.2689415E-5
66.5,52.5,2.3178238E-5
66.5,53.5,2.3311808E-5
66.5,54.5,2.336967E-5
66.5,55.5,2.3852714E-5
66.5,56.5,2.4127574E-5
66.5,57.5,2.4512017E-5
66.5,58.5,2.4790403E-5
66.5,59.5,2.5762212E-5
66.5,60.5,2.6447662E-5
66.5,61.5,2.6610933E-5
66.5,62.5,2.6632393E-5
66.5,63.5,2.7420083E-5
66.5,64.5,2.7996643E-5
66.5,65.5,2.8485996E-5
66.5,66.5,2.8191387E-5
66.5,67.5,2.718607E-5
66.5,68.5,2.6175825E-5
66.5,69.5,2.5906795E-5
66.5,70.5,2.6127984E-5
66.5,71.5,2.699864E-5
66.5,72.5,2.672682E-5
66.5,73.5,2.5050227E-5
66.5,74.5,2.3462622E-5
66.5,75.5,2.4208237E-5
66.5,76.5,2.5247233E-5
66.5,77.5,2.5772373E-5
66.5,78.5,2.6127076E-5
66.5,79.5,2.5983694E-5
66.5,80.5,2.617029E-5
66.5,81.5,2.6327292E-5
66.5,82.5,2.6480431E-5
66.5,83.5,2.6274893E-5
66.5,84.5,2.7056501E-5
66.5,85.5,2.8206015E-5
66.5,86.5,2.924826E-5
66.5,87.5,2.9253453E-5
66.5,88.5,2.8412638E-5
66.5,89.5,2.685257E-5
66.5,90.5,2.5695312E-5
66.5,91.5,2.4139212E-5
66.5,92.5,2.2195363E-5
66.5,93.5,2.0582183E-5
66.5,94.5,1.9112045E-5
66.5,95.5,1.7781034E-5
66.5,96.5,1.6425658E-5
66.5,97.5,1.5486274E-5
66.5,98.5,1.4506372E-5
66.5,99.5,1.3783601E-5
66.5,100.5,1.3193543E-5
66.5,101.5,1.26480745E-5
66.5,102.5,1.2157228E-5
66.5,103.5,1.1816565E-5
66.5,104.5,1.16680085E-5
66.5,105.5,1.1503383E-5
66.5,106.5,1.150333E-5
66.5,107.5,1.1598936E-5
66.5,108.5,1.1736591E-5
66.5,109.5,1.181151E-5
66.5,110.5,1.1816569E-5
66.5,111.5,1.1562573E-5
66.5,112.5,1.1224737E-5
66.5,113.5,1.0865409E-5
66.5,114.5,1.050114E-5
66.5,115.5,1.0152714E-5
66.5,116.5,9.858548E-6
66.5,117.5,9.796514E-6
66.5,118.5,9.7386655E-6
66.5,119.5,1.0124763E-5
66.5,120.5,1.0786452E-5
66.5,121.5,1.1250225E-5
66.5,122.5,1.2047987E-5
66.5,123.5,1.27287185E-5
66.5,124.5,1.2370821E-5
66.5,125.5,1.1322489E-5
66.5,126.5,1.05723275E-5
66.5,127.5,9.701093E-6
66.5,128.5,9.129001E-6
66.5,129.5,9.1867E-6
66.5,130.5,9.51454E-6
66.5,131.5,9.70272E-6
66.5,132.5,9.5850755E-6
66.5,133.5,9.4291145E-6
66.5,134.5,9.111943E-6
66.5,135.5,8.952605E-6
66.5,136.5,9.021058E-6
66.5,137.5,9.080158E-6
66.5,138.5,8.720017E-6
66.5,139.5,8.6516E-6
66.5,140.5,9.147266E-6
66.5,141.5,1.0038505E-5
66.5,142.5,1.0564441E-5
66.5,143.5,1.0337191E-5
66.5,144.5,9.921751E-6
66.5,145.5,1.0169982E-5
66.5,146.5,1.1318572E-5
66.5,147.5,1.2696076E-5
66.5,148.5,1.375714E-5
66.5,149.5,1.4024003E-5
66.5,150.5,1.4035957E-5
66.5,151.5,1.3633059E-5
66.5,152.5,1.2860989E-5
66.5,153.5,1.2217023E-5
66.5,154.5,1.213203E-5
66.5,155.5,1.2221966E-5
66.5,156.5,1.23748405E-5
66.5,157.5,1.2605028E-5
66.5,158.5,1.29149075E-5
66.5,159.5,1.3119897E-5
66.5,160.5,1.3172382E-5
66.5,161.5,1.3209025E-5
66.5,162.5,1.3560116E-5
66.5,163.5,1.3973249E-5
66.5,164.5,1.4220837E-5
66.5,165.5,1.4133531E-5
66.5,166.5,1.39801E-5
66.5,167.5,1.4131284E-5
66.5,168.5,1.4669732E-5
66.5,169.5,1.542734E-5
66.5,170.5,1.6215352E-5
66.5,171.5,1.680646E-5
66.5,172.5,1.7700082E-5
66.5,173.5,1.8792494E-5
66.5,174.5,1.9552484E-5
66.5,175.5,2.0062638E-5
66.5,176.5,2.0471609E-5
66.5,177.5,2.1366499E-5
66.5,178.5,2.1683609E-5
66.5,179.5,2.2495446E-5
67.5,-179.5,2.0880727E-5
67.5,-178.5,2.1139163E-5
67.5,-177.5,1.8747945E-5
67.5,-176.5,1.5909733E-5
67.5,-175.5,1.6139536E-5
67.5,-163.5,1.5003838E-5
67.5,-162.5,1.3233606E-5
67.5,-161.5,1.2305085E-5
67.5,-160.5,1.2394647E-5
67.5,-159.5,1.2754479E-5
67.5,-158.5,1.2938691E-5
67.5,-157.5,1.2491809E-5
67.5,-156.5,1.17756E-5
67.5,-155.5,1.1159519E-5
67.5,-154.5,1.0961646E-5
67.5,-153.5,1.1112909E-5
67.5,-152.5,1.1420232E-5
67.5,-151.5,1.1501047E-5
67.5,-150.5,1.1605244E-5
67.5,-149.5,1.1452644E-5
67.5,-148.5,1.1345754E-5
67.5,-147.5,1.1236206E-5
67.5,-146.5,1.1314629E-5
67.5,-145.5,1.1414346E-5
67.5,-144.5,1.1436707E-5
67.5,-143.5,1.1370555E-5
67.5,-142.5,1.099058E-5
67.5,-141.5,1.0770425E-5
67.5,-140.5,1.095348E-5
67.5,-139.5,1.0927966E-5
67.5,-138.5,1.0562933E-5
67.5,-137.5,9.905197E-6
67.5,-136.5,9.878571E-6
67.5,-135.5,1.038485E-5
67.5,-134.5,1.0727603E-5
67.5,-133.5,1.07957085E-5
67.5,-132.5,1.0428823E-5
67.5,-131.5,1.0142299E-5
67.5,-130.5,9.934389E-6
67.5,-129.5,9.667607E-6
67.5,-128.5,9.62392E-6
67.5,-127.5,9.835931E-6
67.5,-126.5,9.953372E-6
67.5,-125.5,9.586754E-6
67.5,-124.5,8.774192E-6
67.5,-123.5,7.924964E-6
67.5,-122.5,7.243065E-6
67.5,-121.5,6.8338454E-6
67.5,-120.5,6.6363395E-6
67.5,-119.5,6.6970574E-6
67.5,-118.5,6.7483074E-6
67.5,-117.5,6.762841E-6
67.5,-116.5,6.752032E-6
67.5,-115.5,6.73426E-6
67.5,-114.5,6.8151794E-6
67.5,-113.5,7.031216E-6
67.5,-112.5,7.164566E-6
67.5,-111.5,7.038566E-6
67.5,-110.5,6.7436595E-6
67.5,-109.5,6.650889E-6
67.5,-108.5,6.7208057E-6
67.5,-107.5,6.707058E-6
67.5,-106.5,6.5473505E-6
67.5,-105.5,6.3525486E-6
67.5,-104.5,6.2762033E-6
67.5,-103.5,6.140587E-6
67.5,-102.5,5.7610127E-6
67.5,-101.5,5.3248345E-6
67.5,-100.5,5.644679E-6
67.5,-99.5,6.2303557E-6
67.5,-98.5,6.8235277E-6
67.5,-97.5,6.704958E-6
67.5,-96.5,6.634643E-6
67.5,-95.5,6.564849E-6
67.5,-94.5,6.468275E-6
67.5,-93.5,6.4411606E-6
67.5,-92.5,6.6337893E-6
67.5,-91.5,6.664985E-6
67.5,-90.5,6.5993054E-6
67.5,-89.5,6.5840013E-6
67.5,-88.5,6.917741E-6
67.5,-86.5,7.055304E-6
67.5,-85.5,6.499323E-6
67.5,-84.5,6.324073E-6
67.5,-83.5,6.3023203E-6
67.5,-82.5,6.813654E-6
67.5,-76.5,8.449587E-6
67.5,-75.5,8.636056E-6
67.5,-72.5,9.7245265E-6
67.5,-71.5,9.2353985E-6
67.5,-70.5,8.693666E-6
67.5,-69.5,8.292017E-6
67.5,-68.5,7.957846E-6
67.5,-67.5,7.886196E-6
67.5,-66.5,8.2204615E-6
67.5,-65.5,9.721601E-6
67.5,-64.5,1.2355176E-5
67.5,-53.5,1.798721E-5
67.5,-52.5,1.709627E-5
67.5,-51.5,1.8266535E-5
67.5,-50.5,1.917091E-5
67.5,-49.5,1.8801968E-5
67.5,-48.5,1.7868544E-5
67.5,-47.5,1.6362168E-5
67.5,-46.5,1.4704875E-5
67.5,-45.5,1.3728128E-5
67.5,-44.5,1.3046915E-5
67.5,-43.5,1.2892638E-5
67.5,-42.5,1.3652633E-5
67.5,-41.5,1.4669548E-5
67.5,-40.5,1.5828777E-5
67.5,-39.5,1.6825836E-5
67.5,-38.5,1.6650914E-5
67.5,-37.5,1.5636615E-5
67.5,-36.5,1.5685431E-5
67.5,-35.5,1.8347382E-5
67.5,-34.5,2.3644807E-5
67.5,-33.5,3.114752E-5
67.5,15.5,4.147847E-5
67.5,16.5,3.0952797E-5
67.5,17.5,2.637276E-5
67.5,18.5,2.3593962E-5
67.5,19.5,2.3192762E-5
67.5,20.5,2.2849414E-5
67.5,21.5,2.1828766E-5
67.5,22.5,2.143787E-5
67.5,23.5,2.1111242E-5
67.5,24.5,2.115915E-5
67.5,25.5,2.1165391E-5
67.5,26.5,2.1088244E-5
67.5,27.5,2.0856092E-5
67.5,28.5,2.0216414E-5
67.5,29.5,2.0006733E-5
67.5,30.5,2.0737738E-5
67.5,31.5,2.2157197E-5
67.5,32.5,2.2827358E-5
67.5,33.5,2.2644677E-5
67.5,34.5,2.1387848E-5
67.5,35.5,2.0288066E-5
67.5,36.5,1.9350682E-5
67.5,37.5,1.791282E-5
67.5,38.5,1.6235337E-5
67.5,39.5,1.5941829E-5
67.5,40.5,1.8639346E-5
67.5,44.5,1.901275E-5
67.5,48.5,1.9972853E-5
67.5,49.5,1.8323963E-5
67.5,50.5,1.8307077E-5
67.5,51.5,1.908869E-5
67.5,52.5,1.9556863E-5
67.5,53.5,1.9740572E-5
67.5,54.5,1.911355E-5
67.5,55.5,1.864497E-5
67.5,56.5,1.8978017E-5
67.5,57.5,1.9764393E-5
67.5,58.5,2.0299687E-5
67.5,59.5,2.073731E-5
67.5,60.5,2.135285E-5
67.5,61.5,2.2300548E-5
67.5,62.5,2.3359184E-5
67.5,63.5,2.3834169E-5
67.5,64.5,2.3540575E-5
67.5,65.5,2.3405255E-5
67.5,66.5,2.4170782E-5
67.5,67.5,2.4354687E-5
67.5,68.5,2.3963505E-5
67.5,69.5,2.3064576E-5
67.5,70.5,2.2540315E-5
67.5,71.5,2.2867971E-5
67.5,72.5,2.3909499E-5
67.5,74.5,2.3725821E-5
67.5,75.5,2.2236998E-5
67.5,76.5,2.1993517E-5
67.5,77.5,2.3721397E-5
67.5,78.5,2.4924178E-5
67.5,79.5,2.4860412E-5
67.5,80.5,2.4797966E-5
67.5,81.5,2.5027333E-5
67.5,82.5,2.5690173E-5
67.5,83.5,2.6017231E-5
67.5,84.5,2.668491E-5
67.5,85.5,2.736768E-5
67.5,86.5,2.811896E-5
67.5,87.5,2.8148908E-5
67.5,88.5,2.7064516E-5
67.5,89.5,2.5278816E-5
67.5,90.5,2.4721163E-5
67.5,91.5,2.3855573E-5
67.5,92.5,2.2265736E-5
67.5,93.5,2.0308627E-5
67.5,94.5,1.8866605E-5
67.5,95.5,1.791245E-5
67.5,96.5,1.6681372E-5
67.5,97.5,1.5396334E-5
67.5,98.5,1.4310011E-5
67.5,99.5,1.3880748E-5
67.5,100.5,1.3640086E-5
67.5,101.5,1.3298232E-5
67.5,102.5,1.2869908E-5
67.5,103.5,1.2269521E-5
67.5,104.5,1.1881934E-5
67.5,105.5,1.1782436E-5
67.5,106.5,1.167938E-5
67.5,107.5,1.1852429E-5
67.5,108.5,1.1742567E-5
67.5,109.5,1.142837E-5
67.5,110.5,1.1044977E-5
67.5,111.5,1.0713947E-5
67.5,112.5,1.0529254E-5
67.5,113.5,1.031208E-5
67.5,114.5,1.0112948E-5
67.5,115.5,1.011215E-5
67.5,116.5,1.00650805E-5
67.5,117.5,9.9733215E-6
67.5,118.5,9.773352E-6
67.5,119.5,9.91876E-6
67.5,120.5,1.002489E-5
67.5,121.5,1.0564999E-5
67.5,122.5,1.1723306E-5
67.5,123.5,1.2568178E-5
67.5,124.5,1.2229602E-5
67.5,125.5,1.1274547E-5
67.5,126.5,1.0609214E-5
67.5,127.5,9.591309E-6
67.5,128.5,8.890382E-6
67.5,129.5,8.9180485E-6
67.5,130.5,9.203512E-6
67.5,131.5,9.268044E-6
67.5,132.5,8.971348E-6
67.5,133.5,8.781085E-6
67.5,134.5,8.942516E-6
67.5,135.5,9.158129E-6
67.5,136.5,9.229128E-6
67.5,137.5,8.843241E-6
67.5,138.5,8.554489E-6
67.5,139.5,9.137903E-6
67.5,140.5,1.0018066E-5
67.5,141.5,1.0688164E-5
67.5,142.5,1.1106588E-5
67.5,143.5,1.1674946E-5
67.5,144.5,1.2291924E-5
67.5,145.5,1.288683E-5
67.5,146.5,1.2892185E-5
67.5,147.5,1.2171346E-5
67.5,148.5,1.1547223E-5
67.5,149.5,1.14494405E-5
67.5,150.5,1.1901395E-5
67.5,151.5,1.2294909E-5
67.5,152.5,1.24625E-5
67.5,153.5,1.24153685E-5
67.5,154.5,1.242137E-5
67.5,155.5,1.2489195E-5
67.5,156.5,1.2348182E-5
67.5,157.5,1.2234121E-5
67.5,158.5,1.23970785E-5
67.5,159.5,1.2428269E-5
67.5,160.5,1.2563485E-5
67.5,161.5,1.3082226E-5
67.5,162.5,1.3267382E-5
67.5,163.5,1.3001292E-5
67.5,164.5,1.28784395E-5
67.5,165.5,1.2735694E-5
67.5,166.5,1.2663774E-5
67.5,167.5,1.2778434E-5
67.5,168.5,1.2735104E-5
67.5,169.5,1.3179575E-5
67.5,170.5,1.4108041E-5
67.5,171.5,1.5156079E-5
67.5,172.5,1.6169934E-5
67.5,173.5,1.687E-5
67.5,174.5,1.7298265E-5
67.5,175.5,1.7534463E-5
67.5,176.5,1.7379867E-5
67.5,177.5,1.7644907E-5
67.5,178.5,1.8020371E-5
67.5,179.5,1.9430665E-5
68.5,-179.5,2.081931E-5
68.5,-178.5,2.372356E-5
68.5,-165.5,1.2291215E-5
68.5,-164.5,1.1343398E-5
68.5,-163.5,1.1100879E-5
68.5,-162.5,1.108938E-5
68.5,-161.5,1.125842E-5
68.5,-160.5,1.1585442E-5
68.5,-159.5,1.1703449E-5
68.5,-158.5,1.162887E-5
68.5,-157.5,1.1446849E-5
68.5,-156.5,1.1311054E-5
68.5,-155.5,1.1158465E-5
68.5,-154.5,1.089358E-5
68.5,-153.5,1.0763248E-5
68.5,-152.5,1.0741907E-5
68.5,-151.5,1.0576595E-5
68.5,-150.5,1.0271384E-5
68.5,-149.5,9.825898E-6
68.5,-148.5,9.302446E-6
68.5,-147.5,8.769917E-6
68.5,-146.5,8.32198E-6
68.5,-145.5,8.165246E-6
68.5,-144.5,8.08527E-6
68.5,-143.5,8.018379E-6
68.5,-142.5,7.891302E-6
68.5,-141.5,7.83471E-6
68.5,-140.5,7.960972E-6
68.5,-139.5,7.978327E-6
68.5,-138.5,8.03359E-6
68.5,-137.5,8.150986E-6
68.5,-136.5,8.68524E-6
68.5,-135.5,8.9355735E-6
68.5,-134.5,8.880309E-6
68.5,-133.5,8.723881E-6
68.5,-132.5,8.415335E-6
68.5,-131.5,8.099229E-6
68.5,-130.5,8.011405E-6
68.5,-129.5,8.207932E-6
68.5,-128.5,8.312102E-6
68.5,-127.5,7.955579E-6
68.5,-126.5,7.503163E-6
68.5,-125.5,7.0507513E-6
68.5,-124.5,6.523842E-6
68.5,-123.5,6.0681473E-6
68.5,-122.5,5.746391E-6
68.5,-121.5,5.514646E-6
68.5,-120.5,5.5235782E-6
68.5,-119.5,5.613202E-6
68.5,-118.5,5.87816E-6
68.5,-117.5,6.0650614E-6
68.5,-116.5,6.4253873E-6
68.5,-115.5,6.848212E-6
68.5,-112.5,7.400507E-6
68.5,-107.5,6.373232E-6
68.5,-106.5,6.1443025E-6
68.5,-105.5,6.473421E-6
68.5,-97.5,6.3360344E-6
68.5,-96.5,6.363303E-6
68.5,-93.5,6.3180805E-6
68.5,-92.5,5.9776726E-6
68.5,-91.5,6.1265314E-6
68.5,-90.5,6.3489338E-6
68.5,-89.5,6.4862197E-6
68.5,-88.5,6.749508E-6
68.5,-85.5,6.5159566E-6
68.5,-84.5,6.0284474E-6
68.5,-83.5,5.829742E-6
68.5,-82.5,6.412491E-6
68.5,-74.5,8.559615E-6
68.5,-73.5,8.29292E-6
68.5,-72.5,8.596477E-6
68.5,-71.5,8.934094E-6
68.5,-70.5,9.047103E-6
68.5,-69.5,9.052799E-6
68.5,-68.5,9.6510485E-6
68.5,-52.5,2.0740305E-5
68.5,-51.5,1.9286663E-5
68.5,-50.5,1.8047049E-5
68.5,-49.5,1.7066848E-5
68.5,-48.5,1.684956E-5
68.5,-47.5,1.5832822E-5
68.5,-46.5,1.4424123E-5
68.5,-45.5,1.3157762E-5
68.5,-44.5,1.2365142E-5
68.5,-43.5,1.1840029E-5
68.5,-42.5,1.1962946E-5
68.5,-41.5,1.1961251E-5
68.5,-40.5,1.1995619E-5
68.5,-39.5,1.2032284E-5
68.5,-38.5,1.202946E-5
68.5,-37.5,1.2222679E-5
68.5,-36.5,1.2742076E-5
68.5,-35.5,1.5005757E-5
68.5,-34.5,1.9448384E-5
68.5,-33.5,2.3271945E-5
68.5,-32.5,2.5083991E-5
68.5,-31.5,2.564947E-5
68.5,-30.5,2.6868012E-5
68.5,15.5,3.9054226E-5
68.5,16.5,3.2873304E-5
68.5,17.5,2.7660873E-5
68.5,18.5,2.2819368E-5
68.5,19.5,2.093983E-5
68.5,20.5,2.0227875E-5
68.5,21.5,1.9261926E-5
68.5,22.5,1.9570329E-5
68.5,23.5,1.9829231E-5
68.5,24.5,1.9801251E-5
68.5,25.5,2.0069692E-5
68.5,26.5,2.088689E-5
68.5,27.5,2.1382812E-5
68.5,28.5,2.112537E-5
68.5,29.5,2.0956973E-5
68.5,30.5,2.1135864E-5
68.5,31.5,2.0612704E-5
68.5,32.5,1.9612798E-5
68.5,33.5,1.8800765E-5
68.5,34.5,1.8383247E-5
68.5,35.5,1.8356757E-5
68.5,36.5,1.9697027E-5
68.5,37.5,2.1870583E-5
68.5,45.5,1.6261378E-5
68.5,52.5,2.1343696E-5
68.5,53.5,2.1437416E-5
68.5,55.5,2.1384078E-5
68.5,56.5,2.0705435E-5
68.5,57.5,2.0216732E-5
68.5,58.5,2.0648848E-5
68.5,59.5,2.0970998E-5
68.5,60.5,2.0540534E-5
68.5,61.5,1.9413745E-5
68.5,62.5,1.8752098E-5
68.5,63.5,1.8654213E-5
68.5,64.5,1.9054098E-5
68.5,65.5,2.0532822E-5
68.5,66.5,2.288731E-5
68.5,67.5,2.4394874E-5
68.5,69.5,2.295464E-5
68.5,70.5,2.1433161E-5
68.5,71.5,2.0678208E-5
68.5,72.5,2.0577974E-5
68.5,75.5,2.0408695E-5
68.5,76.5,2.1239042E-5
68.5,78.5,2.4203864E-5
68.5,79.5,2.3510487E-5
68.5,80.5,2.353601E-5
68.5,81.5,2.3867027E-5
68.5,82.5,2.4547133E-5
68.5,83.5,2.5239717E-5
68.5,84.5,2.6230304E-5
68.5,85.5,2.7008986E-5
68.5,86.5,2.7258277E-5
68.5,87.5,2.7440608E-5
68.5,88.5,2.7871312E-5
68.5,89.5,2.792023E-5
68.5,90.5,2.6794518E-5
68.5,91.5,2.455524E-5
68.5,92.5,2.1920507E-5
68.5,93.5,1.9502511E-5
68.5,94.5,1.775789E-5
68.5,95.5,1.6413645E-5
68.5,96.5,1.5312138E-5
68.5,97.5,1.4727267E-5
68.5,98.5,1.4099229E-5
68.5,99.5,1.3703447E-5
68.5,100.5,1.3476262E-5
68.5,101.5,1.342081E-5
68.5,102.5,1.3536499E-5
68.5,103.5,1.3643356E-5
68.5,104.5,1.3309378E-5
68.5,105.5,1.2646447E-5
68.5,106.5,1.1951833E-5
68.5,107.5,1.1669564E-5
68.5,108.5,1.1367984E-5
68.5,109.5,1.0986762E-5
68.5,110.5,1.0613458E-5
68.5,111.5,1.0388038E-5
68.5,112.5,1.0409785E-5
68.5,113.5,1.0436511E-5
68.5,114.5,1.0385879E-5
68.5,115.5,1.0344295E-5
68.5,116.5,1.0250279E-5
68.5,117.5,1.00692705E-5
68.5,118.5,9.94063E-6
68.5,119.5,9.9511735E-6
68.5,120.5,9.939835E-6
68.5,121.5,1.0222185E-5
68.5,122.5,1.0799618E-5
68.5,123.5,1.15094235E-5
68.5,124.5,1.1465026E-5
68.5,125.5,1.11129975E-5
68.5,126.5,1.0674146E-5
68.5,127.5,9.7271E-6
68.5,128.5,8.877614E-6
68.5,129.5,8.716972E-6
68.5,130.5,8.874539E-6
68.5,131.5,8.9015575E-6
68.5,132.5,8.588258E-6
68.5,133.5,8.4239855E-6
68.5,134.5,8.44046E-6
68.5,135.5,8.46533E-6
68.5,136.5,8.465857E-6
68.5,137.5,8.487683E-6
68.5,138.5,8.616946E-6
68.5,139.5,9.117754E-6
68.5,140.5,9.867599E-6
68.5,141.5,1.0922423E-5
68.5,142.5,1.2244814E-5
68.5,143.5,1.3321512E-5
68.5,144.5,1.3523144E-5
68.5,145.5,1.3386724E-5
68.5,146.5,1.2927286E-5
68.5,147.5,1.2514724E-5
68.5,148.5,1.236591E-5
68.5,149.5,1.2876631E-5
68.5,150.5,1.34844895E-5
68.5,151.5,1.3542111E-5
68.5,152.5,1.3064094E-5
68.5,153.5,1.28044485E-5
68.5,154.5,1.3045014E-5
68.5,155.5,1.3164262E-5
68.5,156.5,1.2959673E-5
68.5,157.5,1.282802E-5
68.5,158.5,1.3214643E-5
68.5,159.5,1.3281586E-5
68.5,160.5,1.2885505E-5
68.5,161.5,1.2219106E-5
68.5,162.5,1.1449253E-5
68.5,163.5,1.08205995E-5
68.5,164.5,1.0534689E-5
68.5,165.5,1.038289E-5
68.5,166.5,1.041458E-5
68.5,167.5,1.0727802E-5
68.5,168.5,1.1326586E-5
68.5,169.5,1.2813035E-5
68.5,170.5,1.4244562E-5
68.5,171.5,1.5173813E-5
68.5,172.5,1.5331334E-5
68.5,173.5,1.5261294E-5
68.5,174.5,1.4776245E-5
68.5,175.5,1.4517249E-5
68.5,176.5,1.4286346E-5
68.5,177.5,1.4617609E-5
68.5,178.5,1.528497E-5
68.5,179.5,1.74602E-5
69.5,-162.5,1.2471558E-5
69.5,-161.5,1.0880412E-5
69.5,-160.5,1.0603672E-5
69.5,-159.5,1.0835034E-5
69.5,-158.5,1.1005999E-5
69.5,-157.5,1.1012441E-5
69.5,-156.5,1.1002312E-5
69.5,-155.5,1.0761027E-5
69.5,-154.5,1.0324104E-5
69.5,-153.5,9.844919E-6
69.5,-152.5,9.620671E-6
69.5,-151.5,9.365865E-6
69.5,-150.5,9.013818E-6
69.5,-149.5,8.66349E-6
69.5,-148.5,8.290745E-6
69.5,-147.5,7.99769E-6
69.5,-146.5,7.65691E-6
69.5,-145.5,7.351143E-6
69.5,-144.5,7.075413E-6
69.5,-143.5,7.1016116E-6
69.5,-142.5,7.3571473E-6
69.5,-141.5,7.730674E-6
69.5,-140.5,8.367744E-6
69.5,-139.5,9.193205E-6
69.5,-134.5,9.020008E-6
69.5,-132.5,8.414876E-6
69.5,-131.5,8.0099335E-6
69.5,-130.5,7.731482E-6
69.5,-129.5,7.583865E-6
69.5,-128.5,6.9737316E-6
69.5,-127.5,6.370524E-6
69.5,-126.5,6.1568308E-6
69.5,-125.5,6.4471833E-6
69.5,-124.5,6.687286E-6
69.5,-122.5,6.1088876E-6
69.5,-121.5,5.941117E-6
69.5,-116.5,6.805052E-6
69.5,-115.5,6.0561497E-6
69.5,-114.5,5.42175E-6
69.5,-113.5,5.0998215E-6
69.5,-112.5,5.218809E-6
69.5,-111.5,5.5339015E-6
69.5,-110.5,5.6230274E-6
69.5,-109.5,5.5101273E-6
69.5,-108.5,5.5192236E-6
69.5,-107.5,5.8304154E-6
69.5,-106.5,6.0391026E-6
69.5,-105.5,6.009867E-6
69.5,-104.5,5.7679913E-6
69.5,-103.5,5.4374145E-6
69.5,-102.5,5.125666E-6
69.5,-97.5,6.297165E-6
69.5,-96.5,6.076134E-6
69.5,-94.5,6.267307E-6
69.5,-93.5,6.2151967E-6
69.5,-92.5,6.1019764E-6
69.5,-91.5,6.185658E-6
69.5,-84.5,6.40599E-6
69.5,-83.5,6.368703E-6
69.5,-82.5,6.8013696E-6
69.5,-76.5,8.225955E-6
69.5,-75.5,7.819093E-6
69.5,-74.5,7.228107E-6
69.5,-73.5,6.864783E-6
69.5,-72.5,7.198594E-6
69.5,-71.5,7.746878E-6
69.5,-70.5,7.926085E-6
69.5,-69.5,7.643467E-6
69.5,-68.5,8.029181E-6
69.5,-67.5,9.5250125E-6
69.5,-53.5,1.6386843E-5
69.5,-50.5,1.8726794E-5
69.5,-49.5,1.7172777E-5
69.5,-48.5,1.5878413E-5
69.5,-47.5,1.4423761E-5
69.5,-46.5,1.3047901E-5
69.5,-45.5,1.2257916E-5
69.5,-44.5,1.1751055E-5
69.5,-43.5,1.1432983E-5
69.5,-42.5,1.170832E-5
69.5,-41.5,1.1612402E-5
69.5,-40.5,1.1121821E-5
69.5,-39.5,1.0477679E-5
69.5,-38.5,1.009013E-5
69.5,-37.5,1.0354803E-5
69.5,-36.5,1.0873004E-5
69.5,-35.5,1.24390235E-5
69.5,-34.5,1.4662765E-5
69.5,-33.5,1.5959136E-5
69.5,-32.5,1.6117987E-5
69.5,-31.5,1.5923013E-5
69.5,-30.5,1.5976559E-5
69.5,-29.5,1.6156555E-5
69.5,-28.5,1.6436003E-5
69.5,-27.5,1.7058037E-5
69.5,-26.5,1.8635701E-5
69.5,-25.5,2.0364449E-5
69.5,18.5,2.514622E-5
69.5,19.5,1.9877796E-5
69.5,20.5,1.7361874E-5
69.5,21.5,1.6418619E-5
69.5,22.5,1.7184122E-5
69.5,23.5,1.8474384E-5
69.5,24.5,1.9089326E-5
69.5,25.5,1.919359E-5
69.5,26.5,1.9716295E-5
69.5,27.5,2.0684934E-5
69.5,28.5,2.1074886E-5
69.5,29.5,2.098835E-5
69.5,30.5,2.0755098E-5
69.5,31.5,2.0725705E-5
69.5,32.5,2.2426084E-5
69.5,60.5,1.832897E-5
69.5,61.5,1.7115082E-5
69.5,62.5,1.7519005E-5
69.5,63.5,1.9228091E-5
69.5,68.5,2.051366E-5
69.5,69.5,1.9961002E-5
69.5,70.5,2.052582E-5
69.5,71.5,2.1617285E-5
69.5,72.5,2.1244367E-5
69.5,74.5,1.8718658E-5
69.5,75.5,1.7917799E-5
69.5,76.5,1.8512987E-5
69.5,77.5,1.954772E-5
69.5,78.5,2.0495816E-5
69.5,79.5,2.1224783E-5
69.5,80.5,2.1726999E-5
69.5,81.5,2.1987476E-5
69.5,82.5,2.2681366E-5
69.5,83.5,2.3641664E-5
69.5,84.5,2.479275E-5
69.5,85.5,2.5743926E-5
69.5,86.5,2.6529191E-5
69.5,87.5,2.6817197E-5
69.5,88.5,2.6987631E-5
69.5,89.5,2.583115E-5
69.5,90.5,2.4125922E-5
69.5,91.5,2.1976359E-5
69.5,92.5,2.0398567E-5
69.5,93.5,1.9414238E-5
69.5,94.5,1.8741177E-5
69.5,95.5,1.7683502E-5
69.5,96.5,1.6623437E-5
69.5,97.5,1.5844862E-5
69.5,98.5,1.5117498E-5
69.5,99.5,1.4434855E-5
69.5,100.5,1.3704276E-5
69.5,101.5,1.3223574E-5
69.5,102.5,1.3288263E-5
69.5,103.5,1.3051255E-5
69.5,104.5,1.2390645E-5
69.5,105.5,1.1579749E-5
69.5,106.5,1.1123756E-5
69.5,107.5,1.1079019E-5
69.5,108.5,1.0957902E-5
69.5,109.5,1.0784198E-5
69.5,110.5,1.05541685E-5
69.5,111.5,1.0154898E-5
69.5,112.5,9.919967E-6
69.5,113.5,9.706994E-6
69.5,114.5,9.719562E-6
69.5,115.5,9.844896E-6
69.5,116.5,9.773068E-6
69.5,117.5,9.768004E-6
69.5,118.5,9.784482E-6
69.5,119.5,9.783469E-6
69.5,120.5,9.766214E-6
69.5,121.5,9.957886E-6
69.5,122.5,1.0549093E-5
69.5,123.5,1.1409592E-5
69.5,124.5,1.17724085E-5
69.5,125.5,1.17200225E-5
69.5,126.5,1.1137596E-5
69.5,127.5,9.966767E-6
69.5,128.5,9.032071E-6
69.5,129.5,8.849451E-6
69.5,130.5,8.986379E-6
69.5,131.5,8.975658E-6
69.5,132.5,8.575085E-6
69.5,133.5,8.1714425E-6
69.5,134.5,8.098605E-6
69.5,135.5,8.047786E-6
69.5,136.5,8.008889E-6
69.5,137.5,8.087244E-6
69.5,138.5,8.3003215E-6
69.5,139.5,9.108489E-6
69.5,140.5,9.985822E-6
69.5,141.5,1.0625771E-5
69.5,142.5,1.0872582E-5
69.5,143.5,1.11573345E-5
69.5,144.5,1.1177262E-5
69.5,145.5,1.1210037E-5
69.5,146.5,1.1372792E-5
69.5,147.5,1.1549584E-5
69.5,148.5,1.1365243E-5
69.5,149.5,1.1314185E-5
69.5,150.5,1.1417436E-5
69.5,151.5,1.1376015E-5
69.5,152.5,1.1148404E-5
69.5,153.5,1.0955721E-5
69.5,154.5,1.0816162E-5
69.5,155.5,1.0925046E-5
69.5,156.5,1.1103904E-5
69.5,157.5,1.1344456E-5
69.5,158.5,1.1701377E-5
69.5,159.5,1.160138E-5
69.5,160.5,1.12746875E-5
69.5,161.5,1.08569475E-5
69.5,162.5,1.0767755E-5
69.5,163.5,1.0816826E-5
69.5,164.5,1.113221E-5
69.5,165.5,1.160185E-5
69.5,166.5,1.1730187E-5
69.5,167.5,1.1837736E-5
69.5,168.5,1.2524234E-5
69.5,171.5,1.2422041E-5
69.5,172.5,1.21268995E-5
69.5,173.5,1.301191E-5
69.5,174.5,1.3638336E-5
69.5,175.5,1.392841E-5
69.5,176.5,1.4701804E-5
69.5,177.5,1.6174094E-5
70.5,-159.5,1.08168815E-5
70.5,-158.5,1.0422887E-5
70.5,-157.5,1.0062886E-5
70.5,-156.5,9.902018E-6
70.5,-155.5,9.638999E-6
70.5,-154.5,9.464994E-6
70.5,-153.5,9.278624E-6
70.5,-152.5,9.372812E-6
70.5,-116.5,6.037673E-6
70.5,-115.5,5.9142467E-6
70.5,-114.5,5.921383E-6
70.5,-113.5,5.98049E-6
70.5,-112.5,6.158433E-6
70.5,-111.5,6.1718424E-6
70.5,-110.5,5.82579E-6
70.5,-109.5,5.3847934E-6
70.5,-108.5,5.1686725E-6
70.5,-107.5,5.4517327E-6
70.5,-106.5,5.7507655E-6
70.5,-105.5,5.7335633E-6
70.5,-104.5,5.569621E-6
70.5,-103.5,5.372495E-6
70.5,-95.5,5.363033E-6
70.5,-94.5,4.9091805E-6
70.5,-93.5,5.211884E-6
70.5,-92.5,5.615375E-6
70.5,-88.5,6.547461E-6
70.5,-87.5,6.159967E-6
70.5,-86.5,5.708275E-6
70.5,-85.5,5.751243E-6
70.5,-84.5,6.0109132E-6
70.5,-83.5,6.1743885E-6
70.5,-82.5,6.130486E-6
70.5,-81.5,6.150516E-6
70.5,-80.5,5.9664285E-6
70.5,-79.5,5.686078E-6
70.5,-78.5,5.454054E-6
70.5,-77.5,5.8634632E-6
70.5,-76.5,6.2181266E-6
70.5,-75.5,6.0877733E-6
70.5,-74.5,5.928717E-6
70.5,-73.5,5.8205956E-6
70.5,-72.5,5.9893905E-6
70.5,-71.5,6.3231164E-6
70.5,-70.5,6.9836988E-6
70.5,-69.5,7.932599E-6
70.5,-53.5,1.5226869E-5
70.5,-52.5,1.4257078E-5
70.5,-51.5,1.4244167E-5
70.5,-50.5,1.4514374E-5
70.5,-49.5,1.4521024E-5
70.5,-48.5,1.37613315E-5
70.5,-47.5,1.2357646E-5
70.5,-46.5,1.1362257E-5
70.5,-45.5,1.0891134E-5
70.5,-44.5,1.0438478E-5
70.5,-43.5,1.0085585E-5
70.5,-42.5,1.006024E-5
70.5,-41.5,9.866999E-6
70.5,-40.5,9.376602E-6
70.5,-39.5,8.740737E-6
70.5,-38.5,7.978305E-6
70.5,-37.5,7.936583E-6
70.5,-36.5,7.9378415E-6
70.5,-35.5,8.48725E-6
70.5,-34.5,9.228681E-6
70.5,-33.5,1.0103047E-5
70.5,-32.5,1.18866965E-5
70.5,-31.5,1.485017E-5
70.5,-30.5,1.9685978E-5
70.5,-29.5,2.478753E-5
70.5,-28.5,2.7641707E-5
70.5,-27.5,2.703156E-5
70.5,-23.5,2.618964E-5
70.5,23.5,2.3661352E-5
70.5,24.5,2.1740665E-5
70.5,25.5,2.0501193E-5
70.5,26.5,1.9812182E-5
70.5,27.5,1.9710656E-5
70.5,28.5,2.017848E-5
70.5,29.5,2.2353244E-5
70.5,67.5,1.749332E-5
70.5,68.5,1.72017E-5
70.5,69.5,1.8191826E-5
70.5,70.5,1.9239242E-5
70.5,71.5,2.0049576E-5
70.5,72.5,2.0443036E-5
70.5,74.5,1.8647503E-5
70.5,75.5,1.7104632E-5
70.5,76.5,1.7243252E-5
70.5,77.5,1.8304101E-5
70.5,78.5,1.9256988E-5
70.5,79.5,1.9661959E-5
70.5,80.5,1.9703128E-5
70.5,81.5,2.0125193E-5
70.5,82.5,2.1071864E-5
70.5,83.5,2.1900545E-5
70.5,84.5,2.2818007E-5
70.5,85.5,2.3918385E-5
70.5,86.5,2.4830604E-5
70.5,87.5,2.4817584E-5
70.5,88.5,2.4706796E-5
70.5,89.5,2.4137795E-5
70.5,90.5,2.3731855E-5
70.5,91.5,2.310329E-5
70.5,92.5,2.2459686E-5
70.5,93.5,2.1702748E-5
70.5,94.5,2.0969788E-5
70.5,95.5,2.008364E-5
70.5,96.5,1.9067253E-5
70.5,97.5,1.791338E-5
70.5,98.5,1.6828719E-5
70.5,99.5,1.553163E-5
70.5,100.5,1.4025627E-5
70.5,101.5,1.306249E-5
70.5,102.5,1.3031153E-5
70.5,103.5,1.3123857E-5
70.5,104.5,1.2676388E-5
70.5,105.5,1.2100628E-5
70.5,106.5,1.1535165E-5
70.5,107.5,1.1171561E-5
70.5,108.5,1.07161495E-5
70.5,109.5,1.0515339E-5
70.5,110.5,1.0544906E-5
70.5,111.5,1.0372351E-5
70.5,112.5,1.0059982E-5
70.5,113.5,9.581334E-6
70.5,114.5,9.4833285E-6
70.5,115.5,9.5121495E-6
70.5,116.5,9.459699E-6
70.5,117.5,9.433881E-6
70.5,118.5,9.562314E-6
70.5,119.5,9.784613E-6
70.5,120.5,1.0018186E-5
70.5,121.5,1.01952355E-5
70.5,122.5,1.04556775E-5
70.5,123.5,1.08741615E-5
70.5,124.5,1.1092187E-5
70.5,125.5,1.1296406E-5
70.5,126.5,1.1350239E-5
70.5,127.5,1.0509679E-5
70.5,128.5,9.620379E-6
70.5,129.5,9.223903E-6
70.5,130.5,9.16863E-6
70.5,131.5,8.813726E-6
70.5,132.5,8.149106E-6
70.5,133.5,7.4963896E-6
70.5,134.5,7.3925967E-6
70.5,135.5,7.5535286E-6
70.5,136.5,7.8421135E-6
70.5,137.5,8.111511E-6
70.5,138.5,8.293717E-6
70.5,139.5,9.017585E-6
70.5,140.5,1.0044763E-5
70.5,141.5,1.0997768E-5
70.5,142.5,1.1442157E-5
70.5,143.5,1.1815408E-5
70.5,144.5,1.1423688E-5
70.5,145.5,1.093568E-5
70.5,146.5,1.0678761E-5
70.5,147.5,1.0800394E-5
70.5,148.5,1.0673868E-5
70.5,149.5,1.0276677E-5
70.5,150.5,9.962137E-6
70.5,151.5,9.8536175E-6
70.5,152.5,9.834474E-6
70.5,153.5,9.76847E-6
70.5,154.5,9.465297E-6
70.5,155.5,9.004027E-6
70.5,156.5,8.701063E-6
70.5,157.5,8.9667465E-6
70.5,158.5,9.8638875E-6
70.5,159.5,1.0293812E-5
71.5,-179.5,1.04326755E-5
71.5,-178.5,1.0578403E-5
71.5,-123.5,5.696888E-6
71.5,-122.5,5.6896347E-6
71.5,-121.5,6.0174975E-6
71.5,-117.5,5.0590133E-6
71.5,-116.5,4.8536144E-6
71.5,-115.5,4.7383714E-6
71.5,-114.5,4.5655934E-6
71.5,-113.5,4.494424E-6
71.5,-112.5,4.800123E-6
71.5,-111.5,5.1821116E-6
71.5,-110.5,5.1205234E-6
71.5,-109.5,4.9075206E-6
71.5,-108.5,4.9375676E-6
71.5,-107.5,5.6085764E-6
71.5,-106.5,6.1580836E-6
71.5,-105.5,6.0951343E-6
71.5,-98.5,8.00512E-6
71.5,-95.5,6.4064384E-6
71.5,-94.5,6.4693495E-6
71.5,-93.5,6.6419684E-6
71.5,-89.5,5.889674E-6
71.5,-88.5,5.7544194E-6
71.5,-87.5,5.5340515E-6
71.5,-86.5,5.581545E-6
71.5,-85.5,5.9727995E-6
71.5,-84.5,6.3841276E-6
71.5,-83.5,6.4550622E-6
71.5,-82.5,6.262102E-6
71.5,-81.5,6.132984E-6
71.5,-80.5,5.7338684E-6
71.5,-79.5,5.2028977E-6
71.5,-78.5,4.8579655E-6
71.5,-77.5,5.183547E-6
71.5,-76.5,5.6240683E-6
71.5,-75.5,5.777531E-6
71.5,-74.5,6.0841453E-6
71.5,-72.5,7.105346E-6
71.5,-54.5,1.4851522E-5
71.5,-51.5,1.2838773E-5
71.5,-50.5,1.2137433E-5
71.5,-49.5,1.1756534E-5
71.5,-48.5,1.1061919E-5
71.5,-47.5,1.0343331E-5
71.5,-46.5,9.659355E-6
71.5,-45.5,9.193125E-6
71.5,-44.5,8.785461E-6
71.5,-43.5,8.381638E-6
71.5,-42.5,8.244786E-6
71.5,-41.5,7.917705E-6
71.5,-40.5,7.410747E-6
71.5,-39.5,6.5394524E-6
71.5,-38.5,5.306803E-6
71.5,-37.5,5.215891E-6
71.5,-36.5,5.141041E-6
71.5,-35.5,5.3214176E-6
71.5,-34.5,5.736755E-6
71.5,-33.5,6.5398144E-6
71.5,-32.5,8.467531E-6
71.5,-31.5,1.0578748E-5
71.5,-30.5,1.4124936E-5
71.5,-29.5,1.7998074E-5
71.5,-28.5,2.0621286E-5
71.5,-27.5,1.9850986E-5
71.5,-26.5,1.9065123E-5
71.5,-24.5,1.9773708E-5
71.5,-23.5,2.0610913E-5
71.5,-22.5,2.0329313E-5
71.5,52.5,1.41658265E-5
71.5,53.5,1.2992503E-5
71.5,54.5,1.3227968E-5
71.5,55.5,1.4753975E-5
71.5,68.5,1.7374789E-5
71.5,69.5,1.7216851E-5
71.5,70.5,1.8068204E-5
71.5,71.5,1.9629277E-5
71.5,73.5,1.8334467E-5
71.5,74.5,1.7414743E-5
71.5,75.5,1.6825888E-5
71.5,76.5,1.712266E-5
71.5,77.5,1.7078828E-5
71.5,78.5,1.6587892E-5
71.5,79.5,1.6913338E-5
71.5,80.5,1.7818787E-5
71.5,81.5,1.9340852E-5
71.5,82.5,2.0563975E-5
71.5,83.5,2.101016E-5
71.5,84.5,2.1002996E-5
71.5,85.5,2.1055595E-5
71.5,86.5,2.1606533E-5
71.5,87.5,2.1989956E-5
71.5,88.5,2.2243335E-5
71.5,89.5,2.202866E-5
71.5,90.5,2.166537E-5
71.5,91.5,2.1029757E-5
71.5,92.5,2.0480446E-5
71.5,93.5,2.0008958E-5
71.5,94.5,1.9572164E-5
71.5,95.5,1.9167548E-5
71.5,96.5,1.8736808E-5
71.5,97.5,1.8133118E-5
71.5,98.5,1.7688248E-5
71.5,99.5,1.667538E-5
71.5,100.5,1.5122899E-5
71.5,101.5,1.39208805E-5
71.5,102.5,1.3747517E-5
71.5,103.5,1.3652237E-5
71.5,104.5,1.2974917E-5
71.5,105.5,1.2377318E-5
71.5,106.5,1.1852701E-5
71.5,107.5,1.1391384E-5
71.5,108.5,1.0866752E-5
71.5,109.5,1.0695089E-5
71.5,110.5,1.0628363E-5
71.5,111.5,1.0345323E-5
71.5,112.5,9.885754E-6
71.5,113.5,9.335066E-6
71.5,114.5,9.356194E-6
71.5,115.5,9.664593E-6
71.5,116.5,9.777123E-6
71.5,117.5,9.751387E-6
71.5,118.5,9.746244E-6
71.5,119.5,9.703665E-6
71.5,120.5,9.686749E-6
71.5,121.5,9.819707E-6
71.5,122.5,1.009867E-5
71.5,123.5,1.0443636E-5
71.5,124.5,1.0623574E-5
71.5,125.5,1.077599E-5
71.5,126.5,1.1004271E-5
71.5,127.5,1.1187462E-5
71.5,128.5,1.1829416E-5
71.5,132.5,1.0416617E-5
71.5,133.5,9.464887E-6
71.5,135.5,8.93491E-6
71.5,136.5,8.710216E-6
71.5,137.5,8.877257E-6
71.5,138.5,9.003255E-6
71.5,139.5,9.416054E-6
71.5,140.5,9.880719E-6
71.5,141.5,1.0278294E-5
71.5,142.5,1.0378304E-5
71.5,143.5,1.04282235E-5
71.5,144.5,9.957497E-6
71.5,145.5,9.1088195E-6
71.5,146.5,8.503112E-6
71.5,147.5,8.667661E-6
71.5,148.5,8.9817595E-6
71.5,149.5,9.6772565E-6
71.5,150.5,1.0515386E-5
72.5,-124.5,4.759154E-6
72.5,-123.5,4.659693E-6
72.5,-122.5,4.410944E-6
72.5,-121.5,4.411213E-6
72.5,-120.5,4.567586E-6
72.5,-119.5,4.7089466E-6
72.5,-118.5,4.774362E-6
72.5,-117.5,4.8459788E-6
72.5,-116.5,4.7247436E-6
72.5,-115.5,4.6089817E-6
72.5,-114.5,4.557938E-6
72.5,-113.5,4.666737E-6
72.5,-112.5,5.0026115E-6
72.5,-111.5,5.252112E-6
72.5,-110.5,5.0717877E-6
72.5,-109.5,4.661771E-6
72.5,-107.5,4.7149783E-6
72.5,-106.5,5.1230754E-6
72.5,-105.5,5.330352E-6
72.5,-101.5,5.4647703E-6
72.5,-100.5,5.579857E-6
72.5,-99.5,5.7698485E-6
72.5,-98.5,5.8780306E-6
72.5,-97.5,6.1041287E-6
72.5,-94.5,6.9621324E-6
72.5,-89.5,6.2163062E-6
72.5,-88.5,5.814224E-6
72.5,-87.5,5.5971727E-6
72.5,-86.5,5.5709766E-6
72.5,-85.5,5.7404723E-6
72.5,-84.5,5.6946974E-6
72.5,-83.5,5.4390343E-6
72.5,-82.5,5.5135847E-6
72.5,-81.5,6.004292E-6
72.5,-80.5,6.3303455E-6
72.5,-79.5,6.2436047E-6
72.5,-78.5,5.8937308E-6
72.5,-77.5,6.2439885E-6
72.5,-76.5,7.148415E-6
72.5,-55.5,1.1826728E-5
72.5,-54.5,1.0783843E-5
72.5,-53.5,9.96874E-6
72.5,-52.5,9.064052E-6
72.5,-51.5,8.1862945E-6
72.5,-50.5,8.22169E-6
72.5,-49.5,8.472669E-6
72.5,-48.5,8.283122E-6
72.5,-47.5,7.889383E-6
72.5,-46.5,7.4906943E-6
72.5,-45.5,7.1477957E-6
72.5,-44.5,6.8101185E-6
72.5,-43.5,6.5198064E-6
72.5,-42.5,6.450594E-6
72.5,-41.5,6.308722E-6
72.5,-40.5,5.915136E-6
72.5,-39.5,5.2196797E-6
72.5,-38.5,4.4791846E-6
72.5,-37.5,4.49128E-6
72.5,-36.5,4.5483353E-6
72.5,-35.5,4.815336E-6
72.5,-34.5,5.2514183E-6
72.5,-33.5,5.9649446E-6
72.5,-32.5,7.575557E-6
72.5,-31.5,8.954648E-6
72.5,-30.5,1.1377769E-5
72.5,-29.5,1.4103274E-5
72.5,-28.5,1.647194E-5
72.5,-27.5,1.7195667E-5
72.5,-26.5,1.794293E-5
72.5,-25.5,1.8544237E-5
72.5,-23.5,2.035035E-5
72.5,53.5,1.5281117E-5
72.5,54.5,1.544532E-5
72.5,55.5,1.7198865E-5
72.5,69.5,1.653374E-5
72.5,70.5,1.5681E-5
72.5,71.5,1.6139667E-5
72.5,72.5,1.710739E-5
72.5,81.5,1.9865542E-5
72.5,82.5,1.8762217E-5
72.5,83.5,1.8268614E-5
72.5,84.5,1.8578361E-5
72.5,85.5,1.9179437E-5
72.5,86.5,1.9789451E-5
72.5,87.5,2.0832607E-5
72.5,88.5,2.1493839E-5
72.5,89.5,2.1487904E-5
72.5,90.5,2.0961084E-5
72.5,91.5,2.0113766E-5
72.5,92.5,1.9295716E-5
72.5,93.5,1.8624263E-5
72.5,94.5,1.8222958E-5
72.5,95.5,1.8010367E-5
72.5,96.5,1.7662938E-5
72.5,97.5,1.7293716E-5
72.5,98.5,1.6895225E-5
72.5,99.5,1.5558524E-5
72.5,100.5,1.3871384E-5
72.5,101.5,1.2767372E-5
72.5,102.5,1.3509403E-5
72.5,103.5,1.4449619E-5
72.5,104.5,1.4489161E-5
72.5,105.5,1.3933341E-5
72.5,106.5,1.2846708E-5
72.5,107.5,1.144081E-5
72.5,108.5,1.0197776E-5
72.5,109.5,9.6474505E-6
72.5,110.5,9.416428E-6
72.5,111.5,9.1259035E-6
72.5,112.5,8.834446E-6
72.5,113.5,8.52465E-6
72.5,114.5,8.456294E-6
72.5,115.5,8.4259245E-6
72.5,116.5,8.39424E-6
72.5,117.5,8.382186E-6
72.5,118.5,8.4733765E-6
72.5,119.5,8.425872E-6
72.5,120.5,8.429416E-6
72.5,121.5,8.699021E-6
72.5,122.5,9.380589E-6
72.5,123.5,1.0068784E-5
72.5,124.5,1.07617225E-5
72.5,125.5,1.1302365E-5
72.5,126.5,1.1506882E-5
72.5,127.5,1.1109616E-5
72.5,128.5,1.0771827E-5
72.5,140.5,1.0096344E-5
72.5,141.5,1.0216192E-5
72.5,142.5,9.74274E-6
72.5,143.5,9.57109E-6
72.5,144.5,9.533421E-6
73.5,-123.5,5.3986364E-6
73.5,-122.5,4.394198E-6
73.5,-121.5,3.7156922E-6
73.5,-120.5,3.636128E-6
73.5,-119.5,3.6941774E-6
73.5,-118.5,3.8868247E-6
73.5,-117.5,4.232761E-6
73.5,-116.5,4.711145E-6
73.5,-106.5,4.579012E-6
73.5,-105.5,4.929188E-6
73.5,-100.5,5.714088E-6
73.5,-99.5,5.50043E-6
73.5,-98.5,5.6572494E-6
73.5,-97.5,6.184944E-6
73.5,-95.5,6.2084146E-6
73.5,-94.5,5.697616E-6
73.5,-93.5,5.305338E-6
73.5,-92.5,5.5412825E-6
73.5,-91.5,6.286072E-6
73.5,-88.5,7.4975856E-6
73.5,-87.5,6.9039907E-6
73.5,-86.5,6.5711592E-6
73.5,-83.5,7.193141E-6
73.5,-82.5,7.0358233E-6
73.5,-81.5,6.807183E-6
73.5,-80.5,6.5451327E-6
73.5,-79.5,6.313566E-6
73.5,-78.5,6.430858E-6
73.5,-77.5,7.613853E-6
73.5,-55.5,1.013581E-5
73.5,-54.5,8.79249E-6
73.5,-53.5,7.918488E-6
73.5,-52.5,7.040943E-6
73.5,-51.5,6.133243E-6
73.5,-50.5,6.0861516E-6
73.5,-49.5,6.3011253E-6
73.5,-48.5,6.374832E-6
73.5,-47.5,6.288553E-6
73.5,-46.5,6.1678365E-6
73.5,-45.5,5.8399783E-6
73.5,-44.5,5.4802167E-6
73.5,-43.5,5.1017923E-6
73.5,-42.5,4.924743E-6
73.5,-41.5,4.725487E-6
73.5,-40.5,4.480841E-6
73.5,-39.5,4.1723824E-6
73.5,-38.5,3.9236425E-6
73.5,-37.5,4.0854197E-6
73.5,-36.5,4.218767E-6
73.5,-35.5,4.4101594E-6
73.5,-34.5,4.6913974E-6
73.5,-33.5,5.1847924E-6
73.5,-32.5,6.404535E-6
73.5,-31.5,7.563682E-6
73.5,-30.5,9.93342E-6
73.5,-29.5,1.2526869E-5
73.5,-28.5,1.5179127E-5
73.5,-27.5,1.7158782E-5
73.5,-26.5,1.8948773E-5
73.5,-25.5,1.930878E-5
73.5,-24.5,1.8231285E-5
73.5,-23.5,1.735679E-5
73.5,-22.5,1.8347124E-5
73.5,-21.5,2.0001718E-5
73.5,54.5,1.7787575E-5
73.5,55.5,1.5180119E-5
73.5,56.5,1.4978192E-5
73.5,81.5,2.1907868E-5
73.5,82.5,2.145341E-5
73.5,83.5,2.1476153E-5
73.5,84.5,2.0973974E-5
73.5,85.5,2.0175874E-5
73.5,86.5,1.9787001E-5
73.5,87.5,2.0824615E-5
73.5,88.5,2.1616826E-5
73.5,89.5,2.132643E-5
73.5,90.5,2.0563812E-5
73.5,91.5,1.9875773E-5
73.5,92.5,1.9373198E-5
73.5,93.5,1.8681447E-5
73.5,94.5,1.8388211E-5
73.5,95.5,1.812591E-5
73.5,96.5,1.7799666E-5
73.5,97.5,1.7577977E-5
73.5,98.5,1.716558E-5
73.5,99.5,1.552086E-5
73.5,100.5,1.3419558E-5
73.5,101.5,1.2104812E-5
73.5,102.5,1.30915E-5
73.5,103.5,1.4093008E-5
73.5,104.5,1.4217795E-5
73.5,105.5,1.4395595E-5
73.5,106.5,1.4533529E-5
73.5,107.5,1.347068E-5
73.5,108.5,1.17526015E-5
73.5,109.5,1.0810707E-5
73.5,110.5,1.0181709E-5
73.5,111.5,9.682702E-6
73.5,112.5,9.758587E-6
73.5,113.5,9.913275E-6
73.5,114.5,9.989673E-6
73.5,115.5,9.944473E-6
73.5,116.5,9.9740155E-6
73.5,117.5,1.0428614E-5
73.5,124.5,1.1446959E-5
73.5,125.5,1.1539553E-5
73.5,127.5,1.1287596E-5
73.5,141.5,9.706417E-6
73.5,142.5,9.087024E-6
74.5,-121.5,4.5225634E-6
74.5,-112.5,6.0008083E-6
74.5,-87.5,6.5394543E-6
74.5,-86.5,6.2595227E-6
74.5,-55.5,8.547739E-6
74.5,-54.5,7.482506E-6
74.5,-53.5,6.8828717E-6
74.5,-52.5,6.074551E-6
74.5,-51.5,5.2133987E-6
74.5,-50.5,5.0470035E-6
74.5,-49.5,5.0920867E-6
74.5,-48.5,5.126866E-6
74.5,-47.5,5.1431643E-6
74.5,-46.5,5.105304E-6
74.5,-45.5,4.95748E-6
74.5,-44.5,4.77879E-6
74.5,-43.5,4.533706E-6
74.5,-42.5,4.2554234E-6
74.5,-41.5,3.9413426E-6
74.5,-40.5,3.84538E-6
74.5,-39.5,3.8684334E-6
74.5,-38.5,4.172616E-6
74.5,-37.5,5.003647E-6
74.5,-36.5,5.5651203E-6
74.5,-35.5,5.9075737E-6
74.5,-34.5,6.149381E-6
74.5,-33.5,6.5038735E-6
74.5,-32.5,7.103959E-6
74.5,-31.5,7.5505054E-6
74.5,-30.5,8.5931015E-6
74.5,-29.5,9.9081935E-6
74.5,-28.5,1.1499134E-5
74.5,-27.5,1.30691515E-5
74.5,-26.5,1.4491097E-5
74.5,-25.5,1.5167091E-5
74.5,-24.5,1.5080988E-5
74.5,-23.5,1.4979935E-5
74.5,-22.5,1.5537165E-5
74.5,-21.5,1.686652E-5
74.5,-20.5,1.7446651E-5
74.5,57.5,1.4474412E-5
74.5,58.5,1.646803E-5
74.5,86.5,1.6924854E-5
74.5,87.5,1.6586757E-5
74.5,88.5,1.6583665E-5
74.5,89.5,1.6313628E-5
74.5,90.5,1.620027E-5
74.5,91.5,1.615539E-5
74.5,92.5,1.6058793E-5
74.5,93.5,1.5786472E-5
74.5,94.5,1.5651702E-5
74.5,95.5,1.5447944E-5
74.5,96.5,1.5426112E-5
74.5,97.5,1.560132E-5
74.5,98.5,1.6085472E-5
74.5,99.5,1.5644364E-5
74.5,100.5,1.4460152E-5
74.5,101.5,1.36354E-5
74.5,102.5,1.5126116E-5
74.5,103.5,1.6410333E-5
74.5,104.5,1.600241E-5
74.5,105.5,1.5178276E-5
74.5,106.5,1.3690836E-5
74.5,107.5,1.1853837E-5
74.5,108.5,1.0460482E-5
74.5,109.5,1.0393497E-5
74.5,110.5,1.0853251E-5
74.5,112.5,1.143703E-5
75.5,-116.5,5.52484E-6
75.5,-115.5,5.3463286E-6
75.5,-114.5,5.3230524E-6
75.5,-113.5,5.570108E-6
75.5,-112.5,5.691635E-6
75.5,-111.5,5.8907904E-6
75.5,-110.5,5.7399616E-6
75.5,-109.5,5.335233E-6
75.5,-108.5,5.0771655E-6
75.5,-107.5,5.002749E-6
75.5,-106.5,5.158706E-6
75.5,-100.5,5.8280875E-6
75.5,-99.5,5.2254786E-6
75.5,-98.5,4.9258656E-6
75.5,-95.5,5.818518E-6
75.5,-94.5,5.9513573E-6
75.5,-91.5,5.390666E-6
75.5,-90.5,5.136203E-6
75.5,-89.5,5.2286705E-6
75.5,-88.5,5.5954174E-6
75.5,-87.5,5.765464E-6
75.5,-85.5,5.690741E-6
75.5,-84.5,5.2228274E-6
75.5,-83.5,4.7965214E-6
75.5,-82.5,4.90921E-6
75.5,-81.5,5.3106987E-6
75.5,-57.5,6.880249E-6
75.5,-56.5,6.1196015E-6
75.5,-55.5,5.8027404E-6
75.5,-54.5,5.497882E-6
75.5,-53.5,5.102647E-6
75.5,-52.5,4.7043645E-6
75.5,-51.5,4.264622E-6
75.5,-50.5,4.1331473E-6
75.5,-49.5,4.0989803E-6
75.5,-48.5,4.2017627E-6
75.5,-47.5,4.2057236E-6
75.5,-46.5,4.1630615E-6
75.5,-45.5,4.092837E-6
75.5,-44.5,4.119763E-6
75.5,-43.5,3.947429E-6
75.5,-42.5,3.6864312E-6
75.5,-41.5,3.3632227E-6
75.5,-40.5,3.302458E-6
75.5,-39.5,3.5084352E-6
75.5,-38.5,4.154447E-6
75.5,-37.5,5.233005E-6
75.5,-36.5,5.697171E-6
75.5,-35.5,5.8873525E-6
75.5,-34.5,5.960251E-6
75.5,-33.5,5.9836157E-6
75.5,-32.5,6.1325286E-6
75.5,-31.5,6.288473E-6
75.5,-30.5,6.6122707E-6
75.5,-29.5,7.074182E-6
75.5,-28.5,7.676005E-6
75.5,-27.5,8.452798E-6
75.5,-26.5,9.206889E-6
75.5,-25.5,1.0389269E-5
75.5,-24.5,1.2157593E-5
75.5,-23.5,1.3515928E-5
75.5,-22.5,1.4402381E-5
75.5,-21.5,1.5479181E-5
75.5,-20.5,1.5955604E-5
75.5,59.5,1.3365362E-5
75.5,60.5,1.2655984E-5
75.5,61.5,1.3475513E-5
75.5,90.5,1.6705699E-5
75.5,91.5,1.5767713E-5
75.5,92.5,1.4418045E-5
75.5,93.5,1.336128E-5
75.5,94.5,1.2921434E-5
75.5,95.5,1.2537574E-5
75.5,96.5,1.2393072E-5
75.5,97.5,1.2320672E-5
75.5,98.5,1.2245158E-5
75.5,99.5,1.1664661E-5
75.5,100.5,1.0920105E-5
75.5,101.5,1.0705853E-5
75.5,102.5,1.2292405E-5
75.5,103.5,1.3805603E-5
75.5,104.5,1.3272968E-5
75.5,105.5,1.1877459E-5
75.5,106.5,1.02011745E-5
75.5,107.5,9.235714E-6
75.5,108.5,8.389287E-6
75.5,109.5,8.033292E-6
75.5,110.5,8.10865E-6
75.5,111.5,8.383793E-6
75.5,112.5,9.229861E-6
75.5,113.5,9.837132E-6
75.5,137.5,7.4205486E-6
75.5,138.5,6.6841994E-6
75.5,139.5,6.4073765E-6
75.5,140.5,6.2948393E-6
75.5,141.5,6.510494E-6
75.5,143.5,7.0983097E-6
75.5,144.5,7.4422787E-6
76.5,-121.5,4.0275736E-6
76.5,-120.5,4.0314726E-6
76.5,-119.5,4.2122106E-6
76.5,-117.5,5.02407E-6
76.5,-116.5,5.457626E-6
76.5,-114.5,6.3255675E-6
76.5,-109.5,6.6456664E-6
76.5,-108.5,6.368756E-6
76.5,-99.5,5.7290977E-6
76.5,-98.5,5.4180664E-6
76.5,-95.5,5.7610914E-6
76.5,-94.5,5.5187984E-6
76.5,-92.5,5.4482716E-6
76.5,-91.5,5.5518435E-6
76.5,-88.5,6.1735623E-6
76.5,-87.5,6.1531655E-6
76.5,-86.5,6.2290746E-6
76.5,-85.5,6.099726E-6
76.5,-84.5,6.3981893E-6
76.5,-83.5,6.661036E-6
76.5,-82.5,6.639398E-6
76.5,-81.5,6.603282E-6
76.5,-80.5,6.438328E-6
76.5,-68.5,7.384406E-6
76.5,-67.5,5.893225E-6
76.5,-66.5,4.464572E-6
76.5,-65.5,4.410291E-6
76.5,-64.5,4.4241483E-6
76.5,-63.5,4.406239E-6
76.5,-62.5,4.7888047E-6
76.5,-61.5,4.685553E-6
76.5,-60.5,4.3998944E-6
76.5,-59.5,4.133354E-6
76.5,-58.5,4.0173904E-6
76.5,-57.5,4.270284E-6
76.5,-56.5,4.6437076E-6
76.5,-55.5,4.5788274E-6
76.5,-54.5,4.2293873E-6
76.5,-53.5,3.879903E-6
76.5,-52.5,3.5237508E-6
76.5,-51.5,3.2820656E-6
76.5,-50.5,3.2384264E-6
76.5,-49.5,3.1287639E-6
76.5,-48.5,3.157557E-6
76.5,-47.5,3.177733E-6
76.5,-46.5,3.2663613E-6
76.5,-45.5,3.3340868E-6
76.5,-44.5,3.3779816E-6
76.5,-43.5,3.4075179E-6
76.5,-42.5,3.3042543E-6
76.5,-41.5,3.0276663E-6
76.5,-40.5,3.000543E-6
76.5,-39.5,3.189147E-6
76.5,-38.5,3.8407566E-6
76.5,-37.5,4.8183174E-6
76.5,-36.5,5.200874E-6
76.5,-35.5,5.383421E-6
76.5,-34.5,5.5321393E-6
76.5,-33.5,5.6506888E-6
76.5,-32.5,5.7653997E-6
76.5,-31.5,5.8114597E-6
76.5,-30.5,5.9594713E-6
76.5,-29.5,6.249569E-6
76.5,-28.5,6.810558E-6
76.5,-27.5,7.728291E-6
76.5,-26.5,9.5131845E-6
76.5,-25.5,1.2037681E-5
76.5,-24.5,1.48853305E-5
76.5,-23.5,1.7908884E-5
76.5,-22.5,1.8391569E-5
76.5,-21.5,1.8765126E-5
76.5,66.5,1.5540016E-5
76.5,67.5,1.4981809E-5
76.5,101.5,1.1480488E-5
76.5,102.5,1.1768975E-5
76.5,103.5,1.2455747E-5
76.5,104.5,1.168916E-5
76.5,105.5,1.0696122E-5
76.5,106.5,9.816064E-6
76.5,107.5,9.971511E-6
76.5,108.5,9.9506715E-6
76.5,109.5,1.0050535E-5
76.5,110.5,1.0531016E-5
76.5,111.5,1.0554065E-5
77.5,-112.5,5.616416E-6
77.5,-111.5,5.645094E-6
77.5,-87.5,5.086962E-6
77.5,-86.5,4.9225573E-6
77.5,-85.5,4.689218E-6
77.5,-84.5,4.5130087E-6
77.5,-83.5,4.4526323E-6
77.5,-82.5,4.67492E-6
77.5,-81.5,4.9407536E-6
77.5,-80.5,5.3519343E-6
77.5,-79.5,5.8931582E-6
77.5,-69.5,6.8433915E-6
77.5,-68.5,6.4936353E-6
77.5,-67.5,5.6516674E-6
77.5,-66.5,4.7549834E-6
77.5,-65.5,4.6791893E-6
77.5,-64.5,4.691844E-6
77.5,-63.5,4.3829978E-6
77.5,-62.5,3.9019837E-6
77.5,-61.5,3.6237552E-6
77.5,-60.5,3.289011E-6
77.5,-59.5,3.0512633E-6
77.5,-58.5,3.061555E-6
77.5,-57.5,3.0482433E-6
77.5,-56.5,3.0545787E-6
77.5,-55.5,2.9199757E-6
77.5,-54.5,2.745434E-6
77.5,-53.5,2.6374405E-6
77.5,-52.5,2.5836075E-6
77.5,-51.5,2.5840484E-6
77.5,-50.5,2.560325E-6
77.5,-49.5,2.61945E-6
77.5,-48.5,2.6862438E-6
77.5,-47.5,2.7408105E-6
77.5,-46.5,2.7906854E-6
77.5,-45.5,2.864316E-6
77.5,-44.5,2.9528624E-6
77.5,-43.5,2.9962393E-6
77.5,-42.5,2.916851E-6
77.5,-41.5,2.6709276E-6
77.5,-40.5,2.6730797E-6
77.5,-39.5,2.8211048E-6
77.5,-38.5,3.2506032E-6
77.5,-37.5,4.034053E-6
77.5,-36.5,4.4750223E-6
77.5,-35.5,4.658831E-6
77.5,-34.5,4.8297024E-6
77.5,-33.5,5.0254785E-6
77.5,-32.5,5.280184E-6
77.5,-31.5,5.447673E-6
77.5,-30.5,5.854777E-6
77.5,-29.5,6.6168236E-6
77.5,-28.5,7.4375253E-6
77.5,-27.5,8.300767E-6
77.5,-26.5,9.609573E-6
77.5,-25.5,1.1537191E-5
77.5,-24.5,1.3337231E-5
77.5,-23.5,1.4814777E-5
77.5,-22.5,1.4826365E-5
77.5,-21.5,1.47589235E-5
77.5,-20.5,1.4744377E-5
77.5,15.5,1.6559454E-5
77.5,103.5,1.5347849E-5
77.5,104.5,1.4099414E-5
78.5,-110.5,5.3162535E-6
78.5,-103.5,5.1466523E-6
78.5,-102.5,5.306087E-6
78.5,-101.5,5.481523E-6
78.5,-100.5,5.555029E-6
78.5,-97.5,5.982982E-6
78.5,-96.5,6.2980002E-6
78.5,-92.5,4.336458E-6
78.5,-91.5,4.144187E-6
78.5,-90.5,4.0338687E-6
78.5,-89.5,4.1900457E-6
78.5,-88.5,4.349534E-6
78.5,-86.5,4.5198335E-6
78.5,-85.5,4.4135295E-6
78.5,-84.5,4.2193947E-6
78.5,-83.5,4.1891167E-6
78.5,-82.5,4.6119185E-6
78.5,-81.5,4.96613E-6
78.5,-80.5,4.89412E-6
78.5,-79.5,4.6752857E-6
78.5,-78.5,4.523571E-6
78.5,-77.5,4.55453E-6
78.5,-76.5,4.669298E-6
78.5,-71.5,5.3362214E-6
78.5,-70.5,4.8236775E-6
78.5,-69.5,4.2879383E-6
78.5,-68.5,3.831568E-6
78.5,-67.5,3.449783E-6
78.5,-66.5,3.1136697E-6
78.5,-65.5,3.2712796E-6
78.5,-64.5,3.5528674E-6
78.5,-63.5,3.7810191E-6
78.5,-62.5,3.6347258E-6
78.5,-61.5,3.466601E-6
78.5,-60.5,3.2914E-6
78.5,-59.5,3.242049E-6
78.5,-58.5,3.020869E-6
78.5,-57.5,2.8748293E-6
78.5,-56.5,2.7504998E-6
78.5,-55.5,2.6856235E-6
78.5,-54.5,2.5452364E-6
78.5,-53.5,2.5127183E-6
78.5,-52.5,2.510553E-6
78.5,-51.5,2.5301222E-6
78.5,-50.5,2.564199E-6
78.5,-49.5,2.603259E-6
78.5,-48.5,2.5898578E-6
78.5,-47.5,2.563981E-6
78.5,-46.5,2.4562237E-6
78.5,-45.5,2.443459E-6
78.5,-44.5,2.4038704E-6
78.5,-43.5,2.3554073E-6
78.5,-42.5,2.240032E-6
78.5,-41.5,2.205133E-6
78.5,-40.5,2.2389095E-6
78.5,-39.5,2.2933662E-6
78.5,-38.5,2.4316173E-6
78.5,-37.5,2.7012004E-6
78.5,-36.5,2.9570958E-6
78.5,-35.5,3.1154777E-6
78.5,-34.5,3.3088688E-6
78.5,-33.5,3.3563585E-6
78.5,-32.5,3.5863418E-6
78.5,-31.5,3.82459E-6
78.5,-30.5,5.042013E-6
78.5,-29.5,5.9321537E-6
78.5,-28.5,7.0660944E-6
78.5,-27.5,7.944966E-6
78.5,-26.5,8.856169E-6
78.5,-25.5,9.87109E-6
78.5,-24.5,1.1284573E-5
78.5,-23.5,1.3310262E-5
78.5,-22.5,1.4237931E-5
78.5,-21.5,1.4819751E-5
78.5,13.5,1.6800816E-5
78.5,15.5,1.3133197E-5
78.5,16.5,1.2054393E-5
78.5,17.5,1.2087032E-5
78.5,18.5,1.2250455E-5
79.5,-95.5,5.8060737E-6
79.5,-94.5,4.868328E-6
79.5,-93.5,4.1671756E-6
79.5,-92.5,3.7137033E-6
79.5,-91.5,3.4351715E-6
79.5,-90.5,3.3739564E-6
79.5,-89.5,3.4232482E-6
79.5,-88.5,3.5880978E-6
79.5,-87.5,3.7734878E-6
79.5,-86.5,3.968828E-6
79.5,-85.5,4.0477253E-6
79.5,-84.5,3.992539E-6
79.5,-83.5,4.0933483E-6
79.5,-82.5,4.6517625E-6
79.5,-81.5,5.1952493E-6
79.5,-80.5,5.338173E-6
79.5,-79.5,5.3162025E-6
79.5,-78.5,5.2423584E-6
79.5,-77.5,4.874153E-6
79.5,-76.5,4.5170527E-6
79.5,-75.5,4.7377853E-6
79.5,-64.5,5.110019E-6
79.5,-63.5,4.9736564E-6
79.5,-62.5,4.3834525E-6
79.5,-61.5,4.0806726E-6
79.5,-60.5,3.6051633E-6
79.5,-59.5,3.4212492E-6
79.5,-58.5,3.183478E-6
79.5,-57.5,3.2389041E-6
79.5,-56.5,3.1948034E-6
79.5,-55.5,3.0912502E-6
79.5,-54.5,2.8556585E-6
79.5,-53.5,2.7938895E-6
79.5,-52.5,3.0158028E-6
79.5,-51.5,3.2032244E-6
79.5,-50.5,3.2785965E-6
79.5,-49.5,3.245778E-6
79.5,-48.5,3.186265E-6
79.5,-47.5,3.0974852E-6
79.5,-46.5,2.9667503E-6
79.5,-45.5,2.8746413E-6
79.5,-44.5,2.7703688E-6
79.5,-43.5,2.6502428E-6
79.5,-42.5,2.581163E-6
79.5,-41.5,2.5418733E-6
79.5,-40.5,2.5687978E-6
79.5,-39.5,2.5793765E-6
79.5,-38.5,2.6417847E-6
79.5,-37.5,2.7963513E-6
79.5,-36.5,2.9099872E-6
79.5,-35.5,3.0390343E-6
79.5,-34.5,3.3050724E-6
79.5,-33.5,3.5494122E-6
79.5,-32.5,3.9745037E-6
79.5,-31.5,4.1669355E-6
79.5,-30.5,5.536392E-6
79.5,-29.5,6.6254247E-6
79.5,-28.5,8.033535E-6
79.5,-27.5,8.695772E-6
79.5,-26.5,9.487073E-6
79.5,-25.5,1.045688E-5
79.5,-24.5,1.1148725E-5
79.5,-23.5,1.2067148E-5
79.5,-22.5,1.2447798E-5
79.5,-21.5,1.2566526E-5
79.5,14.5,1.2676303E-5
79.5,16.5,1.1459036E-5
79.5,23.5,1.3644499E-5
79.5,24.5,1.3852864E-5
79.5,96.5,9.284759E-6
79.5,97.5,1.0505369E-5
79.5,98.5,1.220573E-5
80.5,-95.5,5.39941E-6
80.5,-94.5,4.891483E-6
80.5,-93.5,4.6796067E-6
80.5,-92.5,4.4803096E-6
80.5,-91.5,4.4501157E-6
80.5,-88.5,5.111899E-6
80.5,-86.5,5.0949293E-6
80.5,-85.5,4.9759383E-6
80.5,-84.5,4.7068606E-6
80.5,-82.5,5.5837713E-6
80.5,-81.5,6.2937315E-6
80.5,-80.5,6.0424463E-6
80.5,-79.5,5.406223E-6
80.5,-78.5,4.9020027E-6
80.5,-77.5,4.2642864E-6
80.5,-76.5,3.7174102E-6
80.5,-75.5,3.3386707E-6
80.5,-74.5,3.1972213E-6
80.5,-73.5,3.1471982E-6
80.5,-72.5,3.4141792E-6
80.5,-71.5,3.6982906E-6
80.5,-70.5,3.8709045E-6
80.5,-69.5,3.6391891E-6
80.5,-66.5,3.5566482E-6
80.5,-65.5,3.620345E-6
80.5,-64.5,3.7533887E-6
80.5,-63.5,3.7146103E-6
80.5,-62.5,3.6578988E-6
80.5,-61.5,3.586045E-6
80.5,-60.5,3.5397657E-6
80.5,-59.5,3.4890957E-6
80.5,-58.5,3.5436938E-6
80.5,-57.5,3.6110064E-6
80.5,-56.5,3.7710101E-6
80.5,-55.5,3.5164135E-6
80.5,-54.5,3.0953986E-6
80.5,-53.5,2.93962E-6
80.5,-52.5,3.2767948E-6
80.5,-51.5,3.8157514E-6
80.5,-50.5,3.9831716E-6
80.5,-49.5,3.91008E-6
80.5,-48.5,3.8611765E-6
80.5,-47.5,3.6760994E-6
80.5,-46.5,3.479837E-6
80.5,-45.5,3.2778912E-6
80.5,-44.5,3.168571E-6
80.5,-43.5,2.974227E-6
80.5,-42.5,2.8801367E-6
80.5,-41.5,2.7608853E-6
80.5,-40.5,2.8294762E-6
80.5,-39.5,2.9011262E-6
80.5,-38.5,3.011228E-6
80.5,-37.5,3.1246834E-6
80.5,-36.5,3.3469332E-6
80.5,-35.5,3.4584307E-6
80.5,-34.5,3.6232823E-6
80.5,-33.5,3.759785E-6
80.5,-32.5,3.992382E-6
80.5,-31.5,4.369918E-6
80.5,-30.5,5.0619824E-6
80.5,-29.5,6.0026778E-6
80.5,-28.5,7.194977E-6
80.5,-27.5,8.502371E-6
80.5,-26.5,9.345165E-6
80.5,-25.5,1.0270967E-5
80.5,-24.5,1.08608465E-5
80.5,-23.5,1.1289754E-5
80.5,-22.5,1.130327E-5
80.5,-21.5,1.1131277E-5
80.5,-20.5,1.1125114E-5
80.5,-19.5,1.1010131E-5
80.5,-18.5,1.1499934E-5
80.5,-17.5,1.1855521E-5
80.5,57.5,1.2456876E-5
80.5,60.5,1.32261675E-5
80.5,92.5,9.751773E-6
80.5,93.5,9.227887E-6
80.5,94.5,9.159625E-6
80.5,95.5,9.709585E-6
80.5,96.5,1.0259967E-5
81.5,-89.5,4.2978904E-6
81.5,-88.5,3.939552E-6
81.5,-87.5,3.7199434E-6
81.5,-86.5,3.5629046E-6
81.5,-85.5,3.3092879E-6
81.5,-84.5,3.127956E-6
81.5,-83.5,3.1944244E-6
81.5,-82.5,3.723668E-6
81.5,-81.5,4.3334885E-6
81.5,-80.5,4.327617E-6
81.5,-79.5,4.192197E-6
81.5,-78.5,4.0190353E-6
81.5,-77.5,4.1006474E-6
81.5,-76.5,4.076352E-6
81.5,-75.5,4.171446E-6
81.5,-74.5,4.163748E-6
81.5,-73.5,4.190018E-6
81.5,-72.5,4.295721E-6
81.5,-71.5,4.3063787E-6
81.5,-70.5,4.0008513E-6
81.5,-69.5,3.6886518E-6
81.5,-68.5,3.5175326E-6
81.5,-67.5,3.712558E-6
81.5,-66.5,3.9794263E-6
81.5,-65.5,4.1757244E-6
81.5,-61.5,4.6221257E-6
81.5,-60.5,4.470126E-6
81.5,-59.5,4.2707497E-6
81.5,-58.5,4.2057327E-6
81.5,-57.5,4.5234983E-6
81.5,-56.5,4.9646637E-6
81.5,-55.5,4.8100346E-6
81.5,-54.5,4.447388E-6
81.5,-53.5,4.517468E-6
81.5,-52.5,5.4465554E-6
81.5,-51.5,6.5803392E-6
81.5,-50.5,6.7674355E-6
81.5,-49.5,7.051446E-6
81.5,-48.5,6.950625E-6
81.5,-47.5,6.880594E-6
81.5,-46.5,6.529487E-6
81.5,-45.5,6.4215187E-6
81.5,-44.5,5.8993323E-6
81.5,-43.5,5.255888E-6
81.5,-42.5,5.0635695E-6
81.5,-41.5,4.552666E-6
81.5,-40.5,4.5797447E-6
81.5,-39.5,4.349045E-6
81.5,-38.5,4.6362916E-6
81.5,-37.5,5.061857E-6
81.5,-36.5,5.562237E-6
81.5,-35.5,6.0588054E-6
81.5,-34.5,6.6917037E-6
81.5,-33.5,7.2214434E-6
81.5,-32.5,7.5765606E-6
81.5,-31.5,7.964943E-6
81.5,-30.5,8.368282E-6
81.5,-29.5,8.813483E-6
81.5,-28.5,9.160841E-6
81.5,-27.5,9.9461695E-6
81.5,-26.5,1.046686E-5
81.5,-25.5,1.0746665E-5
81.5,-24.5,1.1398184E-5
81.5,-23.5,1.1723062E-5
81.5,-21.5,1.2257394E-5
81.5,-18.5,1.0763101E-5
81.5,-17.5,1.1400167E-5
81.5,-16.5,1.2360624E-5
81.5,-15.5,1.2790623E-5
81.5,-14.5,1.2857514E-5
82.5,-82.5,5.6196277E-6
82.5,-81.5,5.6311774E-6
82.5,-80.5,5.2458154E-6
82.5,-79.5,4.4671374E-6
82.5,-78.5,3.8521434E-6
82.5,-77.5,3.6842669E-6
82.5,-76.5,3.4215584E-6
82.5,-75.5,3.4106044E-6
82.5,-74.5,3.3069061E-6
82.5,-73.5,3.3608462E-6
82.5,-72.5,3.4928478E-6
82.5,-71.5,3.5581445E-6
82.5,-70.5,3.7001919E-6
82.5,-69.5,3.873333E-6
82.5,-68.5,3.9075367E-6
82.5,-67.5,4.0637296E-6
82.5,-66.5,4.2589136E-6
82.5,-65.5,4.49918E-6
82.5,-64.5,4.7124854E-6
82.5,-47.5,7.641604E-6
82.5,-46.5,7.467123E-6
82.5,-45.5,7.2400303E-6
82.5,-44.5,6.7589535E-6
82.5,-43.5,6.5940044E-6
82.5,-42.5,6.623557E-6
82.5,-41.5,6.550202E-6
82.5,-40.5,6.6201987E-6
82.5,-39.5,6.5276295E-6
82.5,-38.5,6.58307E-6
82.5,-37.5,6.8207733E-6
82.5,-36.5,7.0214433E-6
82.5,-35.5,7.1769105E-6
82.5,-34.5,7.437112E-6
82.5,-33.5,7.669692E-6
82.5,-32.5,7.883112E-6
82.5,-31.5,8.023679E-6
82.5,-30.5,8.257005E-6
82.5,-29.5,8.620631E-6
82.5,-28.5,9.187257E-6
82.5,-27.5,1.0197793E-5
82.5,-26.5,1.0900377E-5
82.5,-25.5,1.1518643E-5
82.5,-24.5,1.20749955E-5
83.5,-36.5,8.698063E-6
83.5,-34.5,9.001719E-6
