lat,lon,GLDAS_NOAH10_M_2_1_SoilMoi10_40cm_inst
-54.5,-71.5,80.23846
-54.5,-70.5,103.87543
-54.5,-69.5,141.6748
-54.5,-68.5,81.83409
-54.5,-67.5,79.52836
-54.5,-66.5,78.88729
-53.5,-72.5,89.032616
-53.5,-71.5,79.3417
-53.5,-69.5,74.797485
-53.5,-68.5,65.31853
-52.5,-73.5,85.49202
-52.5,-72.5,87.19212
-52.5,-71.5,81.03039
-52.5,-70.5,74.60804
-52.5,-69.5,71.29182
-51.5,-73.5,128.90439
-51.5,-72.5,92.27088
-51.5,-71.5,79.94645
-51.5,-70.5,74.56105
-51.5,-69.5,73.90329
-51.5,-58.5,77.073235
-50.5,-74.5,82.563255
-50.5,-73.5,240.62161
-50.5,-72.5,92.9842
-50.5,-71.5,82.71398
-50.5,-70.5,75.36894
-50.5,-69.5,73.73841
-49.5,-74.5,85.29494
-49.5,-73.5,300.0
-49.5,-72.5,91.50738
-49.5,-71.5,80.93319
-49.5,-70.5,78.20824
-49.5,-69.5,71.36559
-49.5,-68.5,69.17301
-48.5,-74.5,82.18904
-48.5,-73.5,232.13458
-48.5,-72.5,93.74091
-48.5,-71.5,82.73545
-48.5,-70.5,75.949295
-48.5,-69.5,68.97135
-48.5,-68.5,66.939575
-48.5,-67.5,69.58795
-47.5,-73.5,164.62645
-47.5,-72.5,93.270515
-47.5,-71.5,89.06963
-47.5,-70.5,79.07216
-47.5,-69.5,72.11827
-47.5,-68.5,67.76094
-47.5,-67.5,63.549854
-47.5,-66.5,63.54553
-46.5,-74.5,82.23735
-46.5,-73.5,168.21758
-46.5,-72.5,91.39381
-46.5,-71.5,87.96292
-46.5,-70.5,78.71846
-46.5,-69.5,73.70336
-46.5,-68.5,67.60869
-46.5,-67.5,68.356766
-46.5,168.5,86.37186
-46.5,169.5,81.662964
-45.5,-73.5,89.14075
-45.5,-72.5,95.89339
-45.5,-71.5,82.94588
-45.5,-70.5,78.95749
-45.5,-69.5,75.54041
-45.5,-68.5,71.927635
-45.5,-67.5,66.98566
-45.5,167.5,81.62683
-45.5,168.5,82.54769
-45.5,169.5,78.053955
-45.5,170.5,78.19774
-44.5,-72.5,88.00614
-44.5,-71.5,91.28854
-44.5,-70.5,73.31949
-44.5,-69.5,73.21343
-44.5,-68.5,71.09979
-44.5,-67.5,67.14214
-44.5,-66.5,59.019405
-44.5,-65.5,64.42891
-44.5,168.5,82.73805
-44.5,169.5,85.74292
-44.5,170.5,82.181175
-43.5,-72.5,87.567535
-43.5,-71.5,109.36598
-43.5,-70.5,80.678116
-43.5,-69.5,79.01705
-43.5,-68.5,73.99394
-43.5,-67.5,72.48052
-43.5,-66.5,68.16778
-43.5,-65.5,65.127
-43.5,146.5,78.43544
-43.5,170.5,81.64912
-43.5,171.5,76.29286
-43.5,172.5,86.406136
-42.5,-73.5,92.025635
-42.5,-72.5,86.31821
-42.5,-71.5,105.97131
-42.5,-70.5,77.13017
-42.5,-69.5,80.373665
-42.5,-68.5,72.99352
-42.5,-67.5,70.51939
-42.5,-66.5,67.2853
-42.5,-65.5,63.66584
-42.5,145.5,77.35875
-42.5,146.5,74.77756
-42.5,147.5,73.26799
-42.5,171.5,83.46321
-42.5,172.5,75.2065
-42.5,173.5,79.50405
-41.5,-73.5,87.65975
-41.5,-72.5,82.10197
-41.5,-71.5,84.09176
-41.5,-70.5,82.28962
-41.5,-69.5,80.509674
-41.5,-68.5,70.969894
-41.5,-67.5,68.165184
-41.5,-66.5,63.620144
-41.5,-65.5,66.62402
-41.5,145.5,75.97931
-41.5,146.5,79.18496
-41.5,147.5,65.98348
-41.5,172.5,77.662895
-41.5,173.5,75.21986
-40.5,-73.5,94.366295
-40.5,-72.5,76.680275
-40.5,-71.5,76.42346
-40.5,-70.5,71.681114
-40.5,-69.5,79.04219
-40.5,-68.5,71.01029
-40.5,-67.5,71.10224
-40.5,-66.5,68.22086
-40.5,-65.5,85.35565
-40.5,-64.5,62.628727
-40.5,-63.5,58.8169
-40.5,-62.5,54.397533
-40.5,175.5,83.95154
-40.5,176.5,84.95002
-39.5,-72.5,78.20489
-39.5,-71.5,70.57256
-39.5,-70.5,69.74906
-39.5,-69.5,72.27585
-39.5,-68.5,73.75421
-39.5,-67.5,70.587234
-39.5,-66.5,63.46327
-39.5,-65.5,63.469982
-39.5,-64.5,62.786617
-39.5,-63.5,57.842773
-39.5,-62.5,51.250484
-39.5,174.5,86.57664
-39.5,175.5,83.22659
-39.5,176.5,84.916405
-38.5,-72.5,73.445404
-38.5,-71.5,65.60396
-38.5,-70.5,71.999306
-38.5,-69.5,71.7927
-38.5,-68.5,72.0837
-38.5,-67.5,71.61016
-38.5,-66.5,66.900536
-38.5,-65.5,78.84096
-38.5,-64.5,54.58593
-38.5,-63.5,48.20209
-38.5,-62.5,55.230957
-38.5,-61.5,61.029106
-38.5,-60.5,62.867104
-38.5,-59.5,65.52505
-38.5,-58.5,67.73698
-38.5,143.5,63.095703
-38.5,145.5,69.629715
-38.5,146.5,74.70879
-38.5,175.5,66.83654
-38.5,176.5,79.36401
-38.5,177.5,77.18665
-37.5,-73.5,64.67149
-37.5,-72.5,63.642246
-37.5,-71.5,62.358727
-37.5,-70.5,67.06979
-37.5,-69.5,71.98753
-37.5,-68.5,74.32244
-37.5,-67.5,67.03666
-37.5,-66.5,66.02378
-37.5,-65.5,61.23403
-37.5,-64.5,53.49774
-37.5,-63.5,47.5913
-37.5,-62.5,55.937397
-37.5,-61.5,56.76456
-37.5,-60.5,74.91404
-37.5,-59.5,78.90431
-37.5,-58.5,77.62969
-37.5,-57.5,83.45963
-37.5,140.5,49.782867
-37.5,141.5,49.931408
-37.5,142.5,52.12829
-37.5,143.5,54.129646
-37.5,144.5,65.22578
-37.5,145.5,71.10977
-37.5,146.5,69.28353
-37.5,147.5,74.17104
-37.5,148.5,74.505486
-37.5,149.5,73.40818
-37.5,175.5,80.929405
-36.5,-72.5,56.3851
-36.5,-71.5,59.294144
-36.5,-70.5,68.80644
-36.5,-69.5,75.053085
-36.5,-68.5,75.293106
-36.5,-67.5,66.488846
-36.5,-66.5,54.935463
-36.5,-65.5,56.04102
-36.5,-64.5,48.060932
-36.5,-63.5,47.77965
-36.5,-62.5,49.404232
-36.5,-61.5,69.76879
-36.5,-60.5,74.83051
-36.5,-59.5,76.974236
-36.5,-58.5,77.68339
-36.5,-57.5,78.06575
-36.5,140.5,45.405354
-36.5,141.5,51.089584
-36.5,142.5,65.77414
-36.5,143.5,48.982235
-36.5,144.5,50.488476
-36.5,145.5,54.91744
-36.5,146.5,63.235542
-36.5,147.5,84.410774
-36.5,148.5,89.70748
-36.5,149.5,75.12145
-36.5,174.5,79.13585
-35.5,-71.5,73.2094
-35.5,-70.5,71.87803
-35.5,-69.5,90.76828
-35.5,-68.5,69.10131
-35.5,-67.5,62.038643
-35.5,-66.5,55.613605
-35.5,-65.5,51.66395
-35.5,-64.5,46.80162
-35.5,-63.5,46.530895
-35.5,-62.5,74.47825
-35.5,-61.5,59.91358
-35.5,-60.5,64.172165
-35.5,-59.5,80.53014
-35.5,-58.5,64.25494
-35.5,-57.5,81.83118
-35.5,139.5,49.939278
-35.5,140.5,50.175213
-35.5,141.5,52.71857
-35.5,142.5,47.89566
-35.5,143.5,45.30153
-35.5,144.5,60.950935
-35.5,145.5,54.78367
-35.5,146.5,56.66034
-35.5,147.5,57.938892
-35.5,148.5,62.80503
-35.5,149.5,73.01336
-35.5,173.5,76.324776
-34.5,-71.5,64.00043
-34.5,-70.5,70.162796
-34.5,-69.5,67.33187
-34.5,-68.5,61.21425
-34.5,-67.5,55.35276
-34.5,-66.5,55.147213
-34.5,-65.5,55.3112
-34.5,-64.5,42.791485
-34.5,-63.5,49.873737
-34.5,-62.5,74.58607
-34.5,-61.5,58.86695
-34.5,-60.5,81.8202
-34.5,-59.5,85.89807
-34.5,-58.5,104.15575
-34.5,-56.5,95.29311
-34.5,-55.5,99.60198
-34.5,-54.5,72.63293
-34.5,19.5,48.372807
-34.5,20.5,51.743893
-34.5,116.5,61.638813
-34.5,117.5,54.91061
-34.5,118.5,52.20492
-34.5,135.5,39.75818
-34.5,138.5,41.660454
-34.5,139.5,53.078857
-34.5,140.5,51.36584
-34.5,141.5,52.363792
-34.5,142.5,54.43636
-34.5,143.5,68.419044
-34.5,144.5,76.90309
-34.5,145.5,58.695457
-34.5,146.5,51.37866
-34.5,147.5,49.206783
-34.5,148.5,52.139015
-34.5,149.5,61.406845
-34.5,150.5,69.77574
-33.5,-71.5,61.204815
-33.5,-70.5,97.053246
-33.5,-69.5,66.73387
-33.5,-68.5,53.721615
-33.5,-67.5,58.792374
-33.5,-66.5,59.470722
-33.5,-65.5,80.70456
-33.5,-64.5,45.91007
-33.5,-63.5,53.9004
-33.5,-62.5,55.764027
-33.5,-61.5,78.643684
-33.5,-60.5,82.71813
-33.5,-59.5,87.26445
-33.5,-58.5,93.20118
-33.5,-57.5,95.40062
-33.5,-56.5,98.00563
-33.5,-55.5,79.833305
-33.5,-54.5,79.42456
-33.5,-53.5,85.830154
-33.5,18.5,36.878895
-33.5,19.5,52.695473
-33.5,20.5,59.17838
-33.5,21.5,59.226578
-33.5,22.5,56.68563
-33.5,23.5,54.524437
-33.5,24.5,56.84706
-33.5,25.5,53.27454
-33.5,26.5,51.37421
-33.5,115.5,51.195663
-33.5,116.5,55.090446
-33.5,117.5,61.33327
-33.5,118.5,58.29941
-33.5,119.5,52.832764
-33.5,120.5,51.642044
-33.5,121.5,48.29566
-33.5,122.5,44.64013
-33.5,123.5,50.606438
-33.5,135.5,42.390884
-33.5,136.5,39.265656
-33.5,138.5,39.214325
-33.5,139.5,59.669193
-33.5,140.5,52.01645
-33.5,141.5,55.08688
-33.5,142.5,56.76229
-33.5,143.5,57.751183
-33.5,144.5,72.80746
-33.5,145.5,57.71354
-33.5,146.5,47.461174
-33.5,147.5,48.617035
-33.5,148.5,53.910587
-33.5,149.5,58.537857
-33.5,150.5,62.270164
-32.5,-70.5,71.982285
-32.5,-69.5,61.366657
-32.5,-68.5,74.74106
-32.5,-67.5,58.615112
-32.5,-66.5,54.009705
-32.5,-65.5,58.369705
-32.5,-64.5,50.28755
-32.5,-63.5,52.82909
-32.5,-62.5,55.844963
-32.5,-61.5,78.1154
-32.5,-60.5,79.66069
-32.5,-59.5,89.207245
-32.5,-58.5,94.63496
-32.5,-57.5,100.38799
-32.5,-56.5,100.98157
-32.5,-55.5,80.74827
-32.5,-54.5,80.78283
-32.5,-53.5,84.04999
-32.5,18.5,41.731388
-32.5,19.5,57.891068
-32.5,20.5,56.196075
-32.5,21.5,65.03731
-32.5,22.5,65.25142
-32.5,23.5,62.7864
-32.5,24.5,62.603592
-32.5,25.5,59.948982
-32.5,26.5,56.543743
-32.5,27.5,56.946857
-32.5,28.5,58.331463
-32.5,116.5,52.420128
-32.5,117.5,56.659042
-32.5,118.5,49.247704
-32.5,119.5,46.884514
-32.5,120.5,51.934036
-32.5,121.5,56.536674
-32.5,122.5,51.262875
-32.5,123.5,57.914703
-32.5,124.5,65.05398
-32.5,125.5,65.860344
-32.5,134.5,45.93715
-32.5,135.5,51.638157
-32.5,136.5,54.67624
-32.5,137.5,53.66695
-32.5,138.5,41.235664
-32.5,139.5,57.344147
-32.5,140.5,54.995934
-32.5,141.5,53.076424
-32.5,142.5,56.93045
-32.5,143.5,56.15694
-32.5,144.5,54.457584
-32.5,145.5,55.379173
-32.5,146.5,59.145924
-32.5,147.5,54.516403
-32.5,148.5,52.640568
-32.5,149.5,63.69347
-32.5,150.5,61.97341
-32.5,151.5,69.19358
-31.5,-71.5,82.81012
-31.5,-70.5,70.03497
-31.5,-69.5,56.67199
-31.5,-68.5,55.780212
-31.5,-67.5,57.23537
-31.5,-66.5,55.085194
-31.5,-65.5,55.339672
-31.5,-64.5,54.278965
-31.5,-63.5,45.651905
-31.5,-62.5,70.42203
-31.5,-61.5,72.585304
-31.5,-60.5,84.75021
-31.5,-59.5,91.1705
-31.5,-58.5,98.930954
-31.5,-57.5,102.92058
-31.5,-56.5,100.16324
-31.5,-55.5,101.36255
-31.5,-54.5,96.95894
-31.5,-53.5,82.334656
-31.5,-52.5,84.69185
-31.5,18.5,44.948833
-31.5,19.5,49.17076
-31.5,20.5,57.776287
-31.5,21.5,58.37677
-31.5,22.5,55.691463
-31.5,23.5,57.75725
-31.5,24.5,57.812912
-31.5,25.5,61.825134
-31.5,26.5,59.735096
-31.5,27.5,73.78115
-31.5,28.5,67.70996
-31.5,29.5,70.22962
-31.5,116.5,52.362377
-31.5,117.5,51.059395
-31.5,118.5,44.432007
-31.5,119.5,49.067886
-31.5,120.5,47.48127
-31.5,121.5,51.76849
-31.5,122.5,54.62358
-31.5,123.5,52.947765
-31.5,124.5,63.067978
-31.5,125.5,64.24298
-31.5,126.5,63.20215
-31.5,127.5,63.02756
-31.5,128.5,63.449505
-31.5,129.5,63.572384
-31.5,130.5,63.544365
-31.5,131.5,59.83147
-31.5,132.5,55.368446
-31.5,133.5,45.249832
-31.5,134.5,45.15949
-31.5,135.5,59.732586
-31.5,136.5,57.242897
-31.5,137.5,58.083813
-31.5,138.5,48.933777
-31.5,139.5,55.75067
-31.5,140.5,52.99958
-31.5,141.5,55.745045
-31.5,142.5,50.688175
-31.5,143.5,55.092415
-31.5,144.5,54.852943
-31.5,145.5,56.784824
-31.5,146.5,60.274895
-31.5,147.5,72.55966
-31.5,148.5,55.324207
-31.5,149.5,65.232155
-31.5,150.5,87.65959
-31.5,151.5,67.16353
-31.5,152.5,88.60605
-30.5,-71.5,73.05779
-30.5,-70.5,66.50776
-30.5,-69.5,54.983166
-30.5,-68.5,58.39403
-30.5,-67.5,49.90713
-30.5,-66.5,48.539318
-30.5,-65.5,53.00522
-30.5,-64.5,63.275658
-30.5,-63.5,45.629818
-30.5,-61.5,74.1537
-30.5,-60.5,82.38055
-30.5,-59.5,93.26094
-30.5,-58.5,101.33037
-30.5,-57.5,104.795616
-30.5,-56.5,102.81182
-30.5,-55.5,102.81543
-30.5,-54.5,75.73524
-30.5,-53.5,110.15468
-30.5,-52.5,109.78838
-30.5,-51.5,91.21092
-30.5,17.5,37.98251
-30.5,18.5,42.097557
-30.5,19.5,56.657303
-30.5,20.5,59.904747
-30.5,21.5,59.202053
-30.5,22.5,55.061905
-30.5,23.5,57.06922
-30.5,24.5,58.496075
-30.5,25.5,60.4475
-30.5,26.5,59.488686
-30.5,27.5,78.80292
-30.5,28.5,80.079315
-30.5,29.5,67.20727
-30.5,30.5,60.94619
-30.5,115.5,43.758987
-30.5,116.5,41.555923
-30.5,117.5,56.529507
-30.5,118.5,50.73717
-30.5,119.5,46.79228
-30.5,120.5,51.86333
-30.5,121.5,55.098362
-30.5,122.5,56.24363
-30.5,123.5,55.416996
-30.5,124.5,58.116665
-30.5,125.5,61.54773
-30.5,126.5,63.222176
-30.5,127.5,62.73564
-30.5,128.5,61.641876
-30.5,129.5,61.89376
-30.5,130.5,61.386524
-30.5,131.5,58.036533
-30.5,132.5,46.120747
-30.5,133.5,45.498524
-30.5,134.5,52.688484
-30.5,135.5,52.5865
-30.5,136.5,50.25868
-30.5,137.5,63.070908
-30.5,138.5,51.560852
-30.5,139.5,57.342384
-30.5,140.5,44.252186
-30.5,141.5,50.842194
-30.5,142.5,58.038322
-30.5,143.5,58.57047
-30.5,144.5,55.743893
-30.5,145.5,55.342167
-30.5,146.5,57.131527
-30.5,147.5,74.011894
-30.5,148.5,71.603584
-30.5,149.5,60.061085
-30.5,150.5,65.63037
-30.5,151.5,66.5059
-30.5,152.5,70.993256
-29.5,-70.5,60.74087
-29.5,-69.5,55.070023
-29.5,-68.5,57.085262
-29.5,-67.5,55.076035
-29.5,-66.5,50.07879
-29.5,-65.5,48.78173
-29.5,-64.5,69.26972
-29.5,-63.5,50.252808
-29.5,-62.5,51.287148
-29.5,-61.5,72.451096
-29.5,-60.5,79.96522
-29.5,-59.5,92.17594
-29.5,-58.5,99.75115
-29.5,-57.5,105.050125
-29.5,-56.5,104.45215
-29.5,-55.5,105.29632
-29.5,-54.5,79.775856
-29.5,-53.5,82.13469
-29.5,-52.5,119.067314
-29.5,-51.5,115.82577
-29.5,-50.5,109.657295
-29.5,17.5,35.565235
-29.5,18.5,39.281666
-29.5,19.5,48.371822
-29.5,20.5,56.19949
-29.5,21.5,50.570343
-29.5,22.5,50.34467
-29.5,23.5,54.18692
-29.5,24.5,52.96438
-29.5,25.5,56.15313
-29.5,26.5,56.01153
-29.5,27.5,75.8119
-29.5,28.5,82.71207
-29.5,29.5,89.969
-29.5,30.5,64.60336
-29.5,115.5,38.87896
-29.5,116.5,50.288628
-29.5,117.5,55.83566
-29.5,118.5,48.06641
-29.5,119.5,47.73433
-29.5,120.5,48.218872
-29.5,121.5,56.24604
-29.5,122.5,54.255863
-29.5,123.5,53.94035
-29.5,124.5,54.56008
-29.5,125.5,58.778755
-29.5,126.5,61.00678
-29.5,127.5,58.86744
-29.5,128.5,54.884197
-29.5,129.5,57.97344
-29.5,130.5,56.59368
-29.5,131.5,54.920822
-29.5,132.5,51.619175
-29.5,133.5,51.11113
-29.5,134.5,51.607956
-29.5,135.5,57.852783
-29.5,136.5,61.862095
-29.5,137.5,67.5937
-29.5,138.5,65.30322
-29.5,139.5,68.70883
-29.5,140.5,46.052853
-29.5,141.5,82.22655
-29.5,142.5,57.918568
-29.5,143.5,52.356148
-29.5,144.5,51.54128
-29.5,145.5,58.46
-29.5,146.5,75.634
-29.5,147.5,73.65916
-29.5,148.5,70.86209
-29.5,149.5,73.13875
-29.5,150.5,64.980194
-29.5,151.5,68.85027
-29.5,152.5,69.052895
-28.5,-70.5,51.54646
-28.5,-69.5,53.736156
-28.5,-68.5,57.4131
-28.5,-67.5,61.060425
-28.5,-66.5,71.96884
-28.5,-65.5,39.07339
-28.5,-64.5,50.45397
-28.5,-63.5,70.453896
-28.5,-62.5,54.55487
-28.5,-61.5,57.843224
-28.5,-60.5,85.98966
-28.5,-59.5,91.473785
-28.5,-58.5,97.447586
-28.5,-57.5,100.34866
-28.5,-56.5,102.09155
-28.5,-55.5,111.879684
-28.5,-54.5,110.5365
-28.5,-53.5,114.23047
-28.5,-52.5,117.805855
-28.5,-51.5,118.97823
-28.5,-50.5,109.14005
-28.5,-49.5,107.98896
-28.5,16.5,48.12253
-28.5,17.5,51.82518
-28.5,18.5,54.13622
-28.5,19.5,51.818474
-28.5,20.5,46.48566
-28.5,21.5,48.843678
-28.5,22.5,51.446102
-28.5,23.5,45.225063
-28.5,24.5,48.157784
-28.5,25.5,45.82267
-28.5,26.5,53.21634
-28.5,27.5,56.461414
-28.5,28.5,72.8859
-28.5,29.5,59.61385
-28.5,30.5,76.02706
-28.5,31.5,84.52525
-28.5,114.5,31.638014
-28.5,115.5,50.29497
-28.5,116.5,56.053776
-28.5,117.5,57.04761
-28.5,118.5,54.609722
-28.5,119.5,51.274876
-28.5,120.5,52.28297
-28.5,121.5,56.364437
-28.5,122.5,52.93757
-28.5,123.5,57.055206
-28.5,124.5,54.218754
-28.5,125.5,53.278748
-28.5,126.5,56.33371
-28.5,127.5,49.649662
-28.5,128.5,49.695435
-28.5,129.5,48.463097
-28.5,130.5,46.215214
-28.5,131.5,43.80134
-28.5,132.5,48.20055
-28.5,133.5,47.985878
-28.5,134.5,63.34445
-28.5,135.5,66.45982
-28.5,136.5,62.26968
-28.5,137.5,70.28158
-28.5,138.5,51.199436
-28.5,139.5,48.958878
-28.5,140.5,43.811726
-28.5,141.5,51.087997
-28.5,142.5,85.0005
-28.5,143.5,56.134834
-28.5,144.5,54.737473
-28.5,145.5,58.71308
-28.5,146.5,56.349064
-28.5,147.5,56.643295
-28.5,148.5,57.849174
-28.5,149.5,77.02771
-28.5,150.5,67.14532
-28.5,151.5,74.37948
-28.5,152.5,68.75891
-28.5,153.5,71.576836
-27.5,-70.5,47.62646
-27.5,-69.5,51.13103
-27.5,-68.5,66.98463
-27.5,-67.5,62.955494
-27.5,-66.5,81.22731
-27.5,-65.5,58.42963
-27.5,-64.5,47.866947
-27.5,-63.5,57.600643
-27.5,-62.5,53.22523
-27.5,-61.5,56.62673
-27.5,-60.5,71.65115
-27.5,-59.5,81.34086
-27.5,-58.5,98.81945
-27.5,-57.5,99.70089
-27.5,-56.5,103.30633
-27.5,-55.5,114.33284
-27.5,-54.5,114.13711
-27.5,-53.5,114.48204
-27.5,-52.5,115.98477
-27.5,-51.5,121.58262
-27.5,-50.5,111.12858
-27.5,-49.5,108.51121
-27.5,15.5,48.00638
-27.5,16.5,50.44322
-27.5,17.5,56.31549
-27.5,18.5,50.771313
-27.5,19.5,49.704285
-27.5,20.5,48.521378
-27.5,21.5,48.352688
-27.5,22.5,48.059612
-27.5,23.5,44.40253
-27.5,24.5,45.3707
-27.5,25.5,46.033104
-27.5,26.5,42.184814
-27.5,27.5,78.7886
-27.5,28.5,75.21224
-27.5,29.5,77.44906
-27.5,30.5,57.212494
-27.5,31.5,85.59014
-27.5,32.5,51.048943
-27.5,114.5,44.99548
-27.5,115.5,52.648903
-27.5,116.5,52.906677
-27.5,117.5,53.307346
-27.5,118.5,49.447517
-27.5,119.5,48.14351
-27.5,120.5,49.79575
-27.5,121.5,53.206455
-27.5,122.5,52.018085
-27.5,123.5,52.77021
-27.5,124.5,54.139175
-27.5,125.5,52.48594
-27.5,126.5,54.822773
-27.5,127.5,54.613064
-27.5,128.5,48.53003
-27.5,129.5,56.816322
-27.5,130.5,53.877735
-27.5,131.5,50.301674
-27.5,132.5,40.084682
-27.5,133.5,45.745853
-27.5,134.5,58.615215
-27.5,135.5,62.06853
-27.5,136.5,66.34628
-27.5,137.5,52.7309
-27.5,138.5,67.68168
-27.5,139.5,48.996796
-27.5,140.5,75.5597
-27.5,141.5,71.54811
-27.5,142.5,52.787537
-27.5,143.5,55.27686
-27.5,144.5,56.75357
-27.5,145.5,56.996284
-27.5,146.5,53.857185
-27.5,147.5,53.94338
-27.5,148.5,57.227345
-27.5,149.5,79.72563
-27.5,150.5,67.99989
-27.5,151.5,90.020195
-27.5,152.5,71.007065
-26.5,-70.5,44.5179
-26.5,-69.5,47.46353
-26.5,-68.5,66.10521
-26.5,-67.5,74.33602
-26.5,-66.5,76.051315
-26.5,-65.5,57.015854
-26.5,-64.5,52.037975
-26.5,-63.5,55.33891
-26.5,-62.5,57.650017
-26.5,-61.5,60.70273
-26.5,-60.5,72.252884
-26.5,-59.5,76.16151
-26.5,-58.5,97.807396
-26.5,-57.5,95.27277
-26.5,-56.5,82.77112
-26.5,-55.5,113.1994
-26.5,-54.5,113.97574
-26.5,-53.5,119.550476
-26.5,-52.5,120.0584
-26.5,-51.5,110.36236
-26.5,-50.5,109.33405
-26.5,-49.5,87.65439
-26.5,15.5,50.706413
-26.5,16.5,45.537384
-26.5,17.5,59.37275
-26.5,18.5,63.643433
-26.5,19.5,50.970085
-26.5,20.5,51.799877
-26.5,21.5,54.28165
-26.5,22.5,49.535114
-26.5,23.5,48.489635
-26.5,24.5,44.47413
-26.5,25.5,45.56048
-26.5,26.5,48.077343
-26.5,27.5,59.6553
-26.5,28.5,56.81008
-26.5,29.5,78.11175
-26.5,30.5,55.47629
-26.5,31.5,81.125824
-26.5,32.5,55.79729
-26.5,114.5,44.102192
-26.5,115.5,49.84767
-26.5,116.5,50.63722
-26.5,117.5,50.573475
-26.5,118.5,51.282238
-26.5,119.5,51.427097
-26.5,120.5,51.950424
-26.5,121.5,55.49101
-26.5,122.5,59.853176
-26.5,123.5,54.025322
-26.5,124.5,55.074566
-26.5,125.5,59.07619
-26.5,126.5,57.49699
-26.5,127.5,55.371334
-26.5,128.5,55.11526
-26.5,129.5,53.05816
-26.5,130.5,49.323654
-26.5,131.5,50.46321
-26.5,132.5,48.715416
-26.5,133.5,43.730305
-26.5,134.5,53.264854
-26.5,135.5,57.34752
-26.5,136.5,42.021713
-26.5,137.5,50.838898
-26.5,138.5,49.98844
-26.5,139.5,81.58288
-26.5,140.5,62.53296
-26.5,141.5,72.31403
-26.5,142.5,55.102776
-26.5,143.5,56.35596
-26.5,144.5,57.92894
-26.5,145.5,55.204304
-26.5,146.5,52.01072
-26.5,147.5,54.41936
-26.5,148.5,63.25626
-26.5,149.5,66.08354
-26.5,150.5,69.1478
-26.5,151.5,72.011505
-26.5,152.5,67.93588
-25.5,-70.5,41.63891
-25.5,-69.5,44.327095
-25.5,-68.5,64.87342
-25.5,-67.5,73.21724
-25.5,-66.5,75.64059
-25.5,-65.5,72.988945
-25.5,-64.5,69.13991
-25.5,-63.5,56.932247
-25.5,-62.5,55.101265
-25.5,-61.5,58.818233
-25.5,-60.5,70.523766
-25.5,-59.5,75.28452
-25.5,-58.5,96.51164
-25.5,-57.5,87.1383
-25.5,-56.5,83.686806
-25.5,-55.5,82.44045
-25.5,-54.5,112.305534
-25.5,-53.5,119.32388
-25.5,-52.5,119.10929
-25.5,-51.5,109.161606
-25.5,-50.5,106.92418
-25.5,-49.5,86.46209
-25.5,-48.5,87.31287
-25.5,15.5,38.564182
-25.5,16.5,45.172882
-25.5,17.5,58.811283
-25.5,18.5,60.509396
-25.5,19.5,51.335533
-25.5,20.5,55.51677
-25.5,21.5,58.09364
-25.5,22.5,50.17848
-25.5,23.5,48.749695
-25.5,24.5,44.870125
-25.5,25.5,45.301094
-25.5,26.5,48.390602
-25.5,27.5,54.852707
-25.5,28.5,50.729958
-25.5,29.5,58.214493
-25.5,30.5,48.41266
-25.5,31.5,56.30563
-25.5,32.5,41.599823
-25.5,45.5,53.06665
-25.5,114.5,48.180508
-25.5,115.5,58.070187
-25.5,116.5,54.601616
-25.5,117.5,51.803654
-25.5,118.5,52.443672
-25.5,119.5,54.36328
-25.5,120.5,57.30002
-25.5,121.5,60.20365
-25.5,122.5,62.500896
-25.5,123.5,56.01934
-25.5,124.5,59.33404
-25.5,125.5,60.975132
-25.5,126.5,56.351242
-25.5,127.5,51.515602
-25.5,128.5,53.917835
-25.5,129.5,51.628643
-25.5,130.5,47.291153
-25.5,131.5,47.28543
-25.5,132.5,46.015938
-25.5,133.5,45.931057
-25.5,134.5,40.808548
-25.5,135.5,39.021027
-25.5,136.5,36.56797
-25.5,137.5,42.069046
-25.5,138.5,45.330223
-25.5,139.5,68.25951
-25.5,140.5,84.14983
-25.5,141.5,52.532894
-25.5,142.5,71.27655
-25.5,143.5,56.6502
-25.5,144.5,56.673603
-25.5,145.5,68.868065
-25.5,146.5,68.356964
-25.5,147.5,56.866123
-25.5,148.5,61.035027
-25.5,149.5,87.860504
-25.5,150.5,67.46123
-25.5,151.5,70.75278
-25.5,152.5,69.25587
-24.5,-70.5,39.137985
-24.5,-69.5,43.388206
-24.5,-68.5,49.42305
-24.5,-67.5,73.26802
-24.5,-66.5,75.8967
-24.5,-65.5,55.75205
-24.5,-64.5,82.45984
-24.5,-63.5,71.919464
-24.5,-62.5,59.619587
-24.5,-61.5,59.55929
-24.5,-60.5,65.01991
-24.5,-59.5,69.26119
-24.5,-58.5,80.00147
-24.5,-57.5,86.33469
-24.5,-56.5,81.879845
-24.5,-55.5,82.928
-24.5,-54.5,111.287766
-24.5,-53.5,110.198044
-24.5,-52.5,116.33389
-24.5,-51.5,83.85288
-24.5,-50.5,83.044106
-24.5,-49.5,83.65508
-24.5,-48.5,84.76576
-24.5,-47.5,105.73046
-24.5,15.5,32.721653
-24.5,16.5,58.520462
-24.5,17.5,57.75843
-24.5,18.5,52.017723
-24.5,19.5,53.488262
-24.5,20.5,58.111065
-24.5,21.5,57.67671
-24.5,22.5,55.920708
-24.5,23.5,52.344193
-24.5,24.5,45.59254
-24.5,25.5,43.001842
-24.5,26.5,44.48159
-24.5,27.5,44.710533
-24.5,28.5,47.957012
-24.5,29.5,54.39237
-24.5,30.5,43.516876
-24.5,31.5,48.075775
-24.5,32.5,46.60809
-24.5,33.5,46.32141
-24.5,34.5,42.715622
-24.5,44.5,52.648613
-24.5,45.5,66.43919
-24.5,46.5,70.46023
-24.5,114.5,53.04291
-24.5,115.5,60.43433
-24.5,116.5,60.813824
-24.5,117.5,56.01941
-24.5,118.5,61.40682
-24.5,119.5,58.089787
-24.5,120.5,51.65422
-24.5,121.5,53.586468
-24.5,122.5,55.36359
-24.5,123.5,55.048454
-24.5,124.5,57.768795
-24.5,125.5,55.58264
-24.5,126.5,52.589954
-24.5,127.5,43.354282
-24.5,128.5,51.815838
-24.5,129.5,49.7114
-24.5,130.5,48.848175
-24.5,131.5,47.771587
-24.5,132.5,45.497623
-24.5,133.5,46.931248
-24.5,134.5,41.213478
-24.5,135.5,39.73321
-24.5,136.5,36.564026
-24.5,137.5,37.91432
-24.5,138.5,45.138824
-24.5,139.5,83.660904
-24.5,140.5,101.460945
-24.5,141.5,61.930763
-24.5,142.5,55.39638
-24.5,143.5,57.913654
-24.5,144.5,70.68752
-24.5,145.5,68.06632
-24.5,146.5,49.487976
-24.5,147.5,57.644352
-24.5,148.5,86.82967
-24.5,149.5,60.645
-24.5,150.5,65.82179
-24.5,151.5,67.68414
-23.5,-70.5,40.341396
-23.5,-69.5,44.047382
-23.5,-68.5,46.42349
-23.5,-67.5,61.943134
-23.5,-66.5,70.239334
-23.5,-65.5,71.32077
-23.5,-64.5,60.37958
-23.5,-63.5,62.42492
-23.5,-62.5,60.391468
-23.5,-61.5,56.932564
-23.5,-60.5,62.541466
-23.5,-59.5,68.63292
-23.5,-58.5,79.22906
-23.5,-57.5,84.21125
-23.5,-56.5,80.19522
-23.5,-55.5,81.63105
-23.5,-54.5,82.30675
-23.5,-53.5,82.01676
-23.5,-52.5,107.268814
-23.5,-51.5,107.91751
-23.5,-50.5,108.64927
-23.5,-49.5,106.57268
-23.5,-48.5,108.51754
-23.5,-47.5,65.85579
-23.5,-46.5,114.25368
-23.5,-45.5,101.10775
-23.5,14.5,45.97831
-23.5,15.5,59.913765
-23.5,16.5,54.760532
-23.5,17.5,52.571922
-23.5,18.5,54.684597
-23.5,19.5,57.897366
-23.5,20.5,52.860188
-23.5,21.5,54.921394
-23.5,22.5,52.06812
-23.5,23.5,50.178402
-23.5,24.5,46.248962
-23.5,25.5,44.570164
-23.5,26.5,46.37997
-23.5,27.5,41.360252
-23.5,28.5,40.67854
-23.5,29.5,45.85488
-23.5,30.5,48.078953
-23.5,31.5,47.913887
-23.5,32.5,48.78377
-23.5,33.5,49.253872
-23.5,34.5,42.596127
-23.5,44.5,61.795288
-23.5,45.5,69.42994
-23.5,46.5,71.77109
-23.5,47.5,75.45322
-23.5,114.5,55.061775
-23.5,115.5,61.852203
-23.5,116.5,61.658955
-23.5,117.5,66.99489
-23.5,118.5,64.93907
-23.5,119.5,62.596966
-23.5,120.5,54.99242
-23.5,121.5,53.9688
-23.5,122.5,57.780003
-23.5,123.5,53.087963
-23.5,124.5,56.431248
-23.5,125.5,57.355564
-23.5,126.5,49.32546
-23.5,127.5,42.62296
-23.5,128.5,45.120705
-23.5,129.5,49.48973
-23.5,130.5,51.04362
-23.5,131.5,51.54406
-23.5,132.5,50.71642
-23.5,133.5,51.57292
-23.5,134.5,51.11651
-23.5,135.5,48.21741
-23.5,136.5,39.110718
-23.5,137.5,39.481426
-23.5,138.5,43.961403
-23.5,139.5,93.36003
-23.5,140.5,105.271255
-23.5,141.5,103.03091
-23.5,142.5,62.19513
-23.5,143.5,81.412125
-23.5,144.5,80.8495
-23.5,145.5,52.558502
-23.5,146.5,54.13043
-23.5,147.5,60.407085
-23.5,148.5,85.10711
-23.5,149.5,80.20548
-23.5,150.5,66.77376
-22.5,-69.5,44.027367
-22.5,-68.5,48.19917
-22.5,-67.5,65.85851
-22.5,-66.5,65.33792
-22.5,-65.5,74.09942
-22.5,-64.5,63.464737
-22.5,-63.5,62.352554
-22.5,-62.5,58.167187
-22.5,-61.5,54.73576
-22.5,-60.5,60.841633
-22.5,-59.5,63.641113
-22.5,-58.5,79.93467
-22.5,-57.5,106.97776
-22.5,-56.5,80.45968
-22.5,-55.5,87.44115
-22.5,-54.5,107.90811
-22.5,-53.5,108.098175
-22.5,-52.5,77.18185
-22.5,-51.5,102.45956
-22.5,-50.5,102.48442
-22.5,-49.5,77.31753
-22.5,-48.5,78.202835
-22.5,-47.5,62.66477
-22.5,-46.5,76.53608
-22.5,-45.5,98.33431
-22.5,-44.5,99.23314
-22.5,-43.5,97.7922
-22.5,-42.5,95.16225
-22.5,14.5,56.849277
-22.5,15.5,61.614403
-22.5,16.5,49.950294
-22.5,17.5,51.383377
-22.5,18.5,52.623543
-22.5,19.5,50.351746
-22.5,20.5,53.734264
-22.5,21.5,54.843517
-22.5,22.5,52.04727
-22.5,23.5,46.303967
-22.5,24.5,50.087055
-22.5,25.5,48.211258
-22.5,26.5,43.2504
-22.5,27.5,45.548943
-22.5,28.5,47.224094
-22.5,29.5,53.751507
-22.5,30.5,47.006638
-22.5,31.5,48.240227
-22.5,32.5,46.48981
-22.5,33.5,49.15096
-22.5,34.5,45.589622
-22.5,43.5,33.94966
-22.5,44.5,47.786846
-22.5,45.5,69.26648
-22.5,46.5,71.254326
-22.5,47.5,75.98019
-22.5,114.5,55.00053
-22.5,115.5,64.455635
-22.5,116.5,60.84368
-22.5,117.5,59.25606
-22.5,118.5,64.15771
-22.5,119.5,66.8182
-22.5,120.5,66.1766
-22.5,121.5,58.441235
-22.5,122.5,58.73573
-22.5,123.5,56.17848
-22.5,124.5,56.289032
-22.5,125.5,55.96032
-22.5,126.5,50.589813
-22.5,127.5,54.16011
-22.5,128.5,60.921387
-22.5,129.5,55.404076
-22.5,130.5,51.050606
-22.5,131.5,50.521786
-22.5,132.5,49.647377
-22.5,133.5,47.587215
-22.5,134.5,54.476086
-22.5,135.5,49.46046
-22.5,136.5,48.353172
-22.5,137.5,56.097603
-22.5,138.5,58.92456
-22.5,139.5,63.194992
-22.5,140.5,101.73714
-22.5,141.5,101.44718
-22.5,142.5,92.22745
-22.5,143.5,83.62092
-22.5,144.5,84.973854
-22.5,145.5,57.688557
-22.5,146.5,60.60183
-22.5,147.5,86.991806
-22.5,148.5,87.02226
-22.5,149.5,69.407425
-21.5,-69.5,43.07246
-21.5,-68.5,55.68053
-21.5,-67.5,67.31348
-21.5,-66.5,67.66893
-21.5,-65.5,67.4015
-21.5,-64.5,61.223072
-21.5,-63.5,62.17165
-21.5,-62.5,58.446808
-21.5,-61.5,53.904274
-21.5,-60.5,60.23292
-21.5,-59.5,64.428986
-21.5,-58.5,77.78264
-21.5,-57.5,78.683304
-21.5,-56.5,77.99366
-21.5,-55.5,103.780975
-21.5,-54.5,102.90349
-21.5,-53.5,76.951
-21.5,-52.5,75.39341
-21.5,-51.5,71.86356
-21.5,-50.5,70.471214
-21.5,-49.5,56.14411
-21.5,-48.5,57.190784
-21.5,-47.5,102.612045
-21.5,-46.5,92.34173
-21.5,-45.5,90.776566
-21.5,-44.5,94.55793
-21.5,-43.5,95.48779
-21.5,-42.5,93.36709
-21.5,-41.5,86.51199
-21.5,14.5,59.25059
-21.5,15.5,53.854965
-21.5,16.5,46.716656
-21.5,17.5,39.98792
-21.5,18.5,45.670135
-21.5,19.5,48.053303
-21.5,20.5,54.413048
-21.5,21.5,51.808792
-21.5,22.5,53.1533
-21.5,23.5,54.292072
-21.5,24.5,50.570873
-21.5,25.5,48.476826
-21.5,26.5,45.892113
-21.5,27.5,47.74729
-21.5,28.5,48.98514
-21.5,29.5,53.403202
-21.5,30.5,43.09861
-21.5,31.5,69.557304
-21.5,32.5,43.694065
-21.5,33.5,47.298096
-21.5,34.5,48.437923
-21.5,44.5,44.95385
-21.5,45.5,65.98057
-21.5,46.5,68.61846
-21.5,47.5,74.04186
-21.5,115.5,63.729935
-21.5,116.5,63.37108
-21.5,117.5,63.178997
-21.5,118.5,68.257
-21.5,119.5,69.795906
-21.5,120.5,66.19058
-21.5,121.5,58.598907
-21.5,122.5,56.87979
-21.5,123.5,56.750824
-21.5,124.5,55.310448
-21.5,125.5,42.975597
-21.5,126.5,42.745277
-21.5,127.5,55.961
-21.5,128.5,57.49846
-21.5,129.5,54.324318
-21.5,130.5,50.904385
-21.5,131.5,50.264366
-21.5,132.5,47.4847
-21.5,133.5,49.42635
-21.5,134.5,49.622482
-21.5,135.5,50.22548
-21.5,136.5,52.92956
-21.5,137.5,83.622955
-21.5,138.5,88.40145
-21.5,139.5,66.071075
-21.5,140.5,63.68363
-21.5,141.5,98.261024
-21.5,142.5,96.60235
-21.5,143.5,91.432915
-21.5,144.5,62.821327
-21.5,145.5,58.831787
-21.5,146.5,59.336533
-21.5,147.5,79.52417
-21.5,148.5,65.04059
-20.5,-69.5,44.69249
-20.5,-68.5,57.005104
-20.5,-67.5,66.852615
-20.5,-66.5,65.42145
-20.5,-65.5,69.471985
-20.5,-64.5,83.15068
-20.5,-63.5,69.398056
-20.5,-62.5,60.696907
-20.5,-61.5,60.477627
-20.5,-60.5,59.774338
-20.5,-59.5,79.72711
-20.5,-58.5,90.119095
-20.5,-57.5,80.91758
-20.5,-56.5,76.67719
-20.5,-55.5,75.42892
-20.5,-54.5,100.05644
-20.5,-53.5,73.395485
-20.5,-52.5,72.09384
-20.5,-51.5,71.00985
-20.5,-50.5,54.868904
-20.5,-49.5,69.70223
-20.5,-48.5,97.556404
-20.5,-47.5,103.23454
-20.5,-46.5,72.605774
-20.5,-45.5,97.10286
-20.5,-44.5,88.15405
-20.5,-43.5,72.92769
-20.5,-42.5,84.57456
-20.5,-41.5,86.79551
-20.5,-40.5,79.65336
-20.5,13.5,61.68055
-20.5,14.5,60.18098
-20.5,15.5,49.030907
-20.5,16.5,42.561436
-20.5,17.5,45.39844
-20.5,18.5,50.677605
-20.5,19.5,48.47537
-20.5,20.5,54.09777
-20.5,21.5,51.668533
-20.5,22.5,48.444813
-20.5,23.5,54.306854
-20.5,24.5,60.199745
-20.5,25.5,73.83009
-20.5,26.5,67.571846
-20.5,27.5,46.443684
-20.5,28.5,44.772453
-20.5,29.5,52.9184
-20.5,30.5,46.75196
-20.5,31.5,45.02903
-20.5,32.5,44.533264
-20.5,33.5,51.448975
-20.5,34.5,57.74301
-20.5,44.5,43.98972
-20.5,45.5,68.7817
-20.5,46.5,71.54446
-20.5,47.5,75.2042
-20.5,48.5,76.916756
-20.5,118.5,65.63836
-20.5,119.5,69.403625
-20.5,120.5,58.489334
-20.5,121.5,58.023285
-20.5,122.5,58.74354
-20.5,123.5,48.83071
-20.5,124.5,46.60134
-20.5,125.5,46.892185
-20.5,126.5,57.257153
-20.5,127.5,59.372257
-20.5,128.5,56.2789
-20.5,129.5,56.66441
-20.5,130.5,57.32356
-20.5,131.5,56.85738
-20.5,132.5,45.04328
-20.5,133.5,55.98061
-20.5,134.5,56.44597
-20.5,135.5,57.7689
-20.5,136.5,54.214634
-20.5,137.5,81.82237
-20.5,138.5,80.75559
-20.5,139.5,60.31357
-20.5,140.5,82.79444
-20.5,141.5,101.07156
-20.5,142.5,93.735596
-20.5,143.5,85.024315
-20.5,144.5,85.42516
-20.5,145.5,60.486515
-20.5,146.5,61.734047
-20.5,147.5,60.94203
-20.5,148.5,60.722908
-19.5,-69.5,55.21687
-19.5,-68.5,66.03979
-19.5,-67.5,71.18735
-19.5,-66.5,68.469696
-19.5,-65.5,73.550804
-19.5,-64.5,84.89723
-19.5,-63.5,68.07602
-19.5,-62.5,57.80209
-19.5,-61.5,60.403404
-19.5,-60.5,63.146202
-19.5,-59.5,67.417694
-19.5,-58.5,82.20483
-19.5,-57.5,77.92942
-19.5,-56.5,75.52133
-19.5,-55.5,79.068985
-19.5,-54.5,72.16312
-19.5,-53.5,70.99292
-19.5,-52.5,72.25852
-19.5,-51.5,70.990295
-19.5,-50.5,68.34769
-19.5,-49.5,68.00374
-19.5,-48.5,69.838394
-19.5,-47.5,102.158104
-19.5,-46.5,73.600365
-19.5,-45.5,68.0907
-19.5,-44.5,90.620804
-19.5,-43.5,66.301994
-19.5,-42.5,84.38034
-19.5,-41.5,90.59258
-19.5,-40.5,64.48843
-19.5,13.5,61.16851
-19.5,14.5,48.195187
-19.5,15.5,72.3735
-19.5,16.5,66.8644
-19.5,17.5,69.89717
-19.5,18.5,47.273754
-19.5,19.5,47.561863
-19.5,20.5,45.143555
-19.5,21.5,46.758877
-19.5,22.5,43.143997
-19.5,23.5,48.912243
-19.5,24.5,50.951187
-19.5,25.5,42.002098
-19.5,26.5,41.034943
-19.5,27.5,44.059013
-19.5,28.5,44.8652
-19.5,29.5,47.352844
-19.5,30.5,50.72187
-19.5,31.5,59.117294
-19.5,32.5,58.292812
-19.5,33.5,57.66089
-19.5,34.5,53.929447
-19.5,44.5,45.818615
-19.5,45.5,68.01743
-19.5,46.5,71.772156
-19.5,47.5,76.759796
-19.5,48.5,76.73335
-19.5,121.5,62.199547
-19.5,122.5,49.036415
-19.5,123.5,48.986256
-19.5,124.5,48.632458
-19.5,125.5,50.313828
-19.5,126.5,62.216305
-19.5,127.5,49.699753
-19.5,128.5,59.249554
-19.5,129.5,57.28325
-19.5,130.5,56.910862
-19.5,131.5,47.611053
-19.5,132.5,48.40171
-19.5,133.5,59.205875
-19.5,134.5,62.3946
-19.5,135.5,57.156803
-19.5,136.5,87.3074
-19.5,137.5,92.87548
-19.5,138.5,60.52268
-19.5,139.5,56.908268
-19.5,140.5,82.11361
-19.5,141.5,53.18938
-19.5,142.5,54.36354
-19.5,143.5,47.204784
-19.5,144.5,55.536964
-19.5,145.5,58.49346
-19.5,146.5,62.052044
-18.5,-69.5,63.26684
-18.5,-68.5,73.00726
-18.5,-67.5,78.00676
-18.5,-66.5,70.85578
-18.5,-65.5,71.82431
-18.5,-64.5,62.163147
-18.5,-63.5,60.02451
-18.5,-62.5,60.460518
-18.5,-61.5,63.81119
-18.5,-60.5,61.93822
-18.5,-59.5,74.52417
-18.5,-58.5,83.20833
-18.5,-57.5,72.79916
-18.5,-56.5,68.00742
-18.5,-55.5,74.66941
-18.5,-54.5,69.5535
-18.5,-53.5,69.503624
-18.5,-52.5,74.63839
-18.5,-51.5,70.38252
-18.5,-50.5,70.30274
-18.5,-49.5,97.36508
-18.5,-48.5,95.861115
-18.5,-47.5,97.451
-18.5,-46.5,97.25368
-18.5,-45.5,68.963455
-18.5,-44.5,62.166805
-18.5,-43.5,67.31501
-18.5,-42.5,76.10565
-18.5,-41.5,75.99658
-18.5,-40.5,59.216938
-18.5,12.5,64.02411
-18.5,13.5,43.41957
-18.5,14.5,49.035385
-18.5,15.5,49.41839
-18.5,16.5,64.15738
-18.5,17.5,37.989086
-18.5,18.5,40.08161
-18.5,19.5,43.10179
-18.5,20.5,41.60776
-18.5,21.5,34.542946
-18.5,22.5,41.053574
-18.5,23.5,47.024147
-18.5,24.5,50.05316
-18.5,25.5,43.98869
-18.5,26.5,44.812653
-18.5,27.5,46.527515
-18.5,28.5,45.908493
-18.5,29.5,51.017796
-18.5,30.5,47.974728
-18.5,31.5,53.290237
-18.5,32.5,55.575146
-18.5,33.5,59.775875
-18.5,34.5,56.191532
-18.5,35.5,56.6314
-18.5,36.5,53.005627
-18.5,44.5,91.69314
-18.5,45.5,70.19766
-18.5,46.5,69.47937
-18.5,47.5,73.453384
-18.5,48.5,75.6316
-18.5,122.5,57.584774
-18.5,123.5,47.237423
-18.5,124.5,63.875687
-18.5,125.5,63.33739
-18.5,126.5,62.535416
-18.5,127.5,63.6978
-18.5,128.5,87.462715
-18.5,129.5,57.40317
-18.5,130.5,58.38636
-18.5,131.5,55.67682
-18.5,132.5,46.18189
-18.5,133.5,57.84085
-18.5,134.5,82.44575
-18.5,135.5,87.306274
-18.5,136.5,79.08185
-18.5,137.5,56.935623
-18.5,138.5,54.12476
-18.5,139.5,73.76528
-18.5,140.5,79.18983
-18.5,141.5,58.96298
-18.5,142.5,53.108162
-18.5,143.5,23.014154
-18.5,144.5,87.7279
-18.5,145.5,64.72792
-17.5,-70.5,63.874805
-17.5,-69.5,75.89716
-17.5,-68.5,88.5231
-17.5,-67.5,82.03745
-17.5,-66.5,75.03533
-17.5,-65.5,78.86178
-17.5,-64.5,89.64683
-17.5,-63.5,82.043594
-17.5,-62.5,67.99346
-17.5,-61.5,73.52142
-17.5,-60.5,95.197815
-17.5,-59.5,81.01404
-17.5,-58.5,82.695244
-17.5,-57.5,68.81464
-17.5,-56.5,71.706245
-17.5,-55.5,76.76011
-17.5,-54.5,98.43704
-17.5,-53.5,74.10932
-17.5,-52.5,98.319565
-17.5,-51.5,97.717094
-17.5,-50.5,98.06977
-17.5,-49.5,95.370964
-17.5,-48.5,94.54473
-17.5,-47.5,94.17602
-17.5,-46.5,94.157616
-17.5,-45.5,94.14989
-17.5,-44.5,84.493515
-17.5,-43.5,62.109074
-17.5,-42.5,72.81505
-17.5,-41.5,70.424446
-17.5,-40.5,55.49431
-17.5,-39.5,53.83874
-17.5,12.5,52.709663
-17.5,13.5,42.208378
-17.5,14.5,46.51013
-17.5,15.5,45.747112
-17.5,16.5,46.57653
-17.5,17.5,45.732506
-17.5,18.5,45.48584
-17.5,19.5,44.279556
-17.5,20.5,45.003822
-17.5,21.5,45.34476
-17.5,22.5,45.877
-17.5,23.5,45.563053
-17.5,24.5,49.307926
-17.5,25.5,78.569855
-17.5,26.5,55.664165
-17.5,27.5,48.317966
-17.5,28.5,51.179672
-17.5,29.5,82.95767
-17.5,30.5,53.847443
-17.5,31.5,38.843346
-17.5,32.5,42.5549
-17.5,33.5,53.59059
-17.5,34.5,70.43562
-17.5,35.5,83.466835
-17.5,36.5,87.65171
-17.5,37.5,51.25551
-17.5,44.5,63.050926
-17.5,45.5,69.34033
-17.5,46.5,66.66125
-17.5,47.5,72.089386
-17.5,48.5,73.43902
-17.5,122.5,50.22981
-17.5,123.5,56.90571
-17.5,124.5,60.37204
-17.5,125.5,59.814407
-17.5,126.5,61.88506
-17.5,127.5,61.0781
-17.5,128.5,62.391544
-17.5,129.5,65.00703
-17.5,130.5,83.7146
-17.5,131.5,58.513115
-17.5,132.5,54.75282
-17.5,133.5,60.211674
-17.5,134.5,76.248955
-17.5,135.5,72.097206
-17.5,136.5,55.209476
-17.5,137.5,52.97252
-17.5,138.5,59.00463
-17.5,139.5,60.277737
-17.5,141.5,58.207966
-17.5,142.5,59.098495
-17.5,143.5,60.726692
-17.5,144.5,53.47021
-17.5,145.5,81.55285
-16.5,-72.5,54.84154
-16.5,-71.5,67.68461
-16.5,-70.5,72.80903
-16.5,-69.5,76.492355
-16.5,-68.5,79.74611
-16.5,-67.5,79.66999
-16.5,-66.5,82.993546
-16.5,-65.5,108.29399
-16.5,-64.5,101.65822
-16.5,-63.5,73.93455
-16.5,-62.5,89.68705
-16.5,-61.5,93.76949
-16.5,-60.5,94.701225
-16.5,-59.5,78.83942
-16.5,-58.5,74.53697
-16.5,-57.5,72.62489
-16.5,-56.5,76.94775
-16.5,-55.5,79.73188
-16.5,-54.5,72.03655
-16.5,-53.5,70.33576
-16.5,-52.5,63.55776
-16.5,-51.5,60.56891
-16.5,-50.5,94.382675
-16.5,-49.5,96.671234
-16.5,-48.5,98.57316
-16.5,-47.5,95.8963
-16.5,-46.5,95.89348
-16.5,-45.5,87.755745
-16.5,-44.5,79.24924
-16.5,-43.5,74.71057
-16.5,-42.5,66.632675
-16.5,-41.5,53.573174
-16.5,-40.5,65.23053
-16.5,-39.5,52.339787
-16.5,12.5,58.523254
-16.5,13.5,47.6422
-16.5,14.5,37.18723
-16.5,15.5,41.262615
-16.5,16.5,42.834484
-16.5,17.5,43.2801
-16.5,18.5,46.154247
-16.5,19.5,38.164562
-16.5,20.5,46.758278
-16.5,21.5,48.598278
-16.5,22.5,51.530666
-16.5,23.5,48.984222
-16.5,24.5,48.515087
-16.5,25.5,50.074448
-16.5,26.5,51.874744
-16.5,27.5,73.701614
-16.5,28.5,49.93027
-16.5,29.5,70.946365
-16.5,30.5,47.517765
-16.5,31.5,34.52353
-16.5,32.5,50.014687
-16.5,33.5,51.29403
-16.5,34.5,79.59813
-16.5,35.5,83.62704
-16.5,36.5,61.52092
-16.5,37.5,60.26859
-16.5,38.5,58.746998
-16.5,39.5,55.471504
-16.5,45.5,49.51893
-16.5,46.5,49.22537
-16.5,47.5,68.026405
-16.5,48.5,70.26896
-16.5,49.5,73.542
-16.5,124.5,57.519497
-16.5,125.5,61.025658
-16.5,126.5,61.576977
-16.5,127.5,62.364403
-16.5,128.5,67.30995
-16.5,129.5,58.782993
-16.5,130.5,57.314484
-16.5,131.5,76.21642
-16.5,132.5,52.912735
-16.5,133.5,53.12683
-16.5,134.5,55.210598
-16.5,135.5,53.169765
-16.5,136.5,52.929688
-16.5,137.5,51.7898
-16.5,141.5,61.069443
-16.5,142.5,63.502224
-16.5,143.5,59.34966
-16.5,144.5,27.77881
-16.5,145.5,64.89214
-15.5,-74.5,62.542877
-15.5,-73.5,67.968216
-15.5,-72.5,72.00562
-15.5,-71.5,77.84062
-15.5,-70.5,83.4916
-15.5,-69.5,76.88085
-15.5,-68.5,80.775566
-15.5,-67.5,83.67625
-15.5,-66.5,81.31451
-15.5,-65.5,99.02597
-15.5,-64.5,96.80147
-15.5,-63.5,75.71911
-15.5,-62.5,70.72558
-15.5,-61.5,86.33956
-15.5,-60.5,74.68512
-15.5,-59.5,91.94103
-15.5,-58.5,71.24056
-15.5,-57.5,76.703094
-15.5,-56.5,91.87397
-15.5,-55.5,101.15072
-15.5,-54.5,102.90294
-15.5,-53.5,103.82216
-15.5,-52.5,67.49912
-15.5,-51.5,86.17178
-15.5,-50.5,62.77877
-15.5,-49.5,92.53518
-15.5,-48.5,64.75531
-15.5,-47.5,96.25264
-15.5,-46.5,99.00209
-15.5,-45.5,58.84828
-15.5,-44.5,56.002018
-15.5,-43.5,55.425964
-15.5,-42.5,62.13146
-15.5,-41.5,59.82789
-15.5,-40.5,48.443348
-15.5,-39.5,50.0843
-15.5,12.5,61.382523
-15.5,13.5,47.245323
-15.5,14.5,41.845085
-15.5,15.5,46.918125
-15.5,16.5,47.82874
-15.5,17.5,48.49899
-15.5,18.5,49.574036
-15.5,19.5,41.10974
-15.5,20.5,49.746902
-15.5,21.5,52.68711
-15.5,22.5,49.864407
-15.5,23.5,38.823357
-15.5,24.5,51.40732
-15.5,25.5,56.41219
-15.5,26.5,60.685707
-15.5,27.5,77.41898
-15.5,28.5,49.285557
-15.5,29.5,49.16725
-15.5,30.5,49.704678
-15.5,31.5,50.635345
-15.5,32.5,48.444767
-15.5,33.5,50.726936
-15.5,34.5,56.722126
-15.5,35.5,74.30481
-15.5,36.5,60.466644
-15.5,37.5,61.887657
-15.5,38.5,60.853756
-15.5,39.5,58.713444
-15.5,47.5,71.17941
-15.5,48.5,68.70695
-15.5,49.5,72.435234
-15.5,125.5,59.394024
-15.5,126.5,59.162575
-15.5,127.5,61.05397
-15.5,128.5,62.939976
-15.5,129.5,56.476906
-15.5,130.5,55.337513
-15.5,131.5,52.95291
-15.5,132.5,51.825794
-15.5,133.5,53.073936
-15.5,134.5,57.724533
-15.5,135.5,56.23445
-15.5,142.5,62.62717
-15.5,143.5,53.36208
-15.5,144.5,57.56722
-14.5,-75.5,60.42004
-14.5,-74.5,69.26697
-14.5,-73.5,77.328804
-14.5,-72.5,81.64184
-14.5,-71.5,81.87813
-14.5,-70.5,82.11079
-14.5,-69.5,81.63451
-14.5,-68.5,83.10912
-14.5,-67.5,101.97458
-14.5,-66.5,98.096695
-14.5,-65.5,98.3841
-14.5,-64.5,96.512726
-14.5,-63.5,94.308136
-14.5,-62.5,73.440155
-14.5,-61.5,86.28354
-14.5,-60.5,94.679955
-14.5,-59.5,101.62831
-14.5,-58.5,106.24927
-14.5,-57.5,103.76558
-14.5,-56.5,66.79556
-14.5,-55.5,70.42828
-14.5,-54.5,102.21345
-14.5,-53.5,103.45763
-14.5,-52.5,83.2244
-14.5,-51.5,94.15785
-14.5,-50.5,90.47819
-14.5,-49.5,90.71056
-14.5,-48.5,63.0679
-14.5,-47.5,63.046467
-14.5,-46.5,62.72188
-14.5,-45.5,62.542984
-14.5,-44.5,56.66275
-14.5,-43.5,58.58836
-14.5,-42.5,48.125755
-14.5,-41.5,48.803345
-14.5,-40.5,65.407585
-14.5,-39.5,72.421135
-14.5,12.5,59.75616
-14.5,13.5,49.623177
-14.5,14.5,57.74363
-14.5,15.5,59.713066
-14.5,16.5,62.7869
-14.5,17.5,57.407764
-14.5,18.5,57.15503
-14.5,19.5,56.669506
-14.5,20.5,57.548058
-14.5,21.5,56.56634
-14.5,22.5,55.488106
-14.5,23.5,57.41417
-14.5,24.5,58.472866
-14.5,25.5,61.065357
-14.5,26.5,64.44977
-14.5,27.5,64.5106
-14.5,28.5,60.98415
-14.5,29.5,74.457436
-14.5,30.5,55.340687
-14.5,31.5,55.492077
-14.5,32.5,59.59223
-14.5,33.5,60.806004
-14.5,34.5,72.99192
-14.5,35.5,79.91065
-14.5,36.5,61.821888
-14.5,37.5,62.417374
-14.5,38.5,60.93005
-14.5,39.5,58.44299
-14.5,40.5,50.695423
-14.5,48.5,68.18692
-14.5,49.5,69.06909
-14.5,126.5,60.343822
-14.5,127.5,58.443043
-14.5,130.5,56.204662
-14.5,131.5,59.141747
-14.5,132.5,52.521164
-14.5,133.5,54.496178
-14.5,134.5,54.383686
-14.5,135.5,64.85129
-14.5,142.5,62.479984
-14.5,143.5,58.25868
-14.5,144.5,57.74375
-13.5,-75.5,71.478516
-13.5,-74.5,73.86868
-13.5,-73.5,68.45056
-13.5,-72.5,75.71161
-13.5,-71.5,86.08919
-13.5,-70.5,93.226875
-13.5,-69.5,92.127304
-13.5,-68.5,87.201385
-13.5,-67.5,101.96455
-13.5,-66.5,97.88804
-13.5,-65.5,96.21189
-13.5,-64.5,92.76593
-13.5,-63.5,89.495094
-13.5,-62.5,71.48081
-13.5,-61.5,99.14196
-13.5,-60.5,98.994125
-13.5,-59.5,104.01139
-13.5,-58.5,100.34497
-13.5,-57.5,96.29896
-13.5,-56.5,94.87808
-13.5,-55.5,97.543976
-13.5,-54.5,67.04771
-13.5,-53.5,66.00886
-13.5,-52.5,86.11624
-13.5,-51.5,96.38417
-13.5,-50.5,91.801346
-13.5,-49.5,91.7691
-13.5,-48.5,89.839035
-13.5,-47.5,60.134346
-13.5,-46.5,61.42969
-13.5,-45.5,59.75315
-13.5,-44.5,54.820404
-13.5,-43.5,50.67456
-13.5,-42.5,46.571175
-13.5,-41.5,43.796062
-13.5,-40.5,59.62627
-13.5,-39.5,69.87669
-13.5,13.5,48.279846
-13.5,14.5,61.8625
-13.5,15.5,63.99128
-13.5,16.5,63.72018
-13.5,17.5,60.411377
-13.5,18.5,61.26108
-13.5,19.5,60.274895
-13.5,20.5,59.312443
-13.5,21.5,58.96706
-13.5,22.5,57.215015
-13.5,23.5,58.98788
-13.5,24.5,64.44657
-13.5,25.5,69.77579
-13.5,26.5,69.06304
-13.5,27.5,68.05157
-13.5,28.5,66.393166
-13.5,29.5,65.058014
-13.5,30.5,65.37619
-13.5,31.5,82.24932
-13.5,32.5,60.836155
-13.5,33.5,58.864758
-13.5,34.5,62.01779
-13.5,35.5,68.91613
-13.5,36.5,61.198723
-13.5,37.5,62.17239
-13.5,38.5,62.16974
-13.5,39.5,58.19629
-13.5,40.5,56.645416
-13.5,48.5,67.96978
-13.5,49.5,63.80101
-13.5,130.5,63.384705
-13.5,131.5,61.647808
-13.5,132.5,58.315407
-13.5,133.5,54.40439
-13.5,134.5,48.18521
-13.5,135.5,60.470867
-13.5,142.5,65.68662
-13.5,143.5,59.790253
-12.5,-76.5,69.70227
-12.5,-75.5,74.85667
-12.5,-74.5,74.4702
-12.5,-73.5,82.987495
-12.5,-72.5,88.25801
-12.5,-71.5,89.48248
-12.5,-70.5,88.80467
-12.5,-69.5,84.83373
-12.5,-68.5,80.34244
-12.5,-67.5,76.83117
-12.5,-66.5,94.289185
-12.5,-65.5,95.06924
-12.5,-64.5,92.03908
-12.5,-63.5,102.82926
-12.5,-62.5,73.0337
-12.5,-61.5,71.77041
-12.5,-60.5,60.678265
-12.5,-59.5,60.79436
-12.5,-58.5,97.41424
-12.5,-57.5,98.23447
-12.5,-56.5,95.57486
-12.5,-55.5,94.42911
-12.5,-54.5,67.183174
-12.5,-53.5,66.47666
-12.5,-52.5,65.604965
-12.5,-51.5,84.69549
-12.5,-50.5,92.2559
-12.5,-49.5,91.29096
-12.5,-48.5,63.66587
-12.5,-47.5,86.882614
-12.5,-46.5,60.68269
-12.5,-45.5,58.859325
-12.5,-44.5,49.64574
-12.5,-43.5,50.245712
-12.5,-42.5,51.21648
-12.5,-41.5,40.880688
-12.5,-40.5,52.288807
-12.5,-39.5,55.767925
-12.5,-38.5,38.688496
-12.5,13.5,48.846375
-12.5,14.5,63.153248
-12.5,15.5,68.617615
-12.5,16.5,67.66485
-12.5,17.5,70.11537
-12.5,18.5,64.99325
-12.5,19.5,62.96265
-12.5,20.5,62.722904
-12.5,21.5,61.012512
-12.5,22.5,61.12609
-12.5,23.5,65.805534
-12.5,24.5,64.989334
-12.5,25.5,99.55733
-12.5,26.5,100.186615
-12.5,27.5,101.29645
-12.5,28.5,96.82313
-12.5,29.5,65.51744
-12.5,30.5,62.434486
-12.5,31.5,84.13882
-12.5,32.5,77.77563
-12.5,33.5,61.555283
-12.5,35.5,60.12021
-12.5,36.5,61.49832
-12.5,37.5,61.323864
-12.5,38.5,61.126682
-12.5,39.5,59.26722
-12.5,40.5,58.709717
-12.5,131.5,63.07744
-12.5,132.5,64.09522
-12.5,133.5,58.994785
-12.5,134.5,51.767796
-12.5,135.5,70.46776
-12.5,136.5,63.520214
-12.5,142.5,66.35185
-11.5,-76.5,71.19919
-11.5,-75.5,71.83547
-11.5,-74.5,95.89817
-11.5,-73.5,104.13595
-11.5,-72.5,109.66263
-11.5,-71.5,85.67165
-11.5,-70.5,83.11405
-11.5,-69.5,99.45409
-11.5,-68.5,78.524025
-11.5,-67.5,77.2728
-11.5,-66.5,75.59765
-11.5,-65.5,75.03471
-11.5,-64.5,72.3309
-11.5,-63.5,73.60661
-11.5,-62.5,99.438255
-11.5,-61.5,96.89676
-11.5,-60.5,88.05057
-11.5,-59.5,58.2221
-11.5,-58.5,95.66075
-11.5,-57.5,97.98106
-11.5,-56.5,98.32828
-11.5,-55.5,67.442955
-11.5,-54.5,67.51092
-11.5,-53.5,67.719696
-11.5,-52.5,67.05617
-11.5,-51.5,85.825066
-11.5,-50.5,94.67952
-11.5,-49.5,95.91434
-11.5,-48.5,66.45679
-11.5,-47.5,93.692184
-11.5,-46.5,65.42826
-11.5,-45.5,60.871418
-11.5,-44.5,50.72178
-11.5,-43.5,59.149433
-11.5,-42.5,52.745552
-11.5,-41.5,57.67043
-11.5,-40.5,49.31777
-11.5,-39.5,53.6745
-11.5,-38.5,50.5572
-11.5,-37.5,49.795723
-11.5,14.5,60.483765
-11.5,15.5,73.175354
-11.5,16.5,72.83466
-11.5,17.5,72.48451
-11.5,18.5,68.01789
-11.5,19.5,66.72145
-11.5,20.5,55.412685
-11.5,21.5,63.96905
-11.5,22.5,66.09215
-11.5,23.5,70.11288
-11.5,24.5,71.249214
-11.5,25.5,102.301575
-11.5,26.5,101.52218
-11.5,27.5,101.09627
-11.5,28.5,68.52818
-11.5,29.5,68.3546
-11.5,30.5,68.16723
-11.5,31.5,60.48343
-11.5,32.5,86.34406
-11.5,33.5,60.47658
-11.5,35.5,62.305
-11.5,36.5,62.256195
-11.5,37.5,61.56516
-11.5,38.5,61.03416
-11.5,39.5,56.608524
-11.5,142.5,63.693535
-10.5,-77.5,71.71955
-10.5,-76.5,74.6592
-10.5,-75.5,80.192726
-10.5,-74.5,105.82851
-10.5,-73.5,108.149185
-10.5,-72.5,90.26897
-10.5,-71.5,105.94464
-10.5,-70.5,86.703804
-10.5,-69.5,100.38517
-10.5,-68.5,79.23533
-10.5,-67.5,78.27041
-10.5,-66.5,77.701035
-10.5,-65.5,77.61425
-10.5,-64.5,106.20928
-10.5,-63.5,102.448204
-10.5,-62.5,99.94246
-10.5,-61.5,99.32833
-10.5,-60.5,100.391495
-10.5,-59.5,61.291935
-10.5,-58.5,99.50759
-10.5,-57.5,100.258095
-10.5,-56.5,97.986626
-10.5,-55.5,66.47382
-10.5,-54.5,97.20421
-10.5,-53.5,69.48692
-10.5,-52.5,68.3458
-10.5,-51.5,88.72139
-10.5,-50.5,98.22187
-10.5,-49.5,100.15199
-10.5,-48.5,98.29673
-10.5,-47.5,52.14842
-10.5,-46.5,69.44879
-10.5,-45.5,59.078476
-10.5,-44.5,52.290974
-10.5,-43.5,53.881645
-10.5,-42.5,48.46749
-10.5,-41.5,44.012115
-10.5,-40.5,50.291035
-10.5,-39.5,51.799984
-10.5,-38.5,32.71317
-10.5,-37.5,47.2398
-10.5,14.5,57.38178
-10.5,15.5,71.55551
-10.5,16.5,73.165565
-10.5,17.5,76.84243
-10.5,18.5,74.3928
-10.5,19.5,59.573822
-10.5,20.5,59.287994
-10.5,21.5,58.03875
-10.5,22.5,73.26466
-10.5,23.5,102.12427
-10.5,24.5,100.57524
-10.5,25.5,104.274925
-10.5,26.5,106.11041
-10.5,27.5,98.63491
-10.5,28.5,62.261955
-10.5,29.5,69.74326
-10.5,30.5,67.75338
-10.5,31.5,64.046074
-10.5,32.5,64.90942
-10.5,33.5,65.802574
-10.5,34.5,62.523323
-10.5,35.5,63.87123
-10.5,36.5,55.782085
-10.5,37.5,55.883404
-10.5,38.5,63.64984
-10.5,39.5,53.589897
-9.5,-77.5,75.413315
-9.5,-76.5,79.48869
-9.5,-75.5,116.45739
-9.5,-74.5,107.69755
-9.5,-73.5,90.1142
-9.5,-72.5,89.79753
-9.5,-71.5,89.65591
-9.5,-70.5,87.75897
-9.5,-69.5,80.99908
-9.5,-68.5,79.767876
-9.5,-67.5,78.890816
-9.5,-66.5,78.88411
-9.5,-65.5,77.82426
-9.5,-64.5,82.109886
-9.5,-63.5,97.233116
-9.5,-62.5,103.01075
-9.5,-61.5,105.68437
-9.5,-60.5,104.12925
-9.5,-59.5,104.35609
-9.5,-58.5,102.8791
-9.5,-57.5,101.5097
-9.5,-56.5,102.77034
-9.5,-55.5,73.17904
-9.5,-54.5,69.66431
-9.5,-53.5,69.865204
-9.5,-52.5,103.76628
-9.5,-51.5,101.16305
-9.5,-50.5,69.01186
-9.5,-49.5,92.621414
-9.5,-48.5,100.4899
-9.5,-47.5,53.128887
-9.5,-46.5,65.120575
-9.5,-45.5,59.85906
-9.5,-44.5,56.272655
-9.5,-43.5,54.048443
-9.5,-42.5,48.591354
-9.5,-41.5,47.308716
-9.5,-40.5,48.074383
-9.5,-39.5,62.863113
-9.5,-38.5,34.751457
-9.5,-37.5,55.028862
-9.5,-36.5,49.414715
-9.5,13.5,42.378845
-9.5,14.5,55.62189
-9.5,15.5,69.96209
-9.5,16.5,74.54521
-9.5,17.5,82.67245
-9.5,18.5,76.3068
-9.5,19.5,76.4695
-9.5,20.5,77.195755
-9.5,21.5,64.00355
-9.5,22.5,77.12806
-9.5,23.5,107.74849
-9.5,24.5,73.44188
-9.5,25.5,103.42732
-9.5,26.5,109.38641
-9.5,27.5,101.46781
-9.5,28.5,62.78686
-9.5,29.5,71.71013
-9.5,30.5,68.44268
-9.5,31.5,69.3925
-9.5,32.5,66.485794
-9.5,33.5,82.29526
-9.5,34.5,67.97092
-9.5,35.5,66.313835
-9.5,36.5,63.35623
-9.5,37.5,57.052765
-9.5,38.5,62.75745
-9.5,39.5,56.849907
-9.5,124.5,57.972076
-9.5,147.5,86.603264
-9.5,148.5,88.70711
-8.5,-78.5,69.60251
-8.5,-77.5,77.58087
-8.5,-76.5,86.52214
-8.5,-75.5,105.8664
-8.5,-74.5,106.65226
-8.5,-73.5,107.86259
-8.5,-72.5,90.66085
-8.5,-71.5,104.82807
-8.5,-70.5,105.18418
-8.5,-69.5,103.368904
-8.5,-68.5,85.70374
-8.5,-67.5,86.090645
-8.5,-66.5,85.47692
-8.5,-65.5,84.55493
-8.5,-64.5,85.128136
-8.5,-63.5,83.62637
-8.5,-62.5,99.3875
-8.5,-61.5,100.52085
-8.5,-60.5,104.68836
-8.5,-59.5,106.16141
-8.5,-58.5,64.199905
-8.5,-57.5,83.974976
-8.5,-56.5,74.378174
-8.5,-55.5,103.41242
-8.5,-54.5,101.308556
-8.5,-53.5,100.91573
-8.5,-52.5,74.69523
-8.5,-51.5,71.63512
-8.5,-50.5,70.29465
-8.5,-49.5,57.643543
-8.5,-48.5,56.502357
-8.5,-47.5,56.013203
-8.5,-46.5,69.219765
-8.5,-45.5,64.91448
-8.5,-44.5,60.75373
-8.5,-43.5,51.414883
-8.5,-42.5,53.764175
-8.5,-41.5,62.38077
-8.5,-40.5,53.15502
-8.5,-39.5,60.377472
-8.5,-38.5,62.193867
-8.5,-37.5,43.386906
-8.5,-36.5,58.231884
-8.5,-35.5,57.646236
-8.5,13.5,48.143143
-8.5,14.5,65.064865
-8.5,15.5,76.34523
-8.5,16.5,81.0607
-8.5,17.5,75.89234
-8.5,18.5,79.02762
-8.5,19.5,77.551674
-8.5,20.5,79.375015
-8.5,21.5,88.90818
-8.5,22.5,112.44158
-8.5,23.5,114.98988
-8.5,24.5,78.81089
-8.5,25.5,74.46243
-8.5,26.5,95.07169
-8.5,27.5,69.95402
-8.5,28.5,103.51027
-8.5,29.5,102.02136
-8.5,30.5,70.6283
-8.5,31.5,60.895267
-8.5,32.5,67.68836
-8.5,33.5,56.662155
-8.5,34.5,60.33849
-8.5,35.5,65.07742
-8.5,36.5,66.11985
-8.5,37.5,60.851597
-8.5,38.5,58.16391
-8.5,117.5,83.691765
-8.5,120.5,91.41946
-8.5,140.5,88.04885
-8.5,141.5,91.56626
-8.5,142.5,91.831894
-8.5,146.5,87.99036
-8.5,147.5,92.617004
-7.5,-79.5,63.160122
-7.5,-78.5,64.1603
-7.5,-77.5,76.30628
-7.5,-76.5,100.115265
-7.5,-75.5,99.04831
-7.5,-74.5,107.646034
-7.5,-73.5,110.059845
-7.5,-72.5,108.92656
-7.5,-71.5,108.27529
-7.5,-70.5,107.08901
-7.5,-69.5,106.19956
-7.5,-68.5,106.17866
-7.5,-67.5,89.66553
-7.5,-66.5,88.35551
-7.5,-65.5,87.0853
-7.5,-64.5,87.361
-7.5,-63.5,87.338165
-7.5,-62.5,86.66346
-7.5,-61.5,86.45926
-7.5,-60.5,86.79874
-7.5,-59.5,66.76766
-7.5,-58.5,66.18829
-7.5,-57.5,76.55212
-7.5,-56.5,105.68097
-7.5,-55.5,105.55591
-7.5,-54.5,103.11883
-7.5,-53.5,102.33332
-7.5,-52.5,102.876816
-7.5,-51.5,103.763535
-7.5,-50.5,101.7498
-7.5,-49.5,66.231155
-7.5,-48.5,55.448254
-7.5,-47.5,55.285164
-7.5,-46.5,66.96721
-7.5,-45.5,64.527275
-7.5,-44.5,62.63897
-7.5,-43.5,52.981033
-7.5,-42.5,46.16035
-7.5,-41.5,46.333263
-7.5,-40.5,39.366463
-7.5,-39.5,58.252266
-7.5,-38.5,60.71169
-7.5,-37.5,67.01824
-7.5,-36.5,64.95984
-7.5,-35.5,56.094494
-7.5,13.5,63.854343
-7.5,14.5,73.580795
-7.5,15.5,74.71272
-7.5,16.5,71.75853
-7.5,17.5,77.82397
-7.5,18.5,80.41897
-7.5,19.5,80.155136
-7.5,20.5,79.66916
-7.5,21.5,90.84378
-7.5,22.5,113.88392
-7.5,23.5,113.983795
-7.5,24.5,115.16613
-7.5,25.5,78.933685
-7.5,26.5,107.91696
-7.5,27.5,109.55586
-7.5,28.5,111.12658
-7.5,29.5,105.58408
-7.5,30.5,101.320526
-7.5,31.5,66.65118
-7.5,32.5,66.24801
-7.5,33.5,58.996487
-7.5,34.5,55.65754
-7.5,35.5,55.521755
-7.5,36.5,61.27112
-7.5,37.5,64.70962
-7.5,38.5,64.92315
-7.5,107.5,88.473366
-7.5,108.5,88.81216
-7.5,109.5,89.38519
-7.5,110.5,107.580376
-7.5,111.5,103.994774
-7.5,112.5,95.52987
-7.5,138.5,94.59302
-7.5,139.5,95.697174
-7.5,140.5,96.38916
-7.5,141.5,112.10994
-7.5,142.5,110.75459
-7.5,143.5,115.85038
-7.5,144.5,116.345245
-7.5,145.5,111.64244
-7.5,146.5,92.00885
-6.5,-79.5,54.897533
-6.5,-78.5,53.442387
-6.5,-77.5,76.551025
-6.5,-76.5,102.70393
-6.5,-75.5,106.9975
-6.5,-74.5,94.88459
-6.5,-73.5,112.17798
-6.5,-72.5,110.86087
-6.5,-71.5,111.11629
-6.5,-70.5,94.79327
-6.5,-69.5,93.9681
-6.5,-68.5,93.29991
-6.5,-67.5,108.22013
-6.5,-66.5,90.749435
-6.5,-65.5,90.09743
-6.5,-64.5,89.61979
-6.5,-63.5,89.341675
-6.5,-62.5,89.17937
-6.5,-61.5,88.88405
-6.5,-60.5,88.83622
-6.5,-59.5,104.04522
-6.5,-58.5,67.509514
-6.5,-57.5,109.77844
-6.5,-56.5,109.293976
-6.5,-55.5,107.62252
-6.5,-54.5,104.594925
-6.5,-53.5,105.21538
-6.5,-52.5,105.928955
-6.5,-51.5,103.56317
-6.5,-50.5,101.01587
-6.5,-49.5,91.961655
-6.5,-48.5,93.254486
-6.5,-47.5,54.017433
-6.5,-46.5,63.235424
-6.5,-45.5,65.93173
-6.5,-44.5,59.414455
-6.5,-43.5,50.931923
-6.5,-42.5,48.539524
-6.5,-41.5,51.1364
-6.5,-40.5,43.55499
-6.5,-39.5,58.881256
-6.5,-38.5,63.47027
-6.5,-37.5,75.927765
-6.5,-36.5,74.78389
-6.5,-35.5,61.60879
-6.5,13.5,71.06521
-6.5,14.5,77.78545
-6.5,15.5,76.55858
-6.5,16.5,75.10065
-6.5,17.5,81.390945
-6.5,18.5,81.44839
-6.5,19.5,80.95045
-6.5,20.5,81.022766
-6.5,21.5,79.83981
-6.5,22.5,81.36898
-6.5,23.5,113.0417
-6.5,24.5,81.04425
-6.5,25.5,83.55759
-6.5,26.5,111.45844
-6.5,27.5,111.37349
-6.5,28.5,109.491165
-6.5,29.5,106.507126
-6.5,30.5,71.9854
-6.5,31.5,67.28773
-6.5,32.5,64.3189
-6.5,33.5,54.375805
-6.5,34.5,50.934
-6.5,35.5,54.85903
-6.5,36.5,57.52936
-6.5,37.5,63.730785
-6.5,38.5,60.30461
-6.5,106.5,108.45777
-6.5,107.5,102.65416
-6.5,139.5,115.63861
-6.5,140.5,113.61918
-6.5,141.5,114.11325
-6.5,142.5,112.39451
-6.5,143.5,111.50469
-6.5,144.5,95.2905
-6.5,145.5,89.69902
-6.5,146.5,89.24362
-6.5,147.5,93.42093
-5.5,-80.5,53.041786
-5.5,-79.5,52.333214
-5.5,-78.5,88.36187
-5.5,-77.5,103.44983
-5.5,-76.5,110.3799
-5.5,-75.5,110.33801
-5.5,-74.5,96.53654
-5.5,-73.5,97.932785
-5.5,-72.5,113.25128
-5.5,-71.5,113.19072
-5.5,-70.5,112.51009
-5.5,-69.5,96.71583
-5.5,-68.5,111.42415
-5.5,-67.5,109.683426
-5.5,-66.5,109.372986
-5.5,-65.5,92.66987
-5.5,-64.5,91.952255
-5.5,-63.5,90.90524
-5.5,-62.5,92.220726
-5.5,-61.5,91.85972
-5.5,-60.5,89.91153
-5.5,-59.5,89.86553
-5.5,-58.5,88.74539
-5.5,-57.5,101.29037
-5.5,-56.5,108.69118
-5.5,-55.5,106.00925
-5.5,-54.5,101.946976
-5.5,-53.5,100.605774
-5.5,-52.5,100.6506
-5.5,-51.5,99.787865
-5.5,-50.5,98.20423
-5.5,-49.5,95.793724
-5.5,-48.5,95.217865
-5.5,-47.5,52.099594
-5.5,-46.5,61.855858
-5.5,-45.5,57.52993
-5.5,-44.5,58.31385
-5.5,-43.5,51.054962
-5.5,-42.5,50.707314
-5.5,-41.5,52.485413
-5.5,-40.5,62.21376
-5.5,-39.5,56.51319
-5.5,-38.5,70.57301
-5.5,-37.5,53.65723
-5.5,-36.5,55.25623
-5.5,-35.5,45.274204
-5.5,12.5,60.66927
-5.5,13.5,77.11613
-5.5,14.5,99.76217
-5.5,15.5,78.92661
-5.5,16.5,79.54532
-5.5,17.5,82.136154
-5.5,18.5,81.91435
-5.5,19.5,82.64259
-5.5,20.5,84.52073
-5.5,21.5,81.49084
-5.5,22.5,80.24684
-5.5,23.5,81.0678
-5.5,24.5,81.13732
-5.5,25.5,83.92784
-5.5,26.5,83.46832
-5.5,27.5,112.50745
-5.5,28.5,108.294525
-5.5,30.5,67.61231
-5.5,31.5,65.04104
-5.5,32.5,59.40313
-5.5,33.5,49.147205
-5.5,34.5,46.49892
-5.5,35.5,51.094902
-5.5,36.5,54.362633
-5.5,37.5,55.941338
-5.5,38.5,60.611687
-5.5,104.5,88.56989
-5.5,105.5,103.53484
-5.5,138.5,102.59314
-5.5,139.5,103.39568
-5.5,140.5,115.76494
-5.5,141.5,98.99474
-5.5,142.5,95.961784
-5.5,143.5,112.12649
-5.5,144.5,96.69191
-5.5,145.5,94.488434
-5.5,150.5,96.545746
-5.5,151.5,113.45758
-4.5,-80.5,73.12705
-4.5,-79.5,61.556202
-4.5,-78.5,84.449234
-4.5,-77.5,108.11749
-4.5,-76.5,96.92822
-4.5,-75.5,113.626205
-4.5,-74.5,114.441734
-4.5,-73.5,99.29735
-4.5,-72.5,114.94609
-4.5,-71.5,98.96831
-4.5,-70.5,113.72499
-4.5,-69.5,98.36989
-4.5,-68.5,97.53887
-4.5,-67.5,96.26371
-4.5,-66.5,95.89944
-4.5,-65.5,94.97355
-4.5,-64.5,93.55731
-4.5,-63.5,92.48668
-4.5,-62.5,93.00742
-4.5,-61.5,94.559265
-4.5,-60.5,92.396194
-4.5,-59.5,106.41874
-4.5,-58.5,89.79743
-4.5,-57.5,88.48551
-4.5,-56.5,102.28908
-4.5,-55.5,110.44071
-4.5,-54.5,101.56103
-4.5,-53.5,97.82967
-4.5,-52.5,98.237274
-4.5,-51.5,91.405045
-4.5,-50.5,90.38897
-4.5,-49.5,94.4159
-4.5,-48.5,93.73951
-4.5,-47.5,84.63654
-4.5,-46.5,64.82124
-4.5,-45.5,56.124104
-4.5,-44.5,78.691666
-4.5,-43.5,76.629745
-4.5,-42.5,56.692616
-4.5,-41.5,58.381
-4.5,-40.5,65.82181
-4.5,-39.5,57.04072
-4.5,-38.5,44.227253
-4.5,12.5,79.77859
-4.5,13.5,100.30829
-4.5,14.5,79.16672
-4.5,15.5,78.54396
-4.5,16.5,79.48701
-4.5,17.5,79.323204
-4.5,18.5,80.30878
-4.5,19.5,80.40803
-4.5,20.5,80.15673
-4.5,21.5,81.4245
-4.5,22.5,80.137344
-4.5,23.5,79.92369
-4.5,24.5,82.223175
-4.5,25.5,82.76519
-4.5,26.5,83.56804
-4.5,27.5,109.96942
-4.5,28.5,94.59573
-4.5,29.5,103.52698
-4.5,30.5,72.09423
-4.5,31.5,65.57677
-4.5,32.5,59.63161
-4.5,33.5,53.974854
-4.5,34.5,46.60052
-4.5,35.5,43.995335
-4.5,36.5,46.00276
-4.5,37.5,53.09679
-4.5,38.5,63.604084
-4.5,103.5,89.45122
-4.5,104.5,84.859695
-4.5,105.5,82.692345
-4.5,122.5,98.607704
-4.5,136.5,103.55744
-4.5,137.5,98.74071
-4.5,138.5,97.27488
-4.5,139.5,97.5938
-4.5,140.5,98.599556
-4.5,141.5,99.80505
-4.5,142.5,99.94786
-4.5,143.5,118.106125
-4.5,144.5,116.14711
-3.5,-79.5,62.650864
-3.5,-78.5,87.49266
-3.5,-77.5,113.37455
-3.5,-76.5,98.42224
-3.5,-75.5,99.47866
-3.5,-74.5,100.05634
-3.5,-73.5,100.08698
-3.5,-72.5,99.90485
-3.5,-71.5,115.66549
-3.5,-70.5,115.41977
-3.5,-69.5,98.86713
-3.5,-68.5,98.168884
-3.5,-67.5,98.32674
-3.5,-66.5,113.32175
-3.5,-65.5,96.08778
-3.5,-64.5,95.06313
-3.5,-63.5,94.57054
-3.5,-62.5,110.12562
-3.5,-61.5,108.85607
-3.5,-60.5,108.34365
-3.5,-59.5,106.28752
-3.5,-58.5,105.43062
-3.5,-57.5,107.09181
-3.5,-56.5,103.73829
-3.5,-55.5,99.01961
-3.5,-54.5,95.85273
-3.5,-53.5,89.39153
-3.5,-52.5,98.69302
-3.5,-51.5,76.52168
-3.5,-50.5,76.70851
-3.5,-49.5,79.12417
-3.5,-48.5,76.51239
-3.5,-47.5,70.80469
-3.5,-46.5,70.44541
-3.5,-45.5,63.197876
-3.5,-44.5,86.33959
-3.5,-43.5,64.0397
-3.5,-42.5,63.440624
-3.5,-41.5,57.87723
-3.5,-40.5,68.45038
-3.5,-39.5,65.14031
-3.5,11.5,77.91369
-3.5,12.5,102.38734
-3.5,13.5,78.965614
-3.5,14.5,67.52603
-3.5,15.5,81.02691
-3.5,16.5,78.96301
-3.5,17.5,80.78991
-3.5,18.5,81.441826
-3.5,19.5,80.602165
-3.5,20.5,82.28594
-3.5,21.5,83.5656
-3.5,22.5,83.24042
-3.5,23.5,83.29121
-3.5,24.5,82.54002
-3.5,25.5,103.83572
-3.5,26.5,109.40249
-3.5,27.5,113.860435
-3.5,28.5,97.20513
-3.5,29.5,81.03764
-3.5,30.5,88.17403
-3.5,31.5,69.542725
-3.5,32.5,60.22143
-3.5,33.5,82.448364
-3.5,34.5,60.675964
-3.5,35.5,51.425083
-3.5,36.5,46.458252
-3.5,37.5,53.749416
-3.5,38.5,55.220016
-3.5,39.5,47.061207
-3.5,102.5,91.11576
-3.5,103.5,109.24134
-3.5,104.5,110.49777
-3.5,105.5,93.14178
-3.5,114.5,96.114716
-3.5,115.5,87.08608
-3.5,119.5,98.67659
-3.5,121.5,96.529045
-3.5,126.5,101.59097
-3.5,133.5,112.55271
-3.5,134.5,113.27824
-3.5,135.5,98.2492
-3.5,136.5,98.159645
-3.5,137.5,98.34925
-3.5,138.5,102.07041
-3.5,139.5,99.0749
-3.5,140.5,114.638466
-3.5,141.5,114.53094
-3.5,142.5,113.37976
-3.5,143.5,95.09501
-2.5,-79.5,102.21165
-2.5,-78.5,86.36983
-2.5,-77.5,114.08747
-2.5,-76.5,113.968765
-2.5,-75.5,114.94063
-2.5,-74.5,115.319435
-2.5,-73.5,100.40263
-2.5,-72.5,115.719444
-2.5,-71.5,115.81341
-2.5,-70.5,100.37425
-2.5,-69.5,115.69211
-2.5,-68.5,99.94201
-2.5,-67.5,98.24944
-2.5,-66.5,97.61804
-2.5,-65.5,113.13807
-2.5,-64.5,97.86509
-2.5,-63.5,96.61926
-2.5,-62.5,96.626144
-2.5,-61.5,95.58269
-2.5,-60.5,111.694626
-2.5,-59.5,108.895874
-2.5,-58.5,87.3818
-2.5,-57.5,103.107124
-2.5,-56.5,102.41392
-2.5,-55.5,82.08872
-2.5,-54.5,95.06309
-2.5,-53.5,74.65945
-2.5,-52.5,92.77753
-2.5,-51.5,80.65534
-2.5,-50.5,82.8383
-2.5,-49.5,108.183784
-2.5,-48.5,87.00303
-2.5,-47.5,81.8294
-2.5,-46.5,81.28543
-2.5,-45.5,69.59509
-2.5,-44.5,68.85859
-2.5,-43.5,84.48181
-2.5,10.5,78.52373
-2.5,11.5,103.364624
-2.5,12.5,79.6707
-2.5,13.5,81.601
-2.5,14.5,69.71125
-2.5,15.5,81.9375
-2.5,16.5,80.26945
-2.5,17.5,81.20814
-2.5,18.5,81.12161
-2.5,19.5,82.9752
-2.5,20.5,85.17578
-2.5,21.5,86.043816
-2.5,22.5,85.0834
-2.5,23.5,84.66655
-2.5,24.5,83.08199
-2.5,25.5,106.30541
-2.5,26.5,114.46336
-2.5,27.5,117.902145
-2.5,28.5,107.10305
-2.5,29.5,81.951775
-2.5,30.5,82.403725
-2.5,31.5,68.00552
-2.5,32.5,67.256836
-2.5,33.5,65.24692
-2.5,34.5,58.23509
-2.5,35.5,43.299694
-2.5,36.5,48.97503
-2.5,37.5,73.37962
-2.5,38.5,52.053524
-2.5,39.5,54.18541
-2.5,40.5,44.002308
-2.5,101.5,92.33473
-2.5,102.5,109.553856
-2.5,103.5,109.98301
-2.5,104.5,111.72177
-2.5,105.5,94.66559
-2.5,110.5,97.46907
-2.5,111.5,89.95625
-2.5,112.5,110.96503
-2.5,113.5,45.228046
-2.5,114.5,97.713745
-2.5,115.5,107.80704
-2.5,119.5,84.43436
-2.5,120.5,91.43654
-2.5,121.5,102.556786
-2.5,133.5,97.785995
-2.5,136.5,98.6935
-2.5,137.5,98.77929
-2.5,138.5,98.03607
-2.5,139.5,96.64099
-2.5,140.5,95.28721
-1.5,-80.5,75.646324
-1.5,-79.5,86.79858
-1.5,-78.5,87.84585
-1.5,-77.5,114.250496
-1.5,-76.5,114.163414
-1.5,-75.5,115.175644
-1.5,-74.5,115.754845
-1.5,-73.5,115.98455
-1.5,-72.5,115.95681
-1.5,-71.5,115.905014
-1.5,-70.5,100.575
-1.5,-69.5,100.95881
-1.5,-68.5,100.55123
-1.5,-67.5,100.13006
-1.5,-66.5,99.514175
-1.5,-65.5,98.88372
-1.5,-64.5,97.19443
-1.5,-63.5,94.893776
-1.5,-62.5,94.12168
-1.5,-61.5,95.29219
-1.5,-60.5,108.808205
-1.5,-59.5,106.78899
-1.5,-58.5,103.46488
-1.5,-57.5,101.03995
-1.5,-56.5,111.93544
-1.5,-55.5,113.48457
-1.5,-54.5,107.29548
-1.5,-53.5,91.99922
-1.5,-52.5,82.6165
-1.5,-51.5,102.11897
-1.5,-50.5,107.77344
-1.5,-49.5,90.48818
-1.5,-48.5,93.346466
-1.5,-47.5,89.34034
-1.5,-46.5,84.03278
-1.5,-45.5,78.25267
-1.5,9.5,87.30095
-1.5,10.5,80.25947
-1.5,11.5,81.901695
-1.5,12.5,81.70034
-1.5,13.5,83.33358
-1.5,14.5,69.48281
-1.5,15.5,81.06046
-1.5,16.5,80.79371
-1.5,17.5,82.39835
-1.5,18.5,83.13356
-1.5,19.5,87.38686
-1.5,20.5,88.53094
-1.5,21.5,86.40593
-1.5,22.5,85.32913
-1.5,23.5,85.42058
-1.5,24.5,117.568
-1.5,25.5,87.94511
-1.5,26.5,117.88061
-1.5,27.5,120.28723
-1.5,28.5,104.050644
-1.5,29.5,67.533936
-1.5,30.5,77.43523
-1.5,31.5,77.91308
-1.5,34.5,70.2511
-1.5,35.5,46.887955
-1.5,36.5,51.54854
-1.5,37.5,44.76197
-1.5,38.5,41.27844
-1.5,39.5,58.951176
-1.5,40.5,52.666878
-1.5,41.5,46.22949
-1.5,101.5,110.56373
-1.5,102.5,110.83037
-1.5,103.5,93.35661
-1.5,110.5,74.89607
-1.5,111.5,90.05966
-1.5,112.5,113.07902
-1.5,113.5,78.21272
-1.5,114.5,45.065994
-1.5,115.5,109.39759
-1.5,116.5,112.90103
-1.5,119.5,104.80418
-1.5,120.5,81.89505
-1.5,121.5,99.426834
-1.5,132.5,99.86113
-1.5,133.5,109.32379
-0.5,-79.5,86.47953
-0.5,-78.5,87.996506
-0.5,-77.5,93.06294
-0.5,-76.5,114.33326
-0.5,-75.5,114.47496
-0.5,-74.5,99.49261
-0.5,-73.5,100.215675
-0.5,-72.5,99.94271
-0.5,-71.5,100.433304
-0.5,-70.5,100.59876
-0.5,-69.5,92.01015
-0.5,-68.5,123.71529
-0.5,-67.5,100.29284
-0.5,-66.5,99.5022
-0.5,-65.5,97.6843
-0.5,-64.5,95.914024
-0.5,-63.5,94.06773
-0.5,-62.5,93.73375
-0.5,-61.5,93.720566
-0.5,-60.5,107.825035
-0.5,-59.5,112.6527
-0.5,-58.5,107.9601
-0.5,-57.5,107.21794
-0.5,-56.5,110.56786
-0.5,-55.5,101.612595
-0.5,-54.5,91.0622
-0.5,-53.5,98.51862
-0.5,-52.5,102.04393
-0.5,-51.5,79.443825
-0.5,-50.5,107.8018
-0.5,-49.5,113.98505
-0.5,9.5,80.208565
-0.5,10.5,79.89377
-0.5,11.5,79.798485
-0.5,12.5,80.69898
-0.5,13.5,82.44839
-0.5,14.5,84.98829
-0.5,15.5,83.847946
-0.5,16.5,87.78111
-0.5,17.5,89.50519
-0.5,18.5,90.98792
-0.5,19.5,87.117874
-0.5,20.5,87.868904
-0.5,21.5,88.66547
-0.5,22.5,85.42235
-0.5,23.5,86.87941
-0.5,24.5,87.95301
-0.5,25.5,88.35743
-0.5,26.5,119.453804
-0.5,27.5,120.469246
-0.5,28.5,106.34943
-0.5,29.5,88.5425
-0.5,30.5,58.57586
-0.5,31.5,63.550987
-0.5,34.5,70.868034
-0.5,35.5,52.039085
-0.5,36.5,49.93983
-0.5,37.5,49.56346
-0.5,38.5,42.57627
-0.5,39.5,57.004307
-0.5,40.5,52.245213
-0.5,41.5,46.483013
-0.5,100.5,92.45579
-0.5,101.5,110.982056
-0.5,102.5,98.30985
-0.5,103.5,112.96188
-0.5,109.5,97.63783
-0.5,110.5,110.5758
-0.5,111.5,111.66861
-0.5,112.5,112.47796
-0.5,113.5,113.58919
-0.5,114.5,112.819176
-0.5,115.5,111.18646
-0.5,116.5,98.02329
-0.5,132.5,106.80863
0.5,-79.5,115.82419
0.5,-78.5,91.04467
0.5,-77.5,91.13207
0.5,-76.5,122.84911
0.5,-75.5,98.31758
0.5,-74.5,97.2386
0.5,-73.5,110.92838
0.5,-72.5,98.65927
0.5,-71.5,99.91661
0.5,-70.5,100.065186
0.5,-69.5,96.60552
0.5,-68.5,100.85528
0.5,-67.5,100.653175
0.5,-66.5,100.64932
0.5,-65.5,88.15386
0.5,-64.5,91.6159
0.5,-63.5,93.24604
0.5,-62.5,91.37706
0.5,-61.5,90.13827
0.5,-60.5,87.26464
0.5,-59.5,107.919365
0.5,-58.5,103.778404
0.5,-57.5,102.03332
0.5,-56.5,102.13354
0.5,-55.5,95.068634
0.5,-54.5,94.9597
0.5,-53.5,98.011246
0.5,-52.5,101.22773
0.5,-51.5,83.489235
0.5,-50.5,83.01397
0.5,9.5,83.09348
0.5,10.5,81.20772
0.5,11.5,80.39569
0.5,12.5,82.0919
0.5,13.5,82.68132
0.5,14.5,82.18319
0.5,15.5,81.0156
0.5,16.5,86.83893
0.5,17.5,88.41208
0.5,18.5,88.79117
0.5,19.5,86.22175
0.5,20.5,87.40966
0.5,21.5,88.00322
0.5,22.5,85.298134
0.5,23.5,84.66955
0.5,24.5,85.66887
0.5,25.5,86.78772
0.5,26.5,115.880264
0.5,27.5,116.38996
0.5,28.5,118.97765
0.5,29.5,105.558105
0.5,30.5,70.513336
0.5,31.5,65.41716
0.5,32.5,71.57793
0.5,33.5,71.92378
0.5,34.5,71.9219
0.5,35.5,55.389126
0.5,36.5,48.963505
0.5,37.5,49.513657
0.5,38.5,48.119347
0.5,39.5,58.334633
0.5,40.5,54.727135
0.5,41.5,57.10976
0.5,42.5,34.160297
0.5,99.5,93.79995
0.5,100.5,111.71054
0.5,101.5,90.839134
0.5,102.5,97.25976
0.5,109.5,95.33465
0.5,110.5,112.90718
0.5,111.5,115.78994
0.5,112.5,113.153854
0.5,113.5,113.229614
0.5,114.5,113.83647
0.5,115.5,113.15588
0.5,116.5,111.57279
0.5,117.5,109.93094
0.5,121.5,97.56081
0.5,123.5,98.18486
1.5,-78.5,100.42199
1.5,-77.5,90.56113
1.5,-76.5,90.10498
1.5,-75.5,111.08184
1.5,-74.5,108.175064
1.5,-73.5,107.315025
1.5,-72.5,108.92126
1.5,-71.5,97.90159
1.5,-70.5,99.01528
1.5,-69.5,93.27574
1.5,-68.5,95.491035
1.5,-67.5,100.500336
1.5,-66.5,126.486275
1.5,-65.5,110.272125
1.5,-64.5,100.43189
1.5,-63.5,106.94638
1.5,-62.5,110.12515
1.5,-61.5,85.45958
1.5,-60.5,82.75724
1.5,-59.5,100.508934
1.5,-58.5,74.16818
1.5,-57.5,74.88004
1.5,-56.5,102.60175
1.5,-55.5,95.73065
1.5,-54.5,97.93092
1.5,-53.5,96.78328
1.5,-52.5,104.590256
1.5,-51.5,107.10798
1.5,-50.5,83.916595
1.5,10.5,84.146706
1.5,11.5,81.33174
1.5,12.5,80.6846
1.5,13.5,81.72864
1.5,14.5,82.89735
1.5,15.5,81.712654
1.5,16.5,79.75008
1.5,17.5,87.118515
1.5,18.5,86.70335
1.5,19.5,88.364555
1.5,20.5,84.8687
1.5,21.5,85.81919
1.5,22.5,84.07585
1.5,23.5,80.97341
1.5,24.5,82.20162
1.5,25.5,106.33681
1.5,26.5,108.984886
1.5,27.5,112.49775
1.5,28.5,114.396416
1.5,29.5,110.963066
1.5,30.5,101.46579
1.5,31.5,77.66206
1.5,32.5,77.68045
1.5,33.5,71.260376
1.5,34.5,57.2575
1.5,35.5,56.948162
1.5,36.5,61.24339
1.5,37.5,49.064266
1.5,38.5,73.96527
1.5,39.5,64.67804
1.5,40.5,63.351604
1.5,41.5,60.9536
1.5,42.5,67.287224
1.5,43.5,43.490665
1.5,44.5,34.82315
1.5,99.5,110.909035
1.5,100.5,98.36674
1.5,101.5,97.2753
1.5,103.5,94.007965
1.5,109.5,78.17716
1.5,110.5,113.74426
1.5,111.5,113.80569
1.5,112.5,113.410866
1.5,113.5,113.61711
1.5,114.5,113.196236
1.5,115.5,113.04983
1.5,116.5,111.89002
1.5,117.5,109.49512
2.5,-77.5,128.19315
2.5,-76.5,89.299515
2.5,-75.5,90.20943
2.5,-74.5,107.381195
2.5,-73.5,106.53566
2.5,-72.5,107.19505
2.5,-71.5,95.372765
2.5,-70.5,97.12831
2.5,-69.5,98.64061
2.5,-68.5,98.95858
2.5,-67.5,99.13237
2.5,-66.5,124.83206
2.5,-65.5,110.92466
2.5,-64.5,106.06578
2.5,-63.5,72.132256
2.5,-62.5,105.116135
2.5,-61.5,104.81555
2.5,-60.5,80.38653
2.5,-59.5,70.058075
2.5,-58.5,100.55577
2.5,-57.5,93.36278
2.5,-56.5,100.56312
2.5,-55.5,98.17159
2.5,-54.5,102.30923
2.5,-53.5,102.59079
2.5,-52.5,107.00198
2.5,-51.5,105.55081
2.5,10.5,83.35925
2.5,11.5,79.99351
2.5,12.5,80.14427
2.5,13.5,79.91034
2.5,14.5,79.91988
2.5,15.5,79.7551
2.5,16.5,76.97934
2.5,17.5,77.2403
2.5,18.5,84.12194
2.5,19.5,81.74863
2.5,20.5,81.30169
2.5,21.5,82.2068
2.5,22.5,80.88154
2.5,23.5,80.10039
2.5,24.5,105.63524
2.5,25.5,108.78847
2.5,26.5,110.48814
2.5,27.5,114.35291
2.5,28.5,112.838295
2.5,29.5,114.71344
2.5,30.5,105.89379
2.5,31.5,79.32316
2.5,32.5,80.476814
2.5,33.5,71.595375
2.5,34.5,58.976704
2.5,35.5,70.046
2.5,36.5,69.53479
2.5,37.5,69.807106
2.5,38.5,60.861786
2.5,39.5,60.583138
2.5,40.5,83.872795
2.5,41.5,55.842358
2.5,42.5,62.60757
2.5,43.5,74.052284
2.5,44.5,70.77604
2.5,45.5,56.727257
2.5,98.5,111.04783
2.5,99.5,112.59736
2.5,102.5,87.66624
2.5,103.5,86.096115
2.5,111.5,100.07216
2.5,112.5,113.83659
2.5,113.5,112.57797
2.5,114.5,112.751854
2.5,115.5,94.94728
2.5,116.5,112.757355
2.5,117.5,114.15994
3.5,-76.5,99.41579
3.5,-75.5,88.8076
3.5,-74.5,86.97787
3.5,-73.5,109.843025
3.5,-72.5,106.2214
3.5,-71.5,105.10137
3.5,-70.5,109.55685
3.5,-69.5,96.13825
3.5,-68.5,97.45137
3.5,-67.5,97.693535
3.5,-66.5,122.176834
3.5,-65.5,118.38514
3.5,-64.5,99.072556
3.5,-63.5,98.89993
3.5,-62.5,100.53879
3.5,-61.5,101.41072
3.5,-60.5,82.805595
3.5,-59.5,70.36151
3.5,-58.5,97.75664
3.5,-57.5,102.203606
3.5,-56.5,97.726746
3.5,-55.5,76.28052
3.5,-54.5,108.90216
3.5,-53.5,107.17469
3.5,-52.5,109.663216
3.5,-51.5,107.253075
3.5,10.5,82.986084
3.5,11.5,79.99111
3.5,12.5,76.56349
3.5,13.5,76.860306
3.5,14.5,76.714195
3.5,15.5,78.7249
3.5,16.5,76.24468
3.5,17.5,74.52461
3.5,18.5,80.94164
3.5,19.5,110.6454
3.5,20.5,109.362144
3.5,21.5,103.442055
3.5,22.5,101.59211
3.5,23.5,97.14724
3.5,24.5,101.07615
3.5,25.5,105.19612
3.5,26.5,109.640854
3.5,27.5,109.654884
3.5,28.5,111.51254
3.5,29.5,115.258156
3.5,30.5,112.37021
3.5,31.5,78.830444
3.5,32.5,74.94368
3.5,33.5,59.03677
3.5,34.5,61.02733
3.5,35.5,71.80962
3.5,36.5,70.93115
3.5,37.5,67.47722
3.5,38.5,50.809925
3.5,39.5,49.69859
3.5,40.5,79.918335
3.5,41.5,62.45121
3.5,42.5,70.32175
3.5,43.5,68.77246
3.5,44.5,65.52313
3.5,45.5,65.261375
3.5,46.5,46.88453
3.5,97.5,110.86448
3.5,98.5,114.44628
3.5,101.5,89.07498
3.5,102.5,86.777054
3.5,113.5,113.5268
3.5,114.5,112.993034
3.5,115.5,111.966576
3.5,116.5,113.536995
3.5,117.5,111.43831
4.5,-76.5,102.96449
4.5,-75.5,94.28389
4.5,-74.5,89.9864
4.5,-73.5,102.66399
4.5,-72.5,116.09491
4.5,-71.5,84.82588
4.5,-70.5,104.82897
4.5,-69.5,105.81854
4.5,-68.5,95.11993
4.5,-67.5,121.86611
4.5,-66.5,86.65802
4.5,-65.5,114.72482
4.5,-64.5,109.779655
4.5,-63.5,112.396835
4.5,-62.5,84.828255
4.5,-61.5,78.71433
4.5,-60.5,69.9272
4.5,-59.5,66.43745
4.5,-58.5,75.35774
4.5,-57.5,101.15453
4.5,-56.5,74.43043
4.5,-55.5,105.32161
4.5,-54.5,107.68973
4.5,-53.5,109.254524
4.5,-52.5,111.51608
4.5,-7.5,81.912865
4.5,6.5,95.59786
4.5,7.5,96.68737
4.5,9.5,92.87348
4.5,10.5,81.347046
4.5,11.5,79.144394
4.5,12.5,77.56794
4.5,13.5,78.047554
4.5,14.5,109.767105
4.5,15.5,80.91416
4.5,16.5,76.51215
4.5,17.5,79.23022
4.5,18.5,81.27346
4.5,19.5,111.290245
4.5,20.5,111.28337
4.5,21.5,106.7151
4.5,22.5,100.38335
4.5,23.5,98.19196
4.5,24.5,102.41712
4.5,25.5,105.86325
4.5,26.5,110.9465
4.5,27.5,111.32957
4.5,28.5,113.060684
4.5,29.5,112.26219
4.5,30.5,79.740715
4.5,31.5,77.57519
4.5,32.5,73.916855
4.5,33.5,62.397717
4.5,34.5,94.458435
4.5,35.5,69.424644
4.5,36.5,68.97126
4.5,37.5,78.0788
4.5,38.5,69.07192
4.5,39.5,73.23486
4.5,40.5,58.781384
4.5,41.5,65.58744
4.5,42.5,72.36285
4.5,43.5,72.04622
4.5,44.5,71.62825
4.5,45.5,68.32342
4.5,46.5,64.45383
4.5,47.5,62.78915
4.5,96.5,109.34802
4.5,97.5,111.65768
4.5,101.5,107.5335
4.5,102.5,106.76526
4.5,114.5,115.48361
4.5,115.5,110.700226
4.5,116.5,111.96183
4.5,117.5,109.36583
5.5,-76.5,104.92602
5.5,-75.5,93.69827
5.5,-74.5,122.169876
5.5,-73.5,86.7935
5.5,-72.5,99.94459
5.5,-71.5,112.018524
5.5,-70.5,113.01929
5.5,-69.5,103.71143
5.5,-68.5,92.71035
5.5,-67.5,117.889404
5.5,-66.5,112.68234
5.5,-65.5,109.87459
5.5,-64.5,112.90354
5.5,-63.5,85.07914
5.5,-62.5,85.98615
5.5,-61.5,84.40445
5.5,-60.5,78.197014
5.5,-59.5,84.87783
5.5,-58.5,108.57739
5.5,-57.5,104.045105
5.5,-56.5,111.71768
5.5,-55.5,112.555725
5.5,-54.5,109.740845
5.5,-53.5,101.28563
5.5,-9.5,89.31316
5.5,-8.5,84.184875
5.5,-7.5,85.01109
5.5,-6.5,83.42577
5.5,-5.5,78.996475
5.5,-4.5,77.16324
5.5,-3.5,80.69812
5.5,-2.5,77.035164
5.5,-1.5,79.13364
5.5,-0.5,65.52806
5.5,5.5,92.9152
5.5,6.5,84.52953
5.5,7.5,83.90679
5.5,8.5,93.14233
5.5,9.5,87.65828
5.5,10.5,79.916306
5.5,11.5,79.72944
5.5,12.5,77.04742
5.5,13.5,80.71514
5.5,14.5,82.68815
5.5,15.5,77.5628
5.5,16.5,76.496735
5.5,17.5,80.0337
5.5,18.5,77.522156
5.5,19.5,77.3182
5.5,20.5,79.75243
5.5,21.5,79.274605
5.5,22.5,73.80451
5.5,23.5,91.81412
5.5,24.5,96.32418
5.5,25.5,78.34096
5.5,26.5,78.3225
5.5,27.5,78.54376
5.5,28.5,77.218956
5.5,29.5,80.30839
5.5,30.5,77.92818
5.5,31.5,90.80594
5.5,32.5,97.17215
5.5,33.5,86.0059
5.5,34.5,77.50279
5.5,35.5,77.674126
5.5,36.5,58.016808
5.5,37.5,52.830936
5.5,38.5,45.750458
5.5,39.5,53.15518
5.5,40.5,59.60536
5.5,41.5,66.64038
5.5,42.5,70.35704
5.5,43.5,72.335724
5.5,44.5,71.57208
5.5,45.5,62.75848
5.5,46.5,60.932472
5.5,47.5,69.130936
5.5,48.5,67.13171
5.5,100.5,107.34226
5.5,101.5,105.16918
5.5,102.5,84.32249
5.5,116.5,109.41682
5.5,117.5,110.80469
5.5,118.5,106.035545
6.5,-76.5,98.478424
6.5,-75.5,91.42352
6.5,-74.5,112.616806
6.5,-73.5,108.98712
6.5,-72.5,97.86096
6.5,-71.5,110.33716
6.5,-70.5,111.89721
6.5,-69.5,89.510666
6.5,-68.5,89.51033
6.5,-67.5,87.943794
6.5,-66.5,108.31593
6.5,-65.5,107.6769
6.5,-64.5,81.4538
6.5,-63.5,108.56397
6.5,-62.5,108.200714
6.5,-61.5,80.47244
6.5,-60.5,78.67303
6.5,-59.5,107.515396
6.5,-58.5,105.58001
6.5,-10.5,86.380165
6.5,-9.5,84.08674
6.5,-8.5,80.39617
6.5,-7.5,77.23965
6.5,-6.5,75.88543
6.5,-5.5,75.74651
6.5,-4.5,75.25913
6.5,-3.5,73.60383
6.5,-2.5,73.035
6.5,-1.5,73.82967
6.5,-0.5,77.23462
6.5,0.5,79.09337
6.5,1.5,73.0634
6.5,2.5,76.29172
6.5,3.5,86.5008
6.5,4.5,79.84436
6.5,5.5,80.78515
6.5,6.5,80.121506
6.5,7.5,80.56595
6.5,8.5,105.542984
6.5,9.5,94.36884
6.5,10.5,82.90572
6.5,11.5,84.54996
6.5,12.5,80.77713
6.5,13.5,112.4713
6.5,14.5,111.54783
6.5,15.5,76.40529
6.5,16.5,76.985085
6.5,17.5,78.99483
6.5,18.5,79.4647
6.5,19.5,79.23322
6.5,20.5,77.10097
6.5,21.5,77.192665
6.5,22.5,75.50748
6.5,23.5,74.792915
6.5,24.5,76.534004
6.5,25.5,76.66207
6.5,26.5,76.06746
6.5,27.5,78.01973
6.5,28.5,79.037346
6.5,29.5,79.422966
6.5,30.5,91.4818
6.5,31.5,94.7595
6.5,32.5,93.96429
6.5,33.5,92.631676
6.5,34.5,92.85894
6.5,35.5,88.10554
6.5,36.5,97.11946
6.5,37.5,66.080605
6.5,38.5,85.37629
6.5,39.5,84.147385
6.5,40.5,59.49176
6.5,41.5,84.88292
6.5,42.5,71.618454
6.5,43.5,70.255264
6.5,44.5,66.24171
6.5,45.5,56.36286
6.5,46.5,60.253872
6.5,47.5,67.19084
6.5,48.5,70.60227
6.5,80.5,83.96834
6.5,81.5,71.98723
6.5,100.5,80.69164
6.5,101.5,81.229485
6.5,116.5,104.77466
6.5,124.5,80.56647
6.5,125.5,83.451775
7.5,-80.5,84.9487
7.5,-77.5,95.45683
7.5,-76.5,116.504944
7.5,-75.5,111.10961
7.5,-74.5,111.725
7.5,-73.5,110.72946
7.5,-72.5,82.793655
7.5,-71.5,107.983826
7.5,-70.5,99.73007
7.5,-69.5,98.354385
7.5,-68.5,96.70315
7.5,-67.5,93.47169
7.5,-66.5,93.55026
7.5,-65.5,72.93105
7.5,-64.5,75.78649
7.5,-63.5,74.548615
7.5,-62.5,73.63897
7.5,-61.5,72.35701
7.5,-60.5,79.386086
7.5,-59.5,105.29447
7.5,-11.5,78.66368
7.5,-10.5,77.592155
7.5,-9.5,96.09398
7.5,-8.5,79.84524
7.5,-7.5,77.0269
7.5,-6.5,74.66005
7.5,-5.5,77.865265
7.5,-4.5,73.84942
7.5,-3.5,79.406845
7.5,-2.5,78.1051
7.5,-1.5,79.51811
7.5,-0.5,79.819214
7.5,0.5,84.47098
7.5,1.5,78.37412
7.5,2.5,79.00037
7.5,3.5,79.75818
7.5,4.5,100.25757
7.5,5.5,80.195625
7.5,6.5,83.55396
7.5,7.5,78.83699
7.5,8.5,80.07168
7.5,9.5,77.47072
7.5,10.5,80.28488
7.5,11.5,80.033424
7.5,12.5,83.50432
7.5,13.5,82.33293
7.5,14.5,82.74915
7.5,15.5,77.390045
7.5,16.5,77.67344
7.5,17.5,76.760994
7.5,18.5,73.1316
7.5,19.5,76.02711
7.5,20.5,75.65134
7.5,21.5,72.89433
7.5,22.5,73.7209
7.5,23.5,74.37805
7.5,24.5,76.23649
7.5,25.5,75.012634
7.5,26.5,78.42623
7.5,27.5,79.66022
7.5,28.5,96.1146
7.5,29.5,95.77245
7.5,30.5,84.66373
7.5,31.5,70.50587
7.5,32.5,95.515465
7.5,33.5,96.822815
7.5,34.5,102.86231
7.5,35.5,91.87454
7.5,36.5,75.66875
7.5,37.5,88.86346
7.5,38.5,73.90539
7.5,39.5,67.92487
7.5,40.5,72.40256
7.5,41.5,80.180435
7.5,42.5,70.09794
7.5,43.5,67.51606
7.5,44.5,59.19158
7.5,45.5,54.839455
7.5,46.5,53.904716
7.5,47.5,63.145817
7.5,48.5,67.69284
7.5,49.5,69.87112
7.5,80.5,73.43945
7.5,81.5,72.57435
7.5,99.5,81.01095
7.5,124.5,104.36004
7.5,125.5,104.78178
7.5,126.5,90.937645
8.5,-82.5,88.612686
8.5,-81.5,87.83792
8.5,-80.5,85.13896
8.5,-78.5,84.58086
8.5,-77.5,108.13483
8.5,-76.5,105.75503
8.5,-75.5,107.44491
8.5,-74.5,109.33417
8.5,-73.5,101.676414
8.5,-72.5,114.86559
8.5,-71.5,77.31316
8.5,-70.5,95.352036
8.5,-69.5,101.746
8.5,-68.5,93.88764
8.5,-67.5,97.80118
8.5,-66.5,98.863075
8.5,-65.5,93.14825
8.5,-64.5,61.995117
8.5,-63.5,61.853912
8.5,-62.5,97.15035
8.5,-61.5,94.25238
8.5,-60.5,97.923706
8.5,-12.5,77.23387
8.5,-11.5,76.53273
8.5,-10.5,82.640434
8.5,-9.5,100.54042
8.5,-8.5,83.6653
8.5,-7.5,80.53904
8.5,-6.5,75.351105
8.5,-5.5,75.764626
8.5,-4.5,77.82219
8.5,-3.5,78.590324
8.5,-2.5,75.86721
8.5,-1.5,75.96455
8.5,-0.5,77.14246
8.5,0.5,82.84077
8.5,1.5,76.191444
8.5,2.5,78.12
8.5,3.5,78.64654
8.5,4.5,78.34314
8.5,5.5,80.52332
8.5,6.5,74.647675
8.5,7.5,76.98199
8.5,8.5,75.69059
8.5,9.5,74.784294
8.5,10.5,73.6266
8.5,11.5,76.60887
8.5,12.5,76.348625
8.5,13.5,75.94405
8.5,14.5,74.52849
8.5,15.5,75.01977
8.5,16.5,70.48418
8.5,17.5,69.59864
8.5,18.5,71.896904
8.5,19.5,72.418526
8.5,20.5,76.4924
8.5,21.5,74.867455
8.5,22.5,72.75178
8.5,23.5,76.92111
8.5,24.5,74.36004
8.5,25.5,94.23325
8.5,26.5,94.66026
8.5,27.5,90.99315
8.5,28.5,92.96729
8.5,29.5,95.064644
8.5,30.5,87.074326
8.5,31.5,97.53087
8.5,32.5,93.323746
8.5,33.5,97.17086
8.5,34.5,110.45517
8.5,35.5,104.35343
8.5,36.5,108.712746
8.5,37.5,94.63106
8.5,38.5,73.051056
8.5,39.5,73.76036
8.5,40.5,73.38749
8.5,41.5,70.75546
8.5,42.5,79.47204
8.5,43.5,65.93409
8.5,44.5,61.60286
8.5,45.5,55.594616
8.5,46.5,61.467598
8.5,47.5,68.26575
8.5,48.5,67.91673
8.5,49.5,68.82842
8.5,77.5,59.608616
8.5,80.5,63.932114
8.5,98.5,83.50198
8.5,99.5,80.851105
8.5,123.5,81.3966
8.5,124.5,101.42495
8.5,125.5,107.25787
9.5,-83.5,103.25891
9.5,-75.5,99.62016
9.5,-74.5,104.426704
9.5,-73.5,102.22582
9.5,-72.5,111.308464
9.5,-70.5,77.74149
9.5,-69.5,61.09091
9.5,-68.5,86.86328
9.5,-67.5,89.12708
9.5,-66.5,88.85012
9.5,-65.5,91.60628
9.5,-64.5,95.56539
9.5,-63.5,74.30233
9.5,-62.5,105.57051
9.5,-61.5,96.43371
9.5,-13.5,76.43429
9.5,-12.5,78.23174
9.5,-11.5,79.47272
9.5,-10.5,79.93972
9.5,-9.5,83.10531
9.5,-8.5,80.971985
9.5,-7.5,79.93005
9.5,-6.5,77.82666
9.5,-5.5,71.12088
9.5,-4.5,72.516304
9.5,-3.5,72.60422
9.5,-2.5,75.12978
9.5,-1.5,71.09186
9.5,-0.5,75.64441
9.5,0.5,75.17455
9.5,1.5,77.43886
9.5,2.5,75.596535
9.5,3.5,74.500824
9.5,4.5,72.573395
9.5,5.5,70.22931
9.5,6.5,73.030136
9.5,7.5,79.312355
9.5,8.5,74.15709
9.5,9.5,66.457535
9.5,10.5,67.738914
9.5,11.5,68.18789
9.5,12.5,70.1235
9.5,13.5,93.76861
9.5,14.5,71.35166
9.5,15.5,84.79422
9.5,16.5,87.030106
9.5,17.5,65.303444
9.5,18.5,93.0346
9.5,19.5,69.709984
9.5,20.5,70.47576
9.5,21.5,70.69014
9.5,22.5,70.0151
9.5,23.5,72.51299
9.5,24.5,91.60361
9.5,25.5,89.48113
9.5,26.5,83.6637
9.5,27.5,79.218575
9.5,28.5,87.021805
9.5,29.5,89.21709
9.5,30.5,86.556816
9.5,31.5,91.995476
9.5,32.5,100.57982
9.5,33.5,112.1217
9.5,34.5,105.70198
9.5,35.5,92.21773
9.5,36.5,94.7368
9.5,37.5,97.38921
9.5,38.5,78.21615
9.5,39.5,64.916466
9.5,40.5,62.46719
9.5,41.5,73.21093
9.5,42.5,63.55172
9.5,43.5,67.70325
9.5,44.5,70.00156
9.5,45.5,65.80337
9.5,46.5,65.81224
9.5,47.5,66.10076
9.5,48.5,68.11515
9.5,49.5,68.13719
9.5,50.5,66.9988
9.5,76.5,76.30918
9.5,77.5,70.52138
9.5,78.5,63.922977
9.5,98.5,80.24467
9.5,105.5,106.95823
10.5,-85.5,85.07627
10.5,-84.5,84.26287
10.5,-83.5,108.85074
10.5,-74.5,100.10232
10.5,-73.5,104.632805
10.5,-72.5,98.39822
10.5,-71.5,83.37602
10.5,-70.5,89.07084
10.5,-69.5,77.37282
10.5,-68.5,78.16928
10.5,-66.5,66.747475
10.5,-63.5,66.03581
10.5,-14.5,77.297424
10.5,-13.5,77.85516
10.5,-12.5,78.19679
10.5,-11.5,78.17572
10.5,-10.5,79.81477
10.5,-9.5,75.62746
10.5,-8.5,73.666306
10.5,-7.5,74.531235
10.5,-6.5,75.32606
10.5,-5.5,68.6162
10.5,-4.5,72.82983
10.5,-3.5,75.367386
10.5,-2.5,75.70325
10.5,-1.5,75.853195
10.5,-0.5,56.378036
10.5,0.5,79.23491
10.5,1.5,79.314926
10.5,2.5,71.50316
10.5,3.5,73.17046
10.5,4.5,71.87719
10.5,5.5,71.541016
10.5,6.5,71.14801
10.5,7.5,67.45027
10.5,8.5,70.50006
10.5,9.5,64.79592
10.5,10.5,64.31318
10.5,11.5,93.40677
10.5,12.5,78.35419
10.5,13.5,64.27314
10.5,14.5,86.799675
10.5,15.5,79.351105
10.5,16.5,79.50026
10.5,17.5,88.06981
10.5,18.5,67.29713
10.5,19.5,66.429756
10.5,20.5,93.24946
10.5,21.5,74.99496
10.5,22.5,61.932858
10.5,23.5,56.122684
10.5,24.5,54.22299
10.5,25.5,54.45381
10.5,26.5,52.328037
10.5,27.5,26.542826
10.5,28.5,27.387896
10.5,29.5,29.344378
10.5,30.5,85.412056
10.5,31.5,84.13266
10.5,32.5,92.2379
10.5,33.5,109.39139
10.5,34.5,73.34321
10.5,35.5,91.613
10.5,36.5,103.32836
10.5,37.5,89.39072
10.5,38.5,74.48535
10.5,39.5,70.54745
10.5,40.5,68.04837
10.5,41.5,77.21901
10.5,42.5,73.24418
10.5,43.5,66.74461
10.5,45.5,66.806114
10.5,46.5,65.4218
10.5,47.5,64.44144
10.5,48.5,65.04865
10.5,49.5,64.10205
10.5,50.5,64.711235
10.5,76.5,89.06681
10.5,77.5,81.7421
10.5,78.5,75.08238
10.5,79.5,58.87015
10.5,104.5,109.27734
10.5,105.5,103.209206
10.5,106.5,99.05282
10.5,123.5,96.72581
11.5,-84.5,94.29388
11.5,-72.5,58.209404
11.5,-69.5,58.28398
11.5,-14.5,77.07343
11.5,-13.5,77.28162
11.5,-12.5,74.96684
11.5,-11.5,78.620285
11.5,-10.5,77.96761
11.5,-9.5,72.93706
11.5,-8.5,68.61259
11.5,-7.5,71.18545
11.5,-6.5,71.95551
11.5,-5.5,70.39509
11.5,-4.5,68.999954
11.5,-3.5,68.99653
11.5,-2.5,64.83759
11.5,-1.5,63.389313
11.5,-0.5,94.311844
11.5,0.5,71.19065
11.5,1.5,75.1091
11.5,2.5,73.10286
11.5,3.5,64.248375
11.5,4.5,66.74846
11.5,5.5,70.29817
11.5,6.5,67.245125
11.5,7.5,60.273033
11.5,8.5,55.939472
11.5,9.5,58.698875
11.5,10.5,59.65721
11.5,11.5,46.994976
11.5,12.5,25.341711
11.5,13.5,63.97893
11.5,14.5,76.76568
11.5,15.5,76.95352
11.5,16.5,87.79385
11.5,17.5,87.03149
11.5,18.5,75.52691
11.5,19.5,60.915882
11.5,20.5,60.3887
11.5,21.5,64.98779
11.5,22.5,61.04987
11.5,23.5,58.928688
11.5,24.5,62.298035
11.5,25.5,26.221313
11.5,26.5,25.94486
11.5,27.5,30.512259
11.5,28.5,28.31293
11.5,29.5,62.514545
11.5,30.5,58.905407
11.5,31.5,77.71534
11.5,32.5,85.38312
11.5,33.5,90.00685
11.5,34.5,103.1104
11.5,35.5,75.40693
11.5,36.5,100.79686
11.5,37.5,84.24452
11.5,38.5,76.96709
11.5,39.5,72.245995
11.5,40.5,75.00237
11.5,41.5,77.47319
11.5,42.5,73.991646
11.5,50.5,60.19152
11.5,76.5,69.46176
11.5,77.5,82.15068
11.5,78.5,74.100975
11.5,79.5,58.677837
11.5,99.5,94.35568
11.5,103.5,100.26801
11.5,104.5,85.72172
11.5,105.5,99.517914
11.5,106.5,77.60685
11.5,107.5,109.50839
11.5,108.5,91.05449
11.5,122.5,101.76223
12.5,-86.5,83.322014
12.5,-85.5,73.79462
12.5,-84.5,74.501434
12.5,-16.5,64.623405
12.5,-15.5,63.03576
12.5,-14.5,65.16556
12.5,-13.5,71.93878
12.5,-12.5,73.88975
12.5,-11.5,70.81835
12.5,-10.5,76.520935
12.5,-9.5,65.561325
12.5,-8.5,60.666046
12.5,-7.5,65.14926
12.5,-6.5,62.73929
12.5,-5.5,61.023148
12.5,-4.5,61.33249
12.5,-3.5,61.496506
12.5,-2.5,62.010445
12.5,-1.5,62.156166
12.5,-0.5,67.75814
12.5,0.5,61.211426
12.5,1.5,57.372677
12.5,2.5,56.812386
12.5,3.5,55.087246
12.5,4.5,57.657005
12.5,5.5,56.77702
12.5,6.5,62.5594
12.5,7.5,63.2777
12.5,8.5,61.290726
12.5,9.5,59.449764
12.5,10.5,58.05168
12.5,11.5,27.095482
12.5,12.5,58.41654
12.5,13.5,61.019573
12.5,14.5,83.919945
12.5,15.5,67.335556
12.5,16.5,64.61494
12.5,17.5,87.12576
12.5,18.5,92.545555
12.5,19.5,92.09963
12.5,20.5,91.122185
12.5,21.5,58.86201
12.5,22.5,68.037476
12.5,23.5,61.740112
12.5,24.5,63.4836
12.5,25.5,57.450462
12.5,26.5,23.41888
12.5,27.5,25.00378
12.5,28.5,26.988525
12.5,29.5,77.919136
12.5,30.5,75.89076
12.5,31.5,79.10958
12.5,32.5,93.43087
12.5,33.5,74.24599
12.5,34.5,87.0148
12.5,35.5,94.88995
12.5,36.5,95.914406
12.5,37.5,69.62678
12.5,38.5,78.69723
12.5,39.5,76.58144
12.5,40.5,79.32707
12.5,41.5,77.888275
12.5,42.5,73.91981
12.5,75.5,68.658775
12.5,76.5,77.199554
12.5,77.5,78.688156
12.5,78.5,72.51323
12.5,79.5,72.737114
12.5,99.5,92.16892
12.5,102.5,95.869965
12.5,103.5,95.74522
12.5,104.5,103.10312
12.5,105.5,79.58335
12.5,106.5,81.80161
12.5,107.5,108.868576
12.5,108.5,96.322914
13.5,-88.5,87.42341
13.5,-87.5,75.92396
13.5,-86.5,64.748344
13.5,-85.5,76.081825
13.5,-84.5,74.70288
13.5,-16.5,48.146404
13.5,-15.5,54.97558
13.5,-14.5,57.884026
13.5,-13.5,66.10017
13.5,-12.5,73.235855
13.5,-11.5,74.148186
13.5,-10.5,72.74427
13.5,-9.5,69.497154
13.5,-8.5,74.54221
13.5,-7.5,54.84501
13.5,-6.5,54.992954
13.5,-5.5,61.26472
13.5,-4.5,64.56708
13.5,-3.5,27.197365
13.5,-2.5,66.99105
13.5,-1.5,66.32696
13.5,-0.5,67.43259
13.5,0.5,65.00648
13.5,1.5,62.67026
13.5,2.5,58.55822
13.5,3.5,52.144997
13.5,4.5,42.484184
13.5,5.5,57.712467
13.5,6.5,23.114298
13.5,7.5,25.115557
13.5,8.5,27.070168
13.5,9.5,60.259792
13.5,10.5,57.891197
13.5,11.5,57.098343
13.5,12.5,29.640905
13.5,13.5,60.816498
13.5,14.5,51.42729
13.5,15.5,50.262913
13.5,16.5,51.859882
13.5,17.5,47.257706
13.5,18.5,27.628193
13.5,19.5,65.21377
13.5,20.5,90.70752
13.5,21.5,64.986694
13.5,22.5,60.124287
13.5,23.5,62.802143
13.5,24.5,58.67937
13.5,25.5,30.224066
13.5,26.5,30.245436
13.5,27.5,29.661022
13.5,28.5,46.642254
13.5,29.5,50.539955
13.5,30.5,47.319176
13.5,31.5,60.072742
13.5,32.5,50.365833
13.5,33.5,78.996414
13.5,34.5,90.787575
13.5,35.5,82.642265
13.5,36.5,89.9224
13.5,37.5,75.50831
13.5,38.5,80.62585
13.5,39.5,90.7669
13.5,40.5,79.00107
13.5,41.5,76.56445
13.5,43.5,76.99679
13.5,44.5,68.230835
13.5,45.5,61.48819
13.5,46.5,53.28011
13.5,75.5,64.59394
13.5,76.5,75.53922
13.5,77.5,71.70593
13.5,78.5,70.391136
13.5,79.5,71.532234
13.5,98.5,91.557816
13.5,99.5,92.24891
13.5,100.5,110.25595
13.5,101.5,100.44278
13.5,102.5,88.18897
13.5,103.5,77.467575
13.5,104.5,79.93544
13.5,105.5,71.20989
13.5,106.5,95.7026
13.5,107.5,108.17333
13.5,108.5,93.164024
13.5,123.5,103.23146
14.5,-91.5,80.96608
14.5,-90.5,104.250595
14.5,-89.5,92.89591
14.5,-88.5,77.37852
14.5,-87.5,72.494804
14.5,-86.5,58.641647
14.5,-85.5,64.40251
14.5,-84.5,78.144936
14.5,-83.5,83.25615
14.5,-16.5,21.48746
14.5,-15.5,20.830559
14.5,-14.5,59.057133
14.5,-13.5,63.31879
14.5,-12.5,69.39586
14.5,-11.5,72.28979
14.5,-10.5,59.060448
14.5,-9.5,67.00796
14.5,-8.5,27.20846
14.5,-7.5,59.52027
14.5,-6.5,62.57243
14.5,-5.5,66.42188
14.5,-4.5,65.981674
14.5,-3.5,66.73888
14.5,-2.5,31.35308
14.5,-1.5,32.32826
14.5,-0.5,73.68658
14.5,0.5,71.629616
14.5,1.5,70.551186
14.5,2.5,71.59572
14.5,3.5,66.17417
14.5,4.5,68.847466
14.5,5.5,66.149284
14.5,6.5,27.241726
14.5,7.5,29.163975
14.5,8.5,31.158035
14.5,9.5,29.266155
14.5,10.5,31.448465
14.5,11.5,68.67559
14.5,12.5,70.96988
14.5,13.5,72.34308
14.5,14.5,33.046158
14.5,15.5,58.0585
14.5,16.5,57.98787
14.5,17.5,56.12454
14.5,18.5,67.413765
14.5,19.5,65.310974
14.5,20.5,67.5152
14.5,21.5,63.875496
14.5,22.5,53.710987
14.5,23.5,72.046616
14.5,24.5,71.92504
14.5,25.5,71.33207
14.5,26.5,31.678732
14.5,27.5,74.11554
14.5,28.5,72.99981
14.5,29.5,73.598015
14.5,30.5,63.75076
14.5,31.5,67.36925
14.5,32.5,84.68752
14.5,33.5,73.26379
14.5,34.5,95.71511
14.5,35.5,88.29089
14.5,36.5,67.49568
14.5,37.5,74.40232
14.5,38.5,53.251118
14.5,39.5,82.01223
14.5,40.5,69.52952
14.5,43.5,68.43138
14.5,44.5,60.38748
14.5,45.5,62.6894
14.5,46.5,60.45219
14.5,47.5,56.55368
14.5,48.5,54.91673
14.5,74.5,65.94851
14.5,75.5,70.60887
14.5,76.5,79.16131
14.5,77.5,81.80717
14.5,78.5,71.80065
14.5,79.5,69.06662
14.5,98.5,87.9411
14.5,99.5,74.05505
14.5,100.5,96.39347
14.5,101.5,81.40156
14.5,102.5,63.096764
14.5,103.5,63.23918
14.5,104.5,67.30035
14.5,105.5,67.477264
14.5,106.5,91.860176
14.5,107.5,94.88954
14.5,108.5,98.487144
14.5,121.5,101.42506
15.5,-92.5,77.15083
15.5,-91.5,74.746574
15.5,-90.5,97.74362
15.5,-89.5,97.65137
15.5,-88.5,79.48894
15.5,-87.5,76.90471
15.5,-86.5,89.44276
15.5,-85.5,70.38545
15.5,-84.5,81.887184
15.5,-16.5,62.600754
15.5,-15.5,56.80167
15.5,-14.5,64.50825
15.5,-13.5,66.065605
15.5,-12.5,75.3213
15.5,-11.5,70.851814
15.5,-10.5,68.45536
15.5,-9.5,29.800539
15.5,-8.5,28.58891
15.5,-7.5,30.038906
15.5,-6.5,54.25892
15.5,-5.5,57.19296
15.5,-4.5,74.029854
15.5,-3.5,73.728065
15.5,-2.5,68.86245
15.5,-1.5,71.02963
15.5,-0.5,73.9741
15.5,0.5,32.71212
15.5,1.5,33.199898
15.5,2.5,71.19706
15.5,3.5,66.65165
15.5,4.5,67.26654
15.5,5.5,30.746998
15.5,6.5,30.068054
15.5,7.5,31.526604
15.5,8.5,33.1337
15.5,9.5,32.637455
15.5,10.5,32.09292
15.5,11.5,31.280907
15.5,12.5,54.1126
15.5,13.5,54.567154
15.5,14.5,30.895613
15.5,15.5,55.482292
15.5,16.5,31.360579
15.5,17.5,55.99642
15.5,18.5,56.031086
15.5,19.5,69.459816
15.5,20.5,69.0061
15.5,21.5,68.30702
15.5,22.5,66.97529
15.5,23.5,73.5728
15.5,24.5,72.70477
15.5,25.5,70.82512
15.5,26.5,69.85917
15.5,27.5,73.78464
15.5,28.5,72.239784
15.5,29.5,72.78787
15.5,30.5,72.88935
15.5,31.5,73.415344
15.5,32.5,72.86011
15.5,33.5,101.36448
15.5,34.5,103.77047
15.5,35.5,95.774414
15.5,36.5,92.910576
15.5,37.5,91.94961
15.5,38.5,58.020092
15.5,39.5,61.4645
15.5,43.5,63.75647
15.5,44.5,59.168255
15.5,45.5,56.592026
15.5,46.5,49.536415
15.5,47.5,58.541485
15.5,48.5,56.636852
15.5,49.5,51.22622
15.5,50.5,52.99458
15.5,51.5,54.00279
15.5,74.5,62.44982
15.5,75.5,82.15341
15.5,76.5,71.47005
15.5,77.5,84.27823
15.5,78.5,84.43244
15.5,79.5,72.68547
15.5,98.5,87.761566
15.5,99.5,66.24851
15.5,100.5,95.147354
15.5,101.5,59.560703
15.5,102.5,62.665817
15.5,103.5,75.09931
15.5,104.5,64.181656
15.5,105.5,67.96599
15.5,106.5,97.25294
15.5,107.5,102.63477
15.5,108.5,95.60372
15.5,120.5,101.108025
15.5,121.5,99.34024
16.5,-98.5,87.5351
16.5,-97.5,87.59389
16.5,-96.5,80.40996
16.5,-95.5,87.72736
16.5,-94.5,92.99911
16.5,-93.5,93.7305
16.5,-92.5,97.49355
16.5,-91.5,77.09272
16.5,-90.5,96.85837
16.5,-89.5,96.31392
16.5,-88.5,104.04123
16.5,-15.5,29.04742
16.5,-14.5,30.483318
16.5,-13.5,74.08658
16.5,-12.5,75.7384
16.5,-11.5,68.01994
16.5,-10.5,66.794426
16.5,-9.5,29.773556
16.5,-8.5,52.08553
16.5,-7.5,73.44089
16.5,-6.5,57.52886
16.5,-5.5,57.252754
16.5,-4.5,56.899464
16.5,-3.5,71.10559
16.5,-2.5,32.75697
16.5,-1.5,71.18198
16.5,-0.5,32.443348
16.5,0.5,71.4829
16.5,1.5,69.995
16.5,2.5,70.18912
16.5,3.5,67.296715
16.5,4.5,63.47221
16.5,5.5,30.934694
16.5,6.5,67.43735
16.5,7.5,56.76396
16.5,8.5,55.593197
16.5,9.5,28.630709
16.5,10.5,27.569216
16.5,11.5,27.050123
16.5,12.5,50.535896
16.5,13.5,50.961845
16.5,14.5,49.789192
16.5,15.5,50.43903
16.5,16.5,50.875717
16.5,17.5,51.82758
16.5,18.5,51.933136
16.5,19.5,54.049725
16.5,20.5,55.298645
16.5,21.5,68.61967
16.5,22.5,65.74558
16.5,23.5,61.550297
16.5,24.5,59.737022
16.5,25.5,28.675877
16.5,26.5,28.14897
16.5,27.5,61.552406
16.5,28.5,61.386
16.5,29.5,61.923164
16.5,30.5,62.82124
16.5,31.5,73.33251
16.5,32.5,71.68698
16.5,33.5,72.23063
16.5,34.5,70.39071
16.5,35.5,102.90566
16.5,36.5,67.15018
16.5,37.5,66.74908
16.5,38.5,59.342407
16.5,43.5,61.78325
16.5,44.5,62.294052
16.5,45.5,59.080406
16.5,46.5,59.03904
16.5,47.5,58.261955
16.5,48.5,53.58874
16.5,49.5,56.786995
16.5,50.5,57.94634
16.5,51.5,57.81114
16.5,52.5,54.8426
16.5,73.5,69.34057
16.5,74.5,88.80486
16.5,75.5,100.41348
16.5,76.5,91.117744
16.5,77.5,78.144684
16.5,78.5,64.79195
16.5,79.5,69.443344
16.5,80.5,70.70224
16.5,81.5,83.226006
16.5,94.5,88.81886
16.5,95.5,88.028725
16.5,97.5,91.637886
16.5,98.5,86.080154
16.5,99.5,65.839
16.5,100.5,62.5746
16.5,101.5,80.995735
16.5,102.5,61.792465
16.5,103.5,60.503693
16.5,104.5,62.34595
16.5,105.5,66.59045
16.5,106.5,99.55671
16.5,107.5,100.970665
16.5,120.5,94.83182
16.5,121.5,100.93693
17.5,-100.5,84.06437
17.5,-99.5,84.26573
17.5,-98.5,87.59274
17.5,-97.5,70.80042
17.5,-96.5,71.28913
17.5,-95.5,72.00604
17.5,-94.5,76.06435
17.5,-93.5,75.878746
17.5,-92.5,76.3659
17.5,-91.5,89.82637
17.5,-90.5,96.74495
17.5,-89.5,98.10127
17.5,-88.5,80.757095
17.5,-15.5,67.8524
17.5,-14.5,31.775019
17.5,-13.5,32.289886
17.5,-12.5,72.82129
17.5,-11.5,57.422
17.5,-10.5,57.105984
17.5,-9.5,57.41412
17.5,-8.5,57.19258
17.5,-7.5,57.002068
17.5,-6.5,56.98258
17.5,-5.5,29.674953
17.5,-4.5,29.700966
17.5,-3.5,29.711823
17.5,-2.5,30.181604
17.5,-1.5,30.386452
17.5,-0.5,70.2772
17.5,0.5,67.39672
17.5,1.5,65.40344
17.5,2.5,65.02663
17.5,3.5,64.219795
17.5,4.5,30.983913
17.5,5.5,31.258245
17.5,6.5,56.513798
17.5,7.5,56.165928
17.5,8.5,64.72343
17.5,9.5,24.161808
17.5,10.5,24.777971
17.5,11.5,24.41444
17.5,12.5,24.18893
17.5,13.5,49.238056
17.5,14.5,48.593452
17.5,15.5,49.1472
17.5,16.5,59.652763
17.5,17.5,60.771587
17.5,18.5,49.903114
17.5,19.5,28.307522
17.5,20.5,65.05898
17.5,21.5,67.63933
17.5,22.5,64.22154
17.5,23.5,57.206367
17.5,24.5,25.580341
17.5,25.5,26.879791
17.5,26.5,25.926918
17.5,27.5,59.018055
17.5,28.5,58.475334
17.5,29.5,59.63864
17.5,30.5,55.990635
17.5,31.5,59.057697
17.5,32.5,59.80109
17.5,33.5,69.15725
17.5,34.5,70.372826
17.5,35.5,61.893906
17.5,36.5,62.441113
17.5,37.5,60.12095
17.5,38.5,56.584713
17.5,42.5,61.27154
17.5,43.5,60.56695
17.5,44.5,60.723923
17.5,45.5,49.690594
17.5,46.5,48.137093
17.5,47.5,24.495605
17.5,48.5,50.161522
17.5,49.5,52.336086
17.5,50.5,54.14537
17.5,51.5,55.54906
17.5,52.5,53.8184
17.5,53.5,54.445087
17.5,54.5,56.467297
17.5,73.5,68.74662
17.5,74.5,100.34429
17.5,75.5,105.275955
17.5,76.5,92.302444
17.5,77.5,76.96875
17.5,78.5,66.63801
17.5,79.5,69.67318
17.5,80.5,75.659966
17.5,81.5,63.979095
17.5,82.5,67.60222
17.5,95.5,84.20717
17.5,96.5,87.44603
17.5,97.5,87.595535
17.5,98.5,86.13456
17.5,99.5,68.03595
17.5,100.5,82.81026
17.5,101.5,89.56615
17.5,102.5,67.43034
17.5,103.5,65.47347
17.5,104.5,70.463036
17.5,105.5,95.274765
17.5,106.5,80.65612
17.5,120.5,92.740555
17.5,121.5,102.34089
18.5,-103.5,70.34461
18.5,-102.5,71.669106
18.5,-101.5,70.88421
18.5,-100.5,75.06457
18.5,-99.5,88.07545
18.5,-98.5,89.06696
18.5,-97.5,78.23135
18.5,-96.5,76.19683
18.5,-95.5,71.298225
18.5,-92.5,66.61156
18.5,-91.5,67.888145
18.5,-90.5,101.253044
18.5,-89.5,92.85764
18.5,-88.5,88.64092
18.5,-72.5,76.960396
18.5,-71.5,76.786674
18.5,-70.5,79.87514
18.5,-69.5,84.35716
18.5,-15.5,68.04272
18.5,-14.5,30.492558
18.5,-13.5,29.32882
18.5,-12.5,29.563942
18.5,-11.5,67.26134
18.5,-10.5,28.29878
18.5,-9.5,28.786114
18.5,-8.5,28.377209
18.5,-7.5,27.734444
18.5,-6.5,27.908344
18.5,-5.5,27.142242
18.5,-4.5,27.560244
18.5,-3.5,27.65786
18.5,-2.5,28.510366
18.5,-1.5,66.85597
18.5,-0.5,66.36896
18.5,0.5,64.57543
18.5,1.5,64.52376
18.5,2.5,60.9303
18.5,3.5,60.261887
18.5,4.5,59.968082
18.5,5.5,52.102245
18.5,6.5,53.148285
18.5,7.5,52.254723
18.5,8.5,62.19212
18.5,9.5,54.69516
18.5,10.5,22.211327
18.5,11.5,22.073303
18.5,12.5,21.541733
18.5,13.5,21.547884
18.5,14.5,21.26734
18.5,15.5,22.458094
18.5,16.5,56.60029
18.5,17.5,58.119556
18.5,18.5,55.350613
18.5,19.5,56.514717
18.5,20.5,58.53974
18.5,21.5,59.626537
18.5,22.5,23.866657
18.5,23.5,57.84264
18.5,24.5,57.477642
18.5,25.5,56.63729
18.5,26.5,56.128716
18.5,27.5,57.704895
18.5,28.5,56.86766
18.5,29.5,58.36101
18.5,30.5,55.374596
18.5,31.5,55.362595
18.5,32.5,53.277313
18.5,33.5,54.11333
18.5,34.5,54.952812
18.5,35.5,55.38824
18.5,36.5,54.767616
18.5,37.5,51.522125
18.5,41.5,59.56002
18.5,42.5,57.919266
18.5,43.5,61.28007
18.5,44.5,59.706642
18.5,45.5,48.957912
18.5,46.5,47.212803
18.5,47.5,23.916662
18.5,48.5,23.358263
18.5,49.5,22.335337
18.5,50.5,44.044098
18.5,51.5,53.1104
18.5,52.5,53.168663
18.5,53.5,52.75836
18.5,54.5,56.119278
18.5,55.5,58.14144
18.5,56.5,59.088654
18.5,73.5,77.32824
18.5,74.5,101.61738
18.5,75.5,101.93798
18.5,76.5,83.70006
18.5,77.5,77.6127
18.5,78.5,73.7139
18.5,79.5,65.943146
18.5,80.5,98.76928
18.5,81.5,66.51098
18.5,82.5,65.45888
18.5,83.5,65.836105
18.5,94.5,68.55669
18.5,95.5,85.055534
18.5,96.5,82.70861
18.5,97.5,81.180504
18.5,98.5,84.35806
18.5,99.5,92.41789
18.5,100.5,90.40651
18.5,101.5,90.41508
18.5,102.5,94.20125
18.5,103.5,93.17754
18.5,104.5,94.70722
18.5,105.5,83.28869
18.5,109.5,76.73362
19.5,-155.5,67.67647
19.5,-104.5,67.449585
19.5,-103.5,71.19848
19.5,-102.5,70.98649
19.5,-101.5,68.54446
19.5,-100.5,72.57803
19.5,-99.5,72.94184
19.5,-98.5,73.09104
19.5,-97.5,82.368675
19.5,-96.5,112.30969
19.5,-90.5,89.42876
19.5,-89.5,87.65562
19.5,-88.5,80.6466
19.5,-72.5,73.05934
19.5,-71.5,78.132256
19.5,-70.5,75.86731
19.5,-15.5,28.756462
19.5,-14.5,61.28852
19.5,-13.5,29.595854
19.5,-12.5,61.828194
19.5,-11.5,27.594383
19.5,-10.5,26.954172
19.5,-9.5,26.852404
19.5,-8.5,26.35434
19.5,-7.5,25.914978
19.5,-6.5,26.02331
19.5,-5.5,25.98613
19.5,-4.5,26.294256
19.5,-3.5,26.042242
19.5,-2.5,28.515854
19.5,-1.5,63.03611
19.5,-0.5,62.0027
19.5,0.5,63.161915
19.5,1.5,63.025227
19.5,2.5,58.644165
19.5,3.5,58.462635
19.5,4.5,55.8454
19.5,5.5,57.656116
19.5,6.5,50.70789
19.5,7.5,56.198517
19.5,8.5,55.24662
19.5,9.5,51.60734
19.5,10.5,48.382706
19.5,11.5,49.108692
19.5,12.5,47.800903
19.5,13.5,20.784103
19.5,14.5,20.431984
19.5,15.5,19.30821
19.5,16.5,48.689117
19.5,17.5,49.3164
19.5,18.5,50.899654
19.5,19.5,49.68852
19.5,20.5,47.670227
19.5,21.5,54.013897
19.5,22.5,55.25916
19.5,23.5,54.987232
19.5,24.5,54.873234
19.5,25.5,54.21364
19.5,26.5,54.065052
19.5,27.5,55.77529
19.5,28.5,55.17898
19.5,29.5,55.56011
19.5,30.5,52.720127
19.5,31.5,51.788612
19.5,32.5,49.922356
19.5,33.5,52.477093
19.5,34.5,48.553177
19.5,35.5,53.20529
19.5,36.5,51.10918
19.5,41.5,57.80325
19.5,42.5,59.82727
19.5,43.5,61.749676
19.5,44.5,60.08104
19.5,45.5,48.963596
19.5,46.5,24.828712
19.5,47.5,23.639788
19.5,48.5,22.887047
19.5,49.5,22.525087
19.5,50.5,22.545235
19.5,51.5,22.30839
19.5,52.5,43.124397
19.5,53.5,45.168163
19.5,54.5,44.508057
19.5,55.5,53.750145
19.5,56.5,54.641323
19.5,57.5,58.3109
19.5,73.5,74.444176
19.5,74.5,97.2361
19.5,75.5,92.06105
19.5,76.5,82.83879
19.5,77.5,75.47821
19.5,78.5,65.03852
19.5,79.5,84.65174
19.5,80.5,80.4341
19.5,81.5,64.0002
19.5,82.5,59.17063
19.5,83.5,66.81419
19.5,84.5,67.61725
19.5,94.5,68.52144
19.5,95.5,84.920334
19.5,96.5,77.47406
19.5,97.5,87.854385
19.5,98.5,83.46909
19.5,99.5,91.0192
19.5,100.5,89.34548
19.5,101.5,89.38535
19.5,102.5,92.07285
19.5,103.5,95.60973
19.5,104.5,101.17307
19.5,105.5,81.84154
19.5,109.5,101.58936
19.5,110.5,100.32921
20.5,-104.5,65.15654
20.5,-103.5,65.45662
20.5,-102.5,64.77646
20.5,-101.5,60.16341
20.5,-100.5,63.56574
20.5,-99.5,69.14761
20.5,-98.5,66.54089
20.5,-97.5,72.38288
20.5,-89.5,73.84297
20.5,-88.5,78.17082
20.5,-87.5,78.825516
20.5,-76.5,81.99418
20.5,-75.5,79.391
20.5,-15.5,60.17643
20.5,-14.5,52.458065
20.5,-13.5,61.264286
20.5,-12.5,60.111244
20.5,-11.5,26.07404
20.5,-10.5,24.947256
20.5,-9.5,25.939875
20.5,-8.5,26.597273
20.5,-7.5,26.07398
20.5,-6.5,26.462488
20.5,-5.5,25.761387
20.5,-4.5,26.219458
20.5,-3.5,26.628702
20.5,-2.5,27.387804
20.5,-1.5,60.575806
20.5,-0.5,60.688503
20.5,0.5,60.543133
20.5,1.5,59.937443
20.5,2.5,56.266964
20.5,3.5,55.774067
20.5,4.5,52.396313
20.5,5.5,52.602577
20.5,6.5,54.528244
20.5,7.5,50.02796
20.5,8.5,48.99622
20.5,9.5,46.47192
20.5,10.5,42.70059
20.5,11.5,47.967903
20.5,12.5,50.05535
20.5,13.5,50.77088
20.5,14.5,47.539932
20.5,15.5,45.527725
20.5,16.5,47.86683
20.5,17.5,53.763783
20.5,18.5,9.215022
20.5,19.5,45.975445
20.5,20.5,19.76356
20.5,21.5,49.754967
20.5,22.5,48.32442
20.5,23.5,47.735336
20.5,24.5,47.675743
20.5,25.5,48.584045
20.5,26.5,50.10524
20.5,27.5,52.74479
20.5,28.5,53.005627
20.5,29.5,52.709797
20.5,30.5,51.599327
20.5,31.5,51.25379
20.5,32.5,51.35702
20.5,33.5,50.628414
20.5,34.5,50.74334
20.5,35.5,51.01385
20.5,36.5,48.739178
20.5,40.5,53.99173
20.5,41.5,58.6977
20.5,42.5,57.19289
20.5,43.5,60.84677
20.5,44.5,61.413773
20.5,45.5,58.964905
20.5,46.5,55.01574
20.5,47.5,46.565395
20.5,48.5,45.547226
20.5,49.5,44.522213
20.5,50.5,45.001293
20.5,51.5,42.968876
20.5,52.5,41.97631
20.5,53.5,50.214886
20.5,54.5,44.345974
20.5,55.5,45.67842
20.5,56.5,54.89241
20.5,57.5,59.441956
20.5,73.5,69.814644
20.5,74.5,99.42156
20.5,75.5,86.85329
20.5,76.5,82.01195
20.5,77.5,78.43475
20.5,78.5,77.44574
20.5,79.5,78.526375
20.5,80.5,80.47828
20.5,81.5,56.24721
20.5,82.5,53.434925
20.5,83.5,58.892937
20.5,84.5,64.64422
20.5,85.5,65.0955
20.5,86.5,68.95574
20.5,93.5,67.43965
20.5,94.5,86.893005
20.5,95.5,84.64051
20.5,96.5,80.727715
20.5,97.5,72.34584
20.5,98.5,84.30453
20.5,99.5,88.64609
20.5,100.5,90.158485
20.5,101.5,90.994064
20.5,102.5,93.84248
20.5,103.5,95.777176
20.5,104.5,101.10318
20.5,105.5,82.84258
20.5,106.5,84.72307
21.5,-104.5,62.711864
21.5,-103.5,64.76235
21.5,-102.5,56.693096
21.5,-101.5,59.0285
21.5,-100.5,60.295826
21.5,-99.5,57.375435
21.5,-98.5,64.02229
21.5,-88.5,54.78724
21.5,-87.5,65.39507
21.5,-78.5,87.23026
21.5,-77.5,83.01264
21.5,-16.5,54.86674
21.5,-15.5,52.652977
21.5,-14.5,54.179543
21.5,-13.5,56.57978
21.5,-12.5,57.33864
21.5,-11.5,25.237507
21.5,-10.5,24.381516
21.5,-9.5,24.519842
21.5,-8.5,24.017527
21.5,-7.5,23.470236
21.5,-6.5,51.157238
21.5,-5.5,49.93789
21.5,-4.5,54.07011
21.5,-3.5,57.907238
21.5,-2.5,58.983162
21.5,-1.5,59.725685
21.5,-0.5,57.978485
21.5,0.5,57.956303
21.5,1.5,58.87726
21.5,2.5,53.905975
21.5,3.5,12.003307
21.5,4.5,48.866287
21.5,5.5,48.15885
21.5,6.5,48.06732
21.5,7.5,46.916027
21.5,8.5,48.193634
21.5,9.5,45.56478
21.5,10.5,46.303623
21.5,11.5,48.319794
21.5,12.5,50.017056
21.5,13.5,49.5128
21.5,14.5,51.27424
21.5,15.5,49.369465
21.5,16.5,11.651851
21.5,17.5,44.67159
21.5,18.5,8.809979
21.5,19.5,45.220196
21.5,20.5,50.284866
21.5,21.5,49.931515
21.5,22.5,47.75037
21.5,23.5,46.914276
21.5,24.5,42.905617
21.5,25.5,45.092762
21.5,26.5,47.15847
21.5,27.5,18.640842
21.5,28.5,18.75503
21.5,29.5,51.870617
21.5,30.5,51.63206
21.5,31.5,51.11131
21.5,32.5,51.391064
21.5,33.5,50.83527
21.5,34.5,49.2343
21.5,35.5,50.25639
21.5,36.5,49.45415
21.5,39.5,59.92002
21.5,40.5,62.340958
21.5,41.5,63.093166
21.5,42.5,60.56276
21.5,43.5,62.375126
21.5,44.5,59.956158
21.5,45.5,58.77249
21.5,46.5,55.009655
21.5,47.5,55.037205
21.5,48.5,54.488686
21.5,49.5,44.379524
21.5,50.5,46.297222
21.5,51.5,46.366768
21.5,52.5,44.326912
21.5,53.5,44.26808
21.5,54.5,50.54129
21.5,55.5,46.292633
21.5,56.5,58.34857
21.5,57.5,60.803215
21.5,58.5,26.343634
21.5,70.5,79.8454
21.5,71.5,89.363365
21.5,72.5,90.077446
21.5,73.5,71.870605
21.5,74.5,83.32165
21.5,75.5,83.891365
21.5,76.5,81.06781
21.5,77.5,68.58339
21.5,78.5,77.331985
21.5,79.5,75.12243
21.5,80.5,81.9239
21.5,81.5,56.890488
21.5,82.5,52.693436
21.5,83.5,54.345997
21.5,84.5,56.34045
21.5,85.5,67.50854
21.5,86.5,71.363266
21.5,92.5,73.40324
21.5,93.5,86.11053
21.5,94.5,69.84661
21.5,95.5,85.23404
21.5,96.5,84.32808
21.5,97.5,73.49663
21.5,98.5,87.04831
21.5,99.5,90.72645
21.5,100.5,91.68125
21.5,101.5,93.3306
21.5,102.5,96.096535
21.5,103.5,98.86609
21.5,104.5,102.19034
21.5,105.5,82.31275
21.5,106.5,82.06759
21.5,107.5,84.20227
21.5,109.5,102.34389
21.5,110.5,101.96785
22.5,-105.5,56.540737
22.5,-104.5,58.58803
22.5,-103.5,53.44368
22.5,-102.5,56.658348
22.5,-101.5,58.816746
22.5,-100.5,58.406013
22.5,-99.5,61.295982
22.5,-98.5,68.03615
22.5,-83.5,90.709404
22.5,-81.5,100.515686
22.5,-80.5,90.76074
22.5,-79.5,79.43334
22.5,-15.5,54.407528
22.5,-14.5,55.242455
22.5,-13.5,56.24077
22.5,-12.5,24.86394
22.5,-11.5,25.237812
22.5,-10.5,24.326075
22.5,-9.5,24.04496
22.5,-8.5,45.712364
22.5,-7.5,45.135983
22.5,-6.5,52.480946
22.5,-5.5,46.5324
22.5,-4.5,48.270645
22.5,-3.5,55.921425
22.5,-2.5,58.330475
22.5,-1.5,59.365932
22.5,-0.5,57.176983
22.5,0.5,54.914692
22.5,1.5,53.374336
22.5,2.5,50.669273
22.5,3.5,49.38329
22.5,4.5,12.460081
22.5,5.5,12.669221
22.5,6.5,48.796326
22.5,7.5,44.24376
22.5,8.5,42.66357
22.5,9.5,10.246586
22.5,10.5,44.5016
22.5,11.5,42.019367
22.5,12.5,44.184242
22.5,13.5,43.40835
22.5,14.5,45.28043
22.5,15.5,43.72187
22.5,16.5,49.208652
22.5,17.5,49.15697
22.5,18.5,40.514126
22.5,19.5,40.177147
22.5,20.5,49.57007
22.5,21.5,50.486526
22.5,22.5,49.50088
22.5,23.5,48.95259
22.5,24.5,39.402527
22.5,25.5,40.99946
22.5,26.5,42.076473
22.5,27.5,48.319347
22.5,28.5,51.884727
22.5,29.5,51.945644
22.5,30.5,49.739727
22.5,31.5,49.237064
22.5,32.5,48.372845
22.5,33.5,39.833187
22.5,34.5,42.75199
22.5,35.5,45.791084
22.5,39.5,54.55049
22.5,40.5,58.63847
22.5,41.5,58.851383
22.5,42.5,58.928
22.5,43.5,60.141327
22.5,44.5,59.527912
22.5,45.5,59.28284
22.5,46.5,59.57174
22.5,47.5,56.131374
22.5,48.5,56.784843
22.5,49.5,48.682648
22.5,50.5,48.21978
22.5,51.5,47.83341
22.5,52.5,47.21745
22.5,53.5,46.836426
22.5,54.5,55.781708
22.5,55.5,55.268417
22.5,56.5,58.80943
22.5,57.5,59.244423
22.5,58.5,60.1246
22.5,59.5,60.9727
22.5,69.5,111.501465
22.5,70.5,101.7669
22.5,71.5,95.38297
22.5,72.5,57.190884
22.5,73.5,53.914856
22.5,74.5,76.162315
22.5,75.5,77.29179
22.5,76.5,74.885605
22.5,77.5,74.283295
22.5,78.5,78.5058
22.5,79.5,75.81353
22.5,80.5,83.820015
22.5,81.5,52.33643
22.5,82.5,54.957573
22.5,83.5,56.230675
22.5,84.5,57.678005
22.5,85.5,68.26617
22.5,86.5,66.92358
22.5,87.5,67.66548
22.5,88.5,101.12695
22.5,89.5,98.82924
22.5,90.5,82.60597
22.5,91.5,83.15585
22.5,92.5,76.62724
22.5,93.5,89.38791
22.5,94.5,75.02335
22.5,95.5,87.17356
22.5,96.5,86.19161
22.5,97.5,93.75875
22.5,98.5,88.88222
22.5,99.5,89.67771
22.5,100.5,92.66968
22.5,101.5,94.10197
22.5,102.5,97.9612
22.5,103.5,99.32531
22.5,104.5,102.32139
22.5,105.5,102.562614
22.5,106.5,82.15762
22.5,107.5,81.988174
22.5,108.5,103.16307
22.5,109.5,102.239555
22.5,110.5,103.34278
22.5,111.5,103.813545
22.5,112.5,103.906456
22.5,113.5,108.11323
22.5,120.5,106.711624
23.5,-106.5,58.790756
23.5,-105.5,71.265015
23.5,-104.5,51.811268
23.5,-103.5,53.103905
23.5,-102.5,57.948006
23.5,-101.5,61.961727
23.5,-100.5,63.45552
23.5,-99.5,55.105667
23.5,-98.5,63.90613
23.5,-15.5,54.336895
23.5,-14.5,54.60347
23.5,-13.5,56.887856
23.5,-12.5,56.20045
23.5,-11.5,57.432564
23.5,-10.5,57.336433
23.5,-9.5,56.268234
23.5,-8.5,56.320545
23.5,-7.5,48.349926
23.5,-6.5,55.08475
23.5,-5.5,54.40242
23.5,-4.5,54.65891
23.5,-3.5,24.091
23.5,-2.5,55.785606
23.5,-1.5,54.984303
23.5,-0.5,54.702156
23.5,0.5,55.083996
23.5,1.5,57.763226
23.5,2.5,54.137787
23.5,3.5,53.151085
23.5,4.5,55.670338
23.5,5.5,13.204203
23.5,6.5,13.060305
23.5,7.5,54.40105
23.5,8.5,46.849487
23.5,9.5,46.313595
23.5,10.5,42.968605
23.5,11.5,41.72067
23.5,12.5,17.73694
23.5,13.5,44.343006
23.5,14.5,45.401447
23.5,15.5,43.83755
23.5,16.5,50.245045
23.5,17.5,50.756958
23.5,18.5,50.106407
23.5,19.5,45.723938
23.5,20.5,49.410202
23.5,21.5,50.965958
23.5,22.5,51.04371
23.5,23.5,50.949394
23.5,24.5,43.616203
23.5,25.5,45.733273
23.5,26.5,41.94977
23.5,27.5,44.033806
23.5,28.5,52.66366
23.5,29.5,52.753914
23.5,30.5,47.141914
23.5,31.5,41.058777
23.5,32.5,48.512497
23.5,33.5,40.292194
23.5,34.5,44.231266
23.5,35.5,45.08028
23.5,39.5,55.882175
23.5,40.5,58.50816
23.5,41.5,58.458492
23.5,42.5,58.260468
23.5,43.5,56.431946
23.5,44.5,59.586254
23.5,45.5,60.15259
23.5,46.5,60.297062
23.5,47.5,58.92492
23.5,48.5,59.787163
23.5,49.5,61.33081
23.5,50.5,50.234955
23.5,51.5,60.211292
23.5,52.5,49.252262
23.5,53.5,49.19593
23.5,54.5,26.00956
23.5,55.5,50.592113
23.5,56.5,59.30904
23.5,57.5,61.583866
23.5,58.5,62.927578
23.5,69.5,73.47641
23.5,70.5,77.42015
23.5,71.5,73.92975
23.5,72.5,49.669712
23.5,73.5,45.408604
23.5,74.5,82.91967
23.5,75.5,76.505
23.5,76.5,78.43278
23.5,77.5,76.83755
23.5,78.5,76.60233
23.5,79.5,76.326035
23.5,80.5,75.73538
23.5,81.5,78.9544
23.5,82.5,51.103786
23.5,83.5,55.210052
23.5,84.5,55.876453
23.5,85.5,58.80238
23.5,86.5,64.02529
23.5,87.5,76.27815
23.5,88.5,75.39698
23.5,89.5,102.744774
23.5,90.5,81.541794
23.5,91.5,86.363884
23.5,92.5,77.1146
23.5,93.5,91.92976
23.5,94.5,76.30845
23.5,95.5,73.61807
23.5,96.5,72.83635
23.5,97.5,89.96708
23.5,98.5,88.47475
23.5,99.5,101.318825
23.5,100.5,101.08721
23.5,101.5,92.39459
23.5,102.5,90.342964
23.5,103.5,102.06412
23.5,104.5,95.98347
23.5,105.5,78.7488
23.5,106.5,80.463646
23.5,107.5,81.39319
23.5,108.5,81.25296
23.5,109.5,102.462006
23.5,110.5,103.82728
23.5,111.5,83.26316
23.5,112.5,104.502754
23.5,113.5,109.64408
23.5,114.5,82.85013
23.5,115.5,103.949715
23.5,116.5,101.62414
23.5,120.5,108.28912
24.5,-111.5,60.600708
24.5,-107.5,45.282436
24.5,-106.5,76.55071
24.5,-105.5,56.96913
24.5,-104.5,56.8553
24.5,-103.5,58.901947
24.5,-102.5,63.670753
24.5,-101.5,62.321598
24.5,-100.5,62.38434
24.5,-99.5,50.708466
24.5,-98.5,61.702847
24.5,-14.5,53.19837
24.5,-13.5,55.885014
24.5,-12.5,57.23082
24.5,-11.5,57.911274
24.5,-10.5,55.48845
24.5,-9.5,51.821705
24.5,-8.5,54.674503
24.5,-7.5,52.751263
24.5,-6.5,53.90079
24.5,-5.5,53.925068
24.5,-4.5,55.57254
24.5,-3.5,56.400623
24.5,-2.5,23.038073
24.5,-1.5,51.507
24.5,-0.5,55.957966
24.5,0.5,56.45614
24.5,1.5,56.623714
24.5,2.5,58.171673
24.5,3.5,53.623074
24.5,4.5,51.500084
24.5,5.5,12.419414
24.5,6.5,56.018074
24.5,7.5,54.326298
24.5,8.5,49.173832
24.5,9.5,48.463303
24.5,10.5,43.023636
24.5,11.5,19.195024
24.5,12.5,18.380526
24.5,13.5,18.831827
24.5,14.5,46.63619
24.5,15.5,45.74903
24.5,16.5,49.531746
24.5,17.5,50.102863
24.5,18.5,50.012077
24.5,19.5,17.64815
24.5,20.5,17.047567
24.5,21.5,16.959896
24.5,22.5,16.73034
24.5,23.5,49.489147
24.5,24.5,46.65524
24.5,25.5,45.638855
24.5,26.5,15.822088
24.5,27.5,46.07737
24.5,28.5,48.796127
24.5,29.5,49.202343
24.5,30.5,48.912876
24.5,31.5,39.38796
24.5,32.5,41.555325
24.5,33.5,40.09755
24.5,34.5,43.434296
24.5,37.5,48.37165
24.5,38.5,54.58905
24.5,39.5,56.274757
24.5,40.5,57.400528
24.5,41.5,57.54604
24.5,42.5,59.310604
24.5,43.5,60.144733
24.5,44.5,59.984276
24.5,45.5,58.812057
24.5,46.5,60.01709
24.5,47.5,60.426395
24.5,48.5,51.85535
24.5,49.5,62.343143
24.5,50.5,52.077267
24.5,51.5,51.658077
24.5,54.5,53.674355
24.5,55.5,27.00514
24.5,56.5,61.472366
24.5,67.5,97.01229
24.5,68.5,87.06428
24.5,69.5,68.62883
24.5,70.5,74.644424
24.5,71.5,57.415546
24.5,72.5,62.565334
24.5,73.5,48.303837
24.5,74.5,48.55814
24.5,75.5,75.96923
24.5,76.5,78.54027
24.5,77.5,76.3846
24.5,78.5,49.838955
24.5,79.5,49.449203
24.5,80.5,50.39202
24.5,81.5,51.8468
24.5,82.5,50.365402
24.5,83.5,63.33721
24.5,84.5,64.373535
24.5,85.5,56.72833
24.5,86.5,62.54825
24.5,87.5,63.425804
24.5,88.5,77.22491
24.5,89.5,80.51561
24.5,90.5,83.507195
24.5,91.5,85.76796
24.5,92.5,86.32033
24.5,93.5,94.71289
24.5,94.5,95.41903
24.5,95.5,74.56893
24.5,96.5,92.47136
24.5,97.5,96.990036
24.5,98.5,88.36711
24.5,99.5,103.60136
24.5,100.5,101.91048
24.5,101.5,100.38671
24.5,102.5,100.050995
24.5,103.5,101.5818
24.5,104.5,108.13124
24.5,105.5,101.525276
24.5,106.5,102.29966
24.5,107.5,103.92532
24.5,108.5,103.51172
24.5,109.5,102.63579
24.5,110.5,103.70628
24.5,111.5,103.540596
24.5,112.5,104.43088
24.5,113.5,105.50264
24.5,114.5,104.68108
24.5,115.5,83.479324
24.5,116.5,84.72918
24.5,117.5,105.95606
24.5,121.5,85.90239
25.5,-111.5,54.461113
25.5,-108.5,46.034725
25.5,-107.5,69.023735
25.5,-106.5,56.505333
25.5,-105.5,60.25754
25.5,-104.5,58.444954
25.5,-103.5,58.644238
25.5,-102.5,65.193924
25.5,-101.5,63.817856
25.5,-100.5,56.403008
25.5,-99.5,59.926216
25.5,-98.5,75.83069
25.5,-97.5,84.99938
25.5,-80.5,42.1072
25.5,-14.5,54.459156
25.5,-13.5,55.757797
25.5,-12.5,56.212467
25.5,-11.5,58.344917
25.5,-10.5,59.2895
25.5,-9.5,56.130817
25.5,-8.5,54.462677
25.5,-7.5,53.369045
25.5,-6.5,52.560207
25.5,-5.5,12.401836
25.5,-4.5,53.857418
25.5,-3.5,54.581734
25.5,-2.5,22.94019
25.5,-1.5,23.530127
25.5,-0.5,52.268364
25.5,0.5,53.520187
25.5,1.5,53.459396
25.5,2.5,55.368145
25.5,3.5,12.082852
25.5,4.5,52.44433
25.5,5.5,49.89276
25.5,6.5,51.05712
25.5,7.5,53.076546
25.5,8.5,53.079338
25.5,9.5,49.871506
25.5,10.5,46.84706
25.5,11.5,44.947132
25.5,12.5,19.664751
25.5,13.5,19.359158
25.5,14.5,20.388048
25.5,15.5,48.083496
25.5,16.5,47.315403
25.5,17.5,46.365154
25.5,18.5,46.530094
25.5,19.5,46.88245
25.5,20.5,18.080263
25.5,21.5,46.15101
25.5,22.5,16.953268
25.5,23.5,43.159996
25.5,24.5,42.968666
25.5,25.5,47.06616
25.5,26.5,16.012901
25.5,27.5,15.269913
25.5,28.5,49.18142
25.5,29.5,42.671204
25.5,30.5,41.331593
25.5,31.5,41.013454
25.5,32.5,44.279278
25.5,33.5,44.987152
25.5,34.5,44.097515
25.5,37.5,48.979874
25.5,38.5,53.624546
25.5,39.5,56.231915
25.5,40.5,56.04866
25.5,41.5,58.05164
25.5,42.5,58.157192
25.5,43.5,58.44538
25.5,44.5,57.671593
25.5,45.5,60.16203
25.5,46.5,62.01612
25.5,47.5,63.45138
25.5,48.5,99.563736
25.5,49.5,61.183685
25.5,50.5,63.946293
25.5,51.5,64.34587
25.5,59.5,62.062943
25.5,60.5,62.14143
25.5,61.5,63.720154
25.5,62.5,61.0724
25.5,63.5,60.972458
25.5,64.5,62.369797
25.5,65.5,65.20183
25.5,66.5,97.10559
25.5,67.5,68.73082
25.5,68.5,54.803596
25.5,69.5,68.465096
25.5,70.5,69.3902
25.5,71.5,69.05807
25.5,72.5,69.716
25.5,73.5,65.73087
25.5,74.5,54.279808
25.5,75.5,54.91428
25.5,76.5,75.10527
25.5,77.5,63.374786
25.5,78.5,53.547565
25.5,79.5,57.09683
25.5,80.5,55.050766
25.5,81.5,61.332775
25.5,82.5,62.644314
25.5,83.5,62.514248
25.5,84.5,63.552555
25.5,85.5,65.875786
25.5,86.5,67.94008
25.5,87.5,73.49828
25.5,88.5,79.89965
25.5,89.5,82.26164
25.5,90.5,79.70585
25.5,91.5,72.52259
25.5,92.5,78.37369
25.5,93.5,96.804634
25.5,94.5,95.04343
25.5,95.5,96.12456
25.5,96.5,94.609856
25.5,97.5,75.62659
25.5,98.5,73.32031
25.5,99.5,77.7682
25.5,100.5,74.01162
25.5,101.5,95.653755
25.5,102.5,88.74912
25.5,103.5,100.02587
25.5,104.5,105.54593
25.5,105.5,98.59476
25.5,106.5,101.268684
25.5,107.5,103.379745
25.5,108.5,103.546
25.5,109.5,104.332466
25.5,110.5,104.37952
25.5,111.5,104.06583
25.5,112.5,105.04626
25.5,113.5,104.92691
25.5,114.5,104.45875
25.5,115.5,105.3367
25.5,116.5,105.74859
25.5,117.5,106.60574
25.5,118.5,106.09575
26.5,-112.5,53.27997
26.5,-108.5,64.285095
26.5,-107.5,58.336937
26.5,-106.5,59.432484
26.5,-105.5,61.31584
26.5,-104.5,63.966866
26.5,-103.5,65.82441
26.5,-102.5,65.193634
26.5,-101.5,63.98461
26.5,-100.5,60.086533
26.5,-99.5,60.784935
26.5,-98.5,56.995544
26.5,-97.5,75.059814
26.5,-81.5,36.895283
26.5,-80.5,86.055885
26.5,-13.5,58.609154
26.5,-12.5,57.971447
26.5,-11.5,59.477654
26.5,-10.5,58.8928
26.5,-9.5,58.50736
26.5,-8.5,13.089618
26.5,-7.5,57.34166
26.5,-6.5,54.95403
26.5,-5.5,51.679234
26.5,-4.5,50.741364
26.5,-3.5,54.96922
26.5,-2.5,22.983181
26.5,-1.5,22.921556
26.5,-0.5,23.80359
26.5,0.5,48.971733
26.5,1.5,50.551037
26.5,2.5,52.716064
26.5,3.5,52.576283
26.5,4.5,52.93308
26.5,5.5,50.31776
26.5,6.5,49.885
26.5,7.5,50.513157
26.5,8.5,50.96249
26.5,9.5,49.798046
26.5,10.5,49.89047
26.5,11.5,21.378601
26.5,12.5,45.832672
26.5,13.5,45.63201
26.5,14.5,46.911785
26.5,15.5,46.287212
26.5,16.5,45.116093
26.5,17.5,47.09376
26.5,18.5,47.223465
26.5,19.5,48.33194
26.5,20.5,47.953312
26.5,21.5,48.865868
26.5,22.5,19.49888
26.5,23.5,46.965576
26.5,24.5,46.653706
26.5,25.5,16.826656
26.5,26.5,16.41165
26.5,27.5,41.82776
26.5,28.5,42.24582
26.5,29.5,41.166096
26.5,30.5,40.686222
26.5,31.5,40.187622
26.5,32.5,38.092422
26.5,33.5,46.0488
26.5,36.5,47.86905
26.5,37.5,53.354027
26.5,38.5,54.55639
26.5,39.5,55.455044
26.5,40.5,55.476017
26.5,41.5,57.519955
26.5,42.5,58.136715
26.5,43.5,52.77308
26.5,44.5,49.230835
26.5,45.5,59.87656
26.5,46.5,60.9941
26.5,47.5,61.448196
26.5,48.5,63.357094
26.5,49.5,101.588646
26.5,57.5,63.271927
26.5,58.5,63.292137
26.5,59.5,63.004852
26.5,60.5,61.78121
26.5,61.5,61.22922
26.5,62.5,60.59833
26.5,63.5,61.81927
26.5,64.5,64.489334
26.5,65.5,66.45284
26.5,66.5,67.19653
26.5,67.5,63.23512
26.5,68.5,48.758522
26.5,69.5,67.707535
26.5,70.5,68.04122
26.5,71.5,68.97101
26.5,72.5,68.78771
26.5,73.5,67.75773
26.5,74.5,67.92926
26.5,75.5,56.91687
26.5,76.5,54.048954
26.5,77.5,58.28622
26.5,78.5,60.070103
26.5,79.5,61.686066
26.5,80.5,60.757362
26.5,81.5,59.426384
26.5,82.5,59.90031
26.5,83.5,60.65075
26.5,84.5,64.23209
26.5,85.5,64.29357
26.5,86.5,68.95471
26.5,87.5,77.03682
26.5,88.5,81.81275
26.5,89.5,82.643425
26.5,90.5,85.02347
26.5,91.5,84.746895
26.5,92.5,75.2107
26.5,93.5,78.13875
26.5,94.5,94.18082
26.5,95.5,96.32639
26.5,96.5,96.93567
26.5,97.5,76.90115
26.5,98.5,73.43352
26.5,99.5,73.87127
26.5,100.5,73.48006
26.5,101.5,74.15221
26.5,102.5,98.379326
26.5,103.5,101.68118
26.5,104.5,95.78879
26.5,105.5,98.56949
26.5,106.5,100.29369
26.5,107.5,103.64121
26.5,108.5,103.655815
26.5,109.5,104.43375
26.5,110.5,104.08415
26.5,111.5,103.83369
26.5,112.5,117.6564
26.5,113.5,104.9808
26.5,114.5,104.97933
26.5,115.5,104.195435
26.5,116.5,104.9408
26.5,117.5,105.97693
26.5,118.5,106.95222
26.5,119.5,107.61547
27.5,-113.5,56.063313
27.5,-112.5,52.839714
27.5,-110.5,47.043846
27.5,-109.5,53.149967
27.5,-108.5,57.10601
27.5,-107.5,58.805473
27.5,-106.5,60.532734
27.5,-105.5,61.21625
27.5,-104.5,61.25179
27.5,-103.5,64.448654
27.5,-102.5,64.453674
27.5,-101.5,60.547867
27.5,-100.5,57.707214
27.5,-99.5,79.38381
27.5,-98.5,50.040733
27.5,-97.5,59.81964
27.5,-82.5,42.274033
27.5,-81.5,35.275814
27.5,-80.5,33.191372
27.5,-12.5,58.269592
27.5,-11.5,60.98483
27.5,-10.5,60.83241
27.5,-9.5,60.214108
27.5,-8.5,58.21536
27.5,-7.5,58.162777
27.5,-6.5,56.54197
27.5,-5.5,50.499115
27.5,-4.5,49.14533
27.5,-3.5,25.452282
27.5,-2.5,23.766966
27.5,-1.5,23.21653
27.5,-0.5,49.944775
27.5,0.5,41.534122
27.5,1.5,44.81072
27.5,2.5,50.466213
27.5,3.5,52.633045
27.5,4.5,53.73874
27.5,5.5,51.862534
27.5,6.5,51.17064
27.5,7.5,21.86014
27.5,8.5,46.174816
27.5,9.5,45.87767
27.5,10.5,20.215807
27.5,11.5,20.484524
27.5,12.5,21.162235
27.5,13.5,43.94009
27.5,14.5,47.10605
27.5,15.5,47.204685
27.5,16.5,11.626291
27.5,17.5,11.425561
27.5,18.5,50.95081
27.5,19.5,48.87932
27.5,20.5,49.21893
27.5,21.5,48.989563
27.5,22.5,21.78625
27.5,23.5,21.5305
27.5,24.5,47.38831
27.5,25.5,18.983631
27.5,26.5,19.808598
27.5,27.5,55.954563
27.5,28.5,39.480503
27.5,29.5,42.030624
27.5,30.5,39.019493
27.5,31.5,42.928787
27.5,32.5,45.896477
27.5,33.5,45.513077
27.5,36.5,51.82511
27.5,37.5,55.627785
27.5,38.5,56.36044
27.5,39.5,49.054962
27.5,40.5,55.26125
27.5,41.5,55.317272
27.5,42.5,51.385185
27.5,43.5,54.076885
27.5,44.5,50.722897
27.5,45.5,60.641983
27.5,46.5,61.52069
27.5,47.5,99.51856
27.5,48.5,62.406242
27.5,53.5,68.57946
27.5,54.5,69.8387
27.5,55.5,66.85747
27.5,56.5,65.40064
27.5,57.5,65.644966
27.5,58.5,89.242004
27.5,59.5,88.166626
27.5,60.5,88.11253
27.5,61.5,59.85163
27.5,62.5,59.968056
27.5,63.5,60.72399
27.5,64.5,61.59291
27.5,65.5,65.166
27.5,66.5,66.23902
27.5,67.5,55.02068
27.5,68.5,38.12534
27.5,69.5,64.083084
27.5,70.5,66.98868
27.5,71.5,67.57583
27.5,72.5,69.079094
27.5,73.5,68.67198
27.5,74.5,61.40702
27.5,75.5,51.073357
27.5,76.5,53.615555
27.5,77.5,59.728176
27.5,78.5,61.330837
27.5,79.5,61.78174
27.5,80.5,60.591457
27.5,81.5,59.72995
27.5,82.5,62.194065
27.5,83.5,64.72621
27.5,84.5,68.50726
27.5,85.5,60.833054
27.5,86.5,68.129745
27.5,87.5,73.722824
27.5,88.5,81.25215
27.5,89.5,77.80272
27.5,90.5,77.30447
27.5,91.5,77.24482
27.5,92.5,79.71174
27.5,93.5,78.077934
27.5,94.5,86.08171
27.5,95.5,80.51146
27.5,96.5,96.20063
27.5,97.5,81.46293
27.5,98.5,76.34342
27.5,99.5,75.76816
27.5,100.5,73.17929
27.5,101.5,73.67324
27.5,102.5,101.32476
27.5,103.5,92.34913
27.5,104.5,97.02217
27.5,105.5,99.78762
27.5,106.5,101.49263
27.5,107.5,104.133385
27.5,108.5,104.59427
27.5,109.5,105.540016
27.5,110.5,104.81134
27.5,111.5,104.04769
27.5,112.5,112.708435
27.5,113.5,118.63892
27.5,114.5,104.05198
27.5,115.5,114.10865
27.5,116.5,115.91857
27.5,117.5,106.01571
27.5,118.5,107.190956
27.5,119.5,108.36184
27.5,120.5,108.0082
28.5,-113.5,52.854305
28.5,-111.5,59.488197
28.5,-110.5,59.13591
28.5,-109.5,53.736015
28.5,-108.5,59.473988
28.5,-107.5,56.20958
28.5,-106.5,57.943035
28.5,-105.5,57.84935
28.5,-104.5,56.695526
28.5,-103.5,61.696293
28.5,-102.5,58.204346
28.5,-101.5,54.68964
28.5,-100.5,76.04473
28.5,-99.5,47.367966
28.5,-98.5,75.3807
28.5,-97.5,59.58425
28.5,-96.5,63.629963
28.5,-82.5,35.58967
28.5,-81.5,40.5616
28.5,-10.5,63.64569
28.5,-9.5,63.510384
28.5,-8.5,61.345806
28.5,-7.5,58.677483
28.5,-6.5,59.301876
28.5,-5.5,57.618458
28.5,-4.5,26.098078
28.5,-3.5,26.015589
28.5,-2.5,25.048927
28.5,-1.5,23.3688
28.5,-0.5,48.719753
28.5,0.5,44.26659
28.5,1.5,42.814625
28.5,2.5,11.068741
28.5,3.5,42.10456
28.5,4.5,46.084534
28.5,5.5,24.074636
28.5,6.5,51.96195
28.5,7.5,49.910633
28.5,8.5,48.142864
28.5,9.5,43.865505
28.5,10.5,43.01881
28.5,11.5,20.058065
28.5,12.5,42.270554
28.5,13.5,45.00847
28.5,14.5,50.398342
28.5,15.5,52.14228
28.5,16.5,53.518105
28.5,17.5,54.34493
28.5,18.5,55.321495
28.5,19.5,25.262756
28.5,20.5,51.354023
28.5,21.5,49.52065
28.5,22.5,24.39299
28.5,23.5,23.48125
28.5,24.5,22.735687
28.5,25.5,22.938192
28.5,26.5,55.273907
28.5,27.5,54.334473
28.5,28.5,45.901905
28.5,29.5,46.543335
28.5,30.5,41.339413
28.5,31.5,45.017273
28.5,32.5,46.424488
28.5,33.5,46.11458
28.5,34.5,48.48423
28.5,35.5,50.71672
28.5,36.5,51.808926
28.5,37.5,52.67259
28.5,38.5,55.105927
28.5,39.5,49.183437
28.5,40.5,50.047745
28.5,41.5,50.174397
28.5,42.5,50.191322
28.5,43.5,56.856518
28.5,44.5,59.814266
28.5,45.5,58.628815
28.5,46.5,63.423023
28.5,47.5,99.070625
28.5,51.5,75.019226
28.5,52.5,69.44862
28.5,53.5,68.724815
28.5,54.5,70.61561
28.5,55.5,67.81711
28.5,56.5,66.85146
28.5,57.5,64.189926
28.5,58.5,89.86277
28.5,59.5,67.6513
28.5,60.5,65.09126
28.5,61.5,62.016045
28.5,62.5,84.701126
28.5,63.5,82.738525
28.5,64.5,55.877384
28.5,65.5,60.83772
28.5,66.5,61.726723
28.5,67.5,63.059677
28.5,68.5,49.261574
28.5,69.5,52.396523
28.5,70.5,49.377792
28.5,71.5,66.8423
28.5,72.5,68.01529
28.5,73.5,68.603546
28.5,74.5,68.97231
28.5,75.5,60.683594
28.5,76.5,58.571373
28.5,77.5,66.161865
28.5,78.5,59.723816
28.5,79.5,60.039074
28.5,80.5,63.54132
28.5,81.5,62.270966
28.5,82.5,64.01669
28.5,83.5,75.87073
28.5,84.5,74.59454
28.5,85.5,74.483604
28.5,86.5,78.224396
28.5,87.5,77.71095
28.5,88.5,77.9678
28.5,89.5,76.39209
28.5,90.5,77.94967
28.5,91.5,77.38078
28.5,92.5,81.03455
28.5,93.5,79.18326
28.5,94.5,73.496956
28.5,95.5,75.71563
28.5,96.5,78.5348
28.5,97.5,79.41778
28.5,98.5,78.22444
28.5,99.5,77.88013
28.5,100.5,75.22156
28.5,101.5,77.63576
28.5,102.5,94.703285
28.5,103.5,97.88013
28.5,104.5,99.05276
28.5,105.5,99.85571
28.5,106.5,100.56439
28.5,107.5,102.39578
28.5,108.5,103.62126
28.5,109.5,104.957886
28.5,110.5,104.77226
28.5,111.5,104.49248
28.5,112.5,115.25287
28.5,113.5,103.633446
28.5,114.5,104.34478
28.5,115.5,112.51353
28.5,116.5,115.48262
28.5,117.5,115.8779
28.5,118.5,106.32812
28.5,119.5,108.27129
28.5,120.5,108.70767
29.5,-114.5,51.33706
29.5,-111.5,56.491722
29.5,-110.5,53.5877
29.5,-109.5,54.793785
29.5,-108.5,52.64847
29.5,-107.5,51.24976
29.5,-106.5,54.83416
29.5,-105.5,58.31013
29.5,-104.5,59.975258
29.5,-103.5,62.687695
29.5,-102.5,60.13001
29.5,-101.5,58.256756
29.5,-100.5,51.954826
29.5,-99.5,74.48443
29.5,-98.5,77.682465
29.5,-97.5,55.77563
29.5,-96.5,58.704937
29.5,-95.5,99.28048
29.5,-90.5,87.7866
29.5,-82.5,37.735947
29.5,-81.5,39.292233
29.5,-9.5,65.19551
29.5,-8.5,64.77495
29.5,-7.5,63.453575
29.5,-6.5,60.651085
29.5,-5.5,59.597103
29.5,-4.5,57.90642
29.5,-3.5,58.178925
29.5,-2.5,56.099827
29.5,-1.5,24.984732
29.5,-0.5,24.292406
29.5,0.5,23.864433
29.5,1.5,48.111576
29.5,2.5,45.6817
29.5,3.5,44.772655
29.5,4.5,23.954685
29.5,5.5,23.93173
29.5,6.5,25.078081
29.5,7.5,23.926643
29.5,8.5,52.04849
29.5,9.5,50.696053
29.5,10.5,46.08788
29.5,11.5,40.64349
29.5,12.5,41.814766
29.5,13.5,48.230724
29.5,14.5,55.423798
29.5,15.5,56.57528
29.5,16.5,57.046913
29.5,17.5,59.012367
29.5,18.5,59.42523
29.5,19.5,59.67268
29.5,20.5,58.528023
29.5,21.5,29.359138
29.5,22.5,27.624483
29.5,23.5,27.82415
29.5,24.5,27.087223
29.5,25.5,62.327667
29.5,26.5,63.085476
29.5,27.5,28.779058
29.5,28.5,63.69309
29.5,29.5,57.011383
29.5,30.5,50.708206
29.5,31.5,52.509754
29.5,32.5,52.900177
29.5,33.5,55.679432
29.5,34.5,56.050278
29.5,35.5,57.435024
29.5,36.5,56.798122
29.5,37.5,48.521526
29.5,38.5,53.077423
29.5,39.5,54.820747
29.5,40.5,48.83064
29.5,41.5,58.696163
29.5,42.5,59.02352
29.5,43.5,59.967503
29.5,44.5,61.09452
29.5,45.5,54.579704
29.5,46.5,54.905273
29.5,47.5,66.01731
29.5,51.5,71.97843
29.5,52.5,62.90413
29.5,53.5,66.02244
29.5,54.5,67.45156
29.5,55.5,92.70066
29.5,56.5,65.34288
29.5,57.5,62.97266
29.5,58.5,90.4252
29.5,59.5,87.35472
29.5,60.5,60.19228
29.5,61.5,62.375313
29.5,62.5,62.985004
29.5,63.5,61.08148
29.5,64.5,62.45808
29.5,65.5,64.87269
29.5,66.5,62.72803
29.5,67.5,64.489204
29.5,68.5,65.33528
29.5,69.5,65.58385
29.5,70.5,45.985767
29.5,71.5,34.724754
29.5,72.5,53.70245
29.5,73.5,56.794884
29.5,74.5,63.049118
29.5,75.5,50.46244
29.5,76.5,51.318134
29.5,77.5,50.963234
29.5,78.5,54.054104
29.5,79.5,71.14023
29.5,80.5,78.573265
29.5,81.5,70.30667
29.5,82.5,76.391594
29.5,83.5,75.97191
29.5,84.5,80.8594
29.5,85.5,78.61076
29.5,86.5,79.620995
29.5,87.5,77.36943
29.5,88.5,76.30312
29.5,89.5,76.09416
29.5,90.5,75.31076
29.5,91.5,75.39086
29.5,92.5,79.70193
29.5,93.5,81.42528
29.5,94.5,82.842964
29.5,95.5,84.217575
29.5,96.5,111.47169
29.5,97.5,81.27057
29.5,98.5,79.23956
29.5,99.5,77.97818
29.5,100.5,78.251564
29.5,101.5,79.00019
29.5,102.5,98.887276
29.5,103.5,99.34675
29.5,104.5,99.424904
29.5,105.5,100.69971
29.5,106.5,106.7715
29.5,107.5,102.20606
29.5,108.5,103.769714
29.5,109.5,104.952934
29.5,110.5,104.645096
29.5,111.5,112.272
29.5,112.5,111.113434
29.5,113.5,102.1429
29.5,114.5,103.81937
29.5,115.5,102.5594
29.5,116.5,111.48912
29.5,117.5,105.192245
29.5,118.5,106.13084
29.5,119.5,106.931526
29.5,120.5,117.89738
29.5,121.5,119.48822
30.5,-115.5,47.86884
30.5,-112.5,53.99447
30.5,-111.5,58.805843
30.5,-110.5,52.474464
30.5,-109.5,52.62699
30.5,-108.5,51.463932
30.5,-107.5,55.907352
30.5,-106.5,59.147327
30.5,-105.5,57.602768
30.5,-104.5,53.80829
30.5,-103.5,55.010635
30.5,-102.5,61.215385
30.5,-101.5,57.542107
30.5,-100.5,70.51175
30.5,-99.5,71.73685
30.5,-98.5,69.993706
30.5,-97.5,81.97089
30.5,-96.5,58.854805
30.5,-95.5,67.044395
30.5,-94.5,77.12212
30.5,-93.5,96.70376
30.5,-92.5,95.07999
30.5,-91.5,107.060776
30.5,-90.5,102.89837
30.5,-89.5,82.21206
30.5,-88.5,81.98061
30.5,-87.5,78.41942
30.5,-86.5,76.93608
30.5,-85.5,39.70628
30.5,-84.5,67.08679
30.5,-83.5,36.873737
30.5,-82.5,38.884644
30.5,-81.5,42.844975
30.5,-9.5,55.620853
30.5,-8.5,60.071518
30.5,-7.5,65.20293
30.5,-6.5,64.88706
30.5,-5.5,63.55385
30.5,-4.5,60.958652
30.5,-3.5,59.747875
30.5,-2.5,58.68565
30.5,-1.5,25.946966
30.5,-0.5,24.952074
30.5,0.5,24.827858
30.5,1.5,23.841158
30.5,2.5,23.880747
30.5,3.5,55.34325
30.5,4.5,55.634415
30.5,5.5,24.073267
30.5,6.5,25.945492
30.5,7.5,25.251171
30.5,8.5,25.170736
30.5,9.5,26.355476
30.5,10.5,59.86899
30.5,11.5,58.514973
30.5,12.5,59.693832
30.5,13.5,59.224453
30.5,14.5,59.86469
30.5,15.5,61.613556
30.5,16.5,62.23823
30.5,17.5,62.861588
30.5,18.5,63.4621
30.5,20.5,64.80272
30.5,21.5,65.823395
30.5,22.5,66.82013
30.5,23.5,66.383545
30.5,24.5,70.2752
30.5,25.5,68.568436
30.5,26.5,69.989075
30.5,27.5,63.646526
30.5,28.5,62.528248
30.5,29.5,64.40547
30.5,30.5,48.445694
30.5,31.5,49.441105
30.5,32.5,62.701023
30.5,33.5,28.833952
30.5,34.5,84.58074
30.5,35.5,84.04665
30.5,36.5,91.58509
30.5,37.5,84.13102
30.5,38.5,81.35583
30.5,39.5,84.31561
30.5,40.5,59.012108
30.5,41.5,59.403606
30.5,42.5,58.30376
30.5,43.5,61.313858
30.5,44.5,62.35687
30.5,45.5,63.689384
30.5,46.5,65.432106
30.5,47.5,89.785576
30.5,48.5,90.663506
30.5,49.5,94.18338
30.5,50.5,73.50143
30.5,51.5,63.16353
30.5,52.5,58.73464
30.5,53.5,65.63644
30.5,54.5,90.515144
30.5,55.5,65.93026
30.5,56.5,103.022446
30.5,57.5,63.97499
30.5,58.5,87.09358
30.5,59.5,29.632702
30.5,60.5,60.700813
30.5,61.5,84.07844
30.5,62.5,60.968277
30.5,63.5,63.67553
30.5,64.5,65.35521
30.5,65.5,66.72255
30.5,66.5,66.733574
30.5,67.5,64.76814
30.5,68.5,66.87426
30.5,69.5,66.8832
30.5,70.5,62.71232
30.5,71.5,47.283737
30.5,72.5,34.863358
30.5,73.5,38.416832
30.5,74.5,40.97341
30.5,75.5,44.410923
30.5,76.5,53.907135
30.5,77.5,63.01574
30.5,78.5,84.30595
30.5,79.5,82.24442
30.5,80.5,75.53975
30.5,81.5,74.8369
30.5,82.5,75.861084
30.5,83.5,77.15386
30.5,84.5,76.68594
30.5,85.5,76.88466
30.5,86.5,74.55201
30.5,87.5,75.05601
30.5,88.5,75.03531
30.5,89.5,75.19319
30.5,90.5,74.522125
30.5,91.5,77.76554
30.5,92.5,80.91528
30.5,93.5,83.315544
30.5,94.5,116.75067
30.5,95.5,107.19749
30.5,96.5,81.64045
30.5,97.5,80.26686
30.5,98.5,78.19246
30.5,99.5,80.48419
30.5,100.5,79.91706
30.5,101.5,79.551575
30.5,102.5,79.1051
30.5,103.5,104.59534
30.5,104.5,102.26234
30.5,105.5,99.610176
30.5,106.5,106.0522
30.5,107.5,104.74441
30.5,108.5,103.24338
30.5,109.5,103.621216
30.5,110.5,102.750786
30.5,111.5,106.124435
30.5,112.5,101.96203
30.5,113.5,101.19328
30.5,114.5,105.42816
30.5,115.5,102.120865
30.5,116.5,106.3243
30.5,117.5,104.15211
30.5,118.5,105.191635
30.5,119.5,106.53791
30.5,120.5,110.14772
31.5,-116.5,45.397152
31.5,-115.5,51.72284
31.5,-113.5,62.04043
31.5,-112.5,57.15139
31.5,-111.5,58.233578
31.5,-110.5,53.35098
31.5,-109.5,53.185905
31.5,-108.5,54.98869
31.5,-107.5,62.849876
31.5,-106.5,59.845024
31.5,-105.5,76.25496
31.5,-104.5,59.23608
31.5,-103.5,59.43197
31.5,-102.5,58.310738
31.5,-101.5,70.69024
31.5,-100.5,68.69251
31.5,-99.5,66.06741
31.5,-98.5,69.375374
31.5,-97.5,83.52063
31.5,-96.5,60.772587
31.5,-95.5,62.468834
31.5,-94.5,73.5715
31.5,-93.5,74.494576
31.5,-92.5,73.87087
31.5,-91.5,93.73192
31.5,-90.5,100.21472
31.5,-89.5,79.56159
31.5,-88.5,79.46139
31.5,-87.5,79.04979
31.5,-86.5,77.527145
31.5,-85.5,70.36977
31.5,-84.5,60.674244
31.5,-83.5,57.387856
31.5,-82.5,61.585987
31.5,-81.5,39.079807
31.5,-9.5,62.162926
31.5,-8.5,70.7028
31.5,-7.5,62.57868
31.5,-6.5,62.901352
31.5,-5.5,67.9427
31.5,-4.5,66.0154
31.5,-3.5,62.672283
31.5,-2.5,61.77433
31.5,-1.5,62.378033
31.5,-0.5,60.42141
31.5,0.5,59.326412
31.5,1.5,26.875744
31.5,2.5,25.976984
31.5,3.5,56.47458
31.5,4.5,58.193535
31.5,5.5,58.26175
31.5,6.5,58.77169
31.5,7.5,25.602901
31.5,8.5,26.304012
31.5,9.5,27.173409
31.5,10.5,61.55495
31.5,11.5,60.978718
31.5,12.5,61.44286
31.5,13.5,60.11209
31.5,14.5,63.06127
31.5,15.5,64.20992
31.5,20.5,87.84121
31.5,21.5,68.19928
31.5,22.5,68.290474
31.5,23.5,67.88415
31.5,24.5,65.658295
31.5,25.5,65.812744
31.5,26.5,65.09913
31.5,34.5,75.67152
31.5,35.5,85.77454
31.5,36.5,101.16177
31.5,37.5,65.21736
31.5,38.5,88.46725
31.5,39.5,87.31711
31.5,40.5,54.83403
31.5,41.5,61.827644
31.5,42.5,60.904022
31.5,43.5,63.589867
31.5,44.5,64.326584
31.5,45.5,85.93289
31.5,46.5,86.32392
31.5,47.5,86.8278
31.5,48.5,90.18567
31.5,49.5,74.89192
31.5,50.5,64.15346
31.5,51.5,62.192112
31.5,52.5,93.00944
31.5,53.5,89.083824
31.5,54.5,86.78516
31.5,55.5,64.91642
31.5,56.5,62.574013
31.5,57.5,88.121475
31.5,58.5,86.509926
31.5,59.5,61.604332
31.5,60.5,84.031296
31.5,61.5,83.93289
31.5,62.5,62.267548
31.5,63.5,66.10048
31.5,64.5,66.94278
31.5,65.5,71.24591
31.5,66.5,68.99892
31.5,67.5,68.763
31.5,68.5,67.69515
31.5,69.5,68.515236
31.5,70.5,70.5557
31.5,71.5,66.678246
31.5,72.5,61.96902
31.5,73.5,54.730698
31.5,74.5,52.38376
31.5,75.5,51.872627
31.5,76.5,57.8002
31.5,77.5,89.398506
31.5,78.5,79.183586
31.5,79.5,75.944336
31.5,80.5,75.350334
31.5,81.5,74.98033
31.5,82.5,75.75748
31.5,83.5,72.95767
31.5,84.5,73.21388
31.5,85.5,73.08519
31.5,86.5,71.21941
31.5,87.5,70.8601
31.5,88.5,71.77755
31.5,89.5,71.93436
31.5,90.5,71.46846
31.5,91.5,72.058655
31.5,92.5,77.71734
31.5,93.5,81.79997
31.5,94.5,83.060036
31.5,95.5,83.06929
31.5,96.5,80.287994
31.5,97.5,80.414894
31.5,98.5,80.45891
31.5,99.5,80.77641
31.5,100.5,80.20861
31.5,101.5,79.78369
31.5,102.5,80.89507
31.5,103.5,82.160576
31.5,104.5,104.23168
31.5,105.5,97.31472
31.5,106.5,102.09164
31.5,107.5,101.39432
31.5,108.5,101.753685
31.5,109.5,101.52554
31.5,110.5,99.560165
31.5,111.5,97.981026
31.5,112.5,93.45588
31.5,113.5,96.63921
31.5,114.5,94.675095
31.5,115.5,98.8433
31.5,116.5,104.92151
31.5,117.5,103.75972
31.5,118.5,105.22443
31.5,119.5,106.57413
31.5,120.5,108.420334
31.5,121.5,108.95763
31.5,130.5,109.72319
32.5,-116.5,43.873787
32.5,-115.5,52.349438
32.5,-114.5,58.919346
32.5,-113.5,55.821545
32.5,-112.5,55.090508
32.5,-111.5,56.789345
32.5,-110.5,57.247643
32.5,-109.5,56.839973
32.5,-108.5,56.070187
32.5,-107.5,54.709885
32.5,-106.5,52.57044
32.5,-105.5,55.772884
32.5,-104.5,57.153473
32.5,-103.5,27.035517
32.5,-102.5,27.197725
32.5,-101.5,53.408504
32.5,-100.5,69.82731
32.5,-99.5,66.69493
32.5,-98.5,53.73211
32.5,-97.5,82.33727
32.5,-96.5,94.77404
32.5,-95.5,62.393425
32.5,-94.5,74.88394
32.5,-93.5,74.87686
32.5,-92.5,75.62484
32.5,-91.5,89.00156
32.5,-90.5,90.3186
32.5,-89.5,77.086266
32.5,-88.5,77.948906
32.5,-87.5,78.25361
32.5,-86.5,73.212364
32.5,-85.5,74.17227
32.5,-84.5,63.67854
32.5,-83.5,60.474342
32.5,-82.5,60.250153
32.5,-81.5,63.038963
32.5,-80.5,39.712452
32.5,-8.5,64.52109
32.5,-7.5,71.01725
32.5,-6.5,60.043972
32.5,-5.5,63.722828
32.5,-4.5,69.55484
32.5,-3.5,68.953926
32.5,-2.5,67.57848
32.5,-1.5,65.897705
32.5,-0.5,66.23951
32.5,0.5,65.65778
32.5,1.5,63.3449
32.5,2.5,61.998196
32.5,3.5,58.189236
32.5,4.5,59.191414
32.5,5.5,57.656116
32.5,6.5,58.613384
32.5,7.5,27.083344
32.5,8.5,27.34767
32.5,9.5,60.761574
32.5,10.5,62.478493
32.5,11.5,65.16723
32.5,12.5,67.19814
32.5,13.5,65.46627
32.5,14.5,66.0906
32.5,21.5,88.235306
32.5,22.5,69.04533
32.5,35.5,74.62681
32.5,36.5,69.113434
32.5,37.5,69.44555
32.5,38.5,94.33824
32.5,39.5,85.71578
32.5,40.5,56.648937
32.5,41.5,61.55488
32.5,42.5,63.114872
32.5,43.5,64.84944
32.5,44.5,70.54781
32.5,45.5,87.10028
32.5,46.5,93.97929
32.5,47.5,72.806015
32.5,48.5,72.72599
32.5,49.5,66.67672
32.5,50.5,60.080505
32.5,51.5,94.98485
32.5,52.5,92.71642
32.5,53.5,90.22107
32.5,54.5,66.212234
32.5,55.5,63.25807
32.5,56.5,62.788567
32.5,57.5,65.132416
32.5,58.5,63.9497
32.5,59.5,64.62189
32.5,60.5,84.74297
32.5,61.5,64.464066
32.5,62.5,66.57634
32.5,63.5,69.35167
32.5,64.5,70.220146
32.5,65.5,72.57467
32.5,66.5,67.97173
32.5,67.5,72.08204
32.5,68.5,71.32629
32.5,69.5,69.11522
32.5,70.5,73.8834
32.5,71.5,69.12071
32.5,72.5,62.490894
32.5,73.5,65.900764
32.5,74.5,68.60823
32.5,75.5,55.414177
32.5,76.5,78.37018
32.5,77.5,79.29971
32.5,78.5,75.72706
32.5,79.5,73.85622
32.5,80.5,73.68821
32.5,81.5,72.06291
32.5,82.5,72.20444
32.5,83.5,71.830376
32.5,84.5,70.89868
32.5,85.5,70.35568
32.5,86.5,70.64505
32.5,87.5,70.12426
32.5,88.5,70.469055
32.5,89.5,71.42662
32.5,90.5,72.35154
32.5,91.5,73.64812
32.5,92.5,75.280464
32.5,93.5,76.38684
32.5,94.5,77.74309
32.5,95.5,79.01115
32.5,96.5,77.92231
32.5,97.5,80.14126
32.5,98.5,77.39742
32.5,99.5,78.822845
32.5,100.5,79.789276
32.5,101.5,81.26922
32.5,102.5,81.91262
32.5,103.5,82.376076
32.5,104.5,81.93926
32.5,105.5,96.49033
32.5,106.5,97.627945
32.5,107.5,97.17596
32.5,108.5,81.69426
32.5,109.5,80.031784
32.5,110.5,78.82158
32.5,111.5,77.34624
32.5,112.5,91.98492
32.5,113.5,92.5521
32.5,114.5,73.29636
32.5,115.5,98.02117
32.5,116.5,98.755264
32.5,117.5,100.448906
32.5,118.5,101.88204
32.5,119.5,103.37898
32.5,120.5,104.38528
32.5,130.5,109.94823
32.5,131.5,109.089355
33.5,-117.5,57.050106
33.5,-116.5,44.895695
33.5,-115.5,59.05641
33.5,-114.5,55.62073
33.5,-113.5,55.235653
33.5,-112.5,51.627357
33.5,-111.5,47.89437
33.5,-110.5,50.618626
33.5,-109.5,50.15337
33.5,-108.5,50.947197
33.5,-107.5,47.00947
33.5,-106.5,49.328613
33.5,-105.5,44.33733
33.5,-104.5,50.913673
33.5,-103.5,24.954723
33.5,-102.5,47.74951
33.5,-101.5,68.956215
33.5,-100.5,70.37098
33.5,-99.5,72.48184
33.5,-98.5,55.05726
33.5,-97.5,62.149563
33.5,-96.5,93.86784
33.5,-95.5,69.01369
33.5,-94.5,86.04458
33.5,-93.5,75.03296
33.5,-92.5,74.81441
33.5,-91.5,91.4053
33.5,-90.5,100.74374
33.5,-89.5,89.635056
33.5,-88.5,72.23534
33.5,-87.5,76.966515
33.5,-86.5,90.821724
33.5,-85.5,75.6004
33.5,-84.5,79.51849
33.5,-83.5,75.32121
33.5,-82.5,62.78161
33.5,-81.5,34.040707
33.5,-80.5,36.533257
33.5,-79.5,39.215286
33.5,-7.5,55.05937
33.5,-6.5,58.97662
33.5,-5.5,63.695236
33.5,-4.5,71.0494
33.5,-3.5,76.454346
33.5,-2.5,73.44202
33.5,-1.5,69.44812
33.5,-0.5,68.9476
33.5,0.5,66.45364
33.5,1.5,67.209984
33.5,2.5,66.00225
33.5,3.5,60.94272
33.5,4.5,59.427853
33.5,5.5,58.463608
33.5,6.5,27.10641
33.5,7.5,29.387045
33.5,8.5,96.53251
33.5,9.5,61.15837
33.5,10.5,63.7237
33.5,35.5,77.24806
33.5,36.5,69.75489
33.5,37.5,70.59991
33.5,38.5,98.23741
33.5,39.5,94.90236
33.5,40.5,82.67106
33.5,41.5,63.745823
33.5,42.5,66.3242
33.5,43.5,67.16183
33.5,44.5,73.01852
33.5,45.5,94.21783
33.5,46.5,69.93952
33.5,47.5,69.05733
33.5,48.5,61.203438
33.5,49.5,60.12145
33.5,50.5,70.8373
33.5,51.5,70.35968
33.5,52.5,69.12989
33.5,53.5,69.99207
33.5,54.5,67.54731
33.5,55.5,65.225746
33.5,56.5,63.991264
33.5,57.5,63.827236
33.5,58.5,66.30214
33.5,59.5,64.97786
33.5,60.5,91.10996
33.5,61.5,90.51519
33.5,62.5,83.76934
33.5,63.5,60.971195
33.5,64.5,55.887974
33.5,65.5,60.26564
33.5,66.5,66.047226
33.5,67.5,65.7386
33.5,68.5,71.43776
33.5,69.5,66.95978
33.5,70.5,70.32158
33.5,71.5,74.73929
33.5,72.5,72.11659
33.5,73.5,86.178085
33.5,74.5,84.87061
33.5,75.5,74.24307
33.5,76.5,64.77309
33.5,77.5,74.04453
33.5,78.5,70.62628
33.5,79.5,70.40724
33.5,80.5,69.9986
33.5,81.5,70.63347
33.5,82.5,70.18282
33.5,83.5,69.8975
33.5,84.5,68.2187
33.5,85.5,66.45197
33.5,86.5,66.297554
33.5,87.5,66.70771
33.5,88.5,66.99845
33.5,89.5,68.53586
33.5,90.5,71.822105
33.5,91.5,74.395454
33.5,92.5,73.24252
33.5,93.5,71.41138
33.5,94.5,75.33512
33.5,95.5,75.13696
33.5,96.5,75.555725
33.5,97.5,75.01834
33.5,98.5,69.74733
33.5,99.5,78.004166
33.5,100.5,78.433975
33.5,101.5,79.858734
33.5,102.5,78.81782
33.5,103.5,78.683395
33.5,104.5,77.51584
33.5,105.5,75.362976
33.5,106.5,73.16307
33.5,107.5,74.80896
33.5,108.5,75.65522
33.5,109.5,73.145515
33.5,110.5,72.52472
33.5,111.5,72.12411
33.5,112.5,86.92578
33.5,113.5,72.23119
33.5,114.5,64.52323
33.5,115.5,66.76895
33.5,116.5,93.36175
33.5,117.5,97.56519
33.5,118.5,94.76317
33.5,119.5,96.3224
33.5,120.5,100.6882
33.5,130.5,109.372185
33.5,132.5,107.69534
33.5,133.5,107.35453
34.5,-119.5,46.00165
34.5,-118.5,53.039837
34.5,-117.5,54.645016
34.5,-116.5,58.045815
34.5,-115.5,62.211407
34.5,-114.5,57.396317
34.5,-113.5,48.85839
34.5,-112.5,42.3477
34.5,-111.5,39.674183
34.5,-110.5,42.49183
34.5,-109.5,49.83333
34.5,-108.5,50.619583
34.5,-107.5,50.54263
34.5,-106.5,49.531948
34.5,-105.5,46.178844
34.5,-104.5,43.133152
34.5,-103.5,44.99976
34.5,-102.5,54.033535
34.5,-101.5,64.81363
34.5,-100.5,71.518906
34.5,-99.5,75.00863
34.5,-98.5,60.822628
34.5,-97.5,59.726112
34.5,-96.5,65.0933
34.5,-95.5,76.00244
34.5,-94.5,79.49379
34.5,-93.5,81.65792
34.5,-92.5,76.50974
34.5,-91.5,91.207405
34.5,-90.5,91.34283
34.5,-89.5,88.4057
34.5,-88.5,73.26536
34.5,-87.5,73.17338
34.5,-86.5,74.304214
34.5,-85.5,88.44033
34.5,-84.5,76.70945
34.5,-83.5,75.22977
34.5,-82.5,72.59
34.5,-81.5,75.53699
34.5,-80.5,35.960938
34.5,-79.5,64.377365
34.5,-78.5,78.998955
34.5,-77.5,79.677246
34.5,-6.5,58.36287
34.5,-5.5,77.823006
34.5,-4.5,63.091106
34.5,-3.5,76.96175
34.5,-2.5,74.14187
34.5,-1.5,71.28407
34.5,-0.5,70.045746
34.5,0.5,71.69587
34.5,1.5,71.0276
34.5,2.5,69.00229
34.5,3.5,66.25233
34.5,4.5,66.92899
34.5,5.5,67.48492
34.5,6.5,68.94752
34.5,7.5,68.36519
34.5,8.5,67.43005
34.5,9.5,68.61302
34.5,36.5,87.22599
34.5,37.5,75.408455
34.5,38.5,103.9974
34.5,39.5,101.166275
34.5,40.5,100.08927
34.5,41.5,69.977806
34.5,42.5,70.99615
34.5,43.5,71.07435
34.5,44.5,73.47993
34.5,45.5,73.3161
34.5,46.5,57.638306
34.5,47.5,59.650352
34.5,48.5,61.421066
34.5,49.5,96.71032
34.5,50.5,73.239235
34.5,51.5,95.90528
34.5,52.5,92.7068
34.5,53.5,32.50649
34.5,54.5,65.664116
34.5,55.5,63.904617
34.5,56.5,63.978786
34.5,57.5,64.95087
34.5,58.5,88.07282
34.5,59.5,87.60409
34.5,60.5,87.8347
34.5,61.5,88.09052
34.5,62.5,71.99655
34.5,63.5,59.35503
34.5,64.5,56.59351
34.5,65.5,62.62935
34.5,66.5,63.697674
34.5,67.5,62.55655
34.5,68.5,67.31645
34.5,69.5,71.83697
34.5,70.5,69.89422
34.5,71.5,66.42615
34.5,72.5,59.697872
34.5,73.5,72.417145
34.5,74.5,76.54248
34.5,75.5,78.30627
34.5,76.5,76.17929
34.5,77.5,73.06905
34.5,78.5,69.63013
34.5,79.5,69.14165
34.5,80.5,69.9049
34.5,81.5,68.491585
34.5,82.5,68.14316
34.5,83.5,68.59324
34.5,84.5,67.05272
34.5,85.5,65.58626
34.5,86.5,60.580578
34.5,87.5,64.66828
34.5,88.5,64.65459
34.5,89.5,68.25352
34.5,90.5,71.00813
34.5,91.5,72.0255
34.5,92.5,75.37867
34.5,93.5,73.89904
34.5,94.5,68.40755
34.5,95.5,69.165115
34.5,96.5,72.43953
34.5,97.5,72.49683
34.5,98.5,69.45777
34.5,99.5,72.98997
34.5,100.5,74.48389
34.5,101.5,72.83459
34.5,102.5,71.29458
34.5,103.5,74.001175
34.5,104.5,74.00024
34.5,105.5,88.94876
34.5,106.5,69.63369
34.5,107.5,69.135414
34.5,108.5,65.50974
34.5,109.5,81.55914
34.5,110.5,80.95057
34.5,111.5,67.04358
34.5,112.5,65.629906
34.5,113.5,62.39375
34.5,114.5,58.24436
34.5,115.5,76.96433
34.5,116.5,80.59494
34.5,117.5,70.21418
34.5,118.5,92.67059
34.5,119.5,92.28626
34.5,131.5,107.38057
34.5,132.5,108.04376
34.5,133.5,107.92187
34.5,134.5,107.95095
34.5,135.5,111.6686
34.5,136.5,109.26053
35.5,-120.5,69.426254
35.5,-119.5,45.10818
35.5,-118.5,42.642307
35.5,-117.5,55.668488
35.5,-116.5,62.146053
35.5,-115.5,56.827606
35.5,-114.5,53.17738
35.5,-113.5,48.506123
35.5,-112.5,46.64503
35.5,-111.5,52.722782
35.5,-110.5,30.205853
35.5,-109.5,25.946056
35.5,-108.5,46.139595
35.5,-107.5,51.182156
35.5,-106.5,52.071915
35.5,-105.5,44.395123
35.5,-104.5,48.329853
35.5,-103.5,24.802572
35.5,-102.5,47.081623
35.5,-101.5,63.87032
35.5,-100.5,26.345123
35.5,-99.5,60.931053
35.5,-98.5,67.33293
35.5,-97.5,60.716625
35.5,-96.5,65.134224
35.5,-95.5,86.56209
35.5,-94.5,73.849396
35.5,-93.5,76.70178
35.5,-92.5,73.886475
35.5,-91.5,92.28592
35.5,-90.5,93.03042
35.5,-89.5,90.880554
35.5,-88.5,88.25621
35.5,-87.5,87.746666
35.5,-86.5,88.98693
35.5,-85.5,81.193886
35.5,-84.5,91.591255
35.5,-83.5,82.26759
35.5,-82.5,81.62252
35.5,-81.5,75.1203
35.5,-80.5,80.56338
35.5,-79.5,87.51237
35.5,-78.5,62.7984
35.5,-77.5,76.905106
35.5,-76.5,81.40487
35.5,-5.5,54.777958
35.5,-0.5,71.20272
35.5,0.5,73.895805
35.5,1.5,71.71357
35.5,2.5,76.839264
35.5,3.5,75.62602
35.5,4.5,75.68851
35.5,5.5,74.06297
35.5,6.5,71.451935
35.5,7.5,74.42213
35.5,8.5,72.87439
35.5,9.5,73.15668
35.5,10.5,73.26643
35.5,36.5,72.47973
35.5,37.5,95.39219
35.5,38.5,94.13265
35.5,39.5,103.802925
35.5,40.5,72.71441
35.5,41.5,75.00479
35.5,42.5,75.9514
35.5,43.5,75.761246
35.5,44.5,84.702286
35.5,45.5,62.60075
35.5,46.5,60.223846
35.5,47.5,81.59239
35.5,48.5,85.47476
35.5,49.5,70.22561
35.5,50.5,94.670494
35.5,51.5,97.667854
35.5,52.5,68.131485
35.5,53.5,70.15291
35.5,54.5,90.45695
35.5,55.5,68.05779
35.5,56.5,86.72825
35.5,57.5,65.144516
35.5,58.5,65.71676
35.5,59.5,63.274147
35.5,60.5,65.18317
35.5,61.5,59.63927
35.5,62.5,57.005863
35.5,63.5,80.07081
35.5,64.5,78.178024
35.5,65.5,63.61552
35.5,66.5,66.967636
35.5,67.5,70.28034
35.5,68.5,72.823235
35.5,69.5,70.36701
35.5,70.5,70.98739
35.5,71.5,68.924095
35.5,72.5,76.38676
35.5,73.5,77.84869
35.5,74.5,76.93126
35.5,75.5,76.68939
35.5,76.5,121.65439
35.5,77.5,114.28108
35.5,78.5,66.56439
35.5,79.5,65.9908
35.5,80.5,94.575424
35.5,81.5,91.03621
35.5,82.5,63.344093
35.5,83.5,66.55927
35.5,84.5,63.523895
35.5,85.5,62.264893
35.5,86.5,61.197716
35.5,87.5,60.87784
35.5,88.5,57.472153
35.5,89.5,65.15212
35.5,90.5,67.896095
35.5,91.5,70.21629
35.5,92.5,71.79011
35.5,93.5,73.00542
35.5,94.5,69.628456
35.5,95.5,69.82409
35.5,96.5,72.06312
35.5,97.5,72.70344
35.5,98.5,66.12941
35.5,99.5,69.43516
35.5,100.5,62.56067
35.5,101.5,61.292786
35.5,102.5,63.130344
35.5,103.5,66.769356
35.5,104.5,72.447556
35.5,105.5,69.899796
35.5,106.5,67.45926
35.5,107.5,70.002884
35.5,108.5,58.7111
35.5,109.5,63.29686
35.5,110.5,66.09744
35.5,111.5,65.145424
35.5,112.5,82.29937
35.5,113.5,59.778156
35.5,114.5,72.42786
35.5,115.5,59.793953
35.5,116.5,61.742455
35.5,117.5,67.67293
35.5,118.5,73.711334
35.5,119.5,70.52225
35.5,126.5,85.69569
35.5,127.5,88.039566
35.5,128.5,90.09401
35.5,133.5,107.470634
35.5,134.5,91.56525
35.5,135.5,109.09384
35.5,136.5,109.79602
35.5,137.5,95.67626
35.5,138.5,94.91915
35.5,139.5,108.86789
36.5,-121.5,51.015102
36.5,-120.5,62.595135
36.5,-119.5,39.894733
36.5,-118.5,42.058582
36.5,-117.5,65.859406
36.5,-116.5,62.59382
36.5,-115.5,57.284855
36.5,-114.5,59.17399
36.5,-113.5,48.022663
36.5,-112.5,47.30278
36.5,-111.5,54.95277
36.5,-110.5,52.33892
36.5,-109.5,29.13611
36.5,-108.5,60.087364
36.5,-107.5,56.794823
36.5,-106.5,45.912445
36.5,-105.5,43.727383
36.5,-104.5,55.610687
36.5,-103.5,49.65935
36.5,-102.5,47.86599
36.5,-101.5,64.07727
36.5,-100.5,66.41344
36.5,-99.5,53.725307
36.5,-98.5,31.157988
36.5,-97.5,72.62298
36.5,-96.5,79.2763
36.5,-95.5,82.2604
36.5,-94.5,82.349945
36.5,-93.5,85.29453
36.5,-92.5,86.68824
36.5,-91.5,84.216515
36.5,-90.5,91.03053
36.5,-89.5,91.346756
36.5,-88.5,91.02112
36.5,-87.5,86.9177
36.5,-86.5,90.22575
36.5,-85.5,89.40252
36.5,-84.5,84.569565
36.5,-83.5,91.94915
36.5,-82.5,90.5525
36.5,-81.5,81.201126
36.5,-80.5,76.537415
36.5,-79.5,75.0478
36.5,-78.5,78.656044
36.5,-77.5,77.99187
36.5,-76.5,79.935394
36.5,-5.5,64.635895
36.5,1.5,74.16447
36.5,2.5,65.58369
36.5,3.5,66.26862
36.5,4.5,65.93684
36.5,5.5,87.83309
36.5,6.5,63.880478
36.5,7.5,76.101494
36.5,8.5,62.819176
36.5,9.5,63.325058
36.5,10.5,64.41733
36.5,29.5,64.94019
36.5,32.5,63.793495
36.5,33.5,68.403076
36.5,36.5,78.03262
36.5,37.5,67.78224
36.5,38.5,66.261246
36.5,39.5,89.57925
36.5,40.5,86.64489
36.5,41.5,90.41928
36.5,42.5,89.10945
36.5,43.5,91.45504
36.5,44.5,60.693672
36.5,45.5,56.61103
36.5,46.5,65.674515
36.5,47.5,68.62093
36.5,48.5,69.875336
36.5,49.5,65.63504
36.5,50.5,62.51058
36.5,51.5,79.45609
36.5,52.5,68.14233
36.5,53.5,65.26398
36.5,54.5,76.89365
36.5,55.5,68.91243
36.5,56.5,89.46726
36.5,57.5,89.08084
36.5,58.5,62.455273
36.5,59.5,61.700848
36.5,60.5,69.66695
36.5,61.5,60.97128
36.5,62.5,54.386185
36.5,63.5,49.808945
36.5,64.5,62.823154
36.5,65.5,76.15633
36.5,66.5,74.379295
36.5,67.5,74.21032
36.5,68.5,76.71211
36.5,69.5,73.418175
36.5,70.5,74.6787
36.5,71.5,75.517685
36.5,72.5,77.59884
36.5,73.5,75.74497
36.5,74.5,85.12693
36.5,75.5,103.78314
36.5,76.5,67.460655
36.5,77.5,67.60265
36.5,78.5,59.96935
36.5,79.5,57.86984
36.5,80.5,53.99303
36.5,81.5,52.14041
36.5,82.5,53.132393
36.5,83.5,52.50754
36.5,84.5,53.801216
36.5,85.5,55.359543
36.5,86.5,60.852654
36.5,87.5,61.70337
36.5,88.5,62.02618
36.5,89.5,61.62365
36.5,90.5,63.002277
36.5,91.5,61.005882
36.5,92.5,62.637142
36.5,93.5,60.93636
36.5,94.5,59.030525
36.5,95.5,96.497574
36.5,96.5,60.59798
36.5,97.5,60.430225
36.5,98.5,58.44307
36.5,99.5,61.70853
36.5,100.5,60.100327
36.5,101.5,57.49244
36.5,102.5,60.666553
36.5,103.5,69.87443
36.5,104.5,70.62573
36.5,105.5,65.52633
36.5,106.5,64.56683
36.5,107.5,67.1763
36.5,108.5,57.89288
36.5,109.5,61.409233
36.5,110.5,65.29639
36.5,111.5,86.83495
36.5,112.5,59.133354
36.5,113.5,73.481064
36.5,114.5,56.899456
36.5,115.5,67.61412
36.5,116.5,60.314175
36.5,117.5,63.205093
36.5,118.5,65.76075
36.5,119.5,78.32235
36.5,120.5,69.96613
36.5,126.5,83.11074
36.5,127.5,87.790504
36.5,128.5,86.475624
36.5,136.5,109.08283
36.5,137.5,101.41791
36.5,138.5,97.08273
36.5,139.5,99.40161
36.5,140.5,107.91882
37.5,-121.5,59.152836
37.5,-120.5,47.5374
37.5,-119.5,45.94419
37.5,-118.5,44.817898
37.5,-117.5,67.18614
37.5,-116.5,59.114326
37.5,-115.5,58.08748
37.5,-114.5,50.131973
37.5,-113.5,47.7702
37.5,-112.5,49.42234
37.5,-111.5,53.364067
37.5,-110.5,50.33629
37.5,-109.5,52.553368
37.5,-108.5,47.634174
37.5,-107.5,50.242397
37.5,-106.5,45.24901
37.5,-105.5,38.157833
37.5,-104.5,60.721733
37.5,-103.5,53.542686
37.5,-102.5,59.374073
37.5,-101.5,53.20171
37.5,-100.5,53.827385
37.5,-99.5,57.57202
37.5,-98.5,54.304462
37.5,-97.5,71.88031
37.5,-96.5,83.59104
37.5,-95.5,82.18507
37.5,-94.5,86.525696
37.5,-93.5,84.345085
37.5,-92.5,85.93717
37.5,-91.5,87.0062
37.5,-90.5,86.97923
37.5,-89.5,89.52487
37.5,-88.5,82.81844
37.5,-87.5,92.87739
37.5,-86.5,87.38159
37.5,-85.5,88.62507
37.5,-84.5,88.86281
37.5,-83.5,92.38966
37.5,-82.5,85.0489
37.5,-81.5,84.48175
37.5,-80.5,91.13531
37.5,-79.5,76.05512
37.5,-78.5,76.234314
37.5,-77.5,79.02975
37.5,-76.5,80.47401
37.5,-8.5,64.15156
37.5,-7.5,64.91372
37.5,-6.5,63.74867
37.5,-5.5,60.7735
37.5,-4.5,61.59467
37.5,-3.5,63.339848
37.5,-2.5,72.414024
37.5,-1.5,72.21363
37.5,13.5,69.62502
37.5,14.5,74.72478
37.5,21.5,85.5429
37.5,22.5,81.63426
37.5,27.5,60.869396
37.5,28.5,64.19822
37.5,29.5,71.112755
37.5,30.5,68.15573
37.5,31.5,67.51829
37.5,32.5,76.47072
37.5,33.5,78.0353
37.5,34.5,67.26102
37.5,35.5,61.346195
37.5,36.5,75.56596
37.5,37.5,84.06667
37.5,38.5,81.63874
37.5,39.5,74.90654
37.5,40.5,74.99123
37.5,41.5,82.514175
37.5,42.5,62.185978
37.5,43.5,62.24485
37.5,44.5,60.573315
37.5,45.5,70.30309
37.5,46.5,78.3848
37.5,47.5,74.17536
37.5,48.5,63.48378
37.5,49.5,71.82638
37.5,54.5,96.72616
37.5,55.5,57.94195
37.5,56.5,65.79452
37.5,57.5,62.95049
37.5,58.5,55.658173
37.5,59.5,63.82786
37.5,60.5,71.21679
37.5,61.5,25.995087
37.5,62.5,56.289253
37.5,63.5,68.63524
37.5,64.5,69.99613
37.5,65.5,72.38316
37.5,66.5,71.4316
37.5,67.5,97.965195
37.5,68.5,62.62743
37.5,69.5,60.770824
37.5,70.5,67.47422
37.5,71.5,77.80804
37.5,72.5,74.90418
37.5,73.5,72.43376
37.5,74.5,72.566124
37.5,75.5,70.05322
37.5,76.5,66.10109
37.5,77.5,63.608368
37.5,78.5,58.49553
37.5,79.5,27.666788
37.5,80.5,26.275288
37.5,81.5,25.356375
37.5,82.5,24.375803
37.5,83.5,24.358454
37.5,84.5,54.281277
37.5,85.5,53.496876
37.5,86.5,53.553482
37.5,87.5,56.212383
37.5,88.5,57.942154
37.5,89.5,57.97416
37.5,90.5,58.140896
37.5,91.5,56.329357
37.5,92.5,54.751976
37.5,93.5,51.259243
37.5,94.5,94.612816
37.5,95.5,57.516335
37.5,96.5,59.00022
37.5,97.5,62.4456
37.5,98.5,51.73821
37.5,99.5,47.22291
37.5,100.5,44.988506
37.5,101.5,53.65171
37.5,102.5,55.572536
37.5,103.5,63.994576
37.5,104.5,67.090866
37.5,105.5,64.481964
37.5,106.5,63.913296
37.5,107.5,65.6367
37.5,108.5,66.96146
37.5,109.5,71.83883
37.5,110.5,70.97258
37.5,111.5,77.23167
37.5,112.5,85.26367
37.5,113.5,72.22933
37.5,114.5,57.512978
37.5,115.5,67.07979
37.5,116.5,68.186226
37.5,117.5,75.000206
37.5,118.5,85.01402
37.5,120.5,65.13874
37.5,121.5,65.57008
37.5,126.5,92.324104
37.5,127.5,89.614426
37.5,128.5,87.61902
37.5,139.5,95.28865
37.5,140.5,111.20161
38.5,-122.5,60.473537
38.5,-121.5,87.1129
38.5,-120.5,56.046463
38.5,-119.5,52.659897
38.5,-118.5,68.95688
38.5,-117.5,69.30122
38.5,-116.5,58.28627
38.5,-115.5,59.163246
38.5,-114.5,51.59971
38.5,-113.5,54.693726
38.5,-112.5,50.944473
38.5,-111.5,51.704567
38.5,-110.5,33.795757
38.5,-109.5,52.513268
38.5,-108.5,51.602722
38.5,-107.5,54.35996
38.5,-106.5,45.990025
38.5,-105.5,41.233044
38.5,-104.5,49.112038
38.5,-103.5,47.48774
38.5,-102.5,58.146923
38.5,-101.5,57.85571
38.5,-100.5,57.356632
38.5,-99.5,59.438072
38.5,-98.5,61.289135
38.5,-97.5,76.775925
38.5,-96.5,82.52458
38.5,-95.5,89.32717
38.5,-94.5,85.92963
38.5,-93.5,87.61691
38.5,-92.5,85.15104
38.5,-91.5,85.71094
38.5,-90.5,95.32065
38.5,-89.5,92.89915
38.5,-88.5,92.85351
38.5,-87.5,94.32281
38.5,-86.5,88.97614
38.5,-85.5,94.6243
38.5,-84.5,105.145454
38.5,-83.5,89.796616
38.5,-82.5,93.83328
38.5,-81.5,94.3487
38.5,-80.5,94.25037
38.5,-79.5,91.79073
38.5,-78.5,87.87194
38.5,-77.5,80.391075
38.5,-76.5,78.45245
38.5,-75.5,77.697815
38.5,-8.5,58.73218
38.5,-7.5,61.11033
38.5,-6.5,66.16517
38.5,-5.5,66.03318
38.5,-4.5,66.4711
38.5,-3.5,67.64044
38.5,-2.5,67.82267
38.5,-1.5,71.980804
38.5,-0.5,67.440895
38.5,21.5,69.537285
38.5,22.5,66.66507
38.5,23.5,85.181015
38.5,27.5,64.832184
38.5,28.5,67.12839
38.5,29.5,71.07835
38.5,30.5,69.90365
38.5,31.5,75.74857
38.5,32.5,76.77025
38.5,33.5,78.366646
38.5,34.5,69.02175
38.5,35.5,67.96773
38.5,36.5,86.63356
38.5,37.5,90.94679
38.5,38.5,76.49425
38.5,39.5,83.866554
38.5,40.5,77.65211
38.5,41.5,62.234272
38.5,42.5,68.54538
38.5,43.5,72.73026
38.5,44.5,72.43633
38.5,45.5,77.3887
38.5,46.5,62.49231
38.5,47.5,75.15711
38.5,48.5,64.348236
38.5,54.5,68.68389
38.5,55.5,65.62427
38.5,56.5,64.520386
38.5,57.5,31.526493
38.5,58.5,31.119741
38.5,59.5,30.867533
38.5,60.5,30.928953
38.5,61.5,31.07992
38.5,62.5,31.196207
38.5,63.5,30.925032
38.5,64.5,31.216753
38.5,65.5,64.65831
38.5,66.5,59.575256
38.5,67.5,59.295563
38.5,68.5,61.24066
38.5,69.5,56.122208
38.5,70.5,77.66002
38.5,71.5,76.472466
38.5,72.5,100.85114
38.5,73.5,70.084175
38.5,74.5,67.17984
38.5,75.5,66.18956
38.5,76.5,64.781105
38.5,77.5,81.59759
38.5,78.5,27.309637
38.5,79.5,26.657389
38.5,80.5,26.44266
38.5,81.5,25.796309
38.5,82.5,24.781412
38.5,83.5,24.31597
38.5,84.5,24.279455
38.5,85.5,54.521294
38.5,86.5,52.901314
38.5,87.5,52.916637
38.5,88.5,53.994167
38.5,89.5,55.186714
38.5,90.5,52.065468
38.5,91.5,52.473812
38.5,92.5,52.361126
38.5,93.5,51.84796
38.5,94.5,53.69421
38.5,95.5,57.782566
38.5,96.5,60.329884
38.5,97.5,62.652843
38.5,98.5,56.19342
38.5,99.5,56.277607
38.5,100.5,56.79051
38.5,101.5,58.70975
38.5,102.5,61.9455
38.5,103.5,61.523643
38.5,104.5,62.59034
38.5,105.5,63.37211
38.5,106.5,57.22025
38.5,107.5,67.27473
38.5,108.5,66.72432
38.5,109.5,33.009953
38.5,110.5,89.55033
38.5,111.5,77.77438
38.5,112.5,80.512505
38.5,113.5,75.64108
38.5,114.5,54.21107
38.5,115.5,62.19669
38.5,116.5,67.97403
38.5,117.5,82.61297
38.5,125.5,80.38905
38.5,126.5,82.60664
38.5,127.5,85.371376
38.5,140.5,92.4979
39.5,-123.5,63.520844
39.5,-122.5,60.66488
39.5,-121.5,61.90911
39.5,-120.5,49.914314
39.5,-119.5,65.94489
39.5,-118.5,70.71375
39.5,-117.5,63.91916
39.5,-116.5,59.040146
39.5,-115.5,58.41251
39.5,-114.5,53.228897
39.5,-113.5,71.84025
39.5,-112.5,58.39672
39.5,-111.5,50.295223
39.5,-110.5,55.735275
39.5,-109.5,49.94264
39.5,-108.5,51.953598
39.5,-107.5,49.44113
39.5,-106.5,41.618553
39.5,-105.5,40.84569
39.5,-104.5,50.38703
39.5,-103.5,51.314785
39.5,-102.5,56.357643
39.5,-101.5,58.090904
39.5,-100.5,57.44404
39.5,-99.5,59.106647
39.5,-98.5,61.661617
39.5,-97.5,75.37171
39.5,-96.5,80.43653
39.5,-95.5,85.17278
39.5,-94.5,85.00407
39.5,-93.5,87.05305
39.5,-92.5,89.85451
39.5,-91.5,88.23266
39.5,-90.5,91.72187
39.5,-89.5,94.70649
39.5,-88.5,94.362816
39.5,-87.5,88.688446
39.5,-86.5,97.27067
39.5,-85.5,97.06474
39.5,-84.5,98.2551
39.5,-83.5,96.18413
39.5,-82.5,91.12073
39.5,-81.5,93.53824
39.5,-80.5,96.22977
39.5,-79.5,93.64427
39.5,-78.5,93.337166
39.5,-77.5,88.61182
39.5,-76.5,91.64249
39.5,-75.5,98.999275
39.5,-74.5,82.55537
39.5,-8.5,64.57881
39.5,-7.5,70.96604
39.5,-6.5,68.617584
39.5,-5.5,66.12509
39.5,-4.5,73.04696
39.5,-3.5,71.46163
39.5,-2.5,67.04862
39.5,-1.5,66.99437
39.5,-0.5,66.44847
39.5,8.5,61.659943
39.5,9.5,69.09442
39.5,16.5,66.38656
39.5,20.5,69.732704
39.5,21.5,87.749405
39.5,22.5,68.07676
39.5,26.5,65.97743
39.5,27.5,62.702667
39.5,28.5,63.695965
39.5,29.5,71.12386
39.5,30.5,71.88225
39.5,31.5,77.928246
39.5,32.5,76.52456
39.5,33.5,75.280304
39.5,34.5,71.709236
39.5,35.5,68.830055
39.5,36.5,91.65019
39.5,37.5,91.73061
39.5,38.5,92.732956
39.5,39.5,87.78915
39.5,40.5,91.11978
39.5,41.5,80.95077
39.5,42.5,82.705246
39.5,43.5,77.21993
39.5,44.5,85.13973
39.5,45.5,76.65636
39.5,46.5,87.80298
39.5,47.5,87.26613
39.5,48.5,76.60197
39.5,54.5,69.27586
39.5,55.5,64.552605
39.5,56.5,30.98394
39.5,57.5,30.600206
39.5,58.5,30.086895
39.5,59.5,30.145563
39.5,60.5,30.198399
39.5,61.5,30.33864
39.5,62.5,30.828196
39.5,63.5,30.16888
39.5,64.5,29.08656
39.5,65.5,61.986725
39.5,66.5,48.018005
39.5,67.5,58.422657
39.5,68.5,70.688385
39.5,69.5,74.713936
39.5,70.5,73.26862
39.5,71.5,73.160835
39.5,72.5,75.132866
39.5,73.5,72.89746
39.5,74.5,71.05285
39.5,75.5,70.57399
39.5,76.5,90.961624
39.5,77.5,98.53701
39.5,78.5,31.848818
39.5,79.5,30.635174
39.5,80.5,29.337029
39.5,81.5,28.914358
39.5,82.5,27.4241
39.5,83.5,26.205643
39.5,84.5,25.81766
39.5,85.5,25.533669
39.5,86.5,24.921494
39.5,87.5,24.082956
39.5,88.5,82.42513
39.5,89.5,52.22838
39.5,90.5,51.094147
39.5,91.5,51.751175
39.5,92.5,50.863113
39.5,93.5,49.233803
39.5,94.5,51.671402
39.5,95.5,55.3318
39.5,96.5,57.4772
39.5,97.5,59.127827
39.5,98.5,55.666435
39.5,99.5,58.040936
39.5,100.5,58.591873
39.5,101.5,28.074324
39.5,102.5,28.13322
39.5,103.5,59.20885
39.5,104.5,59.08694
39.5,105.5,60.726116
39.5,106.5,63.6198
39.5,107.5,62.47279
39.5,108.5,63.464394
39.5,109.5,31.668526
39.5,110.5,68.83408
39.5,111.5,84.83536
39.5,112.5,64.52335
39.5,113.5,59.133827
39.5,114.5,55.530796
39.5,115.5,51.8098
39.5,116.5,70.54727
39.5,117.5,74.8301
39.5,118.5,73.05079
39.5,122.5,69.337814
39.5,125.5,82.9895
39.5,126.5,85.57351
39.5,127.5,83.574356
39.5,140.5,94.130646
39.5,141.5,94.062256
40.5,-123.5,60.15692
40.5,-122.5,66.88462
40.5,-121.5,52.6061
40.5,-120.5,65.18008
40.5,-119.5,72.35852
40.5,-118.5,68.56955
40.5,-117.5,68.93982
40.5,-116.5,68.81129
40.5,-115.5,59.131065
40.5,-114.5,64.66332
40.5,-113.5,105.31909
40.5,-112.5,60.09226
40.5,-111.5,55.52508
40.5,-110.5,51.8519
40.5,-109.5,56.82754
40.5,-108.5,49.432903
40.5,-107.5,46.929947
40.5,-106.5,41.130047
40.5,-105.5,42.658203
40.5,-104.5,48.315388
40.5,-103.5,53.27729
40.5,-102.5,52.429367
40.5,-101.5,59.368576
40.5,-100.5,59.795616
40.5,-99.5,61.32941
40.5,-98.5,65.113266
40.5,-97.5,72.512184
40.5,-96.5,86.76381
40.5,-95.5,94.06473
40.5,-94.5,98.72287
40.5,-93.5,82.75457
40.5,-92.5,81.60925
40.5,-91.5,92.207085
40.5,-90.5,96.79892
40.5,-89.5,98.036095
40.5,-88.5,98.59246
40.5,-87.5,98.80956
40.5,-86.5,100.48445
40.5,-85.5,101.50235
40.5,-84.5,100.68102
40.5,-83.5,99.08156
40.5,-82.5,97.8705
40.5,-81.5,93.033966
40.5,-80.5,96.90648
40.5,-79.5,98.99873
40.5,-78.5,99.03364
40.5,-77.5,99.141754
40.5,-76.5,97.41375
40.5,-75.5,96.76063
40.5,-74.5,86.3884
40.5,-8.5,72.154076
40.5,-7.5,72.286354
40.5,-6.5,67.96962
40.5,-5.5,65.216484
40.5,-4.5,68.054085
40.5,-3.5,75.772194
40.5,-2.5,65.70833
40.5,-1.5,62.904976
40.5,-0.5,61.495632
40.5,0.5,76.32819
40.5,8.5,61.851093
40.5,9.5,66.100044
40.5,15.5,72.43209
40.5,16.5,77.91399
40.5,19.5,67.12586
40.5,20.5,85.12764
40.5,21.5,70.463264
40.5,22.5,85.43919
40.5,23.5,82.221725
40.5,26.5,63.4928
40.5,27.5,66.5949
40.5,29.5,72.880684
40.5,30.5,66.09033
40.5,31.5,69.934296
40.5,32.5,68.18093
40.5,33.5,72.424934
40.5,34.5,70.09141
40.5,35.5,65.70111
40.5,36.5,63.846664
40.5,37.5,68.01176
40.5,38.5,71.43617
40.5,39.5,77.136505
40.5,40.5,82.02915
40.5,41.5,86.728226
40.5,42.5,77.601166
40.5,43.5,80.66156
40.5,44.5,76.238686
40.5,45.5,76.85917
40.5,46.5,76.524086
40.5,47.5,86.897545
40.5,48.5,76.12124
40.5,49.5,75.40183
40.5,53.5,65.062935
40.5,54.5,65.04857
40.5,55.5,64.5542
40.5,56.5,30.852926
40.5,57.5,30.326126
40.5,58.5,15.346733
40.5,59.5,15.32348
40.5,60.5,15.579924
40.5,61.5,15.93375
40.5,62.5,31.462633
40.5,63.5,90.05734
40.5,64.5,85.93521
40.5,65.5,58.171207
40.5,66.5,55.72704
40.5,67.5,65.63216
40.5,68.5,58.950565
40.5,69.5,65.050186
40.5,70.5,79.169266
40.5,71.5,100.41397
40.5,72.5,77.68924
40.5,73.5,69.51955
40.5,74.5,67.402664
40.5,75.5,65.94582
40.5,76.5,64.732254
40.5,77.5,68.374886
40.5,78.5,69.3675
40.5,79.5,67.758095
40.5,80.5,60.08266
40.5,81.5,60.75086
40.5,82.5,29.359692
40.5,83.5,27.901714
40.5,84.5,26.941122
40.5,85.5,25.83289
40.5,86.5,25.28823
40.5,87.5,52.301517
40.5,88.5,52.022938
40.5,89.5,49.756252
40.5,90.5,76.04124
40.5,91.5,77.23153
40.5,92.5,48.942158
40.5,93.5,49.19551
40.5,94.5,51.71632
40.5,95.5,54.45393
40.5,96.5,57.268177
40.5,97.5,58.39323
40.5,98.5,58.645603
40.5,99.5,57.38221
40.5,100.5,27.282862
40.5,101.5,27.519482
40.5,102.5,27.783012
40.5,103.5,27.391005
40.5,104.5,27.727081
40.5,105.5,59.228916
40.5,106.5,62.193768
40.5,107.5,78.806885
40.5,108.5,33.1938
40.5,109.5,65.31965
40.5,110.5,64.48373
40.5,111.5,66.13851
40.5,112.5,61.821117
40.5,113.5,61.318413
40.5,114.5,63.32702
40.5,115.5,59.233063
40.5,116.5,60.580807
40.5,117.5,53.357193
40.5,118.5,50.823395
40.5,119.5,44.02771
40.5,120.5,57.3799
40.5,122.5,63.654587
40.5,123.5,69.043465
40.5,124.5,76.31955
40.5,125.5,83.99427
40.5,126.5,83.06877
40.5,127.5,79.53071
40.5,128.5,78.80222
40.5,140.5,93.70476
40.5,141.5,112.107315
41.5,-123.5,60.43363
41.5,-122.5,70.898094
41.5,-121.5,63.077736
41.5,-120.5,66.508194
41.5,-119.5,69.905914
41.5,-118.5,69.227165
41.5,-117.5,59.254227
41.5,-116.5,66.46707
41.5,-115.5,60.340706
41.5,-114.5,60.22733
41.5,-113.5,71.94818
41.5,-112.5,71.92347
41.5,-111.5,55.318687
41.5,-110.5,51.751015
41.5,-109.5,56.413002
41.5,-108.5,55.233677
41.5,-107.5,41.98627
41.5,-106.5,37.877785
41.5,-105.5,39.891155
41.5,-104.5,44.71245
41.5,-103.5,51.083378
41.5,-102.5,30.571665
41.5,-101.5,30.773651
41.5,-100.5,30.88438
41.5,-99.5,64.48979
41.5,-98.5,67.27429
41.5,-97.5,74.6999
41.5,-96.5,90.89672
41.5,-95.5,88.36127
41.5,-94.5,101.14718
41.5,-93.5,85.452484
41.5,-92.5,104.83146
41.5,-91.5,104.47261
41.5,-90.5,97.135185
41.5,-89.5,101.889
41.5,-88.5,100.174355
41.5,-87.5,103.738174
41.5,-86.5,90.73344
41.5,-85.5,88.67784
41.5,-84.5,112.8631
41.5,-83.5,115.11526
41.5,-81.5,105.075745
41.5,-80.5,97.316765
41.5,-79.5,100.91052
41.5,-78.5,95.339775
41.5,-77.5,94.918724
41.5,-76.5,101.24885
41.5,-75.5,102.70184
41.5,-74.5,100.58767
41.5,-73.5,85.09689
41.5,-72.5,84.03182
41.5,-71.5,82.54841
41.5,-8.5,81.69009
41.5,-7.5,71.81361
41.5,-6.5,72.585594
41.5,-5.5,74.496
41.5,-4.5,69.7881
41.5,-3.5,68.32498
41.5,-2.5,69.16848
41.5,-1.5,74.216995
41.5,-0.5,89.45059
41.5,0.5,63.586365
41.5,1.5,72.413246
41.5,13.5,79.17984
41.5,14.5,58.088196
41.5,15.5,78.300735
41.5,19.5,73.58394
41.5,20.5,90.17079
41.5,21.5,67.29099
41.5,22.5,68.821144
41.5,23.5,78.059166
41.5,24.5,60.271137
41.5,25.5,73.93802
41.5,26.5,73.766304
41.5,27.5,77.13512
41.5,32.5,72.70267
41.5,33.5,65.25079
41.5,34.5,64.83871
41.5,35.5,66.680305
41.5,41.5,88.293915
41.5,42.5,82.84242
41.5,43.5,81.67104
41.5,44.5,90.433426
41.5,45.5,85.38157
41.5,46.5,84.15426
41.5,47.5,61.316807
41.5,48.5,85.38192
41.5,54.5,88.006935
41.5,55.5,89.203804
41.5,56.5,87.81262
41.5,57.5,101.79088
41.5,58.5,15.608995
41.5,59.5,15.0259075
41.5,60.5,13.925811
41.5,61.5,31.399925
41.5,62.5,31.645412
41.5,63.5,31.588152
41.5,64.5,91.549545
41.5,65.5,31.788933
41.5,66.5,30.67191
41.5,67.5,31.419714
41.5,68.5,57.89799
41.5,69.5,61.188446
41.5,70.5,77.44024
41.5,71.5,63.645184
41.5,72.5,64.03795
41.5,73.5,63.010628
41.5,74.5,65.77207
41.5,75.5,62.23625
41.5,76.5,56.36534
41.5,77.5,63.417313
41.5,78.5,66.71836
41.5,79.5,70.40312
41.5,80.5,66.36929
41.5,81.5,65.956
41.5,82.5,85.97573
41.5,83.5,56.230106
41.5,84.5,55.84992
41.5,85.5,53.004025
41.5,86.5,50.878014
41.5,87.5,50.38097
41.5,88.5,49.34636
41.5,89.5,48.854736
41.5,90.5,46.833115
41.5,91.5,47.449524
41.5,92.5,47.45885
41.5,93.5,47.455814
41.5,94.5,47.94051
41.5,95.5,50.902195
41.5,96.5,53.469288
41.5,97.5,54.547436
41.5,98.5,56.346573
41.5,99.5,55.416927
41.5,100.5,78.187965
41.5,101.5,25.9852
41.5,102.5,26.610073
41.5,103.5,55.63225
41.5,104.5,56.503193
41.5,105.5,57.566765
41.5,106.5,65.524086
41.5,107.5,58.74797
41.5,108.5,53.350407
41.5,109.5,55.142365
41.5,110.5,55.67128
41.5,111.5,56.134575
41.5,112.5,56.192684
41.5,113.5,55.55478
41.5,114.5,54.829807
41.5,115.5,51.354813
41.5,116.5,51.611073
41.5,117.5,53.094337
41.5,118.5,53.700985
41.5,119.5,62.68578
41.5,120.5,53.600006
41.5,121.5,67.47928
41.5,122.5,78.53045
41.5,123.5,90.20499
41.5,124.5,80.1234
41.5,125.5,82.89082
41.5,126.5,84.503136
41.5,127.5,82.546364
41.5,128.5,74.556244
41.5,129.5,80.80785
42.5,-123.5,66.729774
42.5,-122.5,72.70989
42.5,-121.5,75.22946
42.5,-120.5,72.263306
42.5,-119.5,76.8192
42.5,-118.5,68.16931
42.5,-117.5,72.32849
42.5,-116.5,66.74171
42.5,-115.5,73.33381
42.5,-114.5,57.354244
42.5,-113.5,54.1704
42.5,-112.5,58.280354
42.5,-111.5,61.492287
42.5,-110.5,56.027763
42.5,-109.5,45.991478
42.5,-108.5,49.161102
42.5,-107.5,47.983177
42.5,-106.5,49.312252
42.5,-105.5,39.82516
42.5,-104.5,45.1368
42.5,-103.5,39.25605
42.5,-102.5,28.336979
42.5,-101.5,30.270308
42.5,-100.5,30.606672
42.5,-99.5,30.206648
42.5,-98.5,32.416595
42.5,-97.5,72.8252
42.5,-96.5,80.93371
42.5,-95.5,95.7227
42.5,-94.5,85.72333
42.5,-93.5,88.66161
42.5,-92.5,90.102165
42.5,-91.5,90.61267
42.5,-90.5,96.41282
42.5,-89.5,98.4178
42.5,-88.5,101.832214
42.5,-85.5,86.50542
42.5,-84.5,87.895485
42.5,-83.5,92.8735
42.5,-82.5,113.731705
42.5,-79.5,100.45012
42.5,-78.5,97.04535
42.5,-77.5,96.07652
42.5,-76.5,101.15733
42.5,-75.5,102.670555
42.5,-74.5,102.76101
42.5,-73.5,102.41808
42.5,-72.5,90.68065
42.5,-71.5,89.51337
42.5,-8.5,72.5166
42.5,-7.5,71.760994
42.5,-6.5,85.527466
42.5,-5.5,71.69246
42.5,-4.5,64.232666
42.5,-3.5,57.82267
42.5,-2.5,66.06601
42.5,-1.5,68.25793
42.5,-0.5,69.3297
42.5,0.5,66.785866
42.5,1.5,61.248257
42.5,2.5,66.514626
42.5,11.5,81.718414
42.5,12.5,73.35803
42.5,13.5,72.3142
42.5,18.5,89.01236
42.5,19.5,90.183105
42.5,20.5,73.42132
42.5,21.5,67.6629
42.5,22.5,74.19465
42.5,23.5,74.32543
42.5,24.5,69.9285
42.5,25.5,84.40237
42.5,26.5,81.05253
42.5,27.5,85.83544
42.5,41.5,90.495804
42.5,42.5,84.945206
42.5,43.5,86.81419
42.5,44.5,78.68703
42.5,45.5,69.3717
42.5,46.5,65.490715
42.5,47.5,67.69743
42.5,53.5,85.66171
42.5,54.5,86.41033
42.5,55.5,88.484344
42.5,56.5,88.03511
42.5,57.5,86.8834
42.5,58.5,85.48393
42.5,59.5,61.599785
42.5,60.5,32.771362
42.5,61.5,33.52795
42.5,62.5,32.838566
42.5,63.5,92.44998
42.5,64.5,32.22647
42.5,65.5,32.57175
42.5,66.5,32.641026
42.5,67.5,108.30767
42.5,68.5,62.63058
42.5,69.5,53.175983
42.5,70.5,53.53954
42.5,71.5,58.546417
42.5,72.5,55.080406
42.5,73.5,57.76246
42.5,74.5,54.900017
42.5,75.5,51.678406
42.5,76.5,66.41804
42.5,77.5,77.743286
42.5,78.5,58.09838
42.5,79.5,56.28833
42.5,80.5,53.13329
42.5,81.5,52.583332
42.5,82.5,55.008945
42.5,83.5,51.24214
42.5,84.5,50.717655
42.5,85.5,48.057716
42.5,86.5,46.883686
42.5,87.5,52.198128
42.5,88.5,52.979324
42.5,89.5,53.529408
42.5,90.5,49.51517
42.5,91.5,47.660797
42.5,92.5,48.169212
42.5,93.5,49.930134
42.5,94.5,50.677425
42.5,95.5,50.184155
42.5,96.5,51.27021
42.5,97.5,51.789993
42.5,98.5,53.618458
42.5,99.5,53.19328
42.5,100.5,53.71691
42.5,101.5,54.218903
42.5,102.5,53.927456
42.5,103.5,54.232426
42.5,104.5,55.43223
42.5,105.5,56.06671
42.5,106.5,57.523808
42.5,107.5,59.473755
42.5,108.5,60.369415
42.5,109.5,60.92142
42.5,110.5,62.21871
42.5,111.5,58.496525
42.5,112.5,58.247692
42.5,113.5,51.54604
42.5,114.5,49.92562
42.5,115.5,48.956345
42.5,116.5,48.618256
42.5,117.5,47.768402
42.5,118.5,63.727318
42.5,119.5,62.640385
42.5,120.5,56.630974
42.5,121.5,55.874386
42.5,122.5,74.71899
42.5,123.5,81.76613
42.5,124.5,71.29452
42.5,125.5,76.97101
42.5,126.5,80.962845
42.5,127.5,83.91922
42.5,128.5,78.17982
42.5,129.5,74.33752
42.5,130.5,85.15789
42.5,140.5,94.77097
42.5,142.5,95.64258
42.5,143.5,94.82248
43.5,-123.5,71.0773
43.5,-122.5,71.849075
43.5,-121.5,43.071354
43.5,-120.5,79.08061
43.5,-119.5,75.428505
43.5,-118.5,67.525925
43.5,-117.5,69.94269
43.5,-116.5,75.56178
43.5,-115.5,58.73538
43.5,-114.5,53.802677
43.5,-113.5,50.717957
43.5,-112.5,58.733376
43.5,-111.5,69.520355
43.5,-110.5,60.22007
43.5,-109.5,52.509995
43.5,-108.5,54.17347
43.5,-107.5,51.96953
43.5,-106.5,52.139946
43.5,-105.5,62.832882
43.5,-104.5,54.273705
43.5,-103.5,52.529575
43.5,-102.5,67.670105
43.5,-101.5,62.924015
43.5,-100.5,72.47427
43.5,-99.5,71.891014
43.5,-98.5,59.038357
43.5,-97.5,61.92021
43.5,-96.5,79.51836
43.5,-95.5,73.45734
43.5,-94.5,81.736206
43.5,-93.5,85.64399
43.5,-92.5,88.04663
43.5,-91.5,96.58199
43.5,-90.5,95.45748
43.5,-89.5,103.13754
43.5,-88.5,100.368324
43.5,-85.5,74.861374
43.5,-84.5,86.170265
43.5,-83.5,89.39267
43.5,-81.5,80.843796
43.5,-80.5,76.03931
43.5,-79.5,89.10721
43.5,-76.5,106.775925
43.5,-75.5,90.692116
43.5,-74.5,93.19725
43.5,-73.5,92.47671
43.5,-72.5,94.09317
43.5,-71.5,91.62973
43.5,-70.5,92.295654
43.5,-7.5,76.81627
43.5,-6.5,80.37758
43.5,-5.5,99.42746
43.5,-1.5,79.77041
43.5,-0.5,78.58741
43.5,0.5,93.64687
43.5,1.5,72.6832
43.5,2.5,69.79277
43.5,3.5,95.58138
43.5,4.5,94.505035
43.5,5.5,92.7175
43.5,6.5,91.80137
43.5,10.5,88.57316
43.5,11.5,64.52197
43.5,12.5,74.81181
43.5,16.5,91.674126
43.5,17.5,89.413574
43.5,18.5,95.51198
43.5,19.5,79.6587
43.5,20.5,74.18592
43.5,21.5,79.84198
43.5,22.5,71.82558
43.5,23.5,73.652794
43.5,24.5,70.69949
43.5,25.5,69.165
43.5,26.5,64.02561
43.5,27.5,62.567764
43.5,40.5,82.519356
43.5,41.5,81.319305
43.5,42.5,87.18664
43.5,43.5,89.90043
43.5,44.5,84.01697
43.5,45.5,75.31149
43.5,46.5,56.782593
43.5,47.5,61.574436
43.5,51.5,85.3545
43.5,52.5,83.8193
43.5,53.5,84.59761
43.5,54.5,85.4526
43.5,55.5,88.550026
43.5,56.5,90.02933
43.5,57.5,89.67903
43.5,58.5,87.025826
43.5,59.5,79.21614
43.5,60.5,105.98568
43.5,61.5,35.819557
43.5,62.5,34.09211
43.5,63.5,33.379467
43.5,64.5,33.21148
43.5,65.5,32.775604
43.5,66.5,31.68775
43.5,67.5,66.90782
43.5,68.5,58.075558
43.5,69.5,60.280033
43.5,70.5,70.018074
43.5,71.5,30.267
43.5,72.5,34.00026
43.5,73.5,80.963394
43.5,74.5,61.689297
43.5,75.5,59.81557
43.5,76.5,57.942715
43.5,77.5,61.341824
43.5,78.5,67.539566
43.5,79.5,71.91911
43.5,80.5,60.11871
43.5,81.5,51.19732
43.5,82.5,45.340763
43.5,83.5,42.786327
43.5,84.5,52.06521
43.5,85.5,51.206005
43.5,86.5,45.360855
43.5,87.5,47.27774
43.5,88.5,50.40687
43.5,89.5,44.85533
43.5,90.5,44.144985
43.5,91.5,46.567993
43.5,92.5,46.995956
43.5,93.5,43.350834
43.5,94.5,49.905632
43.5,95.5,49.72252
43.5,96.5,49.793148
43.5,97.5,51.44123
43.5,98.5,53.811832
43.5,99.5,54.63472
43.5,100.5,55.261963
43.5,101.5,56.1418
43.5,102.5,60.892414
43.5,103.5,62.056183
43.5,104.5,61.985275
43.5,105.5,60.398357
43.5,106.5,60.901447
43.5,107.5,56.797417
43.5,108.5,57.535786
43.5,109.5,62.26237
43.5,110.5,61.39312
43.5,111.5,60.047794
43.5,112.5,58.544914
43.5,113.5,50.408947
43.5,114.5,44.377346
43.5,115.5,37.85699
43.5,116.5,42.693836
43.5,117.5,41.95068
43.5,118.5,53.731987
43.5,119.5,58.129684
43.5,120.5,50.928474
43.5,121.5,43.407238
43.5,122.5,51.93952
43.5,123.5,70.93252
43.5,124.5,75.5927
43.5,125.5,84.06818
43.5,126.5,76.547134
43.5,127.5,77.12682
43.5,128.5,74.979904
43.5,129.5,75.65379
43.5,130.5,72.18645
43.5,131.5,74.14486
43.5,132.5,79.47219
43.5,133.5,77.030846
43.5,134.5,82.50527
43.5,141.5,94.91522
43.5,142.5,91.00089
43.5,143.5,88.12944
43.5,144.5,107.928055
44.5,-123.5,91.8606
44.5,-122.5,73.884094
44.5,-121.5,73.67718
44.5,-120.5,89.4163
44.5,-119.5,78.52142
44.5,-118.5,68.27163
44.5,-117.5,74.629425
44.5,-116.5,71.81622
44.5,-115.5,64.504395
44.5,-114.5,57.973015
44.5,-113.5,51.003216
44.5,-112.5,51.7327
44.5,-111.5,62.13564
44.5,-110.5,61.018795
44.5,-109.5,54.418915
44.5,-108.5,68.427185
44.5,-107.5,50.220654
44.5,-106.5,51.962242
44.5,-105.5,52.302204
44.5,-104.5,48.458252
44.5,-103.5,52.157944
44.5,-102.5,75.11623
44.5,-101.5,76.57481
44.5,-100.5,77.54662
44.5,-99.5,54.896996
44.5,-98.5,55.994198
44.5,-97.5,71.70414
44.5,-96.5,60.763485
44.5,-95.5,81.86165
44.5,-94.5,87.772
44.5,-93.5,82.15131
44.5,-92.5,92.98141
44.5,-91.5,96.12298
44.5,-90.5,101.31768
44.5,-89.5,82.691864
44.5,-88.5,79.04337
44.5,-85.5,46.18494
44.5,-84.5,44.74665
44.5,-83.5,91.6589
44.5,-80.5,86.01738
44.5,-79.5,86.516785
44.5,-78.5,85.796234
44.5,-77.5,86.70258
44.5,-76.5,93.60596
44.5,-75.5,91.976166
44.5,-74.5,92.722664
44.5,-73.5,94.573395
44.5,-72.5,94.86564
44.5,-71.5,93.67055
44.5,-70.5,93.76994
44.5,-69.5,95.45009
44.5,-68.5,91.867805
44.5,-65.5,94.7262
44.5,-64.5,96.45071
44.5,-0.5,59.942184
44.5,0.5,71.19958
44.5,1.5,93.84919
44.5,2.5,75.76267
44.5,3.5,68.8807
44.5,4.5,86.85217
44.5,5.5,91.737045
44.5,6.5,101.54759
44.5,7.5,81.21428
44.5,8.5,77.85505
44.5,9.5,90.87919
44.5,10.5,91.82547
44.5,11.5,86.33996
44.5,15.5,92.1209
44.5,16.5,95.19313
44.5,17.5,75.85988
44.5,18.5,78.34846
44.5,19.5,81.3582
44.5,20.5,74.195694
44.5,21.5,74.22982
44.5,22.5,76.47061
44.5,23.5,72.74155
44.5,24.5,73.187126
44.5,25.5,73.908554
44.5,26.5,70.45767
44.5,27.5,64.079704
44.5,28.5,64.2276
44.5,38.5,67.82883
44.5,39.5,73.6772
44.5,40.5,81.70708
44.5,41.5,81.13905
44.5,42.5,80.586494
44.5,43.5,80.90778
44.5,44.5,74.56964
44.5,45.5,70.183914
44.5,46.5,66.55451
44.5,51.5,66.21147
44.5,52.5,67.07162
44.5,53.5,84.56023
44.5,54.5,87.435196
44.5,55.5,90.39863
44.5,56.5,91.681725
44.5,57.5,91.83238
44.5,58.5,93.85111
44.5,60.5,96.807686
44.5,61.5,98.72195
44.5,62.5,34.99725
44.5,63.5,107.226234
44.5,64.5,99.7312
44.5,65.5,91.448425
44.5,66.5,88.38806
44.5,67.5,73.46601
44.5,68.5,109.38295
44.5,69.5,36.196186
44.5,70.5,34.55266
44.5,71.5,35.339993
44.5,72.5,81.4939
44.5,73.5,80.625534
44.5,74.5,73.85077
44.5,75.5,34.58723
44.5,76.5,61.61524
44.5,77.5,54.785908
44.5,78.5,48.559834
44.5,79.5,61.67928
44.5,80.5,54.93712
44.5,81.5,46.12505
44.5,82.5,70.92568
44.5,83.5,71.01422
44.5,84.5,59.435104
44.5,85.5,49.848957
44.5,86.5,51.163868
44.5,87.5,46.51042
44.5,88.5,30.948462
44.5,89.5,52.84787
44.5,90.5,52.925816
44.5,91.5,50.963066
44.5,92.5,50.56888
44.5,93.5,50.77667
44.5,94.5,49.845345
44.5,95.5,50.976273
44.5,96.5,51.966644
44.5,97.5,54.22081
44.5,98.5,62.27258
44.5,99.5,63.50286
44.5,100.5,63.9049
44.5,101.5,59.638405
44.5,102.5,63.655956
44.5,103.5,63.962955
44.5,104.5,62.720512
44.5,105.5,61.815395
44.5,106.5,61.075905
44.5,107.5,59.620167
44.5,108.5,58.990906
44.5,109.5,60.404007
44.5,110.5,54.55152
44.5,111.5,49.015316
44.5,112.5,38.300217
44.5,113.5,40.870106
44.5,114.5,39.161316
44.5,115.5,39.86618
44.5,116.5,39.157898
44.5,117.5,38.995846
44.5,118.5,39.567318
44.5,119.5,42.139862
44.5,120.5,43.457687
44.5,121.5,47.98387
44.5,122.5,61.82606
44.5,123.5,66.34839
44.5,124.5,67.324005
44.5,125.5,76.80676
44.5,126.5,82.72343
44.5,127.5,84.49877
44.5,128.5,73.81466
44.5,129.5,86.950516
44.5,130.5,72.9465
44.5,131.5,75.39379
44.5,132.5,80.796074
44.5,133.5,79.431274
44.5,134.5,81.579
44.5,135.5,83.28517
44.5,142.5,91.79713
45.5,-123.5,87.545334
45.5,-122.5,87.52904
45.5,-121.5,77.91013
45.5,-120.5,89.80113
45.5,-119.5,80.75403
45.5,-118.5,69.805084
45.5,-117.5,76.58413
45.5,-116.5,76.29078
45.5,-115.5,84.9732
45.5,-114.5,63.457333
45.5,-113.5,57.180527
45.5,-112.5,56.439564
45.5,-111.5,59.611492
45.5,-110.5,56.97177
45.5,-109.5,52.250618
45.5,-108.5,54.34394
45.5,-107.5,49.8539
45.5,-106.5,49.428482
45.5,-105.5,56.99024
45.5,-104.5,68.212654
45.5,-103.5,49.66421
45.5,-102.5,48.6845
45.5,-101.5,56.033146
45.5,-100.5,73.99467
45.5,-99.5,54.705257
45.5,-98.5,54.935875
45.5,-97.5,57.534554
45.5,-96.5,74.454254
45.5,-95.5,68.57804
45.5,-94.5,64.52356
45.5,-93.5,73.77574
45.5,-92.5,76.95719
45.5,-91.5,94.68054
45.5,-90.5,94.99116
45.5,-89.5,94.625336
45.5,-88.5,79.41088
45.5,-87.5,86.28254
45.5,-84.5,50.54825
45.5,-79.5,89.31301
45.5,-78.5,87.95324
45.5,-77.5,87.96775
45.5,-76.5,94.77889
45.5,-75.5,119.552986
45.5,-74.5,97.4991
45.5,-73.5,99.20188
45.5,-72.5,96.8861
45.5,-71.5,99.96397
45.5,-70.5,95.62216
45.5,-69.5,107.46377
45.5,-68.5,96.15125
45.5,-67.5,99.784454
45.5,-66.5,99.35928
45.5,-65.5,98.88701
45.5,-64.5,100.90023
45.5,-63.5,93.739784
45.5,-62.5,95.919876
45.5,-61.5,98.953926
45.5,-0.5,65.425545
45.5,0.5,77.29068
45.5,1.5,75.37262
45.5,2.5,76.54818
45.5,3.5,78.40615
45.5,4.5,81.18205
45.5,5.5,87.08349
45.5,6.5,91.92638
45.5,7.5,91.452515
45.5,8.5,110.54939
45.5,9.5,109.130035
45.5,10.5,106.55234
45.5,11.5,107.84016
45.5,12.5,101.29168
45.5,13.5,101.599396
45.5,14.5,100.627106
45.5,15.5,86.68224
45.5,16.5,83.99097
45.5,17.5,79.302185
45.5,18.5,77.489494
45.5,19.5,74.13369
45.5,20.5,71.664635
45.5,21.5,70.34449
45.5,22.5,78.36502
45.5,23.5,70.929596
45.5,24.5,76.18963
45.5,25.5,77.56469
45.5,26.5,74.82257
45.5,27.5,69.60401
45.5,28.5,63.335224
45.5,29.5,65.29528
45.5,33.5,56.824234
45.5,34.5,54.455597
45.5,38.5,72.42988
45.5,39.5,63.30978
45.5,40.5,64.995766
45.5,41.5,68.692024
45.5,42.5,68.34292
45.5,43.5,69.51421
45.5,44.5,69.02372
45.5,45.5,64.12249
45.5,46.5,63.116882
45.5,47.5,60.901623
45.5,53.5,88.38016
45.5,54.5,87.983376
45.5,55.5,97.43576
45.5,56.5,91.47612
45.5,57.5,91.30479
45.5,58.5,92.300674
45.5,60.5,93.53593
45.5,61.5,90.59942
45.5,62.5,82.16842
45.5,63.5,87.01538
45.5,64.5,81.361786
45.5,65.5,73.22751
45.5,66.5,73.24555
45.5,67.5,78.164986
45.5,68.5,65.508354
45.5,69.5,70.54845
45.5,70.5,70.552536
45.5,71.5,71.63979
45.5,72.5,69.0031
45.5,73.5,74.48642
45.5,74.5,83.53694
45.5,75.5,31.788477
45.5,76.5,35.0225
45.5,77.5,33.7602
45.5,78.5,54.65165
45.5,79.5,50.385815
45.5,80.5,53.989624
45.5,81.5,57.15796
45.5,82.5,56.209347
45.5,83.5,49.283604
45.5,84.5,62.61195
45.5,85.5,66.26443
45.5,86.5,34.297546
45.5,87.5,32.36555
45.5,88.5,57.13453
45.5,89.5,54.82604
45.5,90.5,51.002567
45.5,91.5,50.80386
45.5,92.5,51.305397
45.5,93.5,48.834064
45.5,94.5,57.525864
45.5,95.5,58.523808
45.5,96.5,48.74671
45.5,97.5,57.773117
45.5,98.5,63.965267
45.5,99.5,64.877075
45.5,100.5,65.16824
45.5,101.5,56.558887
45.5,102.5,54.40353
45.5,103.5,55.442856
45.5,104.5,54.024666
45.5,105.5,50.01877
45.5,106.5,48.24296
45.5,107.5,49.87682
45.5,108.5,43.410255
45.5,109.5,41.948635
45.5,110.5,41.546253
45.5,111.5,42.31897
45.5,112.5,41.37972
45.5,113.5,37.455883
45.5,114.5,35.900307
45.5,115.5,37.64488
45.5,116.5,39.372807
45.5,117.5,41.9494
45.5,118.5,42.058563
45.5,119.5,41.951912
45.5,120.5,42.01848
45.5,121.5,49.291
45.5,122.5,61.494305
45.5,123.5,56.31349
45.5,124.5,69.03396
45.5,125.5,70.951195
45.5,126.5,77.183426
45.5,127.5,76.46792
45.5,128.5,83.33224
45.5,129.5,72.0069
45.5,130.5,68.41592
45.5,131.5,71.25734
45.5,132.5,99.15662
45.5,133.5,97.96228
45.5,134.5,85.33411
45.5,135.5,83.28877
45.5,136.5,84.6833
46.5,-123.5,91.71691
46.5,-122.5,88.641365
46.5,-121.5,84.88237
46.5,-120.5,80.99454
46.5,-119.5,81.8031
46.5,-118.5,74.41483
46.5,-117.5,79.854706
46.5,-116.5,87.80413
46.5,-115.5,90.78662
46.5,-114.5,81.531
46.5,-113.5,64.92474
46.5,-112.5,62.16454
46.5,-111.5,60.237843
46.5,-110.5,55.32792
46.5,-109.5,55.396828
46.5,-108.5,56.093475
46.5,-107.5,55.656246
46.5,-106.5,53.30813
46.5,-105.5,60.77256
46.5,-104.5,58.69004
46.5,-103.5,57.547623
46.5,-102.5,49.60912
46.5,-101.5,53.32713
46.5,-100.5,54.770554
46.5,-99.5,55.623806
46.5,-98.5,56.29016
46.5,-97.5,59.17758
46.5,-96.5,72.615715
46.5,-95.5,61.03815
46.5,-94.5,68.89654
46.5,-93.5,76.66287
46.5,-92.5,78.379906
46.5,-91.5,74.33171
46.5,-90.5,101.54059
46.5,-89.5,83.824104
46.5,-88.5,88.317245
46.5,-87.5,84.09181
46.5,-86.5,87.75162
46.5,-85.5,51.07684
46.5,-84.5,88.8705
46.5,-83.5,87.02615
46.5,-82.5,85.65695
46.5,-81.5,83.78018
46.5,-80.5,86.112114
46.5,-79.5,88.661674
46.5,-78.5,88.39593
46.5,-77.5,77.93614
46.5,-76.5,78.57714
46.5,-75.5,93.20622
46.5,-74.5,92.320274
46.5,-73.5,92.72585
46.5,-72.5,95.144615
46.5,-71.5,102.49343
46.5,-70.5,101.649765
46.5,-69.5,106.98315
46.5,-68.5,106.91802
46.5,-67.5,101.241035
46.5,-66.5,99.10521
46.5,-65.5,95.25917
46.5,-64.5,97.93333
46.5,-60.5,97.93087
46.5,-1.5,66.92935
46.5,-0.5,64.22579
46.5,0.5,73.714905
46.5,1.5,71.78724
46.5,2.5,74.60453
46.5,3.5,81.87506
46.5,4.5,80.52231
46.5,5.5,88.59232
46.5,6.5,97.20247
46.5,7.5,94.95749
46.5,8.5,91.471
46.5,9.5,92.10982
46.5,10.5,91.14996
46.5,11.5,86.76761
46.5,12.5,95.87453
46.5,13.5,94.9385
46.5,14.5,88.91123
46.5,15.5,84.225876
46.5,16.5,80.23335
46.5,17.5,91.990135
46.5,18.5,84.94513
46.5,19.5,64.00957
46.5,20.5,82.82359
46.5,21.5,86.41126
46.5,22.5,83.60533
46.5,23.5,81.66084
46.5,24.5,84.093285
46.5,25.5,82.368515
46.5,26.5,78.62041
46.5,27.5,71.74185
46.5,28.5,64.7417
46.5,29.5,59.392475
46.5,30.5,63.254646
46.5,32.5,57.019676
46.5,33.5,55.24792
46.5,34.5,61.573513
46.5,35.5,67.76482
46.5,38.5,64.59352
46.5,39.5,61.703167
46.5,40.5,62.25007
46.5,41.5,66.13875
46.5,42.5,67.65965
46.5,43.5,63.54193
46.5,44.5,61.949455
46.5,45.5,59.59089
46.5,46.5,64.501144
46.5,47.5,60.289543
46.5,48.5,51.798935
46.5,49.5,72.44324
46.5,53.5,63.338642
46.5,54.5,83.44665
46.5,55.5,58.707478
46.5,56.5,61.41551
46.5,57.5,58.460175
46.5,58.5,48.96205
46.5,59.5,60.968052
46.5,60.5,91.94217
46.5,61.5,60.225437
46.5,62.5,65.28066
46.5,63.5,65.704636
46.5,64.5,80.11875
46.5,65.5,62.62496
46.5,66.5,53.122383
46.5,67.5,52.358986
46.5,68.5,54.702652
46.5,69.5,59.114674
46.5,70.5,63.139725
46.5,71.5,64.93139
46.5,72.5,65.622574
46.5,73.5,70.33367
46.5,75.5,39.750515
46.5,76.5,37.638702
46.5,77.5,80.20248
46.5,78.5,39.193413
46.5,79.5,37.372746
46.5,80.5,35.446026
46.5,81.5,83.194954
46.5,82.5,55.085712
46.5,83.5,46.303055
46.5,84.5,51.84594
46.5,85.5,66.3603
46.5,86.5,61.787933
46.5,87.5,59.704727
46.5,88.5,55.36177
46.5,89.5,55.93964
46.5,90.5,44.75925
46.5,91.5,44.298653
46.5,92.5,45.440548
46.5,93.5,49.953144
46.5,94.5,62.087605
46.5,95.5,56.178596
46.5,96.5,48.075096
46.5,97.5,51.373344
46.5,98.5,48.658283
46.5,99.5,51.225174
46.5,100.5,47.53458
46.5,101.5,41.988087
46.5,102.5,41.970936
46.5,103.5,44.190228
46.5,104.5,41.630863
46.5,105.5,39.83584
46.5,106.5,38.764397
46.5,107.5,39.0003
46.5,108.5,37.717804
46.5,109.5,38.39592
46.5,110.5,40.017387
46.5,111.5,40.347862
46.5,112.5,39.06975
46.5,113.5,36.20668
46.5,114.5,36.23119
46.5,115.5,37.77977
46.5,116.5,37.64807
46.5,117.5,39.97932
46.5,118.5,42.21529
46.5,119.5,41.411667
46.5,120.5,45.170177
46.5,121.5,48.442375
46.5,122.5,52.328632
46.5,123.5,65.52043
46.5,124.5,70.93354
46.5,125.5,61.73477
46.5,126.5,73.53856
46.5,127.5,74.078445
46.5,128.5,73.10715
46.5,129.5,86.20009
46.5,130.5,81.83962
46.5,131.5,79.706604
46.5,132.5,83.8548
46.5,133.5,96.62329
46.5,134.5,85.14702
46.5,135.5,87.471375
46.5,136.5,85.39806
46.5,137.5,86.33188
46.5,142.5,97.70895
47.5,-123.5,91.942154
47.5,-122.5,81.50489
47.5,-121.5,85.20717
47.5,-120.5,81.417595
47.5,-119.5,70.509605
47.5,-118.5,80.99666
47.5,-117.5,82.77332
47.5,-116.5,88.54638
47.5,-115.5,86.71445
47.5,-114.5,83.35438
47.5,-113.5,78.43223
47.5,-112.5,54.802486
47.5,-111.5,52.466564
47.5,-110.5,59.983128
47.5,-109.5,71.41155
47.5,-108.5,78.762024
47.5,-107.5,78.13124
47.5,-106.5,57.94662
47.5,-105.5,61.924232
47.5,-104.5,60.319374
47.5,-103.5,53.08966
47.5,-102.5,54.469616
47.5,-101.5,56.933613
47.5,-100.5,54.015823
47.5,-99.5,55.77706
47.5,-98.5,58.267353
47.5,-97.5,61.694073
47.5,-96.5,55.35377
47.5,-95.5,59.59784
47.5,-94.5,72.934784
47.5,-93.5,75.630905
47.5,-92.5,77.81504
47.5,-91.5,82.65897
47.5,-84.5,90.41085
47.5,-83.5,85.019585
47.5,-82.5,86.56505
47.5,-81.5,85.13278
47.5,-80.5,85.40014
47.5,-79.5,89.109116
47.5,-78.5,91.39596
47.5,-77.5,81.83818
47.5,-76.5,81.36055
47.5,-75.5,80.594826
47.5,-74.5,92.75089
47.5,-73.5,92.46071
47.5,-72.5,93.99491
47.5,-71.5,94.243
47.5,-70.5,91.05357
47.5,-69.5,100.26009
47.5,-68.5,98.44339
47.5,-67.5,99.31505
47.5,-66.5,99.78554
47.5,-65.5,101.85364
47.5,-55.5,100.83704
47.5,-53.5,101.92099
47.5,-2.5,64.941376
47.5,-1.5,64.31254
47.5,-0.5,68.04417
47.5,0.5,75.308044
47.5,1.5,77.4663
47.5,2.5,74.510956
47.5,3.5,74.01833
47.5,4.5,93.93643
47.5,5.5,80.086296
47.5,6.5,89.492836
47.5,7.5,91.82332
47.5,8.5,97.938644
47.5,9.5,99.472206
47.5,10.5,98.9206
47.5,11.5,98.69413
47.5,12.5,98.89792
47.5,13.5,98.64157
47.5,14.5,95.78406
47.5,15.5,92.69468
47.5,16.5,78.849915
47.5,17.5,98.67683
47.5,18.5,77.462074
47.5,19.5,94.803566
47.5,20.5,90.39585
47.5,21.5,88.33193
47.5,22.5,78.51629
47.5,23.5,84.97391
47.5,24.5,86.8551
47.5,25.5,82.35009
47.5,26.5,78.90731
47.5,27.5,73.89583
47.5,28.5,66.2264
47.5,29.5,66.27829
47.5,30.5,63.05341
47.5,31.5,63.337765
47.5,32.5,61.12106
47.5,33.5,62.887756
47.5,34.5,66.742744
47.5,35.5,62.62091
47.5,36.5,58.794983
47.5,37.5,62.433723
47.5,38.5,66.489174
47.5,39.5,67.27332
47.5,40.5,67.6613
47.5,41.5,67.651375
47.5,42.5,67.8598
47.5,43.5,66.14025
47.5,44.5,66.25251
47.5,45.5,75.56399
47.5,46.5,66.76423
47.5,47.5,60.242508
47.5,48.5,31.102465
47.5,49.5,29.939514
47.5,50.5,30.92328
47.5,51.5,64.08445
47.5,52.5,61.346687
47.5,53.5,56.540344
47.5,54.5,49.782642
47.5,55.5,48.15899
47.5,56.5,54.927223
47.5,57.5,54.6115
47.5,58.5,49.05774
47.5,59.5,47.594738
47.5,60.5,52.268936
47.5,61.5,52.023754
47.5,62.5,51.53741
47.5,63.5,54.02467
47.5,64.5,53.779743
47.5,65.5,49.9382
47.5,66.5,49.481903
47.5,67.5,53.76702
47.5,68.5,51.182255
47.5,69.5,54.0218
47.5,70.5,66.56316
47.5,71.5,59.253853
47.5,72.5,59.254192
47.5,73.5,62.347225
47.5,74.5,63.16953
47.5,75.5,72.076706
47.5,76.5,69.16883
47.5,77.5,56.37098
47.5,78.5,59.487343
47.5,79.5,55.24012
47.5,80.5,51.887146
47.5,81.5,51.443016
47.5,82.5,55.06195
47.5,83.5,64.09173
47.5,84.5,61.17162
47.5,85.5,60.102325
47.5,86.5,60.97896
47.5,87.5,58.830997
47.5,88.5,50.637295
47.5,89.5,40.18513
47.5,90.5,42.593002
47.5,91.5,45.04715
47.5,92.5,53.72987
47.5,93.5,61.133514
47.5,94.5,62.361874
47.5,95.5,50.101692
47.5,96.5,39.48251
47.5,97.5,41.302143
47.5,98.5,35.584568
47.5,99.5,43.737797
47.5,100.5,46.379433
47.5,101.5,44.16819
47.5,102.5,39.975212
47.5,103.5,41.67142
47.5,104.5,41.25506
47.5,105.5,41.064526
47.5,106.5,40.862038
47.5,107.5,40.50409
47.5,108.5,39.721012
47.5,109.5,41.672565
47.5,110.5,41.596054
47.5,111.5,40.737244
47.5,112.5,38.23929
47.5,113.5,36.73909
47.5,114.5,37.524696
47.5,115.5,39.4333
47.5,116.5,39.380173
47.5,117.5,41.344593
47.5,118.5,41.562542
47.5,119.5,44.4546
47.5,120.5,60.18936
47.5,121.5,57.752224
47.5,122.5,51.712788
47.5,123.5,65.91735
47.5,124.5,68.39554
47.5,125.5,71.66641
47.5,126.5,75.592224
47.5,127.5,79.99059
47.5,128.5,74.700035
47.5,129.5,78.53278
47.5,130.5,76.451904
47.5,131.5,95.88207
47.5,132.5,98.10431
47.5,133.5,96.68807
47.5,134.5,102.965126
47.5,135.5,85.99367
47.5,136.5,89.617195
47.5,137.5,87.06689
47.5,138.5,89.675606
47.5,142.5,98.44449
48.5,-124.5,82.698135
48.5,-123.5,98.94278
48.5,-122.5,99.64114
48.5,-121.5,83.33832
48.5,-120.5,85.51989
48.5,-119.5,74.79241
48.5,-118.5,79.40821
48.5,-117.5,85.45886
48.5,-116.5,90.63422
48.5,-115.5,88.52462
48.5,-114.5,86.02884
48.5,-113.5,72.60655
48.5,-112.5,55.58034
48.5,-111.5,65.31319
48.5,-110.5,56.292927
48.5,-109.5,51.84429
48.5,-108.5,53.434483
48.5,-107.5,62.98563
48.5,-106.5,61.51643
48.5,-105.5,52.762474
48.5,-104.5,53.355515
48.5,-103.5,53.66241
48.5,-102.5,53.10167
48.5,-101.5,54.74733
48.5,-100.5,54.952385
48.5,-99.5,59.214867
48.5,-98.5,60.25984
48.5,-97.5,75.47187
48.5,-96.5,54.920357
48.5,-95.5,65.57665
48.5,-94.5,76.304535
48.5,-93.5,74.78884
48.5,-92.5,78.58547
48.5,-91.5,79.56663
48.5,-90.5,77.41477
48.5,-89.5,78.45588
48.5,-85.5,82.756195
48.5,-84.5,84.96336
48.5,-83.5,86.90403
48.5,-82.5,85.343346
48.5,-81.5,82.73901
48.5,-80.5,84.77485
48.5,-79.5,86.84135
48.5,-78.5,89.182755
48.5,-77.5,89.77978
48.5,-76.5,90.798325
48.5,-75.5,95.07267
48.5,-74.5,95.31041
48.5,-73.5,91.4191
48.5,-72.5,93.88583
48.5,-71.5,94.19117
48.5,-70.5,90.43668
48.5,-69.5,90.10021
48.5,-68.5,96.92043
48.5,-67.5,97.79815
48.5,-66.5,95.868774
48.5,-65.5,95.5031
48.5,-58.5,101.038376
48.5,-57.5,101.07574
48.5,-56.5,102.851494
48.5,-55.5,102.176216
48.5,-54.5,101.22221
48.5,-3.5,70.001976
48.5,-2.5,69.74047
48.5,-1.5,68.821106
48.5,-0.5,66.44658
48.5,0.5,67.69794
48.5,1.5,73.13329
48.5,2.5,79.67826
48.5,3.5,90.97825
48.5,4.5,91.922585
48.5,5.5,95.74885
48.5,6.5,81.332214
48.5,7.5,86.67536
48.5,8.5,84.92332
48.5,9.5,84.98492
48.5,10.5,88.42799
48.5,11.5,89.69333
48.5,12.5,90.79996
48.5,13.5,94.89416
48.5,14.5,89.84064
48.5,15.5,87.39646
48.5,16.5,79.746414
48.5,17.5,83.63356
48.5,18.5,82.98095
48.5,19.5,86.61865
48.5,20.5,103.37467
48.5,21.5,85.89023
48.5,22.5,89.93402
48.5,23.5,84.51182
48.5,24.5,84.714516
48.5,25.5,85.932945
48.5,26.5,73.17896
48.5,27.5,75.522156
48.5,28.5,69.649925
48.5,29.5,66.86382
48.5,30.5,70.15464
48.5,31.5,69.31919
48.5,32.5,68.34845
48.5,33.5,68.109665
48.5,34.5,70.21427
48.5,35.5,70.234474
48.5,36.5,71.88087
48.5,37.5,76.93331
48.5,38.5,79.19828
48.5,39.5,72.686386
48.5,40.5,71.25869
48.5,41.5,70.55401
48.5,42.5,70.14063
48.5,43.5,68.686424
48.5,44.5,68.051834
48.5,45.5,74.42558
48.5,46.5,56.39715
48.5,47.5,62.1408
48.5,48.5,31.492336
48.5,49.5,29.079222
48.5,50.5,30.190788
48.5,51.5,63.94368
48.5,52.5,53.63786
48.5,53.5,44.77179
48.5,54.5,45.158463
48.5,55.5,45.49791
48.5,56.5,45.97529
48.5,57.5,51.850754
48.5,58.5,52.284534
48.5,59.5,54.145046
48.5,60.5,54.00125
48.5,61.5,46.98037
48.5,62.5,59.628445
48.5,63.5,62.03806
48.5,64.5,48.735435
48.5,65.5,55.13386
48.5,66.5,55.08076
48.5,67.5,55.93954
48.5,68.5,54.704502
48.5,69.5,65.53395
48.5,70.5,65.74421
48.5,71.5,66.88332
48.5,72.5,68.078835
48.5,73.5,71.869255
48.5,74.5,69.61992
48.5,75.5,59.638542
48.5,76.5,64.837395
48.5,77.5,67.01503
48.5,78.5,55.049488
48.5,79.5,57.702946
48.5,80.5,61.244514
48.5,81.5,60.1676
48.5,82.5,65.59559
48.5,83.5,75.44979
48.5,84.5,67.46721
48.5,85.5,64.334915
48.5,86.5,63.263306
48.5,87.5,56.29918
48.5,88.5,46.484215
48.5,89.5,46.176712
48.5,90.5,47.532658
48.5,91.5,49.82858
48.5,92.5,59.671753
48.5,93.5,62.59184
48.5,94.5,51.32122
48.5,95.5,42.33382
48.5,96.5,42.926514
48.5,97.5,43.34788
48.5,98.5,49.368797
48.5,99.5,47.343937
48.5,100.5,46.791603
48.5,101.5,45.151737
48.5,102.5,44.107437
48.5,103.5,45.310677
48.5,104.5,45.037968
48.5,105.5,44.407295
48.5,106.5,45.698116
48.5,107.5,51.30513
48.5,108.5,51.814247
48.5,109.5,51.56315
48.5,110.5,46.008904
48.5,111.5,45.192814
48.5,112.5,41.28702
48.5,113.5,40.732143
48.5,114.5,38.710194
48.5,115.5,38.37388
48.5,116.5,39.91362
48.5,117.5,45.278248
48.5,118.5,42.617805
48.5,119.5,43.87698
48.5,120.5,52.087437
48.5,121.5,62.42365
48.5,122.5,59.03896
48.5,123.5,70.109985
48.5,124.5,69.8679
48.5,125.5,72.944214
48.5,126.5,75.4779
48.5,127.5,87.61825
48.5,128.5,76.22199
48.5,129.5,78.357254
48.5,130.5,82.990814
48.5,131.5,83.49109
48.5,132.5,82.27169
48.5,133.5,82.66994
48.5,134.5,88.05431
48.5,135.5,84.8333
48.5,136.5,90.53743
48.5,137.5,89.06098
48.5,138.5,85.40085
48.5,139.5,87.96453
48.5,142.5,99.704666
49.5,-125.5,82.29354
49.5,-124.5,88.154625
49.5,-123.5,92.163445
49.5,-122.5,91.7721
49.5,-121.5,96.73285
49.5,-120.5,88.69137
49.5,-119.5,86.374535
49.5,-118.5,81.06097
49.5,-117.5,77.18065
49.5,-116.5,80.11782
49.5,-115.5,77.471375
49.5,-114.5,65.66378
49.5,-113.5,65.77231
49.5,-112.5,59.837345
49.5,-111.5,52.53202
49.5,-110.5,51.263577
49.5,-109.5,50.52696
49.5,-108.5,53.00594
49.5,-107.5,52.24943
49.5,-106.5,50.699757
49.5,-105.5,52.675396
49.5,-104.5,52.72779
49.5,-103.5,54.1608
49.5,-102.5,53.649456
49.5,-101.5,56.14022
49.5,-100.5,55.15467
49.5,-99.5,54.071735
49.5,-98.5,55.460155
49.5,-97.5,70.28341
49.5,-96.5,69.88276
49.5,-95.5,88.20439
49.5,-94.5,86.29679
49.5,-93.5,77.690636
49.5,-92.5,76.697945
49.5,-91.5,77.40628
49.5,-90.5,78.13595
49.5,-89.5,79.00822
49.5,-88.5,84.10183
49.5,-87.5,80.44944
49.5,-86.5,80.30102
49.5,-85.5,82.63357
49.5,-84.5,85.23361
49.5,-83.5,115.78839
49.5,-82.5,116.30172
49.5,-81.5,113.827255
49.5,-80.5,84.23749
49.5,-79.5,86.13263
49.5,-78.5,87.70516
49.5,-77.5,90.96675
49.5,-76.5,92.26608
49.5,-75.5,92.46409
49.5,-74.5,93.423485
49.5,-73.5,89.29023
49.5,-72.5,88.53847
49.5,-71.5,90.928345
49.5,-70.5,91.74712
49.5,-69.5,88.69217
49.5,-68.5,90.52917
49.5,-67.5,92.531944
49.5,-57.5,102.24158
49.5,-56.5,102.09265
49.5,-55.5,104.24966
49.5,0.5,74.71223
49.5,1.5,70.44821
49.5,2.5,72.551834
49.5,3.5,75.292175
49.5,4.5,78.9767
49.5,5.5,79.975746
49.5,6.5,79.822914
49.5,7.5,81.64566
49.5,8.5,89.122505
49.5,9.5,100.22885
49.5,10.5,87.08198
49.5,11.5,105.06406
49.5,12.5,88.20802
49.5,13.5,89.63626
49.5,14.5,85.50256
49.5,15.5,84.05167
49.5,16.5,82.57012
49.5,17.5,85.022964
49.5,18.5,85.982185
49.5,19.5,88.93442
49.5,20.5,88.650894
49.5,21.5,84.759155
49.5,22.5,86.605804
49.5,23.5,88.13285
49.5,24.5,84.770996
49.5,25.5,77.94347
49.5,26.5,78.42837
49.5,27.5,76.96831
49.5,28.5,74.220665
49.5,29.5,73.28685
49.5,30.5,70.9375
49.5,31.5,75.15337
49.5,32.5,75.64469
49.5,33.5,72.04825
49.5,34.5,73.17541
49.5,35.5,74.099556
49.5,36.5,74.44765
49.5,37.5,75.0679
49.5,38.5,75.97871
49.5,39.5,75.49496
49.5,40.5,73.26009
49.5,41.5,71.99993
49.5,42.5,69.78885
49.5,43.5,66.970505
49.5,44.5,65.27102
49.5,45.5,65.074486
49.5,46.5,61.07223
49.5,47.5,60.277546
49.5,48.5,60.880825
49.5,49.5,57.215374
49.5,50.5,65.7008
49.5,51.5,65.644585
49.5,52.5,50.753197
49.5,53.5,47.32873
49.5,54.5,50.28898
49.5,55.5,46.70307
49.5,56.5,52.441143
49.5,57.5,51.537426
49.5,58.5,50.41751
49.5,59.5,53.61272
49.5,60.5,44.488804
49.5,61.5,45.71033
49.5,62.5,44.971912
49.5,63.5,50.559944
49.5,64.5,54.738792
49.5,65.5,59.035805
49.5,66.5,58.749752
49.5,67.5,53.735504
49.5,68.5,56.441196
49.5,69.5,59.990032
49.5,70.5,61.094513
49.5,71.5,61.370876
49.5,72.5,60.059147
49.5,73.5,60.38387
49.5,74.5,60.261204
49.5,75.5,58.49896
49.5,76.5,55.88764
49.5,77.5,66.0484
49.5,78.5,66.94421
49.5,79.5,73.93508
49.5,80.5,77.427505
49.5,81.5,61.59529
49.5,82.5,58.59376
49.5,83.5,70.053696
49.5,84.5,73.71367
49.5,85.5,70.43961
49.5,86.5,70.7481
49.5,87.5,69.05987
49.5,88.5,55.017475
49.5,89.5,57.480183
49.5,90.5,60.88205
49.5,91.5,47.17887
49.5,92.5,58.05426
49.5,93.5,54.009563
49.5,94.5,42.79919
49.5,95.5,41.09951
49.5,96.5,40.715866
49.5,97.5,44.5602
49.5,98.5,45.893112
49.5,99.5,46.311203
49.5,100.5,45.008343
49.5,101.5,46.56902
49.5,102.5,46.481304
49.5,103.5,52.736374
49.5,104.5,49.077698
49.5,105.5,46.620903
49.5,106.5,47.819923
49.5,107.5,53.636993
49.5,108.5,60.60666
49.5,109.5,60.76194
49.5,110.5,59.502647
49.5,111.5,57.583687
49.5,112.5,44.640575
49.5,113.5,41.78962
49.5,114.5,40.08425
49.5,115.5,40.217915
49.5,116.5,39.216423
49.5,117.5,43.415825
49.5,118.5,56.468853
49.5,119.5,59.28041
49.5,120.5,51.23701
49.5,121.5,62.518177
49.5,122.5,63.916115
49.5,123.5,64.86313
49.5,124.5,57.348248
49.5,125.5,71.984924
49.5,126.5,68.305504
49.5,127.5,68.582466
49.5,128.5,85.122185
49.5,129.5,79.47737
49.5,130.5,81.94089
49.5,131.5,83.03295
49.5,132.5,84.89355
49.5,133.5,86.34318
49.5,134.5,84.151215
49.5,135.5,85.08496
49.5,136.5,89.185936
49.5,137.5,88.71075
49.5,138.5,89.24548
49.5,139.5,85.43522
49.5,142.5,96.26033
49.5,143.5,88.62818
50.5,-127.5,90.918274
50.5,-126.5,94.92832
50.5,-125.5,94.294556
50.5,-124.5,94.33575
50.5,-123.5,123.29995
50.5,-122.5,89.476265
50.5,-121.5,89.25874
50.5,-120.5,88.05687
50.5,-119.5,91.59795
50.5,-118.5,85.61677
50.5,-117.5,85.35826
50.5,-116.5,81.51165
50.5,-115.5,78.04394
50.5,-114.5,61.99406
50.5,-113.5,65.64362
50.5,-112.5,59.869152
50.5,-111.5,53.526443
50.5,-110.5,56.224663
50.5,-109.5,55.583405
50.5,-108.5,54.66254
50.5,-107.5,53.418655
50.5,-106.5,53.26815
50.5,-105.5,54.71764
50.5,-104.5,55.063908
50.5,-103.5,54.153683
50.5,-102.5,54.495655
50.5,-101.5,55.12526
50.5,-100.5,55.973907
50.5,-99.5,56.079494
50.5,-98.5,63.896793
50.5,-97.5,62.41435
50.5,-96.5,80.202065
50.5,-95.5,74.64381
50.5,-94.5,74.31631
50.5,-93.5,79.629944
50.5,-92.5,78.00318
50.5,-91.5,78.616585
50.5,-90.5,80.11782
50.5,-89.5,81.52538
50.5,-88.5,72.95536
50.5,-87.5,81.8143
50.5,-86.5,81.768425
50.5,-85.5,89.138504
50.5,-84.5,90.802635
50.5,-83.5,114.13893
50.5,-82.5,112.57501
50.5,-81.5,88.74576
50.5,-80.5,111.63256
50.5,-79.5,90.58205
50.5,-78.5,93.55869
50.5,-77.5,97.03695
50.5,-76.5,91.39796
50.5,-75.5,89.603065
50.5,-74.5,91.720985
50.5,-73.5,90.974785
50.5,-72.5,87.174126
50.5,-71.5,88.72063
50.5,-70.5,89.83162
50.5,-69.5,90.32477
50.5,-68.5,89.15471
50.5,-67.5,88.89369
50.5,-66.5,90.724045
50.5,-65.5,91.98869
50.5,-64.5,93.29391
50.5,-63.5,93.873505
50.5,-62.5,95.412476
50.5,-61.5,95.372955
50.5,-60.5,86.81355
50.5,-56.5,102.47233
50.5,-4.5,74.221146
50.5,-3.5,77.1361
50.5,2.5,71.27677
50.5,3.5,73.889
50.5,4.5,78.04134
50.5,5.5,79.16435
50.5,6.5,82.876205
50.5,7.5,83.83103
50.5,8.5,85.7607
50.5,9.5,82.98544
50.5,10.5,102.21146
50.5,11.5,84.51467
50.5,12.5,84.15632
50.5,13.5,86.05456
50.5,14.5,85.79169
50.5,15.5,84.36244
50.5,16.5,84.302666
50.5,17.5,83.89119
50.5,18.5,67.515015
50.5,19.5,66.908775
50.5,20.5,98.56822
50.5,21.5,66.47551
50.5,22.5,79.212326
50.5,23.5,82.68675
50.5,24.5,100.2876
50.5,25.5,83.74992
50.5,26.5,82.72134
50.5,27.5,82.38735
50.5,28.5,80.94901
50.5,29.5,75.77182
50.5,30.5,81.69716
50.5,31.5,70.952736
50.5,32.5,68.91836
50.5,33.5,74.54482
50.5,34.5,77.20843
50.5,35.5,73.58914
50.5,36.5,77.32444
50.5,37.5,77.558304
50.5,38.5,76.77352
50.5,39.5,77.44036
50.5,40.5,74.66532
50.5,41.5,73.1637
50.5,42.5,70.49037
50.5,43.5,69.77154
50.5,44.5,67.07786
50.5,45.5,67.69631
50.5,46.5,66.355354
50.5,47.5,63.054127
50.5,48.5,60.16661
50.5,49.5,58.620647
50.5,50.5,54.52535
50.5,51.5,57.979294
50.5,52.5,58.748985
50.5,53.5,57.592445
50.5,54.5,56.127506
50.5,55.5,59.784237
50.5,56.5,56.655727
50.5,57.5,68.330345
50.5,58.5,70.09866
50.5,59.5,53.21711
50.5,60.5,51.47365
50.5,61.5,52.31787
50.5,62.5,51.590347
50.5,63.5,52.477306
50.5,64.5,52.90389
50.5,65.5,58.14884
50.5,66.5,62.077747
50.5,67.5,64.799576
50.5,68.5,69.27078
50.5,69.5,69.975006
50.5,70.5,68.34764
50.5,71.5,64.72697
50.5,72.5,61.62954
50.5,73.5,60.558147
50.5,74.5,60.287266
50.5,75.5,59.672256
50.5,76.5,61.761974
50.5,77.5,65.53242
50.5,78.5,80.04455
50.5,79.5,72.45071
50.5,80.5,64.32809
50.5,81.5,65.82851
50.5,82.5,69.06925
50.5,83.5,80.86111
50.5,84.5,80.847694
50.5,85.5,81.62467
50.5,86.5,88.49345
50.5,87.5,84.01271
50.5,88.5,77.26663
50.5,89.5,67.31482
50.5,90.5,60.673885
50.5,91.5,56.087353
50.5,92.5,68.989746
50.5,93.5,56.252316
50.5,94.5,49.18862
50.5,95.5,46.9191
50.5,96.5,58.397846
50.5,97.5,59.206467
50.5,98.5,52.581997
50.5,99.5,61.790333
50.5,100.5,61.454445
50.5,101.5,59.75587
50.5,102.5,53.130363
50.5,103.5,62.767094
50.5,104.5,61.063618
50.5,105.5,49.464638
50.5,106.5,49.31275
50.5,107.5,50.970688
50.5,108.5,58.156567
50.5,109.5,60.924557
50.5,110.5,62.594715
50.5,111.5,63.790016
50.5,112.5,58.863506
50.5,113.5,50.671574
50.5,114.5,53.815594
50.5,115.5,45.29254
50.5,116.5,52.37989
50.5,117.5,42.261684
50.5,118.5,56.443806
50.5,119.5,60.291794
50.5,120.5,59.413277
50.5,121.5,74.11893
50.5,122.5,74.23203
50.5,123.5,70.22201
50.5,124.5,66.275475
50.5,125.5,64.99182
50.5,126.5,69.013626
50.5,127.5,71.147224
50.5,128.5,82.20493
50.5,129.5,75.070244
50.5,130.5,82.01756
50.5,131.5,84.90107
50.5,132.5,86.82775
50.5,133.5,86.65374
50.5,134.5,86.46553
50.5,135.5,87.31029
50.5,136.5,87.12176
50.5,137.5,86.71833
50.5,138.5,88.797066
50.5,139.5,85.23858
50.5,140.5,89.298515
50.5,142.5,94.67125
50.5,143.5,98.13738
51.5,-127.5,92.24493
51.5,-126.5,120.95593
51.5,-125.5,132.53296
51.5,-124.5,92.57295
51.5,-123.5,92.77548
51.5,-122.5,87.10466
51.5,-121.5,84.856964
51.5,-120.5,88.72769
51.5,-119.5,84.65192
51.5,-118.5,86.674644
51.5,-117.5,81.26716
51.5,-116.5,77.803635
51.5,-115.5,70.48453
51.5,-114.5,61.866306
51.5,-113.5,58.73052
51.5,-112.5,58.669
51.5,-111.5,53.909763
51.5,-110.5,55.482483
51.5,-109.5,57.91392
51.5,-108.5,71.65221
51.5,-107.5,54.938034
51.5,-106.5,53.18856
51.5,-105.5,56.1621
51.5,-104.5,55.069557
51.5,-103.5,54.81631
51.5,-102.5,56.16491
51.5,-101.5,56.330574
51.5,-100.5,58.048977
51.5,-99.5,72.98322
51.5,-98.5,64.0
51.5,-97.5,66.269936
51.5,-96.5,93.8347
51.5,-95.5,96.59156
51.5,-94.5,74.33452
51.5,-93.5,79.01128
51.5,-92.5,76.281425
51.5,-91.5,77.04349
51.5,-90.5,68.54607
51.5,-89.5,68.67676
51.5,-88.5,79.588455
51.5,-87.5,78.62522
51.5,-86.5,84.124016
51.5,-85.5,86.42486
51.5,-84.5,87.21302
51.5,-83.5,87.88917
51.5,-82.5,87.84834
51.5,-81.5,87.07176
51.5,-80.5,116.40078
51.5,-78.5,92.425575
51.5,-77.5,94.1196
51.5,-76.5,89.21262
51.5,-75.5,89.3879
51.5,-74.5,92.88241
51.5,-73.5,93.51428
51.5,-72.5,89.61335
51.5,-71.5,87.63236
51.5,-70.5,88.178055
51.5,-69.5,92.010925
51.5,-68.5,93.408554
51.5,-67.5,90.55734
51.5,-66.5,89.30365
51.5,-65.5,89.567955
51.5,-64.5,89.32695
51.5,-63.5,87.245056
51.5,-62.5,89.545135
51.5,-61.5,91.60624
51.5,-60.5,93.98898
51.5,-59.5,86.859146
51.5,-58.5,90.50735
51.5,-57.5,103.97997
51.5,-56.5,104.59835
51.5,-3.5,84.39085
51.5,-2.5,95.63994
51.5,-1.5,89.67148
51.5,-0.5,93.95162
51.5,0.5,92.68831
51.5,4.5,64.33167
51.5,5.5,65.079025
51.5,6.5,80.35747
51.5,7.5,85.89181
51.5,8.5,83.923454
51.5,9.5,84.068275
51.5,10.5,81.952835
51.5,11.5,83.000656
51.5,12.5,80.87266
51.5,13.5,80.809105
51.5,14.5,82.58759
51.5,15.5,76.37965
51.5,16.5,63.232994
51.5,17.5,63.07601
51.5,18.5,62.556244
51.5,19.5,62.849476
51.5,20.5,65.09662
51.5,21.5,75.008644
51.5,22.5,64.77059
51.5,23.5,65.55502
51.5,24.5,77.31312
51.5,25.5,77.98034
51.5,26.5,78.32221
51.5,27.5,81.624855
51.5,28.5,80.7863
51.5,29.5,79.659096
51.5,30.5,78.041725
51.5,31.5,80.547745
51.5,32.5,73.69627
51.5,33.5,81.273415
51.5,34.5,81.52888
51.5,35.5,82.91354
51.5,36.5,83.63613
51.5,37.5,84.25156
51.5,38.5,80.77272
51.5,39.5,79.962296
51.5,40.5,75.47005
51.5,41.5,73.35805
51.5,42.5,73.03481
51.5,43.5,71.88885
51.5,44.5,71.04748
51.5,45.5,71.09985
51.5,46.5,69.21809
51.5,47.5,66.580215
51.5,48.5,64.563034
51.5,49.5,63.382008
51.5,50.5,62.38943
51.5,51.5,59.93263
51.5,52.5,58.664055
51.5,53.5,58.591507
51.5,54.5,60.099724
51.5,55.5,60.671856
51.5,56.5,57.849674
51.5,57.5,52.39597
51.5,58.5,76.64203
51.5,59.5,74.30783
51.5,60.5,71.13077
51.5,61.5,56.4308
51.5,62.5,56.06565
51.5,63.5,56.9047
51.5,64.5,57.139534
51.5,65.5,61.837772
51.5,66.5,61.361755
51.5,67.5,61.05166
51.5,68.5,62.988197
51.5,69.5,63.872906
51.5,70.5,79.58427
51.5,71.5,63.7209
51.5,72.5,61.957794
51.5,73.5,62.31745
51.5,74.5,67.24346
51.5,75.5,70.866684
51.5,76.5,69.01735
51.5,77.5,61.2448
51.5,78.5,50.560764
51.5,79.5,51.23089
51.5,80.5,62.829937
51.5,81.5,65.27127
51.5,82.5,69.01576
51.5,83.5,71.48977
51.5,84.5,76.83832
51.5,85.5,79.35724
51.5,86.5,84.81491
51.5,87.5,84.81385
51.5,88.5,82.14679
51.5,89.5,72.52017
51.5,90.5,61.54202
51.5,91.5,53.580124
51.5,92.5,59.3136
51.5,93.5,55.38649
51.5,94.5,57.565304
51.5,95.5,56.855934
51.5,96.5,61.694073
51.5,97.5,66.25716
51.5,98.5,57.023
51.5,99.5,61.67726
51.5,100.5,74.014626
51.5,101.5,72.82232
51.5,102.5,73.74102
51.5,103.5,82.270065
51.5,104.5,90.83452
51.5,105.5,78.06733
51.5,106.5,52.935013
51.5,107.5,50.078957
51.5,108.5,55.2443
51.5,109.5,57.80857
51.5,110.5,60.37244
51.5,111.5,61.01429
51.5,112.5,57.912647
51.5,113.5,57.53961
51.5,114.5,54.253597
51.5,115.5,60.348164
51.5,116.5,62.417915
51.5,117.5,57.675903
51.5,118.5,60.923862
51.5,119.5,62.20482
51.5,120.5,71.59794
51.5,121.5,73.35486
51.5,122.5,75.35761
51.5,123.5,76.84082
51.5,124.5,74.524574
51.5,125.5,71.78516
51.5,126.5,71.49119
51.5,127.5,73.29131
51.5,128.5,96.08134
51.5,129.5,84.33941
51.5,130.5,84.60226
51.5,131.5,85.26155
51.5,132.5,87.635506
51.5,133.5,90.63563
51.5,134.5,88.84944
51.5,135.5,88.60763
51.5,136.5,88.91318
51.5,137.5,96.45984
51.5,138.5,96.79893
51.5,139.5,87.4182
51.5,140.5,88.80275
51.5,142.5,96.286026
51.5,157.5,97.444084
52.5,-128.5,90.45836
52.5,-127.5,97.69454
52.5,-126.5,94.3652
52.5,-125.5,98.70597
52.5,-124.5,92.808846
52.5,-123.5,90.991196
52.5,-122.5,89.32947
52.5,-121.5,88.26016
52.5,-120.5,84.11321
52.5,-119.5,85.399414
52.5,-118.5,85.30069
52.5,-117.5,81.24088
52.5,-116.5,78.0761
52.5,-115.5,77.657585
52.5,-114.5,62.51476
52.5,-113.5,55.46112
52.5,-112.5,52.584305
52.5,-111.5,51.658203
52.5,-110.5,51.91784
52.5,-109.5,55.990845
52.5,-108.5,54.235245
52.5,-107.5,52.899967
52.5,-106.5,60.228645
52.5,-105.5,56.077663
52.5,-104.5,56.51931
52.5,-103.5,55.39876
52.5,-102.5,57.95739
52.5,-101.5,61.807293
52.5,-100.5,71.9794
52.5,-99.5,70.06988
52.5,-96.5,92.569
52.5,-95.5,95.43766
52.5,-94.5,77.434166
52.5,-93.5,79.33269
52.5,-92.5,73.6918
52.5,-91.5,74.46216
52.5,-90.5,75.945175
52.5,-89.5,80.42802
52.5,-88.5,83.60938
52.5,-87.5,84.529045
52.5,-86.5,82.31398
52.5,-85.5,84.38464
52.5,-84.5,83.38384
52.5,-83.5,82.03316
52.5,-82.5,86.04989
52.5,-78.5,92.66967
52.5,-77.5,93.60977
52.5,-76.5,95.85122
52.5,-75.5,78.87186
52.5,-74.5,79.555534
52.5,-73.5,91.54177
52.5,-72.5,88.602615
52.5,-71.5,89.06625
52.5,-70.5,90.38938
52.5,-69.5,88.69465
52.5,-68.5,89.93348
52.5,-67.5,90.10046
52.5,-66.5,89.78073
52.5,-65.5,90.867546
52.5,-64.5,89.122505
52.5,-63.5,90.26852
52.5,-62.5,91.10183
52.5,-61.5,82.13764
52.5,-60.5,84.987595
52.5,-59.5,96.689674
52.5,-58.5,96.65079
52.5,-57.5,95.435555
52.5,-56.5,85.249886
52.5,-9.5,117.14046
52.5,-8.5,86.85425
52.5,-7.5,84.733246
52.5,-6.5,86.23862
52.5,-3.5,83.71632
52.5,-2.5,82.97864
52.5,-1.5,98.587944
52.5,-0.5,96.99697
52.5,0.5,89.55049
52.5,1.5,74.73476
52.5,5.5,63.146736
52.5,6.5,61.855423
52.5,7.5,63.60362
52.5,8.5,85.29791
52.5,9.5,82.51331
52.5,10.5,84.798935
52.5,11.5,99.33478
52.5,12.5,80.57174
52.5,13.5,83.971085
52.5,14.5,83.53653
52.5,15.5,66.85096
52.5,16.5,74.15871
52.5,17.5,79.0086
52.5,18.5,74.18102
52.5,19.5,79.894615
52.5,20.5,74.49117
52.5,21.5,75.79986
52.5,22.5,74.57243
52.5,23.5,66.96567
52.5,24.5,85.90687
52.5,25.5,86.85585
52.5,26.5,80.598465
52.5,27.5,80.39885
52.5,28.5,81.89902
52.5,29.5,80.57527
52.5,30.5,79.535934
52.5,31.5,86.124664
52.5,32.5,86.5215
52.5,33.5,86.92936
52.5,34.5,88.90768
52.5,35.5,84.39549
52.5,36.5,79.1726
52.5,37.5,79.276825
52.5,38.5,78.08375
52.5,39.5,77.842865
52.5,40.5,80.573
52.5,41.5,80.51013
52.5,42.5,77.6151
52.5,43.5,75.68148
52.5,44.5,71.56744
52.5,45.5,71.05191
52.5,46.5,65.96851
52.5,47.5,70.92964
52.5,48.5,69.1387
52.5,49.5,66.43095
52.5,50.5,66.811485
52.5,51.5,67.09014
52.5,52.5,65.78469
52.5,53.5,65.93446
52.5,54.5,68.02798
52.5,55.5,67.803986
52.5,56.5,66.16301
52.5,57.5,60.719807
52.5,58.5,59.273266
52.5,59.5,74.848076
52.5,60.5,71.98987
52.5,61.5,74.29106
52.5,62.5,75.00889
52.5,63.5,59.398315
52.5,64.5,62.022453
52.5,65.5,80.16857
52.5,66.5,78.668785
52.5,67.5,77.03029
52.5,68.5,76.20659
52.5,69.5,71.39495
52.5,70.5,77.16915
52.5,71.5,75.90877
52.5,72.5,65.86827
52.5,73.5,68.49432
52.5,74.5,67.08915
52.5,75.5,66.73784
52.5,76.5,52.8556
52.5,77.5,51.879257
52.5,78.5,51.534653
52.5,79.5,55.80982
52.5,80.5,60.237232
52.5,81.5,64.059586
52.5,82.5,79.59742
52.5,83.5,87.89016
52.5,84.5,64.09241
52.5,85.5,99.026405
52.5,86.5,97.90247
52.5,87.5,102.425316
52.5,88.5,95.864914
52.5,89.5,91.052925
52.5,90.5,83.41019
52.5,91.5,79.213524
52.5,92.5,78.63161
52.5,93.5,81.26256
52.5,94.5,79.38534
52.5,95.5,76.11988
52.5,96.5,73.85551
52.5,97.5,78.36593
52.5,98.5,71.470276
52.5,99.5,68.440445
52.5,100.5,73.74676
52.5,101.5,80.43838
52.5,102.5,68.99225
52.5,103.5,65.274445
52.5,104.5,58.46237
52.5,105.5,65.153465
52.5,106.5,66.23757
52.5,107.5,63.619328
52.5,108.5,59.350056
52.5,109.5,56.887207
52.5,110.5,60.347553
52.5,111.5,62.17967
52.5,112.5,63.983944
52.5,113.5,64.84807
52.5,114.5,65.56675
52.5,115.5,65.75254
52.5,116.5,69.985245
52.5,117.5,63.21125
52.5,118.5,65.886986
52.5,119.5,67.38873
52.5,120.5,69.698456
52.5,121.5,74.86172
52.5,122.5,77.35235
52.5,123.5,77.63741
52.5,124.5,76.027275
52.5,125.5,71.58899
52.5,126.5,73.882065
52.5,127.5,76.71408
52.5,128.5,79.82483
52.5,129.5,81.01915
52.5,130.5,84.635155
52.5,131.5,84.773155
52.5,132.5,95.59689
52.5,133.5,97.5314
52.5,134.5,87.45232
52.5,135.5,97.59705
52.5,136.5,87.21924
52.5,137.5,93.96
52.5,138.5,93.52226
52.5,139.5,85.49407
52.5,140.5,84.70424
52.5,142.5,95.17127
52.5,156.5,100.15467
52.5,157.5,96.344406
53.5,-132.5,89.631744
53.5,-129.5,100.477776
53.5,-128.5,96.7166
53.5,-127.5,95.0074
53.5,-126.5,97.96724
53.5,-125.5,94.63778
53.5,-124.5,91.230354
53.5,-123.5,84.30007
53.5,-122.5,91.5126
53.5,-121.5,85.814064
53.5,-120.5,81.798355
53.5,-119.5,81.922325
53.5,-118.5,80.00259
53.5,-117.5,85.12818
53.5,-116.5,83.4273
53.5,-115.5,74.94298
53.5,-114.5,60.39089
53.5,-113.5,55.29615
53.5,-112.5,55.220825
53.5,-111.5,53.31856
53.5,-110.5,53.458862
53.5,-109.5,55.35254
53.5,-108.5,55.520454
53.5,-107.5,55.723522
53.5,-106.5,57.104267
53.5,-105.5,59.19478
53.5,-104.5,60.327724
53.5,-103.5,61.03053
53.5,-102.5,66.81979
53.5,-101.5,68.88185
53.5,-100.5,78.95284
53.5,-99.5,75.95964
53.5,-97.5,94.64483
53.5,-96.5,88.70429
53.5,-95.5,93.015625
53.5,-94.5,96.06186
53.5,-93.5,98.63557
53.5,-92.5,97.5364
53.5,-91.5,77.669235
53.5,-90.5,80.454155
53.5,-89.5,81.45763
53.5,-88.5,81.934364
53.5,-87.5,81.96887
53.5,-86.5,78.49539
53.5,-85.5,79.74841
53.5,-84.5,81.23901
53.5,-83.5,80.16698
53.5,-82.5,87.11741
53.5,-78.5,91.03436
53.5,-77.5,87.60715
53.5,-76.5,78.40802
53.5,-75.5,79.488914
53.5,-74.5,90.22255
53.5,-73.5,90.20078
53.5,-72.5,91.37195
53.5,-71.5,91.049164
53.5,-70.5,91.30714
53.5,-69.5,90.22748
53.5,-68.5,96.833374
53.5,-67.5,94.69453
53.5,-66.5,87.76905
53.5,-65.5,87.73186
53.5,-64.5,86.143524
53.5,-63.5,85.91274
53.5,-62.5,77.11714
53.5,-61.5,88.160774
53.5,-60.5,79.58165
53.5,-59.5,83.402016
53.5,-58.5,85.90839
53.5,-57.5,82.72575
53.5,-56.5,86.396545
53.5,-9.5,87.96379
53.5,-8.5,87.968025
53.5,-7.5,87.53593
53.5,-6.5,88.694984
53.5,-2.5,84.85362
53.5,-1.5,83.51583
53.5,-0.5,83.76508
53.5,7.5,83.72801
53.5,8.5,85.89739
53.5,9.5,84.23965
53.5,10.5,65.52922
53.5,11.5,78.41261
53.5,12.5,76.95304
53.5,13.5,75.72084
53.5,14.5,74.664314
53.5,15.5,73.58209
53.5,16.5,63.53482
53.5,17.5,77.15428
53.5,18.5,63.106586
53.5,19.5,78.915085
53.5,20.5,76.85871
53.5,21.5,79.194855
53.5,22.5,77.87111
53.5,23.5,80.17984
53.5,24.5,88.16694
53.5,25.5,89.32687
53.5,26.5,87.46
53.5,27.5,87.16247
53.5,28.5,83.263275
53.5,29.5,83.369255
53.5,30.5,88.824066
53.5,31.5,89.66546
53.5,32.5,89.66497
53.5,33.5,90.52096
53.5,34.5,86.33826
53.5,35.5,90.700714
53.5,36.5,87.00798
53.5,37.5,79.731705
53.5,38.5,78.76449
53.5,39.5,78.28389
53.5,40.5,76.25408
53.5,41.5,76.20541
53.5,42.5,76.91651
53.5,43.5,73.56711
53.5,44.5,74.48362
53.5,45.5,80.14778
53.5,46.5,76.896194
53.5,47.5,70.05875
53.5,48.5,71.99665
53.5,49.5,75.94633
53.5,50.5,71.00476
53.5,51.5,71.31758
53.5,52.5,72.13681
53.5,53.5,75.30648
53.5,54.5,74.50025
53.5,55.5,74.84429
53.5,56.5,76.21946
53.5,57.5,74.17217
53.5,58.5,68.41016
53.5,59.5,77.78772
53.5,60.5,72.010735
53.5,61.5,70.67194
53.5,62.5,70.15603
53.5,63.5,75.631454
53.5,64.5,69.58571
53.5,65.5,70.84327
53.5,66.5,72.97163
53.5,67.5,70.66416
53.5,68.5,72.837166
53.5,69.5,76.17895
53.5,70.5,83.604485
53.5,71.5,78.41053
53.5,72.5,78.206245
53.5,73.5,77.343315
53.5,74.5,72.7667
53.5,75.5,50.676468
53.5,76.5,47.28652
53.5,77.5,48.78126
53.5,78.5,49.609642
53.5,79.5,57.76029
53.5,80.5,57.35523
53.5,81.5,68.97444
53.5,82.5,76.778404
53.5,83.5,89.87813
53.5,84.5,90.94059
53.5,85.5,90.721
53.5,86.5,93.07139
53.5,87.5,91.48622
53.5,88.5,98.15513
53.5,89.5,94.46548
53.5,90.5,85.145485
53.5,91.5,81.585205
53.5,92.5,96.23773
53.5,93.5,89.00674
53.5,94.5,94.7151
53.5,95.5,88.9569
53.5,96.5,82.78608
53.5,97.5,82.271835
53.5,98.5,86.83845
53.5,99.5,88.90231
53.5,100.5,83.35605
53.5,101.5,71.978874
53.5,102.5,58.895966
53.5,103.5,66.75766
53.5,104.5,54.59706
53.5,105.5,47.549408
53.5,106.5,50.46256
53.5,107.5,66.15739
53.5,109.5,70.961296
53.5,110.5,63.269413
53.5,111.5,65.86419
53.5,112.5,66.00628
53.5,113.5,68.61297
53.5,114.5,69.80741
53.5,115.5,69.61012
53.5,116.5,73.5761
53.5,117.5,74.87207
53.5,118.5,73.842606
53.5,119.5,74.56674
53.5,120.5,76.71037
53.5,121.5,79.343796
53.5,122.5,81.58419
53.5,123.5,81.23847
53.5,124.5,78.91613
53.5,125.5,71.17487
53.5,126.5,73.16157
53.5,127.5,74.2793
53.5,128.5,75.73427
53.5,129.5,78.443
53.5,130.5,81.69583
53.5,131.5,92.12089
53.5,132.5,96.40256
53.5,133.5,98.25701
53.5,134.5,88.014915
53.5,135.5,97.23834
53.5,136.5,86.32711
53.5,137.5,96.16839
53.5,138.5,94.86817
53.5,139.5,82.21113
53.5,140.5,83.74708
53.5,142.5,96.797745
53.5,156.5,96.91326
53.5,157.5,89.1007
53.5,158.5,93.604645
53.5,159.5,101.17143
54.5,-129.5,96.30342
54.5,-128.5,91.94267
54.5,-127.5,92.104645
54.5,-126.5,93.72353
54.5,-125.5,90.66043
54.5,-124.5,89.937645
54.5,-123.5,83.534996
54.5,-122.5,80.91336
54.5,-121.5,82.91652
54.5,-120.5,80.785614
54.5,-119.5,84.17135
54.5,-118.5,82.81519
54.5,-117.5,79.58783
54.5,-116.5,74.380585
54.5,-115.5,69.43037
54.5,-114.5,61.623886
54.5,-113.5,58.444237
54.5,-112.5,59.800667
54.5,-111.5,59.969604
54.5,-110.5,62.479218
54.5,-109.5,64.94246
54.5,-108.5,65.97401
54.5,-107.5,71.43512
54.5,-106.5,71.362724
54.5,-105.5,65.73939
54.5,-104.5,65.80729
54.5,-103.5,70.37067
54.5,-102.5,72.47557
54.5,-101.5,72.896996
54.5,-100.5,67.71499
54.5,-99.5,64.332634
54.5,-98.5,92.09652
54.5,-97.5,94.651955
54.5,-96.5,94.872604
54.5,-95.5,76.45654
54.5,-94.5,78.71277
54.5,-93.5,78.042076
54.5,-92.5,75.54305
54.5,-91.5,76.33498
54.5,-90.5,75.69588
54.5,-89.5,75.70308
54.5,-88.5,75.78784
54.5,-87.5,96.44129
54.5,-86.5,83.20048
54.5,-85.5,84.52273
54.5,-84.5,81.58532
54.5,-83.5,83.92114
54.5,-82.5,88.25277
54.5,-78.5,83.43793
54.5,-77.5,85.17717
54.5,-76.5,76.08776
54.5,-75.5,76.12133
54.5,-74.5,87.89634
54.5,-73.5,88.746895
54.5,-72.5,90.538734
54.5,-71.5,89.998085
54.5,-70.5,87.98873
54.5,-69.5,95.53593
54.5,-68.5,86.780106
54.5,-67.5,94.241615
54.5,-66.5,87.14692
54.5,-65.5,87.383255
54.5,-64.5,88.313
54.5,-63.5,87.07684
54.5,-62.5,86.38539
54.5,-61.5,87.02103
54.5,-60.5,91.70505
54.5,-59.5,92.99377
54.5,-58.5,96.14351
54.5,-8.5,106.14372
54.5,-7.5,106.67887
54.5,-6.5,109.60261
54.5,-2.5,86.078285
54.5,-1.5,78.32531
54.5,9.5,67.23495
54.5,17.5,61.980583
54.5,18.5,77.361755
54.5,20.5,83.32617
54.5,21.5,84.84913
54.5,22.5,86.48096
54.5,23.5,103.123276
54.5,24.5,90.772964
54.5,25.5,91.0303
54.5,26.5,92.91823
54.5,27.5,90.513336
54.5,28.5,86.45371
54.5,29.5,91.09293
54.5,30.5,90.87793
54.5,31.5,91.050995
54.5,32.5,91.70967
54.5,33.5,93.6215
54.5,34.5,94.20228
54.5,35.5,92.31946
54.5,36.5,92.743996
54.5,37.5,90.53204
54.5,38.5,88.06999
54.5,39.5,99.61386
54.5,40.5,81.08274
54.5,41.5,79.13678
54.5,42.5,80.46889
54.5,43.5,79.13378
54.5,44.5,98.70903
54.5,45.5,79.48114
54.5,46.5,96.15077
54.5,47.5,77.18808
54.5,48.5,75.658455
54.5,49.5,77.735725
54.5,50.5,70.994286
54.5,51.5,71.4506
54.5,52.5,77.046585
54.5,53.5,74.56523
54.5,54.5,77.48536
54.5,55.5,77.61517
54.5,56.5,81.373024
54.5,57.5,82.14296
54.5,58.5,79.74708
54.5,59.5,71.71443
54.5,60.5,78.31715
54.5,61.5,78.366165
54.5,62.5,76.51035
54.5,63.5,72.18053
54.5,64.5,69.612076
54.5,65.5,72.80008
54.5,66.5,76.501755
54.5,67.5,75.84336
54.5,68.5,81.04442
54.5,69.5,78.66013
54.5,70.5,81.5417
54.5,71.5,78.34406
54.5,72.5,71.810905
54.5,73.5,69.30555
54.5,74.5,68.811844
54.5,75.5,69.79827
54.5,76.5,79.72018
54.5,77.5,83.2261
54.5,78.5,72.43504
54.5,79.5,66.13124
54.5,80.5,67.473335
54.5,81.5,74.35322
54.5,82.5,89.18319
54.5,83.5,90.73326
54.5,84.5,85.757225
54.5,85.5,87.392075
54.5,86.5,103.68037
54.5,87.5,94.63965
54.5,88.5,98.0696
54.5,89.5,82.41025
54.5,90.5,96.07678
54.5,91.5,88.05522
54.5,92.5,91.327515
54.5,93.5,93.26529
54.5,94.5,95.05657
54.5,95.5,91.1125
54.5,96.5,88.49071
54.5,97.5,87.05134
54.5,98.5,84.2598
54.5,99.5,76.47136
54.5,100.5,69.59832
54.5,101.5,64.13662
54.5,102.5,70.368225
54.5,103.5,67.21508
54.5,104.5,58.696697
54.5,105.5,56.78785
54.5,106.5,54.769894
54.5,107.5,54.348167
54.5,108.5,82.7592
54.5,110.5,66.639824
54.5,111.5,72.08694
54.5,112.5,72.131805
54.5,113.5,76.81796
54.5,114.5,74.5007
54.5,115.5,78.63773
54.5,116.5,79.64611
54.5,117.5,81.67834
54.5,118.5,82.40422
54.5,119.5,81.919044
54.5,120.5,83.59827
54.5,121.5,82.927
54.5,122.5,83.282074
54.5,123.5,81.18245
54.5,124.5,80.48032
54.5,125.5,80.63043
54.5,126.5,80.27377
54.5,127.5,81.48489
54.5,128.5,80.46823
54.5,129.5,79.8253
54.5,130.5,90.47312
54.5,131.5,93.65378
54.5,132.5,94.46163
54.5,133.5,96.77358
54.5,134.5,94.29802
54.5,135.5,87.337166
54.5,136.5,98.742325
54.5,156.5,94.47009
54.5,157.5,87.64168
54.5,158.5,87.587456
54.5,159.5,95.0062
54.5,160.5,93.935875
55.5,-161.5,92.24147
55.5,-132.5,98.36546
55.5,-131.5,103.31291
55.5,-130.5,94.47359
55.5,-129.5,117.61499
55.5,-128.5,94.359924
55.5,-127.5,94.21147
55.5,-126.5,92.76002
55.5,-125.5,88.71459
55.5,-124.5,84.61547
55.5,-123.5,74.95288
55.5,-122.5,76.97052
55.5,-121.5,81.33817
55.5,-120.5,79.797165
55.5,-119.5,74.60447
55.5,-118.5,68.1581
55.5,-117.5,78.0915
55.5,-116.5,68.11485
55.5,-115.5,70.11269
55.5,-114.5,66.82466
55.5,-113.5,65.453705
55.5,-112.5,64.33128
55.5,-111.5,63.289795
55.5,-110.5,64.52149
55.5,-109.5,67.744545
55.5,-108.5,67.1189
55.5,-107.5,69.39146
55.5,-106.5,70.09046
55.5,-105.5,73.61357
55.5,-104.5,72.20188
55.5,-103.5,68.729576
55.5,-102.5,66.834816
55.5,-101.5,91.78519
55.5,-100.5,91.45907
55.5,-99.5,91.22398
55.5,-98.5,93.810394
55.5,-97.5,95.697464
55.5,-96.5,74.078995
55.5,-95.5,74.44177
55.5,-94.5,73.50928
55.5,-93.5,74.80659
55.5,-92.5,72.50036
55.5,-91.5,71.187256
55.5,-90.5,73.63837
55.5,-89.5,73.03986
55.5,-88.5,82.63268
55.5,-87.5,92.89455
55.5,-86.5,98.72672
55.5,-76.5,72.73038
55.5,-75.5,85.00356
55.5,-74.5,93.599
55.5,-73.5,88.17508
55.5,-72.5,88.68034
55.5,-71.5,87.676315
55.5,-70.5,80.0536
55.5,-69.5,79.45309
55.5,-68.5,86.32576
55.5,-67.5,93.36114
55.5,-66.5,89.08725
55.5,-65.5,85.89901
55.5,-64.5,79.618835
55.5,-63.5,79.80463
55.5,-62.5,84.37054
55.5,-61.5,89.09718
55.5,-60.5,95.542496
55.5,-4.5,110.48495
55.5,-3.5,85.97391
55.5,-2.5,86.44709
55.5,8.5,66.993675
55.5,9.5,76.27208
55.5,11.5,77.43502
55.5,13.5,83.0296
55.5,21.5,80.15839
55.5,22.5,86.496025
55.5,23.5,101.649025
55.5,24.5,104.209656
55.5,25.5,91.894196
55.5,26.5,87.60074
55.5,27.5,92.83253
55.5,28.5,93.761925
55.5,29.5,93.55993
55.5,30.5,94.25258
55.5,31.5,94.83852
55.5,32.5,89.16681
55.5,33.5,94.261665
55.5,34.5,92.868256
55.5,35.5,93.96972
55.5,36.5,93.54074
55.5,37.5,94.76192
55.5,38.5,90.373215
55.5,39.5,86.448074
55.5,40.5,86.14856
55.5,41.5,84.222115
55.5,42.5,83.647026
55.5,43.5,86.41664
55.5,44.5,84.661804
55.5,45.5,83.721985
55.5,46.5,82.93256
55.5,47.5,81.25595
55.5,48.5,81.58023
55.5,49.5,82.03117
55.5,50.5,77.98061
55.5,51.5,94.45617
55.5,52.5,78.3345
55.5,53.5,92.33026
55.5,54.5,78.34967
55.5,55.5,80.73093
55.5,56.5,83.74089
55.5,57.5,83.27998
55.5,58.5,81.52219
55.5,59.5,81.550064
55.5,60.5,93.13846
55.5,61.5,96.24213
55.5,62.5,85.82422
55.5,63.5,80.780914
55.5,64.5,83.20091
55.5,65.5,74.06928
55.5,66.5,84.19842
55.5,67.5,84.226006
55.5,68.5,91.82834
55.5,69.5,84.49171
55.5,70.5,75.11194
55.5,71.5,74.9109
55.5,72.5,74.98451
55.5,73.5,81.4806
55.5,74.5,79.43931
55.5,75.5,76.83035
55.5,76.5,69.86423
55.5,77.5,74.72995
55.5,78.5,74.66754
55.5,79.5,87.02187
55.5,80.5,87.69676
55.5,81.5,88.19095
55.5,82.5,92.18613
55.5,83.5,85.31682
55.5,84.5,91.84793
55.5,85.5,94.16625
55.5,86.5,78.6049
55.5,87.5,86.41047
55.5,88.5,85.99105
55.5,89.5,92.47541
55.5,90.5,88.75575
55.5,91.5,84.33431
55.5,92.5,85.81849
55.5,93.5,84.783195
55.5,94.5,85.87709
55.5,95.5,73.97866
55.5,96.5,75.860565
55.5,97.5,73.379105
55.5,98.5,72.02026
55.5,99.5,70.27454
55.5,100.5,74.30521
55.5,101.5,72.08321
55.5,102.5,66.903656
55.5,103.5,67.06234
55.5,104.5,68.025375
55.5,105.5,63.15564
55.5,106.5,64.81596
55.5,107.5,64.35622
55.5,108.5,79.63217
55.5,109.5,86.57808
55.5,110.5,77.02078
55.5,111.5,79.80599
55.5,112.5,74.02281
55.5,113.5,77.82926
55.5,114.5,77.52753
55.5,115.5,83.01565
55.5,116.5,83.14755
55.5,117.5,84.23634
55.5,118.5,81.865074
55.5,119.5,85.37674
55.5,120.5,86.053055
55.5,121.5,88.15905
55.5,122.5,88.83627
55.5,123.5,90.39574
55.5,124.5,90.70702
55.5,125.5,89.41582
55.5,126.5,87.06529
55.5,127.5,86.988495
55.5,128.5,90.19568
55.5,129.5,91.12916
55.5,130.5,87.70722
55.5,131.5,87.99112
55.5,132.5,87.67983
55.5,133.5,89.68712
55.5,134.5,91.727974
55.5,135.5,94.78769
55.5,156.5,92.42462
55.5,157.5,87.40674
55.5,158.5,88.9569
55.5,159.5,92.92281
55.5,160.5,83.69826
55.5,161.5,90.53495
56.5,-159.5,101.77178
56.5,-158.5,90.63897
56.5,-133.5,102.67714
56.5,-132.5,130.41368
56.5,-131.5,144.45209
56.5,-130.5,148.13147
56.5,-129.5,87.09343
56.5,-128.5,90.24864
56.5,-127.5,81.840034
56.5,-126.5,86.57441
56.5,-125.5,84.20681
56.5,-124.5,82.646706
56.5,-123.5,74.97406
56.5,-122.5,72.40647
56.5,-121.5,75.84911
56.5,-120.5,71.8676
56.5,-119.5,67.98214
56.5,-118.5,65.11585
56.5,-117.5,74.86858
56.5,-116.5,65.8716
56.5,-115.5,66.016495
56.5,-114.5,65.640434
56.5,-113.5,66.78284
56.5,-112.5,66.18767
56.5,-111.5,65.24822
56.5,-110.5,68.87959
56.5,-109.5,69.68112
56.5,-108.5,72.18957
56.5,-107.5,72.94658
56.5,-106.5,72.50759
56.5,-105.5,72.27296
56.5,-104.5,71.46878
56.5,-103.5,70.73248
56.5,-102.5,70.99812
56.5,-101.5,70.462326
56.5,-100.5,71.32548
56.5,-99.5,99.138176
56.5,-98.5,97.88016
56.5,-97.5,74.59155
56.5,-96.5,75.13652
56.5,-95.5,76.34704
56.5,-94.5,75.393265
56.5,-93.5,74.30395
56.5,-92.5,73.858635
56.5,-91.5,73.67463
56.5,-90.5,77.49265
56.5,-89.5,81.588905
56.5,-88.5,77.05462
56.5,-75.5,90.83992
56.5,-74.5,92.08131
56.5,-73.5,90.3679
56.5,-72.5,75.80718
56.5,-71.5,75.75683
56.5,-70.5,85.703156
56.5,-69.5,92.65475
56.5,-68.5,93.95683
56.5,-67.5,91.193275
56.5,-66.5,89.72701
56.5,-65.5,78.59799
56.5,-64.5,80.88504
56.5,-63.5,78.20572
56.5,-62.5,77.12794
56.5,-61.5,86.19682
56.5,-5.5,97.31252
56.5,-4.5,88.18883
56.5,-3.5,86.75758
56.5,8.5,68.45136
56.5,9.5,77.74334
56.5,13.5,81.27627
56.5,14.5,79.33972
56.5,15.5,76.20178
56.5,21.5,77.052765
56.5,22.5,83.37092
56.5,23.5,99.15313
56.5,24.5,102.69959
56.5,25.5,86.18027
56.5,26.5,86.38809
56.5,27.5,93.37607
56.5,28.5,95.68827
56.5,29.5,96.041306
56.5,30.5,96.40196
56.5,31.5,96.52798
56.5,32.5,91.54492
56.5,33.5,96.47736
56.5,34.5,95.32188
56.5,35.5,88.554276
56.5,36.5,95.24088
56.5,37.5,93.82631
56.5,38.5,93.66446
56.5,39.5,90.778244
56.5,40.5,83.43243
56.5,41.5,85.505646
56.5,42.5,91.195045
56.5,43.5,90.28645
56.5,44.5,86.09044
56.5,45.5,85.11075
56.5,46.5,87.84797
56.5,47.5,81.80477
56.5,48.5,84.48764
56.5,49.5,82.28608
56.5,50.5,81.99663
56.5,51.5,83.5477
56.5,52.5,82.37148
56.5,53.5,81.88777
56.5,54.5,83.208565
56.5,55.5,81.86469
56.5,56.5,83.4142
56.5,57.5,85.29074
56.5,58.5,86.22517
56.5,59.5,83.6094
56.5,60.5,82.44897
56.5,61.5,102.2689
56.5,62.5,92.48783
56.5,63.5,89.03095
56.5,64.5,90.03939
56.5,65.5,89.825
56.5,66.5,87.29359
56.5,67.5,86.58238
56.5,68.5,85.74867
56.5,69.5,64.36671
56.5,70.5,87.25346
56.5,71.5,92.163795
56.5,72.5,88.664795
56.5,73.5,87.177895
56.5,74.5,90.7969
56.5,75.5,91.38743
56.5,76.5,90.262985
56.5,77.5,92.53203
56.5,78.5,92.84792
56.5,79.5,98.42877
56.5,80.5,76.868095
56.5,81.5,76.9109
56.5,82.5,79.36961
56.5,83.5,89.902756
56.5,84.5,95.98669
56.5,85.5,79.62149
56.5,86.5,74.17423
56.5,87.5,77.758514
56.5,88.5,79.461876
56.5,89.5,77.43658
56.5,90.5,74.343666
56.5,91.5,75.48983
56.5,92.5,73.62372
56.5,93.5,71.922134
56.5,94.5,80.52516
56.5,95.5,68.46592
56.5,96.5,70.50608
56.5,97.5,70.5153
56.5,98.5,69.19115
56.5,99.5,67.22119
56.5,100.5,70.66289
56.5,101.5,72.34638
56.5,102.5,66.08747
56.5,103.5,68.63377
56.5,104.5,70.72836
56.5,105.5,66.186325
56.5,106.5,67.66459
56.5,107.5,68.35701
56.5,108.5,81.77549
56.5,109.5,86.33733
56.5,110.5,85.18004
56.5,111.5,88.70069
56.5,112.5,87.98235
56.5,113.5,75.05591
56.5,114.5,81.30493
56.5,115.5,83.24782
56.5,116.5,81.19938
56.5,117.5,76.09666
56.5,118.5,83.72068
56.5,119.5,78.97004
56.5,120.5,83.63312
56.5,121.5,87.20356
56.5,122.5,89.73396
56.5,123.5,88.4284
56.5,124.5,87.22398
56.5,125.5,88.44819
56.5,126.5,83.671234
56.5,127.5,83.13219
56.5,128.5,88.10104
56.5,129.5,89.32323
56.5,130.5,88.44308
56.5,131.5,89.907455
56.5,132.5,86.825134
56.5,133.5,89.56411
56.5,134.5,93.052734
56.5,135.5,92.24994
56.5,136.5,91.19316
56.5,137.5,93.85372
56.5,156.5,93.61897
56.5,157.5,88.99422
56.5,158.5,83.45623
56.5,159.5,88.65572
56.5,160.5,77.339714
56.5,161.5,90.561806
56.5,162.5,96.9533
57.5,-157.5,102.65473
57.5,-156.5,93.768555
57.5,-153.5,95.73987
57.5,-135.5,111.04726
57.5,-134.5,106.058876
57.5,-133.5,107.12709
57.5,-132.5,232.9852
57.5,-131.5,117.323654
57.5,-130.5,86.20545
57.5,-129.5,83.71447
57.5,-128.5,81.11585
57.5,-127.5,76.572266
57.5,-126.5,84.88718
57.5,-125.5,82.59842
57.5,-124.5,76.23847
57.5,-123.5,73.21123
57.5,-122.5,76.05491
57.5,-121.5,72.42583
57.5,-120.5,82.75304
57.5,-119.5,78.45764
57.5,-118.5,61.91817
57.5,-117.5,60.78864
57.5,-116.5,61.475212
57.5,-115.5,61.240112
57.5,-114.5,74.00038
57.5,-113.5,61.808907
57.5,-112.5,62.279366
57.5,-111.5,58.96267
57.5,-110.5,61.47792
57.5,-109.5,65.86363
57.5,-108.5,68.6208
57.5,-107.5,72.04671
57.5,-106.5,74.49746
57.5,-105.5,74.392365
57.5,-104.5,71.41169
57.5,-103.5,71.58401
57.5,-102.5,75.05976
57.5,-101.5,73.83809
57.5,-100.5,71.88261
57.5,-99.5,73.67872
57.5,-98.5,102.546776
57.5,-97.5,80.432205
57.5,-96.5,79.55232
57.5,-95.5,77.921364
57.5,-94.5,77.44353
57.5,-93.5,79.94588
57.5,-76.5,82.49521
57.5,-75.5,87.9948
57.5,-74.5,89.3773
57.5,-73.5,82.546364
57.5,-72.5,81.80393
57.5,-71.5,80.687935
57.5,-70.5,79.9393
57.5,-69.5,89.15753
57.5,-68.5,76.59113
57.5,-67.5,78.825005
57.5,-66.5,81.8679
57.5,-65.5,77.34906
57.5,-64.5,74.47016
57.5,-63.5,73.69429
57.5,-62.5,74.591194
57.5,-5.5,95.99806
57.5,-4.5,87.21935
57.5,-3.5,81.74774
57.5,-2.5,79.205185
57.5,12.5,82.93874
57.5,13.5,82.84048
57.5,14.5,82.68401
57.5,15.5,81.81044
57.5,16.5,76.75858
57.5,22.5,80.68983
57.5,24.5,84.69868
57.5,25.5,83.379906
57.5,26.5,85.495186
57.5,27.5,85.6453
57.5,28.5,85.43108
57.5,29.5,93.13292
57.5,30.5,95.729454
57.5,31.5,96.105064
57.5,32.5,96.98071
57.5,33.5,97.84837
57.5,34.5,97.56137
57.5,35.5,96.5094
57.5,36.5,94.70919
57.5,37.5,86.25181
57.5,38.5,93.15163
57.5,39.5,92.6886
57.5,40.5,92.06602
57.5,41.5,91.789825
57.5,42.5,92.52915
57.5,43.5,87.06673
57.5,44.5,87.562035
57.5,45.5,85.91697
57.5,46.5,89.5062
57.5,47.5,89.46559
57.5,48.5,87.50332
57.5,49.5,85.89556
57.5,50.5,80.10588
57.5,51.5,81.30454
57.5,52.5,80.57304
57.5,53.5,86.450325
57.5,54.5,86.54673
57.5,55.5,87.32825
57.5,56.5,87.50933
57.5,57.5,87.40222
57.5,58.5,88.57862
57.5,59.5,92.83186
57.5,60.5,90.693954
57.5,61.5,81.15248
57.5,62.5,100.675705
57.5,63.5,97.18453
57.5,64.5,75.92433
57.5,65.5,75.7212
57.5,66.5,76.38888
57.5,67.5,79.86234
57.5,68.5,79.3973
57.5,69.5,79.53275
57.5,70.5,80.15183
57.5,71.5,80.09339
57.5,72.5,81.604164
57.5,73.5,80.73719
57.5,74.5,80.55308
57.5,75.5,79.52847
57.5,76.5,80.30206
57.5,77.5,83.44079
57.5,78.5,83.53633
57.5,79.5,82.48627
57.5,80.5,82.3447
57.5,81.5,82.34103
57.5,82.5,83.35817
57.5,83.5,85.85449
57.5,84.5,92.709076
57.5,85.5,83.83316
57.5,86.5,82.753265
57.5,87.5,82.33884
57.5,88.5,81.87772
57.5,89.5,81.04038
57.5,90.5,80.048546
57.5,91.5,78.29287
57.5,92.5,77.22703
57.5,93.5,78.36746
57.5,94.5,76.20789
57.5,95.5,72.57479
57.5,96.5,68.28758
57.5,97.5,67.62805
57.5,98.5,71.90551
57.5,99.5,69.63398
57.5,100.5,68.07412
57.5,101.5,67.567955
57.5,102.5,70.87378
57.5,103.5,71.0255
57.5,104.5,69.530594
57.5,105.5,69.11178
57.5,106.5,69.77458
57.5,107.5,65.65464
57.5,108.5,69.218376
57.5,109.5,82.61894
57.5,110.5,86.842
57.5,111.5,88.69943
57.5,112.5,91.01688
57.5,113.5,92.57309
57.5,114.5,91.52949
57.5,115.5,84.51611
57.5,116.5,82.78507
57.5,117.5,82.03654
57.5,118.5,86.7869
57.5,119.5,85.6826
57.5,120.5,82.67664
57.5,121.5,89.32728
57.5,122.5,90.405396
57.5,123.5,91.807976
57.5,124.5,92.76437
57.5,125.5,85.423355
57.5,126.5,83.85746
57.5,127.5,81.877495
57.5,128.5,79.66797
57.5,129.5,85.89694
57.5,130.5,92.3329
57.5,131.5,83.05526
57.5,132.5,82.965935
57.5,133.5,91.68588
57.5,134.5,90.74471
57.5,135.5,92.741745
57.5,136.5,93.412186
57.5,137.5,90.650314
57.5,138.5,94.30074
57.5,139.5,90.54155
57.5,157.5,91.02458
57.5,158.5,89.67594
57.5,159.5,90.582466
57.5,160.5,86.52703
57.5,161.5,89.802124
57.5,162.5,102.42377
58.5,-157.5,102.524315
58.5,-156.5,101.946434
58.5,-155.5,104.30658
58.5,-154.5,100.98009
58.5,-136.5,146.66423
58.5,-135.5,110.12596
58.5,-134.5,178.92838
58.5,-133.5,136.66429
58.5,-132.5,89.82966
58.5,-131.5,87.85003
58.5,-130.5,84.35707
58.5,-129.5,79.532166
58.5,-128.5,80.517044
58.5,-127.5,78.84802
58.5,-126.5,73.8127
58.5,-125.5,77.23341
58.5,-124.5,75.25192
58.5,-123.5,75.69831
58.5,-122.5,87.53946
58.5,-121.5,82.29418
58.5,-120.5,78.0936
58.5,-119.5,74.50678
58.5,-118.5,79.0382
58.5,-117.5,55.224937
58.5,-116.5,67.10238
58.5,-115.5,59.130997
58.5,-114.5,58.919987
58.5,-113.5,56.74953
58.5,-112.5,65.63088
58.5,-111.5,68.35926
58.5,-110.5,67.439766
58.5,-109.5,67.30944
58.5,-108.5,68.6686
58.5,-107.5,68.766495
58.5,-106.5,68.90682
58.5,-105.5,68.77789
58.5,-104.5,71.21305
58.5,-103.5,74.54694
58.5,-102.5,73.65883
58.5,-101.5,71.47534
58.5,-100.5,71.99595
58.5,-99.5,72.00619
58.5,-98.5,72.900505
58.5,-97.5,74.07199
58.5,-96.5,72.70745
58.5,-95.5,71.2601
58.5,-94.5,81.404434
58.5,-93.5,79.489815
58.5,-77.5,78.02004
58.5,-76.5,76.07352
58.5,-75.5,79.36449
58.5,-74.5,79.217255
58.5,-73.5,79.79344
58.5,-72.5,80.0726
58.5,-71.5,79.77956
58.5,-70.5,87.1766
58.5,-69.5,87.85612
58.5,-68.5,82.20969
58.5,-66.5,76.77332
58.5,-65.5,77.5666
58.5,-64.5,70.69568
58.5,-63.5,82.625275
58.5,-4.5,94.571335
58.5,6.5,93.87939
58.5,7.5,94.43215
58.5,8.5,87.714935
58.5,11.5,84.09766
58.5,12.5,89.15813
58.5,13.5,81.51831
58.5,14.5,83.2153
58.5,15.5,83.83508
58.5,16.5,82.100975
58.5,24.5,84.5968
58.5,25.5,78.05553
58.5,26.5,87.73233
58.5,27.5,85.71062
58.5,28.5,88.43974
58.5,29.5,88.56438
58.5,30.5,95.162506
58.5,31.5,90.62663
58.5,32.5,97.054504
58.5,33.5,98.12223
58.5,34.5,98.2882
58.5,35.5,97.79964
58.5,36.5,91.06102
58.5,37.5,91.28257
58.5,38.5,91.349754
58.5,39.5,96.07769
58.5,40.5,94.73857
58.5,41.5,94.39041
58.5,42.5,93.97589
58.5,43.5,93.32836
58.5,44.5,88.15582
58.5,45.5,88.010376
58.5,46.5,87.91263
58.5,47.5,92.48642
58.5,48.5,91.48981
58.5,49.5,92.80984
58.5,50.5,89.00133
58.5,51.5,88.77826
58.5,52.5,90.22262
58.5,53.5,89.7738
58.5,54.5,89.54875
58.5,55.5,90.43825
58.5,56.5,92.44497
58.5,57.5,91.65941
58.5,58.5,96.06625
58.5,59.5,93.90715
58.5,60.5,91.36119
58.5,61.5,82.63628
58.5,62.5,81.787094
58.5,63.5,80.58641
58.5,64.5,80.68112
58.5,65.5,81.03016
58.5,66.5,80.45337
58.5,67.5,84.6383
58.5,68.5,85.34045
58.5,69.5,84.02725
58.5,70.5,85.600655
58.5,71.5,85.679886
58.5,72.5,85.72251
58.5,73.5,84.03438
58.5,74.5,84.68424
58.5,75.5,86.96752
58.5,76.5,86.72849
58.5,77.5,84.98799
58.5,78.5,85.2469
58.5,79.5,83.9926
58.5,80.5,84.11853
58.5,81.5,85.609474
58.5,82.5,86.42852
58.5,83.5,86.26875
58.5,84.5,85.16804
58.5,85.5,85.06745
58.5,86.5,84.92799
58.5,87.5,84.5224
58.5,88.5,83.78672
58.5,89.5,82.591064
58.5,90.5,81.66873
58.5,91.5,82.226585
58.5,92.5,82.15782
58.5,93.5,88.06378
58.5,94.5,85.56704
58.5,95.5,82.18987
58.5,96.5,77.17246
58.5,97.5,72.7991
58.5,98.5,71.113335
58.5,99.5,69.82225
58.5,100.5,69.61222
58.5,101.5,68.34159
58.5,102.5,70.05815
58.5,103.5,61.79138
58.5,104.5,62.586304
58.5,105.5,70.39491
58.5,106.5,68.884605
58.5,107.5,70.81208
58.5,108.5,70.88686
58.5,109.5,69.60213
58.5,110.5,73.694855
58.5,111.5,76.45348
58.5,112.5,89.45303
58.5,113.5,90.936874
58.5,114.5,86.19836
58.5,115.5,87.45247
58.5,116.5,87.32488
58.5,117.5,83.50392
58.5,118.5,91.603065
58.5,119.5,90.05147
58.5,120.5,89.13817
58.5,121.5,90.06912
58.5,122.5,92.25069
58.5,123.5,94.16775
58.5,124.5,94.67833
58.5,125.5,94.80436
58.5,126.5,92.217606
58.5,127.5,94.77965
58.5,128.5,93.15358
58.5,129.5,89.81017
58.5,130.5,90.72075
58.5,131.5,86.71124
58.5,132.5,78.46168
58.5,133.5,84.670364
58.5,134.5,85.93096
58.5,135.5,79.99057
58.5,136.5,81.800385
58.5,137.5,79.884766
58.5,138.5,87.9948
58.5,139.5,86.50635
58.5,140.5,94.12235
58.5,159.5,91.84758
58.5,160.5,78.042816
58.5,161.5,81.964676
59.5,-161.5,99.22776
59.5,-160.5,86.85337
59.5,-159.5,86.59006
59.5,-158.5,92.2815
59.5,-157.5,99.096466
59.5,-156.5,100.99679
59.5,-155.5,104.57245
59.5,-154.5,106.037254
59.5,-151.5,97.378
59.5,-150.5,171.85997
59.5,-138.5,234.88345
59.5,-137.5,194.46356
59.5,-136.5,184.49152
59.5,-135.5,152.66899
59.5,-134.5,138.73807
59.5,-133.5,90.59621
59.5,-132.5,88.096436
59.5,-131.5,80.67948
59.5,-130.5,74.709564
59.5,-129.5,79.015724
59.5,-128.5,85.03957
59.5,-127.5,83.2008
59.5,-126.5,75.970146
59.5,-125.5,74.196236
59.5,-124.5,75.29471
59.5,-123.5,82.7291
59.5,-122.5,78.18236
59.5,-121.5,75.91305
59.5,-120.5,73.07166
59.5,-119.5,70.573456
59.5,-118.5,68.72402
59.5,-117.5,66.5891
59.5,-116.5,65.54802
59.5,-115.5,58.78462
59.5,-114.5,69.654495
59.5,-113.5,56.506363
59.5,-112.5,52.461674
59.5,-111.5,54.693695
59.5,-110.5,63.950794
59.5,-108.5,74.83119
59.5,-107.5,72.313194
59.5,-106.5,69.42798
59.5,-105.5,70.528786
59.5,-104.5,70.481865
59.5,-103.5,70.616585
59.5,-102.5,70.29489
59.5,-101.5,70.22549
59.5,-100.5,71.88391
59.5,-99.5,74.51669
59.5,-98.5,74.918526
59.5,-97.5,75.19456
59.5,-96.5,75.47855
59.5,-95.5,70.96457
59.5,-77.5,76.78418
59.5,-76.5,75.03027
59.5,-75.5,77.401245
59.5,-74.5,77.95648
59.5,-73.5,77.50156
59.5,-72.5,78.294235
59.5,-71.5,78.88489
59.5,-70.5,78.86358
59.5,-64.5,74.013695
59.5,6.5,104.716896
59.5,7.5,102.6626
59.5,8.5,98.643974
59.5,9.5,94.396774
59.5,10.5,89.16066
59.5,11.5,89.13711
59.5,12.5,94.674194
59.5,13.5,87.24131
59.5,14.5,86.48932
59.5,15.5,85.03154
59.5,16.5,83.16572
59.5,17.5,85.37377
59.5,18.5,80.35306
59.5,25.5,89.23412
59.5,26.5,83.683846
59.5,28.5,87.930405
59.5,29.5,86.88801
59.5,30.5,88.052185
59.5,31.5,89.27625
59.5,32.5,91.28717
59.5,33.5,92.61139
59.5,34.5,99.56514
59.5,35.5,94.10651
59.5,36.5,92.70004
59.5,37.5,114.622284
59.5,38.5,113.69855
59.5,39.5,94.84441
59.5,40.5,95.608925
59.5,41.5,95.28068
59.5,42.5,94.43629
59.5,43.5,94.24447
59.5,44.5,94.104095
59.5,45.5,93.83873
59.5,46.5,100.26603
59.5,47.5,100.41221
59.5,48.5,100.31104
59.5,49.5,92.33697
59.5,50.5,98.53967
59.5,51.5,98.58199
59.5,52.5,98.096275
59.5,53.5,85.86436
59.5,54.5,90.8425
59.5,55.5,91.91691
59.5,56.5,92.509735
59.5,57.5,91.88535
59.5,58.5,97.9395
59.5,59.5,96.91865
59.5,60.5,92.92989
59.5,61.5,92.18663
59.5,62.5,83.518776
59.5,63.5,82.405174
59.5,64.5,82.67249
59.5,65.5,84.36093
59.5,66.5,87.123184
59.5,67.5,87.0403
59.5,68.5,88.63337
59.5,69.5,86.28535
59.5,70.5,86.656425
59.5,71.5,94.65399
59.5,72.5,88.515816
59.5,73.5,94.524704
59.5,74.5,94.4954
59.5,75.5,88.69775
59.5,76.5,88.56958
59.5,77.5,86.81917
59.5,78.5,88.67044
59.5,79.5,88.7177
59.5,80.5,88.379616
59.5,81.5,72.009476
59.5,82.5,71.59892
59.5,83.5,88.359764
59.5,84.5,88.65579
59.5,85.5,87.19446
59.5,86.5,85.624275
59.5,87.5,84.958595
59.5,88.5,85.04701
59.5,89.5,84.46466
59.5,90.5,85.31091
59.5,91.5,83.80576
59.5,92.5,91.58097
59.5,93.5,91.249245
59.5,94.5,89.16269
59.5,95.5,85.39765
59.5,96.5,80.47465
59.5,97.5,76.54232
59.5,98.5,72.313354
59.5,99.5,70.232796
59.5,100.5,69.152824
59.5,101.5,68.68572
59.5,102.5,62.072773
59.5,103.5,62.39446
59.5,104.5,62.969925
59.5,105.5,68.41467
59.5,106.5,69.680695
59.5,107.5,72.50283
59.5,108.5,65.24844
59.5,109.5,67.17953
59.5,110.5,69.628
59.5,111.5,71.69686
59.5,112.5,75.97514
59.5,113.5,79.23894
59.5,114.5,89.85665
59.5,115.5,87.22819
59.5,116.5,87.93797
59.5,117.5,78.47126
59.5,118.5,80.29593
59.5,119.5,79.81698
59.5,120.5,79.861824
59.5,121.5,80.90953
59.5,122.5,84.7227
59.5,123.5,85.95261
59.5,124.5,87.33755
59.5,125.5,88.997925
59.5,126.5,87.9112
59.5,127.5,85.62118
59.5,128.5,81.74854
59.5,129.5,79.818665
59.5,130.5,75.55282
59.5,131.5,77.77515
59.5,132.5,78.77999
59.5,133.5,72.54751
59.5,134.5,78.974045
59.5,135.5,81.736176
59.5,136.5,75.34958
59.5,137.5,69.377785
59.5,138.5,82.87246
59.5,139.5,81.75116
59.5,140.5,84.95859
59.5,141.5,91.63086
59.5,142.5,93.91478
59.5,143.5,93.03211
59.5,144.5,90.4013
59.5,145.5,92.97481
59.5,146.5,91.4151
59.5,147.5,90.88772
59.5,148.5,97.80693
59.5,151.5,92.20419
59.5,152.5,91.75458
59.5,153.5,97.801926
59.5,161.5,79.636154
59.5,162.5,87.90746
60.5,-164.5,99.54618
60.5,-163.5,97.975784
60.5,-162.5,97.950424
60.5,-161.5,96.77491
60.5,-160.5,94.52903
60.5,-159.5,85.073235
60.5,-158.5,88.63221
60.5,-157.5,98.51222
60.5,-156.5,99.20776
60.5,-155.5,96.80847
60.5,-154.5,90.54845
60.5,-153.5,127.42772
60.5,-152.5,149.44783
60.5,-150.5,101.76818
60.5,-149.5,121.71711
60.5,-148.5,185.97073
60.5,-145.5,169.90044
60.5,-144.5,140.35371
60.5,-143.5,224.25975
60.5,-142.5,210.9576
60.5,-141.5,262.919
60.5,-140.5,265.48135
60.5,-139.5,300.0
60.5,-138.5,197.88632
60.5,-137.5,78.56783
60.5,-136.5,83.14231
60.5,-135.5,85.33866
60.5,-134.5,87.10441
60.5,-133.5,85.79673
60.5,-132.5,81.3865
60.5,-131.5,75.28164
60.5,-130.5,75.25431
60.5,-129.5,78.29989
60.5,-128.5,76.59073
60.5,-127.5,73.244835
60.5,-126.5,71.39499
60.5,-125.5,67.68035
60.5,-124.5,66.9884
60.5,-123.5,65.58526
60.5,-122.5,77.39898
60.5,-121.5,75.929924
60.5,-120.5,73.43375
60.5,-119.5,71.38856
60.5,-118.5,69.60428
60.5,-117.5,69.77444
60.5,-116.5,69.429756
60.5,-115.5,61.073376
60.5,-114.5,58.232815
60.5,-113.5,55.69981
60.5,-112.5,75.325226
60.5,-111.5,57.054802
60.5,-110.5,59.793533
60.5,-109.5,62.72089
60.5,-108.5,61.699753
60.5,-107.5,65.42835
60.5,-106.5,69.2502
60.5,-105.5,70.37969
60.5,-104.5,71.93547
60.5,-103.5,71.9296
60.5,-102.5,73.33475
60.5,-101.5,72.27357
60.5,-100.5,70.491
60.5,-99.5,71.977394
60.5,-98.5,70.49269
60.5,-97.5,69.66554
60.5,-96.5,68.9418
60.5,-95.5,69.47408
60.5,-77.5,75.6002
60.5,-76.5,73.121544
60.5,-75.5,75.28489
60.5,-74.5,75.83962
60.5,-73.5,74.481476
60.5,-72.5,71.61917
60.5,-71.5,71.27727
60.5,-70.5,71.544205
60.5,-44.5,167.34392
60.5,-43.5,237.54143
60.5,5.5,96.61797
60.5,6.5,106.443954
60.5,7.5,104.2995
60.5,8.5,99.50304
60.5,9.5,98.07806
60.5,10.5,96.61505
60.5,11.5,95.6037
60.5,12.5,93.58131
60.5,13.5,91.948425
60.5,14.5,90.58327
60.5,15.5,90.35435
60.5,16.5,86.60049
60.5,17.5,83.15399
60.5,22.5,102.0501
60.5,23.5,104.78027
60.5,24.5,88.953285
60.5,25.5,107.38026
60.5,26.5,91.404305
60.5,28.5,87.34556
60.5,29.5,94.24929
60.5,30.5,95.77375
60.5,33.5,104.988045
60.5,34.5,106.36621
60.5,35.5,106.25041
60.5,36.5,106.38381
60.5,37.5,105.50702
60.5,38.5,107.59319
60.5,39.5,97.267494
60.5,40.5,103.72095
60.5,41.5,102.82071
60.5,42.5,90.55354
60.5,43.5,100.894165
60.5,44.5,100.54994
60.5,45.5,100.44433
60.5,46.5,100.50697
60.5,47.5,100.35058
60.5,48.5,99.093
60.5,49.5,98.95826
60.5,50.5,98.4803
60.5,51.5,90.98797
60.5,52.5,98.50321
60.5,53.5,98.20053
60.5,54.5,99.162285
60.5,55.5,99.593094
60.5,56.5,99.64799
60.5,57.5,100.15712
60.5,58.5,99.604546
60.5,59.5,99.14312
60.5,60.5,95.68869
60.5,61.5,87.39703
60.5,62.5,86.24264
60.5,63.5,88.15208
60.5,64.5,88.39909
60.5,65.5,89.61372
60.5,66.5,89.26783
60.5,67.5,89.492516
60.5,68.5,90.581726
60.5,69.5,90.42369
60.5,70.5,88.728226
60.5,71.5,88.276436
60.5,72.5,90.31905
60.5,73.5,90.14326
60.5,74.5,88.568306
60.5,75.5,88.82875
60.5,76.5,89.01406
60.5,77.5,89.1113
60.5,78.5,88.86745
60.5,79.5,72.68809
60.5,80.5,87.51979
60.5,81.5,87.14093
60.5,82.5,71.62444
60.5,83.5,88.105156
60.5,84.5,87.879005
60.5,85.5,87.07858
60.5,86.5,69.70094
60.5,87.5,69.413445
60.5,88.5,69.30693
60.5,89.5,70.23389
60.5,90.5,85.89583
60.5,91.5,93.08095
60.5,92.5,94.47902
60.5,93.5,95.53323
60.5,94.5,94.097694
60.5,95.5,90.53998
60.5,96.5,87.27402
60.5,97.5,83.18354
60.5,98.5,79.03068
60.5,99.5,77.37044
60.5,100.5,75.03125
60.5,101.5,74.25668
60.5,102.5,66.323326
60.5,103.5,66.103806
60.5,104.5,66.75169
60.5,105.5,68.024635
60.5,106.5,66.330086
60.5,107.5,66.462204
60.5,108.5,65.63614
60.5,109.5,67.71248
60.5,110.5,69.793755
60.5,111.5,70.48422
60.5,112.5,70.54223
60.5,113.5,71.67195
60.5,114.5,73.28476
60.5,115.5,73.20595
60.5,116.5,85.132195
60.5,117.5,84.627945
60.5,118.5,81.78497
60.5,119.5,81.51088
60.5,120.5,83.769394
60.5,121.5,85.14367
60.5,122.5,79.32387
60.5,123.5,80.66114
60.5,124.5,81.823875
60.5,125.5,82.34165
60.5,126.5,81.59339
60.5,127.5,78.77809
60.5,128.5,75.13329
60.5,129.5,72.43771
60.5,130.5,71.55645
60.5,131.5,64.78988
60.5,132.5,71.15479
60.5,133.5,72.35905
60.5,134.5,69.06965
60.5,135.5,74.45633
60.5,136.5,72.52573
60.5,137.5,68.217125
60.5,138.5,73.78769
60.5,139.5,76.918015
60.5,140.5,79.784904
60.5,141.5,82.80954
60.5,142.5,82.94593
60.5,143.5,82.10469
60.5,144.5,81.83935
60.5,145.5,83.34383
60.5,146.5,83.70197
60.5,147.5,85.87882
60.5,148.5,86.172714
60.5,149.5,86.05323
60.5,150.5,83.7413
60.5,151.5,83.531364
60.5,152.5,84.5477
60.5,153.5,81.76103
60.5,154.5,86.28721
60.5,162.5,87.78582
60.5,163.5,89.75779
60.5,164.5,87.43511
60.5,165.5,88.17717
60.5,166.5,94.00743
60.5,167.5,91.312454
60.5,169.5,94.024956
60.5,170.5,92.74903
61.5,-165.5,96.549706
61.5,-164.5,95.033455
61.5,-163.5,92.7219
61.5,-162.5,93.10115
61.5,-161.5,94.50916
61.5,-160.5,95.38011
61.5,-159.5,93.25151
61.5,-158.5,90.39166
61.5,-157.5,91.85117
61.5,-156.5,93.40826
61.5,-155.5,94.17079
61.5,-154.5,94.81725
61.5,-153.5,85.67614
61.5,-152.5,132.2854
61.5,-151.5,97.067764
61.5,-150.5,103.013885
61.5,-149.5,101.54574
61.5,-148.5,131.1627
61.5,-147.5,200.07803
61.5,-146.5,159.21939
61.5,-145.5,96.09308
61.5,-144.5,86.68522
61.5,-143.5,130.48643
61.5,-142.5,127.28804
61.5,-141.5,145.16269
61.5,-140.5,111.19037
61.5,-139.5,67.78373
61.5,-138.5,73.7471
61.5,-137.5,73.68703
61.5,-136.5,77.95424
61.5,-135.5,75.1998
61.5,-134.5,75.48197
61.5,-133.5,67.372665
61.5,-132.5,71.52789
61.5,-131.5,73.81993
61.5,-130.5,69.67763
61.5,-129.5,66.95406
61.5,-128.5,66.14082
61.5,-127.5,63.19443
61.5,-126.5,71.07603
61.5,-125.5,69.730255
61.5,-124.5,69.02656
61.5,-123.5,61.54167
61.5,-122.5,78.383995
61.5,-121.5,63.309853
61.5,-120.5,61.55761
61.5,-119.5,58.502945
61.5,-118.5,58.780365
61.5,-117.5,56.16507
61.5,-116.5,61.926163
61.5,-112.5,66.84605
61.5,-111.5,63.460697
61.5,-110.5,62.338615
61.5,-109.5,65.78678
61.5,-108.5,65.23754
61.5,-107.5,67.47404
61.5,-106.5,66.70313
61.5,-105.5,68.69096
61.5,-104.5,69.17608
61.5,-103.5,69.04861
61.5,-102.5,68.16125
61.5,-101.5,55.878
61.5,-100.5,57.801567
61.5,-99.5,59.73993
61.5,-98.5,57.8634
61.5,-97.5,62.203518
61.5,-96.5,61.951965
61.5,-95.5,64.36944
61.5,-94.5,69.03787
61.5,-77.5,70.21861
61.5,-76.5,67.22301
61.5,-75.5,64.64123
61.5,-74.5,64.06357
61.5,-73.5,66.8291
61.5,-72.5,69.25426
61.5,-48.5,101.94552
61.5,-47.5,268.5258
61.5,-46.5,300.0
61.5,-45.5,249.67987
61.5,-44.5,300.0
61.5,-43.5,300.0
61.5,5.5,98.04817
61.5,6.5,105.26572
61.5,7.5,101.39507
61.5,8.5,98.99911
61.5,9.5,91.79618
61.5,10.5,94.45117
61.5,11.5,95.86129
61.5,12.5,94.507996
61.5,13.5,92.91336
61.5,14.5,93.33575
61.5,15.5,91.99345
61.5,16.5,90.17804
61.5,21.5,106.95305
61.5,22.5,93.39268
61.5,23.5,94.550064
61.5,24.5,96.173836
61.5,25.5,95.99656
61.5,26.5,96.38103
61.5,27.5,90.46833
61.5,28.5,89.07133
61.5,29.5,96.44792
61.5,32.5,98.50715
61.5,33.5,99.967476
61.5,34.5,98.47432
61.5,36.5,98.91959
61.5,37.5,107.5677
61.5,38.5,106.48779
61.5,39.5,105.34052
61.5,40.5,105.41783
61.5,41.5,103.92584
61.5,42.5,90.4908
61.5,43.5,101.61892
61.5,44.5,101.42389
61.5,45.5,101.59807
61.5,46.5,88.32646
61.5,47.5,88.03576
61.5,48.5,100.25286
61.5,49.5,100.030426
61.5,50.5,100.22548
61.5,51.5,86.13788
61.5,52.5,99.14477
61.5,53.5,99.392715
61.5,54.5,99.48552
61.5,55.5,100.18025
61.5,56.5,102.39411
61.5,57.5,100.96604
61.5,58.5,100.66144
61.5,59.5,100.05484
61.5,60.5,97.96288
61.5,61.5,83.99449
61.5,62.5,82.53844
61.5,63.5,71.15941
61.5,64.5,81.187805
61.5,65.5,81.47159
61.5,66.5,89.14664
61.5,67.5,90.07484
61.5,68.5,90.86812
61.5,69.5,90.597374
61.5,70.5,90.46301
61.5,71.5,89.061035
61.5,72.5,90.4565
61.5,73.5,91.70019
61.5,74.5,89.96177
61.5,75.5,90.49376
61.5,76.5,89.96385
61.5,77.5,89.3212
61.5,78.5,90.284676
61.5,79.5,90.04622
61.5,80.5,90.24289
61.5,81.5,91.14702
61.5,82.5,89.94838
61.5,83.5,89.499794
61.5,84.5,88.27255
61.5,85.5,88.79562
61.5,86.5,87.960236
61.5,87.5,86.48289
61.5,88.5,86.14554
61.5,89.5,87.35817
61.5,90.5,96.82064
61.5,91.5,97.48803
61.5,92.5,97.25614
61.5,93.5,96.59707
61.5,94.5,96.13999
61.5,95.5,84.615906
61.5,96.5,82.67681
61.5,97.5,80.24211
61.5,98.5,79.289986
61.5,99.5,77.114624
61.5,100.5,74.029785
61.5,101.5,72.23002
61.5,102.5,71.41729
61.5,103.5,69.86435
61.5,104.5,70.00883
61.5,105.5,68.812416
61.5,106.5,67.77461
61.5,107.5,67.40262
61.5,108.5,67.93044
61.5,109.5,68.04916
61.5,110.5,70.550896
61.5,111.5,72.027565
61.5,112.5,71.13489
61.5,113.5,70.20909
61.5,114.5,81.859825
61.5,115.5,79.65446
61.5,116.5,80.18352
61.5,117.5,78.933624
61.5,118.5,78.74993
61.5,119.5,79.57354
61.5,120.5,80.04015
61.5,121.5,81.21797
61.5,122.5,82.95946
61.5,123.5,83.79604
61.5,124.5,84.361916
61.5,125.5,84.77246
61.5,126.5,71.159355
61.5,127.5,69.58595
61.5,128.5,67.0715
61.5,129.5,66.674484
61.5,130.5,62.698696
61.5,131.5,60.178314
61.5,132.5,58.430656
61.5,133.5,65.18542
61.5,134.5,60.18824
61.5,135.5,65.342026
61.5,136.5,71.49042
61.5,137.5,60.14963
61.5,138.5,69.639786
61.5,139.5,72.32635
61.5,140.5,75.17012
61.5,141.5,77.91422
61.5,142.5,77.637054
61.5,143.5,78.2217
61.5,144.5,69.67225
61.5,145.5,78.56024
61.5,146.5,78.90108
61.5,147.5,79.100296
61.5,148.5,72.62743
61.5,149.5,82.31325
61.5,150.5,75.216095
61.5,151.5,82.31352
61.5,152.5,81.10738
61.5,153.5,80.23022
61.5,154.5,77.46156
61.5,155.5,73.1561
61.5,156.5,86.527695
61.5,160.5,84.23177
61.5,161.5,78.557655
61.5,164.5,85.16488
61.5,165.5,76.066086
61.5,166.5,81.063736
61.5,167.5,81.72208
61.5,168.5,77.68357
61.5,169.5,76.625496
61.5,170.5,69.70859
61.5,171.5,74.75065
61.5,172.5,83.52441
62.5,-164.5,92.30393
62.5,-163.5,88.95558
62.5,-162.5,87.64485
62.5,-161.5,84.38618
62.5,-160.5,86.06204
62.5,-159.5,88.31756
62.5,-158.5,88.34437
62.5,-157.5,88.8149
62.5,-156.5,86.46756
62.5,-155.5,88.492004
62.5,-154.5,91.37957
62.5,-153.5,89.80171
62.5,-152.5,77.670456
62.5,-151.5,103.52181
62.5,-150.5,88.75044
62.5,-149.5,89.3867
62.5,-148.5,86.85745
62.5,-147.5,87.54065
62.5,-146.5,91.78716
62.5,-145.5,92.99643
62.5,-144.5,82.31556
62.5,-143.5,77.96923
62.5,-142.5,84.45378
62.5,-141.5,85.80479
62.5,-140.5,87.43965
62.5,-139.5,86.02359
62.5,-138.5,82.837746
62.5,-137.5,76.00885
62.5,-136.5,73.966965
62.5,-135.5,74.5777
62.5,-134.5,73.5957
62.5,-133.5,74.87463
62.5,-132.5,75.36192
62.5,-131.5,74.17548
62.5,-130.5,68.26209
62.5,-129.5,61.572655
62.5,-128.5,62.00246
62.5,-127.5,61.138203
62.5,-126.5,61.32316
62.5,-125.5,72.4346
62.5,-124.5,69.76126
62.5,-123.5,63.0449
62.5,-122.5,79.64149
62.5,-121.5,72.13762
62.5,-120.5,71.69049
62.5,-119.5,72.6347
62.5,-118.5,71.76589
62.5,-117.5,71.041756
62.5,-116.5,61.304676
62.5,-115.5,65.30257
62.5,-113.5,61.709064
62.5,-112.5,63.25206
62.5,-111.5,68.32315
62.5,-110.5,66.3032
62.5,-109.5,67.14708
62.5,-108.5,65.95219
62.5,-107.5,67.698975
62.5,-106.5,68.86958
62.5,-105.5,69.00067
62.5,-104.5,66.71898
62.5,-103.5,58.910618
62.5,-102.5,55.02827
62.5,-101.5,62.262615
62.5,-100.5,56.989613
62.5,-99.5,55.22494
62.5,-98.5,49.900352
62.5,-97.5,56.302444
62.5,-96.5,54.07859
62.5,-95.5,58.117905
62.5,-94.5,63.04308
62.5,-93.5,63.673523
62.5,-77.5,73.51787
62.5,-68.5,63.885994
62.5,-67.5,66.027245
62.5,-49.5,184.24261
62.5,-48.5,300.0
62.5,-47.5,300.0
62.5,-46.5,300.0
62.5,-45.5,300.0
62.5,-44.5,300.0
62.5,-43.5,300.0
62.5,6.5,99.03924
62.5,7.5,102.931564
62.5,8.5,99.357475
62.5,9.5,97.18275
62.5,10.5,97.62851
62.5,11.5,97.779686
62.5,12.5,94.01315
62.5,13.5,95.35401
62.5,14.5,95.32644
62.5,15.5,92.05965
62.5,16.5,88.802185
62.5,17.5,91.55003
62.5,21.5,89.50263
62.5,22.5,91.52399
62.5,23.5,94.69307
62.5,24.5,97.61286
62.5,25.5,98.05704
62.5,26.5,94.18039
62.5,27.5,94.23813
62.5,28.5,93.079506
62.5,29.5,98.47226
62.5,30.5,99.84811
62.5,31.5,99.43072
62.5,32.5,99.53224
62.5,33.5,100.498375
62.5,34.5,100.9017
62.5,35.5,99.36665
62.5,36.5,96.03397
62.5,37.5,93.51812
62.5,38.5,93.76173
62.5,39.5,105.9858
62.5,40.5,106.03422
62.5,41.5,105.21131
62.5,42.5,92.24684
62.5,43.5,91.00277
62.5,44.5,89.218
62.5,45.5,101.00431
62.5,46.5,100.038445
62.5,47.5,99.72302
62.5,48.5,99.24569
62.5,49.5,99.68054
62.5,50.5,101.39277
62.5,51.5,76.06453
62.5,52.5,76.11566
62.5,53.5,99.03052
62.5,54.5,92.38163
62.5,55.5,93.23149
62.5,56.5,94.24044
62.5,57.5,94.027435
62.5,58.5,100.81791
62.5,59.5,100.57109
62.5,60.5,86.58984
62.5,61.5,84.76054
62.5,62.5,73.77767
62.5,63.5,83.68498
62.5,64.5,73.98029
62.5,65.5,91.55624
62.5,66.5,91.08707
62.5,67.5,90.17938
62.5,68.5,91.68121
62.5,69.5,82.31791
62.5,70.5,82.822
62.5,71.5,89.24456
62.5,72.5,90.53191
62.5,73.5,90.90714
62.5,74.5,90.98067
62.5,75.5,90.925
62.5,76.5,90.63648
62.5,77.5,90.682175
62.5,78.5,90.9169
62.5,79.5,84.77368
62.5,80.5,91.83345
62.5,81.5,84.90359
62.5,82.5,84.01438
62.5,83.5,83.83612
62.5,84.5,84.146255
62.5,85.5,83.89966
62.5,86.5,89.62043
62.5,87.5,89.53168
62.5,88.5,89.01518
62.5,89.5,96.85097
62.5,90.5,97.34685
62.5,91.5,96.66361
62.5,92.5,95.820404
62.5,93.5,95.08413
62.5,94.5,95.05144
62.5,95.5,93.96554
62.5,96.5,91.21421
62.5,97.5,80.57475
62.5,98.5,79.538765
62.5,99.5,76.18422
62.5,100.5,80.78391
62.5,101.5,80.39633
62.5,102.5,79.35291
62.5,103.5,77.604965
62.5,104.5,77.0357
62.5,105.5,68.92574
62.5,106.5,70.49293
62.5,107.5,68.12088
62.5,108.5,69.32785
62.5,109.5,70.85134
62.5,110.5,83.701645
62.5,111.5,85.92336
62.5,112.5,82.626015
62.5,113.5,80.833084
62.5,114.5,80.27151
62.5,115.5,78.88567
62.5,116.5,77.628334
62.5,117.5,64.17634
62.5,118.5,63.049274
62.5,119.5,75.38635
62.5,120.5,76.85879
62.5,121.5,77.58579
62.5,122.5,78.733475
62.5,123.5,79.89116
62.5,124.5,80.042435
62.5,125.5,79.04995
62.5,126.5,77.999306
62.5,127.5,63.24859
62.5,128.5,61.49785
62.5,129.5,61.439903
62.5,130.5,62.01936
62.5,131.5,61.13023
62.5,132.5,57.964836
62.5,133.5,58.72549
62.5,134.5,64.49579
62.5,135.5,70.229454
62.5,136.5,85.76279
62.5,137.5,73.18015
62.5,138.5,59.309082
62.5,139.5,68.60405
62.5,140.5,62.81687
62.5,141.5,66.41424
62.5,142.5,74.57953
62.5,143.5,76.358025
62.5,144.5,75.3735
62.5,145.5,76.90765
62.5,146.5,77.845184
62.5,147.5,79.4939
62.5,148.5,78.36384
62.5,149.5,80.9375
62.5,150.5,81.58337
62.5,151.5,81.888405
62.5,152.5,80.90095
62.5,153.5,79.44897
62.5,154.5,79.69747
62.5,155.5,78.48017
62.5,156.5,76.84904
62.5,157.5,69.62816
62.5,158.5,69.274475
62.5,159.5,71.67444
62.5,160.5,71.23196
62.5,161.5,69.83154
62.5,162.5,72.8181
62.5,163.5,79.513916
62.5,164.5,79.21292
62.5,165.5,77.24121
62.5,166.5,75.26982
62.5,167.5,76.63529
62.5,168.5,74.67827
62.5,169.5,74.75864
62.5,170.5,73.36164
62.5,171.5,73.84563
62.5,172.5,75.474205
62.5,173.5,78.963135
62.5,174.5,82.17303
62.5,175.5,83.21322
62.5,176.5,83.90329
62.5,178.5,91.628235
63.5,-160.5,86.90492
63.5,-159.5,85.13466
63.5,-158.5,85.86581
63.5,-157.5,84.158554
63.5,-156.5,83.32416
63.5,-155.5,84.90321
63.5,-154.5,87.05947
63.5,-153.5,85.62156
63.5,-152.5,87.211624
63.5,-151.5,85.613815
63.5,-150.5,82.28997
63.5,-149.5,78.13109
63.5,-148.5,75.049385
63.5,-147.5,75.4505
63.5,-146.5,90.02327
63.5,-145.5,86.048035
63.5,-144.5,85.31779
63.5,-143.5,85.799515
63.5,-142.5,88.19822
63.5,-141.5,85.9305
63.5,-140.5,83.23572
63.5,-139.5,81.28471
63.5,-138.5,79.90008
63.5,-137.5,79.9416
63.5,-136.5,73.661
63.5,-135.5,74.79738
63.5,-134.5,74.47187
63.5,-133.5,75.97765
63.5,-132.5,70.55285
63.5,-131.5,63.457714
63.5,-130.5,58.544056
63.5,-129.5,60.25746
63.5,-128.5,60.367798
63.5,-127.5,61.658714
63.5,-126.5,71.103004
63.5,-125.5,71.56252
63.5,-124.5,73.225685
63.5,-123.5,62.245174
63.5,-122.5,78.28342
63.5,-121.5,78.430695
63.5,-120.5,76.56394
63.5,-119.5,78.16955
63.5,-118.5,82.37519
63.5,-117.5,79.56053
63.5,-116.5,56.869156
63.5,-115.5,59.557076
63.5,-114.5,61.154472
63.5,-113.5,64.59048
63.5,-112.5,65.043846
63.5,-111.5,67.98933
63.5,-110.5,67.18191
63.5,-109.5,65.67831
63.5,-108.5,66.036255
63.5,-107.5,60.72498
63.5,-106.5,58.86843
63.5,-105.5,49.70096
63.5,-104.5,50.86163
63.5,-103.5,53.505154
63.5,-102.5,50.019123
63.5,-101.5,55.234924
63.5,-100.5,56.612015
63.5,-99.5,51.3572
63.5,-98.5,46.42289
63.5,-97.5,47.463737
63.5,-96.5,47.01572
63.5,-95.5,47.618965
63.5,-94.5,54.24048
63.5,-93.5,59.04378
63.5,-92.5,50.352932
63.5,-91.5,57.43175
63.5,-85.5,75.27671
63.5,-84.5,75.083916
63.5,-71.5,62.478928
63.5,-70.5,59.975773
63.5,-69.5,61.063602
63.5,-68.5,62.241962
63.5,-67.5,63.895264
63.5,-66.5,62.930794
63.5,-65.5,121.221954
63.5,-50.5,137.2874
63.5,-49.5,240.45892
63.5,-48.5,300.0
63.5,-47.5,300.0
63.5,-46.5,300.0
63.5,-45.5,300.0
63.5,-44.5,300.0
63.5,-43.5,300.0
63.5,-42.5,300.0
63.5,-41.5,245.36708
63.5,-19.5,100.707985
63.5,-18.5,97.23225
63.5,9.5,97.27467
63.5,10.5,102.69453
63.5,11.5,101.06256
63.5,12.5,101.89228
63.5,13.5,99.086426
63.5,14.5,98.251015
63.5,15.5,95.46723
63.5,16.5,89.65391
63.5,17.5,87.305275
63.5,18.5,88.76161
63.5,19.5,90.82406
63.5,22.5,91.47797
63.5,23.5,92.57659
63.5,24.5,96.27515
63.5,25.5,98.51794
63.5,26.5,100.43838
63.5,27.5,101.014984
63.5,28.5,101.23031
63.5,29.5,100.50951
63.5,30.5,96.026375
63.5,31.5,95.38545
63.5,32.5,95.903786
63.5,33.5,95.4321
63.5,34.5,94.71671
63.5,35.5,93.56412
63.5,36.5,92.93109
63.5,37.5,91.8866
63.5,38.5,89.46799
63.5,39.5,88.28686
63.5,40.5,104.00836
63.5,41.5,103.1625
63.5,42.5,90.22154
63.5,43.5,89.78678
63.5,44.5,90.168304
63.5,45.5,88.50262
63.5,46.5,87.06004
63.5,47.5,87.98934
63.5,48.5,88.80536
63.5,49.5,76.63686
63.5,50.5,76.963844
63.5,51.5,77.04947
63.5,52.5,93.13272
63.5,53.5,93.39324
63.5,54.5,77.75164
63.5,55.5,94.72896
63.5,56.5,78.12927
63.5,57.5,78.211075
63.5,58.5,93.69483
63.5,59.5,99.76732
63.5,60.5,86.67567
63.5,61.5,86.089165
63.5,62.5,75.134705
63.5,63.5,85.617714
63.5,64.5,93.61178
63.5,65.5,92.060616
63.5,66.5,86.2555
63.5,67.5,85.86899
63.5,68.5,93.60753
63.5,69.5,86.40965
63.5,70.5,86.76995
63.5,71.5,93.12394
63.5,72.5,93.126945
63.5,73.5,92.1377
63.5,74.5,85.30644
63.5,75.5,85.99616
63.5,76.5,92.83729
63.5,77.5,86.56739
63.5,78.5,86.81123
63.5,79.5,87.2766
63.5,80.5,87.06465
63.5,81.5,85.171036
63.5,82.5,87.18227
63.5,83.5,87.66031
63.5,84.5,87.79146
63.5,85.5,87.508575
63.5,86.5,93.369095
63.5,87.5,92.875595
63.5,88.5,100.02217
63.5,89.5,97.67124
63.5,90.5,95.81365
63.5,91.5,92.57476
63.5,92.5,90.709755
63.5,93.5,90.62323
63.5,94.5,91.0245
63.5,95.5,92.930046
63.5,96.5,90.9606
63.5,97.5,89.24432
63.5,98.5,78.35136
63.5,99.5,84.65736
63.5,100.5,83.81672
63.5,101.5,81.059654
63.5,102.5,80.793175
63.5,103.5,80.08308
63.5,104.5,72.3676
63.5,105.5,71.90458
63.5,106.5,71.70242
63.5,107.5,70.41695
63.5,108.5,69.285675
63.5,109.5,70.59228
63.5,110.5,72.33779
63.5,111.5,81.34553
63.5,112.5,80.230835
63.5,113.5,79.4423
63.5,114.5,78.82542
63.5,115.5,76.942245
63.5,116.5,73.91416
63.5,117.5,62.00204
63.5,118.5,61.705025
63.5,119.5,62.475338
63.5,120.5,63.417843
63.5,121.5,66.42581
63.5,122.5,67.304665
63.5,123.5,67.727196
63.5,124.5,69.18592
63.5,125.5,65.75013
63.5,126.5,63.80097
63.5,127.5,67.92466
63.5,128.5,67.80754
63.5,129.5,65.593025
63.5,130.5,80.04966
63.5,131.5,66.892075
63.5,132.5,65.969376
63.5,133.5,72.9618
63.5,134.5,73.34238
63.5,135.5,74.3681
63.5,136.5,75.15311
63.5,137.5,71.27562
63.5,138.5,63.71294
63.5,139.5,59.591267
63.5,140.5,66.13718
63.5,141.5,71.2042
63.5,142.5,76.8463
63.5,143.5,66.040855
63.5,144.5,66.868
63.5,145.5,75.54162
63.5,146.5,76.57223
63.5,147.5,75.99926
63.5,148.5,77.32192
63.5,149.5,80.041084
63.5,150.5,80.73093
63.5,151.5,80.375656
63.5,152.5,80.521576
63.5,153.5,79.18853
63.5,154.5,77.1664
63.5,155.5,78.88474
63.5,156.5,79.337555
63.5,157.5,69.03859
63.5,158.5,68.40941
63.5,159.5,68.40153
63.5,160.5,69.76793
63.5,161.5,70.29922
63.5,162.5,69.970505
63.5,163.5,79.470825
63.5,164.5,79.37249
63.5,165.5,80.99126
63.5,166.5,83.498024
63.5,167.5,93.687675
63.5,168.5,75.61573
63.5,169.5,76.54718
63.5,170.5,74.85337
63.5,171.5,75.857925
63.5,172.5,75.97905
63.5,173.5,75.946205
63.5,174.5,76.63899
63.5,175.5,79.21474
63.5,176.5,79.26187
63.5,177.5,82.431656
63.5,178.5,84.436714
64.5,-173.5,85.3256
64.5,-160.5,85.00645
64.5,-159.5,76.78035
64.5,-158.5,84.815315
64.5,-157.5,83.043564
64.5,-156.5,80.483826
64.5,-155.5,80.7439
64.5,-154.5,81.863625
64.5,-153.5,84.386444
64.5,-152.5,85.593994
64.5,-151.5,84.76096
64.5,-150.5,84.45552
64.5,-149.5,84.56034
64.5,-148.5,87.542046
64.5,-147.5,87.90803
64.5,-146.5,85.95484
64.5,-145.5,86.41094
64.5,-144.5,86.149536
64.5,-143.5,79.35432
64.5,-142.5,82.245964
64.5,-141.5,80.55001
64.5,-140.5,74.234215
64.5,-139.5,73.83334
64.5,-138.5,70.47316
64.5,-137.5,67.96924
64.5,-136.5,69.61155
64.5,-135.5,69.71282
64.5,-134.5,71.71647
64.5,-133.5,66.22315
64.5,-132.5,63.241
64.5,-131.5,60.87017
64.5,-130.5,61.578545
64.5,-129.5,58.767445
64.5,-128.5,55.037163
64.5,-127.5,72.23473
64.5,-126.5,71.71524
64.5,-125.5,71.29682
64.5,-124.5,69.34348
64.5,-123.5,79.553444
64.5,-122.5,77.147675
64.5,-121.5,76.78373
64.5,-120.5,75.39733
64.5,-119.5,76.4212
64.5,-118.5,75.7257
64.5,-117.5,61.08479
64.5,-116.5,62.304646
64.5,-115.5,62.396416
64.5,-114.5,63.251232
64.5,-113.5,64.0729
64.5,-112.5,59.431145
64.5,-111.5,58.572685
64.5,-110.5,56.417103
64.5,-109.5,53.239994
64.5,-108.5,55.444157
64.5,-107.5,58.00118
64.5,-106.5,48.93505
64.5,-105.5,44.339108
64.5,-104.5,45.495186
64.5,-103.5,49.167244
64.5,-102.5,45.98396
64.5,-101.5,47.033165
64.5,-100.5,50.511837
64.5,-99.5,52.62676
64.5,-98.5,53.52647
64.5,-97.5,49.084095
64.5,-96.5,44.710827
64.5,-95.5,48.736824
64.5,-94.5,47.604984
64.5,-93.5,53.151936
64.5,-92.5,55.828472
64.5,-91.5,55.062748
64.5,-90.5,53.418777
64.5,-89.5,54.259327
64.5,-88.5,54.656837
64.5,-85.5,67.33031
64.5,-84.5,54.592815
64.5,-83.5,55.07672
64.5,-82.5,58.260303
64.5,-77.5,63.315903
64.5,-76.5,61.24689
64.5,-73.5,61.728687
64.5,-72.5,62.221905
64.5,-71.5,62.871872
64.5,-70.5,62.67797
64.5,-69.5,61.856674
64.5,-68.5,59.952618
64.5,-67.5,87.12942
64.5,-66.5,62.63524
64.5,-65.5,148.80612
64.5,-51.5,99.26969
64.5,-50.5,93.02283
64.5,-49.5,228.3023
64.5,-48.5,300.0
64.5,-47.5,300.0
64.5,-46.5,300.0
64.5,-45.5,300.0
64.5,-44.5,300.0
64.5,-43.5,300.0
64.5,-42.5,300.0
64.5,-41.5,300.0
64.5,-21.5,99.38647
64.5,-20.5,99.90487
64.5,-19.5,105.25451
64.5,-18.5,140.67477
64.5,-17.5,238.87282
64.5,-16.5,256.2076
64.5,-15.5,154.95508
64.5,11.5,95.93553
64.5,12.5,102.292114
64.5,13.5,100.606224
64.5,14.5,99.449486
64.5,15.5,97.848305
64.5,16.5,95.022865
64.5,17.5,94.3997
64.5,18.5,91.3267
64.5,19.5,90.46962
64.5,20.5,92.62713
64.5,24.5,92.4039
64.5,25.5,98.71555
64.5,26.5,101.264084
64.5,27.5,101.3347
64.5,28.5,97.829
64.5,29.5,102.05179
64.5,30.5,96.44213
64.5,31.5,94.946175
64.5,32.5,94.15879
64.5,33.5,100.11026
64.5,34.5,94.18126
64.5,37.5,91.77699
64.5,38.5,91.57557
64.5,39.5,89.766396
64.5,40.5,89.59612
64.5,41.5,89.44929
64.5,42.5,90.660995
64.5,43.5,90.551865
64.5,44.5,90.83454
64.5,45.5,90.08803
64.5,46.5,89.120674
64.5,47.5,88.712746
64.5,48.5,76.459854
64.5,49.5,76.781494
64.5,50.5,94.710915
64.5,51.5,93.944046
64.5,52.5,94.67718
64.5,53.5,77.96123
64.5,54.5,95.11909
64.5,55.5,95.21512
64.5,56.5,94.94523
64.5,57.5,77.678566
64.5,58.5,91.889305
64.5,59.5,95.975494
64.5,60.5,77.491875
64.5,61.5,84.04974
64.5,62.5,84.61001
64.5,63.5,84.72472
64.5,64.5,86.41491
64.5,66.5,87.070015
64.5,67.5,86.2224
64.5,68.5,85.18216
64.5,69.5,86.85161
64.5,70.5,92.26687
64.5,71.5,93.6382
64.5,72.5,86.88454
64.5,73.5,86.77809
64.5,74.5,93.86217
64.5,75.5,87.4603
64.5,76.5,87.19968
64.5,77.5,87.454796
64.5,78.5,87.75133
64.5,79.5,82.83776
64.5,80.5,88.04569
64.5,81.5,86.26214
64.5,82.5,82.230835
64.5,83.5,80.37271
64.5,84.5,79.64463
64.5,85.5,79.35051
64.5,86.5,86.285324
64.5,87.5,88.81406
64.5,88.5,95.07607
64.5,89.5,90.82128
64.5,90.5,89.234245
64.5,91.5,78.85933
64.5,92.5,80.486694
64.5,93.5,81.38767
64.5,94.5,77.22914
64.5,95.5,74.10657
64.5,96.5,71.694046
64.5,97.5,71.19764
64.5,98.5,68.93746
64.5,99.5,65.15832
64.5,100.5,66.04058
64.5,101.5,77.860954
64.5,102.5,75.154366
64.5,103.5,73.15793
64.5,104.5,72.59935
64.5,105.5,72.98231
64.5,106.5,74.64286
64.5,107.5,75.45497
64.5,108.5,67.115585
64.5,109.5,69.36115
64.5,110.5,77.68188
64.5,111.5,69.16077
64.5,112.5,70.93531
64.5,113.5,69.346725
64.5,114.5,77.09695
64.5,115.5,77.577774
64.5,116.5,75.51638
64.5,117.5,72.96768
64.5,118.5,71.86228
64.5,119.5,61.07652
64.5,120.5,63.995277
64.5,121.5,66.099785
64.5,122.5,63.782703
64.5,123.5,68.66065
64.5,124.5,69.95343
64.5,125.5,67.06266
64.5,126.5,81.32576
64.5,127.5,76.362434
64.5,128.5,69.44558
64.5,129.5,54.98203
64.5,130.5,59.12559
64.5,131.5,57.020966
64.5,132.5,48.578613
64.5,133.5,46.495056
64.5,134.5,46.177036
64.5,135.5,61.625774
64.5,136.5,64.75885
64.5,137.5,63.27009
64.5,138.5,64.14091
64.5,139.5,65.530075
64.5,140.5,68.47742
64.5,141.5,72.2236
64.5,142.5,75.62898
64.5,143.5,76.01481
64.5,144.5,68.0751
64.5,145.5,77.09321
64.5,146.5,77.1971
64.5,147.5,77.16313
64.5,148.5,78.04073
64.5,149.5,79.6992
64.5,150.5,70.182274
64.5,151.5,79.64009
64.5,152.5,79.48183
64.5,153.5,81.59408
64.5,154.5,73.67797
64.5,155.5,81.25817
64.5,156.5,79.828804
64.5,157.5,79.24898
64.5,158.5,70.0157
64.5,159.5,68.91771
64.5,160.5,71.16405
64.5,161.5,80.20595
64.5,162.5,77.717804
64.5,163.5,69.66074
64.5,164.5,79.244934
64.5,165.5,79.83732
64.5,166.5,81.059525
64.5,167.5,80.71243
64.5,168.5,82.522156
64.5,169.5,83.84888
64.5,170.5,91.60555
64.5,171.5,76.743355
64.5,172.5,74.82905
64.5,173.5,77.09354
64.5,174.5,78.889145
64.5,175.5,83.755196
64.5,176.5,85.13618
64.5,177.5,85.969765
65.5,-175.5,82.08091
65.5,-174.5,77.240814
65.5,-173.5,80.24266
65.5,-172.5,79.57651
65.5,-166.5,81.850365
65.5,-165.5,79.27025
65.5,-164.5,76.7684
65.5,-163.5,76.53277
65.5,-162.5,74.982475
65.5,-161.5,76.999084
65.5,-160.5,79.35686
65.5,-159.5,77.51099
65.5,-158.5,79.407364
65.5,-157.5,82.16431
65.5,-156.5,82.465164
65.5,-155.5,82.20593
65.5,-154.5,82.633835
65.5,-153.5,83.66877
65.5,-152.5,83.92066
65.5,-151.5,83.7636
65.5,-150.5,81.35308
65.5,-149.5,78.76464
65.5,-148.5,78.75716
65.5,-147.5,80.364494
65.5,-146.5,79.517876
65.5,-145.5,80.98004
65.5,-144.5,81.97859
65.5,-143.5,81.89453
65.5,-142.5,78.45012
65.5,-141.5,75.798645
65.5,-140.5,69.18748
65.5,-139.5,70.8758
65.5,-138.5,71.587975
65.5,-137.5,74.46392
65.5,-136.5,74.8553
65.5,-135.5,75.409096
65.5,-134.5,74.46143
65.5,-133.5,72.888016
65.5,-132.5,68.63372
65.5,-131.5,73.25516
65.5,-130.5,66.0943
65.5,-129.5,79.178154
65.5,-128.5,77.127205
65.5,-127.5,67.01192
65.5,-126.5,66.55746
65.5,-125.5,80.07055
65.5,-124.5,76.86474
65.5,-123.5,79.424126
65.5,-119.5,88.52122
65.5,-118.5,85.15008
65.5,-117.5,65.16831
65.5,-116.5,62.581894
65.5,-115.5,56.802708
65.5,-114.5,57.243256
65.5,-113.5,59.440113
65.5,-112.5,60.73647
65.5,-111.5,61.261856
65.5,-110.5,56.64027
65.5,-109.5,53.62071
65.5,-108.5,44.82722
65.5,-107.5,45.3851
65.5,-106.5,45.4952
65.5,-105.5,45.924282
65.5,-104.5,44.17566
65.5,-103.5,46.83653
65.5,-102.5,48.357872
65.5,-101.5,45.394245
65.5,-100.5,50.75854
65.5,-99.5,56.769367
65.5,-98.5,55.67937
65.5,-97.5,55.291054
65.5,-96.5,52.59764
65.5,-95.5,49.38783
65.5,-94.5,46.839245
65.5,-93.5,50.747414
65.5,-92.5,51.49514
65.5,-91.5,54.12488
65.5,-90.5,53.88369
65.5,-89.5,55.3216
65.5,-88.5,55.091774
65.5,-87.5,56.836887
65.5,-85.5,68.86168
65.5,-73.5,49.20009
65.5,-72.5,56.33379
65.5,-71.5,60.60322
65.5,-70.5,60.578423
65.5,-69.5,60.954536
65.5,-68.5,61.971832
65.5,-67.5,64.94889
65.5,-64.5,67.553505
65.5,-63.5,121.818695
65.5,-52.5,126.00234
65.5,-51.5,122.692955
65.5,-50.5,152.74216
65.5,-49.5,300.0
65.5,-48.5,300.0
65.5,-47.5,300.0
65.5,-46.5,300.0
65.5,-45.5,300.0
65.5,-44.5,300.0
65.5,-43.5,300.0
65.5,-42.5,300.0
65.5,-41.5,300.0
65.5,-40.5,300.0
65.5,-22.5,100.012634
65.5,-21.5,99.865906
65.5,-20.5,101.74003
65.5,-19.5,102.53558
65.5,-18.5,107.63717
65.5,-17.5,107.69363
65.5,-16.5,107.72445
65.5,-15.5,103.2435
65.5,-14.5,106.9034
65.5,12.5,100.592735
65.5,13.5,104.2418
65.5,14.5,100.54582
65.5,15.5,97.65033
65.5,16.5,95.35662
65.5,17.5,94.43918
65.5,18.5,93.79336
65.5,19.5,90.85338
65.5,20.5,92.46988
65.5,21.5,96.06829
65.5,25.5,97.18202
65.5,26.5,100.69137
65.5,27.5,100.153366
65.5,28.5,99.94133
65.5,29.5,93.92549
65.5,30.5,94.391884
65.5,31.5,94.86411
65.5,32.5,94.616776
65.5,33.5,94.52857
65.5,34.5,95.11416
65.5,40.5,93.73011
65.5,41.5,88.15754
65.5,42.5,86.144516
65.5,43.5,85.99256
65.5,44.5,87.09094
65.5,45.5,87.18468
65.5,46.5,87.35614
65.5,47.5,87.70488
65.5,48.5,87.33543
65.5,49.5,94.05203
65.5,50.5,76.13401
65.5,51.5,76.86439
65.5,52.5,78.661285
65.5,53.5,95.91128
65.5,54.5,77.15899
65.5,55.5,95.87527
65.5,56.5,95.92941
65.5,57.5,95.08157
65.5,58.5,93.67917
65.5,59.5,89.42052
65.5,60.5,81.724686
65.5,61.5,87.20457
65.5,62.5,85.386
65.5,63.5,77.147934
65.5,64.5,80.74905
65.5,66.5,82.09919
65.5,67.5,78.96772
65.5,68.5,77.50928
65.5,69.5,77.15837
65.5,70.5,76.25771
65.5,71.5,76.39711
65.5,72.5,84.75296
65.5,73.5,67.31235
65.5,74.5,66.03293
65.5,75.5,87.24593
65.5,76.5,67.14687
65.5,77.5,89.43674
65.5,78.5,89.440285
65.5,79.5,65.03042
65.5,80.5,64.24325
65.5,81.5,87.41032
65.5,82.5,86.71954
65.5,83.5,74.707985
65.5,84.5,75.34679
65.5,85.5,76.52363
65.5,86.5,77.32707
65.5,87.5,77.839745
65.5,88.5,92.58113
65.5,89.5,88.664406
65.5,90.5,78.45021
65.5,91.5,78.168564
65.5,92.5,83.672745
65.5,93.5,79.17266
65.5,94.5,76.7127
65.5,95.5,71.7852
65.5,96.5,64.5142
65.5,97.5,70.23259
65.5,98.5,68.49651
65.5,99.5,68.10792
65.5,100.5,66.10515
65.5,101.5,64.164856
65.5,102.5,63.913063
65.5,103.5,64.05021
65.5,104.5,66.90445
65.5,105.5,64.72591
65.5,106.5,70.122185
65.5,107.5,70.91408
65.5,108.5,70.15419
65.5,109.5,71.04677
65.5,110.5,71.19056
65.5,111.5,71.12272
65.5,112.5,73.54606
65.5,113.5,55.830597
65.5,114.5,72.991295
65.5,115.5,72.04548
65.5,116.5,72.8717
65.5,117.5,72.522484
65.5,118.5,73.75059
65.5,119.5,74.77495
65.5,120.5,76.12246
65.5,121.5,77.42096
65.5,122.5,78.28885
65.5,123.5,83.8441
65.5,124.5,70.6462
65.5,125.5,81.0461
65.5,126.5,79.19028
65.5,127.5,65.0182
65.5,128.5,64.608215
65.5,129.5,55.772854
65.5,130.5,61.359715
65.5,131.5,62.155544
65.5,132.5,54.351807
65.5,133.5,64.76569
65.5,134.5,60.782795
65.5,135.5,54.435436
65.5,136.5,60.21419
65.5,137.5,60.122665
65.5,138.5,64.57286
65.5,139.5,66.33274
65.5,140.5,68.89912
65.5,141.5,60.16213
65.5,142.5,62.082226
65.5,143.5,76.78468
65.5,144.5,69.18707
65.5,145.5,68.78637
65.5,146.5,77.04159
65.5,147.5,69.248024
65.5,148.5,69.74431
65.5,149.5,78.29674
65.5,150.5,69.88837
65.5,151.5,69.120445
65.5,152.5,79.13686
65.5,153.5,80.25224
65.5,154.5,79.789764
65.5,155.5,78.17632
65.5,156.5,78.7361
65.5,157.5,71.966835
65.5,158.5,79.81945
65.5,159.5,81.34379
65.5,160.5,82.265976
65.5,161.5,82.20533
65.5,162.5,70.37537
65.5,163.5,70.259315
65.5,164.5,70.62528
65.5,165.5,69.858406
65.5,166.5,70.87483
65.5,167.5,81.036804
65.5,168.5,83.06039
65.5,169.5,73.61191
65.5,170.5,73.782585
65.5,171.5,73.285484
65.5,172.5,74.315544
65.5,173.5,75.08779
65.5,174.5,77.220406
65.5,175.5,77.41366
65.5,176.5,79.64033
65.5,177.5,79.97685
65.5,178.5,78.68743
65.5,179.5,81.02304
66.5,-179.5,82.44339
66.5,-178.5,78.83832
66.5,-177.5,78.22671
66.5,-176.5,75.94113
66.5,-175.5,77.66988
66.5,-174.5,77.70753
66.5,-173.5,76.31141
66.5,-172.5,76.67836
66.5,-171.5,76.59372
66.5,-161.5,82.270836
66.5,-160.5,80.22277
66.5,-159.5,78.13104
66.5,-158.5,77.742836
66.5,-157.5,78.04931
66.5,-156.5,78.38969
66.5,-155.5,79.7674
66.5,-154.5,78.06359
66.5,-153.5,76.86137
66.5,-152.5,78.30965
66.5,-151.5,79.44064
66.5,-150.5,79.70993
66.5,-149.5,78.49417
66.5,-148.5,78.692085
66.5,-147.5,77.48263
66.5,-146.5,75.780014
66.5,-145.5,74.43449
66.5,-144.5,75.33502
66.5,-143.5,70.87179
66.5,-142.5,67.67872
66.5,-141.5,67.96093
66.5,-140.5,70.16049
66.5,-139.5,70.50295
66.5,-138.5,68.69787
66.5,-137.5,68.61606
66.5,-136.5,70.77405
66.5,-135.5,72.413315
66.5,-134.5,71.173
66.5,-133.5,89.2167
66.5,-132.5,85.0642
66.5,-131.5,82.96059
66.5,-130.5,81.83506
66.5,-129.5,78.817116
66.5,-128.5,77.29313
66.5,-127.5,76.747955
66.5,-126.5,75.002174
66.5,-125.5,79.10687
66.5,-124.5,82.397865
66.5,-123.5,73.64968
66.5,-122.5,76.194885
66.5,-118.5,84.76531
66.5,-117.5,61.15602
66.5,-116.5,46.938553
66.5,-115.5,48.170746
66.5,-114.5,53.3588
66.5,-113.5,59.371613
66.5,-112.5,60.87051
66.5,-111.5,56.478703
66.5,-110.5,49.751938
66.5,-109.5,48.89169
66.5,-108.5,51.347775
66.5,-107.5,57.003834
66.5,-106.5,55.240276
66.5,-105.5,50.414005
66.5,-104.5,48.386982
66.5,-103.5,49.354664
66.5,-102.5,49.380634
66.5,-101.5,49.686584
66.5,-100.5,57.879158
66.5,-99.5,61.13089
66.5,-98.5,61.4878
66.5,-97.5,59.983067
66.5,-96.5,55.26087
66.5,-95.5,51.843845
66.5,-94.5,52.723293
66.5,-93.5,54.029057
66.5,-92.5,55.214764
66.5,-91.5,55.7311
66.5,-90.5,56.703083
66.5,-89.5,55.594208
66.5,-88.5,54.970596
66.5,-87.5,55.65896
66.5,-86.5,55.331326
66.5,-85.5,56.99663
66.5,-84.5,57.351017
66.5,-83.5,56.36836
66.5,-73.5,45.864616
66.5,-72.5,39.481464
66.5,-71.5,57.4009
66.5,-69.5,63.251564
66.5,-68.5,63.228817
66.5,-67.5,62.870514
66.5,-66.5,87.82201
66.5,-65.5,157.75165
66.5,-64.5,130.09523
66.5,-63.5,147.76088
66.5,-62.5,110.743126
66.5,-52.5,159.41158
66.5,-51.5,138.39865
66.5,-50.5,120.189926
66.5,-49.5,256.08868
66.5,-48.5,300.0
66.5,-47.5,300.0
66.5,-46.5,300.0
66.5,-45.5,300.0
66.5,-44.5,300.0
66.5,-43.5,300.0
66.5,-42.5,300.0
66.5,-41.5,300.0
66.5,-40.5,300.0
66.5,-39.5,300.0
66.5,-38.5,300.0
66.5,-37.5,256.04828
66.5,-36.5,300.0
66.5,-35.5,300.0
66.5,13.5,99.460846
66.5,14.5,104.39547
66.5,15.5,97.350296
66.5,16.5,89.969635
66.5,17.5,90.04146
66.5,18.5,88.918785
66.5,19.5,87.03837
66.5,20.5,84.8675
66.5,21.5,85.642944
66.5,22.5,83.956856
66.5,23.5,86.97416
66.5,24.5,96.42589
66.5,25.5,90.274605
66.5,26.5,99.01325
66.5,27.5,98.792206
66.5,28.5,99.30879
66.5,29.5,90.75157
66.5,30.5,91.29497
66.5,31.5,95.59477
66.5,32.5,96.5488
66.5,33.5,95.238434
66.5,35.5,94.56704
66.5,36.5,93.432274
66.5,37.5,98.1213
66.5,38.5,89.71826
66.5,39.5,91.14109
66.5,40.5,92.386154
66.5,44.5,92.12435
66.5,45.5,95.596794
66.5,46.5,86.693504
66.5,47.5,86.08761
66.5,48.5,90.88996
66.5,49.5,84.38646
66.5,50.5,85.16594
66.5,51.5,95.112976
66.5,52.5,95.29838
66.5,53.5,94.62668
66.5,54.5,93.812904
66.5,55.5,95.309364
66.5,56.5,94.530655
66.5,57.5,93.41864
66.5,58.5,90.93416
66.5,59.5,78.85856
66.5,60.5,78.52504
66.5,61.5,85.463615
66.5,62.5,73.21803
66.5,63.5,86.83318
66.5,64.5,82.703064
66.5,65.5,72.942604
66.5,66.5,83.047516
66.5,67.5,76.42676
66.5,68.5,75.37848
66.5,69.5,74.345764
66.5,70.5,82.04201
66.5,71.5,73.86894
66.5,73.5,80.83515
66.5,74.5,79.47361
66.5,75.5,79.96967
66.5,76.5,63.254166
66.5,77.5,85.70148
66.5,78.5,82.85453
66.5,79.5,82.98324
66.5,80.5,63.531376
66.5,81.5,63.58721
66.5,82.5,85.19923
66.5,83.5,83.92186
66.5,84.5,82.84087
66.5,85.5,82.92626
66.5,86.5,83.46664
66.5,87.5,82.63082
66.5,88.5,80.5326
66.5,89.5,78.91726
66.5,90.5,85.76607
66.5,91.5,84.81019
66.5,92.5,79.329
66.5,93.5,77.67921
66.5,94.5,76.15947
66.5,95.5,74.57085
66.5,96.5,64.61127
66.5,97.5,71.55859
66.5,98.5,69.38436
66.5,99.5,67.19134
66.5,100.5,65.199844
66.5,101.5,54.69255
66.5,102.5,54.30009
66.5,103.5,55.104847
66.5,104.5,57.619156
66.5,105.5,58.11239
66.5,106.5,59.30094
66.5,107.5,59.79914
66.5,108.5,60.34653
66.5,109.5,69.22699
66.5,110.5,71.40636
66.5,111.5,72.19963
66.5,112.5,67.53374
66.5,113.5,58.75996
66.5,114.5,57.126106
66.5,115.5,55.512383
66.5,116.5,52.776146
66.5,117.5,53.859673
66.5,118.5,56.988434
66.5,119.5,62.42997
66.5,120.5,61.94821
66.5,121.5,77.7997
66.5,122.5,73.89425
66.5,123.5,66.149666
66.5,124.5,61.11663
66.5,125.5,57.671974
66.5,126.5,66.31768
66.5,127.5,56.58311
66.5,128.5,57.688286
66.5,129.5,62.624214
66.5,130.5,58.895416
66.5,131.5,63.67274
66.5,132.5,54.69901
66.5,133.5,56.336502
66.5,134.5,52.36555
66.5,135.5,61.124363
66.5,136.5,58.33809
66.5,137.5,56.87299
66.5,138.5,65.273254
66.5,139.5,59.77204
66.5,140.5,60.151146
66.5,141.5,75.33979
66.5,142.5,77.91225
66.5,143.5,76.43232
66.5,144.5,66.89818
66.5,145.5,66.0958
66.5,146.5,69.27684
66.5,147.5,69.68307
66.5,148.5,67.79036
66.5,149.5,67.55432
66.5,150.5,68.814545
66.5,151.5,68.503815
66.5,152.5,68.978546
66.5,153.5,77.97292
66.5,154.5,77.26865
66.5,155.5,77.929085
66.5,156.5,78.18927
66.5,157.5,70.07727
66.5,158.5,79.37071
66.5,159.5,80.33099
66.5,160.5,81.35658
66.5,161.5,81.77489
66.5,162.5,73.029335
66.5,163.5,80.0454
66.5,164.5,80.73924
66.5,165.5,79.24703
66.5,166.5,71.75056
66.5,167.5,79.74732
66.5,168.5,72.43753
66.5,169.5,73.07725
66.5,170.5,72.97795
66.5,171.5,73.122795
66.5,172.5,74.01886
66.5,173.5,74.208725
66.5,174.5,74.49326
66.5,175.5,74.986946
66.5,176.5,74.431046
66.5,177.5,76.53468
66.5,178.5,77.268845
66.5,179.5,81.464905
67.5,-179.5,74.003685
67.5,-178.5,74.89036
67.5,-177.5,75.03494
67.5,-176.5,74.36417
67.5,-175.5,76.53969
67.5,-163.5,73.70297
67.5,-162.5,74.026184
67.5,-161.5,75.76717
67.5,-160.5,72.659294
67.5,-159.5,73.70355
67.5,-158.5,73.37854
67.5,-157.5,76.31496
67.5,-156.5,75.84111
67.5,-155.5,75.81833
67.5,-154.5,73.18427
67.5,-153.5,72.16824
67.5,-152.5,73.20039
67.5,-151.5,72.69577
67.5,-150.5,75.16414
67.5,-149.5,74.8156
67.5,-148.5,75.654945
67.5,-147.5,73.78175
67.5,-146.5,71.418564
67.5,-145.5,69.04469
67.5,-144.5,69.36504
67.5,-143.5,69.34475
67.5,-142.5,67.61213
67.5,-141.5,71.12727
67.5,-140.5,73.54541
67.5,-139.5,70.2234
67.5,-138.5,70.00336
67.5,-137.5,67.146774
67.5,-136.5,70.330894
67.5,-135.5,71.41521
67.5,-134.5,76.669586
67.5,-133.5,75.760765
67.5,-132.5,73.04903
67.5,-131.5,70.65558
67.5,-130.5,70.0221
67.5,-129.5,67.54203
67.5,-128.5,66.31407
67.5,-127.5,66.17417
67.5,-126.5,68.65937
67.5,-125.5,68.31503
67.5,-124.5,63.081974
67.5,-123.5,59.415134
67.5,-122.5,55.447117
67.5,-121.5,53.03568
67.5,-120.5,48.63005
67.5,-119.5,56.993134
67.5,-118.5,56.621567
67.5,-117.5,53.4353
67.5,-116.5,52.606575
67.5,-115.5,48.941513
67.5,-114.5,52.6627
67.5,-113.5,58.875507
67.5,-112.5,58.063927
67.5,-111.5,58.879444
67.5,-110.5,59.061016
67.5,-109.5,61.054756
67.5,-107.5,61.295418
67.5,-106.5,55.599773
67.5,-105.5,48.511898
67.5,-104.5,44.60152
67.5,-103.5,47.280388
67.5,-102.5,48.546787
67.5,-101.5,46.942524
67.5,-100.5,46.66944
67.5,-99.5,55.213593
67.5,-98.5,62.67104
67.5,-97.5,61.700073
67.5,-96.5,53.417168
67.5,-95.5,54.763855
67.5,-94.5,53.097786
67.5,-93.5,54.013065
67.5,-92.5,55.265976
67.5,-91.5,55.949764
67.5,-90.5,55.74689
67.5,-89.5,55.363567
67.5,-88.5,56.270065
67.5,-86.5,56.203087
67.5,-85.5,54.99593
67.5,-84.5,52.67751
67.5,-83.5,52.5774
67.5,-82.5,51.57276
67.5,-76.5,51.574474
67.5,-75.5,47.417645
67.5,-71.5,59.628803
67.5,-70.5,59.69604
67.5,-69.5,59.1048
67.5,-68.5,58.295715
67.5,-67.5,154.9565
67.5,-66.5,226.1779
67.5,-65.5,197.24414
67.5,-64.5,123.72758
67.5,-53.5,80.46157
67.5,-52.5,76.07575
67.5,-51.5,73.64151
67.5,-50.5,73.06589
67.5,-49.5,300.0
67.5,-48.5,300.0
67.5,-47.5,300.0
67.5,-46.5,300.0
67.5,-45.5,300.0
67.5,-44.5,300.0
67.5,-43.5,300.0
67.5,-42.5,300.0
67.5,-41.5,300.0
67.5,-40.5,300.0
67.5,-39.5,300.0
67.5,-38.5,300.0
67.5,-37.5,300.0
67.5,-36.5,300.0
67.5,-35.5,300.0
67.5,-34.5,300.0
67.5,-33.5,300.0
67.5,15.5,105.5857
67.5,16.5,96.97187
67.5,17.5,88.806946
67.5,18.5,78.90364
67.5,19.5,87.549706
67.5,20.5,86.341866
67.5,21.5,84.86102
67.5,22.5,84.27556
67.5,23.5,84.89185
67.5,24.5,94.15968
67.5,25.5,94.56461
67.5,26.5,86.13927
67.5,27.5,93.744545
67.5,28.5,92.493645
67.5,29.5,85.07861
67.5,30.5,85.8962
67.5,31.5,85.98426
67.5,32.5,86.990524
67.5,33.5,86.62124
67.5,34.5,85.77018
67.5,35.5,86.92647
67.5,36.5,92.01594
67.5,37.5,90.81252
67.5,38.5,90.512985
67.5,39.5,91.73642
67.5,40.5,97.429375
67.5,44.5,91.0485
67.5,48.5,90.63224
67.5,49.5,87.497955
67.5,50.5,93.24892
67.5,51.5,92.989136
67.5,52.5,94.57465
67.5,53.5,94.34347
67.5,54.5,78.05418
67.5,55.5,73.82296
67.5,56.5,82.31304
67.5,57.5,73.61238
67.5,58.5,72.48499
67.5,59.5,72.46365
67.5,60.5,70.84862
67.5,61.5,70.06178
67.5,62.5,70.834625
67.5,63.5,68.8859
67.5,64.5,68.23102
67.5,65.5,76.740654
67.5,66.5,74.849945
67.5,67.5,75.21748
67.5,68.5,77.18626
67.5,69.5,76.97115
67.5,70.5,78.04368
67.5,71.5,78.38934
67.5,72.5,79.05519
67.5,74.5,77.391014
67.5,75.5,76.71233
67.5,76.5,75.95671
67.5,77.5,76.86181
67.5,78.5,77.11945
67.5,79.5,76.47154
67.5,80.5,77.23863
67.5,81.5,76.57334
67.5,82.5,78.564186
67.5,83.5,78.39242
67.5,84.5,78.50654
67.5,85.5,78.50044
67.5,86.5,78.29058
67.5,87.5,81.178375
67.5,88.5,79.37165
67.5,89.5,85.51733
67.5,90.5,81.42381
67.5,91.5,78.251015
67.5,92.5,78.41909
67.5,93.5,77.00227
67.5,94.5,69.837326
67.5,95.5,67.571175
67.5,96.5,73.246376
67.5,97.5,66.563225
67.5,98.5,63.443447
67.5,99.5,67.09618
67.5,100.5,55.536163
67.5,101.5,59.42086
67.5,102.5,57.117836
67.5,103.5,61.629677
67.5,104.5,58.31903
67.5,105.5,76.86575
67.5,106.5,77.02155
67.5,107.5,77.26633
67.5,108.5,75.44628
67.5,109.5,57.166096
67.5,110.5,56.03794
67.5,111.5,73.39899
67.5,112.5,56.566166
67.5,113.5,76.13454
67.5,114.5,75.39759
67.5,115.5,75.51133
67.5,116.5,59.28949
67.5,117.5,53.232597
67.5,118.5,54.181076
67.5,119.5,53.306786
67.5,120.5,56.423183
67.5,121.5,64.143074
67.5,122.5,62.849163
67.5,123.5,64.77237
67.5,124.5,60.561207
67.5,125.5,57.342216
67.5,126.5,66.84497
67.5,127.5,55.89521
67.5,128.5,58.036396
67.5,129.5,52.62168
67.5,130.5,60.392773
67.5,131.5,60.77103
67.5,132.5,53.191742
67.5,133.5,52.751724
67.5,134.5,54.4129
67.5,135.5,56.747757
67.5,136.5,57.14114
67.5,137.5,53.461487
67.5,138.5,59.33177
67.5,139.5,60.425594
67.5,140.5,69.634865
67.5,141.5,71.799675
67.5,142.5,70.89794
67.5,143.5,64.4736
67.5,144.5,65.38942
67.5,145.5,66.74112
67.5,146.5,67.63149
67.5,147.5,67.57761
67.5,148.5,75.861305
67.5,149.5,67.89699
67.5,150.5,69.8291
67.5,151.5,69.85959
67.5,152.5,69.681046
67.5,153.5,68.0769
67.5,154.5,68.45834
67.5,155.5,70.47358
67.5,156.5,68.51499
67.5,157.5,79.52213
67.5,158.5,68.761375
67.5,159.5,79.437874
67.5,160.5,82.01126
67.5,161.5,72.79901
67.5,162.5,73.76629
67.5,163.5,82.91252
67.5,164.5,82.96957
67.5,165.5,72.05968
67.5,166.5,71.49439
67.5,167.5,79.29983
67.5,168.5,71.56785
67.5,169.5,69.44344
67.5,170.5,71.09583
67.5,171.5,72.95321
67.5,172.5,72.83125
67.5,173.5,72.959946
67.5,174.5,73.93362
67.5,175.5,74.96762
67.5,176.5,75.52925
67.5,177.5,75.22414
67.5,178.5,74.72781
67.5,179.5,75.171524
68.5,-179.5,74.59757
68.5,-178.5,77.32634
68.5,-165.5,65.577034
68.5,-164.5,61.425842
68.5,-163.5,66.03896
68.5,-162.5,67.69826
68.5,-161.5,69.66102
68.5,-160.5,71.347275
68.5,-159.5,71.468025
68.5,-158.5,72.733574
68.5,-157.5,74.49537
68.5,-156.5,71.86129
68.5,-155.5,73.46537
68.5,-154.5,73.41513
68.5,-153.5,72.84482
68.5,-152.5,72.380646
68.5,-151.5,72.232086
68.5,-150.5,72.91595
68.5,-149.5,73.442665
68.5,-148.5,74.9133
68.5,-147.5,74.40593
68.5,-146.5,72.458855
68.5,-145.5,71.872215
68.5,-144.5,71.56985
68.5,-143.5,71.531235
68.5,-142.5,70.17417
68.5,-141.5,67.437614
68.5,-140.5,67.37656
68.5,-139.5,69.29759
68.5,-138.5,70.835594
68.5,-137.5,63.355526
68.5,-136.5,64.48212
68.5,-135.5,92.71681
68.5,-134.5,90.58507
68.5,-133.5,72.20791
68.5,-132.5,70.19297
68.5,-131.5,65.779945
68.5,-130.5,64.38761
68.5,-129.5,64.55276
68.5,-128.5,64.80254
68.5,-127.5,62.818813
68.5,-126.5,59.598774
68.5,-125.5,61.389683
68.5,-124.5,58.93477
68.5,-123.5,58.366596
68.5,-122.5,49.994392
68.5,-121.5,41.738277
68.5,-120.5,48.365185
68.5,-119.5,54.39392
68.5,-118.5,53.743004
68.5,-117.5,54.738777
68.5,-116.5,57.932384
68.5,-115.5,60.258312
68.5,-106.5,67.51327
68.5,-105.5,62.26628
68.5,-97.5,64.189354
68.5,-96.5,63.975513
68.5,-93.5,62.111954
68.5,-92.5,50.123524
68.5,-91.5,53.373745
68.5,-90.5,53.308388
68.5,-89.5,54.28967
68.5,-88.5,54.72108
68.5,-85.5,55.467003
68.5,-84.5,54.462624
68.5,-83.5,53.30144
68.5,-82.5,51.343304
68.5,-73.5,55.91974
68.5,-72.5,58.934658
68.5,-71.5,60.97497
68.5,-70.5,60.735596
68.5,-69.5,61.036407
68.5,-68.5,61.563416
68.5,-50.5,157.18445
68.5,-49.5,300.0
68.5,-48.5,300.0
68.5,-47.5,300.0
68.5,-46.5,300.0
68.5,-45.5,300.0
68.5,-44.5,300.0
68.5,-43.5,300.0
68.5,-42.5,300.0
68.5,-41.5,300.0
68.5,-40.5,300.0
68.5,-39.5,300.0
68.5,-38.5,300.0
68.5,-37.5,300.0
68.5,-36.5,300.0
68.5,-35.5,300.0
68.5,-34.5,300.0
68.5,-33.5,300.0
68.5,-32.5,300.0
68.5,-31.5,300.0
68.5,-30.5,300.0
68.5,15.5,93.83127
68.5,16.5,103.961
68.5,17.5,96.25886
68.5,18.5,87.953445
68.5,19.5,91.42188
68.5,20.5,88.43804
68.5,21.5,85.44393
68.5,22.5,84.68318
68.5,23.5,84.19528
68.5,24.5,84.76161
68.5,25.5,85.04492
68.5,26.5,86.51903
68.5,27.5,87.27054
68.5,28.5,85.45557
68.5,29.5,84.68288
68.5,30.5,85.317535
68.5,31.5,83.34322
68.5,32.5,83.5207
68.5,33.5,82.40637
68.5,34.5,82.375786
68.5,35.5,89.87136
68.5,36.5,92.79097
68.5,37.5,97.468864
68.5,52.5,98.7688
68.5,53.5,99.063
68.5,55.5,77.15198
68.5,56.5,74.8388
68.5,57.5,82.30192
68.5,58.5,83.10795
68.5,59.5,73.542046
68.5,60.5,81.14636
68.5,61.5,67.66091
68.5,62.5,64.71543
68.5,63.5,62.391644
68.5,64.5,62.172203
68.5,65.5,72.07768
68.5,66.5,74.721405
68.5,67.5,74.08573
68.5,69.5,78.73916
68.5,70.5,77.09444
68.5,71.5,74.90703
68.5,72.5,73.65917
68.5,75.5,75.735405
68.5,76.5,75.48189
68.5,78.5,77.90317
68.5,79.5,75.783875
68.5,80.5,77.27275
68.5,81.5,75.30414
68.5,82.5,75.69432
68.5,83.5,76.42282
68.5,84.5,77.10155
68.5,85.5,76.80828
68.5,86.5,77.39232
68.5,87.5,78.93389
68.5,88.5,79.09882
68.5,89.5,80.53667
68.5,90.5,79.97851
68.5,91.5,74.336945
68.5,92.5,72.8077
68.5,93.5,79.48216
68.5,94.5,69.81449
68.5,95.5,70.14115
68.5,96.5,67.48819
68.5,97.5,65.98607
68.5,98.5,73.01995
68.5,99.5,63.700386
68.5,100.5,58.560623
68.5,101.5,59.85457
68.5,102.5,60.914356
68.5,103.5,62.171246
68.5,104.5,59.282707
68.5,105.5,78.06463
68.5,106.5,77.623924
68.5,107.5,75.80929
68.5,108.5,57.031284
68.5,109.5,56.927963
68.5,110.5,57.549644
68.5,111.5,57.691956
68.5,112.5,57.994793
68.5,113.5,58.268898
68.5,114.5,58.436527
68.5,115.5,58.468975
68.5,116.5,56.854877
68.5,117.5,51.682087
68.5,118.5,68.06456
68.5,119.5,70.970505
68.5,120.5,67.87934
68.5,121.5,56.743725
68.5,122.5,62.791855
68.5,123.5,63.976696
68.5,124.5,58.94649
68.5,125.5,58.775204
68.5,126.5,67.93311
68.5,127.5,65.11768
68.5,128.5,63.424026
68.5,129.5,54.959053
68.5,130.5,56.15994
68.5,131.5,62.338943
68.5,132.5,48.52279
68.5,133.5,47.627728
68.5,134.5,49.924793
68.5,135.5,48.696575
68.5,136.5,59.186127
68.5,137.5,59.460087
68.5,138.5,51.370426
68.5,139.5,60.949013
68.5,140.5,56.03185
68.5,141.5,58.570232
68.5,142.5,58.719887
68.5,143.5,61.338512
68.5,144.5,61.89809
68.5,145.5,63.430805
68.5,146.5,66.16063
68.5,147.5,67.56395
68.5,148.5,75.85484
68.5,149.5,67.06583
68.5,150.5,66.90309
68.5,151.5,66.625595
68.5,152.5,65.849045
68.5,153.5,65.33953
68.5,154.5,68.252914
68.5,155.5,68.72587
68.5,156.5,67.60412
68.5,157.5,65.8293
68.5,158.5,67.06006
68.5,159.5,69.7062
68.5,160.5,71.65364
68.5,161.5,72.07039
68.5,162.5,73.786835
68.5,163.5,71.71959
68.5,164.5,78.58121
68.5,165.5,70.29085
68.5,166.5,70.28532
68.5,167.5,69.86845
68.5,168.5,71.17506
68.5,169.5,73.240166
68.5,170.5,73.026924
68.5,171.5,72.10944
68.5,172.5,71.594666
68.5,173.5,72.6064
68.5,174.5,69.83596
68.5,175.5,69.64758
68.5,176.5,69.480194
68.5,177.5,71.7533
68.5,178.5,69.03633
68.5,179.5,73.311745
69.5,-162.5,71.72318
69.5,-161.5,68.12024
69.5,-160.5,69.52747
69.5,-159.5,71.53119
69.5,-158.5,73.289116
69.5,-157.5,74.046165
69.5,-156.5,74.30178
69.5,-155.5,74.4188
69.5,-154.5,73.97092
69.5,-153.5,73.99791
69.5,-152.5,74.59958
69.5,-151.5,73.11132
69.5,-150.5,75.045235
69.5,-149.5,74.55819
69.5,-148.5,72.630905
69.5,-147.5,73.16596
69.5,-146.5,72.76282
69.5,-145.5,73.02197
69.5,-144.5,70.96752
69.5,-143.5,71.448746
69.5,-142.5,72.73596
69.5,-141.5,72.6391
69.5,-140.5,73.53044
69.5,-139.5,73.66063
69.5,-131.5,87.253044
69.5,-130.5,82.805534
69.5,-129.5,79.8128
69.5,-128.5,65.604866
69.5,-127.5,64.68743
69.5,-126.5,70.42584
69.5,-124.5,68.07564
69.5,-122.5,62.562977
69.5,-121.5,61.949677
69.5,-115.5,59.673203
69.5,-114.5,60.102547
69.5,-113.5,60.211273
69.5,-112.5,61.052734
69.5,-111.5,62.068275
69.5,-110.5,62.43258
69.5,-109.5,62.865765
69.5,-108.5,61.94773
69.5,-107.5,64.97882
69.5,-106.5,64.565865
69.5,-105.5,59.541492
69.5,-104.5,58.78899
69.5,-103.5,57.318523
69.5,-102.5,57.143566
69.5,-97.5,62.79968
69.5,-93.5,56.980595
69.5,-92.5,53.47451
69.5,-91.5,51.122395
69.5,-84.5,53.682186
69.5,-83.5,53.58685
69.5,-82.5,53.0037
69.5,-76.5,56.088856
69.5,-75.5,58.86986
69.5,-74.5,56.47016
69.5,-73.5,129.6439
69.5,-72.5,132.40497
69.5,-71.5,56.969536
69.5,-70.5,86.0571
69.5,-69.5,175.12727
69.5,-68.5,135.95128
69.5,-67.5,60.964844
69.5,-53.5,152.89677
69.5,-50.5,77.925095
69.5,-49.5,300.0
69.5,-48.5,300.0
69.5,-47.5,300.0
69.5,-46.5,300.0
69.5,-45.5,300.0
69.5,-44.5,300.0
69.5,-43.5,300.0
69.5,-42.5,300.0
69.5,-41.5,300.0
69.5,-40.5,300.0
69.5,-39.5,300.0
69.5,-38.5,300.0
69.5,-37.5,300.0
69.5,-36.5,300.0
69.5,-35.5,300.0
69.5,-34.5,300.0
69.5,-33.5,300.0
69.5,-32.5,300.0
69.5,-31.5,300.0
69.5,-30.5,300.0
69.5,-29.5,300.0
69.5,-28.5,300.0
69.5,-27.5,300.0
69.5,-26.5,300.0
69.5,-25.5,300.0
69.5,18.5,100.60364
69.5,19.5,91.3369
69.5,20.5,85.78382
69.5,21.5,85.0698
69.5,22.5,86.57416
69.5,23.5,86.66679
69.5,24.5,85.40006
69.5,25.5,84.81972
69.5,26.5,85.11981
69.5,27.5,87.65749
69.5,28.5,87.33679
69.5,29.5,88.63078
69.5,30.5,89.76643
69.5,31.5,89.471535
69.5,32.5,96.706245
69.5,61.5,67.20501
69.5,62.5,73.479164
69.5,63.5,65.55174
69.5,68.5,76.165
69.5,69.5,76.01794
69.5,70.5,75.628746
69.5,71.5,75.39273
69.5,72.5,74.46583
69.5,74.5,71.13548
69.5,75.5,70.48176
69.5,76.5,71.09238
69.5,77.5,72.786125
69.5,78.5,73.17896
69.5,79.5,72.76411
69.5,80.5,73.597374
69.5,81.5,73.11734
69.5,82.5,73.575874
69.5,83.5,73.67101
69.5,84.5,74.07325
69.5,85.5,75.101814
69.5,86.5,76.319984
69.5,87.5,77.94528
69.5,88.5,79.238945
69.5,89.5,76.56423
69.5,90.5,75.28318
69.5,91.5,73.70724
69.5,92.5,73.3634
69.5,93.5,71.65129
69.5,94.5,70.79899
69.5,95.5,71.19208
69.5,96.5,68.37904
69.5,97.5,67.284706
69.5,98.5,66.32101
69.5,99.5,65.01636
69.5,100.5,65.877106
69.5,101.5,63.804707
69.5,102.5,57.87366
69.5,103.5,59.664974
69.5,104.5,60.450443
69.5,105.5,60.263115
69.5,106.5,68.47374
69.5,107.5,58.997585
69.5,108.5,59.454773
69.5,109.5,59.125507
69.5,110.5,58.191654
69.5,111.5,57.878635
69.5,112.5,56.2239
69.5,113.5,54.71081
69.5,114.5,54.490128
69.5,115.5,52.842705
69.5,116.5,51.503445
69.5,117.5,50.77044
69.5,118.5,53.792538
69.5,119.5,71.12695
69.5,120.5,67.656044
69.5,121.5,48.825718
69.5,122.5,52.463093
69.5,123.5,54.744984
69.5,124.5,58.0666
69.5,125.5,56.373093
69.5,126.5,64.20918
69.5,127.5,65.13247
69.5,128.5,71.80226
69.5,129.5,59.01177
69.5,130.5,56.893154
69.5,131.5,55.166817
69.5,132.5,52.806587
69.5,133.5,60.000744
69.5,134.5,50.58518
69.5,135.5,49.171688
69.5,136.5,58.15377
69.5,137.5,52.11381
69.5,138.5,52.809185
69.5,139.5,59.54778
69.5,140.5,69.11835
69.5,141.5,60.006447
69.5,142.5,59.09444
69.5,143.5,59.856945
69.5,144.5,61.74293
69.5,145.5,62.691505
69.5,146.5,64.586494
69.5,147.5,65.27935
69.5,148.5,66.303566
69.5,149.5,66.05567
69.5,150.5,65.88062
69.5,151.5,67.570404
69.5,152.5,68.00776
69.5,153.5,68.96418
69.5,154.5,70.45154
69.5,155.5,70.57201
69.5,156.5,69.8464
69.5,157.5,69.2374
69.5,158.5,69.20265
69.5,159.5,69.48391
69.5,162.5,74.663475
69.5,163.5,74.55752
69.5,164.5,77.025505
69.5,165.5,90.889824
69.5,167.5,75.78794
69.5,168.5,74.4957
69.5,171.5,71.74243
69.5,172.5,71.44586
69.5,173.5,73.486565
69.5,174.5,74.21124
69.5,175.5,71.589355
69.5,176.5,71.53393
69.5,177.5,73.20435
70.5,-159.5,74.00795
70.5,-158.5,75.962234
70.5,-157.5,76.748505
70.5,-156.5,75.70943
70.5,-155.5,75.18673
70.5,-154.5,76.272934
70.5,-153.5,74.428955
70.5,-152.5,74.735
70.5,-116.5,58.93586
70.5,-115.5,59.46381
70.5,-114.5,59.70571
70.5,-113.5,60.968983
70.5,-112.5,62.26929
70.5,-111.5,64.397804
70.5,-110.5,64.64227
70.5,-109.5,62.8249
70.5,-108.5,60.65269
70.5,-107.5,58.810013
70.5,-106.5,60.531315
70.5,-105.5,59.154945
70.5,-104.5,58.274364
70.5,-103.5,57.791836
70.5,-95.5,54.382835
70.5,-94.5,51.90167
70.5,-93.5,51.779324
70.5,-92.5,51.592495
70.5,-87.5,53.555298
70.5,-86.5,53.574318
70.5,-85.5,53.678535
70.5,-84.5,53.49047
70.5,-83.5,52.693985
70.5,-82.5,50.91946
70.5,-81.5,49.133415
70.5,-80.5,49.469273
70.5,-79.5,50.66555
70.5,-78.5,52.937202
70.5,-77.5,54.00084
70.5,-76.5,54.685658
70.5,-75.5,54.25079
70.5,-74.5,151.40367
70.5,-73.5,190.25838
70.5,-72.5,125.01428
70.5,-71.5,134.45163
70.5,-70.5,161.59738
70.5,-69.5,117.14646
70.5,-53.5,73.51429
70.5,-52.5,110.692345
70.5,-51.5,128.3579
70.5,-50.5,212.51146
70.5,-49.5,300.0
70.5,-48.5,300.0
70.5,-47.5,300.0
70.5,-46.5,300.0
70.5,-45.5,300.0
70.5,-44.5,300.0
70.5,-43.5,300.0
70.5,-42.5,300.0
70.5,-41.5,300.0
70.5,-40.5,300.0
70.5,-39.5,300.0
70.5,-38.5,300.0
70.5,-37.5,300.0
70.5,-36.5,300.0
70.5,-35.5,300.0
70.5,-34.5,300.0
70.5,-33.5,300.0
70.5,-32.5,300.0
70.5,-31.5,300.0
70.5,-30.5,300.0
70.5,-29.5,300.0
70.5,-28.5,217.68167
70.5,-27.5,212.01375
70.5,-23.5,116.797455
70.5,23.5,97.45253
70.5,24.5,94.91777
70.5,25.5,89.364975
70.5,26.5,88.922035
70.5,27.5,91.885414
70.5,28.5,92.56985
70.5,29.5,96.88038
70.5,67.5,72.727646
70.5,68.5,70.95768
70.5,69.5,72.05146
70.5,70.5,75.53092
70.5,71.5,76.7543
70.5,72.5,74.969475
70.5,74.5,71.18283
70.5,75.5,69.94675
70.5,76.5,69.30721
70.5,77.5,71.08759
70.5,78.5,72.420746
70.5,79.5,72.369576
70.5,80.5,71.800064
70.5,81.5,71.688065
70.5,82.5,72.21862
70.5,83.5,72.03334
70.5,84.5,73.545074
70.5,85.5,73.58771
70.5,86.5,74.3299
70.5,87.5,75.52338
70.5,88.5,74.27988
70.5,89.5,72.12631
70.5,90.5,71.54312
70.5,91.5,71.05164
70.5,92.5,69.52443
70.5,93.5,68.2375
70.5,94.5,67.71935
70.5,95.5,68.40794
70.5,96.5,67.10442
70.5,97.5,66.88876
70.5,98.5,65.97935
70.5,99.5,66.35934
70.5,100.5,67.337585
70.5,101.5,67.597855
70.5,102.5,65.20355
70.5,103.5,62.293396
70.5,104.5,62.458553
70.5,105.5,64.90231
70.5,106.5,72.75473
70.5,107.5,63.836395
70.5,108.5,63.55
70.5,109.5,62.71288
70.5,110.5,60.010197
70.5,111.5,67.03565
70.5,112.5,57.275127
70.5,113.5,56.340145
70.5,114.5,55.299484
70.5,115.5,71.29776
70.5,116.5,54.84394
70.5,117.5,54.70376
70.5,118.5,54.791325
70.5,119.5,54.147152
70.5,120.5,54.93374
70.5,121.5,54.59085
70.5,122.5,52.93974
70.5,123.5,53.52183
70.5,124.5,53.78101
70.5,125.5,55.731873
70.5,126.5,57.155296
70.5,127.5,57.17097
70.5,128.5,60.18469
70.5,129.5,61.050407
70.5,130.5,58.746166
70.5,131.5,60.754913
70.5,132.5,54.82009
70.5,133.5,54.236435
70.5,134.5,54.084118
70.5,135.5,53.52371
70.5,136.5,52.615524
70.5,137.5,54.26448
70.5,138.5,54.96204
70.5,139.5,55.976234
70.5,140.5,58.360947
70.5,141.5,60.023846
70.5,142.5,61.674534
70.5,143.5,63.091064
70.5,144.5,63.75043
70.5,145.5,65.14055
70.5,146.5,67.92147
70.5,147.5,67.14119
70.5,148.5,66.37763
70.5,149.5,66.85179
70.5,150.5,66.76382
70.5,151.5,68.62703
70.5,152.5,69.40008
70.5,153.5,70.07757
70.5,154.5,72.00313
70.5,155.5,72.529396
70.5,156.5,72.972015
70.5,157.5,72.38837
70.5,158.5,70.87224
70.5,159.5,69.50633
71.5,-179.5,69.0326
71.5,-178.5,67.6436
71.5,-123.5,67.05911
71.5,-122.5,48.703934
71.5,-121.5,47.167683
71.5,-117.5,57.7202
71.5,-116.5,56.05371
71.5,-115.5,56.620586
71.5,-114.5,59.324787
71.5,-113.5,59.917004
71.5,-112.5,60.120567
71.5,-111.5,62.272152
71.5,-110.5,61.17189
71.5,-109.5,59.68135
71.5,-108.5,61.194153
71.5,-107.5,62.993813
71.5,-106.5,64.96505
71.5,-105.5,63.55118
71.5,-98.5,66.8308
71.5,-95.5,57.65686
71.5,-94.5,55.660095
71.5,-93.5,54.248634
71.5,-89.5,82.96809
71.5,-88.5,53.765743
71.5,-87.5,53.846756
71.5,-86.5,53.352886
71.5,-85.5,53.10211
71.5,-84.5,53.95251
71.5,-83.5,52.22337
71.5,-82.5,52.961205
71.5,-81.5,55.01565
71.5,-80.5,52.14645
71.5,-79.5,52.546448
71.5,-78.5,53.539925
71.5,-77.5,85.463615
71.5,-76.5,108.05743
71.5,-75.5,132.32043
71.5,-74.5,130.97446
71.5,-72.5,136.89389
71.5,-54.5,74.79741
71.5,-51.5,259.79825
71.5,-50.5,300.0
71.5,-49.5,300.0
71.5,-48.5,300.0
71.5,-47.5,300.0
71.5,-46.5,300.0
71.5,-45.5,300.0
71.5,-44.5,300.0
71.5,-43.5,300.0
71.5,-42.5,300.0
71.5,-41.5,300.0
71.5,-40.5,300.0
71.5,-39.5,300.0
71.5,-38.5,300.0
71.5,-37.5,300.0
71.5,-36.5,300.0
71.5,-35.5,300.0
71.5,-34.5,300.0
71.5,-33.5,300.0
71.5,-32.5,300.0
71.5,-31.5,300.0
71.5,-30.5,300.0
71.5,-29.5,300.0
71.5,-28.5,223.07794
71.5,-27.5,226.22401
71.5,-26.5,245.67609
71.5,-24.5,129.73859
71.5,-23.5,76.10751
71.5,-22.5,146.88103
71.5,52.5,72.34616
71.5,53.5,71.095215
71.5,54.5,70.031685
71.5,55.5,71.1017
71.5,68.5,70.9889
71.5,69.5,71.08389
71.5,70.5,73.09503
71.5,71.5,74.90296
71.5,74.5,70.199135
71.5,76.5,70.76388
71.5,77.5,70.58388
71.5,78.5,69.36353
71.5,79.5,69.58754
71.5,80.5,69.96311
71.5,81.5,71.07698
71.5,82.5,72.77411
71.5,83.5,70.65594
71.5,84.5,71.3759
71.5,85.5,70.99211
71.5,86.5,70.898834
71.5,87.5,71.69313
71.5,88.5,73.13466
71.5,89.5,73.404686
71.5,90.5,73.02752
71.5,91.5,71.70953
71.5,92.5,71.00109
71.5,93.5,70.8883
71.5,94.5,70.85376
71.5,95.5,70.74492
71.5,96.5,70.20934
71.5,97.5,69.07084
71.5,98.5,67.50269
71.5,99.5,65.31103
71.5,100.5,63.113884
71.5,101.5,63.093918
71.5,102.5,63.022064
71.5,103.5,64.60675
71.5,104.5,67.6518
71.5,105.5,66.42367
71.5,106.5,64.80205
71.5,107.5,64.796814
71.5,108.5,64.16744
71.5,109.5,63.187695
71.5,110.5,62.320805
71.5,111.5,61.135384
71.5,112.5,61.269157
71.5,113.5,60.34673
71.5,114.5,59.724514
71.5,115.5,59.913994
71.5,116.5,59.897255
71.5,117.5,59.839863
71.5,118.5,58.650433
71.5,119.5,58.629513
71.5,120.5,57.166164
71.5,121.5,56.530834
71.5,122.5,56.252842
71.5,123.5,59.022766
71.5,124.5,59.409946
71.5,125.5,60.54555
71.5,126.5,63.676544
71.5,127.5,64.11088
71.5,128.5,63.13109
71.5,132.5,63.781208
71.5,138.5,63.51352
71.5,139.5,65.08343
71.5,140.5,62.31323
71.5,141.5,63.79398
71.5,142.5,65.25848
71.5,143.5,66.578606
71.5,144.5,68.518486
71.5,145.5,69.55383
71.5,146.5,69.09181
71.5,147.5,68.09792
71.5,148.5,68.38907
71.5,149.5,69.86771
72.5,-124.5,51.978214
72.5,-123.5,41.885063
72.5,-122.5,41.34899
72.5,-121.5,48.620842
72.5,-120.5,41.406868
72.5,-119.5,42.802067
72.5,-117.5,42.886044
72.5,-116.5,42.134052
72.5,-115.5,58.450603
72.5,-114.5,59.835453
72.5,-113.5,60.98407
72.5,-112.5,61.75021
72.5,-111.5,62.691673
72.5,-110.5,61.831112
72.5,-109.5,62.036537
72.5,-107.5,61.100227
72.5,-106.5,63.190987
72.5,-105.5,62.815907
72.5,-100.5,63.332764
72.5,-99.5,63.139236
72.5,-98.5,63.718437
72.5,-97.5,62.97096
72.5,-94.5,89.87449
72.5,-89.5,53.481186
72.5,-88.5,92.333115
72.5,-87.5,53.795513
72.5,-86.5,53.413635
72.5,-84.5,56.117203
72.5,-83.5,55.877773
72.5,-82.5,55.455395
72.5,-81.5,56.529034
72.5,-80.5,56.534443
72.5,-79.5,57.175434
72.5,-78.5,87.29321
72.5,-77.5,151.33763
72.5,-76.5,229.52556
72.5,-54.5,106.23996
72.5,-53.5,247.69626
72.5,-52.5,300.0
72.5,-51.5,300.0
72.5,-50.5,300.0
72.5,-49.5,300.0
72.5,-48.5,300.0
72.5,-47.5,300.0
72.5,-46.5,300.0
72.5,-45.5,300.0
72.5,-44.5,300.0
72.5,-43.5,300.0
72.5,-42.5,300.0
72.5,-41.5,300.0
72.5,-40.5,300.0
72.5,-39.5,300.0
72.5,-38.5,300.0
72.5,-37.5,300.0
72.5,-36.5,300.0
72.5,-35.5,300.0
72.5,-34.5,300.0
72.5,-33.5,300.0
72.5,-32.5,300.0
72.5,-31.5,300.0
72.5,-30.5,300.0
72.5,-29.5,300.0
72.5,-28.5,300.0
72.5,-27.5,246.78256
72.5,-26.5,229.18965
72.5,-25.5,186.16743
72.5,-23.5,77.79969
72.5,53.5,80.235344
72.5,54.5,102.59398
72.5,55.5,70.62341
72.5,69.5,71.579094
72.5,70.5,72.07735
72.5,71.5,71.57221
72.5,72.5,71.89729
72.5,81.5,72.15569
72.5,82.5,70.90264
72.5,83.5,70.08362
72.5,84.5,70.14978
72.5,85.5,69.84272
72.5,86.5,70.07242
72.5,87.5,72.38387
72.5,88.5,71.729126
72.5,89.5,71.28456
72.5,90.5,71.64959
72.5,91.5,70.50243
72.5,92.5,69.83236
72.5,93.5,70.090706
72.5,94.5,69.30976
72.5,95.5,69.158104
72.5,96.5,69.945145
72.5,97.5,70.2949
72.5,98.5,70.63524
72.5,99.5,69.69212
72.5,100.5,66.490395
72.5,101.5,66.22536
72.5,102.5,66.37175
72.5,103.5,67.94168
72.5,104.5,69.2068
72.5,105.5,68.20933
72.5,106.5,67.236664
72.5,107.5,66.293465
72.5,108.5,65.116066
72.5,109.5,64.64197
72.5,110.5,64.14849
72.5,111.5,64.084595
72.5,112.5,63.630726
72.5,113.5,62.844948
72.5,114.5,62.200924
72.5,115.5,61.117313
72.5,116.5,60.95166
72.5,117.5,61.1938
72.5,118.5,60.519444
72.5,119.5,60.83345
72.5,120.5,60.279514
72.5,121.5,60.891445
72.5,122.5,62.861748
72.5,123.5,63.743458
72.5,124.5,64.434456
72.5,125.5,66.382515
72.5,126.5,69.46737
72.5,127.5,66.91962
72.5,128.5,66.954475
72.5,141.5,70.8763
72.5,142.5,70.081726
72.5,143.5,70.162384
73.5,-123.5,45.383537
73.5,-122.5,39.03246
73.5,-121.5,41.397354
73.5,-120.5,39.93208
73.5,-119.5,46.594173
73.5,-118.5,52.878468
73.5,-117.5,57.760162
73.5,-116.5,60.29936
73.5,-105.5,63.529137
73.5,-100.5,64.3357
73.5,-99.5,63.1763
73.5,-98.5,100.00339
73.5,-97.5,62.266678
73.5,-95.5,116.97641
73.5,-94.5,179.6158
73.5,-93.5,165.20544
73.5,-92.5,138.21342
73.5,-91.5,109.81973
73.5,-87.5,118.125725
73.5,-86.5,104.298996
73.5,-83.5,102.301155
73.5,-82.5,110.58392
73.5,-81.5,100.59354
73.5,-80.5,137.44118
73.5,-79.5,209.1747
73.5,-78.5,249.1688
73.5,-77.5,228.38794
73.5,-55.5,172.55501
73.5,-54.5,300.0
73.5,-53.5,300.0
73.5,-52.5,300.0
73.5,-51.5,300.0
73.5,-50.5,300.0
73.5,-49.5,300.0
73.5,-48.5,300.0
73.5,-47.5,300.0
73.5,-46.5,300.0
73.5,-45.5,300.0
73.5,-44.5,300.0
73.5,-43.5,300.0
73.5,-42.5,300.0
73.5,-41.5,300.0
73.5,-40.5,300.0
73.5,-39.5,300.0
73.5,-38.5,300.0
73.5,-37.5,300.0
73.5,-36.5,300.0
73.5,-35.5,300.0
73.5,-34.5,300.0
73.5,-33.5,300.0
73.5,-32.5,300.0
73.5,-31.5,300.0
73.5,-30.5,300.0
73.5,-29.5,300.0
73.5,-28.5,300.0
73.5,-27.5,222.2911
73.5,-26.5,221.71294
73.5,-25.5,185.37573
73.5,-24.5,160.78488
73.5,-23.5,161.3
73.5,-22.5,142.80865
73.5,-21.5,127.091156
73.5,54.5,108.266655
73.5,55.5,107.66853
73.5,56.5,106.929214
73.5,81.5,82.75324
73.5,82.5,86.764885
73.5,83.5,83.5389
73.5,84.5,79.38476
73.5,85.5,76.12937
73.5,86.5,72.55487
73.5,87.5,72.33698
73.5,88.5,72.07281
73.5,89.5,72.065384
73.5,90.5,71.87697
73.5,91.5,71.24398
73.5,92.5,70.797
73.5,93.5,70.366425
73.5,94.5,69.885376
73.5,95.5,69.51475
73.5,96.5,68.66115
73.5,97.5,69.15351
73.5,98.5,69.2914
73.5,99.5,69.21393
73.5,100.5,67.652565
73.5,101.5,67.40576
73.5,102.5,68.404724
73.5,103.5,69.25862
73.5,104.5,69.40126
73.5,105.5,70.038055
73.5,106.5,70.266846
73.5,107.5,70.42211
73.5,110.5,70.079315
73.5,111.5,69.46282
73.5,112.5,70.097374
73.5,113.5,70.10063
73.5,114.5,70.376305
73.5,115.5,70.33128
73.5,116.5,70.12891
73.5,117.5,70.12632
73.5,124.5,68.2239
73.5,141.5,70.86987
73.5,142.5,70.30914
74.5,-121.5,51.11972
74.5,-112.5,65.44931
74.5,-87.5,177.46164
74.5,-55.5,300.0
74.5,-54.5,300.0
74.5,-53.5,300.0
74.5,-52.5,300.0
74.5,-51.5,300.0
74.5,-50.5,300.0
74.5,-49.5,300.0
74.5,-48.5,300.0
74.5,-47.5,300.0
74.5,-46.5,300.0
74.5,-45.5,300.0
74.5,-44.5,300.0
74.5,-43.5,300.0
74.5,-42.5,300.0
74.5,-41.5,300.0
74.5,-40.5,300.0
74.5,-39.5,300.0
74.5,-38.5,300.0
74.5,-37.5,300.0
74.5,-36.5,300.0
74.5,-35.5,300.0
74.5,-34.5,300.0
74.5,-33.5,300.0
74.5,-32.5,300.0
74.5,-31.5,300.0
74.5,-30.5,300.0
74.5,-29.5,300.0
74.5,-28.5,300.0
74.5,-27.5,300.0
74.5,-26.5,300.0
74.5,-25.5,270.32523
74.5,-24.5,256.87143
74.5,-23.5,253.9169
74.5,-22.5,238.34842
74.5,-21.5,191.02388
74.5,-20.5,128.26917
74.5,57.5,249.36436
74.5,58.5,198.12444
74.5,87.5,70.72049
74.5,88.5,70.61819
74.5,89.5,70.969574
74.5,90.5,71.257225
74.5,91.5,71.60388
74.5,92.5,71.909546
74.5,93.5,71.67665
74.5,94.5,71.442
74.5,95.5,71.158005
74.5,96.5,70.51332
74.5,97.5,70.43671
74.5,98.5,70.83099
74.5,99.5,70.34601
74.5,100.5,70.55709
74.5,101.5,70.63987
74.5,102.5,71.63135
74.5,103.5,70.69286
74.5,104.5,70.53929
74.5,105.5,70.863625
74.5,106.5,69.994965
74.5,107.5,70.605316
74.5,108.5,70.52545
74.5,109.5,70.80178
74.5,110.5,72.08188
75.5,-116.5,106.638084
75.5,-115.5,95.35593
75.5,-114.5,105.71034
75.5,-113.5,69.366035
75.5,-112.5,68.5985
75.5,-111.5,67.17324
75.5,-110.5,67.39626
75.5,-109.5,67.662155
75.5,-108.5,67.06861
75.5,-107.5,66.44483
75.5,-106.5,66.909805
75.5,-100.5,99.83135
75.5,-99.5,93.76568
75.5,-98.5,95.305305
75.5,-95.5,178.72704
75.5,-94.5,168.67125
75.5,-91.5,212.29436
75.5,-90.5,230.22063
75.5,-89.5,174.66667
75.5,-88.5,189.80003
75.5,-87.5,245.79128
75.5,-85.5,259.62897
75.5,-84.5,300.0
75.5,-83.5,300.0
75.5,-82.5,300.0
75.5,-81.5,300.0
75.5,-57.5,300.0
75.5,-56.5,300.0
75.5,-55.5,300.0
75.5,-54.5,300.0
75.5,-53.5,300.0
75.5,-52.5,300.0
75.5,-51.5,300.0
75.5,-50.5,300.0
75.5,-49.5,300.0
75.5,-48.5,300.0
75.5,-47.5,300.0
75.5,-46.5,300.0
75.5,-45.5,300.0
75.5,-44.5,300.0
75.5,-43.5,300.0
75.5,-42.5,300.0
75.5,-41.5,300.0
75.5,-40.5,300.0
75.5,-39.5,300.0
75.5,-38.5,300.0
75.5,-37.5,300.0
75.5,-36.5,300.0
75.5,-35.5,300.0
75.5,-34.5,300.0
75.5,-33.5,300.0
75.5,-32.5,300.0
75.5,-31.5,300.0
75.5,-30.5,300.0
75.5,-29.5,300.0
75.5,-28.5,300.0
75.5,-27.5,300.0
75.5,-26.5,300.0
75.5,-25.5,300.0
75.5,-24.5,300.0
75.5,-23.5,300.0
75.5,-22.5,244.80168
75.5,-21.5,195.5715
75.5,-20.5,139.63333
75.5,59.5,300.0
75.5,60.5,270.45792
75.5,61.5,281.45065
75.5,90.5,81.280914
75.5,91.5,79.72787
75.5,92.5,80.20378
75.5,93.5,76.00597
75.5,94.5,73.773285
75.5,95.5,72.53975
75.5,96.5,72.57387
75.5,97.5,72.130974
75.5,98.5,72.012184
75.5,99.5,71.076675
75.5,100.5,70.01845
75.5,101.5,69.752716
75.5,102.5,71.90273
75.5,103.5,73.18651
75.5,104.5,73.16386
75.5,105.5,73.04788
75.5,106.5,71.995224
75.5,107.5,74.15654
75.5,108.5,72.40217
75.5,109.5,71.09471
75.5,110.5,70.718506
75.5,111.5,69.394775
75.5,112.5,70.025
75.5,113.5,70.853516
75.5,137.5,65.58902
75.5,138.5,63.35654
75.5,139.5,62.796673
75.5,140.5,150.41626
75.5,141.5,244.20905
75.5,143.5,62.935364
75.5,144.5,62.36764
76.5,-120.5,121.80937
76.5,-119.5,123.092865
76.5,-117.5,92.22607
76.5,-114.5,70.71531
76.5,-109.5,79.25193
76.5,-99.5,146.84605
76.5,-98.5,137.46541
76.5,-95.5,181.47787
76.5,-94.5,171.07436
76.5,-92.5,240.94293
76.5,-91.5,227.11554
76.5,-88.5,223.66998
76.5,-87.5,207.48003
76.5,-86.5,248.64407
76.5,-85.5,264.73187
76.5,-84.5,224.96198
76.5,-83.5,177.14558
76.5,-82.5,180.28499
76.5,-81.5,200.25705
76.5,-80.5,266.89645
76.5,-68.5,238.24806
76.5,-67.5,267.74283
76.5,-66.5,300.0
76.5,-65.5,300.0
76.5,-64.5,300.0
76.5,-63.5,300.0
76.5,-62.5,300.0
76.5,-61.5,300.0
76.5,-60.5,300.0
76.5,-59.5,300.0
76.5,-58.5,300.0
76.5,-57.5,300.0
76.5,-56.5,300.0
76.5,-55.5,300.0
76.5,-54.5,300.0
76.5,-53.5,300.0
76.5,-52.5,300.0
76.5,-51.5,300.0
76.5,-50.5,300.0
76.5,-49.5,300.0
76.5,-48.5,300.0
76.5,-47.5,300.0
76.5,-46.5,300.0
76.5,-45.5,300.0
76.5,-44.5,300.0
76.5,-43.5,300.0
76.5,-42.5,300.0
76.5,-41.5,300.0
76.5,-40.5,300.0
76.5,-39.5,300.0
76.5,-38.5,300.0
76.5,-37.5,300.0
76.5,-36.5,300.0
76.5,-35.5,300.0
76.5,-34.5,300.0
76.5,-33.5,300.0
76.5,-32.5,300.0
76.5,-31.5,300.0
76.5,-30.5,300.0
76.5,-29.5,300.0
76.5,-28.5,300.0
76.5,-27.5,300.0
76.5,-26.5,300.0
76.5,-25.5,263.9929
76.5,-24.5,207.42395
76.5,-23.5,239.57623
76.5,-21.5,177.64485
76.5,66.5,265.837
76.5,67.5,249.91936
76.5,101.5,70.03731
76.5,102.5,71.399765
76.5,103.5,74.26565
76.5,104.5,74.756676
76.5,105.5,75.88032
76.5,106.5,77.5173
76.5,107.5,93.03911
76.5,108.5,85.71861
76.5,109.5,85.88418
76.5,110.5,79.71102
76.5,111.5,75.32284
77.5,-112.5,72.72937
77.5,-111.5,71.864456
77.5,-87.5,198.39888
77.5,-86.5,187.28758
77.5,-85.5,138.226
77.5,-84.5,116.20436
77.5,-83.5,127.84986
77.5,-82.5,124.21029
77.5,-81.5,201.36732
77.5,-80.5,300.0
77.5,-79.5,300.0
77.5,-69.5,247.93045
77.5,-68.5,247.76839
77.5,-67.5,252.90276
77.5,-66.5,219.37729
77.5,-65.5,265.41727
77.5,-64.5,300.0
77.5,-63.5,300.0
77.5,-62.5,300.0
77.5,-61.5,300.0
77.5,-60.5,300.0
77.5,-59.5,300.0
77.5,-58.5,300.0
77.5,-57.5,300.0
77.5,-56.5,300.0
77.5,-55.5,300.0
77.5,-54.5,300.0
77.5,-53.5,300.0
77.5,-52.5,300.0
77.5,-51.5,300.0
77.5,-50.5,300.0
77.5,-49.5,300.0
77.5,-48.5,300.0
77.5,-47.5,300.0
77.5,-46.5,300.0
77.5,-45.5,300.0
77.5,-44.5,300.0
77.5,-43.5,300.0
77.5,-42.5,300.0
77.5,-41.5,300.0
77.5,-40.5,300.0
77.5,-39.5,300.0
77.5,-38.5,300.0
77.5,-37.5,300.0
77.5,-36.5,300.0
77.5,-35.5,300.0
77.5,-34.5,300.0
77.5,-33.5,300.0
77.5,-32.5,300.0
77.5,-31.5,300.0
77.5,-30.5,300.0
77.5,-29.5,300.0
77.5,-28.5,300.0
77.5,-27.5,300.0
77.5,-26.5,300.0
77.5,-25.5,300.0
77.5,-24.5,300.0
77.5,-21.5,174.19913
77.5,-20.5,163.89914
77.5,15.5,206.14111
77.5,103.5,106.564896
77.5,104.5,99.6217
78.5,-110.5,114.62475
78.5,-103.5,120.50634
78.5,-102.5,70.12781
78.5,-101.5,68.51239
78.5,-100.5,93.78499
78.5,-97.5,212.9521
78.5,-96.5,220.1404
78.5,-92.5,169.23163
78.5,-91.5,228.30626
78.5,-90.5,213.15686
78.5,-89.5,184.8734
78.5,-88.5,123.196075
78.5,-86.5,66.53499
78.5,-85.5,119.37302
78.5,-84.5,99.55698
78.5,-83.5,67.64006
78.5,-82.5,72.15636
78.5,-81.5,211.23419
78.5,-80.5,300.0
78.5,-79.5,300.0
78.5,-78.5,300.0
78.5,-77.5,300.0
78.5,-76.5,272.2412
78.5,-71.5,204.59665
78.5,-70.5,193.8799
78.5,-69.5,159.91772
78.5,-68.5,178.12987
78.5,-67.5,226.6662
78.5,-66.5,281.1115
78.5,-65.5,300.0
78.5,-64.5,300.0
78.5,-63.5,300.0
78.5,-62.5,300.0
78.5,-61.5,300.0
78.5,-60.5,300.0
78.5,-59.5,300.0
78.5,-58.5,300.0
78.5,-57.5,300.0
78.5,-56.5,300.0
78.5,-55.5,300.0
78.5,-54.5,300.0
78.5,-53.5,300.0
78.5,-52.5,300.0
78.5,-51.5,300.0
78.5,-50.5,300.0
78.5,-49.5,300.0
78.5,-48.5,300.0
78.5,-47.5,300.0
78.5,-46.5,300.0
78.5,-45.5,300.0
78.5,-44.5,300.0
78.5,-43.5,300.0
78.5,-42.5,300.0
78.5,-41.5,300.0
78.5,-40.5,300.0
78.5,-39.5,300.0
78.5,-38.5,300.0
78.5,-37.5,300.0
78.5,-36.5,300.0
78.5,-35.5,300.0
78.5,-34.5,300.0
78.5,-33.5,300.0
78.5,-32.5,300.0
78.5,-31.5,300.0
78.5,-30.5,300.0
78.5,-29.5,300.0
78.5,-28.5,300.0
78.5,-27.5,300.0
78.5,-26.5,300.0
78.5,-25.5,300.0
78.5,-24.5,300.0
78.5,-23.5,300.0
78.5,-21.5,234.81386
78.5,13.5,265.67825
78.5,15.5,131.69052
78.5,16.5,173.66452
78.5,17.5,245.43364
78.5,18.5,264.62573
79.5,-94.5,240.65237
79.5,-93.5,227.75952
79.5,-92.5,234.32404
79.5,-91.5,235.78319
79.5,-90.5,216.39644
79.5,-89.5,208.78087
79.5,-88.5,138.16183
79.5,-87.5,71.859406
79.5,-86.5,69.21255
79.5,-85.5,68.76878
79.5,-84.5,67.340836
79.5,-83.5,69.19155
79.5,-82.5,121.121155
79.5,-81.5,104.25319
79.5,-80.5,193.33455
79.5,-79.5,248.09993
79.5,-78.5,232.37561
79.5,-77.5,224.31601
79.5,-76.5,202.13916
79.5,-75.5,166.42017
79.5,-64.5,300.0
79.5,-63.5,300.0
79.5,-62.5,300.0
79.5,-61.5,300.0
79.5,-60.5,300.0
79.5,-59.5,300.0
79.5,-58.5,300.0
79.5,-57.5,300.0
79.5,-56.5,300.0
79.5,-55.5,300.0
79.5,-54.5,300.0
79.5,-53.5,300.0
79.5,-52.5,300.0
79.5,-51.5,300.0
79.5,-50.5,300.0
79.5,-49.5,300.0
79.5,-48.5,300.0
79.5,-47.5,300.0
79.5,-46.5,300.0
79.5,-45.5,300.0
79.5,-44.5,300.0
79.5,-43.5,300.0
79.5,-42.5,300.0
79.5,-41.5,300.0
79.5,-40.5,300.0
79.5,-39.5,300.0
79.5,-38.5,300.0
79.5,-37.5,300.0
79.5,-36.5,300.0
79.5,-35.5,300.0
79.5,-34.5,300.0
79.5,-33.5,300.0
79.5,-32.5,300.0
79.5,-31.5,300.0
79.5,-30.5,300.0
79.5,-29.5,300.0
79.5,-28.5,300.0
79.5,-27.5,300.0
79.5,-26.5,300.0
79.5,-25.5,300.0
79.5,-24.5,300.0
79.5,-23.5,239.62509
79.5,-22.5,232.98285
79.5,-21.5,242.69482
79.5,14.5,185.68446
79.5,16.5,249.64656
79.5,23.5,300.0
79.5,24.5,300.0
79.5,96.5,217.54845
79.5,97.5,218.24478
79.5,98.5,300.0
80.5,-95.5,300.0
80.5,-94.5,278.47958
80.5,-93.5,259.0599
80.5,-92.5,261.98132
80.5,-91.5,215.17125
80.5,-88.5,246.38121
80.5,-85.5,163.98967
80.5,-84.5,167.94872
80.5,-82.5,180.52579
80.5,-81.5,164.66943
80.5,-80.5,236.52812
80.5,-79.5,270.93826
80.5,-78.5,265.48608
80.5,-77.5,300.0
80.5,-76.5,300.0
80.5,-75.5,300.0
80.5,-74.5,300.0
80.5,-73.5,300.0
80.5,-72.5,275.9653
80.5,-71.5,247.10162
80.5,-70.5,269.75565
80.5,-69.5,300.0
80.5,-66.5,271.00064
80.5,-65.5,235.09358
80.5,-64.5,252.14268
80.5,-63.5,211.81157
80.5,-62.5,174.9779
80.5,-61.5,200.35773
80.5,-60.5,213.96896
80.5,-59.5,277.4544
80.5,-58.5,278.86057
80.5,-57.5,300.0
80.5,-56.5,300.0
80.5,-55.5,300.0
80.5,-54.5,300.0
80.5,-53.5,300.0
80.5,-52.5,300.0
80.5,-51.5,300.0
80.5,-50.5,300.0
80.5,-49.5,300.0
80.5,-48.5,300.0
80.5,-47.5,300.0
80.5,-46.5,300.0
80.5,-45.5,300.0
80.5,-44.5,300.0
80.5,-43.5,300.0
80.5,-42.5,300.0
80.5,-41.5,300.0
80.5,-40.5,300.0
80.5,-39.5,300.0
80.5,-38.5,300.0
80.5,-37.5,300.0
80.5,-36.5,300.0
80.5,-35.5,300.0
80.5,-34.5,300.0
80.5,-33.5,300.0
80.5,-32.5,300.0
80.5,-31.5,300.0
80.5,-30.5,300.0
80.5,-29.5,300.0
80.5,-28.5,300.0
80.5,-27.5,300.0
80.5,-26.5,300.0
80.5,-25.5,300.0
80.5,-24.5,300.0
80.5,-23.5,300.0
80.5,-22.5,300.0
80.5,-21.5,300.0
80.5,-20.5,300.0
80.5,-19.5,300.0
80.5,-18.5,300.0
80.5,-17.5,300.0
80.5,57.5,300.0
80.5,93.5,300.0
80.5,94.5,300.0
80.5,95.5,300.0
80.5,96.5,300.0
81.5,-89.5,273.19666
81.5,-88.5,271.0487
81.5,-87.5,275.0876
81.5,-86.5,300.0
81.5,-85.5,262.61038
81.5,-84.5,300.0
81.5,-83.5,300.0
81.5,-82.5,300.0
81.5,-81.5,300.0
81.5,-80.5,300.0
81.5,-79.5,278.44287
81.5,-78.5,259.3471
81.5,-77.5,237.63287
81.5,-76.5,252.78127
81.5,-75.5,265.29968
81.5,-74.5,244.93614
81.5,-73.5,215.47293
81.5,-72.5,187.87062
81.5,-71.5,186.16702
81.5,-70.5,194.57101
81.5,-69.5,215.73889
81.5,-68.5,202.23882
81.5,-67.5,201.52292
81.5,-66.5,227.99098
81.5,-65.5,258.306
81.5,-60.5,190.74838
81.5,-59.5,220.17192
81.5,-58.5,233.51585
81.5,-57.5,228.23347
81.5,-56.5,216.63712
81.5,-55.5,194.83762
81.5,-54.5,215.46535
81.5,-53.5,234.352
81.5,-52.5,183.55301
81.5,-51.5,184.06143
81.5,-50.5,226.29276
81.5,-49.5,188.41014
81.5,-48.5,204.63666
81.5,-47.5,182.65814
81.5,-46.5,190.25462
81.5,-45.5,195.71931
81.5,-44.5,279.32962
81.5,-43.5,300.0
81.5,-42.5,300.0
81.5,-41.5,300.0
81.5,-40.5,300.0
81.5,-39.5,300.0
81.5,-38.5,300.0
81.5,-37.5,300.0
81.5,-36.5,300.0
81.5,-35.5,300.0
81.5,-34.5,300.0
81.5,-33.5,300.0
81.5,-32.5,300.0
81.5,-31.5,300.0
81.5,-30.5,300.0
81.5,-29.5,300.0
81.5,-28.5,300.0
81.5,-27.5,300.0
81.5,-26.5,300.0
81.5,-25.5,300.0
81.5,-24.5,300.0
81.5,-23.5,300.0
81.5,-21.5,300.0
81.5,-16.5,300.0
81.5,-14.5,300.0
82.5,-80.5,269.2736
82.5,-79.5,268.51077
82.5,-78.5,259.7205
82.5,-77.5,258.7288
82.5,-76.5,259.86517
82.5,-75.5,248.05788
82.5,-74.5,252.5455
82.5,-73.5,260.02042
82.5,-72.5,256.36987
82.5,-71.5,248.3686
82.5,-70.5,238.32597
82.5,-69.5,232.62039
82.5,-68.5,198.62102
82.5,-67.5,204.27388
82.5,-66.5,194.71312
82.5,-65.5,194.5322
82.5,-64.5,178.60406
82.5,-46.5,239.5717
82.5,-45.5,263.8747
82.5,-44.5,300.0
82.5,-43.5,300.0
82.5,-42.5,278.434
82.5,-41.5,300.0
82.5,-40.5,300.0
82.5,-39.5,300.0
82.5,-38.5,300.0
82.5,-37.5,300.0
82.5,-36.5,300.0
82.5,-35.5,300.0
82.5,-34.5,300.0
82.5,-33.5,300.0
82.5,-32.5,300.0
82.5,-31.5,300.0
82.5,-30.5,300.0
82.5,-29.5,300.0
82.5,-28.5,300.0
82.5,-27.5,300.0
82.5,-26.5,300.0
82.5,-25.5,300.0
82.5,-24.5,300.0
83.5,-36.5,300.0
83.5,-34.5,300.0
