HH1,HH2,TNLN,TN4,TN5,TN6,TN8,TN9,TN10,TN11,TN12_1,TN12_2,TN12_3,TN12_4,TN2,HH6,HH7,helevel,religion,hhweight,wscore,windex5
1,1,1,1,12,95, , , ,1,5,7,8,90,2,1,3,3,1,1.2424356610133331,2.950362308905619,5
1,1,2,1,21,95, ,2, ,1,1,2,9,90,2,1,3,3,1,1.2424356610133331,2.950362308905619,5
1,2,1,1,13,6, , , ,1,1,2,3,4,1,1,3,3,1,1.2424356610133331,0.2620416737730505,4
1,3,1,1,13,20, , , ,1,1,2,90, ,1,1,3,3,1,1.2424356610133331,2.7150808765539245,5
1,4,1,1,13,0, , , ,2, , , , ,1,1,3,3,1,1.2424356610133331,2.019199112061604,5
1,5,1,1,13,24, , , ,1,1,2,3,90,1,1,3,1,1,1.2424356610133331,1.3717125517216826,5
1,7,1,1,13,6, , , ,1,1,2,6,90,1,1,3,2,1,1.2424356610133331,-0.4119613844992162,3
1,8,1,1,13,24, , , ,1,3,5,6,90,1,1,3,2,1,1.2424356610133331,-0.6426690665653784,1
1,9,1,1,13,4, , , ,1,1,2,8,90,1,1,3,2,2,1.2424356610133331,2.269152795491847,5
1,11,1,1,11,12, , , ,1,2,90, , ,2,1,3,2,1,1.2424356610133331,1.1493709150135758,5
1,11,2,1,98,12,1,2, ,1,1,90, , ,2,1,3,2,1,1.2424356610133331,1.1493709150135758,5
1,12,1,1,12,95, , , ,2, , , , ,1,1,3,3,2,1.2424356610133331,2.153717366951796,5
1,13,1,1,13,2, , , ,2, , , , ,1,1,3,2,1,1.2424356610133331,0.598108234149535,5
1,14,1,1,11,7, , , ,2, , , , ,1,1,3,1,1,1.2424356610133331,1.0199964464024271,5
1,15,1,1,98,95,2,2, ,1,1,2,3,4,1,1,3,3,1,1.2424356610133331,0.10809491234581778,4
1,18,1,1,11,6, , , ,1,3,7,4,90,3,1,3,2,2,1.2424356610133331,2.449104513478619,5
1,18,2,1,13,16, , , ,1,0,90, , ,3,1,3,2,2,1.2424356610133331,2.449104513478619,5
1,18,3,1,13,95, , , ,1,6,90, , ,3,1,3,2,2,1.2424356610133331,2.449104513478619,5
1,19,1,1,13,24, , , ,1,1,2,3,90,2,1,3,3,1,1.2424356610133331,0.9438860119625001,5
1,19,2,2,13,24, , , ,2, , , , ,2,1,3,3,1,1.2424356610133331,0.9438860119625001,5
1,22,1,1,13,95, , , ,1,7,9,90, ,3,1,3,2,1,1.2424356610133331,3.3179046629791484,5
1,22,2,1,13,95, , , ,1,0,90, , ,3,1,3,2,1,1.2424356610133331,3.3179046629791484,5
1,22,3,1,13,95, , , ,1,1,11,90, ,3,1,3,2,1,1.2424356610133331,3.3179046629791484,5
1,24,1,1,11,24, , , ,1,1,90, , ,2,1,3,3,1,1.2424356610133331,2.630297656710663,5
1,24,2,1,21,2, ,2, ,1,2,3,4,90,2,1,3,3,1,1.2424356610133331,2.630297656710663,5
1,25,1,2,11,95, , , ,1,1,2,3,90,2,1,3,2,1,1.2424356610133331,3.000148644426705,5
1,25,2,2,98,95,2,2, ,1,4,5,0,90,2,1,3,2,1,1.2424356610133331,3.000148644426705,5
2,1,1,1,13,12, , , ,1,1,6,7,90,2,1,3,1,1,0.7257941505328424,0.023999377438475973,4
2,1,2,1,13,12, , , ,1,2,3,90, ,2,1,3,1,1,0.7257941505328424,0.023999377438475973,4
2,3,1,1,11,95, , , ,1,1,2,90, ,2,1,3,3,1,0.7257941505328424,0.5300741775317946,5
2,3,2,1,11,95, , , ,1,3,4,90, ,2,1,3,3,1,0.7257941505328424,0.5300741775317946,5
2,5,1,1,11,1, , , ,1,1,2,3,90,1,1,3,1,3,0.7257941505328424,-0.02023388927575554,4
2,6,1,1,13,95, , , ,1,1,2,6,90,1,1,3,3,1,0.7257941505328424,0.21162914972417457,4
2,8,1,1,13,12, , , ,1,1,2,6,7,4,1,3,2,1,0.7257941505328424,-0.6370165499842031,1
2,8,2,2,11,12, , , ,1,3,8,90, ,4,1,3,2,1,0.7257941505328424,-0.6370165499842031,1
2,8,3,2,11,12, , , ,1,4,5,90, ,4,1,3,2,1,0.7257941505328424,-0.6370165499842031,1
2,8,4,9,11,12, , , ,2, , , , ,4,1,3,2,1,0.7257941505328424,-0.6370165499842031,1
2,9,1,2,13,4, , , ,1,1,2,90, ,2,1,3,1,1,0.7257941505328424,-0.1490284607087743,4
2,9,2,2,13,4, , , ,1,3,4,90, ,2,1,3,1,1,0.7257941505328424,-0.1490284607087743,4
2,11,1,1,13,95, , , ,1,9,10,8,7,1,1,3,3,1,0.7257941505328424,-0.26260277610420313,3
2,12,1,1,11,24, , , ,1,3,4,90, ,2,1,3,2,1,0.7257941505328424,-0.16979021125214724,4
2,12,2,1,13,95, , , ,1,1,2,90, ,2,1,3,2,1,0.7257941505328424,-0.16979021125214724,4
2,13,1,1,11,95, , , ,1,1,2,4,5,1,1,3,2,1,0.7257941505328424,-0.14531900998037764,4
2,14,1,1,11,12, , , ,1,3,6,8,9,3,1,3,2,1,0.7257941505328424,0.29798566071010535,4
2,14,2,1,11,12, , , ,1,1,2,90, ,3,1,3,2,1,0.7257941505328424,0.29798566071010535,4
2,14,3,1,11,12, , , ,1,4,5,7,90,3,1,3,2,1,0.7257941505328424,0.29798566071010535,4
2,15,1,1,11,24, , , ,1,1,2,90, ,2,1,3,2,1,0.7257941505328424,-0.6148328555872278,1
2,15,2,1,11,24, , , ,1,3,4,5,6,2,1,3,2,1,0.7257941505328424,-0.6148328555872278,1
2,16,1,1,11,14, , , ,1,4,90, , ,4,1,3,2,1,0.7257941505328424,1.1947586610125782,5
2,16,2,1,13,14, , , ,1,1,2,90, ,4,1,3,2,1,0.7257941505328424,1.1947586610125782,5
2,16,3,1,11,14, , , ,2, , , , ,4,1,3,2,1,0.7257941505328424,1.1947586610125782,5
2,16,4,1,11,14, , , ,2, , , , ,4,1,3,2,1,0.7257941505328424,1.1947586610125782,5
2,17,1,1,12,95, , , ,1,5,90, , ,3,1,3,1,1,0.7257941505328424,-0.021017150581521947,4
2,17,2,1,11,24, , , ,1,1,2,3,90,3,1,3,1,1,0.7257941505328424,-0.021017150581521947,4
2,17,3,1,11,24, , , ,2, , , , ,3,1,3,1,1,0.7257941505328424,-0.021017150581521947,4
2,19,1,1,13,6, , , ,1,1,2,7,8,2,1,3,3,1,0.7257941505328424,0.0523554218384978,4
2,19,2,1,13,6, , , ,1,3,4,5,6,2,1,3,3,1,0.7257941505328424,0.0523554218384978,4
2,21,1,1,13,95, , , ,1,1,2,7,90,3,1,3,2,1,0.7257941505328424,-0.15904443493383202,4
2,21,2,1,11,95, , , ,1,3,4,5,90,3,1,3,2,1,0.7257941505328424,-0.15904443493383202,4
2,21,3,1,11,95, , , ,2, , , , ,3,1,3,2,1,0.7257941505328424,-0.15904443493383202,4
2,22,1,1,13,24, , , ,1,1,2,5,6,1,1,3,2,1,0.7257941505328424,-0.06045841188577156,4
2,23,1,1,11,24, , , ,1,1,5,6,90,1,1,3,2,1,0.7257941505328424,0.051989159414137495,4
2,24,1,1,11,95, , , ,1,1,2,6,90,1,1,3,2,3,0.7257941505328424,0.5647137200477123,5
3,1,1,1,12,24, , , ,1,1,2,5,90,1,2,3,2,1,0.6138406924688256,-0.6822958828393598,1
3,2,1,1,13,12, , , ,1,1,4,6,90,2,2,3,1,1,0.6138406924688256,-0.5676835445821903,2
3,2,2,2,13,12, , , ,1,2,3,7,90,2,2,3,1,1,0.6138406924688256,-0.5676835445821903,2
3,3,1,1,12,24, , , ,1,1,2,90, ,1,2,3,3,1,0.6138406924688256,-0.655244954933233,1
3,4,1,1,13,6, , , ,1,1,6,8,90,1,2,3,1,2,0.6138406924688256,-0.5819419951642498,1
3,5,1,1,11,95, , , ,1,1,2,7,90,1,2,3,2,3,0.6138406924688256,-0.2823582135312712,3
3,6,1,2,11,95, , , ,2, , , , ,1,2,3,1,1,0.6138406924688256,-0.5160924431646075,2
3,7,1,1,11,24, , , ,1,1,2,90, ,4,2,3,1,1,0.6138406924688256,-0.3507081283966476,3
3,7,2,1,11,24, , , ,1,3,4,12,13,4,2,3,1,1,0.6138406924688256,-0.3507081283966476,3
3,7,3,1,13,15, , , ,1,6,8,11,14,4,2,3,1,1,0.6138406924688256,-0.3507081283966476,3
3,7,4,1,13,15, , , ,1,7,15,9,10,4,2,3,1,1,0.6138406924688256,-0.3507081283966476,3
3,8,1,1,11,95, , , ,1,1,2,4,5,1,2,3,2,3,0.6138406924688256,-0.5932024486033631,1
3,10,1,1,11,24, , , ,1,1,2,7,8,2,2,3,2,3,0.6138406924688256,-0.5841854726346541,1
3,10,2,1,11,24, , , ,1,3,4,5,6,2,2,3,2,3,0.6138406924688256,-0.5841854726346541,1
3,11,1,1,13,95, , , ,1,1,2,3,4,1,2,3,1,1,0.6138406924688256,-0.05607024482024653,4
3,12,1,1,11,14, , , ,1,5,7,4,90,2,2,3,2,1,0.6138406924688256,-0.008043717572154175,4
3,12,2,1,13,24, , , ,1,1,2,90, ,2,2,3,2,1,0.6138406924688256,-0.008043717572154175,4
3,13,1,1,11,14, , , ,2, , , , ,1,2,3,3,1,0.6138406924688256,-0.5663965744361504,2
3,15,1,1,13,95, , , ,1,1,2,6,7,1,2,3,1,3,0.6138406924688256,-0.4803671879700618,2
3,16,1,1,12,3, , , ,1,1,2,4,5,2,2,3,2,3,0.6138406924688256,-0.42675289005505407,2
3,16,2,1,11,23, , , ,2, , , , ,2,2,3,2,3,0.6138406924688256,-0.42675289005505407,2
3,17,1,1,11,28, , , ,1,3,90, , ,3,2,3,3,1,0.6138406924688256,0.960747967142111,5
3,17,2,1,11,28, , , ,2, , , , ,3,2,3,3,1,0.6138406924688256,0.960747967142111,5
3,17,3,1,12,95, , , ,1,1,2,4,90,3,2,3,3,1,0.6138406924688256,0.960747967142111,5
3,18,1,1,12,24, , , ,1,1,2,5,90,2,2,3,2,1,0.6138406924688256,-0.4699478508211686,2
3,18,2,1,13,95, , , ,1,3,4,90, ,2,2,3,2,1,0.6138406924688256,-0.4699478508211686,2
3,19,1,1,11,95, , , ,1,1,2,7,8,2,2,3,1,1,0.6138406924688256,-0.5601693979415995,2
3,19,2,2,11,95, , , ,1,3,4,90, ,2,2,3,1,1,0.6138406924688256,-0.5601693979415995,2
3,20,1,1,11,14, , , ,1,5,7,12,90,3,2,3,1,3,0.6138406924688256,-0.303519872683344,3
3,20,2,1,11,14, , , ,1,3,11,10,90,3,2,3,1,3,0.6138406924688256,-0.303519872683344,3
3,20,3,1,13,6, , , ,2, , , , ,3,2,3,1,3,0.6138406924688256,-0.303519872683344,3
3,21,1,1,11,95, , , ,1,3,4,5,90,2,2,3,2,1,0.6138406924688256,0.09532182589004519,4
3,21,2,1,11,95, , , ,1,1,2,6,7,2,2,3,2,1,0.6138406924688256,0.09532182589004519,4
3,22,1,1,12,14, , , ,1,1,2,7,8,3,2,3,2,1,0.6138406924688256,-0.62025337650949,1
3,22,2,1,11,24, , , ,1,3,4,90, ,3,2,3,2,1,0.6138406924688256,-0.62025337650949,1
3,22,3,1,11,24, , , ,1,5,6,90, ,3,2,3,2,1,0.6138406924688256,-0.62025337650949,1
3,23,1,1,12,4, , , ,1,1,2,3,90,1,2,3,2,1,0.6138406924688256,-0.6762553709700513,1
3,24,1,1,12,24, , , ,1,1,2,3,4,2,2,3,2,3,0.6138406924688256,-0.5721920325665447,2
3,24,2,1,12,24, , , ,2, , , , ,2,2,3,2,3,0.6138406924688256,-0.5721920325665447,2
3,25,1,1,12,18, , , ,1,1,2,90, ,3,2,3,2,1,0.6138406924688256,-0.14307955059346933,4
3,25,2,1,12,18, , , ,1,4,5,6,7,3,2,3,2,1,0.6138406924688256,-0.14307955059346933,4
3,25,3,1,13,25, , , ,2, , , , ,3,2,3,2,1,0.6138406924688256,-0.14307955059346933,4
4,2,1,1,11,95, , , ,1,1,2,3,4,1,2,3,1,1,0.7021851797712406,-0.4198527783899338,3
4,3,1,1,12,95, , , ,1,1,2,5,6,2,2,3,1,1,0.7021851797712406,-0.5841854726346541,1
4,3,2,1,12,95, , , ,1,3,4,7,8,2,2,3,1,1,0.7021851797712406,-0.5841854726346541,1
4,5,1,1,11,95, , , ,1,1,2,5,6,1,2,3,1,3,0.7021851797712406,-0.412890736327163,3
4,6,1,1,11,95, , , ,1,1,2,6,5,1,2,3,3,1,0.7021851797712406,1.2087564313722599,5
4,8,1,1,11,95, , , ,1,1,2,6,90,2,2,3,3,1,0.7021851797712406,0.08647565832468355,4
4,8,2,1,11,95, , , ,1,3,4,5,90,2,2,3,3,1,0.7021851797712406,0.08647565832468355,4
4,9,1,1,11,95, , , ,1,3,14,9,90,2,2,3,2,2,0.7021851797712406,0.29993905492884504,4
4,9,2,1,12,12, , , ,1,4,11,12,90,2,2,3,2,2,0.7021851797712406,0.29993905492884504,4
4,10,1,1,11,95, , , ,1,1,2,7,8,1,2,3,2,1,0.7021851797712406,-0.7213402508135961,1
4,12,1,1,11,24, , , ,1,1,2,3,4,1,2,3,2,1,0.7021851797712406,-0.6732789068706508,1
4,14,1,2,13,24, , , ,1,2,1,90, ,3,2,3,1,1,0.7021851797712406,-0.3550013450393195,3
4,14,2,2,13,24, , , ,1,3,6,7,8,3,2,3,1,1,0.7021851797712406,-0.3550013450393195,3
4,14,3,2,13,95, , , ,1,4,5,90, ,3,2,3,1,1,0.7021851797712406,-0.3550013450393195,3
4,15,1,1,11,95, , , ,1,1,2,90, ,1,2,3,1,1,0.7021851797712406,-0.22759652945808254,3
4,16,1,1,12,24, , , ,1,1,2,6,5,1,2,3,2,1,0.7021851797712406,-0.4380542674060079,2
4,17,1,1,13,95, , , ,1,1,2,90, ,2,2,3,2,1,0.7021851797712406,0.11803507421516485,4
4,17,2,1,13,95, , , ,1,3,4,5,90,2,2,3,2,1,0.7021851797712406,0.11803507421516485,4
4,18,1,1,11,95, , , ,1,1,2,90, ,1,2,3,2,1,0.7021851797712406,-0.01817895536981738,4
4,19,1,1,11,95, , , ,1,1,2,3,90,1,2,3,1,1,0.7021851797712406,0.11352658623081041,4
4,21,1,1,12,95, , , ,2, , , , ,2,2,3,3,1,0.7021851797712406,-0.011216913307046529,4
4,21,2,1,12,95, , , ,1,2,4,90, ,2,2,3,3,1,0.7021851797712406,-0.011216913307046529,4
4,23,1,1,11,95, , , ,1,2,8,9,90,1,2,3,2,3,0.7021851797712406,-0.49968634593714273,2
4,25,1,1,11,95, , , ,1,1,2,3,90,1,2,3,2,1,0.7021851797712406,0.2146134605349166,4
5,1,1,1,11,32, , , ,1,1,90, , ,1,2,3,3,3,0.5948851501617076,-0.39068498618021824,3
5,3,1,1,12,30, , , ,1,1,2,9,90,2,2,3,2,1,0.5948851501617076,-0.5115314640535799,2
5,3,2,1,12,30, , , ,2, , , , ,2,2,3,2,1,0.5948851501617076,-0.5115314640535799,2
5,4,1,1,11,32, , , ,1,1,2,6,90,1,2,3,2,3,0.5948851501617076,-0.6913128588080688,1
5,5,1,1,11,27, , , ,2, , , , ,2,2,3,2,3,0.5948851501617076,-0.34394502142728,3
5,5,2,1,11,27, , , ,2, , , , ,2,2,3,2,3,0.5948851501617076,-0.34394502142728,3
5,6,1,1,11,95, , , ,1,5,7,8,90,2,2,3,2,1,0.5948851501617076,0.29057063155575835,4
5,6,2,1,11,95, , , ,1,4,9,90, ,2,2,3,2,1,0.5948851501617076,0.29057063155575835,4
5,7,1,1,11,30, , , ,1,1,2,3,4,1,2,3,2,1,0.5948851501617076,-0.18142258234241931,3
5,8,1,1,13,95, , , ,1,1,2,8,9,2,2,3,2,1,0.5948851501617076,-0.48085512086014376,2
5,8,2,1,13,95, , , ,1,3,4,5,90,2,2,3,2,1,0.5948851501617076,-0.48085512086014376,2
5,9,1,2,11,95, , , ,1,1,2,5,90,2,2,3,2,3,0.5948851501617076,-0.6597534429175875,1
5,9,2,2,11,95, , , ,1,3,4,90, ,2,2,3,2,3,0.5948851501617076,-0.6597534429175875,1
5,10,1,1,11,31, , , ,1,1,2,3,4,1,2,3,1,3,0.5948851501617076,-0.198506253908625,3
5,11,1,1,13,4, , , ,1,1,2,6,5,1,2,3,1,1,0.5948851501617076,-0.39200674036306116,3
5,12,1,1,11,95, , , ,1,1,2,90, ,1,2,3,2,1,0.5948851501617076,-0.12515703079237406,4
5,13,1,1,11,24, , , ,1,1,2,3,90,1,2,3,2,3,0.5948851501617076,-0.6148328555872278,1
5,14,1,1,11,32, , , ,1,1,2,3,5,1,2,3,2,3,0.5948851501617076,-0.5812090085352537,1
5,15,1,1,13,95, , , ,1,3,4,90, ,2,2,3,1,3,0.5948851501617076,-0.572340145798054,1
5,15,2,1,13,95, , , ,1,1,2,5,90,2,2,3,1,3,0.5948851501617076,-0.572340145798054,1
5,16,1,1,13,24, , , ,1,2,9,1,90,1,2,3,1,3,0.5948851501617076,-0.5774335071798954,1
5,17,1,1,11,95, , , ,1,1,2,7,8,3,2,3,3,1,0.5948851501617076,-0.6852723469387603,1
5,17,2,1,11,95, , , ,1,3,90, , ,3,2,3,3,1,0.5948851501617076,-0.6852723469387603,1
5,17,3,1,11,12, , , ,1,4,5,6,90,3,2,3,3,1,0.5948851501617076,-0.6852723469387603,1
5,18,1,1,11,30, , , ,1,1,2,6,90,2,2,3,1,3,0.5948851501617076,-0.39445282602228654,3
5,18,2,1,11,30, , , ,1,3,7,90, ,2,2,3,1,3,0.5948851501617076,-0.39445282602228654,3
5,19,1,1,11,95, , , ,1,1,2,90, ,1,2,3,1,3,0.5948851501617076,-0.5721920325665447,2
5,20,1,1,13,95, , , ,1,1,2,4,5,2,2,3,2,3,0.5948851501617076,-0.49823626073169425,2
5,20,2,1,11,18, , , ,2, , , , ,2,2,3,2,3,0.5948851501617076,-0.49823626073169425,2
5,21,1,1,11,32, , , ,1,1,6,90, ,3,2,3,1,1,0.5948851501617076,-0.17240560637371036,4
5,21,2,1,11,32, , , ,1,2,3,90, ,3,2,3,1,1,0.5948851501617076,-0.17240560637371036,4
5,21,3,1,13,6, , , ,1,4,90, , ,3,2,3,1,1,0.5948851501617076,-0.17240560637371036,4
5,23,1,1,11,32, , , ,1,1,2,3,4,1,2,3,2,3,0.5948851501617076,-0.5849184592636503,1
5,24,1,1,13,24, , , ,1,1,3,4,90,1,2,3,1,3,0.5948851501617076,-0.6852723469387603,1
6,1,1,1,11,95, , , ,1,1,2,4,6,3,2,3,3,1,0.9748648664669459,-0.17838772912934714,3
6,1,2,2,11,95, , , ,1,3,5,7,90,3,2,3,3,1,0.9748648664669459,-0.17838772912934714,3
6,1,3,2,13,95, , , ,2, , , , ,3,2,3,3,1,0.9748648664669459,-0.17838772912934714,3
6,3,1,1,13,14, , , ,1,6,7,90, ,2,2,3,3,1,0.9748648664669459,1.4771941294969493,5
6,3,2,1,11,95, , , ,1,5,8,90, ,2,2,3,3,1,0.9748648664669459,1.4771941294969493,5
6,4,1,1,11,24, , , ,1,1,2,90, ,2,2,3,1,1,0.9748648664669459,-0.5849184592636503,1
6,4,2,1,13,95, , , ,1,3,4,90, ,2,2,3,1,1,0.9748648664669459,-0.5849184592636503,1
6,5,1,2,11,95, , , ,1,1,3,4,90,2,2,3,2,1,0.9748648664669459,-0.19341602241052874,3
6,5,2,2,11,95, , , ,1,2,90, , ,2,2,3,2,1,0.9748648664669459,-0.19341602241052874,3
6,6,1,1,13,12, , , ,1,1,2,3,90,1,2,3,1,3,0.9748648664669459,-0.6762553709700513,1
6,7,1,1,11,30, , , ,1,3,6,90, ,2,2,3,2,1,0.9748648664669459,-0.5751684966659452,1
6,7,2,1,12,95, , , ,1,1,2,4,5,2,2,3,2,1,0.9748648664669459,-0.5751684966659452,1
6,8,1,1,11,95, , , ,1,9,11,12,90,3,2,3,2,1,0.9748648664669459,-0.40738077629553904,3
6,8,2,1,11,95, , , ,1,3,14,13,90,3,2,3,2,1,0.9748648664669459,-0.40738077629553904,3
6,8,3,1,11,95, , , ,1,8,10,90, ,3,2,3,2,1,0.9748648664669459,-0.40738077629553904,3
6,9,1,1,13,24, , , ,1,1,2,3,4,1,2,3,1,3,0.9748648664669459,-0.6822958828393598,1
6,10,1,1,13,24, , , ,1,1,5,90, ,1,2,3,1,3,0.9748648664669459,-0.605133386273931,1
6,12,1,1,11,32, , , ,1,1,6,90, ,1,2,3,1,1,0.9748648664669459,-0.602219424572072,1
6,13,1,1,13,12, , , ,1,1,2,3,90,1,2,3,1,3,0.9748648664669459,-0.4718381448914348,2
6,14,1,1,13,95, , , ,1,1,2,8,90,3,2,3,1,3,0.9748648664669459,-0.6777873948550054,1
6,14,2,1,11,95, , , ,1,7,5,6,90,3,2,3,1,3,0.9748648664669459,-0.6777873948550054,1
6,14,3,2,11,95, , , ,1,4,90, , ,3,2,3,1,3,0.9748648664669459,-0.6777873948550054,1
6,15,1,1,13,6, , , ,1,1,2,6,90,1,2,3,1,3,0.9748648664669459,-0.5130634879385338,2
6,16,1,1,11,95, , , ,1,1,2,3,90,3,2,3,1,3,0.9748648664669459,0.38936301926172157,4
6,16,2,1,11,95, , , ,2, , , , ,3,2,3,1,3,0.9748648664669459,0.38936301926172157,4
6,16,3,1,98,7,2,2, ,2, , , , ,3,2,3,1,3,0.9748648664669459,0.38936301926172157,4
6,17,1,1,13,22, , , ,1,1,2,5,90,2,2,3,1,1,0.9748648664669459,-0.3619793483575338,3
6,17,2,1,13,95, , , ,1,3,4,90, ,2,2,3,1,1,0.9748648664669459,-0.3619793483575338,3
6,18,1,1,13,12, , , ,1,1,2,90, ,1,2,3,1,3,0.9748648664669459,-0.563908043226832,2
6,20,1,1,11,32, , , ,1,1,2,90, ,3,2,3,1,3,0.9748648664669459,-0.5481467633166542,2
6,20,2,1,11,32, , , ,1,3,90, , ,3,2,3,1,3,0.9748648664669459,-0.5481467633166542,2
6,20,3,1,11,32, , , ,1,4,90, , ,3,2,3,1,3,0.9748648664669459,-0.5481467633166542,2
6,21,1,1,13,95, , , ,1,1,2,6,7,1,2,3,1,3,0.9748648664669459,-0.5505468717869536,2
6,22,1,1,13,95, , , ,1,1,2,11,12,3,2,3,1,1,0.9748648664669459,1.3348497749621102,5
6,22,2,1,11,95, , , ,1,5,7,6,9,3,2,3,1,1,0.9748648664669459,1.3348497749621102,5
6,22,3,1,11,95, , , ,1,4,8,10,90,3,2,3,1,1,0.9748648664669459,1.3348497749621102,5
6,23,1,1,11,32, , , ,1,2,3,4,7,3,2,3,3,1,0.9748648664669459,-0.04102844613049555,4
6,23,2,1,11,32, , , ,1,1,10,8,90,3,2,3,3,1,0.9748648664669459,-0.04102844613049555,4
6,23,3,1,11,32, , , ,1,5,6,9,90,3,2,3,3,1,0.9748648664669459,-0.04102844613049555,4
6,24,1,1,11,26, , , ,1,8,3,2,11,3,2,3,2,1,0.9748648664669459,-0.41175379133070833,3
6,24,2,1,13,6, , , ,1,1,6,12,90,3,2,3,2,1,0.9748648664669459,-0.41175379133070833,3
6,24,3,1,13,13, , , ,1,10,5,90, ,3,2,3,2,1,0.9748648664669459,-0.41175379133070833,3
6,25,1,1,12,24, , , ,1,1,2,11,13,3,2,3,1,1,0.9748648664669459,-0.5751976912227811,1
6,25,2,1,12,24, , , ,1,3,6,5,12,3,2,3,1,1,0.9748648664669459,-0.5751976912227811,1
6,25,3,1,11,32, , , ,1,4,8,10,9,3,2,3,1,1,0.9748648664669459,-0.5751976912227811,1
7,1,1,1,11,95, , , ,1,1,2,5,6,1,2,3,2,3,0.5344587772237492,-0.25111433326922933,3
7,2,1,1,11,32, , , ,1,1,5,90, ,2,2,3,2,3,0.5344587772237492,-0.16678293307737765,4
7,2,2,1,11,32, , , ,1,2,3,4,90,2,2,3,2,3,0.5344587772237492,-0.16678293307737765,4
7,3,1,1,11,95, , , ,2, , , , ,1,2,3,1,3,0.5344587772237492,-0.6650247790914848,1
7,4,1,1,11,26, , , ,1,3,4,5,6,2,2,3,2,1,0.5344587772237492,-0.5468369457190722,2
7,4,2,1,12,26, , , ,1,1,2,7,8,2,2,3,2,1,0.5344587772237492,-0.5468369457190722,2
7,5,1,1,13,95, , , ,1,1,2,4,90,1,2,3,1,1,0.5344587772237492,0.141682351575125,4
7,6,1,1,13,12, , , ,1,1,2,3,4,2,2,3,3,1,0.5344587772237492,-0.0014475598410468192,4
7,6,2,1,11,32, , , ,1,5,90, , ,2,2,3,3,1,0.5344587772237492,-0.0014475598410468192,4
7,7,1,1,13,95, , , ,1,3,8,90, ,2,2,3,1,1,0.5344587772237492,-0.39238130257835735,3
7,7,2,1,11,29, , , ,1,1,2,6,7,2,2,3,1,1,0.5344587772237492,-0.39238130257835735,3
7,8,1,1,13,95, , , ,1,1,2,90, ,1,2,3,2,1,0.5344587772237492,-0.5541580806291269,2
7,11,1,1,11,95, , , ,1,4,7,90, ,3,2,3,1,1,0.5344587772237492,-0.25595951102841136,3
7,11,2,1,13,95, , , ,1,2,1,90, ,3,2,3,1,1,0.5344587772237492,-0.25595951102841136,3
7,11,3,1,11,95, , , ,1,3,8,90, ,3,2,3,1,1,0.5344587772237492,-0.25595951102841136,3
7,12,1,1,11,22, , , ,1,1,2,7,90,2,2,3,2,3,0.5344587772237492,-0.5676835445821903,2
7,12,2,1,11,28, , , ,1,4,5,6,90,2,2,3,2,3,0.5344587772237492,-0.5676835445821903,2
7,13,1,1,11,32, , , ,1,1,2,3,4,1,2,3,1,1,0.5344587772237492,-0.6822958828393598,1
7,14,1,1,11,26, , , ,1,1,90, , ,2,2,3,2,1,0.5344587772237492,-0.5631750565978358,2
7,14,2,1,13,95, , , ,1,3,90, , ,2,2,3,2,1,0.5344587772237492,-0.5631750565978358,2
7,15,1,1,11,33, , , ,1,1,2,3,90,1,2,3,1,1,0.5344587772237492,-0.6762553709700513,1
7,16,1,1,12,26, , , ,1,9,90, , ,1,2,3,2,1,0.5344587772237492,-0.7048383227611322,1
7,17,1,1,11,95, , , ,1,1,90, , ,1,2,3,2,1,0.5344587772237492,-0.519636407084381,2
7,18,1,1,11,32, , , ,1,1,90, , ,1,2,3,2,3,0.5344587772237492,-0.6462279789645241,1
7,19,1,1,13,24, , , ,1,1,2,3,90,1,2,3,2,3,0.5344587772237492,-0.5802448428817725,1
7,20,1,1,11,32, , , ,1,2,90, , ,2,2,3,3,1,0.5344587772237492,-0.5541580806291269,2
7,20,2,1,11,32, , , ,1,1,3,4,90,2,2,3,3,1,0.5344587772237492,-0.5541580806291269,2
7,21,1,1,11,32, , , ,1,1,2,3,90,1,2,3,2,1,0.5344587772237492,-0.672694033473164,1
7,22,1,1,11,33, , , ,1,1,2,7,90,1,2,3,1,1,0.5344587772237492,-0.27726798203317493,3
7,23,1,2,13,24, , , ,1,1,2,5,90,2,2,3,2,3,0.5344587772237492,-0.6822958828393598,1
7,23,2,1,13,95, , , ,1,4,3,90, ,2,2,3,2,3,0.5344587772237492,-0.6822958828393598,1
7,24,1,1,11,32, , , ,1,1,2,6,90,2,2,3,3,1,0.5344587772237492,0.26005442102158355,4
7,24,2,1,11,32, , , ,1,3,4,5,90,2,2,3,3,1,0.5344587772237492,0.26005442102158355,4
7,25,1,1,11,32, , , ,1,1,2,6,4,1,2,3,9,1,0.5344587772237492,-0.5631750565978358,2
8,3,1,1,11,24, , , ,1,1,2,90, ,1,2,3,3,2,1.1717241541667252,1.3558567063749953,5
8,4,1,1,11,12, , , ,1,1,2,3,90,1,2,3,3,1,1.1717241541667252,0.688982377513689,5
8,5,1,1,12,95, , , ,1,1,2,3,90,1,2,3,1,1,1.1717241541667252,-0.411003339499881,3
8,6,1,2,11,95, , , ,2, , , , ,1,2,3,3,1,1.1717241541667252,2.2688779939117674,5
8,7,1,1,12,95, , , ,1,1,3,4,90,1,2,3,3,1,1.1717241541667252,-0.3259485117905141,3
8,8,1,1,11,24, , , ,1,3,4,90, ,3,2,3,3,1,1.1717241541667252,0.6979993534823979,5
8,8,2,1,11,24, , , ,1,6,90, , ,3,2,3,3,1,1.1717241541667252,0.6979993534823979,5
8,8,3,1,31,95,2,2, ,1,1,2,5,90,3,2,3,3,1,1.1717241541667252,0.6979993534823979,5
8,12,1,2,11,12, , , ,1,1,90, , ,1,2,3,2,3,1.1717241541667252,-0.27860210304420757,3
8,13,1,1,11,24, , , ,2, , , , ,1,2,3,3,1,1.1717241541667252,0.7107137382210452,5
8,15,1,1,11,12, , , ,1,1,2,3,4,1,2,3,3,1,1.1717241541667252,-0.22863669331774264,3
8,16,1,1,12,95, , , ,1,1,3,90, ,2,2,3,3,1,1.1717241541667252,-0.21132322448206262,3
8,16,2,1,12,95, , , ,1,2,90, , ,2,2,3,3,1,1.1717241541667252,-0.21132322448206262,3
8,17,1,1,11,24, , , ,1,1,90, , ,1,2,3,2,1,1.1717241541667252,-0.45945312605952776,2
8,20,1,1,11,24, , , ,1,1,3,90, ,1,2,3,2,1,1.1717241541667252,-0.06570136205660018,4
8,21,1,1,11,24, , , ,1,1,90, , ,1,2,3,2,1,1.1717241541667252,-0.6462279789645241,1
8,22,1,1,11,95, , , ,1,1,2,5,90,1,2,3,2,1,1.1717241541667252,-0.4197260285240498,3
8,23,1,1,11,24, , , ,1,1,2,5,90,1,2,3,2,1,1.1717241541667252,-0.4290372914372989,2
8,24,1,1,11,95, , , ,1,1,5,4,3,1,2,3,2,1,1.1717241541667252,-0.4290372914372989,2
8,25,1,1,11,24, , , ,2, , , , ,2,2,3,3,1,1.1717241541667252,4.974465899564026,5
8,25,2,1,11,24, , , ,2, , , , ,2,2,3,3,1,1.1717241541667252,4.974465899564026,5
9,1,1,1,13,12, , , ,1,1,2,5,6,1,2,3,2,3,0.5330035579465929,-0.5746271662032226,1
9,2,1,1,11,31, , , ,1,1,2,3,4,1,2,3,2,2,0.5330035579465929,-0.6822958828393598,1
9,4,1,1,13,24, , , ,1,1,2,3,4,1,2,3,2,3,0.5330035579465929,-0.5278397643591601,2
9,6,1,1,13,1, , , ,1,1,4,90, ,1,2,3,2,3,0.5330035579465929,-0.40574247401823565,3
9,7,1,1,11,32, , , ,1,1,2,4,7,3,2,3,1,3,0.5330035579465929,-0.42377642595565357,2
9,7,2,1,11,32, , , ,1,3,5,8,6,3,2,3,1,3,0.5330035579465929,-0.42377642595565357,2
9,7,3,1,11,32, , , ,1,11,12,10,9,3,2,3,1,3,0.5330035579465929,-0.42377642595565357,2
9,8,1,1,11,95, , , ,1,1,2,3,4,1,2,3,2,3,0.5330035579465929,-0.6822958828393598,1
9,9,1,1,11,31, , , ,1,1,2,90, ,2,2,3,2,3,0.5330035579465929,-0.41475944998694464,3
9,9,2,1,11,31, , , ,1,4,5,90, ,2,2,3,2,3,0.5330035579465929,-0.41475944998694464,3
9,10,1,1,13,24, , , ,1,1,2,5,90,1,2,3,2,3,0.5330035579465929,-0.5932024486033631,1
9,11,1,1,11,31, , , ,1,4,90, , ,3,2,3,2,1,0.5330035579465929,-0.17989055845746532,3
9,11,2,1,11,31, , , ,1,3,90, , ,3,2,3,2,1,0.5330035579465929,-0.17989055845746532,3
9,11,3,1,11,31, , , ,1,1,2,5,90,3,2,3,2,1,0.5330035579465929,-0.17989055845746532,3
9,12,1,1,11,32, , , ,1,1,90, , ,1,2,3,1,3,0.5330035579465929,-0.6582214190326334,1
9,13,1,1,11,32, , , ,1,1,2,6,90,3,2,3,1,1,0.5330035579465929,-0.602219424572072,1
9,13,2,1,11,32, , , ,1,3,4,5,90,3,2,3,1,1,0.5330035579465929,-0.602219424572072,1
9,13,3,1,11,32, , , ,2, , , , ,3,2,3,1,1,0.5330035579465929,-0.602219424572072,1
9,14,1,1,11,95, , , ,1,1,2,7,8,1,2,3,1,3,0.5330035579465929,-0.6852723469387603,1
9,15,1,1,11,32, , , ,1,1,2,3,5,1,2,3,2,3,0.5330035579465929,-0.48085512086014376,2
9,16,1,1,11,31, , , ,1,3,5,90, ,2,2,3,2,2,0.5330035579465929,-0.5064816456065028,2
9,16,2,1,11,31, , , ,2, , , , ,2,2,3,2,2,0.5330035579465929,-0.5064816456065028,2
9,17,1,1,13,24, , , ,1,1,2,3,90,1,2,3,1,3,0.5330035579465929,-0.5631750565978358,2
9,18,1,1,11,31, , , ,1,1,2,7,8,3,2,3,2,3,0.5330035579465929,-0.47943071770037593,2
9,18,2,1,11,31, , , ,1,4,5,6,90,3,2,3,2,3,0.5330035579465929,-0.47943071770037593,2
9,18,3,1,11,95, , , ,1,3,90, , ,3,2,3,2,3,0.5330035579465929,-0.47943071770037593,2
9,19,1,1,11,31, , , ,1,3,4,1,2,1,2,3,2,1,0.5330035579465929,-0.5961164103052221,1
9,20,1,1,11,32, , , ,1,1,2,9,10,3,2,3,2,3,0.5330035579465929,-0.59549732067786,1
9,20,2,1,11,32, , , ,1,3,11,13,90,3,2,3,2,3,0.5330035579465929,-0.59549732067786,1
9,20,3,1,13,24, , , ,1,4,12,90, ,3,2,3,2,3,0.5330035579465929,-0.59549732067786,1
9,21,1,1,13,6, , , ,1,1,8,3,5,2,2,3,2,1,0.5330035579465929,-0.5716071591690579,2
9,21,2,1,13,6, , , ,1,2,4,6,7,2,2,3,2,1,0.5330035579465929,-0.5716071591690579,2
9,22,1,1,11,32, , , ,1,1,4,5,6,2,2,3,1,3,0.5330035579465929,-0.7003298347767777,1
9,22,2,1,12,8, , , ,1,2,3,7,90,2,2,3,1,3,0.5330035579465929,-0.7003298347767777,1
9,23,1,1,11,32, , , ,1,1,90, , ,1,2,3,1,3,0.5330035579465929,-0.5571345447285273,2
9,24,1,1,11,32, , , ,1,1,2,3,4,1,2,3,1,3,0.5330035579465929,-0.6732789068706508,1
9,25,1,1,13,12, , , ,1,1,2,3,90,1,2,3,2,1,0.5330035579465929,-0.3967254980495267,3
10,1,1,1,12,95, , , ,1,1,2,90, ,2,2,3,2,3,0.8859580919020889,-0.5092370179592823,2
10,1,2,1,11,95, , , ,1,5,90, , ,2,2,3,2,3,0.8859580919020889,-0.5092370179592823,2
10,2,1,1,11,28, , , ,1,1,7,6,90,2,2,3,2,1,0.8859580919020889,-0.7123232748448871,1
10,2,2,1,11,28, , , ,1,3,4,5,2,2,2,3,2,1,0.8859580919020889,-0.7123232748448871,1
10,4,1,1,11,24, , , ,1,4,3,90, ,2,2,3,2,1,0.8859580919020889,-0.6717468829856968,1
10,4,2,1,11,24, , , ,1,1,2,5,90,2,2,3,2,1,0.8859580919020889,-0.6717468829856968,1
10,5,1,1,12,24, , , ,1,1,2,3,90,1,2,3,2,3,0.8859580919020889,-0.5144789679121178,2
10,6,1,1,11,24, , , ,1,1,2,4,5,1,2,3,1,1,0.8859580919020889,-0.62326495815845,1
10,8,1,1,11,24, , , ,1,1,6,7,90,3,2,3,1,3,0.8859580919020889,-0.5691571793534725,2
10,8,2,2,11,24, , , ,1,4,5,90, ,3,2,3,1,3,0.8859580919020889,-0.5691571793534725,2
10,8,3,2,11,12, , , ,1,2,3,90, ,3,2,3,1,3,0.8859580919020889,-0.5691571793534725,2
10,9,1,2,11,95, , , ,1,1,2,5,90,2,2,3,2,1,0.8859580919020889,-0.7033062988761781,1
10,9,2,2,11,95, , , ,1,3,4,6,90,2,2,3,2,1,0.8859580919020889,-0.7033062988761781,1
10,10,1,2,11,24, , , ,1,1,2,90, ,2,2,3,2,3,0.8859580919020889,-0.6672675895581783,1
10,10,2,2,11,24, , , ,1,8,9,90, ,2,2,3,2,3,0.8859580919020889,-0.6672675895581783,1
10,11,1,1,11,95, , , ,1,1,2,6,7,2,2,3,1,3,0.8859580919020889,-0.7123232748448871,1
10,11,2,1,11,95, , , ,1,3,4,5,90,2,2,3,1,3,0.8859580919020889,-0.7123232748448871,1
10,12,1,1,12,95, , , ,1,1,2,3,90,1,2,3,1,3,0.8859580919020889,-0.5759014832949413,1
10,13,1,1,12,95, , , ,1,1,2,4,5,1,2,3,1,1,0.8859580919020889,-0.303519872683344,3
10,15,1,1,11,95, , , ,1,1,2,4,90,1,2,3,1,3,0.8859580919020889,-0.6732789068706508,1
10,16,1,1,11,95, , , ,1,1,2,3,4,1,2,3,2,3,0.8859580919020889,-0.11306424209344479,4
10,17,1,1,11,12, , , ,1,1,90, , ,1,2,3,3,1,0.8859580919020889,-0.6762553709700513,1
10,18,1,1,99,24,9,9, ,1,1,2,5,90,2,2,3,3,1,0.8859580919020889,-0.19283114901304194,3
10,18,2,1,99,24,9,9, ,1,4,3,90, ,2,2,3,3,1,0.8859580919020889,-0.19283114901304194,3
10,19,1,1,11,24, , , ,1,1,2,8,90,1,2,3,1,3,0.8859580919020889,-0.5013776040068803,2
10,20,1,1,11,12, , , ,1,1,2,90, ,1,2,3,1,1,0.8859580919020889,-0.6852723469387603,1
10,21,1,1,11,95, , , ,1,1,2,90, ,2,2,3,3,1,0.8859580919020889,1.0191926495446046,5
10,21,2,1,11,95, , , ,1,3,4,90, ,2,2,3,3,1,0.8859580919020889,1.0191926495446046,5
10,22,1,1,11,95, , , ,1,1,2,5,6,1,2,3,1,3,0.8859580919020889,-0.6426690665653784,1
10,23,1,1,11,95, , , ,1,1,2,3,4,1,2,3,2,3,0.8859580919020889,-0.6852723469387603,1
10,24,1,1,11,14, , , ,1,1,2,3,4,1,2,3,2,3,0.8859580919020889,-0.13277879009972884,4
10,25,1,1,11,95, , , ,1,3,4,90, ,2,2,3,1,1,0.8859580919020889,-0.510022776370791,2
10,25,2,1,11,95, , , ,1,1,2,5,90,2,2,3,1,1,0.8859580919020889,-0.510022776370791,2
11,1,1,1,11,30, , , ,1,1,2,3,90,1,2,3,2,1,0.49729441098926414,-0.5751684966659452,1
11,2,1,1,11,95, , , ,1,1,2,11,90,3,2,3,2,3,0.49729441098926414,-0.46282116892272585,2
11,2,2,2,11,95, , , ,1,4,5,12,90,3,2,3,2,3,0.49729441098926414,-0.46282116892272585,2
11,2,3,2,11,95, , , ,1,7,9,90, ,3,2,3,2,3,0.49729441098926414,-0.46282116892272585,2
11,3,1,1,11,32, , , ,1,1,2,5,6,1,2,3,1,3,0.49729441098926414,-0.5676835445821903,2
11,4,1,1,11,30, , , ,1,1,4,3,90,2,2,3,1,1,0.49729441098926414,-0.3183323067824472,3
11,4,2,1,12,9, , , ,2, , , , ,2,2,3,1,1,0.49729441098926414,-0.3183323067824472,3
11,5,1,1,11,32, , , ,1,1,2,5,90,2,2,3,2,1,0.49729441098926414,-0.6822958828393598,1
11,5,2,1,13,24, , , ,1,3,4,90, ,2,2,3,2,1,0.49729441098926414,-0.6822958828393598,1
11,6,1,1,12,19, , , ,1,1,2,4,5,1,2,3,2,3,0.49729441098926414,-0.15124058684521952,4
11,7,1,1,11,32, , , ,1,1,2,90, ,3,2,3,1,3,0.49729441098926414,-0.5631750565978358,2
11,7,2,1,11,32, , , ,1,5,90, , ,3,2,3,1,3,0.49729441098926414,-0.5631750565978358,2
11,7,3,1,13,26, , , ,1,3,4,6,90,3,2,3,1,3,0.49729441098926414,-0.5631750565978358,2
11,8,1,1,13,13, , , ,1,1,2,0,15,3,2,3,2,3,0.49729441098926414,-0.053093780720846084,4
11,8,2,1,13,13, , , ,1,11,14,90, ,3,2,3,2,3,0.49729441098926414,-0.053093780720846084,4
11,8,3,1,13,13, , , ,1,3,5,6,90,3,2,3,2,3,0.49729441098926414,-0.053093780720846084,4
11,9,1,1,11,26, , , ,1,1,90, , ,1,2,3,1,1,0.49729441098926414,-0.2006872289814878,3
11,10,1,1,11,32, , , ,1,1,2,5,90,2,2,3,1,3,0.49729441098926414,0.2705487813547147,4
11,10,2,1,11,32, , , ,1,9,4,3,90,2,2,3,1,3,0.49729441098926414,0.2705487813547147,4
11,11,1,1,11,95, , , ,1,1,2,3,4,1,2,3,1,1,0.49729441098926414,-0.5557043109592168,2
11,12,1,1,13,3, , , ,1,1,2,6,90,1,2,3,2,3,0.49729441098926414,-0.3056336400820398,3
11,13,1,1,13,12, , , ,1,1,2,7,8,2,2,3,1,3,0.49729441098926414,-0.5721920325665447,2
11,13,2,1,13,12, , , ,1,3,4,5,6,2,2,3,1,3,0.49729441098926414,-0.5721920325665447,2
11,14,1,1,12,11, , , ,1,1,2,3,4,2,2,3,2,1,0.49729441098926414,-0.5836005992371673,1
11,14,2,1,11,27, , , ,1,5,90, , ,2,2,3,2,1,0.49729441098926414,-0.5836005992371673,1
11,15,1,1,11,95, , , ,1,1,2,3,4,1,2,3,2,3,0.49729441098926414,-0.6717468829856968,1
11,16,1,1,11,95, , , ,1,5,9,10,90,3,2,3,3,1,0.49729441098926414,-0.2713731605273539,3
11,16,2,1,11,95, , , ,1,1,2,7,90,3,2,3,3,1,0.49729441098926414,-0.2713731605273539,3
11,16,3,1,11,95, , , ,1,4,12,8,90,3,2,3,3,1,0.49729441098926414,-0.2713731605273539,3
11,17,1,1,11,32, , , ,1,4,5,90, ,2,2,3,2,1,0.49729441098926414,-0.6597534429175875,1
11,17,2,1,13,13, , , ,1,1,2,3,90,2,2,3,2,1,0.49729441098926414,-0.6597534429175875,1
11,18,1,1,13,24, , , ,1,4,5,10,90,3,2,3,2,1,0.49729441098926414,-0.41564633760018893,3
11,18,2,1,13,24, , , ,1,3,9,6,13,3,2,3,2,1,0.49729441098926414,-0.41564633760018893,3
11,18,3,1,13,10, , , ,1,1,2,90, ,3,2,3,2,1,0.49729441098926414,-0.41564633760018893,3
11,19,1,1,11,95, , , ,1,3,4,90, ,2,2,3,1,3,0.49729441098926414,-0.6913128588080688,1
11,19,2,1,11,95, , , ,1,1,2,5,6,2,2,3,1,3,0.49729441098926414,-0.6913128588080688,1
11,20,1,1,11,27, , , ,1,2,90, , ,1,2,3,2,1,0.49729441098926414,-0.5716071591690579,2
11,21,1,1,11,32, , , ,1,1,2,90, ,1,2,3,2,3,0.49729441098926414,-0.6680012431908853,1
11,22,1,1,13,13, , , ,1,1,2,90, ,2,2,3,2,2,0.49729441098926414,-0.04581403449356728,4
11,22,2,1,13,13, , , ,1,3,6,90, ,2,2,3,2,2,0.49729441098926414,-0.04581403449356728,4
11,23,1,1,11,95, , , ,1,1,2,5,90,2,2,3,2,2,0.49729441098926414,-0.5819419951642498,1
11,23,2,1,11,95, , , ,1,3,4,90, ,2,2,3,2,2,0.49729441098926414,-0.5819419951642498,1
11,24,1,1,12,24, , , ,1,2,6,90, ,3,2,3,2,2,0.49729441098926414,-0.6732789068706508,1
11,24,2,1,12,24, , , ,1,5,90, , ,3,2,3,2,2,0.49729441098926414,-0.6732789068706508,1
11,24,3,1,13,12, , , ,1,1,3,8,7,3,2,3,2,2,0.49729441098926414,-0.6732789068706508,1
11,25,1,1,13,1, , , ,1,1,2,90, ,3,2,3,2,1,0.49729441098926414,0.2030000880775044,4
11,25,2,1,13,1, , , ,1,5,8,90, ,3,2,3,2,1,0.49729441098926414,0.2030000880775044,4
11,25,3,1,13,1, , , ,1,9,7,10,90,3,2,3,2,1,0.49729441098926414,0.2030000880775044,4
12,1,1,1,11,32, , , ,1,1,2,7,6,2,2,3,2,3,0.7345962385282666,-0.6868043708237143,1
12,1,2,1,11,32, , , ,1,3,11,90, ,2,2,3,2,3,0.7345962385282666,-0.6868043708237143,1
12,2,1,1,11,32, , , ,1,2,4,5,90,1,2,3,3,1,0.7345962385282666,-0.04500041579963752,4
12,3,1,1,11,31, , , ,1,1,2,90, ,1,2,3,2,1,0.7345962385282666,-0.6672383950013424,1
12,4,1,1,11,32, , , ,1,1,2,6,90,1,2,3,1,3,0.7345962385282666,-0.6732789068706508,1
12,5,1,1,11,32, , , ,2, , , , ,1,2,3,1,1,0.7345962385282666,-0.655244954933233,1
12,7,1,1,98,16,2,2, ,1,1,2,3,90,1,2,3,3,1,0.7345962385282666,-0.664261930901942,1
12,8,1,1,12,95, , , ,1,1,2,5,6,1,2,3,2,3,0.7345962385282666,-0.6913128588080688,1
12,9,1,1,11,32, , , ,1,1,2,3,4,1,2,3,1,3,0.7345962385282666,-0.6732789068706508,1
12,10,1,1,11,32, , , ,1,1,2,9,90,2,2,3,1,3,0.7345962385282666,-0.6897808349231148,1
12,10,2,1,11,32, , , ,1,3,4,5,90,2,2,3,1,3,0.7345962385282666,-0.6897808349231148,1
12,11,1,1,11,95, , , ,2, , , , ,2,2,3,3,1,0.7345962385282666,-0.052170594820207944,4
12,11,2,1,11,95, , , ,2, , , , ,2,2,3,3,1,0.7345962385282666,-0.052170594820207944,4
12,12,1,1,11,32, , , ,1,1,2,3,4,1,2,3,1,3,0.7345962385282666,-0.6822958828393598,1
12,13,1,1,11,32, , , ,1,1,2,3,4,1,2,3,1,3,0.7345962385282666,-0.6732789068706508,1
12,14,1,1,11,32, , , ,1,1,2,90, ,1,2,3,1,1,0.7345962385282666,-0.655244954933233,1
12,15,1,1,11,32, , , ,1,1,2,4,5,2,2,3,9,1,0.7345962385282666,-0.5586665686134814,2
12,15,2,1,11,32, , , ,2, , , , ,2,2,3,9,1,0.7345962385282666,-0.5586665686134814,2
12,16,1,1,12,95, , , ,1,1,2,5,90,1,2,3,2,1,0.7345962385282666,-0.6822958828393598,1
12,17,1,1,13,95, , , ,1,1,2,3,90,1,2,3,1,1,0.7345962385282666,-0.5631750565978358,2
12,18,1,1,11,32, , , ,1,1,2,5,6,2,2,3,2,1,0.7345962385282666,-0.25145102304405686,3
12,18,2,1,11,32, , , ,1,3,4,90, ,2,2,3,2,1,0.7345962385282666,-0.25145102304405686,3
12,19,1,1,11,32, , , ,1,1,2,3,4,1,2,3,1,3,0.7345962385282666,-0.5721920325665447,2
12,20,1,1,11,95, , , ,1,1,2,9,10,2,2,3,1,1,0.7345962385282666,-0.41175379133070833,3
12,20,2,1,11,95, , , ,1,3,11,14,90,2,2,3,1,1,0.7345962385282666,-0.41175379133070833,3
12,21,1,1,13,24, , , ,1,2,90, , ,3,2,3,2,1,0.7345962385282666,0.14869654475270447,4
12,21,2,1,11,32, , , ,1,4,90, , ,3,2,3,2,1,0.7345962385282666,0.14869654475270447,4
12,21,3,1,13,24, , , ,1,3,90, , ,3,2,3,2,1,0.7345962385282666,0.14869654475270447,4
12,22,1,1,11,32, , , ,1,1,2,5,90,2,2,3,2,1,0.7345962385282666,-0.6942893229074693,1
12,22,2,1,11,32, , , ,1,3,4,90, ,2,2,3,2,1,0.7345962385282666,-0.6942893229074693,1
12,23,1,1,11,32, , , ,1,2,3,1,90,1,2,3,1,1,0.7345962385282666,-0.6702440536575787,1
12,24,1,1,11,32, , , ,1,1,2,90, ,1,2,3,1,3,0.7345962385282666,-0.14270846927065117,4
12,25,1,1,11,32, , , ,1,1,2,4,5,1,2,3,1,3,0.7345962385282666,-0.41778449372735343,3
13,1,1,2,11,95, , , ,1,1,2,6,7,2,2,3,2,1,0.8403133600846416,-0.5108825128656711,2
13,1,2,2,11,95, , , ,1,3,4,5,90,2,2,3,2,1,0.8403133600846416,-0.5108825128656711,2
13,2,1,1,11,95, , , ,1,1,2,6,7,3,2,3,1,1,0.8403133600846416,-0.6852723469387603,1
13,2,2,1,11,95, , , ,2, , , , ,3,2,3,1,1,0.8403133600846416,-0.6852723469387603,1
13,2,3,1,11,95, , , ,2, , , , ,3,2,3,1,1,0.8403133600846416,-0.6852723469387603,1
13,3,1,1,11,95, , , ,1,1,90, , ,1,2,3,3,1,0.8403133600846416,0.687248796618231,5
13,4,1,2,11,95, , , ,2, , , , ,2,2,3,3,1,0.8403133600846416,0.4176479415051126,4
13,4,2,2,13,95, , , ,2, , , , ,2,2,3,3,1,0.8403133600846416,0.4176479415051126,4
13,5,1,1,11,95, , , ,1,1,2,4,5,1,2,3,1,1,0.8403133600846416,-0.5932024486033631,1
13,6,1,1,11,95, , , ,1,1,2,5,90,2,2,3,2,1,0.8403133600846416,-0.43142604554542957,2
13,6,2,1,12,9, , , ,1,3,4,90, ,2,2,3,2,1,0.8403133600846416,-0.43142604554542957,2
13,7,1,1,11,95, , , ,1,1,2,90, ,1,2,3,1,3,0.8403133600846416,-0.5721920325665447,2
13,8,1,1,11,95, , , ,1,1,2,5,6,2,2,3,1,1,0.8403133600846416,-0.5248633002597597,2
13,8,2,1,12,95, , , ,1,3,4,90, ,2,2,3,1,1,0.8403133600846416,-0.5248633002597597,2
13,10,1,1,11,95, , , ,1,1,2,90, ,3,2,3,3,1,0.8403133600846416,-0.37986321422690267,3
13,10,2,1,11,95, , , ,1,4,5,90, ,3,2,3,3,1,0.8403133600846416,-0.37986321422690267,3
13,10,3,1,11,95, , , ,1,6,90, , ,3,2,3,3,1,0.8403133600846416,-0.37986321422690267,3
13,11,1,1,13,24, , , ,1,1,2,3,90,1,2,3,1,1,0.8403133600846416,-0.017949487893510627,4
13,12,1,1,21,95, ,2, ,1,2,1,3,4,3,2,3,1,1,0.8403133600846416,-0.27877633992279643,3
13,12,2,1,13,14, , , ,1,5,6,90, ,3,2,3,1,1,0.8403133600846416,-0.27877633992279643,3
13,12,3,1,13,23, , , ,2, , , , ,3,2,3,1,1,0.8403133600846416,-0.27877633992279643,3
13,13,1,1,12,12, , , ,1,1,2,3,4,2,2,3,2,1,0.8403133600846416,-0.6852723469387603,1
13,13,2,1,11,24, , , ,2, , , , ,2,2,3,2,1,0.8403133600846416,-0.6852723469387603,1
13,14,1,1,11,95, , , ,1,1,2,3,4,1,2,3,3,1,0.8403133600846416,0.16441715828862769,4
13,15,1,1,11,95, , , ,1,1,2,90, ,1,2,3,1,3,0.8403133600846416,-0.4724870960793436,2
13,16,1,1,11,24, , , ,1,1,2,3,4,1,2,3,2,1,0.8403133600846416,-0.6852723469387603,1
13,18,1,1,11,95, , , ,1,1,2,8,9,3,2,3,3,1,0.8403133600846416,0.4364134994843891,5
13,18,2,1,11,95, , , ,1,5,6,7,90,3,2,3,3,1,0.8403133600846416,0.4364134994843891,5
13,18,3,1,11,95, , , ,1,3,4,90, ,3,2,3,3,1,0.8403133600846416,0.4364134994843891,5
13,19,1,1,11,95, , , ,1,1,8,90, ,3,2,3,1,1,0.8403133600846416,-0.6852723469387603,1
13,19,2,1,11,95, , , ,1,2,5,90, ,3,2,3,1,1,0.8403133600846416,-0.6852723469387603,1
13,19,3,1,11,95, , , ,1,3,4,7,90,3,2,3,1,1,0.8403133600846416,-0.6852723469387603,1
13,20,1,1,11,95, , , ,1,1,90, , ,1,2,3,3,1,0.8403133600846416,-0.5273522064619142,2
13,21,1,9,11,95, , , ,1,1,2,6,7,1,2,3,1,1,0.8403133600846416,-0.611236400540781,1
13,22,1,1,11,95, , , ,1,1,2,5,90,2,2,3,2,1,0.8403133600846416,-0.6807638589544058,1
13,22,2,1,11,95, , , ,1,3,6,7,90,2,2,3,2,1,0.8403133600846416,-0.6807638589544058,1
13,23,1,1,11,95, , , ,1,1,2,5,90,2,2,3,2,1,0.8403133600846416,-0.6942893229074693,1
13,23,2,1,11,95, , , ,1,3,4,90, ,2,2,3,2,1,0.8403133600846416,-0.6942893229074693,1
13,24,1,2,11,95, , , ,1,1,2,7,8,3,2,3,2,1,0.8403133600846416,-0.37615376349850604,3
13,24,2,1,11,95, , , ,1,4,5,6,90,3,2,3,2,1,0.8403133600846416,-0.37615376349850604,3
13,24,3,2,11,95, , , ,1,3,90, , ,3,2,3,2,1,0.8403133600846416,-0.37615376349850604,3
13,25,1,1,11,95, , , ,1,1,2,3,90,2,2,3,1,3,0.8403133600846416,-0.6762553709700513,1
13,25,2,1,11,95, , , ,1,4,5,6,90,2,2,3,1,3,0.8403133600846416,-0.6762553709700513,1
14,1,1,1,11,95, , , ,1,2,3,5,90,2,2,3,1,1,0.8089146538376634,-0.44475154849810206,2
14,1,2,1,11,24, , , ,1,1,4,6,90,2,2,3,1,1,0.8089146538376634,-0.44475154849810206,2
14,2,1,1,13,95, , , ,1,1,2,3,90,1,2,3,1,1,0.8089146538376634,-0.41770062059197516,3
14,3,1,1,11,95, , , ,2, , , , ,3,2,3,1,1,0.8089146538376634,0.07141274974808734,4
14,3,2,1,11,95, , , ,2, , , , ,3,2,3,1,1,0.8089146538376634,0.07141274974808734,4
14,3,3,1,11,95, , , ,2, , , , ,3,2,3,1,1,0.8089146538376634,0.07141274974808734,4
14,4,1,1,11,95, , , ,1,2,6,90, ,2,2,3,1,3,0.8089146538376634,-0.2047241341045641,3
14,4,2,1,11,95, , , ,1,4,5,90, ,2,2,3,1,3,0.8089146538376634,-0.2047241341045641,3
14,5,1,1,11,24, , , ,1,1,2,5,6,2,2,3,2,1,0.8089146538376634,-0.5638723747396261,2
14,5,2,1,11,24, , , ,1,3,4,90, ,2,2,3,2,1,0.8089146538376634,-0.5638723747396261,2
14,6,1,1,13,24, , , ,1,1,3,4,90,2,2,3,1,1,0.8089146538376634,-0.15884414414027348,4
14,6,2,1,13,24, , , ,1,2,90, , ,2,2,3,1,1,0.8089146538376634,-0.15884414414027348,4
14,7,1,2,13,15, , , ,1,1,2,3,90,2,2,3,2,1,0.8089146538376634,0.43085876562451214,4
14,7,2,2,13,15, , , ,2, , , , ,2,2,3,2,1,0.8089146538376634,0.43085876562451214,4
14,8,1,1,11,95, , , ,1,5,9,10,90,6,2,3,2,1,0.8089146538376634,0.05264138481740453,4
14,8,2,2,11,95, , , ,1,3,90, , ,6,2,3,2,1,0.8089146538376634,0.05264138481740453,4
14,8,3,2,11,95, , , ,1,1,2,90, ,6,2,3,2,1,0.8089146538376634,0.05264138481740453,4
14,8,4,2,11,95, , , ,1,7,8,90, ,6,2,3,2,1,0.8089146538376634,0.05264138481740453,4
14,8,5,2,11,95, , , ,1,6,90, , ,6,2,3,2,1,0.8089146538376634,0.05264138481740453,4
14,8,6,1,11,95, , , ,2, , , , ,6,2,3,2,1,0.8089146538376634,0.05264138481740453,4
14,11,1,1,11,30, , , ,1,2,3,4,5,1,2,3,1,1,0.8089146538376634,-0.43573457252939307,2
14,12,1,1,11,95, , , ,1,1,2,6,7,2,2,3,2,2,0.8089146538376634,-0.5054263234562031,2
14,12,2,1,11,95, , , ,1,3,4,5,90,2,2,3,2,2,0.8089146538376634,-0.5054263234562031,2
14,14,1,1,13,24, , , ,1,1,2,8,9,1,2,3,3,1,0.8089146538376634,-0.26443950642873426,3
14,16,1,1,11,24, , , ,1,1,2,8,9,2,2,3,2,1,0.8089146538376634,-0.5323129588491448,2
14,16,2,1,11,95, , , ,1,7,4,5,6,2,2,3,2,1,0.8089146538376634,-0.5323129588491448,2
14,17,1,1,11,25, , , ,1,1,2,90, ,1,2,3,1,1,0.8089146538376634,-0.33615737453329037,3
14,18,1,1,11,95, , , ,1,3,7,8,9,1,2,3,2,1,0.8089146538376634,-0.26780156973713815,3
14,20,1,1,11,25, , , ,1,1,2,5,90,2,2,3,1,1,0.8089146538376634,-0.335380684854283,3
14,20,2,1,11,25, , , ,1,3,4,90, ,2,2,3,1,1,0.8089146538376634,-0.335380684854283,3
14,22,1,1,11,12, , , ,1,1,2,6,90,1,2,3,1,1,0.8089146538376634,-0.3173467329168651,3
14,23,1,1,12,95, , , ,1,1,2,4,90,1,2,3,2,1,0.8089146538376634,-0.04985887970545797,4
15,2,1,1,12,18, , , ,1,1,2,3,90,1,2,3,2,3,0.5411030412014123,-0.6148328555872278,1
15,5,1,1,11,6, , , ,2, , , , ,2,2,3,1,3,0.5411030412014123,-0.14437313665291857,4
15,5,2,1,12,17, , , ,1,1,2,3,4,2,2,3,1,3,0.5411030412014123,-0.14437313665291857,4
15,6,1,1,13,4, , , ,1,2,3,4,90,2,2,3,2,3,0.5411030412014123,-0.16057253168357408,4
15,6,2,1,13,4, , , ,2, , , , ,2,2,3,2,3,0.5411030412014123,-0.16057253168357408,4
15,7,1,1,12,26, , , ,1,1,2,3,4,1,2,3,2,1,0.5411030412014123,0.14372151531499386,4
15,8,1,1,11,14, , , ,1,1,2,90, ,1,2,3,1,1,0.5411030412014123,0.021779287068713474,4
15,9,1,1,12,95, , , ,1,1,2,90, ,1,2,3,3,1,0.5411030412014123,-0.03847476600316455,4
15,10,1,1,11,24, , , ,1,1,2,3,5,1,2,3,3,1,0.5411030412014123,-0.28134041686727507,3
15,11,1,1,13,95, , , ,1,1,2,90, ,1,2,3,2,1,0.5411030412014123,-0.1669692052138076,4
15,12,1,1,12,95, , , ,1,1,2,6,90,2,2,3,2,1,0.5411030412014123,-0.5759014832949413,1
15,12,2,1,12,95, , , ,1,4,5,90, ,2,2,3,2,1,0.5411030412014123,-0.5759014832949413,1
15,14,1,1,11,95, , , ,1,1,3,6,90,2,2,3,2,1,0.5411030412014123,-0.5751684966659452,1
15,14,2,1,11,95, , , ,1,2,4,5,90,2,2,3,2,1,0.5411030412014123,-0.5751684966659452,1
15,15,1,1,11,95, , , ,1,1,90, , ,3,2,3,2,1,0.5411030412014123,0.27447242892043444,4
15,15,2,1,11,95, , , ,1,3,5,9,11,3,2,3,2,1,0.5411030412014123,0.27447242892043444,4
15,15,3,1,11,95, , , ,1,2,7,8,12,3,2,3,2,1,0.5411030412014123,0.27447242892043444,4
15,17,1,1,11,24, , , ,1,1,3,2,90,2,2,3,2,1,0.5411030412014123,-0.6732789068706508,1
15,17,2,1,11,14, , , ,2, , , , ,2,2,3,2,1,0.5411030412014123,-0.6732789068706508,1
15,18,1,1,11,24, , , ,1,9,10,90, ,4,2,3,3,1,0.5411030412014123,0.3236521487440163,4
15,18,2,1,11,24, , , ,1,3,4,90, ,4,2,3,3,1,0.5411030412014123,0.3236521487440163,4
15,18,3,1,11,24, , , ,1,11,90, , ,4,2,3,3,1,0.5411030412014123,0.3236521487440163,4
15,18,4,1,11,24, , , ,1,1,2,7,8,4,2,3,3,1,0.5411030412014123,0.3236521487440163,4
15,19,1,1,12,95, , , ,1,1,2,3,4,1,2,3,2,1,0.5411030412014123,0.21893379177269187,4
15,20,1,1,11,24, , , ,1,1,90, , ,1,2,3,1,1,0.5411030412014123,-0.6822958828393598,1
15,21,1,1,11,95, , , ,1,1,2,90, ,2,2,3,2,1,0.5411030412014123,-0.48971648219930036,2
15,21,2,1,11,95, , , ,1,3,6,7,8,2,2,3,2,1,0.5411030412014123,-0.48971648219930036,2
15,22,1,1,11,95, , , ,1,1,5,90, ,3,2,3,2,3,0.5411030412014123,0.11755909363431225,4
15,22,2,1,11,95, , , ,1,3,6,90, ,3,2,3,2,3,0.5411030412014123,0.11755909363431225,4
15,22,3,1,11,95, , , ,1,2,7,8,90,3,2,3,2,3,0.5411030412014123,0.11755909363431225,4
15,23,1,1,11,95, , , ,1,1,2,7,8,4,2,3,1,3,0.5411030412014123,-0.33296034341619857,3
15,23,2,1,11,95, , , ,1,3,6,9,90,4,2,3,1,3,0.5411030412014123,-0.33296034341619857,3
15,23,3,1,11,95, , , ,1,4,5,90, ,4,2,3,1,3,0.5411030412014123,-0.33296034341619857,3
15,23,4,1,11,95, , , ,1,10,90, , ,4,2,3,1,3,0.5411030412014123,-0.33296034341619857,3
15,24,1,1,11,24, , , ,1,3,4,90, ,2,2,3,2,1,0.5411030412014123,-0.20531268134184358,3
15,24,2,1,11,24, , , ,1,1,2,5,90,2,2,3,2,1,0.5411030412014123,-0.20531268134184358,3
15,25,1,1,11,95, , , ,1,1,2,90, ,1,2,3,1,1,0.5411030412014123,-0.2764689447772172,3
16,1,1,1,11,95, , , ,1,1,2,3,4,1,2,3,2,3,0.5623295854085045,-0.5716071591690579,2
16,2,1,1,11,95, , , ,1,1,2,3,90,2,2,3,2,1,0.5623295854085045,-0.664261930901942,1
16,2,2,1,11,95, , , ,2, , , , ,2,2,3,2,1,0.5623295854085045,-0.664261930901942,1
16,3,1,1,11,95, , , ,1,1,2,90, ,1,2,3,1,3,0.5623295854085045,-0.5721920325665447,2
16,4,1,1,11,95, , , ,1,1,4,90, ,1,2,3,1,3,0.5623295854085045,-0.672694033473164,1
16,5,1,1,11,95, , , ,1,1,2,3,4,1,2,3,2,3,0.5623295854085045,0.16117545333334893,4
16,7,1,1,13,95, , , ,1,1,90, , ,3,2,3,2,3,0.5623295854085045,-0.35296237238882483,3
16,7,2,1,13,95, , , ,1,2,7,90, ,3,2,3,2,3,0.5623295854085045,-0.35296237238882483,3
16,7,3,1,13,95, , , ,1,3,4,5,90,3,2,3,2,3,0.5623295854085045,-0.35296237238882483,3
16,8,1,1,11,6, , , ,1,1,2,3,4,2,2,3,1,3,0.5623295854085045,-0.6822958828393598,1
16,8,2,1,11,6, , , ,2, , , , ,2,2,3,1,3,0.5623295854085045,-0.6822958828393598,1
16,9,1,1,13,12, , , ,1,1,2,90, ,2,2,3,1,3,0.5623295854085045,-0.655244954933233,1
16,9,2,1,13,12, , , ,2, , , , ,2,2,3,1,3,0.5623295854085045,-0.655244954933233,1
16,10,1,1,11,95, , , ,1,1,2,4,5,1,2,3,1,3,0.5623295854085045,-0.6597534429175875,1
16,11,1,1,11,95, , , ,1,1,2,7,8,2,2,3,1,3,0.5623295854085045,-0.6732789068706508,1
16,11,2,1,11,95, , , ,1,4,6,90, ,2,2,3,1,3,0.5623295854085045,-0.6732789068706508,1
16,13,1,1,11,18, , , ,1,1,2,3,4,1,2,3,2,3,0.5623295854085045,-0.6732789068706508,1
16,14,1,1,11,9, , , ,1,1,3,90, ,2,2,3,1,1,0.5623295854085045,-0.6418837834933547,1
16,14,2,1,11,9, , , ,1,4,6,90, ,2,2,3,1,1,0.5623295854085045,-0.6418837834933547,1
16,16,1,1,11,24, , , ,1,1,2,6,5,2,2,3,2,1,0.5623295854085045,-0.6913128588080688,1
16,16,2,1,11,24, , , ,1,3,4,90, ,2,2,3,2,1,0.5623295854085045,-0.6913128588080688,1
16,17,1,1,11,95, , , ,1,1,2,90, ,3,2,3,1,3,0.5623295854085045,-0.42240906957672064,2
16,17,2,1,11,95, , , ,1,4,11,12,90,3,2,3,1,3,0.5623295854085045,-0.42240906957672064,2
16,17,3,1,11,95, , , ,1,6,8,9,10,3,2,3,1,3,0.5623295854085045,-0.42240906957672064,2
16,18,1,1,11,95, , , ,1,1,2,6,5,2,2,3,2,3,0.5623295854085045,-0.5407969091892485,2
16,18,2,2,11,95, , , ,2, , , , ,2,2,3,2,3,0.5623295854085045,-0.5407969091892485,2
16,19,1,1,13,5, , , ,1,1,2,90, ,2,2,3,1,3,0.5623295854085045,-0.6822958828393598,1
16,19,2,1,11,1, , , ,1,3,4,5,90,2,2,3,1,3,0.5623295854085045,-0.6822958828393598,1
16,20,1,1,13,95, , , ,1,3,11,90, ,1,2,3,2,1,0.5623295854085045,-0.5609208126056586,2
16,21,1,1,11,24, , , ,1,3,90, , ,3,2,3,2,1,0.5623295854085045,-0.6687704188862964,1
16,21,2,1,11,24, , , ,1,4,90, , ,3,2,3,2,1,0.5623295854085045,-0.6687704188862964,1
16,21,3,1,11,24, , , ,1,1,5,6,7,3,2,3,2,1,0.5623295854085045,-0.6687704188862964,1
16,22,1,1,11,95, , , ,1,2,6,7,90,3,2,3,2,1,0.5623295854085045,-0.62326495815845,1
16,22,2,1,11,95, , , ,1,1,3,4,5,3,2,3,2,1,0.5623295854085045,-0.62326495815845,1
16,22,3,2,11,95, , , ,2, , , , ,3,2,3,2,1,0.5623295854085045,-0.62326495815845,1
16,23,1,1,13,95, , , ,1,1,2,3,4,2,2,3,2,1,0.5623295854085045,-0.5721920325665447,2
16,23,2,1,11,18, , , ,2, , , , ,2,2,3,2,1,0.5623295854085045,-0.5721920325665447,2
16,24,1,1,11,24, , , ,1,1,2,90, ,3,2,3,1,1,0.5623295854085045,-0.6597534429175875,1
16,24,2,1,11,24, , , ,1,3,4,5,90,3,2,3,1,1,0.5623295854085045,-0.6597534429175875,1
16,24,3,1,11,24, , , ,2, , , , ,3,2,3,1,1,0.5623295854085045,-0.6597534429175875,1
16,25,1,1,11,95, , , ,1,1,3,4,90,1,2,3,1,3,0.5623295854085045,0.09026234588798976,4
17,1,1,1,13,27, , , ,1,1,2,5,6,2,2,3,2,1,0.5667714852202279,-0.2045467657779335,3
17,1,2,1,11,95, , , ,1,3,4,90, ,2,2,3,2,1,0.5667714852202279,-0.2045467657779335,3
17,2,1,1,12,95, , , ,1,1,2,90, ,2,2,3,1,3,0.5667714852202279,0.009594190834330494,4
17,2,2,1,11,95, , , ,1,3,4,90, ,2,2,3,1,3,0.5667714852202279,0.009594190834330494,4
17,3,1,1,13,95, , , ,1,2,3,4,5,1,2,3,1,3,0.5667714852202279,-0.45349423485599094,2
17,4,1,1,13,95, , , ,1,1,2,6,7,1,2,3,1,3,0.5667714852202279,-0.5992429604726716,1
17,5,1,1,13,28, , , ,1,1,2,3,90,1,2,3,2,3,0.5667714852202279,-0.3002983548450293,3
17,6,1,1,11,95, , , ,1,4,5,6,8,3,2,3,2,3,0.5667714852202279,-0.664261930901942,1
17,6,2,1,11,95, , , ,1,3,7,90, ,3,2,3,2,3,0.5667714852202279,-0.664261930901942,1
17,6,3,1,11,95, , , ,1,9,90, , ,3,2,3,2,3,0.5667714852202279,-0.664261930901942,1
17,7,1,1,13,95, , , ,1,2,6,7,8,1,2,3,1,3,0.5667714852202279,-0.3185773605213615,3
17,8,1,1,11,95, , , ,2, , , , ,2,2,3,2,3,0.5667714852202279,-0.2607368594238752,3
17,8,2,1,11,95, , , ,2, , , , ,2,2,3,2,3,0.5667714852202279,-0.2607368594238752,3
17,10,1,1,11,95, , , ,1,1,2,6,7,1,2,3,1,3,0.5667714852202279,-0.49874640721929103,2
17,11,1,1,11,26, , , ,1,1,2,90, ,3,2,3,1,3,0.5667714852202279,-0.2882757202200841,3
17,11,2,1,11,26, , , ,1,3,8,90, ,3,2,3,1,3,0.5667714852202279,-0.2882757202200841,3
17,11,3,1,11,26, , , ,1,4,5,6,7,3,2,3,1,3,0.5667714852202279,-0.2882757202200841,3
17,12,1,1,12,12, , , ,1,1,2,8,90,2,2,3,1,3,0.5667714852202279,0.5305357790179133,5
17,12,2,1,12,12, , , ,1,3,9,10,90,2,2,3,1,3,0.5667714852202279,0.5305357790179133,5
17,13,1,1,13,95, , , ,1,6,5,1,2,5,2,3,2,3,0.5667714852202279,-0.032054170127191854,4
17,13,2,1,11,95, , , ,1,8,90, , ,5,2,3,2,3,0.5667714852202279,-0.032054170127191854,4
17,13,3,1,11,95, , , ,1,3,90, , ,5,2,3,2,3,0.5667714852202279,-0.032054170127191854,4
17,13,4,1,11,95, , , ,2, , , , ,5,2,3,2,3,0.5667714852202279,-0.032054170127191854,4
17,13,5,1,11,95, , , ,2, , , , ,5,2,3,2,3,0.5667714852202279,-0.032054170127191854,4
17,14,1,1,12,95, , , ,1,1,2,3,4,1,2,3,1,3,0.5667714852202279,-0.5716071591690579,2
17,15,1,1,11,24, , , ,1,2,9,8,90,4,2,3,2,3,0.5667714852202279,0.16984925732048256,4
17,15,2,1,11,24, , , ,1,4,90, , ,4,2,3,2,3,0.5667714852202279,0.16984925732048256,4
17,15,3,1,11,24, , , ,1,5,90, , ,4,2,3,2,3,0.5667714852202279,0.16984925732048256,4
17,15,4,1,11,24, , , ,1,3,90, , ,4,2,3,2,3,0.5667714852202279,0.16984925732048256,4
17,16,1,1,11,95, , , ,1,3,90, , ,2,2,3,3,1,0.5667714852202279,0.018978015777136852,4
17,16,2,1,11,95, , , ,1,1,7,6,90,2,2,3,3,1,0.5667714852202279,0.018978015777136852,4
17,17,1,1,11,95, , , ,1,1,2,9,7,1,2,3,1,3,0.5667714852202279,-0.5468239966677904,2
17,18,1,1,11,95, , , ,1,1,2,3,4,1,2,3,1,1,0.5667714852202279,-0.5721920325665447,2
17,19,1,1,11,95, , , ,1,1,2,3,4,1,2,3,2,3,0.5667714852202279,-0.672694033473164,1
17,20,1,1,11,95, , , ,1,1,2,7,90,2,2,3,3,1,0.5667714852202279,-0.0710185282105839,4
17,20,2,1,11,95, , , ,1,4,5,6,90,2,2,3,3,1,0.5667714852202279,-0.0710185282105839,4
17,22,1,1,11,24, , , ,1,1,2,90, ,3,2,3,2,1,0.5667714852202279,0.02961891258327297,4
17,22,2,1,13,95, , , ,1,5,7,8,9,3,2,3,2,1,0.5667714852202279,0.02961891258327297,4
17,22,3,1,13,95, , , ,1,3,6,4,90,3,2,3,2,1,0.5667714852202279,0.02961891258327297,4
17,23,1,1,11,95, , , ,1,1,2,3,4,1,2,3,1,3,0.5667714852202279,-0.5812090085352537,1
17,24,1,1,11,95, , , ,1,1,2,4,3,2,2,3,1,3,0.5667714852202279,-0.6732789068706508,1
17,24,2,1,11,95, , , ,2, , , , ,2,2,3,1,3,0.5667714852202279,-0.6732789068706508,1
17,25,1,1,12,95, , , ,1,1,2,3,90,1,2,3,1,1,0.5667714852202279,-0.27925874425137515,3
18,2,1,1,11,95, , , ,1,1,2,90, ,1,2,3,1,3,0.5076091475941634,0.09726785344729545,4
18,3,1,1,12,95, , , ,1,1,2,5,6,2,2,3,1,1,0.5076091475941634,-0.5751684966659452,1
18,3,2,1,11,95, , , ,1,3,4,90, ,2,2,3,1,1,0.5076091475941634,-0.5751684966659452,1
18,4,1,1,11,18, , , ,1,6,90, , ,3,2,3,1,3,0.5076091475941634,-0.662729907016988,1
18,4,2,1,11,18, , , ,1,1,90, , ,3,2,3,1,3,0.5076091475941634,-0.662729907016988,1
18,4,3,1,11,18, , , ,1,3,2,90, ,3,2,3,1,3,0.5076091475941634,-0.662729907016988,1
18,5,1,1,13,95, , , ,1,1,2,8,90,1,2,3,1,3,0.5076091475941634,-0.035918951779722805,4
18,7,1,1,18,95, , , ,1,1,2,90, ,1,2,3,2,3,0.5076091475941634,-0.40876751775864445,3
18,8,1,1,13,95, , , ,1,1,2,3,90,1,2,3,2,3,0.5076091475941634,-0.15654563383396847,4
18,9,1,1,11,12, , , ,1,1,2,90, ,1,2,3,2,3,0.5076091475941634,0.49972348032409625,5
18,11,1,1,11,95, , , ,1,1,2,5,90,1,2,3,1,3,0.5076091475941634,0.18683222247832967,4
18,12,1,1,11,24, , , ,1,1,2,90, ,3,2,3,1,2,0.5076091475941634,-0.3369278605532398,3
18,12,2,1,11,24, , , ,1,3,6,7,90,3,2,3,1,2,0.5076091475941634,-0.3369278605532398,3
18,12,3,1,11,24, , , ,2, , , , ,3,2,3,1,2,0.5076091475941634,-0.3369278605532398,3
18,14,1,1,21,24, ,2, ,1,1,8,7,90,1,2,3,2,3,0.5076091475941634,-0.40462017137821693,3
18,17,1,1,11,11, , , ,1,1,2,4,5,2,2,3,2,1,0.5076091475941634,2.1778170784556483,5
18,17,2,1,11,11, , , ,2, , , , ,2,2,3,2,1,0.5076091475941634,2.1778170784556483,5
18,18,1,9,11,95, , , ,1,1,2,3,4,1,2,3,1,3,0.5076091475941634,-0.40876751775864445,3
18,19,1,2,11,18, , , ,1,1,2,90, ,2,2,3,1,3,0.5076091475941634,-0.42240906957672064,2
18,19,2,2,11,18, , , ,1,3,4,90, ,2,2,3,1,3,0.5076091475941634,-0.42240906957672064,2
18,20,1,2,21,12, ,1,6,1,1,2,90, ,2,2,3,1,3,0.5076091475941634,0.35272672839424213,4
18,20,2,2,21,12, ,1,6,1,3,7,8,9,2,2,3,1,3,0.5076091475941634,0.35272672839424213,4
18,21,1,1,21,24, ,1,12,1,1,2,3,4,1,2,3,1,3,0.5076091475941634,-0.1319935070277052,4
18,22,1,2,12,4, , , ,1,2,3,90, ,1,2,3,3,1,0.5076091475941634,-0.6762553709700513,1
18,23,1,1,13,6, , , ,1,1,2,90, ,1,2,3,3,3,0.5076091475941634,0.5555966483621707,5
18,25,1,1,12,95, , , ,1,1,2,4,90,1,2,3,2,3,0.5076091475941634,0.3346731921030421,4
19,1,1,1,11,95, , , ,1,1,2,6,90,2,2,3,3,3,0.5949816597577753,0.25287850269464873,4
19,1,2,1,11,95, , , ,1,4,5,90, ,2,2,3,3,3,0.5949816597577753,0.25287850269464873,4
19,2,1,1,11,95, , , ,1,1,2,5,6,2,2,3,2,3,0.5949816597577753,-0.2756825605755804,3
19,2,2,1,11,95, , , ,1,3,4,90, ,2,2,3,2,3,0.5949816597577753,-0.2756825605755804,3
19,3,1,1,11,6, , , ,1,3,90, , ,1,2,3,3,3,0.5949816597577753,-0.2817764700175294,3
19,4,1,1,11,2, , , ,1,1,2,90, ,1,2,3,1,1,0.5949816597577753,0.4195460493145506,4
19,5,1,1,21,95, ,2, ,1,1,2,90, ,1,2,3,1,1,0.5949816597577753,0.30217161012769345,4
19,7,1,1,11,10, , , ,1,7,3,90, ,3,2,3,2,3,0.5949816597577753,0.25032099607159614,4
19,7,2,1,11,10, , , ,1,1,6,90, ,3,2,3,2,3,0.5949816597577753,0.25032099607159614,4
19,7,3,1,11,10, , , ,1,5,90, , ,3,2,3,2,3,0.5949816597577753,0.25032099607159614,4
19,9,1,1,11,95, , , ,1,1,2,4,5,1,2,3,1,3,0.5949816597577753,-0.4396966104943757,2
19,10,1,1,13,24, , , ,1,1,2,4,90,1,2,3,1,3,0.5949816597577753,-0.5227629572518306,2
19,11,1,1,11,95, , , ,1,1,2,9,90,1,2,3,1,1,0.5949816597577753,-0.6328668075246457,1
19,13,1,1,11,95, , , ,1,1,2,3,90,2,2,3,2,3,0.5949816597577753,-0.2912813788763204,3
19,13,2,1,13,95, , , ,2, , , , ,2,2,3,2,3,0.5949816597577753,-0.2912813788763204,3
19,14,1,1,11,18, , , ,1,1,2,3,90,1,2,3,2,3,0.5949816597577753,-0.05688086018579713,4
19,15,1,1,11,95, , , ,1,1,2,6,7,2,2,3,2,3,0.5949816597577753,-0.4608012121476898,2
19,15,2,1,11,95, , , ,1,3,4,5,90,2,2,3,2,3,0.5949816597577753,-0.4608012121476898,2
19,16,1,1,12,95, , , ,1,1,2,3,4,1,2,3,9,3,0.5949816597577753,-0.602219424572072,1
19,17,1,1,11,12, , , ,1,1,2,10,9,2,2,3,2,3,0.5949816597577753,-0.3714838822234889,3
19,17,2,1,11,12, , , ,1,3,6,8,90,2,2,3,2,3,0.5949816597577753,-0.3714838822234889,3
19,20,1,1,12,95, , , ,1,1,2,9,90,1,2,3,2,1,0.5949816597577753,-0.5272709698967002,2
19,21,1,1,11,95, , , ,1,1,2,3,4,1,2,3,1,3,0.5949816597577753,-0.5413638262459524,2
19,22,1,1,11,95, , , ,1,1,2,8,9,2,2,3,2,3,0.5949816597577753,-0.11500196880797244,4
19,22,2,1,11,95, , , ,1,4,5,6,7,2,2,3,2,3,0.5949816597577753,-0.11500196880797244,4
19,24,1,1,12,24, , , ,1,2,3,90, ,2,2,3,3,1,0.5949816597577753,0.8026329290079238,5
19,24,2,2,11,14, , , ,2, , , , ,2,2,3,3,1,0.5949816597577753,0.8026329290079238,5
20,2,1,1,11,95, , , ,1,1,2,3,90,1,2,3,2,1,0.5681118231920325,-0.38775710172182604,3
20,5,1,2,11,95, , , ,1,1,8,90, ,2,2,3,2,3,0.5681118231920325,-0.2963845215282191,3
20,5,2,2,11,95, , , ,1,5,6,7,90,2,2,3,2,3,0.5681118231920325,-0.2963845215282191,3
20,6,1,1,13,24, , , ,1,1,4,5,90,1,2,3,1,3,0.5681118231920325,-0.6344149387862122,1
20,8,1,1,13,13, , , ,1,1,2,90, ,1,2,3,3,1,0.5681118231920325,2.0005620521324476,5
20,9,1,2,11,95, , , ,1,1,90, , ,1,2,3,2,1,0.5681118231920325,-0.0005105656164729076,4
20,10,1,2,11,95, , , ,1,1,2,90, ,1,2,3,2,1,0.5681118231920325,-0.43677814294505607,2
20,11,1,1,11,95, , , ,2, , , , ,1,2,3,1,3,0.5681118231920325,-0.42453927414519643,2
20,12,1,1,11,95, , , ,1,1,90, , ,2,2,3,1,1,0.5681118231920325,0.021046300439717308,4
20,12,2,1,12,95, , , ,2, , , , ,2,2,3,1,1,0.5681118231920325,0.021046300439717308,4
20,13,1,1,11,95, , , ,1,1,2,90, ,1,2,3,2,3,0.5681118231920325,-0.38642152054683987,3
20,14,1,1,11,3, , , ,1,1,2,3,90,1,2,3,3,1,0.5681118231920325,0.24957365881226626,4
20,17,1,1,13,95, , , ,1,1,90, , ,1,2,3,1,3,0.5681118231920325,-0.5015163911482063,2
20,18,1,1,11,95, , , ,1,1,2,8,9,3,2,3,1,3,0.5681118231920325,-0.10286122918444142,4
20,18,2,1,11,95, , , ,1,3,4,90, ,3,2,3,1,3,0.5681118231920325,-0.10286122918444142,4
20,18,3,1,13,20, , , ,1,5,6,7,90,3,2,3,1,3,0.5681118231920325,-0.10286122918444142,4
20,19,1,2,11,95, , , ,1,1,4,5,90,2,2,3,1,3,0.5681118231920325,-0.6695332670758393,1
20,19,2,2,11,95, , , ,1,2,3,6,7,2,2,3,1,3,0.5681118231920325,-0.6695332670758393,1
20,20,1,1,11,95, , , ,1,1,2,90, ,2,2,3,1,3,0.5681118231920325,-0.5256261484493026,2
20,20,2,1,11,95, , , ,1,3,4,5,6,2,2,3,1,3,0.5681118231920325,-0.5256261484493026,2
20,21,1,2,11,12, , , ,1,1,2,5,90,2,2,3,1,3,0.5681118231920325,-0.405791053659244,3
20,21,2,2,11,12, , , ,1,3,4,90, ,2,2,3,1,3,0.5681118231920325,-0.405791053659244,3
20,24,1,1,11,95, , , ,1,1,2,5,6,2,2,3,2,1,0.5681118231920325,-0.6920757069976117,1
20,24,2,1,11,95, , , ,2, , , , ,2,2,3,2,1,0.5681118231920325,-0.6920757069976117,1
20,25,1,2,11,95, , , ,1,1,2,3,4,1,2,3,2,3,0.5681118231920325,-0.6740417550601937,1
21,1,1,1,11,24, , , ,1,1,2,6,90,4,2,3,2,3,1.1524368545830086,-0.5684165312111864,2
21,1,2,1,11,24, , , ,1,3,4,90, ,4,2,3,2,3,1.1524368545830086,-0.5684165312111864,2
21,1,3,2,11,24, , , ,1,5,7,90, ,4,2,3,2,3,1.1524368545830086,-0.5684165312111864,2
21,1,4,2,11,24, , , ,2, , , , ,4,2,3,2,3,1.1524368545830086,-0.5684165312111864,2
21,2,1,2,11,95, , , ,1,2,4,5,9,1,2,3,1,1,1.1524368545830086,-0.7183637867141957,1
21,3,1,1,11,95, , , ,1,1,2,7,8,2,2,3,1,3,1.1524368545830086,-0.5318304265049479,2
21,3,2,2,11,95, , , ,1,4,5,6,90,2,2,3,1,3,1.1524368545830086,-0.5318304265049479,2
21,4,1,1,12,95, , , ,1,1,2,90, ,3,2,3,1,3,1.1524368545830086,-0.5992429604726716,1
21,4,2,1,12,95, , , ,1,4,5,6,7,3,2,3,1,3,1.1524368545830086,-0.5992429604726716,1
21,4,3,1,11,95, , , ,2, , , , ,3,2,3,1,3,1.1524368545830086,-0.5992429604726716,1
21,5,1,1,11,95, , , ,2, , , , ,1,2,3,2,3,1.1524368545830086,-0.5819419951642498,1
21,7,1,2,11,95, , , ,1,4,5,6,90,2,2,3,1,1,1.1524368545830086,-0.5257899146356394,2
21,7,2,2,11,95, , , ,1,1,2,90, ,2,2,3,1,1,1.1524368545830086,-0.5257899146356394,2
21,8,1,1,11,95, , , ,1,1,2,5,6,2,2,3,1,1,1.1524368545830086,-0.7033062988761781,1
21,8,2,2,11,95, , , ,2, , , , ,2,2,3,1,1,1.1524368545830086,-0.7033062988761781,1
21,9,1,1,11,95, , , ,1,1,2,3,90,2,2,3,1,1,1.1524368545830086,-0.5990928744046226,1
21,9,2,2,11,95, , , ,2, , , , ,2,2,3,1,1,1.1524368545830086,-0.5990928744046226,1
21,10,1,1,11,12, , , ,1,1,2,3,90,1,2,3,2,3,1.1524368545830086,-0.6762553709700513,1
21,11,1,2,11,95, , , ,1,1,2,90, ,1,2,3,1,3,1.1524368545830086,-0.5007888364530334,2
21,12,1,1,11,3, , , ,1,1,3,90, ,2,2,3,2,1,1.1524368545830086,-0.6717468829856968,1
21,12,2,1,11,95, , , ,1,5,90, , ,2,2,3,2,1,1.1524368545830086,-0.6717468829856968,1
21,13,1,1,11,95, , , ,1,1,2,5,6,1,2,3,1,1,1.1524368545830086,-0.6913128588080688,1
21,14,1,1,11,95, , , ,1,1,2,7,90,3,2,3,2,3,1.1524368545830086,-0.37228407652665196,3
21,14,2,2,11,95, , , ,1,5,6,4,90,3,2,3,2,3,1.1524368545830086,-0.37228407652665196,3
21,14,3,2,11,95, , , ,2, , , , ,3,2,3,2,3,1.1524368545830086,-0.37228407652665196,3
21,15,1,2,11,24, , , ,1,1,2,3,90,1,2,3,1,3,1.1524368545830086,-0.664261930901942,1
21,16,1,1,11,24, , , ,1,1,2,4,5,1,2,3,2,3,1.1524368545830086,-0.6822958828393598,1
21,17,1,1,11,24, , , ,1,1,2,7,90,3,2,3,3,3,1.1524368545830086,-0.02245797587786512,4
21,17,2,1,11,24, , , ,1,3,4,6,90,3,2,3,3,3,1.1524368545830086,-0.02245797587786512,4
21,17,3,1,11,24, , , ,1,5,90, , ,3,2,3,3,3,1.1524368545830086,-0.02245797587786512,4
21,18,1,1,11,24, , , ,1,1,6,7,90,2,2,3,2,3,1.1524368545830086,-0.7213402508135961,1
21,18,2,1,11,24, , , ,1,2,3,8,5,2,2,3,2,3,1.1524368545830086,-0.7213402508135961,1
21,19,1,1,11,95, , , ,1,1,2,5,4,1,2,3,2,1,1.1524368545830086,-0.6942893229074693,1
21,21,1,1,11,24, , , ,1,1,2,8,90,2,2,3,2,3,1.1524368545830086,-0.6208728921170514,1
21,21,2,1,13,95, , , ,1,6,7,9,10,2,2,3,2,3,1.1524368545830086,-0.6208728921170514,1
21,22,1,1,11,24, , , ,2, , , , ,1,2,3,2,3,1.1524368545830086,-0.5663965744361504,2
21,23,1,1,11,24, , , ,1,1,2,4,5,2,2,3,2,1,1.1524368545830086,-0.6822958828393598,1
21,23,2,1,11,24, , , ,2, , , , ,2,2,3,2,1,1.1524368545830086,-0.6822958828393598,1
21,24,1,1,11,18, , , ,1,1,2,6,7,1,2,3,2,1,1.1524368545830086,-0.5992429604726716,1
22,1,1,1,11,1, , , ,1,1,2,3,90,1,2,3,3,2,0.4637716672330903,-0.664261930901942,1
22,2,1,1,11,10, , , ,1,2,7,5,8,3,2,3,2,3,0.4637716672330903,-0.7093468107454867,1
22,2,2,1,13,24, , , ,1,6,4,3,90,3,2,3,2,3,0.4637716672330903,-0.7093468107454867,1
22,2,3,1,11,95, , , ,2, , , , ,3,2,3,2,3,0.4637716672330903,-0.7093468107454867,1
22,3,1,1,11,18, , , ,1,1,3,5,90,2,2,3,2,3,0.4637716672330903,-0.5158463242910507,2
22,3,2,1,13,18, , , ,1,2,4,90, ,2,2,3,2,3,0.4637716672330903,-0.5158463242910507,2
22,4,1,1,12,95, , , ,1,1,2,3,4,1,2,3,2,3,0.4637716672330903,-0.5421933007348195,2
22,5,1,1,28,95, ,2, ,1,1,2,90, ,1,2,3,2,1,0.4637716672330903,-0.4086836446232662,3
22,7,1,1,98,95,2,2, ,1,1,90, , ,1,2,3,2,3,0.4637716672330903,-0.4116601087226667,3
22,8,1,1,11,10, , , ,1,1,2,3,4,2,2,3,3,1,0.4637716672330903,-0.5932024486033631,1
22,8,2,1,11,0, , , ,2, , , , ,2,2,3,3,1,0.4637716672330903,-0.5932024486033631,1
22,10,1,1,11,4, , , ,1,4,5,6,7,2,2,3,1,1,0.4637716672330903,-0.26731935981389743,3
22,10,2,1,11,4, , , ,1,2,90, , ,2,2,3,1,1,0.4637716672330903,-0.26731935981389743,3
22,11,1,1,13,4, , , ,1,1,90, , ,1,2,3,3,1,0.4637716672330903,0.6661239138990294,5
22,13,1,1,11,13, , , ,1,1,2,3,4,2,2,3,3,1,0.4637716672330903,-0.3086101041814403,3
22,13,2,1,11,13, , , ,2, , , , ,2,2,3,3,1,0.4637716672330903,-0.3086101041814403,3
22,15,1,1,13,3, , , ,1,1,2,3,90,1,2,3,2,1,0.4637716672330903,0.2988217652738793,4
22,16,1,1,11,5, , , ,1,1,2,3,4,1,2,3,1,3,0.4637716672330903,-0.2323469193633303,3
22,17,1,1,11,24, , , ,1,1,2,6,7,2,2,3,2,1,0.4637716672330903,-0.45376852446681104,2
22,17,2,1,11,24, , , ,1,3,4,5,90,2,2,3,2,1,0.4637716672330903,-0.45376852446681104,2
22,19,1,2,11,95, , , ,1,4,3,90, ,5,2,3,2,1,0.4637716672330903,-0.26324450211177536,3
22,19,2,2,11,95, , , ,1,5,90, , ,5,2,3,2,1,0.4637716672330903,-0.26324450211177536,3
22,19,3,2,11,95, , , ,1,1,2,6,90,5,2,3,2,1,0.4637716672330903,-0.26324450211177536,3
22,19,4,2,11,95, , , ,2, , , , ,5,2,3,2,1,0.4637716672330903,-0.26324450211177536,3
22,19,5,2,11,95, , , ,2, , , , ,5,2,3,2,1,0.4637716672330903,-0.26324450211177536,3
22,20,1,1,11,95, , , ,1,1,2,7,8,1,2,3,2,1,0.4637716672330903,-0.3974228161913171,3
22,21,1,1,11,95, , , ,1,4,90, , ,3,2,3,2,3,0.4637716672330903,-0.44475154849810206,2
22,21,2,2,11,95, , , ,1,3,90, , ,3,2,3,2,3,0.4637716672330903,-0.44475154849810206,2
22,21,3,2,11,95, , , ,1,1,2,5,6,3,2,3,2,3,0.4637716672330903,-0.44475154849810206,2
22,23,1,1,11,12, , , ,1,4,3,8,90,3,2,3,1,3,0.4637716672330903,-0.4363893816313244,2
22,23,2,1,13,95, , , ,1,1,90, , ,3,2,3,1,3,0.4637716672330903,-0.4363893816313244,2
22,23,3,1,11,12, , , ,1,2,6,7,9,3,2,3,1,3,0.4637716672330903,-0.4363893816313244,2
22,24,1,1,11,12, , , ,1,2,3,4,5,1,2,3,2,1,0.4637716672330903,-0.5368214468334992,2
22,25,1,1,11,12, , , ,1,1,2,90, ,2,2,3,1,3,0.4637716672330903,-0.3682715452772609,3
22,25,2,1,11,12, , , ,1,3,4,5,6,2,2,3,1,3,0.4637716672330903,-0.3682715452772609,3
23,1,1,2,11,3, , , ,1,1,2,6,90,2,2,3,2,3,0.4784511803715222,-0.7123232748448871,1
23,1,2,2,11,3, , , ,1,3,4,5,90,2,2,3,2,3,0.4784511803715222,-0.7123232748448871,1
23,2,1,1,12,95, , , ,1,1,2,3,4,3,2,3,2,1,0.4784511803715222,-0.5638972767050591,2
23,2,2,1,11,95, , , ,1,5,6,90, ,3,2,3,2,1,0.4784511803715222,-0.5638972767050591,2
23,2,3,1,11,95, , , ,1,7,90, , ,3,2,3,2,1,0.4784511803715222,-0.5638972767050591,2
23,3,1,1,13,95, , , ,1,1,2,3,4,1,2,3,2,1,0.4784511803715222,-0.1477898121042614,4
23,4,1,1,11,95, , , ,1,1,2,90, ,1,2,3,3,3,0.4784511803715222,-0.008932511924801746,4
23,5,1,1,11,95, , , ,1,3,4,5,90,2,2,3,2,1,0.4784511803715222,-0.602219424572072,1
23,5,2,1,12,9, , , ,1,1,2,6,90,2,2,3,2,1,0.4784511803715222,-0.602219424572072,1
23,6,1,2,11,95, , , ,1,1,2,7,8,3,2,3,2,3,0.4784511803715222,-0.06303436773705551,4
23,6,2,2,11,95, , , ,1,3,5,90, ,3,2,3,2,3,0.4784511803715222,-0.06303436773705551,4
23,6,3,2,11,95, , , ,1,4,6,90, ,3,2,3,2,3,0.4784511803715222,-0.06303436773705551,4
23,7,1,1,11,24, , , ,1,1,2,5,90,1,2,3,1,1,0.4784511803715222,-0.6717468829856968,1
23,9,1,1,11,95, , , ,1,1,2,10,90,1,2,3,2,1,0.4784511803715222,-0.24018480672746692,3
23,10,1,1,11,28, , , ,1,1,0,90, ,1,2,3,2,3,0.4784511803715222,-0.38632774131111813,3
23,11,1,1,11,95, , , ,1,1,2,6,7,1,2,3,1,3,0.4784511803715222,-0.7213402508135961,1
23,12,1,1,11,95, , , ,1,2,1,8,90,3,2,3,2,1,0.4784511803715222,-0.673249712313815,1
23,12,2,1,11,95, , , ,1,3,90, , ,3,2,3,2,1,0.4784511803715222,-0.673249712313815,1
23,12,3,1,11,95, , , ,1,4,90, , ,3,2,3,2,1,0.4784511803715222,-0.673249712313815,1
23,13,1,1,11,95, , , ,1,3,4,90, ,2,2,3,2,2,0.4784511803715222,-0.5932024486033631,1
23,13,2,1,12,95, , , ,1,1,2,5,90,2,2,3,2,2,0.4784511803715222,-0.5932024486033631,1
23,15,1,1,11,27, , , ,1,2,5,90, ,3,2,3,2,3,0.4784511803715222,-0.7033062988761781,1
23,15,2,1,11,27, , , ,1,3,4,90, ,3,2,3,2,3,0.4784511803715222,-0.7033062988761781,1
23,15,3,1,11,27, , , ,1,1,90, , ,3,2,3,2,3,0.4784511803715222,-0.7033062988761781,1
23,16,1,1,13,95, , , ,1,1,3,4,5,2,2,3,2,3,0.4784511803715222,-0.7033062988761781,1
23,16,2,1,12,95, , , ,1,2,6,90, ,2,2,3,2,3,0.4784511803715222,-0.7033062988761781,1
23,17,1,1,11,95, , , ,1,1,2,4,90,2,2,3,1,3,0.4784511803715222,-0.5706600086815907,2
23,17,2,1,11,95, , , ,1,3,5,90, ,2,2,3,1,3,0.4784511803715222,-0.5706600086815907,2
23,18,1,1,12,95, , , ,1,1,2,90, ,1,2,3,3,2,0.4784511803715222,8.446404390722883e-05,4
23,19,1,1,11,14, , , ,1,3,4,90, ,2,2,3,2,3,0.4784511803715222,-0.6852723469387603,1
23,19,2,1,13,29, , , ,1,1,2,7,8,2,2,3,2,3,0.4784511803715222,-0.6852723469387603,1
23,20,1,1,11,95, , , ,1,10,90, , ,3,2,3,2,3,0.4784511803715222,-0.682266688282524,1
23,20,2,1,13,95, , , ,1,1,2,11,90,3,2,3,2,3,0.4784511803715222,-0.682266688282524,1
23,20,3,1,13,95, , , ,1,5,90, , ,3,2,3,2,3,0.4784511803715222,-0.682266688282524,1
23,21,1,1,11,95, , , ,1,1,2,6,7,2,2,3,2,1,0.4784511803715222,-0.7123232748448871,1
23,21,2,1,11,95, , , ,1,3,5,90, ,2,2,3,2,1,0.4784511803715222,-0.7123232748448871,1
23,22,1,2,11,95, , , ,1,1,2,7,90,3,2,3,2,1,0.4784511803715222,-0.4081371946038943,3
23,22,2,2,11,95, , , ,1,3,5,6,90,3,2,3,2,1,0.4784511803715222,-0.4081371946038943,3
23,22,3,2,11,95, , , ,1,4,90, , ,3,2,3,2,1,0.4784511803715222,-0.4081371946038943,3
23,25,1,2,11,95, , , ,1,1,7,5,90,2,2,3,2,1,0.4784511803715222,-0.5804099712792958,1
23,25,2,2,11,95, , , ,1,2,3,4,90,2,2,3,2,1,0.4784511803715222,-0.5804099712792958,1
24,1,1,1,11,95, , , ,1,1,2,90, ,3,2,3,2,1,0.48901505423610225,0.7795341460541046,5
24,1,2,1,13,95, , , ,1,3,7,90, ,3,2,3,2,1,0.48901505423610225,0.7795341460541046,5
24,1,3,1,13,95, , , ,1,4,5,90, ,3,2,3,2,1,0.48901505423610225,0.7795341460541046,5
24,2,1,1,13,95, , , ,1,1,90, , ,2,2,3,3,1,0.48901505423610225,0.6574289485374746,5
24,2,2,1,13,24, , , ,1,2,90, , ,2,2,3,3,1,0.48901505423610225,0.6574289485374746,5
24,3,1,1,11,12, , , ,1,1,6,7,90,1,2,3,2,1,0.48901505423610225,-0.48445120091375454,2
24,4,1,1,11,95, , , ,1,2,90, , ,2,2,3,2,1,0.48901505423610225,0.396525682055012,4
24,4,2,1,12,24, , , ,1,3,4,90, ,2,2,3,2,1,0.48901505423610225,0.396525682055012,4
24,5,1,1,98,2,2,2, ,1,1,2,4,90,2,2,3,3,1,0.48901505423610225,2.87618777589947,5
24,5,2,1,12,95, , , ,1,3,90, , ,2,2,3,3,1,0.48901505423610225,2.87618777589947,5
24,6,1,1,11,95, , , ,1,1,2,6,90,2,2,3,2,1,0.48901505423610225,0.015608956228741257,4
24,6,2,1,12,95, , , ,1,3,4,5,90,2,2,3,2,1,0.48901505423610225,0.015608956228741257,4
24,7,1,1,12,12, , , ,1,1,90, , ,1,2,3,2,1,0.48901505423610225,-0.2060294534256845,3
24,8,1,1,11,95, , , ,1,1,2,90, ,2,2,3,2,3,0.48901505423610225,-0.15440872174410858,4
24,8,2,1,11,95, , , ,1,3,4,90, ,2,2,3,2,3,0.48901505423610225,-0.15440872174410858,4
24,9,1,1,11,95, , , ,1,1,2,8,90,2,2,3,2,1,0.48901505423610225,-0.04286600567462499,4
24,9,2,1,11,95, , , ,1,6,7,90, ,2,2,3,2,1,0.48901505423610225,-0.04286600567462499,4
24,10,1,1,11,14, , , ,1,1,2,3,4,1,2,3,2,1,0.48901505423610225,-0.6238498315559368,1
24,11,1,1,11,95, , , ,1,1,2,5,90,3,2,3,3,1,0.48901505423610225,1.6270806856625528,5
24,11,2,1,11,95, , , ,1,3,4,90, ,3,2,3,3,1,0.48901505423610225,1.6270806856625528,5
24,11,3,1,11,95, , , ,2, , , , ,3,2,3,3,1,0.48901505423610225,1.6270806856625528,5
24,12,1,1,11,12, , , ,1,1,2,5,6,2,2,3,3,1,0.48901505423610225,2.0890556201608823,5
24,12,2,1,11,12, , , ,1,4,90, , ,2,2,3,3,1,0.48901505423610225,2.0890556201608823,5
24,13,1,1,11,95, , , ,1,1,2,90, ,1,2,3,2,3,0.48901505423610225,0.16170259184825672,4
24,14,1,1,12,95, , , ,1,1,2,5,6,2,2,3,2,2,0.48901505423610225,-0.6148328555872278,1
24,14,2,1,11,95, , , ,1,3,4,90, ,2,2,3,2,2,0.48901505423610225,-0.6148328555872278,1
24,15,1,1,12,95, , , ,1,3,4,5,90,1,2,3,2,1,0.48901505423610225,-0.5496866599525885,2
24,16,1,1,11,24, , , ,1,1,90, , ,2,2,3,2,3,0.48901505423610225,-0.4964450159747,2
24,16,2,1,11,24, , , ,2, , , , ,2,2,3,2,3,0.48901505423610225,-0.4964450159747,2
24,17,1,1,12,24, , , ,1,1,2,8,90,1,2,3,2,1,0.48901505423610225,-0.0263815904647328,4
24,18,1,1,11,26, , , ,1,1,2,4,90,2,2,3,1,1,0.48901505423610225,-0.4382636383291366,2
24,18,2,1,13,24, , , ,1,3,90, , ,2,2,3,1,1,0.48901505423610225,-0.4382636383291366,2
24,19,1,1,13,8, , , ,1,1,90, , ,1,2,3,3,1,0.48901505423610225,0.41481432379830085,4
24,20,1,1,11,18, , , ,1,1,6,7,90,2,2,3,1,1,0.48901505423610225,0.1518153053830647,4
24,20,2,1,11,20, , , ,1,5,90, , ,2,2,3,1,1,0.48901505423610225,0.1518153053830647,4
24,21,1,1,11,24, , , ,1,1,2,5,90,2,2,3,2,1,0.48901505423610225,-0.2915264326152346,3
24,21,2,1,11,2, , , ,1,3,4,90, ,2,2,3,2,1,0.48901505423610225,-0.2915264326152346,3
24,22,1,1,11,30, , , ,1,1,2,8,9,2,2,3,2,1,0.48901505423610225,-0.002741519505493703,4
24,22,2,1,13,95, , , ,1,3,4,5,6,2,2,3,2,1,0.48901505423610225,-0.002741519505493703,4
24,23,1,1,11,26, , , ,1,1,4,90, ,2,2,3,2,1,0.48901505423610225,-0.2825094566465256,3
24,23,2,1,11,26, , , ,2, , , , ,2,2,3,2,1,0.48901505423610225,-0.2825094566465256,3
24,24,1,1,11,12, , , ,1,1,2,90, ,3,2,3,1,1,0.48901505423610225,-0.5234959438808268,2
24,24,2,1,11,12, , , ,1,3,4,90, ,3,2,3,1,1,0.48901505423610225,-0.5234959438808268,2
24,24,3,1,11,26, , , ,2, , , , ,3,2,3,1,1,0.48901505423610225,-0.5234959438808268,2
25,1,1,1,11,95, , , ,1,1,2,6,90,2,2,3,2,1,0.8875098148192565,-0.6782104308847546,1
25,1,2,1,11,95, , , ,1,3,4,5,90,2,2,3,2,1,0.8875098148192565,-0.6782104308847546,1
25,2,1,1,11,95, , , ,1,3,12,11,90,2,2,3,2,1,0.8875098148192565,-0.37735350604973017,3
25,2,2,1,11,95, , , ,1,5,9,4,90,2,2,3,2,1,0.8875098148192565,-0.37735350604973017,3
25,3,1,1,11,14, , , ,1,1,2,6,90,2,2,3,2,3,0.8875098148192565,-0.6774475826952118,1
25,3,2,1,11,95, , , ,1,3,4,5,90,2,2,3,2,3,0.8875098148192565,-0.6774475826952118,1
25,4,1,1,11,2, , , ,1,1,2,4,90,2,2,3,2,1,0.8875098148192565,-0.04480394170173165,4
25,4,2,1,11,95, , , ,1,3,5,90, ,2,2,3,2,1,0.8875098148192565,-0.04480394170173165,4
25,5,1,1,11,95, , , ,1,2,7,9,90,2,2,3,3,1,0.8875098148192565,0.43909922815494534,5
25,5,2,1,11,95, , , ,1,6,5,10,11,2,2,3,3,1,0.8875098148192565,0.43909922815494534,5
25,6,1,1,11,12, , , ,1,1,2,6,8,2,2,3,2,3,0.8875098148192565,-0.3013031343885204,3
25,6,2,1,11,95, , , ,1,4,10,5,7,2,2,3,2,3,0.8875098148192565,-0.3013031343885204,3
25,7,1,1,11,24, , , ,1,1,2,3,90,1,2,3,2,3,0.8875098148192565,-0.6511595029786277,1
25,8,1,1,11,95, , , ,1,1,2,3,90,1,2,3,2,3,0.8875098148192565,-0.5500726286745216,2
25,9,1,1,11,95, , , ,1,1,2,5,90,1,2,3,2,1,0.8875098148192565,-0.5117608723364456,2
25,11,1,1,11,95, , , ,1,1,2,90, ,2,2,3,2,1,0.8875098148192565,-0.17953922133503,3
25,11,2,1,11,95, , , ,1,3,4,5,6,2,2,3,2,1,0.8875098148192565,-0.17953922133503,3
25,12,1,1,11,95, , , ,2, , , , ,1,2,3,2,3,0.8875098148192565,-0.5500726286745216,2
25,14,1,1,11,95, , , ,1,1,2,7,8,1,2,3,2,3,0.8875098148192565,-0.44483542163348033,2
25,15,1,1,11,24, , , ,1,1,2,6,7,2,2,3,2,3,0.8875098148192565,-0.3168814513934839,3
25,15,2,1,11,95, , , ,1,3,4,5,90,2,2,3,2,3,0.8875098148192565,-0.3168814513934839,3
25,16,1,1,13,95, , , ,2, , , , ,1,2,3,2,3,0.8875098148192565,-0.6509657442658239,1
25,17,1,1,11,95, , , ,1,1,2,6,90,2,2,3,2,3,0.8875098148192565,-0.575931344855488,1
25,17,2,1,11,95, , , ,1,3,4,5,90,2,2,3,2,3,0.8875098148192565,-0.575931344855488,1
25,18,1,1,11,24, , , ,1,1,2,7,8,2,2,3,2,3,0.8875098148192565,-0.44674227690001117,2
25,18,2,1,11,95, , , ,1,3,4,5,6,2,2,3,2,3,0.8875098148192565,-0.44674227690001117,2
25,19,1,1,11,95, , , ,1,3,4,5,7,2,2,3,3,1,0.8875098148192565,0.13582828069250824,4
25,19,2,1,11,95, , , ,1,1,2,6,90,2,2,3,3,1,0.8875098148192565,0.13582828069250824,4
25,20,1,1,11,95, , , ,1,1,2,3,90,1,2,3,2,3,0.8875098148192565,-0.5870994343365131,1
25,21,1,1,11,95, , , ,1,1,2,7,90,2,2,3,3,3,0.8875098148192565,-0.7010926829663205,1
25,21,2,1,11,95, , , ,1,3,6,90, ,2,2,3,3,3,0.8875098148192565,-0.7010926829663205,1
25,22,1,1,11,95, , , ,1,1,2,3,4,2,2,3,2,3,0.8875098148192565,-0.6950521710970121,1
25,22,2,1,11,24, , , ,2, , , , ,2,2,3,2,3,0.8875098148192565,-0.6950521710970121,1
25,24,1,1,11,24, , , ,1,1,2,6,7,3,2,3,2,3,0.8875098148192565,-0.6905436831126577,1
25,24,2,1,11,95, , , ,1,3,5,8,90,3,2,3,2,3,0.8875098148192565,-0.6905436831126577,1
25,24,3,2,12,12, , , ,1,4,9,90, ,3,2,3,2,3,0.8875098148192565,-0.6905436831126577,1
25,25,1,1,11,12, , , ,1,1,4,90, ,3,2,3,2,3,0.8875098148192565,-0.5590896046432305,2
25,25,2,1,11,12, , , ,1,2,3,90, ,3,2,3,2,3,0.8875098148192565,-0.5590896046432305,2
25,25,3,1,11,95, , , ,2, , , , ,3,2,3,2,3,0.8875098148192565,-0.5590896046432305,2
26,1,1,1,13,12, , , ,1,1,2,5,6,1,2,3,2,1,0.8839095391553671,-0.6506181725159051,1
26,2,1,1,11,32, , , ,1,2,90, , ,1,2,3,1,3,0.8839095391553671,-0.6726299601148475,1
26,3,1,1,11,32, , , ,1,1,2,6,7,1,2,3,2,1,0.8839095391553671,-0.6872274068534636,1
26,4,1,1,11,32, , , ,2, , , , ,1,2,3,1,3,0.8839095391553671,-0.6606365200467381,1
26,5,1,1,11,31, , , ,1,2,90, , ,1,2,3,1,3,0.8839095391553671,-0.4875781305061455,2
26,6,1,1,11,32, , , ,1,1,90, , ,2,2,3,2,3,0.8839095391553671,-0.6376340390255644,1
26,6,2,1,13,95, , , ,1,2,3,90, ,2,2,3,2,3,0.8839095391553671,-0.6376340390255644,1
26,7,1,1,13,6, , , ,1,1,2,90, ,1,2,3,2,3,0.8839095391553671,-0.4665604812116692,2
26,8,1,1,12,95, , , ,1,1,2,3,90,1,2,3,3,1,0.8839095391553671,-0.5484797066616376,2
26,9,1,1,11,31, , , ,1,4,5,6,3,1,2,3,1,3,0.8839095391553671,-0.466680710151277,2
26,10,1,1,13,12, , , ,1,1,2,3,90,1,2,3,1,3,0.8839095391553671,-0.6471110560936747,1
26,11,1,1,11,95, , , ,1,1,90, , ,2,2,3,1,3,0.8839095391553671,-0.6426025681093203,1
26,11,2,1,11,95, , , ,1,3,4,90, ,2,2,3,1,3,0.8839095391553671,-0.6426025681093203,1
26,12,1,1,13,24, , , ,1,1,2,90, ,1,2,3,2,3,0.8839095391553671,-0.6301490869418094,1
26,13,1,1,11,32, , , ,1,1,2,3,4,1,2,3,2,3,0.8839095391553671,-0.5673437324223967,2
26,14,1,1,13,3, , , ,1,2,4,5,6,1,2,3,1,3,0.8839095391553671,-0.6920757069976117,1
26,15,1,1,13,95, , , ,1,1,2,90, ,1,2,3,3,1,0.8839095391553671,1.2049499940362909,5
26,16,1,1,13,95, , , ,1,1,2,5,6,2,2,3,2,3,0.8839095391553671,-0.5658631031415352,2
26,16,2,1,11,95, , , ,1,3,4,90, ,2,2,3,2,3,0.8839095391553671,-0.5658631031415352,2
26,17,1,1,11,95, , , ,1,1,2,90, ,2,2,3,3,1,0.8839095391553671,-0.541515693805214,2
26,17,2,1,11,95, , , ,1,3,4,90, ,2,2,3,3,1,0.8839095391553671,-0.541515693805214,2
26,18,1,1,11,95, , , ,1,1,90, , ,1,2,3,2,1,0.8839095391553671,-0.41969134899388433,3
26,19,1,1,11,32, , , ,1,1,2,3,90,2,2,3,2,1,0.8839095391553671,-0.550532669773923,2
26,19,2,1,13,12, , , ,2, , , , ,2,2,3,2,1,0.8839095391553671,-0.550532669773923,2
26,20,1,1,11,32, , , ,1,1,2,5,90,1,2,3,2,3,0.8839095391553671,0.13446642697172662,4
26,21,1,1,11,95, , , ,1,1,2,8,9,2,2,3,2,1,0.8839095391553671,-0.5640581337269864,2
26,21,2,1,11,95, , , ,1,3,5,6,7,2,2,3,2,1,0.8839095391553671,-0.5640581337269864,2
26,23,1,1,11,32, , , ,2, , , , ,1,2,3,1,3,0.8839095391553671,-0.6606365200467381,1
26,24,1,1,11,32, , , ,1,1,2,3,4,1,2,3,1,3,0.8839095391553671,-0.6584429367594538,1
26,25,1,1,11,31, , , ,1,1,2,5,6,2,2,3,2,3,0.8839095391553671,-0.533230868581163,2
26,25,2,1,11,31, , , ,1,3,4,90, ,2,2,3,2,3,0.8839095391553671,-0.533230868581163,2
27,1,1,1,11,95, , , ,1,1,2,3,4,1,2,3,2,3,0.6425606954531653,-0.7123232748448871,1
27,2,1,1,11,26, , , ,1,5,6,7,2,2,2,3,2,3,0.6425606954531653,-0.6807638589544058,1
27,2,2,1,12,28, , , ,1,3,4,90, ,2,2,3,2,3,0.6425606954531653,-0.6807638589544058,1
27,4,1,1,11,95, , , ,1,1,2,8,7,2,2,3,2,3,0.6425606954531653,-0.6321843141800579,1
27,4,2,1,11,95, , , ,2, , , , ,2,2,3,2,3,0.6425606954531653,-0.6321843141800579,1
27,5,1,1,11,32, , , ,1,1,2,6,90,2,2,3,1,1,0.6425606954531653,-0.6913128588080688,1
27,5,2,1,11,32, , , ,1,4,5,3,90,2,2,3,1,1,0.6425606954531653,-0.6913128588080688,1
27,6,1,1,11,95, , , ,1,1,2,90, ,1,2,3,1,3,0.6425606954531653,-0.664261930901942,1
27,8,1,1,13,95, , , ,1,1,2,4,5,2,2,3,3,1,0.6425606954531653,-0.37957462324125946,3
27,8,2,1,13,95, , , ,2, , , , ,2,2,3,3,1,0.6425606954531653,-0.37957462324125946,3
27,9,1,1,11,95, , , ,1,1,2,3,4,1,2,3,2,1,0.6425606954531653,-0.5819718567247966,1
27,10,1,1,13,95, , , ,1,1,2,90, ,1,2,3,2,1,0.6425606954531653,-0.6560078031227758,1
27,12,1,1,11,34, , , ,1,1,90, , ,2,2,3,2,1,0.6425606954531653,-0.2053418758986794,3
27,12,2,1,11,34, , , ,1,2,3,90, ,2,2,3,2,1,0.6425606954531653,-0.2053418758986794,3
27,13,1,1,11,95, , , ,1,2,4,5,90,1,2,3,2,3,0.6425606954531653,-0.595347234609811,1
27,14,1,1,11,24, , , ,2, , , , ,2,2,3,2,1,0.6425606954531653,-0.25634160586954935,3
27,14,2,2,31,95,2,1,95,1,1,2,90, ,2,2,3,2,1,0.6425606954531653,-0.25634160586954935,3
27,15,1,1,11,95, , , ,1,1,2,3,90,1,2,3,2,3,0.6425606954531653,-0.6384032147209755,1
27,16,1,1,11,95, , , ,1,6,7,4,90,1,2,3,2,3,0.6425606954531653,-0.6687704188862964,1
27,17,1,1,13,26, , , ,1,1,3,90, ,1,2,3,1,3,0.6425606954531653,-0.664261930901942,1
27,18,1,1,11,32, , , ,1,1,2,6,90,2,2,3,2,3,0.6425606954531653,-0.7033062988761781,1
27,18,2,1,11,32, , , ,1,3,4,5,90,2,2,3,2,3,0.6425606954531653,-0.7033062988761781,1
27,19,1,1,11,95, , , ,1,1,2,5,90,1,2,3,3,1,0.6425606954531653,-0.32679452161184863,3
27,20,1,1,11,32, , , ,1,1,2,3,4,1,2,3,2,3,0.6425606954531653,-0.6732789068706508,1
27,21,1,1,11,95, , , ,1,1,2,4,5,1,2,3,1,3,0.6425606954531653,-0.7033062988761781,1
27,22,1,1,11,95, , , ,1,1,2,5,6,1,2,3,2,3,0.6425606954531653,-0.7033062988761781,1
27,23,1,1,13,95, , , ,1,1,2,3,4,1,2,3,2,3,0.6425606954531653,-0.5849184592636503,1
27,24,1,1,11,32, , , ,1,1,2,6,90,1,2,3,1,3,0.6425606954531653,-0.7033062988761781,1
27,25,1,1,11,32, , , ,1,1,2,90, ,2,2,3,1,3,0.6425606954531653,-0.5052973244373878,2
27,25,2,1,11,32, , , ,1,3,5,90, ,2,2,3,1,3,0.6425606954531653,-0.5052973244373878,2
28,1,1,2,11,8, , , ,2, , , , ,1,2,3,3,1,0.8205357781322856,1.2630038055186599,5
28,2,1,1,12,24, , , ,1,5,90, , ,2,2,3,2,1,0.8205357781322856,-0.5631750565978358,2
28,2,2,1,12,24, , , ,1,1,2,90, ,2,2,3,2,1,0.8205357781322856,-0.5631750565978358,2
28,3,1,1,11,30, , , ,1,4,6,90, ,3,2,3,2,3,0.8205357781322856,-0.6897808349231148,1
28,3,2,1,11,30, , , ,1,1,2,8,9,3,2,3,2,3,0.8205357781322856,-0.6897808349231148,1
28,3,3,1,11,30, , , ,1,3,7,90, ,3,2,3,2,3,0.8205357781322856,-0.6897808349231148,1
28,4,1,1,11,95, , , ,1,1,2,6,7,1,2,3,2,2,0.8205357781322856,-0.7003298347767777,1
28,5,1,1,12,95, , , ,2, , , , ,2,2,3,1,2,0.8205357781322856,-0.6672383950013424,1
28,5,2,1,11,95, , , ,1,1,2,90, ,2,2,3,1,2,0.8205357781322856,-0.6672383950013424,1
28,6,1,1,11,95, , , ,1,3,4,90, ,3,2,3,2,1,0.8205357781322856,-0.31738202641123503,3
28,6,2,1,11,95, , , ,1,0,0,90, ,3,2,3,2,1,0.8205357781322856,-0.31738202641123503,3
28,6,3,1,98,95,1,2, ,1,1,2,5,90,3,2,3,2,1,0.8205357781322856,-0.31738202641123503,3
28,7,1,1,12,27, , , ,1,4,5,6,90,2,2,3,2,3,0.8205357781322856,-0.62025337650949,1
28,7,2,1,11,27, , , ,1,1,2,7,8,2,2,3,2,3,0.8205357781322856,-0.62025337650949,1
28,8,1,1,11,19, , , ,1,1,2,90, ,2,2,3,2,3,0.8205357781322856,-0.42377642595565357,2
28,8,2,1,13,24, , , ,1,3,4,5,6,2,2,3,2,3,0.8205357781322856,-0.42377642595565357,2
28,9,1,1,13,29, , , ,1,1,2,6,90,2,2,3,1,3,0.8205357781322856,-0.03256487509032433,4
28,9,2,1,11,19, , , ,2, , , , ,2,2,3,1,3,0.8205357781322856,-0.03256487509032433,4
28,10,1,1,12,27, , , ,1,1,90, , ,1,2,3,3,3,0.8205357781322856,-0.5616430327128819,2
28,11,1,1,11,95, , , ,1,5,4,6,90,1,2,3,1,3,0.8205357781322856,-0.6687704188862964,1
28,12,1,1,11,95, , , ,2, , , , ,1,2,3,2,1,0.8205357781322856,-0.6016780941093495,1
28,13,1,1,12,29, , , ,1,1,5,6,90,1,2,3,1,2,0.8205357781322856,-0.6687704188862964,1
28,14,1,1,11,30, , , ,1,1,2,10,9,2,2,3,1,3,0.8205357781322856,-0.6336520905966694,1
28,14,2,1,11,30, , , ,1,6,5,7,8,2,2,3,1,3,0.8205357781322856,-0.6336520905966694,1
28,15,1,1,12,30, , , ,1,1,2,3,90,1,2,3,1,3,0.8205357781322856,-0.5878622825260561,1
28,16,1,1,12,95, , , ,1,1,90, , ,2,2,3,1,3,0.8205357781322856,-0.639646136632493,1
28,16,2,1,11,95, , , ,2, , , , ,2,2,3,1,3,0.8205357781322856,-0.639646136632493,1
28,17,1,1,13,24, , , ,1,1,2,7,90,1,2,3,2,3,0.8205357781322856,-0.6687704188862964,1
28,18,1,1,11,95, , , ,1,1,2,90, ,1,2,3,2,1,0.8205357781322856,-0.554891067258123,2
28,20,1,1,13,95, , , ,1,1,5,6,90,1,2,3,1,3,0.8205357781322856,-0.664261930901942,1
28,22,1,1,11,29, , , ,1,1,90, , ,1,2,3,2,3,0.8205357781322856,-0.6462279789645241,1
28,23,1,1,12,95, , , ,1,3,8,9,90,3,2,3,1,3,0.8205357781322856,-0.5639379047873787,2
28,23,2,1,11,30, , , ,1,5,7,90, ,3,2,3,1,3,0.8205357781322856,-0.5639379047873787,2
28,23,3,1,11,30, , , ,1,1,2,6,90,3,2,3,1,3,0.8205357781322856,-0.5639379047873787,2
28,24,1,1,13,24, , , ,1,3,5,6,90,1,2,3,1,3,0.8205357781322856,-0.6913128588080688,1
28,25,1,2,11,95, , , ,1,1,2,7,8,3,2,3,2,1,0.8205357781322856,-0.5904710382428769,1
28,25,2,2,11,6, , , ,1,5,3,6,90,3,2,3,2,1,0.8205357781322856,-0.5904710382428769,1
28,25,3,2,11,95, , , ,1,4,90, , ,3,2,3,2,1,0.8205357781322856,-0.5904710382428769,1
29,2,1,1,12,12, , , ,1,3,5,90, ,2,2,3,2,1,0.597813214887688,-0.6822958828393598,1
29,2,2,1,11,95, , , ,1,1,2,90, ,2,2,3,2,1,0.597813214887688,-0.6822958828393598,1
29,3,1,1,13,4, , , ,1,1,2,3,4,1,2,3,2,3,0.597813214887688,-0.672694033473164,1
29,4,1,1,11,19, , , ,1,4,90, , ,3,2,3,2,1,0.597813214887688,-0.4533162600639349,2
29,4,2,1,11,19, , , ,1,3,90, , ,3,2,3,2,1,0.597813214887688,-0.4533162600639349,2
29,4,3,1,98,95,1,2, ,1,1,2,90, ,3,2,3,2,1,0.597813214887688,-0.4533162600639349,2
29,5,1,1,11,24, , , ,1,1,2,90, ,1,2,3,1,3,0.597813214887688,-0.6852723469387603,1
29,6,1,1,12,12, , , ,1,1,2,3,4,1,2,3,2,3,0.597813214887688,-0.6852723469387603,1
29,8,1,1,13,2, , , ,1,1,2,3,90,1,2,3,2,3,0.597813214887688,-0.7033062988761781,1
29,10,1,1,13,95, , , ,1,1,2,90, ,1,2,3,1,3,0.597813214887688,-0.6852723469387603,1
29,11,1,1,13,7, , , ,1,1,2,3,4,2,2,3,1,3,0.597813214887688,-0.7033062988761781,1
29,11,2,1,11,12, , , ,2, , , , ,2,2,3,1,3,0.597813214887688,-0.7033062988761781,1
29,12,1,1,11,19, , , ,1,1,2,3,4,1,2,3,2,3,0.597813214887688,-0.6732789068706508,1
29,13,1,1,12,95, , , ,1,1,2,3,90,1,2,3,2,1,0.597813214887688,0.26070540969985306,4
29,14,1,1,11,19, , , ,1,1,2,5,6,1,2,3,2,3,0.597813214887688,-0.7033062988761781,1
29,15,1,1,11,24, , , ,1,1,2,3,90,1,2,3,3,1,0.597813214887688,-0.4987389867295126,2
29,16,1,1,13,10, , , ,1,1,2,3,4,1,2,3,2,3,0.597813214887688,-0.6732789068706508,1
29,18,1,2,12,24, , , ,1,1,2,90, ,1,2,3,3,1,0.597813214887688,0.36107244936002203,4
29,20,1,1,11,13, , , ,1,1,2,3,4,1,2,3,1,3,0.597813214887688,-0.6418833081538697,1
29,21,1,2,13,95, , , ,1,2,1,6,90,1,2,3,1,3,0.597813214887688,-0.6913128588080688,1
29,22,1,1,11,24, , , ,1,1,2,4,5,1,2,3,1,3,0.597813214887688,-0.6822958828393598,1
29,23,1,2,12,19, , , ,1,1,2,8,90,3,2,3,3,2,0.597813214887688,-0.09732768265014148,4
29,23,2,2,12,19, , , ,1,3,4,6,90,3,2,3,3,2,0.597813214887688,-0.09732768265014148,4
29,23,3,2,12,19, , , ,1,5,7,90, ,3,2,3,3,2,0.597813214887688,-0.09732768265014148,4
29,24,1,1,12,95, , , ,1,1,2,9,90,2,2,3,1,3,0.597813214887688,-0.5631750565978358,2
29,24,2,1,11,17, , , ,2, , , , ,2,2,3,1,3,0.597813214887688,-0.5631750565978358,2
29,25,1,1,11,19, , , ,2, , , , ,3,2,3,2,3,0.597813214887688,-0.3976173893070672,3
29,25,2,1,11,19, , , ,2, , , , ,3,2,3,2,3,0.597813214887688,-0.3976173893070672,3
29,25,3,2,11,19, , , ,2, , , , ,3,2,3,2,3,0.597813214887688,-0.3976173893070672,3
30,1,1,1,11,19, , , ,2, , , , ,2,2,3,2,1,0.7861468517583204,-0.43188089364696985,2
30,1,2,1,11,95, , , ,1,4,5,90, ,2,2,3,2,1,0.7861468517583204,-0.43188089364696985,2
30,2,1,1,13,24, , , ,1,1,2,3,4,1,2,3,2,3,0.7861468517583204,-0.6732789068706508,1
30,3,1,1,12,24, , , ,2, , , , ,2,2,3,1,3,0.7861468517583204,-0.6082599364413805,1
30,3,2,1,11,98, , , ,2, , , , ,2,2,3,1,3,0.7861468517583204,-0.6082599364413805,1
30,5,1,1,12,1, , , ,1,3,7,90, ,1,2,3,2,3,0.7861468517583204,-0.5822169104637108,1
30,6,1,1,13,95, , , ,2, , , , ,1,2,3,2,1,0.7861468517583204,-0.2918973976880441,3
30,8,1,1,11,19, , , ,1,2,10,90, ,4,2,3,2,1,0.7861468517583204,-0.3413362657104591,3
30,8,2,1,11,19, , , ,1,4,9,90, ,4,2,3,2,1,0.7861468517583204,-0.3413362657104591,3
30,8,3,1,11,19, , , ,1,1,3,12,90,4,2,3,2,1,0.7861468517583204,-0.3413362657104591,3
30,8,4,1,11,19, , , ,1,5,6,8,0,4,2,3,2,1,0.7861468517583204,-0.3413362657104591,3
30,11,1,1,13,3, , , ,1,3,90, , ,2,2,3,2,3,0.7861468517583204,-0.5593995552424775,2
30,11,2,1,13,12, , , ,1,1,2,5,90,2,2,3,2,3,0.7861468517583204,-0.5593995552424775,2
30,12,1,1,11,19, , , ,1,1,2,6,90,1,2,3,2,1,0.7861468517583204,-0.6098597231449943,1
30,14,1,1,11,19, , , ,1,1,5,6,7,2,2,3,2,1,0.7861468517583204,-0.7213402508135961,1
30,14,2,1,11,19, , , ,1,2,3,8,4,2,2,3,2,1,0.7861468517583204,-0.7213402508135961,1
30,15,1,1,11,24, , , ,1,3,4,90, ,2,2,3,2,1,0.7861468517583204,-0.6830587310289027,1
30,15,2,1,11,24, , , ,1,1,2,5,90,2,2,3,2,1,0.7861468517583204,-0.6830587310289027,1
30,16,1,2,13,8, , , ,1,1,2,3,4,1,2,3,1,3,0.7861468517583204,-0.3769166116880489,3
30,17,1,1,12,24, , , ,1,4,6,90, ,1,2,3,2,1,0.7861468517583204,0.5047514932591696,5
30,18,1,1,11,19, , , ,1,1,2,7,90,3,2,3,3,1,0.7861468517583204,0.0629410874334735,4
30,18,2,1,11,19, , , ,1,3,0,90, ,3,2,3,3,1,0.7861468517583204,0.0629410874334735,4
30,18,3,1,11,19, , , ,1,4,5,6,90,3,2,3,3,1,0.7861468517583204,0.0629410874334735,4
30,19,1,1,11,95, , , ,1,1,2,5,90,2,2,3,2,3,0.7861468517583204,-0.5197860178129452,2
30,19,2,1,11,95, , , ,1,3,4,90, ,2,2,3,2,3,0.7861468517583204,-0.5197860178129452,2
30,20,1,1,11,19, , , ,2, , , , ,3,2,3,2,1,0.7861468517583204,-0.44800873482362263,2
30,20,2,1,11,95, , , ,1,1,4,90, ,3,2,3,2,1,0.7861468517583204,-0.44800873482362263,2
30,20,3,1,11,19, , , ,2, , , , ,3,2,3,2,1,0.7861468517583204,-0.44800873482362263,2
30,22,1,1,11,12, , , ,1,1,2,5,90,1,2,3,2,1,0.7861468517583204,-0.6942893229074693,1
30,23,1,2,12,95, , , ,1,1,2,3,4,1,2,3,2,3,0.7861468517583204,-0.3933730327239176,3
30,24,1,1,11,19, , , ,1,1,3,4,6,1,2,3,3,1,0.7861468517583204,-0.5775537361195031,1
30,25,1,2,11,19, , , ,1,1,2,5,6,2,2,3,2,3,0.7861468517583204,-0.5348367521648951,2
30,25,2,2,11,19, , , ,1,4,3,90, ,2,2,3,2,3,0.7861468517583204,-0.5348367521648951,2
31,1,1,1,13,95, , , ,1,1,2,5,7,3,2,3,3,3,0.8424846318406833,2.1395077597458774,5
31,1,2,1,13,95, , , ,1,3,4,6,90,3,2,3,3,3,0.8424846318406833,2.1395077597458774,5
31,1,3,1,11,95, , , ,2, , , , ,3,2,3,3,3,0.8424846318406833,2.1395077597458774,5
31,2,1,1,12,12, , , ,1,1,90, , ,1,2,3,3,1,0.8424846318406833,0.2041104730186673,4
31,3,1,1,11,95, , , ,1,1,2,3,4,1,2,3,2,1,0.8424846318406833,-0.5602826323716281,2
31,4,1,1,13,24, , , ,1,2,90, , ,2,2,3,2,1,0.8424846318406833,-0.5557741443872737,2
31,4,2,1,12,95, , , ,1,1,90, , ,2,2,3,2,1,0.8424846318406833,-0.5557741443872737,2
31,5,1,1,11,24, , , ,1,1,2,6,7,2,2,3,2,3,0.8424846318406833,-0.6752339667853542,1
31,5,2,1,11,95, , , ,1,4,5,3,90,2,2,3,2,3,0.8424846318406833,-0.6752339667853542,1
31,6,1,1,11,95, , , ,1,1,2,4,5,1,2,3,2,1,0.8424846318406833,-0.569299608340337,2
31,7,1,1,11,26, , , ,2, , , , ,2,2,3,1,1,0.8424846318406833,-0.6471110560936747,1
31,7,2,1,12,95, , , ,2, , , , ,2,2,3,1,1,0.8424846318406833,-0.6471110560936747,1
31,8,1,1,11,95, , , ,1,1,2,7,90,1,2,3,2,3,0.8424846318406833,-0.587333560277755,1
31,9,1,2,11,95, , , ,1,1,2,3,90,1,2,3,2,1,0.8424846318406833,-0.5512656564029191,2
31,12,1,2,11,95, , , ,2, , , , ,2,2,3,1,2,0.8424846318406833,-0.5377401924498558,2
31,12,2,2,11,95, , , ,1,2,3,90, ,2,2,3,1,2,0.8424846318406833,-0.5377401924498558,2
31,15,1,1,11,24, , , ,1,1,2,90, ,3,2,3,2,3,0.8424846318406833,-0.647595081725079,1
31,15,2,1,12,12, , , ,1,3,4,5,90,3,2,3,2,3,0.8424846318406833,-0.647595081725079,1
31,15,3,1,12,12, , , ,2, , , , ,3,2,3,2,3,0.8424846318406833,-0.647595081725079,1
31,16,1,1,11,12, , , ,1,1,2,7,8,3,2,3,3,1,0.8424846318406833,0.6874209947579505,5
31,16,2,1,13,24, , , ,1,3,4,5,6,3,2,3,3,1,0.8424846318406833,0.6874209947579505,5
31,16,3,1,13,95, , , ,2, , , , ,3,2,3,3,1,0.8424846318406833,0.6874209947579505,5
31,17,1,1,11,95, , , ,1,5,6,7,90,2,2,3,1,1,0.8424846318406833,-0.5512656564029191,2
31,17,2,1,11,95, , , ,1,1,2,8,90,2,2,3,1,1,0.8424846318406833,-0.5512656564029191,2
31,18,1,1,11,95, , , ,1,1,2,7,8,2,2,3,3,1,0.8424846318406833,-0.39383307382331906,3
31,18,2,1,11,95, , , ,1,3,4,5,6,2,2,3,3,1,0.8424846318406833,-0.39383307382331906,3
31,20,1,1,11,24, , , ,1,1,2,7,90,2,2,3,1,1,0.8424846318406833,0.3831023894821646,4
31,20,2,1,11,95, , , ,1,3,4,5,6,2,2,3,1,1,0.8424846318406833,0.3831023894821646,4
31,21,1,1,11,95, , , ,1,1,2,5,90,2,2,3,2,1,0.8424846318406833,-0.5512656564029191,2
31,21,2,1,11,95, , , ,1,3,4,6,90,2,2,3,2,1,0.8424846318406833,-0.5512656564029191,2
31,22,1,1,11,95, , , ,1,1,2,3,4,1,2,3,2,3,0.8424846318406833,-0.5722760724397375,1
31,23,1,1,11,95, , , ,1,1,2,3,4,1,2,3,3,3,0.8424846318406833,-0.5075021557493816,2
32,1,1,1,11,24, , , ,1,1,2,6,90,2,2,3,1,3,0.48901505423610225,0.2142098153734619,4
32,1,2,1,13,95, , , ,1,3,4,5,90,2,2,3,1,3,0.48901505423610225,0.2142098153734619,4
32,2,1,2,11,95, , , ,1,1,2,6,7,1,2,3,2,3,0.48901505423610225,-0.21290090970857015,3
32,3,1,2,11,95, , , ,1,1,2,90, ,2,2,3,1,3,0.48901505423610225,-0.5542421205023196,2
32,3,2,2,11,95, , , ,2, , , , ,2,2,3,1,3,0.48901505423610225,-0.5542421205023196,2
32,4,1,2,11,95, , , ,1,13,14,15,90,3,2,3,3,1,0.48901505423610225,1.4233098420027654,5
32,4,2,2,11,95, , , ,1,10,11,12,16,3,2,3,3,1,0.48901505423610225,1.4233098420027654,5
32,4,3,2,11,95, , , ,1,1,2,90, ,3,2,3,3,1,0.48901505423610225,1.4233098420027654,5
32,5,1,1,11,95, , , ,1,1,2,90, ,3,2,3,3,3,0.48901505423610225,0.28422613711365924,4
32,5,2,1,12,3, , , ,1,5,6,90, ,3,2,3,3,3,0.48901505423610225,0.28422613711365924,4
32,5,3,1,12,3, , , ,1,7,8,3,4,3,2,3,3,3,0.48901505423610225,0.28422613711365924,4
32,6,1,1,11,95, , , ,1,1,2,5,6,1,2,3,2,3,0.48901505423610225,-0.2748595834383716,3
32,9,1,1,11,95, , , ,2, , , , ,1,2,3,2,3,0.48901505423610225,-0.2728435339220133,3
32,11,1,1,11,95, , , ,1,1,2,6,7,2,2,3,2,3,0.48901505423610225,0.3968966470909334,4
32,11,2,1,11,95, , , ,1,3,4,5,90,2,2,3,2,3,0.48901505423610225,0.3968966470909334,4
32,12,1,1,11,27, , , ,1,1,2,6,90,2,2,3,1,2,0.48901505423610225,-0.678670471984156,1
32,12,2,1,11,27, , , ,1,3,4,5,90,2,2,3,1,2,0.48901505423610225,-0.678670471984156,1
32,17,1,1,13,15, , , ,1,2,3,4,90,1,2,3,2,1,0.48901505423610225,-0.5722760724397375,1
32,18,1,1,11,95, , , ,1,2,3,4,90,1,2,3,2,1,0.48901505423610225,-0.6726299601148475,1
32,19,1,1,11,95, , , ,1,1,2,6,90,2,2,3,3,1,0.48901505423610225,0.5857100365294193,5
32,19,2,1,11,95, , , ,1,3,4,5,90,2,2,3,3,1,0.48901505423610225,0.5857100365294193,5
32,20,1,1,11,95, , , ,1,1,2,3,90,1,2,3,3,1,0.48901505423610225,-0.10868240105459714,4
32,21,1,1,12,95, , , ,1,1,2,5,90,1,2,3,2,1,0.48901505423610225,-0.0824781656129879,4
32,22,1,1,11,95, , , ,1,1,90, , ,2,2,3,2,2,0.48901505423610225,-0.4531552461982135,2
32,22,2,1,11,95, , , ,2, , , , ,2,2,3,2,2,0.48901505423610225,-0.4531552461982135,2
32,23,1,1,18,95, , , ,1,6,90, , ,1,2,3,2,3,0.48901505423610225,-0.5632590964710286,2
32,24,1,1,12,26, , , ,1,1,2,3,4,1,2,3,1,1,0.48901505423610225,-0.5722760724397375,1
32,25,1,2,13,12, , , ,1,3,4,5,90,3,2,3,1,3,0.48901505423610225,-0.3968095379227195,3
32,25,2,2,13,12, , , ,1,2,6,90, ,3,2,3,1,3,0.48901505423610225,-0.3968095379227195,3
32,25,3,2,13,95, , , ,2, , , , ,3,2,3,1,3,0.48901505423610225,-0.3968095379227195,3
33,1,1,1,98,2,2,2, ,1,2,0,90, ,2,1,4,3,2,1.4322961955008249,4.07230495706958,5
33,1,2,1,98,0,2,2, ,2, , , , ,2,1,4,3,2,1.4322961955008249,4.07230495706958,5
33,2,1,1,13,6, , , ,2, , , , ,1,1,4,3,1,1.4322961955008249,1.7241144545307325,5
33,3,1,1,12,95, , , ,2, , , , ,4,1,4,2,1,1.4322961955008249,3.212539502427774,5
33,3,2,1,12,95, , , ,1,3,7,90, ,4,1,4,2,1,1.4322961955008249,3.212539502427774,5
33,3,3,1,12,95, , , ,1,2,5,90, ,4,1,4,2,1,1.4322961955008249,3.212539502427774,5
33,3,4,1,12,95, , , ,1,4,90, , ,4,1,4,2,1,1.4322961955008249,3.212539502427774,5
33,4,1,1,21,12, ,2, ,1,3,90, , ,3,1,4,3,2,1.4322961955008249,2.209345345025483,5
33,4,2,1,98,1,2,2, ,1,1,2,6,90,3,1,4,3,2,1.4322961955008249,2.209345345025483,5
33,4,3,2,12,1, , , ,1,0,0,90, ,3,1,4,3,2,1.4322961955008249,2.209345345025483,5
33,5,1,1,13,24, , , ,1,1,3,90, ,2,1,4,3,1,1.4322961955008249,3.096551995484575,5
33,5,2,1,13,24, , , ,2, , , , ,2,1,4,3,1,1.4322961955008249,3.096551995484575,5
33,6,1,1,12,12, , , ,1,1,2,3,90,2,1,4,3,1,1.4322961955008249,3.2918048027394744,5
33,6,2,2,12,12, , , ,2, , , , ,2,1,4,3,1,1.4322961955008249,3.2918048027394744,5
33,9,1,1,13,24, , , ,2, , , , ,2,1,4,3,1,1.4322961955008249,3.3661556310670266,5
33,9,2,1,13,20, , , ,1,2,90, , ,2,1,4,3,1,1.4322961955008249,3.3661556310670266,5
33,10,1,1,21,12, ,2, ,1,2,90, , ,4,1,4,3,1,1.4322961955008249,3.16712488011084,5
33,10,2,1,21,12, ,2, ,1,4,90, , ,4,1,4,3,1,1.4322961955008249,3.16712488011084,5
33,10,3,1,21,12, ,2, ,1,3,90, , ,4,1,4,3,1,1.4322961955008249,3.16712488011084,5
33,10,4,1,21,12, ,2, ,1,6,5,90, ,4,1,4,3,1,1.4322961955008249,3.16712488011084,5
33,11,1,2,98,2,2,2, ,1,3,9,11,90,1,1,4,3,1,1.4322961955008249,4.855395196952298,5
33,12,1,1,11,95, , , ,1,1,2,90, ,3,1,4,3,1,1.4322961955008249,4.750718924693566,5
33,12,2,1,12,95, , , ,1,5,6,90, ,3,1,4,3,1,1.4322961955008249,4.750718924693566,5
33,12,3,2,12,95, , , ,1,3,4,90, ,3,1,4,3,1,1.4322961955008249,4.750718924693566,5
33,13,1,1,13,18, , , ,1,1,2,90, ,3,1,4,3,1,1.4322961955008249,3.117091781432397,5
33,13,2,1,13,18, , , ,1,5,10,90, ,3,1,4,3,1,1.4322961955008249,3.117091781432397,5
33,13,3,1,13,18, , , ,1,4,8,90, ,3,1,4,3,1,1.4322961955008249,3.117091781432397,5
33,15,1,1,18,95, , , ,1,1,3,90, ,3,1,4,3,1,1.4322961955008249,4.104808624950744,5
33,15,2,1,13,2, , , ,2, , , , ,3,1,4,3,1,1.4322961955008249,4.104808624950744,5
33,15,3,1,13,2, , , ,2, , , , ,3,1,4,3,1,1.4322961955008249,4.104808624950744,5
33,16,1,1,13,95, , , ,1,1,2,3,4,2,1,4,3,1,1.4322961955008249,3.375141205787694,5
33,16,2,2,13,95, , , ,2, , , , ,2,1,4,3,1,1.4322961955008249,3.375141205787694,5
33,17,1,1,18,95, , , ,1,1,2,90, ,1,1,4,1,3,1.4322961955008249,1.4141762877806539,5
33,18,1,1,13,98, , , ,1,1,4,90, ,2,1,4,3,1,1.4322961955008249,4.449888270438483,5
33,18,2,1,13,98, , , ,1,3,2,90, ,2,1,4,3,1,1.4322961955008249,4.449888270438483,5
33,19,1,1,12,12, , , ,1,1,2,3,4,2,1,4,2,1,1.4322961955008249,3.400783096415433,5
33,19,2,2,12,12, , , ,2, , , , ,2,1,4,2,1,1.4322961955008249,3.400783096415433,5
33,20,1,1,13,24, , , ,1,1,2,4,90,2,1,4,3,2,1.4322961955008249,4.195232344776476,5
33,20,2,1,13,24, , , ,1,3,90, , ,2,1,4,3,2,1.4322961955008249,4.195232344776476,5
33,21,1,2,13,95, , , ,1,1,2,7,90,3,1,4,3,1,1.4322961955008249,3.2064783208425163,5
33,21,2,2,13,95, , , ,1,4,5,90, ,3,1,4,3,1,1.4322961955008249,3.2064783208425163,5
33,21,3,2,12,12, , , ,1,3,6,90, ,3,1,4,3,1,1.4322961955008249,3.2064783208425163,5
33,22,1,2,13,12, , , ,1,1,90, , ,1,1,4,2,1,1.4322961955008249,3.1816721205813,5
33,23,1,1,12,95, , , ,1,1,2,90, ,2,1,4,3,2,1.4322961955008249,4.04463388174665,5
33,23,2,1,12,95, , , ,1,3,4,90, ,2,1,4,3,2,1.4322961955008249,4.04463388174665,5
33,24,1,2,13,6, , , ,2, , , , ,1,1,4,3,1,1.4322961955008249,2.307823306841783,5
33,25,1,1,12,1, , , ,1,1,90, , ,1,1,4,2,1,1.4322961955008249,2.234759006698115,5
34,2,1,1,11,98, , , ,1,1,90, , ,1,1,4,9,1,1.5681996125261766,3.0622450961052925,5
34,3,1,1,13,12, , , ,1,5,6,4,3,2,1,4,2,1,1.5681996125261766,0.9944067282381599,5
34,3,2,1,13,12, , , ,1,1,2,90, ,2,1,4,2,1,1.5681996125261766,0.9944067282381599,5
34,5,1,2,13,24, , , ,1,1,2,7,90,1,1,4,2,1,1.5681996125261766,1.678065364091577,5
34,11,1,1,13,24, , , ,1,1,90, , ,1,1,4,2,1,1.5681996125261766,0.6538673681558599,5
34,13,1,1,13,24, , , ,1,1,2,90, ,2,1,4,2,2,1.5681996125261766,2.4702670606841153,5
34,13,2,2,13,24, , , ,2, , , , ,2,1,4,2,2,1.5681996125261766,2.4702670606841153,5
34,15,1,1,13,12, , , ,1,1,2,90, ,1,1,4,2,1,1.5681996125261766,3.2253276628793586,5
34,16,1,1,12,3, , , ,1,1,2,3,90,1,1,4,2,1,1.5681996125261766,0.7111671403096497,5
34,17,1,1,12,98, , , ,1,1,4,5,90,2,1,4,3,1,1.5681996125261766,2.212498885883741,5
34,17,2,1,12,98, , , ,1,3,90, , ,2,1,4,3,1,1.5681996125261766,2.212498885883741,5
34,21,1,1,13,6, , , ,2, , , , ,1,1,4,2,2,1.5681996125261766,0.6197816809692684,5
34,22,1,1,13,12, , , ,2, , , , ,2,1,4,2,2,1.5681996125261766,2.6788713117062386,5
34,22,2,1,21,95, ,2, ,1,1,90, , ,2,1,4,2,2,1.5681996125261766,2.6788713117062386,5
34,23,1,1,98,95,2,2, ,1,1,2,90, ,2,1,4,3,1,1.5681996125261766,3.222557678032163,5
34,23,2,1,12,24, , , ,1,5,9,90, ,2,1,4,3,1,1.5681996125261766,3.222557678032163,5
34,24,1,1,13,12, , , ,1,1,3,90, ,2,1,4,2,2,1.5681996125261766,0.9262489787674573,5
34,24,2,1,13,95, , , ,2, , , , ,2,1,4,2,2,1.5681996125261766,0.9262489787674573,5
34,25,1,1,12,24, , , ,1,1,90, , ,2,1,4,2,1,1.5681996125261766,2.69786460171135,5
34,25,2,2,12,24, , , ,2, , , , ,2,1,4,2,1,1.5681996125261766,2.69786460171135,5
35,1,1,2,13,6, , , ,2, , , , ,1,1,4,3,1,0.7455087498298992,3.4944844326886,5
35,2,1,2,13,95, , , ,1,3,2,7,90,3,1,4,3,1,0.7455087498298992,3.5011441018709615,5
35,2,2,2,13,95, , , ,1,1,90, , ,3,1,4,3,1,0.7455087498298992,3.5011441018709615,5
35,2,3,2,13,95, , , ,1,6,90, , ,3,1,4,3,1,0.7455087498298992,3.5011441018709615,5
35,3,1,1,12,12, , , ,1,2,90, , ,2,1,4,3,2,0.7455087498298992,3.5476930275932226,5
35,3,2,1,12,95, , , ,1,1,90, , ,2,1,4,3,2,0.7455087498298992,3.5476930275932226,5
35,4,1,1,13,24, , , ,1,1,2,6,90,3,1,4,3,1,0.7455087498298992,3.3929041561366615,5
35,4,2,1,13,12, , , ,1,4,90, , ,3,1,4,3,1,0.7455087498298992,3.3929041561366615,5
35,4,3,1,13,12, , , ,1,5,90, , ,3,1,4,3,1,0.7455087498298992,3.3929041561366615,5
35,5,1,1,98,95,2,2, ,1,1,2,90, ,4,1,4,3,1,0.7455087498298992,4.135441260079267,5
35,5,2,2,13,12, , , ,1,3,4,90, ,4,1,4,3,1,0.7455087498298992,4.135441260079267,5
35,5,3,2,13,12, , , ,2, , , , ,4,1,4,3,1,0.7455087498298992,4.135441260079267,5
35,5,4,2,13,12, , , ,2, , , , ,4,1,4,3,1,0.7455087498298992,4.135441260079267,5
35,6,1,2,21,30, ,2, ,2, , , , ,2,1,4,3,1,0.7455087498298992,3.3878881236055642,5
35,6,2,2,21,30, ,2, ,2, , , , ,2,1,4,3,1,0.7455087498298992,3.3878881236055642,5
35,7,1,1,13,24, , , ,1,1,2,4,90,2,1,4,3,2,0.7455087498298992,3.3654758779490965,5
35,7,2,2,13,24, , , ,1,3,90, , ,2,1,4,3,2,0.7455087498298992,3.3654758779490965,5
35,9,1,2,13,18, , , ,2, , , , ,1,1,4,3,1,0.7455087498298992,5.647533725413464,5
35,10,1,1,13,12, , , ,1,3,90, , ,2,1,4,3,1,0.7455087498298992,4.400430061227112,5
35,10,2,2,13,12, , , ,1,1,2,90, ,2,1,4,3,1,0.7455087498298992,4.400430061227112,5
35,11,1,2,12,10, , , ,1,1,2,4,90,1,1,4,3,1,0.7455087498298992,3.616173413042604,5
35,12,1,1,12,24, , , ,1,1,2,3,4,2,1,4,3,2,0.7455087498298992,1.2147210072669052,5
35,12,2,2,12,24, , , ,2, , , , ,2,1,4,3,2,0.7455087498298992,1.2147210072669052,5
35,13,1,1,13,12, , , ,1,1,3,4,5,1,1,4,2,3,0.7455087498298992,1.4090467362537702,5
35,15,1,1,28,12, ,1,12,1,1,2,90, ,1,1,4,3,2,0.7455087498298992,2.050017842266275,5
35,17,1,2,12,12, , , ,1,1,0,90, ,2,1,4,3,1,0.7455087498298992,2.9726254478781247,5
35,17,2,2,12,12, , , ,2, , , , ,2,1,4,3,1,0.7455087498298992,2.9726254478781247,5
35,18,1,1,13,26, , , ,1,1,2,4,5,3,1,4,3,1,0.7455087498298992,2.1215819883418963,5
35,18,2,2,13,26, , , ,1,3,0,90, ,3,1,4,3,1,0.7455087498298992,2.1215819883418963,5
35,18,3,2,13,26, , , ,2, , , , ,3,1,4,3,1,0.7455087498298992,2.1215819883418963,5
35,19,1,1,13,95, , , ,1,4,5,90, ,2,1,4,3,2,0.7455087498298992,0.9561445672453656,5
35,19,2,1,13,95, , , ,1,1,2,6,90,2,1,4,3,2,0.7455087498298992,0.9561445672453656,5
35,20,1,1,98,95,2,2, ,1,1,0,90, ,1,1,4,2,2,0.7455087498298992,2.058006228585291,5
35,22,1,1,12,12, , , ,1,2,90, , ,1,1,4,3,2,0.7455087498298992,1.9870610671088376,5
35,23,1,1,98,3,2,2, ,1,1,2,5,90,2,1,4,3,1,0.7455087498298992,3.943385472134486,5
35,23,2,1,12,12, , , ,1,3,4,90, ,2,1,4,3,1,0.7455087498298992,3.943385472134486,5
35,24,1,1,12,24, , , ,1,1,2,90, ,2,1,4,2,1,0.7455087498298992,2.847524373930887,5
35,24,2,1,12,24, , , ,1,3,90, , ,2,1,4,2,1,0.7455087498298992,2.847524373930887,5
35,25,1,2,13,12, , , ,1,1,2,90, ,3,1,4,3,2,0.7455087498298992,5.377139549570407,5
35,25,2,2,13,12, , , ,1,3,90, , ,3,1,4,3,2,0.7455087498298992,5.377139549570407,5
35,25,3,2,13,12, , , ,1,4,90, , ,3,1,4,3,2,0.7455087498298992,5.377139549570407,5
36,1,1,1,12,4, , , ,1,1,2,3,90,1,1,4,9,1,1.5195589366597806,1.8987907558984438,5
36,4,1,1,12,95, , , ,1,8,9,10,90,2,1,4,2,1,1.5195589366597806,2.8748728966443964,5
36,4,2,1,13,95, , , ,1,12,90, , ,2,1,4,2,1,1.5195589366597806,2.8748728966443964,5
36,7,1,1,13,12, , , ,1,1,2,3,90,1,1,4,3,1,1.5195589366597806,0.9122213211538507,5
36,10,1,1,12,7, , , ,1,1,2,3,90,1,1,4,3,1,1.5195589366597806,3.5203977422350357,5
36,11,1,1,13,2, , , ,1,1,2,3,90,2,1,4,3,1,1.5195589366597806,4.662109935130811,5
36,11,2,2,13,2, , , ,2, , , , ,2,1,4,3,1,1.5195589366597806,4.662109935130811,5
36,12,1,1,13,14, , , ,1,1,2,3,90,1,1,4,1,3,1.5195589366597806,1.0600094542740226,5
36,14,1,1,12,5, , , ,1,1,5,6,90,1,1,4,3,2,1.5195589366597806,1.2499813876362171,5
36,16,1,1,13,12, , , ,1,2,0,90, ,1,1,4,3,1,1.5195589366597806,2.6001596939406864,5
36,17,1,1,12,24, , , ,1,1,0,0,90,1,1,4,3,2,1.5195589366597806,3.8663121859775447,5
36,18,1,1,13,14, , , ,1,1,2,7,90,1,1,4,2,1,1.5195589366597806,4.0494161912863476,5
36,19,1,1,13,12, , , ,1,1,90, , ,1,1,4,3,1,1.5195589366597806,2.8554449555084758,5
36,20,1,1,12,4, , , ,1,2,3,4,6,1,1,4,2,1,1.5195589366597806,2.009295936081935,5
36,21,1,1,12,2, , , ,1,1,2,3,90,1,1,4,3,1,1.5195589366597806,1.5709172969065677,5
36,22,1,1,13,6, , , ,1,1,2,90, ,1,1,4,3,1,1.5195589366597806,2.783550786720684,5
36,23,1,1,12,12, , , ,2, , , , ,1,1,4,3,1,1.5195589366597806,4.117407308141849,5
36,24,1,1,12,95, , , ,1,1,4,90, ,3,1,4,3,1,1.5195589366597806,3.0368855105366763,5
36,24,2,1,18,95, , , ,1,2,3,90, ,3,1,4,3,1,1.5195589366597806,3.0368855105366763,5
36,24,3,2,18,95, , , ,2, , , , ,3,1,4,3,1,1.5195589366597806,3.0368855105366763,5
36,25,1,1,13,24, , , ,1,1,90, , ,1,1,4,1,3,1.5195589366597806,0.7441801904453198,5
37,1,1,2,18,24, , , ,1,8,1,2,9,2,2,4,2,3,2.139452263141772,-0.12385960818814688,4
37,1,2,2,18,24, , , ,2, , , , ,2,2,4,2,3,2.139452263141772,-0.12385960818814688,4
37,2,1,2,21,12, ,2, ,1,1,2,6,7,2,2,4,2,3,2.139452263141772,-0.4485108243731715,2
37,2,2,2,21,12, ,2, ,1,3,4,5,90,2,2,4,2,3,2.139452263141772,-0.4485108243731715,2
37,3,1,2,13,95, , , ,1,1,2,3,4,1,2,4,2,3,2.139452263141772,-0.37957462324125946,3
37,4,1,2,18,12, , , ,1,1,2,7,8,1,2,4,2,3,2.139452263141772,-0.12823420140047884,4
37,5,1,2,13,24, , , ,1,1,2,90, ,3,2,4,2,3,2.139452263141772,0.09647445158906909,4
37,5,2,2,13,24, , , ,1,3,90, , ,3,2,4,2,3,2.139452263141772,0.09647445158906909,4
37,5,3,2,13,24, , , ,1,4,5,90, ,3,2,4,2,3,2.139452263141772,0.09647445158906909,4
37,6,1,1,13,24, , , ,1,6,90, , ,5,2,4,1,3,2.139452263141772,0.04430607949352637,4
37,6,2,1,13,24, , , ,1,4,90, , ,5,2,4,1,3,2.139452263141772,0.04430607949352637,4
37,6,3,1,13,24, , , ,1,5,90, , ,5,2,4,1,3,2.139452263141772,0.04430607949352637,4
37,6,4,2,12,24, , , ,1,1,2,90, ,5,2,4,1,3,2.139452263141772,0.04430607949352637,4
37,6,5,1,12,24, , , ,1,3,7,90, ,5,2,4,1,3,2.139452263141772,0.04430607949352637,4
37,7,1,1,12,12, , , ,1,5,90, , ,2,2,4,2,3,2.139452263141772,-0.4085154263336981,3
37,7,2,1,12,12, , , ,1,1,2,6,90,2,2,4,2,3,2.139452263141772,-0.4085154263336981,3
37,9,1,1,12,95, , , ,1,1,2,6,5,2,2,4,1,3,2.139452263141772,-0.6906639120522654,1
37,9,2,1,12,95, , , ,2, , , , ,2,2,4,1,3,2.139452263141772,-0.6906639120522654,1
37,10,1,1,13,18, , , ,2, , , , ,4,2,4,1,3,2.139452263141772,0.7867456274876163,5
37,10,2,2,13,18, , , ,1,3,90, , ,4,2,4,1,3,2.139452263141772,0.7867456274876163,5
37,10,3,2,13,18, , , ,1,4,90, , ,4,2,4,1,3,2.139452263141772,0.7867456274876163,5
37,10,4,2,13,18, , , ,2, , , , ,4,2,4,1,3,2.139452263141772,0.7867456274876163,5
37,11,1,1,13,12, , , ,1,1,2,90, ,2,2,4,2,3,2.139452263141772,-0.49132329496147215,2
37,11,2,1,12,24, , , ,2, , , , ,2,2,4,2,3,2.139452263141772,-0.49132329496147215,2
37,13,1,1,13,12, , , ,1,1,2,8,9,1,2,4,9,3,2.139452263141772,-0.3925184045217121,3
37,14,1,1,13,12, , , ,1,2,8,10,9,1,2,4,3,1,2.139452263141772,-0.5529678034106009,2
37,17,1,1,12,12, , , ,1,1,2,3,90,1,2,4,2,1,2.139452263141772,-0.31570419129546307,3
37,18,1,1,18,24, , , ,2, , , , ,1,2,4,9,1,2.139452263141772,-0.5261619292433882,2
37,19,1,1,12,12, , , ,1,1,2,3,90,1,2,4,2,2,2.139452263141772,-0.3723941248862216,3
37,21,1,1,13,12, , , ,1,1,4,5,90,1,2,4,2,3,2.139452263141772,-0.5693263988810833,2
37,22,1,1,12,24, , , ,1,1,2,4,90,1,2,4,1,1,2.139452263141772,-0.5828518628341467,1
37,23,1,1,12,18, , , ,1,1,2,90, ,1,2,4,3,1,2.139452263141772,0.3414644890893789,4
37,24,1,1,12,12, , , ,1,2,5,90, ,2,2,4,1,1,2.139452263141772,-0.5529678034106009,2
37,24,2,1,13,95, , , ,1,1,4,3,90,2,2,4,1,1,2.139452263141772,-0.5529678034106009,2
37,25,1,1,12,12, , , ,1,1,90, , ,1,2,4,1,1,2.139452263141772,0.1520828478359633,4
38,1,1,1,13,8, , , ,1,1,2,6,5,1,2,4,2,1,2.133694828858396,-0.3612311325933263,3
38,2,1,1,13,12, , , ,2, , , , ,1,2,4,3,1,2.133694828858396,0.8153499950998978,5
38,3,1,1,12,12, , , ,1,0,0,0,0,1,2,4,2,1,2.133694828858396,-0.057612910583805965,4
38,4,1,1,13,12, , , ,1,1,2,4,5,1,2,4,2,1,2.133694828858396,-0.011691826434250208,4
38,5,1,1,12,12, , , ,2, , , , ,2,2,4,1,3,2.133694828858396,-0.144606462703376,4
38,5,2,2,12,18, , , ,2, , , , ,2,2,4,1,3,2.133694828858396,-0.144606462703376,4
38,6,1,2,13,12, , , ,2, , , , ,1,2,4,3,1,2.133694828858396,0.35401650739476326,4
38,7,1,1,12,15, , , ,1,1,2,90, ,1,2,4,2,1,2.133694828858396,0.8449723024107418,5
38,8,1,2,12,12, , , ,1,1,90, , ,2,2,4,1,1,2.133694828858396,-0.2374366899699241,3
38,8,2,2,12,12, , , ,2, , , , ,2,2,4,1,1,2.133694828858396,-0.2374366899699241,3
38,10,1,1,12,2, , , ,1,1,2,3,4,1,2,4,1,1,2.133694828858396,0.09572905040236725,4
38,12,1,2,12,2, , , ,1,1,2,3,4,1,2,4,1,3,2.133694828858396,-0.27022516860022566,3
38,13,1,2,18,12, , , ,1,1,2,3,90,1,2,4,2,1,2.133694828858396,-0.20769364546846697,3
38,14,1,1,13,24, , , ,1,3,11,90, ,2,2,4,2,1,2.133694828858396,-0.47556593221137167,2
38,14,2,2,13,24, , , ,2, , , , ,2,2,4,2,1,2.133694828858396,-0.47556593221137167,2
38,15,1,1,12,18, , , ,1,1,2,6,90,2,2,4,2,1,2.133694828858396,0.5819872464110639,5
38,15,2,2,12,12, , , ,1,3,4,5,90,2,2,4,2,1,2.133694828858396,0.5819872464110639,5
38,16,1,2,12,12, , , ,2, , , , ,1,2,4,9,1,2.133694828858396,1.0208712758851959,5
38,17,1,1,12,12, , , ,2, , , , ,2,2,4,1,1,2.133694828858396,-0.011426001115872865,4
38,17,2,1,12,95, , , ,1,1,90, , ,2,2,4,1,1,2.133694828858396,-0.011426001115872865,4
38,18,1,2,13,12, , , ,2, , , , ,1,2,4,2,1,2.133694828858396,0.025440011782882355,4
38,19,1,1,12,12, , , ,2, , , , ,2,2,4,3,1,2.133694828858396,1.3286606433140775,5
38,19,2,1,12,24, , , ,2, , , , ,2,2,4,3,1,2.133694828858396,1.3286606433140775,5
38,20,1,1,12,12, , , ,1,1,2,3,90,2,2,4,3,1,2.133694828858396,0.5728157008403613,5
38,20,2,1,12,12, , , ,2, , , , ,2,2,4,3,1,2.133694828858396,0.5728157008403613,5
38,22,1,2,12,24, , , ,1,1,2,90, ,1,2,4,1,1,2.133694828858396,0.002764928363796556,4
38,23,1,1,21,12, ,2, ,1,2,3,5,90,1,2,4,2,1,2.133694828858396,-0.09868537855382019,4
38,24,1,1,12,12, , , ,1,1,8,9,11,2,2,4,3,1,2.133694828858396,-0.5251917849394809,2
38,24,2,2,12,95, , , ,2, , , , ,2,2,4,3,1,2.133694828858396,-0.5251917849394809,2
38,25,1,1,12,95, , , ,1,1,2,6,90,1,2,4,2,1,2.133694828858396,0.6924706984748009,5
39,1,1,1,13,12, , , ,2, , , , ,1,2,4,3,1,2.1063953221763048,0.6215678062020852,5
39,2,1,1,12,4, , , ,2, , , , ,1,2,4,1,3,2.1063953221763048,-0.32064913504137627,3
39,3,1,1,13,24, , , ,1,3,4,10,90,2,2,4,1,3,2.1063953221763048,-0.3493057887492511,3
39,3,2,1,13,24, , , ,1,6,7,8,9,2,2,4,1,3,2.1063953221763048,-0.3493057887492511,3
39,4,1,1,12,12, , , ,1,1,2,3,4,1,2,4,2,1,2.1063953221763048,0.14451345812876268,4
39,5,1,1,12,12, , , ,1,1,3,4,90,2,2,4,2,3,2.1063953221763048,-0.10156492939496932,4
39,5,2,2,12,12, , , ,2, , , , ,2,2,4,2,3,2.1063953221763048,-0.10156492939496932,4
39,6,1,1,12,12, , , ,1,1,2,7,90,2,2,4,1,1,2.1063953221763048,0.34031490998526603,4
39,6,2,2,12,12, , , ,1,3,4,5,6,2,2,4,1,1,2.1063953221763048,0.34031490998526603,4
39,7,1,1,12,12, , , ,2, , , , ,2,2,4,1,3,2.1063953221763048,0.17650315496787713,4
39,7,2,2,98,95,2,2, ,1,1,2,90, ,2,2,4,1,3,2.1063953221763048,0.17650315496787713,4
39,8,1,1,12,24, , , ,1,1,2,90, ,1,2,4,2,1,2.1063953221763048,-0.4043746422998178,3
39,9,1,1,13,24, , , ,1,3,4,5,90,2,2,4,3,3,2.1063953221763048,0.45858023406253556,5
39,9,2,1,13,24, , , ,1,1,90, , ,2,2,4,3,3,2.1063953221763048,0.45858023406253556,5
39,10,1,1,12,12, , , ,1,2,3,4,90,1,2,4,9,3,2.1063953221763048,-0.3792210209571669,3
39,11,1,1,13,12, , , ,1,1,3,90, ,3,2,4,1,1,2.1063953221763048,0.1572651104175736,4
39,11,2,1,13,12, , , ,1,0,0,0,90,3,2,4,1,1,2.1063953221763048,0.1572651104175736,4
39,11,3,1,13,12, , , ,2, , , , ,3,2,4,1,1,2.1063953221763048,0.1572651104175736,4
39,12,1,1,12,12, , , ,1,1,4,90, ,2,2,4,2,3,2.1063953221763048,-0.22869164694757976,3
39,12,2,1,12,12, , , ,1,2,3,90, ,2,2,4,2,3,2.1063953221763048,-0.22869164694757976,3
39,13,1,1,12,12, , , ,1,1,90, , ,1,2,4,1,3,2.1063953221763048,0.25831227944029267,4
39,14,1,1,13,95, , , ,1,0,90, , ,4,2,4,1,1,2.1063953221763048,0.43324946136292725,5
39,14,2,1,13,95, , , ,1,0,0,0,0,4,2,4,1,1,2.1063953221763048,0.43324946136292725,5
39,14,3,2,13,95, , , ,1,1,90, , ,4,2,4,1,1,2.1063953221763048,0.43324946136292725,5
39,14,4,1,13,95, , , ,2, , , , ,4,2,4,1,1,2.1063953221763048,0.43324946136292725,5
39,15,1,1,12,12, , , ,1,4,90, , ,1,2,4,9,3,2.1063953221763048,-0.4453163168375301,2
39,16,1,1,12,12, , , ,1,1,90, , ,2,2,4,1,1,2.1063953221763048,-0.38219748505656737,3
39,16,2,1,12,12, , , ,2, , , , ,2,2,4,1,1,2.1063953221763048,-0.38219748505656737,3
39,17,1,1,11,12, , , ,1,1,2,10,90,1,2,4,2,3,2.1063953221763048,-0.28279350275983356,3
39,18,1,1,11,1, , , ,1,1,2,3,90,2,2,4,2,1,2.1063953221763048,-0.20313403460159996,3
39,18,2,1,12,95, , , ,1,4,5,90, ,2,2,4,2,1,2.1063953221763048,-0.20313403460159996,3
39,19,1,1,12,18, , , ,1,3,90, , ,2,2,4,2,3,2.1063953221763048,-0.3431971806559084,3
39,19,2,1,12,18, , , ,1,1,2,4,90,2,2,4,2,3,2.1063953221763048,-0.3431971806559084,3
39,20,1,1,13,24, , , ,1,1,2,90, ,1,2,4,1,3,2.1063953221763048,-0.1536234386720849,4
39,21,1,1,18,95, , , ,1,1,2,4,5,1,2,4,9,3,2.1063953221763048,-0.5714438168023372,2
39,22,1,1,12,12, , , ,1,1,2,90, ,1,2,4,1,3,2.1063953221763048,-0.22407635441438412,3
39,23,1,1,13,12, , , ,1,1,2,7,8,2,2,4,2,3,2.1063953221763048,-0.2647729752131822,3
39,23,2,1,13,95, , , ,1,5,6,90, ,2,2,4,2,3,2.1063953221763048,-0.2647729752131822,3
39,24,1,1,12,12, , , ,1,1,2,90, ,1,2,4,1,3,2.1063953221763048,-0.44403900122110035,2
39,25,1,1,11,24, , , ,1,1,2,10,11,1,2,4,2,3,2.1063953221763048,0.32814245830743094,4
40,1,1,2,18,95, , , ,2, , , , ,2,2,4,1,3,2.3442429271738616,-0.2785817759449256,3
40,1,2,2,18,95, , , ,2, , , , ,2,2,4,1,3,2.3442429271738616,-0.2785817759449256,3
40,2,1,1,18,12, , , ,1,1,90, , ,2,2,4,1,3,2.3442429271738616,-0.4659292157396057,2
40,2,2,1,18,12, , , ,2, , , , ,2,2,4,1,3,2.3442429271738616,-0.4659292157396057,2
40,3,1,1,98,12,2,2, ,1,1,2,7,90,2,2,4,1,3,2.3442429271738616,-0.41967718387674946,3
40,3,2,1,98,12,2,2, ,1,3,4,5,6,2,2,4,1,3,2.3442429271738616,-0.41967718387674946,3
40,4,1,1,18,18, , , ,1,1,2,3,4,1,2,4,1,3,2.3442429271738616,-0.2966157278823436,3
40,8,1,2,12,12, , , ,2, , , , ,2,2,4,1,3,2.3442429271738616,-0.5024842166201852,2
40,8,2,2,12,12, , , ,2, , , , ,2,2,4,1,3,2.3442429271738616,-0.5024842166201852,2
40,9,1,1,13,20, , , ,1,1,2,7,90,2,2,4,1,1,2.3442429271738616,0.23951594008929608,4
40,9,2,1,13,20, , , ,1,6,8,3,5,2,2,4,1,1,2.3442429271738616,0.23951594008929608,4
40,12,1,1,13,95, , , ,1,1,2,6,90,2,2,4,3,1,2.3442429271738616,-0.4226536479761499,2
40,12,2,1,13,12, , , ,1,4,3,5,90,2,2,4,3,1,2.3442429271738616,-0.4226536479761499,2
40,13,1,1,13,95, , , ,1,1,90, , ,1,2,4,2,1,2.3442429271738616,-0.19403553801809015,3
40,14,1,1,13,16, , , ,1,1,4,90, ,1,2,4,1,1,2.3442429271738616,-0.24718665256762926,3
40,15,1,1,13,95, , , ,1,2,6,90, ,2,2,4,2,1,2.3442429271738616,-0.4106602079080405,3
40,15,2,1,13,95, , , ,1,1,3,4,5,2,2,4,2,1,2.3442429271738616,-0.4106602079080405,3
40,16,1,1,13,12, , , ,1,1,2,6,7,1,2,4,2,3,2.3442429271738616,-0.6345309995674282,1
40,17,1,1,18,12, , , ,1,1,2,3,4,1,2,4,1,3,2.3442429271738616,0.0419241306006119,4
40,18,1,1,13,12, , , ,1,1,2,3,4,2,2,4,1,3,2.3442429271738616,-0.39262625597062256,3
40,18,2,1,98,24,2,2, ,2, , , , ,2,2,4,1,3,2.3442429271738616,-0.39262625597062256,3
40,19,1,1,18,18, , , ,1,1,7,6,5,1,2,4,1,3,2.3442429271738616,-0.3326836317571794,3
40,20,1,1,13,14, , , ,1,3,2,5,4,1,2,4,2,1,2.3442429271738616,-0.4059865915261626,3
40,21,1,1,13,12, , , ,1,1,90, , ,1,2,4,1,3,2.3442429271738616,-0.10256473153966661,4
40,23,1,1,13,24, , , ,1,2,3,4,90,2,2,4,9,3,2.3442429271738616,-0.12523981495875242,4
40,23,2,1,13,24, , , ,2, , , , ,2,2,4,9,3,2.3442429271738616,-0.12523981495875242,4
40,24,1,1,12,24, , , ,1,1,2,6,5,2,2,4,1,1,2.3442429271738616,-0.29989446182814017,3
40,24,2,1,12,12, , , ,1,4,3,90, ,2,2,4,1,1,2.3442429271738616,-0.29989446182814017,3
40,25,1,1,12,95, , , ,1,1,2,3,4,1,2,4,2,1,2.3442429271738616,0.046299975087652975,4
41,1,1,1,18,95, , , ,1,1,90, , ,2,2,4,2,1,0.9853681691004227,0.19558366354329124,4
41,1,2,2,18,12, , , ,2, , , , ,2,2,4,2,1,0.9853681691004227,0.19558366354329124,4
41,2,1,2,12,12, , , ,1,1,2,90, ,1,2,4,1,3,0.9853681691004227,-0.4009947605230131,3
41,3,1,1,13,18, , , ,1,1,2,8,7,2,2,4,1,1,0.9853681691004227,-0.3548856133776356,3
41,3,2,1,13,18, , , ,1,4,9,90, ,2,2,4,1,1,0.9853681691004227,-0.3548856133776356,3
41,6,1,2,13,12, , , ,1,6,7,5,4,1,2,4,2,1,0.9853681691004227,0.2541264464775912,4
41,8,1,1,12,6, , , ,1,2,4,5,90,1,2,4,9,3,0.9853681691004227,-0.12449441377205063,4
41,10,1,1,12,95, , , ,1,1,2,3,90,1,2,4,2,1,0.9853681691004227,-0.0682924130713741,4
41,11,1,1,12,18, , , ,1,1,2,4,90,1,2,4,1,3,0.9853681691004227,-0.44140685986901834,2
41,12,1,1,13,12, , , ,1,1,90, , ,1,2,4,1,3,0.9853681691004227,-0.32228603362749414,3
41,16,1,1,12,18, , , ,2, , , , ,1,2,4,2,3,0.9853681691004227,-0.696704423921574,1
41,17,1,1,13,12, , , ,1,2,5,9,8,1,2,4,2,3,0.9853681691004227,-0.12021455590545836,4
41,18,1,1,12,12, , , ,1,1,2,3,90,1,2,4,1,1,0.9853681691004227,-0.434579963798073,2
41,21,1,1,13,16, , , ,1,1,2,3,90,1,2,4,1,1,0.9853681691004227,-0.43238988390030936,2
41,23,1,9,13,8, , , ,1,1,2,6,7,1,2,4,1,3,0.9853681691004227,-0.5428963159661904,2
41,25,1,1,13,18, , , ,1,1,2,7,8,1,2,4,1,1,0.9853681691004227,-0.3367610731657663,3
42,1,1,1,12,12, , , ,1,2,3,90, ,1,2,4,1,1,2.348172683674984,-0.4315406205956739,2
42,2,1,1,11,23, , , ,1,1,2,90, ,1,2,4,3,1,2.348172683674984,0.30380166650139384,4
42,4,1,1,12,95, , , ,1,3,5,6,7,2,2,4,3,1,2.348172683674984,2.3238413956451986,5
42,4,2,1,12,95, , , ,1,1,2,90, ,2,2,4,3,1,2.348172683674984,2.3238413956451986,5
42,6,1,1,13,95, , , ,1,1,2,90, ,1,2,4,3,1,2.348172683674984,2.0237075804150613,5
42,7,1,1,13,95, , , ,1,1,2,5,4,1,2,4,2,1,2.348172683674984,-0.18471176326815525,3
42,8,1,2,13,95, , , ,1,1,90, , ,1,2,4,2,1,2.348172683674984,2.2849869802185343,5
42,9,1,1,13,95, , , ,2, , , , ,2,2,4,3,2,2.348172683674984,3.029716256654299,5
42,9,2,1,13,13, , , ,2, , , , ,2,2,4,3,2,2.348172683674984,3.029716256654299,5
42,10,1,2,12,1, , , ,1,2,3,4,9,1,2,4,2,1,2.348172683674984,-0.04031503111450262,4
42,12,1,2,13,24, , , ,1,1,2,90, ,2,2,4,1,1,2.348172683674984,1.7814106277997028,5
42,12,2,2,13,24, , , ,1,3,4,5,6,2,2,4,1,1,2.348172683674984,1.7814106277997028,5
42,13,1,2,13,12, , , ,1,3,5,90, ,3,2,4,3,1,2.348172683674984,4.123604852087919,5
42,13,2,2,13,12, , , ,1,4,90, , ,3,2,4,3,1,2.348172683674984,4.123604852087919,5
42,13,3,2,13,12, , , ,1,1,6,90, ,3,2,4,3,1,2.348172683674984,4.123604852087919,5
42,14,1,2,13,24, , , ,2, , , , ,2,2,4,3,1,2.348172683674984,2.6309537327532695,5
42,14,2,2,13,24, , , ,2, , , , ,2,2,4,3,1,2.348172683674984,2.6309537327532695,5
42,15,1,2,13,24, , , ,2, , , , ,3,2,4,2,1,2.348172683674984,3.2913384663103584,5
42,15,2,2,13,24, , , ,2, , , , ,3,2,4,2,1,2.348172683674984,3.2913384663103584,5
42,15,3,2,13,24, , , ,2, , , , ,3,2,4,2,1,2.348172683674984,3.2913384663103584,5
42,16,1,1,12,12, , , ,2, , , , ,1,2,4,2,1,2.348172683674984,2.18614316242486,5
42,17,1,1,11,18, , , ,1,1,2,7,90,3,2,4,3,1,2.348172683674984,3.3339847844041306,5
42,17,2,1,11,18, , , ,1,4,5,6,90,3,2,4,3,1,2.348172683674984,3.3339847844041306,5
42,17,3,1,11,18, , , ,1,3,90, , ,3,2,4,3,1,2.348172683674984,3.3339847844041306,5
42,19,1,1,13,24, , , ,1,2,3,6,90,2,2,4,3,1,2.348172683674984,2.4274823027461094,5
42,19,2,1,11,12, , , ,1,1,4,9,7,2,2,4,3,1,2.348172683674984,2.4274823027461094,5
42,21,1,1,13,6, , , ,1,3,10,11,90,3,2,4,2,1,2.348172683674984,3.3975853175633595,5
42,21,2,1,13,95, , , ,1,1,2,9,8,3,2,4,2,1,2.348172683674984,3.3975853175633595,5
42,21,3,1,13,95, , , ,2, , , , ,3,2,4,2,1,2.348172683674984,3.3975853175633595,5
42,22,1,1,12,12, , , ,1,5,6,8,90,2,2,4,1,1,2.348172683674984,2.9148629543702547,5
42,22,2,1,12,12, , , ,1,3,7,90, ,2,2,4,1,1,2.348172683674984,2.9148629543702547,5
42,23,1,1,13,95, , , ,1,4,8,1,90,1,2,4,2,1,2.348172683674984,2.868623451718051,5
42,24,1,1,12,12, , , ,2, , , , ,1,2,4,3,1,2.348172683674984,2.1090936576096757,5
42,25,1,1,98,24,2,2, ,2, , , , ,2,2,4,2,1,2.348172683674984,3.243923248185393,5
42,25,2,2,13,95, , , ,2, , , , ,2,2,4,2,1,2.348172683674984,3.243923248185393,5
43,2,1,2,12,28, , , ,2, , , , ,1,2,4,1,3,2.8415724493550267,-0.5251742484602641,2
43,5,1,1,11,12, , , ,2, , , , ,1,2,4,1,3,2.8415724493550267,-0.5670555577575905,2
43,7,1,2,12,12, , , ,2, , , , ,2,2,4,1,3,2.8415724493550267,-0.4375519379081465,2
43,7,2,2,12,12, , , ,2, , , , ,2,2,4,1,3,2.8415724493550267,-0.4375519379081465,2
43,8,1,1,13,13, , , ,2, , , , ,1,2,4,1,3,2.8415724493550267,-0.43916280928627166,2
43,9,1,2,13,24, , , ,1,1,2,4,5,3,2,4,1,3,2.8415724493550267,-0.44677021145790935,2
43,9,2,2,13,24, , , ,1,6,7,9,8,3,2,4,1,3,2.8415724493550267,-0.44677021145790935,2
43,9,3,2,13,24, , , ,1,10,11,13,12,3,2,4,1,3,2.8415724493550267,-0.44677021145790935,2
43,10,1,1,12,12, , , ,1,1,2,90, ,2,2,4,1,3,2.8415724493550267,-0.4300650642252247,2
43,10,2,1,12,12, , , ,1,3,4,5,6,2,2,4,1,3,2.8415724493550267,-0.4300650642252247,2
43,11,1,2,11,12, , , ,2, , , , ,2,2,4,1,1,2.8415724493550267,-0.2079351159309127,3
43,11,2,2,11,12, , , ,2, , , , ,2,2,4,1,1,2.8415724493550267,-0.2079351159309127,3
43,12,1,1,13,95, , , ,1,1,2,3,90,1,2,4,1,1,2.8415724493550267,-0.45739933677664035,2
43,13,1,1,13,12, , , ,1,1,3,90, ,1,2,4,1,3,2.8415724493550267,-0.36505950014549066,3
43,14,1,1,12,24, , , ,1,1,2,7,90,1,2,4,2,3,2.8415724493550267,-0.3117088736285684,3
43,15,1,2,11,12, , , ,1,1,2,3,4,2,2,4,1,3,2.8415724493550267,-0.06818702499325058,4
43,15,2,2,11,12, , , ,2, , , , ,2,2,4,1,3,2.8415724493550267,-0.06818702499325058,4
43,16,1,2,11,95, , , ,1,1,2,3,90,2,2,4,1,3,2.8415724493550267,-0.3972814999889452,3
43,16,2,2,11,95, , , ,2, , , , ,2,2,4,1,3,2.8415724493550267,-0.3972814999889452,3
43,17,1,1,11,95, , , ,1,1,2,9,10,3,2,4,2,1,2.8415724493550267,-0.6077709395332221,1
43,17,2,2,11,95, , , ,1,3,4,5,90,3,2,4,2,1,2.8415724493550267,-0.6077709395332221,1
43,17,3,2,11,95, , , ,1,6,7,8,90,3,2,4,2,1,2.8415724493550267,-0.6077709395332221,1
43,22,1,1,13,24, , , ,1,1,2,90, ,1,2,4,2,1,2.8415724493550267,-0.6426025681093203,1
43,24,1,9,11,95, , , ,1,3,4,5,90,1,2,4,1,3,2.8415724493550267,-0.5117604114449432,2
43,25,1,1,13,95, , , ,2, , , , ,3,2,4,1,1,2.8415724493550267,-0.5206383974972107,2
43,25,2,1,13,95, , , ,2, , , , ,3,2,4,1,1,2.8415724493550267,-0.5206383974972107,2
43,25,3,1,13,95, , , ,2, , , , ,3,2,4,1,1,2.8415724493550267,-0.5206383974972107,2
44,1,1,1,11,12, , , ,1,1,2,3,90,1,2,4,1,3,1.897117741691852,-0.6636129841461386,1
44,2,1,1,11,12, , , ,1,1,2,3,90,1,2,4,1,3,1.897117741691852,-0.6592371396590975,1
44,3,1,1,11,24, , , ,1,1,2,90, ,1,2,4,1,3,1.897117741691852,-0.6636129841461386,1
44,4,1,1,11,95, , , ,1,1,2,90, ,2,2,4,2,3,1.897117741691852,0.09682918586100445,4
44,4,2,1,11,95, , , ,1,3,4,5,90,2,2,4,2,3,1.897117741691852,0.09682918586100445,4
44,5,1,1,11,6, , , ,1,1,90, , ,1,2,4,1,3,1.897117741691852,-0.08945265099378236,4
44,6,1,1,11,13, , , ,2, , , , ,1,2,4,2,1,1.897117741691852,-0.5447372116435287,2
44,7,1,1,11,95, , , ,1,2,7,6,5,2,2,4,9,1,1.897117741691852,-0.5448698551408422,2
44,7,2,1,11,95, , , ,1,1,90, , ,2,2,4,9,1,1.897117741691852,-0.5448698551408422,2
44,8,1,1,11,12, , , ,2, , , , ,1,2,4,2,1,1.897117741691852,0.024002807019981247,4
44,9,1,1,11,12, , , ,1,2,3,4,90,2,2,4,1,3,1.897117741691852,-0.3523134256330215,3
44,9,2,1,11,12, , , ,2, , , , ,2,2,4,1,3,1.897117741691852,-0.3523134256330215,3
44,10,1,1,11,12, , , ,1,1,2,3,90,2,2,4,2,3,1.897117741691852,-0.16273980211171865,4
44,10,2,1,11,12, , , ,2, , , , ,2,2,4,2,3,1.897117741691852,-0.16273980211171865,4
44,11,1,1,11,12, , , ,1,1,2,6,7,2,2,4,2,3,1.897117741691852,-0.5764292710313235,1
44,11,2,1,11,12, , , ,1,3,4,5,90,2,2,4,2,3,1.897117741691852,-0.5764292710313235,1
44,12,1,1,13,95, , , ,1,1,2,90, ,1,2,4,2,3,1.897117741691852,-0.4923316722294142,2
44,13,1,1,11,12, , , ,1,1,2,90, ,1,2,4,1,3,1.897117741691852,-0.4920866184905,2
44,15,1,1,11,95, , , ,1,1,2,5,90,2,2,4,1,3,1.897117741691852,-0.6202244207007329,1
44,15,2,1,11,95, , , ,2, , , , ,2,2,4,1,3,1.897117741691852,-0.6202244207007329,1
44,16,1,1,11,25, , , ,1,1,90, , ,3,2,4,3,1,1.897117741691852,-0.6681214721304931,1
44,16,2,1,11,25, , , ,2, , , , ,3,2,4,3,1,1.897117741691852,-0.6681214721304931,1
44,16,3,1,11,25, , , ,2, , , , ,3,2,4,3,1,1.897117741691852,-0.6681214721304931,1
44,17,1,1,11,12, , , ,1,1,2,3,90,1,2,4,1,1,1.897117741691852,-0.5447372116435287,2
44,18,1,1,11,12, , , ,2, , , , ,1,2,4,3,1,1.897117741691852,-0.26201667778628035,3
44,19,1,1,11,12, , , ,1,1,3,90, ,2,2,4,2,1,1.897117741691852,0.8630363343914788,5
44,19,2,1,11,12, , , ,1,2,90, , ,2,2,4,2,1,1.897117741691852,0.8630363343914788,5
44,22,1,1,11,12, , , ,1,1,3,4,5,1,2,4,1,3,1.897117741691852,-0.6202244207007329,1
44,23,1,1,11,12, , , ,1,1,7,6,5,2,2,4,1,3,1.897117741691852,0.7233013150214372,5
44,23,2,1,11,12, , , ,2, , , , ,2,2,4,1,3,1.897117741691852,0.7233013150214372,5
44,24,1,1,11,24, , , ,1,1,2,4,90,1,2,4,1,3,1.897117741691852,-0.6450377017459982,1
44,25,1,1,11,15, , , ,1,1,2,4,90,1,2,4,9,1,1.897117741691852,-0.21927822530918803,3
45,1,1,1,11,12, , , ,1,2,5,6,7,1,2,4,1,3,1.9563659411061747,-0.5845476105364734,1
45,2,1,1,13,24, , , ,1,1,2,3,90,1,2,4,1,3,1.9563659411061747,-0.6592371396590975,1
45,6,1,1,11,24, , , ,1,1,2,8,7,2,2,4,1,3,1.9563659411061747,-0.4244649540628446,2
45,6,2,1,11,24, , , ,2, , , , ,2,2,4,1,3,1.9563659411061747,-0.4244649540628446,2
45,7,1,1,11,98, , , ,1,1,2,3,4,1,2,4,2,3,1.9563659411061747,-0.4402138321406207,2
45,9,1,1,11,24, , , ,1,1,2,5,6,1,2,4,1,3,1.9563659411061747,-0.5755306345677644,1
45,10,1,1,11,95, , , ,2, , , , ,1,2,4,1,3,1.9563659411061747,-0.4231274791998502,2
45,11,1,1,13,95, , , ,2, , , , ,1,2,4,1,3,1.9563659411061747,-0.6816469360835565,1
45,13,1,1,11,22, , , ,1,1,2,4,5,1,2,4,1,3,1.9563659411061747,-0.49960321172351774,2
45,15,1,1,13,95, , , ,1,2,11,10,90,3,2,4,1,3,1.9563659411061747,-0.5982330243371817,1
45,15,2,1,13,95, , , ,1,1,4,5,7,3,2,4,1,3,1.9563659411061747,-0.5982330243371817,1
45,15,3,1,13,95, , , ,1,8,9,90, ,3,2,4,1,3,1.9563659411061747,-0.5982330243371817,1
45,17,1,1,11,24, , , ,2, , , , ,1,2,4,1,3,1.9563659411061747,-0.41080684661246786,3
45,19,1,1,11,24, , , ,1,1,2,3,5,1,2,4,1,3,1.9563659411061747,-0.6202244207007329,1
45,24,1,1,11,24, , , ,2, , , , ,1,2,4,1,3,1.9563659411061747,-0.6726299601148475,1
46,1,1,1,11,12, , , ,2, , , , ,3,2,4,1,3,2.130724215054814,-0.4878231842450597,2
46,1,2,1,11,12, , , ,2, , , , ,3,2,4,1,3,2.130724215054814,-0.4878231842450597,2
46,1,3,1,11,12, , , ,2, , , , ,3,2,4,1,3,2.130724215054814,-0.4878231842450597,2
46,3,1,1,13,22, , , ,2, , , , ,3,2,4,1,3,2.130724215054814,-0.6292413966694419,1
46,3,2,1,13,22, , , ,2, , , , ,3,2,4,1,3,2.130724215054814,-0.6292413966694419,1
46,3,3,1,13,22, , , ,2, , , , ,3,2,4,1,3,2.130724215054814,-0.6292413966694419,1
46,4,1,1,11,24, , , ,1,2,90, , ,1,2,4,1,3,2.130724215054814,-0.6380940801249658,1
46,5,1,1,13,95, , , ,1,1,2,90, ,1,2,4,1,3,2.130724215054814,-0.611207444732024,1
46,6,1,1,11,12, , , ,1,1,2,9,10,3,2,4,3,1,2.130724215054814,1.8137353648317658,5
46,6,2,1,11,12, , , ,1,4,5,90, ,3,2,4,3,1,2.130724215054814,1.8137353648317658,5
46,6,3,1,11,12, , , ,1,6,7,8,90,3,2,4,3,1,2.130724215054814,1.8137353648317658,5
46,7,1,1,11,12, , , ,1,1,2,3,4,2,2,4,3,3,2.130724215054814,-0.606831600244983,1
46,7,2,1,11,12, , , ,2, , , , ,2,2,4,3,3,2.130724215054814,-0.606831600244983,1
46,8,1,1,11,18, , , ,1,1,90, , ,1,2,4,2,3,2.130724215054814,-0.5796480288415427,1
46,9,1,1,11,95, , , ,1,1,2,7,90,5,2,4,2,1,2.130724215054814,-0.6382583726381509,1
46,9,2,1,11,95, , , ,1,4,90, , ,5,2,4,2,1,2.130724215054814,-0.6382583726381509,1
46,9,3,1,11,95, , , ,1,5,6,90, ,5,2,4,2,1,2.130724215054814,-0.6382583726381509,1
46,9,4,1,11,95, , , ,2, , , , ,5,2,4,2,1,2.130724215054814,-0.6382583726381509,1
46,9,5,1,11,95, , , ,2, , , , ,5,2,4,2,1,2.130724215054814,-0.6382583726381509,1
46,10,1,1,11,24, , , ,2, , , , ,1,2,4,1,3,2.130724215054814,-0.6066989567476695,1
46,11,1,1,11,12, , , ,1,2,3,4,90,2,2,4,1,3,2.130724215054814,-0.611207444732024,1
46,11,2,1,11,12, , , ,2, , , , ,2,2,4,1,3,2.130724215054814,-0.611207444732024,1
46,12,1,1,11,95, , , ,1,1,2,6,5,2,2,4,1,3,2.130724215054814,-0.5432082003976819,2
46,12,2,1,11,95, , , ,1,4,90, , ,2,2,4,1,3,2.130724215054814,-0.5432082003976819,2
46,13,1,1,13,95, , , ,1,1,2,90, ,3,2,4,1,3,2.130724215054814,-0.2790002753620438,3
46,13,2,1,11,1, , , ,1,3,4,5,90,3,2,4,1,3,2.130724215054814,-0.2790002753620438,3
46,13,3,1,11,1, , , ,2, , , , ,3,2,4,1,3,2.130724215054814,-0.2790002753620438,3
46,14,1,1,11,95, , , ,1,1,2,6,90,2,2,4,1,3,2.130724215054814,-0.5071402965228462,2
46,14,2,1,11,95, , , ,2, , , , ,2,2,4,1,3,2.130724215054814,-0.5071402965228462,2
46,15,1,1,11,95, , , ,1,1,2,3,4,2,2,4,1,3,2.130724215054814,-0.5251742484602641,2
46,15,2,1,11,95, , , ,2, , , , ,2,2,4,1,3,2.130724215054814,-0.5251742484602641,2
46,16,1,1,11,12, , , ,1,1,2,90, ,3,2,4,1,3,2.130724215054814,-0.5557741443872737,2
46,16,2,1,11,12, , , ,2, , , , ,3,2,4,1,3,2.130724215054814,-0.5557741443872737,2
46,16,3,1,11,12, , , ,2, , , , ,3,2,4,1,3,2.130724215054814,-0.5557741443872737,2
46,18,1,1,11,24, , , ,1,1,2,3,4,1,2,4,1,3,2.130724215054814,-0.559549645742632,2
46,19,1,1,11,25, , , ,2, , , , ,2,2,4,1,3,2.130724215054814,-0.5763441671400542,1
46,19,2,1,11,25, , , ,2, , , , ,2,2,4,1,3,2.130724215054814,-0.5763441671400542,1
46,21,1,1,11,12, , , ,1,1,2,3,90,1,2,4,1,1,2.130724215054814,-0.29193107410985797,3
46,22,1,1,11,24, , , ,1,1,2,90, ,1,2,4,1,1,2.130724215054814,-0.5931734927946062,1
46,23,1,1,11,12, , , ,1,1,2,90, ,3,2,4,2,3,2.130724215054814,-0.5101205704279179,2
46,23,2,1,13,95, , , ,1,3,4,90, ,3,2,4,2,3,2.130724215054814,-0.5101205704279179,2
46,23,3,1,11,12, , , ,2, , , , ,3,2,4,2,3,2.130724215054814,-0.5101205704279179,2
46,24,1,1,13,95, , , ,1,1,4,5,3,2,2,4,1,3,2.130724215054814,-0.6816469360835565,1
46,24,2,1,11,12, , , ,2, , , , ,2,2,4,1,3,2.130724215054814,-0.6816469360835565,1
47,2,1,1,98,95,2,2, ,1,1,2,90, ,2,2,4,3,1,2.405706940803292,3.391639515216219,5
47,2,2,1,98,95,2,2, ,1,3,6,90, ,2,2,4,3,1,2.405706940803292,3.391639515216219,5
47,4,1,1,13,15, , , ,1,1,4,6,90,2,2,4,1,1,2.405706940803292,0.06306250165727427,4
47,4,2,1,13,15, , , ,2, , , , ,2,2,4,1,1,2.405706940803292,0.06306250165727427,4
47,5,1,1,11,95, , , ,1,1,90, , ,3,2,4,3,1,2.405706940803292,4.0477083667474565,5
47,5,2,1,11,95, , , ,1,2,90, , ,3,2,4,3,1,2.405706940803292,4.0477083667474565,5
47,5,3,1,11,95, , , ,1,3,4,90, ,3,2,4,3,1,2.405706940803292,4.0477083667474565,5
47,6,1,1,98,18,2,2, ,1,1,2,5,90,3,2,4,3,1,2.405706940803292,5.449602141818784,5
47,6,2,1,98,95,2,2, ,1,3,4,90, ,3,2,4,3,1,2.405706940803292,5.449602141818784,5
47,6,3,1,98,95,2,2, ,1,6,90, , ,3,2,4,3,1,2.405706940803292,5.449602141818784,5
47,7,1,1,11,12, , , ,1,1,2,3,90,1,2,4,3,1,2.405706940803292,1.48651274777978,5
47,8,1,1,11,24, , , ,1,1,90, , ,1,2,4,3,1,2.405706940803292,0.4802676665981668,5
47,9,1,1,13,24, , , ,1,1,2,3,90,1,2,4,1,1,2.405706940803292,-0.35835012769665875,3
47,10,1,1,13,7, , , ,1,2,3,4,5,1,2,4,1,1,2.405706940803292,2.9904667957143496,5
47,11,1,1,13,4, , , ,1,2,3,90, ,2,2,4,3,1,2.405706940803292,3.8397167424821257,5
47,11,2,1,13,4, , , ,1,4,6,90, ,2,2,4,3,1,2.405706940803292,3.8397167424821257,5
47,12,1,1,11,12, , , ,1,1,4,90, ,1,2,4,3,1,2.405706940803292,2.5523097654917537,5
47,13,1,9,13,24, , , ,1,1,2,3,90,1,2,4,3,1,2.405706940803292,0.963716957364423,5
47,14,1,1,11,18, , , ,1,4,13,10,90,2,2,4,3,1,2.405706940803292,2.111453243584259,5
47,14,2,1,11,18, , , ,1,7,8,9,90,2,2,4,3,1,2.405706940803292,2.111453243584259,5
47,15,1,1,13,95, , , ,1,2,3,90, ,3,2,4,3,1,2.405706940803292,2.370621339536749,5
47,15,2,1,13,95, , , ,1,1,4,6,5,3,2,4,3,1,2.405706940803292,2.370621339536749,5
47,15,3,1,13,95, , , ,2, , , , ,3,2,4,3,1,2.405706940803292,2.370621339536749,5
47,16,1,1,11,20, , , ,1,1,5,90, ,1,2,4,2,1,2.405706940803292,0.7295705707893777,5
47,18,1,1,11,24, , , ,1,3,13,90, ,5,2,4,3,1,2.405706940803292,5.005026995621209,5
47,18,2,1,11,24, , , ,1,8,9,90, ,5,2,4,3,1,2.405706940803292,5.005026995621209,5
47,18,3,1,13,95, , , ,1,7,6,0,90,5,2,4,3,1,2.405706940803292,5.005026995621209,5
47,18,4,1,13,95, , , ,1,16,90, , ,5,2,4,3,1,2.405706940803292,5.005026995621209,5
47,18,5,1,98,95,2,2, ,1,1,2,90, ,5,2,4,3,1,2.405706940803292,5.005026995621209,5
47,19,1,1,13,9, , , ,1,1,2,3,90,1,2,4,3,1,2.405706940803292,4.594582523878391,5
47,20,1,1,13,12, , , ,1,1,90, , ,2,2,4,3,1,2.405706940803292,4.623941576068581,5
47,20,2,1,13,12, , , ,1,0,0,90, ,2,2,4,3,1,2.405706940803292,4.623941576068581,5
47,21,1,1,13,12, , , ,1,1,2,3,90,1,2,4,3,1,2.405706940803292,3.5107324143964376,5
47,22,1,1,13,5, , , ,1,1,2,5,90,1,2,4,2,2,2.405706940803292,-0.01329901905180418,4
47,23,1,1,11,95, , , ,1,1,2,6,5,2,2,4,3,1,2.405706940803292,-0.13817035521323398,4
47,23,2,1,11,95, , , ,1,4,3,90, ,2,2,4,3,1,2.405706940803292,-0.13817035521323398,4
47,25,1,1,13,7, , , ,1,1,2,6,5,1,2,4,3,1,2.405706940803292,2.420170525689764,5
48,1,1,1,11,24, , , ,1,1,2,8,90,1,2,4,1,3,2.008034669442712,-0.015267551651969226,4
48,3,1,1,11,24, , , ,2, , , , ,1,2,4,1,3,2.008034669442712,-0.0958937408053565,4
48,4,1,1,11,14, , , ,1,1,2,9,90,3,2,4,1,1,2.008034669442712,0.15240344785245763,4
48,4,2,1,11,14, , , ,1,3,4,5,90,3,2,4,1,1,2.008034669442712,0.15240344785245763,4
48,4,3,1,11,14, , , ,1,6,7,8,90,3,2,4,1,1,2.008034669442712,0.15240344785245763,4
48,5,1,1,13,95, , , ,2, , , , ,2,2,4,2,1,2.008034669442712,-0.0005206467427881717,4
48,5,2,1,98,24,2,2, ,2, , , , ,2,2,4,2,1,2.008034669442712,-0.0005206467427881717,4
48,6,1,1,11,24, , , ,1,1,4,5,6,2,2,4,1,3,2.008034669442712,-0.09559620373442178,4
48,6,2,1,98,24,2,2, ,1,3,7,90, ,2,2,4,1,3,2.008034669442712,-0.09559620373442178,4
48,7,1,1,11,12, , , ,1,1,2,90, ,1,2,4,1,1,2.008034669442712,-0.5542421205023196,2
48,8,1,1,13,15, , , ,1,1,5,90, ,2,2,4,1,3,2.008034669442712,-0.25657706843815703,3
48,8,2,1,13,15, , , ,1,2,4,90, ,2,2,4,1,3,2.008034669442712,-0.25657706843815703,3
48,10,1,9,11,13, , , ,1,1,2,3,4,1,2,4,1,1,2.008034669442712,0.8827090295890235,5
48,12,1,1,11,24, , , ,1,1,90, , ,3,2,4,3,1,2.008034669442712,-0.3008280943308911,3
48,12,2,1,11,24, , , ,1,4,90, , ,3,2,4,3,1,2.008034669442712,-0.3008280943308911,3
48,12,3,1,11,24, , , ,1,2,3,90, ,3,2,4,3,1,2.008034669442712,-0.3008280943308911,3
48,15,1,1,11,12, , , ,1,1,3,90, ,2,2,4,1,3,2.008034669442712,-0.27552577299003184,3
48,15,2,1,11,12, , , ,1,2,90, , ,2,2,4,1,3,2.008034669442712,-0.27552577299003184,3
48,17,1,2,13,13, , , ,1,1,7,8,90,2,2,4,1,3,2.008034669442712,-0.06491927539389532,4
48,17,2,2,13,13, , , ,1,2,3,4,5,2,2,4,1,3,2.008034669442712,-0.06491927539389532,4
48,18,1,1,11,12, , , ,1,1,3,90, ,2,2,4,1,3,2.008034669442712,-0.5312117476904653,2
48,18,2,1,11,12, , , ,1,2,90, , ,2,2,4,1,3,2.008034669442712,-0.5312117476904653,2
48,19,1,9,13,95, , , ,1,1,2,3,4,1,2,4,1,1,2.008034669442712,0.14790884515037206,4
48,20,1,1,11,12, , , ,1,1,2,4,90,2,2,4,1,3,2.008034669442712,0.15749680923429893,4
48,20,2,1,11,12, , , ,1,3,90, , ,2,2,4,1,3,2.008034669442712,0.15749680923429893,4
48,21,1,1,11,24, , , ,1,1,2,4,5,2,2,4,1,3,2.008034669442712,-0.5676024560578597,2
48,21,2,1,11,24, , , ,1,3,6,90, ,2,2,4,1,3,2.008034669442712,-0.5676024560578597,2
48,22,1,1,98,12,2,2, ,1,1,90, , ,3,2,4,1,1,2.008034669442712,-0.4293550306872372,2
48,22,2,1,98,12,2,2, ,1,3,90, , ,3,2,4,1,1,2.008034669442712,-0.4293550306872372,2
48,22,3,1,98,12,2,2, ,2, , , , ,3,2,4,1,1,2.008034669442712,-0.4293550306872372,2
48,23,1,1,11,12, , , ,1,1,90, , ,2,2,4,1,3,2.008034669442712,0.12014597860557363,4
48,23,2,1,11,12, , , ,1,2,90, , ,2,2,4,1,3,2.008034669442712,0.12014597860557363,4
49,1,1,1,11,95, , , ,1,1,6,90, ,2,2,4,1,3,2.7359380259474873,-0.4818460151213658,2
49,1,2,1,11,95, , , ,1,2,3,4,5,2,2,4,1,3,2.7359380259474873,-0.4818460151213658,2
49,2,1,1,11,95, , , ,1,1,2,90, ,1,2,4,1,3,2.7359380259474873,-0.5417886393348088,2
49,3,1,1,11,12, , , ,1,1,3,4,5,1,2,4,1,3,2.7359380259474873,-0.575965849301924,1
49,4,1,1,98,95,2,2, ,1,8,6,9,7,3,2,4,1,3,2.7359380259474873,-0.2644035652757711,3
49,4,2,1,98,95,2,2, ,1,1,2,12,18,3,2,4,1,3,2.7359380259474873,-0.2644035652757711,3
49,4,3,1,11,8, , , ,1,13,14,15,16,3,2,4,1,3,2.7359380259474873,-0.2644035652757711,3
49,5,1,1,11,12, , , ,1,1,2,6,8,2,2,4,1,3,2.7359380259474873,-0.42130371375055725,2
49,5,2,1,11,12, , , ,2, , , , ,2,2,4,1,3,2.7359380259474873,-0.42130371375055725,2
49,6,1,1,11,12, , , ,1,1,2,90, ,1,2,4,1,1,2.7359380259474873,-0.5585854800891508,2
49,7,1,1,11,18, , , ,1,1,7,8,90,3,2,4,1,3,2.7359380259474873,-0.5717551332124061,2
49,7,2,1,11,18, , , ,1,9,10,3,4,3,2,4,1,3,2.7359380259474873,-0.5717551332124061,2
49,7,3,1,11,18, , , ,1,11,2,6,5,3,2,4,1,3,2.7359380259474873,-0.5717551332124061,2
49,8,1,1,11,12, , , ,1,1,3,90, ,2,2,4,1,3,2.7359380259474873,-0.4480855153883107,2
49,8,2,1,11,12, , , ,1,2,90, , ,2,2,4,1,3,2.7359380259474873,-0.4480855153883107,2
49,9,1,1,11,95, , , ,1,1,2,3,90,1,2,4,1,3,2.7359380259474873,-0.557931897364506,2
49,10,1,1,11,12, , , ,2, , , , ,1,2,4,1,3,2.7359380259474873,-0.4582315924140408,2
49,11,1,1,11,95, , , ,1,2,90, , ,3,2,4,1,3,2.7359380259474873,-0.13134401815758584,4
49,11,2,1,11,95, , , ,1,1,7,8,9,3,2,4,1,3,2.7359380259474873,-0.13134401815758584,4
49,11,3,1,11,95, , , ,2, , , , ,3,2,4,1,3,2.7359380259474873,-0.13134401815758584,4
49,13,1,1,11,95, , , ,1,0,4,90, ,2,2,4,1,3,2.7359380259474873,-0.31102509513515963,3
49,13,2,1,98,95,1,2, ,1,2,3,5,90,2,2,4,1,3,2.7359380259474873,-0.31102509513515963,3
49,14,1,1,11,95, , , ,1,1,90, , ,1,2,4,1,3,2.7359380259474873,-0.5629737391338975,2
49,15,1,1,13,95, , , ,2, , , , ,1,2,4,1,3,2.7359380259474873,-0.47533669674029944,2
49,18,1,1,98,95,2,2, ,1,1,90, , ,1,2,4,1,3,2.7359380259474873,-0.45320216520235496,2
49,19,1,1,11,12, , , ,1,2,3,4,5,1,2,4,1,3,2.7359380259474873,-0.5806069807835917,1
49,21,1,1,11,12, , , ,1,1,5,6,90,2,2,4,1,3,2.7359380259474873,-0.37941127254328977,3
49,21,2,1,98,95,2,2, ,2, , , , ,2,2,4,1,3,2.7359380259474873,-0.37941127254328977,3
49,22,1,1,11,95, , , ,1,1,5,90, ,2,2,4,1,3,2.7359380259474873,-0.5731829268277668,1
49,22,2,1,12,95, , , ,1,2,3,4,90,2,2,4,1,3,2.7359380259474873,-0.5731829268277668,1
49,23,1,1,11,12, , , ,1,2,3,4,5,2,2,4,1,3,2.7359380259474873,-0.38465093647823473,3
49,23,2,1,11,12, , , ,2, , , , ,2,2,4,1,3,2.7359380259474873,-0.38465093647823473,3
49,24,1,1,11,12, , , ,1,1,2,7,90,3,2,4,1,3,2.7359380259474873,-0.6807677266709128,1
49,24,2,1,11,12, , , ,1,4,5,90, ,3,2,4,1,3,2.7359380259474873,-0.6807677266709128,1
49,24,3,1,11,12, , , ,2, , , , ,3,2,4,1,3,2.7359380259474873,-0.6807677266709128,1
49,25,1,1,11,12, , , ,1,1,90, , ,1,2,4,1,3,2.7359380259474873,-0.6545960081774296,1
50,1,1,1,11,12, , , ,1,1,2,90, ,1,2,4,1,3,2.5473047527055837,-0.6189540984751691,1
50,2,1,1,11,95, , , ,1,1,2,8,9,1,2,4,1,3,2.5473047527055837,-0.5946982834219021,1
50,3,1,1,11,24, , , ,2, , , , ,2,2,4,1,3,2.5473047527055837,-0.11851381386123312,4
50,3,2,1,12,24, , , ,2, , , , ,2,2,4,1,3,2.5473047527055837,-0.11851381386123312,4
50,4,1,1,11,95, , , ,2, , , , ,2,2,4,1,3,2.5473047527055837,-0.4487715830131655,2
50,4,2,1,11,95, , , ,2, , , , ,2,2,4,1,3,2.5473047527055837,-0.4487715830131655,2
50,5,1,1,11,12, , , ,1,1,2,3,4,1,2,4,1,3,2.5473047527055837,-0.1578729254795314,4
50,6,1,1,11,24, , , ,1,1,2,3,4,2,2,4,1,3,2.5473047527055837,-0.6233299429622102,1
50,6,2,1,11,24, , , ,2, , , , ,2,2,4,1,3,2.5473047527055837,-0.6233299429622102,1
50,7,1,2,11,25, , , ,1,1,2,3,90,2,2,4,1,3,2.5473047527055837,-0.6634927552065308,1
50,7,2,2,11,25, , , ,2, , , , ,2,2,4,1,3,2.5473047527055837,-0.6634927552065308,1
50,9,1,1,11,95, , , ,2, , , , ,1,2,4,1,3,2.5473047527055837,-0.2072793644461476,3
50,11,1,1,11,24, , , ,1,1,2,3,90,3,2,4,1,3,2.5473047527055837,-0.41296914552168995,3
50,11,2,1,11,24, , , ,1,4,5,90, ,3,2,4,1,3,2.5473047527055837,-0.41296914552168995,3
50,11,3,1,11,24, , , ,1,0,90, , ,3,2,4,1,3,2.5473047527055837,-0.41296914552168995,3
50,12,1,1,11,95, , , ,1,1,2,3,90,1,2,4,1,3,2.5473047527055837,-0.5581424466569843,2
50,13,1,1,11,24, , , ,2, , , , ,1,2,4,2,3,2.5473047527055837,-0.5856813074531931,1
50,14,1,1,11,13, , , ,1,1,2,3,4,1,2,4,1,3,2.5473047527055837,-0.23378927294746188,3
50,17,1,1,11,24, , , ,1,4,6,90, ,2,2,4,1,3,2.5473047527055837,-0.42736023960106295,2
50,17,2,1,11,24, , , ,1,3,5,90, ,2,2,4,1,3,2.5473047527055837,-0.42736023960106295,2
50,18,1,1,11,95, , , ,1,1,2,8,7,2,2,4,1,3,2.5473047527055837,-0.3707950068623045,3
50,18,2,1,11,24, , , ,1,6,5,4,90,2,2,4,1,3,2.5473047527055837,-0.3707950068623045,3
50,19,1,1,98,2,2,2, ,1,1,2,90, ,1,2,4,1,3,2.5473047527055837,-0.20596308663173588,3
50,20,1,1,11,95, , , ,1,1,90, , ,2,2,4,1,3,2.5473047527055837,-0.3651337872489903,3
50,20,2,1,11,95, , , ,2, , , , ,2,2,4,1,3,2.5473047527055837,-0.3651337872489903,3
50,21,1,1,13,23, , , ,1,1,2,5,90,1,2,4,1,3,2.5473047527055837,-0.11112861665678594,4
50,22,1,1,11,12, , , ,2, , , , ,1,2,4,1,3,2.5473047527055837,-0.5758337499141123,1
50,23,1,1,11,12, , , ,1,1,2,90, ,1,2,4,1,3,2.5473047527055837,-0.282568143338413,3
50,24,1,1,11,8, , , ,1,1,0,90, ,1,2,4,1,3,2.5473047527055837,-0.6589842672221763,1
50,25,1,1,13,95, , , ,1,1,2,90, ,3,2,4,1,3,2.5473047527055837,-0.18921815271554374,3
50,25,2,1,11,24, , , ,1,3,90, , ,3,2,4,1,3,2.5473047527055837,-0.18921815271554374,3
50,25,3,1,11,24, , , ,2, , , , ,3,2,4,1,3,2.5473047527055837,-0.18921815271554374,3
51,1,1,1,11,12, , , ,1,1,11,90, ,1,2,4,1,1,1.082701983806236,-0.686155424067911,1
51,2,1,1,18,95, , , ,1,1,3,4,90,2,2,4,2,1,1.082701983806236,-0.14542263420735255,4
51,2,2,1,16,95, , , ,2, , , , ,2,2,4,2,1,1.082701983806236,-0.14542263420735255,4
51,3,1,1,11,12, , , ,1,1,4,90, ,2,2,4,1,3,1.082701983806236,-0.5672466452280517,2
51,3,2,1,11,12, , , ,1,5,2,3,90,2,2,4,1,3,1.082701983806236,-0.5672466452280517,2
51,4,1,1,11,24, , , ,1,1,2,3,90,1,2,4,1,3,1.082701983806236,-0.5487904889351661,2
51,5,1,1,11,12, , , ,1,1,7,90, ,3,2,4,1,3,1.082701983806236,-0.2193265384994271,3
51,5,2,1,11,12, , , ,1,2,6,90, ,3,2,4,1,3,1.082701983806236,-0.2193265384994271,3
51,5,3,1,11,12, , , ,1,3,8,90, ,3,2,4,1,3,1.082701983806236,-0.2193265384994271,3
51,7,1,1,11,22, , , ,1,1,2,7,90,3,2,4,1,3,1.082701983806236,-0.3115105686697374,3
51,7,2,1,13,95, , , ,1,3,5,6,90,3,2,4,1,3,1.082701983806236,-0.3115105686697374,3
51,7,3,1,13,95, , , ,1,4,90, , ,3,2,4,1,3,1.082701983806236,-0.3115105686697374,3
51,9,1,1,11,12, , , ,2, , , , ,3,2,4,1,3,1.082701983806236,-0.32936324351069773,3
51,9,2,1,16,95, , , ,2, , , , ,3,2,4,1,3,1.082701983806236,-0.32936324351069773,3
51,9,3,1,16,95, , , ,2, , , , ,3,2,4,1,3,1.082701983806236,-0.32936324351069773,3
51,10,1,1,11,15, , , ,1,1,2,90, ,1,2,4,1,3,1.082701983806236,-0.4392715120598379,2
51,11,1,1,11,12, , , ,1,1,8,7,2,1,2,4,1,3,1.082701983806236,-0.549375362332653,2
51,12,1,1,11,24, , , ,1,1,2,90, ,2,2,4,2,3,1.082701983806236,0.14088896638417567,4
51,12,2,1,11,24, , , ,1,3,5,6,90,2,2,4,2,3,1.082701983806236,0.14088896638417567,4
51,13,1,1,11,24, , , ,1,1,2,6,7,2,2,4,1,3,1.082701983806236,-0.6540750689500983,1
51,13,2,1,11,24, , , ,1,3,4,5,90,2,2,4,1,3,1.082701983806236,-0.6540750689500983,1
51,14,1,1,11,12, , , ,1,1,4,5,90,2,2,4,1,3,1.082701983806236,-0.36817167496204195,3
51,14,2,1,11,12, , , ,1,3,2,90, ,2,2,4,1,3,1.082701983806236,-0.36817167496204195,3
51,18,1,1,13,95, , , ,1,1,2,5,90,3,2,4,1,3,1.082701983806236,-0.438769023359246,2
51,18,2,1,11,95, , , ,2, , , , ,3,2,4,1,3,1.082701983806236,-0.438769023359246,2
51,18,3,1,11,24, , , ,2, , , , ,3,2,4,1,3,1.082701983806236,-0.438769023359246,2
51,22,1,1,11,95, , , ,1,1,2,4,90,1,2,4,1,3,1.082701983806236,-0.4762655443514588,2
51,23,1,1,13,11, , , ,1,1,2,90, ,1,2,4,1,3,1.082701983806236,-0.6545960081774296,1
52,1,1,1,11,95, , , ,1,1,5,6,90,1,2,4,3,1,1.7079414100484729,-0.5808175300760702,1
52,2,1,1,11,24, , , ,1,1,2,3,90,1,2,4,1,3,1.7079414100484729,-0.575931344855488,1
52,3,1,1,11,14, , , ,1,1,2,3,4,1,2,4,1,3,1.7079414100484729,-0.5585854800891508,2
52,6,1,1,11,12, , , ,2, , , , ,1,2,4,2,3,1.7079414100484729,-0.6065787278080618,1
52,7,1,1,11,12, , , ,1,1,2,5,90,1,2,4,3,1,1.7079414100484729,-0.5100003414883102,2
52,8,1,1,11,12, , , ,1,1,90, , ,1,2,4,1,3,1.7079414100484729,-0.5172626451448529,2
52,9,1,1,11,12, , , ,1,1,5,4,90,2,2,4,1,3,1.7079414100484729,-0.16724817163355254,4
52,9,2,1,11,12, , , ,1,2,3,90, ,2,2,4,1,3,1.7079414100484729,-0.16724817163355254,4
52,10,1,1,11,12, , , ,2, , , , ,1,2,4,1,3,1.7079414100484729,-0.6629594014214938,1
52,11,1,1,11,12, , , ,2, , , , ,3,2,4,1,1,1.7079414100484729,-0.44720183294619126,2
52,11,2,1,11,12, , , ,2, , , , ,3,2,4,1,1,1.7079414100484729,-0.44720183294619126,2
52,11,3,1,13,95, , , ,2, , , , ,3,2,4,1,1,1.7079414100484729,-0.44720183294619126,2
52,13,1,1,11,12, , , ,1,1,90, , ,1,2,4,1,3,1.7079414100484729,-0.6680012431908853,1
52,15,1,1,11,24, , , ,2, , , , ,2,2,4,1,1,1.7079414100484729,0.07582549327998317,4
52,15,2,1,11,24, , , ,2, , , , ,2,2,4,1,1,1.7079414100484729,0.07582549327998317,4
52,16,1,2,11,15, , , ,2, , , , ,3,2,4,2,3,1.7079414100484729,-0.536271279233041,2
52,16,2,2,13,95, , , ,2, , , , ,3,2,4,2,3,1.7079414100484729,-0.536271279233041,2
52,16,3,2,13,95, , , ,2, , , , ,3,2,4,2,3,1.7079414100484729,-0.536271279233041,2
52,17,1,1,13,12, , , ,1,1,2,90, ,1,2,4,1,3,1.7079414100484729,-0.6539548400104904,1
52,18,1,1,11,95, , , ,1,1,4,5,90,1,2,4,1,1,1.7079414100484729,-0.5812930484084465,1
52,19,1,1,11,95, , , ,1,1,2,90, ,2,2,4,1,3,1.7079414100484729,-0.18914944338838577,3
52,19,2,1,11,95, , , ,1,3,4,5,90,2,2,4,1,3,1.7079414100484729,-0.18914944338838577,3
52,20,1,1,11,95, , , ,1,1,2,5,90,1,2,4,1,3,1.7079414100484729,-0.690676326609971,1
52,25,1,1,13,95, , , ,1,1,2,10,90,2,2,4,3,3,1.7079414100484729,0.4116939747183845,4
52,25,2,1,11,12, , , ,1,3,8,9,6,2,2,4,3,3,1.7079414100484729,0.4116939747183845,4
53,1,1,1,11,95, , , ,1,1,2,90, ,1,2,4,2,3,1.8846726274067318,-0.5583923383013619,2
53,2,1,1,11,95, , , ,1,1,90, , ,1,2,4,2,3,1.8846726274067318,-0.5223244344265261,2
53,4,1,1,11,95, , , ,2, , , , ,1,2,4,1,3,1.8846726274067318,-0.3930451166015663,3
53,6,1,1,11,12, , , ,1,1,2,90, ,1,2,4,2,3,1.8846726274067318,-0.6316952980703451,1
53,7,1,1,11,95, , , ,1,1,90, , ,1,2,4,1,3,1.8846726274067318,-0.6226783221016361,1
53,8,1,1,11,12, , , ,2, , , , ,1,2,4,1,3,1.8846726274067318,-0.3292500464839177,3
53,9,1,1,13,15, , , ,1,1,90, , ,1,2,4,1,3,1.8846726274067318,-0.3666011106991221,3
53,10,1,1,11,24, , , ,1,1,2,3,4,1,2,4,2,3,1.8846726274067318,-0.4534002999371277,2
53,11,1,1,11,12, , , ,2, , , , ,2,2,4,3,3,1.8846726274067318,0.13893878818580457,4
53,11,2,1,11,12, , , ,2, , , , ,2,2,4,3,3,1.8846726274067318,0.13893878818580457,4
53,13,1,1,11,12, , , ,1,1,2,90, ,1,2,4,2,3,1.8846726274067318,0.23780754784131064,4
53,14,1,1,11,24, , , ,1,1,2,6,7,2,2,4,1,3,1.8846726274067318,-0.6681214721304931,1
53,14,2,1,11,24, , , ,1,5,4,90, ,2,2,4,1,3,1.8846726274067318,-0.6681214721304931,1
53,15,1,1,11,95, , , ,1,1,90, , ,1,2,4,1,3,1.8846726274067318,-0.5775797878743787,1
53,16,1,1,11,12, , , ,1,1,2,90, ,1,2,4,1,3,1.8846726274067318,-0.6449254494840758,1
53,17,1,1,13,15, , , ,1,1,4,90, ,1,2,4,1,3,1.8846726274067318,-0.5722760724397375,1
53,20,1,1,11,12, , , ,1,1,90, , ,2,2,4,3,3,1.8846726274067318,0.4793899161661521,5
53,20,2,1,11,12, , , ,2, , , , ,2,2,4,3,3,1.8846726274067318,0.4793899161661521,5
53,21,1,1,98,95,2,2, ,1,1,3,90, ,1,2,4,1,3,1.8846726274067318,-0.2529997018175714,3
53,22,1,1,11,12, , , ,1,1,2,3,90,1,2,4,1,3,1.8846726274067318,-0.6021904687633151,1
53,25,1,1,11,24, , , ,1,1,2,90, ,1,2,4,1,3,1.8846726274067318,-0.5442665312166157,2
54,5,1,1,98,13,2,2, ,1,1,2,7,90,1,2,4,1,1,0.8376953856935716,-0.4194487128539327,3
54,7,1,1,13,12, , , ,2, , , , ,4,2,4,1,3,0.8376953856935716,-0.23926964407504583,3
54,7,2,1,13,12, , , ,2, , , , ,4,2,4,1,3,0.8376953856935716,-0.23926964407504583,3
54,7,3,1,13,12, , , ,2, , , , ,4,2,4,1,3,0.8376953856935716,-0.23926964407504583,3
54,7,4,1,13,12, , , ,2, , , , ,4,2,4,1,3,0.8376953856935716,-0.23926964407504583,3
54,8,1,1,11,12, , , ,2, , , , ,1,2,4,1,3,0.8376953856935716,-0.4061683026397835,3
54,9,1,1,98,12,2,2, ,1,1,2,5,4,1,2,4,2,3,0.8376953856935716,-0.3388382486781323,3
54,10,1,1,11,12, , , ,1,8,6,7,5,1,2,4,2,1,0.8376953856935716,0.4544648511970886,5
54,11,1,1,11,24, , , ,1,2,8,7,6,1,2,4,1,3,0.8376953856935716,-0.38005036760276784,3
54,12,1,1,98,12,2,2, ,1,1,90, , ,4,2,4,1,3,0.8376953856935716,0.07409905227465836,4
54,12,2,1,98,12,2,2, ,1,3,90, , ,4,2,4,1,3,0.8376953856935716,0.07409905227465836,4
54,12,3,1,98,12,2,2, ,1,4,90, , ,4,2,4,1,3,0.8376953856935716,0.07409905227465836,4
54,12,4,1,98,12,2,2, ,2, , , , ,4,2,4,1,3,0.8376953856935716,0.07409905227465836,4
54,18,1,1,11,12, , , ,1,1,2,3,4,1,2,4,3,1,0.8376953856935716,0.35521930499416393,4
54,19,1,1,11,95, , , ,1,1,6,2,90,1,2,4,1,1,0.8376953856935716,-0.4809576483112051,2
54,21,1,1,11,12, , , ,1,1,2,3,90,1,2,4,1,3,0.8376953856935716,-0.5160270991736844,2
54,22,1,1,11,12, , , ,1,1,2,90, ,2,2,4,1,1,0.8376953856935716,0.11654246767694695,4
54,22,2,1,11,8, , , ,2, , , , ,2,2,4,1,1,0.8376953856935716,0.11654246767694695,4
54,23,1,1,13,15, , , ,1,1,2,8,90,2,2,4,1,3,0.8376953856935716,-0.4151852786084924,3
54,23,2,1,13,15, , , ,1,5,7,9,90,2,2,4,1,3,0.8376953856935716,-0.4151852786084924,3
54,24,1,1,11,24, , , ,1,8,6,9,5,1,2,4,1,3,0.8376953856935716,-0.6299064508018578,1
54,25,1,1,13,13, , , ,1,1,2,4,7,1,2,4,1,3,0.8376953856935716,-0.2616794404995048,3
55,1,1,1,12,17, , , ,1,7,10,9,90,3,2,4,3,1,0.875170330955666,4.055590245039849,5
55,1,2,1,12,17, , , ,2, , , , ,3,2,4,3,1,0.875170330955666,4.055590245039849,5
55,1,3,1,12,17, , , ,2, , , , ,3,2,4,3,1,0.875170330955666,4.055590245039849,5
55,2,1,1,13,18, , , ,1,1,2,90, ,1,2,4,3,1,0.875170330955666,2.7696222697772734,5
55,4,1,1,18,12, , , ,1,1,4,5,6,2,2,4,2,1,0.875170330955666,2.9688256285252432,5
55,4,2,2,12,12, , , ,1,7,8,90, ,2,2,4,2,1,0.875170330955666,2.9688256285252432,5
55,5,1,1,12,24, , , ,1,0,5,90, ,3,2,4,2,1,0.875170330955666,5.127178892846071,5
55,5,2,2,13,95, , , ,2, , , , ,3,2,4,2,1,0.875170330955666,5.127178892846071,5
55,5,3,2,13,24, , , ,2, , , , ,3,2,4,2,1,0.875170330955666,5.127178892846071,5
55,6,1,1,12,24, , , ,1,1,2,12,90,5,2,4,3,1,0.875170330955666,3.4982186078911015,5
55,6,2,1,12,24, , , ,1,3,14,90, ,5,2,4,3,1,0.875170330955666,3.4982186078911015,5
55,6,3,1,12,24, , , ,1,5,9,13,90,5,2,4,3,1,0.875170330955666,3.4982186078911015,5
55,6,4,1,13,24, , , ,1,6,7,10,11,5,2,4,3,1,0.875170330955666,3.4982186078911015,5
55,6,5,1,13,24, , , ,2, , , , ,5,2,4,3,1,0.875170330955666,3.4982186078911015,5
55,8,1,1,28,4, ,2, ,1,1,2,4,90,1,2,4,3,1,0.875170330955666,3.7369871054465262,5
55,9,1,2,18,17, , , ,1,2,3,6,90,2,2,4,3,1,0.875170330955666,2.6764365660383174,5
55,9,2,2,18,17, , , ,1,1,4,5,90,2,2,4,3,1,0.875170330955666,2.6764365660383174,5
55,11,1,1,13,95, , , ,1,1,0,90, ,1,2,4,3,1,0.875170330955666,5.17327641661309,5
55,12,1,1,12,24, , , ,1,1,90, , ,1,2,4,2,1,0.875170330955666,2.338520170822029,5
55,14,1,1,12,18, , , ,2, , , , ,2,2,4,2,1,0.875170330955666,3.2906549166012526,5
55,14,2,1,12,18, , , ,2, , , , ,2,2,4,2,1,0.875170330955666,3.2906549166012526,5
55,15,1,1,18,17, , , ,1,1,5,6,90,2,2,4,1,1,0.875170330955666,3.150303480354734,5
55,15,2,1,18,17, , , ,1,2,7,90, ,2,2,4,1,1,0.875170330955666,3.150303480354734,5
55,16,1,1,18,18, , , ,1,2,3,90, ,2,2,4,3,1,0.875170330955666,2.4974487739342455,5
55,16,2,2,12,95, , , ,2, , , , ,2,2,4,3,1,0.875170330955666,2.4974487739342455,5
55,17,1,1,13,1, , , ,1,8,90, , ,2,2,4,3,2,0.875170330955666,2.7805001559480758,5
55,17,2,2,13,1, , , ,1,7,3,90, ,2,2,4,3,2,0.875170330955666,2.7805001559480758,5
55,20,1,1,13,24, , , ,1,1,90, , ,3,2,4,3,1,0.875170330955666,2.4286736283824357,5
55,20,2,1,13,24, , , ,2, , , , ,3,2,4,3,1,0.875170330955666,2.4286736283824357,5
55,20,3,1,13,36, , , ,1,3,4,90, ,3,2,4,3,1,0.875170330955666,2.4286736283824357,5
55,21,1,1,12,17, , , ,1,2,3,5,90,1,2,4,2,1,0.875170330955666,3.0392177399811318,5
55,22,1,1,13,6, , , ,1,1,2,4,90,2,2,4,3,2,0.875170330955666,4.164081914372688,5
55,22,2,2,13,6, , , ,1,3,5,90, ,2,2,4,3,2,0.875170330955666,4.164081914372688,5
55,23,1,1,13,12, , , ,1,1,2,3,90,1,2,4,2,1,0.875170330955666,2.305816354956071,5
55,24,1,1,18,12, , , ,1,3,4,90, ,1,2,4,9,3,0.875170330955666,4.167214806707579,5
56,1,1,1,12,12, , , ,1,1,90, , ,2,2,4,2,3,2.0764153948523933,0.03605959706196055,4
56,1,2,2,12,12, , , ,2, , , , ,2,2,4,2,3,2.0764153948523933,0.03605959706196055,4
56,2,1,1,12,12, , , ,1,1,2,90, ,1,2,4,1,3,2.0764153948523933,-0.3446912369424237,3
56,4,1,1,12,26, , , ,1,1,2,3,90,2,2,4,2,3,2.0764153948523933,-0.4319298428009079,2
56,4,2,2,12,26, , , ,2, , , , ,2,2,4,2,3,2.0764153948523933,-0.4319298428009079,2
56,5,1,1,13,14, , , ,1,1,7,8,9,1,2,4,1,3,2.0764153948523933,-0.6092508307026026,1
56,8,1,2,13,98, , , ,1,1,90, , ,1,2,4,2,1,2.0764153948523933,-0.5320386767371037,2
56,9,1,1,12,12, , , ,1,1,90, , ,2,2,4,1,3,2.0764153948523933,-0.5461319989216399,2
56,9,2,1,12,12, , , ,2, , , , ,2,2,4,1,3,2.0764153948523933,-0.5461319989216399,2
56,10,1,2,11,5, , , ,2, , , , ,1,2,4,2,3,2.0764153948523933,-0.6331255510412098,1
56,11,1,1,13,98, , , ,1,1,2,3,4,1,2,4,1,3,2.0764153948523933,-0.025696554081670514,4
56,13,1,1,12,12, , , ,2, , , , ,1,2,4,2,3,2.0764153948523933,-0.3216608641305693,3
56,14,1,1,12,12, , , ,1,1,90, , ,1,2,4,2,3,2.0764153948523933,0.06516304234122623,4
56,15,1,1,13,23, , , ,1,1,2,7,6,1,2,4,2,3,2.0764153948523933,0.055288387512905685,4
56,16,1,2,13,15, , , ,1,1,2,3,4,1,2,4,2,3,2.0764153948523933,-0.4402138321406207,2
56,17,1,1,12,10, , , ,2, , , , ,1,2,4,2,1,2.0764153948523933,0.43668503044628004,5
56,19,1,1,12,24, , , ,2, , , , ,1,2,4,2,3,2.0764153948523933,-0.3694989501501423,3
56,20,1,2,13,24, , , ,1,1,90, , ,1,2,4,2,1,2.0764153948523933,-0.5320386767371037,2
56,21,1,2,12,24, , , ,2, , , , ,1,2,4,1,1,2.0764153948523933,-0.22925196963861558,3
56,23,1,2,12,12, , , ,2, , , , ,1,2,4,1,3,2.0764153948523933,0.04677418174801195,4
57,2,1,1,13,95, , , ,2, , , , ,1,2,4,1,3,0.8821590473545894,0.4735686165365231,5
57,3,1,1,11,95, , , ,1,1,2,3,90,1,2,4,2,3,0.8821590473545894,0.030811975952577925,4
57,4,1,2,13,12, , , ,1,1,2,5,90,1,2,4,2,1,0.8821590473545894,0.11386489831926627,4
57,5,1,1,13,15, , , ,2, , , , ,1,2,4,1,1,0.8821590473545894,-0.31445759980822735,3
57,6,1,1,13,4, , , ,1,2,3,4,90,1,2,4,1,1,0.8821590473545894,-0.23683676992166394,3
57,8,1,1,12,12, , , ,1,1,2,90, ,1,2,4,1,3,0.8821590473545894,-0.26871899030470403,3
57,10,1,1,13,95, , , ,1,1,2,3,90,1,2,4,3,1,0.8821590473545894,1.846088573523683,5
57,11,1,1,12,12, , , ,1,1,2,3,4,1,2,4,1,3,0.8821590473545894,0.15494582863900178,4
57,14,1,1,13,12, , , ,1,1,2,90, ,1,2,4,2,3,0.8821590473545894,0.3754874008886532,4
57,16,1,1,13,95, , , ,1,2,4,5,6,1,2,4,1,3,0.8821590473545894,-0.6920757069976117,1
57,18,1,1,13,95, , , ,1,1,2,3,90,1,2,4,3,1,0.8821590473545894,-0.009061982531893178,4
57,19,1,2,12,12, , , ,1,1,2,90, ,1,2,4,2,1,0.8821590473545894,0.609559465565079,5
57,22,1,1,13,95, , , ,2, , , , ,1,2,4,2,2,0.8821590473545894,0.15355925928536085,4
57,23,1,2,12,4, , , ,2, , , , ,1,2,4,3,1,0.8821590473545894,0.0209635856153152,4
57,24,1,1,13,3, , , ,1,1,2,90, ,2,2,4,3,1,0.8821590473545894,1.3672094219294009,5
57,24,2,2,98,2,8,2, ,1,3,4,5,6,2,2,4,3,1,0.8821590473545894,1.3672094219294009,5
57,25,1,2,13,12, , , ,2, , , , ,1,2,4,1,3,0.8821590473545894,0.2123974590900083,4
58,1,1,1,13,14, , , ,1,1,2,7,8,1,2,4,3,3,0.6697859200276532,-0.25715436979905293,3
58,2,1,1,13,12, , , ,1,1,2,4,5,2,2,4,1,3,0.6697859200276532,0.9404735548223622,5
58,2,2,1,21,7, ,2, ,2, , , , ,2,2,4,1,3,0.6697859200276532,0.9404735548223622,5
58,3,1,1,13,24, , , ,1,1,2,90, ,1,2,4,3,3,0.6697859200276532,0.057290708346200175,4
58,4,1,1,13,16, , , ,1,1,2,90, ,1,2,4,3,1,0.6697859200276532,0.14478255022063102,4
58,5,1,1,13,95, , , ,1,1,2,90, ,1,2,4,2,1,0.6697859200276532,-0.0586798626061593,4
58,6,1,1,13,24, , , ,1,3,4,2,90,1,2,4,1,1,0.6697859200276532,0.6908956006337942,5
58,11,1,2,13,3, , , ,1,6,7,90, ,1,2,4,1,3,0.6697859200276532,-0.16494071393053641,4
58,12,1,1,13,17, , , ,1,1,2,3,4,1,2,4,1,2,0.6697859200276532,0.49053275507192456,5
58,14,1,1,13,95, , , ,1,1,2,5,90,1,2,4,3,3,0.6697859200276532,-0.3271407235156744,3
58,15,1,1,13,8, , , ,2, , , , ,1,2,4,2,2,0.6697859200276532,-0.31323788487441523,3
58,16,1,1,13,95, , , ,1,1,2,7,90,1,2,4,3,2,0.6697859200276532,0.23332322353041565,4
58,17,1,1,13,12, , , ,1,2,4,90, ,2,2,4,1,3,0.6697859200276532,0.24821742705460179,4
58,17,2,1,13,12, , , ,1,3,8,90, ,2,2,4,1,3,0.6697859200276532,0.24821742705460179,4
58,18,1,1,13,95, , , ,1,1,2,3,90,2,2,4,2,2,0.6697859200276532,-0.08961597352819844,4
58,18,2,2,13,12, , , ,2, , , , ,2,2,4,2,2,0.6697859200276532,-0.08961597352819844,4
58,19,1,1,13,95, , , ,1,1,4,5,90,1,2,4,2,2,0.6697859200276532,-0.04127362011205927,4
58,20,1,1,13,95, , , ,1,1,2,90, ,1,2,4,1,2,0.6697859200276532,-0.3042209852047584,3
58,21,1,1,13,95, , , ,1,1,2,90, ,1,2,4,1,3,0.6697859200276532,1.1298338367449483,5
58,22,1,1,13,95, , , ,1,1,2,7,90,1,2,4,2,2,0.6697859200276532,1.4208604258453246,5
58,23,1,2,13,12, , , ,1,1,90, , ,1,2,4,2,2,0.6697859200276532,-0.5115020284732326,2
59,1,1,1,13,24, , , ,1,1,90, , ,2,2,4,2,2,0.8639822352257329,-0.21205248228827298,3
59,1,2,1,13,24, , , ,2, , , , ,2,2,4,2,2,0.8639822352257329,-0.21205248228827298,3
59,4,1,1,13,12, , , ,2, , , , ,1,2,4,1,3,0.8639822352257329,-0.2603900527545024,3
59,5,1,1,12,15, , , ,1,1,2,5,90,1,2,4,2,2,0.8639822352257329,0.1376707746599229,4
59,7,1,1,13,95, , , ,1,1,2,4,90,2,2,4,1,3,0.8639822352257329,-0.3297919456424527,3
59,7,2,1,13,95, , , ,1,3,90, , ,2,2,4,1,3,0.8639822352257329,-0.3297919456424527,3
59,8,1,1,13,13, , , ,1,1,90, , ,1,2,4,1,2,0.8639822352257329,-0.30708437732315685,3
59,9,1,1,12,12, , , ,1,1,2,8,9,3,2,4,1,2,0.8639822352257329,-0.35835012769665875,3
59,9,2,2,12,12, , , ,1,5,6,7,90,3,2,4,1,2,0.8639822352257329,-0.35835012769665875,3
59,9,3,2,13,16, , , ,1,3,4,90, ,3,2,4,1,2,0.8639822352257329,-0.35835012769665875,3
59,10,1,2,13,12, , , ,1,1,2,90, ,1,2,4,1,2,0.8639822352257329,-0.20858586326775042,3
59,11,1,1,13,12, , , ,1,1,2,7,8,2,2,4,1,3,0.8639822352257329,-0.4409468187696169,2
59,11,2,1,13,6, , , ,1,3,4,5,6,2,2,4,1,3,0.8639822352257329,-0.4409468187696169,2
59,12,1,1,13,24, , , ,1,1,2,90, ,1,2,4,2,1,0.8639822352257329,0.6135875258961411,5
59,14,1,1,12,95, , , ,1,1,2,3,90,1,2,4,2,3,0.8639822352257329,0.2925448770005481,4
59,16,1,1,13,12, , , ,1,1,2,90, ,1,2,4,1,1,0.8639822352257329,0.5549188261855059,5
59,17,1,1,13,95, , , ,1,1,2,5,6,2,2,4,1,3,0.8639822352257329,-0.516434027826821,2
59,17,2,2,13,24, , , ,1,3,4,90, ,2,2,4,1,3,0.8639822352257329,-0.516434027826821,2
59,19,1,2,13,12, , , ,1,1,2,3,90,1,2,4,1,1,0.8639822352257329,-0.37050732741808434,3
59,20,1,2,12,95, , , ,1,1,2,9,90,1,2,4,1,2,0.8639822352257329,-0.38403279137114776,3
59,23,1,1,13,10, , , ,1,2,7,90, ,2,2,4,1,2,0.8639822352257329,1.1302316206435554,5
59,23,2,1,13,22, , , ,1,5,6,3,90,2,2,4,1,2,0.8639822352257329,1.1302316206435554,5
59,24,1,1,12,12, , , ,1,4,5,6,90,1,2,4,1,1,0.8639822352257329,-0.4434578846809748,2
59,25,1,1,13,95, , , ,1,1,2,3,90,1,2,4,2,1,0.8639822352257329,-0.12024106208255658,4
60,1,1,2,21,1, ,2, ,1,5,6,7,90,1,2,4,2,1,2.09671886873056,0.4059799504374201,4
60,3,1,1,13,95, , , ,1,2,6,7,90,2,2,4,3,1,2.09671886873056,0.7894906791887554,5
60,3,2,1,13,95, , , ,1,3,90, , ,2,2,4,3,1,2.09671886873056,0.7894906791887554,5
60,6,1,2,12,95, , , ,1,4,5,6,90,2,2,4,1,3,2.09671886873056,-0.26874677146665765,3
60,6,2,2,13,24, , , ,1,1,2,9,90,2,2,4,1,3,2.09671886873056,-0.26874677146665765,3
60,7,1,2,13,98, , , ,2, , , , ,1,2,4,2,3,2.09671886873056,-0.1022442007978794,4
60,10,1,1,13,12, , , ,1,1,2,90, ,1,2,4,3,1,2.09671886873056,0.002138581165403883,4
60,12,1,2,12,8, , , ,2, , , , ,1,2,4,2,3,2.09671886873056,0.6308108624680082,5
60,14,1,1,13,95, , , ,1,1,2,6,90,1,2,4,1,3,2.09671886873056,-0.32397854021996203,3
60,17,1,1,12,16, , , ,1,1,2,3,90,2,2,4,1,3,2.09671886873056,0.5558308591234136,5
60,17,2,2,12,12, , , ,2, , , , ,2,2,4,1,3,2.09671886873056,0.5558308591234136,5
60,18,1,2,13,12, , , ,1,1,3,4,90,2,2,4,1,3,2.09671886873056,-0.5807200116270953,1
60,18,2,2,13,11, , , ,2, , , , ,2,2,4,1,3,2.09671886873056,-0.5807200116270953,1
60,20,1,2,12,95, , , ,1,4,5,90, ,2,2,4,2,3,2.09671886873056,0.538317846413327,5
60,20,2,2,12,95, , , ,1,3,6,9,90,2,2,4,2,3,2.09671886873056,0.538317846413327,5
60,22,1,1,13,95, , , ,1,1,2,7,90,1,2,4,1,3,2.09671886873056,-0.15974547115619422,4
60,23,1,2,13,24, , , ,2, , , , ,1,2,4,2,1,2.09671886873056,0.1684339158702667,4
60,24,1,1,13,24, , , ,2, , , , ,1,2,4,2,1,2.09671886873056,1.0946373836881742,5
60,25,1,1,13,12, , , ,2, , , , ,1,2,4,1,3,2.09671886873056,0.8594917809067671,5
61,1,1,1,13,24, , , ,1,3,4,90, ,1,2,4,2,1,3.098096272996521,-0.030792335922034498,4
61,3,1,1,13,95, , , ,1,1,2,3,4,1,2,4,1,3,3.098096272996521,-0.38310433944459654,3
61,4,1,1,12,17, , , ,1,4,5,6,7,3,2,4,3,1,3.098096272996521,0.4863685382929425,5
61,4,2,1,12,17, , , ,1,1,90, , ,3,2,4,3,1,3.098096272996521,0.4863685382929425,5
61,4,3,1,12,17, , , ,2, , , , ,3,2,4,3,1,3.098096272996521,0.4863685382929425,5
61,5,1,1,13,24, , , ,1,1,90, , ,1,2,4,2,3,3.098096272996521,-0.2506231776475322,3
61,7,1,1,13,12, , , ,1,1,2,3,90,1,2,4,2,3,3.098096272996521,-0.454032239025696,2
61,8,1,2,13,16, , , ,1,3,90, , ,2,2,4,2,1,3.098096272996521,0.3469165243632009,4
61,8,2,2,13,16, , , ,1,4,90, , ,2,2,4,2,1,3.098096272996521,0.3469165243632009,4
61,9,1,1,13,4, , , ,1,1,3,4,90,2,2,4,1,1,3.098096272996521,0.007910164518443145,4
61,9,2,1,13,4, , , ,1,2,90, , ,2,2,4,1,1,3.098096272996521,0.007910164518443145,4
61,10,1,1,13,95, , , ,2, , , , ,3,2,4,3,3,3.098096272996521,1.0662592811010034,5
61,10,2,1,13,95, , , ,2, , , , ,3,2,4,3,3,3.098096272996521,1.0662592811010034,5
61,10,3,1,13,95, , , ,2, , , , ,3,2,4,3,3,3.098096272996521,1.0662592811010034,5
61,11,1,1,12,95, , , ,1,2,3,5,90,1,2,4,2,3,3.098096272996521,-0.2213283972781652,3
61,12,1,1,13,24, , , ,1,1,2,90, ,1,2,4,1,3,3.098096272996521,-0.2647164998320685,3
61,13,1,1,13,2, , , ,1,2,3,90, ,1,2,4,1,3,3.098096272996521,-0.21243904475084982,3
61,14,1,1,13,24, , , ,1,1,2,8,9,1,2,4,1,1,3.098096272996521,0.5879002703757084,5
61,15,1,1,13,12, , , ,2, , , , ,1,2,4,2,3,3.098096272996521,-0.2961635054809491,3
61,16,1,1,13,10, , , ,1,2,13,12,90,1,2,4,3,1,3.098096272996521,1.0146464363972485,5
61,20,1,1,13,23, , , ,1,1,2,90, ,1,2,4,2,3,3.098096272996521,-0.044992958642373966,4
61,21,1,1,13,24, , , ,1,4,90, , ,5,2,4,1,3,3.098096272996521,0.47992637443790437,5
61,21,2,1,13,24, , , ,1,1,2,90, ,5,2,4,1,3,3.098096272996521,0.47992637443790437,5
61,21,3,1,13,95, , , ,1,15,5,90, ,5,2,4,1,3,3.098096272996521,0.47992637443790437,5
61,21,4,1,13,24, , , ,1,3,13,31,90,5,2,4,1,3,3.098096272996521,0.47992637443790437,5
61,21,5,2,13,95, , , ,2, , , , ,5,2,4,1,3,3.098096272996521,0.47992637443790437,5
61,25,1,1,13,95, , , ,1,1,7,2,90,1,2,4,2,1,3.098096272996521,-0.1326811188593008,4
62,1,1,1,13,12, , , ,2, , , , ,1,2,4,3,3,1.0648891090629131,0.8613855108112892,5
62,2,1,1,13,95, , , ,1,1,3,90, ,1,2,4,2,3,1.0648891090629131,-0.2861869569682884,3
62,5,1,1,13,12, , , ,1,2,4,5,90,1,2,4,2,3,1.0648891090629131,-0.3729202114565761,3
62,6,1,1,13,12, , , ,1,6,5,7,90,1,2,4,1,3,1.0648891090629131,-0.4679977466757438,2
62,7,1,1,13,14, , , ,1,1,2,6,7,1,2,4,1,3,1.0648891090629131,-0.304178856004784,3
62,9,1,1,13,12, , , ,1,1,2,90, ,1,2,4,3,3,1.0648891090629131,0.11963798636783765,4
62,10,1,1,13,10, , , ,2, , , , ,1,2,4,3,3,1.0648891090629131,-0.3207749696737437,3
62,11,1,1,13,12, , , ,1,1,2,6,90,1,2,4,1,3,1.0648891090629131,-0.3353724164123597,3
62,13,1,1,12,6, , , ,1,1,4,90, ,3,2,4,3,3,1.0648891090629131,0.011506284709670267,4
62,13,2,1,13,95, , , ,2, , , , ,3,2,4,3,3,1.0648891090629131,0.011506284709670267,4
62,13,3,1,13,95, , , ,2, , , , ,3,2,4,3,3,1.0648891090629131,0.011506284709670267,4
62,14,1,1,13,14, , , ,1,1,90, , ,1,2,4,3,1,1.0648891090629131,1.5347754097462922,5
62,15,1,1,13,95, , , ,1,1,2,3,90,1,2,4,2,3,1.0648891090629131,-0.17264707683615607,4
62,16,1,1,13,12, , , ,1,1,2,5,90,1,2,4,2,3,1.0648891090629131,-0.00260092275713496,4
62,18,1,1,12,24, , , ,1,1,2,3,90,1,2,4,1,1,1.0648891090629131,0.3644012746057534,4
62,19,1,1,13,14, , , ,1,1,4,90, ,1,2,4,1,3,1.0648891090629131,-0.09394003331469088,4
62,20,1,1,12,4, , , ,1,1,90, , ,1,2,4,1,1,1.0648891090629131,-0.3131527809831459,3
62,21,1,9,13,12, , , ,1,1,90, , ,1,2,4,2,1,1.0648891090629131,-0.07914373099603486,4
62,22,1,1,13,95, , , ,1,1,90, , ,1,2,4,2,3,1.0648891090629131,0.12199891009308278,4
62,23,1,1,13,13, , , ,1,1,2,3,90,1,2,4,3,1,1.0648891090629131,0.6850530376664133,5
62,24,1,1,13,12, , , ,1,1,2,6,90,1,2,4,1,3,1.0648891090629131,-0.3171909291850026,3
63,1,1,1,13,95, , , ,1,1,2,8,90,1,2,4,2,3,1.0611745025823693,-0.411216362774588,3
63,2,1,2,13,95, , , ,1,1,2,3,90,3,2,4,1,3,1.0611745025823693,-0.2744967993298053,3
63,2,2,2,13,95, , , ,2, , , , ,3,2,4,1,3,1.0611745025823693,-0.2744967993298053,3
63,2,3,2,13,26, , , ,2, , , , ,3,2,4,1,3,1.0611745025823693,-0.2744967993298053,3
63,3,1,1,13,9, , , ,2, , , , ,1,2,4,3,1,1.0611745025823693,2.388599696117044,5
63,4,1,1,13,10, , , ,1,1,2,90, ,1,2,4,1,3,1.0611745025823693,0.07137708138874863,4
63,5,1,1,13,95, , , ,1,1,90, , ,1,2,4,1,1,1.0611745025823693,-0.1326945432500674,4
63,6,1,1,13,95, , , ,1,1,2,5,90,1,2,4,2,1,1.0611745025823693,-0.2925307512672232,3
63,7,1,1,13,12, , , ,1,1,2,4,5,1,2,4,2,1,1.0611745025823693,-0.24358367659490623,3
63,8,1,1,13,12, , , ,1,1,2,10,90,2,2,4,2,3,1.0611745025823693,-0.3311852000402757,3
63,8,2,1,13,12, , , ,1,3,11,90, ,2,2,4,2,3,1.0611745025823693,-0.3311852000402757,3
63,9,1,1,13,12, , , ,1,2,3,5,6,1,2,4,9,1,1.0611745025823693,-0.42042349973854215,2
63,10,1,2,13,95, , , ,2, , , , ,2,2,4,2,3,1.0611745025823693,0.02954023664708813,4
63,10,2,2,13,12, , , ,1,1,2,90, ,2,2,4,2,3,1.0611745025823693,0.02954023664708813,4
63,11,1,1,13,12, , , ,1,1,2,8,90,1,2,4,1,1,1.0611745025823693,-0.11470729679747849,4
63,12,1,1,12,12, , , ,1,1,2,90, ,1,2,4,1,3,1.0611745025823693,-0.24181578972498388,3
63,14,1,1,13,10, , , ,1,1,2,90, ,5,2,4,2,1,1.0611745025823693,0.48328225371605216,5
63,14,2,1,13,20, , , ,1,5,90, , ,5,2,4,2,1,1.0611745025823693,0.48328225371605216,5
63,14,3,1,13,95, , , ,1,4,8,10,90,5,2,4,2,1,1.0611745025823693,0.48328225371605216,5
63,14,4,1,13,13, , , ,1,6,7,90, ,5,2,4,2,1,1.0611745025823693,0.48328225371605216,5
63,14,5,1,13,95, , , ,1,3,90, , ,5,2,4,2,1,1.0611745025823693,0.48328225371605216,5
63,17,1,2,13,12, , , ,2, , , , ,3,2,4,2,3,1.0611745025823693,-0.3949827295134285,3
63,17,2,2,13,12, , , ,1,3,6,90, ,3,2,4,2,3,1.0611745025823693,-0.3949827295134285,3
63,17,3,2,13,12, , , ,2, , , , ,3,2,4,2,3,1.0611745025823693,-0.3949827295134285,3
63,18,1,1,13,95, , , ,2, , , , ,1,2,4,1,3,1.0611745025823693,-0.5581069809642307,2
63,19,1,1,13,6, , , ,1,2,3,4,6,1,2,4,1,1,1.0611745025823693,-0.5585363444998482,2
63,20,1,1,13,12, , , ,1,3,5,4,90,1,2,4,1,3,1.0611745025823693,-0.40902913269382335,3
63,22,1,1,13,95, , , ,1,1,2,90, ,1,2,4,2,3,1.0611745025823693,-0.11544587438467317,4
63,23,1,1,12,16, , , ,1,1,2,5,90,1,2,4,2,3,1.0611745025823693,-0.5502822167206822,2
63,24,1,1,13,12, , , ,2, , , , ,1,2,4,1,3,1.0611745025823693,-0.4000121567251144,3
63,25,1,1,13,15, , , ,1,1,2,3,90,1,2,4,2,1,1.0611745025823693,-0.3436925105311021,3
64,1,1,1,13,95, , , ,1,1,2,90, ,2,2,4,2,3,1.461805883767035,-0.3515505774434786,3
64,1,2,1,16,12, , , ,1,3,4,90, ,2,2,4,2,3,1.461805883767035,-0.3515505774434786,3
64,2,1,1,13,24, , , ,1,1,90, , ,1,2,4,1,3,1.461805883767035,-0.45769611344331174,2
64,7,1,1,11,24, , , ,1,1,4,5,90,1,2,4,2,3,1.461805883767035,-0.4845196721306248,2
64,9,1,1,13,0, , , ,1,1,2,3,90,1,2,4,2,3,1.461805883767035,-0.6591044961617841,1
64,11,1,1,11,13, , , ,1,1,2,90, ,1,2,4,1,3,1.461805883767035,-0.5578226318996079,2
64,12,1,1,11,24, , , ,1,1,7,90, ,3,2,4,1,3,1.461805883767035,-0.6718671119253047,1
64,12,2,1,11,24, , , ,1,3,4,90, ,3,2,4,1,3,1.461805883767035,-0.6718671119253047,1
64,12,3,1,11,24, , , ,1,5,6,8,90,3,2,4,1,3,1.461805883767035,-0.6718671119253047,1
64,13,1,2,11,24, , , ,1,1,2,3,90,1,2,4,1,3,1.461805883767035,-0.3710003332185785,3
64,14,1,1,11,24, , , ,1,1,2,4,90,2,2,4,2,3,1.461805883767035,-0.2818120487122346,3
64,14,2,1,11,24, , , ,2, , , , ,2,2,4,2,3,1.461805883767035,-0.2818120487122346,3
64,15,1,2,11,5, , , ,2, , , , ,3,2,4,2,3,1.461805883767035,1.2453882084973649,5
64,15,2,2,11,5, , , ,2, , , , ,3,2,4,2,3,1.461805883767035,1.2453882084973649,5
64,15,3,2,11,5, , , ,2, , , , ,3,2,4,2,3,1.461805883767035,1.2453882084973649,5
64,16,1,9,11,24, , , ,1,1,2,4,5,1,2,4,1,3,1.461805883767035,0.3876911673550897,4
64,17,1,1,11,24, , , ,1,1,4,5,90,2,2,4,1,3,1.461805883767035,-0.20993452108576746,3
64,17,2,1,11,24, , , ,1,2,3,90, ,2,2,4,1,3,1.461805883767035,-0.20993452108576746,3
64,18,1,1,11,24, , , ,1,1,2,3,4,1,2,4,2,3,1.461805883767035,-0.64974307206444,1
64,19,1,1,11,24, , , ,1,1,2,90, ,1,2,4,1,3,1.461805883767035,-0.6538331599878867,1
64,20,1,1,12,12, , , ,2, , , , ,2,2,4,1,3,1.461805883767035,-0.4135930837733486,3
64,20,2,1,13,24, , , ,2, , , , ,2,2,4,1,3,1.461805883767035,-0.4135930837733486,3
64,21,1,2,11,12, , , ,1,1,2,7,8,3,2,4,1,3,1.461805883767035,-0.47272440672449334,2
64,21,2,2,11,12, , , ,1,3,6,90, ,3,2,4,1,3,1.461805883767035,-0.47272440672449334,2
64,21,3,2,11,12, , , ,1,4,5,90, ,3,2,4,1,3,1.461805883767035,-0.47272440672449334,2
64,22,1,1,11,12, , , ,1,1,90, , ,1,2,4,1,3,1.461805883767035,-0.6448161840191778,1
64,23,1,2,11,12, , , ,2, , , , ,1,2,4,2,3,1.461805883767035,-0.08759717524674336,4
64,24,1,1,13,12, , , ,1,1,90, , ,1,2,4,2,3,1.461805883767035,-0.6538331599878867,1
65,1,1,1,12,24, , , ,1,1,2,90, ,1,2,2,1,3,0.6933595578204138,-0.40207847609311154,3
65,2,1,1,12,95, , , ,2, , , , ,1,2,2,1,3,0.6933595578204138,-0.29719889930293225,3
65,3,1,1,11,95, , , ,1,1,2,11,90,1,2,2,2,3,0.6933595578204138,-0.20663183029565302,3
65,4,1,1,13,12, , , ,1,1,2,6,90,2,2,2,1,3,0.6933595578204138,-0.30369868623521235,3
65,4,2,1,13,12, , , ,1,3,4,5,90,2,2,2,1,3,0.6933595578204138,-0.30369868623521235,3
65,5,1,1,11,2, , , ,1,1,90, , ,1,2,2,1,3,0.6933595578204138,-0.5258038056346733,2
65,6,1,1,11,12, , , ,1,1,2,3,6,1,2,2,1,3,0.6933595578204138,-0.25771973861714,3
65,7,1,1,12,24, , , ,2, , , , ,1,2,2,1,2,0.6933595578204138,-0.39073596190035637,3
65,8,1,1,11,95, , , ,1,1,2,8,7,2,2,2,1,3,0.6933595578204138,-0.24054120517450003,3
65,8,2,1,11,95, , , ,1,3,4,5,6,2,2,2,1,3,0.6933595578204138,-0.24054120517450003,3
65,9,1,1,11,95, , , ,1,2,3,4,90,1,2,2,1,2,0.6933595578204138,-0.45684420545252136,2
65,10,1,1,11,95, , , ,1,1,90, , ,1,2,2,1,2,0.6933595578204138,-0.4333586219479499,2
65,14,1,1,13,95, , , ,1,1,2,90, ,1,2,2,1,3,0.6933595578204138,-0.20409775097808333,3
65,15,1,1,12,98, , , ,1,1,7,0,0,2,2,2,1,3,0.6933595578204138,-0.3335896076703267,3
65,15,2,2,12,98, , , ,1,2,4,90, ,2,2,2,1,3,0.6933595578204138,-0.3335896076703267,3
65,17,1,1,12,12, , , ,1,2,90, , ,2,2,2,1,3,0.6933595578204138,-0.30170738728728674,3
65,17,2,1,12,12, , , ,2, , , , ,2,2,2,1,3,0.6933595578204138,-0.30170738728728674,3
65,18,1,1,13,95, , , ,1,1,3,4,90,3,2,2,1,3,0.6933595578204138,-0.3246744875435843,3
65,18,2,1,13,95, , , ,1,2,5,90, ,3,2,2,1,3,0.6933595578204138,-0.3246744875435843,3
65,18,3,1,13,95, , , ,2, , , , ,3,2,2,1,3,0.6933595578204138,-0.3246744875435843,3
65,19,1,1,12,12, , , ,1,1,2,4,3,1,2,2,1,3,0.6933595578204138,-0.3063485187689546,3
65,20,1,1,11,95, , , ,1,1,0,90, ,3,2,2,1,3,0.6933595578204138,-0.16208528331667477,4
65,20,2,1,11,95, , , ,1,2,3,4,90,3,2,2,1,3,0.6933595578204138,-0.16208528331667477,4
65,20,3,1,11,95, , , ,2, , , , ,3,2,2,1,3,0.6933595578204138,-0.16208528331667477,4
65,21,1,1,11,95, , , ,1,1,90, , ,2,2,2,1,2,0.6933595578204138,-0.5579443119222116,2
65,21,2,1,11,95, , , ,1,2,90, , ,2,2,2,1,2,0.6933595578204138,-0.5579443119222116,2
65,25,1,1,11,95, , , ,1,1,2,3,4,1,2,2,1,3,0.6933595578204138,-0.2900405787848355,3
66,2,1,1,12,24, , , ,1,1,2,6,90,1,2,2,1,3,0.9878901525279711,-0.2193559070874858,3
66,4,1,1,12,10, , , ,2, , , , ,1,2,2,1,2,0.9878901525279711,-0.1607512186285396,4
66,5,1,1,13,24, , , ,1,1,2,90, ,2,2,2,1,3,0.9878901525279711,-0.35301392736180776,3
66,5,2,1,13,24, , , ,2, , , , ,2,2,2,1,3,0.9878901525279711,-0.35301392736180776,3
66,7,1,1,13,95, , , ,1,1,4,90, ,2,2,2,1,3,0.9878901525279711,-0.4762655443514588,2
66,7,2,1,11,95, , , ,1,2,3,90, ,2,2,2,1,3,0.9878901525279711,-0.4762655443514588,2
66,9,1,1,12,2, , , ,1,1,2,3,90,1,2,2,1,3,0.9878901525279711,-0.29051220318090926,3
66,10,1,1,12,95, , , ,1,1,2,7,6,2,2,2,1,2,0.9878901525279711,-0.5807205895686652,1
66,10,2,1,12,95, , , ,1,3,4,5,90,2,2,2,1,2,0.9878901525279711,-0.5807205895686652,1
66,11,1,1,11,4, , , ,1,1,2,3,90,1,2,2,1,3,0.9878901525279711,-0.23573743216911908,3
66,13,1,1,13,16, , , ,1,1,2,7,90,2,2,2,1,1,0.9878901525279711,-0.33060094735035284,3
66,13,2,1,11,24, , , ,1,3,4,5,6,2,2,2,1,1,0.9878901525279711,-0.33060094735035284,3
66,14,1,1,12,24, , , ,1,1,2,5,90,1,2,2,1,3,0.9878901525279711,-0.3426420493317893,3
66,15,1,1,11,24, , , ,2, , , , ,1,2,2,1,3,0.9878901525279711,-0.5849952398283385,1
66,16,1,1,12,24, , , ,2, , , , ,1,2,2,1,3,0.9878901525279711,-0.6815267071439487,1
66,17,1,1,11,12, , , ,1,2,90, , ,1,2,2,1,3,0.9878901525279711,-0.21958059333738333,3
66,18,1,1,12,95, , , ,1,1,2,5,90,3,2,2,2,2,0.9878901525279711,-0.18365219504030827,3
66,18,2,1,12,4, , , ,2, , , , ,3,2,2,2,2,0.9878901525279711,-0.18365219504030827,3
66,18,3,1,12,4, , , ,2, , , , ,3,2,2,2,2,0.9878901525279711,-0.18365219504030827,3
66,19,1,1,11,24, , , ,1,1,2,90, ,2,2,2,1,3,0.9878901525279711,0.027324853554730202,4
66,19,2,1,11,12, , , ,1,3,90, , ,2,2,2,1,3,0.9878901525279711,0.027324853554730202,4
66,20,1,1,12,12, , , ,1,1,2,90, ,1,2,2,2,2,0.9878901525279711,-0.38934397670725923,3
66,21,1,1,11,24, , , ,1,1,2,90, ,2,2,2,2,1,0.9878901525279711,-0.4425182554898578,2
66,21,2,1,11,24, , , ,1,3,4,5,90,2,2,2,2,1,0.9878901525279711,-0.4425182554898578,2
66,22,1,1,11,6, , , ,2, , , , ,2,2,2,1,3,0.9878901525279711,-0.3301132172547231,3
66,22,2,2,11,6, , , ,2, , , , ,2,2,2,1,3,0.9878901525279711,-0.3301132172547231,3
66,23,1,1,11,24, , , ,1,2,7,90, ,2,2,2,3,3,0.9878901525279711,-0.3152336688482287,3
66,23,2,2,12,95, , , ,1,1,4,90, ,2,2,2,3,3,0.9878901525279711,-0.3152336688482287,3
66,24,1,1,11,95, , , ,1,1,2,3,4,1,2,2,1,2,0.9878901525279711,-0.5280397131421947,2
67,1,1,1,12,6, , , ,1,1,2,3,4,1,2,2,2,2,0.9859127847096111,-0.03832344405600337,4
67,2,1,1,12,12, , , ,1,1,2,90, ,1,2,2,3,1,0.9859127847096111,0.09438132051513161,4
67,3,1,1,11,95, , , ,1,1,2,90, ,1,2,2,1,3,0.9859127847096111,-0.6680012431908853,1
67,4,1,1,13,95, , , ,1,1,2,4,90,2,2,2,1,3,0.9859127847096111,-0.33826620484474823,3
67,4,2,1,11,14, , , ,2, , , , ,2,2,2,1,3,0.9859127847096111,-0.33826620484474823,3
67,5,1,1,11,17, , , ,1,1,2,90, ,1,2,2,1,3,0.9859127847096111,-0.4701409926089574,2
67,6,1,1,11,24, , , ,1,1,2,0,90,1,2,2,1,3,0.9859127847096111,-0.5417886393348088,2
67,7,1,1,12,2, , , ,1,1,90, , ,1,2,2,1,3,0.9859127847096111,-0.47582251091929234,2
67,8,1,1,11,95, , , ,1,1,2,3,4,1,2,2,1,3,0.9859127847096111,-0.5856813074531931,1
67,9,1,1,11,98, , , ,1,1,2,90, ,2,2,2,1,3,0.9859127847096111,-0.31957867018268543,3
67,9,2,1,11,98, , , ,1,3,4,90, ,2,2,2,1,3,0.9859127847096111,-0.31957867018268543,3
67,11,1,1,11,95, , , ,1,1,2,8,7,3,2,2,1,2,0.9859127847096111,-0.20749797634347167,3
67,11,2,1,11,95, , , ,1,5,3,6,90,3,2,2,1,2,0.9859127847096111,-0.20749797634347167,3
67,11,3,1,11,95, , , ,1,4,9,90, ,3,2,2,1,2,0.9859127847096111,-0.20749797634347167,3
67,15,1,1,11,24, , , ,1,1,90, , ,2,2,2,1,3,0.9859127847096111,-0.5622108909443546,2
67,15,2,1,11,10, , , ,2, , , , ,2,2,2,1,3,0.9859127847096111,-0.5622108909443546,2
67,16,1,1,11,6, , , ,1,1,2,3,90,1,2,2,1,2,0.9859127847096111,-0.4098282199165886,3
67,17,1,1,11,12, , , ,1,1,2,3,4,1,2,2,1,3,0.9859127847096111,-0.22816235457193293,3
67,18,1,1,11,10, , , ,1,1,90, , ,1,2,2,1,2,0.9859127847096111,-0.5127469830267728,2
67,19,1,1,11,24, , , ,1,1,90, , ,1,2,2,1,1,0.9859127847096111,-0.15942946444569658,4
67,20,1,1,12,12, , , ,2, , , , ,1,2,2,1,2,0.9859127847096111,-0.5676473555157753,2
67,21,1,1,11,95, , , ,1,1,90, , ,1,2,2,1,3,0.9859127847096111,-0.436761135277821,2
67,22,1,1,11,12, , , ,2, , , , ,2,2,2,1,3,0.9859127847096111,-0.3112152769386213,3
67,22,2,1,11,12, , , ,1,3,4,90, ,2,2,2,1,3,0.9859127847096111,-0.3112152769386213,3
67,23,1,1,12,95, , , ,1,1,2,3,4,2,2,2,1,3,0.9859127847096111,-0.28566473429779443,3
67,23,2,1,11,95, , , ,2, , , , ,2,2,2,1,3,0.9859127847096111,-0.28566473429779443,3
67,24,1,1,11,95, , , ,1,4,5,3,90,2,2,2,1,3,0.9859127847096111,-0.24202675436634957,3
67,24,2,1,11,95, , , ,1,1,2,6,90,2,2,2,1,3,0.9859127847096111,-0.24202675436634957,3
67,25,1,1,11,12, , , ,1,1,2,6,7,1,2,2,1,3,0.9859127847096111,-0.4344312254410665,2
68,1,1,1,11,14, , , ,2, , , , ,1,2,2,1,1,0.37734990048677247,-0.016365912034420428,4
68,4,1,1,11,95, , , ,1,1,90, , ,1,2,2,3,1,0.37734990048677247,0.8980199937389116,5
68,6,1,1,11,95, , , ,2, , , , ,2,2,2,1,3,0.37734990048677247,0.4501697677562578,5
68,6,2,1,11,95, , , ,2, , , , ,2,2,2,1,3,0.37734990048677247,0.4501697677562578,5
68,7,1,1,11,24, , , ,1,1,2,8,9,1,2,2,1,3,0.37734990048677247,-0.4844524371904868,2
68,8,1,1,13,24, , , ,1,1,2,4,90,1,2,2,1,1,0.37734990048677247,-0.4443957385261244,2
68,9,1,1,11,18, , , ,1,1,90, , ,1,2,2,3,1,0.37734990048677247,-0.060998409012568616,4
68,10,1,1,11,95, , , ,1,1,2,90, ,1,2,2,1,3,0.37734990048677247,0.10316344319283424,4
68,11,1,1,11,95, , , ,1,1,2,90, ,1,2,2,1,3,0.37734990048677247,-0.3688035002380578,3
68,12,1,1,11,95, , , ,1,1,2,4,5,1,2,2,1,3,0.37734990048677247,-0.4531021307081666,2
68,16,1,1,13,95, , , ,1,1,6,4,5,3,2,2,1,1,0.37734990048677247,0.7948795558022019,5
68,16,2,1,11,95, , , ,1,2,3,90, ,3,2,2,1,1,0.37734990048677247,0.7948795558022019,5
68,16,3,1,11,95, , , ,2, , , , ,3,2,2,1,1,0.37734990048677247,0.7948795558022019,5
68,17,1,1,11,95, , , ,1,5,90, , ,1,2,2,1,1,0.37734990048677247,-0.12913941653507305,4
68,21,1,1,11,13, , , ,1,1,2,3,90,2,2,2,3,1,0.37734990048677247,0.6791299531132347,5
68,21,2,1,11,3, , , ,2, , , , ,2,2,2,3,1,0.37734990048677247,0.6791299531132347,5
68,23,1,1,12,95, , , ,1,1,2,3,90,2,2,2,1,1,0.37734990048677247,-0.04734042002471232,4
68,23,2,1,11,95, , , ,2, , , , ,2,2,2,1,1,0.37734990048677247,-0.04734042002471232,4
68,24,1,1,11,26, , , ,1,2,5,90, ,1,2,2,2,1,0.37734990048677247,-0.690676326609971,1
69,2,1,1,11,7, , , ,2, , , , ,2,2,2,1,2,0.6614386313170126,-0.6246126797454796,1
69,2,2,1,11,7, , , ,2, , , , ,2,2,2,1,2,0.6614386313170126,-0.6246126797454796,1
69,3,1,1,11,13, , , ,1,1,0,3,90,1,2,2,1,2,0.6614386313170126,-0.3689144054052003,3
69,5,1,1,11,95, , , ,1,1,2,90, ,2,2,2,1,3,0.6614386313170126,-0.27220255798025667,3
69,5,2,1,11,95, , , ,1,3,4,90, ,2,2,2,1,3,0.6614386313170126,-0.27220255798025667,3
69,6,1,1,11,95, , , ,1,1,2,6,90,2,2,2,1,3,0.6614386313170126,-0.38351185214381633,3
69,6,2,1,11,95, , , ,1,3,4,5,90,2,2,2,1,3,0.6614386313170126,-0.38351185214381633,3
69,8,1,1,11,95, , , ,1,1,3,90, ,2,2,2,1,3,0.6614386313170126,-0.634821867439349,1
69,8,2,1,11,95, , , ,1,7,8,90, ,2,2,2,1,3,0.6614386313170126,-0.634821867439349,1
69,9,1,1,11,95, , , ,1,1,2,6,90,2,2,2,1,2,0.6614386313170126,-0.3922310562176885,3
69,9,2,1,11,95, , , ,1,3,4,5,90,2,2,2,1,2,0.6614386313170126,-0.3922310562176885,3
69,10,1,1,11,95, , , ,1,1,2,90, ,2,2,2,1,3,0.6614386313170126,-0.28605082642587865,3
69,10,2,1,11,95, , , ,1,3,90, , ,2,2,2,1,3,0.6614386313170126,-0.28605082642587865,3
69,11,1,1,11,24, , , ,1,1,2,90, ,1,2,2,1,2,0.6614386313170126,-0.15815807795455963,4
69,12,1,1,11,95, , , ,1,1,2,3,90,1,2,2,1,2,0.6614386313170126,-0.28618743230777327,3
69,13,1,1,11,24, , , ,2, , , , ,2,2,2,1,3,0.6614386313170126,-0.38459628141102675,3
69,13,2,1,11,24, , , ,2, , , , ,2,2,2,1,3,0.6614386313170126,-0.38459628141102675,3
69,14,1,1,11,98, , , ,2, , , , ,1,2,2,1,3,0.6614386313170126,-0.37394383261688624,3
69,16,1,1,11,24, , , ,2, , , , ,1,2,2,1,3,0.6614386313170126,-0.28833288088582654,3
69,18,1,1,11,14, , , ,1,1,2,90, ,2,2,2,2,1,0.6614386313170126,0.03319735800926378,4
69,18,2,1,11,14, , , ,2, , , , ,2,2,2,2,1,0.6614386313170126,0.03319735800926378,4
69,19,1,1,11,10, , , ,1,2,3,90, ,1,2,2,1,3,0.6614386313170126,-0.45079828799263805,2
69,20,1,1,13,95, , , ,1,1,3,90, ,1,2,2,1,3,0.6614386313170126,-0.5061799406750361,2
69,24,1,1,11,95, , , ,1,1,2,6,90,3,2,2,2,1,0.6614386313170126,-0.26006824856643557,3
69,24,2,1,11,10, , , ,1,3,4,5,90,3,2,2,2,1,0.6614386313170126,-0.26006824856643557,3
69,24,3,1,11,10, , , ,2, , , , ,3,2,2,2,1,0.6614386313170126,-0.26006824856643557,3
69,25,1,1,11,2, , , ,1,1,2,3,4,1,2,2,1,3,0.6614386313170126,-0.6246126797454796,1
70,1,1,1,11,10, , , ,1,1,2,3,4,2,2,2,1,1,0.5663360243699224,-0.22816235457193293,3
70,1,2,1,11,95, , , ,2, , , , ,2,2,2,1,1,0.5663360243699224,-0.22816235457193293,3
70,3,1,1,11,13, , , ,1,1,2,3,4,3,2,2,3,1,0.5663360243699224,0.6351220952440538,5
70,3,2,2,11,13, , , ,2, , , , ,3,2,2,3,1,0.5663360243699224,0.6351220952440538,5
70,3,3,2,11,13, , , ,2, , , , ,3,2,2,3,1,0.5663360243699224,0.6351220952440538,5
70,4,1,1,11,12, , , ,1,2,90, , ,2,2,2,1,3,0.5663360243699224,-0.2762714631591292,3
70,4,2,1,11,12, , , ,1,1,3,90, ,2,2,2,1,3,0.5663360243699224,-0.2762714631591292,3
70,6,1,1,11,12, , , ,1,1,2,7,8,2,2,2,1,2,0.5663360243699224,0.2984410415530483,4
70,6,2,1,11,12, , , ,1,3,4,5,6,2,2,2,1,2,0.5663360243699224,0.2984410415530483,4
70,8,1,1,11,95, , , ,1,1,90, , ,2,2,2,1,3,0.5663360243699224,-0.5401084947195665,2
70,8,2,1,11,95, , , ,1,2,90, , ,2,2,2,1,3,0.5663360243699224,-0.5401084947195665,2
70,10,1,1,11,95, , , ,1,1,90, , ,1,2,2,1,3,0.5663360243699224,-0.5629737391338975,2
70,11,1,1,11,24, , , ,2, , , , ,1,2,2,1,3,0.5663360243699224,-0.3648126856487634,3
70,12,1,1,11,13, , , ,1,1,2,3,4,2,2,2,1,3,0.5663360243699224,-0.21520474885034227,3
70,12,2,2,11,13, , , ,2, , , , ,2,2,2,1,3,0.5663360243699224,-0.21520474885034227,3
70,13,1,1,11,4, , , ,1,1,2,6,5,1,2,2,1,3,0.5663360243699224,-0.29272287810815784,3
70,14,1,1,13,24, , , ,1,1,90, , ,3,2,2,3,1,0.5663360243699224,1.320320863261311,5
70,14,2,1,13,24, , , ,1,4,90, , ,3,2,2,3,1,0.5663360243699224,1.320320863261311,5
70,14,3,1,13,24, , , ,1,3,90, , ,3,2,2,3,1,0.5663360243699224,1.320320863261311,5
70,15,1,1,11,95, , , ,1,1,2,3,90,1,2,2,2,3,0.5663360243699224,-0.4624172759058367,2
70,16,1,1,11,95, , , ,1,1,90, , ,1,2,2,1,3,0.5663360243699224,-0.5629737391338975,2
70,19,1,1,11,12, , , ,1,1,2,90, ,2,2,2,1,3,0.5663360243699224,-0.5397979109328997,2
70,19,2,1,11,7, , , ,1,3,4,90, ,2,2,2,1,3,0.5663360243699224,-0.5397979109328997,2
70,20,1,1,12,23, , , ,1,1,2,5,3,1,2,2,1,3,0.5663360243699224,-0.35227636817548785,3
70,21,1,2,11,98, , , ,1,1,8,7,6,1,2,2,1,3,0.5663360243699224,-0.722103099003139,1
70,22,1,1,11,24, , , ,1,3,4,90, ,3,2,2,1,3,0.5663360243699224,-0.07989475756389046,4
70,22,2,2,11,24, , , ,1,1,2,90, ,3,2,2,1,3,0.5663360243699224,-0.07989475756389046,4
70,22,3,2,11,24, , , ,2, , , , ,3,2,2,1,3,0.5663360243699224,-0.07989475756389046,4
70,23,1,1,11,24, , , ,1,1,2,3,90,1,2,2,1,3,0.5663360243699224,-0.6673476604662404,1
70,24,1,1,11,12, , , ,1,1,2,90, ,1,2,2,3,1,0.5663360243699224,0.3568861958758608,4
70,25,1,1,11,95, , , ,1,1,2,7,6,2,2,2,1,2,0.5663360243699224,0.5664548615858307,5
70,25,2,1,11,95, , , ,1,3,4,90, ,2,2,2,1,2,0.5663360243699224,0.5664548615858307,5
71,1,1,1,12,7, , , ,1,1,0,90, ,1,2,2,2,3,0.5823836163303052,-0.3554008820948799,3
71,4,1,1,11,95, , , ,1,1,90, , ,1,2,2,2,3,0.5823836163303052,-0.5578675313575234,2
71,5,1,1,12,15, , , ,1,1,2,3,4,1,2,2,1,3,0.5823836163303052,-0.24455254484938874,3
71,7,1,1,13,95, , , ,1,1,2,3,4,3,2,2,1,3,0.5823836163303052,-0.13636977190665286,4
71,7,2,1,11,2, , , ,2, , , , ,3,2,2,1,3,0.5823836163303052,-0.13636977190665286,4
71,7,3,1,11,2, , , ,2, , , , ,3,2,2,1,3,0.5823836163303052,-0.13636977190665286,4
71,11,1,1,13,8, , , ,1,1,2,3,90,2,2,2,1,3,0.5823836163303052,-0.45115312427866056,2
71,11,2,1,13,8, , , ,2, , , , ,2,2,2,1,3,0.5823836163303052,-0.45115312427866056,2
71,12,1,1,13,95, , , ,1,1,2,90, ,1,2,2,1,3,0.5823836163303052,-0.5668845073262324,2
71,15,1,1,11,10, , , ,2, , , , ,1,2,2,1,3,0.5823836163303052,-0.5229605855529043,2
71,16,1,1,11,24, , , ,1,1,90, , ,1,2,2,1,3,0.5823836163303052,0.5326588620272319,5
71,18,1,1,11,95, , , ,1,1,2,90, ,2,2,2,1,3,0.5823836163303052,-0.4043872040405765,3
71,18,2,1,11,95, , , ,1,5,6,90, ,2,2,2,1,3,0.5823836163303052,-0.4043872040405765,3
71,20,1,1,11,10, , , ,1,1,2,3,90,1,2,2,1,3,0.5823836163303052,-0.07061629068648727,4
71,24,1,1,11,95, , , ,1,1,2,12,11,6,2,2,1,3,0.5823836163303052,-0.3948699481070506,3
71,24,2,1,11,95, , , ,1,5,6,7,8,6,2,2,1,3,0.5823836163303052,-0.3948699481070506,3
71,24,3,1,11,95, , , ,1,3,10,9,4,6,2,2,1,3,0.5823836163303052,-0.3948699481070506,3
71,24,4,1,11,95, , , ,2, , , , ,6,2,2,1,3,0.5823836163303052,-0.3948699481070506,3
71,24,5,1,11,95, , , ,2, , , , ,6,2,2,1,3,0.5823836163303052,-0.3948699481070506,3
71,24,6,1,11,95, , , ,2, , , , ,6,2,2,1,3,0.5823836163303052,-0.3948699481070506,3
71,25,1,1,13,95, , , ,1,1,2,3,4,2,2,2,3,3,0.5823836163303052,0.562083498196097,5
71,25,2,1,11,24, , , ,2, , , , ,2,2,2,3,3,0.5823836163303052,0.562083498196097,5
72,1,1,1,11,14, , , ,1,1,2,3,90,1,2,2,1,3,0.5553077169079651,-0.12960100853638998,4
72,2,1,1,11,18, , , ,1,1,2,3,90,1,2,2,1,3,0.5553077169079651,-0.21665536494237045,3
72,4,1,1,11,12, , , ,1,1,2,3,90,2,2,2,1,3,0.5553077169079651,-0.5196076105709725,2
72,4,2,1,11,12, , , ,2, , , , ,2,2,2,1,3,0.5553077169079651,-0.5196076105709725,2
72,5,1,1,11,10, , , ,1,1,2,13,14,3,2,2,2,1,0.5553077169079651,-0.4642275288964173,2
72,5,2,1,11,10, , , ,1,9,10,11,12,3,2,2,2,1,0.5553077169079651,-0.4642275288964173,2
72,5,3,1,11,10, , , ,2, , , , ,3,2,2,2,1,0.5553077169079651,-0.4642275288964173,2
72,6,1,1,13,2, , , ,1,1,2,5,90,1,2,2,2,1,0.5553077169079651,-0.35306489983988615,3
72,7,1,1,12,95, , , ,1,1,2,3,4,1,2,2,1,1,0.5553077169079651,-0.6344149387862122,1
72,8,1,1,11,95, , , ,1,1,2,10,90,3,2,2,9,3,0.5553077169079651,-0.4787595583793271,2
72,8,2,1,11,95, , , ,1,3,4,9,90,3,2,2,9,3,0.5553077169079651,-0.4787595583793271,2
72,8,3,1,11,95, , , ,1,5,6,7,8,3,2,2,9,3,0.5553077169079651,-0.4787595583793271,2
72,11,1,1,11,95, , , ,1,1,2,7,90,1,2,2,2,1,0.5553077169079651,-0.369490828210039,3
72,12,1,2,11,28, , , ,1,1,3,4,90,2,2,2,1,3,0.5553077169079651,-0.3161523106899754,3
72,12,2,1,11,28, , , ,1,2,5,90, ,2,2,2,1,3,0.5553077169079651,-0.3161523106899754,3
72,15,1,1,13,95, , , ,2, , , , ,1,2,2,1,1,0.5553077169079651,-0.10667223130760595,4
72,18,1,1,11,95, , , ,1,1,2,4,90,2,2,2,2,1,0.5553077169079651,-0.20830805205785521,3
72,18,2,1,11,95, , , ,1,3,90, , ,2,2,2,2,1,0.5553077169079651,-0.20830805205785521,3
72,19,1,1,11,12, , , ,1,1,2,90, ,1,2,2,3,1,0.5553077169079651,-0.3310556557978754,3
72,21,1,1,11,95, , , ,1,1,90, , ,1,2,2,1,1,0.5553077169079651,-0.43943084498246765,2
72,22,1,1,11,12, , , ,1,1,3,90, ,2,2,2,1,3,0.5553077169079651,-0.4387732328847496,2
72,22,2,1,11,95, , , ,1,2,90, , ,2,2,2,1,3,0.5553077169079651,-0.4387732328847496,2
72,23,1,1,13,95, , , ,1,1,2,90, ,1,2,2,1,3,0.5553077169079651,-0.37306681342792947,3
72,25,1,1,11,19, , , ,1,1,2,90, ,2,2,2,2,1,0.5553077169079651,-0.2183278654208059,3
72,25,2,2,11,19, , , ,1,3,4,90, ,2,2,2,2,1,0.5553077169079651,-0.2183278654208059,3
73,5,1,1,11,95, , , ,2, , , , ,1,2,2,3,1,0.3939195315769125,3.3358310390628287,5
73,6,1,2,13,95, , , ,1,1,2,8,90,3,2,2,2,1,0.3939195315769125,0.8581215950759624,5
73,6,2,2,13,95, , , ,1,3,4,7,90,3,2,2,2,1,0.3939195315769125,0.8581215950759624,5
73,6,3,2,13,12, , , ,1,5,6,90, ,3,2,2,2,1,0.3939195315769125,0.8581215950759624,5
73,9,1,1,11,26, , , ,1,1,90, , ,1,2,2,1,1,0.3939195315769125,-0.07511323743972814,4
73,10,1,2,12,4, , , ,1,1,2,3,90,1,2,2,1,1,0.3939195315769125,-0.445795118913765,2
73,11,1,2,12,3, , , ,1,1,2,6,7,2,2,2,1,1,0.3939195315769125,-0.6007387952912105,1
73,11,2,2,12,3, , , ,1,3,4,5,90,2,2,2,1,1,0.3939195315769125,-0.6007387952912105,1
73,12,1,1,11,24, , , ,1,1,2,7,90,1,2,2,1,1,0.3939195315769125,-0.22427338361966212,3
73,13,1,1,11,24, , , ,1,1,2,9,90,1,2,2,2,1,0.3939195315769125,-0.3095975651445418,3
73,14,1,1,12,23, , , ,1,1,2,3,4,1,2,2,3,1,0.3939195315769125,-0.2901146376698884,3
73,17,1,1,12,6, , , ,1,1,90, , ,2,2,2,1,3,0.3939195315769125,-0.030541458008534122,4
73,17,2,1,12,6, , , ,2, , , , ,2,2,2,1,3,0.3939195315769125,-0.030541458008534122,4
73,19,1,1,12,95, , , ,1,1,8,9,3,2,2,2,3,2,0.3939195315769125,0.5431582158446057,5
73,19,2,1,11,95, , , ,1,7,6,5,4,2,2,2,3,2,0.3939195315769125,0.5431582158446057,5
73,20,1,1,12,18, , , ,1,12,13,0,90,3,2,2,3,1,0.3939195315769125,0.9847123080211759,5
73,20,2,2,12,18, , , ,2, , , , ,3,2,2,3,1,0.3939195315769125,0.9847123080211759,5
73,20,3,2,11,18, , , ,2, , , , ,3,2,2,3,1,0.3939195315769125,0.9847123080211759,5
73,21,1,1,12,2, , , ,2, , , , ,3,2,2,2,1,0.3939195315769125,0.5509611271485344,5
73,21,2,1,12,2, , , ,2, , , , ,3,2,2,2,1,0.3939195315769125,0.5509611271485344,5
73,21,3,1,12,2, , , ,2, , , , ,3,2,2,2,1,0.3939195315769125,0.5509611271485344,5
73,25,1,1,11,18, , , ,1,1,2,3,90,1,2,2,9,1,0.3939195315769125,-0.468660363328096,2
74,1,1,1,11,10, , , ,1,1,90, , ,1,2,2,2,3,0.5552717140736222,-0.1573139389909045,4
74,2,1,1,13,14, , , ,1,1,2,3,4,1,2,2,1,1,0.5552717140736222,0.33349054690277896,4
74,3,1,1,13,95, , , ,1,5,10,90, ,3,2,2,1,1,0.5552717140736222,0.48531761078957214,5
74,3,2,2,98,95,1,2, ,1,1,2,90, ,3,2,2,1,1,0.5552717140736222,0.48531761078957214,5
74,3,3,2,11,24, , , ,1,3,4,7,90,3,2,2,1,1,0.5552717140736222,0.48531761078957214,5
74,4,1,1,11,14, , , ,1,1,4,5,90,1,2,2,1,3,0.5552717140736222,-0.5368558040968818,2
74,5,1,1,11,24, , , ,1,3,5,4,90,1,2,2,1,1,0.5552717140736222,0.33441163271715535,4
74,6,1,1,13,95, , , ,1,1,2,3,4,1,2,2,1,3,0.5552717140736222,-0.2870567582029892,3
74,7,1,1,11,13, , , ,1,1,2,3,4,2,2,2,1,3,0.5552717140736222,-0.2216445483015608,3
74,7,2,1,11,13, , , ,2, , , , ,2,2,2,1,3,0.5552717140736222,-0.2216445483015608,3
74,10,1,1,11,98, , , ,1,1,2,3,4,1,2,2,1,3,0.5552717140736222,-0.26970813255819825,3
74,11,1,1,13,1, , , ,1,1,2,3,4,1,2,2,3,1,0.5552717140736222,-0.3885839050608082,3
74,12,1,1,13,95, , , ,1,0,90, , ,1,2,2,1,1,0.5552717140736222,-0.5325124445100509,2
74,13,1,1,13,12, , , ,1,1,2,90, ,2,2,2,1,1,0.5552717140736222,-0.2759585071172348,3
74,13,2,1,13,12, , , ,1,3,4,5,6,2,2,2,1,1,0.5552717140736222,-0.2759585071172348,3
74,14,1,1,11,24, , , ,1,1,2,7,90,3,2,2,1,1,0.5552717140736222,0.08040378377654563,4
74,14,2,1,11,24, , , ,1,3,6,90, ,3,2,2,1,1,0.5552717140736222,0.08040378377654563,4
74,14,3,1,11,24, , , ,1,4,5,90, ,3,2,2,1,1,0.5552717140736222,0.08040378377654563,4
74,17,1,1,13,15, , , ,1,1,2,5,4,1,2,2,1,1,0.5552717140736222,-0.6942893229074693,1
74,19,1,1,11,5, , , ,1,1,2,8,7,1,2,2,3,3,0.5552717140736222,0.3658669583664331,4
74,21,1,1,11,15, , , ,1,1,6,2,90,1,2,2,3,3,0.5552717140736222,-0.5077047313023324,2
74,23,1,1,11,95, , , ,1,1,2,5,3,1,2,2,2,1,0.5552717140736222,-0.5488148869016086,2
74,24,1,1,11,95, , , ,1,1,2,4,5,2,2,2,1,1,0.5552717140736222,-0.3860652802134676,3
74,24,2,1,11,95, , , ,1,3,90, , ,2,2,2,1,1,0.5552717140736222,-0.3860652802134676,3
74,25,1,1,11,95, , , ,1,1,2,3,4,1,2,2,1,3,0.5552717140736222,-0.21882779372642872,3
75,1,1,1,11,20, , , ,1,1,2,3,4,1,2,2,2,1,1.4186055890389042,0.1499851619199427,4
75,2,1,2,11,23, , , ,1,11,7,6,90,2,2,2,2,1,1.4186055890389042,-0.10217936684040044,4
75,2,2,2,11,23, , , ,1,12,10,14,90,2,2,2,2,1,1.4186055890389042,-0.10217936684040044,4
75,4,1,1,11,2, , , ,1,0,90, , ,1,2,2,3,1,1.4186055890389042,0.7336632446141224,5
75,5,1,2,11,30, , , ,1,3,90, , ,1,2,2,2,1,1.4186055890389042,1.5664959456112693,5
75,7,1,1,11,6, , , ,1,3,4,5,90,4,2,2,2,2,1.4186055890389042,0.8263864402972473,5
75,7,2,2,11,6, , , ,1,1,2,90, ,4,2,2,2,2,1.4186055890389042,0.8263864402972473,5
75,7,3,2,11,6, , , ,1,8,13,14,90,4,2,2,2,2,1.4186055890389042,0.8263864402972473,5
75,7,4,2,11,6, , , ,1,6,11,90, ,4,2,2,2,2,1.4186055890389042,0.8263864402972473,5
75,8,1,1,13,14, , , ,1,2,3,90, ,2,2,2,9,1,1.4186055890389042,2.4820975907738707,5
75,8,2,1,11,95, , , ,1,1,4,90, ,2,2,2,9,1,1.4186055890389042,2.4820975907738707,5
75,9,1,1,11,12, , , ,1,1,2,9,11,1,2,2,1,1,1.4186055890389042,0.6699526799365073,5
75,10,1,1,13,13, , , ,1,3,4,6,9,1,2,2,3,1,1.4186055890389042,0.5957020062074991,5
75,11,1,1,13,98, , , ,1,1,2,90, ,3,2,2,1,1,1.4186055890389042,0.8661038733550326,5
75,11,2,1,13,98, , , ,2, , , , ,3,2,2,1,1,1.4186055890389042,0.8661038733550326,5
75,11,3,1,13,98, , , ,2, , , , ,3,2,2,1,1,1.4186055890389042,0.8661038733550326,5
75,12,1,1,11,6, , , ,1,1,2,4,3,1,2,2,1,1,1.4186055890389042,0.757337120420619,5
75,13,1,1,11,10, , , ,1,1,2,9,90,1,2,2,1,1,1.4186055890389042,-0.06367028794049708,4
75,14,1,1,13,16, , , ,1,2,90, , ,1,2,2,1,2,1.4186055890389042,0.024284817932757927,4
75,15,1,1,11,4, , , ,1,1,2,3,90,1,2,2,1,1,1.4186055890389042,-0.11456026769802533,4
75,16,1,1,11,6, , , ,1,1,90, , ,1,2,2,3,1,1.4186055890389042,1.2307080967056194,5
75,17,1,1,11,12, , , ,1,1,2,90, ,2,2,2,2,1,1.4186055890389042,1.0033029527666946,5
75,17,2,1,11,12, , , ,1,3,4,5,6,2,2,2,2,1,1.4186055890389042,1.0033029527666946,5
75,18,1,1,11,95, , , ,1,3,8,10,90,3,2,2,3,1,1.4186055890389042,2.9994320706818396,5
75,18,2,1,11,95, , , ,1,1,5,7,90,3,2,2,3,1,1.4186055890389042,2.9994320706818396,5
75,18,3,2,11,95, , , ,2, , , , ,3,2,2,3,1,1.4186055890389042,2.9994320706818396,5
75,19,1,2,13,95, , , ,1,1,3,90, ,1,2,2,3,1,1.4186055890389042,1.3546596785066736,5
75,21,1,1,11,24, , , ,1,1,2,3,90,1,2,2,1,1,1.4186055890389042,0.8797348195158585,5
75,23,1,1,11,95, , , ,1,1,2,3,4,1,2,2,1,1,1.4186055890389042,0.3954146441170622,4
75,24,1,1,11,98, , , ,1,1,2,90, ,1,2,2,3,1,1.4186055890389042,0.7540469002783621,5
75,25,1,1,11,12, , , ,1,1,2,3,90,1,2,2,3,1,1.4186055890389042,0.7093665280631845,5
76,2,1,1,11,98, , , ,1,1,2,7,90,1,2,2,1,1,0.3041434204949584,0.2561349176837237,4
76,3,1,1,11,24, , , ,1,2,9,11,90,2,2,2,1,1,0.3041434204949584,1.37050540773651,5
76,3,2,1,11,24, , , ,1,7,8,1,90,2,2,2,1,1,0.3041434204949584,1.37050540773651,5
76,4,1,1,11,24, , , ,1,2,4,90, ,2,2,2,3,1,0.3041434204949584,2.445499435915665,5
76,4,2,1,11,24, , , ,1,5,6,90, ,2,2,2,3,1,0.3041434204949584,2.445499435915665,5
76,5,1,1,11,6, , , ,2, , , , ,1,2,2,3,1,0.3041434204949584,2.7815534682063077,5
76,6,1,2,11,24, , , ,1,4,3,1,2,1,2,2,1,1,0.3041434204949584,1.2570683940038987,5
76,8,1,1,11,6, , , ,1,2,90, , ,2,2,2,3,1,0.3041434204949584,2.989439399246866,5
76,8,2,1,11,6, , , ,1,3,90, , ,2,2,2,3,1,0.3041434204949584,2.989439399246866,5
76,9,1,1,11,95, , , ,1,1,3,90, ,1,2,2,3,1,0.3041434204949584,1.843225719393769,5
76,10,1,1,11,98, , , ,1,1,2,3,4,1,2,2,2,1,0.3041434204949584,1.2578323112694727,5
76,11,1,1,11,6, , , ,1,1,2,7,8,1,2,2,1,1,0.3041434204949584,0.2670794732903063,4
76,12,1,1,11,95, , , ,1,1,2,6,7,3,2,2,1,1,0.3041434204949584,0.6507760944968048,5
76,12,2,1,11,95, , , ,2, , , , ,3,2,2,1,1,0.3041434204949584,0.6507760944968048,5
76,12,3,1,11,95, , , ,1,3,4,5,90,3,2,2,1,1,0.3041434204949584,0.6507760944968048,5
76,13,1,1,13,12, , , ,2, , , , ,3,2,2,3,1,0.3041434204949584,3.970397736644985,5
76,13,2,1,11,8, , , ,2, , , , ,3,2,2,3,1,0.3041434204949584,3.970397736644985,5
76,13,3,1,11,8, , , ,2, , , , ,3,2,2,3,1,0.3041434204949584,3.970397736644985,5
76,15,1,1,11,98, , , ,1,1,2,90, ,1,2,2,3,1,0.3041434204949584,1.3009779493228852,5
76,16,1,2,11,24, , , ,1,2,90, , ,3,2,2,3,1,0.3041434204949584,3.6415848284978463,5
76,16,2,2,11,24, , , ,1,3,5,6,90,3,2,2,3,1,0.3041434204949584,3.6415848284978463,5
76,16,3,2,11,24, , , ,1,4,90, , ,3,2,2,3,1,0.3041434204949584,3.6415848284978463,5
76,19,1,2,11,24, , , ,1,11,26,6,22,4,2,2,1,2,0.3041434204949584,0.9768854459899105,5
76,19,2,2,11,24, , , ,1,1,2,90, ,4,2,2,1,2,0.3041434204949584,0.9768854459899105,5
76,19,3,2,11,24, , , ,2, , , , ,4,2,2,1,2,0.3041434204949584,0.9768854459899105,5
76,19,4,2,11,24, , , ,2, , , , ,4,2,2,1,2,0.3041434204949584,0.9768854459899105,5
76,20,1,2,11,12, , , ,1,1,5,90, ,2,2,2,2,1,0.3041434204949584,0.9286308692019677,5
76,20,2,2,11,12, , , ,1,2,90, , ,2,2,2,2,1,0.3041434204949584,0.9286308692019677,5
76,22,1,1,11,30, , , ,1,1,2,3,4,1,2,2,3,1,0.3041434204949584,0.8681910608845534,5
76,23,1,2,11,98, , , ,1,1,2,4,90,1,2,2,3,2,0.3041434204949584,2.9849309112625115,5
76,24,1,1,11,12, , , ,1,1,90, , ,3,2,2,2,1,0.3041434204949584,1.8365141997419225,5
76,24,2,1,11,12, , , ,1,3,90, , ,3,2,2,2,1,0.3041434204949584,1.8365141997419225,5
76,24,3,1,11,12, , , ,1,4,90, , ,3,2,2,2,1,0.3041434204949584,1.8365141997419225,5
76,25,1,2,11,26, , , ,1,1,2,90, ,1,2,2,1,1,0.3041434204949584,0.5955413965930907,5
77,1,1,1,13,13, , , ,1,1,4,90, ,1,2,2,1,1,0.9177068681363906,0.14975427232323946,4
77,3,1,1,13,24, , , ,1,1,2,90, ,1,2,2,1,1,0.9177068681363906,-0.5498959606525629,2
77,6,1,1,13,24, , , ,2, , , , ,2,2,2,2,1,0.9177068681363906,0.16680265039507516,4
77,6,2,1,13,24, , , ,2, , , , ,2,2,2,2,1,0.9177068681363906,0.16680265039507516,4
77,8,1,1,11,12, , , ,2, , , , ,1,2,2,1,3,0.9177068681363906,-0.39418283887263406,3
77,10,1,1,11,98, , , ,1,1,2,9,90,1,2,2,3,1,0.9177068681363906,-0.16640055389335323,4
77,12,1,2,11,3, , , ,1,1,90, , ,2,2,2,2,1,0.9177068681363906,-0.3445145689204649,3
77,12,2,2,11,3, , , ,1,0,90, , ,2,2,2,2,1,0.9177068681363906,-0.3445145689204649,3
77,14,1,1,11,12, , , ,1,3,0,90, ,1,2,2,1,1,0.9177068681363906,-0.39133661638736494,3
77,16,1,1,11,95, , , ,1,1,2,4,5,1,2,2,1,1,0.9177068681363906,-0.22907032780488787,3
77,17,1,1,11,12, , , ,2, , , , ,1,2,2,1,2,0.9177068681363906,-0.10718480278045046,4
77,18,1,1,11,95, , , ,1,0,1,2,3,1,2,2,1,1,0.9177068681363906,0.12043788904034153,4
77,21,1,1,11,13, , , ,1,1,2,90, ,2,2,2,1,1,0.9177068681363906,-0.3575190936461969,3
77,21,2,1,11,13, , , ,1,3,4,90, ,2,2,2,1,1,0.9177068681363906,-0.3575190936461969,3
77,22,1,2,21,18, ,2, ,1,1,2,90, ,1,2,2,1,1,0.9177068681363906,-0.1134847859175108,4
77,24,1,1,11,14, , , ,1,1,2,4,90,1,2,2,1,1,0.9177068681363906,-0.02294065833989066,4
77,25,1,2,13,95, , , ,1,1,2,9,90,2,2,2,1,1,0.9177068681363906,-0.2105154366401386,3
77,25,2,2,13,95, , , ,8, , , , ,2,2,2,1,1,0.9177068681363906,-0.2105154366401386,3
78,1,1,1,11,24, , , ,1,1,2,5,6,1,2,2,2,3,0.7593447398357459,-0.16634258973450156,4
78,2,1,1,11,15, , , ,1,2,5,90, ,1,2,2,1,1,0.7593447398357459,-0.39539088733438205,3
78,5,1,1,11,6, , , ,1,2,4,3,90,1,2,2,1,3,0.7593447398357459,-0.1654542721813711,4
78,10,1,2,11,15, , , ,1,2,3,4,90,1,2,2,2,1,0.7593447398357459,-0.2627089286525885,3
78,11,1,1,11,98, , , ,1,1,2,5,90,1,2,2,1,2,0.7593447398357459,-0.3343405554007657,3
78,14,1,2,11,15, , , ,1,1,2,8,90,2,2,2,1,1,0.7593447398357459,-0.05178023318461154,4
78,14,2,2,11,12, , , ,1,3,4,5,6,2,2,2,1,1,0.7593447398357459,-0.05178023318461154,4
78,18,1,1,13,95, , , ,1,1,2,3,90,1,2,2,1,1,0.7593447398357459,-0.14742032024395313,4
78,22,1,1,11,6, , , ,1,3,4,5,90,1,2,2,2,1,0.7593447398357459,-0.046578499678761154,4
78,25,1,1,11,18, , , ,1,1,2,3,90,1,2,2,1,3,0.7593447398357459,-0.23964554950348468,3
79,1,1,1,11,12, , , ,1,1,2,90, ,2,2,2,1,1,0.9233704204229554,1.2847518208401283,5
79,1,2,1,11,12, , , ,2, , , , ,2,2,2,1,1,0.9233704204229554,1.2847518208401283,5
79,2,1,1,13,4, , , ,1,1,90, , ,1,2,2,2,1,0.9233704204229554,-0.39900801175399275,3
79,3,1,1,13,95, , , ,1,1,2,90, ,1,2,2,1,1,0.9233704204229554,-0.5519633699760564,2
79,4,1,1,12,5, , , ,1,1,2,3,4,1,2,2,1,1,0.9233704204229554,-0.2975126084641559,3
79,6,1,1,11,12, , , ,1,2,7,90, ,3,2,2,1,1,0.9233704204229554,0.34823075011499277,4
79,6,2,1,11,12, , , ,1,3,4,5,6,3,2,2,1,1,0.9233704204229554,0.34823075011499277,4
79,6,3,1,11,12, , , ,2, , , , ,3,2,2,1,1,0.9233704204229554,0.34823075011499277,4
79,7,1,1,13,14, , , ,1,1,2,90, ,2,2,2,1,1,0.9233704204229554,-0.5038703874134572,2
79,7,2,1,13,14, , , ,1,3,90, , ,2,2,2,1,1,0.9233704204229554,-0.5038703874134572,2
79,9,1,1,11,95, , , ,1,1,2,3,4,1,2,2,1,3,0.9233704204229554,-0.3153015066626596,3
79,10,1,1,13,18, , , ,1,1,5,6,7,1,2,2,2,1,0.9233704204229554,-0.1005509122722223,4
79,11,1,1,13,95, , , ,1,1,6,7,5,1,2,2,1,3,0.9233704204229554,-0.06899149638174094,4
79,12,1,2,11,14, , , ,1,1,2,90, ,2,2,2,1,3,0.9233704204229554,-0.17368822220664265,4
79,12,2,1,11,14, , , ,1,3,4,5,6,2,2,2,1,3,0.9233704204229554,-0.17368822220664265,4
79,13,1,1,16,12, , , ,1,1,2,90, ,1,2,2,1,3,0.9233704204229554,0.2944528550428431,4
79,14,1,1,11,12, , , ,1,1,4,90, ,2,2,2,1,3,0.9233704204229554,-0.5264128273352295,2
79,14,2,1,11,12, , , ,2, , , , ,2,2,2,1,3,0.9233704204229554,-0.5264128273352295,2
79,15,1,2,13,25, , , ,1,1,2,3,90,1,2,2,1,3,0.9233704204229554,-0.45989347164065925,2
79,16,1,1,13,5, , , ,1,1,2,90, ,1,2,2,1,3,0.9233704204229554,-0.0390649907913524,4
79,17,1,1,13,12, , , ,1,1,2,90, ,1,2,2,1,1,0.9233704204229554,-0.33346810209739086,3
79,18,1,1,11,14, , , ,1,1,3,90, ,1,2,2,1,1,0.9233704204229554,-0.1693123777196016,4
79,19,1,1,11,12, , , ,1,1,90, , ,1,2,2,1,3,0.9233704204229554,-0.6231007247133716,1
79,20,1,1,11,5, , , ,1,1,2,6,90,1,2,2,1,3,0.9233704204229554,-0.5490349167548456,2
79,21,1,1,11,95, , , ,1,1,2,3,90,1,2,2,2,1,0.9233704204229554,-0.2124874423848044,3
79,22,1,1,11,24, , , ,1,1,2,5,90,2,2,2,2,1,0.9233704204229554,-0.38865562157600636,3
79,22,2,1,11,24, , , ,1,3,4,90, ,2,2,2,2,1,0.9233704204229554,-0.38865562157600636,3
79,25,1,1,13,12, , , ,1,1,2,5,90,2,2,2,1,3,0.9233704204229554,-0.5168284589703318,2
79,25,2,1,13,12, , , ,1,4,3,90, ,2,2,2,1,3,0.9233704204229554,-0.5168284589703318,2
80,2,1,2,11,12, , , ,1,1,3,90, ,2,2,2,1,1,0.3516784609297338,0.3383623506717091,4
80,2,2,2,11,12, , , ,1,2,4,5,90,2,2,2,1,1,0.3516784609297338,0.3383623506717091,4
80,3,1,1,13,95, , , ,1,0,90, , ,2,2,2,2,1,0.3516784609297338,-0.4429645145042004,2
80,3,2,2,11,12, , , ,2, , , , ,2,2,2,2,1,0.3516784609297338,-0.4429645145042004,2
80,4,1,1,11,98, , , ,1,2,3,4,90,1,2,2,1,2,0.3516784609297338,-0.41814980404557633,3
80,5,1,1,11,13, , , ,1,3,4,5,6,1,2,2,1,1,0.3516784609297338,0.18921244681953414,4
80,6,1,1,11,12, , , ,1,2,7,90, ,1,2,2,1,1,0.3516784609297338,0.03617227087700761,4
80,7,1,1,11,98, , , ,1,2,3,90, ,1,2,2,1,1,0.3516784609297338,-0.3518371954914528,3
80,8,1,1,11,12, , , ,1,1,2,6,7,2,2,2,1,2,0.3516784609297338,0.06456844431190764,4
80,8,2,1,11,12, , , ,1,3,4,5,90,2,2,2,1,2,0.3516784609297338,0.06456844431190764,4
80,9,1,1,13,6, , , ,1,1,2,5,90,1,2,2,2,1,0.3516784609297338,0.3388239463422177,4
80,10,1,1,11,18, , , ,1,4,0,90, ,1,2,2,2,1,0.3516784609297338,0.31576511327812307,4
80,11,1,1,13,24, , , ,1,1,2,90, ,2,2,2,2,1,0.3516784609297338,1.0334355666513315,5
80,11,2,1,13,24, , , ,1,3,90, , ,2,2,2,2,1,0.3516784609297338,1.0334355666513315,5
80,12,1,1,18,98, , , ,1,3,9,90, ,1,2,2,1,1,0.3516784609297338,-0.3860373335043727,3
80,15,1,1,11,13, , , ,1,1,2,3,90,1,2,2,1,3,0.3516784609297338,-0.08018795138440095,4
80,19,1,1,11,24, , , ,1,1,4,90, ,1,2,2,1,2,0.3516784609297338,-0.1961305888508997,3
80,20,1,2,13,98, , , ,2, , , , ,1,2,2,1,1,0.3516784609297338,0.2586166564141238,4
80,21,1,1,11,95, , , ,2, , , , ,1,2,2,1,1,0.3516784609297338,-0.2518633291687375,3
80,22,1,1,11,95, , , ,1,1,2,7,8,2,2,2,1,2,0.3516784609297338,-0.10414009441985383,4
80,22,2,2,11,95, , , ,1,3,6,90, ,2,2,2,1,2,0.3516784609297338,-0.10414009441985383,4
80,23,1,2,11,20, , , ,1,3,4,5,6,1,2,2,1,1,0.3516784609297338,-0.21729581055920166,3
80,24,1,1,11,95, , , ,1,1,2,3,90,1,2,2,1,1,0.3516784609297338,-0.3095417885913002,3
80,25,1,1,11,9, , , ,1,1,2,3,90,1,2,2,1,1,0.3516784609297338,0.047814144625380355,4
81,1,1,1,11,12, , , ,1,1,2,90, ,1,2,2,1,1,0.2975576165497331,-0.6000997860804661,1
81,5,1,1,13,95, , , ,1,1,2,5,6,1,2,2,1,1,0.2975576165497331,-0.11806473558817564,4
81,6,1,1,11,13, , , ,1,1,2,3,4,1,2,2,1,1,0.2975576165497331,0.4093829391615738,4
81,9,1,2,11,15, , , ,1,2,3,90, ,1,2,2,2,1,0.2975576165497331,-0.09565493916371665,4
81,10,1,1,11,95, , , ,1,1,90, , ,2,2,2,1,1,0.2975576165497331,-0.28158179435947595,3
81,10,2,1,11,95, , , ,2, , , , ,2,2,2,1,1,0.2975576165497331,-0.28158179435947595,3
81,11,1,1,11,7, , , ,1,2,3,4,5,1,2,2,3,1,0.2975576165497331,-0.07515752433463006,4
81,13,1,1,11,95, , , ,1,1,2,3,90,1,2,2,2,2,0.2975576165497331,-0.40913282807686735,3
81,14,1,1,11,98, , , ,1,1,9,11,90,2,2,2,3,1,0.2975576165497331,0.3273397301581251,4
81,14,2,1,13,95, , , ,1,4,12,90, ,2,2,2,3,1,0.2975576165497331,0.3273397301581251,4
81,15,1,1,11,98, , , ,2, , , , ,1,2,2,1,1,0.2975576165497331,-0.5011967195976679,2
81,17,1,1,11,7, , , ,1,7,9,90, ,1,2,2,2,1,0.2975576165497331,0.5552891223406474,5
81,20,1,1,11,95, , , ,1,1,0,0,90,1,2,2,1,1,0.2975576165497331,0.17725849216045253,4
81,22,1,1,11,12, , , ,1,1,2,6,4,1,2,2,1,1,0.2975576165497331,-0.03544786637174176,4
81,23,1,1,11,98, , , ,1,1,5,6,90,1,2,2,1,1,0.2975576165497331,-0.22631278652791065,3
81,24,1,1,11,98, , , ,1,4,8,6,7,1,2,2,1,1,0.2975576165497331,0.05426739350672524,4
81,25,1,1,11,4, , , ,1,1,2,3,90,1,2,2,1,1,0.2975576165497331,-0.3998993753187365,3
82,2,1,1,13,95, , , ,1,1,90, , ,2,2,2,1,1,0.5652135208821891,0.14259159214442324,4
82,2,2,1,13,95, , , ,1,2,3,4,7,2,2,2,1,1,0.5652135208821891,0.14259159214442324,4
82,3,1,1,12,95, , , ,1,2,3,90, ,1,2,2,2,1,0.5652135208821891,0.5751056260565892,5
82,4,1,1,11,95, , , ,1,3,4,5,90,2,2,2,2,1,0.5652135208821891,0.5540259247781966,5
82,4,2,1,98,95,2,2, ,1,1,2,6,7,2,2,2,2,1,0.5652135208821891,0.5540259247781966,5
82,5,1,1,11,18, , , ,1,1,3,90, ,2,2,2,3,1,0.5652135208821891,0.816399016140099,5
82,5,2,2,11,18, , , ,2, , , , ,2,2,2,3,1,0.5652135208821891,0.816399016140099,5
82,6,1,1,11,24, , , ,1,1,2,6,7,2,2,2,3,1,0.5652135208821891,1.6345347197511826,5
82,6,2,2,11,24, , , ,2, , , , ,2,2,2,3,1,0.5652135208821891,1.6345347197511826,5
82,7,1,1,13,12, , , ,1,1,7,90, ,5,2,2,3,1,0.5652135208821891,2.5830591572218724,5
82,7,2,1,13,12, , , ,1,2,24,10,90,5,2,2,3,1,0.5652135208821891,2.5830591572218724,5
82,7,3,1,13,12, , , ,1,4,12,90, ,5,2,2,3,1,0.5652135208821891,2.5830591572218724,5
82,7,4,1,12,2, , , ,2, , , , ,5,2,2,3,1,0.5652135208821891,2.5830591572218724,5
82,7,5,1,12,2, , , ,2, , , , ,5,2,2,3,1,0.5652135208821891,2.5830591572218724,5
82,8,1,1,11,24, , , ,1,1,2,3,90,2,2,2,2,1,0.5652135208821891,1.6721783048331111,5
82,8,2,2,11,24, , , ,2, , , , ,2,2,2,2,1,0.5652135208821891,1.6721783048331111,5
82,9,1,1,11,14, , , ,1,1,2,8,9,2,2,2,3,1,0.5652135208821891,3.88892187449063,5
82,9,2,1,12,4, , , ,1,3,4,5,10,2,2,2,3,1,0.5652135208821891,3.88892187449063,5
82,10,1,1,11,29, , , ,1,3,4,10,90,2,2,2,2,1,0.5652135208821891,1.7792426262734562,5
82,10,2,2,13,29, , , ,1,1,2,90, ,2,2,2,2,1,0.5652135208821891,1.7792426262734562,5
82,11,1,1,11,24, , , ,2, , , , ,3,2,2,2,1,0.5652135208821891,0.12211525807133561,4
82,11,2,2,11,24, , , ,1,3,90, , ,3,2,2,2,1,0.5652135208821891,0.12211525807133561,4
82,11,3,2,11,24, , , ,1,5,0,90, ,3,2,2,2,1,0.5652135208821891,0.12211525807133561,4
82,12,1,2,11,95, , , ,1,1,2,3,90,1,2,2,2,1,0.5652135208821891,-0.17526582217457584,3
82,14,1,1,13,17, , , ,1,1,2,5,4,1,2,2,1,3,0.5652135208821891,-0.09966562430146098,4
82,16,1,1,11,95, , , ,1,1,2,3,90,1,2,2,1,1,0.5652135208821891,0.6887059290874764,5
82,17,1,1,11,8, , , ,1,1,90, , ,1,2,2,1,3,0.5652135208821891,-0.007271194024111517,4
82,18,1,1,11,13, , , ,1,1,2,3,4,1,2,2,2,1,0.5652135208821891,0.6124361845583116,5
82,19,1,1,11,95, , , ,1,1,2,90, ,1,2,2,1,2,0.5652135208821891,-0.15815807795455963,4
82,20,1,1,11,95, , , ,1,1,2,7,90,1,2,2,2,1,0.5652135208821891,0.7860601026234887,5
82,21,1,1,11,16, , , ,1,5,3,4,90,3,2,2,1,1,0.5652135208821891,0.5566522193163548,5
82,21,2,1,11,19, , , ,1,1,2,6,7,3,2,2,1,1,0.5652135208821891,0.5566522193163548,5
82,21,3,1,11,19, , , ,2, , , , ,3,2,2,1,1,0.5652135208821891,0.5566522193163548,5
82,23,1,1,11,95, , , ,1,1,2,90, ,1,2,2,3,1,0.5652135208821891,2.4168744766373527,5
82,25,1,1,11,95, , , ,1,1,2,6,90,3,2,2,3,1,0.5652135208821891,3.022290587985379,5
82,25,2,1,11,95, , , ,2, , , , ,3,2,2,3,1,0.5652135208821891,3.022290587985379,5
82,25,3,1,11,95, , , ,2, , , , ,3,2,2,3,1,0.5652135208821891,3.022290587985379,5
83,1,1,1,11,2, , , ,1,2,10,90, ,2,2,2,1,1,0.4937611116173324,1.0193593416488715,5
83,1,2,1,11,2, , , ,1,3,4,5,6,2,2,2,1,1,0.4937611116173324,1.0193593416488715,5
83,2,1,1,11,98, , , ,1,1,2,5,90,2,2,2,1,2,0.4937611116173324,-0.4750448696220132,2
83,2,2,1,11,4, , , ,1,3,4,90, ,2,2,2,1,2,0.4937611116173324,-0.4750448696220132,2
83,4,1,1,11,12, , , ,1,1,2,3,4,1,2,2,2,2,0.4937611116173324,-0.43243394747388664,2
83,5,1,2,11,8, , , ,2, , , , ,1,2,2,2,1,0.4937611116173324,-0.4660278936533042,2
83,6,1,1,11,98, , , ,1,1,5,7,3,1,2,2,2,1,0.4937611116173324,0.25069534670145815,4
83,7,1,1,11,12, , , ,1,1,2,3,4,2,2,2,1,2,0.4937611116173324,0.43120766880354794,5
83,7,2,1,11,12, , , ,1,5,6,90, ,2,2,2,1,2,0.4937611116173324,0.43120766880354794,5
83,8,1,1,11,3, , , ,1,1,2,90, ,1,2,2,3,1,0.4937611116173324,-0.5566156985171401,2
83,9,1,1,11,25, , , ,1,1,2,3,4,1,2,2,1,1,0.4937611116173324,-0.474295762779448,2
83,10,1,1,11,98, , , ,1,1,2,3,4,2,2,2,1,2,0.4937611116173324,-0.46679074184284713,2
83,10,2,2,11,98, , , ,2, , , , ,2,2,2,1,2,0.4937611116173324,-0.46679074184284713,2
83,11,1,1,11,9, , , ,1,1,2,3,90,1,2,2,1,1,0.4937611116173324,-0.5227468370382616,2
83,12,1,1,11,98, , , ,1,1,2,5,4,1,2,2,2,1,0.4937611116173324,-0.48015107739838714,2
83,13,1,1,11,12, , , ,1,1,2,90, ,1,2,2,2,1,0.4937611116173324,-0.3527462618171502,3
83,15,1,2,11,98, , , ,2, , , , ,1,2,2,1,1,0.4937611116173324,-0.10217547656328313,4
83,17,1,1,13,95, , , ,1,1,2,90, ,1,2,2,1,1,0.4937611116173324,-0.4652787868107391,2
83,18,1,1,11,14, , , ,2, , , , ,1,2,2,1,2,0.4937611116173324,-0.4523373013027173,2
83,19,1,1,11,98, , , ,1,1,2,90, ,1,2,2,1,1,0.4937611116173324,-0.36052237750493765,3
83,20,1,1,11,12, , , ,1,1,90, , ,1,2,2,2,2,0.4937611116173324,-0.338652939632614,3
83,22,1,1,11,12, , , ,1,1,9,7,8,3,2,2,2,1,0.4937611116173324,-0.1692908181762077,4
83,22,2,1,11,12, , , ,1,2,0,10,90,3,2,2,2,1,0.4937611116173324,-0.1692908181762077,4
83,22,3,1,11,12, , , ,2, , , , ,3,2,2,2,1,0.4937611116173324,-0.1692908181762077,4
83,23,1,1,11,24, , , ,1,1,4,5,6,1,2,2,1,1,0.4937611116173324,-0.48466184624914804,2
83,25,1,1,11,95, , , ,1,2,6,90, ,2,2,2,1,1,0.4937611116173324,-0.5934327092345411,1
83,25,2,1,11,95, , , ,1,1,3,4,5,2,2,2,1,1,0.4937611116173324,-0.5934327092345411,1
84,1,1,1,11,98, , , ,1,1,90, , ,1,2,2,1,2,0.8151048959405692,-0.4023596896442852,3
84,2,1,2,11,12, , , ,1,1,2,3,90,1,2,2,1,3,0.8151048959405692,-0.4344549031239819,2
84,3,1,1,11,18, , , ,1,2,3,4,90,2,2,2,2,2,0.8151048959405692,0.3293207447499546,4
84,3,2,1,11,18, , , ,2, , , , ,2,2,2,2,2,0.8151048959405692,0.3293207447499546,4
84,4,1,1,11,17, , , ,1,1,2,3,90,1,2,2,1,1,0.8151048959405692,-0.3178317137005063,3
84,5,1,1,12,95, , , ,2, , , , ,1,2,2,1,1,0.8151048959405692,-0.4626295221965091,2
84,6,1,1,11,12, , , ,1,1,2,5,6,2,2,2,1,2,0.8151048959405692,-0.4705347978031082,2
84,6,2,1,11,12, , , ,1,3,4,90, ,2,2,2,1,2,0.8151048959405692,-0.4705347978031082,2
84,7,1,1,11,95, , , ,1,1,2,11,12,2,2,2,1,1,0.8151048959405692,-0.5059371281490086,2
84,7,2,1,11,95, , , ,2, , , , ,2,2,2,1,1,0.8151048959405692,-0.5059371281490086,2
84,9,1,1,11,18, , , ,1,1,2,5,6,2,2,2,1,2,0.8151048959405692,-0.5094661700953946,2
84,9,2,1,11,18, , , ,2, , , , ,2,2,2,1,2,0.8151048959405692,-0.5094661700953946,2
84,10,1,1,11,13, , , ,1,1,2,90, ,1,2,2,1,1,0.8151048959405692,-0.2702929324560583,3
84,11,1,1,11,24, , , ,1,1,7,8,90,2,2,2,2,2,0.8151048959405692,-0.0377062900078227,4
84,11,2,2,11,24, , , ,1,2,3,4,5,2,2,2,2,2,0.8151048959405692,-0.0377062900078227,4
84,12,1,1,12,95, , , ,1,1,2,7,90,2,2,2,1,1,0.8151048959405692,-0.4219208760131775,2
84,12,2,1,11,98, , , ,2, , , , ,2,2,2,1,1,0.8151048959405692,-0.4219208760131775,2
84,13,1,1,11,98, , , ,2, , , , ,1,2,2,1,1,0.8151048959405692,-0.15858580747868958,4
84,14,1,1,11,24, , , ,1,1,2,90, ,3,2,2,1,2,0.8151048959405692,-0.4906693699684338,2
84,14,2,1,11,24, , , ,1,3,4,90, ,3,2,2,1,2,0.8151048959405692,-0.4906693699684338,2
84,14,3,1,11,24, , , ,2, , , , ,3,2,2,1,2,0.8151048959405692,-0.4906693699684338,2
84,19,1,1,11,24, , , ,1,1,6,9,90,3,2,2,1,1,0.8151048959405692,0.7854959317418596,5
84,19,2,1,11,24, , , ,1,4,5,90, ,3,2,2,1,1,0.8151048959405692,0.7854959317418596,5
84,19,3,1,11,24, , , ,1,3,7,8,90,3,2,2,1,1,0.8151048959405692,0.7854959317418596,5
84,20,1,1,11,7, , , ,1,1,2,3,4,1,2,2,2,1,0.8151048959405692,0.5884506862856015,5
84,21,1,1,13,98, , , ,1,1,3,4,5,3,2,2,2,1,0.8151048959405692,0.2759820226134252,4
84,21,2,1,11,6, , , ,2, , , , ,3,2,2,2,1,0.8151048959405692,0.2759820226134252,4
84,21,3,1,11,6, , , ,2, , , , ,3,2,2,2,1,0.8151048959405692,0.2759820226134252,4
84,22,1,1,11,6, , , ,1,1,4,90, ,2,2,2,1,1,0.8151048959405692,-0.24910591674033294,3
84,22,2,2,11,6, , , ,1,2,3,90, ,2,2,2,1,1,0.8151048959405692,-0.24910591674033294,3
84,25,1,1,11,24, , , ,1,1,2,8,9,2,2,2,1,1,0.8151048959405692,-0.5232559778931501,2
84,25,2,1,11,24, , , ,1,4,5,7,6,2,2,2,1,1,0.8151048959405692,-0.5232559778931501,2
85,1,1,1,13,95, , , ,1,1,2,90, ,1,2,2,3,3,0.7743887123648455,-0.4632123860265824,2
85,2,1,1,11,6, , , ,1,3,4,5,90,3,2,2,1,3,0.7743887123648455,-0.093952844488648,4
85,2,2,1,11,6, , , ,1,1,2,90, ,3,2,2,1,3,0.7743887123648455,-0.093952844488648,4
85,2,3,1,11,6, , , ,2, , , , ,3,2,2,1,3,0.7743887123648455,-0.093952844488648,4
85,4,1,1,13,8, , , ,1,1,2,7,90,2,2,2,1,3,0.7743887123648455,-0.39441803157149463,3
85,4,2,1,13,8, , , ,1,3,4,5,6,2,2,2,1,3,0.7743887123648455,-0.39441803157149463,3
85,6,1,1,11,8, , , ,1,2,3,90, ,2,2,2,3,1,0.7743887123648455,-0.5640543239213153,2
85,6,2,1,98,95,2,2, ,2, , , , ,2,2,2,3,1,0.7743887123648455,-0.5640543239213153,2
85,7,1,1,13,95, , , ,1,1,2,5,90,2,2,2,1,3,0.7743887123648455,-0.23444481065282216,3
85,7,2,1,13,95, , , ,1,3,4,90, ,2,2,2,1,3,0.7743887123648455,-0.23444481065282216,3
85,8,1,1,11,95, , , ,1,1,2,90, ,1,2,2,1,3,0.7743887123648455,-0.3318831323564618,3
85,9,1,1,11,12, , , ,1,1,2,5,90,3,2,2,1,3,0.7743887123648455,-0.5956137398117965,1
85,9,2,1,11,12, , , ,1,3,4,90, ,3,2,2,1,3,0.7743887123648455,-0.5956137398117965,1
85,9,3,1,11,98, , , ,2, , , , ,3,2,2,1,3,0.7743887123648455,-0.5956137398117965,1
85,11,1,1,13,95, , , ,1,1,2,90, ,1,2,2,1,3,0.7743887123648455,-0.18092776976560518,3
85,12,1,1,11,15, , , ,1,1,7,90, ,1,2,2,1,3,0.7743887123648455,-0.44799235788133573,2
85,13,1,1,11,14, , , ,1,1,2,3,90,1,2,2,1,3,0.7743887123648455,-0.575931344855488,1
85,14,1,1,11,24, , , ,1,1,2,4,90,3,2,2,2,1,0.7743887123648455,0.13934138482057723,4
85,14,2,1,11,24, , , ,2, , , , ,3,2,2,2,1,0.7743887123648455,0.13934138482057723,4
85,14,3,1,13,95, , , ,2, , , , ,3,2,2,2,1,0.7743887123648455,0.13934138482057723,4
85,15,1,1,11,12, , , ,1,1,90, , ,1,2,2,1,3,0.7743887123648455,-0.4643812902518498,2
85,16,1,1,11,12, , , ,1,1,90, , ,1,2,2,2,3,0.7743887123648455,-0.17281024786833374,4
85,17,1,1,11,12, , , ,1,1,90, , ,1,2,2,2,3,0.7743887123648455,-0.6455790322087207,1
85,18,1,2,11,24, , , ,1,1,2,3,90,2,2,2,1,3,0.7743887123648455,-0.6636129841461386,1
85,18,2,2,11,24, , , ,2, , , , ,2,2,2,1,3,0.7743887123648455,-0.6636129841461386,1
85,19,1,1,11,12, , , ,1,1,2,3,4,3,2,2,1,3,0.7743887123648455,-0.5679002279526965,2
85,19,2,1,11,12, , , ,2, , , , ,3,2,2,1,3,0.7743887123648455,-0.5679002279526965,2
85,19,3,1,12,24, , , ,2, , , , ,3,2,2,1,3,0.7743887123648455,-0.5679002279526965,2
85,20,1,1,11,12, , , ,1,3,4,5,90,3,2,2,1,3,0.7743887123648455,-0.576121430957975,1
85,20,2,1,11,12, , , ,1,1,2,90, ,3,2,2,1,3,0.7743887123648455,-0.576121430957975,1
85,20,3,1,11,12, , , ,2, , , , ,3,2,2,1,3,0.7743887123648455,-0.576121430957975,1
85,21,1,1,13,95, , , ,1,1,2,6,90,2,2,2,1,1,0.7743887123648455,-0.4992802899014182,2
85,21,2,1,98,95,8,1,95,2, , , , ,2,2,2,1,1,0.7743887123648455,-0.4992802899014182,2
85,22,1,1,13,8, , , ,1,3,2,90, ,3,2,2,1,3,0.7743887123648455,-0.5312117476904653,2
85,22,2,1,13,18, , , ,1,1,90, , ,3,2,2,1,3,0.7743887123648455,-0.5312117476904653,2
85,22,3,1,13,18, , , ,2, , , , ,3,2,2,1,3,0.7743887123648455,-0.5312117476904653,2
85,24,1,1,13,8, , , ,1,1,2,90, ,1,2,2,1,3,0.7743887123648455,-0.5685628119056697,2
85,25,1,1,98,95,2,2, ,1,1,2,11,12,3,2,2,1,1,0.7743887123648455,-0.4525008458656902,2
85,25,2,2,11,24, , , ,1,3,4,5,90,3,2,2,1,1,0.7743887123648455,-0.4525008458656902,2
85,25,3,1,11,24, , , ,2, , , , ,3,2,2,1,1,0.7743887123648455,-0.4525008458656902,2
86,1,1,1,11,12, , , ,1,1,2,10,90,1,2,2,1,3,0.7817732085496252,-0.5805302002189037,1
86,2,1,1,11,24, , , ,1,4,5,6,7,2,2,2,1,3,0.7817732085496252,-0.6368419417239631,1
86,2,2,1,11,15, , , ,1,1,2,8,90,2,2,2,1,3,0.7817732085496252,-0.6368419417239631,1
86,3,1,1,98,95,8,2, ,1,1,2,10,90,1,2,2,1,3,0.7817732085496252,-0.5655019069377221,2
86,4,1,1,11,12, , , ,1,2,90, , ,2,2,2,1,3,0.7817732085496252,-0.447608024535899,2
86,4,2,1,11,12, , , ,1,3,4,5,90,2,2,2,1,3,0.7817732085496252,-0.447608024535899,2
86,5,1,1,11,12, , , ,1,1,2,6,90,3,2,2,1,3,0.7817732085496252,-0.12789560076347836,4
86,5,2,1,11,12, , , ,1,3,4,5,90,3,2,2,1,3,0.7817732085496252,-0.12789560076347836,4
86,5,3,1,11,12, , , ,2, , , , ,3,2,2,1,3,0.7817732085496252,-0.12789560076347836,4
86,6,1,1,11,12, , , ,1,1,2,5,90,3,2,2,1,3,0.7817732085496252,-0.0038219227124464484,4
86,6,2,1,11,12, , , ,2, , , , ,3,2,2,1,3,0.7817732085496252,-0.0038219227124464484,4
86,6,3,1,11,12, , , ,2, , , , ,3,2,2,1,3,0.7817732085496252,-0.0038219227124464484,4
86,7,1,1,11,12, , , ,1,1,2,11,90,6,2,2,1,1,0.7817732085496252,0.30667213415098793,4
86,7,2,1,11,12, , , ,1,8,4,90, ,6,2,2,1,1,0.7817732085496252,0.30667213415098793,4
86,7,3,1,11,12, , , ,1,7,9,90, ,6,2,2,1,1,0.7817732085496252,0.30667213415098793,4
86,7,4,1,11,12, , , ,1,5,6,90, ,6,2,2,1,1,0.7817732085496252,0.30667213415098793,4
86,7,5,1,11,12, , , ,1,12,3,90, ,6,2,2,1,1,0.7817732085496252,0.30667213415098793,4
86,7,6,1,11,12, , , ,1,13,10,90, ,6,2,2,1,1,0.7817732085496252,0.30667213415098793,4
86,8,1,1,13,30, , , ,1,1,5,90, ,2,2,2,1,3,0.7817732085496252,-0.6808840878940137,1
86,8,2,1,11,12, , , ,1,2,3,4,90,2,2,2,1,3,0.7817732085496252,-0.6808840878940137,1
86,9,1,1,11,12, , , ,1,2,3,4,5,2,2,2,1,3,0.7817732085496252,-0.5338677516103776,2
86,9,2,1,12,98, , , ,1,1,90, , ,2,2,2,1,3,0.7817732085496252,-0.5338677516103776,2
86,10,1,1,11,95, , , ,1,1,3,90, ,3,2,2,2,1,0.7817732085496252,-0.11923443562457743,4
86,10,2,1,11,95, , , ,1,2,90, , ,3,2,2,2,1,0.7817732085496252,-0.11923443562457743,4
86,10,3,1,11,95, , , ,2, , , , ,3,2,2,2,1,0.7817732085496252,-0.11923443562457743,4
86,11,1,1,98,95,1,2, ,1,2,5,90, ,2,2,2,1,1,0.7817732085496252,-0.5805302002189037,1
86,11,2,1,11,10, , , ,1,1,3,4,90,2,2,2,1,1,0.7817732085496252,-0.5805302002189037,1
86,12,1,1,11,24, , , ,1,1,6,7,90,2,2,2,1,1,0.7817732085496252,-0.12404069550376864,4
86,12,2,2,11,20, , , ,2, , , , ,2,2,2,1,1,0.7817732085496252,-0.12404069550376864,4
86,13,1,1,11,24, , , ,1,1,2,9,8,2,2,2,1,3,0.7817732085496252,-0.17112561650958252,4
86,13,2,1,11,24, , , ,1,3,4,5,6,2,2,2,1,3,0.7817732085496252,-0.17112561650958252,4
86,14,1,1,11,10, , , ,1,1,2,3,90,2,2,2,2,1,0.7817732085496252,-0.10084467285735153,4
86,14,2,1,13,24, , , ,2, , , , ,2,2,2,2,1,0.7817732085496252,-0.10084467285735153,4
86,15,1,1,31,26,2,2, ,1,1,7,90, ,3,2,2,1,3,0.7817732085496252,0.4712804605597898,5
86,15,2,2,13,9, , , ,1,2,4,3,90,3,2,2,1,3,0.7817732085496252,0.4712804605597898,5
86,15,3,2,13,9, , , ,1,6,5,90, ,3,2,2,1,3,0.7817732085496252,0.4712804605597898,5
86,16,1,1,13,24, , , ,1,2,3,90, ,2,2,2,2,3,0.7817732085496252,-0.5579877602971313,2
86,16,2,1,11,12, , , ,1,1,4,5,90,2,2,2,2,3,0.7817732085496252,-0.5579877602971313,2
86,17,1,1,11,12, , , ,1,1,2,4,90,2,2,2,1,3,0.7817732085496252,0.3327068522289837,4
86,17,2,1,11,24, , , ,1,3,90, , ,2,2,2,1,3,0.7817732085496252,0.3327068522289837,4
86,18,1,1,11,12, , , ,1,1,2,3,4,1,2,2,1,3,0.7817732085496252,-0.09133678320601699,4
86,19,1,1,11,98, , , ,1,1,2,90, ,3,2,2,3,2,0.7817732085496252,1.5948317094914328,5
86,19,2,1,11,98, , , ,1,3,4,90, ,3,2,2,3,2,0.7817732085496252,1.5948317094914328,5
86,19,3,1,18,98, , , ,1,5,90, , ,3,2,2,3,2,0.7817732085496252,1.5948317094914328,5
86,20,1,2,11,12, , , ,2, , , , ,1,2,2,1,1,0.7817732085496252,-0.5314854165937214,2
86,21,1,1,11,95, , , ,1,1,2,8,9,2,2,2,2,1,0.7817732085496252,-0.13204581856252062,4
86,21,2,1,11,12, , , ,1,3,4,6,7,2,2,2,2,1,0.7817732085496252,-0.13204581856252062,4
86,22,1,1,98,95,8,2, ,1,1,2,90, ,2,2,2,1,1,0.7817732085496252,-0.4260234811064324,2
86,22,2,1,11,8, , , ,2, , , , ,2,2,2,1,1,0.7817732085496252,-0.4260234811064324,2
86,23,1,1,11,8, , , ,1,1,2,3,90,1,2,2,3,1,0.7817732085496252,1.058338426514932,5
86,24,1,1,13,95, , , ,1,4,7,90, ,2,2,2,2,1,0.7817732085496252,0.06602396016268026,4
86,24,2,1,13,20, , , ,1,1,90, , ,2,2,2,2,1,0.7817732085496252,0.06602396016268026,4
86,25,1,1,11,24, , , ,1,2,3,4,90,3,2,2,1,3,0.7817732085496252,-0.42915186824301343,2
86,25,2,1,11,24, , , ,1,1,5,90, ,3,2,2,1,3,0.7817732085496252,-0.42915186824301343,2
86,25,3,1,11,24, , , ,2, , , , ,3,2,2,1,3,0.7817732085496252,-0.42915186824301343,2
87,2,1,1,11,8, , , ,1,1,2,3,90,1,2,2,1,3,0.5440524967781195,-0.5624962482814857,2
87,4,1,1,11,12, , , ,1,1,4,5,90,3,2,2,1,3,0.5440524967781195,-0.5350870501900467,2
87,4,2,1,11,12, , , ,1,2,3,90, ,3,2,2,1,3,0.5440524967781195,-0.5350870501900467,2
87,4,3,2,11,12, , , ,2, , , , ,3,2,2,1,3,0.5440524967781195,-0.5350870501900467,2
87,5,1,1,11,15, , , ,1,1,2,6,90,3,2,2,1,3,0.5440524967781195,0.13252985933108216,4
87,5,2,1,11,15, , , ,1,3,4,5,90,3,2,2,1,3,0.5440524967781195,0.13252985933108216,4
87,5,3,1,11,15, , , ,1,8,7,90, ,3,2,2,1,3,0.5440524967781195,0.13252985933108216,4
87,6,1,1,11,16, , , ,1,1,2,8,90,2,2,2,1,3,0.5440524967781195,-0.48359354371383984,2
87,6,2,1,11,16, , , ,1,3,4,5,6,2,2,2,1,3,0.5440524967781195,-0.48359354371383984,2
87,7,1,1,11,8, , , ,1,1,90, , ,2,2,2,1,3,0.5440524967781195,-0.5304134338081687,2
87,7,2,1,11,8, , , ,1,2,3,90, ,2,2,2,1,3,0.5440524967781195,-0.5304134338081687,2
87,8,1,1,11,12, , , ,1,1,2,90, ,2,2,2,1,1,0.5440524967781195,-0.3196328913676851,3
87,8,2,1,11,12, , , ,1,3,90, , ,2,2,2,1,1,0.5440524967781195,-0.3196328913676851,3
87,9,1,1,13,95, , , ,1,2,1,5,90,2,2,2,1,3,0.5440524967781195,-0.35089699471883384,3
87,9,2,2,13,12, , , ,1,3,4,90, ,2,2,2,1,3,0.5440524967781195,-0.35089699471883384,3
87,10,1,1,11,12, , , ,1,1,2,90, ,2,2,2,1,1,0.5440524967781195,-0.27834456086982323,3
87,10,2,1,11,12, , , ,1,3,4,90, ,2,2,2,1,1,0.5440524967781195,-0.27834456086982323,3
87,11,1,1,11,12, , , ,1,1,2,90, ,1,2,2,1,3,0.5440524967781195,-0.6309324498808022,1
87,12,1,1,11,18, , , ,1,1,2,10,90,3,2,2,1,3,0.5440524967781195,-0.32799628461174923,3
87,12,2,1,11,18, , , ,1,3,4,90, ,3,2,2,1,3,0.5440524967781195,-0.32799628461174923,3
87,12,3,1,11,18, , , ,1,5,6,7,8,3,2,2,1,3,0.5440524967781195,-0.32799628461174923,3
87,13,1,2,13,95, , , ,1,1,2,11,90,2,2,2,1,3,0.5440524967781195,-0.48662428290526233,2
87,13,2,2,11,10, , , ,1,6,10,90, ,2,2,2,1,3,0.5440524967781195,-0.48662428290526233,2
87,14,1,1,11,95, , , ,1,1,2,3,90,1,2,2,1,3,0.5440524967781195,-0.4254247589141588,2
87,15,1,1,11,99, , , ,1,0,6,3,5,3,2,2,2,1,0.5440524967781195,-0.13691257673218737,4
87,15,2,1,13,95, , , ,1,2,7,90, ,3,2,2,2,1,0.5440524967781195,-0.13691257673218737,4
87,15,3,2,11,99, , , ,2, , , , ,3,2,2,2,1,0.5440524967781195,-0.13691257673218737,4
87,16,1,1,11,12, , , ,1,1,2,6,7,2,2,2,1,3,0.5440524967781195,-0.4567876695466271,2
87,16,2,1,11,12, , , ,1,3,4,5,90,2,2,2,1,3,0.5440524967781195,-0.4567876695466271,2
87,17,1,1,11,12, , , ,1,1,2,90, ,1,2,2,1,3,0.5440524967781195,-0.22031916755223505,3
87,18,1,1,11,11, , , ,1,1,5,6,4,3,2,2,1,3,0.5440524967781195,-0.23080577962537518,3
87,18,2,1,11,11, , , ,1,2,90, , ,3,2,2,1,3,0.5440524967781195,-0.23080577962537518,3
87,18,3,1,11,11, , , ,2, , , , ,3,2,2,1,3,0.5440524967781195,-0.23080577962537518,3
87,19,1,1,11,12, , , ,1,1,90, , ,2,2,2,1,3,0.5440524967781195,-0.340516887331787,3
87,19,2,1,11,12, , , ,2, , , , ,2,2,2,1,3,0.5440524967781195,-0.340516887331787,3
87,20,1,9,11,23, , , ,1,1,2,6,7,2,2,2,1,3,0.5440524967781195,-0.4567876695466271,2
87,20,2,9,11,23, , , ,1,3,4,5,90,2,2,2,1,3,0.5440524967781195,-0.4567876695466271,2
87,21,1,1,11,20, , , ,1,1,2,7,8,2,2,2,1,3,0.5440524967781195,-0.24720496706083847,3
87,21,2,2,11,20, , , ,1,3,5,4,6,2,2,2,1,3,0.5440524967781195,-0.24720496706083847,3
87,22,1,1,11,12, , , ,1,1,2,3,4,2,2,2,1,3,0.5440524967781195,-0.24962501463481673,3
87,22,2,1,11,12, , , ,2, , , , ,2,2,2,1,3,0.5440524967781195,-0.24962501463481673,3
87,23,1,1,12,95, , , ,1,1,2,9,6,2,2,2,1,3,0.5440524967781195,-0.1496267486773995,4
87,23,2,1,11,18, , , ,1,3,4,5,7,2,2,2,1,3,0.5440524967781195,-0.1496267486773995,4
87,24,1,1,11,5, , , ,2, , , , ,3,2,2,1,3,0.5440524967781195,-0.44287674760505275,2
87,24,2,1,11,2, , , ,2, , , , ,3,2,2,1,3,0.5440524967781195,-0.44287674760505275,2
87,24,3,1,11,2, , , ,2, , , , ,3,2,2,1,3,0.5440524967781195,-0.44287674760505275,2
87,25,1,1,11,18, , , ,1,1,2,8,10,2,2,2,1,3,0.5440524967781195,-0.2488397315627931,3
87,25,2,1,11,12, , , ,1,4,5,7,6,2,2,2,1,3,0.5440524967781195,-0.2488397315627931,3
88,1,1,1,11,12, , , ,2, , , , ,3,2,2,1,2,0.8019479415352408,1.0581036757860307,5
88,1,2,1,11,12, , , ,2, , , , ,3,2,2,1,2,0.8019479415352408,1.0581036757860307,5
88,1,3,1,11,12, , , ,2, , , , ,3,2,2,1,2,0.8019479415352408,1.0581036757860307,5
88,2,1,1,11,11, , , ,1,4,10,90, ,3,2,2,1,1,0.8019479415352408,-0.40947551940951205,3
88,2,2,1,11,11, , , ,1,2,90, , ,3,2,2,1,1,0.8019479415352408,-0.40947551940951205,3
88,2,3,1,11,11, , , ,1,3,8,9,90,3,2,2,1,1,0.8019479415352408,-0.40947551940951205,3
88,3,1,2,11,98, , , ,1,1,2,90, ,2,2,2,1,1,0.8019479415352408,-0.36128445590776,3
88,3,2,2,11,98, , , ,1,4,3,5,6,2,2,2,1,1,0.8019479415352408,-0.36128445590776,3
88,4,1,1,11,25, , , ,1,1,2,90, ,2,2,2,1,1,0.8019479415352408,-0.07059594035479605,4
88,4,2,1,11,25, , , ,1,3,4,5,6,2,2,2,1,1,0.8019479415352408,-0.07059594035479605,4
88,5,1,1,11,12, , , ,1,1,2,90, ,2,2,2,1,1,0.8019479415352408,0.07479925716212378,4
88,5,2,1,11,12, , , ,1,8,5,11,90,2,2,2,1,1,0.8019479415352408,0.07479925716212378,4
88,6,1,1,11,98, , , ,1,1,90, , ,1,2,2,1,2,0.8019479415352408,-0.01844313383024585,4
88,8,1,1,11,24, , , ,1,2,8,90, ,3,2,2,1,2,0.8019479415352408,0.06920194211317209,4
88,8,2,1,11,24, , , ,1,5,6,0,90,3,2,2,1,2,0.8019479415352408,0.06920194211317209,4
88,8,3,1,11,24, , , ,1,4,3,7,90,3,2,2,1,2,0.8019479415352408,0.06920194211317209,4
88,9,1,1,11,98, , , ,1,1,2,3,90,1,2,2,1,2,0.8019479415352408,-0.34559383943900646,3
88,10,1,1,11,11, , , ,1,1,90, , ,1,2,2,1,2,0.8019479415352408,-0.38826452402023626,3
88,11,1,2,11,22, , , ,2, , , , ,2,2,2,1,3,0.8019479415352408,-0.6391660629105184,1
88,11,2,2,11,22, , , ,2, , , , ,2,2,2,1,3,0.8019479415352408,-0.6391660629105184,1
88,13,1,1,11,10, , , ,2, , , , ,2,2,2,1,2,0.8019479415352408,-0.41826586427088813,3
88,13,2,2,13,95, , , ,1,4,5,6,7,2,2,2,1,2,0.8019479415352408,-0.41826586427088813,3
88,14,1,1,11,98, , , ,1,1,4,90, ,1,2,2,1,3,0.8019479415352408,-0.5979911153749703,1
88,15,1,1,31,95,2,2, ,1,1,5,6,90,1,2,2,1,2,0.8019479415352408,0.07566635857677136,4
88,16,1,1,11,12, , , ,1,1,90, , ,1,2,2,1,2,0.8019479415352408,-0.4302349050779293,2
88,17,1,1,11,4, , , ,1,1,2,3,90,1,2,2,1,1,0.8019479415352408,0.10310629568162313,4
88,18,1,1,13,24, , , ,1,1,2,8,90,2,2,2,1,1,0.8019479415352408,-0.06309002887760316,4
88,18,2,1,13,24, , , ,1,4,5,6,7,2,2,2,1,1,0.8019479415352408,-0.06309002887760316,4
88,19,1,1,13,95, , , ,1,1,2,8,9,2,2,2,1,1,0.8019479415352408,-0.018089147077332605,4
88,19,2,1,13,95, , , ,1,4,10,11,90,2,2,2,1,1,0.8019479415352408,-0.018089147077332605,4
88,21,1,1,11,13, , , ,1,1,2,6,90,2,2,2,1,1,0.8019479415352408,-0.49791214299932124,2
88,21,2,1,11,13, , , ,1,3,4,5,90,2,2,2,1,1,0.8019479415352408,-0.49791214299932124,2
88,22,1,1,11,95, , , ,1,1,2,10,11,3,2,2,2,1,0.8019479415352408,-0.581518828118605,1
88,22,2,1,11,95, , , ,1,5,6,7,8,3,2,2,2,1,0.8019479415352408,-0.581518828118605,1
88,22,3,1,11,95, , , ,2, , , , ,3,2,2,2,1,0.8019479415352408,-0.581518828118605,1
88,23,1,1,11,5, , , ,1,3,4,5,90,3,2,2,1,1,0.8019479415352408,-0.30064722359695994,3
88,23,2,1,13,98, , , ,1,1,2,90, ,3,2,2,1,1,0.8019479415352408,-0.30064722359695994,3
88,23,3,1,11,5, , , ,1,7,6,90, ,3,2,2,1,1,0.8019479415352408,-0.30064722359695994,3
88,25,1,1,31,98,1,2, ,1,1,2,90, ,2,2,2,2,1,0.8019479415352408,-0.4250655846141266,2
88,25,2,2,11,98, , , ,1,3,4,5,90,2,2,2,2,1,0.8019479415352408,-0.4250655846141266,2
89,1,1,1,11,8, , , ,2, , , , ,2,2,2,1,3,1.181093190116587,-0.292198035923134,3
89,1,2,1,11,8, , , ,2, , , , ,2,2,2,1,3,1.181093190116587,-0.292198035923134,3
89,2,1,1,11,11, , , ,2, , , , ,1,2,2,1,3,1.181093190116587,-0.5356847699820662,2
89,3,1,1,11,3, , , ,2, , , , ,1,2,2,2,3,1.181093190116587,-0.4295684684662741,2
89,4,1,1,26,12, ,2, ,1,1,10,7,90,7,2,2,1,3,1.181093190116587,-0.360740227862421,3
89,4,2,1,26,12, ,2, ,1,2,3,11,5,7,2,2,1,3,1.181093190116587,-0.360740227862421,3
89,4,3,1,26,12, ,2, ,1,8,9,90, ,7,2,2,1,3,1.181093190116587,-0.360740227862421,3
89,4,4,9,99,99,9,9, ,2, , , , ,7,2,2,1,3,1.181093190116587,-0.360740227862421,3
89,4,5,9,99,99,9,9, ,2, , , , ,7,2,2,1,3,1.181093190116587,-0.360740227862421,3
89,4,6,9,99,99,9,9, ,2, , , , ,7,2,2,1,3,1.181093190116587,-0.360740227862421,3
89,4,7,9,99,99,9,9, ,2, , , , ,7,2,2,1,3,1.181093190116587,-0.360740227862421,3
89,5,1,1,11,16, , , ,2, , , , ,1,2,2,1,3,1.181093190116587,-0.42052163093701844,2
89,6,1,1,13,28, , , ,1,3,4,90, ,1,2,2,2,3,1.181093190116587,0.004673744882262046,4
89,7,1,1,13,13, , , ,1,1,2,7,8,3,2,2,1,3,1.181093190116587,-0.33372621355222126,3
89,7,2,1,13,13, , , ,1,4,5,6,10,3,2,2,1,3,1.181093190116587,-0.33372621355222126,3
89,7,3,1,13,13, , , ,1,3,9,11,12,3,2,2,1,3,1.181093190116587,-0.33372621355222126,3
89,8,1,2,11,12, , , ,1,1,2,90, ,2,2,2,3,1,1.181093190116587,-0.11118061531045881,4
89,8,2,2,11,12, , , ,1,3,90, , ,2,2,2,3,1,1.181093190116587,-0.11118061531045881,4
89,9,1,2,13,12, , , ,1,1,2,90, ,2,2,2,1,3,1.181093190116587,-0.5304134338081687,2
89,9,2,2,13,12, , , ,1,4,90, , ,2,2,2,1,3,1.181093190116587,-0.5304134338081687,2
89,10,1,1,11,8, , , ,2, , , , ,1,2,2,1,3,1.181093190116587,-0.5134514646563034,2
89,12,1,1,11,7, , , ,2, , , , ,1,2,2,2,3,1.181093190116587,-0.3203497938632574,3
89,13,1,1,11,8, , , ,1,1,2,90, ,1,2,2,1,3,1.181093190116587,-0.4035926681224025,3
89,14,1,1,18,95, , , ,1,1,2,90, ,1,2,2,1,3,1.181093190116587,-0.34634832338334953,3
89,15,1,1,13,95, , , ,1,1,2,90, ,1,2,2,2,1,1.181093190116587,0.5365052116055287,5
89,16,1,1,11,11, , , ,1,1,90, , ,3,2,2,1,1,1.181093190116587,-0.12489707867486244,4
89,16,2,1,11,11, , , ,2, , , , ,3,2,2,1,1,1.181093190116587,-0.12489707867486244,4
89,16,3,1,11,11, , , ,2, , , , ,3,2,2,1,1,1.181093190116587,-0.12489707867486244,4
89,17,1,1,11,11, , , ,1,2,3,90, ,1,2,2,3,1,1.181093190116587,0.8239247135473052,5
89,20,1,2,13,12, , , ,2, , , , ,2,2,2,1,1,1.181093190116587,-0.20717961875986937,3
89,20,2,2,13,5, , , ,1,2,90, , ,2,2,2,1,1,1.181093190116587,-0.20717961875986937,3
89,21,1,1,11,12, , , ,1,1,3,90, ,1,2,2,1,3,1.181093190116587,0.2850205087986592,4
89,23,1,1,11,95, , , ,1,3,4,5,90,1,2,2,3,1,1.181093190116587,2.030108877823738,5
89,24,1,1,11,12, , , ,1,1,90, , ,1,2,2,1,3,1.181093190116587,-0.536352174763388,2
89,25,1,1,11,98, , , ,1,2,8,6,90,2,2,2,1,3,1.181093190116587,-0.5363952257537352,2
89,25,2,1,11,98, , , ,1,3,4,5,7,2,2,2,1,3,1.181093190116587,-0.5363952257537352,2
90,1,1,1,11,24, , , ,2, , , , ,1,2,2,1,3,1.0754856265882509,-0.5677999637161268,2
90,2,1,2,11,95, , , ,2, , , , ,2,2,2,1,3,1.0754856265882509,-0.5345213343350224,2
90,2,2,2,18,24, , , ,2, , , , ,2,2,2,1,3,1.0754856265882509,-0.5345213343350224,2
90,3,1,1,11,12, , , ,1,1,2,3,90,1,2,2,1,3,1.0754856265882509,-0.3062746981885937,3
90,4,1,1,11,24, , , ,1,1,2,3,0,1,2,2,1,3,1.0754856265882509,-0.4937264595075253,2
90,5,1,1,11,24, , , ,1,1,2,13,90,3,2,2,2,3,1.0754856265882509,-0.13873218154469197,4
90,5,2,1,11,24, , , ,1,4,16,90, ,3,2,2,2,3,1.0754856265882509,-0.13873218154469197,4
90,5,3,1,11,24, , , ,1,3,14,15,90,3,2,2,2,3,1.0754856265882509,-0.13873218154469197,4
90,7,1,1,11,24, , , ,1,1,2,3,4,1,2,2,1,3,1.0754856265882509,-0.16205357962134934,4
90,8,1,1,11,12, , , ,1,1,2,5,90,2,2,2,1,3,1.0754856265882509,-0.057456109411945844,4
90,8,2,1,11,1, , , ,1,3,4,90, ,2,2,2,1,3,1.0754856265882509,-0.057456109411945844,4
90,9,1,1,13,12, , , ,1,1,90, , ,1,2,2,1,1,1.0754856265882509,-0.4786639364742032,2
90,10,1,1,11,20, , , ,1,1,2,90, ,3,2,2,2,3,1.0754856265882509,-0.3771685331843664,3
90,10,2,1,11,20, , , ,1,3,4,90, ,3,2,2,2,3,1.0754856265882509,-0.3771685331843664,3
90,10,3,1,11,20, , , ,2, , , , ,3,2,2,2,3,1.0754856265882509,-0.3771685331843664,3
90,11,1,1,11,24, , , ,1,1,90, , ,1,2,2,1,3,1.0754856265882509,-0.48738314054807536,2
90,12,1,1,98,95,2,2, ,1,1,90, , ,1,2,2,1,3,1.0754856265882509,-0.19491264409312173,3
90,15,1,2,11,2, , , ,1,1,2,90, ,1,2,2,1,3,1.0754856265882509,-0.31546658943521894,3
90,16,1,1,98,5,2,2, ,1,1,4,90, ,1,2,2,1,3,1.0754856265882509,-0.5023861186848387,2
90,17,1,1,11,95, , , ,1,1,90, , ,1,2,2,2,1,1.0754856265882509,-0.6219154739120932,1
90,18,1,1,13,5, , , ,1,1,3,4,7,2,2,2,2,3,1.0754856265882509,-0.31309391752709437,3
90,18,2,1,11,10, , , ,1,2,5,90, ,2,2,2,2,3,1.0754856265882509,-0.31309391752709437,3
90,19,1,9,11,95, , , ,1,1,2,90, ,1,2,2,2,3,1.0754856265882509,-0.6309324498808022,1
90,20,1,1,11,12, , , ,1,1,2,3,4,1,2,2,1,3,1.0754856265882509,-0.6455298966194183,1
90,21,1,1,11,24, , , ,1,1,2,90, ,3,2,2,1,3,1.0754856265882509,-0.18329438862935415,3
90,21,2,1,11,24, , , ,1,3,90, , ,3,2,2,1,3,1.0754856265882509,-0.18329438862935415,3
90,21,3,1,11,24, , , ,2, , , , ,3,2,2,1,3,1.0754856265882509,-0.18329438862935415,3
90,22,1,1,11,24, , , ,1,1,2,3,90,1,2,2,1,3,1.0754856265882509,-0.23622068698680984,3
90,23,1,1,11,24, , , ,1,1,2,4,90,3,2,2,1,3,1.0754856265882509,-0.5160442261352154,2
90,23,2,1,11,24, , , ,1,3,90, , ,3,2,2,1,3,1.0754856265882509,-0.5160442261352154,2
90,23,3,1,11,24, , , ,2, , , , ,3,2,2,1,3,1.0754856265882509,-0.5160442261352154,2
90,24,1,1,11,12, , , ,1,1,90, , ,1,2,2,2,3,1.0754856265882509,-0.6094619927445823,1
90,25,1,1,11,24, , , ,1,1,2,8,90,3,2,2,1,3,1.0754856265882509,-0.41569033846010545,3
90,25,2,1,11,24, , , ,1,6,7,90, ,3,2,2,1,3,1.0754856265882509,-0.41569033846010545,3
90,25,3,1,11,24, , , ,1,3,4,5,90,3,2,2,1,3,1.0754856265882509,-0.41569033846010545,3
91,1,1,1,11,12, , , ,1,1,2,5,90,2,2,2,1,3,1.331383316702906,-0.3957411560415569,3
91,1,2,1,11,12, , , ,2, , , , ,2,2,2,1,3,1.331383316702906,-0.3957411560415569,3
91,2,1,1,11,14, , , ,1,1,2,6,7,4,2,2,3,3,1.331383316702906,0.08906207581550593,4
91,2,2,1,11,14, , , ,1,3,4,5,90,4,2,2,3,3,1.331383316702906,0.08906207581550593,4
91,2,3,1,11,8, , , ,2, , , , ,4,2,2,3,3,1.331383316702906,0.08906207581550593,4
91,2,4,1,11,8, , , ,2, , , , ,4,2,2,3,3,1.331383316702906,0.08906207581550593,4
91,3,1,1,11,12, , , ,1,1,3,90, ,1,2,2,2,3,1.331383316702906,-0.5924106446050632,1
91,4,1,1,11,14, , , ,1,1,2,5,6,2,2,2,3,3,1.331383316702906,-0.6019786641319933,1
91,4,2,1,11,14, , , ,1,3,4,90, ,2,2,2,3,3,1.331383316702906,-0.6019786641319933,1
91,5,1,1,12,12, , , ,1,1,2,3,4,1,2,2,1,3,1.331383316702906,-0.5244114002707211,2
91,7,1,1,11,18, , , ,1,1,2,5,90,2,2,2,1,3,1.331383316702906,-0.51910768483608,2
91,7,2,1,11,18, , , ,1,3,4,90, ,2,2,2,1,3,1.331383316702906,-0.51910768483608,2
91,8,1,1,11,12, , , ,1,1,2,3,90,1,2,2,2,3,1.331383316702906,-0.5010737328986623,2
91,9,1,1,12,12, , , ,1,1,2,6,90,2,2,2,1,3,1.331383316702906,-0.5873812173933773,1
91,9,2,1,12,12, , , ,1,3,4,5,90,2,2,2,1,3,1.331383316702906,-0.5873812173933773,1
91,10,1,1,11,18, , , ,1,1,7,8,9,2,2,2,1,3,1.331383316702906,-0.6645464523547348,1
91,10,2,1,11,18, , , ,1,2,3,4,5,2,2,2,1,3,1.331383316702906,-0.6645464523547348,1
91,11,1,1,11,95, , , ,1,1,2,7,90,2,2,2,2,3,1.331383316702906,-0.5004201501740174,2
91,11,2,1,11,12, , , ,2, , , , ,2,2,2,2,3,1.331383316702906,-0.5004201501740174,2
91,12,1,1,11,12, , , ,1,1,2,7,90,3,2,2,1,3,1.331383316702906,-0.23531426760972968,3
91,12,2,1,11,12, , , ,1,4,5,90, ,3,2,2,1,3,1.331383316702906,-0.23531426760972968,3
91,12,3,1,11,12, , , ,1,6,90, , ,3,2,2,1,3,1.331383316702906,-0.23531426760972968,3
91,14,1,1,26,95, ,2, ,1,1,2,5,6,1,2,2,2,3,1.331383316702906,-0.526738091451148,2
91,16,1,1,11,12, , , ,1,1,2,90, ,1,2,2,1,3,1.331383316702906,-0.5768169396848358,1
91,18,1,1,11,18, , , ,1,1,2,3,90,1,2,2,2,3,1.331383316702906,-0.39056135364011646,3
91,19,1,1,11,12, , , ,1,1,2,5,6,1,2,2,1,3,1.331383316702906,-0.5624962482814857,2
91,20,1,1,11,18, , , ,1,1,2,3,90,1,2,2,1,1,1.331383316702906,-0.6508566958884863,1
91,21,1,1,11,12, , , ,1,1,2,9,90,2,2,2,2,3,1.331383316702906,-0.6069275454003857,1
91,21,2,1,11,12, , , ,1,5,6,7,8,2,2,2,2,3,1.331383316702906,-0.6069275454003857,1
91,22,1,1,11,18, , , ,1,2,3,8,90,2,2,2,2,3,1.331383316702906,-0.5334507463767452,2
91,22,2,1,11,18, , , ,1,4,5,6,7,2,2,2,2,3,1.331383316702906,-0.5334507463767452,2
91,23,1,1,11,12, , , ,1,1,2,3,90,1,2,2,1,3,1.331383316702906,-0.3821979603960523,3
91,24,1,1,12,12, , , ,1,3,5,4,6,2,2,2,2,3,1.331383316702906,-0.463948672714285,2
91,24,2,1,12,12, , , ,1,1,2,8,7,2,2,2,2,3,1.331383316702906,-0.463948672714285,2
91,25,1,1,12,20, , , ,1,1,2,5,6,1,2,2,2,3,1.331383316702906,-0.4324209058396753,2
92,6,1,1,11,12, , , ,1,1,2,90, ,1,2,2,1,1,0.9309623742428383,-0.5063774483333033,2
92,8,1,1,11,12, , , ,1,1,2,90, ,1,2,2,2,3,0.9309623742428383,-0.4780103537495584,2
92,9,1,1,11,12, , , ,1,0,0,90, ,3,2,2,1,3,0.9309623742428383,-0.06199750999984138,4
92,9,2,1,11,12, , , ,1,0,0,90, ,3,2,2,1,3,0.9309623742428383,-0.06199750999984138,4
92,9,3,1,11,12, , , ,1,3,90, , ,3,2,2,1,3,0.9309623742428383,-0.06199750999984138,4
92,10,1,2,11,8, , , ,1,1,2,6,90,1,2,2,1,3,0.9309623742428383,-0.528124660804789,2
92,12,1,1,11,7, , , ,1,1,5,4,90,1,2,2,1,3,0.9309623742428383,-0.08676601750152499,4
92,13,1,1,11,24, , , ,1,1,2,90, ,1,2,2,2,3,0.9309623742428383,-0.05968664754480479,4
92,15,1,1,11,24, , , ,1,1,3,4,90,1,2,2,1,3,0.9309623742428383,-0.2894744793360102,3
92,16,1,1,11,24, , , ,1,1,2,90, ,1,2,2,1,3,0.9309623742428383,-0.5063774483333033,2
92,17,1,1,11,24, , , ,1,2,6,3,4,1,2,2,1,3,0.9309623742428383,-0.628478548479899,1
92,21,1,1,11,12, , , ,1,1,2,3,90,1,2,2,2,3,0.9309623742428383,-0.5010737328986623,2
92,22,1,1,11,24, , , ,1,2,5,90, ,1,2,2,1,1,0.9309623742428383,-0.6098597231449943,1
92,24,1,1,11,24, , , ,2, , , , ,3,2,2,1,3,0.9309623742428383,-0.5010737328986623,2
92,24,2,1,11,24, , , ,2, , , , ,3,2,2,1,3,0.9309623742428383,-0.5010737328986623,2
92,24,3,1,11,24, , , ,2, , , , ,3,2,2,1,3,0.9309623742428383,-0.5010737328986623,2
93,1,1,1,18,95, , , ,1,2,4,5,6,1,2,2,1,3,0.38526328835479745,-0.6160250673123882,1
93,2,1,1,11,24, , , ,1,1,2,90, ,2,2,2,2,3,0.38526328835479745,-0.470065360566402,2
93,2,2,2,18,10, , , ,2, , , , ,2,2,2,2,3,0.38526328835479745,-0.470065360566402,2
93,4,1,1,11,10, , , ,1,2,3,4,90,1,2,2,1,3,0.38526328835479745,-0.3039276969071329,3
93,5,1,1,11,12, , , ,1,1,90, , ,1,2,2,1,3,0.38526328835479745,-0.6448161840191778,1
93,6,1,1,11,7, , , ,2, , , , ,1,2,2,1,3,0.38526328835479745,-0.6104445965424811,1
93,9,1,1,28,95, ,2, ,1,1,2,5,90,2,2,2,1,3,0.38526328835479745,-0.6808840878940137,1
93,9,2,1,11,12, , , ,1,3,4,90, ,2,2,2,1,3,0.38526328835479745,-0.6808840878940137,1
93,11,1,1,11,24, , , ,1,1,4,5,90,1,2,2,1,3,0.38526328835479745,-0.09492313705108682,4
93,12,1,1,13,95, , , ,1,1,2,90, ,1,2,2,1,3,0.38526328835479745,-0.35900193774963507,3
93,13,1,1,11,24, , , ,1,1,2,5,90,2,2,2,1,3,0.38526328835479745,-0.6779076237946131,1
93,13,2,1,11,12, , , ,1,3,4,6,90,2,2,2,1,3,0.38526328835479745,-0.6779076237946131,1
93,14,1,1,26,1, ,2, ,1,0,90, , ,1,2,2,1,3,0.38526328835479745,-0.37703588968705304,3
93,15,1,1,11,95, , , ,1,1,3,90, ,1,2,2,1,3,0.38526328835479745,-0.45222726961114723,2
93,16,1,1,11,12, , , ,1,1,4,5,90,1,2,2,2,2,0.38526328835479745,-0.21343464625016237,3
93,17,1,1,11,24, , , ,1,2,8,90, ,2,2,2,1,3,0.38526328835479745,-0.4898233875652659,2
93,17,2,1,11,24, , , ,1,3,90, , ,2,2,2,1,3,0.38526328835479745,-0.4898233875652659,2
93,18,1,1,11,12, , , ,1,2,5,90, ,2,2,2,1,3,0.38526328835479745,-0.4612442455798562,2
93,18,2,1,11,12, , , ,1,1,3,4,90,2,2,2,1,3,0.38526328835479745,-0.4612442455798562,2
93,19,1,1,18,95, , , ,1,1,2,6,7,3,2,2,1,3,0.38526328835479745,-0.6333445929524537,1
93,19,2,2,18,95, , , ,1,3,4,90, ,3,2,2,1,3,0.38526328835479745,-0.6333445929524537,1
93,19,3,2,18,95, , , ,1,5,90, , ,3,2,2,1,3,0.38526328835479745,-0.6333445929524537,1
93,20,1,1,18,95, , , ,1,1,90, , ,1,2,2,1,3,0.38526328835479745,-0.532008815176557,2
93,21,1,1,13,24, , , ,1,1,90, , ,1,2,2,1,3,0.38526328835479745,-0.38233948779215327,3
93,22,1,1,98,95,2,2, ,1,2,90, , ,3,2,2,1,3,0.38526328835479745,0.21740411443024235,4
93,22,2,1,98,95,2,2, ,2, , , , ,3,2,2,1,3,0.38526328835479745,0.21740411443024235,4
93,22,3,1,11,10, , , ,2, , , , ,3,2,2,1,3,0.38526328835479745,0.21740411443024235,4
93,24,1,1,13,12, , , ,1,1,2,90, ,1,2,2,1,3,0.38526328835479745,-0.6014276205737722,1
93,25,1,1,11,1, , , ,1,1,90, , ,1,2,2,2,3,0.38526328835479745,-0.2959995183972281,3
94,1,1,1,11,8, , , ,1,1,2,90, ,2,2,2,1,3,1.562786844159619,0.23784563835765168,4
94,1,2,1,11,18, , , ,1,3,4,90, ,2,2,2,1,3,1.562786844159619,0.23784563835765168,4
94,3,1,1,12,95, , , ,1,1,2,90, ,1,2,2,3,3,1.562786844159619,0.003788830950304258,4
94,4,1,1,11,24, , , ,1,1,2,3,90,1,2,2,1,3,1.562786844159619,-0.19661176716925197,3
94,6,1,1,11,95, , , ,1,1,7,90, ,1,2,2,1,3,1.562786844159619,0.13670569902178353,4
94,7,1,1,11,12, , , ,1,1,2,3,90,2,2,2,2,1,1.562786844159619,0.13052471055899362,4
94,7,2,1,13,14, , , ,2, , , , ,2,2,2,2,1,1.562786844159619,0.13052471055899362,4
94,8,1,1,11,24, , , ,1,1,90, , ,1,2,2,1,3,1.562786844159619,-0.36130283930703205,3
94,9,1,1,11,24, , , ,1,1,2,3,4,1,2,2,1,3,1.562786844159619,-0.6489664018182202,1
94,10,1,1,13,24, , , ,1,1,2,6,90,3,2,2,1,3,1.562786844159619,-0.3100949761716447,3
94,10,2,1,13,24, , , ,1,3,4,90, ,3,2,2,1,3,1.562786844159619,-0.3100949761716447,3
94,10,3,1,11,12, , , ,1,5,90, , ,3,2,2,1,3,1.562786844159619,-0.3100949761716447,3
94,11,1,1,11,12, , , ,1,1,90, , ,2,2,2,1,3,1.562786844159619,-0.6219154739120932,1
94,11,2,1,11,12, , , ,2, , , , ,2,2,2,1,3,1.562786844159619,-0.6219154739120932,1
94,12,1,1,11,20, , , ,1,1,2,3,4,1,2,2,1,3,1.562786844159619,-0.6104445965424811,1
94,13,1,1,11,20, , , ,1,1,2,3,90,1,2,2,1,3,1.562786844159619,-0.21902156359371097,3
94,14,1,1,11,24, , , ,1,1,2,90, ,2,2,2,1,3,1.562786844159619,-0.6188079897865453,1
94,14,2,1,11,24, , , ,1,3,4,5,6,2,2,2,1,3,1.562786844159619,-0.6188079897865453,1
94,16,1,1,11,10, , , ,1,1,2,7,90,3,2,2,1,3,1.562786844159619,-0.3222553361826091,3
94,16,2,1,11,10, , , ,2, , , , ,3,2,2,1,3,1.562786844159619,-0.3222553361826091,3
94,16,3,1,11,10, , , ,2, , , , ,3,2,2,1,3,1.562786844159619,-0.3222553361826091,3
94,17,1,1,11,12, , , ,1,1,2,8,7,2,2,2,1,3,1.562786844159619,0.23075742426017823,4
94,17,2,1,11,12, , , ,1,3,4,5,6,2,2,2,1,3,1.562786844159619,0.23075742426017823,4
94,18,1,1,11,12, , , ,1,1,6,4,90,2,2,2,1,3,1.562786844159619,-0.4545439277874496,2
94,18,2,1,11,12, , , ,1,2,3,5,90,2,2,2,1,3,1.562786844159619,-0.4545439277874496,2
94,19,1,1,11,12, , , ,1,1,2,3,90,1,2,2,1,3,1.562786844159619,-0.6503966547890848,1
94,20,1,1,11,12, , , ,1,1,2,3,90,1,2,2,1,3,1.562786844159619,-0.4111040675108087,3
94,21,1,1,11,14, , , ,1,1,2,5,90,2,2,2,1,3,1.562786844159619,-0.2410723134002103,3
94,21,2,1,11,14, , , ,1,3,4,90, ,2,2,2,1,3,1.562786844159619,-0.2410723134002103,3
94,22,1,1,98,95,2,2, ,2, , , , ,5,2,2,1,3,1.562786844159619,-0.2825902097005555,3
94,22,2,1,98,95,2,2, ,2, , , , ,5,2,2,1,3,1.562786844159619,-0.2825902097005555,3
94,22,3,1,11,98, , , ,2, , , , ,5,2,2,1,3,1.562786844159619,-0.2825902097005555,3
94,22,4,1,11,98, , , ,2, , , , ,5,2,2,1,3,1.562786844159619,-0.2825902097005555,3
94,22,5,1,98,95,2,2, ,2, , , , ,5,2,2,1,3,1.562786844159619,-0.2825902097005555,3
94,23,1,1,11,24, , , ,1,1,2,5,6,2,2,2,1,3,1.562786844159619,-0.4280450613526342,2
94,23,2,1,11,24, , , ,1,3,4,90, ,2,2,2,1,3,1.562786844159619,-0.4280450613526342,2
94,25,1,1,11,22, , , ,1,1,2,3,90,1,2,2,1,3,1.562786844159619,-0.3295339428522568,3
95,1,1,1,18,24, , , ,2, , , , ,1,2,2,2,3,0.8428600656709279,-0.5500427671139748,2
95,3,1,1,98,95,2,2, ,1,2,6,7,90,2,2,2,1,1,0.8428600656709279,0.7030914599115211,5
95,3,2,1,98,24,2,2, ,1,3,4,5,90,2,2,2,1,1,0.8428600656709279,0.7030914599115211,5
95,4,1,1,11,12, , , ,1,1,2,7,90,1,2,2,2,3,0.8428600656709279,0.1913604790155044,4
95,5,1,1,11,6, , , ,1,1,2,90, ,2,2,2,1,3,0.8428600656709279,-0.6621965532319509,1
95,5,2,1,11,4, , , ,1,3,4,90, ,2,2,2,1,3,0.8428600656709279,-0.6621965532319509,1
95,7,1,1,18,24, , , ,1,1,2,3,90,1,2,2,1,3,0.8428600656709279,-0.5403397235204112,2
95,8,1,1,11,24, , , ,1,2,3,90, ,2,2,2,2,3,0.8428600656709279,-0.6718671119253047,1
95,8,2,1,11,24, , , ,1,1,4,90, ,2,2,2,2,3,0.8428600656709279,-0.6718671119253047,1
95,9,1,1,18,95, , , ,1,8,9,10,90,3,2,2,1,3,0.8428600656709279,0.2625532438192432,4
95,9,2,1,18,95, , , ,1,1,2,11,90,3,2,2,1,3,0.8428600656709279,0.2625532438192432,4
95,9,3,1,18,95, , , ,1,3,4,5,6,3,2,2,1,3,0.8428600656709279,0.2625532438192432,4
95,10,1,1,18,95, , , ,1,1,3,4,5,1,2,2,1,3,0.8428600656709279,-0.5475842149747814,2
95,11,1,1,18,24, , , ,1,1,2,3,90,1,2,2,2,3,0.8428600656709279,-0.34895610136956395,3
95,12,1,1,11,24, , , ,1,1,2,3,4,2,2,2,1,3,0.8428600656709279,-0.6578207087449098,1
95,12,2,1,11,24, , , ,2, , , , ,2,2,2,1,3,0.8428600656709279,-0.6578207087449098,1
95,13,1,1,11,13, , , ,2, , , , ,1,2,2,1,3,0.8428600656709279,-0.5708056223723632,2
95,14,1,1,11,5, , , ,1,1,2,3,90,1,2,2,1,3,0.8428600656709279,-0.5227767926542498,2
95,15,1,1,13,24, , , ,1,1,2,90, ,1,2,2,1,3,0.8428600656709279,-0.6000997860804661,1
95,16,1,1,11,95, , , ,1,1,2,3,4,1,2,2,1,1,0.8428600656709279,-0.3569336967824711,3
95,17,1,1,11,11, , , ,1,1,2,3,90,3,2,2,1,3,0.8428600656709279,-0.012100264647340729,4
95,17,2,1,11,11, , , ,2, , , , ,3,2,2,1,3,0.8428600656709279,-0.012100264647340729,4
95,17,3,1,11,11, , , ,2, , , , ,3,2,2,1,3,0.8428600656709279,-0.012100264647340729,4
95,18,1,1,11,95, , , ,1,1,90, , ,2,2,2,1,3,0.8428600656709279,-0.17447795398689173,3
95,18,2,2,11,95, , , ,2, , , , ,2,2,2,1,3,0.8428600656709279,-0.17447795398689173,3
95,20,1,1,11,24, , , ,1,1,2,4,6,2,2,2,3,3,0.8428600656709279,0.2390643333319299,4
95,20,2,1,11,95, , , ,1,3,5,7,90,2,2,2,3,3,0.8428600656709279,0.2390643333319299,4
95,21,1,1,11,12, , , ,1,1,90, , ,1,2,2,1,3,0.8428600656709279,-0.536352174763388,2
95,22,1,1,11,12, , , ,1,2,3,5,90,2,2,2,1,3,0.8428600656709279,-0.2580342825520756,3
95,22,2,1,11,12, , , ,1,4,6,90, ,2,2,2,1,3,0.8428600656709279,-0.2580342825520756,3
95,23,1,1,13,12, , , ,1,1,2,3,90,1,2,2,1,3,0.8428600656709279,-0.15114997932392235,4
95,24,1,1,11,12, , , ,1,1,90, , ,1,2,2,1,3,0.8428600656709279,-0.5047428407168321,2
95,25,1,1,11,12, , , ,1,1,90, , ,1,2,2,2,3,0.8428600656709279,-0.5488056559308989,2
96,1,1,1,98,95,2,2, ,1,1,2,90, ,2,2,2,1,3,0.6837765747314918,-0.27684450706980307,3
96,1,2,1,11,13, , , ,1,3,4,90, ,2,2,2,1,3,0.6837765747314918,-0.27684450706980307,3
96,2,1,1,11,1, , , ,1,1,2,3,90,1,2,2,2,3,0.6837765747314918,-0.3689144054052003,3
96,3,1,1,11,8, , , ,1,2,3,90, ,1,2,2,1,3,0.6837765747314918,-0.5403583863639441,2
96,5,1,1,12,36, , , ,1,5,6,7,90,2,2,2,2,3,0.6837765747314918,0.45785153574990717,5
96,5,2,2,11,24, , , ,2, , , , ,2,2,2,2,3,0.6837765747314918,0.45785153574990717,5
96,6,1,1,11,13, , , ,1,1,3,90, ,2,2,2,1,3,0.6837765747314918,-0.29315381223976095,3
96,6,2,1,11,13, , , ,2, , , , ,2,2,2,1,3,0.6837765747314918,-0.29315381223976095,3
96,7,1,2,11,8, , , ,1,5,90, , ,2,2,2,1,3,0.6837765747314918,-0.5358498983795895,2
96,7,2,2,11,8, , , ,1,4,90, , ,2,2,2,1,3,0.6837765747314918,-0.5358498983795895,2
96,8,1,1,11,98, , , ,1,1,2,90, ,1,2,2,2,3,0.6837765747314918,-0.6316952980703451,1
96,11,1,1,12,36, , , ,1,1,2,9,90,2,2,2,1,3,0.6837765747314918,-0.0071438478175168555,4
96,11,2,1,12,36, , , ,1,7,8,90, ,2,2,2,1,3,0.6837765747314918,-0.0071438478175168555,4
96,12,1,1,11,24, , , ,1,1,2,5,90,2,2,2,1,3,0.6837765747314918,-0.42984600710539833,2
96,12,2,1,11,24, , , ,1,3,4,90, ,2,2,2,1,3,0.6837765747314918,-0.42984600710539833,2
96,13,1,1,11,12, , , ,1,2,5,6,90,2,2,2,1,3,0.6837765747314918,-0.6677632019451809,1
96,13,2,2,11,12, , , ,2, , , , ,2,2,2,1,3,0.6837765747314918,-0.6677632019451809,1
96,14,1,2,11,95, , , ,1,1,2,10,11,3,2,2,2,3,0.6837765747314918,-0.49833706923708604,2
96,14,2,2,11,95, , , ,1,8,5,9,4,3,2,2,2,3,0.6837765747314918,-0.49833706923708604,2
96,14,3,2,11,95, , , ,1,3,6,7,12,3,2,2,2,3,0.6837765747314918,-0.49833706923708604,2
96,15,1,1,11,18, , , ,1,1,2,7,8,2,2,2,1,3,0.6837765747314918,-0.6857971538825988,1
96,15,2,1,11,18, , , ,1,4,5,90, ,2,2,2,1,3,0.6837765747314918,-0.6857971538825988,1
96,17,1,1,12,15, , , ,1,1,90, , ,2,2,2,1,3,0.6837765747314918,-0.5313414103952351,2
96,17,2,1,98,95,2,2, ,2, , , , ,2,2,2,1,3,0.6837765747314918,-0.5313414103952351,2
96,18,1,1,11,14, , , ,1,6,7,8,90,5,2,2,1,3,0.6837765747314918,-0.5623798870583849,2
96,18,2,1,11,14, , , ,1,9,10,11,90,5,2,2,1,3,0.6837765747314918,-0.5623798870583849,2
96,18,3,1,11,14, , , ,1,12,13,14,90,5,2,2,1,3,0.6837765747314918,-0.5623798870583849,2
96,18,4,1,11,14, , , ,1,1,2,90, ,5,2,2,1,3,0.6837765747314918,-0.5623798870583849,2
96,18,5,1,11,14, , , ,1,3,4,5,90,5,2,2,1,3,0.6837765747314918,-0.5623798870583849,2
96,19,1,1,11,18, , , ,1,1,2,3,90,1,2,2,3,3,0.6837765747314918,-0.23009899171048684,3
96,20,1,1,11,24, , , ,1,1,90, , ,2,2,2,1,3,0.6837765747314918,-0.6226783221016361,1
96,20,2,1,11,24, , , ,2, , , , ,2,2,2,1,3,0.6837765747314918,-0.6226783221016361,1
96,22,1,1,11,8, , , ,1,1,2,90, ,2,2,2,1,3,0.6837765747314918,-0.350131061655476,3
96,22,2,1,11,8, , , ,2, , , , ,2,2,2,1,3,0.6837765747314918,-0.350131061655476,3
96,23,1,1,11,13, , , ,1,1,2,5,90,1,2,2,1,3,0.6837765747314918,-0.38990942625759933,3
96,24,1,1,12,16, , , ,1,1,90, , ,1,2,2,1,3,0.6837765747314918,-0.6816469360835565,1
96,25,1,1,11,13, , , ,1,1,2,3,4,3,2,2,1,3,0.6837765747314918,-0.6726299601148475,1
96,25,2,1,11,13, , , ,2, , , , ,3,2,2,1,3,0.6837765747314918,-0.6726299601148475,1
96,25,3,1,11,13, , , ,2, , , , ,3,2,2,1,3,0.6837765747314918,-0.6726299601148475,1
97,1,1,1,12,24, , , ,1,1,2,3,4,1,1,1,2,1,1.000221303656487,1.557456815323454,5
97,2,1,2,13,95, , , ,1,2,90, , ,3,1,1,2,1,1.000221303656487,1.6344085599466232,5
97,2,2,2,13,24, , , ,2, , , , ,3,1,1,2,1,1.000221303656487,1.6344085599466232,5
97,2,3,2,13,12, , , ,2, , , , ,3,1,1,2,1,1.000221303656487,1.6344085599466232,5
97,4,1,1,98,6,2,2, ,1,6,1,2,3,1,1,1,3,2,1.000221303656487,2.6257852880600203,5
97,5,1,1,11,7, , , ,1,4,6,7,90,4,1,1,3,3,1.000221303656487,2.4038540791874303,5
97,5,2,1,11,7, , , ,1,1,5,90, ,4,1,1,3,3,1.000221303656487,2.4038540791874303,5
97,5,3,1,11,7, , , ,1,2,3,90, ,4,1,1,3,3,1.000221303656487,2.4038540791874303,5
97,5,4,2,11,7, , , ,2, , , , ,4,1,1,3,3,1.000221303656487,2.4038540791874303,5
97,7,1,2,13,95, , , ,1,1,3,90, ,2,1,1,3,1,1.000221303656487,1.1319741171062483,5
97,7,2,2,11,7, , , ,1,2,4,90, ,2,1,1,3,1,1.000221303656487,1.1319741171062483,5
97,8,1,1,13,95, , , ,1,1,90, , ,1,1,1,3,1,1.000221303656487,2.3146868553558475,5
97,9,1,1,13,95, , , ,1,3,4,90, ,2,1,1,2,1,1.000221303656487,3.0958653403761645,5
97,9,2,1,13,95, , , ,1,1,2,5,90,2,1,1,2,1,1.000221303656487,3.0958653403761645,5
97,11,1,1,16,95, , , ,2, , , , ,2,1,1,2,2,1.000221303656487,2.362021780858767,5
97,11,2,1,12,95, , , ,2, , , , ,2,1,1,2,2,1.000221303656487,2.362021780858767,5
97,12,1,1,11,7, , , ,1,2,1,90, ,1,1,1,2,1,1.000221303656487,1.2709620547697387,5
97,13,1,1,12,8, , , ,1,1,2,90, ,1,1,1,1,1,1.000221303656487,2.0134343254533897,5
97,14,1,1,13,12, , , ,1,2,1,7,90,1,1,1,1,1,1.000221303656487,0.47028941319661494,5
97,15,1,1,11,6, , , ,1,1,2,3,4,1,1,1,3,1,1.000221303656487,1.1602763057367815,5
97,16,1,1,11,7, , , ,1,1,2,9,90,3,1,1,3,1,1.000221303656487,3.7859422814254113,5
97,16,2,1,11,7, , , ,1,7,8,90, ,3,1,1,3,1,1.000221303656487,3.7859422814254113,5
97,16,3,1,11,7, , , ,1,3,10,90, ,3,1,1,3,1,1.000221303656487,3.7859422814254113,5
97,17,1,1,16,12, , , ,1,1,90, , ,1,1,1,2,1,1.000221303656487,1.1242238654796541,5
97,18,1,1,11,15, , , ,1,1,2,3,4,3,1,1,2,1,1.000221303656487,1.0737550592453988,5
97,18,2,1,13,95, , , ,1,5,7,90, ,3,1,1,2,1,1.000221303656487,1.0737550592453988,5
97,18,3,1,11,15, , , ,2, , , , ,3,1,1,2,1,1.000221303656487,1.0737550592453988,5
97,19,1,2,13,10, , , ,2, , , , ,3,1,1,3,1,1.000221303656487,0.5349258374977245,5
97,19,2,2,12,6, , , ,2, , , , ,3,1,1,3,1,1.000221303656487,0.5349258374977245,5
97,19,3,2,12,6, , , ,2, , , , ,3,1,1,3,1,1.000221303656487,0.5349258374977245,5
97,21,1,2,11,8, , , ,1,1,2,90, ,1,1,1,3,2,1.000221303656487,0.9838444061393266,5
97,22,1,1,11,3, , , ,1,3,4,90, ,3,1,1,3,1,1.000221303656487,4.4316362773420135,5
97,22,2,1,11,3, , , ,1,5,90, , ,3,1,1,3,1,1.000221303656487,4.4316362773420135,5
97,22,3,1,13,8, , , ,1,1,2,90, ,3,1,1,3,1,1.000221303656487,4.4316362773420135,5
97,23,1,1,18,95, , , ,1,1,2,90, ,2,1,1,2,3,1.000221303656487,2.915563882404848,5
97,23,2,1,11,95, , , ,2, , , , ,2,1,1,2,3,1.000221303656487,2.915563882404848,5
97,25,1,1,13,4, , , ,1,1,0,90, ,2,1,1,2,1,1.000221303656487,3.2760668357485874,5
97,25,2,1,11,4, , , ,1,2,90, , ,2,1,1,2,1,1.000221303656487,3.2760668357485874,5
98,1,1,1,13,95, , , ,1,1,2,3,90,2,1,1,3,1,0.939047909996624,2.7811999834033916,5
98,1,2,1,11,7, , , ,2, , , , ,2,1,1,3,1,0.939047909996624,2.7811999834033916,5
98,2,1,2,13,95, , , ,1,1,2,6,90,2,1,1,3,1,0.939047909996624,3.3541889278943287,5
98,2,2,2,13,95, , , ,1,3,4,5,90,2,1,1,3,1,0.939047909996624,3.3541889278943287,5
98,3,1,1,11,24, , , ,2, , , , ,1,1,1,2,3,0.939047909996624,2.6311202394042468,5
98,4,1,2,11,7, , , ,1,4,2,90, ,2,1,1,3,1,0.939047909996624,3.4777198085321217,5
98,4,2,2,11,7, , , ,1,3,90, , ,2,1,1,3,1,0.939047909996624,3.4777198085321217,5
98,5,1,1,11,95, , , ,1,1,2,90, ,2,1,1,3,1,0.939047909996624,3.9010257625987177,5
98,5,2,1,11,95, , , ,1,3,4,90, ,2,1,1,3,1,0.939047909996624,3.9010257625987177,5
98,7,1,1,13,7, , , ,1,2,90, , ,1,1,1,3,1,0.939047909996624,3.1674837132382674,5
98,9,1,1,13,27, , , ,1,1,2,90, ,1,1,1,3,2,0.939047909996624,2.256604488022701,5
98,10,1,1,13,2, , , ,1,1,2,4,90,2,1,1,3,1,0.939047909996624,4.378495939309505,5
98,10,2,1,11,9, , , ,1,3,90, , ,2,1,1,3,1,0.939047909996624,4.378495939309505,5
98,13,1,1,11,7, , , ,1,2,3,5,90,2,1,1,2,1,0.939047909996624,1.6534703610868937,5
98,13,2,1,11,7, , , ,1,1,90, , ,2,1,1,2,1,0.939047909996624,1.6534703610868937,5
98,14,1,1,11,8, , , ,1,6,2,90, ,2,1,1,3,1,0.939047909996624,2.199919255248916,5
98,14,2,1,13,24, , , ,2, , , , ,2,1,1,3,1,0.939047909996624,2.199919255248916,5
98,15,1,1,13,5, , , ,1,1,2,90, ,1,1,1,3,3,0.939047909996624,3.089258035277855,5
98,16,1,1,11,12, , , ,1,1,2,90, ,1,1,1,3,1,0.939047909996624,2.332011424168904,5
98,17,1,1,13,95, , , ,1,7,8,10,9,4,1,1,2,1,0.939047909996624,1.1993933510985018,5
98,17,2,1,11,7, , , ,2, , , , ,4,1,1,2,1,0.939047909996624,1.1993933510985018,5
98,17,3,1,11,7, , , ,2, , , , ,4,1,1,2,1,0.939047909996624,1.1993933510985018,5
98,17,4,1,11,7, , , ,2, , , , ,4,1,1,2,1,0.939047909996624,1.1993933510985018,5
98,19,1,1,16,12, , , ,1,1,2,90, ,2,1,1,2,1,0.939047909996624,1.8907141841364812,5
98,19,2,1,16,12, , , ,2, , , , ,2,1,1,2,1,0.939047909996624,1.8907141841364812,5
98,20,1,2,11,8, , , ,1,4,90, , ,1,1,1,3,1,0.939047909996624,4.035883294186115,5
98,21,1,1,11,8, , , ,2, , , , ,1,1,1,3,1,0.939047909996624,3.5888791478558875,5
98,22,1,2,11,8, , , ,2, , , , ,2,1,1,3,2,0.939047909996624,2.0983523251414367,5
98,22,2,2,11,8, , , ,2, , , , ,2,1,1,3,2,0.939047909996624,2.0983523251414367,5
98,24,1,1,11,8, , , ,1,1,0,90, ,3,1,1,2,2,0.939047909996624,0.6632071486171273,5
98,24,2,2,11,8, , , ,1,2,90, , ,3,1,1,2,2,0.939047909996624,0.6632071486171273,5
98,24,3,2,11,8, , , ,1,3,5,90, ,3,1,1,2,2,0.939047909996624,0.6632071486171273,5
98,25,1,2,12,24, , , ,2, , , , ,2,1,1,3,1,0.939047909996624,3.593631993292302,5
98,25,2,2,13,36, , , ,2, , , , ,2,1,1,3,1,0.939047909996624,3.593631993292302,5
99,1,1,1,13,5, , , ,1,1,2,4,90,2,1,1,3,1,0.9328859398419252,3.246489362286293,5
99,1,2,1,13,3, , , ,1,3,90, , ,2,1,1,3,1,0.9328859398419252,3.246489362286293,5
99,3,1,1,13,11, , , ,1,1,90, , ,2,1,1,3,1,0.9328859398419252,2.7857084713877462,5
99,3,2,2,11,7, , , ,2, , , , ,2,1,1,3,1,0.9328859398419252,2.7857084713877462,5
99,6,1,1,11,5, , , ,1,1,90, , ,1,1,1,2,1,0.9328859398419252,1.7215996883524438,5
99,7,1,2,13,12, , , ,1,1,2,5,6,3,1,1,3,1,0.9328859398419252,3.18492265231496,5
99,7,2,2,11,6, , , ,2, , , , ,3,1,1,3,1,0.9328859398419252,3.18492265231496,5
99,7,3,2,13,12, , , ,1,3,4,90, ,3,1,1,3,1,0.9328859398419252,3.18492265231496,5
99,8,1,1,13,11, , , ,1,1,2,4,90,1,1,1,1,2,0.9328859398419252,2.5981104785543123,5
99,9,1,1,16,12, , , ,1,1,2,3,4,1,1,1,1,1,0.9328859398419252,1.3214384751626527,5
99,10,1,1,11,12, , , ,1,1,2,90, ,1,1,1,1,1,0.9328859398419252,1.5029939079906793,5
99,12,1,1,13,95, , , ,1,1,2,90, ,2,1,1,3,2,0.9328859398419252,2.6390695131886552,5
99,12,2,1,11,10, , , ,2, , , , ,2,1,1,3,2,0.9328859398419252,2.6390695131886552,5
99,13,1,1,13,12, , , ,1,1,2,3,90,1,1,1,3,1,0.9328859398419252,2.1306491197660558,5
99,14,1,1,31,4,2,2, ,1,2,4,90, ,1,1,1,3,1,0.9328859398419252,2.994987426707387,5
99,15,1,2,13,2, , , ,1,1,90, , ,1,1,1,3,1,0.9328859398419252,4.363294609997806,5
99,17,1,1,11,7, , , ,1,1,2,90, ,1,1,1,1,1,0.9328859398419252,2.7307567687489,5
99,18,1,1,13,11, , , ,2, , , , ,1,1,1,1,1,0.9328859398419252,1.3313421216965584,5
99,19,1,1,11,7, , , ,1,2,6,90, ,2,1,1,2,1,0.9328859398419252,1.856549320781211,5
99,19,2,1,11,7, , , ,1,1,3,4,5,2,1,1,2,1,0.9328859398419252,1.856549320781211,5
99,20,1,1,11,4, , , ,1,1,90, , ,1,1,1,2,1,0.9328859398419252,1.297241039890482,5
99,21,1,1,11,0, , , ,1,1,2,90, ,2,1,1,9,1,0.9328859398419252,2.1222096933388626,5
99,21,2,2,11,12, , , ,2, , , , ,2,1,1,9,1,0.9328859398419252,2.1222096933388626,5
99,22,1,1,99,6,9,9, ,1,1,4,5,90,1,1,1,3,1,0.9328859398419252,2.565518119185347,5
99,23,1,1,13,95, , , ,1,1,6,90, ,4,1,1,3,1,0.9328859398419252,3.855056146437658,5
99,23,2,1,13,95, , , ,1,3,2,90, ,4,1,1,3,1,0.9328859398419252,3.855056146437658,5
99,23,3,1,12,95, , , ,1,4,90, , ,4,1,1,3,1,0.9328859398419252,3.855056146437658,5
99,23,4,1,12,11, , , ,2, , , , ,4,1,1,3,1,0.9328859398419252,3.855056146437658,5
99,25,1,1,11,12, , , ,1,1,2,3,90,1,1,1,2,1,0.9328859398419252,1.6245566055863587,5
100,3,1,1,12,6, , , ,1,1,2,3,90,2,1,1,3,1,0.6272458311984767,2.1968506579916487,5
100,3,2,1,12,6, , , ,2, , , , ,2,1,1,3,1,0.6272458311984767,2.1968506579916487,5
100,4,1,1,12,24, , , ,1,3,5,7,90,3,1,1,2,2,0.6272458311984767,2.6247787882533062,5
100,4,2,1,12,24, , , ,1,6,1,90, ,3,1,1,2,2,0.6272458311984767,2.6247787882533062,5
100,4,3,1,98,95,2,2, ,1,4,2,90, ,3,1,1,2,2,0.6272458311984767,2.6247787882533062,5
100,5,1,1,13,24, , , ,1,5,6,90, ,3,1,1,2,1,0.6272458311984767,1.7260067921224815,5
100,5,2,2,13,24, , , ,2, , , , ,3,1,1,2,1,0.6272458311984767,1.7260067921224815,5
100,5,3,2,13,24, , , ,2, , , , ,3,1,1,2,1,0.6272458311984767,1.7260067921224815,5
100,6,1,1,12,95, , , ,1,1,2,11,10,4,1,1,2,1,0.6272458311984767,1.057892770228563,5
100,6,2,1,12,95, , , ,1,5,6,7,90,4,1,1,2,1,0.6272458311984767,1.057892770228563,5
100,6,3,1,12,95, , , ,1,9,8,90, ,4,1,1,2,1,0.6272458311984767,1.057892770228563,5
100,6,4,1,12,95, , , ,1,3,4,12,90,4,1,1,2,1,0.6272458311984767,1.057892770228563,5
100,7,1,1,11,98, , , ,2, , , , ,4,1,1,3,2,0.6272458311984767,1.5139856732482344,5
100,7,2,1,12,98, , , ,1,1,2,3,4,4,1,1,3,2,0.6272458311984767,1.5139856732482344,5
100,7,3,1,12,98, , , ,2, , , , ,4,1,1,3,2,0.6272458311984767,1.5139856732482344,5
100,7,4,2,12,98, , , ,2, , , , ,4,1,1,3,2,0.6272458311984767,1.5139856732482344,5
100,8,1,1,12,24, , , ,2, , , , ,1,1,1,1,3,0.6272458311984767,1.117175682203869,5
100,9,1,1,13,24, , , ,1,4,6,7,90,2,1,1,1,1,0.6272458311984767,3.172655144612591,5
100,9,2,1,13,24, , , ,1,1,2,90, ,2,1,1,1,1,0.6272458311984767,3.172655144612591,5
100,10,1,1,12,95, , , ,1,1,2,90, ,1,1,1,3,3,0.6272458311984767,1.7328290357044165,5
100,11,1,1,13,15, , , ,1,1,90, , ,2,1,1,3,2,0.6272458311984767,1.0291812870827524,5
100,11,2,1,12,95, , , ,1,2,90, , ,2,1,1,3,2,0.6272458311984767,1.0291812870827524,5
100,12,1,1,12,24, , , ,1,3,4,90, ,2,1,1,1,1,0.6272458311984767,2.9597977469053,5
100,12,2,1,12,24, , , ,1,1,2,5,90,2,1,1,1,1,0.6272458311984767,2.9597977469053,5
100,13,1,1,12,4, , , ,1,1,2,3,90,1,1,1,2,1,0.6272458311984767,2.3642201478483917,5
100,15,1,1,11,12, , , ,1,1,2,90, ,1,1,1,2,3,0.6272458311984767,-0.09189268663976381,4
100,16,1,1,12,98, , , ,1,3,4,90, ,2,1,1,3,1,0.6272458311984767,3.8431766586732223,5
100,16,2,1,12,98, , , ,1,2,1,6,7,2,1,1,3,1,0.6272458311984767,3.8431766586732223,5
100,18,1,1,12,12, , , ,1,1,2,3,4,1,1,1,3,1,0.6272458311984767,1.9225799904267622,5
100,20,1,1,13,98, , , ,1,1,5,6,7,2,1,1,3,1,0.6272458311984767,3.8989247109123037,5
100,20,2,1,13,10, , , ,1,8,2,3,4,2,1,1,3,1,0.6272458311984767,3.8989247109123037,5
100,21,1,1,12,95, , , ,1,1,2,90, ,1,1,1,2,1,0.6272458311984767,1.9317271282974864,5
100,23,1,2,13,34, , , ,2, , , , ,2,1,1,3,1,0.6272458311984767,2.9572035639203422,5
100,23,2,2,13,12, , , ,2, , , , ,2,1,1,3,1,0.6272458311984767,2.9572035639203422,5
100,24,1,1,13,14, , , ,1,4,90, , ,2,1,1,2,1,0.6272458311984767,3.7610611435303603,5
100,24,2,1,13,14, , , ,1,1,9,90, ,2,1,1,2,1,0.6272458311984767,3.7610611435303603,5
100,25,1,1,13,12, , , ,1,2,90, , ,2,1,1,3,1,0.6272458311984767,1.8186615638553656,5
100,25,2,2,13,12, , , ,2, , , , ,2,1,1,3,1,0.6272458311984767,1.8186615638553656,5
101,2,1,1,13,16, , , ,1,2,5,90, ,3,2,1,2,1,0.9553332050572155,-0.56342011033675,2
101,2,2,1,13,16, , , ,2, , , , ,3,2,1,2,1,0.9553332050572155,-0.56342011033675,2
101,2,3,1,13,16, , , ,2, , , , ,3,2,1,2,1,0.9553332050572155,-0.56342011033675,2
101,3,1,1,11,12, , , ,1,1,2,6,7,2,2,1,2,1,0.9553332050572155,-0.6351607782794584,1
101,3,2,1,11,12, , , ,1,3,4,5,90,2,2,1,2,1,0.9553332050572155,-0.6351607782794584,1
101,4,1,1,11,25, , , ,1,2,3,90, ,3,2,1,3,1,0.9553332050572155,0.22860582171981436,4
101,4,2,1,12,12, , , ,2, , , , ,3,2,1,3,1,0.9553332050572155,0.22860582171981436,4
101,4,3,1,16,95, , , ,2, , , , ,3,2,1,3,1,0.9553332050572155,0.22860582171981436,4
101,5,1,1,16,95, , , ,1,3,10,90, ,2,2,1,3,3,0.9553332050572155,0.19842631583101264,4
101,5,2,1,16,95, , , ,1,1,2,6,90,2,2,1,3,3,0.9553332050572155,0.19842631583101264,4
101,6,1,1,11,6, , , ,1,1,2,3,4,1,2,1,2,3,0.9553332050572155,0.2303026246713112,4
101,7,1,1,13,95, , , ,1,1,2,90, ,3,2,1,1,1,0.9553332050572155,-0.308803462168148,3
101,7,2,1,11,8, , , ,2, , , , ,3,2,1,1,1,0.9553332050572155,-0.308803462168148,3
101,7,3,1,13,8, , , ,2, , , , ,3,2,1,1,1,0.9553332050572155,-0.308803462168148,3
101,8,1,1,11,95, , , ,2, , , , ,1,2,1,1,1,0.9553332050572155,-0.6852723469387603,1
101,10,1,1,11,8, , , ,1,1,90, , ,2,2,1,1,3,0.9553332050572155,1.0001364081173156,5
101,10,2,1,11,8, , , ,2, , , , ,2,2,1,1,3,0.9553332050572155,1.0001364081173156,5
101,11,1,1,16,95, , , ,1,1,3,4,90,1,2,1,1,3,0.9553332050572155,-0.5849184592636503,1
101,14,1,1,11,14, , , ,1,1,2,90, ,2,2,1,2,1,0.9553332050572155,-0.16420139876661033,4
101,14,2,1,12,24, , , ,1,3,4,90, ,2,2,1,2,1,0.9553332050572155,-0.16420139876661033,4
101,15,1,1,11,95, , , ,1,3,4,5,90,2,2,1,1,3,0.9553332050572155,-0.7033062988761781,1
101,15,2,1,11,95, , , ,1,1,2,6,90,2,2,1,1,3,0.9553332050572155,-0.7033062988761781,1
101,16,1,1,11,14, , , ,1,1,2,3,90,1,2,1,2,3,0.9553332050572155,-0.6762553709700513,1
101,17,1,1,13,95, , , ,1,2,4,5,90,3,2,1,1,1,0.9553332050572155,-0.5819419951642498,1
101,17,2,1,13,95, , , ,2, , , , ,3,2,1,1,1,0.9553332050572155,-0.5819419951642498,1
101,17,3,1,13,95, , , ,2, , , , ,3,2,1,1,1,0.9553332050572155,-0.5819419951642498,1
101,18,1,1,11,12, , , ,1,1,2,8,9,2,2,1,2,1,0.9553332050572155,0.23745233573036362,4
101,18,2,1,11,12, , , ,2, , , , ,2,2,1,2,1,0.9553332050572155,0.23745233573036362,4
101,19,1,1,13,6, , , ,1,1,2,9,90,1,2,1,1,3,0.9553332050572155,0.2117607803727359,4
101,20,1,1,11,8, , , ,2, , , , ,2,2,1,2,1,0.9553332050572155,-0.6672383950013424,1
101,20,2,1,16,24, , , ,2, , , , ,2,2,1,2,1,0.9553332050572155,-0.6672383950013424,1
101,21,1,1,13,95, , , ,1,1,2,90, ,1,2,1,2,3,0.9553332050572155,-0.6672383950013424,1
101,22,1,1,16,95, , , ,1,1,2,5,90,3,2,1,1,3,0.9553332050572155,-0.6942893229074693,1
101,22,2,1,11,12, , , ,2, , , , ,3,2,1,1,3,0.9553332050572155,-0.6942893229074693,1
101,22,3,1,16,95, , , ,2, , , , ,3,2,1,1,3,0.9553332050572155,-0.6942893229074693,1
101,23,1,1,13,30, , , ,1,1,2,90, ,1,2,1,2,3,0.9553332050572155,-0.18425014446474014,3
101,24,1,1,11,12, , , ,1,1,2,4,90,1,2,1,2,1,0.9553332050572155,0.584606086503202,5
101,25,1,1,11,95, , , ,1,3,4,6,90,2,2,1,2,1,0.9553332050572155,0.11727942539318287,4
101,25,2,1,11,95, , , ,2, , , , ,2,2,1,2,1,0.9553332050572155,0.11727942539318287,4
102,1,1,1,13,24, , , ,1,1,2,3,90,1,2,1,2,1,1.2615016472386533,0.39179029374177954,4
102,2,1,1,13,11, , , ,2, , , , ,2,2,1,2,2,1.2615016472386533,-0.6852723469387603,1
102,2,2,1,13,95, , , ,2, , , , ,2,2,1,2,2,1.2615016472386533,-0.6852723469387603,1
102,3,1,1,13,95, , , ,1,2,7,90, ,1,2,1,2,3,1.2615016472386533,-0.4570257107923315,2
102,4,1,1,12,95, , , ,1,1,2,90, ,1,2,1,2,1,1.2615016472386533,0.8538034556605768,5
102,5,1,1,13,12, , , ,2, , , , ,1,2,1,1,3,1.2615016472386533,-0.6756017882454065,1
102,7,1,1,12,24, , , ,2, , , , ,2,2,1,2,3,1.2615016472386533,0.321069238555334,4
102,7,2,1,12,24, , , ,2, , , , ,2,2,1,2,3,1.2615016472386533,0.321069238555334,4
102,8,1,1,16,22, , , ,1,1,2,3,90,3,2,1,2,3,1.2615016472386533,-0.4570257107923315,2
102,8,2,1,16,22, , , ,2, , , , ,3,2,1,2,3,1.2615016472386533,-0.4570257107923315,2
102,8,3,1,11,24, , , ,2, , , , ,3,2,1,2,3,1.2615016472386533,-0.4570257107923315,2
102,9,1,1,16,24, , , ,2, , , , ,3,2,1,1,1,1.2615016472386533,0.7334945783596234,5
102,9,2,1,31,22,2,2, ,2, , , , ,3,2,1,1,1,1.2615016472386533,0.7334945783596234,5
102,9,3,1,31,22,2,2, ,2, , , , ,3,2,1,1,1,1.2615016472386533,0.7334945783596234,5
102,10,1,1,11,8, , , ,2, , , , ,2,2,1,1,3,1.2615016472386533,-0.6620763242923431,1
102,10,2,1,11,8, , , ,2, , , , ,2,2,1,1,3,1.2615016472386533,-0.6620763242923431,1
102,12,1,1,31,18,2,2, ,1,3,6,10,8,2,2,1,2,1,1.2615016472386533,0.08645500118485606,4
102,12,2,1,31,18,2,2, ,1,4,7,90, ,2,2,1,2,1,1.2615016472386533,0.08645500118485606,4
102,14,1,1,11,20, , , ,1,1,2,7,8,3,2,1,2,3,1.2615016472386533,-0.5784892305327395,1
102,14,2,1,11,20, , , ,2, , , , ,3,2,1,2,3,1.2615016472386533,-0.5784892305327395,1
102,14,3,1,11,20, , , ,2, , , , ,3,2,1,2,3,1.2615016472386533,-0.5784892305327395,1
102,15,1,1,16,12, , , ,1,1,2,6,90,3,2,1,2,3,1.2615016472386533,-0.08250968743598916,4
102,15,2,1,11,12, , , ,2, , , , ,3,2,1,2,3,1.2615016472386533,-0.08250968743598916,4
102,15,3,1,11,12, , , ,2, , , , ,3,2,1,2,3,1.2615016472386533,-0.08250968743598916,4
102,17,1,1,11,95, , , ,1,1,2,3,4,2,2,1,2,1,1.2615016472386533,-0.33163584545655866,3
102,17,2,1,11,95, , , ,2, , , , ,2,2,1,2,1,1.2615016472386533,-0.33163584545655866,3
102,20,1,1,16,13, , , ,2, , , , ,2,2,1,1,3,1.2615016472386533,0.036139456764940625,4
102,20,2,1,12,13, , , ,1,1,3,90, ,2,2,1,1,3,1.2615016472386533,0.036139456764940625,4
102,21,1,1,11,12, , , ,1,7,8,6,90,3,2,1,2,1,1.2615016472386533,-0.05635739599342131,4
102,21,2,1,12,24, , , ,1,1,2,90, ,3,2,1,2,1,1.2615016472386533,-0.05635739599342131,4
102,21,3,1,12,12, , , ,1,3,90, , ,3,2,1,2,1,1.2615016472386533,-0.05635739599342131,4
102,22,1,1,16,12, , , ,1,1,2,90, ,1,2,1,2,3,1.2615016472386533,-0.5668845073262324,2
102,24,1,1,13,24, , , ,1,1,2,90, ,3,2,1,2,3,1.2615016472386533,-0.5886939606190087,1
102,24,2,1,12,24, , , ,1,3,4,5,90,3,2,1,2,3,1.2615016472386533,-0.5886939606190087,1
102,24,3,1,11,24, , , ,2, , , , ,3,2,1,2,3,1.2615016472386533,-0.5886939606190087,1
102,25,1,1,11,12, , , ,2, , , , ,1,2,1,1,3,1.2615016472386533,-0.6852723469387603,1
103,2,1,1,11,12, , , ,2, , , , ,1,2,1,1,1,0.7605624897229323,-0.6426690665653784,1
103,3,1,1,11,12, , , ,1,1,2,7,90,2,2,1,1,1,0.7605624897229323,-0.7003298347767777,1
103,3,2,1,11,12, , , ,1,3,4,5,6,2,2,1,1,1,0.7605624897229323,-0.7003298347767777,1
103,4,1,1,11,12, , , ,2, , , , ,1,2,1,2,3,0.7605624897229323,-0.6238498315559368,1
103,5,1,1,11,95, , , ,1,1,90, , ,1,2,1,1,1,0.7605624897229323,0.14148103014436786,4
103,6,1,1,13,12, , , ,1,3,4,5,6,1,2,1,2,1,0.7605624897229323,-0.1286829721494274,4
103,8,1,1,11,24, , , ,1,1,90, , ,1,2,1,1,1,0.7605624897229323,-0.016359105907809014,4
103,10,1,1,11,12, , , ,1,1,4,5,90,1,2,1,1,1,0.7605624897229323,-0.3133355561148433,3
103,12,1,1,11,6, , , ,1,1,2,90, ,2,2,1,2,3,0.7605624897229323,-0.43221132861745326,2
103,12,2,1,11,6, , , ,2, , , , ,2,2,1,2,3,0.7605624897229323,-0.43221132861745326,2
103,13,1,1,11,8, , , ,1,1,2,6,90,2,2,1,1,3,0.7605624897229323,0.09778860044944436,4
103,13,2,1,11,8, , , ,1,4,5,90, ,2,2,1,1,3,0.7605624897229323,0.09778860044944436,4
103,15,1,1,11,10, , , ,1,2,90, , ,1,2,1,2,1,0.7605624897229323,-0.19691587192292337,3
103,16,1,1,13,6, , , ,1,4,10,90, ,1,2,1,1,3,0.7605624897229323,-0.12287992552494403,4
103,17,1,1,13,95, , , ,1,2,7,90, ,1,2,1,2,3,0.7605624897229323,-0.24200075176646813,3
103,18,1,1,13,12, , , ,1,1,2,90, ,1,2,1,2,3,0.7605624897229323,-0.3396012009489465,3
103,19,1,1,11,8, , , ,1,1,6,90, ,1,2,1,2,1,0.7605624897229323,-0.6418837834933547,1
103,20,1,1,11,95, , , ,2, , , , ,2,2,1,1,3,0.7605624897229323,-0.6246351146279604,1
103,20,2,1,11,95, , , ,2, , , , ,2,2,1,1,3,0.7605624897229323,-0.6246351146279604,1
103,21,1,1,11,12, , , ,1,1,2,7,8,1,2,1,2,1,0.7605624897229323,-0.031788067557457146,4
103,22,1,1,11,8, , , ,2, , , , ,1,2,1,1,3,0.7605624897229323,-0.605162296893874,1
103,23,1,1,13,9, , , ,1,1,2,7,8,2,2,1,3,3,0.7605624897229323,1.4498858490397473,5
103,23,2,1,11,15, , , ,2, , , , ,2,2,1,3,3,0.7605624897229323,1.4498858490397473,5
103,25,1,1,11,12, , , ,1,1,2,7,90,1,2,1,1,3,0.7605624897229323,-0.04055998978725189,4
104,1,1,1,11,95, , , ,1,1,2,5,4,1,2,1,1,1,0.5117575225453582,-0.6822958828393598,1
104,2,1,1,11,98, , , ,1,1,90, , ,1,2,1,1,1,0.5117575225453582,-0.39487020878051177,3
104,3,1,1,13,24, , , ,1,1,2,3,90,1,2,1,2,3,0.5117575225453582,-0.6155957037767708,1
104,4,1,1,12,95, , , ,1,1,2,90, ,2,2,1,2,3,0.5117575225453582,-0.5048607056617915,2
104,4,2,1,12,24, , , ,2, , , , ,2,2,1,2,3,0.5117575225453582,-0.5048607056617915,2
104,5,1,1,13,12, , , ,1,2,1,7,90,2,2,1,1,1,0.5117575225453582,0.2111401889053716,4
104,5,2,1,13,12, , , ,2, , , , ,2,2,1,1,1,0.5117575225453582,0.2111401889053716,4
104,6,1,1,11,95, , , ,1,3,90, , ,2,2,1,2,1,0.5117575225453582,0.022791138699613356,4
104,6,2,1,11,95, , , ,1,2,90, , ,2,2,1,2,1,0.5117575225453582,0.022791138699613356,4
104,7,1,1,13,95, , , ,1,1,3,4,5,1,2,1,2,1,0.5117575225453582,-0.5325129198495357,2
104,9,1,1,13,1, , , ,1,1,2,3,4,1,2,1,2,3,0.5117575225453582,0.7011716653824679,5
104,10,1,1,11,12, , , ,1,1,2,90, ,1,2,1,1,3,0.5117575225453582,-0.6058158796185189,1
104,11,1,1,11,12, , , ,1,1,2,90, ,1,2,1,2,1,0.5117575225453582,1.45083750568829,5
104,12,1,1,11,2, , , ,1,2,3,4,90,1,2,1,3,1,0.5117575225453582,2.8331690997848424,5
104,13,1,1,11,12, , , ,1,1,2,90, ,3,2,1,1,1,0.5117575225453582,-0.5197503040860152,2
104,13,2,1,11,12, , , ,1,3,5,6,90,3,2,1,1,1,0.5117575225453582,-0.5197503040860152,2
104,13,3,1,11,12, , , ,1,4,7,90, ,3,2,1,1,1,0.5117575225453582,-0.5197503040860152,2
104,14,1,1,11,12, , , ,1,1,90, , ,2,2,1,3,1,0.5117575225453582,0.6277747128124765,5
104,14,2,1,11,12, , , ,1,2,90, , ,2,2,1,3,1,0.5117575225453582,0.6277747128124765,5
104,16,1,1,11,95, , , ,1,2,3,90, ,1,2,1,9,1,0.5117575225453582,-0.5144789679121178,2
104,17,1,1,11,95, , , ,1,1,90, , ,1,2,1,1,3,0.5117575225453582,-0.39612098986013666,3
104,19,1,1,11,12, , , ,1,2,5,90, ,2,2,1,2,1,0.5117575225453582,-0.14177333118595706,4
104,19,2,1,11,12, , , ,2, , , , ,2,2,1,2,1,0.5117575225453582,-0.14177333118595706,4
104,21,1,1,11,24, , , ,1,3,7,4,90,3,2,1,3,1,0.5117575225453582,0.8655874146661824,5
104,21,2,1,11,24, , , ,1,1,2,90, ,3,2,1,3,1,0.5117575225453582,0.8655874146661824,5
104,21,3,1,11,24, , , ,1,5,6,8,90,3,2,1,3,1,0.5117575225453582,0.8655874146661824,5
104,22,1,2,12,95, , , ,1,1,2,90, ,3,2,1,2,2,0.5117575225453582,0.06671029603588682,4
104,22,2,2,11,14, , , ,1,3,4,5,8,3,2,1,2,2,0.5117575225453582,0.06671029603588682,4
104,22,3,2,12,95, , , ,2, , , , ,3,2,1,2,2,0.5117575225453582,0.06671029603588682,4
104,24,1,1,11,12, , , ,1,3,7,9,90,1,2,1,9,1,0.5117575225453582,0.40311017168585844,4
104,25,1,1,11,95, , , ,1,1,2,90, ,3,2,1,2,1,0.5117575225453582,1.1199407099093484,5
104,25,2,1,11,95, , , ,1,4,90, , ,3,2,1,2,1,0.5117575225453582,1.1199407099093484,5
104,25,3,1,11,95, , , ,2, , , , ,3,2,1,2,1,0.5117575225453582,1.1199407099093484,5
105,1,1,1,13,12, , , ,1,1,2,3,90,2,2,1,1,3,0.7846217559551749,0.27697576174867994,4
105,1,2,1,16,12, , , ,2, , , , ,2,2,1,1,3,0.7846217559551749,0.27697576174867994,4
105,2,1,1,11,12, , , ,1,1,2,90, ,2,2,1,1,3,0.7846217559551749,-0.11086667333270654,4
105,2,2,1,13,24, , , ,2, , , , ,2,2,1,1,3,0.7846217559551749,-0.11086667333270654,4
105,3,1,1,13,8, , , ,1,1,2,90, ,2,2,1,2,1,0.7846217559551749,2.347174388226481,5
105,3,2,1,11,12, , , ,2, , , , ,2,2,1,2,1,0.7846217559551749,2.347174388226481,5
105,4,1,1,11,12, , , ,1,1,2,90, ,2,2,1,1,3,0.7846217559551749,-0.3895824956643275,3
105,4,2,1,11,12, , , ,1,3,8,90, ,2,2,1,1,3,0.7846217559551749,-0.3895824956643275,3
105,5,1,1,11,16, , , ,2, , , , ,1,2,1,1,1,0.7846217559551749,-0.6066500401176902,1
105,6,1,1,11,8, , , ,1,3,10,90, ,3,2,1,1,3,0.7846217559551749,-0.6779516873681904,1
105,6,2,1,11,8, , , ,2, , , , ,3,2,1,1,3,0.7846217559551749,-0.6779516873681904,1
105,6,3,1,11,8, , , ,2, , , , ,3,2,1,1,3,0.7846217559551749,-0.6779516873681904,1
105,7,1,1,13,95, , , ,1,1,2,8,90,3,2,1,1,3,0.7846217559551749,-0.06986024484318473,4
105,7,2,1,11,8, , , ,1,3,4,5,90,3,2,1,1,3,0.7846217559551749,-0.06986024484318473,4
105,7,3,1,11,8, , , ,1,6,7,90, ,3,2,1,1,3,0.7846217559551749,-0.06986024484318473,4
105,10,1,1,11,12, , , ,1,1,2,6,7,1,2,1,2,3,0.7846217559551749,-0.6516860425340872,1
105,11,1,1,13,24, , , ,1,1,2,6,5,1,2,1,1,3,0.7846217559551749,-0.012843012995617109,4
105,12,1,2,11,6, , , ,1,1,90, , ,4,2,1,3,1,0.7846217559551749,3.641358798440326,5
105,12,2,2,11,6, , , ,1,2,90, , ,4,2,1,3,1,0.7846217559551749,3.641358798440326,5
105,12,3,2,11,6, , , ,1,3,90, , ,4,2,1,3,1,0.7846217559551749,3.641358798440326,5
105,12,4,2,11,6, , , ,1,4,90, , ,4,2,1,3,1,0.7846217559551749,3.641358798440326,5
105,13,1,1,11,10, , , ,1,1,2,3,4,1,2,1,1,3,0.7846217559551749,-0.6418837834933547,1
105,14,1,2,11,15, , , ,2, , , , ,2,2,1,1,3,0.7846217559551749,-0.22396679982905024,3
105,14,2,2,11,15, , , ,2, , , , ,2,2,1,1,3,0.7846217559551749,-0.22396679982905024,3
105,15,1,1,13,24, , , ,2, , , , ,1,2,1,2,1,0.7846217559551749,0.2867087597086228,4
105,16,1,1,11,12, , , ,1,1,2,3,90,1,2,1,2,3,0.7846217559551749,-0.4967423661566417,2
105,17,1,1,13,14, , , ,2, , , , ,1,2,1,2,1,0.7846217559551749,0.11478238852720221,4
105,18,1,2,11,25, , , ,1,1,90, , ,1,2,1,2,1,0.7846217559551749,1.3520132886338052,5
105,19,1,1,11,12, , , ,1,3,13,90, ,4,2,1,1,1,0.7846217559551749,0.1877444290493151,4
105,19,2,1,11,12, , , ,1,4,11,15,90,4,2,1,1,1,0.7846217559551749,0.1877444290493151,4
105,19,3,1,13,8, , , ,1,5,14,90, ,4,2,1,1,1,0.7846217559551749,0.1877444290493151,4
105,19,4,1,11,12, , , ,1,6,90, , ,4,2,1,1,1,0.7846217559551749,0.1877444290493151,4
105,20,1,1,12,12, , , ,1,1,2,3,4,1,2,1,2,1,0.7846217559551749,-0.40462017137821693,3
105,21,1,1,13,7, , , ,1,1,2,3,90,1,2,1,3,1,0.7846217559551749,0.18043222394457997,4
105,22,1,2,11,7, , , ,2, , , , ,1,2,1,2,1,0.7846217559551749,-0.4234492334363806,2
105,23,1,1,12,12, , , ,2, , , , ,2,2,1,2,1,0.7846217559551749,-0.04055998978725189,4
105,23,2,1,12,12, , , ,1,1,2,7,90,2,2,1,2,1,0.7846217559551749,-0.04055998978725189,4
105,25,1,1,11,12, , , ,1,1,2,3,90,1,2,1,1,3,0.7846217559551749,-0.6059475799658978,1
106,1,1,1,11,12, , , ,1,1,2,5,7,2,2,1,2,3,0.5038546095341911,-0.44954075870857657,2
106,1,2,1,12,24, , , ,1,3,6,90, ,2,2,1,2,3,0.5038546095341911,-0.44954075870857657,2
106,2,1,1,13,95, , , ,1,1,2,3,4,1,2,1,2,1,0.5038546095341911,0.28742141611982425,4
106,3,1,1,11,24, , , ,1,3,7,90, ,3,2,1,1,1,0.5038546095341911,-0.47265138859252864,2
106,3,2,1,13,12, , , ,1,1,2,6,90,3,2,1,1,1,0.5038546095341911,-0.47265138859252864,2
106,3,3,1,11,24, , , ,1,4,5,90, ,3,2,1,1,1,0.5038546095341911,-0.47265138859252864,2
106,4,1,1,11,13, , , ,1,1,2,9,8,2,2,1,1,3,0.5038546095341911,-0.6621885765542653,1
106,4,2,1,11,13, , , ,1,3,4,6,7,2,2,1,1,3,0.5038546095341911,-0.6621885765542653,1
106,5,1,2,13,95, , , ,2, , , , ,2,2,1,1,1,0.5038546095341911,0.10409922280640563,4
106,5,2,1,11,7, , , ,1,1,3,90, ,2,2,1,1,1,0.5038546095341911,0.10409922280640563,4
106,6,1,1,11,7, , , ,1,3,4,90, ,3,2,1,1,1,0.5038546095341911,-0.14805328628491413,4
106,6,2,1,13,2, , , ,1,1,2,5,90,3,2,1,1,1,0.5038546095341911,-0.14805328628491413,4
106,6,3,1,16,2, , , ,2, , , , ,3,2,1,1,1,0.5038546095341911,-0.14805328628491413,4
106,7,1,1,11,95, , , ,1,1,2,3,90,1,2,1,1,3,0.5038546095341911,-0.5453861583993321,2
106,8,1,1,12,12, , , ,1,1,2,5,6,2,2,1,1,3,0.5038546095341911,-0.6418837834933547,1
106,8,2,1,11,3, , , ,1,3,4,90, ,2,2,1,1,3,0.5038546095341911,-0.6418837834933547,1
106,9,1,1,12,12, , , ,1,1,2,3,90,1,2,1,1,3,0.5038546095341911,-0.5759014832949413,1
106,10,1,1,13,95, , , ,1,1,2,6,90,2,2,1,2,1,0.5038546095341911,-0.022099705692552915,4
106,10,2,1,11,24, , , ,1,4,3,5,90,2,2,1,2,1,0.5038546095341911,-0.022099705692552915,4
106,11,1,1,13,95, , , ,1,1,90, , ,1,2,1,2,1,0.5038546095341911,-0.392969387562463,3
106,12,1,1,13,95, , , ,1,1,2,90, ,3,2,1,2,1,0.5038546095341911,0.746662300023726,5
106,12,2,1,13,95, , , ,1,4,5,6,90,3,2,1,2,1,0.5038546095341911,0.746662300023726,5
106,12,3,1,13,95, , , ,2, , , , ,3,2,1,2,1,0.5038546095341911,0.746662300023726,5
106,14,1,1,11,1, , , ,1,3,90, , ,1,2,1,1,3,0.5038546095341911,-0.6058158796185189,1
106,17,1,1,13,95, , , ,1,2,90, , ,3,2,1,3,1,0.5038546095341911,2.581381567232406,5
106,17,2,1,13,95, , , ,2, , , , ,3,2,1,3,1,0.5038546095341911,2.581381567232406,5
106,17,3,1,11,24, , , ,2, , , , ,3,2,1,3,1,0.5038546095341911,2.581381567232406,5
106,18,1,1,13,8, , , ,1,1,2,3,4,1,2,1,1,1,0.5038546095341911,0.23715427716994436,4
106,20,1,1,13,15, , , ,1,1,2,3,90,1,2,1,1,1,0.5038546095341911,0.11711188831452676,4
106,21,1,1,13,24, , , ,1,2,3,4,90,1,2,1,1,3,0.5038546095341911,0.2914471323935383,4
106,22,1,1,12,6, , , ,1,1,2,90, ,2,2,1,2,3,0.5038546095341911,-0.401986363531172,3
106,22,2,1,11,6, , , ,2, , , , ,2,2,1,2,3,0.5038546095341911,-0.401986363531172,3
106,23,1,1,13,95, , , ,1,1,90, , ,4,2,1,2,1,0.5038546095341911,1.0631315674076864,5
106,23,2,1,13,95, , , ,1,2,3,4,90,4,2,1,2,1,0.5038546095341911,1.0631315674076864,5
106,23,3,1,13,95, , , ,2, , , , ,4,2,1,2,1,0.5038546095341911,1.0631315674076864,5
106,23,4,1,13,95, , , ,2, , , , ,4,2,1,2,1,0.5038546095341911,1.0631315674076864,5
106,24,1,1,11,12, , , ,1,1,90, , ,1,2,1,2,1,0.5038546095341911,0.6234168626964599,5
106,25,1,1,13,95, , , ,2, , , , ,2,2,1,2,2,0.5038546095341911,1.6876145109339584,5
106,25,2,1,13,95, , , ,2, , , , ,2,2,1,2,2,0.5038546095341911,1.6876145109339584,5
107,1,1,1,12,12, , , ,1,1,2,90, ,1,2,1,2,1,0.6685633481321376,0.19948429320722014,4
107,2,1,1,11,12, , , ,1,1,2,90, ,1,2,1,2,1,0.6685633481321376,-0.6672383950013424,1
107,4,1,1,11,13, , , ,1,1,2,90, ,3,2,1,3,1,0.6685633481321376,0.7454136539837056,5
107,4,2,1,11,13, , , ,2, , , , ,3,2,1,3,1,0.6685633481321376,0.7454136539837056,5
107,4,3,1,11,13, , , ,2, , , , ,3,2,1,3,1,0.6685633481321376,0.7454136539837056,5
107,5,1,1,13,95, , , ,1,1,2,6,5,3,2,1,2,1,0.6685633481321376,-0.009325001721814587,4
107,5,2,1,11,12, , , ,1,3,4,90, ,3,2,1,2,1,0.6685633481321376,-0.009325001721814587,4
107,5,3,1,11,12, , , ,2, , , , ,3,2,1,2,1,0.6685633481321376,-0.009325001721814587,4
107,6,1,1,11,12, , , ,1,1,2,3,90,3,2,1,2,1,0.6685633481321376,0.20437805060741046,4
107,6,2,1,13,95, , , ,2, , , , ,3,2,1,2,1,0.6685633481321376,0.20437805060741046,4
107,6,3,1,11,24, , , ,2, , , , ,3,2,1,2,1,0.6685633481321376,0.20437805060741046,4
107,7,1,1,11,12, , , ,1,1,2,7,8,2,2,1,3,1,0.6685633481321376,-0.017998067534518998,4
107,7,2,1,11,12, , , ,1,4,5,90, ,2,2,1,3,1,0.6685633481321376,-0.017998067534518998,4
107,8,1,1,12,12, , , ,1,1,2,90, ,3,2,1,2,3,0.6685633481321376,-0.6642327363451062,1
107,8,2,1,11,12, , , ,1,3,90, , ,3,2,1,2,3,0.6685633481321376,-0.6642327363451062,1
107,8,3,1,11,12, , , ,1,4,5,90, ,3,2,1,2,3,0.6685633481321376,-0.6642327363451062,1
107,9,1,1,11,95, , , ,1,1,6,7,5,3,2,1,2,3,0.6685633481321376,-0.23872104327238605,3
107,9,2,1,13,95, , , ,2, , , , ,3,2,1,2,3,0.6685633481321376,-0.23872104327238605,3
107,9,3,1,13,95, , , ,2, , , , ,3,2,1,2,3,0.6685633481321376,-0.23872104327238605,3
107,11,1,1,11,24, , , ,1,1,2,5,90,3,2,1,2,1,0.6685633481321376,-0.18439904644181976,3
107,11,2,1,11,24, , , ,1,6,3,4,90,3,2,1,2,1,0.6685633481321376,-0.18439904644181976,3
107,11,3,1,13,95, , , ,2, , , , ,3,2,1,2,1,0.6685633481321376,-0.18439904644181976,3
107,12,1,1,11,17, , , ,1,1,2,90, ,2,2,1,2,3,0.6685633481321376,-0.5217639589954818,2
107,12,2,1,11,17, , , ,2, , , , ,2,2,1,2,3,0.6685633481321376,-0.5217639589954818,2
107,14,1,1,11,17, , , ,2, , , , ,1,2,1,1,3,0.6685633481321376,-0.6672383950013424,1
107,15,1,1,13,95, , , ,1,1,2,7,90,1,2,1,1,3,0.6685633481321376,-0.4930936146671674,2
107,16,1,1,11,17, , , ,1,2,3,7,6,1,2,1,1,3,0.6685633481321376,-0.7123232748448871,1
107,17,1,1,11,12, , , ,1,1,2,3,90,1,2,1,1,3,0.6685633481321376,-0.6762553709700513,1
107,18,1,1,11,12, , , ,1,1,2,8,6,2,2,1,1,3,0.6685633481321376,-0.6474201906896845,1
107,18,2,1,11,12, , , ,1,4,5,3,7,2,2,1,1,3,0.6685633481321376,-0.6474201906896845,1
107,20,1,1,11,7, , , ,2, , , , ,3,2,1,2,3,0.6685633481321376,0.09947431568811463,4
107,20,2,1,12,7, , , ,2, , , , ,3,2,1,2,3,0.6685633481321376,0.09947431568811463,4
107,20,3,1,13,95, , , ,2, , , , ,3,2,1,2,3,0.6685633481321376,0.09947431568811463,4
107,21,1,1,11,12, , , ,1,4,6,90, ,2,2,1,1,3,0.6685633481321376,-0.7033062988761781,1
107,21,2,1,11,12, , , ,1,1,2,90, ,2,2,1,1,3,0.6685633481321376,-0.7033062988761781,1
107,23,1,1,11,12, , , ,1,1,2,6,5,2,2,1,2,1,0.6685633481321376,-0.6606805836203155,1
107,23,2,1,11,12, , , ,1,3,7,8,90,2,2,1,2,1,0.6685633481321376,-0.6606805836203155,1
107,25,1,1,11,3, , , ,1,1,2,3,4,2,2,1,2,1,0.6685633481321376,0.1021293658833827,4
107,25,2,1,11,3, , , ,2, , , , ,2,2,1,2,1,0.6685633481321376,0.1021293658833827,4
108,1,1,1,11,95, , , ,1,4,5,6,7,1,2,1,1,3,0.8758025739349585,-0.7123232748448871,1
108,2,1,1,11,12, , , ,1,1,2,3,90,1,2,1,2,3,0.8758025739349585,-0.6762553709700513,1
108,3,1,1,11,8, , , ,1,1,2,90, ,1,2,1,1,3,0.8758025739349585,-0.5668845073262324,2
108,8,1,1,11,12, , , ,1,1,5,4,6,1,2,1,1,3,0.8758025739349585,-0.6774475826952118,1
108,10,1,1,11,12, , , ,1,1,4,5,6,1,2,1,1,3,0.8758025739349585,-0.7033062988761781,1
108,12,1,1,11,15, , , ,1,1,2,3,4,1,2,1,1,3,0.8758025739349585,-0.5900246670400244,1
108,13,1,1,11,4, , , ,1,3,4,5,6,2,2,1,2,3,0.8758025739349585,0.4808828797875264,5
108,13,2,1,11,4, , , ,2, , , , ,2,2,1,2,3,0.8758025739349585,0.4808828797875264,5
108,15,1,1,12,8, , , ,1,6,7,2,90,1,2,1,1,3,0.8758025739349585,0.730385360702524,5
108,17,1,1,11,12, , , ,1,1,2,3,4,1,2,1,2,3,0.8758025739349585,-0.6852723469387603,1
108,18,1,1,11,5, , , ,1,1,2,3,90,1,2,1,2,3,0.8758025739349585,-0.6628501359565957,1
108,19,1,1,11,12, , , ,1,1,2,3,4,1,2,1,1,3,0.8758025739349585,-0.5939354352323593,1
108,20,1,1,11,12, , , ,1,2,3,4,90,1,2,1,2,1,0.8758025739349585,-0.198506253908625,3
108,21,1,1,11,14, , , ,1,1,2,3,90,1,2,1,2,3,0.8758025739349585,-0.4995018349190555,2
108,23,1,1,12,6, , , ,1,1,2,3,4,1,2,1,1,3,0.8758025739349585,-0.45637212806768673,2
109,1,1,1,13,95, , , ,1,2,90, , ,3,2,1,1,3,0.5709613243257647,-0.664261930901942,1
109,1,2,1,13,95, , , ,1,1,5,8,7,3,2,1,1,3,0.5709613243257647,-0.664261930901942,1
109,1,3,1,13,95, , , ,1,4,6,3,9,3,2,1,1,3,0.5709613243257647,-0.664261930901942,1
109,2,1,1,13,1, , , ,1,1,2,3,90,1,2,1,1,3,0.5709613243257647,-0.6762553709700513,1
109,3,1,2,11,12, , , ,2, , , , ,3,2,1,1,3,0.5709613243257647,-0.6942893229074693,1
109,3,2,2,13,24, , , ,2, , , , ,3,2,1,1,3,0.5709613243257647,-0.6942893229074693,1
109,3,3,2,13,24, , , ,2, , , , ,3,2,1,1,3,0.5709613243257647,-0.6942893229074693,1
109,11,1,1,12,6, , , ,1,1,90, , ,1,2,1,2,3,0.5709613243257647,-0.40043494877792335,3
109,16,1,1,11,12, , , ,2, , , , ,2,2,1,2,3,0.5709613243257647,-0.5721920325665447,2
109,16,2,1,11,12, , , ,2, , , , ,2,2,1,2,3,0.5709613243257647,-0.5721920325665447,2
109,17,1,1,12,95, , , ,2, , , , ,2,2,1,2,1,0.5709613243257647,0.22497430364200038,4
109,17,2,1,11,7, , , ,2, , , , ,2,2,1,2,1,0.5709613243257647,0.22497430364200038,4
109,18,1,1,11,11, , , ,1,1,2,7,6,2,2,1,1,1,0.5709613243257647,-0.5745235459686584,1
109,18,2,1,11,11, , , ,1,3,5,4,90,2,2,1,1,1,0.5709613243257647,-0.5745235459686584,1
109,19,1,1,12,1, , , ,2, , , , ,2,2,1,1,1,0.5709613243257647,-0.175756632688407,3
109,19,2,1,11,18, , , ,2, , , , ,2,2,1,1,1,0.5709613243257647,-0.175756632688407,3
109,20,1,1,12,24, , , ,2, , , , ,2,2,1,3,1,0.5709613243257647,-0.6732789068706508,1
109,20,2,1,11,7, , , ,2, , , , ,2,2,1,3,1,0.5709613243257647,-0.6732789068706508,1
109,21,1,1,11,24, , , ,2, , , , ,3,2,1,2,1,0.5709613243257647,-0.26018360568096577,3
109,21,2,1,11,24, , , ,2, , , , ,3,2,1,2,1,0.5709613243257647,-0.26018360568096577,3
109,21,3,1,11,24, , , ,2, , , , ,3,2,1,2,1,0.5709613243257647,-0.26018360568096577,3
109,22,1,1,12,95, , , ,2, , , , ,2,2,1,1,1,0.5709613243257647,-0.16074242120806906,4
109,22,2,1,11,24, , , ,2, , , , ,2,2,1,1,1,0.5709613243257647,-0.16074242120806906,4
110,1,1,1,11,24, , , ,1,1,2,3,4,1,2,1,1,3,0.6220014427116185,-0.6942893229074693,1
110,2,1,1,11,95, , , ,1,2,6,7,90,5,2,1,2,3,0.6220014427116185,-0.7213402508135961,1
110,2,2,1,13,5, , , ,2, , , , ,5,2,1,2,3,0.6220014427116185,-0.7213402508135961,1
110,2,3,2,11,95, , , ,2, , , , ,5,2,1,2,3,0.6220014427116185,-0.7213402508135961,1
110,2,4,1,12,6, , , ,2, , , , ,5,2,1,2,3,0.6220014427116185,-0.7213402508135961,1
110,2,5,1,16,95, , , ,2, , , , ,5,2,1,2,3,0.6220014427116185,-0.7213402508135961,1
110,4,1,2,11,12, , , ,2, , , , ,1,2,1,3,3,0.6220014427116185,-0.7123232748448871,1
110,5,1,1,13,95, , , ,1,2,7,90, ,4,2,1,1,3,0.6220014427116185,-0.7123232748448871,1
110,5,2,1,11,12, , , ,1,5,6,90, ,4,2,1,1,3,0.6220014427116185,-0.7123232748448871,1
110,5,3,1,13,95, , , ,1,4,3,90, ,4,2,1,1,3,0.6220014427116185,-0.7123232748448871,1
110,5,4,1,13,95, , , ,1,1,90, , ,4,2,1,1,3,0.6220014427116185,-0.7123232748448871,1
110,6,1,1,13,12, , , ,1,1,90, , ,1,2,1,2,3,0.6220014427116185,-0.43899175885491365,2
110,7,1,1,13,12, , , ,1,1,90, , ,2,2,1,2,1,0.6220014427116185,-0.6672383950013424,1
110,7,2,1,11,3, , , ,2, , , , ,2,2,1,2,1,0.6220014427116185,-0.6672383950013424,1
110,8,1,2,11,24, , , ,1,1,2,7,90,3,2,1,2,3,0.6220014427116185,-0.1939977659242705,3
110,8,2,2,11,24, , , ,1,3,90, , ,3,2,1,2,3,0.6220014427116185,-0.1939977659242705,3
110,8,3,2,11,24, , , ,1,4,5,6,90,3,2,1,2,3,0.6220014427116185,-0.1939977659242705,3
110,9,1,1,16,95, , , ,2, , , , ,2,2,1,1,3,0.6220014427116185,-0.6443376848942579,1
110,9,2,1,13,95, , , ,1,1,2,90, ,2,2,1,1,3,0.6220014427116185,-0.6443376848942579,1
110,10,1,1,11,6, , , ,1,1,2,3,4,2,2,1,2,3,0.6220014427116185,-0.6623716368316758,1
110,10,2,1,13,3, , , ,2, , , , ,2,2,1,2,3,0.6220014427116185,-0.6623716368316758,1
110,11,1,1,11,6, , , ,1,1,90, , ,1,2,1,2,3,0.6220014427116185,-0.6582214190326334,1
110,12,1,1,11,12, , , ,1,1,2,6,90,2,2,1,3,1,0.6220014427116185,0.2252862443257993,4
110,12,2,1,11,12, , , ,1,3,4,5,90,2,2,1,3,1,0.6220014427116185,0.2252862443257993,4
110,13,1,1,13,24, , , ,1,1,3,4,90,2,2,1,2,1,0.6220014427116185,-0.6852723469387603,1
110,13,2,1,13,24, , , ,1,2,90, , ,2,2,1,2,1,0.6220014427116185,-0.6852723469387603,1
110,14,1,1,11,24, , , ,1,3,6,90, ,3,2,1,3,1,0.6220014427116185,-0.7123232748448871,1
110,14,2,1,11,24, , , ,2, , , , ,3,2,1,3,1,0.6220014427116185,-0.7123232748448871,1
110,14,3,1,11,24, , , ,2, , , , ,3,2,1,3,1,0.6220014427116185,-0.7123232748448871,1
110,15,1,1,13,95, , , ,1,1,2,90, ,1,2,1,2,1,0.6220014427116185,-0.6672383950013424,1
110,16,1,1,13,95, , , ,1,2,5,6,90,3,2,1,1,1,0.6220014427116185,-0.7033062988761781,1
110,16,2,1,11,24, , , ,2, , , , ,3,2,1,1,1,0.6220014427116185,-0.7033062988761781,1
110,16,3,1,11,24, , , ,2, , , , ,3,2,1,1,1,0.6220014427116185,-0.7033062988761781,1
110,17,1,1,12,12, , , ,1,1,2,5,6,2,2,1,1,3,0.6220014427116185,-0.37099632432624274,3
110,17,2,1,12,12, , , ,2, , , , ,2,2,1,1,3,0.6220014427116185,-0.37099632432624274,3
110,19,1,2,11,12, , , ,1,1,2,90, ,3,2,1,2,3,0.6220014427116185,-0.5691571793534725,2
110,19,2,2,11,12, , , ,1,4,6,90, ,3,2,1,2,3,0.6220014427116185,-0.5691571793534725,2
110,19,3,2,11,12, , , ,1,3,5,7,90,3,2,1,2,3,0.6220014427116185,-0.5691571793534725,2
110,20,1,1,11,24, , , ,1,1,90, , ,1,2,1,2,1,0.6220014427116185,-0.6582214190326334,1
110,21,1,1,13,6, , , ,1,1,2,90, ,1,2,1,2,1,0.6220014427116185,-0.5900758984359136,1
110,22,1,1,13,15, , , ,1,1,2,3,90,1,2,1,2,1,0.6220014427116185,-0.6762553709700513,1
110,24,1,1,12,18, , , ,1,1,2,5,90,3,2,1,3,1,0.6220014427116185,0.07634449704399619,4
110,24,2,1,16,95, , , ,1,4,3,6,90,3,2,1,3,1,0.6220014427116185,0.07634449704399619,4
110,24,3,1,11,24, , , ,2, , , , ,3,2,1,3,1,0.6220014427116185,0.07634449704399619,4
110,25,1,1,11,12, , , ,1,1,2,10,90,3,2,1,2,1,0.6220014427116185,-0.6119337186825714,1
110,25,2,1,11,12, , , ,1,3,11,90, ,3,2,1,2,1,0.6220014427116185,-0.6119337186825714,1
110,25,3,1,11,12, , , ,1,4,12,90, ,3,2,1,2,1,0.6220014427116185,-0.6119337186825714,1
111,4,1,1,12,10, , , ,1,1,3,5,90,1,2,1,2,1,1.780441049202821,0.07642879176812696,4
111,5,1,1,13,3, , , ,1,0,0,90, ,1,2,1,1,3,1.780441049202821,-0.5722760724397375,1
111,8,1,1,13,12, , , ,1,2,6,7,8,1,2,1,1,3,1.780441049202821,-0.1137910576048626,4
111,10,1,1,13,95, , , ,1,1,2,3,90,1,2,1,1,3,1.780441049202821,-0.05673156030775416,4
111,11,1,1,13,14, , , ,2, , , , ,1,2,1,3,1,1.780441049202821,-0.07210379819777962,4
111,14,1,2,11,15, , , ,2, , , , ,1,2,1,1,3,1.780441049202821,-0.5102686836594272,2
111,15,1,1,11,24, , , ,1,1,90, , ,1,2,1,1,3,1.780441049202821,-0.45250166347356874,2
111,17,1,1,12,24, , , ,2, , , , ,1,2,1,2,3,1.780441049202821,0.10834536180712326,4
111,19,1,1,11,95, , , ,1,1,2,6,7,3,2,1,1,3,1.780441049202821,-0.5764262902387798,1
111,19,2,1,11,95, , , ,1,5,90, , ,3,2,1,1,3,1.780441049202821,-0.5764262902387798,1
111,19,3,1,11,95, , , ,2, , , , ,3,2,1,1,3,1.780441049202821,-0.5764262902387798,1
111,20,1,2,11,12, , , ,2, , , , ,1,2,1,1,3,1.780441049202821,-0.3694364188373101,3
111,21,1,1,12,6, , , ,1,1,2,3,90,1,2,1,1,1,1.780441049202821,-0.04368217717860155,4
111,22,1,2,11,14, , , ,2, , , , ,1,2,1,1,3,1.780441049202821,-0.36133040160173047,3
111,23,1,1,11,6, , , ,1,1,90, , ,3,2,1,1,3,1.780441049202821,0.017513305194629743,4
111,23,2,1,11,6, , , ,2, , , , ,3,2,1,1,3,1.780441049202821,0.017513305194629743,4
111,23,3,1,11,6, , , ,2, , , , ,3,2,1,1,3,1.780441049202821,0.017513305194629743,4
111,24,1,1,11,13, , , ,1,1,90, , ,1,2,1,3,3,1.780441049202821,-0.17387031695621752,3
111,25,1,1,26,24, ,2, ,1,1,2,4,90,3,2,1,2,3,1.780441049202821,-0.27980557598478417,3
111,25,2,1,26,24, ,2, ,1,3,90, , ,3,2,1,2,3,1.780441049202821,-0.27980557598478417,3
111,25,3,1,26,24, ,2, ,2, , , , ,3,2,1,2,3,1.780441049202821,-0.27980557598478417,3
112,1,1,1,12,12, , , ,1,1,2,90, ,1,2,1,2,3,0.8748374083860869,-0.47877320193910133,2
112,2,1,1,12,12, , , ,1,1,2,5,6,2,2,1,2,3,0.8748374083860869,-0.48922315007304934,2
112,2,2,1,12,12, , , ,2, , , , ,2,2,1,2,3,0.8748374083860869,-0.48922315007304934,2
112,3,1,1,12,15, , , ,1,1,2,90, ,2,2,1,2,3,0.8748374083860869,-0.5632590964710286,2
112,3,2,2,12,15, , , ,1,5,6,90, ,2,2,1,2,3,0.8748374083860869,-0.5632590964710286,2
112,4,1,1,12,12, , , ,1,1,2,9,90,1,2,1,2,3,0.8748374083860869,-0.18798073138830104,3
112,5,1,2,12,15, , , ,1,9,10,90, ,3,2,1,2,3,0.8748374083860869,-0.6622427983153338,1
112,5,2,2,12,15, , , ,2, , , , ,3,2,1,2,3,0.8748374083860869,-0.6622427983153338,1
112,5,3,2,12,15, , , ,2, , , , ,3,2,1,2,3,0.8748374083860869,-0.6622427983153338,1
112,6,1,1,13,24, , , ,1,1,2,5,90,8,2,1,3,1,0.8748374083860869,2.2893363917357017,5
112,6,2,1,12,15, , , ,1,3,4,90, ,8,2,1,3,1,0.8748374083860869,2.2893363917357017,5
112,6,3,1,12,15, , , ,2, , , , ,8,2,1,3,1,0.8748374083860869,2.2893363917357017,5
112,6,4,1,12,15, , , ,2, , , , ,8,2,1,3,1,0.8748374083860869,2.2893363917357017,5
112,6,5,1,12,15, , , ,2, , , , ,8,2,1,3,1,0.8748374083860869,2.2893363917357017,5
112,6,6,1,12,15, , , ,2, , , , ,8,2,1,3,1,0.8748374083860869,2.2893363917357017,5
112,6,7,1,12,15, , , ,2, , , , ,8,2,1,3,1,0.8748374083860869,2.2893363917357017,5
112,6,8,1,12,15, , , ,2, , , , ,8,2,1,3,1,0.8748374083860869,2.2893363917357017,5
112,8,1,1,13,13, , , ,1,1,2,5,6,3,2,1,2,3,0.8748374083860869,-0.418130075996872,3
112,8,2,1,13,13, , , ,1,3,4,90, ,3,2,1,2,3,0.8748374083860869,-0.418130075996872,3
112,8,3,1,12,98, , , ,2, , , , ,3,2,1,2,3,0.8748374083860869,-0.418130075996872,3
112,9,1,1,12,26, , , ,1,1,2,3,4,1,2,1,1,3,0.8748374083860869,-0.6587462259764719,1
112,10,1,2,13,14, , , ,1,3,90, , ,2,2,1,1,3,0.8748374083860869,-0.17409699724992542,3
112,10,2,2,13,14, , , ,2, , , , ,2,2,1,1,3,0.8748374083860869,-0.17409699724992542,3
112,11,1,1,12,12, , , ,1,1,2,3,4,1,2,1,2,3,0.8748374083860869,-0.5722760724397375,1
112,12,1,1,12,12, , , ,1,1,2,3,90,1,2,1,1,3,0.8748374083860869,-0.5535885377776748,2
112,13,1,1,13,7, , , ,1,1,2,90, ,1,2,1,2,3,0.8748374083860869,-0.4711891981356314,2
112,14,1,1,12,15, , , ,1,1,0,90, ,1,2,1,1,3,0.8748374083860869,-0.5452251445336107,2
112,15,1,1,12,12, , , ,1,1,2,3,4,1,2,1,1,3,0.8748374083860869,-0.42984600710539833,2
112,16,1,1,12,13, , , ,1,1,2,90, ,1,2,1,1,3,0.8748374083860869,-0.5313414103952351,2
112,17,1,1,98,95,2,2, ,1,1,90, , ,1,2,1,1,3,0.8748374083860869,-0.3294127155259369,3
112,19,1,1,12,12, , , ,1,1,2,6,7,1,2,1,2,3,0.8748374083860869,-0.6452207620234085,1
112,20,1,1,12,12, , , ,1,1,2,90, ,1,2,1,1,3,0.8748374083860869,-0.4439126435415058,2
112,21,1,1,12,24, , , ,1,1,2,3,4,2,2,1,1,3,0.8748374083860869,-0.3199596864069736,3
112,21,2,2,18,24, , , ,2, , , , ,2,2,1,1,3,0.8748374083860869,-0.3199596864069736,3
112,23,1,1,12,12, , , ,1,1,2,90, ,1,2,1,1,3,0.8748374083860869,-0.45689693501152523,2
112,24,1,1,12,95, , , ,1,1,2,3,90,2,2,1,2,3,0.8748374083860869,-0.549375362332653,2
112,24,2,1,13,95, , , ,1,4,90, , ,2,2,1,2,3,0.8748374083860869,-0.549375362332653,2
112,25,1,1,12,14, , , ,1,1,2,7,90,2,2,1,1,3,0.8748374083860869,-0.6382583726381509,1
112,25,2,1,12,14, , , ,2, , , , ,2,2,1,1,3,0.8748374083860869,-0.6382583726381509,1
113,2,1,1,13,24, , , ,1,1,2,3,90,1,2,1,1,3,0.5695446325866366,-0.1445281566912066,4
113,3,1,1,12,14, , , ,1,1,2,6,90,2,2,1,2,3,0.5695446325866366,-0.5469214609317498,2
113,3,2,1,12,14, , , ,2, , , , ,2,2,1,2,3,0.5695446325866366,-0.5469214609317498,2
113,5,1,1,12,24, , , ,1,1,2,6,7,1,2,1,3,3,0.5695446325866366,0.22355732621504534,4
113,6,1,1,12,12, , , ,1,1,90, , ,1,2,1,2,3,0.5695446325866366,-0.4928196051194962,2
113,7,1,1,12,95, , , ,2, , , , ,1,2,1,2,3,0.5695446325866366,-0.5018365810882052,2
113,9,1,1,11,12, , , ,1,1,90, , ,2,2,1,2,3,0.5695446325866366,-0.5018365810882052,2
113,9,2,1,11,12, , , ,2, , , , ,2,2,1,2,3,0.5695446325866366,-0.5018365810882052,2
113,10,1,1,13,24, , , ,1,1,2,3,4,1,2,1,1,3,0.5695446325866366,-0.5108535570569142,2
113,11,1,1,11,23, , , ,1,1,2,3,4,1,2,1,1,3,0.5695446325866366,-0.5108535570569142,2
113,12,1,1,98,12,2,2, ,1,1,2,4,90,2,2,1,1,3,0.5695446325866366,-0.5288875089943319,2
113,12,2,1,11,15, , , ,1,3,90, , ,2,2,1,1,3,0.5695446325866366,-0.5288875089943319,2
113,14,1,1,13,11, , , ,1,1,6,90, ,2,2,1,1,3,0.5695446325866366,-0.39473838947162626,3
113,14,2,2,13,11, , , ,1,2,7,90, ,2,2,1,1,3,0.5695446325866366,-0.39473838947162626,3
113,15,1,1,13,98, , , ,1,0,0,90, ,2,2,1,1,3,0.5695446325866366,-0.5542421205023196,2
113,15,2,1,11,14, , , ,1,1,90, , ,2,2,1,1,3,0.5695446325866366,-0.5542421205023196,2
113,17,1,1,13,24, , , ,1,1,2,90, ,1,2,1,1,3,0.5695446325866366,-0.3212798150730907,3
113,19,1,1,11,14, , , ,1,2,7,90, ,2,2,1,1,3,0.5695446325866366,-0.4928196051194962,2
113,19,2,1,11,14, , , ,1,5,8,90, ,2,2,1,1,3,0.5695446325866366,-0.4928196051194962,2
113,20,1,1,11,11, , , ,1,1,2,3,90,1,2,1,1,3,0.5695446325866366,-0.29990788621890685,3
113,22,1,1,11,12, , , ,1,1,90, , ,1,2,1,2,3,0.5695446325866366,-0.4928196051194962,2
113,23,1,1,11,14, , , ,2, , , , ,1,2,1,1,3,0.5695446325866366,-0.5063450690725596,2
113,25,1,1,98,95,2,2, ,2, , , , ,1,2,1,1,3,0.5695446325866366,-0.5108535570569142,2
114,1,1,1,11,5, , , ,1,3,4,5,6,1,2,1,1,3,0.5005725967050211,0.206854012359258,4
114,2,1,1,11,12, , , ,1,1,90, , ,2,2,1,1,3,0.5005725967050211,-0.5931734927946062,1
114,2,2,1,11,12, , , ,2, , , , ,2,2,1,1,3,0.5005725967050211,-0.5931734927946062,1
114,3,1,1,11,12, , , ,1,1,90, , ,1,2,1,2,3,0.5005725967050211,-0.483069642521791,2
114,8,1,1,11,98, , , ,2, , , , ,1,2,1,1,3,0.5005725967050211,-0.5739723888378766,1
114,11,1,1,11,12, , , ,1,1,90, , ,1,2,1,1,3,0.5005725967050211,-0.5011035944592089,2
114,12,1,1,13,98, , , ,1,1,2,8,9,1,2,1,2,1,0.5005725967050211,-0.21322098989296123,3
114,13,1,2,11,12, , , ,2, , , , ,3,2,1,1,1,0.5005725967050211,-0.5582296692593427,2
114,13,2,2,11,12, , , ,2, , , , ,3,2,1,1,1,0.5005725967050211,-0.5582296692593427,2
114,13,3,2,11,12, , , ,1,3,90, , ,3,2,1,1,1,0.5005725967050211,-0.5582296692593427,2
114,15,1,1,98,7,2,2, ,2, , , , ,1,2,1,2,2,0.5005725967050211,-0.5812930484084465,1
114,16,1,1,11,12, , , ,1,1,2,90, ,1,2,1,1,3,0.5005725967050211,-0.2719448974584543,3
114,17,1,1,12,25, , , ,1,1,2,3,90,1,2,1,2,3,0.5005725967050211,-0.5403583863639441,2
114,18,1,1,11,18, , , ,1,1,2,3,90,1,2,1,2,3,0.5005725967050211,-0.42960095336648413,2
114,19,1,1,11,12, , , ,1,1,2,3,4,1,2,1,3,1,0.5005725967050211,-0.2818389294802377,3
114,20,1,1,11,12, , , ,1,1,2,7,8,2,2,1,2,3,0.5005725967050211,-0.6857971538825988,1
114,20,2,1,11,12, , , ,1,4,5,6,90,2,2,1,2,3,0.5005725967050211,-0.6857971538825988,1
114,22,1,2,98,5,2,2, ,1,1,2,4,90,1,2,1,2,3,0.5005725967050211,0.2992917402243783,4
114,23,1,1,11,12, , , ,2, , , , ,1,2,1,1,3,0.5005725967050211,-0.5223244344265261,2
114,25,1,1,11,12, , , ,1,1,4,5,90,1,2,1,2,3,0.5005725967050211,-0.5261793396862358,2
115,1,1,1,13,95, , , ,1,1,2,90, ,1,2,1,1,3,0.4987417566435046,-0.4577963776798814,2
115,3,1,1,11,24, , , ,2, , , , ,3,2,1,1,3,0.4987417566435046,-0.5489707843284224,2
115,3,2,1,11,24, , , ,1,2,90, , ,3,2,1,1,3,0.4987417566435046,-0.5489707843284224,2
115,3,3,1,13,1, , , ,2, , , , ,3,2,1,1,3,0.4987417566435046,-0.5489707843284224,2
115,5,1,1,11,98, , , ,2, , , , ,2,2,1,2,3,0.4987417566435046,-0.5993270003458644,1
115,5,2,1,11,98, , , ,2, , , , ,2,2,1,2,3,0.4987417566435046,-0.5993270003458644,1
115,6,1,1,11,12, , , ,1,5,6,1,90,1,2,1,2,3,0.4987417566435046,-0.4621722221669225,2
115,7,1,1,11,24, , , ,1,1,90, , ,1,2,1,2,3,0.4987417566435046,-0.25480958198459536,3
115,9,1,1,13,98, , , ,1,1,3,90, ,2,2,1,1,3,0.4987417566435046,-0.6500875201930753,1
115,9,2,1,11,98, , , ,2, , , , ,2,2,1,1,3,0.4987417566435046,-0.6500875201930753,1
115,10,1,2,11,11, , , ,1,1,2,9,90,3,2,1,1,3,0.4987417566435046,-0.5679002279526965,2
115,10,2,2,13,24, , , ,2, , , , ,3,2,1,1,3,0.4987417566435046,-0.5679002279526965,2
115,10,3,2,13,24, , , ,2, , , , ,3,2,1,1,3,0.4987417566435046,-0.5679002279526965,2
115,11,1,1,11,22, , , ,2, , , , ,1,2,1,1,3,0.4987417566435046,-0.5993270003458644,1
115,12,1,1,11,98, , , ,2, , , , ,1,2,1,1,3,0.4987417566435046,-0.5722760724397375,1
115,13,1,2,11,12, , , ,1,1,90, , ,1,2,1,1,3,0.4987417566435046,-0.6636129841461386,1
115,14,1,1,11,24, , , ,1,1,2,6,9,2,2,1,1,3,0.4987417566435046,-0.6076903935899286,1
115,14,2,1,11,24, , , ,1,3,7,90, ,2,2,1,1,3,0.4987417566435046,-0.6076903935899286,1
115,15,1,1,11,24, , , ,1,1,2,3,4,1,2,1,1,3,0.4987417566435046,-0.5722760724397375,1
115,16,1,1,11,12, , , ,1,1,2,90, ,2,2,1,1,3,0.4987417566435046,-0.5497336325179653,2
115,16,2,1,11,12, , , ,1,3,90, , ,2,2,1,1,3,0.4987417566435046,-0.5497336325179653,2
115,17,1,2,11,14, , , ,1,1,2,90, ,1,2,1,1,3,0.4987417566435046,-0.6906639120522654,1
115,18,1,1,12,11, , , ,2, , , , ,1,2,1,1,3,0.4987417566435046,-0.5452251445336107,2
115,20,1,1,11,23, , , ,2, , , , ,2,2,1,1,3,0.4987417566435046,-0.5632590964710286,2
115,20,2,1,11,23, , , ,2, , , , ,2,2,1,1,3,0.4987417566435046,-0.5632590964710286,2
115,21,1,1,11,24, , , ,1,1,2,5,90,2,2,1,1,3,0.4987417566435046,-0.5812930484084465,1
115,21,2,1,11,24, , , ,1,3,4,90, ,2,2,1,1,3,0.4987417566435046,-0.5812930484084465,1
115,22,1,2,11,23, , , ,2, , , , ,1,2,1,1,3,0.4987417566435046,-0.5903100243771554,1
115,23,1,1,12,98, , , ,1,1,6,90, ,2,2,1,1,3,0.4987417566435046,-0.5903100243771554,1
115,23,2,1,12,98, , , ,2, , , , ,2,2,1,1,3,0.4987417566435046,-0.5903100243771554,1
115,24,1,1,11,12, , , ,1,2,90, , ,3,2,1,1,3,0.4987417566435046,-0.5632590964710286,2
115,24,2,1,11,12, , , ,1,4,5,6,90,3,2,1,1,3,0.4987417566435046,-0.5632590964710286,2
115,24,3,1,11,12, , , ,2, , , , ,3,2,1,1,3,0.4987417566435046,-0.5632590964710286,2
115,25,1,1,11,95, , , ,1,1,2,4,5,1,2,1,1,3,0.4987417566435046,-0.4443833239684188,2
116,1,1,2,11,12, , , ,1,1,90, , ,1,2,1,2,1,1.0653516146575812,-0.5127865192304858,2
116,2,1,2,11,12, , , ,2, , , , ,1,2,1,2,1,1.0653516146575812,-0.5223244344265261,2
116,4,1,1,11,24, , , ,1,3,90, , ,2,2,1,1,3,1.0653516146575812,-0.5448668743482985,2
116,4,2,1,11,24, , , ,2, , , , ,2,2,1,1,3,1.0653516146575812,-0.5448668743482985,2
116,6,1,1,11,98, , , ,1,1,2,3,4,1,2,1,1,1,1.0653516146575812,-0.21627011810448246,3
116,7,1,2,11,12, , , ,2, , , , ,1,2,1,2,1,1.0653516146575812,-0.5172950072148402,2
116,8,1,1,11,12, , , ,1,1,3,4,90,1,2,1,2,1,1.0653516146575812,0.03937153825155536,4
116,9,1,1,12,95, , , ,2, , , , ,1,2,1,1,3,1.0653516146575812,-0.3292500464839177,3
116,12,1,1,12,95, , , ,1,1,2,90, ,1,2,1,1,3,1.0653516146575812,-0.42569578930635604,2
116,13,1,1,11,12, , , ,1,1,2,6,7,2,2,1,2,3,1.0653516146575812,-0.5677675844553831,2
116,13,2,2,11,12, , , ,2, , , , ,2,2,1,2,3,1.0653516146575812,-0.5677675844553831,2
116,14,1,1,11,98, , , ,1,1,3,90, ,2,2,1,2,3,1.0653516146575812,-0.014323616146804446,4
116,14,2,1,11,98, , , ,2, , , , ,2,2,1,2,3,1.0653516146575812,-0.014323616146804446,4
116,16,1,1,11,25, , , ,2, , , , ,1,2,1,1,3,1.0653516146575812,-0.4022295979534794,3
116,18,1,1,11,95, , , ,1,0,0,90, ,1,2,1,1,3,1.0653516146575812,-0.5944602421761976,1
116,21,1,2,11,12, , , ,1,1,2,9,10,1,2,1,1,3,1.0653516146575812,-0.5404910298612574,2
116,22,1,2,11,98, , , ,2, , , , ,1,2,1,3,1,1.0653516146575812,-0.02156731174890921,4
116,24,1,1,13,25, , , ,2, , , , ,1,2,1,1,3,1.0653516146575812,-0.5223244344265261,2
116,25,1,1,11,12, , , ,2, , , , ,1,2,1,1,3,1.0653516146575812,-0.1629805053208596,4
117,7,1,1,11,14, , , ,1,1,2,90, ,2,2,1,2,3,1.0599694426907833,-0.6636129841461386,1
117,7,2,1,11,14, , , ,1,3,4,90, ,2,2,1,2,3,1.0599694426907833,-0.6636129841461386,1
117,11,1,1,98,95,2,2, ,1,1,2,6,7,1,2,1,1,3,1.0599694426907833,-0.6681214721304931,1
117,12,1,1,13,18, , , ,1,1,2,4,5,1,2,1,1,2,1.0599694426907833,-0.6816469360835565,1
117,13,1,1,12,24, , , ,1,1,2,3,4,1,2,1,1,3,1.0599694426907833,-0.6726299601148475,1
117,17,1,1,11,12, , , ,1,1,2,90, ,1,2,1,2,3,1.0599694426907833,-0.4928196051194962,2
117,18,1,1,11,14, , , ,1,1,90, , ,1,2,1,1,3,1.0599694426907833,-0.611207444732024,1
117,22,1,1,11,14, , , ,1,2,6,90, ,1,2,1,1,3,1.0599694426907833,-0.6636129841461386,1
117,23,1,1,12,8, , , ,2, , , , ,1,2,1,1,3,1.0599694426907833,-0.6455790322087207,1
118,1,1,1,13,95, , , ,1,1,5,90, ,2,2,1,2,1,1.1179733042853195,-0.26725880562106574,3
118,1,2,1,13,95, , , ,1,2,3,4,90,2,2,1,2,1,1.1179733042853195,-0.26725880562106574,3
118,3,1,1,98,95,2,2, ,1,1,2,90, ,1,2,1,2,1,1.1179733042853195,0.09240483173701353,4
118,4,1,1,13,95, , , ,1,1,2,3,90,1,2,1,1,1,1.1179733042853195,-0.513048117897339,2
118,5,1,1,12,19, , , ,1,1,12,9,90,1,2,1,1,1,1.1179733042853195,-0.27934985018375663,3
118,6,1,1,12,1, , , ,1,1,2,3,90,1,2,1,3,1,1.1179733042853195,-0.22336554197731978,3
118,8,1,1,13,8, , , ,1,1,2,4,90,1,2,1,2,1,1.1179733042853195,0.48416590598618936,5
118,10,1,1,98,95,8,2, ,1,2,7,90, ,1,2,1,2,1,1.1179733042853195,0.14464438802143853,4
118,13,1,1,13,10, , , ,1,1,2,9,90,1,2,1,1,1,1.1179733042853195,0.1766427132170235,4
118,14,1,1,13,95, , , ,1,1,2,3,4,1,2,1,1,1,1.1179733042853195,-0.29205693236810953,3
118,16,1,1,11,95, , , ,1,1,9,4,3,1,2,1,1,3,1.1179733042853195,-0.43458603333526197,2
118,17,1,1,13,95, , , ,1,1,2,3,90,1,2,1,2,1,1.1179733042853195,0.6120586544575084,5
118,19,1,1,13,26, , , ,1,1,90, , ,2,2,1,2,1,1.1179733042853195,1.2242083666838548,5
118,19,2,1,13,26, , , ,1,2,3,4,90,2,2,1,2,1,1.1179733042853195,1.2242083666838548,5
118,20,1,1,21,95, ,2, ,1,2,3,4,5,1,2,1,1,1,1.1179733042853195,-0.012169401781603632,4
118,22,1,1,13,95, , , ,1,1,2,3,90,2,2,1,2,1,1.1179733042853195,-0.16113428840568023,4
118,22,2,1,13,95, , , ,1,4,5,90, ,2,2,1,2,1,1.1179733042853195,-0.16113428840568023,4
118,23,1,1,13,12, , , ,1,1,2,3,4,1,2,1,1,1,1.1179733042853195,-0.5017584699013901,2
118,25,1,1,11,95, , , ,1,1,2,5,4,1,2,1,1,1,1.1179733042853195,0.5411592587032352,5
119,1,1,1,13,12, , , ,1,1,2,6,7,1,2,1,3,1,1.2680177854014854,0.6096612845164564,5
119,2,1,1,13,12, , , ,1,1,5,3,4,1,2,1,3,1,1.2680177854014854,0.3365294879181131,4
119,3,1,1,12,95, , , ,1,1,2,5,4,1,2,1,2,1,1.2680177854014854,0.35272672839424213,4
119,4,1,1,12,24, , , ,1,1,2,7,90,1,2,1,2,1,1.2680177854014854,0.27780409622783303,4
119,5,1,1,12,3, , , ,1,1,2,7,90,1,2,1,1,1,1.2680177854014854,-0.3072446035858524,3
119,6,1,1,12,12, , , ,1,1,2,90, ,1,2,1,1,1,1.2680177854014854,0.002134585012976695,4
119,7,1,1,13,24, , , ,1,1,2,3,4,1,2,1,2,1,1.2680177854014854,-0.5042761956675443,2
119,8,1,1,13,98, , , ,1,1,8,7,90,2,2,1,3,1,1.2680177854014854,0.566020878087003,5
119,8,2,2,13,98, , , ,1,2,90, , ,2,2,1,3,1,1.2680177854014854,0.566020878087003,5
119,9,1,1,12,0, , , ,1,1,2,6,90,1,2,1,3,1,1.2680177854014854,-0.35213087405715643,3
119,10,1,1,13,12, , , ,1,2,3,4,90,1,2,1,1,1,1.2680177854014854,0.3498206707325233,4
119,13,1,1,31,95,1,2, ,1,3,4,5,90,3,2,1,1,1,1.2680177854014854,0.12372615542799772,4
119,13,2,1,31,95,1,2, ,1,2,8,90, ,3,2,1,1,1,1.2680177854014854,0.12372615542799772,4
119,13,3,1,31,95,1,2, ,1,6,7,1,90,3,2,1,1,1,1.2680177854014854,0.12372615542799772,4
119,14,1,1,12,95, , , ,1,1,2,90, ,1,2,1,2,1,1.2680177854014854,0.042008653895776835,4
119,16,1,1,13,95, , , ,1,1,2,7,8,1,2,1,1,1,1.2680177854014854,0.36615337415957444,4
119,17,1,2,98,5,1,2, ,2, , , , ,1,2,1,1,1,1.2680177854014854,-0.16339520483713846,4
119,19,1,1,13,95, , , ,1,1,2,14,15,2,2,1,2,1,1.2680177854014854,0.5483869203166902,5
119,19,2,1,13,95, , , ,1,4,6,5,7,2,2,1,2,1,1.2680177854014854,0.5483869203166902,5
119,21,1,1,13,95, , , ,1,1,4,90, ,1,2,1,1,1,1.2680177854014854,0.34579151762573634,4
119,22,1,9,12,95, , , ,1,1,2,3,4,1,2,1,3,1,1.2680177854014854,0.1347846753745941,4
119,24,1,1,13,0, , , ,1,15,90, , ,1,2,1,2,1,1.2680177854014854,-0.40750680993645244,3
120,1,1,1,13,95, , , ,1,1,2,11,90,3,2,1,1,1,0.6296772051961449,-0.3167169496348542,3
120,1,2,1,13,95, , , ,1,3,4,5,10,3,2,1,1,1,0.6296772051961449,-0.3167169496348542,3
120,1,3,1,13,95, , , ,1,6,7,8,9,3,2,1,1,1,0.6296772051961449,-0.3167169496348542,3
120,2,1,1,12,95, , , ,1,1,2,90, ,1,2,1,1,3,0.6296772051961449,-0.1664974924082231,4
120,3,1,1,13,95, , , ,2, , , , ,1,2,1,1,3,0.6296772051961449,-0.17873401542159403,3
120,4,1,1,13,95, , , ,1,1,2,5,6,1,2,1,1,1,0.6296772051961449,-0.3353536771940413,3
120,6,1,1,13,24, , , ,1,1,2,3,4,1,2,1,1,1,0.6296772051961449,-0.079620059991231,4
120,7,1,1,13,95, , , ,1,1,2,90, ,1,2,1,1,3,0.6296772051961449,0.19257055120902625,4
120,8,1,1,11,24, , , ,1,1,2,7,8,2,2,1,1,1,0.6296772051961449,-0.6163982256562881,1
120,8,2,1,11,24, , , ,1,3,4,5,6,2,2,1,1,1,0.6296772051961449,-0.6163982256562881,1
120,9,1,1,13,95, , , ,1,4,90, , ,1,2,1,2,1,0.6296772051961449,-0.303407216848251,3
120,10,1,1,13,95, , , ,1,2,10,90, ,2,2,1,3,1,0.6296772051961449,1.0290915947110546,5
120,10,2,1,13,95, , , ,1,6,4,5,90,2,2,1,3,1,0.6296772051961449,1.0290915947110546,5
120,11,1,1,11,24, , , ,1,3,4,90, ,1,2,1,2,1,0.6296772051961449,-0.17035787984065837,4
120,12,1,1,12,95, , , ,1,1,90, , ,1,2,1,2,3,0.6296772051961449,0.5836863165800408,5
120,16,1,1,13,95, , , ,1,1,2,6,90,1,2,1,1,1,0.6296772051961449,-0.49801038604376024,2
120,17,1,1,16,95, , , ,2, , , , ,3,2,1,1,3,0.6296772051961449,-0.5843178705384753,1
120,17,2,1,16,95, , , ,2, , , , ,3,2,1,1,3,0.6296772051961449,-0.5843178705384753,1
120,17,3,1,16,95, , , ,2, , , , ,3,2,1,1,3,0.6296772051961449,-0.5843178705384753,1
120,18,1,1,18,95, , , ,1,1,2,7,90,1,2,1,1,3,0.6296772051961449,-0.4559890689169021,2
120,19,1,1,16,95, , , ,1,2,1,6,7,2,2,1,1,3,0.6296772051961449,-0.5702566089961967,2
120,19,2,1,16,95, , , ,1,3,4,5,90,2,2,1,1,3,0.6296772051961449,-0.5702566089961967,2
120,20,1,1,98,95,2,2, ,1,1,2,90, ,1,2,1,1,1,0.6296772051961449,-0.3430667096663145,3
120,21,1,1,13,24, , , ,1,1,2,90, ,1,2,1,1,3,0.6296772051961449,-0.35628876396643694,3
120,22,1,1,11,14, , , ,1,1,2,90, ,2,2,1,1,1,0.6296772051961449,0.5455655596533049,5
120,22,2,1,11,14, , , ,1,3,4,90, ,2,2,1,1,1,0.6296772051961449,0.5455655596533049,5
120,23,1,1,13,95, , , ,1,1,2,90, ,1,2,1,1,1,0.6296772051961449,-0.17152691961990896,4
120,25,1,1,16,95, , , ,1,1,2,7,90,1,2,1,1,1,0.6296772051961449,-0.08907308911019438,4
121,1,1,1,11,98, , , ,1,1,2,3,90,1,2,1,1,1,0.9502730471597223,-0.3719214153606599,3
121,2,1,1,11,12, , , ,1,1,2,3,4,1,2,1,1,1,0.9502730471597223,0.5291738292127713,5
121,3,1,1,12,98, , , ,1,1,2,3,4,1,2,1,1,1,0.9502730471597223,0.14359153440132244,4
121,4,1,1,11,24, , , ,1,3,13,7,90,1,2,1,1,1,0.9502730471597223,0.19528570588491828,4
121,5,1,1,13,95, , , ,1,6,8,1,90,1,2,1,2,1,0.9502730471597223,0.2398270154720155,4
121,6,1,1,11,13, , , ,1,2,6,90, ,2,2,1,1,3,0.9502730471597223,-0.2007391501127695,3
121,6,2,2,11,13, , , ,1,4,5,90, ,2,2,1,1,3,0.9502730471597223,-0.2007391501127695,3
121,9,1,1,98,95,8,2, ,1,1,6,90, ,1,2,1,9,1,0.9502730471597223,0.6045076085512209,5
121,10,1,1,11,24, , , ,1,1,2,90, ,1,2,1,1,1,0.9502730471597223,-0.07383434798817888,4
121,13,1,1,99,24,9,9, ,1,1,2,3,90,1,2,1,1,3,0.9502730471597223,-0.6231007247133716,1
121,15,1,1,11,24, , , ,1,1,2,4,5,1,2,1,1,3,0.9502730471597223,-0.4350759156288285,2
121,17,1,1,13,95, , , ,1,1,2,9,10,4,2,1,1,1,0.9502730471597223,0.48161002967962924,5
121,17,2,1,13,95, , , ,1,3,5,7,90,4,2,1,1,1,0.9502730471597223,0.48161002967962924,5
121,17,3,1,13,95, , , ,1,4,6,8,90,4,2,1,1,1,0.9502730471597223,0.48161002967962924,5
121,17,4,2,13,95, , , ,1,11,12,90, ,4,2,1,1,1,0.9502730471597223,0.48161002967962924,5
121,18,1,1,11,95, , , ,1,1,11,90, ,1,2,1,3,1,0.9502730471597223,0.5462867669099373,5
121,22,1,1,12,12, , , ,1,1,2,3,90,1,2,1,3,1,0.9502730471597223,0.3538964327401198,4
121,25,1,1,13,95, , , ,1,2,8,90, ,1,2,1,1,1,0.9502730471597223,-0.5624807312100654,2
122,1,1,1,13,95, , , ,1,1,2,3,90,1,2,1,1,3,0.9553458883841036,-0.5713133458127433,2
122,2,1,1,13,95, , , ,1,1,2,3,90,1,2,1,1,1,0.9553458883841036,0.1525044454549759,4
122,6,1,1,13,95, , , ,1,2,1,3,90,1,2,1,1,3,0.9553458883841036,-0.5713133458127433,2
122,8,1,1,12,95, , , ,1,1,2,5,90,2,2,1,2,1,0.9553458883841036,-0.4432192790196558,2
122,8,2,1,13,95, , , ,1,3,4,6,90,2,2,1,2,1,0.9553458883841036,-0.4432192790196558,2
122,9,1,1,13,24, , , ,1,1,2,3,90,2,2,1,1,3,0.9553458883841036,-0.5713133458127433,2
122,9,2,1,16,95, , , ,2, , , , ,2,2,1,1,3,0.9553458883841036,-0.5713133458127433,2
122,11,1,2,13,95, , , ,1,1,2,5,6,1,2,1,2,1,0.9553458883841036,-0.07383434798817888,4
122,12,1,1,13,24, , , ,1,1,2,3,90,1,2,1,1,1,0.9553458883841036,-0.4258389098068827,2
122,15,1,1,11,95, , , ,1,3,4,5,90,1,2,1,1,1,0.9553458883841036,-0.04718566675535879,4
122,16,1,1,12,3, , , ,1,1,2,3,4,1,2,1,2,1,0.9553458883841036,-0.18956087155732687,3
122,17,1,1,13,95, , , ,1,1,2,9,8,2,2,1,2,1,0.9553458883841036,-0.054825680686366764,4
122,17,2,1,13,95, , , ,1,3,4,5,7,2,2,1,2,1,0.9553458883841036,-0.054825680686366764,4
122,18,1,1,11,12, , , ,1,1,2,3,4,2,2,1,1,1,0.9553458883841036,-0.5803303217814523,1
122,18,2,1,11,12, , , ,2, , , , ,2,2,1,1,1,0.9553458883841036,-0.5803303217814523,1
122,20,1,2,13,95, , , ,1,4,5,6,7,1,2,1,1,1,0.9553458883841036,-0.5070273620124692,2
122,23,1,1,13,12, , , ,1,1,2,90, ,1,2,1,1,3,0.9553458883841036,-0.3791346135411503,3
122,24,1,1,12,95, , , ,1,1,2,9,90,1,2,1,1,1,0.9553458883841036,-0.3218282132409778,3
122,25,1,1,11,24, , , ,1,1,2,6,7,2,2,1,1,3,0.9553458883841036,-0.6073812496875791,1
122,25,2,1,11,24, , , ,1,3,4,5,90,2,2,1,1,3,0.9553458883841036,-0.6073812496875791,1
123,2,1,1,98,12,1,2, ,1,1,90, , ,1,2,1,1,3,0.47198817265723947,-0.4127915048828366,3
123,4,1,1,13,24, , , ,1,1,90, , ,1,2,1,1,3,0.47198817265723947,-0.3463824424866411,3
123,6,1,1,13,24, , , ,1,1,2,13,14,3,2,1,2,3,0.47198817265723947,-0.6280650341587393,1
123,6,2,1,13,24, , , ,1,3,4,5,6,3,2,1,2,3,0.47198817265723947,-0.6280650341587393,1
123,6,3,1,13,24, , , ,1,7,8,9,10,3,2,1,2,3,0.47198817265723947,-0.6280650341587393,1
123,13,1,1,13,95, , , ,1,1,2,8,7,2,2,1,1,1,0.47198817265723947,-0.19293685929087656,3
123,13,2,1,13,95, , , ,1,3,4,5,6,2,2,1,1,1,0.47198817265723947,-0.19293685929087656,3
123,14,1,1,12,95, , , ,1,1,2,6,90,2,2,1,1,3,0.47198817265723947,-0.545938240208836,2
123,14,2,2,13,95, , , ,1,3,4,5,90,2,2,1,1,3,0.47198817265723947,-0.545938240208836,2
123,16,1,1,13,24, , , ,1,3,4,5,90,1,2,1,1,3,0.47198817265723947,-0.6100310822213214,1
123,22,1,1,13,95, , , ,1,1,2,3,90,1,2,1,1,3,0.47198817265723947,-0.45746479691988556,2
123,25,1,1,13,95, , , ,1,1,2,11,12,3,2,1,1,1,0.47198817265723947,-0.6547113840606354,1
123,25,2,1,13,95, , , ,1,13,14,15,7,3,2,1,1,1,0.47198817265723947,-0.6547113840606354,1
123,25,3,1,13,95, , , ,1,3,4,5,10,3,2,1,1,1,0.47198817265723947,-0.6547113840606354,1
124,2,1,2,13,95, , , ,1,1,2,3,90,1,2,1,1,3,0.36842893134745924,-0.6013723764379246,1
124,5,1,1,13,95, , , ,1,1,2,90, ,1,2,1,1,3,0.36842893134745924,-0.6545960081774296,1
124,9,1,1,13,95, , , ,1,1,2,7,8,1,2,1,1,3,0.36842893134745924,-0.6226646677179235,1
124,10,1,1,13,95, , , ,1,3,4,5,90,2,2,1,2,3,0.36842893134745924,-0.48048046232729563,2
124,10,2,2,13,95, , , ,1,1,2,90, ,2,2,1,2,3,0.36842893134745924,-0.48048046232729563,2
124,11,1,1,13,95, , , ,1,1,2,90, ,3,2,1,2,1,0.36842893134745924,-0.05378879859182173,4
124,11,2,1,13,95, , , ,1,3,5,90, ,3,2,1,2,1,0.36842893134745924,-0.05378879859182173,4
124,11,3,1,13,95, , , ,1,4,90, , ,3,2,1,2,1,0.36842893134745924,-0.05378879859182173,4
124,12,1,1,13,95, , , ,1,1,2,90, ,2,2,1,2,1,0.36842893134745924,-0.025203706787273922,4
124,12,2,1,13,95, , , ,1,3,90, , ,2,2,1,2,1,0.36842893134745924,-0.025203706787273922,4
124,14,1,1,13,95, , , ,1,1,2,90, ,2,2,1,1,3,0.36842893134745924,-0.6816469360835565,1
124,14,2,1,13,95, , , ,1,3,4,5,90,2,2,1,1,3,0.36842893134745924,-0.6816469360835565,1
124,15,1,9,11,12, , , ,1,1,2,3,90,1,2,1,1,3,0.36842893134745924,-0.6636129841461386,1
124,17,1,1,13,5, , , ,1,1,90, , ,1,2,1,1,3,0.36842893134745924,-0.6315326290283259,1
124,18,1,2,98,95,1,2, ,1,1,2,90, ,2,2,1,2,3,0.36842893134745924,-0.16266784443829507,4
124,18,2,2,98,95,1,2, ,1,3,4,5,90,2,2,1,2,3,0.36842893134745924,-0.16266784443829507,4
124,23,1,1,12,24, , , ,1,1,2,8,6,3,2,1,2,3,0.36842893134745924,-0.36487819746321337,3
124,23,2,1,12,24, , , ,1,9,7,90, ,3,2,1,2,3,0.36842893134745924,-0.36487819746321337,3
124,23,3,1,12,24, , , ,1,3,4,5,90,3,2,1,2,3,0.36842893134745924,-0.36487819746321337,3
126,1,1,1,12,95, , , ,1,1,2,90, ,3,2,1,3,1,1.0349398211695746,0.314926261930154,4
126,1,2,1,13,15, , , ,2, , , , ,3,2,1,3,1,1.0349398211695746,0.314926261930154,4
126,1,3,1,13,15, , , ,2, , , , ,3,2,1,3,1,1.0349398211695746,0.314926261930154,4
126,2,1,1,12,95, , , ,1,1,90, , ,1,2,1,1,3,1.0349398211695746,0.19926742800379674,4
126,4,1,1,12,12, , , ,1,1,2,3,90,1,2,1,2,3,1.0349398211695746,0.5319946572132173,5
126,5,1,1,98,95,2,2, ,1,1,2,6,90,1,2,1,3,1,1.0349398211695746,0.44203277346575576,5
126,7,1,1,12,95, , , ,1,8,9,7,90,1,2,1,1,3,1.0349398211695746,0.5971473010752331,5
126,11,1,1,16,95, , , ,1,1,90, , ,2,2,1,1,1,1.0349398211695746,-0.6816469360835565,1
126,11,2,2,16,95, , , ,1,2,3,4,5,2,2,1,1,1,1.0349398211695746,-0.6816469360835565,1
126,13,1,1,12,95, , , ,1,1,3,90, ,1,2,1,1,1,1.0349398211695746,-0.05228701395414451,4
126,14,1,1,13,2, , , ,1,1,2,3,4,1,2,1,3,3,1.0349398211695746,-0.06130398992285341,4
126,16,1,1,13,95, , , ,1,1,6,90, ,1,2,1,3,1,1.0349398211695746,0.41362746237263254,4
126,17,1,1,12,27, , , ,1,1,2,90, ,2,2,1,2,1,1.0349398211695746,0.5935541229860014,5
126,17,2,1,12,27, , , ,1,7,8,90, ,2,2,1,2,1,1.0349398211695746,0.5935541229860014,5
126,18,1,1,13,95, , , ,1,1,2,6,90,3,2,1,3,1,1.0349398211695746,0.5335508939292294,5
126,18,2,1,13,95, , , ,1,5,3,90, ,3,2,1,3,1,1.0349398211695746,0.5335508939292294,5
126,18,3,1,13,95, , , ,1,7,4,90, ,3,2,1,3,1,1.0349398211695746,0.5335508939292294,5
126,20,1,1,13,95, , , ,1,1,2,90, ,4,2,1,3,1,1.0349398211695746,3.81461421526967,5
126,20,2,1,13,95, , , ,1,4,6,90, ,4,2,1,3,1,1.0349398211695746,3.81461421526967,5
126,20,3,1,13,95, , , ,1,3,8,7,90,4,2,1,3,1,1.0349398211695746,3.81461421526967,5
126,20,4,1,13,95, , , ,1,5,90, , ,4,2,1,3,1,1.0349398211695746,3.81461421526967,5
126,21,1,1,13,95, , , ,1,1,2,3,4,1,2,1,1,1,1.0349398211695746,-0.24382448724283193,3
126,22,1,1,11,95, , , ,2, , , , ,3,2,1,2,1,1.0349398211695746,1.0584179984287476,5
126,22,2,1,13,95, , , ,1,1,2,90, ,3,2,1,2,1,1.0349398211695746,1.0584179984287476,5
126,22,3,1,11,95, , , ,1,4,90, , ,3,2,1,2,1,1.0349398211695746,1.0584179984287476,5
126,23,1,1,12,24, , , ,1,1,8,9,90,1,2,1,3,1,1.0349398211695746,0.5265434842316633,5
126,24,1,1,12,95, , , ,1,1,2,90, ,1,2,1,2,1,1.0349398211695746,0.6711870243000315,5
126,25,1,1,13,95, , , ,1,1,4,5,90,1,2,1,3,3,1.0349398211695746,0.19648248033185686,4
127,1,1,1,13,95, , , ,1,2,5,6,3,1,2,1,1,3,0.5441654859719771,-0.5817300056734209,1
127,2,1,1,13,95, , , ,1,1,2,90, ,1,2,1,2,1,0.5441654859719771,-0.45367097492968805,2
127,3,1,1,12,24, , , ,1,5,2,6,7,1,2,1,1,1,0.5441654859719771,-0.6627337747334949,1
127,4,1,1,13,24, , , ,1,1,2,4,90,1,2,1,1,3,0.5441654859719771,0.14645281057975254,4
127,6,1,1,11,95, , , ,1,1,2,3,4,1,2,1,1,3,0.5441654859719771,-0.4030020841576361,3
127,7,1,1,12,95, , , ,2, , , , ,3,2,1,1,3,0.5441654859719771,-0.3618998850344775,3
127,7,2,1,12,95, , , ,2, , , , ,3,2,1,1,3,0.5441654859719771,-0.3618998850344775,3
127,7,3,1,16,95, , , ,2, , , , ,3,2,1,1,3,0.5441654859719771,-0.3618998850344775,3
127,9,1,1,13,95, , , ,1,1,3,90, ,2,2,1,1,3,0.5441654859719771,-0.6271868100859906,1
127,9,2,1,13,24, , , ,2, , , , ,2,2,1,1,3,0.5441654859719771,-0.6271868100859906,1
127,12,1,1,98,95,1,2, ,1,6,7,4,5,1,2,1,1,3,0.5441654859719771,-0.6767801779138898,1
127,14,1,1,12,95, , , ,1,1,2,3,4,1,2,1,1,3,0.5441654859719771,-0.4073779286446772,3
127,15,1,9,98,95,8,2, ,1,4,5,90, ,1,2,1,9,3,0.5441654859719771,-0.6677632019451809,1
127,19,1,1,12,24, , , ,1,2,8,9,7,2,2,1,1,3,0.5441654859719771,-0.1154813435873989,4
127,19,2,1,12,24, , , ,1,6,4,5,90,2,2,1,1,3,0.5441654859719771,-0.1154813435873989,4
127,20,1,1,11,95, , , ,1,1,2,4,5,1,2,1,1,3,0.5441654859719771,-0.6321689441388632,1
127,23,1,1,12,24, , , ,1,1,2,8,9,2,2,1,1,3,0.5441654859719771,-0.42013363742595683,3
127,23,2,1,12,24, , , ,1,7,4,5,6,2,2,1,1,3,0.5441654859719771,-0.42013363742595683,3
127,24,1,2,11,12, , , ,1,1,3,4,5,1,2,1,2,1,0.5441654859719771,-0.641185920107572,1
128,1,1,1,13,95, , , ,1,1,2,3,4,1,2,1,1,3,0.44808574604384693,-0.623914816359697,1
128,3,1,1,13,14, , , ,1,3,6,7,8,1,2,1,1,3,0.44808574604384693,-0.6284233043440515,1
128,5,1,1,13,95, , , ,1,1,90, , ,2,2,1,1,3,0.44808574604384693,-0.48610645545611025,2
128,5,2,1,18,11, , , ,2, , , , ,2,2,1,1,3,0.44808574604384693,-0.48610645545611025,2
128,6,1,1,13,95, , , ,1,1,90, , ,1,2,1,1,3,0.44808574604384693,-0.5968638884535701,1
128,7,1,1,13,95, , , ,1,1,2,8,7,2,2,1,1,3,0.44808574604384693,-0.6599827202345329,1
128,7,2,1,13,95, , , ,1,3,4,5,6,2,2,1,1,3,0.44808574604384693,-0.6599827202345329,1
128,9,1,1,13,12, , , ,1,1,2,5,90,2,2,1,1,3,0.44808574604384693,-0.5618717095095093,2
128,9,2,1,13,12, , , ,1,3,4,90, ,2,2,1,1,3,0.44808574604384693,-0.5618717095095093,2
128,10,1,2,13,95, , , ,2, , , , ,1,2,1,1,1,0.44808574604384693,-0.5096771945462115,2
128,11,1,1,13,12, , , ,1,1,2,3,90,1,2,1,1,3,0.44808574604384693,-0.5138109660868818,2
128,12,1,1,13,95, , , ,1,1,2,90, ,1,2,1,1,3,0.44808574604384693,-0.5829801543151946,1
128,13,1,1,13,95, , , ,2, , , , ,2,2,1,1,3,0.44808574604384693,-0.5528547335408002,2
128,13,2,1,13,95, , , ,2, , , , ,2,2,1,1,3,0.44808574604384693,-0.5528547335408002,2
128,15,1,1,13,14, , , ,1,1,2,3,90,4,2,1,1,3,0.44808574604384693,-0.3942816108596272,3
128,15,2,1,13,14, , , ,1,4,5,6,90,4,2,1,1,3,0.44808574604384693,-0.3942816108596272,3
128,15,3,1,13,14, , , ,1,7,8,90, ,4,2,1,1,3,0.44808574604384693,-0.3942816108596272,3
128,15,4,2,18,14, , , ,2, , , , ,4,2,1,1,3,0.44808574604384693,-0.3942816108596272,3
128,16,1,1,12,10, , , ,1,1,3,90, ,2,2,1,1,1,0.44808574604384693,-0.623914816359697,1
128,16,2,1,12,8, , , ,1,2,4,90, ,2,2,1,1,1,0.44808574604384693,-0.623914816359697,1
128,18,1,1,13,95, , , ,1,1,2,5,90,1,2,1,1,3,0.44808574604384693,-0.6100310822213214,1
128,19,1,1,12,95, , , ,1,1,2,7,90,2,2,1,9,3,0.44808574604384693,-0.6509657442658239,1
128,19,2,1,12,95, , , ,1,3,4,5,6,2,2,1,9,3,0.44808574604384693,-0.6509657442658239,1
128,20,1,1,13,95, , , ,1,1,2,4,6,1,2,1,1,3,0.44808574604384693,-0.6322782096037611,1
128,21,1,1,13,12, , , ,1,1,2,6,7,4,2,1,2,3,0.44808574604384693,-0.5138109660868818,2
128,21,2,1,13,12, , , ,1,3,4,5,90,4,2,1,2,3,0.44808574604384693,-0.5138109660868818,2
128,21,3,1,13,12, , , ,1,8,12,11,90,4,2,1,2,3,0.44808574604384693,-0.5138109660868818,2
128,21,4,1,13,12, , , ,1,9,10,90, ,4,2,1,2,3,0.44808574604384693,-0.5138109660868818,2
128,22,1,1,13,24, , , ,1,1,2,3,4,1,2,1,1,3,0.44808574604384693,-0.623914816359697,1
128,24,1,1,13,24, , , ,1,2,3,4,5,1,2,1,1,1,0.44808574604384693,-0.632931792328406,1