HH1,HH2,TNLN,TN4,TN5,TN6,TN8,TN9,TN10,TN11,TN12_1,TN12_2,TN12_3,TN12_4,TN2,helevel,HH6,area,HH7,hhweight,wscore,windex5
1,1,1,1,11,95, , , ,1,2,6,90, ,1,3,1,11,12,0.9639263743281306,-0.8492233907546579,2
1,3,1,2,14,95, , , ,1,2,8,90, ,1,1,1,11,12,0.9639263743281306,-0.9989821476367833,2
1,4,1,1,13,12, , , ,2, , , , ,2,9,1,11,12,0.9639263743281306,-0.08325099385988462,3
1,4,2,1,13,10, , , ,2, , , , ,2,9,1,11,12,0.9639263743281306,-0.08325099385988462,3
1,7,1,2,11,10, , , ,1,4,90, , ,3,1,1,11,12,0.9639263743281306,0.8004483806302706,4
1,7,2,9,11,10, , , ,1,3,90, , ,3,1,1,11,12,0.9639263743281306,0.8004483806302706,4
1,7,3,9,11,10, , , ,2, , , , ,3,1,1,11,12,0.9639263743281306,0.8004483806302706,4
1,8,1,9,14,95, , , ,1,1,2,7,90,2,3,1,11,12,0.9639263743281306,-0.6984589979642405,2
1,8,2,9,14,95, , , ,1,3,90, , ,2,3,1,11,12,0.9639263743281306,-0.6984589979642405,2
1,10,1,1,13,12, , , ,1,1,90, , ,2,1,1,11,12,0.9639263743281306,-0.5912293975026771,2
1,10,2,1,13,12, , , ,2, , , , ,2,1,1,11,12,0.9639263743281306,-0.5912293975026771,2
1,11,1,2,14,95, , , ,1,2,7,5,6,2,1,1,11,12,0.9639263743281306,-1.119653889279223,1
1,11,2,2,14,95, , , ,1,3,4,90, ,2,1,1,11,12,0.9639263743281306,-1.119653889279223,1
1,12,1,1,11,24, , , ,2, , , , ,2,1,1,11,12,0.9639263743281306,-1.1202914983887382,1
1,12,2,1,11,24, , , ,2, , , , ,2,1,1,11,12,0.9639263743281306,-1.1202914983887382,1
1,14,1,2,14,8, , , ,1,2,3,4,90,1,1,1,11,12,0.9639263743281306,0.13232405722710075,3
1,15,1,9,13,95, , , ,1,2,90, , ,1,1,1,11,12,0.9639263743281306,-0.47807948071963485,2
1,16,1,1,11,95, , , ,1,1,90, , ,1,1,1,11,12,0.9639263743281306,-1.0724702990435242,1
1,17,1,1,11,95, , , ,2, , , , ,1,1,1,11,12,0.9639263743281306,-1.0331487759281395,2
1,18,1,1,11,95, , , ,1,2,8,9,10,2,1,1,11,12,0.9639263743281306,-1.1857683248231046,1
1,18,2,1,11,95, , , ,1,5,6,7,90,2,1,1,11,12,0.9639263743281306,-1.1857683248231046,1
2,1,1,2,14,95, , , ,1,2,5,90, ,1,1,2,21,12,1.0317722843507988,-1.0626021299986648,1
2,2,1,2,14,95, , , ,1,2,6,90, ,1,1,2,21,12,1.0317722843507988,-1.036969872873878,1
2,3,1,2,11,95, , , ,1,1,90, , ,3,3,2,21,12,1.0317722843507988,-0.8942545904152983,2
2,3,2,2,11,95, , , ,1,3,5,90, ,3,3,2,21,12,1.0317722843507988,-0.8942545904152983,2
2,3,3,2,11,95, , , ,1,4,90, , ,3,3,2,21,12,1.0317722843507988,-0.8942545904152983,2
2,4,1,2,14,95, , , ,1,1,2,90, ,2,1,2,21,12,1.0317722843507988,-0.8107881536354878,2
2,4,2,2,14,95, , , ,1,3,4,90, ,2,1,2,21,12,1.0317722843507988,-0.8107881536354878,2
2,5,1,1,11,95, , , ,1,2,1,4,90,3,2,2,21,12,1.0317722843507988,-0.9694709677181221,2
2,5,2,1,11,95, , , ,2, , , , ,3,2,2,21,12,1.0317722843507988,-0.9694709677181221,2
2,5,3,1,11,95, , , ,2, , , , ,3,2,2,21,12,1.0317722843507988,-0.9694709677181221,2
2,7,1,2,11,95, , , ,1,1,90, , ,2,1,2,21,12,1.0317722843507988,-0.7987045133094165,2
2,7,2,1,11,95, , , ,1,2,90, , ,2,1,2,21,12,1.0317722843507988,-0.7987045133094165,2
2,8,1,2,11,95, , , ,1,2,90, , ,3,1,2,21,12,1.0317722843507988,-0.8676175130848747,2
2,8,2,2,11,95, , , ,1,1,90, , ,3,1,2,21,12,1.0317722843507988,-0.8676175130848747,2
2,8,3,2,11,95, , , ,1,6,90, , ,3,1,2,21,12,1.0317722843507988,-0.8676175130848747,2
2,9,1,2,11,95, , , ,1,1,2,90, ,4,2,2,21,12,1.0317722843507988,-0.7696041825939435,2
2,9,2,2,11,95, , , ,1,4,5,90, ,4,2,2,21,12,1.0317722843507988,-0.7696041825939435,2
2,9,3,2,11,95, , , ,1,7,90, , ,4,2,2,21,12,1.0317722843507988,-0.7696041825939435,2
2,9,4,2,11,95, , , ,2, , , , ,4,2,2,21,12,1.0317722843507988,-0.7696041825939435,2
2,10,1,1,13,3, , , ,1,2,3,90, ,1,1,2,21,12,1.0317722843507988,-0.9432574507864998,2
2,11,1,2,13,12, , , ,1,2,3,6,5,2,1,2,21,12,1.0317722843507988,-1.1429444780114857,1
2,11,2,2,11,12, , , ,1,1,4,90, ,2,1,2,21,12,1.0317722843507988,-1.1429444780114857,1
3,1,1,1,12,7, , , ,1,7,8,9,90,1,2,2,21,12,1.0317722843507988,0.37106742542639026,3
3,7,1,1,11,95, , , ,1,2,9,8,90,2,1,2,21,12,1.0317722843507988,-0.6092178207717447,2
3,7,2,1,11,95, , , ,1,4,90, , ,2,1,2,21,12,1.0317722843507988,-0.6092178207717447,2
3,9,1,1,11,7, , , ,1,2,3,90, ,2,2,2,21,12,1.0317722843507988,-0.3647122328785711,3
3,9,2,1,11,7, , , ,1,1,90, , ,2,2,2,21,12,1.0317722843507988,-0.3647122328785711,3
3,12,1,1,11,95, , , ,2, , , , ,1,2,2,21,12,1.0317722843507988,-0.5731905931012353,2
3,15,1,1,11,23, , , ,2, , , , ,2,3,2,21,12,1.0317722843507988,-0.6048403303618439,2
3,15,2,1,12,23, , , ,2, , , , ,2,3,2,21,12,1.0317722843507988,-0.6048403303618439,2
3,18,1,1,11,95, , , ,1,2,6,90, ,2,1,2,21,12,1.0317722843507988,-1.0327237212745726,2
3,18,2,1,11,95, , , ,2, , , , ,2,1,2,21,12,1.0317722843507988,-1.0327237212745726,2
4,1,1,1,13,8, , , ,1,2,5,6,90,1,2,2,21,12,1.0317722843507988,0.8001650998651183,4
4,2,1,1,12,4, , , ,1,1,2,90, ,1,3,2,21,12,1.0317722843507988,1.1026368002694378,4
4,3,1,1,12,9, , , ,2, , , , ,1,3,2,21,12,1.0317722843507988,0.5904200809186357,4
4,4,1,1,11,10, , , ,1,2,8,3,90,3,1,2,21,12,1.0317722843507988,0.12057183962283631,3
4,4,2,1,11,10, , , ,1,4,5,6,7,3,1,2,21,12,1.0317722843507988,0.12057183962283631,3
4,4,3,1,11,10, , , ,1,1,90, , ,3,1,2,21,12,1.0317722843507988,0.12057183962283631,3
4,5,1,2,14,8, , , ,1,2,3,4,5,3,2,2,21,12,1.0317722843507988,0.42371833377142076,3
4,5,2,2,14,8, , , ,1,6,90, , ,3,2,2,21,12,1.0317722843507988,0.42371833377142076,3
4,5,3,2,14,8, , , ,1,1,90, , ,3,2,2,21,12,1.0317722843507988,0.42371833377142076,3
4,6,1,1,11,6, , , ,1,2,3,4,5,1,3,2,21,12,1.0317722843507988,0.21696231417573647,3
4,12,1,1,11,95, , , ,1,2,3,4,90,2,2,2,21,12,1.0317722843507988,0.7991880075024194,4
4,12,2,1,11,95, , , ,1,1,90, , ,2,2,2,21,12,1.0317722843507988,0.7991880075024194,4
4,13,1,1,12,23, , , ,1,2,5,90, ,4,2,2,21,12,1.0317722843507988,1.5100598942897765,5
4,13,2,1,12,23, , , ,2, , , , ,4,2,2,21,12,1.0317722843507988,1.5100598942897765,5
4,13,3,1,14,23, , , ,1,3,90, , ,4,2,2,21,12,1.0317722843507988,1.5100598942897765,5
4,13,4,1,18,1, , , ,1,1,90, , ,4,2,2,21,12,1.0317722843507988,1.5100598942897765,5
4,14,1,1,11,7, , , ,1,1,2,90, ,1,2,2,21,12,1.0317722843507988,1.0319553051067543,4
4,15,1,1,12,23, , , ,2, , , , ,2,3,2,21,12,1.0317722843507988,1.0232936220547895,4
4,15,2,1,13,3, , , ,1,2,5,90, ,2,3,2,21,12,1.0317722843507988,1.0232936220547895,4
4,16,1,1,12,95, , , ,2, , , , ,3,1,2,21,12,1.0317722843507988,0.2086819804670493,3
4,16,2,1,12,95, , , ,2, , , , ,3,1,2,21,12,1.0317722843507988,0.2086819804670493,3
4,16,3,1,11,3, , , ,2, , , , ,3,1,2,21,12,1.0317722843507988,0.2086819804670493,3
4,17,1,1,12,6, , , ,1,2,8,90, ,3,3,2,21,12,1.0317722843507988,0.5423891033367065,4
4,17,2,1,12,6, , , ,1,3,4,6,90,3,3,2,21,12,1.0317722843507988,0.5423891033367065,4
4,17,3,1,12,6, , , ,1,5,9,7,90,3,3,2,21,12,1.0317722843507988,0.5423891033367065,4
4,18,1,1,12,6, , , ,1,2,3,90, ,3,3,2,21,12,1.0317722843507988,0.734737887191317,4
4,18,2,1,11,6, , , ,1,4,5,90, ,3,3,2,21,12,1.0317722843507988,0.734737887191317,4
4,18,3,1,11,6, , , ,2, , , , ,3,3,2,21,12,1.0317722843507988,0.734737887191317,4
7,1,1,2,15,6, , , ,1,7,8,9,2,3,1,1,11,12,0.9639263743281306,1.4130833936507106,5
7,1,2,2,15,6, , , ,1,5,4,90, ,3,1,1,11,12,0.9639263743281306,1.4130833936507106,5
7,1,3,2,15,6, , , ,1,1,90, , ,3,1,1,11,12,0.9639263743281306,1.4130833936507106,5
7,2,1,2,15,9, , , ,1,3,4,90, ,4,3,1,11,12,0.9639263743281306,1.7561085476788523,5
7,2,2,2,15,9, , , ,1,2,7,90, ,4,3,1,11,12,0.9639263743281306,1.7561085476788523,5
7,2,3,2,15,9, , , ,1,0,90, , ,4,3,1,11,12,0.9639263743281306,1.7561085476788523,5
7,2,4,2,15,9, , , ,1,5,6,90, ,4,3,1,11,12,0.9639263743281306,1.7561085476788523,5
7,3,1,1,15,7, , , ,1,2,90, , ,2,1,1,11,12,0.9639263743281306,0.9485828740408081,4
7,3,2,1,15,7, , , ,1,3,4,90, ,2,1,1,11,12,0.9639263743281306,0.9485828740408081,4
7,6,1,2,11,24, , , ,1,8,2,90, ,1,2,1,11,12,0.9639263743281306,0.16988221378229934,3
7,8,1,1,13,6, , , ,1,8,9,90, ,1,1,1,11,12,0.9639263743281306,-0.19668577632340925,3
7,9,1,1,11,95, , , ,1,0,0,90, ,1,1,1,11,12,0.9639263743281306,0.45978976176810316,3
7,11,1,2,11,95, , , ,2, , , , ,3,2,1,11,12,0.9639263743281306,1.9435241860530776,5
7,11,2,9,11,95, , , ,2, , , , ,3,2,1,11,12,0.9639263743281306,1.9435241860530776,5
7,11,3,9,11,95, , , ,2, , , , ,3,2,1,11,12,0.9639263743281306,1.9435241860530776,5
7,13,1,2,11,98, , , ,1,3,9,8,90,3,1,1,11,12,0.9639263743281306,0.016322308356454887,3
7,13,2,2,11,98, , , ,1,2,7,90, ,3,1,1,11,12,0.9639263743281306,0.016322308356454887,3
7,13,3,1,11,98, , , ,1,11,6,90, ,3,1,1,11,12,0.9639263743281306,0.016322308356454887,3
7,14,1,1,13,95, , , ,1,1,6,9,90,2,1,1,11,12,0.9639263743281306,0.5498490917552661,4
7,14,2,1,13,95, , , ,1,2,5,7,8,2,1,1,11,12,0.9639263743281306,0.5498490917552661,4
7,16,1,1,11,95, , , ,1,2,7,90, ,2,3,1,11,12,0.9639263743281306,0.8583413554567819,4
7,16,2,1,11,95, , , ,1,1,90, , ,2,3,1,11,12,0.9639263743281306,0.8583413554567819,4
7,17,1,1,11,95, , , ,2, , , , ,2,1,1,11,12,0.9639263743281306,0.9933083874063325,4
7,17,2,1,11,95, , , ,2, , , , ,2,1,1,11,12,0.9639263743281306,0.9933083874063325,4
7,18,1,1,11,95, , , ,1,3,90, , ,6,1,1,11,12,0.9639263743281306,1.1672510671603786,5
7,18,2,2,11,95, , , ,1,5,90, , ,6,1,1,11,12,0.9639263743281306,1.1672510671603786,5
7,18,3,2,11,95, , , ,1,2,90, , ,6,1,1,11,12,0.9639263743281306,1.1672510671603786,5
7,18,4,2,11,95, , , ,1,4,90, , ,6,1,1,11,12,0.9639263743281306,1.1672510671603786,5
7,18,5,2,11,95, , , ,1,1,90, , ,6,1,1,11,12,0.9639263743281306,1.1672510671603786,5
7,18,6,2,11,95, , , ,1,8,90, , ,6,1,1,11,12,0.9639263743281306,1.1672510671603786,5
8,1,1,1,14,3, , , ,1,2,90, , ,2,2,1,11,12,0.9639263743281306,1.0323953329495676,4
8,1,2,1,14,3, , , ,1,3,4,90, ,2,2,1,11,12,0.9639263743281306,1.0323953329495676,4
8,2,1,2,11,9, , , ,1,3,4,5,90,3,3,1,11,12,0.9639263743281306,1.2828004621120268,5
8,2,2,2,11,9, , , ,1,6,7,8,90,3,3,1,11,12,0.9639263743281306,1.2828004621120268,5
8,2,3,2,11,9, , , ,1,9,10,90, ,3,3,1,11,12,0.9639263743281306,1.2828004621120268,5
8,3,1,1,14,95, , , ,1,4,90, , ,3,2,1,11,12,0.9639263743281306,1.259354136817773,5
8,3,2,2,14,5, , , ,1,5,6,90, ,3,2,1,11,12,0.9639263743281306,1.259354136817773,5
8,3,3,2,14,9, , , ,1,1,2,7,90,3,2,1,11,12,0.9639263743281306,1.259354136817773,5
8,4,1,1,11,7, , , ,1,4,6,12,90,3,1,1,11,12,0.9639263743281306,0.5212011064266471,4
8,4,2,1,18,7, , , ,1,7,8,9,5,3,1,1,11,12,0.9639263743281306,0.5212011064266471,4
8,4,3,1,18,7, , , ,1,1,2,90, ,3,1,1,11,12,0.9639263743281306,0.5212011064266471,4
8,5,1,1,14,5, , , ,1,2,7,90, ,6,2,1,11,12,0.9639263743281306,1.9003486787765262,5
8,5,2,1,14,3, , , ,1,1,90, , ,6,2,1,11,12,0.9639263743281306,1.9003486787765262,5
8,5,3,1,13,4, , , ,1,3,90, , ,6,2,1,11,12,0.9639263743281306,1.9003486787765262,5
8,5,4,1,13,7, , , ,1,5,90, , ,6,2,1,11,12,0.9639263743281306,1.9003486787765262,5
8,5,5,1,18,95, , , ,1,4,90, , ,6,2,1,11,12,0.9639263743281306,1.9003486787765262,5
8,5,6,1,13,5, , , ,1,6,90, , ,6,2,1,11,12,0.9639263743281306,1.9003486787765262,5
8,6,1,1,13,10, , , ,1,2,6,90, ,3,1,1,11,12,0.9639263743281306,1.3531054069126485,5
8,6,2,1,14,10, , , ,1,5,90, , ,3,1,1,11,12,0.9639263743281306,1.3531054069126485,5
8,6,3,1,13,10, , , ,2, , , , ,3,1,1,11,12,0.9639263743281306,1.3531054069126485,5
8,7,1,1,11,95, , , ,2, , , , ,2,2,1,11,12,0.9639263743281306,1.1822896286790034,5
8,7,2,1,11,95, , , ,2, , , , ,2,2,1,11,12,0.9639263743281306,1.1822896286790034,5
8,8,1,2,18,95, , , ,2, , , , ,6,3,1,11,12,0.9639263743281306,1.6321006062301529,5
8,8,2,2,18,95, , , ,2, , , , ,6,3,1,11,12,0.9639263743281306,1.6321006062301529,5
8,8,3,2,18,95, , , ,2, , , , ,6,3,1,11,12,0.9639263743281306,1.6321006062301529,5
8,8,4,1,12,12, , , ,1,1,2,90, ,6,3,1,11,12,0.9639263743281306,1.6321006062301529,5
8,8,5,1,12,95, , , ,1,4,9,5,90,6,3,1,11,12,0.9639263743281306,1.6321006062301529,5
8,8,6,1,11,95, , , ,1,6,7,90, ,6,3,1,11,12,0.9639263743281306,1.6321006062301529,5
8,10,1,1,14,3, , , ,1,2,10,9,90,3,3,1,11,12,0.9639263743281306,1.388072375848883,5
8,10,2,1,13,3, , , ,1,3,8,5,90,3,3,1,11,12,0.9639263743281306,1.388072375848883,5
8,10,3,1,13,3, , , ,1,0,0,90, ,3,3,1,11,12,0.9639263743281306,1.388072375848883,5
8,12,1,1,14,12, , , ,1,3,4,5,6,1,1,1,11,12,0.9639263743281306,-1.082164114771565,1
8,13,1,1,13,95, , , ,1,1,90, , ,1,1,1,11,12,0.9639263743281306,1.3260170306502999,5
8,14,1,1,12,12, , , ,1,1,2,3,4,1,3,1,11,12,0.9639263743281306,1.0804569321530173,4
8,15,1,1,13,95, , , ,1,1,90, , ,3,2,1,11,12,0.9639263743281306,1.3131359658846464,5
8,15,2,1,13,12, , , ,1,2,5,90, ,3,2,1,11,12,0.9639263743281306,1.3131359658846464,5
8,15,3,1,11,15, , , ,1,4,3,90, ,3,2,1,11,12,0.9639263743281306,1.3131359658846464,5
8,16,1,1,26,95, ,2, ,1,1,4,3,2,1,1,1,11,12,0.9639263743281306,-0.7550995546925239,2
8,17,1,1,11,95, , , ,1,5,90, , ,3,3,1,11,12,0.9639263743281306,1.5097392910752998,5
8,17,2,2,18,95, , , ,1,6,90, , ,3,3,1,11,12,0.9639263743281306,1.5097392910752998,5
8,17,3,2,18,95, , , ,1,7,90, , ,3,3,1,11,12,0.9639263743281306,1.5097392910752998,5
9,1,1,1,11,95, , , ,1,1,90, , ,4,1,1,11,12,0.9639263743281306,1.2213276678266793,5
9,1,2,1,11,95, , , ,1,2,90, , ,4,1,1,11,12,0.9639263743281306,1.2213276678266793,5
9,1,3,1,11,95, , , ,1,3,90, , ,4,1,1,11,12,0.9639263743281306,1.2213276678266793,5
9,1,4,1,11,95, , , ,1,6,90, , ,4,1,1,11,12,0.9639263743281306,1.2213276678266793,5
9,2,1,1,11,24, , , ,1,3,90, , ,3,1,1,11,12,0.9639263743281306,1.5204475390876357,5
9,2,2,1,11,24, , , ,1,4,90, , ,3,1,1,11,12,0.9639263743281306,1.5204475390876357,5
9,2,3,1,11,24, , , ,1,12,90, , ,3,1,1,11,12,0.9639263743281306,1.5204475390876357,5
9,3,1,1,11,24, , , ,1,1,90, , ,2,1,1,11,12,0.9639263743281306,1.2523618384762936,5
9,3,2,1,11,24, , , ,1,6,90, , ,2,1,1,11,12,0.9639263743281306,1.2523618384762936,5
9,5,1,1,11,12, , , ,1,2,90, , ,1,1,1,11,12,0.9639263743281306,0.9728463010987194,4
9,7,1,2,18,4, , , ,1,1,90, , ,9,1,1,11,12,0.9639263743281306,1.5444219528039005,5
9,7,2,2,18,4, , , ,1,2,90, , ,9,1,1,11,12,0.9639263743281306,1.5444219528039005,5
9,7,3,2,18,4, , , ,1,0,90, , ,9,1,1,11,12,0.9639263743281306,1.5444219528039005,5
9,7,4,2,18,95, , , ,1,4,90, , ,9,1,1,11,12,0.9639263743281306,1.5444219528039005,5
9,7,5,2,18,95, , , ,1,5,90, , ,9,1,1,11,12,0.9639263743281306,1.5444219528039005,5
9,7,6,2,18,95, , , ,1,6,90, , ,9,1,1,11,12,0.9639263743281306,1.5444219528039005,5
9,7,7,2,18,95, , , ,1,7,90, , ,9,1,1,11,12,0.9639263743281306,1.5444219528039005,5
9,7,8,2,18,95, , , ,1,8,90, , ,9,1,1,11,12,0.9639263743281306,1.5444219528039005,5
9,7,9,2,18,95, , , ,1,9,90, , ,9,1,1,11,12,0.9639263743281306,1.5444219528039005,5
9,8,1,2,18,95, , , ,1,4,5,6,90,1,3,1,11,12,0.9639263743281306,1.0326399208878425,4
9,9,1,2,18,95, , , ,2, , , , ,2,3,1,11,12,0.9639263743281306,0.7818399352116253,4
9,9,2,2,18,95, , , ,2, , , , ,2,3,1,11,12,0.9639263743281306,0.7818399352116253,4
9,10,1,1,11,24, , , ,2, , , , ,1,3,1,11,12,0.9639263743281306,1.7315025791196788,5
9,11,1,1,11,95, , , ,1,1,2,90, ,1,1,1,11,12,0.9639263743281306,0.8761541106597025,4
9,12,1,1,11,95, , , ,1,2,90, , ,1,1,1,11,12,0.9639263743281306,0.9202893788276606,4
9,13,1,1,98,95,1,2, ,1,2,1,6,90,3,1,1,11,12,0.9639263743281306,-0.010817948131810895,3
9,13,2,1,98,95,1,2, ,1,4,3,7,5,3,1,1,11,12,0.9639263743281306,-0.010817948131810895,3
9,13,3,1,98,95,1,2, ,2, , , , ,3,1,1,11,12,0.9639263743281306,-0.010817948131810895,3
9,14,1,1,11,0, , , ,1,1,2,4,90,3,3,1,11,12,0.9639263743281306,1.9473350002562255,5
9,14,2,1,11,6, , , ,2, , , , ,3,3,1,11,12,0.9639263743281306,1.9473350002562255,5
9,14,3,1,11,6, , , ,2, , , , ,3,3,1,11,12,0.9639263743281306,1.9473350002562255,5
9,15,1,1,11,95, , , ,1,3,4,90, ,3,1,1,11,12,0.9639263743281306,0.8553691661422824,4
9,15,2,1,11,95, , , ,1,7,8,90, ,3,1,1,11,12,0.9639263743281306,0.8553691661422824,4
9,15,3,1,11,95, , , ,1,1,2,90, ,3,1,1,11,12,0.9639263743281306,0.8553691661422824,4
9,16,1,1,11,12, , , ,1,1,2,90, ,4,2,1,11,12,0.9639263743281306,1.562146893880605,5
9,16,2,1,11,12, , , ,1,3,4,90, ,4,2,1,11,12,0.9639263743281306,1.562146893880605,5
9,16,3,1,11,12, , , ,1,6,90, , ,4,2,1,11,12,0.9639263743281306,1.562146893880605,5
9,16,4,1,18,95, , , ,1,5,0,90, ,4,2,1,11,12,0.9639263743281306,1.562146893880605,5
9,17,1,1,13,12, , , ,1,1,9,8,90,3,1,1,11,12,0.9639263743281306,1.094428172965871,4
9,17,2,1,13,12, , , ,1,5,90, , ,3,1,1,11,12,0.9639263743281306,1.094428172965871,4
9,17,3,1,13,12, , , ,1,7,90, , ,3,1,1,11,12,0.9639263743281306,1.094428172965871,4
10,1,1,1,14,95, , , ,1,2,90, , ,2,2,1,11,12,0.9639263743281306,0.8324419177677258,4
10,1,2,1,18,95, , , ,2, , , , ,2,2,1,11,12,0.9639263743281306,0.8324419177677258,4
10,2,1,2,98,2,2,2, ,1,1,2,90, ,1,3,1,11,12,0.9639263743281306,1.2832895845423122,5
10,3,1,1,11,24, , , ,1,1,2,90, ,2,3,1,11,12,0.9639263743281306,1.278854154189682,5
10,3,2,1,11,24, , , ,1,3,4,90, ,2,3,1,11,12,0.9639263743281306,1.278854154189682,5
10,4,1,1,11,12, , , ,1,1,2,90, ,7,2,1,11,12,0.9639263743281306,1.7303160623204221,5
10,4,2,1,11,12, , , ,1,3,90, , ,7,2,1,11,12,0.9639263743281306,1.7303160623204221,5
10,4,3,1,11,95, , , ,1,4,90, , ,7,2,1,11,12,0.9639263743281306,1.7303160623204221,5
10,4,4,1,11,95, , , ,1,5,90, , ,7,2,1,11,12,0.9639263743281306,1.7303160623204221,5
10,4,5,1,99,95,9,9, ,1,6,90, , ,7,2,1,11,12,0.9639263743281306,1.7303160623204221,5
10,4,6,1,99,95,9,9, ,1,7,90, , ,7,2,1,11,12,0.9639263743281306,1.7303160623204221,5
10,4,7,1,11,12, , , ,2, , , , ,7,2,1,11,12,0.9639263743281306,1.7303160623204221,5
10,5,1,1,11,95, , , ,1,2,11,14,90,3,3,1,11,12,0.9639263743281306,1.371037088080358,5
10,5,2,1,11,95, , , ,1,12,13,90, ,3,3,1,11,12,0.9639263743281306,1.371037088080358,5
10,5,3,1,11,95, , , ,2, , , , ,3,3,1,11,12,0.9639263743281306,1.371037088080358,5
10,6,1,2,15,95, , , ,1,2,90, , ,3,1,1,11,12,0.9639263743281306,1.6781288750786034,5
10,6,2,2,15,95, , , ,1,7,90, , ,3,1,1,11,12,0.9639263743281306,1.6781288750786034,5
10,6,3,2,16,95, , , ,2, , , , ,3,1,1,11,12,0.9639263743281306,1.6781288750786034,5
10,7,1,2,13,12, , , ,1,4,3,90, ,3,2,1,11,12,0.9639263743281306,1.4717293659322088,5
10,7,2,2,13,12, , , ,1,7,90, , ,3,2,1,11,12,0.9639263743281306,1.4717293659322088,5
10,7,3,2,15,12, , , ,1,1,2,90, ,3,2,1,11,12,0.9639263743281306,1.4717293659322088,5
10,8,1,2,15,24, , , ,1,4,5,90, ,2,1,1,11,12,0.9639263743281306,0.3667859652115956,3
10,8,2,2,15,24, , , ,1,7,8,2,3,2,1,1,11,12,0.9639263743281306,0.3667859652115956,3
10,11,1,1,14,95, , , ,1,2,90, , ,3,3,1,11,12,0.9639263743281306,0.8017704386968926,4
10,11,2,1,14,95, , , ,1,3,90, , ,3,3,1,11,12,0.9639263743281306,0.8017704386968926,4
10,11,3,1,14,95, , , ,2, , , , ,3,3,1,11,12,0.9639263743281306,0.8017704386968926,4
10,12,1,2,18,24, , , ,1,1,90, , ,2,1,1,11,12,0.9639263743281306,-0.44356868339826927,2
10,12,2,1,18,24, , , ,1,2,90, , ,2,1,1,11,12,0.9639263743281306,-0.44356868339826927,2
10,17,1,2,98,2,2,2, ,1,2,10,90, ,3,1,1,11,12,0.9639263743281306,1.1760905159111368,5
10,17,2,2,98,2,2,2, ,1,7,90, , ,3,1,1,11,12,0.9639263743281306,1.1760905159111368,5
10,17,3,2,98,2,2,2, ,1,9,90, , ,3,1,1,11,12,0.9639263743281306,1.1760905159111368,5
10,18,1,1,13,0, , , ,1,3,10,9,8,1,1,1,11,12,0.9639263743281306,0.6839719736269343,4
11,1,1,1,12,6, , , ,1,1,2,90, ,2,3,1,11,12,0.9639263743281306,1.4230013367936027,5
11,1,2,1,13,8, , , ,1,3,5,90, ,2,3,1,11,12,0.9639263743281306,1.4230013367936027,5
11,2,1,1,12,8, , , ,1,1,2,90, ,4,1,1,11,12,0.9639263743281306,1.5414220502484453,5
11,2,2,1,13,9, , , ,1,3,5,9,90,4,1,1,11,12,0.9639263743281306,1.5414220502484453,5
11,2,3,1,11,8, , , ,1,4,10,6,90,4,1,1,11,12,0.9639263743281306,1.5414220502484453,5
11,2,4,1,12,7, , , ,2, , , , ,4,1,1,11,12,0.9639263743281306,1.5414220502484453,5
11,3,1,1,11,6, , , ,1,1,2,90, ,6,3,1,11,12,0.9639263743281306,1.3759952178043022,5
11,3,2,1,11,6, , , ,1,3,90, , ,6,3,1,11,12,0.9639263743281306,1.3759952178043022,5
11,3,3,1,11,6, , , ,1,4,90, , ,6,3,1,11,12,0.9639263743281306,1.3759952178043022,5
11,3,4,1,11,5, , , ,2, , , , ,6,3,1,11,12,0.9639263743281306,1.3759952178043022,5
11,3,5,1,11,5, , , ,2, , , , ,6,3,1,11,12,0.9639263743281306,1.3759952178043022,5
11,3,6,1,11,5, , , ,2, , , , ,6,3,1,11,12,0.9639263743281306,1.3759952178043022,5
11,4,1,1,99,11,9,9, ,1,5,6,4,90,3,1,1,11,12,0.9639263743281306,1.0132664159369489,4
11,4,2,1,99,11,9,9, ,1,12,3,90, ,3,1,1,11,12,0.9639263743281306,1.0132664159369489,4
11,4,3,1,99,11,9,9, ,1,10,13,14,90,3,1,1,11,12,0.9639263743281306,1.0132664159369489,4
11,6,1,2,14,12, , , ,1,2,3,4,5,1,3,1,11,12,0.9639263743281306,1.2994002635749131,5
11,7,1,1,11,2, , , ,1,2,3,90, ,2,3,1,11,12,0.9639263743281306,1.263954221259353,5
11,7,2,1,11,2, , , ,1,1,90, , ,2,3,1,11,12,0.9639263743281306,1.263954221259353,5
11,8,1,1,11,3, , , ,1,1,90, , ,3,1,1,11,12,0.9639263743281306,1.4588867874141274,5
11,8,2,1,11,3, , , ,1,2,90, , ,3,1,1,11,12,0.9639263743281306,1.4588867874141274,5
11,8,3,1,11,3, , , ,1,3,90, , ,3,1,1,11,12,0.9639263743281306,1.4588867874141274,5
11,9,1,1,11,5, , , ,2, , , , ,3,1,1,11,12,0.9639263743281306,1.716090001730674,5
11,9,2,1,11,3, , , ,2, , , , ,3,1,1,11,12,0.9639263743281306,1.716090001730674,5
11,9,3,1,11,3, , , ,2, , , , ,3,1,1,11,12,0.9639263743281306,1.716090001730674,5
11,11,1,1,12,95, , , ,1,2,8,9,7,3,3,1,11,12,0.9639263743281306,0.903822910027965,4
11,11,2,1,12,95, , , ,2, , , , ,3,3,1,11,12,0.9639263743281306,0.903822910027965,4
11,11,3,1,11,95, , , ,2, , , , ,3,3,1,11,12,0.9639263743281306,0.903822910027965,4
11,14,1,1,12,12, , , ,2, , , , ,3,1,1,11,12,0.9639263743281306,1.406278642872994,5
11,14,2,1,13,12, , , ,2, , , , ,3,1,1,11,12,0.9639263743281306,1.406278642872994,5
11,14,3,1,11,12, , , ,2, , , , ,3,1,1,11,12,0.9639263743281306,1.406278642872994,5
11,16,1,1,12,95, , , ,1,3,90, , ,5,3,1,11,12,0.9639263743281306,1.4821945190122328,5
11,16,2,1,12,95, , , ,1,4,90, , ,5,3,1,11,12,0.9639263743281306,1.4821945190122328,5
11,16,3,1,12,95, , , ,1,6,90, , ,5,3,1,11,12,0.9639263743281306,1.4821945190122328,5
11,16,4,1,12,95, , , ,2, , , , ,5,3,1,11,12,0.9639263743281306,1.4821945190122328,5
11,16,5,1,12,95, , , ,2, , , , ,5,3,1,11,12,0.9639263743281306,1.4821945190122328,5
12,1,1,1,11,95, , , ,1,2,6,7,90,5,9,1,11,12,0.9639263743281306,1.3524776367419467,5
12,1,2,1,11,95, , , ,1,3,5,90, ,5,9,1,11,12,0.9639263743281306,1.3524776367419467,5
12,1,3,1,11,95, , , ,1,4,8,90, ,5,9,1,11,12,0.9639263743281306,1.3524776367419467,5
12,1,4,1,11,95, , , ,2, , , , ,5,9,1,11,12,0.9639263743281306,1.3524776367419467,5
12,1,5,1,11,95, , , ,2, , , , ,5,9,1,11,12,0.9639263743281306,1.3524776367419467,5
12,2,1,1,18,95, , , ,1,1,90, , ,2,1,1,11,12,0.9639263743281306,1.1423810105667445,4
12,2,2,1,18,95, , , ,1,3,90, , ,2,1,1,11,12,0.9639263743281306,1.1423810105667445,4
12,4,1,1,11,1, , , ,1,4,90, , ,1,3,1,11,12,0.9639263743281306,0.9634110890253645,4
12,5,1,1,13,12, , , ,1,2,7,6,8,2,1,1,11,12,0.9639263743281306,0.28574114110983356,3
12,5,2,1,11,24, , , ,1,3,4,5,90,2,1,1,11,12,0.9639263743281306,0.28574114110983356,3
12,6,1,9,98,6,2,2, ,1,3,4,2,90,1,9,1,11,12,0.9639263743281306,1.2968767927474936,5
12,7,1,2,98,95,9,9, ,1,1,2,90, ,1,1,1,11,12,0.9639263743281306,0.20685051912846625,3
12,8,1,2,98,95,2,2, ,2, , , , ,2,1,1,11,12,0.9639263743281306,1.3668859280296461,5
12,8,2,2,98,95,2,2, ,2, , , , ,2,1,1,11,12,0.9639263743281306,1.3668859280296461,5
12,9,1,1,11,4, , , ,1,1,2,90, ,2,1,1,11,12,0.9639263743281306,1.398377338189905,5
12,9,2,1,11,4, , , ,1,3,4,5,90,2,1,1,11,12,0.9639263743281306,1.398377338189905,5
12,11,1,1,11,5, , , ,1,3,4,90, ,2,3,1,11,12,0.9639263743281306,0.9255662082327124,4
12,11,2,1,11,5, , , ,1,5,6,90, ,2,3,1,11,12,0.9639263743281306,0.9255662082327124,4
12,12,1,2,28,12, ,2, ,1,2,90, , ,1,1,1,11,12,0.9639263743281306,0.07702944395330961,3
12,16,1,1,11,3, , , ,1,5,2,6,90,4,3,1,11,12,0.9639263743281306,1.205625413715429,5
12,16,2,1,11,6, , , ,1,8,9,90, ,4,3,1,11,12,0.9639263743281306,1.205625413715429,5
12,16,3,1,11,12, , , ,1,7,90, , ,4,3,1,11,12,0.9639263743281306,1.205625413715429,5
12,16,4,1,11,1, , , ,1,3,90, , ,4,3,1,11,12,0.9639263743281306,1.205625413715429,5
12,17,1,1,13,1, , , ,1,3,90, , ,2,3,1,11,12,0.9639263743281306,1.5846737246704694,5
12,17,2,1,11,2, , , ,1,4,5,6,2,2,3,1,11,12,0.9639263743281306,1.5846737246704694,5
12,18,1,9,11,4, , , ,1,1,2,90, ,1,1,1,11,12,0.9639263743281306,0.7174985279634951,4
13,1,1,1,14,12, , , ,1,2,7,8,6,3,2,1,11,12,0.9639263743281306,0.6846983532362949,4
13,1,2,1,14,5, , , ,1,4,3,90, ,3,2,1,11,12,0.9639263743281306,0.6846983532362949,4
13,1,3,1,14,5, , , ,1,13,90, , ,3,2,1,11,12,0.9639263743281306,0.6846983532362949,4
13,3,1,2,98,12,9,9, ,1,1,5,90, ,3,3,1,11,12,0.9639263743281306,1.7862712626813422,5
13,3,2,2,98,99,9,9, ,1,3,90, , ,3,3,1,11,12,0.9639263743281306,1.7862712626813422,5
13,3,3,2,98,99,9,9, ,1,6,90, , ,3,3,1,11,12,0.9639263743281306,1.7862712626813422,5
13,5,1,1,11,95, , , ,1,2,9,90, ,3,3,1,11,12,0.9639263743281306,1.4061697355779403,5
13,5,2,1,11,5, , , ,1,11,90, , ,3,3,1,11,12,0.9639263743281306,1.4061697355779403,5
13,5,3,1,28,95, ,9, ,1,4,90, , ,3,3,1,11,12,0.9639263743281306,1.4061697355779403,5
13,13,1,1,11,3, , , ,1,11,90, , ,1,1,1,11,12,0.9639263743281306,1.3777095725772566,5
13,14,1,2,28,9, ,2, ,2, , , , ,1,1,1,11,12,0.9639263743281306,0.5634725751841196,4
13,15,1,1,11,24, , , ,1,4,90, , ,2,1,1,11,12,0.9639263743281306,0.9383661974899755,4
13,15,2,1,11,24, , , ,2, , , , ,2,1,1,11,12,0.9639263743281306,0.9383661974899755,4
13,17,1,2,98,95,1,2, ,2, , , , ,3,2,1,11,12,0.9639263743281306,1.3326438356309924,5
13,17,2,2,98,24,1,2, ,2, , , , ,3,2,1,11,12,0.9639263743281306,1.3326438356309924,5
13,17,3,2,98,24,1,2, ,2, , , , ,3,2,1,11,12,0.9639263743281306,1.3326438356309924,5
14,1,1,1,11,6, , , ,1,1,2,90, ,1,1,1,11,12,0.9639263743281306,1.0167207113739567,4
14,2,1,1,14,6, , , ,1,3,5,90, ,3,2,1,11,12,0.9639263743281306,1.2181937021977278,5
14,2,2,1,14,6, , , ,1,1,90, , ,3,2,1,11,12,0.9639263743281306,1.2181937021977278,5
14,2,3,1,11,4, , , ,1,2,6,8,90,3,2,1,11,12,0.9639263743281306,1.2181937021977278,5
14,4,1,9,11,24, , , ,2, , , , ,2,9,1,11,12,0.9639263743281306,1.907255443909899,5
14,4,2,9,11,24, , , ,2, , , , ,2,9,1,11,12,0.9639263743281306,1.907255443909899,5
14,7,1,1,15,10, , , ,1,3,7,11,9,5,1,1,11,12,0.9639263743281306,1.6415182088967029,5
14,7,2,1,15,10, , , ,1,1,8,90, ,5,1,1,11,12,0.9639263743281306,1.6415182088967029,5
14,7,3,1,15,10, , , ,1,2,10,90, ,5,1,1,11,12,0.9639263743281306,1.6415182088967029,5
14,7,4,1,15,10, , , ,2, , , , ,5,1,1,11,12,0.9639263743281306,1.6415182088967029,5
14,7,5,1,15,10, , , ,2, , , , ,5,1,1,11,12,0.9639263743281306,1.6415182088967029,5
14,8,1,1,14,5, , , ,1,2,3,4,5,1,3,1,11,12,0.9639263743281306,0.939809838923127,4
14,9,1,1,11,2, , , ,1,1,90, , ,3,1,1,11,12,0.9639263743281306,0.8462703070772759,4
14,9,2,1,11,2, , , ,1,2,3,4,5,3,1,1,11,12,0.9639263743281306,0.8462703070772759,4
14,9,3,1,11,2, , , ,1,8,90, , ,3,1,1,11,12,0.9639263743281306,0.8462703070772759,4
14,10,1,2,18,1, , , ,1,4,5,90, ,1,1,1,11,12,0.9639263743281306,0.4757527011990633,3
14,11,1,1,11,12, , , ,1,3,4,5,90,3,3,1,11,12,0.9639263743281306,1.6095790198662059,5
14,11,2,1,11,12, , , ,1,1,90, , ,3,3,1,11,12,0.9639263743281306,1.6095790198662059,5
14,11,3,1,11,12, , , ,1,6,7,8,2,3,3,1,11,12,0.9639263743281306,1.6095790198662059,5
14,14,1,1,11,7, , , ,1,2,3,4,5,1,1,1,11,12,0.9639263743281306,0.48771059375519316,3
14,15,1,1,11,12, , , ,1,2,5,90, ,2,1,1,11,12,0.9639263743281306,0.005414486578653768,3
14,15,2,1,11,12, , , ,1,3,4,90, ,2,1,1,11,12,0.9639263743281306,0.005414486578653768,3
14,16,1,1,11,98, , , ,2, , , , ,1,1,1,11,12,0.9639263743281306,-0.5149845148151448,2
14,17,1,1,12,95, , , ,2, , , , ,1,1,1,11,12,0.9639263743281306,-0.6953016892378496,2
15,1,1,2,99,98,9,9, ,1,1,13,90, ,2,1,1,11,12,0.9639263743281306,1.014517964414776,4
15,1,2,2,99,98,9,9, ,1,3,11,90, ,2,1,1,11,12,0.9639263743281306,1.014517964414776,4
15,7,1,1,15,6, , , ,1,5,90, , ,1,3,1,11,12,0.9639263743281306,1.0782568468027534,4
15,8,1,2,11,4, , , ,2, , , , ,3,1,1,11,12,0.9639263743281306,0.9216872046526018,4
15,8,2,2,11,4, , , ,2, , , , ,3,1,1,11,12,0.9639263743281306,0.9216872046526018,4
15,8,3,2,11,4, , , ,2, , , , ,3,1,1,11,12,0.9639263743281306,0.9216872046526018,4
15,9,1,9,15,1, , , ,1,3,90, , ,3,3,1,11,12,0.9639263743281306,1.50706455521328,5
15,9,2,9,15,1, , , ,1,5,90, , ,3,3,1,11,12,0.9639263743281306,1.50706455521328,5
15,9,3,9,15,95, , , ,1,4,90, , ,3,3,1,11,12,0.9639263743281306,1.50706455521328,5
15,11,1,1,11,1, , , ,1,3,4,5,6,3,1,1,11,12,0.9639263743281306,0.7340824614112234,4
15,11,2,1,11,1, , , ,1,2,7,1,90,3,1,1,11,12,0.9639263743281306,0.7340824614112234,4
15,11,3,1,11,1, , , ,1,8,9,90, ,3,1,1,11,12,0.9639263743281306,0.7340824614112234,4
15,16,1,1,13,95, , , ,1,2,7,90, ,2,1,1,11,12,0.9639263743281306,1.0104048342375296,4
15,16,2,1,13,95, , , ,2, , , , ,2,1,1,11,12,0.9639263743281306,1.0104048342375296,4
16,1,1,1,11,95, , , ,1,1,2,4,90,2,1,1,11,12,0.9639263743281306,0.4614060463247279,3
16,1,2,1,11,95, , , ,1,3,5,6,90,2,1,1,11,12,0.9639263743281306,0.4614060463247279,3
16,2,1,1,11,95, , , ,1,3,4,90, ,6,3,1,11,12,0.9639263743281306,1.9991982823388597,5
16,2,2,1,11,95, , , ,1,5,6,90, ,6,3,1,11,12,0.9639263743281306,1.9991982823388597,5
16,2,3,1,11,95, , , ,1,7,8,90, ,6,3,1,11,12,0.9639263743281306,1.9991982823388597,5
16,2,4,1,11,95, , , ,1,9,90, , ,6,3,1,11,12,0.9639263743281306,1.9991982823388597,5
16,2,5,1,11,95, , , ,2, , , , ,6,3,1,11,12,0.9639263743281306,1.9991982823388597,5
16,2,6,1,11,95, , , ,2, , , , ,6,3,1,11,12,0.9639263743281306,1.9991982823388597,5
16,3,1,1,13,95, , , ,1,2,12,11,90,3,1,1,11,12,0.9639263743281306,0.9869150513268748,4
16,3,2,1,13,95, , , ,1,3,4,5,7,3,1,1,11,12,0.9639263743281306,0.9869150513268748,4
16,3,3,1,13,95, , , ,1,6,8,9,90,3,1,1,11,12,0.9639263743281306,0.9869150513268748,4
16,4,1,1,11,24, , , ,1,2,4,5,6,1,1,1,11,12,0.9639263743281306,0.7500661957021059,4
16,5,1,1,13,13, , , ,1,1,3,90, ,2,2,1,11,12,0.9639263743281306,0.30509659663539085,3
16,5,2,1,11,4, , , ,1,2,4,90, ,2,2,1,11,12,0.9639263743281306,0.30509659663539085,3
16,6,1,1,11,12, , , ,1,2,3,90, ,1,2,1,11,12,0.9639263743281306,0.4613246275251278,3
16,10,1,9,13,4, , , ,1,2,4,5,6,1,2,1,11,12,0.9639263743281306,-0.01515591983116416,3
16,11,1,9,11,95, , , ,1,2,3,4,90,1,2,1,11,12,0.9639263743281306,0.5162058346032585,4
16,12,1,1,11,95, , , ,1,1,6,5,90,2,1,1,11,12,0.9639263743281306,1.2157166566783713,5
16,12,2,1,11,95, , , ,1,2,3,7,90,2,1,1,11,12,0.9639263743281306,1.2157166566783713,5
16,13,1,1,13,4, , , ,2, , , , ,1,2,1,11,12,0.9639263743281306,0.17061033112704038,3
16,14,1,1,13,35, , , ,1,1,90, , ,2,2,1,11,12,0.9639263743281306,0.3121184655319314,3
16,14,2,1,13,5, , , ,1,2,7,90, ,2,2,1,11,12,0.9639263743281306,0.3121184655319314,3
16,15,1,1,13,5, , , ,2, , , , ,1,1,1,11,12,0.9639263743281306,0.956517702827989,4
16,16,1,1,98,95,9,9, ,1,1,2,3,90,2,2,1,11,12,0.9639263743281306,1.2358693337340907,5
16,16,2,1,98,95,9,9, ,1,4,5,6,90,2,2,1,11,12,0.9639263743281306,1.2358693337340907,5
16,17,1,1,98,8,9,9, ,1,3,90, , ,3,1,1,11,12,0.9639263743281306,1.1684631579882672,5
16,17,2,1,28,5, ,2, ,1,5,6,7,90,3,1,1,11,12,0.9639263743281306,1.1684631579882672,5
16,17,3,1,28,4, ,2, ,2, , , , ,3,1,1,11,12,0.9639263743281306,1.1684631579882672,5
16,18,1,9,13,3, , , ,1,2,1,8,90,3,2,1,11,12,0.9639263743281306,1.1922532262745031,5
16,18,2,9,13,98, , , ,1,7,4,90, ,3,2,1,11,12,0.9639263743281306,1.1922532262745031,5
16,18,3,9,13,98, , , ,1,6,5,90, ,3,2,1,11,12,0.9639263743281306,1.1922532262745031,5
17,1,1,1,11,3, , , ,1,3,90, , ,2,1,1,11,12,0.9639263743281306,0.9610831312401256,4
17,1,2,1,11,3, , , ,1,4,90, , ,2,1,1,11,12,0.9639263743281306,0.9610831312401256,4
17,2,1,1,11,12, , , ,2, , , , ,2,1,1,11,12,0.9639263743281306,0.530588061009021,4
17,2,2,2,28,6, ,2, ,2, , , , ,2,1,1,11,12,0.9639263743281306,0.530588061009021,4
17,3,1,2,11,12, , , ,1,4,90, , ,2,1,1,11,12,0.9639263743281306,1.109074745543238,4
17,3,2,2,11,12, , , ,1,1,90, , ,2,1,1,11,12,0.9639263743281306,1.109074745543238,4
17,4,1,1,11,95, , , ,1,7,90, , ,1,1,1,11,12,0.9639263743281306,1.3924415798594527,5
17,5,1,1,11,95, , , ,1,2,90, , ,3,1,1,11,12,0.9639263743281306,0.7212967673459181,4
17,5,2,1,11,95, , , ,1,5,6,7,90,3,1,1,11,12,0.9639263743281306,0.7212967673459181,4
17,5,3,1,11,95, , , ,2, , , , ,3,1,1,11,12,0.9639263743281306,0.7212967673459181,4
17,7,1,9,13,2, , , ,2, , , , ,1,1,1,11,12,0.9639263743281306,0.46987953023772133,3
17,9,1,1,18,95, , , ,1,4,90, , ,1,1,1,11,12,0.9639263743281306,0.89869836521055,4
17,13,1,1,11,8, , , ,1,6,5,3,4,1,3,1,11,12,0.9639263743281306,0.51569701157361,4
17,14,1,1,11,12, , , ,2, , , , ,1,1,1,11,12,0.9639263743281306,1.3370236105305733,5
17,15,1,1,11,12, , , ,2, , , , ,2,2,1,11,12,0.9639263743281306,0.6207089916548777,4
17,15,2,1,11,4, , , ,2, , , , ,2,2,1,11,12,0.9639263743281306,0.6207089916548777,4
17,16,1,1,11,95, , , ,1,2,3,4,90,1,1,1,11,12,0.9639263743281306,1.1113843343458214,4
17,17,1,2,14,12, , , ,1,2,11,10,90,4,1,1,11,12,0.9639263743281306,1.7013975448782168,5
17,17,2,2,14,12, , , ,8, , , , ,4,1,1,11,12,0.9639263743281306,1.7013975448782168,5
17,17,3,2,14,12, , , ,8, , , , ,4,1,1,11,12,0.9639263743281306,1.7013975448782168,5
17,17,4,2,14,12, , , ,8, , , , ,4,1,1,11,12,0.9639263743281306,1.7013975448782168,5
17,18,1,2,98,12,2,2, ,1,1,3,4,90,1,1,1,11,12,0.9639263743281306,0.9195519707027703,4
18,7,1,1,13,8, , , ,1,1,2,90, ,3,3,1,11,12,0.9639263743281306,1.5038465904001992,5
18,7,2,1,12,8, , , ,1,4,5,9,90,3,3,1,11,12,0.9639263743281306,1.5038465904001992,5
18,7,3,1,13,8, , , ,1,3,7,6,90,3,3,1,11,12,0.9639263743281306,1.5038465904001992,5
18,8,1,1,14,12, , , ,1,2,6,5,4,1,3,1,11,12,0.9639263743281306,0.8917082088786057,4
18,9,1,1,11,8, , , ,1,1,90, , ,2,1,1,11,12,0.9639263743281306,1.7526984169799742,5
18,9,2,1,11,9, , , ,1,2,90, , ,2,1,1,11,12,0.9639263743281306,1.7526984169799742,5
18,11,1,2,26,95, ,2, ,1,9,2,8,90,3,2,1,11,12,0.9639263743281306,1.179415713351374,5
18,11,2,2,26,9, ,2, ,2, , , , ,3,2,1,11,12,0.9639263743281306,1.179415713351374,5
18,11,3,2,26,95, ,2, ,2, , , , ,3,2,1,11,12,0.9639263743281306,1.179415713351374,5
18,13,1,1,18,95, , , ,1,1,2,4,90,2,3,1,11,12,0.9639263743281306,0.643225497603522,4
18,13,2,1,18,95, , , ,1,3,7,90, ,2,3,1,11,12,0.9639263743281306,0.643225497603522,4
18,14,1,2,18,4, , , ,1,1,2,4,90,2,1,1,11,12,0.9639263743281306,0.6560162634105118,4
18,14,2,2,18,4, , , ,1,3,5,90, ,2,1,1,11,12,0.9639263743281306,0.6560162634105118,4
18,15,1,2,18,95, , , ,2, , , , ,3,1,1,11,12,0.9639263743281306,0.4743069444422178,3
18,15,2,2,18,95, , , ,2, , , , ,3,1,1,11,12,0.9639263743281306,0.4743069444422178,3
18,15,3,2,18,95, , , ,2, , , , ,3,1,1,11,12,0.9639263743281306,0.4743069444422178,3
18,16,1,9,14,12, , , ,1,2,5,6,90,1,1,1,11,12,0.9639263743281306,0.17897154194183978,3
18,17,1,9,14,9, , , ,1,2,90, , ,1,3,1,11,12,0.9639263743281306,0.5610005021375557,4
19,5,1,1,11,4, , , ,1,2,11,12,90,2,1,1,11,12,0.9639263743281306,1.475276087195073,5
19,5,2,1,11,4, , , ,2, , , , ,2,1,1,11,12,0.9639263743281306,1.475276087195073,5
19,6,1,1,99,9,9,9, ,1,2,90, , ,5,3,1,11,12,0.9639263743281306,0.9546162838970892,4
19,6,2,1,11,12, , , ,1,0,90, , ,5,3,1,11,12,0.9639263743281306,0.9546162838970892,4
19,6,3,1,11,7, , , ,1,5,90, , ,5,3,1,11,12,0.9639263743281306,0.9546162838970892,4
19,6,4,1,11,9, , , ,1,6,90, , ,5,3,1,11,12,0.9639263743281306,0.9546162838970892,4
19,6,5,1,11,14, , , ,1,8,90, , ,5,3,1,11,12,0.9639263743281306,0.9546162838970892,4
19,8,1,2,99,98,9,9, ,9, , , , ,2,1,1,11,12,0.9639263743281306,1.411406591923199,5
19,8,2,2,99,98,9,9, ,9, , , , ,2,1,1,11,12,0.9639263743281306,1.411406591923199,5
19,9,1,1,11,12, , , ,2, , , , ,1,3,1,11,12,0.9639263743281306,1.8129847377246917,5
19,11,1,1,11,95, , , ,1,3,4,90, ,5,3,1,11,12,0.9639263743281306,1.2705358926235486,5
19,11,2,1,11,95, , , ,1,7,8,90, ,5,3,1,11,12,0.9639263743281306,1.2705358926235486,5
19,11,3,1,11,95, , , ,1,6,5,90, ,5,3,1,11,12,0.9639263743281306,1.2705358926235486,5
19,11,4,1,11,95, , , ,1,9,10,90, ,5,3,1,11,12,0.9639263743281306,1.2705358926235486,5
19,11,5,1,11,95, , , ,1,0,0,90, ,5,3,1,11,12,0.9639263743281306,1.2705358926235486,5
19,12,1,1,11,95, , , ,1,1,90, , ,2,1,1,11,12,0.9639263743281306,1.2355532749478086,5
19,12,2,1,11,95, , , ,1,4,90, , ,2,1,1,11,12,0.9639263743281306,1.2355532749478086,5
19,13,1,1,13,4, , , ,2, , , , ,1,3,1,11,12,0.9639263743281306,2.0039823766760256,5
19,16,1,1,28,21, ,2, ,1,2,1,3,90,1,2,1,11,12,0.9639263743281306,0.4078974435017742,3
19,17,1,2,28,24, ,2, ,2, , , , ,2,1,1,11,12,0.9639263743281306,0.5074799527389038,3
19,17,2,2,28,24, ,2, ,2, , , , ,2,1,1,11,12,0.9639263743281306,0.5074799527389038,3
19,18,1,2,28,95, ,9, ,1,1,2,3,4,1,1,1,11,12,0.9639263743281306,0.5317907801462401,4
20,1,1,1,14,95, , , ,1,3,90, , ,2,1,1,11,12,0.9639263743281306,1.1170763272035735,4
20,1,2,1,18,95, , , ,1,6,90, , ,2,1,1,11,12,0.9639263743281306,1.1170763272035735,4
20,2,1,1,11,1, , , ,2, , , , ,4,2,1,11,12,0.9639263743281306,0.8035996884419049,4
20,2,2,1,11,1, , , ,2, , , , ,4,2,1,11,12,0.9639263743281306,0.8035996884419049,4
20,2,3,1,11,1, , , ,2, , , , ,4,2,1,11,12,0.9639263743281306,0.8035996884419049,4
20,2,4,1,98,99,2,2, ,2, , , , ,4,2,1,11,12,0.9639263743281306,0.8035996884419049,4
20,3,1,2,14,7, , , ,2, , , , ,1,3,1,11,12,0.9639263743281306,1.355612140168175,5
20,4,1,1,11,95, , , ,1,2,9,90, ,1,3,1,11,12,0.9639263743281306,1.4137353753585276,5
20,5,1,2,98,4,1,1,1,1,1,90, , ,3,3,1,11,12,0.9639263743281306,1.474027882042975,5
20,5,2,2,98,4,1,1,1,1,2,90, , ,3,3,1,11,12,0.9639263743281306,1.474027882042975,5
20,5,3,2,98,4,1,1,1,2, , , , ,3,3,1,11,12,0.9639263743281306,1.474027882042975,5
20,9,1,1,14,95, , , ,1,9,90, , ,1,1,1,11,12,0.9639263743281306,0.9767573119169429,4
20,10,1,1,11,95, , , ,2, , , , ,2,1,1,11,12,0.9639263743281306,1.3896955057575617,5
20,10,2,1,11,95, , , ,2, , , , ,2,1,1,11,12,0.9639263743281306,1.3896955057575617,5
20,11,1,2,14,95, , , ,1,1,90, , ,2,1,1,11,12,0.9639263743281306,1.3516699784088144,5
20,11,2,2,14,95, , , ,1,2,90, , ,2,1,1,11,12,0.9639263743281306,1.3516699784088144,5
20,13,1,1,14,7, , , ,2, , , , ,3,2,1,11,12,0.9639263743281306,0.7930259932752622,4
20,13,2,1,14,7, , , ,2, , , , ,3,2,1,11,12,0.9639263743281306,0.7930259932752622,4
20,13,3,1,14,7, , , ,2, , , , ,3,2,1,11,12,0.9639263743281306,0.7930259932752622,4
20,14,1,9,13,2, , , ,2, , , , ,1,3,1,11,12,0.9639263743281306,0.8300438182083603,4
20,15,1,2,15,3, , , ,1,2,4,5,90,3,2,1,11,12,0.9639263743281306,1.0019348129832937,4
20,15,2,2,15,3, , , ,1,3,90, , ,3,2,1,11,12,0.9639263743281306,1.0019348129832937,4
20,15,3,2,15,3, , , ,1,1,90, , ,3,2,1,11,12,0.9639263743281306,1.0019348129832937,4
20,16,1,2,98,95,1,2, ,1,2,3,4,5,4,3,1,11,12,0.9639263743281306,1.3553087755201765,5
20,16,2,2,98,95,1,2, ,1,12,13,10,90,4,3,1,11,12,0.9639263743281306,1.3553087755201765,5
20,16,3,2,98,95,1,2, ,1,1,90, , ,4,3,1,11,12,0.9639263743281306,1.3553087755201765,5
20,16,4,2,98,95,1,2, ,1,9,7,8,90,4,3,1,11,12,0.9639263743281306,1.3553087755201765,5
20,17,1,2,98,2,1,1,95,1,3,90, , ,2,1,1,11,12,0.9639263743281306,-0.4345878382248454,3
20,17,2,2,98,2,1,1,95,1,5,90, , ,2,1,1,11,12,0.9639263743281306,-0.4345878382248454,3
20,18,1,1,14,2, , , ,1,5,4,3,90,2,1,1,11,12,0.9639263743281306,-0.639395450870571,2
20,18,2,1,14,2, , , ,1,9,8,90, ,2,1,1,11,12,0.9639263743281306,-0.639395450870571,2
21,1,1,1,12,6, , , ,1,3,4,90, ,1,3,1,11,12,0.9639263743281306,1.0984109427727293,4
21,4,1,1,11,95, , , ,1,2,90, , ,2,3,1,11,12,0.9639263743281306,1.4533944918786026,5
21,4,2,1,11,95, , , ,1,1,90, , ,2,3,1,11,12,0.9639263743281306,1.4533944918786026,5
21,6,1,1,11,8, , , ,1,1,2,90, ,3,9,1,11,12,0.9639263743281306,0.3154006691335866,3
21,6,2,1,11,8, , , ,1,3,4,5,90,3,9,1,11,12,0.9639263743281306,0.3154006691335866,3
21,6,3,1,11,8, , , ,1,6,7,8,9,3,9,1,11,12,0.9639263743281306,0.3154006691335866,3
21,7,1,1,11,95, , , ,1,1,2,10,7,2,2,1,11,12,0.9639263743281306,1.4698118917119583,5
21,7,2,1,11,95, , , ,1,8,6,5,4,2,2,1,11,12,0.9639263743281306,1.4698118917119583,5
21,8,1,2,11,95, , , ,2, , , , ,2,2,1,11,12,0.9639263743281306,0.705718413806361,4
21,8,2,2,11,95, , , ,2, , , , ,2,2,1,11,12,0.9639263743281306,0.705718413806361,4
21,9,1,1,13,4, , , ,1,2,7,90, ,2,1,1,11,12,0.9639263743281306,-0.2605579594351715,3
21,9,2,1,12,95, , , ,1,3,4,5,6,2,1,1,11,12,0.9639263743281306,-0.2605579594351715,3
21,10,1,2,11,3, , , ,2, , , , ,7,3,1,11,12,0.9639263743281306,1.3093618311034567,5
21,10,2,2,11,12, , , ,2, , , , ,7,3,1,11,12,0.9639263743281306,1.3093618311034567,5
21,10,3,2,11,7, , , ,2, , , , ,7,3,1,11,12,0.9639263743281306,1.3093618311034567,5
21,10,4,1,11,6, , , ,1,10,9,90, ,7,3,1,11,12,0.9639263743281306,1.3093618311034567,5
21,10,5,1,12,4, , , ,1,7,6,90, ,7,3,1,11,12,0.9639263743281306,1.3093618311034567,5
21,10,6,1,12,4, , , ,1,11,12,90, ,7,3,1,11,12,0.9639263743281306,1.3093618311034567,5
21,10,7,2,12,4, , , ,2, , , , ,7,3,1,11,12,0.9639263743281306,1.3093618311034567,5
21,11,1,1,13,4, , , ,1,1,2,90, ,2,3,1,11,12,0.9639263743281306,1.3156523400319002,5
21,11,2,1,11,13, , , ,1,3,90, , ,2,3,1,11,12,0.9639263743281306,1.3156523400319002,5
21,12,1,2,11,6, , , ,2, , , , ,2,3,1,11,12,0.9639263743281306,0.8479352754962225,4
21,12,2,2,11,6, , , ,2, , , , ,2,3,1,11,12,0.9639263743281306,0.8479352754962225,4
21,16,1,1,11,4, , , ,1,4,90, , ,2,1,1,11,12,0.9639263743281306,1.3669633747543126,5
21,16,2,1,11,1, , , ,1,5,6,90, ,2,1,1,11,12,0.9639263743281306,1.3669633747543126,5
21,17,1,1,11,12, , , ,1,3,6,90, ,1,1,1,11,12,0.9639263743281306,0.06776076081458621,3
21,18,1,1,11,3, , , ,1,1,90, , ,1,1,1,11,12,0.9639263743281306,0.7655393557866478,4
22,3,1,1,11,4, , , ,1,2,90, , ,3,2,2,21,12,1.0317722843507988,-0.6176018841539311,2
22,3,2,1,11,6, , , ,1,4,90, , ,3,2,2,21,12,1.0317722843507988,-0.6176018841539311,2
22,3,3,1,11,3, , , ,1,3,90, , ,3,2,2,21,12,1.0317722843507988,-0.6176018841539311,2
23,7,1,1,13,3, , , ,1,1,2,3,4,1,2,2,21,12,1.0317722843507988,-0.9489669131981143,2
23,9,1,1,11,95, , , ,1,2,5,4,90,1,2,2,21,12,1.0317722843507988,-0.8900039241796281,2
24,15,1,2,18,95, , , ,8, , , , ,1,1,2,21,12,1.0317722843507988,-0.9475880062488488,2
24,17,1,2,98,24,1,1,1,1,1,2,3,90,1,1,2,21,12,1.0317722843507988,-0.9101081619312801,2
25,1,1,2,14,3, , , ,1,7,8,90, ,2,1,2,21,12,1.0317722843507988,-0.7919957626551882,2
25,1,2,2,14,3, , , ,1,1,6,90, ,2,1,2,21,12,1.0317722843507988,-0.7919957626551882,2
25,3,1,2,15,95, , , ,2, , , , ,1,1,2,21,12,1.0317722843507988,-0.8540404095951531,2
25,8,1,2,98,4,2,1,1,1,5,90, , ,1,1,2,21,12,1.0317722843507988,-0.7987624297928123,2
25,15,1,2,98,95,1,2, ,1,1,2,9,90,3,1,2,21,12,1.0317722843507988,-0.13743098911442914,3
25,15,2,2,98,95,1,2, ,1,3,4,5,90,3,1,2,21,12,1.0317722843507988,-0.13743098911442914,3
25,15,3,2,98,95,1,2, ,1,6,7,8,90,3,1,2,21,12,1.0317722843507988,-0.13743098911442914,3
25,16,1,2,15,15, , , ,1,1,2,90, ,2,1,2,21,12,1.0317722843507988,0.15341541447581794,3
25,16,2,2,15,15, , , ,2, , , , ,2,1,2,21,12,1.0317722843507988,0.15341541447581794,3
26,1,1,1,98,95,2,2, ,2, , , , ,1,3,2,21,12,1.0317722843507988,-0.2785386829697791,3
26,2,1,2,11,95, , , ,2, , , , ,3,3,2,21,12,1.0317722843507988,-0.39860827749708166,3
26,2,2,2,11,95, , , ,2, , , , ,3,3,2,21,12,1.0317722843507988,-0.39860827749708166,3
26,2,3,2,11,95, , , ,2, , , , ,3,3,2,21,12,1.0317722843507988,-0.39860827749708166,3
26,3,1,9,13,3, , , ,1,2,3,4,90,1,1,2,21,12,1.0317722843507988,-1.2557658010540917,1
26,4,1,1,13,24, , , ,1,3,2,4,5,2,9,2,21,12,1.0317722843507988,-0.661487464847976,2
26,4,2,1,13,3, , , ,2, , , , ,2,9,2,21,12,1.0317722843507988,-0.661487464847976,2
26,8,1,1,11,5, , , ,2, , , , ,1,1,2,21,12,1.0317722843507988,-0.29600203053365737,3
26,10,1,2,18,8, , , ,2, , , , ,1,1,2,21,12,1.0317722843507988,-1.2767374766040347,1
26,12,1,1,11,95, , , ,2, , , , ,2,1,2,21,12,1.0317722843507988,-1.294760960027383,1
26,12,2,1,11,12, , , ,2, , , , ,2,1,2,21,12,1.0317722843507988,-1.294760960027383,1
26,16,1,1,11,12, , , ,1,2,4,3,90,1,1,2,21,12,1.0317722843507988,-1.2617683436345215,1
27,1,1,1,11,24, , , ,2, , , , ,1,1,2,21,12,1.0317722843507988,-1.3246235744966983,1
27,3,1,1,11,24, , , ,2, , , , ,2,1,2,21,12,1.0317722843507988,-1.198077138916453,1
27,3,2,1,11,24, , , ,2, , , , ,2,1,2,21,12,1.0317722843507988,-1.198077138916453,1
27,4,1,2,18,24, , , ,2, , , , ,2,1,2,21,12,1.0317722843507988,-1.2847910593304563,1
27,4,2,2,18,24, , , ,2, , , , ,2,1,2,21,12,1.0317722843507988,-1.2847910593304563,1
27,5,1,1,11,6, , , ,2, , , , ,1,1,2,21,12,1.0317722843507988,-1.207064920802957,1
27,8,1,2,18,95, , , ,2, , , , ,2,1,2,21,12,1.0317722843507988,-0.5021474338267673,2
27,8,2,2,18,95, , , ,2, , , , ,2,1,2,21,12,1.0317722843507988,-0.5021474338267673,2
27,11,1,2,18,12, , , ,2, , , , ,1,1,2,21,12,1.0317722843507988,-1.0551013156292361,1
27,13,1,1,11,95, , , ,2, , , , ,1,1,2,21,12,1.0317722843507988,-1.2494608187054257,1
27,14,1,1,11,95, , , ,1,5,10,8,6,1,3,2,21,12,1.0317722843507988,0.04061704751887033,3
27,16,1,1,11,10, , , ,2, , , , ,1,1,2,21,12,1.0317722843507988,-0.5927371788089756,2
27,17,1,1,11,95, , , ,1,8,90, , ,1,2,2,21,12,1.0317722843507988,-0.5900803325337021,2
28,2,1,2,28,95, ,2, ,1,2,9,90, ,1,2,2,21,12,1.0317722843507988,-0.8589390892767836,2
28,4,1,1,14,95, , , ,1,7,6,5,90,1,3,2,21,12,1.0317722843507988,-0.46301940428849575,2
28,5,1,2,14,8, , , ,1,3,4,5,90,1,1,2,21,12,1.0317722843507988,-0.6838047139746464,2
28,6,1,1,13,5, , , ,2, , , , ,3,1,2,21,12,1.0317722843507988,-0.80716414612932,2
28,6,2,1,13,3, , , ,2, , , , ,3,1,2,21,12,1.0317722843507988,-0.80716414612932,2
28,6,3,1,13,3, , , ,2, , , , ,3,1,2,21,12,1.0317722843507988,-0.80716414612932,2
28,7,1,1,12,1, , , ,1,2,90, , ,3,1,2,21,12,1.0317722843507988,-0.4176033185344538,3
28,7,2,1,12,1, , , ,1,1,6,90, ,3,1,2,21,12,1.0317722843507988,-0.4176033185344538,3
28,7,3,1,12,1, , , ,2, , , , ,3,1,2,21,12,1.0317722843507988,-0.4176033185344538,3
28,10,1,1,13,3, , , ,2, , , , ,1,1,2,21,12,1.0317722843507988,-0.3049588165307467,3
28,12,1,9,14,1, , , ,1,7,8,90, ,1,1,2,21,12,1.0317722843507988,-0.8183557895735953,2
28,14,1,2,26,5, ,2, ,1,7,90, , ,3,2,2,21,12,1.0317722843507988,-0.93146379073421,2
28,14,2,2,26,1, ,2, ,1,2,4,90, ,3,2,2,21,12,1.0317722843507988,-0.93146379073421,2
28,14,3,2,26,5, ,2, ,1,3,6,5,90,3,2,2,21,12,1.0317722843507988,-0.93146379073421,2
28,15,1,1,14,95, , , ,1,1,90, , ,3,3,2,21,12,1.0317722843507988,-1.062225691301839,1
28,15,2,1,14,6, , , ,2, , , , ,3,3,2,21,12,1.0317722843507988,-1.062225691301839,1
28,15,3,1,14,10, , , ,2, , , , ,3,3,2,21,12,1.0317722843507988,-1.062225691301839,1
28,16,1,1,13,12, , , ,2, , , , ,1,3,2,21,12,1.0317722843507988,0.45203279439149174,3
29,1,1,1,11,95, , , ,1,1,2,90, ,2,1,2,21,12,1.0317722843507988,0.44645797908513307,3
29,1,2,1,11,95, , , ,1,3,4,5,7,2,1,2,21,12,1.0317722843507988,0.44645797908513307,3
29,2,1,1,11,98, , , ,1,1,4,90, ,2,1,2,21,12,1.0317722843507988,0.4297403539037998,3
29,2,2,1,11,98, , , ,1,2,3,90, ,2,1,2,21,12,1.0317722843507988,0.4297403539037998,3
29,3,1,1,11,95, , , ,1,1,2,90, ,1,1,2,21,12,1.0317722843507988,0.08148792461194788,3
29,4,1,1,11,26, , , ,2, , , , ,1,1,2,21,12,1.0317722843507988,-1.1359751595159968,1
29,8,1,1,13,24, , , ,2, , , , ,1,1,2,21,12,1.0317722843507988,-1.1661567187055508,1
29,12,1,1,11,95, , , ,1,2,4,5,6,1,3,2,21,12,1.0317722843507988,-0.3456875837197826,3
29,13,1,9,13,6, , , ,1,2,7,90, ,1,2,2,21,12,1.0317722843507988,-1.0568647603215662,1
29,14,1,1,13,99, , , ,1,2,7,90, ,1,1,2,21,12,1.0317722843507988,0.8766855356121566,4
29,15,1,9,11,6, , , ,2, , , , ,1,2,2,21,12,1.0317722843507988,0.13285786059477508,3
29,16,1,1,11,24, , , ,1,0,90, , ,4,1,2,21,12,1.0317722843507988,-0.14028754824931342,3
29,16,2,1,11,24, , , ,1,0,90, , ,4,1,2,21,12,1.0317722843507988,-0.14028754824931342,3
29,16,3,1,11,24, , , ,1,2,8,10,11,4,1,2,21,12,1.0317722843507988,-0.14028754824931342,3
29,16,4,1,11,24, , , ,1,5,7,90, ,4,1,2,21,12,1.0317722843507988,-0.14028754824931342,3
29,17,1,9,11,24, , , ,1,1,90, , ,2,1,2,21,12,1.0317722843507988,-0.1235452190660213,3
29,17,2,9,11,24, , , ,1,2,3,4,90,2,1,2,21,12,1.0317722843507988,-0.1235452190660213,3
29,18,1,1,11,24, , , ,1,3,5,90, ,3,1,2,21,12,1.0317722843507988,-0.20323693823518427,3
29,18,2,1,11,24, , , ,1,2,4,90, ,3,1,2,21,12,1.0317722843507988,-0.20323693823518427,3
29,18,3,1,11,24, , , ,1,1,90, , ,3,1,2,21,12,1.0317722843507988,-0.20323693823518427,3
30,7,1,2,99,12,1,2, ,2, , , , ,2,1,2,21,12,1.0317722843507988,-0.734290115698427,2
30,7,2,2,99,12,1,2, ,8, , , , ,2,1,2,21,12,1.0317722843507988,-0.734290115698427,2
30,12,1,1,18,98, , , ,2, , , , ,1,1,2,21,12,1.0317722843507988,-1.0826511402103405,1
30,17,1,1,11,8, , , ,2, , , , ,1,1,2,21,12,1.0317722843507988,-1.2270335766937122,1
31,3,1,1,11,5, , , ,1,2,3,4,90,1,1,2,21,12,1.0317722843507988,-0.2603058976866982,3
31,8,1,1,11,95, , , ,1,2,90, , ,3,1,2,21,12,1.0317722843507988,-1.162551780030209,1
31,8,2,1,11,95, , , ,1,3,90, , ,3,1,2,21,12,1.0317722843507988,-1.162551780030209,1
31,8,3,1,11,95, , , ,1,4,90, , ,3,1,2,21,12,1.0317722843507988,-1.162551780030209,1
31,9,1,1,11,95, , , ,1,2,6,5,4,1,1,2,21,12,1.0317722843507988,-0.9751207694776125,2
32,1,1,2,14,95, , , ,1,2,6,90, ,1,1,2,21,12,1.0317722843507988,-1.1394439570420956,1
35,1,1,1,11,95, , , ,1,1,2,90, ,2,1,1,11,12,0.9639263743281306,-0.8265125717198996,2
35,1,2,1,11,95, , , ,2, , , , ,2,1,1,11,12,0.9639263743281306,-0.8265125717198996,2
35,2,1,1,11,95, , , ,2, , , , ,1,1,1,11,12,0.9639263743281306,-0.6320632662137494,2
35,6,1,1,11,13, , , ,2, , , , ,3,1,1,11,12,0.9639263743281306,-0.8828989368933671,2
35,6,2,1,11,13, , , ,2, , , , ,3,1,1,11,12,0.9639263743281306,-0.8828989368933671,2
35,6,3,1,13,16, , , ,2, , , , ,3,1,1,11,12,0.9639263743281306,-0.8828989368933671,2
35,15,1,1,13,3, , , ,2, , , , ,1,2,1,11,12,0.9639263743281306,-0.5515853726108888,2
36,2,1,1,11,95, , , ,2, , , , ,3,1,1,11,12,0.9639263743281306,-0.47233021503167916,2
36,2,2,1,11,95, , , ,2, , , , ,3,1,1,11,12,0.9639263743281306,-0.47233021503167916,2
36,2,3,1,11,95, , , ,2, , , , ,3,1,1,11,12,0.9639263743281306,-0.47233021503167916,2
36,11,1,1,11,95, , , ,2, , , , ,1,1,1,11,12,0.9639263743281306,-0.5700293577483562,2
36,14,1,1,13,7, , , ,2, , , , ,1,1,1,11,12,0.9639263743281306,-0.20200040287287274,3
36,17,1,2,28,95, ,9, ,1,1,90, , ,1,3,1,11,12,0.9639263743281306,-0.15756211318903426,3
36,18,1,1,11,6, , , ,2, , , , ,2,1,1,11,12,0.9639263743281306,-0.42253937720472107,3
36,18,2,1,11,6, , , ,2, , , , ,2,1,1,11,12,0.9639263743281306,-0.42253937720472107,3
37,2,1,1,13,95, , , ,1,2,7,8,90,2,1,2,22,12,1.0317722843507988,-0.8106217002999293,2
37,2,2,1,11,6, , , ,1,3,5,4,90,2,1,2,22,12,1.0317722843507988,-0.8106217002999293,2
37,4,1,1,14,24, , , ,1,1,5,90, ,1,1,2,22,12,1.0317722843507988,-1.311086550749232,1
37,5,1,1,11,24, , , ,2, , , , ,2,1,2,22,12,1.0317722843507988,-0.7018455808933336,2
37,5,2,1,11,24, , , ,2, , , , ,2,1,2,22,12,1.0317722843507988,-0.7018455808933336,2
37,7,1,1,11,95, , , ,2, , , , ,2,2,2,21,12,1.0317722843507988,-0.9274265455708789,2
37,7,2,1,11,95, , , ,2, , , , ,2,2,2,21,12,1.0317722843507988,-0.9274265455708789,2
37,8,1,1,11,95, , , ,2, , , , ,1,1,2,21,12,1.0317722843507988,-0.9274265455708789,2
37,10,1,1,28,95, ,2, ,1,2,3,4,5,1,9,2,21,12,1.0317722843507988,-0.9475384101038171,2
37,14,1,1,11,95, , , ,1,1,2,6,7,2,2,2,21,12,1.0317722843507988,-0.8584722586692684,2
37,14,2,1,11,95, , , ,1,3,4,5,90,2,2,2,21,12,1.0317722843507988,-0.8584722586692684,2
37,16,1,1,12,11, , , ,1,1,90, , ,3,1,2,21,12,1.0317722843507988,-1.0965580286681733,1
37,16,2,1,12,11, , , ,1,2,90, , ,3,1,2,21,12,1.0317722843507988,-1.0965580286681733,1
37,16,3,1,12,11, , , ,1,3,90, , ,3,1,2,21,12,1.0317722843507988,-1.0965580286681733,1
37,17,1,1,11,24, , , ,2, , , , ,1,1,2,22,12,1.0317722843507988,-0.4036663181375431,3
37,18,1,1,11,95, , , ,2, , , , ,1,1,2,21,12,1.0317722843507988,-1.0748869982729679,1
38,3,1,1,11,6, , , ,1,4,3,5,90,1,1,2,21,12,1.0317722843507988,-1.0002579366948323,2
38,4,1,1,11,95, , , ,2, , , , ,1,1,2,21,12,1.0317722843507988,-1.0709375926476292,1
38,5,1,2,28,24, ,2, ,2, , , , ,1,3,2,21,12,1.0317722843507988,-0.722749516776881,2
38,9,1,1,11,12, , , ,1,2,3,4,90,3,1,2,21,12,1.0317722843507988,-0.7061016260963131,2
38,9,2,1,11,0, , , ,1,5,90, , ,3,1,2,21,12,1.0317722843507988,-0.7061016260963131,2
38,9,3,1,11,99, , , ,1,1,90, , ,3,1,2,21,12,1.0317722843507988,-0.7061016260963131,2
38,11,1,1,11,95, , , ,2, , , , ,3,1,2,21,12,1.0317722843507988,-0.9120431296941265,2
38,11,2,1,11,95, , , ,2, , , , ,3,1,2,21,12,1.0317722843507988,-0.9120431296941265,2
38,11,3,1,11,3, , , ,2, , , , ,3,1,2,21,12,1.0317722843507988,-0.9120431296941265,2
38,13,1,1,11,95, , , ,1,2,90, , ,4,2,2,21,12,1.0317722843507988,-1.3906135043528574,1
38,13,2,1,11,95, , , ,1,3,90, , ,4,2,2,21,12,1.0317722843507988,-1.3906135043528574,1
38,13,3,1,11,95, , , ,1,4,90, , ,4,2,2,21,12,1.0317722843507988,-1.3906135043528574,1
38,13,4,1,11,95, , , ,1,8,90, , ,4,2,2,21,12,1.0317722843507988,-1.3906135043528574,1
38,14,1,1,11,1, , , ,2, , , , ,1,1,2,21,12,1.0317722843507988,-0.869432365883447,2
38,16,1,2,98,24,9,2, ,8, , , , ,1,1,2,21,12,1.0317722843507988,-0.09916014448921844,3
40,6,1,2,98,5,9,9, ,1,2,5,8,90,1,1,2,21,12,1.0317722843507988,-1.3007559021611266,1
40,8,1,2,98,95,2,2, ,1,4,5,6,90,1,1,2,21,12,1.0317722843507988,-1.1610579079423244,1
40,15,1,2,98,95,1,2, ,1,1,2,6,7,2,1,2,21,12,1.0317722843507988,-1.0648611018375103,1
40,15,2,2,98,95,1,2, ,1,3,4,5,90,2,1,2,21,12,1.0317722843507988,-1.0648611018375103,1
41,2,1,2,14,95, , , ,2, , , , ,3,1,2,21,12,1.0317722843507988,-0.36081237282105316,3
41,2,2,2,14,95, , , ,2, , , , ,3,1,2,21,12,1.0317722843507988,-0.36081237282105316,3
41,2,3,2,14,95, , , ,2, , , , ,3,1,2,21,12,1.0317722843507988,-0.36081237282105316,3
41,3,1,1,14,95, , , ,2, , , , ,1,2,2,21,12,1.0317722843507988,-0.48311584742829067,2
41,5,1,1,11,14, , , ,1,1,2,90, ,2,3,2,21,12,1.0317722843507988,1.1175757792311718,4
41,5,2,1,11,14, , , ,1,3,4,5,90,2,3,2,21,12,1.0317722843507988,1.1175757792311718,4
41,8,1,1,13,6, , , ,1,1,2,3,90,1,3,2,21,12,1.0317722843507988,0.21949576301208937,3
41,9,1,1,13,12, , , ,2, , , , ,2,2,2,21,12,1.0317722843507988,1.2876383876817488,5
41,9,2,1,13,10, , , ,2, , , , ,2,2,2,21,12,1.0317722843507988,1.2876383876817488,5
41,13,1,2,18,95, , , ,2, , , , ,2,1,2,21,12,1.0317722843507988,0.39374873310382535,3
41,13,2,2,18,95, , , ,2, , , , ,2,1,2,21,12,1.0317722843507988,0.39374873310382535,3
41,16,1,1,13,95, , , ,2, , , , ,3,1,2,21,12,1.0317722843507988,0.25862745770361706,3
41,16,2,1,13,95, , , ,2, , , , ,3,1,2,21,12,1.0317722843507988,0.25862745770361706,3
41,16,3,1,13,95, , , ,2, , , , ,3,1,2,21,12,1.0317722843507988,0.25862745770361706,3
41,17,1,2,18,6, , , ,2, , , , ,2,3,2,21,12,1.0317722843507988,0.7698691310825022,4
41,17,2,2,18,6, , , ,2, , , , ,2,3,2,21,12,1.0317722843507988,0.7698691310825022,4
42,5,1,1,11,95, , , ,1,2,90, , ,1,1,2,21,12,1.0317722843507988,0.2353604249444126,3
42,10,1,1,14,4, , , ,1,2,5,90, ,1,1,2,21,12,1.0317722843507988,-0.6729311196684362,2
42,11,1,1,98,4,2,2, ,1,2,6,90, ,2,3,2,21,12,1.0317722843507988,-0.2833194799022235,3
42,11,2,1,98,4,2,2, ,1,4,5,90, ,2,3,2,21,12,1.0317722843507988,-0.2833194799022235,3
42,15,1,1,12,5, , , ,1,2,7,6,8,1,1,2,21,12,1.0317722843507988,-1.1813879564840173,1
42,17,1,2,18,95, , , ,1,3,4,5,90,1,2,2,21,12,1.0317722843507988,-0.4105867487085307,3
42,18,1,2,18,98, , , ,1,8,6,7,10,3,1,2,21,12,1.0317722843507988,-0.555830263765572,2
42,18,2,2,18,95, , , ,2, , , , ,3,1,2,21,12,1.0317722843507988,-0.555830263765572,2
42,18,3,2,18,95, , , ,2, , , , ,3,1,2,21,12,1.0317722843507988,-0.555830263765572,2
43,1,1,1,98,95,9,9, ,2, , , , ,1,1,2,21,12,1.0317722843507988,-1.2559254865022167,1
43,4,1,1,13,2, , , ,1,2,3,4,90,1,9,2,21,12,1.0317722843507988,-1.24259222080428,1
43,5,1,1,18,24, , , ,1,1,3,5,90,2,9,2,21,12,1.0317722843507988,-1.2873596405722925,1
43,5,2,1,18,24, , , ,1,6,90, , ,2,9,2,21,12,1.0317722843507988,-1.2873596405722925,1
43,9,1,2,18,95, , , ,1,1,90, , ,3,1,2,21,12,1.0317722843507988,-1.220341422685025,1
43,9,2,2,18,95, , , ,1,2,5,6,90,3,1,2,21,12,1.0317722843507988,-1.220341422685025,1
43,9,3,2,18,95, , , ,1,3,4,90, ,3,1,2,21,12,1.0317722843507988,-1.220341422685025,1
43,10,1,9,18,95, , , ,1,2,6,5,90,1,1,2,21,12,1.0317722843507988,-1.2504319419069532,1
43,12,1,1,11,4, , , ,1,1,90, , ,1,1,2,21,12,1.0317722843507988,-0.8993965794663775,2
43,13,1,1,18,95, , , ,1,2,3,4,5,1,1,2,21,12,1.0317722843507988,-0.9833630660088617,2
43,14,1,2,98,5,1,2, ,1,2,9,8,90,2,1,2,21,12,1.0317722843507988,-1.2727394192887869,1
43,14,2,2,98,5,1,2, ,1,4,3,6,5,2,1,2,21,12,1.0317722843507988,-1.2727394192887869,1
43,15,1,1,18,95, , , ,2, , , , ,1,1,2,21,12,1.0317722843507988,-1.3751984207656545,1
43,16,1,1,13,12, , , ,1,2,90, , ,1,1,2,21,12,1.0317722843507988,-0.6014038694691021,2
43,17,1,1,13,12, , , ,1,1,2,3,90,1,1,2,21,12,1.0317722843507988,-0.7614302717431908,2
44,1,1,1,15,7, , , ,1,3,4,90, ,2,1,1,11,13,0.9639263743281306,1.058544934052034,4
44,1,2,1,15,24, , , ,1,2,6,90, ,2,1,1,11,13,0.9639263743281306,1.058544934052034,4
44,2,1,1,11,9, , , ,1,2,1,90, ,2,1,1,11,13,0.9639263743281306,-0.274941477781208,3
44,2,2,1,11,12, , , ,1,4,90, , ,2,1,1,11,13,0.9639263743281306,-0.274941477781208,3
44,3,1,2,14,12, , , ,2, , , , ,1,1,1,11,13,0.9639263743281306,-0.47683091465086025,2
44,4,1,1,14,24, , , ,1,3,90, , ,6,1,1,11,13,0.9639263743281306,1.6522627239465506,5
44,4,2,1,14,24, , , ,1,7,90, , ,6,1,1,11,13,0.9639263743281306,1.6522627239465506,5
44,4,3,1,14,95, , , ,1,9,90, , ,6,1,1,11,13,0.9639263743281306,1.6522627239465506,5
44,4,4,1,14,95, , , ,1,2,8,90, ,6,1,1,11,13,0.9639263743281306,1.6522627239465506,5
44,4,5,1,14,95, , , ,1,6,4,90, ,6,1,1,11,13,0.9639263743281306,1.6522627239465506,5
44,4,6,1,14,95, , , ,1,5,13,90, ,6,1,1,11,13,0.9639263743281306,1.6522627239465506,5
44,6,1,2,11,12, , , ,1,10,90, , ,1,3,1,11,13,0.9639263743281306,0.8381052893222398,4
44,13,1,1,11,95, , , ,1,1,3,90, ,1,1,1,11,13,0.9639263743281306,0.6552598918549483,4
44,14,1,1,13,95, , , ,1,2,7,5,6,1,9,1,11,13,0.9639263743281306,0.8271473805518987,4
44,15,1,2,13,95, , , ,1,6,7,90, ,1,3,1,11,13,0.9639263743281306,1.120010966248447,4
45,4,1,2,98,4,1,2, ,1,2,7,90, ,3,2,1,11,13,0.9639263743281306,0.9215595121482495,4
45,4,2,2,98,4,1,2, ,1,6,4,90, ,3,2,1,11,13,0.9639263743281306,0.9215595121482495,4
45,4,3,2,98,4,1,2, ,1,5,3,90, ,3,2,1,11,13,0.9639263743281306,0.9215595121482495,4
45,9,1,2,14,3, , , ,1,2,3,4,5,1,9,1,11,13,0.9639263743281306,-0.3334590762200886,3
45,11,1,2,14,0, , , ,1,2,5,4,90,1,1,1,11,13,0.9639263743281306,0.9088103878462176,4
45,13,1,2,11,2, , , ,2, , , , ,2,2,1,11,13,0.9639263743281306,0.580410516926622,4
45,13,2,1,11,2, , , ,2, , , , ,2,2,1,11,13,0.9639263743281306,0.580410516926622,4
45,14,1,1,11,12, , , ,2, , , , ,1,2,1,11,13,0.9639263743281306,0.2530565537713681,3
46,1,1,1,13,24, , , ,1,2,10,90, ,1,2,1,11,13,0.9639263743281306,1.4429445431130143,5
46,3,1,1,12,12, , , ,1,1,3,5,90,2,1,1,11,13,0.9639263743281306,1.223269233757953,5
46,3,2,1,13,12, , , ,1,2,4,90, ,2,1,1,11,13,0.9639263743281306,1.223269233757953,5
46,4,1,1,11,12, , , ,1,2,90, , ,1,1,1,11,13,0.9639263743281306,0.451228211492682,3
46,7,1,1,11,9, , , ,2, , , , ,1,1,1,11,13,0.9639263743281306,0.4709451363513757,3
46,10,1,1,13,12, , , ,1,2,7,90, ,2,1,1,11,13,0.9639263743281306,1.0024294571488783,4
46,10,2,1,13,12, , , ,2, , , , ,2,1,1,11,13,0.9639263743281306,1.0024294571488783,4
46,12,1,1,11,12, , , ,2, , , , ,2,2,1,11,13,0.9639263743281306,0.878395211560353,4
46,12,2,1,11,12, , , ,2, , , , ,2,2,1,11,13,0.9639263743281306,0.878395211560353,4
46,17,1,1,11,95, , , ,1,2,4,5,90,1,3,1,11,13,0.9639263743281306,0.4778265362522404,3
47,1,1,1,98,95,9,9, ,2, , , , ,1,1,1,11,13,0.9639263743281306,0.006594081059833849,3
47,2,1,1,13,2, , , ,1,12,13,14,90,1,3,1,11,13,0.9639263743281306,1.063418729124796,4
47,3,1,2,13,14, , , ,2, , , , ,1,1,1,11,13,0.9639263743281306,-0.014779003504126621,3
47,10,1,1,28,12, ,9, ,1,3,4,90, ,2,1,1,11,13,0.9639263743281306,-0.8877203191412042,2
47,10,2,2,13,3, , , ,1,2,1,90, ,2,1,1,11,13,0.9639263743281306,-0.8877203191412042,2
47,11,1,1,11,2, , , ,2, , , , ,1,1,1,11,13,0.9639263743281306,-0.051299503517453354,3
47,12,1,1,11,3, , , ,2, , , , ,2,3,1,11,13,0.9639263743281306,0.30868084672955226,3
47,12,2,1,13,6, , , ,1,9,90, , ,2,3,1,11,13,0.9639263743281306,0.30868084672955226,3
47,14,1,1,11,7, , , ,2, , , , ,3,2,1,11,13,0.9639263743281306,0.6577798853805027,4
47,14,2,1,11,7, , , ,2, , , , ,3,2,1,11,13,0.9639263743281306,0.6577798853805027,4
47,14,3,1,11,7, , , ,2, , , , ,3,2,1,11,13,0.9639263743281306,0.6577798853805027,4
47,17,1,1,11,12, , , ,1,1,9,90, ,1,1,1,11,13,0.9639263743281306,0.832648774835244,4
48,1,1,1,11,24, , , ,1,2,5,90, ,7,1,1,11,13,0.9639263743281306,1.832941960157033,5
48,1,2,1,11,24, , , ,1,1,90, , ,7,1,1,11,13,0.9639263743281306,1.832941960157033,5
48,1,3,1,11,24, , , ,1,3,90, , ,7,1,1,11,13,0.9639263743281306,1.832941960157033,5
48,1,4,1,99,24,9,9, ,1,4,90, , ,7,1,1,11,13,0.9639263743281306,1.832941960157033,5
48,1,5,1,99,24,9,9, ,1,6,90, , ,7,1,1,11,13,0.9639263743281306,1.832941960157033,5
48,1,6,1,99,24,9,9, ,1,7,90, , ,7,1,1,11,13,0.9639263743281306,1.832941960157033,5
48,1,7,2,11,24, , , ,2, , , , ,7,1,1,11,13,0.9639263743281306,1.832941960157033,5
48,2,1,1,12,24, , , ,1,1,4,90, ,3,1,1,11,13,0.9639263743281306,1.0423984503177575,4
48,2,2,1,11,95, , , ,1,2,90, , ,3,1,1,11,13,0.9639263743281306,1.0423984503177575,4
48,2,3,1,11,95, , , ,1,3,90, , ,3,1,1,11,13,0.9639263743281306,1.0423984503177575,4
48,3,1,1,98,1,8,2, ,1,1,2,90, ,1,1,1,11,13,0.9639263743281306,1.1397219406702914,4
48,4,1,2,14,12, , , ,1,1,90, , ,3,1,1,11,13,0.9639263743281306,1.7865187656628831,5
48,4,2,2,14,6, , , ,1,7,90, , ,3,1,1,11,13,0.9639263743281306,1.7865187656628831,5
48,4,3,2,14,6, , , ,1,2,90, , ,3,1,1,11,13,0.9639263743281306,1.7865187656628831,5
48,6,1,1,11,3, , , ,1,11,90, , ,3,2,1,11,13,0.9639263743281306,0.6001125508899793,4
48,6,2,1,11,5, , , ,1,1,90, , ,3,2,1,11,13,0.9639263743281306,0.6001125508899793,4
48,6,3,1,11,95, , , ,1,10,90, , ,3,2,1,11,13,0.9639263743281306,0.6001125508899793,4
48,7,1,1,11,95, , , ,1,1,90, , ,3,2,1,11,13,0.9639263743281306,1.9724388845348964,5
48,7,2,1,11,95, , , ,1,4,5,2,90,3,2,1,11,13,0.9639263743281306,1.9724388845348964,5
48,7,3,1,11,95, , , ,1,3,6,90, ,3,2,1,11,13,0.9639263743281306,1.9724388845348964,5
48,8,1,1,13,6, , , ,2, , , , ,4,9,1,11,13,0.9639263743281306,1.5271700001301802,5
48,8,2,9,13,6, , , ,2, , , , ,4,9,1,11,13,0.9639263743281306,1.5271700001301802,5
48,8,3,9,13,6, , , ,2, , , , ,4,9,1,11,13,0.9639263743281306,1.5271700001301802,5
48,8,4,1,13,6, , , ,2, , , , ,4,9,1,11,13,0.9639263743281306,1.5271700001301802,5
48,9,1,1,13,95, , , ,1,2,9,8,7,3,9,1,11,13,0.9639263743281306,1.5397084755813129,5
48,9,2,9,13,95, , , ,1,5,4,6,90,3,9,1,11,13,0.9639263743281306,1.5397084755813129,5
48,9,3,1,13,95, , , ,1,10,3,90, ,3,9,1,11,13,0.9639263743281306,1.5397084755813129,5
48,11,1,1,13,98, , , ,1,1,2,90, ,3,3,1,11,13,0.9639263743281306,1.7134827880271302,5
48,11,2,1,13,98, , , ,1,4,3,90, ,3,3,1,11,13,0.9639263743281306,1.7134827880271302,5
48,11,3,1,13,98, , , ,1,7,5,90, ,3,3,1,11,13,0.9639263743281306,1.7134827880271302,5
48,12,1,1,13,98, , , ,1,1,2,90, ,3,3,1,11,13,0.9639263743281306,1.74536969368371,5
48,12,2,1,13,98, , , ,1,4,90, , ,3,3,1,11,13,0.9639263743281306,1.74536969368371,5
48,12,3,1,13,98, , , ,1,3,5,90, ,3,3,1,11,13,0.9639263743281306,1.74536969368371,5
48,13,1,1,11,3, , , ,1,1,90, , ,3,2,1,11,13,0.9639263743281306,1.0350309524168633,4
48,13,2,1,11,1, , , ,1,4,90, , ,3,2,1,11,13,0.9639263743281306,1.0350309524168633,4
48,13,3,1,11,7, , , ,1,6,90, , ,3,2,1,11,13,0.9639263743281306,1.0350309524168633,4
48,14,1,1,98,95,8,2, ,1,2,6,90, ,2,9,1,11,13,0.9639263743281306,0.7284867995127657,4
48,14,2,1,98,95,2,2, ,1,3,4,90, ,2,9,1,11,13,0.9639263743281306,0.7284867995127657,4
48,16,1,2,98,12,1,2, ,1,7,8,10,2,4,9,1,11,13,0.9639263743281306,0.455013380107419,3
48,16,2,2,98,12,1,2, ,1,3,6,90, ,4,9,1,11,13,0.9639263743281306,0.455013380107419,3
48,16,3,2,98,12,1,2, ,1,1,90, , ,4,9,1,11,13,0.9639263743281306,0.455013380107419,3
48,16,4,2,98,3,1,2, ,1,9,90, , ,4,9,1,11,13,0.9639263743281306,0.455013380107419,3
48,18,1,1,13,98, , , ,1,2,3,4,90,2,1,1,11,13,0.9639263743281306,1.5696725463699497,5
48,18,2,2,13,98, , , ,1,1,90, , ,2,1,1,11,13,0.9639263743281306,1.5696725463699497,5
49,1,1,2,98,95,2,2, ,1,5,90, , ,1,1,1,11,13,0.9639263743281306,1.1474864922981916,5
49,2,1,1,31,95,2,2, ,1,3,4,5,7,3,3,1,11,13,0.9639263743281306,1.5994136217533697,5
49,2,2,1,31,95,2,2, ,1,2,10,9,6,3,3,1,11,13,0.9639263743281306,1.5994136217533697,5
49,2,3,1,31,95,2,2, ,1,8,1,90, ,3,3,1,11,13,0.9639263743281306,1.5994136217533697,5
49,5,1,2,14,5, , , ,2, , , , ,2,1,1,11,13,0.9639263743281306,0.32039267696006213,3
49,5,2,2,14,5, , , ,2, , , , ,2,1,1,11,13,0.9639263743281306,0.32039267696006213,3
49,8,1,1,13,10, , , ,2, , , , ,2,3,1,11,13,0.9639263743281306,1.976232715183231,5
49,8,2,1,11,8, , , ,2, , , , ,2,3,1,11,13,0.9639263743281306,1.976232715183231,5
49,11,1,2,98,12,9,2, ,1,5,7,90, ,2,1,1,11,13,0.9639263743281306,0.9962043520457314,4
49,11,2,2,98,12,9,2, ,1,3,4,6,90,2,1,1,11,13,0.9639263743281306,0.9962043520457314,4
49,12,1,2,14,95, , , ,2, , , , ,1,2,1,11,13,0.9639263743281306,1.0881267485257688,4
49,13,1,2,18,3, , , ,1,6,90, , ,1,2,1,11,13,0.9639263743281306,0.41033479555818686,3
49,14,1,2,18,1, , , ,1,1,2,90, ,1,3,1,11,13,0.9639263743281306,0.09029618919721828,3
49,17,1,1,14,24, , , ,1,8,90, , ,1,3,1,11,13,0.9639263743281306,1.4866186490080773,5
50,1,1,1,11,24, , , ,2, , , , ,2,3,1,11,13,0.9639263743281306,1.0879428962910787,4
50,1,2,1,11,24, , , ,2, , , , ,2,3,1,11,13,0.9639263743281306,1.0879428962910787,4
50,3,1,1,13,12, , , ,2, , , , ,1,1,1,11,13,0.9639263743281306,0.48009589205062075,3
50,7,1,1,11,12, , , ,1,2,4,90, ,2,1,1,11,13,0.9639263743281306,1.5724951772766862,5
50,7,2,1,11,12, , , ,1,6,3,90, ,2,1,1,11,13,0.9639263743281306,1.5724951772766862,5
50,15,1,1,13,1, , , ,1,1,2,90, ,1,3,1,11,13,0.9639263743281306,1.0612792714353214,4
50,17,1,9,11,36, , , ,1,2,90, , ,1,3,1,11,13,0.9639263743281306,1.2350775996090597,5
50,18,1,1,98,1,2,2, ,1,2,3,4,90,1,3,1,11,13,0.9639263743281306,1.0588769457798533,4
51,2,1,1,12,1, , , ,1,2,90, , ,1,3,1,11,13,0.9639263743281306,0.9309636044044937,4
51,4,1,1,98,7,8,2, ,1,5,90, , ,3,2,1,11,13,0.9639263743281306,1.9099972859539873,5
51,4,2,1,98,7,8,2, ,2, , , , ,3,2,1,11,13,0.9639263743281306,1.9099972859539873,5
51,4,3,1,98,7,8,2, ,2, , , , ,3,2,1,11,13,0.9639263743281306,1.9099972859539873,5
51,6,1,1,11,12, , , ,2, , , , ,2,3,1,11,13,0.9639263743281306,1.1892336908556436,5
51,6,2,1,11,12, , , ,2, , , , ,2,3,1,11,13,0.9639263743281306,1.1892336908556436,5
51,8,1,1,11,2, , , ,1,1,90, , ,1,1,1,11,13,0.9639263743281306,-0.5043267817801037,2
51,10,1,1,11,5, , , ,1,2,7,6,90,2,1,1,11,13,0.9639263743281306,0.11039105086321248,3
51,10,2,1,11,7, , , ,1,1,3,5,4,2,1,1,11,13,0.9639263743281306,0.11039105086321248,3
51,11,1,1,11,3, , , ,1,1,90, , ,1,1,1,11,13,0.9639263743281306,1.4707070792774708,5
51,16,1,1,13,3, , , ,2, , , , ,1,1,1,11,13,0.9639263743281306,-0.18840977842459608,3
51,17,1,1,98,12,8,2, ,1,6,7,90, ,3,2,1,11,13,0.9639263743281306,0.9615933964799221,4
51,17,2,1,98,12,8,2, ,2, , , , ,3,2,1,11,13,0.9639263743281306,0.9615933964799221,4
51,17,3,1,98,3,8,2, ,1,8,90, , ,3,2,1,11,13,0.9639263743281306,0.9615933964799221,4
51,18,1,1,11,24, , , ,1,4,90, , ,2,1,1,11,13,0.9639263743281306,1.4663830188913565,5
51,18,2,1,14,24, , , ,2, , , , ,2,1,1,11,13,0.9639263743281306,1.4663830188913565,5
52,1,1,2,11,98, , , ,1,1,90, , ,1,1,1,11,13,0.9639263743281306,0.5348651397207209,4
52,2,1,1,98,98,9,9, ,1,6,12,90, ,1,3,1,11,13,0.9639263743281306,1.0782909272322985,4
52,7,1,2,11,95, , , ,2, , , , ,3,1,1,11,13,0.9639263743281306,1.6943916406293302,5
52,7,2,2,11,95, , , ,2, , , , ,3,1,1,11,13,0.9639263743281306,1.6943916406293302,5
52,7,3,2,11,95, , , ,2, , , , ,3,1,1,11,13,0.9639263743281306,1.6943916406293302,5
52,12,1,1,11,95, , , ,1,1,90, , ,3,2,1,11,13,0.9639263743281306,1.6985478746882985,5
52,12,2,2,11,1, , , ,2, , , , ,3,2,1,11,13,0.9639263743281306,1.6985478746882985,5
52,12,3,2,14,6, , , ,2, , , , ,3,2,1,11,13,0.9639263743281306,1.6985478746882985,5
52,15,1,2,98,95,8,2, ,2, , , , ,1,2,1,11,13,0.9639263743281306,1.0699067772368285,4
52,18,1,1,11,95, , , ,1,2,3,90, ,1,1,1,11,13,0.9639263743281306,1.0033395336544462,4
53,1,1,2,11,22, , , ,2, , , , ,3,2,1,11,13,0.9639263743281306,1.0033913951342257,4
53,1,2,1,11,22, , , ,2, , , , ,3,2,1,11,13,0.9639263743281306,1.0033913951342257,4
53,1,3,2,11,22, , , ,2, , , , ,3,2,1,11,13,0.9639263743281306,1.0033913951342257,4
53,2,1,1,13,95, , , ,1,1,6,90, ,2,1,1,11,13,0.9639263743281306,0.9510505335127478,4
53,2,2,1,13,95, , , ,2, , , , ,2,1,1,11,13,0.9639263743281306,0.9510505335127478,4
53,4,1,1,13,24, , , ,1,2,4,90, ,1,1,1,11,13,0.9639263743281306,0.4018257642357754,3
53,5,1,1,11,6, , , ,1,1,5,90, ,2,1,1,11,13,0.9639263743281306,0.9867422924073873,4
53,5,2,1,13,8, , , ,1,3,4,90, ,2,1,1,11,13,0.9639263743281306,0.9867422924073873,4
53,14,1,1,13,9, , , ,1,3,2,90, ,2,1,1,11,13,0.9639263743281306,0.8203857453616491,4
53,14,2,1,13,9, , , ,2, , , , ,2,1,1,11,13,0.9639263743281306,0.8203857453616491,4
53,15,1,1,11,4, , , ,2, , , , ,1,2,1,11,13,0.9639263743281306,0.5824165499199697,4
53,16,1,1,11,12, , , ,2, , , , ,1,1,1,11,13,0.9639263743281306,0.8362994843642237,4
53,17,1,1,11,14, , , ,1,2,7,90, ,1,3,1,11,13,0.9639263743281306,1.1165329067935088,4
53,18,1,1,28,24, ,9, ,1,1,2,8,90,2,1,1,11,13,0.9639263743281306,0.24269486773998505,3
53,18,2,1,28,24, ,9, ,1,3,5,90, ,2,1,1,11,13,0.9639263743281306,0.24269486773998505,3
54,1,1,1,11,95, , , ,2, , , , ,1,2,1,11,13,0.9639263743281306,0.43013065262024475,3
54,4,1,1,15,12, , , ,2, , , , ,2,2,1,11,13,0.9639263743281306,0.8744402416384199,4
54,4,2,1,15,12, , , ,2, , , , ,2,2,1,11,13,0.9639263743281306,0.8744402416384199,4
54,5,1,2,11,95, , , ,1,9,10,5,7,1,1,1,11,13,0.9639263743281306,0.09826953142470495,3
54,7,1,1,11,13, , , ,1,3,6,5,4,1,1,1,11,13,0.9639263743281306,0.8369252713807289,4
54,13,1,1,11,95, , , ,1,2,9,90, ,1,9,1,11,13,0.9639263743281306,0.40126683913300404,3
54,15,1,2,13,95, , , ,2, , , , ,3,3,1,11,13,0.9639263743281306,1.442628729021184,5
54,15,2,2,13,95, , , ,2, , , , ,3,3,1,11,13,0.9639263743281306,1.442628729021184,5
54,15,3,2,13,95, , , ,2, , , , ,3,3,1,11,13,0.9639263743281306,1.442628729021184,5
54,16,1,1,16,95, , , ,1,1,2,8,90,1,1,1,11,13,0.9639263743281306,0.5981456299940745,4
55,3,1,2,28,3, ,2, ,2, , , , ,2,9,1,11,13,0.9639263743281306,0.13064013901609337,3
55,3,2,2,28,3, ,2, ,2, , , , ,2,9,1,11,13,0.9639263743281306,0.13064013901609337,3
55,4,1,2,28,12, ,2, ,1,1,4,90, ,1,1,1,11,13,0.9639263743281306,0.8311812984810323,4
55,5,1,1,98,24,1,2, ,1,3,13,14,90,1,3,1,11,13,0.9639263743281306,1.6226058659318938,5
55,8,1,1,14,95, , , ,1,9,90, , ,2,3,1,11,13,0.9639263743281306,1.5297235586618236,5
55,8,2,1,11,95, , , ,2, , , , ,2,3,1,11,13,0.9639263743281306,1.5297235586618236,5
55,13,1,1,14,8, , , ,1,3,90, , ,1,1,1,11,13,0.9639263743281306,0.5923286353759,4
55,14,1,1,15,3, , , ,2, , , , ,1,1,1,11,13,0.9639263743281306,0.6044073234871958,4
55,16,1,1,11,95, , , ,1,1,3,90, ,3,1,1,11,13,0.9639263743281306,1.6411411429885179,5
55,16,2,1,11,95, , , ,1,2,90, , ,3,1,1,11,13,0.9639263743281306,1.6411411429885179,5
55,16,3,1,11,95, , , ,2, , , , ,3,1,1,11,13,0.9639263743281306,1.6411411429885179,5
55,17,1,1,11,95, , , ,2, , , , ,5,1,1,11,13,0.9639263743281306,1.0617608248852437,4
55,17,2,1,11,95, , , ,2, , , , ,5,1,1,11,13,0.9639263743281306,1.0617608248852437,4
55,17,3,2,11,95, , , ,2, , , , ,5,1,1,11,13,0.9639263743281306,1.0617608248852437,4
55,17,4,2,98,95,2,2, ,2, , , , ,5,1,1,11,13,0.9639263743281306,1.0617608248852437,4
55,17,5,2,98,95,2,2, ,2, , , , ,5,1,1,11,13,0.9639263743281306,1.0617608248852437,4
56,1,1,1,12,12, , , ,1,2,6,7,90,1,3,1,11,13,0.9639263743281306,1.2945486015674892,5
56,2,1,1,12,24, , , ,1,2,3,4,90,1,3,1,11,13,0.9639263743281306,1.437331471211853,5
56,4,1,1,14,6, , , ,1,2,6,90, ,1,2,1,11,13,0.9639263743281306,-0.19973541767233044,3
56,6,1,1,11,7, , , ,1,2,7,90, ,1,2,1,11,13,0.9639263743281306,0.10544108321239741,3
56,10,1,2,11,12, , , ,2, , , , ,3,2,1,11,13,0.9639263743281306,0.9835231490701588,4
56,10,2,2,11,12, , , ,2, , , , ,3,2,1,11,13,0.9639263743281306,0.9835231490701588,4
56,10,3,2,11,12, , , ,2, , , , ,3,2,1,11,13,0.9639263743281306,0.9835231490701588,4
56,12,1,9,14,12, , , ,1,4,2,9,90,2,1,1,11,13,0.9639263743281306,0.8350046720497141,4
56,12,2,9,14,12, , , ,1,8,6,3,90,2,1,1,11,13,0.9639263743281306,0.8350046720497141,4
56,13,1,1,13,16, , , ,1,1,2,9,10,3,1,1,11,13,0.9639263743281306,1.2544176658075772,5
56,13,2,1,13,16, , , ,1,3,7,8,90,3,1,1,11,13,0.9639263743281306,1.2544176658075772,5
56,13,3,1,13,16, , , ,1,4,6,90, ,3,1,1,11,13,0.9639263743281306,1.2544176658075772,5
56,16,1,1,11,95, , , ,2, , , , ,2,1,1,11,13,0.9639263743281306,1.4219299988337604,5
56,16,2,1,11,95, , , ,2, , , , ,2,1,1,11,13,0.9639263743281306,1.4219299988337604,5
56,18,1,1,11,6, , , ,1,1,2,3,90,2,2,1,11,13,0.9639263743281306,1.2363765136515579,5
56,18,2,1,14,6, , , ,1,4,5,90, ,2,2,1,11,13,0.9639263743281306,1.2363765136515579,5
57,2,1,1,13,95, , , ,2, , , , ,2,9,1,11,13,0.9639263743281306,1.1491558935411879,5
57,2,2,9,99,99,9,9, ,9, , , , ,2,9,1,11,13,0.9639263743281306,1.1491558935411879,5
57,4,1,1,18,12, , , ,2, , , , ,3,3,1,11,13,0.9639263743281306,0.6429339770019147,4
57,4,2,1,18,12, , , ,2, , , , ,3,3,1,11,13,0.9639263743281306,0.6429339770019147,4
57,4,3,1,18,12, , , ,2, , , , ,3,3,1,11,13,0.9639263743281306,0.6429339770019147,4
57,5,1,1,18,99, , , ,1,2,5,6,90,1,1,1,11,13,0.9639263743281306,-0.8582378331606231,2
57,6,1,1,13,16, , , ,1,1,90, , ,1,1,1,11,13,0.9639263743281306,-0.5174313673320428,2
57,7,1,2,98,95,9,9, ,1,1,3,90, ,1,2,1,11,13,0.9639263743281306,1.1997388828871887,5
57,8,1,2,98,95,9,9, ,1,3,4,5,90,1,2,1,11,13,0.9639263743281306,-0.8325776252748267,2
57,9,1,1,98,95,2,9, ,1,1,2,90, ,2,1,1,11,13,0.9639263743281306,0.1157964099384071,3
57,9,2,2,98,98,9,2, ,2, , , , ,2,1,1,11,13,0.9639263743281306,0.1157964099384071,3
57,10,1,2,11,10, , , ,2, , , , ,3,3,1,11,13,0.9639263743281306,0.777376600871245,4
57,10,2,2,13,3, , , ,2, , , , ,3,3,1,11,13,0.9639263743281306,0.777376600871245,4
57,10,3,2,11,6, , , ,2, , , , ,3,3,1,11,13,0.9639263743281306,0.777376600871245,4
57,12,1,1,13,3, , , ,1,6,5,4,90,1,1,1,11,13,0.9639263743281306,0.381665985436458,3
57,14,1,1,12,95, , , ,1,2,3,90, ,3,1,1,11,13,0.9639263743281306,0.7750983393534356,4
57,14,2,1,11,95, , , ,2, , , , ,3,1,1,11,13,0.9639263743281306,0.7750983393534356,4
57,14,3,1,11,95, , , ,2, , , , ,3,1,1,11,13,0.9639263743281306,0.7750983393534356,4
57,16,1,1,11,9, , , ,1,6,2,90, ,1,3,1,11,13,0.9639263743281306,0.5638197014374913,4
57,17,1,1,11,15, , , ,1,2,1,90, ,1,2,1,11,13,0.9639263743281306,0.056499424051692636,3
58,2,1,1,11,2, , , ,1,4,6,90, ,1,1,1,11,13,0.9639263743281306,0.4391830177174531,3
58,5,1,2,98,6,9,9, ,2, , , , ,1,1,1,11,13,0.9639263743281306,0.6488793938913845,4
58,6,1,2,14,95, , , ,1,1,2,90, ,1,1,1,11,13,0.9639263743281306,0.6898345507131243,4
58,7,1,1,13,95, , , ,1,2,3,5,90,2,9,1,11,13,0.9639263743281306,0.7853892215433451,4
58,7,2,1,13,95, , , ,1,4,9,6,90,2,9,1,11,13,0.9639263743281306,0.7853892215433451,4
59,2,1,1,11,95, , , ,1,1,3,2,4,1,3,1,11,13,0.9639263743281306,0.8324295816741353,4
59,8,1,1,13,8, , , ,1,1,4,90, ,2,1,1,11,13,0.9639263743281306,1.2720193567818314,5
59,8,2,1,11,7, , , ,1,2,3,90, ,2,1,1,11,13,0.9639263743281306,1.2720193567818314,5
59,13,1,2,18,2, , , ,1,4,90, , ,1,2,1,11,13,0.9639263743281306,0.1793954621339767,3
59,15,1,1,14,5, , , ,1,2,90, , ,1,1,1,11,13,0.9639263743281306,0.5190089068146164,4
60,4,1,1,11,12, , , ,1,1,6,5,7,1,1,1,11,13,0.9639263743281306,-0.7073235771838211,2
60,5,1,1,13,8, , , ,2, , , , ,1,1,1,11,13,0.9639263743281306,-1.0364640685881283,1
60,10,1,1,13,12, , , ,2, , , , ,1,1,1,11,13,0.9639263743281306,-0.98433926524671,2
60,11,1,1,11,95, , , ,1,1,0,0,90,1,1,1,11,13,0.9639263743281306,-0.5610886678735676,2
60,12,1,1,11,95, , , ,2, , , , ,2,1,1,11,13,0.9639263743281306,-0.35449918008763126,3
60,12,2,1,11,95, , , ,1,2,9,90, ,2,1,1,11,13,0.9639263743281306,-0.35449918008763126,3
60,13,1,1,11,95, , , ,1,1,2,3,90,1,1,1,11,13,0.9639263743281306,-0.6256392988207626,2
60,14,1,1,18,95, , , ,1,1,90, , ,1,1,1,11,13,0.9639263743281306,-0.9016971593818676,2
60,15,1,2,18,2, , , ,1,2,3,90, ,1,1,1,11,13,0.9639263743281306,-0.45115927952248547,2
60,17,1,1,14,5, , , ,1,1,2,3,4,1,1,1,11,13,0.9639263743281306,-0.8029608227653345,2
61,1,1,2,98,95,9,9, ,2, , , , ,1,1,1,11,13,0.9639263743281306,-0.8730218388206421,2
61,4,1,1,13,9, , , ,1,5,6,7,90,1,1,1,11,13,0.9639263743281306,-0.35176867528336975,3
61,5,1,2,99,6,1,1,3,2, , , , ,1,1,1,11,13,0.9639263743281306,-1.0066801133067396,2
61,6,1,1,11,95, , , ,2, , , , ,1,1,1,11,13,0.9639263743281306,-1.0060267766009081,2
61,7,1,2,11,95, , , ,2, , , , ,1,1,1,11,13,0.9639263743281306,-1.2184611366345415,1
61,11,1,1,13,3, , , ,1,1,2,3,4,2,1,1,11,13,0.9639263743281306,-0.617565135147723,2
61,11,2,1,11,12, , , ,2, , , , ,2,1,1,11,13,0.9639263743281306,-0.617565135147723,2
62,1,1,1,13,95, , , ,1,1,4,90, ,1,1,1,11,13,0.9639263743281306,-0.2188374735337376,3
62,2,1,1,11,95, , , ,1,2,8,90, ,2,1,1,11,13,0.9639263743281306,-0.7929243786126998,2
62,2,2,1,11,95, , , ,1,5,9,90, ,2,1,1,11,13,0.9639263743281306,-0.7929243786126998,2
62,3,1,1,11,95, , , ,2, , , , ,1,1,1,11,13,0.9639263743281306,-0.5102288833993537,2
62,4,1,1,13,24, , , ,1,1,7,8,9,2,2,1,11,13,0.9639263743281306,-0.12033595340741743,3
62,4,2,1,13,6, , , ,1,3,4,5,6,2,2,1,11,13,0.9639263743281306,-0.12033595340741743,3
62,5,1,1,18,4, , , ,1,6,3,90, ,2,1,1,11,13,0.9639263743281306,-0.38786863980847086,3
62,5,2,1,16,4, , , ,1,5,2,90, ,2,1,1,11,13,0.9639263743281306,-0.38786863980847086,3
62,6,1,1,16,18, , , ,1,3,5,4,90,2,1,1,11,13,0.9639263743281306,-0.11272475605829917,3
62,6,2,1,16,4, , , ,1,2,6,90, ,2,1,1,11,13,0.9639263743281306,-0.11272475605829917,3
62,7,1,1,12,12, , , ,2, , , , ,1,1,1,11,13,0.9639263743281306,-0.0640502557225489,3
62,8,1,1,13,12, , , ,1,2,7,90, ,1,1,1,11,13,0.9639263743281306,0.05242433968889667,3
62,10,1,1,11,95, , , ,1,1,4,90, ,1,1,1,11,13,0.9639263743281306,-0.4826994610814442,2
62,11,1,1,11,95, , , ,1,2,3,4,90,2,1,1,11,13,0.9639263743281306,-0.5288135625109625,2
62,11,2,1,11,95, , , ,2, , , , ,2,1,1,11,13,0.9639263743281306,-0.5288135625109625,2
62,12,1,1,11,95, , , ,1,1,2,90, ,1,2,1,11,13,0.9639263743281306,0.08984672241157757,3
62,13,1,1,11,9, , , ,2, , , , ,1,1,1,11,13,0.9639263743281306,0.08513468369329283,3
62,14,1,1,98,3,2,2, ,2, , , , ,2,1,1,11,13,0.9639263743281306,-0.7859414422376128,2
62,14,2,2,98,3,2,2, ,2, , , , ,2,1,1,11,13,0.9639263743281306,-0.7859414422376128,2
62,15,1,1,11,3, , , ,1,3,4,90, ,1,1,1,11,13,0.9639263743281306,-0.7373785713132079,2
62,16,1,1,13,9, , , ,1,1,2,90, ,1,1,1,11,13,0.9639263743281306,-0.5747706839859688,2
62,17,1,1,13,14, , , ,1,1,2,5,90,1,2,1,11,13,0.9639263743281306,-0.608515459582082,2
62,18,1,1,13,16, , , ,1,2,1,7,90,2,3,1,11,13,0.9639263743281306,0.40916227808977407,3
62,18,2,1,13,16, , , ,1,3,5,6,90,2,3,1,11,13,0.9639263743281306,0.40916227808977407,3
63,2,1,1,13,0, , , ,1,2,5,6,90,1,1,2,21,13,1.0317722843507988,-1.0592897085017807,1
63,4,1,1,13,95, , , ,1,1,6,5,90,3,1,2,21,13,1.0317722843507988,-0.8439373324048265,2
63,4,2,1,13,9, , , ,1,2,7,90, ,3,1,2,21,13,1.0317722843507988,-0.8439373324048265,2
63,4,3,1,13,1, , , ,2, , , , ,3,1,2,21,13,1.0317722843507988,-0.8439373324048265,2
63,5,1,1,13,8, , , ,2, , , , ,2,9,2,21,13,1.0317722843507988,-0.7352398696123046,2
63,5,2,1,13,95, , , ,2, , , , ,2,9,2,21,13,1.0317722843507988,-0.7352398696123046,2
63,11,1,1,31,7,2,2, ,1,5,6,90, ,3,3,2,21,13,1.0317722843507988,-1.1564370583480998,1
63,11,2,1,31,2,2,2, ,1,4,3,90, ,3,3,2,21,13,1.0317722843507988,-1.1564370583480998,1
63,11,3,1,31,1,2,2, ,1,7,8,90, ,3,3,2,21,13,1.0317722843507988,-1.1564370583480998,1
63,16,1,1,11,6, , , ,1,1,3,5,90,1,1,2,21,13,1.0317722843507988,-1.2773673496859899,1
63,18,1,1,11,12, , , ,1,2,7,90, ,1,1,2,21,13,1.0317722843507988,-1.2973388849059408,1
64,1,1,1,11,24, , , ,1,2,3,4,5,1,2,2,21,13,1.0317722843507988,-1.045693959090944,1
64,2,1,1,11,24, , , ,1,3,7,6,90,1,1,2,21,13,1.0317722843507988,-0.4337388865529462,3
64,4,1,1,11,95, , , ,1,1,2,3,4,3,1,2,21,13,1.0317722843507988,-0.706522047796446,2
64,4,2,1,12,95, , , ,2, , , , ,3,1,2,21,13,1.0317722843507988,-0.706522047796446,2
64,4,3,1,11,95, , , ,2, , , , ,3,1,2,21,13,1.0317722843507988,-0.706522047796446,2
64,8,1,1,13,16, , , ,1,1,4,90, ,1,1,2,21,13,1.0317722843507988,-0.7388068008812341,2
64,9,1,1,11,5, , , ,1,2,4,5,7,1,2,2,21,13,1.0317722843507988,-0.826043971758433,2
64,10,1,1,12,4, , , ,1,2,4,90, ,1,9,2,21,13,1.0317722843507988,-0.5966741509097613,2
64,17,1,1,13,95, , , ,1,2,4,8,90,2,1,2,21,13,1.0317722843507988,-0.4780096459600844,2
64,17,2,1,13,95, , , ,1,6,7,90, ,2,1,2,21,13,1.0317722843507988,-0.4780096459600844,2
64,18,1,2,18,95, , , ,1,1,2,3,4,1,1,2,21,13,1.0317722843507988,-1.1091057503958972,1
65,2,1,1,11,7, , , ,1,1,3,90, ,1,1,2,21,13,1.0317722843507988,-1.124895795210004,1
65,4,1,1,31,4,2,2, ,1,2,5,90, ,1,1,2,21,13,1.0317722843507988,-0.9414488278707008,2
65,9,1,1,11,6, , , ,1,2,3,4,5,1,1,2,21,13,1.0317722843507988,-1.186554400055933,1
65,11,1,1,11,12, , , ,1,2,8,7,90,1,1,2,21,13,1.0317722843507988,-1.1066436150551877,1
65,15,1,1,13,1, , , ,2, , , , ,1,1,2,21,13,1.0317722843507988,-0.9774677787406685,2
66,1,1,2,14,15, , , ,1,4,5,90, ,1,2,2,21,13,1.0317722843507988,-1.1842089173611576,1
66,4,1,2,15,95, , , ,2, , , , ,1,3,2,21,13,1.0317722843507988,-1.0727839753886923,1
66,5,1,2,98,95,1,1,95,1,2,90, , ,2,1,2,21,13,1.0317722843507988,-1.198123708420673,1
66,5,2,2,98,95,1,1,95,2, , , , ,2,1,2,21,13,1.0317722843507988,-1.198123708420673,1
66,6,1,2,18,18, , , ,1,2,7,8,90,3,1,2,21,13,1.0317722843507988,-1.0536389253724059,1
66,6,2,2,18,18, , , ,1,9,3,90, ,3,1,2,21,13,1.0317722843507988,-1.0536389253724059,1
66,6,3,2,18,18, , , ,1,4,5,6,90,3,1,2,21,13,1.0317722843507988,-1.0536389253724059,1
66,8,1,2,98,95,1,1,4,1,8,90, , ,2,1,2,21,13,1.0317722843507988,0.019851082297955857,3
66,8,2,2,98,95,1,1,4,2, , , , ,2,1,2,21,13,1.0317722843507988,0.019851082297955857,3
66,9,1,2,98,95,1,2, ,2, , , , ,2,1,2,21,13,1.0317722843507988,-1.1816821868343883,1
66,9,2,2,98,95,1,2, ,2, , , , ,2,1,2,21,13,1.0317722843507988,-1.1816821868343883,1
66,10,1,2,14,6, , , ,1,1,2,3,4,1,1,2,21,13,1.0317722843507988,-0.9742959883302972,2
66,11,1,2,18,8, , , ,2, , , , ,2,1,2,21,13,1.0317722843507988,-1.0285883291768507,2
66,11,2,2,18,8, , , ,2, , , , ,2,1,2,21,13,1.0317722843507988,-1.0285883291768507,2
66,14,1,1,14,95, , , ,1,4,90, , ,1,3,2,21,13,1.0317722843507988,-1.0797928983994147,1
66,15,1,2,98,12,2,2, ,1,1,2,90, ,2,2,2,21,13,1.0317722843507988,-1.1227078956490892,1
66,15,2,2,98,20,2,2, ,2, , , , ,2,2,2,21,13,1.0317722843507988,-1.1227078956490892,1
66,17,1,2,15,12, , , ,2, , , , ,1,1,2,21,13,1.0317722843507988,-0.039322512390821955,3
67,1,1,1,11,7, , , ,1,3,4,90, ,2,3,2,21,13,1.0317722843507988,-0.7976652199857193,2
67,1,2,1,11,3, , , ,1,2,7,8,90,2,3,2,21,13,1.0317722843507988,-0.7976652199857193,2
67,2,1,1,11,1, , , ,1,1,90, , ,2,2,2,21,13,1.0317722843507988,-0.6252743005118727,2
67,2,2,1,11,1, , , ,1,3,5,90, ,2,2,2,21,13,1.0317722843507988,-0.6252743005118727,2
67,3,1,1,11,3, , , ,9, , , , ,2,2,2,21,13,1.0317722843507988,0.34697646493955303,3
67,3,2,1,11,3, , , ,9, , , , ,2,2,2,21,13,1.0317722843507988,0.34697646493955303,3
67,4,1,1,13,2, , , ,1,11,4,3,90,1,2,2,21,13,1.0317722843507988,-0.7945333184765065,2
67,5,1,1,11,6, , , ,1,1,2,90, ,2,3,2,21,13,1.0317722843507988,-0.06202421408313598,3
67,5,2,1,11,95, , , ,1,3,90, , ,2,3,2,21,13,1.0317722843507988,-0.06202421408313598,3
67,6,1,1,11,2, , , ,1,1,2,90, ,2,2,2,21,13,1.0317722843507988,-0.4875419474266464,2
67,6,2,1,11,2, , , ,1,3,4,90, ,2,2,2,21,13,1.0317722843507988,-0.4875419474266464,2
67,8,1,1,11,10, , , ,1,2,3,4,5,2,2,2,21,13,1.0317722843507988,-0.9253753429332584,2
67,8,2,1,11,10, , , ,1,1,90, , ,2,2,2,21,13,1.0317722843507988,-0.9253753429332584,2
67,9,1,1,11,1, , , ,1,2,10,9,90,3,1,2,21,13,1.0317722843507988,-0.8368323498800975,2
67,9,2,1,11,1, , , ,1,6,5,7,90,3,1,2,21,13,1.0317722843507988,-0.8368323498800975,2
67,9,3,1,11,1, , , ,1,3,4,8,90,3,1,2,21,13,1.0317722843507988,-0.8368323498800975,2
67,10,1,1,13,12, , , ,1,1,2,8,90,3,1,2,21,13,1.0317722843507988,-1.0271466595922871,2
67,10,2,1,13,12, , , ,1,5,7,90, ,3,1,2,21,13,1.0317722843507988,-1.0271466595922871,2
67,10,3,1,13,12, , , ,1,6,90, , ,3,1,2,21,13,1.0317722843507988,-1.0271466595922871,2
67,11,1,1,13,2, , , ,1,1,10,90, ,3,1,2,21,13,1.0317722843507988,-0.9991168829769822,2
67,11,2,1,13,2, , , ,1,3,6,4,9,3,1,2,21,13,1.0317722843507988,-0.9991168829769822,2
67,11,3,1,13,2, , , ,1,5,7,8,90,3,1,2,21,13,1.0317722843507988,-0.9991168829769822,2
67,12,1,1,13,10, , , ,1,2,5,8,90,3,1,2,21,13,1.0317722843507988,-0.17334840203327564,3
67,12,2,1,13,10, , , ,1,3,4,90, ,3,1,2,21,13,1.0317722843507988,-0.17334840203327564,3
67,12,3,1,13,10, , , ,1,6,7,90, ,3,1,2,21,13,1.0317722843507988,-0.17334840203327564,3
67,13,1,1,13,2, , , ,1,8,9,10,11,3,2,2,21,13,1.0317722843507988,0.07303685795075315,3
67,13,2,1,13,2, , , ,1,2,4,5,6,3,2,2,21,13,1.0317722843507988,0.07303685795075315,3
67,13,3,1,13,12, , , ,1,1,90, , ,3,2,2,21,13,1.0317722843507988,0.07303685795075315,3
67,14,1,1,13,2, , , ,1,2,3,4,5,1,1,2,21,13,1.0317722843507988,0.88524174999506,4
67,15,1,1,98,95,2,9, ,1,1,6,7,90,2,1,2,21,13,1.0317722843507988,0.10063659878123618,3
67,15,2,1,98,95,2,9, ,1,2,4,5,90,2,1,2,21,13,1.0317722843507988,0.10063659878123618,3
67,16,1,1,13,2, , , ,2, , , , ,4,1,2,21,13,1.0317722843507988,-0.3039925932432114,3
67,16,2,2,13,3, , , ,1,2,6,7,90,4,1,2,21,13,1.0317722843507988,-0.3039925932432114,3
67,16,3,2,13,4, , , ,2, , , , ,4,1,2,21,13,1.0317722843507988,-0.3039925932432114,3
67,16,4,2,13,4, , , ,2, , , , ,4,1,2,21,13,1.0317722843507988,-0.3039925932432114,3
67,17,1,2,98,95,2,2, ,1,1,2,3,4,1,9,2,21,13,1.0317722843507988,-0.49703081794346987,2
67,18,1,1,98,95,2,2, ,2, , , , ,1,1,2,21,13,1.0317722843507988,-0.08402220672439718,3
68,2,1,2,98,99,1,2, ,1,1,90, , ,1,2,2,21,13,1.0317722843507988,-1.0088517332557383,2
68,3,1,1,31,95,2,2, ,1,1,3,4,90,1,1,2,21,13,1.0317722843507988,-0.8260588033426244,2
68,5,1,2,98,95,2,1,95,1,5,90, , ,1,1,2,21,13,1.0317722843507988,-1.2919814432955623,1
68,6,1,2,14,6, , , ,1,1,2,3,4,1,1,2,21,13,1.0317722843507988,-0.9888349491469786,2
68,7,1,2,98,10,8,2, ,1,2,3,4,90,1,2,2,21,13,1.0317722843507988,-0.9544660558275515,2
68,9,1,2,11,1, , , ,2, , , , ,1,3,2,21,13,1.0317722843507988,-0.9804258297298899,2
68,11,1,2,11,8, , , ,1,2,5,6,90,1,9,2,21,13,1.0317722843507988,-1.1338160658734073,1
68,13,1,1,31,6,2,2, ,1,1,2,90, ,1,1,2,21,13,1.0317722843507988,-1.1464317937062003,1
68,14,1,1,14,5, , , ,1,4,90, , ,1,1,2,21,13,1.0317722843507988,-1.1015244354741494,1
68,17,1,2,98,95,1,2, ,1,1,90, , ,1,1,2,21,13,1.0317722843507988,-1.0307948230663548,2
68,18,1,2,15,3, , , ,1,1,6,5,4,1,1,2,21,13,1.0317722843507988,-0.8394579803916365,2
69,1,1,1,11,95, , , ,1,4,90, , ,1,2,2,21,13,1.0317722843507988,-0.7969551862820219,2
69,2,1,1,11,95, , , ,1,2,3,4,5,1,3,2,21,13,1.0317722843507988,-0.5094727786479677,2
69,3,1,1,11,12, , , ,1,2,3,4,90,1,2,2,21,13,1.0317722843507988,-1.1665292050647744,1
69,4,1,1,11,36, , , ,1,1,90, , ,1,2,2,21,13,1.0317722843507988,-0.02856525341003436,3
69,5,1,1,13,7, , , ,1,2,4,5,7,2,3,2,21,13,1.0317722843507988,-0.49187221608775206,2
69,5,2,1,13,7, , , ,1,1,3,6,90,2,3,2,21,13,1.0317722843507988,-0.49187221608775206,2
69,6,1,1,13,0, , , ,1,1,2,90, ,1,1,2,21,13,1.0317722843507988,0.12571225374888217,3
69,7,1,2,18,95, , , ,1,1,2,90, ,4,9,2,21,13,1.0317722843507988,-0.5253204066730868,2
69,7,2,2,18,95, , , ,1,3,5,90, ,4,9,2,21,13,1.0317722843507988,-0.5253204066730868,2
69,7,3,2,18,95, , , ,1,4,90, , ,4,9,2,21,13,1.0317722843507988,-0.5253204066730868,2
69,7,4,2,18,95, , , ,2, , , , ,4,9,2,21,13,1.0317722843507988,-0.5253204066730868,2
69,10,1,9,13,12, , , ,1,1,2,3,4,1,9,2,21,13,1.0317722843507988,-0.43385165370786943,3
69,11,1,1,11,6, , , ,1,2,90, , ,3,3,2,21,13,1.0317722843507988,0.11391207782747655,3
69,11,2,1,11,6, , , ,1,3,90, , ,3,3,2,21,13,1.0317722843507988,0.11391207782747655,3
69,11,3,1,11,6, , , ,1,4,90, , ,3,3,2,21,13,1.0317722843507988,0.11391207782747655,3
69,12,1,1,11,13, , , ,1,3,6,5,90,3,3,2,21,13,1.0317722843507988,-0.1889086085562443,3
69,12,2,1,11,13, , , ,1,4,7,90, ,3,3,2,21,13,1.0317722843507988,-0.1889086085562443,3
69,12,3,1,11,13, , , ,1,2,8,9,90,3,3,2,21,13,1.0317722843507988,-0.1889086085562443,3
69,14,1,1,14,10, , , ,1,10,9,2,90,2,1,2,21,13,1.0317722843507988,-0.43901145983545764,2
69,14,2,1,14,10, , , ,1,6,5,3,90,2,1,2,21,13,1.0317722843507988,-0.43901145983545764,2
69,15,1,1,13,95, , , ,1,2,5,90, ,2,1,2,21,13,1.0317722843507988,-0.689221965163052,2
69,15,2,1,13,95, , , ,1,6,7,90, ,2,1,2,21,13,1.0317722843507988,-0.689221965163052,2
69,16,1,2,11,5, , , ,1,1,2,90, ,1,1,2,21,13,1.0317722843507988,-0.23351868291520875,3
69,18,1,1,13,95, , , ,1,0,90, , ,2,1,2,21,13,1.0317722843507988,-0.08207401568523859,3
69,18,2,1,11,15, , , ,1,1,2,3,90,2,1,2,21,13,1.0317722843507988,-0.08207401568523859,3
70,1,1,1,11,12, , , ,1,3,90, , ,3,2,2,21,13,1.0317722843507988,-0.6930071716533445,2
70,1,2,1,11,12, , , ,1,4,90, , ,3,2,2,21,13,1.0317722843507988,-0.6930071716533445,2
70,1,3,1,11,12, , , ,1,8,90, , ,3,2,2,21,13,1.0317722843507988,-0.6930071716533445,2
70,2,1,1,11,16, , , ,1,2,8,9,10,4,1,2,21,13,1.0317722843507988,-1.1669950488177454,1
70,2,2,1,11,16, , , ,1,7,0,90, ,4,1,2,21,13,1.0317722843507988,-1.1669950488177454,1
70,2,3,1,11,16, , , ,2, , , , ,4,1,2,21,13,1.0317722843507988,-1.1669950488177454,1
70,2,4,1,11,16, , , ,2, , , , ,4,1,2,21,13,1.0317722843507988,-1.1669950488177454,1
70,3,1,1,13,16, , , ,1,8,11,90, ,3,1,2,21,13,1.0317722843507988,-1.2405597891360876,1
70,3,2,1,13,16, , , ,1,2,14,12,90,3,1,2,21,13,1.0317722843507988,-1.2405597891360876,1
70,3,3,1,13,16, , , ,1,1,90, , ,3,1,2,21,13,1.0317722843507988,-1.2405597891360876,1
70,4,1,1,11,24, , , ,2, , , , ,3,9,2,21,13,1.0317722843507988,-0.9578590873502655,2
70,4,2,1,11,4, , , ,2, , , , ,3,9,2,21,13,1.0317722843507988,-0.9578590873502655,2
70,4,3,1,11,24, , , ,2, , , , ,3,9,2,21,13,1.0317722843507988,-0.9578590873502655,2
70,5,1,1,11,12, , , ,1,3,5,90, ,1,1,2,21,13,1.0317722843507988,-0.7176478242632385,2
70,6,1,1,11,12, , , ,1,1,90, , ,1,1,2,21,13,1.0317722843507988,-0.8893069186355009,2
70,7,1,2,18,95, , , ,1,2,3,4,5,1,1,2,21,13,1.0317722843507988,-1.052353693461128,1
70,9,1,1,11,12, , , ,1,2,7,6,5,1,1,2,21,13,1.0317722843507988,-1.1610883065105826,1
70,11,1,1,13,15, , , ,1,2,5,6,90,1,1,2,21,13,1.0317722843507988,-1.1198286430987994,1
70,13,1,1,13,95, , , ,1,2,5,1,4,1,1,2,21,13,1.0317722843507988,-1.1793925141352326,1
70,16,1,1,28,95, ,9, ,1,2,3,4,6,1,1,2,21,13,1.0317722843507988,-0.47855102743951733,2
70,17,1,1,11,12, , , ,1,1,4,90, ,1,1,2,21,13,1.0317722843507988,-0.6349425187640391,2
70,18,1,1,18,95, , , ,1,3,2,4,5,1,2,2,21,13,1.0317722843507988,-0.43847635276187225,2
72,3,1,2,28,95, ,2, ,1,1,90, , ,1,3,2,21,13,1.0317722843507988,-0.8862052500647312,2
72,4,1,1,11,4, , , ,1,4,90, , ,1,1,2,21,13,1.0317722843507988,-0.8577607294158786,2
72,8,1,2,98,24,1,2, ,2, , , , ,1,1,2,21,13,1.0317722843507988,-1.0750905035696456,1
72,11,1,2,98,95,1,1,95,1,4,90, , ,1,1,2,21,13,1.0317722843507988,-1.2968567857641635,1
72,12,1,2,98,4,1,2, ,1,2,3,90, ,2,1,2,21,13,1.0317722843507988,-1.1515371548508537,1
72,12,2,2,98,4,1,2, ,1,1,4,5,6,2,1,2,21,13,1.0317722843507988,-1.1515371548508537,1
73,1,1,1,16,95, , , ,2, , , , ,1,1,2,21,13,1.0317722843507988,-0.6232776650165494,2
73,2,1,1,11,95, , , ,2, , , , ,1,1,2,21,13,1.0317722843507988,-1.017515346130929,2
73,3,1,1,11,98, , , ,1,2,8,90, ,1,1,2,21,13,1.0317722843507988,-1.1727437106513012,1
73,4,1,2,11,13, , , ,2, , , , ,1,1,2,21,13,1.0317722843507988,-0.678787402419276,2
73,5,1,2,11,95, , , ,2, , , , ,1,2,2,21,13,1.0317722843507988,-1.2916979955557535,1
73,8,1,1,11,95, , , ,1,2,3,4,5,1,9,2,21,13,1.0317722843507988,-0.6951875560009501,2
73,9,1,1,18,95, , , ,1,1,90, , ,1,1,2,21,13,1.0317722843507988,-1.2187646127969622,1
73,10,1,1,11,8, , , ,2, , , , ,1,1,2,21,13,1.0317722843507988,-1.2736772356709123,1
73,11,1,1,13,1, , , ,1,4,3,2,1,1,1,2,21,13,1.0317722843507988,-0.8593633513196894,2
73,12,1,1,13,2, , , ,2, , , , ,2,1,2,21,13,1.0317722843507988,-0.6041635488947555,2
73,12,2,1,13,2, , , ,2, , , , ,2,1,2,21,13,1.0317722843507988,-0.6041635488947555,2
73,16,1,1,11,14, , , ,1,1,90, , ,1,1,2,21,13,1.0317722843507988,-1.1858463115627398,1
73,17,1,9,11,8, , , ,1,3,2,90, ,1,1,2,21,13,1.0317722843507988,-1.2224547268120398,1
73,18,1,1,13,2, , , ,1,5,4,2,90,1,1,2,21,13,1.0317722843507988,-0.727842828668882,2
74,2,1,2,18,95, , , ,2, , , , ,1,2,2,21,13,1.0317722843507988,-0.21736651528293383,3
74,3,1,1,11,95, , , ,1,2,4,7,6,2,9,2,21,13,1.0317722843507988,-0.664811903435249,2
74,3,2,1,11,95, , , ,2, , , , ,2,9,2,21,13,1.0317722843507988,-0.664811903435249,2
74,4,1,1,11,95, , , ,2, , , , ,1,1,2,21,13,1.0317722843507988,-0.9272229527380583,2
74,5,1,1,11,95, , , ,2, , , , ,1,1,2,21,13,1.0317722843507988,-0.19371518037685892,3
74,6,1,9,28,3, ,2, ,1,3,8,90, ,1,1,2,21,13,1.0317722843507988,0.13748221220522971,3
74,7,1,1,11,95, , , ,1,2,90, , ,1,1,2,21,13,1.0317722843507988,-1.2924522202938804,1
74,8,1,2,18,95, , , ,1,1,90, , ,1,1,2,21,13,1.0317722843507988,-1.1523211126574142,1
74,9,1,2,18,95, , , ,1,2,3,4,5,1,1,2,21,13,1.0317722843507988,-1.3000643005276409,1
74,10,1,1,11,3, , , ,1,1,90, , ,4,2,2,21,13,1.0317722843507988,0.08821513825646149,3
74,10,2,1,11,3, , , ,2, , , , ,4,2,2,21,13,1.0317722843507988,0.08821513825646149,3
74,10,3,1,11,3, , , ,2, , , , ,4,2,2,21,13,1.0317722843507988,0.08821513825646149,3
74,10,4,1,12,6, , , ,2, , , , ,4,2,2,21,13,1.0317722843507988,0.08821513825646149,3
74,11,1,2,11,3, , , ,1,1,2,90, ,2,1,2,21,13,1.0317722843507988,-0.5412165168186901,2
74,11,2,1,11,6, , , ,1,8,7,6,90,2,1,2,21,13,1.0317722843507988,-0.5412165168186901,2
74,12,1,2,11,3, , , ,2, , , , ,2,1,2,21,13,1.0317722843507988,-0.2643025230450397,3
74,12,2,1,11,3, , , ,2, , , , ,2,1,2,21,13,1.0317722843507988,-0.2643025230450397,3
74,18,1,1,13,1, , , ,1,1,3,2,90,2,2,2,21,13,1.0317722843507988,-0.795166820287156,2
74,18,2,1,11,5, , , ,2, , , , ,2,2,2,21,13,1.0317722843507988,-0.795166820287156,2
75,3,1,1,18,12, , , ,1,2,1,4,90,1,9,2,21,13,1.0317722843507988,-0.8081829647116656,2
75,4,1,1,11,3, , , ,1,2,4,5,90,1,1,2,21,13,1.0317722843507988,-1.1758929426546336,1
75,6,1,1,11,3, , , ,1,2,6,5,90,1,1,2,21,13,1.0317722843507988,-1.1845959799323142,1
75,9,1,1,31,99,2,2, ,1,2,3,4,90,1,1,2,21,13,1.0317722843507988,-1.1916060204144239,1
75,15,1,1,11,95, , , ,1,1,90, , ,1,1,2,21,13,1.0317722843507988,-1.13617962302218,1
76,1,1,1,11,95, , , ,1,2,3,90, ,1,1,2,21,13,1.0317722843507988,-0.84923507077834,2
76,3,1,2,18,95, , , ,1,2,3,4,5,1,1,2,21,13,1.0317722843507988,-1.0332339489100233,2
76,5,1,1,16,95, , , ,2, , , , ,1,1,2,21,13,1.0317722843507988,-1.3330245212832903,1
76,6,1,1,31,2,2,2, ,1,3,90, , ,1,1,2,21,13,1.0317722843507988,-0.6795177353165034,2
76,10,1,1,18,95, , , ,2, , , , ,1,1,2,21,13,1.0317722843507988,-0.8916462533034201,2
76,13,1,1,11,12, , , ,1,2,7,6,5,1,2,2,21,13,1.0317722843507988,-1.129733697321976,1
77,2,1,1,11,24, , , ,1,1,5,90, ,2,1,2,21,13,1.0317722843507988,-0.6895523312801115,2
77,2,2,1,11,24, , , ,1,3,4,90, ,2,1,2,21,13,1.0317722843507988,-0.6895523312801115,2
77,3,1,2,18,2, , , ,1,1,2,3,4,1,9,2,21,13,1.0317722843507988,-1.0698904131835605,1
77,4,1,1,14,95, , , ,1,2,90, , ,3,1,2,21,13,1.0317722843507988,-1.2063385997191178,1
77,4,2,1,14,95, , , ,1,3,90, , ,3,1,2,21,13,1.0317722843507988,-1.2063385997191178,1
77,4,3,1,14,95, , , ,2, , , , ,3,1,2,21,13,1.0317722843507988,-1.2063385997191178,1
77,5,1,2,98,95,1,2, ,2, , , , ,1,1,2,21,13,1.0317722843507988,-1.0288445631761822,2
77,7,1,1,11,8, , , ,1,1,2,90, ,1,1,2,21,13,1.0317722843507988,-1.2370688204216123,1
77,8,1,2,98,12,1,2, ,1,1,90, , ,1,2,2,21,13,1.0317722843507988,-1.0678115330145268,1
77,9,1,1,11,95, , , ,1,2,6,90, ,1,1,2,21,13,1.0317722843507988,-1.2239962633960586,1
77,11,1,1,11,4, , , ,1,4,90, , ,2,1,2,21,13,1.0317722843507988,-1.3138007609905382,1
77,11,2,1,14,4, , , ,1,5,90, , ,2,1,2,21,13,1.0317722843507988,-1.3138007609905382,1
77,13,1,9,11,3, , , ,1,1,2,90, ,1,1,2,21,13,1.0317722843507988,-0.43481698205031594,3
77,14,1,2,18,1, , , ,1,1,2,90, ,1,1,2,21,13,1.0317722843507988,-0.9744856148000448,2
77,15,1,2,11,20, , , ,1,2,3,4,5,1,2,2,21,13,1.0317722843507988,-1.2919814432955623,1
77,16,1,2,14,95, , , ,1,2,3,90, ,2,1,2,21,13,1.0317722843507988,-0.9446235881216497,2
77,16,2,2,14,95, , , ,1,1,90, , ,2,1,2,21,13,1.0317722843507988,-0.9446235881216497,2
77,17,1,1,11,95, , , ,1,9,90, , ,1,1,2,21,13,1.0317722843507988,-1.4053217991137887,1
78,12,1,1,11,8, , , ,2, , , , ,1,1,2,21,13,1.0317722843507988,-1.2370688204216123,1
79,1,1,1,11,3, , , ,1,3,90, , ,9,2,2,21,13,1.0317722843507988,1.2859930547986458,5
79,1,2,1,11,3, , , ,1,4,90, , ,9,2,2,21,13,1.0317722843507988,1.2859930547986458,5
79,1,3,1,11,3, , , ,1,5,90, , ,9,2,2,21,13,1.0317722843507988,1.2859930547986458,5
79,1,4,9,11,3, , , ,1,6,90, , ,9,2,2,21,13,1.0317722843507988,1.2859930547986458,5
79,1,5,9,11,3, , , ,1,7,8,90, ,9,2,2,21,13,1.0317722843507988,1.2859930547986458,5
79,1,6,9,11,3, , , ,1,9,90, , ,9,2,2,21,13,1.0317722843507988,1.2859930547986458,5
79,1,7,9,11,3, , , ,1,1,90, , ,9,2,2,21,13,1.0317722843507988,1.2859930547986458,5
79,1,8,9,11,3, , , ,1,2,90, , ,9,2,2,21,13,1.0317722843507988,1.2859930547986458,5
79,1,9,9,11,3, , , ,1,10,90, , ,9,2,2,21,13,1.0317722843507988,1.2859930547986458,5
79,2,1,9,11,4, , , ,1,2,5,90, ,2,3,2,21,13,1.0317722843507988,0.509966868588367,4
79,2,2,9,11,12, , , ,1,3,4,90, ,2,3,2,21,13,1.0317722843507988,0.509966868588367,4
79,5,1,1,13,1, , , ,1,3,90, , ,1,3,2,21,13,1.0317722843507988,0.18917225663103032,3
79,6,1,1,13,3, , , ,1,2,11,90, ,2,3,2,21,13,1.0317722843507988,0.2780160796125181,3
79,6,2,1,13,3, , , ,1,9,8,10,90,2,3,2,21,13,1.0317722843507988,0.2780160796125181,3
79,10,1,1,11,35, , , ,1,5,90, , ,1,9,2,21,13,1.0317722843507988,0.45662766499751173,3
79,11,1,1,13,2, , , ,2, , , , ,1,9,2,21,13,1.0317722843507988,-0.15072699711279372,3
79,13,1,2,18,95, , , ,2, , , , ,2,1,2,21,13,1.0317722843507988,-0.09780676066667757,3
79,13,2,2,18,95, , , ,2, , , , ,2,1,2,21,13,1.0317722843507988,-0.09780676066667757,3
79,14,1,1,18,95, , , ,1,2,6,7,90,2,1,2,21,13,1.0317722843507988,0.8465480993653954,4
79,14,2,1,18,95, , , ,1,3,5,4,90,2,1,2,21,13,1.0317722843507988,0.8465480993653954,4
80,3,1,1,12,8, , , ,2, , , , ,2,1,2,21,13,1.0317722843507988,-0.9906459891321996,2
80,3,2,1,12,8, , , ,2, , , , ,2,1,2,21,13,1.0317722843507988,-0.9906459891321996,2
80,7,1,1,11,3, , , ,1,2,90, , ,1,1,2,21,13,1.0317722843507988,-1.252682699123252,1
80,8,1,1,11,1, , , ,1,2,90, , ,1,1,2,21,13,1.0317722843507988,-1.1232381632077273,1
80,17,1,1,14,95, , , ,1,1,8,90, ,3,1,2,21,13,1.0317722843507988,-1.1772747115581743,1
80,17,2,1,14,95, , , ,1,3,4,5,6,3,1,2,21,13,1.0317722843507988,-1.1772747115581743,1
80,17,3,1,14,95, , , ,1,2,10,9,7,3,1,2,21,13,1.0317722843507988,-1.1772747115581743,1
82,2,1,1,11,12, , , ,1,2,1,90, ,1,3,2,21,13,1.0317722843507988,-1.0017106295234683,2
82,3,1,1,11,24, , , ,1,1,2,90, ,2,3,2,21,13,1.0317722843507988,-0.6095624472055359,2
82,3,2,1,11,24, , , ,1,3,4,5,6,2,3,2,21,13,1.0317722843507988,-0.6095624472055359,2
82,5,1,1,14,95, , , ,1,2,6,90, ,1,2,2,21,13,1.0317722843507988,-0.748222293255041,2
82,7,1,1,11,2, , , ,1,2,3,4,5,1,3,2,21,13,1.0317722843507988,-1.0009199310614325,2
82,8,1,9,11,95, , , ,1,2,3,4,90,1,1,2,21,13,1.0317722843507988,-1.12108944659956,1
82,10,1,1,13,99, , , ,2, , , , ,1,1,2,21,13,1.0317722843507988,-0.9185487273535473,2
82,11,1,1,13,98, , , ,1,2,90, , ,1,1,2,21,13,1.0317722843507988,-1.3652860544144034,1
82,16,1,1,11,16, , , ,1,7,90, , ,2,2,2,21,13,1.0317722843507988,-0.35696558471630524,3
82,16,2,1,11,6, , , ,1,1,90, , ,2,2,2,21,13,1.0317722843507988,-0.35696558471630524,3
82,18,1,2,98,0,2,2, ,2, , , , ,1,9,2,21,13,1.0317722843507988,1.190419681019582,5
83,1,1,1,13,12, , , ,1,2,7,90, ,3,1,2,21,13,1.0317722843507988,-1.10304916474328,1
83,1,2,1,13,12, , , ,2, , , , ,3,1,2,21,13,1.0317722843507988,-1.10304916474328,1
83,1,3,1,13,12, , , ,2, , , , ,3,1,2,21,13,1.0317722843507988,-1.10304916474328,1
83,3,1,1,13,4, , , ,1,2,8,7,90,2,3,2,21,13,1.0317722843507988,-1.3767962410965664,1
83,3,2,1,13,4, , , ,1,6,5,90, ,2,3,2,21,13,1.0317722843507988,-1.3767962410965664,1
83,4,1,1,13,12, , , ,1,2,3,4,90,2,2,2,21,13,1.0317722843507988,-0.4671550163763807,2
83,4,2,1,13,12, , , ,1,1,90, , ,2,2,2,21,13,1.0317722843507988,-0.4671550163763807,2
83,5,1,1,13,12, , , ,1,1,2,90, ,1,1,2,21,13,1.0317722843507988,-1.036290330753897,1
83,6,1,1,11,8, , , ,1,2,15,90, ,2,9,2,21,13,1.0317722843507988,-0.9041165084734556,2
83,6,2,1,11,8, , , ,1,11,9,8,90,2,9,2,21,13,1.0317722843507988,-0.9041165084734556,2
83,7,1,2,18,7, , , ,1,2,90, , ,1,1,2,21,13,1.0317722843507988,-0.8027917444427827,2
83,9,1,2,18,98, , , ,1,1,90, , ,1,1,2,21,13,1.0317722843507988,-0.9586701415396219,2
83,10,1,1,18,24, , , ,1,1,2,90, ,2,1,2,21,13,1.0317722843507988,-1.2143025176998223,1
83,10,2,1,13,12, , , ,1,3,4,5,6,2,1,2,21,13,1.0317722843507988,-1.2143025176998223,1
83,11,1,1,13,2, , , ,1,3,4,5,6,1,1,2,21,13,1.0317722843507988,-0.6063391826603087,2
83,12,1,1,13,3, , , ,1,1,3,4,5,1,1,2,21,13,1.0317722843507988,-1.1244798912612826,1
83,13,1,1,13,5, , , ,1,2,3,4,5,1,1,2,21,13,1.0317722843507988,-1.1244798912612826,1
83,14,1,1,16,95, , , ,1,2,3,90, ,1,1,2,21,13,1.0317722843507988,-0.9674916697463722,2
83,16,1,1,11,95, , , ,1,1,90, , ,2,1,2,21,13,1.0317722843507988,-0.55840849332042,2
83,16,2,1,11,95, , , ,1,2,3,4,90,2,1,2,21,13,1.0317722843507988,-0.55840849332042,2
83,17,1,1,11,12, , , ,1,1,90, , ,1,1,2,21,13,1.0317722843507988,-0.5500804950492828,2
83,18,1,1,13,17, , , ,1,3,90, , ,4,1,2,21,13,1.0317722843507988,-0.16837639755373382,3
83,18,2,1,18,95, , , ,1,5,6,90, ,4,1,2,21,13,1.0317722843507988,-0.16837639755373382,3
83,18,3,1,18,95, , , ,1,1,7,9,90,4,1,2,21,13,1.0317722843507988,-0.16837639755373382,3
83,18,4,2,18,98, , , ,8, , , , ,4,1,2,21,13,1.0317722843507988,-0.16837639755373382,3
86,3,1,2,11,12, , , ,1,2,7,8,9,1,1,2,21,13,1.0317722843507988,-1.1909822477202092,1
86,4,1,2,14,7, , , ,1,2,90, , ,1,1,2,21,13,1.0317722843507988,-0.9589190003610408,2
86,6,1,1,11,2, , , ,1,2,90, , ,1,1,2,21,13,1.0317722843507988,-1.0330512251348167,2
86,7,1,1,11,9, , , ,1,1,6,90, ,2,1,2,21,13,1.0317722843507988,-1.2404746804883153,1
86,7,2,1,11,9, , , ,1,5,4,7,90,2,1,2,21,13,1.0317722843507988,-1.2404746804883153,1
86,8,1,9,11,95, , , ,1,1,5,6,90,2,1,2,21,13,1.0317722843507988,-1.2576594140369557,1
86,8,2,9,11,95, , , ,1,3,2,90, ,2,1,2,21,13,1.0317722843507988,-1.2576594140369557,1
86,9,1,9,11,95, , , ,1,2,8,7,90,2,1,2,21,13,1.0317722843507988,-1.1717070607436717,1
86,9,2,9,11,95, , , ,1,4,3,6,90,2,1,2,21,13,1.0317722843507988,-1.1717070607436717,1
86,16,1,2,98,12,8,2, ,2, , , , ,2,9,2,21,13,1.0317722843507988,-0.051135481650170164,3
86,16,2,2,98,3,8,2, ,2, , , , ,2,9,2,21,13,1.0317722843507988,-0.051135481650170164,3
86,18,1,2,98,12,2,2, ,2, , , , ,1,1,2,21,13,1.0317722843507988,-0.6168591394914564,2
88,1,1,1,12,8, , , ,1,1,90, , ,2,1,2,21,13,1.0317722843507988,-0.7911627986047968,2
88,1,2,1,12,9, , , ,1,2,90, , ,2,1,2,21,13,1.0317722843507988,-0.7911627986047968,2
88,2,1,1,31,99,9,9, ,9, , , , ,1,1,2,21,13,1.0317722843507988,-0.5995583650152267,2
88,3,1,1,12,12, , , ,1,3,4,5,90,1,2,2,21,13,1.0317722843507988,0.10804445659743164,3
88,4,1,1,16,12, , , ,1,1,90, , ,1,1,2,21,13,1.0317722843507988,-1.0828424190564727,1
88,5,1,1,11,18, , , ,1,2,3,90, ,2,2,2,21,13,1.0317722843507988,-0.03939751016574692,3
88,5,2,1,11,36, , , ,1,1,90, , ,2,2,2,21,13,1.0317722843507988,-0.03939751016574692,3
88,6,1,1,11,12, , , ,1,2,3,4,5,2,2,2,21,13,1.0317722843507988,0.12710227607062682,3
88,6,2,1,13,6, , , ,2, , , , ,2,2,2,21,13,1.0317722843507988,0.12710227607062682,3
88,7,1,1,11,15, , , ,1,4,2,90, ,1,2,2,21,13,1.0317722843507988,0.1425429443138437,3
88,8,1,1,11,6, , , ,1,2,4,3,90,2,1,2,21,13,1.0317722843507988,-0.3259726980343566,3
88,8,2,1,11,12, , , ,1,1,90, , ,2,1,2,21,13,1.0317722843507988,-0.3259726980343566,3
88,9,1,1,11,12, , , ,1,2,10,90, ,2,1,2,21,13,1.0317722843507988,-1.0114347836354105,2
88,9,2,1,12,14, , , ,1,7,9,90, ,2,1,2,21,13,1.0317722843507988,-1.0114347836354105,2
88,10,1,1,13,1, , , ,2, , , , ,1,3,2,21,13,1.0317722843507988,-0.4500501077297052,2
88,11,1,1,11,8, , , ,1,2,3,90, ,2,2,2,21,13,1.0317722843507988,-0.8857531858529192,2
88,11,2,1,11,20, , , ,1,6,90, , ,2,2,2,21,13,1.0317722843507988,-0.8857531858529192,2
88,12,1,1,11,15, , , ,1,3,5,90, ,1,1,2,21,13,1.0317722843507988,0.2624075165221258,3
88,14,1,1,13,9, , , ,1,1,2,8,7,2,2,2,21,13,1.0317722843507988,-0.9082455689356894,2
88,14,2,1,13,9, , , ,1,4,5,6,90,2,2,2,21,13,1.0317722843507988,-0.9082455689356894,2
88,15,1,1,13,2, , , ,1,2,3,5,6,1,2,2,21,13,1.0317722843507988,-1.0884517766592627,1
88,16,1,1,12,9, , , ,1,1,2,3,90,1,1,2,21,13,1.0317722843507988,-0.9925818999440106,2
89,1,1,1,13,12, , , ,1,1,2,3,90,2,1,2,21,13,1.0317722843507988,0.10804445659743164,3
89,1,2,1,12,9, , , ,2, , , , ,2,1,2,21,13,1.0317722843507988,0.10804445659743164,3
89,2,1,1,11,24, , , ,9, , , , ,1,1,2,21,13,1.0317722843507988,0.08058814516045652,3
89,4,1,1,13,2, , , ,1,3,90, , ,2,1,2,21,13,1.0317722843507988,0.09686387516867581,3
89,4,2,1,13,2, , , ,1,2,4,5,90,2,1,2,21,13,1.0317722843507988,0.09686387516867581,3
89,5,1,1,11,24, , , ,1,1,2,90, ,2,1,2,21,13,1.0317722843507988,-0.0630132707227425,3
89,5,2,1,11,24, , , ,1,3,4,8,90,2,1,2,21,13,1.0317722843507988,-0.0630132707227425,3
89,7,1,1,11,5, , , ,1,2,5,4,3,1,1,2,21,13,1.0317722843507988,-0.037099959849933216,3
89,8,1,1,11,3, , , ,1,1,2,90, ,1,2,2,21,13,1.0317722843507988,-0.017375791173291834,3
89,9,1,1,11,7, , , ,1,3,4,2,90,1,1,2,21,13,1.0317722843507988,-0.9541618550804335,2
89,10,1,1,14,95, , , ,1,1,7,90, ,1,1,2,21,13,1.0317722843507988,-0.3852561581567651,3
89,11,1,2,14,4, , , ,1,1,2,3,4,1,1,2,21,13,1.0317722843507988,-0.3459429581235251,3
89,12,1,1,11,1, , , ,1,1,2,90, ,1,1,2,21,13,1.0317722843507988,-0.29699644042735085,3
89,13,1,1,11,6, , , ,1,1,90, , ,6,3,2,21,13,1.0317722843507988,0.7906681434933212,4
89,13,2,1,11,7, , , ,2, , , , ,6,3,2,21,13,1.0317722843507988,0.7906681434933212,4
89,13,3,1,13,8, , , ,2, , , , ,6,3,2,21,13,1.0317722843507988,0.7906681434933212,4
89,13,4,1,13,12, , , ,1,11,12,2,90,6,3,2,21,13,1.0317722843507988,0.7906681434933212,4
89,13,5,1,13,13, , , ,1,10,9,7,8,6,3,2,21,13,1.0317722843507988,0.7906681434933212,4
89,13,6,1,11,9, , , ,1,6,5,4,3,6,3,2,21,13,1.0317722843507988,0.7906681434933212,4
89,14,1,1,11,3, , , ,1,2,3,90, ,1,3,2,21,13,1.0317722843507988,0.8219952906649863,4
89,16,1,1,12,99, , , ,1,1,4,90, ,2,1,2,21,13,1.0317722843507988,-0.5651206965492469,2
89,16,2,1,12,99, , , ,1,2,90, , ,2,1,2,21,13,1.0317722843507988,-0.5651206965492469,2
90,4,1,1,11,12, , , ,1,6,7,5,4,1,1,2,21,13,1.0317722843507988,-1.0974984620298447,1
90,7,1,1,13,2, , , ,1,1,3,90, ,1,1,2,21,13,1.0317722843507988,-1.114496787708758,1
90,8,1,1,11,16, , , ,1,2,1,90, ,1,1,2,21,13,1.0317722843507988,-1.1944280922470318,1
90,11,1,2,13,6, , , ,1,6,8,7,9,2,1,2,21,13,1.0317722843507988,-1.2576089855219368,1
90,11,2,2,13,6, , , ,1,1,90, , ,2,1,2,21,13,1.0317722843507988,-1.2576089855219368,1
90,13,1,1,11,7, , , ,1,1,2,3,90,1,1,2,21,13,1.0317722843507988,-0.4693428922227221,2
90,14,1,1,11,8, , , ,1,1,2,3,90,1,1,2,21,13,1.0317722843507988,-0.7728902483624296,2
90,15,1,1,11,12, , , ,1,1,2,5,90,2,1,2,21,13,1.0317722843507988,-0.6864006426257823,2
90,15,2,1,13,9, , , ,1,3,4,90, ,2,1,2,21,13,1.0317722843507988,-0.6864006426257823,2
91,1,1,1,14,95, , , ,2, , , , ,1,1,1,11,13,0.9639263743281306,0.11194076077998498,3
91,2,1,1,14,95, , , ,1,1,90, , ,2,3,1,11,13,0.9639263743281306,1.2833759701238125,5
91,2,2,1,14,95, , , ,1,2,3,4,90,2,3,1,11,13,0.9639263743281306,1.2833759701238125,5
91,3,1,1,14,95, , , ,2, , , , ,1,1,1,11,13,0.9639263743281306,-0.43444575237340094,3
91,4,1,1,11,95, , , ,2, , , , ,2,9,1,11,13,0.9639263743281306,-0.4657305317657673,2
91,4,2,1,11,95, , , ,2, , , , ,2,9,1,11,13,0.9639263743281306,-0.4657305317657673,2
91,5,1,2,11,1, , , ,1,2,90, , ,1,3,1,11,13,0.9639263743281306,0.18700204526416667,3
91,6,1,9,12,3, , , ,1,2,5,90, ,2,1,1,11,13,0.9639263743281306,0.6377927478907172,4
91,6,2,9,12,3, , , ,1,3,4,90, ,2,1,1,11,13,0.9639263743281306,0.6377927478907172,4
91,7,1,1,13,12, , , ,1,3,4,5,90,3,1,1,11,13,0.9639263743281306,1.1069085975464648,4
91,7,2,1,11,12, , , ,1,2,7,90, ,3,1,1,11,13,0.9639263743281306,1.1069085975464648,4
91,7,3,1,13,12, , , ,1,6,8,90, ,3,1,1,11,13,0.9639263743281306,1.1069085975464648,4
91,8,1,1,13,10, , , ,1,1,2,7,90,3,2,1,11,13,0.9639263743281306,0.1681991021882827,3
91,8,2,1,13,6, , , ,1,5,3,90, ,3,2,1,11,13,0.9639263743281306,0.1681991021882827,3
91,8,3,1,13,8, , , ,1,6,4,90, ,3,2,1,11,13,0.9639263743281306,0.1681991021882827,3
91,9,1,1,13,10, , , ,1,1,90, , ,3,2,1,11,13,0.9639263743281306,0.4556101546823284,3
91,9,2,1,13,8, , , ,1,2,3,90, ,3,2,1,11,13,0.9639263743281306,0.4556101546823284,3
91,9,3,1,13,10, , , ,1,4,5,90, ,3,2,1,11,13,0.9639263743281306,0.4556101546823284,3
91,10,1,2,26,10, ,2, ,1,2,3,4,90,3,2,1,11,13,0.9639263743281306,-0.9610934732192895,2
91,10,2,2,26,10, ,2, ,1,1,90, , ,3,2,1,11,13,0.9639263743281306,-0.9610934732192895,2
91,10,3,2,26,95, ,2, ,2, , , , ,3,2,1,11,13,0.9639263743281306,-0.9610934732192895,2
91,12,1,2,26,95, ,2, ,1,1,4,90, ,3,1,1,11,13,0.9639263743281306,0.7896912606316797,4
91,12,2,2,26,95, ,2, ,2, , , , ,3,1,1,11,13,0.9639263743281306,0.7896912606316797,4
91,12,3,2,26,7, ,2, ,1,2,90, , ,3,1,1,11,13,0.9639263743281306,0.7896912606316797,4
91,14,1,1,11,1, , , ,1,2,9,90, ,4,3,1,11,13,0.9639263743281306,0.6371307465781137,4
91,14,2,1,11,1, , , ,1,3,7,90, ,4,3,1,11,13,0.9639263743281306,0.6371307465781137,4
91,14,3,1,11,1, , , ,1,4,5,90, ,4,3,1,11,13,0.9639263743281306,0.6371307465781137,4
91,14,4,1,18,2, , , ,2, , , , ,4,3,1,11,13,0.9639263743281306,0.6371307465781137,4
91,15,1,1,11,3, , , ,1,1,90, , ,3,3,1,11,13,0.9639263743281306,0.6447530522006288,4
91,15,2,1,11,3, , , ,1,2,5,90, ,3,3,1,11,13,0.9639263743281306,0.6447530522006288,4
91,15,3,1,11,3, , , ,1,3,4,90, ,3,3,1,11,13,0.9639263743281306,0.6447530522006288,4
91,16,1,1,14,12, , , ,1,1,3,4,90,1,1,1,11,13,0.9639263743281306,-0.6630096989553762,2
91,17,1,2,14,6, , , ,1,1,90, , ,3,1,1,11,13,0.9639263743281306,0.13879134334553622,3
91,17,2,2,14,6, , , ,1,2,5,90, ,3,1,1,11,13,0.9639263743281306,0.13879134334553622,3
91,17,3,2,14,6, , , ,1,3,4,90, ,3,1,1,11,13,0.9639263743281306,0.13879134334553622,3
91,18,1,1,14,12, , , ,1,1,4,90, ,2,2,1,11,13,0.9639263743281306,0.063168797605516,3
91,18,2,1,14,2, , , ,1,2,3,90, ,2,2,1,11,13,0.9639263743281306,0.063168797605516,3
92,2,1,2,14,95, , , ,1,3,4,90, ,1,1,1,11,13,0.9639263743281306,0.3581778086516439,3
92,3,1,1,14,95, , , ,1,1,90, , ,1,1,1,11,13,0.9639263743281306,0.7321570643156248,4
92,4,1,1,13,1, , , ,1,2,4,5,90,3,3,1,11,13,0.9639263743281306,0.2738149920137405,3
92,4,2,1,13,1, , , ,1,3,90, , ,3,3,1,11,13,0.9639263743281306,0.2738149920137405,3
92,4,3,1,13,95, , , ,2, , , , ,3,3,1,11,13,0.9639263743281306,0.2738149920137405,3
92,5,1,2,14,2, , , ,1,1,2,3,4,1,1,1,11,13,0.9639263743281306,-0.7578527371870172,2
92,6,1,1,12,6, , , ,1,2,1,90, ,2,3,1,11,13,0.9639263743281306,0.8745940844633001,4
92,6,2,1,12,6, , , ,1,3,4,90, ,2,3,1,11,13,0.9639263743281306,0.8745940844633001,4
92,7,1,1,13,10, , , ,2, , , , ,2,1,1,11,13,0.9639263743281306,0.7485360267427266,4
92,7,2,1,11,10, , , ,2, , , , ,2,1,1,11,13,0.9639263743281306,0.7485360267427266,4
92,8,1,1,14,8, , , ,1,2,3,90, ,1,2,1,11,13,0.9639263743281306,1.0798170078825902,4
92,9,1,1,31,95,1,2, ,1,2,7,90, ,3,2,1,11,13,0.9639263743281306,0.6089331658394971,4
92,9,2,1,31,95,1,2, ,1,6,5,90, ,3,2,1,11,13,0.9639263743281306,0.6089331658394971,4
92,9,3,1,13,10, , , ,1,3,90, , ,3,2,1,11,13,0.9639263743281306,0.6089331658394971,4
92,10,1,1,11,12, , , ,2, , , , ,1,1,1,11,13,0.9639263743281306,-0.03251033267905213,3
92,12,1,2,11,95, , , ,1,2,3,4,90,1,3,1,11,13,0.9639263743281306,0.038363119757163104,3
92,17,1,2,14,3, , , ,1,1,2,3,90,3,1,1,11,13,0.9639263743281306,-0.5482022987857477,2
92,17,2,2,14,4, , , ,2, , , , ,3,1,1,11,13,0.9639263743281306,-0.5482022987857477,2
92,17,3,2,14,1, , , ,2, , , , ,3,1,1,11,13,0.9639263743281306,-0.5482022987857477,2
92,18,1,1,14,14, , , ,1,1,2,3,4,1,1,1,11,13,0.9639263743281306,-0.04701364815975012,3
93,1,1,1,11,95, , , ,1,2,5,3,4,2,3,2,21,13,1.0317722843507988,-0.8106132544264082,2
93,1,2,1,11,95, , , ,2, , , , ,2,3,2,21,13,1.0317722843507988,-0.8106132544264082,2
93,2,1,1,11,95, , , ,1,2,3,4,90,2,3,2,21,13,1.0317722843507988,-0.7230279368837704,2
93,2,2,2,11,95, , , ,2, , , , ,2,3,2,21,13,1.0317722843507988,-0.7230279368837704,2
93,3,1,1,11,95, , , ,1,4,3,2,90,1,3,2,21,13,1.0317722843507988,-0.3963264319869489,3
93,4,1,2,14,3, , , ,1,6,90, , ,1,1,2,21,13,1.0317722843507988,-0.9293074487299351,2
93,5,1,2,11,4, , , ,1,2,3,90, ,2,1,2,21,13,1.0317722843507988,-1.107242926272072,1
93,5,2,2,11,4, , , ,1,1,90, , ,2,1,2,21,13,1.0317722843507988,-1.107242926272072,1
93,6,1,2,12,95, , , ,1,1,3,2,90,1,1,2,21,13,1.0317722843507988,-1.2938096322808583,1
93,7,1,1,32,11,2,2, ,1,2,9,8,7,1,3,2,21,13,1.0317722843507988,-0.8501477607123186,2
93,8,1,1,13,12, , , ,2, , , , ,1,1,2,21,13,1.0317722843507988,-0.6214327428347673,2
93,9,1,1,11,12, , , ,1,3,90, , ,1,2,2,21,13,1.0317722843507988,-1.042798873170388,1
93,12,1,2,11,7, , , ,1,2,3,4,5,1,1,2,21,13,1.0317722843507988,-1.066317633874095,1
93,15,1,2,18,12, , , ,1,1,2,3,90,2,2,2,21,13,1.0317722843507988,-1.2093891893204662,1
93,15,2,2,18,12, , , ,1,6,7,8,90,2,2,2,21,13,1.0317722843507988,-1.2093891893204662,1
93,17,1,2,14,12, , , ,1,1,2,3,4,1,1,2,21,13,1.0317722843507988,-1.2954965533658882,1
93,18,1,2,13,5, , , ,1,2,7,8,90,1,1,2,21,13,1.0317722843507988,-1.188533935928627,1
94,4,1,1,11,12, , , ,2, , , , ,1,2,2,21,13,1.0317722843507988,-0.6701203165065763,2
94,5,1,2,14,24, , , ,1,1,6,7,5,2,1,2,21,13,1.0317722843507988,-1.2230115792340457,1
94,5,2,2,14,12, , , ,1,2,3,4,90,2,1,2,21,13,1.0317722843507988,-1.2230115792340457,1
94,6,1,2,14,24, , , ,1,1,90, , ,3,1,2,21,13,1.0317722843507988,-0.9897088089250548,2
94,6,2,2,11,12, , , ,1,2,3,90, ,3,1,2,21,13,1.0317722843507988,-0.9897088089250548,2
94,6,3,2,11,12, , , ,2, , , , ,3,1,2,21,13,1.0317722843507988,-0.9897088089250548,2
94,7,1,1,13,12, , , ,1,1,3,4,90,2,1,2,21,13,1.0317722843507988,-1.0832202278494993,1
94,7,2,1,13,12, , , ,1,2,0,90, ,2,1,2,21,13,1.0317722843507988,-1.0832202278494993,1
94,13,1,1,13,95, , , ,1,1,90, , ,3,1,2,21,13,1.0317722843507988,-0.2972577937347833,3
94,13,2,1,13,95, , , ,1,3,2,90, ,3,1,2,21,13,1.0317722843507988,-0.2972577937347833,3
94,13,3,1,13,95, , , ,1,4,90, , ,3,1,2,21,13,1.0317722843507988,-0.2972577937347833,3
94,14,1,1,13,95, , , ,2, , , , ,1,1,2,21,13,1.0317722843507988,-0.7856880705069633,2
94,17,1,2,18,95, , , ,2, , , , ,2,1,2,21,13,1.0317722843507988,-1.3126008782884702,1
94,17,2,2,18,95, , , ,2, , , , ,2,1,2,21,13,1.0317722843507988,-1.3126008782884702,1
94,18,1,1,13,95, , , ,2, , , , ,1,1,2,21,13,1.0317722843507988,-1.1997338898624919,1
95,2,1,1,11,95, , , ,1,1,3,90, ,1,1,2,21,13,1.0317722843507988,-1.1700273899885214,1
95,3,1,1,99,95,9,9, ,1,2,3,5,90,2,1,2,21,13,1.0317722843507988,-0.5028038554468255,2
95,3,2,1,99,95,9,9, ,1,6,4,90, ,2,1,2,21,13,1.0317722843507988,-0.5028038554468255,2
95,5,1,1,11,17, , , ,1,1,5,4,90,1,1,2,21,13,1.0317722843507988,-1.150897783702222,1
95,6,1,1,31,24,2,2, ,1,2,5,4,90,1,3,2,21,13,1.0317722843507988,-0.8808171254279804,2
95,8,1,9,11,95, , , ,1,2,90, , ,1,1,2,21,13,1.0317722843507988,-1.2227924396735097,1
95,10,1,1,11,95, , , ,1,1,90, , ,1,1,2,21,13,1.0317722843507988,-0.8232982992594519,2
95,12,1,1,11,95, , , ,1,1,2,90, ,1,1,2,21,13,1.0317722843507988,-1.1760055870307005,1
95,13,1,1,11,12, , , ,1,1,90, , ,1,1,2,21,13,1.0317722843507988,-0.9519629753750234,2
95,14,1,1,11,12, , , ,2, , , , ,2,1,2,21,13,1.0317722843507988,-1.0163432496373814,2
95,14,2,1,11,12, , , ,2, , , , ,2,1,2,21,13,1.0317722843507988,-1.0163432496373814,2
95,15,1,1,11,12, , , ,1,1,2,90, ,1,2,2,21,13,1.0317722843507988,-1.0304829728004639,2
95,16,1,2,28,95, ,9, ,2, , , , ,1,1,2,21,13,1.0317722843507988,-0.5714165948008172,2
95,17,1,9,11,18, , , ,1,1,90, , ,2,1,2,21,13,1.0317722843507988,-0.751720114501599,2
95,17,2,9,11,18, , , ,1,4,90, , ,2,1,2,21,13,1.0317722843507988,-0.751720114501599,2
95,18,1,1,11,95, , , ,1,1,6,7,90,2,1,2,21,13,1.0317722843507988,-1.1722895086188254,1
95,18,2,1,11,95, , , ,2, , , , ,2,1,2,21,13,1.0317722843507988,-1.1722895086188254,1
96,1,1,1,11,95, , , ,1,2,6,5,90,1,1,2,21,13,1.0317722843507988,-1.1760079536238448,1
96,2,1,1,13,95, , , ,2, , , , ,1,1,2,21,13,1.0317722843507988,-0.8436925142161384,2
96,4,1,1,13,2, , , ,1,1,6,90, ,2,1,2,21,13,1.0317722843507988,-1.1344989617334467,1
96,4,2,1,11,6, , , ,1,5,90, , ,2,1,2,21,13,1.0317722843507988,-1.1344989617334467,1
96,5,1,1,11,24, , , ,1,1,4,5,6,2,1,2,21,13,1.0317722843507988,-0.9269522302852599,2
96,5,2,1,13,1, , , ,1,2,3,90, ,2,1,2,21,13,1.0317722843507988,-0.9269522302852599,2
96,6,1,1,11,30, , , ,1,1,2,3,90,1,1,2,21,13,1.0317722843507988,-1.1731092805413172,1
96,7,1,1,13,2, , , ,1,2,90, , ,1,1,2,21,13,1.0317722843507988,-0.6769086008419987,2
96,10,1,1,31,95,2,2, ,1,1,4,90, ,1,2,2,21,13,1.0317722843507988,-1.2467512805994603,1
96,11,1,1,13,95, , , ,1,2,3,1,5,1,1,2,21,13,1.0317722843507988,-1.2981487934030849,1
96,12,1,1,11,95, , , ,1,1,90, , ,1,1,2,21,13,1.0317722843507988,-1.1094804054335161,1
96,13,1,1,13,24, , , ,1,1,90, , ,1,1,2,21,13,1.0317722843507988,-1.2635396859661219,1
96,14,1,1,99,0,2,2, ,1,2,1,90, ,2,1,2,21,13,1.0317722843507988,-1.091386885769359,1
96,14,2,1,98,24,2,2, ,1,4,5,90, ,2,1,2,21,13,1.0317722843507988,-1.091386885769359,1
96,15,1,1,11,12, , , ,2, , , , ,3,1,2,21,13,1.0317722843507988,-1.048677067978509,1
96,15,2,1,11,12, , , ,2, , , , ,3,1,2,21,13,1.0317722843507988,-1.048677067978509,1
96,15,3,1,11,12, , , ,2, , , , ,3,1,2,21,13,1.0317722843507988,-1.048677067978509,1
96,17,1,1,11,3, , , ,1,1,2,8,9,2,3,2,21,13,1.0317722843507988,-0.8183422309160391,2
96,17,2,1,11,3, , , ,1,3,5,6,90,2,3,2,21,13,1.0317722843507988,-0.8183422309160391,2
96,18,1,2,28,9, ,2, ,1,1,2,90, ,1,1,2,21,13,1.0317722843507988,-1.180728995584349,1
97,4,1,2,11,24, , , ,2, , , , ,3,2,2,21,13,1.0317722843507988,-1.1740035219026255,1
97,4,2,2,11,95, , , ,2, , , , ,3,2,2,21,13,1.0317722843507988,-1.1740035219026255,1
97,4,3,2,11,95, , , ,2, , , , ,3,2,2,21,13,1.0317722843507988,-1.1740035219026255,1
97,6,1,2,11,12, , , ,2, , , , ,1,1,2,21,13,1.0317722843507988,-1.2401317255732696,1
97,8,1,1,11,7, , , ,2, , , , ,1,1,2,21,13,1.0317722843507988,-1.1901828452867604,1
97,14,1,1,11,95, , , ,1,1,90, , ,1,1,2,21,13,1.0317722843507988,-1.0357861758148523,1
97,15,1,2,14,12, , , ,1,7,8,9,90,2,1,2,21,13,1.0317722843507988,-1.2650138683897343,1
97,15,2,2,14,12, , , ,2, , , , ,2,1,2,21,13,1.0317722843507988,-1.2650138683897343,1
97,16,1,1,13,95, , , ,1,1,2,5,90,1,1,2,21,13,1.0317722843507988,-1.2412272025604953,1
98,1,1,1,11,95, , , ,1,1,2,3,90,1,1,2,21,13,1.0317722843507988,-0.8028958809405691,2
98,2,1,1,11,95, , , ,1,1,2,4,3,1,1,2,21,13,1.0317722843507988,-1.0628829584771113,1
98,4,1,1,11,36, , , ,1,1,5,9,90,1,1,2,21,13,1.0317722843507988,-0.781013098766697,2
98,5,1,1,11,12, , , ,1,1,90, , ,2,1,2,21,13,1.0317722843507988,-0.7270887121606853,2
98,5,2,1,14,6, , , ,1,2,3,4,90,2,1,2,21,13,1.0317722843507988,-0.7270887121606853,2
98,6,1,9,11,36, , , ,1,1,2,90, ,1,1,2,21,13,1.0317722843507988,-0.33123657303203485,3
98,8,1,1,13,6, , , ,1,1,3,4,5,1,1,2,21,13,1.0317722843507988,-0.9752188581503917,2
98,10,1,1,11,1, , , ,1,6,5,90, ,2,1,2,21,13,1.0317722843507988,-1.1903762674686797,1
98,10,2,1,11,1, , , ,1,7,8,90, ,2,1,2,21,13,1.0317722843507988,-1.1903762674686797,1
98,12,1,1,11,95, , , ,1,2,4,90, ,1,1,2,21,13,1.0317722843507988,-1.1137751326785694,1
98,13,1,1,11,36, , , ,1,2,90, , ,1,1,2,21,13,1.0317722843507988,-0.930210076571526,2
98,14,1,1,13,36, , , ,1,1,90, , ,1,2,2,21,13,1.0317722843507988,-1.2665248116507624,1
98,15,1,1,12,36, , , ,2, , , , ,1,2,2,21,13,1.0317722843507988,-1.0989513192219171,1
98,16,1,1,11,95, , , ,1,1,2,10,90,5,3,2,21,13,1.0317722843507988,-0.7960995738662708,2
98,16,2,1,11,95, , , ,1,7,11,90, ,5,3,2,21,13,1.0317722843507988,-0.7960995738662708,2
98,16,3,2,99,99,9,9, ,9, , , , ,5,3,2,21,13,1.0317722843507988,-0.7960995738662708,2
98,16,4,2,18,95, , , ,1,3,6,90, ,5,3,2,21,13,1.0317722843507988,-0.7960995738662708,2
98,16,5,2,18,95, , , ,1,5,8,90, ,5,3,2,21,13,1.0317722843507988,-0.7960995738662708,2
98,17,1,1,11,95, , , ,1,2,3,90, ,2,2,2,21,13,1.0317722843507988,-0.8880130725462002,2
98,17,2,1,11,95, , , ,1,4,5,90, ,2,2,2,21,13,1.0317722843507988,-0.8880130725462002,2
98,18,1,2,28,24, ,2, ,1,1,2,7,8,2,2,2,21,13,1.0317722843507988,-0.6712481236554615,2
98,18,2,2,28,24, ,2, ,1,3,4,6,5,2,2,2,21,13,1.0317722843507988,-0.6712481236554615,2
99,1,1,1,12,24, , , ,1,1,2,90, ,2,1,2,21,13,1.0317722843507988,-0.459972185983628,2
99,1,2,1,12,24, , , ,1,4,6,90, ,2,1,2,21,13,1.0317722843507988,-0.459972185983628,2
99,2,1,1,12,12, , , ,1,2,5,6,90,1,1,2,21,13,1.0317722843507988,-0.6842048265936341,2
99,3,1,1,13,6, , , ,1,2,7,90, ,4,3,2,21,13,1.0317722843507988,-0.4609755368151722,2
99,3,2,1,13,6, , , ,1,6,5,90, ,4,3,2,21,13,1.0317722843507988,-0.4609755368151722,2
99,3,3,1,13,6, , , ,1,3,4,90, ,4,3,2,21,13,1.0317722843507988,-0.4609755368151722,2
99,3,4,9,12,7, , , ,2, , , , ,4,3,2,21,13,1.0317722843507988,-0.4609755368151722,2
99,4,1,2,14,6, , , ,1,1,3,90, ,2,1,2,21,13,1.0317722843507988,0.4965476001649523,3
99,4,2,2,14,7, , , ,1,2,4,90, ,2,1,2,21,13,1.0317722843507988,0.4965476001649523,3
99,5,1,1,11,11, , , ,1,2,1,8,90,3,3,2,21,13,1.0317722843507988,-0.8810490350617175,2
99,5,2,1,11,10, , , ,1,4,90, , ,3,3,2,21,13,1.0317722843507988,-0.8810490350617175,2
99,5,3,1,11,10, , , ,1,5,6,7,90,3,3,2,21,13,1.0317722843507988,-0.8810490350617175,2
99,7,1,1,11,7, , , ,1,2,5,90, ,3,2,2,21,13,1.0317722843507988,-0.2006268032067266,3
99,7,2,1,11,7, , , ,1,3,90, , ,3,2,2,21,13,1.0317722843507988,-0.2006268032067266,3
99,7,3,1,11,7, , , ,1,4,90, , ,3,2,2,21,13,1.0317722843507988,-0.2006268032067266,3
99,8,1,1,11,3, , , ,1,1,4,90, ,2,1,2,21,13,1.0317722843507988,-0.5666605672499003,2
99,8,2,1,11,3, , , ,1,2,3,90, ,2,1,2,21,13,1.0317722843507988,-0.5666605672499003,2
99,9,1,1,11,6, , , ,1,1,3,90, ,2,1,2,21,13,1.0317722843507988,-1.252682699123252,1
99,9,2,1,11,6, , , ,1,2,90, , ,2,1,2,21,13,1.0317722843507988,-1.252682699123252,1
99,10,1,9,11,12, , , ,1,6,4,90, ,3,1,2,21,13,1.0317722843507988,-0.7182467619922303,2
99,10,2,9,11,12, , , ,1,3,1,90, ,3,1,2,21,13,1.0317722843507988,-0.7182467619922303,2
99,10,3,9,11,12, , , ,1,2,5,90, ,3,1,2,21,13,1.0317722843507988,-0.7182467619922303,2
99,11,1,1,11,5, , , ,1,1,4,3,5,1,1,2,21,13,1.0317722843507988,-1.2892911143725523,1
99,13,1,1,11,23, , , ,1,1,2,7,90,3,1,2,21,13,1.0317722843507988,-0.3076399311317781,3
99,13,2,1,11,23, , , ,1,3,90, , ,3,1,2,21,13,1.0317722843507988,-0.3076399311317781,3
99,13,3,1,11,23, , , ,1,5,6,90, ,3,1,2,21,13,1.0317722843507988,-0.3076399311317781,3
99,15,1,1,11,12, , , ,1,2,7,90, ,2,3,2,21,13,1.0317722843507988,-0.357159486459494,3
99,15,2,1,11,12, , , ,1,3,4,6,90,2,3,2,21,13,1.0317722843507988,-0.357159486459494,3
99,18,1,1,11,95, , , ,2, , , , ,1,1,2,21,13,1.0317722843507988,-1.090963667492632,1
100,4,1,1,11,4, , , ,1,1,3,4,90,1,2,2,21,13,1.0317722843507988,-0.4663547188770953,2
100,5,1,2,11,12, , , ,2, , , , ,2,2,2,21,13,1.0317722843507988,-0.8857730771393609,2
100,5,2,2,11,12, , , ,2, , , , ,2,2,2,21,13,1.0317722843507988,-0.8857730771393609,2
100,8,1,1,11,95, , , ,1,2,1,8,7,2,1,2,21,13,1.0317722843507988,-0.3642547642515906,3
100,8,2,1,11,13, , , ,1,6,5,3,90,2,1,2,21,13,1.0317722843507988,-0.3642547642515906,3
100,11,1,2,26,12, ,2, ,1,2,4,5,90,1,1,2,21,13,1.0317722843507988,-1.1900603479127598,1
100,12,1,2,26,3, ,2, ,1,2,3,4,5,1,1,2,21,13,1.0317722843507988,-0.8406122295522708,2
100,14,1,1,11,24, , , ,1,5,90, , ,2,1,2,21,13,1.0317722843507988,-0.9941861725042711,2
100,14,2,1,11,2, , , ,1,1,3,4,90,2,1,2,21,13,1.0317722843507988,-0.9941861725042711,2
100,17,1,1,14,12, , , ,1,1,2,7,90,2,1,2,21,13,1.0317722843507988,-0.35773072154966773,3
100,17,2,1,14,12, , , ,1,3,4,5,6,2,1,2,21,13,1.0317722843507988,-0.35773072154966773,3
100,18,1,1,11,3, , , ,1,2,4,90, ,1,3,2,21,13,1.0317722843507988,-0.9627750226446079,2
101,2,1,2,15,4, , , ,1,1,2,90, ,2,3,2,21,13,1.0317722843507988,-0.7127910415703272,2
101,2,2,2,15,4, , , ,1,3,4,90, ,2,3,2,21,13,1.0317722843507988,-0.7127910415703272,2
101,3,1,2,15,24, , , ,1,1,90, , ,1,1,2,21,13,1.0317722843507988,-0.8848370841412215,2
101,5,1,1,11,95, , , ,1,1,4,90, ,1,1,2,21,13,1.0317722843507988,-1.0143594269715928,2
101,6,1,2,14,3, , , ,1,1,2,90, ,1,1,2,21,13,1.0317722843507988,-0.9290701133767044,2
101,7,1,1,13,5, , , ,1,2,1,8,10,6,1,2,21,13,1.0317722843507988,-0.22091760289228873,3
101,7,2,1,13,5, , , ,1,3,7,6,5,6,1,2,21,13,1.0317722843507988,-0.22091760289228873,3
101,7,3,1,13,5, , , ,1,9,4,90, ,6,1,2,21,13,1.0317722843507988,-0.22091760289228873,3
101,7,4,1,13,5, , , ,1,0,0,90, ,6,1,2,21,13,1.0317722843507988,-0.22091760289228873,3
101,7,5,1,13,5, , , ,1,0,90, , ,6,1,2,21,13,1.0317722843507988,-0.22091760289228873,3
101,7,6,1,13,5, , , ,2, , , , ,6,1,2,21,13,1.0317722843507988,-0.22091760289228873,3
101,8,1,1,13,2, , , ,1,1,2,3,90,1,1,2,21,13,1.0317722843507988,-0.6529604484062453,2
101,11,1,1,11,6, , , ,1,2,3,90, ,1,2,2,21,13,1.0317722843507988,-0.7883184088422838,2
101,12,1,1,13,95, , , ,1,2,8,7,90,2,9,2,21,13,1.0317722843507988,-0.8066226164669338,2
101,12,2,1,13,2, , , ,1,3,6,4,90,2,9,2,21,13,1.0317722843507988,-0.8066226164669338,2
101,13,1,1,13,2, , , ,1,1,10,90, ,4,2,2,21,13,1.0317722843507988,-0.6321614247860574,2
101,13,2,1,13,2, , , ,1,4,5,90, ,4,2,2,21,13,1.0317722843507988,-0.6321614247860574,2
101,13,3,1,13,2, , , ,1,3,6,90, ,4,2,2,21,13,1.0317722843507988,-0.6321614247860574,2
101,13,4,1,13,2, , , ,1,11,8,7,9,4,2,2,21,13,1.0317722843507988,-0.6321614247860574,2
101,14,1,2,13,95, , , ,1,2,90, , ,3,1,2,21,13,1.0317722843507988,-0.6900770038785189,2
101,14,2,2,13,95, , , ,1,6,7,90, ,3,1,2,21,13,1.0317722843507988,-0.6900770038785189,2
101,14,3,2,13,95, , , ,1,4,9,90, ,3,1,2,21,13,1.0317722843507988,-0.6900770038785189,2
101,15,1,1,13,95, , , ,1,1,2,90, ,2,1,2,21,13,1.0317722843507988,-0.5969110316578696,2
101,15,2,1,13,95, , , ,1,3,4,90, ,2,1,2,21,13,1.0317722843507988,-0.5969110316578696,2
101,16,1,1,11,98, , , ,1,2,4,5,90,1,1,2,21,13,1.0317722843507988,-0.5124936976285103,2
101,17,1,1,11,95, , , ,1,1,90, , ,3,1,2,21,13,1.0317722843507988,-0.49764053167693917,2
101,17,2,1,11,95, , , ,1,2,5,90, ,3,1,2,21,13,1.0317722843507988,-0.49764053167693917,2
101,17,3,1,11,95, , , ,1,4,90, , ,3,1,2,21,13,1.0317722843507988,-0.49764053167693917,2
102,1,1,1,11,12, , , ,1,1,2,90, ,1,1,2,21,13,1.0317722843507988,-1.008818449215131,2
102,2,1,1,12,99, , , ,1,1,2,5,90,2,1,2,21,13,1.0317722843507988,-0.9852782037593872,2
102,2,2,1,13,6, , , ,1,3,4,90, ,2,1,2,21,13,1.0317722843507988,-0.9852782037593872,2
102,3,1,1,12,95, , , ,1,1,90, , ,3,1,2,21,13,1.0317722843507988,0.10566083612067864,3
102,3,2,1,12,95, , , ,1,2,90, , ,3,1,2,21,13,1.0317722843507988,0.10566083612067864,3
102,3,3,1,12,95, , , ,1,3,90, , ,3,1,2,21,13,1.0317722843507988,0.10566083612067864,3
102,4,1,2,14,12, , , ,1,1,2,3,4,1,1,2,21,13,1.0317722843507988,-1.0051894645068156,2
102,5,1,1,14,15, , , ,1,1,2,3,90,1,1,2,21,13,1.0317722843507988,-0.9927898224246949,2
102,9,1,9,11,95, , , ,1,2,14,90, ,1,1,2,21,13,1.0317722843507988,-0.8674132394129428,2
102,10,1,1,13,6, , , ,1,2,6,5,4,1,1,2,21,13,1.0317722843507988,-0.9960359735754458,2
102,11,1,1,13,6, , , ,1,1,2,90, ,1,1,2,21,13,1.0317722843507988,-0.5585859673120752,2
102,14,1,1,11,23, , , ,1,1,2,8,90,2,1,2,21,13,1.0317722843507988,-0.689386423011622,2
102,14,2,1,11,23, , , ,1,3,6,7,90,2,1,2,21,13,1.0317722843507988,-0.689386423011622,2
102,15,1,1,11,23, , , ,1,1,2,6,7,2,1,2,21,13,1.0317722843507988,-0.7407732537963156,2
102,15,2,1,11,23, , , ,1,3,4,5,90,2,1,2,21,13,1.0317722843507988,-0.7407732537963156,2
102,16,1,1,11,95, , , ,2, , , , ,1,1,2,21,13,1.0317722843507988,-0.5033578660213578,2
105,1,1,1,11,95, , , ,1,3,6,90, ,3,3,1,11,11,0.9639263743281306,1.780858960021749,5
105,1,2,1,11,95, , , ,2, , , , ,3,3,1,11,11,0.9639263743281306,1.780858960021749,5
105,1,3,1,11,95, , , ,2, , , , ,3,3,1,11,11,0.9639263743281306,1.780858960021749,5
105,2,1,1,11,95, , , ,1,2,9,8,90,3,2,1,11,11,0.9639263743281306,1.1575189831855957,5
105,2,2,1,11,95, , , ,1,1,90, , ,3,2,1,11,11,0.9639263743281306,1.1575189831855957,5
105,2,3,1,11,95, , , ,1,3,4,90, ,3,2,1,11,11,0.9639263743281306,1.1575189831855957,5
105,3,1,1,11,95, , , ,2, , , , ,3,9,1,11,11,0.9639263743281306,1.8277321953271188,5
105,3,2,1,11,95, , , ,2, , , , ,3,9,1,11,11,0.9639263743281306,1.8277321953271188,5
105,3,3,1,11,95, , , ,2, , , , ,3,9,1,11,11,0.9639263743281306,1.8277321953271188,5
105,4,1,1,11,36, , , ,1,3,90, , ,1,1,1,11,11,0.9639263743281306,0.4740450422373405,3
105,5,1,1,11,20, , , ,1,1,2,90, ,1,1,1,11,11,0.9639263743281306,0.4018257642357754,3
105,6,1,1,11,6, , , ,1,1,4,90, ,2,2,1,11,11,0.9639263743281306,0.9383734191962385,4
105,6,2,1,11,7, , , ,1,3,90, , ,2,2,1,11,11,0.9639263743281306,0.9383734191962385,4
105,9,1,1,11,5, , , ,1,1,2,3,90,1,1,1,11,11,0.9639263743281306,0.2590646400463581,3
105,10,1,1,11,95, , , ,1,10,11,90, ,1,2,1,11,11,0.9639263743281306,0.6128437208810394,4
105,11,1,1,14,95, , , ,1,1,2,90, ,1,1,1,11,11,0.9639263743281306,0.9518057454605255,4
105,12,1,1,11,95, , , ,1,2,3,90, ,1,2,1,11,11,0.9639263743281306,0.5178238894056447,4
105,14,1,1,11,4, , , ,1,3,4,90, ,1,3,1,11,11,0.9639263743281306,0.5824147023895796,4
105,15,1,1,13,9, , , ,2, , , , ,2,2,1,11,11,0.9639263743281306,1.5654431446982369,5
105,15,2,1,13,9, , , ,2, , , , ,2,2,1,11,11,0.9639263743281306,1.5654431446982369,5
105,16,1,1,11,24, , , ,1,1,90, , ,3,2,1,11,11,0.9639263743281306,1.1308679602863678,4
105,16,2,1,11,24, , , ,1,2,3,4,90,3,2,1,11,11,0.9639263743281306,1.1308679602863678,4
105,16,3,2,28,95, ,9, ,2, , , , ,3,2,1,11,11,0.9639263743281306,1.1308679602863678,4
105,18,1,1,11,95, , , ,2, , , , ,1,1,1,11,11,0.9639263743281306,0.36724309869348837,3
106,2,1,1,14,95, , , ,1,3,90, , ,1,1,1,11,11,0.9639263743281306,1.2869378779737253,5
106,5,1,2,13,6, , , ,1,1,90, , ,3,1,1,11,11,0.9639263743281306,1.5231852888922237,5
106,5,2,2,13,6, , , ,2, , , , ,3,1,1,11,11,0.9639263743281306,1.5231852888922237,5
106,5,3,2,13,6, , , ,1,4,6,90, ,3,1,1,11,11,0.9639263743281306,1.5231852888922237,5
106,6,1,2,99,1,9,9, ,1,3,90, , ,3,3,1,11,11,0.9639263743281306,0.6910980094769782,4
106,6,2,2,99,1,9,9, ,1,6,90, , ,3,3,1,11,11,0.9639263743281306,0.6910980094769782,4
106,6,3,2,99,1,9,9, ,2, , , , ,3,3,1,11,11,0.9639263743281306,0.6910980094769782,4
106,8,1,1,13,10, , , ,2, , , , ,2,3,1,11,11,0.9639263743281306,1.1621247897327895,5
106,8,2,1,13,10, , , ,2, , , , ,2,3,1,11,11,0.9639263743281306,1.1621247897327895,5
106,11,1,2,26,6, ,2, ,1,7,8,9,90,3,1,1,11,11,0.9639263743281306,0.4895284715415455,3
106,11,2,2,26,6, ,2, ,1,10,11,12,13,3,1,1,11,11,0.9639263743281306,0.4895284715415455,3
106,11,3,2,26,95, ,2, ,2, , , , ,3,1,1,11,11,0.9639263743281306,0.4895284715415455,3
106,13,1,1,28,5, ,2, ,2, , , , ,2,3,1,11,11,0.9639263743281306,1.680362795528349,5
106,13,2,1,11,12, , , ,2, , , , ,2,3,1,11,11,0.9639263743281306,1.680362795528349,5
106,14,1,1,14,25, , , ,1,1,2,90, ,1,1,1,11,11,0.9639263743281306,1.0115687961847457,4
106,15,1,1,11,12, , , ,1,2,5,90, ,2,3,1,11,11,0.9639263743281306,0.33213472582643183,3
106,15,2,2,18,12, , , ,1,3,4,90, ,2,3,1,11,11,0.9639263743281306,0.33213472582643183,3
106,17,1,2,14,12, , , ,1,2,8,90, ,1,1,1,11,11,0.9639263743281306,-0.13962565162135462,3
106,18,1,9,14,12, , , ,1,1,2,90, ,2,3,1,11,11,0.9639263743281306,0.4710189483505962,3
106,18,2,9,14,12, , , ,1,3,4,90, ,2,3,1,11,11,0.9639263743281306,0.4710189483505962,3
107,2,1,2,11,95, , , ,1,7,9,8,90,2,1,2,21,11,1.0317722843507988,-1.0803222577996296,1
107,2,2,2,11,95, , , ,1,10,11,12,2,2,1,2,21,11,1.0317722843507988,-1.0803222577996296,1
107,3,1,2,18,95, , , ,1,1,7,8,90,2,1,2,21,11,1.0317722843507988,-0.3932047411365184,3
107,3,2,2,18,95, , , ,1,3,5,6,90,2,1,2,21,11,1.0317722843507988,-0.3932047411365184,3
107,4,1,2,18,2, , , ,1,1,90, , ,3,1,2,21,11,1.0317722843507988,-1.116865576127223,1
107,4,2,2,18,2, , , ,1,2,90, , ,3,1,2,21,11,1.0317722843507988,-1.116865576127223,1
107,4,3,2,18,2, , , ,2, , , , ,3,1,2,21,11,1.0317722843507988,-1.116865576127223,1
107,5,1,1,11,95, , , ,1,4,5,6,90,3,1,2,21,11,1.0317722843507988,-1.0099219049555461,2
107,5,2,1,11,1, , , ,1,2,7,8,9,3,1,2,21,11,1.0317722843507988,-1.0099219049555461,2
107,5,3,1,11,1, , , ,2, , , , ,3,1,2,21,11,1.0317722843507988,-1.0099219049555461,2
107,6,1,1,11,1, , , ,1,1,2,3,4,1,1,2,21,11,1.0317722843507988,-1.1140860593954023,1
107,9,1,1,11,95, , , ,1,3,9,10,90,2,1,2,21,11,1.0317722843507988,-1.2314425086985437,1
107,9,2,1,11,95, , , ,2, , , , ,2,1,2,21,11,1.0317722843507988,-1.2314425086985437,1
107,10,1,2,12,5, , , ,2, , , , ,2,1,2,21,11,1.0317722843507988,-1.2812920713650158,1
107,10,2,2,11,5, , , ,2, , , , ,2,1,2,21,11,1.0317722843507988,-1.2812920713650158,1
107,11,1,2,11,6, , , ,2, , , , ,1,1,2,21,11,1.0317722843507988,-1.2105557443495867,1
107,16,1,1,11,12, , , ,1,1,90, , ,1,1,2,21,11,1.0317722843507988,-1.1463167861635528,1
107,17,1,1,11,18, , , ,1,2,1,90, ,1,1,2,21,11,1.0317722843507988,-1.2259698368823653,1
107,18,1,1,11,12, , , ,1,2,5,90, ,1,1,2,21,11,1.0317722843507988,-0.9102642313453072,2
108,2,1,1,18,95, , , ,2, , , , ,1,9,2,21,11,1.0317722843507988,-0.5998985998014796,2
108,3,1,2,18,6, , , ,1,2,9,90, ,1,1,2,21,11,1.0317722843507988,-0.9840130883657164,2
108,6,1,1,11,95, , , ,2, , , , ,1,1,2,21,11,1.0317722843507988,-1.0025943433906679,2
108,7,1,1,11,95, , , ,1,1,90, , ,1,1,2,21,11,1.0317722843507988,-0.9124967428093304,2
108,8,1,2,98,99,2,9, ,1,1,90, , ,2,1,2,21,11,1.0317722843507988,-1.132699062179238,1
108,8,2,2,98,99,2,9, ,1,4,5,90, ,2,1,2,21,11,1.0317722843507988,-1.132699062179238,1
108,9,1,2,98,99,2,2, ,1,1,90, , ,1,1,2,21,11,1.0317722843507988,-1.2558438050445804,1
108,11,1,2,11,4, , , ,2, , , , ,1,1,2,21,11,1.0317722843507988,-1.090732176629529,1
108,17,1,1,11,12, , , ,1,1,2,90, ,1,1,2,21,11,1.0317722843507988,-1.2259698368823653,1
108,18,1,1,11,10, , , ,1,5,1,2,90,1,1,2,21,11,1.0317722843507988,-1.0827038264808055,1
109,7,1,2,11,6, , , ,2, , , , ,1,2,2,21,11,1.0317722843507988,-0.9992636635675984,2
109,8,1,2,11,5, , , ,2, , , , ,2,1,2,21,11,1.0317722843507988,-0.738919173645346,2
109,8,2,2,11,5, , , ,2, , , , ,2,1,2,21,11,1.0317722843507988,-0.738919173645346,2
110,8,1,2,18,95, , , ,2, , , , ,1,1,2,21,11,1.0317722843507988,-1.0885150401625598,1
110,13,1,2,18,95, , , ,2, , , , ,1,1,2,21,11,1.0317722843507988,-1.2216272411076017,1
111,1,1,2,18,95, , , ,2, , , , ,1,1,2,21,11,1.0317722843507988,-0.8406855425362806,2
111,4,1,1,14,3, , , ,1,2,3,4,5,1,1,2,21,11,1.0317722843507988,-0.9322302145701971,2
111,5,1,1,11,3, , , ,1,2,7,8,90,1,1,2,21,11,1.0317722843507988,-1.059287120031031,1
111,6,1,1,14,6, , , ,1,2,7,90, ,1,1,2,21,11,1.0317722843507988,-0.9933073635255418,2
111,8,1,1,11,24, , , ,2, , , , ,1,1,2,21,11,1.0317722843507988,-0.8079376591676124,2
111,9,1,1,98,98,8,2, ,2, , , , ,1,1,2,21,11,1.0317722843507988,-1.0174215087470178,2
111,10,1,1,98,95,2,1,1,1,2,4,5,6,1,1,2,21,11,1.0317722843507988,-1.0374977664981075,1
111,11,1,1,11,5, , , ,1,1,2,3,90,1,1,2,21,11,1.0317722843507988,-1.1224896733696577,1
111,13,1,2,18,12, , , ,1,2,3,90, ,1,1,2,21,11,1.0317722843507988,-0.9853670826015926,2
111,14,1,1,11,95, , , ,1,1,2,3,4,1,1,2,21,11,1.0317722843507988,-0.7134506518748556,2
111,15,1,1,11,9, , , ,2, , , , ,1,1,2,21,11,1.0317722843507988,-1.0008381304293898,2
111,16,1,1,14,35, , , ,1,1,2,5,4,1,1,2,21,11,1.0317722843507988,-0.8650895323558857,2
111,18,1,1,11,12, , , ,2, , , , ,2,1,2,21,11,1.0317722843507988,-0.5567946750221644,2
111,18,2,1,11,12, , , ,2, , , , ,2,1,2,21,11,1.0317722843507988,-0.5567946750221644,2
112,1,1,2,98,1,1,2, ,2, , , , ,1,3,1,11,11,0.9639263743281306,1.098786369455898,4
112,2,1,2,98,12,1,2, ,2, , , , ,3,3,1,11,11,0.9639263743281306,0.7768131870188971,4
112,2,2,2,98,12,1,2, ,2, , , , ,3,3,1,11,11,0.9639263743281306,0.7768131870188971,4
112,2,3,2,98,12,1,2, ,2, , , , ,3,3,1,11,11,0.9639263743281306,0.7768131870188971,4
112,3,1,2,98,24,2,2, ,2, , , , ,1,2,1,11,11,0.9639263743281306,0.8467642053612998,4
112,5,1,1,11,3, , , ,2, , , , ,1,1,1,11,11,0.9639263743281306,0.2716177560095241,3
112,6,1,1,11,95, , , ,2, , , , ,2,1,1,11,11,0.9639263743281306,1.4332809890584992,5
112,6,2,1,11,95, , , ,2, , , , ,2,1,1,11,11,0.9639263743281306,1.4332809890584992,5
112,7,1,1,11,95, , , ,2, , , , ,1,1,1,11,11,0.9639263743281306,0.32154347277579987,3
112,8,1,1,11,95, , , ,2, , , , ,1,1,1,11,11,0.9639263743281306,0.4048524499910749,3
112,13,1,2,14,7, , , ,2, , , , ,1,1,1,11,11,0.9639263743281306,0.32033600849709976,3
112,14,1,1,13,6, , , ,2, , , , ,2,1,1,11,11,0.9639263743281306,0.6912548901253828,4
112,14,2,1,11,6, , , ,2, , , , ,2,1,1,11,11,0.9639263743281306,0.6912548901253828,4
112,17,1,2,14,95, , , ,2, , , , ,2,1,1,11,11,0.9639263743281306,0.997174003491646,4
112,17,2,2,14,24, , , ,2, , , , ,2,1,1,11,11,0.9639263743281306,0.997174003491646,4
113,5,1,1,11,4, , , ,2, , , , ,2,1,1,11,11,0.9639263743281306,1.1305648188650257,4
113,5,2,1,11,4, , , ,2, , , , ,2,1,1,11,11,0.9639263743281306,1.1305648188650257,4
113,6,1,2,14,95, , , ,2, , , , ,1,1,1,11,11,0.9639263743281306,0.2299716102401875,3
113,8,1,1,11,95, , , ,2, , , , ,3,3,1,11,11,0.9639263743281306,1.2991640008692564,5
113,8,2,1,11,95, , , ,2, , , , ,3,3,1,11,11,0.9639263743281306,1.2991640008692564,5
113,8,3,1,11,95, , , ,2, , , , ,3,3,1,11,11,0.9639263743281306,1.2991640008692564,5
113,14,1,2,18,99, , , ,2, , , , ,2,1,1,11,11,0.9639263743281306,1.1165982454031371,4
113,14,2,2,18,99, , , ,2, , , , ,2,1,1,11,11,0.9639263743281306,1.1165982454031371,4
113,16,1,2,98,24,2,1,23,2, , , , ,1,3,1,11,11,0.9639263743281306,0.5338826277432548,4
113,18,1,2,14,24, , , ,2, , , , ,2,9,1,11,11,0.9639263743281306,1.2297509599998984,5
113,18,2,2,14,12, , , ,2, , , , ,2,9,1,11,11,0.9639263743281306,1.2297509599998984,5
114,2,1,1,14,4, , , ,2, , , , ,3,3,1,11,11,0.9639263743281306,1.8766612442856283,5
114,2,2,1,14,4, , , ,2, , , , ,3,3,1,11,11,0.9639263743281306,1.8766612442856283,5
114,2,3,1,14,7, , , ,2, , , , ,3,3,1,11,11,0.9639263743281306,1.8766612442856283,5
114,3,1,2,14,6, , , ,2, , , , ,3,1,1,11,11,0.9639263743281306,1.8264552942756225,5
114,3,2,2,14,6, , , ,2, , , , ,3,1,1,11,11,0.9639263743281306,1.8264552942756225,5
114,3,3,2,14,6, , , ,2, , , , ,3,1,1,11,11,0.9639263743281306,1.8264552942756225,5
114,4,1,1,11,3, , , ,2, , , , ,3,3,1,11,11,0.9639263743281306,1.2211998736411385,5
114,4,2,1,11,3, , , ,2, , , , ,3,3,1,11,11,0.9639263743281306,1.2211998736411385,5
114,4,3,1,11,3, , , ,2, , , , ,3,3,1,11,11,0.9639263743281306,1.2211998736411385,5
114,5,1,1,11,24, , , ,1,1,2,90, ,2,2,1,11,11,0.9639263743281306,1.2486561850781137,5
114,5,2,1,14,24, , , ,1,3,90, , ,2,2,1,11,11,0.9639263743281306,1.2486561850781137,5
114,6,1,2,11,8, , , ,2, , , , ,1,3,1,11,11,0.9639263743281306,1.4859573868971514,5
114,7,1,1,11,6, , , ,2, , , , ,2,2,1,11,11,0.9639263743281306,1.556373382566376,5
114,7,2,1,11,10, , , ,2, , , , ,2,2,1,11,11,0.9639263743281306,1.556373382566376,5
115,3,1,2,11,99, , , ,2, , , , ,3,2,1,11,11,0.9639263743281306,0.7850814022633706,4
115,3,2,2,11,99, , , ,2, , , , ,3,2,1,11,11,0.9639263743281306,0.7850814022633706,4
115,3,3,2,11,99, , , ,2, , , , ,3,2,1,11,11,0.9639263743281306,0.7850814022633706,4
115,12,1,2,18,7, , , ,2, , , , ,2,1,1,11,11,0.9639263743281306,0.3252129616147661,3
115,12,2,2,18,7, , , ,2, , , , ,2,1,1,11,11,0.9639263743281306,0.3252129616147661,3
115,16,1,2,14,24, , , ,2, , , , ,1,1,1,11,11,0.9639263743281306,-0.3373792048850508,3
115,17,1,1,11,6, , , ,1,1,90, , ,1,1,1,11,11,0.9639263743281306,1.2600243776621107,5
116,3,1,1,11,95, , , ,2, , , , ,3,3,1,11,11,0.9639263743281306,1.5923051339517487,5
116,3,2,1,11,95, , , ,2, , , , ,3,3,1,11,11,0.9639263743281306,1.5923051339517487,5
116,3,3,1,11,95, , , ,2, , , , ,3,3,1,11,11,0.9639263743281306,1.5923051339517487,5
116,7,1,1,11,15, , , ,2, , , , ,3,3,1,11,11,0.9639263743281306,1.9171973515700211,5
116,7,2,1,11,12, , , ,2, , , , ,3,3,1,11,11,0.9639263743281306,1.9171973515700211,5
116,7,3,1,11,18, , , ,2, , , , ,3,3,1,11,11,0.9639263743281306,1.9171973515700211,5
116,13,1,1,11,4, , , ,2, , , , ,2,1,1,11,11,0.9639263743281306,1.3107956665668403,5
116,13,2,1,11,4, , , ,2, , , , ,2,1,1,11,11,0.9639263743281306,1.3107956665668403,5
116,18,1,1,11,95, , , ,2, , , , ,3,3,1,11,11,0.9639263743281306,1.7675100240584187,5
116,18,2,1,11,95, , , ,2, , , , ,3,3,1,11,11,0.9639263743281306,1.7675100240584187,5
116,18,3,1,11,95, , , ,2, , , , ,3,3,1,11,11,0.9639263743281306,1.7675100240584187,5
117,6,1,1,13,95, , , ,1,1,3,90, ,1,1,1,11,11,0.9639263743281306,0.4785716063877373,3
117,7,1,1,13,8, , , ,2, , , , ,3,1,1,11,11,0.9639263743281306,0.9743652271436114,4
117,7,2,1,11,9, , , ,2, , , , ,3,1,1,11,11,0.9639263743281306,0.9743652271436114,4
117,7,3,1,13,8, , , ,2, , , , ,3,1,1,11,11,0.9639263743281306,0.9743652271436114,4
117,9,1,1,11,8, , , ,2, , , , ,3,3,1,11,11,0.9639263743281306,1.0962928793601623,4
117,9,2,1,11,6, , , ,2, , , , ,3,3,1,11,11,0.9639263743281306,1.0962928793601623,4
117,9,3,1,11,7, , , ,2, , , , ,3,3,1,11,11,0.9639263743281306,1.0962928793601623,4
117,10,1,2,26,5, ,2, ,2, , , , ,3,1,1,11,11,0.9639263743281306,1.3041837227866515,5
117,10,2,2,26,2, ,2, ,2, , , , ,3,1,1,11,11,0.9639263743281306,1.3041837227866515,5
117,10,3,2,26,95, ,2, ,2, , , , ,3,1,1,11,11,0.9639263743281306,1.3041837227866515,5
117,17,1,1,14,2, , , ,2, , , , ,3,2,1,11,11,0.9639263743281306,0.9549914082263488,4
117,17,2,1,13,2, , , ,2, , , , ,3,2,1,11,11,0.9639263743281306,0.9549914082263488,4
117,17,3,1,14,2, , , ,2, , , , ,3,2,1,11,11,0.9639263743281306,0.9549914082263488,4
118,11,1,2,11,95, , , ,2, , , , ,1,2,1,11,11,0.9639263743281306,0.08989199405254517,3
118,13,1,1,11,23, , , ,1,1,2,90, ,1,3,1,11,11,0.9639263743281306,1.4520692528621852,5
118,14,1,1,11,23, , , ,2, , , , ,1,1,1,11,11,0.9639263743281306,0.36566929175801577,3
118,15,1,1,11,23, , , ,2, , , , ,2,1,1,11,11,0.9639263743281306,0.4179046994902037,3
118,15,2,1,11,23, , , ,2, , , , ,2,1,1,11,11,0.9639263743281306,0.4179046994902037,3
118,16,1,1,11,95, , , ,2, , , , ,3,3,1,11,11,0.9639263743281306,0.15403792614892015,3
118,16,2,1,11,3, , , ,2, , , , ,3,3,1,11,11,0.9639263743281306,0.15403792614892015,3
118,16,3,1,11,5, , , ,2, , , , ,3,3,1,11,11,0.9639263743281306,0.15403792614892015,3
119,1,1,1,12,7, , , ,2, , , , ,1,1,2,21,11,1.0317722843507988,-0.904982964712225,2
119,6,1,1,98,12,9,9, ,1,2,3,90, ,1,1,2,21,11,1.0317722843507988,-1.1070670683832093,1
119,15,1,1,11,24, , , ,1,3,90, , ,4,1,2,21,11,1.0317722843507988,-0.9616406970578087,2
119,15,2,1,11,24, , , ,1,4,90, , ,4,1,2,21,11,1.0317722843507988,-0.9616406970578087,2
119,15,3,1,13,24, , , ,1,5,90, , ,4,1,2,21,11,1.0317722843507988,-0.9616406970578087,2
119,15,4,9,99,99,9,9, ,9, , , , ,4,1,2,21,11,1.0317722843507988,-0.9616406970578087,2
119,16,1,1,11,5, , , ,1,2,6,90, ,1,1,2,21,11,1.0317722843507988,-1.0326686508621623,2
120,5,1,2,15,5, , , ,2, , , , ,1,1,2,21,11,1.0317722843507988,-1.0175636607962428,2
120,6,1,2,98,9,9,9, ,2, , , , ,1,1,2,21,11,1.0317722843507988,-1.2309839494881865,1
120,8,1,2,98,12,9,9, ,2, , , , ,1,1,2,21,11,1.0317722843507988,-1.1777097063318493,1
120,10,1,2,98,95,1,1,95,1,7,90, , ,1,1,2,21,11,1.0317722843507988,-1.3456082477469362,1
120,15,1,2,98,95,1,1,95,1,7,90, , ,2,1,2,21,11,1.0317722843507988,-1.268694488098421,1
120,15,2,2,98,95,1,1,95,2, , , , ,2,1,2,21,11,1.0317722843507988,-1.268694488098421,1
121,1,1,2,14,2, , , ,1,1,5,90, ,1,1,2,21,11,1.0317722843507988,-0.8201563828717519,2
121,7,1,2,11,6, , , ,2, , , , ,1,1,2,21,11,1.0317722843507988,-1.180755712066315,1
121,9,1,2,11,3, , , ,1,4,90, , ,2,1,2,21,11,1.0317722843507988,-0.8465753711698663,2
121,9,2,2,11,3, , , ,1,5,90, , ,2,1,2,21,11,1.0317722843507988,-0.8465753711698663,2
121,12,1,2,14,95, , , ,2, , , , ,1,1,2,21,11,1.0317722843507988,-1.3728340624783728,1
121,16,1,1,13,9, , , ,1,3,4,90, ,1,1,2,21,11,1.0317722843507988,-0.9585765099111022,2
122,1,1,2,15,7, , , ,2, , , , ,3,1,2,21,11,1.0317722843507988,-0.7908779549753732,2
122,1,2,2,15,7, , , ,2, , , , ,3,1,2,21,11,1.0317722843507988,-0.7908779549753732,2
122,1,3,2,15,7, , , ,2, , , , ,3,1,2,21,11,1.0317722843507988,-0.7908779549753732,2
122,3,1,2,98,6,1,2, ,1,2,5,6,7,2,1,2,21,11,1.0317722843507988,-0.5450571648599992,2
122,3,2,2,98,6,1,2, ,1,3,4,90, ,2,1,2,21,11,1.0317722843507988,-0.5450571648599992,2
122,4,1,2,28,2, ,1,95,1,8,90, , ,2,1,2,21,11,1.0317722843507988,-1.249775084996959,1
122,4,2,2,28,2, ,1,95,1,7,90, , ,2,1,2,21,11,1.0317722843507988,-1.249775084996959,1
122,5,1,2,14,95, , , ,2, , , , ,2,1,2,21,11,1.0317722843507988,-0.4812099621948402,2
122,5,2,2,14,12, , , ,2, , , , ,2,1,2,21,11,1.0317722843507988,-0.4812099621948402,2
122,6,1,2,98,12,9,9, ,2, , , , ,1,2,2,21,11,1.0317722843507988,-0.7648166616591828,2
122,7,1,2,98,6,2,2, ,2, , , , ,2,3,2,21,11,1.0317722843507988,0.29412402584464375,3
122,7,2,2,98,6,2,2, ,2, , , , ,2,3,2,21,11,1.0317722843507988,0.29412402584464375,3
122,8,1,2,14,12, , , ,1,7,90, , ,4,3,2,21,11,1.0317722843507988,0.09200393164122375,3
122,8,2,2,14,12, , , ,1,8,90, , ,4,3,2,21,11,1.0317722843507988,0.09200393164122375,3
122,8,3,2,14,12, , , ,1,9,90, , ,4,3,2,21,11,1.0317722843507988,0.09200393164122375,3
122,8,4,2,14,12, , , ,2, , , , ,4,3,2,21,11,1.0317722843507988,0.09200393164122375,3
122,10,1,2,28,2, ,1,95,1,7,90, , ,1,1,2,21,11,1.0317722843507988,-1.159400784844678,1
122,11,1,2,98,5,1,2, ,2, , , , ,3,1,2,21,11,1.0317722843507988,-0.6107863669942452,2
122,11,2,2,98,5,1,2, ,2, , , , ,3,1,2,21,11,1.0317722843507988,-0.6107863669942452,2
122,11,3,2,98,95,1,2, ,2, , , , ,3,1,2,21,11,1.0317722843507988,-0.6107863669942452,2
122,13,1,2,14,3, , , ,1,1,2,3,4,1,1,2,21,11,1.0317722843507988,-0.8192720392122883,2
122,16,1,2,28,95, ,1,95,1,7,90, , ,2,1,2,21,11,1.0317722843507988,-0.987718670748295,2
122,16,2,2,28,95, ,1,95,1,6,90, , ,2,1,2,21,11,1.0317722843507988,-0.987718670748295,2
122,17,1,1,11,3, , , ,2, , , , ,1,3,2,21,11,1.0317722843507988,-0.031200850132161333,3
122,18,1,2,14,95, , , ,2, , , , ,3,1,2,21,11,1.0317722843507988,-0.5083906519515159,2
122,18,2,2,14,95, , , ,2, , , , ,3,1,2,21,11,1.0317722843507988,-0.5083906519515159,2
122,18,3,2,14,95, , , ,2, , , , ,3,1,2,21,11,1.0317722843507988,-0.5083906519515159,2
123,1,1,2,12,95, , , ,2, , , , ,1,2,1,11,11,0.9639263743281306,1.143752049192792,4
123,2,1,1,14,95, , , ,2, , , , ,2,2,1,11,11,0.9639263743281306,1.05147216113662,4
123,2,2,9,14,95, , , ,2, , , , ,2,2,1,11,11,0.9639263743281306,1.05147216113662,4
123,12,1,1,11,95, , , ,2, , , , ,1,3,1,11,11,0.9639263743281306,1.0400642391403105,4
124,2,1,1,11,95, , , ,2, , , , ,1,3,1,11,11,0.9639263743281306,1.79822785261582,5
124,4,1,1,11,24, , , ,2, , , , ,2,1,1,11,11,0.9639263743281306,0.718261684192828,4
124,4,2,1,11,24, , , ,2, , , , ,2,1,1,11,11,0.9639263743281306,0.718261684192828,4
124,5,1,1,11,12, , , ,1,1,2,90, ,1,3,1,11,11,0.9639263743281306,1.2590234842123373,5
124,6,1,1,11,4, , , ,1,1,2,7,90,3,2,1,11,11,0.9639263743281306,0.696906775297403,4
124,6,2,1,11,2, , , ,1,3,6,4,5,3,2,1,11,11,0.9639263743281306,0.696906775297403,4
124,6,3,1,11,1, , , ,1,8,90, , ,3,2,1,11,11,0.9639263743281306,0.696906775297403,4
124,7,1,1,11,36, , , ,1,1,90, , ,2,1,1,11,11,0.9639263743281306,0.9993712521609023,4
124,7,2,1,11,36, , , ,2, , , , ,2,1,1,11,11,0.9639263743281306,0.9993712521609023,4
124,8,1,1,11,36, , , ,1,6,90, , ,3,3,1,11,11,0.9639263743281306,1.7526710853763172,5
124,8,2,1,11,36, , , ,2, , , , ,3,3,1,11,11,0.9639263743281306,1.7526710853763172,5
124,8,3,1,11,36, , , ,2, , , , ,3,3,1,11,11,0.9639263743281306,1.7526710853763172,5
124,9,1,1,11,12, , , ,1,2,3,4,90,1,2,1,11,11,0.9639263743281306,0.8833596834189043,4
124,16,1,9,11,95, , , ,1,2,3,4,90,3,3,1,11,11,0.9639263743281306,1.5567301636165887,5
124,16,2,9,11,95, , , ,2, , , , ,3,3,1,11,11,0.9639263743281306,1.5567301636165887,5
124,16,3,9,11,24, , , ,2, , , , ,3,3,1,11,11,0.9639263743281306,1.5567301636165887,5
124,17,1,2,18,12, , , ,2, , , , ,2,3,1,11,11,0.9639263743281306,1.3527634179639245,5
124,17,2,2,18,12, , , ,2, , , , ,2,3,1,11,11,0.9639263743281306,1.3527634179639245,5
125,3,1,1,12,6, , , ,1,2,3,4,90,1,2,1,11,11,0.9639263743281306,1.2519825064167662,5
125,4,1,1,14,14, , , ,1,1,7,8,11,3,1,1,11,11,0.9639263743281306,1.3156767886000804,5
125,4,2,1,14,14, , , ,1,2,90, , ,3,1,1,11,11,0.9639263743281306,1.3156767886000804,5
125,4,3,1,14,14, , , ,1,6,10,90, ,3,1,1,11,11,0.9639263743281306,1.3156767886000804,5
125,6,1,1,11,12, , , ,1,3,4,90, ,3,1,1,11,11,0.9639263743281306,0.7086220470460229,4
125,6,2,1,11,12, , , ,1,2,11,90, ,3,1,1,11,11,0.9639263743281306,0.7086220470460229,4
125,6,3,1,11,12, , , ,1,9,8,7,10,3,1,1,11,11,0.9639263743281306,0.7086220470460229,4
125,7,1,1,11,5, , , ,2, , , , ,1,2,1,11,11,0.9639263743281306,0.886458142714379,4
125,8,1,1,11,2, , , ,2, , , , ,2,1,1,11,11,0.9639263743281306,1.255510438806806,5
125,8,2,1,11,2, , , ,2, , , , ,2,1,1,11,11,0.9639263743281306,1.255510438806806,5
125,9,1,1,11,6, , , ,1,4,90, , ,1,1,1,11,11,0.9639263743281306,-0.5634882914489604,2
125,13,1,1,12,10, , , ,1,1,2,90, ,1,1,1,11,11,0.9639263743281306,-0.273956618535829,3
125,16,1,1,11,24, , , ,1,1,8,90, ,4,3,1,11,11,0.9639263743281306,1.4169097941643296,5
125,16,2,1,98,95,1,2, ,1,6,7,90, ,4,3,1,11,11,0.9639263743281306,1.4169097941643296,5
125,16,3,1,98,95,1,2, ,1,3,4,5,11,4,3,1,11,11,0.9639263743281306,1.4169097941643296,5
125,16,4,1,98,2,2,2, ,1,0,0,90, ,4,3,1,11,11,0.9639263743281306,1.4169097941643296,5
125,17,1,1,14,24, , , ,2, , , , ,2,3,1,11,11,0.9639263743281306,1.2300744434987247,5
125,17,2,1,14,24, , , ,2, , , , ,2,3,1,11,11,0.9639263743281306,1.2300744434987247,5
126,4,1,2,99,8,8,2, ,2, , , , ,3,1,1,11,11,0.9639263743281306,0.32639677410989637,3
126,4,2,2,99,98,8,2, ,2, , , , ,3,1,1,11,11,0.9639263743281306,0.32639677410989637,3
126,4,3,2,99,98,8,2, ,2, , , , ,3,1,1,11,11,0.9639263743281306,0.32639677410989637,3
126,5,1,1,13,12, , , ,1,3,90, , ,2,1,1,11,11,0.9639263743281306,1.5109752777246703,5
126,5,2,1,13,12, , , ,2, , , , ,2,1,1,11,11,0.9639263743281306,1.5109752777246703,5
126,7,1,2,18,2, , , ,1,6,8,90, ,2,3,1,11,11,0.9639263743281306,1.4464791338073457,5
126,7,2,2,18,6, , , ,1,7,90, , ,2,3,1,11,11,0.9639263743281306,1.4464791338073457,5
126,8,1,1,15,98, , , ,1,1,90, , ,2,3,1,11,11,0.9639263743281306,1.250605441085456,5
126,8,2,2,15,98, , , ,2, , , , ,2,3,1,11,11,0.9639263743281306,1.250605441085456,5
126,9,1,1,11,1, , , ,1,5,90, , ,2,3,1,11,11,0.9639263743281306,1.6999881546222846,5
126,9,2,1,11,1, , , ,1,2,3,4,90,2,3,1,11,11,0.9639263743281306,1.6999881546222846,5
126,14,1,1,11,3, , , ,2, , , , ,2,3,1,11,11,0.9639263743281306,1.352889083578513,5
126,14,2,2,98,3,1,2, ,2, , , , ,2,3,1,11,11,0.9639263743281306,1.352889083578513,5
126,15,1,1,12,95, , , ,1,1,2,5,90,1,1,1,11,11,0.9639263743281306,0.6873056440116456,4
126,18,1,1,11,12, , , ,2, , , , ,1,2,1,11,11,0.9639263743281306,1.2656843200118122,5
127,7,1,1,18,12, , , ,2, , , , ,2,3,2,21,11,1.0317722843507988,0.3277600329712485,3
127,7,2,1,11,5, , , ,2, , , , ,2,3,2,21,11,1.0317722843507988,0.3277600329712485,3
127,9,1,2,15,5, , , ,1,2,6,90, ,1,1,2,21,11,1.0317722843507988,-0.9450218155789126,2
127,13,1,9,13,3, , , ,2, , , , ,2,1,2,21,11,1.0317722843507988,-1.0891002839638977,1
127,13,2,9,13,3, , , ,2, , , , ,2,1,2,21,11,1.0317722843507988,-1.0891002839638977,1
128,3,1,2,98,2,8,2, ,2, , , , ,1,2,2,21,11,1.0317722843507988,-1.1744685279241833,1
128,4,1,9,99,95,2,2, ,2, , , , ,1,1,2,21,11,1.0317722843507988,-1.1452503517244008,1
131,1,1,1,13,7, , , ,2, , , , ,1,3,2,21,11,1.0317722843507988,1.2156007490217515,5
131,3,1,1,13,12, , , ,2, , , , ,1,1,2,21,11,1.0317722843507988,-1.0562317610166192,1
131,4,1,1,11,10, , , ,2, , , , ,1,1,2,21,11,1.0317722843507988,-0.6835270851961788,2
131,6,1,1,11,12, , , ,2, , , , ,1,1,2,21,11,1.0317722843507988,-0.24470336102752357,3
132,2,1,2,11,95, , , ,1,1,90, , ,3,3,2,21,11,1.0317722843507988,1.4304266539529882,5
132,2,2,2,11,95, , , ,1,2,90, , ,3,3,2,21,11,1.0317722843507988,1.4304266539529882,5
132,2,3,2,11,95, , , ,1,3,90, , ,3,3,2,21,11,1.0317722843507988,1.4304266539529882,5
132,3,1,1,11,12, , , ,1,2,90, , ,2,1,2,21,11,1.0317722843507988,0.8413727855940178,4
132,3,2,1,11,12, , , ,1,3,4,90, ,2,1,2,21,11,1.0317722843507988,0.8413727855940178,4
132,4,1,2,14,95, , , ,1,2,90, , ,3,3,2,21,11,1.0317722843507988,1.145916465572345,4
132,4,2,2,14,95, , , ,1,10,11,12,90,3,3,2,21,11,1.0317722843507988,1.145916465572345,4
132,4,3,2,14,24, , , ,2, , , , ,3,3,2,21,11,1.0317722843507988,1.145916465572345,4
132,5,1,1,14,95, , , ,1,1,90, , ,3,1,2,21,11,1.0317722843507988,1.3083755155731012,5
132,5,2,1,14,95, , , ,1,2,90, , ,3,1,2,21,11,1.0317722843507988,1.3083755155731012,5
132,5,3,1,14,95, , , ,1,4,90, , ,3,1,2,21,11,1.0317722843507988,1.3083755155731012,5
132,6,1,2,14,95, , , ,2, , , , ,1,1,2,21,11,1.0317722843507988,0.9036649749524066,4
132,7,1,1,11,95, , , ,1,2,3,90, ,2,3,2,21,11,1.0317722843507988,1.5245328176501693,5
132,7,2,1,11,95, , , ,2, , , , ,2,3,2,21,11,1.0317722843507988,1.5245328176501693,5
132,8,1,1,11,95, , , ,1,2,1,90, ,2,1,2,21,11,1.0317722843507988,1.1878092540875853,5
132,8,2,1,11,95, , , ,2, , , , ,2,1,2,21,11,1.0317722843507988,1.1878092540875853,5
132,9,1,1,28,95, ,9, ,1,1,90, , ,2,3,2,21,11,1.0317722843507988,1.7765709777038747,5
132,9,2,1,28,95, ,9, ,1,8,90, , ,2,3,2,21,11,1.0317722843507988,1.7765709777038747,5
132,12,1,2,28,99, ,2, ,1,1,2,90, ,1,2,2,21,11,1.0317722843507988,1.1985866087935773,5
132,16,1,2,11,95, , , ,1,1,2,90, ,3,3,2,21,11,1.0317722843507988,1.0764360126810362,4
132,16,2,2,11,95, , , ,1,3,4,90, ,3,3,2,21,11,1.0317722843507988,1.0764360126810362,4
132,16,3,2,11,95, , , ,1,5,90, , ,3,3,2,21,11,1.0317722843507988,1.0764360126810362,4
133,2,1,1,18,12, , , ,2, , , , ,3,2,2,21,11,1.0317722843507988,1.0356163386141801,4
133,2,2,1,18,12, , , ,2, , , , ,3,2,2,21,11,1.0317722843507988,1.0356163386141801,4
133,2,3,1,18,12, , , ,2, , , , ,3,2,2,21,11,1.0317722843507988,1.0356163386141801,4
133,3,1,1,11,3, , , ,1,5,90, , ,1,1,2,21,11,1.0317722843507988,-1.1565209477126552,1
133,7,1,1,18,95, , , ,2, , , , ,2,2,2,21,11,1.0317722843507988,0.9561735774918286,4
133,7,2,1,18,95, , , ,2, , , , ,2,2,2,21,11,1.0317722843507988,0.9561735774918286,4
137,1,1,1,11,3, , , ,1,1,4,90, ,3,2,1,11,11,0.9639263743281306,1.409095698258298,5
137,1,2,1,11,3, , , ,1,3,90, , ,3,2,1,11,11,0.9639263743281306,1.409095698258298,5
137,1,3,1,11,3, , , ,1,2,90, , ,3,2,1,11,11,0.9639263743281306,1.409095698258298,5
137,4,1,2,15,10, , , ,1,1,90, , ,2,2,1,11,11,0.9639263743281306,1.4018319961075678,5
137,4,2,2,15,10, , , ,1,8,90, , ,2,2,1,11,11,0.9639263743281306,1.4018319961075678,5
137,5,1,2,14,12, , , ,1,1,90, , ,4,1,1,11,11,0.9639263743281306,1.5437222078691297,5
137,5,2,2,14,12, , , ,2, , , , ,4,1,1,11,11,0.9639263743281306,1.5437222078691297,5
137,5,3,2,14,12, , , ,2, , , , ,4,1,1,11,11,0.9639263743281306,1.5437222078691297,5
137,5,4,2,14,12, , , ,2, , , , ,4,1,1,11,11,0.9639263743281306,1.5437222078691297,5
137,9,1,1,11,95, , , ,1,2,5,90, ,3,3,1,11,11,0.9639263743281306,1.1515595218590142,5
137,9,2,1,11,95, , , ,1,3,6,90, ,3,3,1,11,11,0.9639263743281306,1.1515595218590142,5
137,9,3,1,14,95, , , ,1,4,7,90, ,3,3,1,11,11,0.9639263743281306,1.1515595218590142,5
137,14,1,2,14,95, , , ,1,2,90, , ,4,3,1,11,11,0.9639263743281306,1.4738875739209092,5
137,14,2,2,14,95, , , ,1,3,90, , ,4,3,1,11,11,0.9639263743281306,1.4738875739209092,5
137,14,3,2,16,95, , , ,1,6,90, , ,4,3,1,11,11,0.9639263743281306,1.4738875739209092,5
137,14,4,2,14,95, , , ,1,5,90, , ,4,3,1,11,11,0.9639263743281306,1.4738875739209092,5
137,16,1,2,13,95, , , ,1,3,90, , ,2,3,1,11,11,0.9639263743281306,1.7283013222809038,5
137,16,2,1,13,3, , , ,2, , , , ,2,3,1,11,11,0.9639263743281306,1.7283013222809038,5
137,23,1,2,11,95, , , ,1,1,3,90, ,2,1,1,11,11,0.9639263743281306,1.2736853437475477,5
137,23,2,2,11,95, , , ,1,2,90, , ,2,1,1,11,11,0.9639263743281306,1.2736853437475477,5
138,8,1,1,13,7, , , ,1,11,90, , ,1,1,1,11,11,0.9639263743281306,1.2998764967059029,5
138,17,1,9,14,95, , , ,2, , , , ,2,1,1,11,11,0.9639263743281306,1.8219558474474886,5
138,17,2,9,14,95, , , ,2, , , , ,2,1,1,11,11,0.9639263743281306,1.8219558474474886,5
139,12,1,2,16,98, , , ,9, , , , ,1,1,1,11,11,0.9639263743281306,1.3923545897382175,5
139,17,1,1,13,95, , , ,1,2,9,8,90,3,1,1,11,11,0.9639263743281306,1.6125120119706642,5
139,17,2,1,13,95, , , ,1,7,90, , ,3,1,1,11,11,0.9639263743281306,1.6125120119706642,5
139,17,3,1,13,95, , , ,1,3,90, , ,3,1,1,11,11,0.9639263743281306,1.6125120119706642,5
139,20,1,1,14,4, , , ,1,4,90, , ,1,1,1,11,11,0.9639263743281306,1.006024042457151,4
140,3,1,2,98,95,2,2, ,1,9,2,90, ,1,3,1,11,11,0.9639263743281306,0.9710220658456405,4
140,11,1,9,18,98, , , ,1,9,90, , ,2,1,1,11,11,0.9639263743281306,1.81121212513458,5
140,11,2,9,18,98, , , ,2, , , , ,2,1,1,11,11,0.9639263743281306,1.81121212513458,5
140,16,1,1,12,6, , , ,1,4,90, , ,3,2,1,11,11,0.9639263743281306,1.369336857360124,5
140,16,2,1,12,6, , , ,1,10,90, , ,3,2,1,11,11,0.9639263743281306,1.369336857360124,5
140,16,3,1,12,6, , , ,2, , , , ,3,2,1,11,11,0.9639263743281306,1.369336857360124,5
140,19,1,1,15,6, , , ,1,3,90, , ,2,1,1,11,11,0.9639263743281306,1.518724855834559,5
140,19,2,1,15,6, , , ,1,4,90, , ,2,1,1,11,11,0.9639263743281306,1.518724855834559,5
140,24,1,1,31,1,1,2, ,1,3,90, , ,1,1,1,11,11,0.9639263743281306,0.630237221030429,4
141,5,1,1,11,95, , , ,2, , , , ,1,1,1,11,11,0.9639263743281306,0.801009707809629,4
141,27,1,1,11,12, , , ,1,5,90, , ,2,3,1,11,11,0.9639263743281306,1.5949877265786507,5
141,27,2,1,11,2, , , ,1,3,90, , ,2,3,1,11,11,0.9639263743281306,1.5949877265786507,5
142,11,1,2,98,95,2,2, ,2, , , , ,3,1,1,11,11,0.9639263743281306,1.295371445693704,5
142,11,2,2,98,95,2,2, ,2, , , , ,3,1,1,11,11,0.9639263743281306,1.295371445693704,5
142,11,3,2,98,95,2,2, ,2, , , , ,3,1,1,11,11,0.9639263743281306,1.295371445693704,5
142,13,1,2,98,95,8,8, ,2, , , , ,1,2,1,11,11,0.9639263743281306,2.05222212274819,5
142,16,1,2,11,98, , , ,2, , , , ,2,1,1,11,11,0.9639263743281306,1.7819182005680831,5
142,16,2,2,12,98, , , ,2, , , , ,2,1,1,11,11,0.9639263743281306,1.7819182005680831,5
142,22,1,1,15,95, , , ,2, , , , ,1,3,1,11,11,0.9639263743281306,1.6798429776484147,5
142,26,1,2,11,95, , , ,2, , , , ,1,3,1,11,11,0.9639263743281306,1.4660129797330919,5
143,5,1,2,13,12, , , ,2, , , , ,3,3,1,11,11,0.9639263743281306,1.665301967142415,5
143,5,2,2,13,12, , , ,2, , , , ,3,3,1,11,11,0.9639263743281306,1.665301967142415,5
143,5,3,2,13,12, , , ,2, , , , ,3,3,1,11,11,0.9639263743281306,1.665301967142415,5
143,11,1,1,11,12, , , ,2, , , , ,2,2,1,11,11,0.9639263743281306,0.9189633080772754,4
143,11,2,1,11,12, , , ,2, , , , ,2,2,1,11,11,0.9639263743281306,0.9189633080772754,4
143,26,1,2,13,99, , , ,2, , , , ,3,3,1,11,11,0.9639263743281306,0.6418177914821247,4
143,26,2,2,13,99, , , ,2, , , , ,3,3,1,11,11,0.9639263743281306,0.6418177914821247,4
143,26,3,2,11,99, , , ,2, , , , ,3,3,1,11,11,0.9639263743281306,0.6418177914821247,4
143,28,1,9,11,4, , , ,1,3,2,1,4,1,1,1,11,11,0.9639263743281306,-0.4995139959845215,2
144,4,1,1,11,95, , , ,2, , , , ,2,1,1,11,11,0.9639263743281306,1.9526689871737095,5
144,4,2,1,11,95, , , ,2, , , , ,2,1,1,11,11,0.9639263743281306,1.9526689871737095,5
144,9,1,1,11,6, , , ,1,2,90, , ,2,3,1,11,11,0.9639263743281306,1.8218974159491597,5
144,9,2,1,11,6, , , ,1,1,90, , ,2,3,1,11,11,0.9639263743281306,1.8218974159491597,5
145,2,1,1,11,11, , , ,1,6,90, , ,3,3,1,11,11,0.9639263743281306,1.8044120943168798,5
145,2,2,1,11,11, , , ,1,8,90, , ,3,3,1,11,11,0.9639263743281306,1.8044120943168798,5
145,2,3,1,11,11, , , ,1,7,90, , ,3,3,1,11,11,0.9639263743281306,1.8044120943168798,5
145,3,1,1,11,6, , , ,2, , , , ,2,1,1,11,11,0.9639263743281306,1.0308465520806331,4
145,3,2,1,11,6, , , ,2, , , , ,2,1,1,11,11,0.9639263743281306,1.0308465520806331,4
145,7,1,2,18,95, , , ,2, , , , ,1,1,1,11,11,0.9639263743281306,1.8503147473641357,5
145,8,1,1,18,98, , , ,1,7,8,90, ,1,1,1,11,11,0.9639263743281306,1.181979803764557,5
146,3,1,1,11,12, , , ,2, , , , ,2,1,1,11,11,0.9639263743281306,1.4367087150907505,5
146,3,2,1,11,12, , , ,2, , , , ,2,1,1,11,11,0.9639263743281306,1.4367087150907505,5
146,5,1,1,13,20, , , ,2, , , , ,2,3,1,11,11,0.9639263743281306,1.7261295099375482,5
146,5,2,1,13,12, , , ,2, , , , ,2,3,1,11,11,0.9639263743281306,1.7261295099375482,5
146,6,1,2,99,99,9,9, ,9, , , , ,3,3,1,11,11,0.9639263743281306,1.6281959949850522,5
146,6,2,2,99,99,9,9, ,9, , , , ,3,3,1,11,11,0.9639263743281306,1.6281959949850522,5
146,6,3,2,99,99,9,9, ,9, , , , ,3,3,1,11,11,0.9639263743281306,1.6281959949850522,5
146,7,1,1,14,98, , , ,1,3,90, , ,3,1,1,11,11,0.9639263743281306,1.4735938603988188,5
146,7,2,1,11,98, , , ,1,4,90, , ,3,1,1,11,11,0.9639263743281306,1.4735938603988188,5
146,7,3,1,12,98, , , ,1,5,90, , ,3,1,1,11,11,0.9639263743281306,1.4735938603988188,5
146,8,1,2,98,95,2,2, ,2, , , , ,3,3,1,11,11,0.9639263743281306,1.1798758213219525,5
146,8,2,2,98,95,2,2, ,2, , , , ,3,3,1,11,11,0.9639263743281306,1.1798758213219525,5
146,8,3,2,98,95,2,2, ,2, , , , ,3,3,1,11,11,0.9639263743281306,1.1798758213219525,5
146,9,1,2,18,28, , , ,2, , , , ,2,1,1,11,11,0.9639263743281306,1.4093791561262885,5
146,9,2,2,18,28, , , ,2, , , , ,2,1,1,11,11,0.9639263743281306,1.4093791561262885,5
146,11,1,1,31,12,8,8, ,2, , , , ,1,3,1,11,11,0.9639263743281306,1.113544462317182,4
146,13,1,2,11,95, , , ,2, , , , ,1,1,1,11,11,0.9639263743281306,1.6725340482984619,5
147,10,1,1,11,8, , , ,2, , , , ,1,2,1,11,11,0.9639263743281306,1.3568520101006538,5
147,11,1,1,11,24, , , ,1,2,3,90, ,2,3,1,11,11,0.9639263743281306,0.8307031752276599,4
147,11,2,1,11,24, , , ,1,6,5,90, ,2,3,1,11,11,0.9639263743281306,0.8307031752276599,4
147,14,1,1,11,36, , , ,1,1,90, , ,3,1,1,11,11,0.9639263743281306,1.0729434613246445,4
147,14,2,1,11,36, , , ,1,4,90, , ,3,1,1,11,11,0.9639263743281306,1.0729434613246445,4
147,14,3,1,11,4, , , ,1,5,6,90, ,3,1,1,11,11,0.9639263743281306,1.0729434613246445,4
147,15,1,1,11,36, , , ,1,3,90, , ,4,2,1,11,11,0.9639263743281306,1.0612163848703031,4
147,15,2,1,11,36, , , ,1,2,90, , ,4,2,1,11,11,0.9639263743281306,1.0612163848703031,4
147,15,3,1,11,24, , , ,1,4,90, , ,4,2,1,11,11,0.9639263743281306,1.0612163848703031,4
147,15,4,1,11,24, , , ,2, , , , ,4,2,1,11,11,0.9639263743281306,1.0612163848703031,4
147,16,1,1,13,6, , , ,1,4,90, , ,3,3,1,11,11,0.9639263743281306,1.2822406920553817,5
147,16,2,1,13,6, , , ,1,1,90, , ,3,3,1,11,11,0.9639263743281306,1.2822406920553817,5
147,16,3,1,13,6, , , ,1,9,7,90, ,3,3,1,11,11,0.9639263743281306,1.2822406920553817,5
147,20,1,1,11,5, , , ,2, , , , ,1,1,1,11,11,0.9639263743281306,1.2107310027747265,5
147,22,1,1,11,95, , , ,1,9,90, , ,1,1,1,11,11,0.9639263743281306,1.3093324289823105,5
148,2,1,1,11,24, , , ,2, , , , ,1,3,1,11,11,0.9639263743281306,1.4647552370462487,5
148,6,1,2,18,95, , , ,1,4,90, , ,1,3,1,11,11,0.9639263743281306,1.543937688794022,5
148,7,1,1,11,6, , , ,1,1,7,11,90,1,1,1,11,11,0.9639263743281306,1.1145380474464717,4
148,8,1,1,11,95, , , ,1,1,2,90, ,2,3,1,11,11,0.9639263743281306,1.7986076230155497,5
148,8,2,1,11,95, , , ,1,3,5,6,90,2,3,1,11,11,0.9639263743281306,1.7986076230155497,5
148,11,1,1,13,1, , , ,1,7,4,3,90,6,1,1,11,11,0.9639263743281306,1.2917621323651771,5
148,11,2,1,13,1, , , ,1,2,14,90, ,6,1,1,11,11,0.9639263743281306,1.2917621323651771,5
148,11,3,1,11,95, , , ,1,13,90, , ,6,1,1,11,11,0.9639263743281306,1.2917621323651771,5
148,11,4,1,11,95, , , ,1,9,90, , ,6,1,1,11,11,0.9639263743281306,1.2917621323651771,5
148,11,5,1,11,95, , , ,1,6,90, , ,6,1,1,11,11,0.9639263743281306,1.2917621323651771,5
148,11,6,1,11,95, , , ,1,12,90, , ,6,1,1,11,11,0.9639263743281306,1.2917621323651771,5
148,13,1,1,11,1, , , ,1,6,90, , ,2,3,1,11,11,0.9639263743281306,0.9862330110700632,4
148,13,2,1,11,1, , , ,1,4,90, , ,2,3,1,11,11,0.9639263743281306,0.9862330110700632,4
148,15,1,1,11,95, , , ,1,1,90, , ,3,1,1,11,11,0.9639263743281306,0.8900053210745811,4
148,15,2,1,11,95, , , ,1,6,90, , ,3,1,1,11,11,0.9639263743281306,0.8900053210745811,4
148,15,3,1,11,95, , , ,2, , , , ,3,1,1,11,11,0.9639263743281306,0.8900053210745811,4
148,17,1,1,11,6, , , ,1,2,3,4,90,1,3,1,11,11,0.9639263743281306,1.2375045370630922,5
149,2,1,1,11,95, , , ,1,2,7,90, ,1,3,1,11,11,0.9639263743281306,1.224822714086998,5
149,6,1,1,11,98, , , ,1,5,90, , ,1,1,1,11,11,0.9639263743281306,1.2803292879799657,5
149,12,1,1,11,24, , , ,8, , , , ,1,1,1,11,11,0.9639263743281306,0.7117072337419376,4
149,14,1,1,11,95, , , ,1,3,90, , ,1,3,1,11,11,0.9639263743281306,1.211721817063056,5
149,17,1,1,11,1, , , ,1,1,90, , ,4,3,1,11,11,0.9639263743281306,1.2733096676942748,5
149,17,2,1,15,95, , , ,1,2,90, , ,4,3,1,11,11,0.9639263743281306,1.2733096676942748,5
149,17,3,1,11,1, , , ,1,3,90, , ,4,3,1,11,11,0.9639263743281306,1.2733096676942748,5
149,17,4,9,99,99,9,9, ,9, , , , ,4,3,1,11,11,0.9639263743281306,1.2733096676942748,5
149,21,1,1,11,2, , , ,1,3,90, , ,1,1,1,11,11,0.9639263743281306,1.2955019786623718,5
149,33,1,1,11,4, , , ,2, , , , ,1,1,1,11,11,0.9639263743281306,0.976859789675605,4
149,35,1,2,18,95, , , ,1,0,0,0,0,2,1,1,11,11,0.9639263743281306,1.178421311274946,5
149,35,2,2,18,1, , , ,2, , , , ,2,1,1,11,11,0.9639263743281306,1.178421311274946,5
150,2,1,1,13,11, , , ,2, , , , ,1,1,1,11,11,0.9639263743281306,-0.6980780822503053,2
150,8,1,1,15,95, , , ,2, , , , ,1,1,1,11,11,0.9639263743281306,-0.4323547155154317,3
150,14,1,2,26,95, ,1,3,2, , , , ,2,1,1,11,11,0.9639263743281306,-0.48228921511925094,2
150,14,2,2,26,95, ,1,3,2, , , , ,2,1,1,11,11,0.9639263743281306,-0.48228921511925094,2
151,7,1,1,11,12, , , ,1,2,90, , ,4,2,1,11,11,0.9639263743281306,1.888279253627799,5
151,7,2,1,11,12, , , ,1,3,90, , ,4,2,1,11,11,0.9639263743281306,1.888279253627799,5
151,7,3,2,99,12,9,9, ,9, , , , ,4,2,1,11,11,0.9639263743281306,1.888279253627799,5
151,7,4,9,99,99,9,9, ,9, , , , ,4,2,1,11,11,0.9639263743281306,1.888279253627799,5
151,17,1,2,99,11,9,9, ,1,2,1,3,4,3,3,1,11,11,0.9639263743281306,1.532963929508857,5
151,17,2,2,99,11,9,9, ,1,5,6,7,90,3,3,1,11,11,0.9639263743281306,1.532963929508857,5
151,17,3,2,99,11,9,9, ,1,0,0,0,0,3,3,1,11,11,0.9639263743281306,1.532963929508857,5
152,1,1,2,14,98, , , ,2, , , , ,1,3,1,11,11,0.9639263743281306,2.1125145149214504,5
152,27,1,2,14,95, , , ,2, , , , ,1,1,1,11,11,0.9639263743281306,0.8208440063778503,4
153,8,1,2,11,95, , , ,2, , , , ,1,2,1,11,11,0.9639263743281306,1.4134982119130637,5
153,19,1,2,12,95, , , ,2, , , , ,2,1,1,11,11,0.9639263743281306,1.2921406330748182,5
153,19,2,2,12,95, , , ,2, , , , ,2,1,1,11,11,0.9639263743281306,1.2921406330748182,5
154,1,1,2,32,95,9,1,1,1,1,90, , ,3,3,1,11,11,0.9639263743281306,2.0230476819513266,5
154,1,2,2,32,95,9,1,1,1,3,90, , ,3,3,1,11,11,0.9639263743281306,2.0230476819513266,5
154,1,3,2,32,95,9,1,1,1,4,5,90, ,3,3,1,11,11,0.9639263743281306,2.0230476819513266,5
154,2,1,1,13,1, , , ,1,1,90, , ,3,3,1,11,11,0.9639263743281306,1.8107477992433405,5
154,2,2,1,13,99, , , ,1,2,4,5,90,3,3,1,11,11,0.9639263743281306,1.8107477992433405,5
154,2,3,1,13,99, , , ,1,3,90, , ,3,3,1,11,11,0.9639263743281306,1.8107477992433405,5
154,4,1,2,18,95, , , ,1,3,90, , ,2,3,1,11,11,0.9639263743281306,1.8752230519469264,5
154,4,2,2,18,95, , , ,1,4,90, , ,2,3,1,11,11,0.9639263743281306,1.8752230519469264,5
154,5,1,1,11,95, , , ,1,2,90, , ,3,1,1,11,11,0.9639263743281306,1.2357590314845006,5
154,5,2,1,11,24, , , ,1,1,90, , ,3,1,1,11,11,0.9639263743281306,1.2357590314845006,5
154,5,3,1,11,24, , , ,1,3,90, , ,3,1,1,11,11,0.9639263743281306,1.2357590314845006,5
154,6,1,1,14,24, , , ,1,3,90, , ,3,3,1,11,11,0.9639263743281306,1.8737513626663378,5
154,6,2,1,14,24, , , ,1,2,90, , ,3,3,1,11,11,0.9639263743281306,1.8737513626663378,5
154,6,3,1,14,24, , , ,1,1,90, , ,3,3,1,11,11,0.9639263743281306,1.8737513626663378,5
154,7,1,1,14,5, , , ,1,4,7,90, ,3,3,1,11,11,0.9639263743281306,1.9949883388017977,5
154,7,2,1,14,5, , , ,1,8,3,90, ,3,3,1,11,11,0.9639263743281306,1.9949883388017977,5
154,7,3,1,14,6, , , ,1,5,6,90, ,3,3,1,11,11,0.9639263743281306,1.9949883388017977,5
154,12,1,1,11,4, , , ,2, , , , ,3,2,1,11,11,0.9639263743281306,2.0466365565124,5
154,12,2,1,11,4, , , ,2, , , , ,3,2,1,11,11,0.9639263743281306,2.0466365565124,5
154,12,3,1,14,4, , , ,2, , , , ,3,2,1,11,11,0.9639263743281306,2.0466365565124,5
154,13,1,2,13,95, , , ,1,1,2,3,90,2,1,1,11,11,0.9639263743281306,-0.22928910297907357,3
154,13,2,2,13,95, , , ,9, , , , ,2,1,1,11,11,0.9639263743281306,-0.22928910297907357,3
154,16,1,2,28,99, ,2, ,9, , , , ,3,3,1,11,11,0.9639263743281306,2.124003057983014,5
154,16,2,2,28,99, ,2, ,9, , , , ,3,3,1,11,11,0.9639263743281306,2.124003057983014,5
154,16,3,2,28,99, ,2, ,9, , , , ,3,3,1,11,11,0.9639263743281306,2.124003057983014,5
155,2,1,2,11,3, , , ,1,1,90, , ,3,1,1,11,11,0.9639263743281306,1.174296218673895,5
155,2,2,2,11,3, , , ,1,6,90, , ,3,1,1,11,11,0.9639263743281306,1.174296218673895,5
155,2,3,2,11,3, , , ,1,7,90, , ,3,1,1,11,11,0.9639263743281306,1.174296218673895,5
155,5,1,1,11,24, , , ,1,7,90, , ,3,3,1,11,11,0.9639263743281306,1.588912971903426,5
155,5,2,1,11,24, , , ,1,2,3,4,90,3,3,1,11,11,0.9639263743281306,1.588912971903426,5
155,5,3,1,11,24, , , ,2, , , , ,3,3,1,11,11,0.9639263743281306,1.588912971903426,5
155,8,1,2,14,95, , , ,1,2,90, , ,2,3,1,11,11,0.9639263743281306,-0.0293757000718431,3
155,8,2,2,14,95, , , ,1,3,90, , ,2,3,1,11,11,0.9639263743281306,-0.0293757000718431,3
155,10,1,1,13,12, , , ,2, , , , ,2,1,1,11,11,0.9639263743281306,0.22301614508955708,3
155,10,2,1,15,95, , , ,2, , , , ,2,1,1,11,11,0.9639263743281306,0.22301614508955708,3
156,8,1,1,11,1, , , ,1,3,90, , ,3,3,1,11,11,0.9639263743281306,2.031736777186966,5
156,8,2,1,11,1, , , ,1,4,90, , ,3,3,1,11,11,0.9639263743281306,2.031736777186966,5
156,8,3,1,11,1, , , ,1,2,90, , ,3,3,1,11,11,0.9639263743281306,2.031736777186966,5
156,16,1,1,11,33, , , ,2, , , , ,2,1,1,11,11,0.9639263743281306,-0.42226419535830945,3
156,16,2,1,11,5, , , ,2, , , , ,2,1,1,11,11,0.9639263743281306,-0.42226419535830945,3
156,19,1,1,11,2, , , ,2, , , , ,1,1,1,11,11,0.9639263743281306,0.2719006854971932,3
156,25,1,1,11,95, , , ,1,2,3,90, ,1,2,1,11,11,0.9639263743281306,1.2536752394173036,5
156,27,1,2,11,0, , , ,1,5,90, , ,2,1,1,11,11,0.9639263743281306,0.7158795413316932,4
156,27,2,2,11,0, , , ,9, , , , ,2,1,1,11,11,0.9639263743281306,0.7158795413316932,4
156,29,1,1,11,4, , , ,2, , , , ,2,1,1,11,11,0.9639263743281306,0.6058860165266913,4
156,29,2,1,98,2,2,2, ,1,3,90, , ,2,1,1,11,11,0.9639263743281306,0.6058860165266913,4
156,35,1,1,11,6, , , ,2, , , , ,1,2,1,11,11,0.9639263743281306,0.9142319707155041,4
157,6,1,1,11,12, , , ,1,2,3,4,90,1,1,1,11,11,0.9639263743281306,0.44319029921030906,3
157,29,1,1,13,4, , , ,1,2,4,90, ,1,1,1,11,11,0.9639263743281306,0.8278616845034769,4
157,31,1,1,11,95, , , ,2, , , , ,1,1,1,11,11,0.9639263743281306,0.6990810592479757,4
158,1,1,2,14,12, , , ,1,1,2,90, ,1,1,1,11,11,0.9639263743281306,1.0117594199607844,4
158,3,1,1,98,12,9,9, ,1,4,90, , ,2,3,1,11,11,0.9639263743281306,1.160529803885143,5
158,3,2,1,98,12,9,9, ,1,3,90, , ,2,3,1,11,11,0.9639263743281306,1.160529803885143,5
158,11,1,1,12,9, , , ,1,6,90, , ,3,9,1,11,11,0.9639263743281306,1.1834927762946694,5
158,11,2,1,11,95, , , ,2, , , , ,3,9,1,11,11,0.9639263743281306,1.1834927762946694,5
158,11,3,1,11,95, , , ,2, , , , ,3,9,1,11,11,0.9639263743281306,1.1834927762946694,5
158,12,1,1,13,0, , , ,2, , , , ,2,2,1,11,11,0.9639263743281306,0.795323463207746,4
158,12,2,1,11,95, , , ,1,1,5,6,90,2,2,1,11,11,0.9639263743281306,0.795323463207746,4
158,17,1,1,11,24, , , ,2, , , , ,2,1,1,11,11,0.9639263743281306,1.6269279797381901,5
158,17,2,2,11,24, , , ,2, , , , ,2,1,1,11,11,0.9639263743281306,1.6269279797381901,5
158,18,1,1,11,18, , , ,1,2,1,90, ,2,3,1,11,11,0.9639263743281306,2.1042448964533125,5
158,18,2,2,98,0,9,9, ,2, , , , ,2,3,1,11,11,0.9639263743281306,2.1042448964533125,5
158,47,1,2,18,12, , , ,2, , , , ,2,9,1,11,11,0.9639263743281306,2.1717354955784365,5
158,47,2,9,99,99,9,9, ,9, , , , ,2,9,1,11,11,0.9639263743281306,2.1717354955784365,5
158,48,1,1,11,12, , , ,1,2,7,6,5,1,3,1,11,11,0.9639263743281306,0.36297064744579094,3
159,2,1,1,14,5, , , ,1,3,4,90, ,1,1,1,11,11,0.9639263743281306,0.5096539902872708,4
159,3,1,1,11,95, , , ,1,2,3,5,6,1,1,1,11,11,0.9639263743281306,0.46740027533828354,3
159,5,1,1,13,3, , , ,2, , , , ,1,1,1,11,11,0.9639263743281306,0.29076063220122134,3
159,7,1,1,11,4, , , ,1,5,2,3,6,1,1,1,11,11,0.9639263743281306,-0.4765069170434514,2
159,11,1,1,13,9, , , ,1,1,4,90, ,1,1,1,11,11,0.9639263743281306,0.5597968261789401,4
159,12,1,2,26,95, ,2, ,2, , , , ,2,1,1,11,11,0.9639263743281306,0.7151641212838515,4
159,12,2,2,26,7, ,2, ,1,4,12,5,90,2,1,1,11,11,0.9639263743281306,0.7151641212838515,4
160,1,1,1,11,98, , , ,2, , , , ,1,3,1,11,11,0.9639263743281306,1.7272616268133008,5
160,4,1,1,98,95,8,2, ,2, , , , ,2,3,1,11,11,0.9639263743281306,2.098872490556933,5
160,4,2,1,98,95,8,2, ,2, , , , ,2,3,1,11,11,0.9639263743281306,2.098872490556933,5
160,5,1,2,98,20,2,2, ,2, , , , ,4,3,1,11,11,0.9639263743281306,2.267604866251337,5
160,5,2,2,98,20,2,2, ,2, , , , ,4,3,1,11,11,0.9639263743281306,2.267604866251337,5
160,5,3,2,98,20,2,2, ,2, , , , ,4,3,1,11,11,0.9639263743281306,2.267604866251337,5
160,5,4,2,98,20,2,2, ,2, , , , ,4,3,1,11,11,0.9639263743281306,2.267604866251337,5
160,9,1,1,18,95, , , ,1,17,90, , ,1,3,1,11,11,0.9639263743281306,2.1840686492044994,5
160,12,1,1,18,95, , , ,1,2,3,1,90,1,3,1,11,11,0.9639263743281306,1.83679344442376,5
160,14,1,2,98,95,1,2, ,1,5,90, , ,1,3,1,11,11,0.9639263743281306,1.9876102025235403,5
160,18,1,1,18,95, , , ,1,7,90, , ,8,3,1,11,11,0.9639263743281306,1.9795514920241555,5
160,18,2,1,18,95, , , ,1,4,90, , ,8,3,1,11,11,0.9639263743281306,1.9795514920241555,5
160,18,3,1,18,95, , , ,1,6,90, , ,8,3,1,11,11,0.9639263743281306,1.9795514920241555,5
160,18,4,1,18,95, , , ,1,5,90, , ,8,3,1,11,11,0.9639263743281306,1.9795514920241555,5
160,18,5,1,18,95, , , ,2, , , , ,8,3,1,11,11,0.9639263743281306,1.9795514920241555,5
160,18,6,1,18,95, , , ,2, , , , ,8,3,1,11,11,0.9639263743281306,1.9795514920241555,5
160,18,7,1,98,95,9,1,95,2, , , , ,8,3,1,11,11,0.9639263743281306,1.9795514920241555,5
160,18,8,1,98,95,9,1,95,2, , , , ,8,3,1,11,11,0.9639263743281306,1.9795514920241555,5
161,1,1,1,11,6, , , ,2, , , , ,1,2,1,11,11,0.9639263743281306,0.6071290131654731,4
161,5,1,1,11,3, , , ,1,2,3,4,90,1,1,1,11,11,0.9639263743281306,0.14728097920776562,3
161,7,1,2,18,95, , , ,1,2,90, , ,1,1,1,11,11,0.9639263743281306,1.5050488557055717,5
161,17,1,1,13,12, , , ,1,2,90, , ,3,1,1,11,11,0.9639263743281306,0.53954631905862,4
161,17,2,1,13,12, , , ,1,1,90, , ,3,1,1,11,11,0.9639263743281306,0.53954631905862,4
161,17,3,1,13,12, , , ,1,3,90, , ,3,1,1,11,11,0.9639263743281306,0.53954631905862,4
162,1,1,1,13,99, , , ,2, , , , ,1,3,1,11,11,0.9639263743281306,0.2396778500544151,3
164,3,1,9,11,12, , , ,2, , , , ,1,1,1,11,11,0.9639263743281306,1.6183966769997327,5
164,5,1,1,18,95, , , ,1,10,12,9,11,1,1,1,11,11,0.9639263743281306,0.0829485911961955,3
164,9,1,1,11,4, , , ,1,1,2,90, ,1,1,1,11,11,0.9639263743281306,1.3753153654578825,5
164,10,1,1,11,2, , , ,1,1,2,90, ,3,1,1,11,11,0.9639263743281306,1.3559079435443129,5
164,10,2,1,11,4, , , ,1,3,90, , ,3,1,1,11,11,0.9639263743281306,1.3559079435443129,5
164,10,3,1,11,6, , , ,2, , , , ,3,1,1,11,11,0.9639263743281306,1.3559079435443129,5
164,13,1,1,15,28, , , ,1,2,3,4,90,1,3,1,11,11,0.9639263743281306,1.055379131957316,4
164,15,1,1,18,20, , , ,1,2,6,90, ,1,3,1,11,11,0.9639263743281306,0.4559612563015865,3
165,3,1,1,11,98, , , ,2, , , , ,1,1,1,11,11,0.9639263743281306,0.8126394983956997,4
165,8,1,1,11,13, , , ,1,3,90, , ,3,3,1,11,11,0.9639263743281306,1.6441752075716978,5
165,8,2,1,11,13, , , ,1,5,90, , ,3,3,1,11,11,0.9639263743281306,1.6441752075716978,5
165,8,3,1,11,13, , , ,1,4,90, , ,3,3,1,11,11,0.9639263743281306,1.6441752075716978,5
165,10,1,2,18,99, , , ,1,1,90, , ,2,1,1,11,11,0.9639263743281306,1.4072630005394335,5
165,10,2,2,18,99, , , ,1,11,10,90, ,2,1,1,11,11,0.9639263743281306,1.4072630005394335,5
165,11,1,1,11,12, , , ,1,2,90, , ,5,9,1,11,11,0.9639263743281306,1.7529777578688843,5
165,11,2,2,11,12, , , ,1,7,90, , ,5,9,1,11,11,0.9639263743281306,1.7529777578688843,5
165,11,3,2,11,12, , , ,1,6,90, , ,5,9,1,11,11,0.9639263743281306,1.7529777578688843,5
165,11,4,1,11,12, , , ,1,5,90, , ,5,9,1,11,11,0.9639263743281306,1.7529777578688843,5
165,11,5,9,11,12, , , ,1,8,90, , ,5,9,1,11,11,0.9639263743281306,1.7529777578688843,5
165,13,1,2,99,95,1,2, ,1,3,4,5,90,1,1,1,11,11,0.9639263743281306,0.6815877261058502,4
166,6,1,1,11,24, , , ,2, , , , ,1,1,1,11,11,0.9639263743281306,0.02689368995304937,3
166,14,1,2,14,95, , , ,2, , , , ,1,1,1,11,11,0.9639263743281306,0.8459424824223808,4
166,26,1,2,14,98, , , ,1,3,90, , ,2,1,1,11,11,0.9639263743281306,1.5742643345477791,5
166,26,2,2,14,98, , , ,2, , , , ,2,1,1,11,11,0.9639263743281306,1.5742643345477791,5
166,29,1,1,11,95, , , ,2, , , , ,2,1,1,11,11,0.9639263743281306,1.3623496777582806,5
166,29,2,1,11,6, , , ,2, , , , ,2,1,1,11,11,0.9639263743281306,1.3623496777582806,5
167,12,1,9,11,3, , , ,1,6,90, , ,1,1,1,11,11,0.9639263743281306,0.7759551414694618,4
167,14,1,1,14,2, , , ,1,6,90, , ,1,1,1,11,11,0.9639263743281306,0.6468733414856316,4
167,20,1,1,11,95, , , ,8, , , , ,3,1,1,11,11,0.9639263743281306,0.590224341616449,4
167,20,2,1,11,95, , , ,8, , , , ,3,1,1,11,11,0.9639263743281306,0.590224341616449,4
167,20,3,1,11,95, , , ,8, , , , ,3,1,1,11,11,0.9639263743281306,0.590224341616449,4
168,1,1,1,18,98, , , ,1,5,90, , ,1,1,1,11,11,0.9639263743281306,-0.6629577580373939,2
168,3,1,1,14,95, , , ,1,1,2,3,4,1,1,1,11,11,0.9639263743281306,0.020369608593653592,3
168,13,1,9,11,95, , , ,1,1,8,6,90,1,1,1,11,11,0.9639263743281306,-0.6824613902446077,2
168,15,1,9,11,95, , , ,1,1,90, , ,1,1,1,11,11,0.9639263743281306,-0.7101129851709913,2
168,17,1,2,13,8, , , ,2, , , , ,1,1,1,11,11,0.9639263743281306,-0.042235314941101665,3
168,22,1,1,11,95, , , ,1,1,90, , ,1,1,1,11,11,0.9639263743281306,-0.39355542379401975,3
169,8,1,1,11,12, , , ,2, , , , ,1,2,1,11,11,0.9639263743281306,0.9639553187468879,4
169,14,1,2,18,95, , , ,1,2,90, , ,3,1,1,11,11,0.9639263743281306,1.630116609697204,5
169,14,2,2,18,95, , , ,2, , , , ,3,1,1,11,11,0.9639263743281306,1.630116609697204,5
169,14,3,2,18,95, , , ,2, , , , ,3,1,1,11,11,0.9639263743281306,1.630116609697204,5
170,3,1,1,11,98, , , ,1,11,90, , ,1,1,1,11,11,0.9639263743281306,0.8230320384396458,4
170,4,1,1,11,95, , , ,2, , , , ,1,1,1,11,11,0.9639263743281306,1.209007943445176,5
170,10,1,2,14,95, , , ,2, , , , ,2,1,1,11,11,0.9639263743281306,1.0631461729046325,4
170,10,2,2,14,95, , , ,2, , , , ,2,1,1,11,11,0.9639263743281306,1.0631461729046325,4
170,12,1,1,18,95, , , ,1,2,8,9,90,2,3,1,11,11,0.9639263743281306,1.7812359553844082,5
170,12,2,1,18,95, , , ,1,1,90, , ,2,3,1,11,11,0.9639263743281306,1.7812359553844082,5
171,3,1,1,11,95, , , ,2, , , , ,3,3,1,11,11,0.9639263743281306,1.6606250239110787,5
171,3,2,2,18,12, , , ,8, , , , ,3,3,1,11,11,0.9639263743281306,1.6606250239110787,5
171,3,3,2,18,12, , , ,8, , , , ,3,3,1,11,11,0.9639263743281306,1.6606250239110787,5
171,9,1,1,11,9, , , ,2, , , , ,3,2,1,11,11,0.9639263743281306,1.380183896477981,5
171,9,2,1,11,2, , , ,2, , , , ,3,2,1,11,11,0.9639263743281306,1.380183896477981,5
171,9,3,1,11,5, , , ,2, , , , ,3,2,1,11,11,0.9639263743281306,1.380183896477981,5
171,15,1,2,18,10, , , ,2, , , , ,2,3,1,11,11,0.9639263743281306,1.8040589602030783,5
171,15,2,9,99,99,9,9, ,9, , , , ,2,3,1,11,11,0.9639263743281306,1.8040589602030783,5
171,18,1,1,13,7, , , ,2, , , , ,1,1,1,11,11,0.9639263743281306,1.472692430703278,5
172,3,1,1,11,12, , , ,2, , , , ,2,1,1,11,11,0.9639263743281306,1.2909354418778465,5
172,3,2,1,11,12, , , ,2, , , , ,2,1,1,11,11,0.9639263743281306,1.2909354418778465,5
173,3,1,1,12,3, , , ,1,1,2,90, ,1,1,1,11,11,0.9639263743281306,0.48692557467129255,3
173,8,1,2,14,12, , , ,1,10,90, , ,1,1,1,11,11,0.9639263743281306,0.7720773531847653,4
173,19,1,1,14,12, , , ,1,7,8,90, ,1,1,1,11,11,0.9639263743281306,0.705025786501284,4
173,24,1,1,11,4, , , ,2, , , , ,1,1,1,11,11,0.9639263743281306,0.6510214668213864,4
174,4,1,1,11,7, , , ,1,5,90, , ,1,1,1,11,11,0.9639263743281306,-0.15688333241087637,3
174,5,1,1,13,1, , , ,1,2,3,1,90,2,1,1,11,11,0.9639263743281306,0.5895720622864238,4
174,5,2,1,11,95, , , ,2, , , , ,2,1,1,11,11,0.9639263743281306,0.5895720622864238,4
174,8,1,2,98,0,8,2, ,2, , , , ,2,1,1,11,11,0.9639263743281306,0.43898579251604103,3
174,8,2,2,98,0,8,2, ,2, , , , ,2,1,1,11,11,0.9639263743281306,0.43898579251604103,3
174,9,1,9,11,12, , , ,1,2,90, , ,1,1,1,11,11,0.9639263743281306,0.7497794581980732,4
174,11,1,1,11,5, , , ,1,4,90, , ,3,3,1,11,11,0.9639263743281306,0.6441581022163648,4
174,11,2,1,11,5, , , ,9, , , , ,3,3,1,11,11,0.9639263743281306,0.6441581022163648,4
174,11,3,1,11,5, , , ,9, , , , ,3,3,1,11,11,0.9639263743281306,0.6441581022163648,4
174,12,1,1,13,95, , , ,2, , , , ,1,1,1,11,11,0.9639263743281306,-0.23076775713860848,3
174,13,1,1,13,12, , , ,1,3,90, , ,2,1,1,11,11,0.9639263743281306,0.7034847906706161,4
174,13,2,1,13,12, , , ,1,4,90, , ,2,1,1,11,11,0.9639263743281306,0.7034847906706161,4
174,15,1,1,12,2, , , ,1,2,3,4,5,2,2,1,11,11,0.9639263743281306,0.478358668514265,3
174,15,2,1,18,2, , , ,1,1,6,7,90,2,2,1,11,11,0.9639263743281306,0.478358668514265,3
175,4,1,1,13,12, , , ,1,2,5,90, ,1,3,1,11,11,0.9639263743281306,0.6822021527461667,4
175,6,1,1,14,95, , , ,1,7,2,90, ,1,3,1,11,11,0.9639263743281306,1.6797415041735821,5
175,8,1,1,11,95, , , ,1,5,90, , ,2,1,1,11,11,0.9639263743281306,1.1584422656447704,5
175,8,2,1,11,95, , , ,1,4,90, , ,2,1,1,11,11,0.9639263743281306,1.1584422656447704,5
175,14,1,1,13,6, , , ,2, , , , ,3,1,1,11,11,0.9639263743281306,1.4355659441371722,5
175,14,2,1,13,6, , , ,2, , , , ,3,1,1,11,11,0.9639263743281306,1.4355659441371722,5
175,14,3,1,13,1, , , ,2, , , , ,3,1,1,11,11,0.9639263743281306,1.4355659441371722,5
175,18,1,1,11,95, , , ,1,1,90, , ,1,1,1,11,11,0.9639263743281306,1.0189644660320818,4
175,22,1,1,14,2, , , ,1,1,90, , ,2,1,1,11,11,0.9639263743281306,0.917168151814499,4
175,22,2,1,14,2, , , ,1,3,90, , ,2,1,1,11,11,0.9639263743281306,0.917168151814499,4
176,5,1,1,18,3, , , ,2, , , , ,2,3,1,11,11,0.9639263743281306,1.5645177417236569,5
176,5,2,1,18,99, , , ,2, , , , ,2,3,1,11,11,0.9639263743281306,1.5645177417236569,5
176,11,1,9,11,95, , , ,2, , , , ,1,1,1,11,11,0.9639263743281306,0.5728548692095086,4
176,19,1,9,11,8, , , ,1,2,6,5,90,1,1,1,11,11,0.9639263743281306,0.9330610270032369,4
177,3,1,1,11,95, , , ,1,3,7,6,90,3,3,1,11,11,0.9639263743281306,1.8408742468317951,5
177,3,2,1,11,95, , , ,1,4,8,90, ,3,3,1,11,11,0.9639263743281306,1.8408742468317951,5
177,3,3,1,11,95, , , ,1,1,90, , ,3,3,1,11,11,0.9639263743281306,1.8408742468317951,5
177,10,1,1,11,6, , , ,2, , , , ,2,1,1,11,11,0.9639263743281306,1.3715623200008815,5
177,10,2,1,11,6, , , ,2, , , , ,2,1,1,11,11,0.9639263743281306,1.3715623200008815,5
177,11,1,1,16,6, , , ,2, , , , ,2,3,1,11,11,0.9639263743281306,1.3425286858049286,5
177,11,2,1,16,6, , , ,1,2,3,4,90,2,3,1,11,11,0.9639263743281306,1.3425286858049286,5
178,15,1,1,11,6, , , ,2, , , , ,1,3,1,11,11,0.9639263743281306,0.5095825851401654,4
178,17,1,1,11,1, , , ,2, , , , ,1,3,1,11,11,0.9639263743281306,0.8156862790991304,4
178,29,1,1,11,95, , , ,2, , , , ,1,1,1,11,11,0.9639263743281306,0.20837351308007804,3
179,21,1,1,14,95, , , ,2, , , , ,2,3,1,11,11,0.9639263743281306,1.4098188149328106,5
179,21,2,1,14,95, , , ,2, , , , ,2,3,1,11,11,0.9639263743281306,1.4098188149328106,5
179,22,1,1,13,3, , , ,2, , , , ,3,1,1,11,11,0.9639263743281306,0.9805473776930339,4
179,22,2,1,13,3, , , ,2, , , , ,3,1,1,11,11,0.9639263743281306,0.9805473776930339,4
179,22,3,2,98,12,1,2, ,2, , , , ,3,1,1,11,11,0.9639263743281306,0.9805473776930339,4
180,2,1,1,11,3, , , ,2, , , , ,1,1,1,11,11,0.9639263743281306,1.5416298599245315,5
180,7,1,1,11,95, , , ,2, , , , ,1,3,1,11,11,0.9639263743281306,1.2601495437882348,5
180,8,1,1,11,95, , , ,1,2,3,4,90,3,1,1,11,11,0.9639263743281306,0.6087114216208245,4
180,8,2,1,11,5, , , ,1,1,90, , ,3,1,1,11,11,0.9639263743281306,0.6087114216208245,4
180,8,3,1,11,5, , , ,1,5,6,90, ,3,1,1,11,11,0.9639263743281306,0.6087114216208245,4
180,10,1,1,11,95, , , ,1,1,90, , ,2,1,1,11,11,0.9639263743281306,0.9540014562809601,4
180,10,2,1,11,95, , , ,1,2,3,90, ,2,1,1,11,11,0.9639263743281306,0.9540014562809601,4
180,11,1,1,11,95, , , ,1,2,90, , ,2,1,1,11,11,0.9639263743281306,1.2216506245325953,5
180,11,2,1,11,95, , , ,1,1,90, , ,2,1,1,11,11,0.9639263743281306,1.2216506245325953,5
180,15,1,1,11,3, , , ,2, , , , ,1,3,1,11,11,0.9639263743281306,1.9857694413115095,5
180,16,1,1,31,5,8,8, ,2, , , , ,2,1,1,11,11,0.9639263743281306,0.7639877851693418,4
180,16,2,2,99,5,8,8, ,2, , , , ,2,1,1,11,11,0.9639263743281306,0.7639877851693418,4
180,21,1,1,11,98, , , ,1,4,90, , ,2,1,1,11,11,0.9639263743281306,1.4866649779989203,5
180,21,2,1,11,98, , , ,1,2,90, , ,2,1,1,11,11,0.9639263743281306,1.4866649779989203,5
181,16,1,1,11,95, , , ,2, , , , ,2,1,1,11,11,0.9639263743281306,0.5488522178690423,4
181,16,2,1,11,95, , , ,2, , , , ,2,1,1,11,11,0.9639263743281306,0.5488522178690423,4
181,17,1,1,11,95, , , ,1,5,6,90, ,1,1,1,11,11,0.9639263743281306,0.5488522178690423,4
181,27,1,1,11,24, , , ,2, , , , ,1,1,1,11,11,0.9639263743281306,-0.06900028198359333,3
181,31,1,1,11,12, , , ,2, , , , ,1,1,1,11,11,0.9639263743281306,0.6825978900844639,4
182,5,1,1,13,24, , , ,2, , , , ,2,2,1,11,11,0.9639263743281306,1.2253868772341119,5
182,5,2,2,18,24, , , ,2, , , , ,2,2,1,11,11,0.9639263743281306,1.2253868772341119,5
182,6,1,1,11,12, , , ,1,1,90, , ,1,1,1,11,11,0.9639263743281306,1.4895356422108423,5
182,15,1,1,98,12,9,9, ,2, , , , ,2,2,1,11,11,0.9639263743281306,0.308092368772029,3
182,15,2,2,98,12,9,9, ,2, , , , ,2,2,1,11,11,0.9639263743281306,0.308092368772029,3
182,27,1,1,11,99, , , ,1,4,5,90, ,1,1,1,11,11,0.9639263743281306,1.4770939136819066,5
183,12,1,1,11,95, , , ,1,2,3,90, ,1,3,1,11,11,0.9639263743281306,1.3214256449976978,5
183,13,1,9,11,36, , , ,1,2,8,90, ,1,2,1,11,11,0.9639263743281306,1.0511776710049372,4
184,4,1,1,11,3, , , ,2, , , , ,2,1,1,11,11,0.9639263743281306,-0.31341550792685074,3
184,4,2,1,11,3, , , ,2, , , , ,2,1,1,11,11,0.9639263743281306,-0.31341550792685074,3
184,10,1,1,14,4, , , ,1,2,6,5,90,1,1,1,11,11,0.9639263743281306,0.9715901152168673,4
184,13,1,1,13,95, , , ,1,1,4,90, ,1,2,1,11,11,0.9639263743281306,0.12269715438377649,3
185,2,1,2,18,6, , , ,1,1,2,90, ,3,3,1,11,11,0.9639263743281306,1.4807193336644564,5
185,2,2,2,18,6, , , ,1,4,5,90, ,3,3,1,11,11,0.9639263743281306,1.4807193336644564,5
185,2,3,2,18,6, , , ,1,3,90, , ,3,3,1,11,11,0.9639263743281306,1.4807193336644564,5
185,5,1,1,13,6, , , ,2, , , , ,1,1,1,11,11,0.9639263743281306,0.552911259223141,4
185,7,1,1,11,95, , , ,1,4,13,90, ,2,1,1,11,11,0.9639263743281306,0.9715247515786256,4
185,7,2,1,11,95, , , ,1,12,90, , ,2,1,1,11,11,0.9639263743281306,0.9715247515786256,4
185,9,1,1,11,7, , , ,1,1,90, , ,1,1,1,11,11,0.9639263743281306,0.9279949061198525,4
185,10,1,1,11,6, , , ,2, , , , ,1,1,1,11,11,0.9639263743281306,0.5931588822878137,4
185,11,1,2,18,12, , , ,1,2,90, , ,1,3,1,11,11,0.9639263743281306,0.9755864840681413,4
185,12,1,1,13,12, , , ,2, , , , ,2,1,1,11,11,0.9639263743281306,0.8475305082447258,4
185,12,2,1,13,12, , , ,1,1,4,90, ,2,1,1,11,11,0.9639263743281306,0.8475305082447258,4
185,15,1,1,13,12, , , ,1,2,6,7,8,2,1,1,11,11,0.9639263743281306,1.3509827431114247,5
185,15,2,1,13,12, , , ,2, , , , ,2,1,1,11,11,0.9639263743281306,1.3509827431114247,5
185,16,1,1,11,12, , , ,1,2,9,90, ,1,1,1,11,11,0.9639263743281306,0.8640081722770612,4
185,19,1,1,11,4, , , ,1,2,90, , ,1,1,1,11,11,0.9639263743281306,1.163291603380149,5
186,1,1,1,18,5, , , ,2, , , , ,2,2,1,11,11,0.9639263743281306,1.0128762362492958,4
186,1,2,1,18,95, , , ,2, , , , ,2,2,1,11,11,0.9639263743281306,1.0128762362492958,4
186,7,1,1,11,4, , , ,1,4,5,6,7,1,3,1,11,11,0.9639263743281306,0.6139828261579598,4
186,11,1,1,18,95, , , ,2, , , , ,1,1,1,11,11,0.9639263743281306,0.13808147222574754,3
186,14,1,2,98,95,2,2, ,2, , , , ,1,1,1,11,11,0.9639263743281306,-0.3995827560287237,3
186,16,1,1,11,18, , , ,2, , , , ,1,9,1,11,11,0.9639263743281306,0.7064225688126516,4
186,17,1,1,13,9, , , ,2, , , , ,1,9,1,11,11,0.9639263743281306,-0.1878365098676275,3
187,4,1,1,98,2,1,2, ,2, , , , ,1,3,1,11,11,0.9639263743281306,1.1618775632710938,5
187,16,1,1,13,1, , , ,1,3,4,5,7,2,1,1,11,11,0.9639263743281306,-0.1847901017040482,3
187,16,2,1,14,95, , , ,1,2,6,90, ,2,1,1,11,11,0.9639263743281306,-0.1847901017040482,3
187,17,1,2,26,95, ,2, ,2, , , , ,2,9,1,11,11,0.9639263743281306,0.7784090199444031,4
187,17,2,2,26,95, ,2, ,2, , , , ,2,9,1,11,11,0.9639263743281306,0.7784090199444031,4
188,1,1,1,11,95, , , ,1,1,6,90, ,1,1,1,11,11,0.9639263743281306,0.22112108553896906,3
188,2,1,1,14,24, , , ,1,1,5,90, ,3,1,1,11,11,0.9639263743281306,1.1326588607914654,4
188,2,2,1,12,24, , , ,1,2,3,90, ,3,1,1,11,11,0.9639263743281306,1.1326588607914654,4
188,2,3,1,14,24, , , ,1,6,90, , ,3,1,1,11,11,0.9639263743281306,1.1326588607914654,4
188,7,1,1,11,8, , , ,1,1,2,3,90,1,2,1,11,11,0.9639263743281306,0.9402297311817355,4
188,17,1,2,98,95,2,1,99,1,2,90, , ,1,1,1,11,11,0.9639263743281306,1.0319759246943963,4
189,1,1,9,15,5, , , ,1,4,5,90, ,1,3,1,11,11,0.9639263743281306,1.252843569420439,5
189,5,1,2,14,12, , , ,2, , , , ,3,3,1,11,11,0.9639263743281306,1.4994279989186727,5
189,5,2,2,13,12, , , ,2, , , , ,3,3,1,11,11,0.9639263743281306,1.4994279989186727,5
189,5,3,2,13,12, , , ,2, , , , ,3,3,1,11,11,0.9639263743281306,1.4994279989186727,5
189,7,1,9,11,95, , , ,2, , , , ,1,1,1,11,11,0.9639263743281306,0.9012610734865711,4
189,11,1,1,11,98, , , ,2, , , , ,2,1,1,11,11,0.9639263743281306,1.7512932802372936,5
189,11,2,2,11,98, , , ,2, , , , ,2,1,1,11,11,0.9639263743281306,1.7512932802372936,5
189,12,1,1,12,95, , , ,2, , , , ,1,1,1,11,11,0.9639263743281306,1.7081745315726393,5
189,14,1,1,14,95, , , ,1,1,90, , ,1,1,1,11,11,0.9639263743281306,1.3161618230423966,5
189,15,1,1,11,95, , , ,1,2,90, , ,1,1,1,11,11,0.9639263743281306,1.1209427523810074,4
189,16,1,2,13,2, , , ,2, , , , ,1,3,1,11,11,0.9639263743281306,1.609228952223405,5
189,18,1,1,11,95, , , ,9, , , , ,2,1,1,11,11,0.9639263743281306,0.8363612234320079,4
189,18,2,9,11,8, , , ,9, , , , ,2,1,1,11,11,0.9639263743281306,0.8363612234320079,4
190,1,1,1,12,9, , , ,1,3,4,5,6,1,2,1,11,11,0.9639263743281306,0.13360723689114185,3
190,6,1,1,14,12, , , ,1,1,90, , ,2,1,1,11,11,0.9639263743281306,0.8765494852835944,4
190,6,2,1,14,12, , , ,1,2,90, , ,2,1,1,11,11,0.9639263743281306,0.8765494852835944,4
190,8,1,9,13,2, , , ,2, , , , ,1,3,1,11,11,0.9639263743281306,1.1659140961200214,5
190,13,1,1,15,23, , , ,1,2,3,4,90,1,2,1,11,11,0.9639263743281306,0.6816504812322548,4
190,14,1,1,18,23, , , ,2, , , , ,3,3,1,11,11,0.9639263743281306,0.5933078103139843,4
190,14,2,1,14,23, , , ,2, , , , ,3,3,1,11,11,0.9639263743281306,0.5933078103139843,4
190,14,3,1,18,23, , , ,2, , , , ,3,3,1,11,11,0.9639263743281306,0.5933078103139843,4
190,18,1,1,11,95, , , ,2, , , , ,2,2,1,11,11,0.9639263743281306,1.3290313810564207,5
190,18,2,1,11,95, , , ,2, , , , ,2,2,1,11,11,0.9639263743281306,1.3290313810564207,5
191,2,1,1,15,6, , , ,1,1,90, , ,2,1,1,11,11,0.9639263743281306,0.7766657434629387,4
191,2,2,1,15,6, , , ,1,2,90, , ,2,1,1,11,11,0.9639263743281306,0.7766657434629387,4
191,8,1,1,14,98, , , ,1,3,90, , ,1,1,1,11,11,0.9639263743281306,1.089035947746576,4
191,19,1,9,11,12, , , ,2, , , , ,1,1,1,11,11,0.9639263743281306,0.2802993728089493,3
191,23,1,1,15,8, , , ,1,1,6,90, ,1,2,1,11,11,0.9639263743281306,1.2706299404920025,5
191,25,1,2,18,95, , , ,2, , , , ,1,1,1,11,11,0.9639263743281306,-0.6206467187783732,2
191,28,1,1,11,95, , , ,1,2,90, , ,4,3,1,11,11,0.9639263743281306,1.0240504629141305,4
191,28,2,1,11,95, , , ,1,6,90, , ,4,3,1,11,11,0.9639263743281306,1.0240504629141305,4
191,28,3,1,11,95, , , ,1,1,90, , ,4,3,1,11,11,0.9639263743281306,1.0240504629141305,4
191,28,4,1,11,95, , , ,2, , , , ,4,3,1,11,11,0.9639263743281306,1.0240504629141305,4
192,1,1,2,11,7, , , ,2, , , , ,3,3,1,11,11,0.9639263743281306,1.8579096800327723,5
192,1,2,2,15,10, , , ,2, , , , ,3,3,1,11,11,0.9639263743281306,1.8579096800327723,5
192,1,3,2,15,10, , , ,2, , , , ,3,3,1,11,11,0.9639263743281306,1.8579096800327723,5
192,2,1,1,11,95, , , ,1,1,90, , ,2,3,1,11,11,0.9639263743281306,1.1703446277911693,5
192,2,2,1,11,95, , , ,1,2,3,90, ,2,3,1,11,11,0.9639263743281306,1.1703446277911693,5
192,3,1,2,11,15, , , ,1,1,90, , ,1,3,1,11,11,0.9639263743281306,2.1494200677947233,5
192,4,1,1,14,24, , , ,1,2,90, , ,2,1,1,11,11,0.9639263743281306,-0.2909454287215888,3
192,4,2,1,11,30, , , ,1,4,90, , ,2,1,1,11,11,0.9639263743281306,-0.2909454287215888,3
192,7,1,1,14,11, , , ,1,4,90, , ,3,3,1,11,11,0.9639263743281306,1.5076606598360331,5
192,7,2,1,14,11, , , ,1,3,90, , ,3,3,1,11,11,0.9639263743281306,1.5076606598360331,5
192,7,3,1,14,6, , , ,1,1,2,90, ,3,3,1,11,11,0.9639263743281306,1.5076606598360331,5
192,8,1,1,13,95, , , ,1,1,90, , ,1,1,1,11,11,0.9639263743281306,0.7396501717241865,4
192,13,1,2,11,95, , , ,1,1,2,3,4,6,2,1,11,11,0.9639263743281306,1.721493287295224,5
192,13,2,2,11,95, , , ,1,5,6,90, ,6,2,1,11,11,0.9639263743281306,1.721493287295224,5
192,13,3,2,11,95, , , ,9, , , , ,6,2,1,11,11,0.9639263743281306,1.721493287295224,5
192,13,4,2,11,95, , , ,2, , , , ,6,2,1,11,11,0.9639263743281306,1.721493287295224,5
192,13,5,2,11,95, , , ,2, , , , ,6,2,1,11,11,0.9639263743281306,1.721493287295224,5
192,13,6,2,11,95, , , ,2, , , , ,6,2,1,11,11,0.9639263743281306,1.721493287295224,5
193,1,1,1,11,95, , , ,1,8,90, , ,8,3,1,11,11,0.9639263743281306,1.4967993261876893,5
193,1,2,1,11,95, , , ,1,10,11,90, ,8,3,1,11,11,0.9639263743281306,1.4967993261876893,5
193,1,3,1,11,95, , , ,1,2,12,90, ,8,3,1,11,11,0.9639263743281306,1.4967993261876893,5
193,1,4,1,11,95, , , ,1,5,7,90, ,8,3,1,11,11,0.9639263743281306,1.4967993261876893,5
193,1,5,1,11,95, , , ,1,6,4,90, ,8,3,1,11,11,0.9639263743281306,1.4967993261876893,5
193,1,6,1,11,95, , , ,2, , , , ,8,3,1,11,11,0.9639263743281306,1.4967993261876893,5
193,1,7,1,11,95, , , ,2, , , , ,8,3,1,11,11,0.9639263743281306,1.4967993261876893,5
193,1,8,1,11,95, , , ,2, , , , ,8,3,1,11,11,0.9639263743281306,1.4967993261876893,5
193,4,1,1,13,12, , , ,1,7,8,90, ,3,1,1,11,11,0.9639263743281306,1.9309091059872274,5
193,4,2,2,98,4,1,2, ,1,5,90, , ,3,1,1,11,11,0.9639263743281306,1.9309091059872274,5
193,4,3,2,98,4,1,2, ,1,4,90, , ,3,1,1,11,11,0.9639263743281306,1.9309091059872274,5
193,7,1,1,11,95, , , ,1,6,90, , ,5,3,1,11,11,0.9639263743281306,2.1367749379900345,5
193,7,2,1,12,98, , , ,1,5,90, , ,5,3,1,11,11,0.9639263743281306,2.1367749379900345,5
193,7,3,1,11,95, , , ,1,1,2,90, ,5,3,1,11,11,0.9639263743281306,2.1367749379900345,5
193,7,4,1,11,95, , , ,2, , , , ,5,3,1,11,11,0.9639263743281306,2.1367749379900345,5
193,7,5,1,11,95, , , ,2, , , , ,5,3,1,11,11,0.9639263743281306,2.1367749379900345,5
193,8,1,1,12,95, , , ,1,7,90, , ,1,3,1,11,11,0.9639263743281306,0.5258564111122457,4
193,11,1,1,13,3, , , ,1,6,90, , ,3,3,1,11,11,0.9639263743281306,1.8928899602144393,5
193,11,2,1,13,3, , , ,1,5,90, , ,3,3,1,11,11,0.9639263743281306,1.8928899602144393,5
193,11,3,1,13,3, , , ,1,4,90, , ,3,3,1,11,11,0.9639263743281306,1.8928899602144393,5
193,14,1,1,11,24, , , ,2, , , , ,3,1,1,11,11,0.9639263743281306,1.8168333304617812,5
193,14,2,1,11,24, , , ,2, , , , ,3,1,1,11,11,0.9639263743281306,1.8168333304617812,5
193,14,3,1,11,24, , , ,1,7,8,90, ,3,1,1,11,11,0.9639263743281306,1.8168333304617812,5
193,16,1,9,11,1, , , ,1,1,2,90, ,2,1,1,11,11,0.9639263743281306,0.27867196019846624,3
193,16,2,9,11,1, , , ,2, , , , ,2,1,1,11,11,0.9639263743281306,0.27867196019846624,3
194,1,1,1,11,95, , , ,1,1,2,90, ,1,1,1,11,11,0.9639263743281306,0.6793936346648534,4
194,3,1,1,11,98, , , ,2, , , , ,2,3,1,11,11,0.9639263743281306,1.8793620514572675,5
194,3,2,1,11,98, , , ,2, , , , ,2,3,1,11,11,0.9639263743281306,1.8793620514572675,5
194,6,1,9,11,24, , , ,2, , , , ,1,1,1,11,11,0.9639263743281306,0.9715901152168673,4
194,7,1,2,99,6,8,2, ,2, , , , ,1,2,1,11,11,0.9639263743281306,1.7954172913885738,5
194,9,1,9,13,6, , , ,2, , , , ,1,1,1,11,11,0.9639263743281306,-0.7025207836834689,2
194,10,1,1,11,95, , , ,1,2,90, , ,1,1,1,11,11,0.9639263743281306,1.6717315042204872,5
194,12,1,1,11,95, , , ,2, , , , ,1,1,1,11,11,0.9639263743281306,1.5403432180411656,5
194,18,1,2,14,6, , , ,2, , , , ,3,3,1,11,11,0.9639263743281306,2.0928913129135363,5
194,18,2,2,14,6, , , ,2, , , , ,3,3,1,11,11,0.9639263743281306,2.0928913129135363,5
194,18,3,2,14,6, , , ,2, , , , ,3,3,1,11,11,0.9639263743281306,2.0928913129135363,5
195,1,1,2,11,95, , , ,1,1,90, , ,2,2,1,11,11,0.9639263743281306,1.268600124525117,5
195,1,2,2,11,95, , , ,1,8,90, , ,2,2,1,11,11,0.9639263743281306,1.268600124525117,5
195,2,1,1,11,12, , , ,1,12,2,90, ,3,3,1,11,11,0.9639263743281306,1.6403683750668077,5
195,2,2,1,11,12, , , ,1,5,6,90, ,3,3,1,11,11,0.9639263743281306,1.6403683750668077,5
195,2,3,1,11,12, , , ,1,1,90, , ,3,3,1,11,11,0.9639263743281306,1.6403683750668077,5
195,4,1,1,11,95, , , ,1,2,6,4,5,1,1,1,11,11,0.9639263743281306,0.5738170813262898,4
195,6,1,1,11,24, , , ,1,2,6,90, ,2,1,1,11,11,0.9639263743281306,0.05598581887701629,3
195,6,2,1,11,95, , , ,1,3,8,90, ,2,1,1,11,11,0.9639263743281306,0.05598581887701629,3
195,7,1,1,11,13, , , ,2, , , , ,1,1,1,11,11,0.9639263743281306,0.8790740852190402,4
195,8,1,1,13,9, , , ,2, , , , ,1,1,1,11,11,0.9639263743281306,-0.07567457283935919,3
195,14,1,1,11,95, , , ,1,2,90, , ,1,1,1,11,11,0.9639263743281306,-0.24581509001614874,3
195,16,1,1,11,95, , , ,2, , , , ,1,3,1,11,11,0.9639263743281306,0.23197203468090402,3
195,18,1,1,11,95, , , ,2, , , , ,3,1,1,11,11,0.9639263743281306,-0.3768572735909449,3
195,18,2,1,11,95, , , ,2, , , , ,3,1,1,11,11,0.9639263743281306,-0.3768572735909449,3
195,18,3,1,11,95, , , ,2, , , , ,3,1,1,11,11,0.9639263743281306,-0.3768572735909449,3
196,1,1,2,14,95, , , ,2, , , , ,3,1,1,11,11,0.9639263743281306,1.3066180546559236,5
196,1,2,2,14,95, , , ,2, , , , ,3,1,1,11,11,0.9639263743281306,1.3066180546559236,5
196,1,3,2,14,95, , , ,2, , , , ,3,1,1,11,11,0.9639263743281306,1.3066180546559236,5
196,3,1,1,11,12, , , ,1,3,90, , ,3,3,1,11,11,0.9639263743281306,1.3982709056071383,5
196,3,2,1,11,12, , , ,1,2,90, , ,3,3,1,11,11,0.9639263743281306,1.3982709056071383,5
196,3,3,1,11,12, , , ,1,1,90, , ,3,3,1,11,11,0.9639263743281306,1.3982709056071383,5
196,5,1,2,13,24, , , ,2, , , , ,2,3,1,11,11,0.9639263743281306,1.6680706626955573,5
196,5,2,2,13,24, , , ,2, , , , ,2,3,1,11,11,0.9639263743281306,1.6680706626955573,5
196,7,1,2,31,18,2,2, ,2, , , , ,2,1,1,11,11,0.9639263743281306,0.7562020405321249,4
196,7,2,2,14,95, , , ,2, , , , ,2,1,1,11,11,0.9639263743281306,0.7562020405321249,4
196,8,1,1,28,18, ,2, ,2, , , , ,2,3,1,11,11,0.9639263743281306,1.579561901432957,5
196,8,2,1,28,95, ,2, ,2, , , , ,2,3,1,11,11,0.9639263743281306,1.579561901432957,5
196,9,1,9,26,95, ,2, ,1,1,8,7,90,1,1,1,11,11,0.9639263743281306,1.1185333196167482,4
196,12,1,9,11,12, , , ,2, , , , ,1,3,1,11,11,0.9639263743281306,1.6569209935529172,5
197,1,1,1,12,5, , , ,2, , , , ,2,2,1,11,11,0.9639263743281306,-0.2460321363725409,3
197,1,2,1,12,5, , , ,2, , , , ,2,2,1,11,11,0.9639263743281306,-0.2460321363725409,3
197,5,1,1,14,12, , , ,1,3,90, , ,2,2,1,11,11,0.9639263743281306,1.3397688131720733,5
197,5,2,1,14,12, , , ,1,5,90, , ,2,2,1,11,11,0.9639263743281306,1.3397688131720733,5
197,16,1,1,12,95, , , ,1,1,90, , ,1,3,1,11,11,0.9639263743281306,0.7584145817154,4
198,2,1,1,11,24, , , ,2, , , , ,2,1,1,11,11,0.9639263743281306,1.0114700887268766,4
198,2,2,1,11,24, , , ,2, , , , ,2,1,1,11,11,0.9639263743281306,1.0114700887268766,4
198,5,1,1,11,12, , , ,2, , , , ,2,2,1,11,11,0.9639263743281306,1.4319210327858856,5
198,5,2,1,11,12, , , ,2, , , , ,2,2,1,11,11,0.9639263743281306,1.4319210327858856,5
198,6,1,1,11,5, , , ,1,1,90, , ,1,1,1,11,11,0.9639263743281306,0.1985169203426063,3
198,7,1,1,11,95, , , ,1,2,90, , ,2,3,1,11,11,0.9639263743281306,0.9770756599565704,4
198,7,2,1,11,95, , , ,1,3,4,90, ,2,3,1,11,11,0.9639263743281306,0.9770756599565704,4
198,8,1,2,18,98, , , ,2, , , , ,1,1,1,11,11,0.9639263743281306,1.093239963165356,4
198,11,1,2,18,2, , , ,2, , , , ,1,3,1,11,11,0.9639263743281306,1.0302291510696375,4
198,13,1,1,11,4, , , ,1,1,6,90, ,1,1,1,11,11,0.9639263743281306,0.5278158646237122,4
198,16,1,1,13,2, , , ,1,13,12,14,11,1,1,1,11,11,0.9639263743281306,1.4424585805491794,5
199,2,1,1,14,11, , , ,1,3,4,5,90,1,2,1,11,11,0.9639263743281306,0.2684881813860908,3
199,3,1,2,98,95,1,2, ,1,1,2,3,90,1,2,1,11,11,0.9639263743281306,-0.32839400505303323,3
199,6,1,1,11,6, , , ,1,5,90, , ,1,1,1,11,11,0.9639263743281306,0.7051098769752215,4
199,7,1,2,28,15, ,2, ,2, , , , ,2,1,1,11,11,0.9639263743281306,0.3839101116942344,3
199,7,2,2,28,15, ,2, ,2, , , , ,2,1,1,11,11,0.9639263743281306,0.3839101116942344,3
199,12,1,1,13,6, , , ,1,4,2,3,90,1,3,1,11,11,0.9639263743281306,0.5084787106937848,3
200,1,1,1,18,12, , , ,2, , , , ,3,1,1,11,11,0.9639263743281306,1.1792099248764145,5
200,1,2,1,18,12, , , ,2, , , , ,3,1,1,11,11,0.9639263743281306,1.1792099248764145,5
200,1,3,1,18,12, , , ,2, , , , ,3,1,1,11,11,0.9639263743281306,1.1792099248764145,5
200,4,1,1,11,5, , , ,1,2,3,4,90,1,1,1,11,11,0.9639263743281306,0.17614001993799935,3
200,5,1,1,14,8, , , ,1,2,4,90, ,1,1,1,11,11,0.9639263743281306,-0.20619287535251357,3
200,8,1,2,18,12, , , ,1,1,90, , ,1,3,1,11,11,0.9639263743281306,1.1572812922722728,5
200,9,1,1,11,12, , , ,1,11,90, , ,3,1,1,11,11,0.9639263743281306,0.7146589888897051,4
200,9,2,2,11,12, , , ,2, , , , ,3,1,1,11,11,0.9639263743281306,0.7146589888897051,4
200,9,3,2,11,12, , , ,2, , , , ,3,1,1,11,11,0.9639263743281306,0.7146589888897051,4
200,13,1,2,98,95,2,2, ,2, , , , ,3,1,1,11,11,0.9639263743281306,0.08200659302978967,3
200,13,2,2,98,95,2,2, ,2, , , , ,3,1,1,11,11,0.9639263743281306,0.08200659302978967,3
200,13,3,2,98,95,2,2, ,2, , , , ,3,1,1,11,11,0.9639263743281306,0.08200659302978967,3
201,2,1,2,18,8, , , ,1,1,90, , ,1,1,1,11,11,0.9639263743281306,0.23046968031818146,3
201,3,1,1,11,6, , , ,1,1,2,90, ,1,1,1,11,11,0.9639263743281306,0.8714108565305302,4
201,4,1,1,11,12, , , ,1,4,90, , ,2,1,1,11,11,0.9639263743281306,-0.23106347458408139,3
201,4,2,1,11,12, , , ,1,5,1,2,90,2,1,1,11,11,0.9639263743281306,-0.23106347458408139,3
202,3,1,1,11,2, , , ,1,1,5,90, ,2,1,1,11,11,0.9639263743281306,1.090024841776151,4
202,3,2,1,11,2, , , ,2, , , , ,2,1,1,11,11,0.9639263743281306,1.090024841776151,4
202,11,1,2,15,1, , , ,1,3,90, , ,3,3,1,11,11,0.9639263743281306,1.2674861057288551,5
202,11,2,2,15,1, , , ,1,2,90, , ,3,3,1,11,11,0.9639263743281306,1.2674861057288551,5
202,11,3,2,15,1, , , ,1,1,90, , ,3,3,1,11,11,0.9639263743281306,1.2674861057288551,5
202,19,1,1,15,5, , , ,1,1,90, , ,1,2,1,11,11,0.9639263743281306,0.9180384957706131,4
203,1,1,2,11,95, , , ,2, , , , ,1,3,1,11,11,0.9639263743281306,1.7632455360891528,5
203,2,1,1,11,95, , , ,2, , , , ,1,3,1,11,11,0.9639263743281306,1.107950036380157,4
203,3,1,1,11,95, , , ,1,3,90, , ,1,1,1,11,11,0.9639263743281306,1.3669150813583593,5
203,7,1,1,14,95, , , ,2, , , , ,2,2,1,11,11,0.9639263743281306,1.1201068073591758,4
203,7,2,1,14,95, , , ,2, , , , ,2,2,1,11,11,0.9639263743281306,1.1201068073591758,4
203,8,1,1,14,4, , , ,1,6,5,7,90,1,3,1,11,11,0.9639263743281306,0.8664652265932592,4
203,13,1,1,18,95, , , ,1,2,3,4,90,1,3,1,11,11,0.9639263743281306,1.310858451649542,5
204,1,1,1,11,13, , , ,1,2,90, , ,2,1,1,11,11,0.9639263743281306,0.8858876623843888,4
204,1,2,1,11,8, , , ,1,1,90, , ,2,1,1,11,11,0.9639263743281306,0.8858876623843888,4
204,6,1,1,11,12, , , ,2, , , , ,1,2,1,11,11,0.9639263743281306,0.9876777781147859,4
204,7,1,9,14,99, , , ,1,1,90, , ,1,1,1,11,11,0.9639263743281306,1.4366462722229567,5
204,17,1,2,18,95, , , ,2, , , , ,3,2,1,11,11,0.9639263743281306,0.9145789532877812,4
204,17,2,2,99,4,2,2, ,2, , , , ,3,2,1,11,11,0.9639263743281306,0.9145789532877812,4
204,17,3,2,99,4,2,2, ,2, , , , ,3,2,1,11,11,0.9639263743281306,0.9145789532877812,4
204,18,1,2,14,6, , , ,1,5,6,90, ,2,3,1,11,11,0.9639263743281306,1.167455772873153,5
204,18,2,2,14,6, , , ,1,2,7,90, ,2,3,1,11,11,0.9639263743281306,1.167455772873153,5
205,4,1,1,14,3, , , ,1,2,3,90, ,2,2,1,11,11,0.9639263743281306,1.3556324597801035,5
205,4,2,1,14,3, , , ,1,4,90, , ,2,2,1,11,11,0.9639263743281306,1.3556324597801035,5
205,7,1,1,11,5, , , ,1,2,3,90, ,1,2,1,11,11,0.9639263743281306,1.527853728107032,5
205,10,1,1,11,6, , , ,1,1,2,90, ,2,1,1,11,11,0.9639263743281306,1.1547664550585537,5
205,10,2,1,11,6, , , ,2, , , , ,2,1,1,11,11,0.9639263743281306,1.1547664550585537,5
205,11,1,1,11,24, , , ,1,1,90, , ,1,1,1,11,11,0.9639263743281306,1.235448636726042,5
205,12,1,2,18,95, , , ,2, , , , ,2,2,1,11,11,0.9639263743281306,1.593160187912283,5
205,12,2,2,18,95, , , ,2, , , , ,2,2,1,11,11,0.9639263743281306,1.593160187912283,5
205,15,1,1,11,4, , , ,1,3,90, , ,1,1,1,11,11,0.9639263743281306,1.8095498652474324,5
205,18,1,1,15,9, , , ,1,2,90, , ,2,1,1,11,11,0.9639263743281306,0.057613633391970905,3
205,18,2,1,15,9, , , ,1,10,90, , ,2,1,1,11,11,0.9639263743281306,0.057613633391970905,3
206,4,1,1,11,24, , , ,2, , , , ,2,2,1,11,11,0.9639263743281306,1.409065155817288,5
206,4,2,1,11,24, , , ,2, , , , ,2,2,1,11,11,0.9639263743281306,1.409065155817288,5
206,7,1,2,28,95, ,2, ,8, , , , ,1,1,1,11,11,0.9639263743281306,1.6605908920796495,5
206,8,1,2,31,4,2,2, ,1,1,90, , ,2,3,1,11,11,0.9639263743281306,1.2808377411666165,5
206,8,2,2,31,4,2,2, ,2, , , , ,2,3,1,11,11,0.9639263743281306,1.2808377411666165,5
206,10,1,2,13,21, , , ,2, , , , ,2,1,1,11,11,0.9639263743281306,0.7756701646305626,4
206,10,2,2,13,21, , , ,2, , , , ,2,1,1,11,11,0.9639263743281306,0.7756701646305626,4
206,14,1,2,31,18,2,2, ,1,9,90, , ,1,3,1,11,11,0.9639263743281306,1.1276144925854705,4
206,15,1,9,13,95, , , ,1,1,90, , ,3,1,1,11,11,0.9639263743281306,1.1054353272170154,4
206,15,2,9,13,95, , , ,2, , , , ,3,1,1,11,11,0.9639263743281306,1.1054353272170154,4
206,15,3,9,13,95, , , ,1,8,4,90, ,3,1,1,11,11,0.9639263743281306,1.1054353272170154,4
206,17,1,1,11,95, , , ,2, , , , ,1,1,1,11,11,0.9639263743281306,0.8448393784968428,4
207,2,1,1,13,3, , , ,1,2,5,6,7,2,1,1,11,11,0.9639263743281306,-0.6561922237556561,2
207,2,2,1,13,3, , , ,1,3,8,90, ,2,1,1,11,11,0.9639263743281306,-0.6561922237556561,2
207,17,1,1,28,3, ,8, ,1,2,4,90, ,1,1,1,11,11,0.9639263743281306,-0.4267140190374206,3
207,18,1,1,11,17, , , ,2, , , , ,1,3,1,11,11,0.9639263743281306,1.6291076295082576,5
208,1,1,1,11,24, , , ,2, , , , ,1,2,2,21,11,1.0317722843507988,-1.133654502601814,1
208,5,1,1,11,13, , , ,2, , , , ,1,1,2,21,11,1.0317722843507988,-0.7229323828124389,2
208,9,1,2,18,98, , , ,1,2,3,4,90,1,1,2,21,11,1.0317722843507988,-1.103186413141427,1
208,11,1,1,13,12, , , ,1,2,3,4,5,1,1,2,21,11,1.0317722843507988,-0.7973784063586739,2
208,12,1,1,98,10,8,8, ,2, , , , ,1,1,2,21,11,1.0317722843507988,-0.9073014780022995,2
208,13,1,9,13,2, , , ,2, , , , ,1,1,2,21,11,1.0317722843507988,-0.5862548798003847,2
208,15,1,1,11,95, , , ,1,2,90, , ,1,1,2,21,11,1.0317722843507988,-0.8574924649171016,2
209,1,1,9,11,98, , , ,1,1,2,90, ,1,1,2,21,11,1.0317722843507988,-0.6827717095861549,2
209,2,1,1,11,98, , , ,1,1,2,3,4,1,1,2,21,11,1.0317722843507988,-0.6255978615032964,2
209,3,1,1,11,98, , , ,1,1,2,3,90,1,1,2,21,11,1.0317722843507988,-1.1545207965280566,1
209,5,1,1,13,4, , , ,1,2,6,5,4,1,1,2,21,11,1.0317722843507988,-1.0405481686086338,1
209,6,1,1,11,12, , , ,2, , , , ,1,1,2,21,11,1.0317722843507988,-1.297022965350021,1
209,7,1,2,99,36,2,1,99,1,7,6,5,2,1,1,2,21,11,1.0317722843507988,-0.49719455341236296,2
209,9,1,1,11,95, , , ,1,2,8,90, ,1,2,2,21,11,1.0317722843507988,-0.24855917525954319,3
209,12,1,1,11,95, , , ,1,8,9,7,6,1,1,2,21,11,1.0317722843507988,-1.3354942091794593,1
209,16,1,1,13,24, , , ,1,1,2,90, ,1,1,2,21,11,1.0317722843507988,-0.5656652455838795,2
209,17,1,1,13,24, , , ,1,1,90, , ,2,1,2,21,11,1.0317722843507988,-0.18884198689355686,3
209,17,2,1,13,2, , , ,1,2,3,90, ,2,1,2,21,11,1.0317722843507988,-0.18884198689355686,3
209,18,1,9,11,95, , , ,2, , , , ,2,3,2,21,11,1.0317722843507988,0.666872754518229,4
209,18,2,9,11,95, , , ,2, , , , ,2,3,2,21,11,1.0317722843507988,0.666872754518229,4
210,1,1,2,11,12, , , ,2, , , , ,6,1,2,21,11,1.0317722843507988,0.4674492616473425,3
210,1,2,2,11,12, , , ,2, , , , ,6,1,2,21,11,1.0317722843507988,0.4674492616473425,3
210,1,3,2,11,12, , , ,2, , , , ,6,1,2,21,11,1.0317722843507988,0.4674492616473425,3
210,1,4,2,11,6, , , ,2, , , , ,6,1,2,21,11,1.0317722843507988,0.4674492616473425,3
210,1,5,2,11,6, , , ,2, , , , ,6,1,2,21,11,1.0317722843507988,0.4674492616473425,3
210,1,6,2,11,6, , , ,2, , , , ,6,1,2,21,11,1.0317722843507988,0.4674492616473425,3
210,3,1,1,11,9, , , ,1,2,1,90, ,1,3,2,21,11,1.0317722843507988,0.6673032993193645,4
210,6,1,1,11,2, , , ,2, , , , ,1,2,2,21,11,1.0317722843507988,-0.7914288125036645,2
210,7,1,1,13,2, , , ,2, , , , ,2,1,2,21,11,1.0317722843507988,-0.17878687430294976,3
210,7,2,1,12,2, , , ,2, , , , ,2,1,2,21,11,1.0317722843507988,-0.17878687430294976,3
210,9,1,2,98,12,1,2, ,2, , , , ,2,1,2,21,11,1.0317722843507988,0.07242419715475543,3
210,9,2,2,98,12,1,2, ,2, , , , ,2,1,2,21,11,1.0317722843507988,0.07242419715475543,3
210,12,1,2,18,24, , , ,1,1,90, , ,1,1,2,21,11,1.0317722843507988,-0.44208014797785417,2
210,15,1,2,11,3, , , ,2, , , , ,1,1,2,21,11,1.0317722843507988,-1.0464221861304515,1
211,2,1,1,11,12, , , ,1,2,3,90, ,1,1,2,21,11,1.0317722843507988,-0.6967130462382037,2
211,3,1,1,11,14, , , ,2, , , , ,1,1,2,21,11,1.0317722843507988,-1.4488248724342212,1
211,7,1,2,18,0, , , ,2, , , , ,1,1,2,21,11,1.0317722843507988,-0.9508010856634267,2
211,8,1,1,11,95, , , ,1,1,90, , ,2,1,2,21,11,1.0317722843507988,-0.3057136476251301,3
211,8,2,1,11,95, , , ,1,2,90, , ,2,1,2,21,11,1.0317722843507988,-0.3057136476251301,3
211,10,1,1,11,95, , , ,1,2,3,4,90,1,1,2,21,11,1.0317722843507988,-0.768554878486952,2
211,12,1,1,11,11, , , ,1,6,5,2,90,1,1,2,21,11,1.0317722843507988,-1.117815468058486,1
211,13,1,2,28,95, ,2, ,1,1,90, , ,1,1,2,21,11,1.0317722843507988,-1.0742211099443746,1
211,14,1,1,11,24, , , ,1,2,5,3,4,1,9,2,21,11,1.0317722843507988,-1.0475319047799392,1
211,15,1,1,11,12, , , ,1,1,90, , ,1,1,2,21,11,1.0317722843507988,-0.5397890612765371,2
211,18,1,1,11,95, , , ,2, , , , ,1,1,2,21,11,1.0317722843507988,-0.3581819865630672,3
212,1,1,2,14,9, , , ,2, , , , ,2,3,2,21,11,1.0317722843507988,0.5979099741732601,4
212,1,2,2,16,12, , , ,2, , , , ,2,3,2,21,11,1.0317722843507988,0.5979099741732601,4
212,2,1,2,98,95,2,2, ,2, , , , ,1,1,2,21,11,1.0317722843507988,-0.6332560226393263,2
212,3,1,2,98,95,1,2, ,2, , , , ,3,1,2,21,11,1.0317722843507988,0.331266689268682,3
212,3,2,2,98,95,1,2, ,2, , , , ,3,1,2,21,11,1.0317722843507988,0.331266689268682,3
212,3,3,2,98,95,1,2, ,2, , , , ,3,1,2,21,11,1.0317722843507988,0.331266689268682,3
212,6,1,1,11,12, , , ,1,4,2,3,90,1,2,2,21,11,1.0317722843507988,0.059992810982390864,3
212,7,1,2,11,12, , , ,1,2,5,6,7,1,1,2,21,11,1.0317722843507988,-0.6258501014901776,2
212,9,1,1,11,95, , , ,1,2,3,90, ,2,1,2,21,11,1.0317722843507988,0.6146851400844822,4
212,9,2,1,11,95, , , ,2, , , , ,2,1,2,21,11,1.0317722843507988,0.6146851400844822,4
212,10,1,1,11,4, , , ,1,2,1,90, ,3,1,2,21,11,1.0317722843507988,-0.6780444012152235,2
212,10,2,1,11,4, , , ,1,5,3,90, ,3,1,2,21,11,1.0317722843507988,-0.6780444012152235,2
212,10,3,1,11,4, , , ,2, , , , ,3,1,2,21,11,1.0317722843507988,-0.6780444012152235,2
212,11,1,1,13,7, , , ,1,2,3,4,90,2,2,2,21,11,1.0317722843507988,0.6339073379454583,4
212,11,2,1,13,12, , , ,2, , , , ,2,2,2,21,11,1.0317722843507988,0.6339073379454583,4
212,13,1,1,11,24, , , ,1,3,4,90, ,1,1,2,21,11,1.0317722843507988,-0.7788887855651468,2
212,14,1,2,98,95,2,2, ,1,3,4,5,90,1,1,2,21,11,1.0317722843507988,-0.7120004927056248,2
212,15,1,1,11,95, , , ,2, , , , ,1,3,2,21,11,1.0317722843507988,1.0224427949824788,4
212,17,1,2,11,95, , , ,1,1,90, , ,1,2,2,21,11,1.0317722843507988,-0.5363113786605692,2
212,18,1,1,15,7, , , ,2, , , , ,1,1,2,21,11,1.0317722843507988,0.4890006690133945,3
213,1,1,1,12,5, , , ,1,1,4,90, ,1,1,2,21,11,1.0317722843507988,-0.6153192324109585,2
213,3,1,1,11,15, , , ,1,4,5,90, ,2,1,2,21,11,1.0317722843507988,-0.8067740703484474,2
213,3,2,1,11,15, , , ,1,6,8,90, ,2,1,2,21,11,1.0317722843507988,-0.8067740703484474,2
213,5,1,1,14,13, , , ,2, , , , ,2,1,2,21,11,1.0317722843507988,0.18404390511110688,3
213,5,2,1,14,13, , , ,2, , , , ,2,1,2,21,11,1.0317722843507988,0.18404390511110688,3
213,7,1,1,11,3, , , ,2, , , , ,1,1,2,21,11,1.0317722843507988,-0.023395148002078793,3
213,11,1,1,11,5, , , ,2, , , , ,1,1,2,21,11,1.0317722843507988,0.5333017800594918,4
213,12,1,1,13,5, , , ,2, , , , ,1,1,2,21,11,1.0317722843507988,-0.7166759732615025,2
213,13,1,1,14,23, , , ,2, , , , ,3,1,2,21,11,1.0317722843507988,0.5599157600362423,4
213,13,2,1,15,23, , , ,2, , , , ,3,1,2,21,11,1.0317722843507988,0.5599157600362423,4
213,13,3,1,18,12, , , ,2, , , , ,3,1,2,21,11,1.0317722843507988,0.5599157600362423,4
213,14,1,1,14,12, , , ,1,2,5,90, ,2,3,2,21,11,1.0317722843507988,0.9065862343376037,4
213,14,2,1,15,12, , , ,1,3,4,90, ,2,3,2,21,11,1.0317722843507988,0.9065862343376037,4
213,16,1,1,11,95, , , ,1,2,4,5,6,1,1,2,21,11,1.0317722843507988,-1.3102856509202123,1
213,17,1,1,11,6, , , ,1,2,5,90, ,3,2,2,21,11,1.0317722843507988,0.4021783029267608,3
213,17,2,1,11,6, , , ,1,6,90, , ,3,2,2,21,11,1.0317722843507988,0.4021783029267608,3
213,17,3,1,11,6, , , ,1,8,90, , ,3,2,2,21,11,1.0317722843507988,0.4021783029267608,3
213,18,1,1,11,95, , , ,2, , , , ,1,2,2,21,11,1.0317722843507988,-0.004496747300693084,3
214,1,1,1,13,95, , , ,2, , , , ,1,1,2,21,11,1.0317722843507988,-0.9705300479478335,2
214,5,1,2,14,13, , , ,2, , , , ,2,1,2,21,11,1.0317722843507988,-0.7589891544283631,2
214,5,2,2,14,13, , , ,2, , , , ,2,1,2,21,11,1.0317722843507988,-0.7589891544283631,2
214,6,1,1,11,14, , , ,2, , , , ,1,1,2,21,11,1.0317722843507988,-1.172969270360556,1
214,9,1,1,11,3, , , ,1,2,3,90, ,2,1,2,21,11,1.0317722843507988,-1.1447247600199704,1
214,9,2,1,11,95, , , ,2, , , , ,2,1,2,21,11,1.0317722843507988,-1.1447247600199704,1
214,11,1,1,11,95, , , ,1,2,3,90, ,2,1,2,21,11,1.0317722843507988,-0.9126847607523603,2
214,11,2,1,11,95, , , ,2, , , , ,2,1,2,21,11,1.0317722843507988,-0.9126847607523603,2
214,12,1,1,11,95, , , ,1,1,2,3,4,1,1,2,21,11,1.0317722843507988,-0.9756588547401899,2
214,15,1,1,18,23, , , ,1,2,7,8,90,2,1,2,21,11,1.0317722843507988,-0.6807961709071086,2
214,15,2,1,18,23, , , ,1,6,5,90, ,2,1,2,21,11,1.0317722843507988,-0.6807961709071086,2
214,17,1,1,11,12, , , ,1,2,7,3,90,1,1,2,21,11,1.0317722843507988,-0.10956676406095274,3
214,18,1,1,98,24,1,1,12,2, , , , ,1,1,2,21,11,1.0317722843507988,-1.1123402977957793,1
215,2,1,1,11,9, , , ,1,6,5,7,8,1,1,2,21,11,1.0317722843507988,-1.1324552807216608,1
215,3,1,1,11,5, , , ,1,3,7,9,5,2,1,2,21,11,1.0317722843507988,-0.9232818983948476,2
215,3,2,1,11,6, , , ,1,2,8,90, ,2,1,2,21,11,1.0317722843507988,-0.9232818983948476,2
215,4,1,1,14,5, , , ,1,2,4,90, ,1,2,2,21,11,1.0317722843507988,-0.628540784209146,2
215,5,1,1,11,12, , , ,1,3,4,90, ,2,2,2,21,11,1.0317722843507988,-0.8362755049481577,2
215,5,2,1,11,12, , , ,2, , , , ,2,2,2,21,11,1.0317722843507988,-0.8362755049481577,2
215,6,1,1,11,14, , , ,1,1,2,3,4,1,3,2,21,11,1.0317722843507988,-1.0024168542931062,2
215,7,1,1,11,5, , , ,1,2,8,90, ,2,1,2,21,11,1.0317722843507988,-0.9524832286438256,2
215,7,2,1,11,5, , , ,1,4,7,6,90,2,1,2,21,11,1.0317722843507988,-0.9524832286438256,2
215,11,1,2,18,6, , , ,2, , , , ,1,2,2,21,11,1.0317722843507988,-0.9941180185281051,2
215,12,1,1,11,95, , , ,1,2,6,4,5,1,1,2,21,11,1.0317722843507988,-1.0113523847376686,2
215,13,1,1,11,16, , , ,1,3,11,6,7,1,1,2,21,11,1.0317722843507988,-0.9620014704919787,2
215,14,1,1,11,12, , , ,1,2,5,6,7,2,1,2,21,11,1.0317722843507988,-0.7417340260917888,2
215,14,2,1,11,12, , , ,1,3,90, , ,2,1,2,21,11,1.0317722843507988,-0.7417340260917888,2
215,15,1,1,13,24, , , ,1,2,7,6,8,2,1,2,21,11,1.0317722843507988,-1.0539013379575612,1
215,15,2,1,13,17, , , ,1,9,3,5,4,2,1,2,21,11,1.0317722843507988,-1.0539013379575612,1
215,17,1,1,11,5, , , ,1,2,8,7,6,1,2,2,21,11,1.0317722843507988,-0.7504893829964345,2
216,3,1,1,13,12, , , ,1,2,6,7,90,1,1,2,21,11,1.0317722843507988,-0.07727180950335785,3
216,9,1,2,18,95, , , ,2, , , , ,1,1,2,21,11,1.0317722843507988,-1.085395595674414,1
217,17,1,2,14,98, , , ,2, , , , ,2,2,2,21,11,1.0317722843507988,0.4206576498671451,3
217,17,2,2,14,98, , , ,2, , , , ,2,2,2,21,11,1.0317722843507988,0.4206576498671451,3
217,18,1,1,26,95, ,8, ,1,6,90, , ,1,1,2,21,11,1.0317722843507988,0.13069751141041175,3
219,6,1,2,18,6, , , ,2, , , , ,1,2,2,21,11,1.0317722843507988,-0.5632901845521796,2
220,16,1,2,98,1,9,1,2,1,2,90, , ,1,1,2,21,11,1.0317722843507988,-1.1775672057391682,1
220,17,1,2,14,3, , , ,1,1,90, , ,1,1,2,21,11,1.0317722843507988,-0.8274637358574654,2
222,1,1,1,12,7, , , ,2, , , , ,1,1,2,21,11,1.0317722843507988,-1.1492117521296579,1
223,3,1,1,13,4, , , ,1,2,3,90, ,1,1,2,21,11,1.0317722843507988,-1.240051917107797,1
223,5,1,1,11,2, , , ,1,6,5,4,90,1,1,2,21,11,1.0317722843507988,-0.79284174181802,2
223,6,1,1,12,24, , , ,1,1,2,3,90,1,1,2,21,11,1.0317722843507988,-0.6784585946298695,2
223,8,1,1,13,6, , , ,1,1,2,6,7,1,1,2,21,11,1.0317722843507988,-0.5664390933482264,2
223,9,1,2,11,12, , , ,1,3,5,6,7,2,1,2,21,11,1.0317722843507988,-0.7399436735642073,2
223,9,2,2,11,12, , , ,1,1,4,90, ,2,1,2,21,11,1.0317722843507988,-0.7399436735642073,2
223,10,1,1,11,6, , , ,1,1,2,90, ,1,2,2,21,11,1.0317722843507988,-0.5251559378658175,2
223,11,1,2,98,95,2,2, ,1,1,2,3,90,1,1,2,21,11,1.0317722843507988,-0.0757493571636804,3
223,12,1,1,18,95, , , ,1,1,4,90, ,1,1,2,21,11,1.0317722843507988,-0.0862612588490595,3
223,13,1,1,13,98, , , ,2, , , , ,1,9,2,21,11,1.0317722843507988,-0.26466829116202384,3
223,15,1,1,13,95, , , ,1,1,2,90, ,1,3,2,21,11,1.0317722843507988,0.811027596894335,4
223,16,1,1,11,6, , , ,1,1,2,90, ,2,1,2,21,11,1.0317722843507988,-0.7274585650500048,2
223,16,2,1,11,6, , , ,1,3,90, , ,2,1,2,21,11,1.0317722843507988,-0.7274585650500048,2
223,17,1,2,18,95, , , ,1,1,5,90, ,2,1,2,21,11,1.0317722843507988,-0.5623084151628557,2
223,17,2,2,18,95, , , ,1,6,4,2,90,2,1,2,21,11,1.0317722843507988,-0.5623084151628557,2
224,1,1,1,13,1, , , ,1,2,3,4,90,1,2,2,21,11,1.0317722843507988,-0.3995777316814928,3
224,2,1,1,11,24, , , ,1,2,5,90, ,3,3,2,21,11,1.0317722843507988,0.19156228032311418,3
224,2,2,1,11,24, , , ,1,3,90, , ,3,3,2,21,11,1.0317722843507988,0.19156228032311418,3
224,2,3,1,11,24, , , ,1,6,90, , ,3,3,2,21,11,1.0317722843507988,0.19156228032311418,3
224,3,1,1,13,7, , , ,1,2,90, , ,1,2,2,21,11,1.0317722843507988,0.38403244845602974,3
224,4,1,1,11,24, , , ,1,2,11,90, ,4,3,2,21,11,1.0317722843507988,0.6827883610813429,4
224,4,2,1,11,24, , , ,1,9,90, , ,4,3,2,21,11,1.0317722843507988,0.6827883610813429,4
224,4,3,1,11,24, , , ,1,7,10,90, ,4,3,2,21,11,1.0317722843507988,0.6827883610813429,4
224,4,4,1,11,24, , , ,1,8,90, , ,4,3,2,21,11,1.0317722843507988,0.6827883610813429,4
224,5,1,2,11,24, , , ,1,1,6,90, ,2,1,2,21,11,1.0317722843507988,-0.3241900534417328,3
224,5,2,2,11,24, , , ,1,5,4,90, ,2,1,2,21,11,1.0317722843507988,-0.3241900534417328,3
224,6,1,1,11,95, , , ,2, , , , ,1,2,2,21,11,1.0317722843507988,0.4300935689074723,3
224,7,1,1,11,95, , , ,2, , , , ,1,1,2,21,11,1.0317722843507988,0.2525484037778007,3
224,8,1,1,14,16, , , ,1,2,90, , ,3,1,2,21,11,1.0317722843507988,0.8311573866489141,4
224,8,2,1,14,16, , , ,1,5,6,90, ,3,1,2,21,11,1.0317722843507988,0.8311573866489141,4
224,8,3,1,14,16, , , ,1,4,90, , ,3,1,2,21,11,1.0317722843507988,0.8311573866489141,4
224,9,1,1,14,3, , , ,1,3,4,90, ,1,2,2,21,11,1.0317722843507988,0.26399924588365214,3
224,10,1,2,18,95, , , ,1,5,1,90, ,2,3,2,21,11,1.0317722843507988,-0.31162898382746046,3
224,10,2,2,18,95, , , ,2, , , , ,2,3,2,21,11,1.0317722843507988,-0.31162898382746046,3
224,11,1,2,18,95, , , ,2, , , , ,3,3,2,21,11,1.0317722843507988,0.7340100368025952,4
224,11,2,1,18,95, , , ,2, , , , ,3,3,2,21,11,1.0317722843507988,0.7340100368025952,4
224,11,3,1,18,95, , , ,2, , , , ,3,3,2,21,11,1.0317722843507988,0.7340100368025952,4
224,12,1,1,11,95, , , ,1,2,10,90, ,2,3,2,21,11,1.0317722843507988,0.010375298731717067,3
224,12,2,1,11,1, , , ,1,3,5,6,90,2,3,2,21,11,1.0317722843507988,0.010375298731717067,3
224,13,1,2,11,95, , , ,1,1,90, , ,3,3,2,21,11,1.0317722843507988,0.5081173009721688,3
224,13,2,1,11,95, , , ,2, , , , ,3,3,2,21,11,1.0317722843507988,0.5081173009721688,3
224,13,3,2,11,95, , , ,2, , , , ,3,3,2,21,11,1.0317722843507988,0.5081173009721688,3
224,14,1,1,11,95, , , ,1,6,7,9,8,1,3,2,21,11,1.0317722843507988,-0.6919214104452046,2
224,15,1,1,11,2, , , ,1,2,3,90, ,1,2,2,21,11,1.0317722843507988,-0.22678281342409062,3
224,16,1,1,11,95, , , ,1,1,2,90, ,2,1,2,21,11,1.0317722843507988,0.5715512834363495,4
224,16,2,1,11,95, , , ,2, , , , ,2,1,2,21,11,1.0317722843507988,0.5715512834363495,4
224,17,1,1,11,95, , , ,1,1,90, , ,2,1,2,21,11,1.0317722843507988,-0.6914722268770792,2
224,17,2,2,11,95, , , ,2, , , , ,2,1,2,21,11,1.0317722843507988,-0.6914722268770792,2
224,18,1,1,11,95, , , ,1,1,2,8,7,2,2,2,21,11,1.0317722843507988,-0.7073658749715287,2
224,18,2,1,11,95, , , ,1,3,4,90, ,2,2,2,21,11,1.0317722843507988,-0.7073658749715287,2
225,2,1,2,18,95, , , ,2, , , , ,2,1,2,21,11,1.0317722843507988,-1.0060105611150176,2
225,2,2,2,18,95, , , ,2, , , , ,2,1,2,21,11,1.0317722843507988,-1.0060105611150176,2
225,15,1,2,98,95,8,2, ,2, , , , ,1,1,2,21,11,1.0317722843507988,-1.3040398532201944,1
226,1,1,1,15,95, , , ,1,3,4,5,90,1,3,2,21,11,1.0317722843507988,-0.4406697888574649,2
226,2,1,1,13,95, , , ,1,1,90, , ,2,2,2,21,11,1.0317722843507988,0.40295751396604634,3
226,2,2,1,13,95, , , ,2, , , , ,2,2,2,21,11,1.0317722843507988,0.40295751396604634,3
226,6,1,2,11,19, , , ,1,2,90, , ,2,1,2,21,11,1.0317722843507988,-0.24239576084198772,3
226,6,2,2,11,19, , , ,1,5,90, , ,2,1,2,21,11,1.0317722843507988,-0.24239576084198772,3
226,12,1,1,13,95, , , ,1,2,7,90, ,2,1,2,21,11,1.0317722843507988,-1.2532801661110464,1
226,12,2,1,13,95, , , ,1,1,6,90, ,2,1,2,21,11,1.0317722843507988,-1.2532801661110464,1
226,13,1,1,11,95, , , ,1,2,8,90, ,2,1,2,21,11,1.0317722843507988,-0.8054339986638892,2
226,13,2,1,11,95, , , ,1,1,5,6,90,2,1,2,21,11,1.0317722843507988,-0.8054339986638892,2
226,14,1,1,11,95, , , ,1,2,5,90, ,2,1,2,21,11,1.0317722843507988,-0.6670269854057869,2
226,14,2,1,11,95, , , ,1,1,90, , ,2,1,2,21,11,1.0317722843507988,-0.6670269854057869,2
226,15,1,1,11,95, , , ,1,1,90, , ,1,1,2,21,11,1.0317722843507988,-0.7501298844091402,2
226,17,1,1,12,95, , , ,1,2,9,90, ,2,1,2,21,11,1.0317722843507988,-0.650077801174489,2
226,17,2,2,99,99,9,9, ,2, , , , ,2,1,2,21,11,1.0317722843507988,-0.650077801174489,2
226,18,1,2,11,6, , , ,1,1,90, , ,2,1,2,21,11,1.0317722843507988,-0.9628372767097825,2
226,18,2,2,11,6, , , ,1,2,3,90, ,2,1,2,21,11,1.0317722843507988,-0.9628372767097825,2
227,16,1,1,14,95, , , ,2, , , , ,2,1,2,21,11,1.0317722843507988,-0.666856965049978,2
227,16,2,1,14,95, , , ,2, , , , ,2,1,2,21,11,1.0317722843507988,-0.666856965049978,2
228,1,1,2,26,1, ,2, ,1,1,8,7,90,1,1,2,21,11,1.0317722843507988,-1.2610151730887225,1
228,5,1,2,26,95, ,2, ,1,2,8,9,10,2,1,2,21,11,1.0317722843507988,-1.2976235883380225,1
228,5,2,2,26,9, ,2, ,1,1,90, , ,2,1,2,21,11,1.0317722843507988,-1.2976235883380225,1
228,7,1,1,12,1, , , ,2, , , , ,1,2,2,21,11,1.0317722843507988,-0.937566846548897,2
228,9,1,9,13,0, , , ,1,2,1,3,5,1,1,2,21,11,1.0317722843507988,-1.2094250740060408,1
229,1,1,1,11,95, , , ,1,1,2,3,4,2,1,2,21,11,1.0317722843507988,-1.3062735318015175,1
229,1,2,1,11,95, , , ,1,5,6,7,8,2,1,2,21,11,1.0317722843507988,-1.3062735318015175,1
229,2,1,9,11,11, , , ,1,1,2,3,90,1,1,2,21,11,1.0317722843507988,-0.6776478560666075,2
229,3,1,1,18,95, , , ,1,1,2,90, ,1,1,2,21,11,1.0317722843507988,-0.33860311673588683,3
229,4,1,1,11,24, , , ,2, , , , ,1,1,2,21,11,1.0317722843507988,-0.8997503972709203,2
229,5,1,1,11,24, , , ,2, , , , ,1,1,2,21,11,1.0317722843507988,-0.8689399094795559,2
229,6,1,1,13,5, , , ,1,1,90, , ,1,2,2,21,11,1.0317722843507988,-0.7604309620683027,2
229,7,1,1,13,0, , , ,1,1,2,90, ,1,1,2,21,11,1.0317722843507988,-0.12945341238558508,3
229,10,1,1,11,95, , , ,1,2,8,7,6,1,1,2,21,11,1.0317722843507988,-1.1679819751262486,1
229,13,1,1,11,12, , , ,1,2,7,90, ,2,3,2,21,11,1.0317722843507988,-0.8722957196022133,2
229,13,2,1,11,12, , , ,2, , , , ,2,3,2,21,11,1.0317722843507988,-0.8722957196022133,2
229,14,1,1,11,5, , , ,2, , , , ,1,1,2,21,11,1.0317722843507988,-1.1444034134355685,1
229,15,1,1,11,36, , , ,2, , , , ,2,1,2,21,11,1.0317722843507988,-0.9080033613097934,2
229,15,2,1,11,36, , , ,2, , , , ,2,1,2,21,11,1.0317722843507988,-0.9080033613097934,2
229,16,1,1,11,95, , , ,1,3,90, , ,2,1,2,21,11,1.0317722843507988,-0.7952091268354273,2
229,16,2,1,13,3, , , ,2, , , , ,2,1,2,21,11,1.0317722843507988,-0.7952091268354273,2
229,17,1,1,13,6, , , ,2, , , , ,1,1,2,21,11,1.0317722843507988,-0.6592873055953901,2
229,18,1,1,11,12, , , ,2, , , , ,2,1,2,21,11,1.0317722843507988,-0.99278756286637,2
229,18,2,1,11,12, , , ,2, , , , ,2,1,2,21,11,1.0317722843507988,-0.99278756286637,2
230,4,1,1,18,16, , , ,1,5,6,90, ,1,9,2,21,11,1.0317722843507988,-0.7784809863660135,2
230,5,1,9,13,95, , , ,2, , , , ,1,1,2,21,11,1.0317722843507988,-1.0037858983604575,2
230,9,1,1,11,95, , , ,1,2,3,90, ,1,1,2,21,11,1.0317722843507988,-0.670752251412182,2
230,10,1,2,13,2, , , ,2, , , , ,3,1,2,21,11,1.0317722843507988,-1.162045716804662,1
230,10,2,2,13,2, , , ,2, , , , ,3,1,2,21,11,1.0317722843507988,-1.162045716804662,1
230,10,3,2,13,2, , , ,2, , , , ,3,1,2,21,11,1.0317722843507988,-1.162045716804662,1
230,12,1,1,11,24, , , ,1,2,3,4,6,1,1,2,21,11,1.0317722843507988,-1.0104314292660568,2
230,18,1,1,11,95, , , ,2, , , , ,1,2,2,21,11,1.0317722843507988,-0.4877908228314702,2
232,2,1,1,11,5, , , ,2, , , , ,3,2,2,21,11,1.0317722843507988,-0.35390425596473607,3
232,2,2,1,11,5, , , ,2, , , , ,3,2,2,21,11,1.0317722843507988,-0.35390425596473607,3
232,2,3,1,11,5, , , ,2, , , , ,3,2,2,21,11,1.0317722843507988,-0.35390425596473607,3
232,12,1,1,11,95, , , ,2, , , , ,1,1,2,21,11,1.0317722843507988,-0.8391804405460568,2
232,16,1,1,11,95, , , ,1,4,5,90, ,1,1,2,21,11,1.0317722843507988,-0.905826815750404,2
232,17,1,1,12,2, , , ,1,1,90, , ,2,1,2,21,11,1.0317722843507988,-0.7603469305818835,2
232,17,2,1,11,2, , , ,1,2,90, , ,2,1,2,21,11,1.0317722843507988,-0.7603469305818835,2
233,2,1,1,11,1, , , ,1,2,1,3,90,3,3,1,11,15,0.8292090482313764,1.12018251508725,4
233,2,2,1,11,1, , , ,1,4,90, , ,3,3,1,11,15,0.8292090482313764,1.12018251508725,4
233,2,3,1,11,1, , , ,2, , , , ,3,3,1,11,15,0.8292090482313764,1.12018251508725,4
233,3,1,1,11,95, , , ,2, , , , ,2,1,1,11,15,0.8292090482313764,-0.2535986727267606,3
233,3,2,1,11,95, , , ,2, , , , ,2,1,1,11,15,0.8292090482313764,-0.2535986727267606,3
233,4,1,2,11,2, , , ,2, , , , ,2,1,1,11,15,0.8292090482313764,0.9567350618624537,4
233,4,2,2,11,2, , , ,2, , , , ,2,1,1,11,15,0.8292090482313764,0.9567350618624537,4
233,9,1,2,98,95,9,9, ,1,1,90, , ,1,1,1,11,15,0.8292090482313764,0.38754459686784654,3
233,18,1,1,11,95, , , ,1,1,8,90, ,1,1,1,11,15,0.8292090482313764,0.8092526309398123,4
234,2,1,1,18,95, , , ,1,5,6,7,8,1,3,1,11,15,0.8292090482313764,0.01733478420329429,3
234,3,1,1,11,6, , , ,1,3,90, , ,1,1,1,11,15,0.8292090482313764,-0.989212948434882,2
234,4,1,1,13,95, , , ,2, , , , ,2,1,1,11,15,0.8292090482313764,-1.0742758675090438,1
234,4,2,1,13,95, , , ,2, , , , ,2,1,1,11,15,0.8292090482313764,-1.0742758675090438,1
234,8,1,1,18,95, , , ,1,2,3,90, ,1,2,1,11,15,0.8292090482313764,0.09506604204533761,3
234,9,1,1,11,4, , , ,1,1,2,90, ,3,9,1,11,15,0.8292090482313764,0.6397050571614802,4
234,9,2,1,11,95, , , ,1,3,90, , ,3,9,1,11,15,0.8292090482313764,0.6397050571614802,4
234,9,3,1,11,95, , , ,1,4,90, , ,3,9,1,11,15,0.8292090482313764,0.6397050571614802,4
234,11,1,1,11,6, , , ,1,5,90, , ,1,3,1,11,15,0.8292090482313764,-0.6823823493953076,2
234,12,1,2,13,9, , , ,2, , , , ,1,1,1,11,15,0.8292090482313764,0.6526987801584925,4
234,14,1,1,11,12, , , ,1,12,2,90, ,2,1,1,11,15,0.8292090482313764,-0.6447744556933788,2
234,14,2,1,11,12, , , ,2, , , , ,2,1,1,11,15,0.8292090482313764,-0.6447744556933788,2
234,15,1,1,11,24, , , ,1,9,10,90, ,3,9,1,11,15,0.8292090482313764,-0.022888548555895248,3
234,15,2,1,11,24, , , ,2, , , , ,3,9,1,11,15,0.8292090482313764,-0.022888548555895248,3
234,15,3,1,11,95, , , ,2, , , , ,3,9,1,11,15,0.8292090482313764,-0.022888548555895248,3
234,16,1,1,11,95, , , ,1,2,3,90, ,2,1,1,11,15,0.8292090482313764,0.46597866817626354,3
234,16,2,1,11,95, , , ,1,4,5,90, ,2,1,1,11,15,0.8292090482313764,0.46597866817626354,3
235,1,1,1,11,5, , , ,1,2,9,1,90,1,3,2,21,15,1.095020309777656,-0.24085703061587443,3
235,2,1,1,11,2, , , ,2, , , , ,4,3,2,21,15,1.095020309777656,0.8970419483085987,4
235,2,2,1,11,2, , , ,2, , , , ,4,3,2,21,15,1.095020309777656,0.8970419483085987,4
235,2,3,1,11,4, , , ,2, , , , ,4,3,2,21,15,1.095020309777656,0.8970419483085987,4
235,2,4,1,11,4, , , ,2, , , , ,4,3,2,21,15,1.095020309777656,0.8970419483085987,4
235,3,1,1,13,5, , , ,1,2,3,4,5,2,1,2,21,15,1.095020309777656,0.2993949849161833,3
235,3,2,1,13,5, , , ,1,6,7,9,90,2,1,2,21,15,1.095020309777656,0.2993949849161833,3
235,4,1,1,11,24, , , ,1,1,90, , ,2,3,2,21,15,1.095020309777656,1.2579351702009989,5
235,4,2,1,11,24, , , ,1,2,90, , ,2,3,2,21,15,1.095020309777656,1.2579351702009989,5
235,5,1,1,11,3, , , ,1,1,90, , ,3,1,2,21,15,1.095020309777656,0.40156416843092474,3
235,5,2,1,11,3, , , ,1,2,5,90, ,3,1,2,21,15,1.095020309777656,0.40156416843092474,3
235,5,3,1,11,3, , , ,1,0,90, , ,3,1,2,21,15,1.095020309777656,0.40156416843092474,3
235,6,1,2,11,1, , , ,1,2,3,4,5,1,1,2,21,15,1.095020309777656,-1.1421400298917506,1
235,7,1,1,11,2, , , ,1,1,2,3,4,1,2,2,21,15,1.095020309777656,-1.1618361746558907,1
235,8,1,2,18,2, , , ,1,1,90, , ,2,3,2,21,15,1.095020309777656,-0.2667304305670028,3
235,8,2,2,18,2, , , ,1,4,6,90, ,2,3,2,21,15,1.095020309777656,-0.2667304305670028,3
235,10,1,1,11,2, , , ,1,2,90, , ,2,1,2,21,15,1.095020309777656,0.7295485592330302,4
235,10,2,1,11,2, , , ,1,1,4,5,0,2,1,2,21,15,1.095020309777656,0.7295485592330302,4
235,11,1,1,11,1, , , ,1,1,90, , ,2,1,2,21,15,1.095020309777656,-0.6604554727439023,2
235,11,2,1,11,1, , , ,1,9,10,90, ,2,1,2,21,15,1.095020309777656,-0.6604554727439023,2
235,12,1,1,11,5, , , ,1,1,2,90, ,1,1,2,21,15,1.095020309777656,-0.5466100692781671,2
235,13,1,1,11,1, , , ,1,6,7,90, ,3,3,2,21,15,1.095020309777656,0.13927376016770598,3
235,13,2,1,11,1, , , ,1,4,5,90, ,3,3,2,21,15,1.095020309777656,0.13927376016770598,3
235,13,3,1,11,1, , , ,1,1,90, , ,3,3,2,21,15,1.095020309777656,0.13927376016770598,3
235,14,1,1,11,1, , , ,1,2,9,10,90,2,2,2,21,15,1.095020309777656,-0.08748570463656355,3
235,14,2,1,11,1, , , ,1,1,90, , ,2,2,2,21,15,1.095020309777656,-0.08748570463656355,3
235,15,1,1,11,1, , , ,2, , , , ,2,1,2,21,15,1.095020309777656,0.6143196834284752,4
235,15,2,1,11,1, , , ,2, , , , ,2,1,2,21,15,1.095020309777656,0.6143196834284752,4
235,16,1,1,11,2, , , ,1,1,2,3,90,1,1,2,21,15,1.095020309777656,0.6692730485381609,4
235,17,1,1,11,2, , , ,1,2,90, , ,2,3,2,21,15,1.095020309777656,-1.3033825735989457,1
235,17,2,1,11,2, , , ,1,9,11,10,90,2,3,2,21,15,1.095020309777656,-1.3033825735989457,1
235,18,1,1,11,2, , , ,1,1,90, , ,1,1,2,21,15,1.095020309777656,-0.7940876787201294,2
236,2,1,1,11,5, , , ,2, , , , ,2,1,2,21,15,1.095020309777656,-0.4830954757604909,2
236,2,2,1,11,5, , , ,2, , , , ,2,1,2,21,15,1.095020309777656,-0.4830954757604909,2
236,3,1,1,11,0, , , ,2, , , , ,1,1,2,21,15,1.095020309777656,-1.04447578490984,1
236,5,1,1,11,95, , , ,2, , , , ,1,9,2,21,15,1.095020309777656,-0.05752092264177813,3
236,7,1,1,11,1, , , ,1,7,8,3,90,2,9,2,21,15,1.095020309777656,-1.0923351376892596,1
236,7,2,1,11,1, , , ,2, , , , ,2,9,2,21,15,1.095020309777656,-1.0923351376892596,1
236,8,1,1,11,1, , , ,2, , , , ,2,1,2,21,15,1.095020309777656,-0.7132254120078317,2
236,8,2,1,11,1, , , ,2, , , , ,2,1,2,21,15,1.095020309777656,-0.7132254120078317,2
236,9,1,1,11,2, , , ,2, , , , ,2,1,2,21,15,1.095020309777656,-1.1999185105583214,1
236,9,2,1,11,2, , , ,2, , , , ,2,1,2,21,15,1.095020309777656,-1.1999185105583214,1
236,10,1,1,11,2, , , ,1,1,4,5,90,1,1,2,21,15,1.095020309777656,-0.8212735721616947,2
236,11,1,1,11,3, , , ,1,1,90, , ,1,1,2,21,15,1.095020309777656,-0.7924381487773074,2
236,12,1,1,11,5, , , ,1,1,2,5,90,1,2,2,21,15,1.095020309777656,-1.227105625076467,1
236,15,1,1,11,1, , , ,1,1,3,5,7,1,1,2,21,15,1.095020309777656,-1.3265883010630777,1
236,16,1,1,11,6, , , ,1,2,10,9,8,1,2,2,21,15,1.095020309777656,-0.6458615899902008,2
236,17,1,1,11,2, , , ,1,1,90, , ,1,1,2,21,15,1.095020309777656,-0.7891518984754605,2
236,18,1,1,11,3, , , ,2, , , , ,1,1,2,21,15,1.095020309777656,-0.7490979158828426,2
237,1,1,1,11,2, , , ,1,2,3,90, ,2,1,2,21,15,1.095020309777656,-0.37667976254059254,3
237,1,2,1,11,2, , , ,2, , , , ,2,1,2,21,15,1.095020309777656,-0.37667976254059254,3
237,2,1,1,11,2, , , ,1,2,6,90, ,1,1,2,21,15,1.095020309777656,-0.9567582963629525,2
237,3,1,1,11,1, , , ,1,12,11,13,8,2,1,2,21,15,1.095020309777656,-0.882464353128938,2
237,3,2,1,11,1, , , ,2, , , , ,2,1,2,21,15,1.095020309777656,-0.882464353128938,2
237,4,1,1,11,1, , , ,1,3,4,5,90,1,3,2,21,15,1.095020309777656,-1.0106158958588627,2
237,5,1,2,11,1, , , ,1,2,6,7,8,1,1,2,21,15,1.095020309777656,-1.1207322905963462,1
237,6,1,2,11,1, , , ,1,2,9,10,90,1,1,2,21,15,1.095020309777656,-1.2306908381800652,1
237,7,1,1,11,1, , , ,2, , , , ,1,1,2,21,15,1.095020309777656,-0.9524915432854929,2
237,8,1,1,11,1, , , ,1,2,12,90, ,2,1,2,21,15,1.095020309777656,-1.0795303639595974,1
237,8,2,1,11,1, , , ,1,1,3,7,90,2,1,2,21,15,1.095020309777656,-1.0795303639595974,1
237,9,1,1,11,1, , , ,1,1,2,90, ,2,2,2,21,15,1.095020309777656,0.45401603770543764,3
237,9,2,1,11,1, , , ,2, , , , ,2,2,2,21,15,1.095020309777656,0.45401603770543764,3
237,10,1,1,11,1, , , ,2, , , , ,1,1,2,21,15,1.095020309777656,-0.5344648077989471,2
237,11,1,1,11,0, , , ,1,1,2,4,5,1,1,2,21,15,1.095020309777656,-0.8826651317586651,2
237,12,1,1,11,0, , , ,1,1,2,3,4,1,1,2,21,15,1.095020309777656,-0.8643609241340151,2
237,13,1,1,12,16, , , ,1,1,2,90, ,1,1,2,21,15,1.095020309777656,-0.16957015305444123,3
237,14,1,1,12,23, , , ,1,1,3,90, ,2,1,2,21,15,1.095020309777656,-0.16185369797721966,3
237,14,2,1,12,18, , , ,1,2,4,90, ,2,1,2,21,15,1.095020309777656,-0.16185369797721966,3
237,15,1,1,11,23, , , ,1,1,2,90, ,2,1,2,21,15,1.095020309777656,-0.6808645128066021,2
237,15,2,1,11,23, , , ,2, , , , ,2,1,2,21,15,1.095020309777656,-0.6808645128066021,2
237,16,1,1,12,1, , , ,1,1,3,4,90,2,2,2,21,15,1.095020309777656,-1.05935711268445,1
237,16,2,1,12,1, , , ,1,2,5,6,90,2,2,2,21,15,1.095020309777656,-1.05935711268445,1
237,17,1,1,11,95, , , ,1,4,5,3,6,2,3,2,21,15,1.095020309777656,-0.7731182003598557,2
237,17,2,1,11,95, , , ,1,2,10,9,8,2,3,2,21,15,1.095020309777656,-0.7731182003598557,2
237,18,1,1,11,1, , , ,1,5,6,7,90,1,2,2,21,15,1.095020309777656,-1.4044764483147647,1
238,1,1,1,11,1, , , ,1,1,2,3,4,1,1,2,21,15,1.095020309777656,-1.1960799915328086,1
238,2,1,1,12,1, , , ,1,2,3,90, ,1,2,2,21,15,1.095020309777656,-0.7835398813214429,2
238,3,1,1,11,2, , , ,1,1,2,4,90,2,2,2,21,15,1.095020309777656,-1.1526220561737304,1
238,3,2,1,11,2, , , ,1,3,90, , ,2,2,2,21,15,1.095020309777656,-1.1526220561737304,1
238,5,1,1,11,1, , , ,1,3,4,5,6,2,1,2,21,15,1.095020309777656,-1.0930474039977867,1
238,5,2,1,11,1, , , ,1,2,7,90, ,2,1,2,21,15,1.095020309777656,-1.0930474039977867,1
238,6,1,1,11,1, , , ,1,1,2,3,4,1,1,2,21,15,1.095020309777656,-1.1558495216699707,1
238,7,1,1,11,2, , , ,1,2,3,4,90,1,9,2,21,15,1.095020309777656,-1.006125236111909,2
238,8,1,1,11,2, , , ,1,2,3,4,90,1,1,2,21,15,1.095020309777656,-0.8665488280123662,2
238,9,1,1,11,12, , , ,1,2,7,90, ,2,9,2,21,15,1.095020309777656,-0.6442343879637686,2
238,9,2,1,11,12, , , ,1,4,8,90, ,2,9,2,21,15,1.095020309777656,-0.6442343879637686,2
238,10,1,1,12,95, , , ,1,3,4,5,6,1,9,2,21,15,1.095020309777656,-0.8899149909632144,2
238,11,1,1,11,24, , , ,1,2,3,5,6,1,2,2,21,15,1.095020309777656,-0.8492780466638928,2
238,12,1,1,98,28,8,2, ,1,1,90, , ,1,1,2,21,15,1.095020309777656,-1.1700309890832492,1
238,13,1,1,11,4, , , ,1,1,4,3,90,2,1,2,21,15,1.095020309777656,-0.5726037733423035,2
238,13,2,1,11,3, , , ,1,2,90, , ,2,1,2,21,15,1.095020309777656,-0.5726037733423035,2
238,14,1,1,11,1, , , ,1,4,5,6,7,1,1,2,21,15,1.095020309777656,-0.9054599841569756,2
238,15,1,1,11,3, , , ,1,2,9,6,90,2,1,2,21,15,1.095020309777656,-0.963592122072389,2
238,15,2,1,11,3, , , ,1,3,7,8,90,2,1,2,21,15,1.095020309777656,-0.963592122072389,2
238,16,1,1,11,1, , , ,2, , , , ,2,1,2,21,15,1.095020309777656,-1.0678515296205031,1
238,16,2,1,11,1, , , ,2, , , , ,2,1,2,21,15,1.095020309777656,-1.0678515296205031,1
238,17,1,1,11,1, , , ,1,2,3,6,7,2,2,2,21,15,1.095020309777656,-0.9663827517705378,2
238,17,2,1,11,1, , , ,2, , , , ,2,2,2,21,15,1.095020309777656,-0.9663827517705378,2
238,18,1,1,11,1, , , ,2, , , , ,2,1,2,21,15,1.095020309777656,-0.9286346078652573,2
238,18,2,1,11,1, , , ,2, , , , ,2,1,2,21,15,1.095020309777656,-0.9286346078652573,2
239,1,1,1,11,9, , , ,1,2,3,4,90,1,2,2,21,15,1.095020309777656,-0.5648252010794181,2
239,2,1,1,11,3, , , ,1,1,2,3,90,1,1,2,21,15,1.095020309777656,-0.3832072713511825,3
239,4,1,1,11,24, , , ,2, , , , ,1,1,2,21,15,1.095020309777656,-1.2616592989618627,1
239,16,1,1,11,1, , , ,1,1,2,3,90,1,3,2,21,15,1.095020309777656,1.3698665026138919,5
239,17,1,1,98,4,2,2, ,1,2,8,9,90,1,3,2,21,15,1.095020309777656,-1.11275766408235,1
240,1,1,1,11,24, , , ,2, , , , ,1,1,2,21,15,1.095020309777656,-1.2199009494140147,1
240,4,1,1,13,95, , , ,1,1,90, , ,1,1,2,21,15,1.095020309777656,-1.3285898585448628,1
240,5,1,1,18,24, , , ,1,1,90, , ,1,1,2,21,15,1.095020309777656,-1.051077647593806,1
240,7,1,1,11,95, , , ,1,2,3,4,5,1,1,2,21,15,1.095020309777656,-1.159269670737852,1
240,8,1,2,18,3, , , ,1,3,4,5,90,1,2,2,21,15,1.095020309777656,-1.225369128427607,1
240,13,1,1,16,95, , , ,1,1,90, , ,1,1,2,21,15,1.095020309777656,-1.1466384149968076,1
240,14,1,1,11,95, , , ,2, , , , ,1,1,2,21,15,1.095020309777656,-0.8808395856366762,2
240,15,1,1,13,1, , , ,1,2,3,90, ,1,9,2,21,15,1.095020309777656,-0.8264128162197923,2
240,16,1,1,18,95, , , ,1,1,2,3,4,1,2,2,21,15,1.095020309777656,-0.5905157808404681,2
240,17,1,9,31,95,2,2, ,2, , , , ,1,1,2,21,15,1.095020309777656,-1.1299916452891365,1
243,6,1,1,11,95, , , ,2, , , , ,1,1,2,21,15,1.095020309777656,-1.2453724780982411,1
244,4,1,1,11,6, , , ,2, , , , ,3,2,2,21,15,1.095020309777656,-1.0487871804251139,1
244,4,2,1,11,4, , , ,2, , , , ,3,2,2,21,15,1.095020309777656,-1.0487871804251139,1
244,4,3,1,11,16, , , ,2, , , , ,3,2,2,21,15,1.095020309777656,-1.0487871804251139,1
244,8,1,1,13,12, , , ,2, , , , ,1,1,2,21,15,1.095020309777656,-1.2100235460789353,1
244,16,1,1,18,95, , , ,2, , , , ,1,1,2,21,15,1.095020309777656,-1.2247944106967277,1
245,17,1,2,98,3,8,2, ,1,1,2,3,90,2,1,2,21,15,1.095020309777656,-1.0879276985139554,1
245,17,2,2,98,3,8,2, ,2, , , , ,2,1,2,21,15,1.095020309777656,-1.0879276985139554,1
245,18,1,1,13,23, , , ,1,1,2,90, ,1,1,2,21,15,1.095020309777656,-1.058255298305308,1
246,12,1,1,18,95, , , ,2, , , , ,1,1,2,22,15,1.095020309777656,-1.3274562195685595,1
246,17,1,2,18,95, , , ,2, , , , ,2,1,2,22,15,1.095020309777656,-1.210199926132279,1
246,17,2,2,18,95, , , ,2, , , , ,2,1,2,22,15,1.095020309777656,-1.210199926132279,1
247,4,1,1,14,12, , , ,1,2,4,5,6,1,1,1,11,15,0.8292090482313764,0.37716079011311654,3
248,1,1,1,13,95, , , ,2, , , , ,2,3,1,11,15,0.8292090482313764,1.6571672109145348,5
248,1,2,1,13,95, , , ,2, , , , ,2,3,1,11,15,0.8292090482313764,1.6571672109145348,5
248,4,1,2,98,2,9,9, ,2, , , , ,3,2,1,11,15,0.8292090482313764,1.3652908693975931,5
248,4,2,2,98,1,9,9, ,2, , , , ,3,2,1,11,15,0.8292090482313764,1.3652908693975931,5
248,4,3,2,98,2,9,9, ,2, , , , ,3,2,1,11,15,0.8292090482313764,1.3652908693975931,5
248,7,1,1,13,0, , , ,1,1,2,90, ,1,3,1,11,15,0.8292090482313764,1.615111097219326,5
248,9,1,1,12,6, , , ,2, , , , ,1,3,1,11,15,0.8292090482313764,1.5213202487857638,5
248,16,1,2,28,24, ,9, ,1,1,2,90, ,1,3,1,11,15,0.8292090482313764,0.9337142142082969,4
249,3,1,2,14,2, , , ,2, , , , ,1,1,1,11,15,0.8292090482313764,0.4107324319950949,3
249,6,1,1,11,3, , , ,1,7,90, , ,1,3,1,11,15,0.8292090482313764,1.144401351605385,4
249,10,1,2,98,12,1,2, ,1,2,7,6,5,2,1,1,11,15,0.8292090482313764,0.19679592900837828,3
249,10,2,2,98,95,1,2, ,2, , , , ,2,1,1,11,15,0.8292090482313764,0.19679592900837828,3
249,11,1,2,98,2,1,2, ,1,2,4,6,7,1,2,1,11,15,0.8292090482313764,0.8043055816172886,4
249,12,1,2,26,12, ,2, ,2, , , , ,1,3,1,11,15,0.8292090482313764,0.8427390807796282,4
249,16,1,1,18,12, , , ,1,3,90, , ,1,1,1,11,15,0.8292090482313764,0.4313381104422794,3
249,17,1,2,18,12, , , ,2, , , , ,2,3,1,11,15,0.8292090482313764,1.0420779237717492,4
249,17,2,2,18,12, , , ,2, , , , ,2,3,1,11,15,0.8292090482313764,1.0420779237717492,4
250,6,1,2,14,6, , , ,1,1,7,90, ,1,1,1,11,15,0.8292090482313764,1.1066728801074286,4
250,9,1,1,11,95, , , ,1,2,4,90, ,2,1,1,11,15,0.8292090482313764,0.9942215219028864,4
250,9,2,1,11,95, , , ,2, , , , ,2,1,1,11,15,0.8292090482313764,0.9942215219028864,4
250,11,1,1,13,6, , , ,1,1,90, , ,2,1,1,11,15,0.8292090482313764,1.4246155652468726,5
250,11,2,1,13,6, , , ,1,2,3,90, ,2,1,1,11,15,0.8292090482313764,1.4246155652468726,5
250,15,1,1,11,95, , , ,1,5,6,7,8,2,9,1,11,15,0.8292090482313764,1.29611429938805,5
250,15,2,1,11,95, , , ,1,4,90, , ,2,9,1,11,15,0.8292090482313764,1.29611429938805,5
252,4,1,1,14,6, , , ,2, , , , ,1,1,2,21,15,1.095020309777656,-0.4784783605493946,2
252,9,1,1,11,3, , , ,1,1,90, , ,2,1,2,21,15,1.095020309777656,-0.39450321449139486,3
252,9,2,1,11,3, , , ,2, , , , ,2,1,2,21,15,1.095020309777656,-0.39450321449139486,3
252,10,1,1,11,2, , , ,2, , , , ,2,1,2,21,15,1.095020309777656,-1.0109341277825263,2
252,10,2,1,11,2, , , ,2, , , , ,2,1,2,21,15,1.095020309777656,-1.0109341277825263,2
252,11,1,1,11,2, , , ,2, , , , ,2,9,2,21,15,1.095020309777656,-1.1075068784844433,1
252,11,2,1,11,2, , , ,2, , , , ,2,9,2,21,15,1.095020309777656,-1.1075068784844433,1
252,12,1,1,11,2, , , ,9, , , , ,2,1,2,21,15,1.095020309777656,-1.218166425071619,1
252,12,2,1,11,2, , , ,9, , , , ,2,1,2,21,15,1.095020309777656,-1.218166425071619,1
252,13,1,1,11,2, , , ,1,3,4,5,7,1,1,2,21,15,1.095020309777656,-0.4486872767567248,2
252,16,1,1,11,3, , , ,2, , , , ,2,1,2,21,15,1.095020309777656,-0.853814874512763,2
252,16,2,1,11,3, , , ,2, , , , ,2,1,2,21,15,1.095020309777656,-0.853814874512763,2
252,17,1,2,11,2, , , ,2, , , , ,1,3,2,21,15,1.095020309777656,-0.7067287317558764,2
252,18,1,1,11,3, , , ,2, , , , ,2,3,2,21,15,1.095020309777656,-0.8632931173678775,2
252,18,2,1,11,3, , , ,2, , , , ,2,3,2,21,15,1.095020309777656,-0.8632931173678775,2
253,5,1,2,14,10, , , ,2, , , , ,1,1,2,21,15,1.095020309777656,0.21254756636702074,3
253,6,1,2,14,5, , , ,2, , , , ,2,3,2,21,15,1.095020309777656,0.7716662454514872,4
253,6,2,2,14,5, , , ,2, , , , ,2,3,2,21,15,1.095020309777656,0.7716662454514872,4
253,13,1,2,98,24,1,2, ,1,2,90, , ,2,1,2,21,15,1.095020309777656,-0.8500093446620164,2
253,13,2,2,98,12,1,2, ,1,9,90, , ,2,1,2,21,15,1.095020309777656,-0.8500093446620164,2
253,18,1,2,98,9,2,2, ,1,1,90, , ,1,1,2,21,15,1.095020309777656,-0.14112644272857267,3
256,1,1,1,11,1, , , ,1,2,90, , ,2,1,2,21,15,1.095020309777656,-0.30838581676357435,3
256,1,2,1,11,1, , , ,2, , , , ,2,1,2,21,15,1.095020309777656,-0.30838581676357435,3
256,2,1,1,11,1, , , ,1,1,3,90, ,2,1,2,21,15,1.095020309777656,-0.5549279011508841,2
256,2,2,1,11,1, , , ,1,2,90, , ,2,1,2,21,15,1.095020309777656,-0.5549279011508841,2
256,3,1,1,11,1, , , ,1,9,6,8,7,2,3,2,21,15,1.095020309777656,-0.9230253089820081,2
256,3,2,1,11,1, , , ,1,4,3,5,10,2,3,2,21,15,1.095020309777656,-0.9230253089820081,2
256,4,1,2,14,1, , , ,2, , , , ,1,1,2,21,15,1.095020309777656,-1.2429428308151853,1
256,6,1,2,14,1, , , ,2, , , , ,1,1,2,21,15,1.095020309777656,-1.2795512460644856,1
256,7,1,1,11,95, , , ,1,2,3,4,5,1,9,2,21,15,1.095020309777656,-0.7958355466936597,2
256,10,1,1,14,12, , , ,1,6,5,7,90,1,3,2,21,15,1.095020309777656,-0.4081553826778346,3
256,12,1,1,13,1, , , ,1,3,4,5,90,1,1,2,21,15,1.095020309777656,-1.1360531213479939,1
256,13,1,1,11,1, , , ,1,1,2,90, ,2,2,2,21,15,1.095020309777656,-0.25676990084764234,3
256,13,2,1,11,1, , , ,2, , , , ,2,2,2,21,15,1.095020309777656,-0.25676990084764234,3
256,15,1,1,11,1, , , ,1,2,90, , ,2,9,2,21,15,1.095020309777656,-0.408458873332013,3
256,15,2,1,11,1, , , ,2, , , , ,2,9,2,21,15,1.095020309777656,-0.408458873332013,3
256,16,1,1,11,1, , , ,2, , , , ,2,9,2,21,15,1.095020309777656,-0.5208225864580391,2
256,16,2,1,11,1, , , ,2, , , , ,2,9,2,21,15,1.095020309777656,-0.5208225864580391,2
256,17,1,1,11,1, , , ,2, , , , ,1,1,2,21,15,1.095020309777656,-0.7557826327234592,2
256,18,1,1,11,1, , , ,1,3,2,0,90,2,1,2,21,15,1.095020309777656,-0.6277169186329975,2
256,18,2,1,11,1, , , ,2, , , , ,2,1,2,21,15,1.095020309777656,-0.6277169186329975,2
257,1,1,1,11,1, , , ,1,5,4,6,90,1,2,2,21,15,1.095020309777656,-0.8963410604153589,2
257,4,1,1,11,3, , , ,1,6,90, , ,1,1,2,21,15,1.095020309777656,-0.9429439891452418,2
257,5,1,2,11,5, , , ,2, , , , ,1,1,2,21,15,1.095020309777656,-1.2211945987713069,1
257,7,1,1,11,95, , , ,1,2,4,3,90,1,9,2,21,15,1.095020309777656,-0.8205774206457481,2
257,8,1,2,11,1, , , ,2, , , , ,1,2,2,21,15,1.095020309777656,-0.8964333044323252,2
257,9,1,1,11,95, , , ,1,1,2,3,4,1,2,2,21,15,1.095020309777656,-1.007900051038065,2
257,11,1,1,13,99, , , ,1,1,2,90, ,1,1,2,21,15,1.095020309777656,-1.1876185458906088,1
257,15,1,1,11,1, , , ,2, , , , ,1,1,2,21,15,1.095020309777656,-0.7087947826518409,2
257,16,1,1,11,1, , , ,1,2,3,90, ,1,9,2,21,15,1.095020309777656,-0.3011197452938763,3
258,6,1,2,14,8, , , ,1,2,3,4,90,1,1,2,21,15,1.095020309777656,-1.2318744024248949,1
258,12,1,2,18,4, , , ,2, , , , ,1,2,2,21,15,1.095020309777656,-1.0235794635105153,2
258,13,1,1,13,95, , , ,1,2,8,9,90,1,9,2,21,15,1.095020309777656,-1.036055525490782,1
259,4,1,1,14,12, , , ,1,2,7,90, ,1,1,2,21,15,1.095020309777656,0.9584112640201492,4
259,5,1,1,14,6, , , ,1,2,6,7,90,1,3,2,21,15,1.095020309777656,1.227422068152312,5
259,13,1,1,11,95, , , ,1,1,90, , ,3,1,2,21,15,1.095020309777656,1.398956959823134,5
259,13,2,1,11,95, , , ,2, , , , ,3,1,2,21,15,1.095020309777656,1.398956959823134,5
259,13,3,1,13,23, , , ,2, , , , ,3,1,2,21,15,1.095020309777656,1.398956959823134,5
259,14,1,1,11,95, , , ,1,1,5,6,90,3,1,2,21,15,1.095020309777656,1.413600325922854,5
259,14,2,1,11,95, , , ,1,2,90, , ,3,1,2,21,15,1.095020309777656,1.413600325922854,5
259,14,3,1,13,23, , , ,2, , , , ,3,1,2,21,15,1.095020309777656,1.413600325922854,5
259,16,1,1,11,95, , , ,2, , , , ,1,1,2,21,15,1.095020309777656,1.1332548721190172,4
260,1,1,2,98,1,1,2, ,2, , , , ,3,1,2,21,15,1.095020309777656,-0.8980613228141484,2
260,1,2,2,98,1,1,2, ,2, , , , ,3,1,2,21,15,1.095020309777656,-0.8980613228141484,2
260,1,3,2,98,1,1,2, ,2, , , , ,3,1,2,21,15,1.095020309777656,-0.8980613228141484,2
260,2,1,2,98,1,1,2, ,2, , , , ,2,3,2,21,15,1.095020309777656,-1.0053732274409033,2
260,2,2,2,98,1,1,2, ,2, , , , ,2,3,2,21,15,1.095020309777656,-1.0053732274409033,2
260,3,1,1,14,1, , , ,2, , , , ,1,3,2,21,15,1.095020309777656,-0.7162804416223377,2
260,5,1,2,98,1,2,2, ,1,2,3,4,5,1,1,2,21,15,1.095020309777656,-1.04333790333468,1
260,16,1,2,98,1,1,2, ,2, , , , ,2,1,2,21,15,1.095020309777656,-1.0705836069795875,1
260,16,2,2,98,1,1,2, ,2, , , , ,2,1,2,21,15,1.095020309777656,-1.0705836069795875,1
260,17,1,2,28,95, ,1,95,2, , , , ,1,1,2,21,15,1.095020309777656,-1.333377420393223,1
261,9,1,1,14,95, , , ,2, , , , ,1,1,2,21,15,1.095020309777656,-1.0114028409190425,2
263,1,1,1,11,3, , , ,1,1,2,3,4,1,2,2,21,15,1.095020309777656,-1.3016294292912853,1
263,2,1,1,13,3, , , ,1,1,3,4,90,1,1,2,21,15,1.095020309777656,-1.2901122109807543,1
263,6,1,1,11,95, , , ,1,2,3,4,5,1,1,2,21,15,1.095020309777656,-1.1219186583527123,1
263,7,1,1,11,9, , , ,1,2,90, , ,1,1,2,21,15,1.095020309777656,-1.1530320245029848,1
263,8,1,1,12,12, , , ,2, , , , ,1,1,2,21,15,1.095020309777656,-1.190461186160914,1
263,11,1,1,11,9, , , ,1,2,7,90, ,2,1,2,21,15,1.095020309777656,-1.077823794469331,1
263,11,2,1,11,95, , , ,2, , , , ,2,1,2,21,15,1.095020309777656,-1.077823794469331,1
263,16,1,1,11,5, , , ,1,1,2,3,4,1,1,2,21,15,1.095020309777656,-1.2094195831754784,1
263,18,1,2,11,12, , , ,1,2,3,4,5,1,1,2,21,15,1.095020309777656,-1.0277780959115537,2
265,9,1,1,11,95, , , ,2, , , , ,1,2,2,21,15,1.095020309777656,-0.941651254547069,2
265,16,1,1,11,12, , , ,2, , , , ,1,1,2,21,15,1.095020309777656,-0.22198183182651812,3
265,17,1,2,11,2, , , ,1,2,4,5,90,1,9,2,21,15,1.095020309777656,-0.3776282210884247,3
266,8,1,2,12,4, , , ,2, , , , ,1,1,2,21,14,1.095020309777656,-1.201218898317709,1
267,2,1,1,13,24, , , ,2, , , , ,1,1,2,21,14,1.095020309777656,1.0295591209633932,4
267,5,1,1,11,2, , , ,1,2,3,4,90,1,2,2,21,14,1.095020309777656,1.2968428927859763,5
267,10,1,1,11,12, , , ,2, , , , ,1,3,2,21,14,1.095020309777656,0.5184374365197442,4
267,15,1,1,11,1, , , ,1,1,90, , ,2,1,2,21,14,1.095020309777656,0.7513857443294681,4
267,15,2,1,11,1, , , ,1,2,90, , ,2,1,2,21,14,1.095020309777656,0.7513857443294681,4
267,16,1,1,12,12, , , ,9, , , , ,2,2,2,21,14,1.095020309777656,0.7506765852841667,4
267,16,2,1,12,12, , , ,9, , , , ,2,2,2,21,14,1.095020309777656,0.7506765852841667,4
268,3,1,2,14,95, , , ,1,2,6,90, ,1,2,2,21,14,1.095020309777656,0.2945144055805084,3
268,4,1,2,15,7, , , ,1,1,2,3,4,1,2,2,21,14,1.095020309777656,-0.5024744201411714,2
268,7,1,2,11,95, , , ,2, , , , ,2,1,2,21,14,1.095020309777656,0.2925257441197892,3
268,7,2,2,11,95, , , ,2, , , , ,2,1,2,21,14,1.095020309777656,0.2925257441197892,3
268,10,1,1,11,24, , , ,2, , , , ,1,1,2,21,14,1.095020309777656,-0.7178370273857371,2
268,13,1,9,14,95, , , ,1,3,90, , ,1,2,2,21,14,1.095020309777656,0.71814757172123,4
268,16,1,1,11,95, , , ,1,2,4,90, ,1,3,2,21,14,1.095020309777656,0.1639087516378999,3
268,17,1,1,11,95, , , ,1,2,3,90, ,2,1,2,21,14,1.095020309777656,-0.15664577740948069,3
268,17,2,1,11,95, , , ,1,5,90, , ,2,1,2,21,14,1.095020309777656,-0.15664577740948069,3
268,18,1,1,11,12, , , ,1,2,4,90, ,1,9,2,21,14,1.095020309777656,-0.6786221847806517,2
269,1,1,2,98,95,9,9, ,1,2,8,90, ,2,1,2,21,14,1.095020309777656,-0.22497774160559128,3
269,1,2,2,98,95,9,9, ,1,1,90, , ,2,1,2,21,14,1.095020309777656,-0.22497774160559128,3
269,2,1,2,98,98,1,2, ,1,2,4,90, ,1,1,2,21,14,1.095020309777656,-0.957643528186037,2
269,3,1,1,28,7, ,2, ,1,5,90, , ,6,3,2,21,14,1.095020309777656,0.25916095697777825,3
269,3,2,1,28,7, ,2, ,1,4,90, , ,6,3,2,21,14,1.095020309777656,0.25916095697777825,3
269,3,3,1,28,7, ,2, ,1,2,1,90, ,6,3,2,21,14,1.095020309777656,0.25916095697777825,3
269,3,4,1,28,7, ,2, ,1,7,90, , ,6,3,2,21,14,1.095020309777656,0.25916095697777825,3
269,3,5,1,28,7, ,2, ,1,3,90, , ,6,3,2,21,14,1.095020309777656,0.25916095697777825,3
269,3,6,1,28,7, ,2, ,1,6,90, , ,6,3,2,21,14,1.095020309777656,0.25916095697777825,3
269,4,1,1,11,95, , , ,1,1,5,90, ,1,2,2,21,14,1.095020309777656,-0.5878605345311428,2
269,8,1,2,11,6, , , ,1,1,90, , ,2,1,2,21,14,1.095020309777656,-0.47266303876514004,2
269,8,2,2,11,6, , , ,1,5,90, , ,2,1,2,21,14,1.095020309777656,-0.47266303876514004,2
269,9,1,1,98,98,2,2, ,1,1,3,90, ,1,1,2,21,14,1.095020309777656,-0.3968386652130521,3
269,10,1,1,13,95, , , ,1,1,2,3,4,1,1,2,21,14,1.095020309777656,-0.5700811756854556,2
269,11,1,1,14,95, , , ,2, , , , ,1,1,2,21,14,1.095020309777656,-0.828686662453927,2
269,12,1,1,98,95,2,1,95,1,1,90, , ,1,2,2,21,14,1.095020309777656,0.06628803289883835,3
269,13,1,1,14,95, , , ,1,4,6,90, ,1,2,2,21,14,1.095020309777656,0.6072345833256177,4
269,16,1,1,12,95, , , ,1,2,7,8,90,2,3,2,21,14,1.095020309777656,0.4948290555382345,3
269,16,2,1,12,95, , , ,1,3,5,4,6,2,3,2,21,14,1.095020309777656,0.4948290555382345,3
269,17,1,1,12,95, , , ,2, , , , ,3,3,2,21,14,1.095020309777656,-0.1668389783051223,3
269,17,2,1,12,95, , , ,2, , , , ,3,3,2,21,14,1.095020309777656,-0.1668389783051223,3
269,17,3,1,12,95, , , ,2, , , , ,3,3,2,21,14,1.095020309777656,-0.1668389783051223,3
269,18,1,9,14,95, , , ,1,2,3,4,90,1,1,2,21,14,1.095020309777656,-0.560053144361752,2
270,1,1,2,98,95,9,9, ,1,2,90, , ,1,1,1,11,14,0.8292090482313764,-0.7675922774213619,2
270,2,1,2,98,95,9,9, ,1,3,90, , ,9,1,1,11,14,0.8292090482313764,0.06982981933851755,3
270,2,2,2,98,95,9,9, ,1,4,90, , ,9,1,1,11,14,0.8292090482313764,0.06982981933851755,3
270,2,3,2,98,95,9,9, ,1,5,90, , ,9,1,1,11,14,0.8292090482313764,0.06982981933851755,3
270,2,4,2,98,95,9,9, ,1,6,9,10,90,9,1,1,11,14,0.8292090482313764,0.06982981933851755,3
270,2,5,2,98,95,9,9, ,1,7,11,12,90,9,1,1,11,14,0.8292090482313764,0.06982981933851755,3
270,2,6,2,98,95,9,9, ,1,8,13,2,90,9,1,1,11,14,0.8292090482313764,0.06982981933851755,3
270,2,7,9,99,99,9,9, ,9, , , , ,9,1,1,11,14,0.8292090482313764,0.06982981933851755,3
270,2,8,9,99,99,9,9, ,9, , , , ,9,1,1,11,14,0.8292090482313764,0.06982981933851755,3
270,2,9,9,99,99,9,9, ,9, , , , ,9,1,1,11,14,0.8292090482313764,0.06982981933851755,3
270,3,1,9,31,95,2,1,6,1,1,90, , ,1,1,1,11,14,0.8292090482313764,-0.02060243487450752,3
270,4,1,2,15,2, , , ,1,2,3,4,5,2,1,1,11,14,0.8292090482313764,-0.6387458925087377,2
270,4,2,2,15,2, , , ,1,1,6,90, ,2,1,1,11,14,0.8292090482313764,-0.6387458925087377,2
270,7,1,2,14,95, , , ,2, , , , ,1,2,1,11,14,0.8292090482313764,0.4617349901313753,3
270,10,1,2,14,95, , , ,1,2,3,4,90,1,1,1,11,14,0.8292090482313764,-0.19332299434843103,3
270,11,1,2,14,95, , , ,2, , , , ,1,1,1,11,14,0.8292090482313764,0.2471118774638973,3
270,12,1,2,14,95, , , ,1,3,4,5,90,2,1,1,11,14,0.8292090482313764,-0.09337030572552382,3
270,12,2,2,14,95, , , ,1,2,6,7,90,2,1,1,11,14,0.8292090482313764,-0.09337030572552382,3
270,16,1,2,14,95, , , ,2, , , , ,1,1,1,11,14,0.8292090482313764,0.12225747256045642,3
270,18,1,2,98,98,8,2, ,1,2,12,13,11,4,1,1,11,14,0.8292090482313764,0.5644928425732721,4
270,18,2,2,98,98,8,2, ,1,15,90, , ,4,1,1,11,14,0.8292090482313764,0.5644928425732721,4
270,18,3,2,98,98,8,9, ,1,10,90, , ,4,1,1,11,14,0.8292090482313764,0.5644928425732721,4
270,18,4,2,98,95,8,2, ,1,14,90, , ,4,1,1,11,14,0.8292090482313764,0.5644928425732721,4
271,1,1,2,14,95, , , ,1,2,90, , ,1,1,1,11,14,0.8292090482313764,-0.8595652994124212,2
271,7,1,1,11,9, , , ,2, , , , ,1,1,1,11,14,0.8292090482313764,-1.0293215391882078,2
271,18,1,1,13,95, , , ,1,2,6,90, ,1,9,1,11,14,0.8292090482313764,-1.2256374247805748,1
272,1,1,1,12,12, , , ,1,1,2,3,90,1,3,1,11,14,0.8292090482313764,1.2040626219776753,5
272,2,1,1,12,24, , , ,1,1,2,5,4,1,2,1,11,14,0.8292090482313764,0.06311477513450167,3
272,3,1,1,14,95, , , ,2, , , , ,2,1,1,11,14,0.8292090482313764,-0.06816430107770052,3
272,3,2,1,13,1, , , ,2, , , , ,2,1,1,11,14,0.8292090482313764,-0.06816430107770052,3
272,4,1,1,11,24, , , ,1,4,8,6,90,1,1,1,11,14,0.8292090482313764,-0.12617863893097542,3
272,5,1,1,11,24, , , ,1,2,3,4,5,2,1,1,11,14,0.8292090482313764,-0.13131044793212085,3
272,5,2,1,11,18, , , ,1,7,6,90, ,2,1,1,11,14,0.8292090482313764,-0.13131044793212085,3
272,7,1,1,11,6, , , ,1,4,5,90, ,1,1,1,11,14,0.8292090482313764,0.14627110833311452,3
272,10,1,1,26,5, ,9, ,1,2,4,90, ,1,1,1,11,14,0.8292090482313764,-0.44370749861033887,2
272,16,1,1,12,4, , , ,1,4,6,5,90,1,2,1,11,14,0.8292090482313764,1.2106033301342545,5
273,2,1,1,13,12, , , ,1,2,3,90, ,1,3,1,11,14,0.8292090482313764,1.2103223785887989,5
273,4,1,1,11,30, , , ,1,0,90, , ,3,3,1,11,14,0.8292090482313764,0.7565173800584183,4
273,4,2,1,11,24, , , ,1,2,7,90, ,3,3,1,11,14,0.8292090482313764,0.7565173800584183,4
273,4,3,1,13,24, , , ,1,3,4,5,6,3,3,1,11,14,0.8292090482313764,0.7565173800584183,4
273,11,1,2,14,12, , , ,2, , , , ,1,1,1,11,14,0.8292090482313764,-0.2015358575705147,3
273,12,1,1,14,5, , , ,1,5,90, , ,3,3,1,11,14,0.8292090482313764,1.0755620942584063,4
273,12,2,1,14,95, , , ,2, , , , ,3,3,1,11,14,0.8292090482313764,1.0755620942584063,4
273,12,3,1,14,95, , , ,2, , , , ,3,3,1,11,14,0.8292090482313764,1.0755620942584063,4
273,15,1,1,11,10, , , ,1,7,90, , ,1,2,1,11,14,0.8292090482313764,1.5759941785306288,5
274,2,1,1,13,24, , , ,2, , , , ,1,1,1,11,14,0.8292090482313764,1.0295591209633932,4
274,5,1,1,11,2, , , ,1,2,3,4,90,1,2,1,11,14,0.8292090482313764,1.2968428927859763,5
274,10,1,1,11,12, , , ,2, , , , ,1,3,1,11,14,0.8292090482313764,0.5184374365197442,4
274,15,1,1,11,1, , , ,1,1,90, , ,2,1,1,11,14,0.8292090482313764,0.7452146022204803,4
274,15,2,1,11,1, , , ,1,2,90, , ,2,1,1,11,14,0.8292090482313764,0.7452146022204803,4
274,16,1,1,12,12, , , ,9, , , , ,2,2,1,11,14,0.8292090482313764,0.7506765852841667,4
274,16,2,1,12,12, , , ,9, , , , ,2,2,1,11,14,0.8292090482313764,0.7506765852841667,4
275,1,1,1,12,24, , , ,2, , , , ,3,2,1,11,14,0.8292090482313764,0.9847827129729084,4
275,1,2,1,12,12, , , ,2, , , , ,3,2,1,11,14,0.8292090482313764,0.9847827129729084,4
275,1,3,1,12,24, , , ,2, , , , ,3,2,1,11,14,0.8292090482313764,0.9847827129729084,4
275,6,1,1,11,99, , , ,1,2,6,7,90,2,1,1,11,14,0.8292090482313764,0.5291919378664713,4
275,6,2,1,11,24, , , ,1,3,4,5,90,2,1,1,11,14,0.8292090482313764,0.5291919378664713,4
275,13,1,1,11,8, , , ,2, , , , ,3,1,1,11,14,0.8292090482313764,1.503987087236984,5
275,13,2,1,11,7, , , ,2, , , , ,3,1,1,11,14,0.8292090482313764,1.503987087236984,5
275,13,3,1,13,5, , , ,2, , , , ,3,1,1,11,14,0.8292090482313764,1.503987087236984,5
289,12,1,1,11,12, , , ,1,1,5,6,90,1,1,2,21,15,1.095020309777656,-0.7930241906194322,2
289,15,1,1,11,7, , , ,2, , , , ,1,1,2,21,15,1.095020309777656,-0.8717924324322264,2
290,22,1,1,13,12, , , ,1,2,5,90, ,1,1,1,11,15,0.8292090482313764,0.3678373611532871,3
290,30,1,1,11,95, , , ,1,1,2,90, ,2,3,1,11,15,0.8292090482313764,1.100330804317506,4
290,30,2,1,12,5, , , ,1,4,5,90, ,2,3,1,11,15,0.8292090482313764,1.100330804317506,4
290,51,1,1,11,4, , , ,2, , , , ,2,3,1,11,15,0.8292090482313764,1.0462280899406997,4
290,51,2,1,11,6, , , ,2, , , , ,2,3,1,11,15,0.8292090482313764,1.0462280899406997,4
291,2,1,1,11,6, , , ,1,1,3,90, ,2,1,2,21,15,1.095020309777656,0.6116438199781112,4
291,2,2,1,13,6, , , ,2, , , , ,2,1,2,21,15,1.095020309777656,0.6116438199781112,4
291,3,1,1,11,6, , , ,1,1,3,90, ,2,1,2,21,15,1.095020309777656,0.6572325908399572,4
291,3,2,1,11,6, , , ,1,2,90, , ,2,1,2,21,15,1.095020309777656,0.6572325908399572,4
291,4,1,1,11,12, , , ,1,2,3,4,90,3,3,2,21,15,1.095020309777656,0.9470460090909011,4
291,4,2,1,11,12, , , ,1,1,90, , ,3,3,2,21,15,1.095020309777656,0.9470460090909011,4
291,4,3,1,11,12, , , ,2, , , , ,3,3,2,21,15,1.095020309777656,0.9470460090909011,4
291,7,1,1,11,11, , , ,2, , , , ,3,1,2,21,15,1.095020309777656,0.6518831582426214,4
291,7,2,1,11,11, , , ,2, , , , ,3,1,2,21,15,1.095020309777656,0.6518831582426214,4
291,7,3,1,11,11, , , ,2, , , , ,3,1,2,21,15,1.095020309777656,0.6518831582426214,4
291,8,1,1,14,95, , , ,1,1,90, , ,1,1,2,21,15,1.095020309777656,-0.032007100287503365,3
291,12,1,2,18,9, , , ,2, , , , ,1,2,2,21,15,1.095020309777656,0.4360626435693148,3
291,13,1,1,11,95, , , ,2, , , , ,1,2,2,21,15,1.095020309777656,0.35322962136715536,3
291,14,1,1,99,24,9,9, ,2, , , , ,2,1,2,21,15,1.095020309777656,-0.30116725807526307,3
291,14,2,1,99,12,9,9, ,2, , , , ,2,1,2,21,15,1.095020309777656,-0.30116725807526307,3
291,15,1,1,11,12, , , ,2, , , , ,3,1,2,21,15,1.095020309777656,1.2275317857616053,5
291,15,2,1,13,12, , , ,2, , , , ,3,1,2,21,15,1.095020309777656,1.2275317857616053,5
291,15,3,1,11,12, , , ,2, , , , ,3,1,2,21,15,1.095020309777656,1.2275317857616053,5
291,17,1,1,13,5, , , ,1,3,4,2,90,1,1,2,21,15,1.095020309777656,0.3048671313158387,3
292,6,1,1,11,8, , , ,1,1,2,6,90,1,3,2,21,15,1.095020309777656,-0.26378326358324156,3
292,14,1,1,12,12, , , ,1,1,2,90, ,1,1,2,21,15,1.095020309777656,0.11553109752281325,3
292,18,1,1,11,12, , , ,1,1,90, , ,3,2,2,21,15,1.095020309777656,-0.2970997261048751,3
292,18,2,1,11,10, , , ,1,2,4,5,6,3,2,2,21,15,1.095020309777656,-0.2970997261048751,3
292,18,3,1,11,7, , , ,1,3,90, , ,3,2,2,21,15,1.095020309777656,-0.2970997261048751,3
292,22,1,1,11,11, , , ,1,1,3,90, ,3,1,2,21,15,1.095020309777656,-0.056357363315139686,3
292,22,2,1,11,11, , , ,1,2,90, , ,3,1,2,21,15,1.095020309777656,-0.056357363315139686,3
292,22,3,1,12,6, , , ,2, , , , ,3,1,2,21,15,1.095020309777656,-0.056357363315139686,3
292,26,1,1,26,95, ,2, ,2, , , , ,1,2,2,21,15,1.095020309777656,0.038113589855853884,3
292,33,1,1,12,95, , , ,2, , , , ,1,2,2,21,15,1.095020309777656,-0.11754861857284972,3
292,37,1,1,11,12, , , ,1,3,90, , ,2,1,2,21,15,1.095020309777656,-0.14159029028445225,3
292,37,2,1,11,12, , , ,1,4,90, , ,2,1,2,21,15,1.095020309777656,-0.14159029028445225,3
292,57,1,1,11,4, , , ,2, , , , ,1,1,2,21,15,1.095020309777656,0.02798163610368749,3
292,61,1,1,13,5, , , ,1,5,90, , ,3,3,2,21,15,1.095020309777656,-0.07206497863695731,3
292,61,2,1,11,5, , , ,1,4,90, , ,3,3,2,21,15,1.095020309777656,-0.07206497863695731,3
292,61,3,1,13,5, , , ,1,3,90, , ,3,3,2,21,15,1.095020309777656,-0.07206497863695731,3
293,1,1,1,11,95, , , ,1,2,7,90, ,1,1,2,21,15,1.095020309777656,-0.7123655806229793,2
293,5,1,1,11,6, , , ,1,2,8,9,90,1,1,2,21,15,1.095020309777656,-0.8909183335544543,2
293,9,1,1,11,12, , , ,2, , , , ,1,1,2,21,15,1.095020309777656,-0.5679448843574973,2
293,11,1,1,11,95, , , ,1,2,5,90, ,1,1,2,21,15,1.095020309777656,-0.5958055940355044,2
293,12,1,1,11,5, , , ,1,4,6,90, ,1,1,2,21,15,1.095020309777656,-0.3232844784125875,3
293,16,1,1,11,9, , , ,1,1,4,90, ,1,1,2,21,15,1.095020309777656,-1.282272217191145,1
293,17,1,1,11,9, , , ,1,2,8,7,6,1,1,2,21,15,1.095020309777656,-1.1669037712989945,1
293,21,1,1,11,14, , , ,1,2,6,8,7,1,1,2,21,15,1.095020309777656,0.1748324871668834,3
294,1,1,1,11,12, , , ,1,1,3,4,90,1,1,2,21,15,1.095020309777656,-0.4054681998519074,3
294,2,1,1,12,6, , , ,1,2,3,4,90,1,1,2,21,15,1.095020309777656,0.04802092350772269,3
294,3,1,1,11,3, , , ,1,2,3,90, ,3,2,2,21,15,1.095020309777656,1.5032774781672904,5
294,3,2,1,11,7, , , ,2, , , , ,3,2,2,21,15,1.095020309777656,1.5032774781672904,5
294,3,3,1,11,12, , , ,2, , , , ,3,2,2,21,15,1.095020309777656,1.5032774781672904,5
294,6,1,1,11,3, , , ,1,2,90, , ,3,1,2,21,15,1.095020309777656,0.3695540776401252,3
294,6,2,1,12,9, , , ,1,3,90, , ,3,1,2,21,15,1.095020309777656,0.3695540776401252,3
294,6,3,1,11,95, , , ,1,4,90, , ,3,1,2,21,15,1.095020309777656,0.3695540776401252,3
294,7,1,1,11,5, , , ,2, , , , ,1,1,2,21,15,1.095020309777656,0.2753723648146427,3
294,8,1,1,11,3, , , ,1,6,90, , ,1,1,2,21,15,1.095020309777656,0.1980530044644427,3
294,11,1,1,11,0, , , ,1,4,90, , ,1,2,2,21,15,1.095020309777656,0.5257144116421149,4
294,15,1,1,11,14, , , ,1,3,4,90, ,1,2,2,21,15,1.095020309777656,0.14681937054400773,3
294,17,1,1,11,5, , , ,1,6,7,90, ,2,1,2,21,15,1.095020309777656,0.9168627492261797,4
294,17,2,1,11,6, , , ,1,2,8,90, ,2,1,2,21,15,1.095020309777656,0.9168627492261797,4
295,16,1,1,11,9, , , ,2, , , , ,1,1,2,21,15,1.095020309777656,-1.2312729269358393,1
296,9,1,1,11,99, , , ,1,2,5,6,90,1,1,2,21,15,1.095020309777656,-0.48165931902595077,2
296,10,1,1,11,95, , , ,1,1,90, , ,2,2,2,21,15,1.095020309777656,0.10815383529364937,3
296,10,2,1,12,95, , , ,1,2,3,4,90,2,2,2,21,15,1.095020309777656,0.10815383529364937,3
296,11,1,1,11,95, , , ,1,2,4,5,90,2,1,2,21,15,1.095020309777656,-0.1903121105180811,3
296,11,2,1,11,95, , , ,1,1,90, , ,2,1,2,21,15,1.095020309777656,-0.1903121105180811,3
296,12,1,1,11,95, , , ,1,2,1,90, ,1,2,2,21,15,1.095020309777656,0.30035166756846887,3
296,13,1,2,11,95, , , ,1,1,2,4,90,2,1,2,21,15,1.095020309777656,-1.01418064443491,2
296,13,2,2,11,95, , , ,1,3,90, , ,2,1,2,21,15,1.095020309777656,-1.01418064443491,2
296,14,1,1,11,98, , , ,1,1,3,4,90,1,1,2,21,15,1.095020309777656,-1.2125936844250453,1
296,16,1,1,14,98, , , ,1,1,3,90, ,2,1,2,21,15,1.095020309777656,-0.8797617155606742,2
296,16,2,1,14,98, , , ,1,4,5,90, ,2,1,2,21,15,1.095020309777656,-0.8797617155606742,2
296,18,1,1,11,95, , , ,1,1,2,90, ,1,1,2,21,15,1.095020309777656,-0.5052587420606867,2
297,6,1,1,98,95,1,2, ,1,4,5,90, ,2,3,2,21,14,1.095020309777656,0.0631951545377894,3
297,6,2,1,98,95,1,2, ,1,3,2,6,90,2,3,2,21,14,1.095020309777656,0.0631951545377894,3
297,11,1,1,11,95, , , ,1,7,8,6,90,3,1,2,21,14,1.095020309777656,-0.00903235176720441,3
297,11,2,1,11,95, , , ,1,10,9,11,90,3,1,2,21,14,1.095020309777656,-0.00903235176720441,3
297,11,3,1,11,95, , , ,1,3,5,4,90,3,1,2,21,14,1.095020309777656,-0.00903235176720441,3
297,12,1,1,11,95, , , ,1,3,4,90, ,3,1,2,21,14,1.095020309777656,-0.10248875446082538,3
297,12,2,1,11,95, , , ,1,1,6,5,90,3,1,2,21,14,1.095020309777656,-0.10248875446082538,3
297,12,3,1,11,95, , , ,1,2,90, , ,3,1,2,21,14,1.095020309777656,-0.10248875446082538,3
297,14,1,1,11,10, , , ,1,2,3,90, ,1,2,2,21,14,1.095020309777656,0.06248029891885087,3
298,2,1,1,11,95, , , ,1,2,90, , ,2,1,2,21,14,1.095020309777656,0.266571014714416,3
298,2,2,1,11,95, , , ,1,3,4,90, ,2,1,2,21,14,1.095020309777656,0.266571014714416,3
298,3,1,1,11,95, , , ,1,2,3,90, ,1,3,2,21,14,1.095020309777656,0.7274667444531006,4
298,6,1,1,11,8, , , ,1,1,8,90, ,1,1,2,21,14,1.095020309777656,-0.02988895895383018,3
298,7,1,1,14,7, , , ,1,3,5,12,90,2,2,2,21,14,1.095020309777656,-0.23787201305520567,3
298,7,2,1,11,22, , , ,1,2,10,9,7,2,2,2,21,14,1.095020309777656,-0.23787201305520567,3
298,9,1,1,11,95, , , ,1,2,1,90, ,3,3,2,21,14,1.095020309777656,0.6667109242472962,4
298,9,2,1,11,95, , , ,1,3,4,90, ,3,3,2,21,14,1.095020309777656,0.6667109242472962,4
298,9,3,1,11,95, , , ,1,0,90, , ,3,3,2,21,14,1.095020309777656,0.6667109242472962,4
298,12,1,1,11,6, , , ,1,1,3,90, ,1,1,2,21,14,1.095020309777656,0.6655816230985003,4
299,1,1,9,11,99, , , ,1,1,2,90, ,1,1,2,21,14,1.095020309777656,-0.034361337438327325,3
299,7,1,1,11,95, , , ,1,3,6,90, ,2,2,2,21,14,1.095020309777656,-0.10167884596368149,3
299,7,2,1,11,95, , , ,1,5,4,90, ,2,2,2,21,14,1.095020309777656,-0.10167884596368149,3
299,8,1,1,11,95, , , ,1,8,9,1,90,3,2,2,21,14,1.095020309777656,0.25075820962841133,3
299,8,2,1,11,95, , , ,1,2,12,11,10,3,2,2,21,14,1.095020309777656,0.25075820962841133,3
299,8,3,1,11,95, , , ,1,4,6,7,90,3,2,2,21,14,1.095020309777656,0.25075820962841133,3
299,14,1,1,11,6, , , ,1,1,90, , ,1,1,2,21,14,1.095020309777656,0.6151214876414345,4
299,16,1,1,11,95, , , ,1,7,90, , ,3,1,2,21,14,1.095020309777656,0.31160844150888617,3
299,16,2,1,11,95, , , ,1,1,90, , ,3,1,2,21,14,1.095020309777656,0.31160844150888617,3
299,16,3,1,11,95, , , ,1,2,90, , ,3,1,2,21,14,1.095020309777656,0.31160844150888617,3
299,17,1,1,11,95, , , ,2, , , , ,2,1,2,21,14,1.095020309777656,-0.30827754522705114,3
299,17,2,1,11,95, , , ,2, , , , ,2,1,2,21,14,1.095020309777656,-0.30827754522705114,3
300,6,1,1,11,95, , , ,1,1,90, , ,1,2,2,21,14,1.095020309777656,-0.000998768891910631,3
300,10,1,1,14,95, , , ,2, , , , ,2,1,2,21,14,1.095020309777656,-1.082461191760982,1
300,10,2,1,14,95, , , ,2, , , , ,2,1,2,21,14,1.095020309777656,-1.082461191760982,1
301,4,1,1,11,95, , , ,1,2,3,90, ,1,1,2,22,14,1.095020309777656,-0.5605885045945171,2
301,8,1,1,12,95, , , ,1,1,90, , ,1,1,2,22,14,1.095020309777656,-1.3182354237289662,1
301,17,1,1,12,95, , , ,2, , , , ,1,1,2,22,14,1.095020309777656,-0.14112295999706315,3
302,4,1,1,14,7, , , ,1,1,2,3,90,1,1,2,21,14,1.095020309777656,-0.5542241604862642,2
302,5,1,1,11,11, , , ,2, , , , ,1,1,2,21,14,1.095020309777656,-0.687263307234919,2
302,7,1,1,11,8, , , ,2, , , , ,1,3,2,21,14,1.095020309777656,-0.2720139853724459,3
302,11,1,1,11,95, , , ,1,3,4,6,5,3,1,2,21,14,1.095020309777656,-0.1242088496020244,3
302,11,2,1,11,95, , , ,1,2,7,90, ,3,1,2,21,14,1.095020309777656,-0.1242088496020244,3
302,11,3,1,11,3, , , ,1,1,90, , ,3,1,2,21,14,1.095020309777656,-0.1242088496020244,3
302,14,1,1,11,95, , , ,1,1,8,9,90,3,1,2,21,14,1.095020309777656,-1.075300039540593,1
302,14,2,1,11,95, , , ,1,4,5,6,90,3,1,2,21,14,1.095020309777656,-1.075300039540593,1
302,14,3,1,11,95, , , ,1,7,90, , ,3,1,2,21,14,1.095020309777656,-1.075300039540593,1
302,15,1,1,11,98, , , ,1,1,90, , ,1,1,2,21,14,1.095020309777656,-0.5152959621384537,2
302,18,1,1,11,95, , , ,1,1,3,90, ,2,1,2,21,14,1.095020309777656,-0.4183308010949021,3
302,18,2,1,11,95, , , ,1,2,4,90, ,2,1,2,21,14,1.095020309777656,-0.4183308010949021,3
303,6,1,1,11,8, , , ,2, , , , ,1,1,2,21,14,1.095020309777656,-0.3744838929952255,3
303,9,1,1,11,8, , , ,1,2,6,90, ,1,1,2,21,14,1.095020309777656,-0.2074570359750033,3
303,12,1,1,11,95, , , ,1,2,3,4,90,2,1,2,21,14,1.095020309777656,-0.775953996406165,2
303,12,2,1,12,95, , , ,2, , , , ,2,1,2,21,14,1.095020309777656,-0.775953996406165,2
303,14,1,1,28,95, ,9, ,1,1,2,3,90,1,2,2,21,14,1.095020309777656,-0.5807071370013344,2
303,18,1,1,11,9, , , ,1,1,4,5,90,2,2,2,21,14,1.095020309777656,-0.6608643243390163,2
303,18,2,1,11,9, , , ,1,2,3,6,90,2,2,2,21,14,1.095020309777656,-0.6608643243390163,2