HH1,HH2,TNLN,TN4,TN5,TN6,TN8,TN9,TN10,TN11,TN12_1,TN12_2,TN12_3,TN12_4,TN12_5,TN12_6,TN2,HH6,HH7,helevel,ethnicity,hhweight,wscore,windex5,wscoreu,windex5u,wscorer,windex5r
1,1,1,1,11,95, , , ,1,1,90, , , , ,2,2,2,1,1,0.8515508608479451,-0.09111846360704337,4, , ,0.3258169754294296,4
1,1,2,1,11,95, , , ,2, , , , , , ,2,2,2,1,1,0.8515508608479451,-0.09111846360704337,4, , ,0.3258169754294296,4
1,3,1,1,12,1, , , ,1,1,4,90, , , ,2,2,2,3,6,0.8515508608479451,-0.2056741648163039,3, , ,0.14930003547545792,4
1,3,2,1,12,4, , , ,2, , , , , , ,2,2,2,3,6,0.8515508608479451,-0.2056741648163039,3, , ,0.14930003547545792,4
1,5,1,1,12,98, , , ,1,1,2,90, , , ,2,2,2,1,1,0.8515508608479451,-0.6339248910394006,2, , ,-0.5105842559914452,2
1,5,2,1,12,98, , , ,1,3,5,4,90, , ,2,2,2,1,1,0.8515508608479451,-0.6339248910394006,2, , ,-0.5105842559914452,2
1,6,1,1,13,95, , , ,1,1,2,90, , , ,2,2,2,3,1,0.8515508608479451,-0.6506569389836361,2, , ,-0.5363663853058509,2
1,6,2,1,13,95, , , ,1,3,4,90, , , ,2,2,2,3,1,0.8515508608479451,-0.6506569389836361,2, , ,-0.5363663853058509,2
1,7,1,1,11,12, , , ,1,5,4,90, , , ,3,2,2,3,1,0.8515508608479451,0.29543363506000847,4, , ,0.9214485578755232,5
1,7,2,1,11,12, , , ,1,6,3,90, , , ,3,2,2,3,1,0.8515508608479451,0.29543363506000847,4, , ,0.9214485578755232,5
1,7,3,1,11,12, , , ,1,1,2,90, , , ,3,2,2,3,1,0.8515508608479451,0.29543363506000847,4, , ,0.9214485578755232,5
1,9,1,1,13,0, , , ,1,3,4,5,90, , ,2,2,2,2,1,0.8515508608479451,-0.09991172483890756,4, , ,0.3122675881140903,4
1,9,2,2,12,0, , , ,1,1,2,90, , , ,2,2,2,2,1,0.8515508608479451,-0.09991172483890756,4, , ,0.3122675881140903,4
1,10,1,1,11,24, , , ,1,1,2,90, , , ,3,2,2,2,1,0.8515508608479451,0.11885609020792459,4, , ,0.6493632094131336,4
1,10,2,1,11,24, , , ,2, , , , , , ,3,2,2,2,1,0.8515508608479451,0.11885609020792459,4, , ,0.6493632094131336,4
1,10,3,2,12,16, , , ,1,3,90, , , , ,3,2,2,2,1,0.8515508608479451,0.11885609020792459,4, , ,0.6493632094131336,4
1,11,1,1,12,98, , , ,1,1,2,90, , , ,2,2,2,2,1,0.8515508608479451,-0.6136175509149353,2, , ,-0.4792930195053003,2
1,11,2,1,12,98, , , ,2, , , , , , ,2,2,2,2,1,0.8515508608479451,-0.6136175509149353,2, , ,-0.4792930195053003,2
1,12,1,1,98,95,1,2, ,1,1,6,90, , , ,4,2,2,1,1,0.8515508608479451,-0.6355336601192574,2, , ,-0.5130631810215502,2
1,12,2,1,13,12, , , ,1,3,4,5,90, , ,4,2,2,1,1,0.8515508608479451,-0.6355336601192574,2, , ,-0.5130631810215502,2
1,12,3,1,13,12, , , ,2, , , , , , ,4,2,2,1,1,0.8515508608479451,-0.6355336601192574,2, , ,-0.5130631810215502,2
1,12,4,1,13,12, , , ,2, , , , , , ,4,2,2,1,1,0.8515508608479451,-0.6355336601192574,2, , ,-0.5130631810215502,2
1,13,1,1,11,17, , , ,1,1,2,3,4,90,90,3,2,2,2,1,0.8515508608479451,-0.5149209185496553,2, , ,-0.32721305015434654,3
1,13,2,1,11,8, , , ,2, , , , , , ,3,2,2,2,1,0.8515508608479451,-0.5149209185496553,2, , ,-0.32721305015434654,3
1,13,3,1,12,7, , , ,2, , , , , , ,3,2,2,2,1,0.8515508608479451,-0.5149209185496553,2, , ,-0.32721305015434654,3
1,14,1,1,21,22, ,1,5,1,1,4,90, , , ,2,2,2,1,1,0.8515508608479451,-0.6480251712999001,2, , ,-0.5323111390518542,2
1,14,2,1,21,22, ,1,5,1,2,3,5,90, , ,2,2,2,1,1,0.8515508608479451,-0.6480251712999001,2, , ,-0.5323111390518542,2
1,15,1,2,12,12, , , ,1,1,2,90, , , ,5,2,2,1,1,0.8515508608479451,-0.23162384363040883,3, , ,0.1093146148573532,4
1,15,2,2,12,12, , , ,1,3,5,90, , , ,5,2,2,1,1,0.8515508608479451,-0.23162384363040883,3, , ,0.1093146148573532,4
1,15,3,2,12,12, , , ,1,7,4,90, , , ,5,2,2,1,1,0.8515508608479451,-0.23162384363040883,3, , ,0.1093146148573532,4
1,15,4,2,12,12, , , ,1,6,90, , , , ,5,2,2,1,1,0.8515508608479451,-0.23162384363040883,3, , ,0.1093146148573532,4
1,15,5,2,12,12, , , ,2, , , , , , ,5,2,2,1,1,0.8515508608479451,-0.23162384363040883,3, , ,0.1093146148573532,4
1,16,1,1,11,2, , , ,2, , , , , , ,4,2,2,2,1,0.8515508608479451,-0.8394680717058627,1, , ,-0.827302262137413,1
1,16,2,1,11,2, , , ,2, , , , , , ,4,2,2,2,1,0.8515508608479451,-0.8394680717058627,1, , ,-0.827302262137413,1
1,16,3,1,12,4, , , ,1,1,2,4,90, , ,4,2,2,2,1,0.8515508608479451,-0.8394680717058627,1, , ,-0.827302262137413,1
1,16,4,1,12,4, , , ,1,5,90, , , , ,4,2,2,2,1,0.8515508608479451,-0.8394680717058627,1, , ,-0.827302262137413,1
1,17,1,1,21,95, ,2, ,1,1,90, , , , ,1,2,2,2,1,0.8515508608479451,-0.48619446557682766,2, , ,-0.2829489452606715,3
1,18,1,1,21,19, ,1,3,1,1,2,6,90, , ,1,2,2,1,1,0.8515508608479451,-0.9345990116070924,1, , ,-0.973887916356714,1
1,20,1,1,11,95, , , ,1,1,2,90, , , ,2,2,2,2,1,0.8515508608479451,-0.259391159387797,3, , ,0.06652842825563707,4
1,20,2,1,11,95, , , ,2, , , , , , ,2,2,2,2,1,0.8515508608479451,-0.259391159387797,3, , ,0.06652842825563707,4
1,21,1,1,21,95, ,2, ,1,1,2,90, , , ,2,2,2,9,1,0.8515508608479451,-0.7702913118825758,1, , ,-0.7207089644574338,1
1,21,2,1,21,95, ,2, ,1,3,4,5,6,7,90,2,2,2,9,1,0.8515508608479451,-0.7702913118825758,1, , ,-0.7207089644574338,1
1,22,1,1,12,6, , , ,1,1,2,90, , , ,2,2,2,2,1,0.8515508608479451,0.5215762751580695,4, , ,1.2699079222008594,5
1,22,2,1,12,6, , , ,1,3,4,90, , , ,2,2,2,2,1,0.8515508608479451,0.5215762751580695,4, , ,1.2699079222008594,5
1,24,1,1,11,24, , , ,1,1,90, , , , ,4,2,2,2,1,0.8515508608479451,0.30492246567089104,4, , ,0.9360697362672903,5
1,24,2,1,11,24, , , ,1,4,90, , , , ,4,2,2,2,1,0.8515508608479451,0.30492246567089104,4, , ,0.9360697362672903,5
1,24,3,1,11,24, , , ,1,2,90, , , , ,4,2,2,2,1,0.8515508608479451,0.30492246567089104,4, , ,0.9360697362672903,5
1,24,4,1,11,24, , , ,1,3,90, , , , ,4,2,2,2,1,0.8515508608479451,0.30492246567089104,4, , ,0.9360697362672903,5
1,25,1,1,11,24, , , ,1,1,90, , , , ,1,2,2,1,1,0.8515508608479451,-0.5314032969525128,2, , ,-0.3526104679006807,3
1,26,1,1,13,95, , , ,1,5,90, , , , ,4,2,2,2,1,0.8515508608479451,0.043240626545567484,4, , ,0.5328486220291491,4
1,26,2,1,28,95, ,2, ,1,1,90, , , , ,4,2,2,2,1,0.8515508608479451,0.043240626545567484,4, , ,0.5328486220291491,4
1,26,3,1,28,12, ,2, ,1,4,90, , , , ,4,2,2,2,1,0.8515508608479451,0.043240626545567484,4, , ,0.5328486220291491,4
1,26,4,1,28,12, ,2, ,2, , , , , , ,4,2,2,2,1,0.8515508608479451,0.043240626545567484,4, , ,0.5328486220291491,4
1,27,1,1,11,95, , , ,1,1,2,90, , , ,2,2,2,2,1,0.8515508608479451,-0.4186374022096636,3, , ,-0.17885141041982708,3
1,27,2,1,12,95, , , ,1,3,5,90, , , ,2,2,2,2,1,0.8515508608479451,-0.4186374022096636,3, , ,-0.17885141041982708,3
1,28,1,1,12,24, , , ,1,4,8,9,90, , ,5,2,2,2,1,0.8515508608479451,-0.5541955552282538,2, , ,-0.38773067268320055,2
1,28,2,2,12,24, , , ,1,1,2,90, , , ,5,2,2,2,1,0.8515508608479451,-0.5541955552282538,2, , ,-0.38773067268320055,2
1,28,3,1,12,24, , , ,1,6,5,90, , , ,5,2,2,2,1,0.8515508608479451,-0.5541955552282538,2, , ,-0.38773067268320055,2
1,28,4,1,12,24, , , ,1,3,90, , , , ,5,2,2,2,1,0.8515508608479451,-0.5541955552282538,2, , ,-0.38773067268320055,2
1,28,5,1,12,3, , , ,2, , , , , , ,5,2,2,2,1,0.8515508608479451,-0.5541955552282538,2, , ,-0.38773067268320055,2
2,1,1,1,12,23, , , ,1,1,5,90, , , ,3,2,2,2,1,0.6812406886783559,-0.040247797791587436,4, , ,0.40420272287260883,4
2,1,2,1,12,12, , , ,1,3,4,90, , , ,3,2,2,2,1,0.6812406886783559,-0.040247797791587436,4, , ,0.40420272287260883,4
2,1,3,1,12,95, , , ,1,2,90, , , , ,3,2,2,2,1,0.6812406886783559,-0.040247797791587436,4, , ,0.40420272287260883,4
2,2,1,1,12,2, , , ,1,4,6,7,90, , ,3,2,2,3,1,0.6812406886783559,-0.5291395298566943,2, , ,-0.34912226752039227,3
2,2,2,1,12,2, , , ,2, , , , , , ,3,2,2,3,1,0.6812406886783559,-0.5291395298566943,2, , ,-0.34912226752039227,3
2,2,3,1,12,12, , , ,2, , , , , , ,3,2,2,3,1,0.6812406886783559,-0.5291395298566943,2, , ,-0.34912226752039227,3
2,3,1,1,12,24, , , ,1,1,90, , , , ,2,2,2,3,1,0.6812406886783559,0.9287509275398347,5, , ,1.8973164484160625,5
2,3,2,1,12,24, , , ,1,2,90, , , , ,2,2,2,3,1,0.6812406886783559,0.9287509275398347,5, , ,1.8973164484160625,5
2,4,1,2,13,95, , , ,1,2,3,90, , , ,4,2,2,3,1,0.6812406886783559,1.3029077801379534,5, , ,2.4738484061122037,5
2,4,2,2,13,95, , , ,1,4,5,90, , , ,4,2,2,3,1,0.6812406886783559,1.3029077801379534,5, , ,2.4738484061122037,5
2,4,3,2,12,95, , , ,1,6,7,90, , , ,4,2,2,3,1,0.6812406886783559,1.3029077801379534,5, , ,2.4738484061122037,5
2,4,4,2,12,95, , , ,1,1,90, , , , ,4,2,2,3,1,0.6812406886783559,1.3029077801379534,5, , ,2.4738484061122037,5
2,5,1,1,12,15, , , ,1,1,90, , , , ,3,2,2,1,1,0.6812406886783559,-0.48925360490577585,2, , ,-0.287662721245093,3
2,5,2,1,12,15, , , ,1,2,90, , , , ,3,2,2,1,1,0.6812406886783559,-0.48925360490577585,2, , ,-0.287662721245093,3
2,5,3,1,12,15, , , ,1,3,4,90, , , ,3,2,2,1,1,0.6812406886783559,-0.48925360490577585,2, , ,-0.287662721245093,3
2,6,1,1,21,95, ,1,4,1,3,90, , , , ,5,2,2,3,1,0.6812406886783559,1.907376804084803,5, , ,3.405264488225422,5
2,6,2,1,21,95, ,1,4,1,2,4,1,90, , ,5,2,2,3,1,0.6812406886783559,1.907376804084803,5, , ,3.405264488225422,5
2,6,3,1,21,95, ,1,4,1,5,90, , , , ,5,2,2,3,1,0.6812406886783559,1.907376804084803,5, , ,3.405264488225422,5
2,6,4,1,21,95, ,1,4,2, , , , , , ,5,2,2,3,1,0.6812406886783559,1.907376804084803,5, , ,3.405264488225422,5
2,6,5,1,28,95, ,2, ,2, , , , , , ,5,2,2,3,1,0.6812406886783559,1.907376804084803,5, , ,3.405264488225422,5
2,7,1,1,12,15, , , ,2, , , , , , ,7,2,2,2,1,0.6812406886783559,0.16822675604610676,4, , ,0.7254376322943364,5
2,7,2,1,12,31, , , ,1,2,1,7,90, , ,7,2,2,2,1,0.6812406886783559,0.16822675604610676,4, , ,0.7254376322943364,5
2,7,3,1,12,31, , , ,1,6,8,0,90, , ,7,2,2,2,1,0.6812406886783559,0.16822675604610676,4, , ,0.7254376322943364,5
2,7,4,2,12,31, , , ,1,3,10,90, , , ,7,2,2,2,1,0.6812406886783559,0.16822675604610676,4, , ,0.7254376322943364,5
2,7,5,1,12,31, , , ,1,5,9,90, , , ,7,2,2,2,1,0.6812406886783559,0.16822675604610676,4, , ,0.7254376322943364,5
2,7,6,1,12,31, , , ,2, , , , , , ,7,2,2,2,1,0.6812406886783559,0.16822675604610676,4, , ,0.7254376322943364,5
2,7,7,1,12,31, , , ,2, , , , , , ,7,2,2,2,1,0.6812406886783559,0.16822675604610676,4, , ,0.7254376322943364,5
2,10,1,2,12,95, , , ,1,1,90, , , , ,1,2,2,3,1,0.6812406886783559,-0.5318399572499168,2, , ,-0.35328331035796146,3
2,13,1,2,18,95, , , ,1,1,90, , , , ,1,2,2,1,1,0.6812406886783559,-0.8153898050617083,1, , ,-0.7902004688389899,1
2,14,1,1,12,36, , , ,1,3,90, , , , ,3,2,2,2,1,0.6812406886783559,-0.18538685970556446,3, , ,0.18056040034825233,4
2,14,2,1,12,36, , , ,1,4,5,90, , , ,3,2,2,2,1,0.6812406886783559,-0.18538685970556446,3, , ,0.18056040034825233,4
2,14,3,1,12,21, , , ,1,2,1,90, , , ,3,2,2,2,1,0.6812406886783559,-0.18538685970556446,3, , ,0.18056040034825233,4
2,15,1,1,12,18, , , ,1,1,2,90, , , ,2,2,2,3,1,0.6812406886783559,-0.2804809143108594,3, , ,0.034031582056791986,4
2,15,2,1,12,18, , , ,1,4,90, , , , ,2,2,2,3,1,0.6812406886783559,-0.2804809143108594,3, , ,0.034031582056791986,4
2,16,1,2,28,36, ,1,1,1,1,2,90, , , ,3,2,2,2,1,0.6812406886783559,-0.331206908093657,3, , ,-0.04413124270133356,3
2,16,2,1,28,36, ,1,0,1,5,6,7,90, , ,3,2,2,2,1,0.6812406886783559,-0.331206908093657,3, , ,-0.04413124270133356,3
2,16,3,1,28,36, ,1,0,1,4,90, , , , ,3,2,2,2,1,0.6812406886783559,-0.331206908093657,3, , ,-0.04413124270133356,3
2,17,1,1,18,98, , , ,1,1,90, , , , ,1,2,2,1,1,0.6812406886783559,-0.40623983509340134,3, , ,-0.1597482092073527,3
2,19,1,1,21,12, ,2, ,1,1,2,6,90, , ,2,2,2,2,1,0.6812406886783559,-0.5099705905057027,2, , ,-0.3195851735068925,3
2,19,2,1,21,95, ,2, ,1,5,4,90, , , ,2,2,2,2,1,0.6812406886783559,-0.5099705905057027,2, , ,-0.3195851735068925,3
2,20,1,1,12,95, , , ,1,1,2,90, , , ,3,2,2,2,1,0.6812406886783559,-0.43857403973579834,3, , ,-0.20957143755017776,3
2,20,2,1,12,95, , , ,1,3,4,90, , , ,3,2,2,2,1,0.6812406886783559,-0.43857403973579834,3, , ,-0.20957143755017776,3
2,20,3,1,12,95, , , ,1,7,9,10,90, , ,3,2,2,2,1,0.6812406886783559,-0.43857403973579834,3, , ,-0.20957143755017776,3
2,21,1,1,21,95, ,1,4,1,1,90, , , , ,3,2,2,2,1,0.6812406886783559,-0.181793414989674,3, , ,0.18609747845477154,4
2,21,2,1,12,23, , , ,1,4,5,90, , , ,3,2,2,2,1,0.6812406886783559,-0.181793414989674,3, , ,0.18609747845477154,4
2,21,3,1,21,95, ,2, ,1,2,3,90, , , ,3,2,2,2,1,0.6812406886783559,-0.181793414989674,3, , ,0.18609747845477154,4
2,22,1,1,18,5, , , ,1,1,90, , , , ,1,2,2,2,1,0.6812406886783559,-0.8497989888624358,1, , ,-0.8432209974264153,1
2,23,1,2,28,98, ,2, ,1,1,2,90, , , ,3,2,2,2,1,0.6812406886783559,-0.6222632662453433,2, , ,-0.4926150558398254,2
2,23,2,2,28,98, ,2, ,1,3,90, , , , ,3,2,2,2,1,0.6812406886783559,-0.6222632662453433,2, , ,-0.4926150558398254,2
2,23,3,2,28,98, ,2, ,2, , , , , , ,3,2,2,2,1,0.6812406886783559,-0.6222632662453433,2, , ,-0.4926150558398254,2
2,24,1,1,21,98, ,1,10,1,1,90, , , , ,4,2,2,3,1,0.6812406886783559,0.6667780159447791,5, , ,1.4936468255387219,5
2,24,2,1,21,98, ,1,10,1,3,90, , , , ,4,2,2,3,1,0.6812406886783559,0.6667780159447791,5, , ,1.4936468255387219,5
2,24,3,1,21,25, ,1,10,1,5,6,90, , , ,4,2,2,3,1,0.6812406886783559,0.6667780159447791,5, , ,1.4936468255387219,5
2,24,4,1,21,98, ,1,10,1,4,90, , , , ,4,2,2,3,1,0.6812406886783559,0.6667780159447791,5, , ,1.4936468255387219,5
2,25,1,1,21,95, ,1,2,1,3,7,5,90, , ,3,2,2,3,1,0.6812406886783559,1.1386519809755944,5, , ,2.2207494269101984,5
2,25,2,1,21,95, ,1,2,1,6,90, , , , ,3,2,2,3,1,0.6812406886783559,1.1386519809755944,5, , ,2.2207494269101984,5
2,25,3,1,21,95, ,1,2,1,4,90, , , , ,3,2,2,3,1,0.6812406886783559,1.1386519809755944,5, , ,2.2207494269101984,5
2,28,1,1,11,12, , , ,1,1,90, , , , ,2,2,2,3,1,0.6812406886783559,-0.328799289507243,3, , ,-0.04042138399535976,3
2,28,2,1,11,12, , , ,1,4,90, , , , ,2,2,2,3,1,0.6812406886783559,-0.328799289507243,3, , ,-0.04042138399535976,3
2,29,1,1,12,15, , , ,1,1,2,3,90, , ,2,2,2,3,1,0.6812406886783559,-0.6562614200742484,2, , ,-0.5450022353046007,2
2,29,2,1,11,1, , , ,2, , , , , , ,2,2,2,3,1,0.6812406886783559,-0.6562614200742484,2, , ,-0.5450022353046007,2
2,30,1,2,13,95, , , ,1,1,2,4,90, , ,2,2,2,2,1,0.6812406886783559,-0.8321936862153156,1, , ,-0.8160932847291972,1
2,30,2,2,13,10, , , ,1,3,90, , , , ,2,2,2,2,1,0.6812406886783559,-0.8321936862153156,1, , ,-0.8160932847291972,1
3,1,1,1,12,2, , , ,1,1,2,6,90, , ,3,2,2,2,1,1.0056410166204302,-0.21536585840815442,3, , ,0.13436626895187023,4
3,1,2,1,11,10, , , ,1,4,5,90, , , ,3,2,2,2,1,1.0056410166204302,-0.21536585840815442,3, , ,0.13436626895187023,4
3,1,3,1,11,10, , , ,1,7,90, , , , ,3,2,2,2,1,1.0056410166204302,-0.21536585840815442,3, , ,0.13436626895187023,4
3,2,1,1,12,95, , , ,1,1,90, , , , ,1,2,2,2,1,1.0056410166204302,0.49027993952030596,4, , ,1.221683928630613,5
3,3,1,1,12,8, , , ,1,1,90, , , , ,2,2,2,1,1,1.0056410166204302,-0.7308250986382627,1, , ,-0.6598961448428838,1
3,3,2,1,12,8, , , ,2, , , , , , ,2,2,2,1,1,1.0056410166204302,-0.7308250986382627,1, , ,-0.6598961448428838,1
3,6,1,1,12,24, , , ,1,1,2,6,90, , ,3,2,2,2,1,1.0056410166204302,-0.5952045821839355,2, , ,-0.4509207878175288,2
3,6,2,1,12,12, , , ,1,3,4,5,90, , ,3,2,2,2,1,1.0056410166204302,-0.5952045821839355,2, , ,-0.4509207878175288,2
3,6,3,2,12,10, , , ,2, , , , , , ,3,2,2,2,1,1.0056410166204302,-0.5952045821839355,2, , ,-0.4509207878175288,2
3,7,1,1,21,95, ,1,5,1,4,90, , , , ,3,2,2,1,6,1.0056410166204302,-0.6829816467970409,1, , ,-0.5861749801457138,2
3,7,2,1,12,95, , , ,1,1,5,90, , , ,3,2,2,1,6,1.0056410166204302,-0.6829816467970409,1, , ,-0.5861749801457138,2
3,7,3,1,21,95, ,1,5,1,3,2,90, , , ,3,2,2,1,6,1.0056410166204302,-0.6829816467970409,1, , ,-0.5861749801457138,2
3,8,1,2,11,24, , , ,1,1,90, , , , ,1,2,2,3,1,1.0056410166204302,-0.7676743955978387,1, , ,-0.7166766024726409,1
3,9,1,1,21,24, ,2, ,1,1,90, , , , ,3,2,2,2,1,1.0056410166204302,-0.7604985059032192,1, , ,-0.7056193955683103,1
3,9,2,1,21,24, ,2, ,1,2,5,6,90, , ,3,2,2,2,1,1.0056410166204302,-0.7604985059032192,1, , ,-0.7056193955683103,1
3,9,3,2,21,24, ,2, ,1,3,4,90, , , ,3,2,2,2,1,1.0056410166204302,-0.7604985059032192,1, , ,-0.7056193955683103,1
3,10,1,1,11,24, , , ,1,3,4,90, , , ,2,2,2,2,1,1.0056410166204302,-0.699598887262264,1, , ,-0.6117802045600129,2
3,10,2,1,11,24, , , ,1,5,6,90, , , ,2,2,2,2,1,1.0056410166204302,-0.699598887262264,1, , ,-0.6117802045600129,2
3,11,1,1,12,24, , , ,1,1,2,90, , , ,3,2,2,1,1,1.0056410166204302,-0.38143603968560136,3, , ,-0.12152846092410191,3
3,11,2,1,12,24, , , ,1,4,5,90, , , ,3,2,2,1,1,1.0056410166204302,-0.38143603968560136,3, , ,-0.12152846092410191,3
3,11,3,1,12,24, , , ,1,3,6,90, , , ,3,2,2,1,1,1.0056410166204302,-0.38143603968560136,3, , ,-0.12152846092410191,3
3,12,1,1,12,24, , , ,1,1,90, , , , ,3,2,2,3,1,1.0056410166204302,0.9374309546127699,5, , ,1.910691355133567,5
3,12,2,1,12,24, , , ,1,2,90, , , , ,3,2,2,3,1,1.0056410166204302,0.9374309546127699,5, , ,1.910691355133567,5
3,12,3,1,12,24, , , ,2, , , , , , ,3,2,2,3,1,1.0056410166204302,0.9374309546127699,5, , ,1.910691355133567,5
3,13,1,1,12,25, , , ,1,1,7,6,90, , ,2,2,2,2,1,1.0056410166204302,-0.44415796648181627,3, , ,-0.2181756157074369,3
3,13,2,1,12,25, , , ,1,3,90, , , , ,2,2,2,2,1,1.0056410166204302,-0.44415796648181627,3, , ,-0.2181756157074369,3
3,14,1,1,12,95, , , ,1,1,2,90, , , ,3,2,2,3,1,1.0056410166204302,0.09677300697887997,4, , ,0.61533576044995,4
3,14,2,1,12,95, , , ,1,3,90, , , , ,3,2,2,3,1,1.0056410166204302,0.09677300697887997,4, , ,0.61533576044995,4
3,14,3,1,12,95, , , ,1,4,90, , , , ,3,2,2,3,1,1.0056410166204302,0.09677300697887997,4, , ,0.61533576044995,4
3,15,1,1,12,3, , , ,1,1,2,90, , , ,2,2,2,2,1,1.0056410166204302,-0.07772945149153346,4, , ,0.34644787745078975,4
3,15,2,1,12,3, , , ,1,6,5,90, , , ,2,2,2,2,1,1.0056410166204302,-0.07772945149153346,4, , ,0.34644787745078975,4
3,16,1,1,12,9, , , ,1,1,90, , , , ,2,2,2,1,1,1.0056410166204302,-0.8109986434267713,1, , ,-0.7834342022415163,1
3,16,2,1,12,10, , , ,1,2,3,90, , , ,2,2,2,1,1,1.0056410166204302,-0.8109986434267713,1, , ,-0.7834342022415163,1
3,17,1,2,18,24, , , ,1,1,2,6,90, , ,2,2,2,1,1,1.0056410166204302,-0.6839856378044398,1, , ,-0.587722012886089,2
3,17,2,2,18,24, , , ,1,3,4,5,90, , ,2,2,2,1,1,1.0056410166204302,-0.6839856378044398,1, , ,-0.587722012886089,2
3,18,1,2,12,6, , , ,1,1,2,90, , , ,3,2,2,2,1,1.0056410166204302,1.221545852792238,5, , ,2.34847919015683,5
3,18,2,1,13,6, , , ,1,3,90, , , , ,3,2,2,2,1,1.0056410166204302,1.221545852792238,5, , ,2.34847919015683,5
3,18,3,1,13,6, , , ,1,4,90, , , , ,3,2,2,2,1,1.0056410166204302,1.221545852792238,5, , ,2.34847919015683,5
3,22,1,2,12,36, , , ,1,1,3,4,90, , ,1,2,2,2,1,1.0056410166204302,-0.8454186402949457,1, , ,-0.836471392501448,1
3,23,1,1,11,24, , , ,1,3,4,90, , , ,2,2,2,2,1,1.0056410166204302,-0.336678954398481,3, , ,-0.052563026181489905,3
3,23,2,1,12,24, , , ,1,1,2,90, , , ,2,2,2,2,1,1.0056410166204302,-0.336678954398481,3, , ,-0.052563026181489905,3
3,24,1,1,12,95, , , ,1,1,2,90, , , ,1,2,2,3,1,1.0056410166204302,0.3689446250071385,4, , ,1.0347203973516854,5
3,25,1,1,12,16, , , ,1,1,90, , , , ,3,2,2,1,1,1.0056410166204302,-0.658198058689655,2, , ,-0.5479863689494536,2
3,25,2,1,12,16, , , ,1,2,90, , , , ,3,2,2,1,1,1.0056410166204302,-0.658198058689655,2, , ,-0.5479863689494536,2
3,25,3,1,12,24, , , ,1,3,90, , , , ,3,2,2,1,1,1.0056410166204302,-0.658198058689655,2, , ,-0.5479863689494536,2
3,26,1,1,12,24, , , ,1,1,4,90, , , ,2,2,2,2,6,1.0056410166204302,-0.7078167668663586,1, , ,-0.6244429960694036,2
3,26,2,1,12,24, , , ,1,2,3,90, , , ,2,2,2,2,6,1.0056410166204302,-0.7078167668663586,1, , ,-0.6244429960694036,2
3,27,1,1,12,95, , , ,1,1,2,90, , , ,2,2,2,3,1,1.0056410166204302,-0.5695865180872757,2, , ,-0.4114463467015284,2
3,27,2,1,12,95, , , ,1,5,6,90, , , ,2,2,2,3,1,1.0056410166204302,-0.5695865180872757,2, , ,-0.4114463467015284,2
4,1,1,1,11,24, , , ,1,1,90, , , , ,4,2,2,2,1,0.4866004919131113,-0.8074445146159961,1, , ,-0.7779577053473613,1
4,1,2,1,11,24, , , ,1,2,90, , , , ,4,2,2,2,1,0.4866004919131113,-0.8074445146159961,1, , ,-0.7779577053473613,1
4,1,3,1,11,24, , , ,1,3,90, , , , ,4,2,2,2,1,0.4866004919131113,-0.8074445146159961,1, , ,-0.7779577053473613,1
4,1,4,1,11,24, , , ,1,4,90, , , , ,4,2,2,2,1,0.4866004919131113,-0.8074445146159961,1, , ,-0.7779577053473613,1
4,2,1,1,11,23, , , ,2, , , , , , ,2,2,2,2,1,0.4866004919131113,-0.362841579590008,3, , ,-0.09287657226624571,3
4,2,2,1,11,23, , , ,1,1,90, , , , ,2,2,2,2,1,0.4866004919131113,-0.362841579590008,3, , ,-0.09287657226624571,3
4,3,1,1,11,6, , , ,1,1,2,90, , , ,1,2,2,2,1,0.4866004919131113,-0.5348509006422086,2, , ,-0.3579228220398037,3
4,4,1,1,11,23, , , ,1,1,90, , , , ,3,2,2,2,1,0.4866004919131113,-0.3319555949676192,3, , ,-0.045284881626157625,3
4,4,2,1,11,23, , , ,1,2,90, , , , ,3,2,2,2,1,0.4866004919131113,-0.3319555949676192,3, , ,-0.045284881626157625,3
4,4,3,1,11,23, , , ,1,3,90, , , , ,3,2,2,2,1,0.4866004919131113,-0.3319555949676192,3, , ,-0.045284881626157625,3
4,5,1,1,12,95, , , ,1,1,2,90, , , ,3,2,2,2,1,0.4866004919131113,-0.3623555390913526,3, , ,-0.09212764069312707,3
4,5,2,1,12,10, , , ,1,4,5,90, , , ,3,2,2,2,1,0.4866004919131113,-0.3623555390913526,3, , ,-0.09212764069312707,3
4,5,3,1,12,6, , , ,1,6,7,8,90, , ,3,2,2,2,1,0.4866004919131113,-0.3623555390913526,3, , ,-0.09212764069312707,3
4,6,1,1,11,23, , , ,1,1,2,90, , , ,4,2,2,3,1,0.4866004919131113,0.6619608772537651,5, , ,1.4862241781096042,5
4,6,2,1,11,23, , , ,2, , , , , , ,4,2,2,3,1,0.4866004919131113,0.6619608772537651,5, , ,1.4862241781096042,5
4,6,3,1,11,23, , , ,1,4,90, , , , ,4,2,2,3,1,0.4866004919131113,0.6619608772537651,5, , ,1.4862241781096042,5
4,6,4,1,11,24, , , ,1,6,7,90, , , ,4,2,2,3,1,0.4866004919131113,0.6619608772537651,5, , ,1.4862241781096042,5
4,7,1,1,11,95, , , ,1,6,90, , , , ,1,2,2,3,1,0.4866004919131113,-0.6906253896206518,1, , ,-0.597953094013257,2
4,8,1,1,11,95, , , ,1,6,7,90, , , ,2,2,2,2,1,0.4866004919131113,-0.48357006276435544,2, , ,-0.2789050474120784,3
4,8,2,1,11,95, , , ,1,1,2,90, , , ,2,2,2,2,1,0.4866004919131113,-0.48357006276435544,2, , ,-0.2789050474120784,3
4,10,1,1,12,95, , , ,1,2,90, , , , ,1,2,2,2,1,0.4866004919131113,0.3229555876252384,4, , ,0.9638566684897509,5
4,11,1,1,12,24, , , ,1,1,7,6,90, , ,2,2,2,3,1,0.4866004919131113,-0.6169611776417754,2, , ,-0.48444515730324345,2
4,11,2,1,12,24, , , ,1,5,4,90, , , ,2,2,2,3,1,0.4866004919131113,-0.6169611776417754,2, , ,-0.48444515730324345,2
4,12,1,1,12,9, , , ,1,1,2,7,90, , ,4,2,2,3,1,0.4866004919131113,-0.4450054105334461,3, , ,-0.21948142789484293,3
4,12,2,1,12,9, , , ,1,5,90, , , , ,4,2,2,3,1,0.4866004919131113,-0.4450054105334461,3, , ,-0.21948142789484293,3
4,12,3,1,12,9, , , ,1,6,90, , , , ,4,2,2,3,1,0.4866004919131113,-0.4450054105334461,3, , ,-0.21948142789484293,3
4,12,4,1,12,9, , , ,2, , , , , , ,4,2,2,3,1,0.4866004919131113,-0.4450054105334461,3, , ,-0.21948142789484293,3
4,14,1,1,13,95, , , ,1,3,10,11,12,90,90,2,2,2,1,1,0.4866004919131113,-1.0672061665563666,1, , ,-1.1782200356712247,1
4,14,2,2,13,95, , , ,1,7,8,9,90, , ,2,2,2,1,1,0.4866004919131113,-1.0672061665563666,1, , ,-1.1782200356712247,1
4,16,1,2,13,95, , , ,2, , , , , , ,1,2,2,2,1,0.4866004919131113,-1.0362720005392112,1, , ,-1.1305541031359092,1
4,17,1,1,12,13, , , ,2, , , , , , ,2,2,2,2,1,0.4866004919131113,0.8345049735109535,5, , ,1.7520944539399295,5
4,17,2,1,12,13, , , ,2, , , , , , ,2,2,2,2,1,0.4866004919131113,0.8345049735109535,5, , ,1.7520944539399295,5
4,18,1,1,12,5, , , ,1,1,5,90, , , ,2,2,2,2,1,0.4866004919131113,-0.07244015834291753,4, , ,0.35459805968753133,4
4,18,2,1,12,5, , , ,1,3,4,90, , , ,2,2,2,2,1,0.4866004919131113,-0.07244015834291753,4, , ,0.35459805968753133,4
4,19,1,1,12,98, , , ,1,1,90, , , , ,2,2,2,3,1,0.4866004919131113,-0.668732712725669,2, , ,-0.5642190389456339,2
4,19,2,1,12,98, , , ,1,2,3,90, , , ,2,2,2,3,1,0.4866004919131113,-0.668732712725669,2, , ,-0.5642190389456339,2
4,20,1,1,12,30, , , ,1,1,2,90, , , ,3,2,2,3,1,0.4866004919131113,-0.5792581055897994,2, , ,-0.42634913209257574,2
4,20,2,1,12,95, , , ,1,3,90, , , , ,3,2,2,3,1,0.4866004919131113,-0.5792581055897994,2, , ,-0.42634913209257574,2
4,20,3,1,11,30, , , ,2, , , , , , ,3,2,2,3,1,0.4866004919131113,-0.5792581055897994,2, , ,-0.42634913209257574,2
4,21,1,1,12,95, , , ,2, , , , , , ,3,2,2,1,1,0.4866004919131113,-0.8365835916288575,1, , ,-0.8228576156363971,1
4,21,2,1,12,12, , , ,1,2,90, , , , ,3,2,2,1,1,0.4866004919131113,-0.8365835916288575,1, , ,-0.8228576156363971,1
4,21,3,1,12,95, , , ,1,3,90, , , , ,3,2,2,1,1,0.4866004919131113,-0.8365835916288575,1, , ,-0.8228576156363971,1
4,22,1,1,13,25, , , ,1,1,6,7,90, , ,6,2,2,3,1,0.4866004919131113,0.295526346254018,4, , ,0.9215914149842772,5
4,22,2,1,13,25, , , ,1,2,4,90, , , ,6,2,2,3,1,0.4866004919131113,0.295526346254018,4, , ,0.9215914149842772,5
4,22,3,1,36,25,9,9, ,1,3,5,90, , , ,6,2,2,3,1,0.4866004919131113,0.295526346254018,4, , ,0.9215914149842772,5
4,22,4,1,36,95,9,9, ,2, , , , , , ,6,2,2,3,1,0.4866004919131113,0.295526346254018,4, , ,0.9215914149842772,5
4,22,5,1,99,12,9,9, ,2, , , , , , ,6,2,2,3,1,0.4866004919131113,0.295526346254018,4, , ,0.9215914149842772,5
4,22,6,1,11,98, , , ,2, , , , , , ,6,2,2,3,1,0.4866004919131113,0.295526346254018,4, , ,0.9215914149842772,5
4,23,1,1,11,2, , , ,1,1,90, , , , ,3,2,2,2,1,0.4866004919131113,-0.6338078955458941,2, , ,-0.5104039796168591,2
4,23,2,1,11,5, , , ,1,2,3,5,90, , ,3,2,2,2,1,0.4866004919131113,-0.6338078955458941,2, , ,-0.5104039796168591,2
4,23,3,1,98,95,9,9, ,1,4,90, , , , ,3,2,2,2,1,0.4866004919131113,-0.6338078955458941,2, , ,-0.5104039796168591,2
4,26,1,1,12,24, , , ,1,1,2,90, , , ,3,2,2,3,1,0.4866004919131113,-0.10916536009104374,4, , ,0.29800881826750286,4
4,26,2,1,12,24, , , ,1,9,5,8,90, , ,3,2,2,3,1,0.4866004919131113,-0.10916536009104374,4, , ,0.29800881826750286,4
4,26,3,1,12,24, , , ,1,3,4,90, , , ,3,2,2,3,1,0.4866004919131113,-0.10916536009104374,4, , ,0.29800881826750286,4
4,27,1,1,13,6, , , ,2, , , , , , ,4,2,2,2,1,0.4866004919131113,-0.7363013368002074,1, , ,-0.668334387484687,1
4,27,2,1,13,6, , , ,1,3,6,90, , , ,4,2,2,2,1,0.4866004919131113,-0.7363013368002074,1, , ,-0.668334387484687,1
4,27,3,1,13,6, , , ,1,5,7,90, , , ,4,2,2,2,1,0.4866004919131113,-0.7363013368002074,1, , ,-0.668334387484687,1
4,27,4,1,13,7, , , ,1,2,4,90, , , ,4,2,2,2,1,0.4866004919131113,-0.7363013368002074,1, , ,-0.668334387484687,1
4,28,1,1,12,12, , , ,1,5,90, , , , ,3,2,2,3,1,0.4866004919131113,1.2834319680140842,5, , ,2.4438384570399707,5
4,28,2,1,12,12, , , ,2, , , , , , ,3,2,2,3,1,0.4866004919131113,1.2834319680140842,5, , ,2.4438384570399707,5
4,28,3,1,12,12, , , ,2, , , , , , ,3,2,2,3,1,0.4866004919131113,1.2834319680140842,5, , ,2.4438384570399707,5
4,29,1,1,13,8, , , ,1,1,90, , , , ,3,2,2,2,1,0.4866004919131113,-0.53683614798169,2, , ,-0.3609818560443782,2
4,29,2,1,13,8, , , ,1,2,3,4,90, , ,3,2,2,2,1,0.4866004919131113,-0.53683614798169,2, , ,-0.3609818560443782,2
4,29,3,1,13,8, , , ,2, , , , , , ,3,2,2,2,1,0.4866004919131113,-0.53683614798169,2, , ,-0.3609818560443782,2
4,30,1,1,12,24, , , ,1,1,90, , , , ,3,2,2,2,1,0.4866004919131113,-0.7995482134263785,1, , ,-0.7657904285707993,1
4,30,2,1,12,24, , , ,1,2,90, , , , ,3,2,2,2,1,0.4866004919131113,-0.7995482134263785,1, , ,-0.7657904285707993,1
4,30,3,1,12,24, , , ,1,5,90, , , , ,3,2,2,2,1,0.4866004919131113,-0.7995482134263785,1, , ,-0.7657904285707993,1
5,1,1,1,12,12, , , ,1,1,2,5,90, , ,3,2,2,3,1,0.5839205902957336,-0.48727146379738867,2, , ,-0.2846084735794064,3
5,1,2,1,12,12, , , ,2, , , , , , ,3,2,2,3,1,0.5839205902957336,-0.48727146379738867,2, , ,-0.2846084735794064,3
5,1,3,2,12,6, , , ,2, , , , , , ,3,2,2,3,1,0.5839205902957336,-0.48727146379738867,2, , ,-0.2846084735794064,3
5,2,1,1,11,36, , , ,1,4,90, , , , ,2,2,2,2,1,0.5839205902957336,-0.7071514709082276,1, , ,-0.6234178527945307,2
5,2,2,1,11,36, , , ,1,3,6,90, , , ,2,2,2,2,1,0.5839205902957336,-0.7071514709082276,1, , ,-0.6234178527945307,2
5,4,1,1,11,24, , , ,1,2,90, , , , ,3,2,2,3,1,0.5839205902957336,1.0643620086504288,5, , ,2.10627726668005,5
5,4,2,1,11,24, , , ,1,5,90, , , , ,3,2,2,3,1,0.5839205902957336,1.0643620086504288,5, , ,2.10627726668005,5
5,4,3,2,11,24, , , ,1,3,90, , , , ,3,2,2,3,1,0.5839205902957336,1.0643620086504288,5, , ,2.10627726668005,5
5,5,1,1,12,95, , , ,1,1,2,90, , , ,2,2,2,9,1,0.5839205902957336,-0.6935422205089563,1, , ,-0.6024475893315321,2
5,5,2,1,12,95, , , ,1,3,90, , , , ,2,2,2,9,1,0.5839205902957336,-0.6935422205089563,1, , ,-0.6024475893315321,2
5,6,1,1,12,36, , , ,1,1,90, , , , ,2,2,2,1,1,0.5839205902957336,-0.6891963761843607,1, , ,-0.5957511514100998,2
5,6,2,1,12,36, , , ,1,0,8,7,90, , ,2,2,2,1,1,0.5839205902957336,-0.6891963761843607,1, , ,-0.5957511514100998,2
5,7,1,1,12,95, , , ,1,1,2,90, , , ,2,2,2,2,1,0.5839205902957336,-0.6694439262448004,2, , ,-0.565314935812623,2
5,7,2,1,12,24, , , ,1,3,90, , , , ,2,2,2,2,1,0.5839205902957336,-0.6694439262448004,2, , ,-0.565314935812623,2
5,9,1,1,12,24, , , ,1,2,7,90, , , ,1,2,2,2,1,0.5839205902957336,-0.576742131035543,2, , ,-0.4224723095107985,2
5,10,1,1,12,95, , , ,1,1,2,90, , , ,3,2,2,2,1,0.5839205902957336,-0.6716141633133148,2, , ,-0.5686590173578012,2
5,10,2,1,12,95, , , ,1,3,4,90, , , ,3,2,2,2,1,0.5839205902957336,-0.6716141633133148,2, , ,-0.5686590173578012,2
5,10,3,1,12,95, , , ,1,5,6,90, , , ,3,2,2,2,1,0.5839205902957336,-0.6716141633133148,2, , ,-0.5686590173578012,2
5,11,1,1,12,95, , , ,1,1,2,90, , , ,3,2,2,2,1,0.5839205902957336,-0.6670051924761373,2, , ,-0.5615571322492677,2
5,11,2,1,12,95, , , ,1,3,4,90, , , ,3,2,2,2,1,0.5839205902957336,-0.6670051924761373,2, , ,-0.5615571322492677,2
5,11,3,1,12,26, , , ,1,5,6,90, , , ,3,2,2,2,1,0.5839205902957336,-0.6670051924761373,2, , ,-0.5615571322492677,2
5,12,1,1,12,95, , , ,1,1,90, , , , ,3,2,2,3,1,0.5839205902957336,-0.7562816985600145,1, , ,-0.6991217885462185,1
5,12,2,1,12,95, , , ,1,2,90, , , , ,3,2,2,3,1,0.5839205902957336,-0.7562816985600145,1, , ,-0.6991217885462185,1
5,12,3,1,12,24, , , ,1,3,90, , , , ,3,2,2,3,1,0.5839205902957336,-0.7562816985600145,1, , ,-0.6991217885462185,1
5,13,1,1,21,10, ,2, ,1,1,90, , , , ,2,2,2,2,1,0.5839205902957336,-0.2662597873661907,3, , ,0.05594467572625811,4
5,13,2,1,21,10, ,2, ,1,2,90, , , , ,2,2,2,2,1,0.5839205902957336,-0.2662597873661907,3, , ,0.05594467572625811,4
5,16,1,1,13,7, , , ,1,2,1,90, , , ,1,2,2,3,1,0.5839205902957336,0.9482351633218968,5, , ,1.9273393773605478,5
5,17,1,1,13,4, , , ,1,1,6,5,90, , ,3,2,2,2,1,0.5839205902957336,-0.8254759341350517,1, , ,-0.8057420143161123,1
5,17,2,1,13,4, , , ,1,2,3,4,90, , ,3,2,2,2,1,0.5839205902957336,-0.8254759341350517,1, , ,-0.8057420143161123,1
5,17,3,1,13,4, , , ,2, , , , , , ,3,2,2,2,1,0.5839205902957336,-0.8254759341350517,1, , ,-0.8057420143161123,1
5,18,1,1,21,3, ,1,1,1,1,90, , , , ,1,2,2,1,1,0.5839205902957336,-0.6861077316988196,1, , ,-0.590991911429564,2
5,19,1,1,11,95, , , ,1,1,3,90, , , ,2,2,2,2,1,0.5839205902957336,-0.5147042468574762,2, , ,-0.3268791844132758,3
5,19,2,1,11,95, , , ,1,2,90, , , , ,2,2,2,2,1,0.5839205902957336,-0.5147042468574762,2, , ,-0.3268791844132758,3
5,21,1,1,12,95, , , ,1,1,2,90, , , ,1,2,2,2,1,0.5839205902957336,-0.29788099009812363,3, , ,0.00722009995233967,4
5,26,1,1,12,95, , , ,1,1,2,90, , , ,1,2,2,2,1,0.5839205902957336,-0.904284020145522,1, , ,-0.9271760594081696,1
5,27,1,1,12,12, , , ,1,5,8,90, , , ,3,2,2,2,1,0.5839205902957336,-0.6264992890272797,2, , ,-0.4991422716060387,2
5,27,2,1,12,12, , , ,1,7,6,9,90, , ,3,2,2,2,1,0.5839205902957336,-0.6264992890272797,2, , ,-0.4991422716060387,2
5,27,3,1,12,12, , , ,1,1,90, , , , ,3,2,2,2,1,0.5839205902957336,-0.6264992890272797,2, , ,-0.4991422716060387,2
5,28,1,2,13,24, , , ,2, , , , , , ,1,2,2,2,1,0.5839205902957336,-0.6283077212578752,2, , ,-0.5019288542037543,2
5,29,1,1,12,18, , , ,1,1,2,90, , , ,2,2,2,2,1,0.5839205902957336,0.013832082865578077,4, , ,0.4875334951162443,4
5,29,2,1,12,18, , , ,1,5,3,4,90, , ,2,2,2,2,1,0.5839205902957336,0.013832082865578077,4, , ,0.4875334951162443,4
5,30,1,1,12,12, , , ,1,2,5,90, , , ,3,2,2,2,1,0.5839205902957336,-0.8717687505797631,1, , ,-0.8770738311913316,1
5,30,2,1,12,24, , , ,1,3,4,90, , , ,3,2,2,2,1,0.5839205902957336,-0.8717687505797631,1, , ,-0.8770738311913316,1
5,30,3,1,12,18, , , ,2, , , , , , ,3,2,2,2,1,0.5839205902957336,-0.8717687505797631,1, , ,-0.8770738311913316,1
6,1,1,1,12,95, , , ,1,1,90, , , , ,2,2,2,2,1,0.9732009838262226,-0.2892770221034018,3, , ,0.020477808524311147,4
6,1,2,1,12,95, , , ,2, , , , , , ,2,2,2,2,1,0.9732009838262226,-0.2892770221034018,3, , ,0.020477808524311147,4
6,2,1,1,11,95, , , ,1,1,3,90, , , ,1,2,2,2,1,0.9732009838262226,-0.5708953605025162,2, , ,-0.41346311981348544,2
6,3,1,1,12,4, , , ,1,1,8,90, , , ,4,2,2,3,1,0.9732009838262226,-0.10852840672489486,4, , ,0.29899028892238194,4
6,3,2,1,12,4, , , ,1,3,90, , , , ,4,2,2,3,1,0.9732009838262226,-0.10852840672489486,4, , ,0.29899028892238194,4
6,3,3,1,12,4, , , ,1,4,90, , , , ,4,2,2,3,1,0.9732009838262226,-0.10852840672489486,4, , ,0.29899028892238194,4
6,3,4,1,13,4, , , ,1,2,9,90, , , ,4,2,2,3,1,0.9732009838262226,-0.10852840672489486,4, , ,0.29899028892238194,4
6,4,1,1,12,25, , , ,1,2,7,8,90, , ,3,2,2,2,1,0.9732009838262226,-0.5330223254319589,2, , ,-0.3551052014658668,3
6,4,2,1,12,25, , , ,1,4,90, , , , ,3,2,2,2,1,0.9732009838262226,-0.5330223254319589,2, , ,-0.3551052014658668,3
6,4,3,1,12,25, , , ,2, , , , , , ,3,2,2,2,1,0.9732009838262226,-0.5330223254319589,2, , ,-0.3551052014658668,3
6,6,1,1,12,12, , , ,2, , , , , , ,3,2,2,1,1,0.9732009838262226,0.22757437872682346,4, , ,0.8168853790110767,5
6,6,2,2,12,12, , , ,1,2,3,5,90, , ,3,2,2,1,1,0.9732009838262226,0.22757437872682346,4, , ,0.8168853790110767,5
6,6,3,2,13,95, , , ,1,1,4,90, , , ,3,2,2,1,1,0.9732009838262226,0.22757437872682346,4, , ,0.8168853790110767,5
6,7,1,1,12,95, , , ,1,8,7,6,90, , ,3,2,2,3,1,0.9732009838262226,-0.12483275227537699,4, , ,0.2738671989832266,4
6,7,2,2,12,95, , , ,1,1,2,9,90, , ,3,2,2,3,1,0.9732009838262226,-0.12483275227537699,4, , ,0.2738671989832266,4
6,7,3,2,12,95, , , ,1,3,5,90, , , ,3,2,2,3,1,0.9732009838262226,-0.12483275227537699,4, , ,0.2738671989832266,4
6,8,1,1,11,95, , , ,1,5,90, , , , ,3,2,2,3,1,0.9732009838262226,-0.1456550173150926,3, , ,0.24178252341559942,4
6,8,2,1,12,95, , , ,1,1,2,90, , , ,3,2,2,3,1,0.9732009838262226,-0.1456550173150926,3, , ,0.24178252341559942,4
6,8,3,2,12,95, , , ,1,3,4,90, , , ,3,2,2,3,1,0.9732009838262226,-0.1456550173150926,3, , ,0.24178252341559942,4
6,10,1,1,12,24, , , ,1,1,90, , , , ,2,2,2,3,1,0.9732009838262226,-0.44369720360894604,3, , ,-0.21746563399980554,3
6,10,2,1,12,24, , , ,2, , , , , , ,2,2,2,3,1,0.9732009838262226,-0.44369720360894604,3, , ,-0.21746563399980554,3
6,12,1,1,12,24, , , ,2, , , , , , ,2,2,2,2,1,0.9732009838262226,-0.09798030172194738,4, , ,0.3152436852857133,4
6,12,2,1,12,24, , , ,2, , , , , , ,2,2,2,2,1,0.9732009838262226,-0.09798030172194738,4, , ,0.3152436852857133,4
6,13,1,1,12,95, , , ,2, , , , , , ,1,2,2,2,1,0.9732009838262226,-0.6234783406033284,2, , ,-0.49448734334035105,2
6,15,1,2,12,24, , , ,2, , , , , , ,4,2,2,2,1,0.9732009838262226,0.7156083920804714,5, , ,1.568888725167346,5
6,15,2,2,12,30, , , ,1,4,6,90, , , ,4,2,2,2,1,0.9732009838262226,0.7156083920804714,5, , ,1.568888725167346,5
6,15,3,2,12,12, , , ,2, , , , , , ,4,2,2,2,1,0.9732009838262226,0.7156083920804714,5, , ,1.568888725167346,5
6,15,4,2,12,95, , , ,2, , , , , , ,4,2,2,2,1,0.9732009838262226,0.7156083920804714,5, , ,1.568888725167346,5
6,18,1,1,12,11, , , ,1,1,2,5,90, , ,2,2,2,2,1,0.9732009838262226,-0.27946758884542644,3, , ,0.035592998105469724,4
6,18,2,1,12,11, , , ,1,3,4,90, , , ,2,2,2,2,1,0.9732009838262226,-0.27946758884542644,3, , ,0.035592998105469724,4
6,19,1,1,12,98, , , ,1,1,5,90, , , ,3,2,2,2,1,0.9732009838262226,-0.5825967829166505,2, , ,-0.43149364344389585,2
6,19,2,1,12,98, , , ,2, , , , , , ,3,2,2,2,1,0.9732009838262226,-0.5825967829166505,2, , ,-0.43149364344389585,2
6,19,3,1,12,98, , , ,2, , , , , , ,3,2,2,2,1,0.9732009838262226,-0.5825967829166505,2, , ,-0.43149364344389585,2
6,21,1,1,12,12, , , ,1,1,90, , , , ,1,2,2,2,1,0.9732009838262226,-0.6221168180348161,2, , ,-0.49238939627237366,2
6,22,1,1,12,25, , , ,1,1,2,8,90, , ,2,2,2,1,1,0.9732009838262226,-0.40266494083544885,3, , ,-0.15423971518731186,3
6,22,2,1,12,25, , , ,1,6,90, , , , ,2,2,2,1,1,0.9732009838262226,-0.40266494083544885,3, , ,-0.15423971518731186,3
6,23,1,1,11,18, , , ,1,1,2,90, , , ,4,2,2,2,1,0.9732009838262226,0.01697127612243715,4, , ,0.4923706248424434,4
6,23,2,1,11,18, , , ,1,3,90, , , , ,4,2,2,2,1,0.9732009838262226,0.01697127612243715,4, , ,0.4923706248424434,4
6,23,3,1,11,18, , , ,1,4,90, , , , ,4,2,2,2,1,0.9732009838262226,0.01697127612243715,4, , ,0.4923706248424434,4
6,23,4,1,11,18, , , ,1,5,6,7,90, , ,4,2,2,2,1,0.9732009838262226,0.01697127612243715,4, , ,0.4923706248424434,4
6,25,1,1,12,95, , , ,1,2,90, , , , ,2,2,2,2,1,0.9732009838262226,-0.17967574448997128,3, , ,0.18936056106430038,4
6,25,2,1,12,12, , , ,1,1,3,90, , , ,2,2,2,2,1,0.9732009838262226,-0.17967574448997128,3, , ,0.18936056106430038,4
6,26,1,1,11,95, , , ,1,1,4,90, , , ,2,2,2,3,1,0.9732009838262226,-0.5595210902154908,2, , ,-0.3959366993553056,2
6,26,2,1,11,95, , , ,1,3,2,5,90, , ,2,2,2,3,1,0.9732009838262226,-0.5595210902154908,2, , ,-0.3959366993553056,2
6,27,1,1,12,98, , , ,8, , , , , , ,6,2,2,3,1,0.9732009838262226,0.4004231811220444,4, , ,1.0832251713691954,5
6,27,2,1,12,98, , , ,1,3,90, , , , ,6,2,2,3,1,0.9732009838262226,0.4004231811220444,4, , ,1.0832251713691954,5
6,27,3,1,12,98, , , ,8, , , , , , ,6,2,2,3,1,0.9732009838262226,0.4004231811220444,4, , ,1.0832251713691954,5
6,27,4,1,12,98, , , ,2, , , , , , ,6,2,2,3,1,0.9732009838262226,0.4004231811220444,4, , ,1.0832251713691954,5
6,27,5,1,12,98, , , ,8, , , , , , ,6,2,2,3,1,0.9732009838262226,0.4004231811220444,4, , ,1.0832251713691954,5
6,27,6,1,12,98, , , ,8, , , , , , ,6,2,2,3,1,0.9732009838262226,0.4004231811220444,4, , ,1.0832251713691954,5
6,28,1,1,12,95, , , ,1,1,2,3,90, , ,1,2,2,1,1,0.9732009838262226,-0.8153057479932633,1, , ,-0.7900709467257574,1
6,30,1,1,12,24, , , ,1,1,7,90, , , ,2,2,2,2,1,0.9732009838262226,-0.659855397094649,2, , ,-0.5505401336301249,2
6,30,2,1,12,24, , , ,1,2,5,90, , , ,2,2,2,2,1,0.9732009838262226,-0.659855397094649,2, , ,-0.5505401336301249,2
7,1,1,1,11,16, , , ,1,1,2,90, , , ,2,2,2,2,1,1.021861033017534,-0.8516456425872707,1, , ,-0.8460664748773108,1
7,1,2,1,12,95, , , ,1,3,90, , , , ,2,2,2,2,1,1.021861033017534,-0.8516456425872707,1, , ,-0.8460664748773108,1
7,2,1,1,11,24, , , ,1,1,2,90, , , ,2,2,2,2,1,1.021861033017534,-0.7356369873688711,1, , ,-0.6673107026969222,1
7,2,2,1,12,2, , , ,1,3,4,90, , , ,2,2,2,2,1,1.021861033017534,-0.7356369873688711,1, , ,-0.6673107026969222,1
7,3,1,1,12,95, , , ,2, , , , , , ,2,2,2,1,1,1.021861033017534,-0.41933369258697306,3, , ,-0.17992431247031115,3
7,3,2,1,12,12, , , ,1,3,6,90, , , ,2,2,2,1,1,1.021861033017534,-0.41933369258697306,3, , ,-0.17992431247031115,3
7,6,1,1,11,20, , , ,1,4,2,6,90, , ,3,2,2,1,1,1.021861033017534,-0.8987375336656669,1, , ,-0.9186295723229774,1
7,6,2,1,12,10, , , ,1,3,7,90, , , ,3,2,2,1,1,1.021861033017534,-0.8987375336656669,1, , ,-0.9186295723229774,1
7,6,3,1,11,5, , , ,1,1,90, , , , ,3,2,2,1,1,1.021861033017534,-0.8987375336656669,1, , ,-0.9186295723229774,1
7,7,1,1,12,5, , , ,1,2,3,90, , , ,1,2,2,1,1,1.021861033017534,-0.9488669130655663,1, , ,-0.9958730840823606,1
7,9,1,1,11,12, , , ,1,1,2,90, , , ,2,2,2,2,1,1.021861033017534,-0.6008511575742199,2, , ,-0.4596215002097623,2
7,9,2,1,11,12, , , ,1,3,5,90, , , ,2,2,2,2,1,1.021861033017534,-0.6008511575742199,2, , ,-0.4596215002097623,2
7,14,1,1,13,98, , , ,2, , , , , , ,2,2,2,1,1,1.021861033017534,0.44601696001984853,4, , ,1.153479853126822,5
7,14,2,1,13,98, , , ,2, , , , , , ,2,2,2,1,1,1.021861033017534,0.44601696001984853,4, , ,1.153479853126822,5
7,15,1,1,16,23, , , ,1,1,2,3,90, , ,1,2,2,3,1,1.021861033017534,0.3208453975207806,4, , ,0.960605112294572,5
7,16,1,1,12,98, , , ,1,1,90, , , , ,2,2,2,1,1,1.021861033017534,1.4124323228516604,5, , ,2.6426129191447405,5
7,16,2,1,12,98, , , ,8, , , , , , ,2,2,2,1,1,1.021861033017534,1.4124323228516604,5, , ,2.6426129191447405,5
7,17,1,1,16,95, , , ,1,1,2,90, , , ,2,2,2,3,1,1.021861033017534,-0.14893292978976297,3, , ,0.23673164359593143,4
7,17,2,1,16,95, , , ,2, , , , , , ,2,2,2,3,1,1.021861033017534,-0.14893292978976297,3, , ,0.23673164359593143,4
7,18,1,2,16,98, , , ,1,2,90, , , , ,2,2,2,1,1,1.021861033017534,-0.170187088279762,3, , ,0.2039814707250235,4
7,18,2,2,16,98, , , ,1,1,3,90, , , ,2,2,2,1,1,1.021861033017534,-0.170187088279762,3, , ,0.2039814707250235,4
7,19,1,1,12,1, , , ,1,1,2,90, , , ,1,2,2,3,1,1.021861033017534,0.02912053034152101,4, , ,0.5110912049169182,4
7,23,1,1,12,95, , , ,1,1,9,90, , , ,2,2,2,2,1,1.021861033017534,-0.6784944030215585,2, , ,-0.5792606622050575,2
7,23,2,1,12,95, , , ,2, , , , , , ,2,2,2,2,1,1.021861033017534,-0.6784944030215585,2, , ,-0.5792606622050575,2
8,1,1,1,18,12, , , ,1,1,90, , , , ,2,2,2,2,1,0.39739040172904094,-0.754044241681656,1, , ,-0.6956741291344418,1
8,1,2,1,18,12, , , ,1,2,90, , , , ,2,2,2,2,1,0.39739040172904094,-0.754044241681656,1, , ,-0.6956741291344418,1
8,2,1,1,18,21, , , ,1,1,2,90, , , ,2,2,2,3,1,0.39739040172904094,-0.07507609985049457,4, , ,0.350536382059063,4
8,2,2,1,18,21, , , ,1,9,10,90, , , ,2,2,2,3,1,0.39739040172904094,-0.07507609985049457,4, , ,0.350536382059063,4
8,3,1,1,28,24, ,2, ,1,1,2,5,90, , ,4,2,2,2,1,0.39739040172904094,-0.9058098719388794,1, , ,-0.9295272185957403,1
8,3,2,1,28,24, ,2, ,1,3,4,90, , , ,4,2,2,2,1,0.39739040172904094,-0.9058098719388794,1, , ,-0.9295272185957403,1
8,3,3,1,16,6, , , ,2, , , , , , ,4,2,2,2,1,0.39739040172904094,-0.9058098719388794,1, , ,-0.9295272185957403,1
8,3,4,1,16,6, , , ,2, , , , , , ,4,2,2,2,1,0.39739040172904094,-0.9058098719388794,1, , ,-0.9295272185957403,1
8,4,1,1,11,95, , , ,1,3,4,6,90, , ,2,2,2,2,1,0.39739040172904094,-0.5653513860204245,2, , ,-0.40492050342310504,2
8,4,2,2,11,95, , , ,2, , , , , , ,2,2,2,2,1,0.39739040172904094,-0.5653513860204245,2, , ,-0.40492050342310504,2
8,5,1,1,11,24, , , ,1,1,2,90, , , ,1,2,2,3,1,0.39739040172904094,-0.40465025896392404,3, , ,-0.15729885826944814,3
8,6,1,1,11,95, , , ,1,1,5,6,90, , ,3,2,2,1,1,0.39739040172904094,-0.5576949287426214,2, , ,-0.3931227980684209,2
8,6,2,2,36,3,9,9, ,1,2,7,90, , , ,3,2,2,1,1,0.39739040172904094,-0.5576949287426214,2, , ,-0.3931227980684209,2
8,6,3,1,36,95,9,9, ,1,3,4,90, , , ,3,2,2,1,1,0.39739040172904094,-0.5576949287426214,2, , ,-0.3931227980684209,2
8,7,1,2,12,12, , , ,2, , , , , , ,2,2,2,2,1,0.39739040172904094,-0.7869909943613693,1, , ,-0.7464412223742602,1
8,7,2,2,12,12, , , ,2, , , , , , ,2,2,2,2,1,0.39739040172904094,-0.7869909943613693,1, , ,-0.7464412223742602,1
8,8,1,1,11,95, , , ,1,1,2,90, , , ,3,2,2,2,1,0.39739040172904094,-0.08379963576658409,4, , ,0.33709443330197914,4
8,8,2,1,11,95, , , ,2, , , , , , ,3,2,2,2,1,0.39739040172904094,-0.08379963576658409,4, , ,0.33709443330197914,4
8,8,3,1,12,24, , , ,1,5,90, , , , ,3,2,2,2,1,0.39739040172904094,-0.08379963576658409,4, , ,0.33709443330197914,4
8,9,1,1,11,30, , , ,1,2,3,90, , , ,3,2,2,2,1,0.39739040172904094,-0.16207818412786912,3, , ,0.2164763438056527,4
8,9,2,1,11,32, , , ,1,1,90, , , , ,3,2,2,2,1,0.39739040172904094,-0.16207818412786912,3, , ,0.2164763438056527,4
8,9,3,1,11,1, , , ,2, , , , , , ,3,2,2,2,1,0.39739040172904094,-0.16207818412786912,3, , ,0.2164763438056527,4
8,10,1,1,13,29, , , ,1,1,2,90, , , ,3,2,2,2,1,0.39739040172904094,-0.5837570528371715,2, , ,-0.43328148371486475,2
8,10,2,1,13,29, , , ,2, , , , , , ,3,2,2,2,1,0.39739040172904094,-0.5837570528371715,2, , ,-0.43328148371486475,2
8,10,3,1,13,29, , , ,1,3,90, , , , ,3,2,2,2,1,0.39739040172904094,-0.5837570528371715,2, , ,-0.43328148371486475,2
8,11,1,1,12,95, , , ,2, , , , , , ,1,2,2,2,1,0.39739040172904094,-0.7594486602006294,1, , ,-0.7040017061046803,1
8,12,1,1,12,95, , , ,1,3,5,90, , , ,3,2,2,2,1,0.39739040172904094,-0.4405679131379509,3, , ,-0.21264376330863707,3
8,12,2,1,12,95, , , ,1,2,90, , , , ,3,2,2,2,1,0.39739040172904094,-0.4405679131379509,3, , ,-0.21264376330863707,3
8,12,3,1,12,95, , , ,1,1,90, , , , ,3,2,2,2,1,0.39739040172904094,-0.4405679131379509,3, , ,-0.21264376330863707,3
8,13,1,1,12,30, , , ,1,1,2,90, , , ,1,2,2,1,1,0.39739040172904094,-0.3771713539252147,3, , ,-0.11495707885981166,3
8,14,1,1,11,24, , , ,1,1,90, , , , ,1,2,2,2,1,0.39739040172904094,-0.5708548677850663,2, , ,-0.41340072527092475,2
8,15,1,1,21,1, ,2, ,1,1,2,90, , , ,2,2,2,2,1,0.39739040172904094,-0.5146931717404355,2, , ,-0.32686211895298867,3
8,15,2,1,12,4, , , ,1,3,90, , , , ,2,2,2,2,1,0.39739040172904094,-0.5146931717404355,2, , ,-0.32686211895298867,3
8,16,1,1,12,12, , , ,1,2,6,7,90, , ,1,2,2,2,1,0.39739040172904094,-0.20821517399241152,3, , ,0.14538463746883978,4
8,17,1,1,11,17, , , ,1,1,90, , , , ,4,2,2,2,1,0.39739040172904094,-0.601730627250583,2, , ,-0.4609766601399551,2
8,17,2,1,11,17, , , ,1,2,90, , , , ,4,2,2,2,1,0.39739040172904094,-0.601730627250583,2, , ,-0.4609766601399551,2
8,17,3,1,11,17, , , ,2, , , , , , ,4,2,2,2,1,0.39739040172904094,-0.601730627250583,2, , ,-0.4609766601399551,2
8,17,4,1,12,17, , , ,2, , , , , , ,4,2,2,2,1,0.39739040172904094,-0.601730627250583,2, , ,-0.4609766601399551,2
8,19,1,2,11,95, , , ,1,1,2,3,90, , ,1,2,2,2,1,0.39739040172904094,-0.6336951056334422,2, , ,-0.510230183550897,2
8,21,1,1,12,95, , , ,1,1,10,90, , , ,6,2,2,3,1,0.39739040172904094,0.31699606154660703,4, , ,0.954673735681769,5
8,21,2,1,12,95, , , ,1,13,9,90, , , ,6,2,2,3,1,0.39739040172904094,0.31699606154660703,4, , ,0.954673735681769,5
8,21,3,1,12,95, , , ,1,12,90, , , , ,6,2,2,3,1,0.39739040172904094,0.31699606154660703,4, , ,0.954673735681769,5
8,21,4,1,12,95, , , ,1,7,8,15,90, , ,6,2,2,3,1,0.39739040172904094,0.31699606154660703,4, , ,0.954673735681769,5
8,21,5,1,12,95, , , ,1,5,14,16,90, , ,6,2,2,3,1,0.39739040172904094,0.31699606154660703,4, , ,0.954673735681769,5
8,21,6,1,12,95, , , ,1,4,90, , , , ,6,2,2,3,1,0.39739040172904094,0.31699606154660703,4, , ,0.954673735681769,5
8,22,1,1,12,9, , , ,1,1,2,3,90, , ,3,2,2,3,1,0.39739040172904094,-0.27521794166237074,3, , ,0.04214120748063404,4
8,22,2,1,12,11, , , ,2, , , , , , ,3,2,2,3,1,0.39739040172904094,-0.27521794166237074,3, , ,0.04214120748063404,4
8,22,3,1,11,15, , , ,2, , , , , , ,3,2,2,3,1,0.39739040172904094,-0.27521794166237074,3, , ,0.04214120748063404,4
8,23,1,1,21,11, ,2, ,1,2,7,90, , , ,2,2,2,2,1,0.39739040172904094,-0.428844423557059,3, , ,-0.19457923675468472,3
8,23,2,1,21,11, ,2, ,2, , , , , , ,2,2,2,2,1,0.39739040172904094,-0.428844423557059,3, , ,-0.19457923675468472,3
8,26,1,1,21,12, ,2, ,1,1,90, , , , ,2,2,2,1,1,0.39739040172904094,-1.076778976032989,1, , ,-1.1929706156750002,1
8,26,2,1,21,12, ,2, ,2, , , , , , ,2,2,2,1,1,0.39739040172904094,-1.076778976032989,1, , ,-1.1929706156750002,1
8,28,1,1,18,31, , , ,2, , , , , , ,3,2,2,2,1,0.39739040172904094,-0.6771954789165562,2, , ,-0.5772591720493765,2
8,28,2,1,16,0, , , ,2, , , , , , ,3,2,2,2,1,0.39739040172904094,-0.6771954789165562,2, , ,-0.5772591720493765,2
8,28,3,1,11,3, , , ,2, , , , , , ,3,2,2,2,1,0.39739040172904094,-0.6771954789165562,2, , ,-0.5772591720493765,2
8,29,1,1,21,9, ,9, ,2, , , , , , ,1,2,2,2,1,0.39739040172904094,-0.9973592059642031,1, , ,-1.0705940369765594,1
8,30,1,1,12,24, , , ,1,2,90, , , , ,1,2,2,2,1,0.39739040172904094,-0.2655509913288467,3, , ,0.057036847536501886,4
9,1,1,1,21,98, ,2, ,2, , , , , , ,3,2,2,3,1,1.0461910576131892,0.2317110948221926,4, , ,0.8232595747857508,5
9,1,2,1,21,98, ,2, ,1,1,2,90, , , ,3,2,2,3,1,1.0461910576131892,0.2317110948221926,4, , ,0.8232595747857508,5
9,1,3,1,21,98, ,2, ,1,3,4,5,90, , ,3,2,2,3,1,1.0461910576131892,0.2317110948221926,4, , ,0.8232595747857508,5
9,5,1,2,12,95, , , ,1,1,90, , , , ,1,2,2,2,6,1.0461910576131892,2.660240275410836,5, , ,4.565339061195284,5
9,6,1,2,13,95, , , ,1,1,90, , , , ,2,2,2,3,6,1.0461910576131892,2.553982214121777,5, , ,4.401607814071025,5
9,6,2,2,21,95, ,2, ,2, , , , , , ,2,2,2,3,6,1.0461910576131892,2.553982214121777,5, , ,4.401607814071025,5
9,7,1,1,12,20, , , ,1,1,90, , , , ,3,2,2,2,1,1.0461910576131892,0.2017051999398895,4, , ,0.7770239995215448,5
9,7,2,1,12,20, , , ,1,2,90, , , , ,3,2,2,2,1,1.0461910576131892,0.2017051999398895,4, , ,0.7770239995215448,5
9,7,3,1,12,20, , , ,1,3,90, , , , ,3,2,2,2,1,1.0461910576131892,0.2017051999398895,4, , ,0.7770239995215448,5
9,8,1,1,12,17, , , ,1,1,90, , , , ,3,2,2,3,1,1.0461910576131892,0.7194960897303309,5, , ,1.5748792126365454,5
9,8,2,1,12,17, , , ,1,3,90, , , , ,3,2,2,3,1,1.0461910576131892,0.7194960897303309,5, , ,1.5748792126365454,5
9,8,3,1,12,17, , , ,1,4,90, , , , ,3,2,2,3,1,1.0461910576131892,0.7194960897303309,5, , ,1.5748792126365454,5
9,9,1,1,12,95, , , ,1,2,1,90, , , ,1,2,2,2,1,1.0461910576131892,-0.1824402310516118,3, , ,0.1851008105389794,4
9,10,1,1,21,98, ,2, ,1,1,2,90, , , ,1,2,2,2,1,1.0461910576131892,-0.40187618553710935,3, , ,-0.1530243355059371,3
9,11,1,1,21,12, ,1,7,1,3,90, , , , ,2,2,2,3,1,1.0461910576131892,0.48291431903355925,4, , ,1.2103343687618484,5
9,11,2,1,21,12, ,1,7,1,2,1,90, , , ,2,2,2,3,1,1.0461910576131892,0.48291431903355925,4, , ,1.2103343687618484,5
9,12,1,1,36,24,1,2, ,1,3,90, , , , ,4,2,2,3,6,1.0461910576131892,3.6124900940818394,5, , ,6.032644680114074,5
9,12,2,1,36,24,1,2, ,1,1,90, , , , ,4,2,2,3,6,1.0461910576131892,3.6124900940818394,5, , ,6.032644680114074,5
9,12,3,1,36,24,1,2, ,2, , , , , , ,4,2,2,3,6,1.0461910576131892,3.6124900940818394,5, , ,6.032644680114074,5
9,12,4,1,36,24,1,2, ,1,4,5,90, , , ,4,2,2,3,6,1.0461910576131892,3.6124900940818394,5, , ,6.032644680114074,5
9,13,1,1,12,28, , , ,1,1,13,14,90, , ,4,2,2,2,1,1.0461910576131892,-0.2891922546520035,3, , ,0.020608425254605437,4
9,13,2,1,12,28, , , ,1,3,7,12,90, , ,4,2,2,2,1,1.0461910576131892,-0.2891922546520035,3, , ,0.020608425254605437,4
9,13,3,1,12,28, , , ,1,8,10,11,9,90,90,4,2,2,2,1,1.0461910576131892,-0.2891922546520035,3, , ,0.020608425254605437,4
9,13,4,1,12,28, , , ,1,5,6,90, , , ,4,2,2,2,1,1.0461910576131892,-0.2891922546520035,3, , ,0.020608425254605437,4
9,14,1,1,12,8, , , ,2, , , , , , ,5,2,2,2,1,1.0461910576131892,-0.09817884072748106,4, , ,0.31493775989441136,4
9,14,2,1,12,9, , , ,1,1,7,90, , , ,5,2,2,2,1,1.0461910576131892,-0.09817884072748106,4, , ,0.31493775989441136,4
9,14,3,1,12,9, , , ,1,2,5,6,90, , ,5,2,2,2,1,1.0461910576131892,-0.09817884072748106,4, , ,0.31493775989441136,4
9,14,4,1,12,9, , , ,1,4,90, , , , ,5,2,2,2,1,1.0461910576131892,-0.09817884072748106,4, , ,0.31493775989441136,4
9,14,5,1,12,8, , , ,2, , , , , , ,5,2,2,2,1,1.0461910576131892,-0.09817884072748106,4, , ,0.31493775989441136,4
9,15,1,2,12,12, , , ,1,1,90, , , , ,1,2,2,3,6,1.0461910576131892,1.1138913267917672,5, , ,2.182596154208356,5
9,16,1,1,18,6, , , ,1,1,2,90, , , ,1,2,2,3,1,1.0461910576131892,0.4079760850651976,4, , ,1.0948633131442285,5
9,17,1,2,21,95, ,2, ,1,1,2,3,90, , ,1,2,2,3,1,1.0461910576131892,-0.6737547360941141,2, , ,-0.5719573897044139,2
9,19,1,1,21,12, ,2, ,1,1,90, , , , ,2,2,2,3,1,1.0461910576131892,-0.33197011666457066,3, , ,-0.045307257863060245,3
9,19,2,1,21,12, ,2, ,2, , , , , , ,2,2,2,3,1,1.0461910576131892,-0.33197011666457066,3, , ,-0.045307257863060245,3
9,21,1,1,13,16, , , ,1,1,2,5,90, , ,2,2,2,2,1,1.0461910576131892,0.33432968973222704,4, , ,0.9813828298021602,5
9,21,2,1,12,24, , , ,1,3,4,6,90, , ,2,2,2,2,1,1.0461910576131892,0.33432968973222704,4, , ,0.9813828298021602,5
9,22,1,2,12,23, , , ,1,1,6,5,90, , ,3,2,2,1,1,1.0461910576131892,0.439946011462153,4, , ,1.1441252313078272,5
9,22,2,2,12,23, , , ,1,2,7,8,90, , ,3,2,2,1,1,1.0461910576131892,0.439946011462153,4, , ,1.1441252313078272,5
9,22,3,2,12,23, , , ,1,3,90, , , , ,3,2,2,1,1,1.0461910576131892,0.439946011462153,4, , ,1.1441252313078272,5
9,23,1,1,12,10, , , ,1,1,2,4,90, , ,3,2,2,3,6,1.0461910576131892,1.3381645180044661,5, , ,2.5281749164059844,5
9,23,2,1,12,6, , , ,2, , , , , , ,3,2,2,3,6,1.0461910576131892,1.3381645180044661,5, , ,2.5281749164059844,5
9,23,3,2,12,10, , , ,1,3,90, , , , ,3,2,2,3,6,1.0461910576131892,1.3381645180044661,5, , ,2.5281749164059844,5
9,26,1,2,21,12, ,2, ,1,1,2,90, , , ,3,2,2,3,6,1.0461910576131892,0.5457032853399331,4, , ,1.3070848235910506,5
9,26,2,2,21,12, ,2, ,1,4,90, , , , ,3,2,2,3,6,1.0461910576131892,0.5457032853399331,4, , ,1.3070848235910506,5
9,26,3,2,21,12, ,2, ,1,3,5,90, , , ,3,2,2,3,6,1.0461910576131892,0.5457032853399331,4, , ,1.3070848235910506,5
9,27,1,1,18,95, , , ,2, , , , , , ,1,2,2,3,1,1.0461910576131892,0.5303990767956848,4, , ,1.2835028278271439,5
9,28,1,1,12,26, , , ,1,1,2,3,90, , ,2,2,2,3,6,1.0461910576131892,0.9592856099195763,5, , ,1.9443668233798774,5
9,28,2,1,12,10, , , ,1,4,90, , , , ,2,2,2,3,6,1.0461910576131892,0.9592856099195763,5, , ,1.9443668233798774,5
10,1,1,1,11,24, , , ,1,1,2,90, , , ,1,2,2,2,1,0.6244706312884928,-0.9918394130307833,1, , ,-1.062088681525005,1
10,2,1,1,12,95, , , ,2, , , , , , ,9,2,2,3,1,0.6244706312884928,-0.27255081453530255,3, , ,0.04625093850203733,4
10,2,2,1,12,95, , , ,2, , , , , , ,9,2,2,3,1,0.6244706312884928,-0.27255081453530255,3, , ,0.04625093850203733,4
10,2,3,1,12,95, , , ,2, , , , , , ,9,2,2,3,1,0.6244706312884928,-0.27255081453530255,3, , ,0.04625093850203733,4
10,2,4,1,12,95, , , ,2, , , , , , ,9,2,2,3,1,0.6244706312884928,-0.27255081453530255,3, , ,0.04625093850203733,4
10,2,5,1,12,95, , , ,2, , , , , , ,9,2,2,3,1,0.6244706312884928,-0.27255081453530255,3, , ,0.04625093850203733,4
10,2,6,2,12,95, , , ,1,4,6,90, , , ,9,2,2,3,1,0.6244706312884928,-0.27255081453530255,3, , ,0.04625093850203733,4
10,2,7,2,12,95, , , ,1,8,90, , , , ,9,2,2,3,1,0.6244706312884928,-0.27255081453530255,3, , ,0.04625093850203733,4
10,2,8,2,12,95, , , ,1,3,5,7,9,90,90,9,2,2,3,1,0.6244706312884928,-0.27255081453530255,3, , ,0.04625093850203733,4
10,2,9,2,12,95, , , ,1,1,2,90, , , ,9,2,2,3,1,0.6244706312884928,-0.27255081453530255,3, , ,0.04625093850203733,4
10,4,1,1,11,24, , , ,2, , , , , , ,2,2,2,2,1,0.6244706312884928,-0.7770915899491961,1, , ,-0.7311873977652901,1
10,4,2,2,11,24, , , ,1,1,2,5,90, , ,2,2,2,2,1,0.6244706312884928,-0.7770915899491961,1, , ,-0.7311873977652901,1
10,5,1,1,11,19, , , ,1,1,90, , , , ,1,2,2,1,1,0.6244706312884928,-1.0108172761307221,1, , ,-1.0913313493791983,1
10,6,1,1,11,5, , , ,2, , , , , , ,3,2,2,2,1,0.6244706312884928,-0.017329957182278144,4, , ,0.439516435346145,4
10,6,2,2,11,5, , , ,1,1,2,90, , , ,3,2,2,2,1,0.6244706312884928,-0.017329957182278144,4, , ,0.439516435346145,4
10,6,3,2,12,7, , , ,2, , , , , , ,3,2,2,2,1,0.6244706312884928,-0.017329957182278144,4, , ,0.439516435346145,4
10,7,1,1,11,95, , , ,1,1,2,7,90, , ,3,2,2,2,1,0.6244706312884928,-0.899059339138625,1, , ,-0.9191254369263746,1
10,7,2,1,11,4, , , ,1,5,6,90, , , ,3,2,2,2,1,0.6244706312884928,-0.899059339138625,1, , ,-0.9191254369263746,1
10,7,3,1,11,1, , , ,1,3,4,90, , , ,3,2,2,2,1,0.6244706312884928,-0.899059339138625,1, , ,-0.9191254369263746,1
10,8,1,1,11,24, , , ,1,1,2,6,90, , ,2,2,2,2,1,0.6244706312884928,-0.7522461164686134,1, , ,-0.6929034284455206,1
10,8,2,1,11,24, , , ,1,3,4,5,90, , ,2,2,2,2,1,0.6244706312884928,-0.7522461164686134,1, , ,-0.6929034284455206,1
10,9,1,2,11,24, , , ,1,1,2,90, , , ,2,2,2,2,1,0.6244706312884928,-0.3949246517654418,3, , ,-0.14231283484374,3
10,9,2,2,11,24, , , ,1,3,4,90, , , ,2,2,2,2,1,0.6244706312884928,-0.3949246517654418,3, , ,-0.14231283484374,3
10,10,1,1,11,12, , , ,1,1,2,90, , , ,2,2,2,2,1,0.6244706312884928,-0.4576030034178028,3, , ,-0.23889284542587028,3
10,10,2,1,11,12, , , ,1,4,5,90, , , ,2,2,2,2,1,0.6244706312884928,-0.4576030034178028,3, , ,-0.23889284542587028,3
10,11,1,2,11,3, , , ,1,1,90, , , , ,1,2,2,2,1,0.6244706312884928,-1.0652231952859128,1, , ,-1.1751645088228688,1
10,12,1,1,11,3, , , ,1,1,2,6,90, , ,2,2,2,2,1,0.6244706312884928,-0.9937233960047989,1, , ,-1.0649916789837797,1
10,12,2,2,11,4, , , ,1,3,4,5,90, , ,2,2,2,2,1,0.6244706312884928,-0.9937233960047989,1, , ,-1.0649916789837797,1
10,14,1,1,11,24, , , ,2, , , , , , ,5,2,2,2,1,0.6244706312884928,-0.6616717156347895,2, , ,-0.5533388681086614,2
10,14,2,1,11,24, , , ,2, , , , , , ,5,2,2,2,1,0.6244706312884928,-0.6616717156347895,2, , ,-0.5533388681086614,2
10,14,3,1,11,24, , , ,2, , , , , , ,5,2,2,2,1,0.6244706312884928,-0.6616717156347895,2, , ,-0.5533388681086614,2
10,14,4,1,11,24, , , ,2, , , , , , ,5,2,2,2,1,0.6244706312884928,-0.6616717156347895,2, , ,-0.5533388681086614,2
10,14,5,1,11,24, , , ,2, , , , , , ,5,2,2,2,1,0.6244706312884928,-0.6616717156347895,2, , ,-0.5533388681086614,2
10,15,1,1,13,23, , , ,1,1,90, , , , ,4,2,2,1,1,0.6244706312884928,0.012832851104785159,4, , ,0.4859937958183648,4
10,15,2,1,13,23, , , ,1,2,90, , , , ,4,2,2,1,1,0.6244706312884928,0.012832851104785159,4, , ,0.4859937958183648,4
10,15,3,1,13,23, , , ,1,5,3,4,90, , ,4,2,2,1,1,0.6244706312884928,0.012832851104785159,4, , ,0.4859937958183648,4
10,15,4,2,18,98, , , ,2, , , , , , ,4,2,2,1,1,0.6244706312884928,0.012832851104785159,4, , ,0.4859937958183648,4
10,16,1,2,18,95, , , ,1,1,2,90, , , ,4,2,2,3,1,0.6244706312884928,-0.3984935992663555,3, , ,-0.14781216560657012,3
10,16,2,2,18,95, , , ,1,6,11,90, , , ,4,2,2,3,1,0.6244706312884928,-0.3984935992663555,3, , ,-0.14781216560657012,3
10,16,3,2,18,95, , , ,1,4,90, , , , ,4,2,2,3,1,0.6244706312884928,-0.3984935992663555,3, , ,-0.14781216560657012,3
10,16,4,2,18,95, , , ,1,5,10,90, , , ,4,2,2,3,1,0.6244706312884928,-0.3984935992663555,3, , ,-0.14781216560657012,3
10,17,1,1,12,98, , , ,1,1,2,90, , , ,3,2,2,1,1,0.6244706312884928,-0.7912840900125655,1, , ,-0.7530563807581678,1
10,17,2,1,12,98, , , ,1,3,90, , , , ,3,2,2,1,1,0.6244706312884928,-0.7912840900125655,1, , ,-0.7530563807581678,1
10,17,3,1,12,98, , , ,1,4,5,90, , , ,3,2,2,1,1,0.6244706312884928,-0.7912840900125655,1, , ,-0.7530563807581678,1
10,18,1,9,16,7, , , ,1,7,6,2,90, , ,1,2,2,2,1,0.6244706312884928,-1.0055628130034997,1, , ,-1.0832348361325637,1
10,19,1,1,11,29, , , ,1,1,2,6,90, , ,3,2,2,2,1,0.6244706312884928,-0.9121944884055111,1, , ,-0.9393651659835431,1
10,19,2,9,11,29, , , ,1,3,4,5,90, , ,3,2,2,2,1,0.6244706312884928,-0.9121944884055111,1, , ,-0.9393651659835431,1
10,19,3,1,12,4, , , ,2, , , , , , ,3,2,2,2,1,0.6244706312884928,-0.9121944884055111,1, , ,-0.9393651659835431,1
10,20,1,1,11,23, , , ,1,1,90, , , , ,3,2,2,1,1,0.6244706312884928,-0.8674913073157005,1, , ,-0.87048279130568,1
10,20,2,1,12,23, , , ,1,2,90, , , , ,3,2,2,1,1,0.6244706312884928,-0.8674913073157005,1, , ,-0.87048279130568,1
10,20,3,1,11,6, , , ,2, , , , , , ,3,2,2,1,1,0.6244706312884928,-0.8674913073157005,1, , ,-0.87048279130568,1
10,21,1,1,12,95, , , ,1,1,90, , , , ,1,2,2,2,1,0.6244706312884928,0.27030581706433027,4, , ,0.8827295286740424,5
10,22,1,1,11,12, , , ,1,1,90, , , , ,2,2,2,1,1,0.6244706312884928,-0.8446530865218094,1, , ,-0.8352917636573334,1
10,22,2,1,12,12, , , ,1,2,90, , , , ,2,2,2,1,1,0.6244706312884928,-0.8446530865218094,1, , ,-0.8352917636573334,1
10,23,1,1,12,25, , , ,1,1,90, , , , ,1,2,2,1,1,0.6244706312884928,0.49438781485625366,4, , ,1.2280136841675227,5
10,25,1,1,12,24, , , ,1,3,7,90, , , ,3,2,2,2,1,0.6244706312884928,-0.7480499242039594,1, , ,-0.6864375868488443,1
10,25,2,1,12,24, , , ,1,1,2,90, , , ,3,2,2,2,1,0.6244706312884928,-0.7480499242039594,1, , ,-0.6864375868488443,1
10,25,3,1,12,24, , , ,1,4,5,6,90, , ,3,2,2,2,1,0.6244706312884928,-0.7480499242039594,1, , ,-0.6864375868488443,1
10,27,1,1,13,98, , , ,1,1,90, , , , ,1,2,2,1,1,0.6244706312884928,-0.7440978375773479,1, , ,-0.6803478834958165,1
10,28,1,1,12,30, , , ,1,1,90, , , , ,1,2,2,1,1,0.6244706312884928,-1.0256878805654432,1, , ,-1.114245211913966,1
10,30,1,1,12,30, , , ,1,1,3,90, , , ,4,2,2,2,1,0.6244706312884928,-0.6111316870586341,2, , ,-0.4754625939880671,2
10,30,2,1,12,30, , , ,1,2,90, , , , ,4,2,2,2,1,0.6244706312884928,-0.6111316870586341,2, , ,-0.4754625939880671,2
10,30,3,1,12,30, , , ,2, , , , , , ,4,2,2,2,1,0.6244706312884928,-0.6111316870586341,2, , ,-0.4754625939880671,2
10,30,4,1,12,30, , , ,2, , , , , , ,4,2,2,2,1,0.6244706312884928,-0.6111316870586341,2, , ,-0.4754625939880671,2
11,1,1,1,12,12, , , ,1,1,2,90, , , ,3,2,2,2,1,0.7136807214725633,0.9370005142035205,5, , ,1.9100280967966077,5
11,1,2,1,11,12, , , ,1,6,90, , , , ,3,2,2,2,1,0.7136807214725633,0.9370005142035205,5, , ,1.9100280967966077,5
11,1,3,1,12,12, , , ,1,9,90, , , , ,3,2,2,2,1,0.7136807214725633,0.9370005142035205,5, , ,1.9100280967966077,5
11,2,1,1,12,12, , , ,1,1,2,7,90, , ,3,2,2,2,1,0.7136807214725633,-0.7401344972861941,1, , ,-0.6742408395616801,1
11,2,2,1,12,12, , , ,1,4,5,6,90, , ,3,2,2,2,1,0.7136807214725633,-0.7401344972861941,1, , ,-0.6742408395616801,1
11,2,3,1,36,5,9,9, ,2, , , , , , ,3,2,2,2,1,0.7136807214725633,-0.7401344972861941,1, , ,-0.6742408395616801,1
11,3,1,1,12,5, , , ,1,1,2,4,90, , ,2,2,2,3,1,0.7136807214725633,-0.7443147687583525,1, , ,-0.6806821490788239,1
11,3,2,1,12,1, , , ,2, , , , , , ,2,2,2,3,1,0.7136807214725633,-0.7443147687583525,1, , ,-0.6806821490788239,1
11,4,1,1,12,12, , , ,1,1,2,90, , , ,1,2,2,2,1,0.7136807214725633,-0.9645401723060623,1, , ,-1.0200237438141175,1
11,5,1,1,12,95, , , ,1,1,90, , , , ,4,2,2,1,1,0.7136807214725633,-0.9048556831236902,1, , ,-0.9280569252099242,1
11,5,2,1,12,95, , , ,2, , , , , , ,4,2,2,1,1,0.7136807214725633,-0.9048556831236902,1, , ,-0.9280569252099242,1
11,5,3,1,12,15, , , ,2, , , , , , ,4,2,2,1,1,0.7136807214725633,-0.9048556831236902,1, , ,-0.9280569252099242,1
11,5,4,1,12,15, , , ,2, , , , , , ,4,2,2,1,1,0.7136807214725633,-0.9048556831236902,1, , ,-0.9280569252099242,1
11,6,1,1,12,17, , , ,1,1,2,90, , , ,3,2,2,2,1,0.7136807214725633,-0.7409183449563052,1, , ,-0.67544865716183,1
11,6,2,1,12,17, , , ,1,3,90, , , , ,3,2,2,2,1,0.7136807214725633,-0.7409183449563052,1, , ,-0.67544865716183,1
11,6,3,1,12,17, , , ,1,4,90, , , , ,3,2,2,2,1,0.7136807214725633,-0.7409183449563052,1, , ,-0.67544865716183,1
11,7,1,1,13,24, , , ,1,1,2,6,90, , ,6,2,2,3,1,0.7136807214725633,-0.0701582467682006,4, , ,0.3581142185880717,4
11,7,2,1,13,24, , , ,1,3,4,5,90, , ,6,2,2,3,1,0.7136807214725633,-0.0701582467682006,4, , ,0.3581142185880717,4
11,7,3,1,12,17, , , ,2, , , , , , ,6,2,2,3,1,0.7136807214725633,-0.0701582467682006,4, , ,0.3581142185880717,4
11,7,4,1,12,17, , , ,2, , , , , , ,6,2,2,3,1,0.7136807214725633,-0.0701582467682006,4, , ,0.3581142185880717,4
11,7,5,1,12,17, , , ,2, , , , , , ,6,2,2,3,1,0.7136807214725633,-0.0701582467682006,4, , ,0.3581142185880717,4
11,7,6,1,12,17, , , ,2, , , , , , ,6,2,2,3,1,0.7136807214725633,-0.0701582467682006,4, , ,0.3581142185880717,4
11,9,1,1,13,12, , , ,1,1,6,90, , , ,3,2,2,3,1,0.7136807214725633,-0.09842523304812953,4, , ,0.3145580981402611,4
11,9,2,1,12,22, , , ,1,3,90, , , , ,3,2,2,3,1,0.7136807214725633,-0.09842523304812953,4, , ,0.3145580981402611,4
11,9,3,1,12,22, , , ,1,5,90, , , , ,3,2,2,3,1,0.7136807214725633,-0.09842523304812953,4, , ,0.3145580981402611,4
11,11,1,1,12,20, , , ,1,1,90, , , , ,2,2,2,3,1,0.7136807214725633,-0.903179501714793,1, , ,-0.9254741256636508,1
11,11,2,1,12,20, , , ,1,3,4,90, , , ,2,2,2,3,1,0.7136807214725633,-0.903179501714793,1, , ,-0.9254741256636508,1
11,12,1,1,12,22, , , ,1,1,90, , , , ,2,2,2,1,1,0.7136807214725633,-0.24572009894146124,3, , ,0.08759393377338329,4
11,12,2,1,12,22, , , ,2, , , , , , ,2,2,2,1,1,0.7136807214725633,-0.24572009894146124,3, , ,0.08759393377338329,4
11,13,1,1,12,98, , , ,1,1,90, , , , ,2,2,2,2,1,0.7136807214725633,0.1421575183111068,4, , ,0.6852679853597952,4
11,13,2,1,12,98, , , ,1,2,90, , , , ,2,2,2,2,1,0.7136807214725633,0.1421575183111068,4, , ,0.6852679853597952,4
11,14,1,1,12,95, , , ,1,1,2,90, , , ,5,2,2,3,1,0.7136807214725633,-0.8479234792579167,1, , ,-0.8403310564391986,1
11,14,2,1,12,95, , , ,1,8,6,90, , , ,5,2,2,3,1,0.7136807214725633,-0.8479234792579167,1, , ,-0.8403310564391986,1
11,14,3,1,12,14, , , ,1,3,7,90, , , ,5,2,2,3,1,0.7136807214725633,-0.8479234792579167,1, , ,-0.8403310564391986,1
11,14,4,1,12,14, , , ,1,4,5,90, , , ,5,2,2,3,1,0.7136807214725633,-0.8479234792579167,1, , ,-0.8403310564391986,1
11,14,5,1,12,14, , , ,2, , , , , , ,5,2,2,3,1,0.7136807214725633,-0.8479234792579167,1, , ,-0.8403310564391986,1
11,16,1,1,12,24, , , ,1,1,2,6,90, , ,2,2,2,2,1,0.7136807214725633,-0.7349423630242895,1, , ,-0.6662403678080536,1
11,16,2,1,12,24, , , ,1,3,4,5,90, , ,2,2,2,2,1,0.7136807214725633,-0.7349423630242895,1, , ,-0.6662403678080536,1
11,17,1,1,12,95, , , ,1,1,2,90, , , ,3,2,2,2,1,0.7136807214725633,-0.20893155739754043,3, , ,0.14428077441207088,4
11,17,2,1,12,24, , , ,1,3,4,90, , , ,3,2,2,2,1,0.7136807214725633,-0.20893155739754043,3, , ,0.14428077441207088,4
11,17,3,1,12,24, , , ,2, , , , , , ,3,2,2,2,1,0.7136807214725633,-0.20893155739754043,3, , ,0.14428077441207088,4
11,18,1,2,12,16, , , ,1,1,2,90, , , ,4,2,2,3,1,0.7136807214725633,2.3305039689538796,5, , ,4.057253970771153,5
11,18,2,2,12,16, , , ,2, , , , , , ,4,2,2,3,1,0.7136807214725633,2.3305039689538796,5, , ,4.057253970771153,5
11,18,3,2,12,16, , , ,2, , , , , , ,4,2,2,3,1,0.7136807214725633,2.3305039689538796,5, , ,4.057253970771153,5
11,18,4,2,12,16, , , ,2, , , , , , ,4,2,2,3,1,0.7136807214725633,2.3305039689538796,5, , ,4.057253970771153,5
11,19,1,1,18,29, , , ,1,1,90, , , , ,4,2,2,2,1,0.7136807214725633,-0.8282472150197264,1, , ,-0.8100122340987324,1
11,19,2,1,18,95, , , ,1,2,7,9,90, , ,4,2,2,2,1,0.7136807214725633,-0.8282472150197264,1, , ,-0.8100122340987324,1
11,19,3,1,18,29, , , ,1,4,8,90, , , ,4,2,2,2,1,0.7136807214725633,-0.8282472150197264,1, , ,-0.8100122340987324,1
11,19,4,1,18,95, , , ,1,5,6,90, , , ,4,2,2,2,1,0.7136807214725633,-0.8282472150197264,1, , ,-0.8100122340987324,1
11,20,1,1,18,95, , , ,1,1,2,90, , , ,3,2,2,2,1,0.7136807214725633,-1.0977346350243877,1, , ,-1.2252608357237045,1
11,20,2,1,18,95, , , ,1,3,4,90, , , ,3,2,2,2,1,0.7136807214725633,-1.0977346350243877,1, , ,-1.2252608357237045,1
11,20,3,1,18,95, , , ,1,5,6,90, , , ,3,2,2,2,1,0.7136807214725633,-1.0977346350243877,1, , ,-1.2252608357237045,1
11,22,1,1,18,12, , , ,1,1,90, , , , ,4,2,2,3,1,0.7136807214725633,0.6643336185260023,5, , ,1.4898802949528218,5
11,22,2,1,18,12, , , ,2, , , , , , ,4,2,2,3,1,0.7136807214725633,0.6643336185260023,5, , ,1.4898802949528218,5
11,22,3,1,18,12, , , ,2, , , , , , ,4,2,2,3,1,0.7136807214725633,0.6643336185260023,5, , ,1.4898802949528218,5
11,22,4,9,98,98,1,1,95,1,0,0,0,90, , ,4,2,2,3,1,0.7136807214725633,0.6643336185260023,5, , ,1.4898802949528218,5
11,23,1,1,12,12, , , ,1,1,4,90, , , ,3,2,2,2,1,0.7136807214725633,-0.8151925631002264,1, , ,-0.7898965420409011,1
11,23,2,1,12,12, , , ,1,2,3,90, , , ,3,2,2,2,1,0.7136807214725633,-0.8151925631002264,1, , ,-0.7898965420409011,1
11,23,3,1,12,12, , , ,2, , , , , , ,3,2,2,2,1,0.7136807214725633,-0.8151925631002264,1, , ,-0.7898965420409011,1
11,24,1,1,98,95,1,2, ,1,1,2,3,90, , ,2,2,2,3,1,0.7136807214725633,-0.41643740726521805,3, , ,-0.17546147546758614,3
11,24,2,1,98,26,1,2, ,1,4,90, , , , ,2,2,2,3,1,0.7136807214725633,-0.41643740726521805,3, , ,-0.17546147546758614,3
11,26,1,1,12,23, , , ,1,1,2,3,90, , ,3,2,2,3,1,0.7136807214725633,-0.6296780058801552,2, , ,-0.5040403025719942,2
11,26,2,1,12,19, , , ,2, , , , , , ,3,2,2,3,1,0.7136807214725633,-0.6296780058801552,2, , ,-0.5040403025719942,2
11,26,3,1,12,15, , , ,2, , , , , , ,3,2,2,3,1,0.7136807214725633,-0.6296780058801552,2, , ,-0.5040403025719942,2
11,27,1,1,12,95, , , ,1,1,2,90, , , ,4,2,2,2,1,0.7136807214725633,-0.48732361109884553,2, , ,-0.28468882647308913,3
11,27,2,1,12,95, , , ,1,7,6,90, , , ,4,2,2,2,1,0.7136807214725633,-0.48732361109884553,2, , ,-0.28468882647308913,3
11,27,3,2,12,95, , , ,1,3,8,9,90, , ,4,2,2,2,1,0.7136807214725633,-0.48732361109884553,2, , ,-0.28468882647308913,3
11,27,4,2,12,95, , , ,1,4,5,10,11,90,90,4,2,2,2,1,0.7136807214725633,-0.48732361109884553,2, , ,-0.28468882647308913,3
11,28,1,1,11,95, , , ,1,1,2,90, , , ,3,2,2,3,1,0.7136807214725633,0.5119497868059053,4, , ,1.2550746293268318,5
11,28,2,1,12,95, , , ,1,3,90, , , , ,3,2,2,3,1,0.7136807214725633,0.5119497868059053,4, , ,1.2550746293268318,5
11,28,3,1,12,95, , , ,1,4,5,90, , , ,3,2,2,3,1,0.7136807214725633,0.5119497868059053,4, , ,1.2550746293268318,5
11,29,1,1,12,20, , , ,1,1,2,90, , , ,2,2,2,2,1,0.7136807214725633,-0.9651052216289391,1, , ,-1.0208944187464377,1
11,29,2,1,12,20, , , ,1,0,90, , , , ,2,2,2,2,1,0.7136807214725633,-0.9651052216289391,1, , ,-1.0208944187464377,1
11,30,1,1,12,28, , , ,1,1,2,90, , , ,3,2,2,2,1,0.7136807214725633,-0.6380016774648881,2, , ,-0.5168661071527277,2
11,30,2,1,11,95, , , ,2, , , , , , ,3,2,2,2,1,0.7136807214725633,-0.6380016774648881,2, , ,-0.5168661071527277,2
11,30,3,2,12,28, , , ,2, , , , , , ,3,2,2,2,1,0.7136807214725633,-0.6380016774648881,2, , ,-0.5168661071527277,2
12,1,1,1,11,95, , , ,9, , , , , , ,1,2,2,2,1,0.8596608690464966,-0.5292477794178299,2, , ,-0.34928906743590327,3
12,2,1,1,12,95, , , ,1,1,11,10,90, , ,7,2,2,2,1,0.8596608690464966,-0.11196934279081452,4, , ,0.2936882088118174,4
12,2,2,1,12,95, , , ,1,9,6,8,90, , ,7,2,2,2,1,0.8596608690464966,-0.11196934279081452,4, , ,0.2936882088118174,4
12,2,3,1,12,95, , , ,1,5,7,90, , , ,7,2,2,2,1,0.8596608690464966,-0.11196934279081452,4, , ,0.2936882088118174,4
12,2,4,1,12,95, , , ,1,4,12,90, , , ,7,2,2,2,1,0.8596608690464966,-0.11196934279081452,4, , ,0.2936882088118174,4
12,2,5,1,12,95, , , ,1,3,13,90, , , ,7,2,2,2,1,0.8596608690464966,-0.11196934279081452,4, , ,0.2936882088118174,4
12,2,6,1,12,10, , , ,2, , , , , , ,7,2,2,2,1,0.8596608690464966,-0.11196934279081452,4, , ,0.2936882088118174,4
12,2,7,1,12,10, , , ,2, , , , , , ,7,2,2,2,1,0.8596608690464966,-0.11196934279081452,4, , ,0.2936882088118174,4
12,3,1,1,12,24, , , ,1,1,2,4,90, , ,3,2,2,2,1,0.8596608690464966,-0.9129565357656335,1, , ,-0.940539391855227,1
12,3,2,1,11,95, , , ,1,7,5,6,90, , ,3,2,2,2,1,0.8596608690464966,-0.9129565357656335,1, , ,-0.940539391855227,1
12,3,3,1,12,95, , , ,2, , , , , , ,3,2,2,2,1,0.8596608690464966,-0.9129565357656335,1, , ,-0.940539391855227,1
12,4,1,1,11,95, , , ,1,1,2,90, , , ,3,2,2,2,6,0.8596608690464966,0.020152284490063288,4, , ,0.49727218676467055,4
12,4,2,1,12,95, , , ,1,3,5,90, , , ,3,2,2,2,6,0.8596608690464966,0.020152284490063288,4, , ,0.49727218676467055,4
12,4,3,1,12,95, , , ,1,4,90, , , , ,3,2,2,2,6,0.8596608690464966,0.020152284490063288,4, , ,0.49727218676467055,4
12,5,1,1,13,95, , , ,2, , , , , , ,1,2,2,2,1,0.8596608690464966,-0.8562629426446358,1, , ,-0.8531811943401731,1
12,6,1,1,12,20, , , ,1,1,2,90, , , ,3,2,2,3,1,0.8596608690464966,0.45336568273555305,4, , ,1.1648033755063572,5
12,6,2,1,12,20, , , ,1,4,90, , , , ,3,2,2,3,1,0.8596608690464966,0.45336568273555305,4, , ,1.1648033755063572,5
12,6,3,1,12,20, , , ,2, , , , , , ,3,2,2,3,1,0.8596608690464966,0.45336568273555305,4, , ,1.1648033755063572,5
12,7,1,1,12,95, , , ,1,1,90, , , , ,2,2,2,1,6,0.8596608690464966,-0.11377120407975175,4, , ,0.2909117512668217,4
12,7,2,2,12,95, , , ,2, , , , , , ,2,2,2,1,6,0.8596608690464966,-0.11377120407975175,4, , ,0.2909117512668217,4
12,8,1,1,12,19, , , ,1,1,2,90, , , ,5,2,2,2,1,0.8596608690464966,0.0630460088487988,4, , ,0.5633664002093792,4
12,8,2,1,12,19, , , ,1,3,6,90, , , ,5,2,2,2,1,0.8596608690464966,0.0630460088487988,4, , ,0.5633664002093792,4
12,8,3,2,12,19, , , ,1,4,5,90, , , ,5,2,2,2,1,0.8596608690464966,0.0630460088487988,4, , ,0.5633664002093792,4
12,8,4,1,12,19, , , ,2, , , , , , ,5,2,2,2,1,0.8596608690464966,0.0630460088487988,4, , ,0.5633664002093792,4
12,8,5,1,12,19, , , ,2, , , , , , ,5,2,2,2,1,0.8596608690464966,0.0630460088487988,4, , ,0.5633664002093792,4
12,9,1,1,12,13, , , ,1,1,2,6,90, , ,3,2,2,2,1,0.8596608690464966,-0.2832645041386267,3, , ,0.02974239563221654,4
12,9,2,1,12,13, , , ,1,5,4,90, , , ,3,2,2,2,1,0.8596608690464966,-0.2832645041386267,3, , ,0.02974239563221654,4
12,9,3,2,12,29, , , ,2, , , , , , ,3,2,2,2,1,0.8596608690464966,-0.2832645041386267,3, , ,0.02974239563221654,4
12,10,1,1,18,17, , , ,1,1,2,90, , , ,3,2,2,3,1,0.8596608690464966,-0.48900993397890047,2, , ,-0.2872872528405199,3
12,10,2,1,18,17, , , ,1,4,90, , , , ,3,2,2,3,1,0.8596608690464966,-0.48900993397890047,2, , ,-0.2872872528405199,3
12,10,3,2,18,17, , , ,1,3,90, , , , ,3,2,2,3,1,0.8596608690464966,-0.48900993397890047,2, , ,-0.2872872528405199,3
12,11,1,2,18,95, , , ,2, , , , , , ,1,2,2,2,6,0.8596608690464966,-1.0583255847720223,1, , ,-1.164536097595372,1
12,12,1,1,28,21, ,1,12,1,1,2,90, , , ,3,2,2,2,1,0.8596608690464966,-0.8610379606078058,1, , ,-0.8605389386530846,1
12,12,2,1,98,8,1,2, ,1,8,90, , , , ,3,2,2,2,1,0.8596608690464966,-0.8610379606078058,1, , ,-0.8605389386530846,1
12,12,3,1,28,21, ,2, ,1,3,4,90, , , ,3,2,2,2,1,0.8596608690464966,-0.8610379606078058,1, , ,-0.8605389386530846,1
12,13,1,1,12,95, , , ,1,1,90, , , , ,1,2,2,3,6,0.8596608690464966,-0.2852254742696307,3, , ,0.026720769967042028,4
12,14,1,1,12,95, , , ,1,1,90, , , , ,5,2,2,2,6,0.8596608690464966,0.3667366038645031,4, , ,1.0313180949665801,5
12,14,2,1,12,95, , , ,1,2,90, , , , ,5,2,2,2,6,0.8596608690464966,0.3667366038645031,4, , ,1.0313180949665801,5
12,14,3,1,12,95, , , ,2, , , , , , ,5,2,2,2,6,0.8596608690464966,0.3667366038645031,4, , ,1.0313180949665801,5
12,14,4,1,11,9, , , ,2, , , , , , ,5,2,2,2,6,0.8596608690464966,0.3667366038645031,4, , ,1.0313180949665801,5
12,14,5,1,11,9, , , ,2, , , , , , ,5,2,2,2,6,0.8596608690464966,0.3667366038645031,4, , ,1.0313180949665801,5
12,15,1,2,11,24, , , ,1,1,2,90, , , ,6,2,2,3,6,0.8596608690464966,3.5231444784942547,5, , ,5.8949735341532525,5
12,15,2,2,11,24, , , ,1,4,90, , , , ,6,2,2,3,6,0.8596608690464966,3.5231444784942547,5, , ,5.8949735341532525,5
12,15,3,2,12,24, , , ,2, , , , , , ,6,2,2,3,6,0.8596608690464966,3.5231444784942547,5, , ,5.8949735341532525,5
12,15,4,2,12,24, , , ,2, , , , , , ,6,2,2,3,6,0.8596608690464966,3.5231444784942547,5, , ,5.8949735341532525,5
12,15,5,2,12,24, , , ,2, , , , , , ,6,2,2,3,6,0.8596608690464966,3.5231444784942547,5, , ,5.8949735341532525,5
12,15,6,2,12,24, , , ,2, , , , , , ,6,2,2,3,6,0.8596608690464966,3.5231444784942547,5, , ,5.8949735341532525,5
12,16,1,1,12,95, , , ,1,1,90, , , , ,2,2,2,2,6,0.8596608690464966,-0.27562987875106876,3, , ,0.04150646059695259,4
12,16,2,1,12,95, , , ,2, , , , , , ,2,2,2,2,6,0.8596608690464966,-0.27562987875106876,3, , ,0.04150646059695259,4
12,18,1,1,12,24, , , ,1,1,2,90, , , ,3,2,2,2,6,0.8596608690464966,-0.30277619856336097,3, , ,-0.00032284386974061797,4
12,18,2,1,12,24, , , ,1,4,7,90, , , ,3,2,2,2,6,0.8596608690464966,-0.30277619856336097,3, , ,-0.00032284386974061797,4
12,18,3,1,12,24, , , ,1,5,6,90, , , ,3,2,2,2,6,0.8596608690464966,-0.30277619856336097,3, , ,-0.00032284386974061797,4
12,20,1,1,12,95, , , ,2, , , , , , ,1,2,2,1,6,0.8596608690464966,-1.0349855556276428,1, , ,-1.128571841958051,1
12,21,1,1,12,95, , , ,1,1,90, , , , ,1,2,2,1,6,0.8596608690464966,-1.091396686664417,1, , ,-1.215494798431115,1
12,22,1,1,12,98, , , ,1,1,90, , , , ,1,2,2,3,6,0.8596608690464966,0.05174204601043475,4, , ,0.5459483153081615,4
12,23,1,1,13,24, , , ,1,1,2,90, , , ,5,2,2,2,6,0.8596608690464966,0.39165068704841016,4, , ,1.0697077838162738,5
12,23,2,1,13,24, , , ,1,3,90, , , , ,5,2,2,2,6,0.8596608690464966,0.39165068704841016,4, , ,1.0697077838162738,5
12,23,3,1,13,24, , , ,1,4,90, , , , ,5,2,2,2,6,0.8596608690464966,0.39165068704841016,4, , ,1.0697077838162738,5
12,23,4,1,13,24, , , ,1,5,90, , , , ,5,2,2,2,6,0.8596608690464966,0.39165068704841016,4, , ,1.0697077838162738,5
12,23,5,1,13,24, , , ,1,6,90, , , , ,5,2,2,2,6,0.8596608690464966,0.39165068704841016,4, , ,1.0697077838162738,5
12,24,1,1,28,18, ,2, ,1,1,90, , , , ,1,2,2,2,6,0.8596608690464966,-0.88745064866894,1, , ,-0.9012378023787192,1
12,25,1,1,11,24, , , ,1,2,90, , , , ,3,2,2,1,6,0.8596608690464966,-0.6020552629348235,2, , ,-0.4614768857679866,2
12,25,2,2,11,24, , , ,1,4,5,6,90, , ,3,2,2,1,6,0.8596608690464966,-0.6020552629348235,2, , ,-0.4614768857679866,2
12,25,3,2,11,24, , , ,1,3,90, , , , ,3,2,2,1,6,0.8596608690464966,-0.6020552629348235,2, , ,-0.4614768857679866,2
12,26,1,1,11,25, , , ,1,1,2,5,90, , ,4,2,2,3,6,0.8596608690464966,-0.259291830477515,3, , ,0.06668148249132211,4
12,26,2,1,11,15, , , ,2, , , , , , ,4,2,2,3,6,0.8596608690464966,-0.259291830477515,3, , ,0.06668148249132211,4
12,26,3,1,11,95, , , ,2, , , , , , ,4,2,2,3,6,0.8596608690464966,-0.259291830477515,3, , ,0.06668148249132211,4
12,26,4,1,11,95, , , ,1,4,3,90, , , ,4,2,2,3,6,0.8596608690464966,-0.259291830477515,3, , ,0.06668148249132211,4
12,27,1,1,12,24, , , ,1,1,6,5,7,90,90,1,2,2,1,1,0.8596608690464966,-0.7062458101136004,1, , ,-0.6220223354137602,2
12,28,1,1,12,95, , , ,1,1,2,90, , , ,3,2,2,9,1,0.8596608690464966,-0.1628346887416366,3, , ,0.2153106586579588,4
12,28,2,2,12,95, , , ,1,4,5,6,90, , ,3,2,2,9,1,0.8596608690464966,-0.1628346887416366,3, , ,0.2153106586579588,4
12,28,3,1,11,95, , , ,2, , , , , , ,3,2,2,9,1,0.8596608690464966,-0.1628346887416366,3, , ,0.2153106586579588,4
12,29,1,1,12,98, , , ,1,1,90, , , , ,1,2,2,1,1,0.8596608690464966,-1.0606531126211025,1, , ,-1.1681225458405515,1
12,30,1,1,98,36,8,2, ,1,1,90, , , , ,2,2,2,1,6,0.8596608690464966,-1.0773090525877302,1, , ,-1.193787401661176,1
12,30,2,2,98,36,8,2, ,1,3,90, , , , ,2,2,2,1,6,0.8596608690464966,-1.0773090525877302,1, , ,-1.193787401661176,1
13,1,1,1,21,15, ,1,10,1,1,2,90, , , ,2,2,2,3,1,0.6893506968769076,-0.6236630239435523,2, , ,-0.49477191877162746,2
13,1,2,1,21,15, ,2, ,2, , , , , , ,2,2,2,3,1,0.6893506968769076,-0.6236630239435523,2, , ,-0.49477191877162746,2
13,2,1,1,12,9, , , ,1,2,3,4,90, , ,3,2,2,2,1,0.6893506968769076,-0.17483518695176822,3, , ,0.19681929419844543,4
13,2,2,1,12,8, , , ,2, , , , , , ,3,2,2,2,1,0.6893506968769076,-0.17483518695176822,3, , ,0.19681929419844543,4
13,2,3,1,12,19, , , ,2, , , , , , ,3,2,2,2,1,0.6893506968769076,-0.17483518695176822,3, , ,0.19681929419844543,4
13,7,1,1,21,15, ,2, ,1,1,2,4,90, , ,2,2,2,2,1,0.6893506968769076,-0.6594470797200213,2, , ,-0.5499109643025533,2
13,7,2,1,21,28, ,2, ,1,3,90, , , , ,2,2,2,2,1,0.6893506968769076,-0.6594470797200213,2, , ,-0.5499109643025533,2
13,9,1,1,12,21, , , ,1,0,2,0,90, , ,3,2,2,3,1,0.6893506968769076,1.327073263412571,5, , ,2.5110845900394647,5
13,9,2,1,21,21, ,1,6,1,0,90, , , , ,3,2,2,3,1,0.6893506968769076,1.327073263412571,5, , ,2.5110845900394647,5
13,9,3,1,21,95, ,1,6,1,1,90, , , , ,3,2,2,3,1,0.6893506968769076,1.327073263412571,5, , ,2.5110845900394647,5
13,10,1,1,11,18, , , ,1,1,7,90, , , ,5,2,2,2,1,0.6893506968769076,0.10928823057089315,4, , ,0.634620256533357,4
13,10,2,1,11,18, , , ,1,3,90, , , , ,5,2,2,2,1,0.6893506968769076,0.10928823057089315,4, , ,0.634620256533357,4
13,10,3,1,12,18, , , ,1,4,90, , , , ,5,2,2,2,1,0.6893506968769076,0.10928823057089315,4, , ,0.634620256533357,4
13,10,4,1,12,18, , , ,1,5,90, , , , ,5,2,2,2,1,0.6893506968769076,0.10928823057089315,4, , ,0.634620256533357,4
13,10,5,1,12,18, , , ,1,6,90, , , , ,5,2,2,2,1,0.6893506968769076,0.10928823057089315,4, , ,0.634620256533357,4
13,11,1,1,12,6, , , ,1,1,2,90, , , ,1,2,2,2,1,0.6893506968769076,-0.874139130878717,1, , ,-0.880726310050801,1
13,12,1,1,11,24, , , ,1,1,90, , , , ,2,2,2,1,1,0.6893506968769076,-0.8164649798454728,1, , ,-0.7918571874548456,1
13,12,2,1,11,36, , , ,2, , , , , , ,2,2,2,1,1,0.6893506968769076,-0.8164649798454728,1, , ,-0.7918571874548456,1
13,13,1,1,11,95, , , ,1,7,8,90, , , ,5,2,2,2,1,0.6893506968769076,-0.040736011082721346,4, , ,0.40345044328035706,4
13,13,2,1,11,95, , , ,1,6,5,90, , , ,5,2,2,2,1,0.6893506968769076,-0.040736011082721346,4, , ,0.40345044328035706,4
13,13,3,1,11,95, , , ,1,4,90, , , , ,5,2,2,2,1,0.6893506968769076,-0.040736011082721346,4, , ,0.40345044328035706,4
13,13,4,1,11,95, , , ,1,3,90, , , , ,5,2,2,2,1,0.6893506968769076,-0.040736011082721346,4, , ,0.40345044328035706,4
13,13,5,1,11,95, , , ,1,1,2,90, , , ,5,2,2,2,1,0.6893506968769076,-0.040736011082721346,4, , ,0.40345044328035706,4
13,14,1,1,12,2, , , ,1,1,6,90, , , ,3,2,2,3,1,0.6893506968769076,0.1400012792353884,4, , ,0.6819454730846556,4
13,14,2,1,12,14, , , ,1,4,5,90, , , ,3,2,2,3,1,0.6893506968769076,0.1400012792353884,4, , ,0.6819454730846556,4
13,14,3,1,12,14, , , ,1,2,3,90, , , ,3,2,2,3,1,0.6893506968769076,0.1400012792353884,4, , ,0.6819454730846556,4
13,16,1,1,21,95, ,1,6,1,1,2,90, , , ,2,2,2,3,1,0.6893506968769076,1.651060115056062,5, , ,3.010310442910481,5
13,16,2,1,21,95, ,1,6,2, , , , , , ,2,2,2,3,1,0.6893506968769076,1.651060115056062,5, , ,3.010310442910481,5
13,17,1,1,12,24, , , ,1,1,2,90, , , ,4,2,2,3,1,0.6893506968769076,-0.8722502849810443,1, , ,-0.8778158193953188,1
13,17,2,1,12,24, , , ,1,6,4,90, , , ,4,2,2,3,1,0.6893506968769076,-0.8722502849810443,1, , ,-0.8778158193953188,1
13,17,3,1,12,24, , , ,2, , , , , , ,4,2,2,3,1,0.6893506968769076,-0.8722502849810443,1, , ,-0.8778158193953188,1
13,17,4,1,12,24, , , ,2, , , , , , ,4,2,2,3,1,0.6893506968769076,-0.8722502849810443,1, , ,-0.8778158193953188,1
13,18,1,1,12,95, , , ,1,1,90, , , , ,1,2,2,1,1,0.6893506968769076,-1.0198673767994877,1, , ,-1.1052764962331965,1
13,19,1,1,12,11, , , ,2, , , , , , ,3,2,2,2,1,0.6893506968769076,-0.334052650549855,3, , ,-0.04851619905848217,3
13,19,2,1,12,28, , , ,1,3,5,90, , , ,3,2,2,2,1,0.6893506968769076,-0.334052650549855,3, , ,-0.04851619905848217,3
13,19,3,1,12,17, , , ,1,1,2,6,90, , ,3,2,2,2,1,0.6893506968769076,-0.334052650549855,3, , ,-0.04851619905848217,3
13,21,1,1,21,5, ,2, ,1,1,2,90, , , ,2,2,2,2,1,0.6893506968769076,-0.19106210528456863,3, , ,0.1718155105477599,4
13,21,2,1,21,5, ,2, ,1,4,5,90, , , ,2,2,2,2,1,0.6893506968769076,-0.19106210528456863,3, , ,0.1718155105477599,4
13,23,1,1,21,4, ,2, ,1,1,2,3,90, , ,1,2,2,9,1,0.6893506968769076,-0.919214457656677,1, , ,-0.9501821177171211,1
13,25,1,2,11,24, , , ,1,1,90, , , , ,2,2,2,3,1,0.6893506968769076,-0.7318692053415695,1, , ,-0.6615049911797106,1
13,25,2,2,13,24, , , ,1,2,90, , , , ,2,2,2,3,1,0.6893506968769076,-0.7318692053415695,1, , ,-0.6615049911797106,1
13,28,1,1,13,95, , , ,2, , , , , , ,3,2,2,3,1,0.6893506968769076,0.3002738293938068,4, , ,0.928906731354152,5
13,28,2,1,13,95, , , ,2, , , , , , ,3,2,2,3,1,0.6893506968769076,0.3002738293938068,4, , ,0.928906731354152,5
13,28,3,1,13,95, , , ,2, , , , , , ,3,2,2,3,1,0.6893506968769076,0.3002738293938068,4, , ,0.928906731354152,5
13,29,1,1,13,12, , , ,1,2,3,4,90, , ,3,2,2,2,1,0.6893506968769076,-0.6528214422029348,2, , ,-0.5397016316598774,2
13,29,2,1,13,12, , , ,2, , , , , , ,3,2,2,2,1,0.6893506968769076,-0.6528214422029348,2, , ,-0.5397016316598774,2
13,29,3,1,21,12, ,2, ,1,1,90, , , , ,3,2,2,2,1,0.6893506968769076,-0.6528214422029348,2, , ,-0.5397016316598774,2
13,30,1,1,12,15, , , ,1,1,2,90, , , ,3,2,2,3,1,0.6893506968769076,-0.5363658050440059,2, , ,-0.36025711257711684,3
13,30,2,1,12,15, , , ,2, , , , , , ,3,2,2,3,1,0.6893506968769076,-0.5363658050440059,2, , ,-0.36025711257711684,3
13,30,3,1,21,8, ,2, ,2, , , , , , ,3,2,2,3,1,0.6893506968769076,-0.5363658050440059,2, , ,-0.36025711257711684,3
14,1,1,1,12,12, , , ,1,1,90, , , , ,2,2,2,2,1,0.4784904837145595,-0.4804495868576675,2, , ,-0.2740967589337733,3
14,1,2,1,12,12, , , ,2, , , , , , ,2,2,2,2,1,0.4784904837145595,-0.4804495868576675,2, , ,-0.2740967589337733,3
14,2,1,1,11,98, , , ,1,1,2,8,90, , ,7,2,2,2,1,0.4784904837145595,0.11153101307522562,4, , ,0.6380761221120058,4
14,2,2,1,12,98, , , ,1,9,10,90, , , ,7,2,2,2,1,0.4784904837145595,0.11153101307522562,4, , ,0.6380761221120058,4
14,2,3,1,12,98, , , ,1,3,5,90, , , ,7,2,2,2,1,0.4784904837145595,0.11153101307522562,4, , ,0.6380761221120058,4
14,2,4,1,12,98, , , ,1,6,7,4,90, , ,7,2,2,2,1,0.4784904837145595,0.11153101307522562,4, , ,0.6380761221120058,4
14,2,5,1,12,24, , , ,2, , , , , , ,7,2,2,2,1,0.4784904837145595,0.11153101307522562,4, , ,0.6380761221120058,4
14,2,6,1,12,24, , , ,2, , , , , , ,7,2,2,2,1,0.4784904837145595,0.11153101307522562,4, , ,0.6380761221120058,4
14,2,7,1,12,24, , , ,2, , , , , , ,7,2,2,2,1,0.4784904837145595,0.11153101307522562,4, , ,0.6380761221120058,4
14,3,1,1,12,9, , , ,1,1,7,90, , , ,4,2,2,3,1,0.4784904837145595,0.318417751754767,4, , ,0.9568643940467203,5
14,3,2,1,12,9, , , ,1,6,8,90, , , ,4,2,2,3,1,0.4784904837145595,0.318417751754767,4, , ,0.9568643940467203,5
14,3,3,1,12,9, , , ,1,9,5,90, , , ,4,2,2,3,1,0.4784904837145595,0.318417751754767,4, , ,0.9568643940467203,5
14,3,4,1,12,9, , , ,1,3,4,90, , , ,4,2,2,3,1,0.4784904837145595,0.318417751754767,4, , ,0.9568643940467203,5
14,5,1,2,18,95, , , ,1,1,90, , , , ,1,2,2,2,1,0.4784904837145595,0.23464126136469404,4, , ,0.8277746187877343,5
14,6,1,2,18,98, , , ,1,2,6,90, , , ,2,2,2,2,1,0.4784904837145595,-0.3870385981763264,3, , ,-0.13016134842124535,3
14,6,2,2,18,98, , , ,1,3,4,5,90, , ,2,2,2,2,1,0.4784904837145595,-0.3870385981763264,3, , ,-0.13016134842124535,3
14,7,1,1,12,35, , , ,1,4,90, , , , ,3,2,2,2,6,0.4784904837145595,0.07367437866511017,4, , ,0.5797434752643114,4
14,7,2,1,12,35, , , ,1,3,5,6,90, , ,3,2,2,2,6,0.4784904837145595,0.07367437866511017,4, , ,0.5797434752643114,4
14,7,3,1,12,35, , , ,1,1,2,90, , , ,3,2,2,2,6,0.4784904837145595,0.07367437866511017,4, , ,0.5797434752643114,4
14,8,1,1,11,30, , , ,1,1,90, , , , ,3,2,2,2,6,0.4784904837145595,0.12670542875247431,4, , ,0.6614581222452387,4
14,8,2,1,11,30, , , ,1,2,3,90, , , ,3,2,2,2,6,0.4784904837145595,0.12670542875247431,4, , ,0.6614581222452387,4
14,8,3,1,11,7, , , ,2, , , , , , ,3,2,2,2,6,0.4784904837145595,0.12670542875247431,4, , ,0.6614581222452387,4
14,9,1,1,11,23, , , ,1,1,2,90, , , ,4,2,2,3,1,0.4784904837145595,-0.6652601511086766,2, , ,-0.5588682275590108,2
14,9,2,1,11,23, , , ,1,3,6,7,90, , ,4,2,2,3,1,0.4784904837145595,-0.6652601511086766,2, , ,-0.5588682275590108,2
14,9,3,1,11,23, , , ,1,5,90, , , , ,4,2,2,3,1,0.4784904837145595,-0.6652601511086766,2, , ,-0.5588682275590108,2
14,9,4,1,11,23, , , ,2, , , , , , ,4,2,2,3,1,0.4784904837145595,-0.6652601511086766,2, , ,-0.5588682275590108,2
14,10,1,1,12,35, , , ,1,1,2,90, , , ,3,2,2,3,1,0.4784904837145595,0.478480139670504,4, , ,1.2035018168756373,5
14,10,2,1,12,35, , , ,1,3,90, , , , ,3,2,2,3,1,0.4784904837145595,0.478480139670504,4, , ,1.2035018168756373,5
14,10,3,1,12,35, , , ,1,4,90, , , , ,3,2,2,3,1,0.4784904837145595,0.478480139670504,4, , ,1.2035018168756373,5
14,11,1,1,12,95, , , ,1,1,90, , , , ,3,2,2,2,1,0.4784904837145595,-0.8728230037245162,1, , ,-0.8786983120079499,1
14,11,2,1,12,95, , , ,2, , , , , , ,3,2,2,2,1,0.4784904837145595,-0.8728230037245162,1, , ,-0.8786983120079499,1
14,11,3,1,12,95, , , ,2, , , , , , ,3,2,2,2,1,0.4784904837145595,-0.8728230037245162,1, , ,-0.8786983120079499,1
14,12,1,1,12,95, , , ,1,1,90, , , , ,4,2,2,3,1,0.4784904837145595,-0.02402412421265049,4, , ,0.4292015067370172,4
14,12,2,1,11,95, , , ,2, , , , , , ,4,2,2,3,1,0.4784904837145595,-0.02402412421265049,4, , ,0.4292015067370172,4
14,12,3,1,12,24, , , ,2, , , , , , ,4,2,2,3,1,0.4784904837145595,-0.02402412421265049,4, , ,0.4292015067370172,4
14,12,4,1,12,24, , , ,2, , , , , , ,4,2,2,3,1,0.4784904837145595,-0.02402412421265049,4, , ,0.4292015067370172,4
14,13,1,1,18,12, , , ,2, , , , , , ,1,2,2,2,1,0.4784904837145595,-0.6248095430207236,2, , ,-0.496538570600954,2
14,14,1,1,11,1, , , ,1,1,90, , , , ,2,2,2,2,1,0.4784904837145595,-0.26915299718406144,3, , ,0.05148657771538371,4
14,14,2,1,12,3, , , ,1,3,4,5,90, , ,2,2,2,2,1,0.4784904837145595,-0.26915299718406144,3, , ,0.05148657771538371,4
14,15,1,1,12,98, , , ,1,1,90, , , , ,1,2,2,3,1,0.4784904837145595,0.18228844344193007,4, , ,0.7471050482631492,5
14,17,1,1,11,12, , , ,1,1,90, , , , ,5,2,2,2,1,0.4784904837145595,-0.8187515875905873,1, , ,-0.79538058260482,1
14,17,2,1,11,12, , , ,1,2,90, , , , ,5,2,2,2,1,0.4784904837145595,-0.8187515875905873,1, , ,-0.79538058260482,1
14,17,3,1,11,12, , , ,2, , , , , , ,5,2,2,2,1,0.4784904837145595,-0.8187515875905873,1, , ,-0.79538058260482,1
14,17,4,1,11,12, , , ,1,4,90, , , , ,5,2,2,2,1,0.4784904837145595,-0.8187515875905873,1, , ,-0.79538058260482,1
14,17,5,1,11,12, , , ,1,5,90, , , , ,5,2,2,2,1,0.4784904837145595,-0.8187515875905873,1, , ,-0.79538058260482,1
14,18,1,1,12,95, , , ,1,1,90, , , , ,1,2,2,2,1,0.4784904837145595,-1.1431938397495494,1, , ,-1.2953081544177651,1
14,21,1,2,16,3, , , ,1,1,2,90, , , ,4,2,2,3,1,0.4784904837145595,0.25376418835340725,4, , ,0.857240813131434,5
14,21,2,2,16,11, , , ,8, , , , , , ,4,2,2,3,1,0.4784904837145595,0.25376418835340725,4, , ,0.857240813131434,5
14,21,3,2,16,11, , , ,8, , , , , , ,4,2,2,3,1,0.4784904837145595,0.25376418835340725,4, , ,0.857240813131434,5
14,21,4,2,16,11, , , ,1,5,90, , , , ,4,2,2,3,1,0.4784904837145595,0.25376418835340725,4, , ,0.857240813131434,5
14,22,1,1,28,95, ,1,95,1,1,90, , , , ,6,2,2,2,1,0.4784904837145595,0.16898779676568337,4, , ,0.7266103070506512,5
14,22,2,1,16,95, , , ,2, , , , , , ,6,2,2,2,1,0.4784904837145595,0.16898779676568337,4, , ,0.7266103070506512,5
14,22,3,1,11,95, , , ,1,3,90, , , , ,6,2,2,2,1,0.4784904837145595,0.16898779676568337,4, , ,0.7266103070506512,5
14,22,4,1,11,24, , , ,2, , , , , , ,6,2,2,2,1,0.4784904837145595,0.16898779676568337,4, , ,0.7266103070506512,5
14,22,5,1,12,24, , , ,2, , , , , , ,6,2,2,2,1,0.4784904837145595,0.16898779676568337,4, , ,0.7266103070506512,5
14,22,6,1,12,24, , , ,2, , , , , , ,6,2,2,2,1,0.4784904837145595,0.16898779676568337,4, , ,0.7266103070506512,5
14,23,1,2,12,95, , , ,1,1,2,5,90, , ,6,2,2,2,1,0.4784904837145595,-0.785791967116072,1, , ,-0.7445936615979118,1
14,23,2,2,12,95, , , ,1,3,90, , , , ,6,2,2,2,1,0.4784904837145595,-0.785791967116072,1, , ,-0.7445936615979118,1
14,23,3,1,12,95, , , ,1,4,90, , , , ,6,2,2,2,1,0.4784904837145595,-0.785791967116072,1, , ,-0.7445936615979118,1
14,23,4,1,12,95, , , ,2, , , , , , ,6,2,2,2,1,0.4784904837145595,-0.785791967116072,1, , ,-0.7445936615979118,1
14,23,5,1,12,95, , , ,2, , , , , , ,6,2,2,2,1,0.4784904837145595,-0.785791967116072,1, , ,-0.7445936615979118,1
14,23,6,1,12,95, , , ,2, , , , , , ,6,2,2,2,1,0.4784904837145595,-0.785791967116072,1, , ,-0.7445936615979118,1
14,24,1,1,11,95, , , ,1,1,2,90, , , ,2,2,2,1,1,0.4784904837145595,-0.6023409885510718,2, , ,-0.46191715553120405,2
14,24,2,1,11,95, , , ,2, , , , , , ,2,2,2,1,1,0.4784904837145595,-0.6023409885510718,2, , ,-0.46191715553120405,2
14,25,1,1,12,95, , , ,2, , , , , , ,7,2,2,2,1,0.4784904837145595,-0.6007218325153579,2, , ,-0.4594222254167253,2
14,25,2,1,12,95, , , ,2, , , , , , ,7,2,2,2,1,0.4784904837145595,-0.6007218325153579,2, , ,-0.4594222254167253,2
14,25,3,1,12,95, , , ,2, , , , , , ,7,2,2,2,1,0.4784904837145595,-0.6007218325153579,2, , ,-0.4594222254167253,2
14,25,4,1,36,11,1,2, ,1,1,2,90, , , ,7,2,2,2,1,0.4784904837145595,-0.6007218325153579,2, , ,-0.4594222254167253,2
14,25,5,1,36,95,1,2, ,1,3,4,5,90, , ,7,2,2,2,1,0.4784904837145595,-0.6007218325153579,2, , ,-0.4594222254167253,2
14,25,6,1,36,95,1,2, ,1,6,90, , , , ,7,2,2,2,1,0.4784904837145595,-0.6007218325153579,2, , ,-0.4594222254167253,2
14,25,7,1,36,8,1,2, ,2, , , , , , ,7,2,2,2,1,0.4784904837145595,-0.6007218325153579,2, , ,-0.4594222254167253,2
14,28,1,1,11,95, , , ,1,1,2,5,90, , ,6,2,2,3,1,0.4784904837145595,-0.2992463693981041,3, , ,0.005116210112158025,4
14,28,2,1,11,95, , , ,1,4,90, , , , ,6,2,2,3,1,0.4784904837145595,-0.2992463693981041,3, , ,0.005116210112158025,4
14,28,3,1,11,95, , , ,2, , , , , , ,6,2,2,3,1,0.4784904837145595,-0.2992463693981041,3, , ,0.005116210112158025,4
14,28,4,1,12,29, , , ,2, , , , , , ,6,2,2,3,1,0.4784904837145595,-0.2992463693981041,3, , ,0.005116210112158025,4
14,28,5,1,12,29, , , ,2, , , , , , ,6,2,2,3,1,0.4784904837145595,-0.2992463693981041,3, , ,0.005116210112158025,4
14,28,6,1,12,29, , , ,2, , , , , , ,6,2,2,3,1,0.4784904837145595,-0.2992463693981041,3, , ,0.005116210112158025,4
14,30,1,1,12,24, , , ,1,1,2,7,90, , ,1,2,2,2,1,0.4784904837145595,-0.6714776783573184,2, , ,-0.5684487100005252,2
15,1,1,1,12,22, , , ,1,1,2,90, , , ,2,2,2,2,1,0.8028908116566337,-0.7956604257653268,1, , ,-0.7597998024048779,1
15,1,2,1,12,22, , , ,1,3,6,90, , , ,2,2,2,2,1,0.8028908116566337,-0.7956604257653268,1, , ,-0.7597998024048779,1
15,2,1,1,12,20, , , ,1,2,90, , , , ,1,2,2,3,1,0.8028908116566337,-0.7186542439722796,1, , ,-0.641142281005593,2
15,3,1,2,21,95, ,1,95,1,1,90, , , , ,1,2,2,1,1,0.8028908116566337,-0.9852861366778067,1, , ,-1.0519908489746455,1
15,4,1,1,21,24, ,2, ,1,1,8,90, , , ,2,2,2,2,1,0.8028908116566337,-0.8756199785210583,1, , ,-0.8830081231042316,1
15,4,2,1,21,24, ,2, ,2, , , , , , ,2,2,2,2,1,0.8028908116566337,-0.8756199785210583,1, , ,-0.8830081231042316,1
15,6,1,1,13,24, , , ,1,1,4,90, , , ,2,2,2,2,1,0.8028908116566337,0.00571316286912138,4, , ,0.4750231887903484,4
15,6,2,1,13,24, , , ,1,2,3,90, , , ,2,2,2,2,1,0.8028908116566337,0.00571316286912138,4, , ,0.4750231887903484,4
15,7,1,1,12,13, , , ,1,1,2,3,90, , ,1,2,2,2,1,0.8028908116566337,-0.7514640322190511,1, , ,-0.6916983280702301,1
15,8,1,1,11,12, , , ,1,1,7,90, , , ,1,2,2,3,1,0.8028908116566337,-0.7035749171955022,1, , ,-0.6179068017487337,2
15,9,1,1,11,24, , , ,1,1,90, , , , ,3,2,2,2,1,0.8028908116566337,-0.6501398344612821,2, , ,-0.5355695877046948,2
15,9,2,1,11,24, , , ,1,5,90, , , , ,3,2,2,2,1,0.8028908116566337,-0.6501398344612821,2, , ,-0.5355695877046948,2
15,9,3,1,12,3, , , ,1,8,3,90, , , ,3,2,2,2,1,0.8028908116566337,-0.6501398344612821,2, , ,-0.5355695877046948,2
15,11,1,2,12,95, , , ,1,1,2,90, , , ,3,2,2,2,1,0.8028908116566337,-0.05981822232696718,4, , ,0.37404698713777224,4
15,11,2,2,12,95, , , ,1,4,5,6,3,90,90,3,2,2,2,1,0.8028908116566337,-0.05981822232696718,4, , ,0.37404698713777224,4
15,11,3,2,12,95, , , ,2, , , , , , ,3,2,2,2,1,0.8028908116566337,-0.05981822232696718,4, , ,0.37404698713777224,4
15,12,1,1,11,9, , , ,1,1,2,3,90, , ,1,2,2,2,1,0.8028908116566337,-0.661770360506865,2, , ,-0.5534908683214583,2
15,14,1,2,21,15, ,1,1,2, , , , , , ,3,2,2,2,1,0.8028908116566337,0.8749050420981195,5, , ,1.814346235437127,5
15,14,2,2,21,15, ,1,1,2, , , , , , ,3,2,2,2,1,0.8028908116566337,0.8749050420981195,5, , ,1.814346235437127,5
15,14,3,2,21,15, ,1,1,2, , , , , , ,3,2,2,2,1,0.8028908116566337,0.8749050420981195,5, , ,1.814346235437127,5
15,15,1,1,12,95, , , ,2, , , , , , ,2,2,2,3,6,0.8028908116566337,-0.7710807222018633,1, , ,-0.7219253534494944,1
15,15,2,1,12,95, , , ,1,3,4,90, , , ,2,2,2,3,6,0.8028908116566337,-0.7710807222018633,1, , ,-0.7219253534494944,1
15,16,1,1,12,23, , , ,1,2,6,90, , , ,2,2,2,2,1,0.8028908116566337,-0.45646730209409303,3, , ,-0.23714286248965025,3
15,16,2,1,12,23, , , ,1,1,90, , , , ,2,2,2,2,1,0.8028908116566337,-0.45646730209409303,3, , ,-0.23714286248965025,3
15,18,1,1,12,95, , , ,1,3,7,6,90, , ,3,2,2,2,1,0.8028908116566337,-0.09534058723541164,4, , ,0.31931117663356245,4
15,18,2,1,12,95, , , ,1,4,5,8,90, , ,3,2,2,2,1,0.8028908116566337,-0.09534058723541164,4, , ,0.31931117663356245,4
15,18,3,1,12,95, , , ,1,2,1,90, , , ,3,2,2,2,1,0.8028908116566337,-0.09534058723541164,4, , ,0.31931117663356245,4
15,20,1,1,21,10, ,2, ,1,1,2,90, , , ,2,2,2,1,1,0.8028908116566337,-0.5830314355441004,2, , ,-0.43216339231654466,2
15,20,2,1,21,10, ,2, ,1,3,4,5,6,90,90,2,2,2,1,1,0.8028908116566337,-0.5830314355441004,2, , ,-0.43216339231654466,2
15,21,1,2,12,26, , , ,2, , , , , , ,2,2,2,3,1,0.8028908116566337,-0.8838725131026879,1, , ,-0.8957243138816122,1
15,21,2,2,12,26, , , ,2, , , , , , ,2,2,2,3,1,0.8028908116566337,-0.8838725131026879,1, , ,-0.8957243138816122,1
15,22,1,1,12,95, , , ,1,1,4,90, , , ,6,2,2,2,1,0.8028908116566337,-0.5861590106259497,2, , ,-0.436982619793629,2
15,22,2,1,12,95, , , ,1,2,3,90, , , ,6,2,2,2,1,0.8028908116566337,-0.5861590106259497,2, , ,-0.436982619793629,2
15,22,3,2,12,24, , , ,2, , , , , , ,6,2,2,2,1,0.8028908116566337,-0.5861590106259497,2, , ,-0.436982619793629,2
15,22,4,2,12,24, , , ,2, , , , , , ,6,2,2,2,1,0.8028908116566337,-0.5861590106259497,2, , ,-0.436982619793629,2
15,22,5,2,12,24, , , ,2, , , , , , ,6,2,2,2,1,0.8028908116566337,-0.5861590106259497,2, , ,-0.436982619793629,2
15,22,6,2,12,24, , , ,2, , , , , , ,6,2,2,2,1,0.8028908116566337,-0.5861590106259497,2, , ,-0.436982619793629,2
15,24,1,1,12,24, , , ,1,1,2,90, , , ,3,2,2,3,1,0.8028908116566337,-0.34542075117501264,3, , ,-0.06603311278917516,3
15,24,2,1,12,24, , , ,1,5,90, , , , ,3,2,2,3,1,0.8028908116566337,-0.34542075117501264,3, , ,-0.06603311278917516,3
15,24,3,1,12,24, , , ,1,3,4,90, , , ,3,2,2,3,1,0.8028908116566337,-0.34542075117501264,3, , ,-0.06603311278917516,3
15,25,1,1,21,95, ,2, ,1,1,90, , , , ,4,2,2,1,1,0.8028908116566337,-0.37356029669115887,3, , ,-0.10939286192232528,3
15,25,2,1,21,95, ,2, ,1,2,90, , , , ,4,2,2,1,1,0.8028908116566337,-0.37356029669115887,3, , ,-0.10939286192232528,3
15,25,3,1,21,95, ,2, ,2, , , , , , ,4,2,2,1,1,0.8028908116566337,-0.37356029669115887,3, , ,-0.10939286192232528,3
15,25,4,1,21,95, ,2, ,2, , , , , , ,4,2,2,1,1,0.8028908116566337,-0.37356029669115887,3, , ,-0.10939286192232528,3
15,26,1,1,21,28, ,2, ,1,1,90, , , , ,2,2,2,2,1,0.8028908116566337,0.13549359190470278,4, , ,0.674999654016005,4
15,26,2,1,21,28, ,2, ,1,5,90, , , , ,2,2,2,2,1,0.8028908116566337,0.13549359190470278,4, , ,0.674999654016005,4
15,27,1,1,11,95, , , ,1,1,90, , , , ,2,2,2,2,1,0.8028908116566337,-0.48114776023625516,2, , ,-0.2751725624690378,3
15,27,2,1,11,95, , , ,1,2,3,90, , , ,2,2,2,2,1,0.8028908116566337,-0.48114776023625516,2, , ,-0.2751725624690378,3
15,28,1,1,12,24, , , ,1,1,4,90, , , ,2,2,2,2,1,0.8028908116566337,0.081457567589796,4, , ,0.5917364592674342,4
15,28,2,1,12,24, , , ,1,2,3,90, , , ,2,2,2,2,1,0.8028908116566337,0.081457567589796,4, , ,0.5917364592674342,4
15,29,1,1,11,24, , , ,1,1,90, , , , ,2,2,2,1,1,0.8028908116566337,-0.7462764919431603,1, , ,-0.6837049351118514,1
15,29,2,1,11,24, , , ,2, , , , , , ,2,2,2,1,1,0.8028908116566337,-0.7462764919431603,1, , ,-0.6837049351118514,1
15,30,1,1,12,24, , , ,1,1,90, , , , ,2,2,2,2,1,0.8028908116566337,-0.05277546767965058,4, , ,0.3848990485024007,4
15,30,2,1,12,24, , , ,2, , , , , , ,2,2,2,2,1,0.8028908116566337,-0.05277546767965058,4, , ,0.3848990485024007,4
16,1,1,2,28,12, ,2, ,1,1,2,90, , , ,4,2,2,3,1,0.8921009018407042,-0.4691386298552317,3, , ,-0.256667896843586,3
16,1,2,2,28,12, ,2, ,1,3,90, , , , ,4,2,2,3,1,0.8921009018407042,-0.4691386298552317,3, , ,-0.256667896843586,3
16,1,3,2,28,12, ,2, ,1,4,90, , , , ,4,2,2,3,1,0.8921009018407042,-0.4691386298552317,3, , ,-0.256667896843586,3
16,1,4,2,28,12, ,2, ,2, , , , , , ,4,2,2,3,1,0.8921009018407042,-0.4691386298552317,3, , ,-0.256667896843586,3
16,2,1,2,21,95, ,2, ,1,1,90, , , , ,3,2,2,2,1,0.8921009018407042,-0.37487286567003214,3, , ,-0.11141537723307347,3
16,2,2,2,21,95, ,2, ,1,2,90, , , , ,3,2,2,2,1,0.8921009018407042,-0.37487286567003214,3, , ,-0.11141537723307347,3
16,2,3,2,21,95, ,2, ,2, , , , , , ,3,2,2,2,1,0.8921009018407042,-0.37487286567003214,3, , ,-0.11141537723307347,3
16,3,1,1,12,95, , , ,1,1,2,5,90, , ,3,2,2,2,1,0.8921009018407042,-0.6311393989856937,2, , ,-0.506292138459134,2
16,3,2,1,12,12, , , ,1,3,4,90, , , ,3,2,2,2,1,0.8921009018407042,-0.6311393989856937,2, , ,-0.506292138459134,2
16,3,3,1,12,0, , , ,2, , , , , , ,3,2,2,2,1,0.8921009018407042,-0.6311393989856937,2, , ,-0.506292138459134,2
16,5,1,1,12,18, , , ,1,1,4,90, , , ,3,2,2,1,1,0.8921009018407042,-0.2562960340895279,3, , ,0.07129765441075066,4
16,5,2,2,12,18, , , ,2, , , , , , ,3,2,2,1,1,0.8921009018407042,-0.2562960340895279,3, , ,0.07129765441075066,4
16,5,3,1,12,18, , , ,2, , , , , , ,3,2,2,1,1,0.8921009018407042,-0.2562960340895279,3, , ,0.07129765441075066,4
16,7,1,1,12,95, , , ,1,2,90, , , , ,1,2,2,2,1,0.8921009018407042,-0.5091186050179836,2, , ,-0.3182723634975272,3
16,9,1,1,12,36, , , ,1,1,2,90, , , ,5,2,2,3,1,0.8921009018407042,1.1831393070840575,5, , ,2.2892991943028798,5
16,9,2,2,12,36, , , ,1,3,90, , , , ,5,2,2,3,1,0.8921009018407042,1.1831393070840575,5, , ,2.2892991943028798,5
16,9,3,2,12,36, , , ,1,4,90, , , , ,5,2,2,3,1,0.8921009018407042,1.1831393070840575,5, , ,2.2892991943028798,5
16,9,4,2,12,36, , , ,2, , , , , , ,5,2,2,3,1,0.8921009018407042,1.1831393070840575,5, , ,2.2892991943028798,5
16,9,5,2,12,36, , , ,1,6,90, , , , ,5,2,2,3,1,0.8921009018407042,1.1831393070840575,5, , ,2.2892991943028798,5
16,11,1,1,13,24, , , ,1,3,4,5,6,90,90,2,2,2,3,1,0.8921009018407042,-0.43011158572926567,3, , ,-0.19653178548601993,3
16,11,2,1,28,24, ,2, ,1,1,2,90, , , ,2,2,2,3,1,0.8921009018407042,-0.43011158572926567,3, , ,-0.19653178548601993,3
16,12,1,1,21,12, ,2, ,1,2,90, , , , ,3,2,2,3,1,0.8921009018407042,-0.4698871391326134,3, , ,-0.2578212621128466,3
16,12,2,1,21,12, ,2, ,1,3,5,90, , , ,3,2,2,3,1,0.8921009018407042,-0.4698871391326134,3, , ,-0.2578212621128466,3
16,12,3,1,21,12, ,2, ,1,4,90, , , , ,3,2,2,3,1,0.8921009018407042,-0.4698871391326134,3, , ,-0.2578212621128466,3
16,14,1,1,13,5, , , ,1,1,2,8,90, , ,2,2,2,2,1,0.8921009018407042,-0.9215200049861094,1, , ,-0.9537346965518233,1
16,14,2,1,12,24, , , ,1,5,6,7,90, , ,2,2,2,2,1,0.8921009018407042,-0.9215200049861094,1, , ,-0.9537346965518233,1
16,15,1,1,11,12, , , ,1,2,7,6,90, , ,1,2,2,3,1,0.8921009018407042,-0.7424610698736552,1, , ,-0.6778258158604087,1
16,17,1,1,21,12, ,2, ,1,1,90, , , , ,2,2,2,1,1,0.8921009018407042,-0.3710032641575445,3, , ,-0.105452773795486,3
16,17,2,1,21,12, ,2, ,1,2,90, , , , ,2,2,2,1,1,0.8921009018407042,-0.3710032641575445,3, , ,-0.105452773795486,3
16,18,1,1,12,95, , , ,1,1,90, , , , ,1,2,2,1,1,0.8921009018407042,-0.813019058878804,1, , ,-0.7865474261951375,1
16,19,1,1,12,23, , , ,2, , , , , , ,4,2,2,3,1,0.8921009018407042,0.36079642244456683,4, , ,1.0221649700155733,5
16,19,2,1,12,22, , , ,1,2,90, , , , ,4,2,2,3,1,0.8921009018407042,0.36079642244456683,4, , ,1.0221649700155733,5
16,19,3,1,12,11, , , ,2, , , , , , ,4,2,2,3,1,0.8921009018407042,0.36079642244456683,4, , ,1.0221649700155733,5
16,19,4,1,12,11, , , ,2, , , , , , ,4,2,2,3,1,0.8921009018407042,0.36079642244456683,4, , ,1.0221649700155733,5
16,21,1,1,12,95, , , ,1,1,3,90, , , ,2,2,2,2,1,0.8921009018407042,-0.5796402441390562,2, , ,-0.4269379629114806,2
16,21,2,1,12,95, , , ,1,2,90, , , , ,2,2,2,2,1,0.8921009018407042,-0.5796402441390562,2, , ,-0.4269379629114806,2
16,22,1,2,12,95, , , ,1,1,2,90, , , ,2,2,2,2,1,0.8921009018407042,-0.2666781874340058,3, , ,0.055299970147507926,4
16,22,2,2,12,95, , , ,1,6,5,90, , , ,2,2,2,2,1,0.8921009018407042,-0.2666781874340058,3, , ,0.055299970147507926,4
16,23,1,1,21,23, ,2, ,1,1,90, , , , ,3,2,2,3,1,0.8921009018407042,0.6096510069249672,5, , ,1.4056207848052293,5
16,23,2,1,21,23, ,2, ,1,2,4,90, , , ,3,2,2,3,1,0.8921009018407042,0.6096510069249672,5, , ,1.4056207848052293,5
16,23,3,2,21,23, ,2, ,1,3,90, , , , ,3,2,2,3,1,0.8921009018407042,0.6096510069249672,5, , ,1.4056207848052293,5
16,24,1,1,21,24, ,2, ,1,1,90, , , , ,3,2,2,2,1,0.8921009018407042,-0.5783014926302921,2, , ,-0.42487510338383355,2
16,24,2,2,21,24, ,2, ,2, , , , , , ,3,2,2,2,1,0.8921009018407042,-0.5783014926302921,2, , ,-0.42487510338383355,2
16,24,3,2,21,24, ,2, ,2, , , , , , ,3,2,2,2,1,0.8921009018407042,-0.5783014926302921,2, , ,-0.42487510338383355,2
16,25,1,1,21,24, ,2, ,1,1,90, , , , ,3,2,2,3,1,0.8921009018407042,0.3061401360972302,4, , ,0.9379460240055776,5
16,25,2,1,21,24, ,2, ,1,2,90, , , , ,3,2,2,3,1,0.8921009018407042,0.3061401360972302,4, , ,0.9379460240055776,5
16,25,3,1,21,24, ,2, ,1,3,4,90, , , ,3,2,2,3,1,0.8921009018407042,0.3061401360972302,4, , ,0.9379460240055776,5
16,27,1,1,21,12, ,2, ,2, , , , , , ,2,2,2,3,1,0.8921009018407042,-0.14585820982063857,3, , ,0.2414694275249371,4
16,27,2,1,18,18, , , ,1,1,90, , , , ,2,2,2,3,1,0.8921009018407042,-0.14585820982063857,3, , ,0.2414694275249371,4
17,1,1,1,13,24, , , ,1,1,2,3,90, , ,1,1,2,3,1,1.5405945059880293,0.7058733838223332,5,0.12270227131354036,4, , 
17,2,1,1,12,12, , , ,1,1,2,90, , , ,1,1,2,3,1,1.5405945059880293,0.5700932238445912,5,0.011104874442519253,4, , 
17,3,1,1,12,24, , , ,1,2,11,90, , , ,1,1,2,2,6,1.5405945059880293,-0.43720900704767085,3,-0.8167944802818824,2, , 
17,9,1,1,11,95, , , ,1,3,4,5,90, , ,2,1,2,2,1,1.5405945059880293,-0.7095339885971189,1,-1.0406177476049514,1, , 
17,9,2,1,11,95, , , ,1,1,2,90, , , ,2,1,2,2,1,1.5405945059880293,-0.7095339885971189,1,-1.0406177476049514,1, , 
17,12,1,2,12,24, , , ,1,5,6,7,8,9,10,1,1,2,3,1,1.5405945059880293,0.7628819061688892,5,0.16955744289664923,4, , 
17,13,1,1,12,18, , , ,1,1,2,90, , , ,1,1,2,2,1,1.5405945059880293,-0.5871887482518475,2,-0.9400624798520644,2, , 
17,14,1,1,11,8, , , ,1,1,2,5,90, , ,2,1,2,2,1,1.5405945059880293,-0.7922327437080893,1,-1.1085876615921733,1, , 
17,14,2,1,12,1, , , ,1,3,4,90, , , ,2,1,2,2,1,1.5405945059880293,-0.7922327437080893,1,-1.1085876615921733,1, , 
17,16,1,1,11,12, , , ,1,1,2,90, , , ,4,1,2,3,1,1.5405945059880293,-0.5964994680642849,2,-0.947714938754998,2, , 
17,16,2,1,11,12, , , ,1,3,90, , , , ,4,1,2,3,1,1.5405945059880293,-0.5964994680642849,2,-0.947714938754998,2, , 
17,16,3,1,11,12, , , ,1,4,7,90, , , ,4,1,2,3,1,1.5405945059880293,-0.5964994680642849,2,-0.947714938754998,2, , 
17,16,4,1,11,1, , , ,1,6,90, , , , ,4,1,2,3,1,1.5405945059880293,-0.5964994680642849,2,-0.947714938754998,2, , 
17,17,1,1,11,95, , , ,1,1,2,3,4,90,90,2,1,2,2,1,1.5405945059880293,-0.6091066886994893,2,-0.9580767839973227,2, , 
17,17,2,2,11,7, , , ,2, , , , , , ,2,1,2,2,1,1.5405945059880293,-0.6091066886994893,2,-0.9580767839973227,2, , 
17,20,1,1,11,12, , , ,1,1,2,90, , , ,4,1,2,3,1,1.5405945059880293,0.49915448326603157,4,-0.04719951102273321,4, , 
17,20,2,1,11,12, , , ,1,3,4,90, , , ,4,1,2,3,1,1.5405945059880293,0.49915448326603157,4,-0.04719951102273321,4, , 
17,20,3,1,11,2, , , ,1,5,6,90, , , ,4,1,2,3,1,1.5405945059880293,0.49915448326603157,4,-0.04719951102273321,4, , 
17,20,4,1,11,3, , , ,1,7,8,90, , , ,4,1,2,3,1,1.5405945059880293,0.49915448326603157,4,-0.04719951102273321,4, , 
17,22,1,1,12,95, , , ,2, , , , , , ,2,1,2,3,1,1.5405945059880293,1.1710522996717967,5,0.5050317375374259,4, , 
17,22,2,1,12,95, , , ,2, , , , , , ,2,1,2,3,1,1.5405945059880293,1.1710522996717967,5,0.5050317375374259,4, , 
17,25,1,1,13,24, , , ,1,1,2,3,90, , ,1,1,2,3,1,1.5405945059880293,1.4426702998407153,5,0.72827393851239,5, , 
17,26,1,1,11,3, , , ,1,1,90, , , , ,1,1,2,3,6,1.5405945059880293,1.8818413671585388,5,1.089227614673702,5, , 
17,29,1,1,12,98, , , ,1,2,4,5,90, , ,3,1,2,3,1,1.5405945059880293,1.3244226533848709,5,0.6310864736223777,5, , 
17,29,2,1,12,98, , , ,1,3,12,13,14,90,90,3,1,2,3,1,1.5405945059880293,1.3244226533848709,5,0.6310864736223777,5, , 
17,29,3,1,11,98, , , ,2, , , , , , ,3,1,2,3,1,1.5405945059880293,1.3244226533848709,5,0.6310864736223777,5, , 
18,2,1,1,13,95, , , ,1,1,90, , , , ,2,1,2,3,1,1.0822358099915907,2.3581032643860045,5,1.480666157448667,5, , 
18,2,2,1,13,95, , , ,1,2,90, , , , ,2,1,2,3,1,1.0822358099915907,2.3581032643860045,5,1.480666157448667,5, , 
18,6,1,2,18,95, , , ,2, , , , , , ,2,1,2,3,6,1.0822358099915907,1.5469301730620062,5,0.8139648851978707,5, , 
18,6,2,2,18,95, , , ,2, , , , , , ,2,1,2,3,6,1.0822358099915907,1.5469301730620062,5,0.8139648851978707,5, , 
18,7,1,1,21,18, ,2, ,1,3,4,5,6,90,90,1,1,2,3,6,1.0822358099915907,0.6651614556959634,5,0.08924123251930303,4, , 
18,8,1,1,21,12, ,1,5,1,1,4,90, , , ,6,1,2,3,6,1.0822358099915907,1.840298887123823,5,1.0550839472026916,5, , 
18,8,2,1,21,12, ,1,5,2, , , , , , ,6,1,2,3,6,1.0822358099915907,1.840298887123823,5,1.0550839472026916,5, , 
18,8,3,1,21,12, ,1,5,1,2,90, , , , ,6,1,2,3,6,1.0822358099915907,1.840298887123823,5,1.0550839472026916,5, , 
18,8,4,1,21,12, ,1,5,1,3,90, , , , ,6,1,2,3,6,1.0822358099915907,1.840298887123823,5,1.0550839472026916,5, , 
18,8,5,1,21,12, ,1,5,2, , , , , , ,6,1,2,3,6,1.0822358099915907,1.840298887123823,5,1.0550839472026916,5, , 
18,8,6,1,21,12, ,1,5,2, , , , , , ,6,1,2,3,6,1.0822358099915907,1.840298887123823,5,1.0550839472026916,5, , 
18,9,1,1,12,8, , , ,2, , , , , , ,1,1,2,3,6,1.0822358099915907,1.318570235311853,5,0.6262763848549407,5, , 
18,12,1,1,11,7, , , ,1,1,4,90, , , ,2,1,2,1,1,1.0822358099915907,-0.6478678407585464,2,-0.9899344844906913,1, , 
18,12,2,1,13,7, , , ,2, , , , , , ,2,1,2,1,1,1.0822358099915907,-0.6478678407585464,2,-0.9899344844906913,1, , 
18,16,1,1,13,3, , , ,1,1,2,90, , , ,1,1,2,2,1,1.0822358099915907,-0.33143954809609366,3,-0.7298628086047592,3, , 
18,17,1,1,12,24, , , ,1,1,90, , , , ,1,1,2,2,1,1.0822358099915907,-0.13536034003517727,4,-0.5687057647206113,3, , 
18,20,1,1,12,6, , , ,1,1,2,3,90, , ,1,1,2,2,6,1.0822358099915907,-0.6553812247913128,2,-0.9961097173073743,1, , 
18,21,1,1,13,12, , , ,1,1,90, , , , ,2,1,2,3,6,1.0822358099915907,0.8264437061239339,5,0.2217987380651213,4, , 
18,21,2,1,13,5, , , ,1,3,90, , , , ,2,1,2,3,6,1.0822358099915907,0.8264437061239339,5,0.2217987380651213,4, , 
18,23,1,1,12,12, , , ,1,1,2,3,90, , ,1,1,2,2,1,1.0822358099915907,-0.27523482863045534,3,-0.6836682807351541,3, , 
18,28,1,1,12,95, , , ,1,5,90, , , , ,6,1,2,2,1,1.0822358099915907,0.7840683050323267,5,0.1869704947196723,4, , 
18,28,2,1,12,95, , , ,1,4,8,90, , , ,6,1,2,2,1,1.0822358099915907,0.7840683050323267,5,0.1869704947196723,4, , 
18,28,3,1,12,95, , , ,1,3,90, , , , ,6,1,2,2,1,1.0822358099915907,0.7840683050323267,5,0.1869704947196723,4, , 
18,28,4,1,21,95, ,1,6,1,1,2,90, , , ,6,1,2,2,1,1.0822358099915907,0.7840683050323267,5,0.1869704947196723,4, , 
18,28,5,1,12,95, , , ,2, , , , , , ,6,1,2,2,1,1.0822358099915907,0.7840683050323267,5,0.1869704947196723,4, , 
18,28,6,1,12,95, , , ,2, , , , , , ,6,1,2,2,1,1.0822358099915907,0.7840683050323267,5,0.1869704947196723,4, , 
19,1,1,1,12,5, , , ,1,1,90, , , , ,1,1,2,3,1,1.502397947988326,0.44595486596963696,4,-0.09092415242678964,4, , 
19,2,1,1,12,8, , , ,1,1,2,90, , , ,3,1,2,3,1,1.502397947988326,1.7808567563728168,5,1.006228598546698,5, , 
19,2,2,1,11,95, , , ,1,3,90, , , , ,3,1,2,3,1,1.502397947988326,1.7808567563728168,5,1.006228598546698,5, , 
19,2,3,1,13,95, , , ,1,4,5,90, , , ,3,1,2,3,1,1.502397947988326,1.7808567563728168,5,1.006228598546698,5, , 
19,5,1,1,11,13, , , ,1,1,90, , , , ,3,1,2,3,1,1.502397947988326,2.5221457781471166,5,1.6154923169915614,5, , 
19,5,2,1,12,13, , , ,1,2,90, , , , ,3,1,2,3,1,1.502397947988326,2.5221457781471166,5,1.6154923169915614,5, , 
19,5,3,1,12,20, , , ,1,3,90, , , , ,3,1,2,3,1,1.502397947988326,2.5221457781471166,5,1.6154923169915614,5, , 
19,6,1,1,11,13, , , ,1,1,2,3,90, , ,1,1,2,2,1,1.502397947988326,0.9998165427291286,5,0.36429346819694786,4, , 
19,7,1,1,13,24, , , ,1,1,90, , , , ,2,1,2,3,1,1.502397947988326,2.7453061942101598,5,1.7989073425841962,5, , 
19,7,2,9,99,99,9,9, ,1,3,90, , , , ,2,1,2,3,1,1.502397947988326,2.7453061942101598,5,1.7989073425841962,5, , 
19,8,1,1,12,12, , , ,1,1,90, , , , ,1,1,2,3,1,1.502397947988326,-0.1964336027979835,3,-0.6189017369735995,3, , 
19,13,1,2,12,21, , , ,1,1,90, , , , ,2,1,2,3,6,1.502397947988326,3.135249292015205,5,2.1194006653936444,5, , 
19,13,2,2,12,21, , , ,1,2,90, , , , ,2,1,2,3,6,1.502397947988326,3.135249292015205,5,2.1194006653936444,5, , 
19,17,1,2,12,18, , , ,2, , , , , , ,1,1,2,2,6,1.502397947988326,0.7656188113275428,5,0.17180689886458064,4, , 
19,20,1,1,11,95, , , ,1,1,3,90, , , ,3,1,2,3,1,1.502397947988326,1.6862052458279018,5,0.9284347427399731,5, , 
19,20,2,1,11,95, , , ,1,2,90, , , , ,3,1,2,3,1,1.502397947988326,1.6862052458279018,5,0.9284347427399731,5, , 
19,20,3,1,11,95, , , ,2, , , , , , ,3,1,2,3,1,1.502397947988326,1.6862052458279018,5,0.9284347427399731,5, , 
19,21,1,1,11,12, , , ,1,1,2,3,90, , ,3,1,2,3,1,1.502397947988326,2.002433301968972,5,1.1883418446958962,5, , 
19,21,2,2,11,98, , , ,2, , , , , , ,3,1,2,3,1,1.502397947988326,2.002433301968972,5,1.1883418446958962,5, , 
19,21,3,2,11,95, , , ,2, , , , , , ,3,1,2,3,1,1.502397947988326,2.002433301968972,5,1.1883418446958962,5, , 
19,23,1,1,13,98, , , ,2, , , , , , ,1,1,2,2,1,1.502397947988326,0.34776009575998146,4,-0.17163020508972648,4, , 
19,25,1,1,13,18, , , ,1,1,90, , , , ,2,1,2,2,1,1.502397947988326,0.400890333022513,4,-0.1279625869737205,4, , 
19,25,2,1,13,18, , , ,2, , , , , , ,2,1,2,2,1,1.502397947988326,0.400890333022513,4,-0.1279625869737205,4, , 
19,28,1,1,11,24, , , ,1,1,90, , , , ,2,1,2,3,1,1.502397947988326,2.1494377067045076,5,1.3091644221604464,5, , 
19,28,2,1,11,24, , , ,2, , , , , , ,2,1,2,3,1,1.502397947988326,2.1494377067045076,5,1.3091644221604464,5, , 
20,1,1,1,12,3, , , ,1,2,1,3,90, , ,1,1,2,3,6,1.3241473439897111,1.5497060517532395,5,0.8162463734213502,5, , 
20,2,1,1,13,14, , , ,1,1,90, , , , ,1,1,2,3,1,1.3241473439897111,2.265991683525993,5,1.4049598639273089,5, , 
20,4,1,1,12,95, , , ,1,1,90, , , , ,1,1,2,3,1,1.3241473439897111,1.9408877899454344,5,1.1377577318767125,5, , 
20,5,1,1,12,95, , , ,1,1,90, , , , ,6,1,2,3,6,1.3241473439897111,0.837860170259307,5,0.2311819033168625,4, , 
20,5,2,1,12,95, , , ,2, , , , , , ,6,1,2,3,6,1.3241473439897111,0.837860170259307,5,0.2311819033168625,4, , 
20,5,3,1,12,95, , , ,2, , , , , , ,6,1,2,3,6,1.3241473439897111,0.837860170259307,5,0.2311819033168625,4, , 
20,5,4,1,12,99, , , ,2, , , , , , ,6,1,2,3,6,1.3241473439897111,0.837860170259307,5,0.2311819033168625,4, , 
20,5,5,1,12,99, , , ,2, , , , , , ,6,1,2,3,6,1.3241473439897111,0.837860170259307,5,0.2311819033168625,4, , 
20,5,6,1,12,99, , , ,2, , , , , , ,6,1,2,3,6,1.3241473439897111,0.837860170259307,5,0.2311819033168625,4, , 
20,8,1,1,13,7, , , ,1,1,2,3,90, , ,1,1,2,3,1,1.3241473439897111,0.40899737811038817,4,-0.12129942552015335,4, , 
20,9,1,1,13,95, , , ,2, , , , , , ,1,1,2,3,1,1.3241473439897111,0.7427007209592615,5,0.15297057383171672,4, , 
20,10,1,1,12,12, , , ,1,1,2,90, , , ,1,1,2,3,1,1.3241473439897111,3.299326678906171,5,2.254255487080648,5, , 
20,14,1,2,18,12, , , ,1,1,2,6,90, , ,3,1,2,2,1,1.3241473439897111,1.048810529290804,5,0.4045615115069061,4, , 
20,14,2,2,18,12, , , ,1,5,90, , , , ,3,1,2,2,1,1.3241473439897111,1.048810529290804,5,0.4045615115069061,4, , 
20,14,3,2,18,12, , , ,2, , , , , , ,3,1,2,2,1,1.3241473439897111,1.048810529290804,5,0.4045615115069061,4, , 
20,16,1,1,12,95, , , ,1,1,6,7,90, , ,3,1,2,2,1,1.3241473439897111,1.1021566829589167,5,0.4484065908131814,4, , 
20,16,2,1,12,95, , , ,1,4,5,90, , , ,3,1,2,2,1,1.3241473439897111,1.1021566829589167,5,0.4484065908131814,4, , 
20,16,3,1,12,95, , , ,2, , , , , , ,3,1,2,2,1,1.3241473439897111,1.1021566829589167,5,0.4484065908131814,4, , 
20,19,1,1,12,12, , , ,1,1,2,90, , , ,2,1,2,2,1,1.3241473439897111,1.5325554153951257,5,0.8021503053907871,5, , 
20,19,2,1,12,12, , , ,9, , , , , , ,2,1,2,2,1,1.3241473439897111,1.5325554153951257,5,0.8021503053907871,5, , 
20,20,1,1,12,12, , , ,1,1,6,90, , , ,3,1,2,3,1,1.3241473439897111,2.4701436389616407,5,1.5727518800545675,5, , 
20,20,2,1,12,24, , , ,1,2,4,90, , , ,3,1,2,3,1,1.3241473439897111,2.4701436389616407,5,1.5727518800545675,5, , 
20,20,3,1,12,24, , , ,1,3,90, , , , ,3,1,2,3,1,1.3241473439897111,2.4701436389616407,5,1.5727518800545675,5, , 
20,22,1,1,13,3, , , ,1,1,90, , , , ,1,1,2,3,1,1.3241473439897111,2.342696178896552,5,1.4680031098114126,5, , 
20,23,1,1,12,24, , , ,1,1,2,90, , , ,3,1,2,3,6,1.3241473439897111,0.7637757416565187,5,0.17029208419966993,4, , 
20,23,2,1,12,24, , , ,1,3,90, , , , ,3,1,2,3,6,1.3241473439897111,0.7637757416565187,5,0.17029208419966993,4, , 
20,23,3,1,12,95, , , ,9, , , , , , ,3,1,2,3,6,1.3241473439897111,0.7637757416565187,5,0.17029208419966993,4, , 
20,24,1,1,12,24, , , ,1,1,5,90, , , ,3,1,2,2,1,1.3241473439897111,1.094081270853163,5,0.44176942843385775,4, , 
20,24,2,1,12,24, , , ,1,2,90, , , , ,3,1,2,2,1,1.3241473439897111,1.094081270853163,5,0.44176942843385775,4, , 
20,24,3,1,12,20, , , ,1,3,4,90, , , ,3,1,2,2,1,1.3241473439897111,1.094081270853163,5,0.44176942843385775,4, , 
20,25,1,1,11,1, , , ,1,1,2,90, , , ,4,1,2,3,1,1.3241473439897111,2.7857001581490426,5,1.8321070473541725,5, , 
20,25,2,1,11,2, , , ,1,3,90, , , , ,4,1,2,3,1,1.3241473439897111,2.7857001581490426,5,1.8321070473541725,5, , 
20,25,3,1,11,2, , , ,1,6,90, , , , ,4,1,2,3,1,1.3241473439897111,2.7857001581490426,5,1.8321070473541725,5, , 
20,25,4,1,11,2, , , ,2, , , , , , ,4,1,2,3,1,1.3241473439897111,2.7857001581490426,5,1.8321070473541725,5, , 
20,30,1,1,11,24, , , ,1,1,90, , , , ,2,1,2,3,6,1.3241473439897111,1.8672413044444536,5,1.0772278571736915,5, , 
20,30,2,1,11,24, , , ,2, , , , , , ,2,1,2,3,6,1.3241473439897111,1.8672413044444536,5,1.0772278571736915,5, , 
21,1,1,1,13,24, , , ,1,1,2,8,90, , ,4,1,2,2,1,1.515130133988227,2.4011234844277767,5,1.5160243759856558,5, , 
21,1,2,1,13,24, , , ,1,3,7,90, , , ,4,1,2,2,1,1.515130133988227,2.4011234844277767,5,1.5160243759856558,5, , 
21,1,3,1,13,24, , , ,1,5,6,90, , , ,4,1,2,2,1,1.515130133988227,2.4011234844277767,5,1.5160243759856558,5, , 
21,1,4,1,13,24, , , ,2, , , , , , ,4,1,2,2,1,1.515130133988227,2.4011234844277767,5,1.5160243759856558,5, , 
21,3,1,1,12,23, , , ,2, , , , , , ,1,1,2,3,1,1.515130133988227,-0.12985932343845963,4,-0.5641844920071412,3, , 
21,7,1,2,21,5, ,9, ,1,1,90, , , , ,1,1,2,2,1,1.515130133988227,-0.25105059289351417,3,-0.6637913137762098,3, , 
21,8,1,1,13,95, , , ,2, , , , , , ,1,1,2,3,1,1.515130133988227,0.6864436549749486,5,0.10673302248047557,4, , 
21,9,1,1,16,12, , , ,1,1,2,90, , , ,4,1,2,2,1,1.515130133988227,-0.9073315237070133,1,-1.2031870804838276,1, , 
21,9,2,1,11,95, , , ,1,3,90, , , , ,4,1,2,2,1,1.515130133988227,-0.9073315237070133,1,-1.2031870804838276,1, , 
21,9,3,1,11,95, , , ,1,4,5,90, , , ,4,1,2,2,1,1.515130133988227,-0.9073315237070133,1,-1.2031870804838276,1, , 
21,9,4,2,98,98,8,8, ,2, , , , , , ,4,1,2,2,1,1.515130133988227,-0.9073315237070133,1,-1.2031870804838276,1, , 
21,13,1,1,13,95, , , ,2, , , , , , ,3,1,2,3,1,1.515130133988227,1.1273856991265094,5,0.4691422603718401,4, , 
21,13,2,2,13,95, , , ,1,2,90, , , , ,3,1,2,3,1,1.515130133988227,1.1273856991265094,5,0.4691422603718401,4, , 
21,13,3,2,12,95, , , ,1,3,90, , , , ,3,1,2,3,1,1.515130133988227,1.1273856991265094,5,0.4691422603718401,4, , 
21,16,1,1,11,95, , , ,1,6,90, , , , ,5,1,2,3,1,1.515130133988227,1.985975716270631,5,1.1748153933865322,5, , 
21,16,2,1,11,95, , , ,1,5,90, , , , ,5,1,2,3,1,1.515130133988227,1.985975716270631,5,1.1748153933865322,5, , 
21,16,3,1,11,95, , , ,1,1,2,90, , , ,5,1,2,3,1,1.515130133988227,1.985975716270631,5,1.1748153933865322,5, , 
21,16,4,1,11,95, , , ,2, , , , , , ,5,1,2,3,1,1.515130133988227,1.985975716270631,5,1.1748153933865322,5, , 
21,16,5,2,11,95, , , ,2, , , , , , ,5,1,2,3,1,1.515130133988227,1.985975716270631,5,1.1748153933865322,5, , 
21,18,1,1,12,95, , , ,2, , , , , , ,1,1,2,2,1,1.515130133988227,-0.3727253641373187,3,-0.7637955245380136,2, , 
21,19,1,1,12,22, , , ,1,1,2,7,90, , ,2,1,2,2,1,1.515130133988227,-0.34289570774060174,3,-0.7392785995028958,3, , 
21,19,2,1,12,20, , , ,1,3,4,5,6,90,90,2,1,2,2,1,1.515130133988227,-0.34289570774060174,3,-0.7392785995028958,3, , 
21,20,1,1,12,9, , , ,1,3,90, , , , ,1,1,2,3,1,1.515130133988227,-0.2360918293311003,3,-0.651496740885383,3, , 
21,21,1,1,12,11, , , ,1,1,90, , , , ,2,1,2,3,1,1.515130133988227,-0.30617495209885026,3,-0.7090978960670765,3, , 
21,21,2,1,12,11, , , ,2, , , , , , ,2,1,2,3,1,1.515130133988227,-0.30617495209885026,3,-0.7090978960670765,3, , 
21,22,1,1,11,95, , , ,1,1,90, , , , ,5,1,2,2,1,1.515130133988227,0.15332862725445917,4,-0.33143297567552554,4, , 
21,22,2,1,11,95, , , ,1,2,90, , , , ,5,1,2,2,1,1.515130133988227,0.15332862725445917,4,-0.33143297567552554,4, , 
21,22,3,1,12,26, , , ,1,3,90, , , , ,5,1,2,2,1,1.515130133988227,0.15332862725445917,4,-0.33143297567552554,4, , 
21,22,4,1,12,95, , , ,1,4,90, , , , ,5,1,2,2,1,1.515130133988227,0.15332862725445917,4,-0.33143297567552554,4, , 
21,22,5,1,12,95, , , ,2, , , , , , ,5,1,2,2,1,1.515130133988227,0.15332862725445917,4,-0.33143297567552554,4, , 
21,23,1,1,12,20, , , ,1,1,90, , , , ,4,1,2,2,1,1.515130133988227,-0.6649454168578729,2,-1.0039705044649203,1, , 
21,23,2,1,12,25, , , ,1,2,6,7,90, , ,4,1,2,2,1,1.515130133988227,-0.6649454168578729,2,-1.0039705044649203,1, , 
21,23,3,9,12,95, , , ,2, , , , , , ,4,1,2,2,1,1.515130133988227,-0.6649454168578729,2,-1.0039705044649203,1, , 
21,23,4,1,12,7, , , ,2, , , , , , ,4,1,2,2,1,1.515130133988227,-0.6649454168578729,2,-1.0039705044649203,1, , 
21,25,1,1,12,95, , , ,1,1,90, , , , ,3,1,2,1,1,1.515130133988227,-0.6231631629652882,2,-0.9696297674192363,2, , 
21,25,2,1,12,95, , , ,1,2,90, , , , ,3,1,2,1,1,1.515130133988227,-0.6231631629652882,2,-0.9696297674192363,2, , 
21,25,3,1,12,95, , , ,1,3,90, , , , ,3,1,2,1,1,1.515130133988227,-0.6231631629652882,2,-0.9696297674192363,2, , 
21,27,1,1,13,13, , , ,1,1,90, , , , ,4,1,2,3,1,1.515130133988227,1.4732985952674604,5,0.7534472631040069,5, , 
21,27,2,1,13,13, , , ,1,2,90, , , , ,4,1,2,3,1,1.515130133988227,1.4732985952674604,5,0.7534472631040069,5, , 
21,27,3,1,13,13, , , ,2, , , , , , ,4,1,2,3,1,1.515130133988227,1.4732985952674604,5,0.7534472631040069,5, , 
21,27,4,1,13,13, , , ,2, , , , , , ,4,1,2,3,1,1.515130133988227,1.4732985952674604,5,0.7534472631040069,5, , 
21,28,1,1,12,24, , , ,1,1,90, , , , ,1,1,2,3,1,1.515130133988227,-0.042479885205093604,4,-0.4923675354761258,3, , 
21,29,1,1,16,3, , , ,1,1,2,3,4,5,6,2,1,2,2,1,1.515130133988227,-0.07772678585481074,4,-0.5213368809307543,3, , 
21,29,2,1,16,3, , , ,2, , , , , , ,2,1,2,2,1,1.515130133988227,-0.07772678585481074,4,-0.5213368809307543,3, , 
21,30,1,1,11,15, , , ,1,1,2,3,90, , ,2,1,2,3,1,1.515130133988227,-0.25321751267904535,3,-0.6655723000950743,3, , 
21,30,2,1,11,8, , , ,2, , , , , , ,2,1,2,3,1,1.515130133988227,-0.25321751267904535,3,-0.6655723000950743,3, , 
22,1,1,1,11,12, , , ,1,1,90, , , , ,2,1,2,2,1,1.005842693992184,-0.048254981703713895,4,-0.49711407382186507,3, , 
22,1,2,1,21,12, ,2, ,1,2,3,90, , , ,2,1,2,2,1,1.005842693992184,-0.048254981703713895,4,-0.49711407382186507,3, , 
22,2,1,1,12,12, , , ,1,1,90, , , , ,1,1,2,2,1,1.005842693992184,0.3560318503598664,4,-0.16483166927231127,4, , 
22,3,1,2,21,12, ,2, ,1,1,4,90, , , ,2,1,2,2,6,1.005842693992184,0.49270092870054266,4,-0.052503672471590795,4, , 
22,3,2,1,21,12, ,2, ,1,2,5,3,6,90,90,2,1,2,2,6,1.005842693992184,0.49270092870054266,4,-0.052503672471590795,4, , 
22,4,1,1,12,24, , , ,1,1,2,6,90, , ,2,1,2,2,1,1.005842693992184,1.255916525108641,5,0.5747814465359997,5, , 
22,4,2,1,12,18, , , ,1,3,4,5,90, , ,2,1,2,2,1,1.005842693992184,1.255916525108641,5,0.5747814465359997,5, , 
22,5,1,1,99,95,9,9, ,1,1,90, , , , ,3,1,2,2,1,1.005842693992184,0.9590313672232574,5,0.33077222755229807,4, , 
22,5,2,1,99,95,9,9, ,2, , , , , , ,3,1,2,2,1,1.005842693992184,0.9590313672232574,5,0.33077222755229807,4, , 
22,5,3,1,99,12,9,9, ,2, , , , , , ,3,1,2,2,1,1.005842693992184,0.9590313672232574,5,0.33077222755229807,4, , 
22,6,1,1,12,12, , , ,1,1,2,3,4,90,90,1,1,2,3,1,1.005842693992184,1.1571314933792278,5,0.49359025930635664,4, , 
22,9,1,1,12,4, , , ,1,1,2,4,90, , ,3,1,2,3,1,1.005842693992184,0.5413927709962322,4,-0.012483960829300898,4, , 
22,9,2,1,12,15, , , ,2, , , , , , ,3,1,2,3,1,1.005842693992184,0.5413927709962322,4,-0.012483960829300898,4, , 
22,9,3,1,12,1, , , ,2, , , , , , ,3,1,2,3,1,1.005842693992184,0.5413927709962322,4,-0.012483960829300898,4, , 
22,12,1,1,12,95, , , ,1,1,2,90, , , ,1,1,2,2,6,1.005842693992184,0.48352902553553784,4,-0.060042038295695044,4, , 
22,14,1,1,13,25, , , ,1,1,90, , , , ,2,1,2,2,1,1.005842693992184,0.5196693766159951,4,-0.030338368015405466,4, , 
22,14,2,1,13,25, , , ,1,2,3,90, , , ,2,1,2,2,1,1.005842693992184,0.5196693766159951,4,-0.030338368015405466,4, , 
22,16,1,1,21,36, ,9, ,1,1,90, , , , ,1,1,2,1,1,1.005842693992184,0.5329648476786654,4,-0.0194108513516218,4, , 
22,17,1,1,11,95, , , ,1,1,2,90, , , ,2,1,2,3,1,1.005842693992184,0.23672677497905875,4,-0.26288823253001853,4, , 
22,17,2,2,11,95, , , ,1,3,4,5,6,90,90,2,1,2,3,1,1.005842693992184,0.23672677497905875,4,-0.26288823253001853,4, , 
22,18,1,1,13,24, , , ,1,1,2,90, , , ,1,1,2,2,6,1.005842693992184,0.44094817150947047,4,-0.09503914292889788,4, , 
22,19,1,1,21,95, ,2, ,1,1,2,3,4,90,90,1,1,2,2,1,1.005842693992184,0.12322830805001012,4,-0.3561723578411819,4, , 
22,22,1,1,12,24, , , ,1,1,2,90, , , ,2,1,2,3,1,1.005842693992184,1.7184008299226634,5,0.9548962182331998,5, , 
22,22,2,1,12,24, , , ,2, , , , , , ,2,1,2,3,1,1.005842693992184,1.7184008299226634,5,0.9548962182331998,5, , 
22,27,1,1,13,12, , , ,1,1,90, , , , ,2,1,2,3,6,1.005842693992184,1.3432892448534863,5,0.6465928811569662,5, , 
22,27,2,1,13,12, , , ,2, , , , , , ,2,1,2,3,6,1.005842693992184,1.3432892448534863,5,0.6465928811569662,5, , 
23,1,1,1,21,12, ,2, ,2, , , , , , ,3,1,2,3,1,1.7315772959865452,0.008067533493336554,4,-0.4508227299152906,3, , 
23,1,2,1,21,12, ,2, ,1,1,2,90, , , ,3,1,2,3,1,1.7315772959865452,0.008067533493336554,4,-0.4508227299152906,3, , 
23,1,3,1,21,12, ,2, ,1,5,4,90, , , ,3,1,2,3,1,1.7315772959865452,0.008067533493336554,4,-0.4508227299152906,3, , 
23,2,1,1,21,12, ,2, ,1,11,12,13,90, , ,5,1,2,2,1,1.7315772959865452,-0.4997277041960676,2,-0.8681784516858969,2, , 
23,2,2,1,21,12, ,2, ,1,1,2,14,90, , ,5,1,2,2,1,1.7315772959865452,-0.4997277041960676,2,-0.8681784516858969,2, , 
23,2,3,1,21,12, ,2, ,1,5,7,9,90, , ,5,1,2,2,1,1.7315772959865452,-0.4997277041960676,2,-0.8681784516858969,2, , 
23,2,4,1,21,12, ,2, ,1,3,90, , , , ,5,1,2,2,1,1.7315772959865452,-0.4997277041960676,2,-0.8681784516858969,2, , 
23,2,5,1,21,12, ,2, ,1,8,10,90, , , ,5,1,2,2,1,1.7315772959865452,-0.4997277041960676,2,-0.8681784516858969,2, , 
23,3,1,1,21,98, ,8, ,1,1,90, , , , ,2,1,2,3,1,1.7315772959865452,-0.4687556646499883,3,-0.8427226046041482,2, , 
23,3,2,1,21,98, ,8, ,1,3,4,5,90, , ,2,1,2,3,1,1.7315772959865452,-0.4687556646499883,3,-0.8427226046041482,2, , 
23,4,1,1,12,14, , , ,1,1,2,90, , , ,4,1,2,3,1,1.7315772959865452,0.34246608340680396,4,-0.1759813414981273,4, , 
23,4,2,1,12,14, , , ,1,4,5,6,90, , ,4,1,2,3,1,1.7315772959865452,0.34246608340680396,4,-0.1759813414981273,4, , 
23,4,3,1,12,14, , , ,1,3,90, , , , ,4,1,2,3,1,1.7315772959865452,0.34246608340680396,4,-0.1759813414981273,4, , 
23,4,4,1,21,95, ,2, ,2, , , , , , ,4,1,2,3,1,1.7315772959865452,0.34246608340680396,4,-0.1759813414981273,4, , 
23,5,1,2,18,20, , , ,1,1,2,90, , , ,3,1,2,2,1,1.7315772959865452,-0.2830229225938308,3,-0.690069297003231,3, , 
23,5,2,2,21,20, ,2, ,1,5,9,11,7,12,11,3,1,2,2,1,1.7315772959865452,-0.2830229225938308,3,-0.690069297003231,3, , 
23,5,3,2,21,20, ,2, ,1,8,4,90, , , ,3,1,2,2,1,1.7315772959865452,-0.2830229225938308,3,-0.690069297003231,3, , 
23,8,1,1,12,95, , , ,1,1,2,7,90, , ,3,1,2,2,1,1.7315772959865452,-0.7137544468070961,1,-1.0440865323663893,1, , 
23,8,2,1,12,20, , , ,1,3,4,5,6,90,90,3,1,2,2,1,1.7315772959865452,-0.7137544468070961,1,-1.0440865323663893,1, , 
23,8,3,1,13,10, , , ,2, , , , , , ,3,1,2,2,1,1.7315772959865452,-0.7137544468070961,1,-1.0440865323663893,1, , 
23,12,1,1,12,95, , , ,1,6,7,9,90, , ,3,1,2,2,1,1.7315772959865452,-0.7931818779931564,1,-1.1093677528478612,1, , 
23,12,2,1,12,95, , , ,1,1,8,2,90, , ,3,1,2,2,1,1.7315772959865452,-0.7931818779931564,1,-1.1093677528478612,1, , 
23,12,3,1,12,10, , , ,1,5,4,90, , , ,3,1,2,2,1,1.7315772959865452,-0.7931818779931564,1,-1.1093677528478612,1, , 
23,13,1,1,21,95, ,1,12,1,1,2,4,90, , ,2,1,2,3,1,1.7315772959865452,0.3033916746694412,4,-0.20809650692493767,4, , 
23,13,2,1,21,95, ,1,12,1,3,90, , , , ,2,1,2,3,1,1.7315772959865452,0.3033916746694412,4,-0.20809650692493767,4, , 
23,14,1,1,21,95, ,2, ,1,1,90, , , , ,2,1,2,1,1,1.7315772959865452,-0.42849678511508005,3,-0.809633925390806,2, , 
23,14,2,1,21,95, ,2, ,1,2,4,5,6,90,90,2,1,2,1,1,1.7315772959865452,-0.42849678511508005,3,-0.809633925390806,2, , 
23,15,1,2,21,95, ,2, ,1,1,90, , , , ,1,1,2,2,1,1.7315772959865452,-0.05610634624971178,4,-0.5035670920342639,3, , 
23,17,1,1,21,95, ,2, ,1,2,90, , , , ,2,1,2,3,1,1.7315772959865452,-0.02379152425493447,4,-0.4770076151890552,3, , 
23,17,2,1,21,95, ,2, ,1,3,4,5,90, , ,2,1,2,3,1,1.7315772959865452,-0.02379152425493447,4,-0.4770076151890552,3, , 
23,18,1,1,28,95, ,2, ,1,1,2,90, , , ,2,1,2,2,1,1.7315772959865452,-0.435259525739188,3,-0.8151922061402769,2, , 
23,18,2,1,28,95, ,2, ,1,3,90, , , , ,2,1,2,2,1,1.7315772959865452,-0.435259525739188,3,-0.8151922061402769,2, , 
23,19,1,1,12,9, , , ,1,1,2,90, , , ,3,1,2,3,1,1.7315772959865452,-0.03200431275623428,4,-0.48375768690754156,3, , 
23,19,2,1,12,9, , , ,1,3,90, , , , ,3,1,2,3,1,1.7315772959865452,-0.03200431275623428,4,-0.48375768690754156,3, , 
23,19,3,1,12,9, , , ,1,4,90, , , , ,3,1,2,3,1,1.7315772959865452,-0.03200431275623428,4,-0.48375768690754156,3, , 
23,20,1,1,12,9, , , ,2, , , , , , ,4,1,2,3,1,1.7315772959865452,-0.08639697462524576,4,-0.5284628888638685,3, , 
23,20,2,1,12,9, , , ,1,5,2,90, , , ,4,1,2,3,1,1.7315772959865452,-0.08639697462524576,4,-0.5284628888638685,3, , 
23,20,3,1,21,15, ,1,99,1,4,3,90, , , ,4,1,2,3,1,1.7315772959865452,-0.08639697462524576,4,-0.5284628888638685,3, , 
23,20,4,1,21,15, ,1,1,1,1,90, , , , ,4,1,2,3,1,1.7315772959865452,-0.08639697462524576,4,-0.5284628888638685,3, , 
23,22,1,1,12,14, , , ,1,2,90, , , , ,3,1,2,3,1,1.7315772959865452,-0.6166835310461435,2,-0.9643041730542168,2, , 
23,22,2,1,12,14, , , ,1,3,4,90, , , ,3,1,2,3,1,1.7315772959865452,-0.6166835310461435,2,-0.9643041730542168,2, , 
23,22,3,1,12,14, , , ,1,5,90, , , , ,3,1,2,3,1,1.7315772959865452,-0.6166835310461435,2,-0.9643041730542168,2, , 
23,25,1,1,12,14, , , ,1,1,2,90, , , ,5,1,2,2,1,1.7315772959865452,-0.18227669401377478,3,-0.6072662066551997,3, , 
23,25,2,1,12,6, , , ,1,3,90, , , , ,5,1,2,2,1,1.7315772959865452,-0.18227669401377478,3,-0.6072662066551997,3, , 
23,25,3,1,12,6, , , ,1,5,6,90, , , ,5,1,2,2,1,1.7315772959865452,-0.18227669401377478,3,-0.6072662066551997,3, , 
23,25,4,1,12,24, , , ,1,4,7,90, , , ,5,1,2,2,1,1.7315772959865452,-0.18227669401377478,3,-0.6072662066551997,3, , 
23,25,5,1,12,95, , , ,2, , , , , , ,5,1,2,2,1,1.7315772959865452,-0.18227669401377478,3,-0.6072662066551997,3, , 
23,26,1,1,12,24, , , ,1,1,5,90, , , ,3,1,2,3,1,1.7315772959865452,-0.3397147269374815,3,-0.736664158798281,3, , 
23,26,2,1,12,24, , , ,1,2,90, , , , ,3,1,2,3,1,1.7315772959865452,-0.3397147269374815,3,-0.736664158798281,3, , 
23,26,3,1,12,24, , , ,1,4,90, , , , ,3,1,2,3,1,1.7315772959865452,-0.3397147269374815,3,-0.736664158798281,3, , 
23,27,1,1,21,24, ,8, ,1,2,90, , , , ,3,1,2,3,1,1.7315772959865452,0.8358691634788454,5,0.22954549948666753,4, , 
23,27,2,1,11,24, , , ,1,1,90, , , , ,3,1,2,3,1,1.7315772959865452,0.8358691634788454,5,0.22954549948666753,4, , 
23,27,3,1,99,8,9,9, ,1,3,4,90, , , ,3,1,2,3,1,1.7315772959865452,0.8358691634788454,5,0.22954549948666753,4, , 
23,28,1,1,21,24, ,2, ,1,1,2,90, , , ,2,1,2,2,1,1.7315772959865452,-0.5168287914926911,2,-0.8822337954583604,2, , 
23,28,2,1,21,24, ,2, ,1,3,4,90, , , ,2,1,2,2,1,1.7315772959865452,-0.5168287914926911,2,-0.8822337954583604,2, , 
23,29,1,1,21,95, ,2, ,1,1,90, , , , ,3,1,2,3,1,1.7315772959865452,0.7916972900249564,5,0.19324073969570657,4, , 
23,29,2,1,21,95, ,2, ,2, , , , , , ,3,1,2,3,1,1.7315772959865452,0.7916972900249564,5,0.19324073969570657,4, , 
23,29,3,2,21,95, ,2, ,2, , , , , , ,3,1,2,3,1,1.7315772959865452,0.7916972900249564,5,0.19324073969570657,4, , 
23,30,1,1,12,95, , , ,1,1,2,90, , , ,4,1,2,3,1,1.7315772959865452,1.3145497027473987,5,0.6229719185153679,5, , 
23,30,2,1,12,95, , , ,1,6,90, , , , ,4,1,2,3,1,1.7315772959865452,1.3145497027473987,5,0.6229719185153679,5, , 
23,30,3,1,12,95, , , ,1,4,90, , , , ,4,1,2,3,1,1.7315772959865452,1.3145497027473987,5,0.6229719185153679,5, , 
23,30,4,1,12,95, , , ,1,5,7,8,90, , ,4,1,2,3,1,1.7315772959865452,1.3145497027473987,5,0.6229719185153679,5, , 
24,1,1,1,12,12, , , ,1,1,5,90, , , ,3,1,2,2,1,1.4769335759885236,-0.5113601569873324,2,-0.8777391375102691,2, , 
24,1,2,1,12,95, , , ,1,2,4,90, , , ,3,1,2,2,1,1.4769335759885236,-0.5113601569873324,2,-0.8777391375102691,2, , 
24,1,3,1,12,95, , , ,1,3,90, , , , ,3,1,2,2,1,1.4769335759885236,-0.5113601569873324,2,-0.8777391375102691,2, , 
24,2,1,1,11,24, , , ,1,1,2,90, , , ,1,1,2,2,1,1.4769335759885236,0.3019641008799977,4,-0.2092698264936384,4, , 
24,3,1,1,12,24, , , ,1,1,2,90, , , ,2,1,2,3,1,1.4769335759885236,0.9588006135975888,5,0.33058257168543664,4, , 
24,3,2,1,12,24, , , ,1,3,4,90, , , ,2,1,2,3,1,1.4769335759885236,0.9588006135975888,5,0.33058257168543664,4, , 
24,6,1,1,12,28, , , ,1,1,2,90, , , ,5,1,2,3,1,1.4769335759885236,-0.14119396555010022,4,-0.5735004079283708,3, , 
24,6,2,1,12,28, , , ,1,3,4,90, , , ,5,1,2,3,1,1.4769335759885236,-0.14119396555010022,4,-0.5735004079283708,3, , 
24,6,3,1,12,28, , , ,1,6,8,9,90, , ,5,1,2,3,1,1.4769335759885236,-0.14119396555010022,4,-0.5735004079283708,3, , 
24,6,4,1,12,95, , , ,1,5,90, , , , ,5,1,2,3,1,1.4769335759885236,-0.14119396555010022,4,-0.5735004079283708,3, , 
24,6,5,1,12,95, , , ,1,7,10,90, , , ,5,1,2,3,1,1.4769335759885236,-0.14119396555010022,4,-0.5735004079283708,3, , 
24,9,1,1,12,24, , , ,1,1,2,90, , , ,1,1,2,2,1,1.4769335759885236,-0.6663454276497117,2,-1.0051211700701617,1, , 
24,11,1,1,12,24, , , ,1,1,2,5,90, , ,2,1,2,2,1,1.4769335759885236,0.08453615462636638,4,-0.38797334851699666,3, , 
24,11,2,1,12,24, , , ,1,3,4,90, , , ,2,1,2,2,1,1.4769335759885236,0.08453615462636638,4,-0.38797334851699666,3, , 
24,13,1,1,12,10, , , ,1,1,90, , , , ,2,1,2,3,1,1.4769335759885236,1.6424025871820267,5,0.8924334397387768,5, , 
24,13,2,1,12,18, , , ,1,2,90, , , , ,2,1,2,3,1,1.4769335759885236,1.6424025871820267,5,0.8924334397387768,5, , 
24,14,1,1,12,95, , , ,1,1,90, , , , ,1,1,2,2,1,1.4769335759885236,-0.1722796190123148,3,-0.5990496340228639,3, , 
24,15,1,1,13,12, , , ,1,1,90, , , , ,3,1,2,3,1,1.4769335759885236,1.2513187010874227,5,0.5710025056942515,4, , 
24,15,2,1,13,12, , , ,1,2,3,90, , , ,3,1,2,3,1,1.4769335759885236,1.2513187010874227,5,0.5710025056942515,4, , 
24,15,3,1,13,95, , , ,1,4,90, , , , ,3,1,2,3,1,1.4769335759885236,1.2513187010874227,5,0.5710025056942515,4, , 
24,16,1,1,12,24, , , ,1,1,90, , , , ,3,1,2,2,6,1.4769335759885236,-0.15243768405476388,3,-0.5827415939490432,3, , 
24,16,2,1,12,24, , , ,1,2,3,4,90, , ,3,1,2,2,6,1.4769335759885236,-0.15243768405476388,3,-0.5827415939490432,3, , 
24,16,3,1,12,30, , , ,2, , , , , , ,3,1,2,2,6,1.4769335759885236,-0.15243768405476388,3,-0.5827415939490432,3, , 
24,17,1,2,18,95, , , ,1,1,2,90, , , ,1,1,2,2,1,1.4769335759885236,0.13713976144676732,4,-0.34473856673337117,4, , 
24,18,1,2,12,4, , , ,1,1,2,90, , , ,1,1,2,3,1,1.4769335759885236,2.2748490888896975,5,1.4122397447418764,5, , 
24,19,1,1,12,12, , , ,1,1,2,90, , , ,2,1,2,3,1,1.4769335759885236,0.9002352456277163,5,0.28244783231480514,4, , 
24,19,2,1,12,12, , , ,1,3,90, , , , ,2,1,2,3,1,1.4769335759885236,0.9002352456277163,5,0.28244783231480514,4, , 
24,20,1,1,13,12, , , ,1,1,3,90, , , ,2,1,2,1,1,1.4769335759885236,-0.886964331143112,1,-1.186447332408153,1, , 
24,20,2,1,13,12, , , ,1,2,90, , , , ,2,1,2,1,1,1.4769335759885236,-0.886964331143112,1,-1.186447332408153,1, , 
24,23,1,1,11,12, , , ,1,3,8,90, , , ,3,1,2,3,1,1.4769335759885236,0.7068849637262157,5,0.12353368647772064,4, , 
24,23,2,1,11,12, , , ,1,4,5,90, , , ,3,1,2,3,1,1.4769335759885236,0.7068849637262157,5,0.12353368647772064,4, , 
24,23,3,1,11,12, , , ,1,6,7,90, , , ,3,1,2,3,1,1.4769335759885236,0.7068849637262157,5,0.12353368647772064,4, , 
24,24,1,1,12,24, , , ,1,1,2,6,90, , ,2,1,2,3,1,1.4769335759885236,-0.24520859310336274,3,-0.6589897877711673,3, , 
24,24,2,1,12,24, , , ,1,3,4,5,90, , ,2,1,2,3,1,1.4769335759885236,-0.24520859310336274,3,-0.6589897877711673,3, , 
24,27,1,1,12,27, , , ,1,2,90, , , , ,6,1,2,3,6,1.4769335759885236,2.9786091753887756,5,1.9906585187946992,5, , 
24,27,2,1,12,95, , , ,1,4,90, , , , ,6,1,2,3,6,1.4769335759885236,2.9786091753887756,5,1.9906585187946992,5, , 
24,27,3,1,12,17, , , ,1,1,90, , , , ,6,1,2,3,6,1.4769335759885236,2.9786091753887756,5,1.9906585187946992,5, , 
24,27,4,1,12,20, , , ,1,3,90, , , , ,6,1,2,3,6,1.4769335759885236,2.9786091753887756,5,1.9906585187946992,5, , 
24,27,5,1,12,95, , , ,1,5,90, , , , ,6,1,2,3,6,1.4769335759885236,2.9786091753887756,5,1.9906585187946992,5, , 
24,27,6,1,12,95, , , ,2, , , , , , ,6,1,2,3,6,1.4769335759885236,2.9786091753887756,5,1.9906585187946992,5, , 
24,28,1,1,12,95, , , ,1,1,2,3,90, , ,1,1,2,1,6,1.4769335759885236,-0.4044050651482669,3,-0.7898329969275999,2, , 
24,30,1,1,12,12, , , ,1,1,2,90, , , ,3,1,2,2,6,1.4769335759885236,0.8723387650288115,5,0.2595197799600941,4, , 
24,30,2,1,12,12, , , ,1,4,90, , , , ,3,1,2,2,6,1.4769335759885236,0.8723387650288115,5,0.2595197799600941,4, , 
24,30,3,1,12,12, , , ,2, , , , , , ,3,1,2,2,6,1.4769335759885236,0.8723387650288115,5,0.2595197799600941,4, , 
25,1,1,1,12,95, , , ,1,1,2,6,90, , ,2,1,2,2,1,1.005842693992184,-0.6831518511519147,1,-1.0189343303570935,1, , 
25,1,2,1,12,26, , , ,1,3,4,5,90, , ,2,1,2,2,1,1.005842693992184,-0.6831518511519147,1,-1.0189343303570935,1, , 
25,2,1,1,36,6,1,1,3,1,1,2,90, , , ,1,1,2,2,1,1.005842693992184,-0.17287884604745174,3,-0.5995421373257543,3, , 
25,3,1,2,12,95, , , ,1,1,2,90, , , ,4,1,2,2,1,1.005842693992184,-0.2736047936146607,3,-0.6823285587566182,3, , 
25,3,2,2,12,95, , , ,1,4,5,90, , , ,4,1,2,2,1,1.005842693992184,-0.2736047936146607,3,-0.6823285587566182,3, , 
25,3,3,2,12,95, , , ,1,3,90, , , , ,4,1,2,2,1,1.005842693992184,-0.2736047936146607,3,-0.6823285587566182,3, , 
25,3,4,2,12,95, , , ,1,6,7,8,90, , ,4,1,2,2,1,1.005842693992184,-0.2736047936146607,3,-0.6823285587566182,3, , 
25,4,1,2,12,12, , , ,1,1,5,90, , , ,4,1,2,2,1,1.005842693992184,-0.5704769444074239,2,-0.9263270872412255,2, , 
25,4,2,2,12,98, , , ,1,3,4,90, , , ,4,1,2,2,1,1.005842693992184,-0.5704769444074239,2,-0.9263270872412255,2, , 
25,4,3,2,12,98, , , ,1,6,7,90, , , ,4,1,2,2,1,1.005842693992184,-0.5704769444074239,2,-0.9263270872412255,2, , 
25,4,4,2,12,98, , , ,1,2,90, , , , ,4,1,2,2,1,1.005842693992184,-0.5704769444074239,2,-0.9263270872412255,2, , 
25,5,1,1,12,24, , , ,1,1,2,9,90, , ,3,1,2,2,1,1.005842693992184,-0.08518037111934051,4,-0.5274629652792635,3, , 
25,5,2,1,12,24, , , ,1,4,7,8,90, , ,3,1,2,2,1,1.005842693992184,-0.08518037111934051,4,-0.5274629652792635,3, , 
25,5,3,1,12,24, , , ,1,5,6,90, , , ,3,1,2,2,1,1.005842693992184,-0.08518037111934051,4,-0.5274629652792635,3, , 
25,7,1,1,12,24, , , ,1,1,6,90, , , ,1,1,2,2,1,1.005842693992184,-0.6528963751151374,2,-0.9940674251527443,1, , 
25,8,1,1,12,95, , , ,1,2,90, , , , ,2,1,2,2,1,1.005842693992184,-0.7019329907646946,1,-1.0343705052106291,1, , 
25,8,2,1,12,95, , , ,2, , , , , , ,2,1,2,2,1,1.005842693992184,-0.7019329907646946,1,-1.0343705052106291,1, , 
25,9,1,1,12,95, , , ,2, , , , , , ,4,1,2,2,1,1.005842693992184,-0.16325016366847334,3,-0.5916283457308114,3, , 
25,9,2,2,12,95, , , ,1,2,90, , , , ,4,1,2,2,1,1.005842693992184,-0.16325016366847334,3,-0.5916283457308114,3, , 
25,9,3,2,12,95, , , ,1,3,90, , , , ,4,1,2,2,1,1.005842693992184,-0.16325016366847334,3,-0.5916283457308114,3, , 
25,9,4,2,21,24, ,1,9,1,1,90, , , , ,4,1,2,2,1,1.005842693992184,-0.16325016366847334,3,-0.5916283457308114,3, , 
25,11,1,1,11,26, , , ,2, , , , , , ,3,1,2,3,1,1.005842693992184,0.6349055867621143,5,0.06437400439376649,4, , 
25,11,2,1,11,95, , , ,1,2,90, , , , ,3,1,2,3,1,1.005842693992184,0.6349055867621143,5,0.06437400439376649,4, , 
25,11,3,1,12,26, , , ,2, , , , , , ,3,1,2,3,1,1.005842693992184,0.6349055867621143,5,0.06437400439376649,4, , 
25,12,1,1,12,95, , , ,1,1,3,90, , , ,4,1,2,2,1,1.005842693992184,-0.26285805472364543,3,-0.6734958391215371,3, , 
25,12,2,1,12,95, , , ,1,4,90, , , , ,4,1,2,2,1,1.005842693992184,-0.26285805472364543,3,-0.6734958391215371,3, , 
25,12,3,1,12,95, , , ,2, , , , , , ,4,1,2,2,1,1.005842693992184,-0.26285805472364543,3,-0.6734958391215371,3, , 
25,12,4,2,12,95, , , ,2, , , , , , ,4,1,2,2,1,1.005842693992184,-0.26285805472364543,3,-0.6734958391215371,3, , 
25,13,1,1,12,30, , , ,1,1,2,90, , , ,3,1,2,3,1,1.005842693992184,1.1572182194328737,5,0.4936615392476189,4, , 
25,13,2,1,12,30, , , ,1,4,5,90, , , ,3,1,2,3,1,1.005842693992184,1.1572182194328737,5,0.4936615392476189,4, , 
25,13,3,1,12,30, , , ,2, , , , , , ,3,1,2,3,1,1.005842693992184,1.1572182194328737,5,0.4936615392476189,4, , 
25,14,1,1,18,5, , , ,1,1,2,7,90, , ,3,1,2,2,1,1.005842693992184,-0.6063826118613159,2,-0.9558378715960806,2, , 
25,14,2,1,18,12, , , ,1,5,6,90, , , ,3,1,2,2,1,1.005842693992184,-0.6063826118613159,2,-0.9558378715960806,2, , 
25,14,3,1,18,12, , , ,1,3,90, , , , ,3,1,2,2,1,1.005842693992184,-0.6063826118613159,2,-0.9558378715960806,2, , 
25,15,1,2,98,95,1,2, ,1,1,2,5,90, , ,1,1,2,3,1,1.005842693992184,-0.20850428544154154,3,-0.6288226028916991,3, , 
25,16,1,1,18,95, , , ,1,1,2,90, , , ,6,1,2,2,1,1.005842693992184,1.5899333322139704,5,0.8493090814293094,5, , 
25,16,2,1,98,3,1,2, ,2, , , , , , ,6,1,2,2,1,1.005842693992184,1.5899333322139704,5,0.8493090814293094,5, , 
25,16,3,1,98,3,1,2, ,1,7,90, , , , ,6,1,2,2,1,1.005842693992184,1.5899333322139704,5,0.8493090814293094,5, , 
25,16,4,1,98,12,1,2, ,2, , , , , , ,6,1,2,2,1,1.005842693992184,1.5899333322139704,5,0.8493090814293094,5, , 
25,16,5,1,98,3,1,2, ,2, , , , , , ,6,1,2,2,1,1.005842693992184,1.5899333322139704,5,0.8493090814293094,5, , 
25,16,6,1,98,2,1,2, ,1,8,90, , , , ,6,1,2,2,1,1.005842693992184,1.5899333322139704,5,0.8493090814293094,5, , 
25,17,1,1,12,95, , , ,1,1,90, , , , ,9,1,2,2,1,1.005842693992184,-0.12512094514839311,4,-0.5602900299395736,3, , 
25,17,2,1,12,95, , , ,2, , , , , , ,9,1,2,2,1,1.005842693992184,-0.12512094514839311,4,-0.5602900299395736,3, , 
25,17,3,2,12,12, , , ,1,5,10,90, , , ,9,1,2,2,1,1.005842693992184,-0.12512094514839311,4,-0.5602900299395736,3, , 
25,17,4,1,12,9, , , ,1,12,7,90, , , ,9,1,2,2,1,1.005842693992184,-0.12512094514839311,4,-0.5602900299395736,3, , 
25,17,5,2,12,11, , , ,1,9,90, , , , ,9,1,2,2,1,1.005842693992184,-0.12512094514839311,4,-0.5602900299395736,3, , 
25,17,6,2,12,12, , , ,1,3,90, , , , ,9,1,2,2,1,1.005842693992184,-0.12512094514839311,4,-0.5602900299395736,3, , 
25,17,7,1,12,12, , , ,2, , , , , , ,9,1,2,2,1,1.005842693992184,-0.12512094514839311,4,-0.5602900299395736,3, , 
25,17,8,1,12,11, , , ,1,8,90, , , , ,9,1,2,2,1,1.005842693992184,-0.12512094514839311,4,-0.5602900299395736,3, , 
25,17,9,1,12,11, , , ,2, , , , , , ,9,1,2,2,1,1.005842693992184,-0.12512094514839311,4,-0.5602900299395736,3, , 
25,18,1,1,12,24, , , ,1,1,90, , , , ,2,1,2,1,1,1.005842693992184,-0.6883810693839686,1,-1.023232212628431,1, , 
25,18,2,1,12,24, , , ,1,3,4,90, , , ,2,1,2,1,1,1.005842693992184,-0.6883810693839686,1,-1.023232212628431,1, , 
25,19,1,1,12,95, , , ,1,1,2,90, , , ,2,1,2,2,1,1.005842693992184,-0.6834085657305725,1,-1.0191453234706807,1, , 
25,19,2,1,12,95, , , ,1,5,90, , , , ,2,1,2,2,1,1.005842693992184,-0.6834085657305725,1,-1.0191453234706807,1, , 
25,20,1,1,36,3,9,9, ,1,1,2,3,4,90,90,1,1,2,3,1,1.005842693992184,-0.6950198617815279,1,-1.0286886206195263,1, , 
25,21,1,1,12,23, , , ,1,1,90, , , , ,1,1,2,2,6,1.005842693992184,-0.2576550684588603,3,-0.6692195168429297,3, , 
25,22,1,2,12,98, , , ,1,1,90, , , , ,2,1,2,3,6,1.005842693992184,-0.1274500862423158,4,-0.5622043455735344,3, , 
25,22,2,2,12,98, , , ,1,2,3,4,90, , ,2,1,2,3,6,1.005842693992184,-0.1274500862423158,4,-0.5622043455735344,3, , 
25,23,1,2,12,12, , , ,1,1,2,90, , , ,3,1,2,2,1,1.005842693992184,-0.06075337159787142,4,-0.5073864713318967,3, , 
25,23,2,2,12,12, , , ,1,3,4,90, , , ,3,1,2,2,1,1.005842693992184,-0.06075337159787142,4,-0.5073864713318967,3, , 
25,23,3,2,12,12, , , ,2, , , , , , ,3,1,2,2,1,1.005842693992184,-0.06075337159787142,4,-0.5073864713318967,3, , 
25,24,1,1,12,95, , , ,1,1,90, , , , ,1,1,2,2,6,1.005842693992184,-0.42416024596014656,3,-0.8060697339713883,2, , 
25,25,1,1,11,2, , , ,1,1,2,90, , , ,1,1,2,1,6,1.005842693992184,-0.3011498541848653,3,-0.7049677798091883,3, , 
25,26,1,1,12,24, , , ,1,2,1,5,90, , ,3,1,2,2,1,1.005842693992184,-0.2720388453316367,3,-0.681041509514308,3, , 
25,26,2,1,12,24, , , ,1,3,4,90, , , ,3,1,2,2,1,1.005842693992184,-0.2720388453316367,3,-0.681041509514308,3, , 
25,26,3,1,12,24, , , ,1,0,90, , , , ,3,1,2,2,1,1.005842693992184,-0.2720388453316367,3,-0.681041509514308,3, , 
25,29,1,1,28,95, ,1,95,2, , , , , , ,1,1,2,2,1,1.005842693992184,-0.4029174228633976,3,-0.7886103072025776,2, , 
25,30,1,1,18,24, , , ,1,1,2,90, , , ,1,1,2,2,1,1.005842693992184,-0.5284743740721703,2,-0.8918052726250499,2, , 
26,2,1,1,12,95, , , ,2, , , , , , ,2,2,2,1,1,1.021861033017534,-0.5645472630419173,2, , ,-0.4036814439436169,2
26,2,2,1,12,95, , , ,2, , , , , , ,2,2,2,1,1,1.021861033017534,-0.5645472630419173,2, , ,-0.4036814439436169,2
26,3,1,1,12,95, , , ,1,1,2,3,4,90,0,1,2,2,2,1,1.021861033017534,0.4028037040996721,4, , ,1.0868932789104637,5
26,4,1,1,12,12, , , ,1,1,2,3,90, , ,3,2,2,3,1,1.021861033017534,-0.2808183120566588,3, , ,0.03351169158423418,4
26,4,2,1,11,12, , , ,2, , , , , , ,3,2,2,3,1,1.021861033017534,-0.2808183120566588,3, , ,0.03351169158423418,4
26,4,3,1,11,12, , , ,2, , , , , , ,3,2,2,3,1,1.021861033017534,-0.2808183120566588,3, , ,0.03351169158423418,4
26,5,1,1,11,24, , , ,1,1,2,90, , , ,2,2,2,2,1,1.021861033017534,-0.1395220480454067,4, , ,0.2512327118993585,4
26,5,2,1,11,24, , , ,1,3,4,5,90, , ,2,2,2,2,1,1.021861033017534,-0.1395220480454067,4, , ,0.2512327118993585,4
26,6,1,1,21,95, ,2, ,1,1,90, , , , ,2,2,2,3,1,1.021861033017534,-0.4326101867805434,3, , ,-0.20038183753128364,3
26,6,2,1,21,95, ,2, ,1,2,3,90, , , ,2,2,2,3,1,1.021861033017534,-0.4326101867805434,3, , ,-0.20038183753128364,3
26,7,1,1,12,12, , , ,1,4,90, , , , ,4,2,2,3,1,1.021861033017534,0.9948895429969606,5, , ,1.9992283208942223,5
26,7,2,2,13,24, , , ,1,2,5,90, , , ,4,2,2,3,1,1.021861033017534,0.9948895429969606,5, , ,1.9992283208942223,5
26,7,3,2,13,24, , , ,1,3,90, , , , ,4,2,2,3,1,1.021861033017534,0.9948895429969606,5, , ,1.9992283208942223,5
26,7,4,2,12,24, , , ,1,1,90, , , , ,4,2,2,3,1,1.021861033017534,0.9948895429969606,5, , ,1.9992283208942223,5
26,8,1,1,12,12, , , ,1,1,90, , , , ,2,2,2,2,1,1.021861033017534,-0.6993579196533277,1, , ,-0.6114089016522705,2
26,8,2,1,12,12, , , ,1,2,3,90, , , ,2,2,2,2,1,1.021861033017534,-0.6993579196533277,1, , ,-0.6114089016522705,2
26,9,1,1,12,2, , , ,1,1,2,90, , , ,4,2,2,3,1,1.021861033017534,1.1290344278347582,5, , ,2.205929902151985,5
26,9,2,1,11,3, , , ,1,3,90, , , , ,4,2,2,3,1,1.021861033017534,1.1290344278347582,5, , ,2.205929902151985,5
26,9,3,1,16,3, , , ,2, , , , , , ,4,2,2,3,1,1.021861033017534,1.1290344278347582,5, , ,2.205929902151985,5
26,9,4,1,16,4, , , ,2, , , , , , ,4,2,2,3,1,1.021861033017534,1.1290344278347582,5, , ,2.205929902151985,5
26,10,1,1,21,5, ,2, ,1,1,2,90, , , ,3,2,2,3,1,1.021861033017534,-0.04337115415581971,4, , ,0.3993899959460552,4
26,10,2,1,21,5, ,2, ,1,3,90, , , , ,3,2,2,3,1,1.021861033017534,-0.04337115415581971,4, , ,0.3993899959460552,4
26,10,3,1,21,5, ,2, ,1,4,90, , , , ,3,2,2,3,1,1.021861033017534,-0.04337115415581971,4, , ,0.3993899959460552,4
26,12,1,1,11,8, , , ,1,1,2,7,90, , ,3,2,2,3,1,1.021861033017534,-0.22546637378617776,3, , ,0.11880255586150346,4
26,12,2,1,11,26, , , ,1,3,4,90, , , ,3,2,2,3,1,1.021861033017534,-0.22546637378617776,3, , ,0.11880255586150346,4
26,12,3,1,11,32, , , ,1,5,6,90, , , ,3,2,2,3,1,1.021861033017534,-0.22546637378617776,3, , ,0.11880255586150346,4
26,14,1,1,21,95, ,1,6,1,1,90, , , , ,1,2,2,2,1,1.021861033017534,0.5548473790762098,5, , ,1.3211748027709727,5
26,15,1,1,12,12, , , ,1,1,90, , , , ,2,2,2,2,1,1.021861033017534,-0.30725756319496084,3, , ,-0.007228102737153655,3
26,15,2,1,12,95, , , ,2, , , , , , ,2,2,2,2,1,1.021861033017534,-0.30725756319496084,3, , ,-0.007228102737153655,3
26,16,1,1,21,10, ,2, ,1,1,90, , , , ,3,2,2,3,1,1.021861033017534,-0.3033020695592476,3, , ,-0.00113314958149993,4
26,16,2,1,21,10, ,2, ,1,3,4,90, , , ,3,2,2,3,1,1.021861033017534,-0.3033020695592476,3, , ,-0.00113314958149993,4
26,16,3,1,21,10, ,2, ,1,2,90, , , , ,3,2,2,3,1,1.021861033017534,-0.3033020695592476,3, , ,-0.00113314958149993,4
26,17,1,1,21,95, ,2, ,1,1,90, , , , ,4,2,2,2,1,1.021861033017534,0.4584659216937477,4, , ,1.172662247342775,5
26,17,2,1,21,95, ,2, ,1,3,5,90, , , ,4,2,2,2,1,1.021861033017534,0.4584659216937477,4, , ,1.172662247342775,5
26,17,3,1,21,13, ,2, ,1,6,4,90, , , ,4,2,2,2,1,1.021861033017534,0.4584659216937477,4, , ,1.172662247342775,5
26,17,4,1,21,6, ,2, ,1,2,90, , , , ,4,2,2,2,1,1.021861033017534,0.4584659216937477,4, , ,1.172662247342775,5
26,18,1,1,12,12, , , ,1,1,8,90, , , ,5,2,2,3,1,1.021861033017534,0.44427888546012123,4, , ,1.1508016834726162,5
26,18,2,1,12,12, , , ,1,2,13,90, , , ,5,2,2,3,1,1.021861033017534,0.44427888546012123,4, , ,1.1508016834726162,5
26,18,3,1,12,12, , , ,1,4,5,7,90, , ,5,2,2,3,1,1.021861033017534,0.44427888546012123,4, , ,1.1508016834726162,5
26,18,4,1,12,12, , , ,1,3,9,90, , , ,5,2,2,3,1,1.021861033017534,0.44427888546012123,4, , ,1.1508016834726162,5
26,18,5,1,12,15, , , ,1,11,12,90, , , ,5,2,2,3,1,1.021861033017534,0.44427888546012123,4, , ,1.1508016834726162,5
26,19,1,1,11,8, , , ,1,1,90, , , , ,5,2,2,2,1,1.021861033017534,1.5272345999406298,5, , ,2.81950980369591,5
26,19,2,1,11,8, , , ,1,2,90, , , , ,5,2,2,2,1,1.021861033017534,1.5272345999406298,5, , ,2.81950980369591,5
26,19,3,1,11,8, , , ,1,5,90, , , , ,5,2,2,2,1,1.021861033017534,1.5272345999406298,5, , ,2.81950980369591,5
26,19,4,1,11,8, , , ,2, , , , , , ,5,2,2,2,1,1.021861033017534,1.5272345999406298,5, , ,2.81950980369591,5
26,19,5,1,11,8, , , ,2, , , , , , ,5,2,2,2,1,1.021861033017534,1.5272345999406298,5, , ,2.81950980369591,5
26,21,1,1,21,12, ,2, ,1,2,90, , , , ,5,2,2,2,1,1.021861033017534,0.8656294196326355,5, , ,1.8000535858658526,5
26,21,2,1,21,12, ,2, ,1,1,90, , , , ,5,2,2,2,1,1.021861033017534,0.8656294196326355,5, , ,1.8000535858658526,5
26,21,3,1,21,12, ,2, ,1,5,90, , , , ,5,2,2,2,1,1.021861033017534,0.8656294196326355,5, , ,1.8000535858658526,5
26,21,4,1,21,12, ,2, ,2, , , , , , ,5,2,2,2,1,1.021861033017534,0.8656294196326355,5, , ,1.8000535858658526,5
26,21,5,1,11,6, , , ,1,3,7,90, , , ,5,2,2,2,1,1.021861033017534,0.8656294196326355,5, , ,1.8000535858658526,5
26,22,1,1,11,12, , , ,1,1,5,90, , , ,5,2,2,3,1,1.021861033017534,2.112213376171214,5, , ,3.720893693177043,5
26,22,2,1,12,3, , , ,1,3,90, , , , ,5,2,2,3,1,1.021861033017534,2.112213376171214,5, , ,3.720893693177043,5
26,22,3,1,12,3, , , ,1,2,90, , , , ,5,2,2,3,1,1.021861033017534,2.112213376171214,5, , ,3.720893693177043,5
26,22,4,1,11,12, , , ,1,4,7,90, , , ,5,2,2,3,1,1.021861033017534,2.112213376171214,5, , ,3.720893693177043,5
26,22,5,1,11,12, , , ,1,6,90, , , , ,5,2,2,3,1,1.021861033017534,2.112213376171214,5, , ,3.720893693177043,5
26,23,1,1,12,12, , , ,1,1,90, , , , ,1,2,2,2,1,1.021861033017534,-0.5360631943847737,2, , ,-0.3597908249371193,3
26,24,1,1,12,12, , , ,1,3,4,90, , , ,3,2,2,1,1,1.021861033017534,0.3821109089054722,4, , ,1.0550081012351762,5
26,24,2,1,12,12, , , ,1,2,5,8,90, , ,3,2,2,1,1,1.021861033017534,0.3821109089054722,4, , ,1.0550081012351762,5
26,24,3,2,12,12, , , ,2, , , , , , ,3,2,2,1,1,1.021861033017534,0.3821109089054722,4, , ,1.0550081012351762,5
26,26,1,1,21,6, ,2, ,1,1,2,90, , , ,4,2,2,3,1,1.021861033017534,1.707520448142303,5, , ,3.097309213988315,5
26,26,2,1,21,6, ,2, ,1,3,4,90, , , ,4,2,2,3,1,1.021861033017534,1.707520448142303,5, , ,3.097309213988315,5
26,26,3,1,21,6, ,2, ,1,5,90, , , , ,4,2,2,3,1,1.021861033017534,1.707520448142303,5, , ,3.097309213988315,5
26,26,4,1,21,95, ,2, ,2, , , , , , ,4,2,2,3,1,1.021861033017534,1.707520448142303,5, , ,3.097309213988315,5
26,27,1,1,18,13, , , ,1,1,2,3,4,90,90,1,2,2,2,1,1.021861033017534,0.704265376013979,5, , ,1.5514104638082846,5
26,28,1,2,12,95, , , ,1,1,2,90, , , ,1,2,2,3,6,1.021861033017534,1.90475601473047,5, , ,3.4012261582932806,5
27,1,1,1,12,18, , , ,1,2,3,90, , , ,1,2,2,2,1,0.6650206722812522,-1.1252291555607012,1, , ,-1.2676266767891453,1
27,2,1,1,12,95, , , ,1,1,2,7,8,90,90,2,2,2,2,1,0.6650206722812522,-0.558166477860226,2, , ,-0.39384940011789465,2
27,2,2,1,12,16, , , ,2, , , , , , ,2,2,2,2,1,0.6650206722812522,-0.558166477860226,2, , ,-0.39384940011789465,2
27,3,1,1,12,18, , , ,1,1,90, , , , ,2,2,2,2,1,0.6650206722812522,-0.6651579281972382,2, , ,-0.5587107140059547,2
27,3,2,1,12,18, , , ,1,2,90, , , , ,2,2,2,2,1,0.6650206722812522,-0.6651579281972382,2, , ,-0.5587107140059547,2
27,4,1,1,21,5, ,2, ,1,1,90, , , , ,1,2,2,1,1,0.6650206722812522,-0.8328165081287957,1, , ,-0.8170529804679798,1
27,6,1,1,12,11, , , ,1,5,4,90, , , ,2,2,2,2,1,0.6650206722812522,-0.5603292981762025,2, , ,-0.3971820533146923,2
27,6,2,1,12,11, , , ,1,1,90, , , , ,2,2,2,2,1,0.6650206722812522,-0.5603292981762025,2, , ,-0.3971820533146923,2
27,7,1,1,21,24, ,2, ,1,1,2,90, , , ,1,2,2,1,1,0.6650206722812522,-0.659095148543906,2, , ,-0.5493686795133503,2
27,9,1,2,18,95, , , ,1,1,90, , , , ,1,2,2,3,1,0.6650206722812522,-0.28691877277687766,3, , ,0.024111594973805654,4
27,10,1,1,12,4, , , ,1,1,2,90, , , ,1,2,2,2,1,0.6650206722812522,-0.7841206792012632,1, , ,-0.7420184023538064,1
27,13,1,1,13,6, , , ,1,1,2,3,4,90,90,1,2,2,2,1,0.6650206722812522,-0.7912222246098395,1, , ,-0.7529610534068188,1
27,15,1,1,13,12, , , ,1,1,90, , , , ,2,2,2,2,1,0.6650206722812522,-0.6408432261719434,2, , ,-0.521244601432845,2
27,15,2,1,13,12, , , ,1,3,2,90, , , ,2,2,2,2,1,0.6650206722812522,-0.6408432261719434,2, , ,-0.521244601432845,2
27,19,1,1,12,95, , , ,1,1,90, , , , ,2,2,2,2,1,0.6650206722812522,-0.6659375322476326,2, , ,-0.5599119926843503,2
27,19,2,1,12,24, , , ,1,2,3,90, , , ,2,2,2,2,1,0.6650206722812522,-0.6659375322476326,2, , ,-0.5599119926843503,2
27,20,1,1,12,95, , , ,1,1,90, , , , ,3,2,2,2,1,0.6650206722812522,-0.6034470400115752,2, , ,-0.46362145149533995,2
27,20,2,1,12,95, , , ,1,2,90, , , , ,3,2,2,2,1,0.6650206722812522,-0.6034470400115752,2, , ,-0.46362145149533995,2
27,20,3,1,12,95, , , ,1,3,90, , , , ,3,2,2,2,1,0.6650206722812522,-0.6034470400115752,2, , ,-0.46362145149533995,2
27,21,1,1,12,24, , , ,2, , , , , , ,1,2,2,1,1,0.6650206722812522,-0.5709828123793644,2, , ,-0.41359787292949385,2
27,22,1,1,12,95, , , ,1,1,90, , , , ,2,2,2,1,1,0.6650206722812522,-0.30706952432968926,3, , ,-0.0069383568341581945,3
27,22,2,1,12,95, , , ,1,3,4,90, , , ,2,2,2,1,1,0.6650206722812522,-0.30706952432968926,3, , ,-0.0069383568341581945,3
27,23,1,1,12,24, , , ,1,1,2,90, , , ,2,2,2,3,1,0.6650206722812522,0.4755830681172773,4, , ,1.1990377683821527,5
27,23,2,1,12,24, , , ,1,6,90, , , , ,2,2,2,3,1,0.6650206722812522,0.4755830681172773,4, , ,1.1990377683821527,5
27,25,1,1,12,36, , , ,1,1,2,8,90, , ,3,2,2,2,1,0.6650206722812522,-0.44376915397906874,3, , ,-0.21757650110662385,3
27,25,2,1,12,36, , , ,1,9,7,6,5,90,90,3,2,2,2,1,0.6650206722812522,-0.44376915397906874,3, , ,-0.21757650110662385,3
27,25,3,2,12,36, , , ,1,4,3,90, , , ,3,2,2,2,1,0.6650206722812522,-0.44376915397906874,3, , ,-0.21757650110662385,3
27,27,1,1,12,36, , , ,1,1,2,4,90, , ,3,2,2,2,1,0.6650206722812522,-0.3338187257165054,3, , ,-0.04815574824436964,3
27,27,2,1,12,3, , , ,1,3,90, , , , ,3,2,2,2,1,0.6650206722812522,-0.3338187257165054,3, , ,-0.04815574824436964,3
27,27,3,2,12,6, , , ,2, , , , , , ,3,2,2,2,1,0.6650206722812522,-0.3338187257165054,3, , ,-0.04815574824436964,3
27,28,1,1,12,12, , , ,1,1,2,3,4,90,90,1,2,2,2,1,0.6650206722812522,-0.7211607010732609,1, , ,-0.6450044383047999,1
28,2,1,1,12,24, , , ,1,1,2,90, , , ,1,2,2,2,1,0.6650206722812522,-0.7419376997971201,1, , ,-0.6770193637729243,1
28,3,1,1,12,24, , , ,1,1,2,3,4,90,90,1,2,2,3,1,0.6650206722812522,-0.28475032171605263,3, , ,0.027452924489981927,4
28,5,1,1,11,1, , , ,1,1,2,4,90, , ,3,2,2,2,1,0.6650206722812522,-0.6445283329327893,2, , ,-0.5269229200321085,2
28,5,2,1,21,36, ,2, ,1,3,90, , , , ,3,2,2,2,1,0.6650206722812522,-0.6445283329327893,2, , ,-0.5269229200321085,2
28,5,3,2,21,36, ,2, ,2, , , , , , ,3,2,2,2,1,0.6650206722812522,-0.6445283329327893,2, , ,-0.5269229200321085,2
28,6,1,1,21,3, ,2, ,1,1,90, , , , ,3,2,2,2,1,0.6650206722812522,-0.7542433046993302,1, , ,-0.6959808619671768,1
28,6,2,1,21,3, ,2, ,1,2,4,5,90, , ,3,2,2,2,1,0.6650206722812522,-0.7542433046993302,1, , ,-0.6959808619671768,1
28,6,3,1,21,3, ,2, ,1,6,90, , , , ,3,2,2,2,1,0.6650206722812522,-0.7542433046993302,1, , ,-0.6959808619671768,1
28,7,1,1,21,12, ,2, ,1,1,2,6,90, , ,2,2,2,2,1,0.6650206722812522,-0.7605097911042463,1, , ,-0.7056367847434544,1
28,7,2,1,21,12, ,2, ,1,3,4,5,90, , ,2,2,2,2,1,0.6650206722812522,-0.7605097911042463,1, , ,-0.7056367847434544,1
28,9,1,1,12,95, , , ,1,1,2,90, , , ,4,2,2,2,1,0.6650206722812522,-0.7243513257400188,1, , ,-0.649920817819504,1
28,9,2,1,12,95, , , ,1,4,5,3,6,90,90,4,2,2,2,1,0.6650206722812522,-0.7243513257400188,1, , ,-0.649920817819504,1
28,9,3,1,12,95, , , ,2, , , , , , ,4,2,2,2,1,0.6650206722812522,-0.7243513257400188,1, , ,-0.649920817819504,1
28,9,4,1,12,95, , , ,8, , , , , , ,4,2,2,2,1,0.6650206722812522,-0.7243513257400188,1, , ,-0.649920817819504,1
28,10,1,1,12,95, , , ,1,2,1,5,90, , ,2,2,2,2,1,0.6650206722812522,-0.9908092264405952,1, , ,-1.0605012844547412,1
28,10,2,1,12,95, , , ,1,3,4,90, , , ,2,2,2,2,1,0.6650206722812522,-0.9908092264405952,1, , ,-1.0605012844547412,1
28,11,1,1,21,24, ,2, ,1,1,2,4,90, , ,3,2,2,2,1,0.6650206722812522,-1.122138765615619,1, , ,-1.2628647472595627,1
28,11,2,1,21,24, ,2, ,1,3,90, , , , ,3,2,2,2,1,0.6650206722812522,-1.122138765615619,1, , ,-1.2628647472595627,1
28,11,3,1,21,24, ,2, ,2, , , , , , ,3,2,2,2,1,0.6650206722812522,-1.122138765615619,1, , ,-1.2628647472595627,1
28,13,1,1,11,95, , , ,1,1,2,90, , , ,3,2,2,2,1,0.6650206722812522,-0.5031701957535515,2, , ,-0.3091065604002779,3
28,13,2,1,11,95, , , ,2, , , , , , ,3,2,2,2,1,0.6650206722812522,-0.5031701957535515,2, , ,-0.3091065604002779,3
28,13,3,1,11,95, , , ,2, , , , , , ,3,2,2,2,1,0.6650206722812522,-0.5031701957535515,2, , ,-0.3091065604002779,3
28,14,1,1,11,95, , , ,1,1,2,6,90, , ,2,2,2,2,1,0.6650206722812522,-0.5526880482991536,2, , ,-0.3854077807862878,2
28,14,2,1,11,95, , , ,1,3,4,5,90, , ,2,2,2,2,1,0.6650206722812522,-0.5526880482991536,2, , ,-0.3854077807862878,2
28,16,1,1,12,36, , , ,1,1,2,4,90, , ,1,2,2,2,1,0.6650206722812522,-0.5854778866253781,2, , ,-0.43593308735621267,2
28,19,1,2,12,12, , , ,1,1,2,90, , , ,2,2,2,2,1,0.6650206722812522,-0.25347488460730094,3, , ,0.07564471587079764,4
28,19,2,2,12,12, , , ,1,5,90, , , , ,2,2,2,2,1,0.6650206722812522,-0.25347488460730094,3, , ,0.07564471587079764,4
28,20,1,2,18,95, , , ,1,1,2,90, , , ,2,2,2,1,1,0.6650206722812522,-0.2251245364806193,3, , ,0.11932928717650856,4
28,20,2,2,18,95, , , ,1,3,4,90, , , ,2,2,2,1,1,0.6650206722812522,-0.2251245364806193,3, , ,0.11932928717650856,4
28,21,1,1,12,95, , , ,1,1,2,9,90, , ,2,2,2,1,1,0.6650206722812522,-0.609826075597977,2, , ,-0.47345079939931034,2
28,21,2,1,12,95, , , ,1,4,6,5,7,8,90,2,2,2,1,1,0.6650206722812522,-0.609826075597977,2, , ,-0.47345079939931034,2
28,24,1,1,12,5, , , ,1,12,11,10,9,8,90,1,2,2,2,1,0.6650206722812522,-0.2739595507814382,3, , ,0.044080240677789644,4
28,25,1,1,11,95, , , ,1,1,2,8,90, , ,2,2,2,2,1,0.6650206722812522,-1.0478625075123449,1, , ,-1.1484137190416719,1
28,25,2,1,11,95, , , ,1,6,7,90, , , ,2,2,2,2,1,0.6650206722812522,-1.0478625075123449,1, , ,-1.1484137190416719,1
28,28,1,1,13,24, , , ,1,1,2,3,4,90,90,1,2,2,2,1,0.6650206722812522,-0.9154766693785834,1, , ,-0.9444226230601099,1
28,30,1,1,12,4, , , ,1,2,6,90, , , ,1,2,2,2,1,0.6650206722812522,-0.6451365903331683,2, , ,-0.5278601735593084,2
29,1,1,2,11,12, , , ,2, , , , , , ,1,2,2,3,1,0.5839205902957336,0.2342644976469856,4, , ,0.8271940699557377,5
29,3,1,2,11,13, , , ,1,1,4,90, , , ,2,2,2,2,1,0.5839205902957336,-0.7529525478671159,1, , ,-0.6939919566238193,1
29,3,2,1,11,13, , , ,1,5,90, , , , ,2,2,2,2,1,0.5839205902957336,-0.7529525478671159,1, , ,-0.6939919566238193,1
29,4,1,2,12,24, , , ,1,1,2,9,90, , ,3,2,2,2,1,0.5839205902957336,0.5921270143376758,5, , ,1.3786183614021879,5
29,4,2,2,12,24, , , ,1,3,5,6,90, , ,3,2,2,2,1,0.5839205902957336,0.5921270143376758,5, , ,1.3786183614021879,5
29,4,3,2,12,24, , , ,1,4,7,8,90, , ,3,2,2,2,1,0.5839205902957336,0.5921270143376758,5, , ,1.3786183614021879,5
29,5,1,2,12,24, , , ,1,1,2,90, , , ,2,2,2,2,1,0.5839205902957336,-0.7041630715903182,1, , ,-0.6188130788951128,2
29,5,2,2,12,24, , , ,1,3,90, , , , ,2,2,2,2,1,0.5839205902957336,-0.7041630715903182,1, , ,-0.6188130788951128,2
29,7,1,1,13,95, , , ,1,1,90, , , , ,3,2,2,2,1,0.5839205902957336,-0.6364904324286976,2, , ,-0.5145374552699055,2
29,7,2,1,12,23, , , ,1,2,90, , , , ,3,2,2,2,1,0.5839205902957336,-0.6364904324286976,2, , ,-0.5145374552699055,2
29,7,3,1,12,20, , , ,1,4,90, , , , ,3,2,2,2,1,0.5839205902957336,-0.6364904324286976,2, , ,-0.5145374552699055,2
29,8,1,1,13,95, , , ,1,1,2,90, , , ,1,2,2,3,1,0.5839205902957336,-0.49102970015551894,2, , ,-0.2903994763366509,3
29,9,1,1,12,24, , , ,1,4,3,90, , , ,1,2,2,2,1,0.5839205902957336,-0.9103501862256642,1, , ,-0.9365233119884955,1
29,10,1,1,12,10, , , ,1,1,2,3,90, , ,1,2,2,2,1,0.5839205902957336,-0.7355762344666327,1, , ,-0.6672170895787338,1
29,11,1,1,13,7, , , ,1,1,2,3,4,90,90,1,2,2,2,6,0.5839205902957336,-0.9207630583231758,1, , ,-0.9525683302580555,1
29,13,1,1,12,95, , , ,1,1,2,90, , , ,3,2,2,3,1,0.5839205902957336,-0.4692790913124376,3, , ,-0.2568843315242324,3
29,13,2,1,12,95, , , ,1,3,90, , , , ,3,2,2,3,1,0.5839205902957336,-0.4692790913124376,3, , ,-0.2568843315242324,3
29,13,3,1,12,95, , , ,1,4,6,7,90, , ,3,2,2,3,1,0.5839205902957336,-0.4692790913124376,3, , ,-0.2568843315242324,3
29,14,1,1,13,95, , , ,1,1,3,90, , , ,3,2,2,2,1,0.5839205902957336,-0.9640885013624432,1, , ,-1.0193277717062943,1
29,14,2,1,13,24, , , ,2, , , , , , ,3,2,2,2,1,0.5839205902957336,-0.9640885013624432,1, , ,-1.0193277717062943,1
29,14,3,1,13,0, , , ,2, , , , , , ,3,2,2,2,1,0.5839205902957336,-0.9640885013624432,1, , ,-1.0193277717062943,1
29,16,1,1,12,24, , , ,1,1,2,90, , , ,2,2,2,1,1,0.5839205902957336,-0.4207133155404202,3, , ,-0.18205015011489856,3
29,16,2,1,12,24, , , ,1,4,5,90, , , ,2,2,2,1,1,0.5839205902957336,-0.4207133155404202,3, , ,-0.18205015011489856,3
29,18,1,1,13,95, , , ,2, , , , , , ,1,2,2,2,1,0.5839205902957336,-0.661299069275789,2, , ,-0.5527646636449689,2
29,20,1,9,11,95, , , ,1,2,90, , , , ,3,2,2,2,1,0.5839205902957336,-0.91153547587121,1, , ,-0.9383497047300375,1
29,20,2,9,12,15, , , ,1,7,8,6,5,90,90,3,2,2,2,1,0.5839205902957336,-0.91153547587121,1, , ,-0.9383497047300375,1
29,20,3,9,12,15, , , ,1,3,4,90, , , ,3,2,2,2,1,0.5839205902957336,-0.91153547587121,1, , ,-0.9383497047300375,1
29,21,1,1,11,6, , , ,1,1,2,3,90, , ,1,2,2,3,1,0.5839205902957336,-0.6553151696922441,2, , ,-0.5435441741160392,2
29,23,1,1,12,25, , , ,1,1,2,90, , , ,3,2,2,2,1,0.5839205902957336,-0.7282186772388126,1, , ,-0.6558799542490952,1
29,23,2,1,11,12, , , ,1,5,8,90, , , ,3,2,2,2,1,0.5839205902957336,-0.7282186772388126,1, , ,-0.6558799542490952,1
29,23,3,1,12,10, , , ,1,6,7,90, , , ,3,2,2,2,1,0.5839205902957336,-0.7282186772388126,1, , ,-0.6558799542490952,1
29,24,1,1,12,95, , , ,1,3,4,90, , , ,1,2,2,3,1,0.5839205902957336,-0.8292627034325133,1, , ,-0.8115769829963575,1
29,25,1,1,11,95, , , ,1,1,2,90, , , ,2,2,2,2,1,0.5839205902957336,-0.43836738231411365,3, , ,-0.2092530026289168,3
29,25,2,2,11,95, , , ,1,3,4,6,90, , ,2,2,2,2,1,0.5839205902957336,-0.43836738231411365,3, , ,-0.2092530026289168,3
29,26,1,1,11,24, , , ,1,1,90, , , , ,1,2,2,2,1,0.5839205902957336,-0.9509946004562795,1, , ,-0.999151601549608,1
29,27,1,1,11,12, , , ,1,1,90, , , , ,3,2,2,3,1,0.5839205902957336,-0.5272766971369971,2, , ,-0.34625186013031023,3
29,27,2,1,11,12, , , ,1,2,3,90, , , ,3,2,2,3,1,0.5839205902957336,-0.5272766971369971,2, , ,-0.34625186013031023,3
29,27,3,1,11,12, , , ,1,5,4,90, , , ,3,2,2,3,1,0.5839205902957336,-0.5272766971369971,2, , ,-0.34625186013031023,3
29,28,1,1,13,95, , , ,1,1,2,90, , , ,5,2,2,3,1,0.5839205902957336,-0.5724576309556791,2, , ,-0.41587039589718794,2
29,28,2,1,13,95, , , ,1,3,90, , , , ,5,2,2,3,1,0.5839205902957336,-0.5724576309556791,2, , ,-0.41587039589718794,2
29,28,3,1,13,95, , , ,1,4,7,90, , , ,5,2,2,3,1,0.5839205902957336,-0.5724576309556791,2, , ,-0.41587039589718794,2
29,28,4,2,11,24, , , ,1,5,8,90, , , ,5,2,2,3,1,0.5839205902957336,-0.5724576309556791,2, , ,-0.41587039589718794,2
29,28,5,2,11,24, , , ,2, , , , , , ,5,2,2,3,1,0.5839205902957336,-0.5724576309556791,2, , ,-0.41587039589718794,2
29,29,1,1,13,95, , , ,1,1,90, , , , ,3,2,2,2,1,0.5839205902957336,-0.45227791390792704,3, , ,-0.2306875051822868,3
29,29,2,1,13,95, , , ,1,2,90, , , , ,3,2,2,2,1,0.5839205902957336,-0.45227791390792704,3, , ,-0.2306875051822868,3
29,29,3,1,13,95, , , ,1,4,5,90, , , ,3,2,2,2,1,0.5839205902957336,-0.45227791390792704,3, , ,-0.2306875051822868,3
30,1,1,1,12,95, , , ,1,1,2,90, , , ,1,2,2,3,1,0.7136807214725633,0.33505009555044946,4, , ,0.9824928909271441,5
30,3,1,1,12,10, , , ,1,1,2,3,4,90,90,1,2,2,2,1,0.7136807214725633,-0.5267571703533582,2, , ,-0.3454513301077621,3
30,4,1,1,21,27, ,1,5,1,8,2,9,10,11,12,3,2,2,3,1,0.7136807214725633,-1.0718513934902276,1, , ,-1.185377787185129,1
30,4,2,1,21,27, ,1,5,1,1,90, , , , ,3,2,2,3,1,0.7136807214725633,-1.0718513934902276,1, , ,-1.185377787185129,1
30,4,3,1,21,3, ,2, ,2, , , , , , ,3,2,2,3,1,0.7136807214725633,-1.0718513934902276,1, , ,-1.185377787185129,1
30,5,1,1,12,24, , , ,1,5,7,6,90, , ,3,2,2,2,1,0.7136807214725633,-0.6514475934194792,2, , ,-0.5375846913360424,2
30,5,2,1,12,24, , , ,2, , , , , , ,3,2,2,2,1,0.7136807214725633,-0.6514475934194792,2, , ,-0.5375846913360424,2
30,5,3,1,12,24, , , ,1,1,90, , , , ,3,2,2,2,1,0.7136807214725633,-0.6514475934194792,2, , ,-0.5375846913360424,2
30,7,1,1,12,24, , , ,1,2,1,90, , , ,1,2,2,2,1,0.7136807214725633,-0.45386513252880534,3, , ,-0.23313322347511634,3
30,8,1,1,12,5, , , ,1,2,5,90, , , ,1,2,2,3,1,0.7136807214725633,-0.9716985083779763,1, , ,-1.0310539026384977,1
30,10,1,1,12,95, , , ,1,1,6,90, , , ,1,2,2,3,1,0.7136807214725633,-0.6740528970819779,2, , ,-0.5724168209211565,2
30,11,1,1,12,24, , , ,1,1,90, , , , ,3,2,2,2,1,0.7136807214725633,0.15538262980620243,4, , ,0.7056463356908712,5
30,11,2,1,12,24, , , ,1,3,6,7,90, , ,3,2,2,2,1,0.7136807214725633,0.15538262980620243,4, , ,0.7056463356908712,5
30,11,3,1,12,24, , , ,1,4,5,90, , , ,3,2,2,2,1,0.7136807214725633,0.15538262980620243,4, , ,0.7056463356908712,5
30,12,1,1,12,12, , , ,1,1,2,90, , , ,2,2,2,2,1,0.7136807214725633,-0.9187231917516352,1, , ,-0.9494251344037957,1
30,12,2,1,12,24, , , ,2, , , , , , ,2,2,2,2,1,0.7136807214725633,-0.9187231917516352,1, , ,-0.9494251344037957,1
30,13,1,1,13,6, , , ,1,2,1,6,90, , ,4,2,2,2,1,0.7136807214725633,-0.4558163137686029,3, , ,-0.23613976560360894,3
30,13,2,1,13,6, , , ,1,3,4,5,90, , ,4,2,2,2,1,0.7136807214725633,-0.4558163137686029,3, , ,-0.23613976560360894,3
30,13,3,1,13,6, , , ,2, , , , , , ,4,2,2,2,1,0.7136807214725633,-0.4558163137686029,3, , ,-0.23613976560360894,3
30,13,4,1,13,6, , , ,2, , , , , , ,4,2,2,2,1,0.7136807214725633,-0.4558163137686029,3, , ,-0.23613976560360894,3
30,14,1,1,13,24, , , ,1,1,90, , , , ,2,2,2,2,1,0.7136807214725633,-0.6098962607294556,2, , ,-0.47355894647979707,2
30,14,2,1,13,24, , , ,1,2,8,90, , , ,2,2,2,2,1,0.7136807214725633,-0.6098962607294556,2, , ,-0.47355894647979707,2
30,15,1,1,13,4, , , ,1,7,6,90, , , ,2,2,2,3,1,0.7136807214725633,-0.8899426987425136,1, , ,-0.9050777601333818,1
30,15,2,1,12,4, , , ,1,1,2,8,90, , ,2,2,2,3,1,0.7136807214725633,-0.8899426987425136,1, , ,-0.9050777601333818,1
30,16,1,1,12,24, , , ,1,1,6,3,90, , ,2,2,2,2,1,0.7136807214725633,0.5911996403904363,5, , ,1.3771893865922766,5
30,16,2,1,12,24, , , ,1,2,4,5,90, , ,2,2,2,2,1,0.7136807214725633,0.5911996403904363,5, , ,1.3771893865922766,5
30,18,1,1,12,95, , , ,1,1,90, , , , ,3,2,2,2,1,0.7136807214725633,0.48519418928224695,4, , ,1.2138473822176807,5
30,18,2,1,12,95, , , ,1,4,90, , , , ,3,2,2,2,1,0.7136807214725633,0.48519418928224695,4, , ,1.2138473822176807,5
30,18,3,1,12,95, , , ,1,5,90, , , , ,3,2,2,2,1,0.7136807214725633,0.48519418928224695,4, , ,1.2138473822176807,5
30,19,1,1,12,95, , , ,2, , , , , , ,2,2,2,2,1,0.7136807214725633,-0.11078249598501647,4, , ,0.29551700095522127,4
30,19,2,1,12,95, , , ,2, , , , , , ,2,2,2,2,1,0.7136807214725633,-0.11078249598501647,4, , ,0.29551700095522127,4
30,20,1,1,12,95, , , ,1,1,2,4,90, , ,2,2,2,2,1,0.7136807214725633,-1.0752359481547822,1, , ,-1.1905929901491679,1
30,20,2,1,12,95, , , ,2, , , , , , ,2,2,2,2,1,0.7136807214725633,-1.0752359481547822,1, , ,-1.1905929901491679,1
30,26,1,1,11,95, , , ,1,1,90, , , , ,1,2,2,2,1,0.7136807214725633,-0.9968440137239349,1, , ,-1.0698001859784845,1
30,27,1,1,12,95, , , ,1,1,2,90, , , ,1,2,2,2,1,0.7136807214725633,-1.0559338136315266,1, , ,-1.1608506579504319,1
30,28,1,1,11,95, , , ,1,1,2,90, , , ,2,2,2,1,1,0.7136807214725633,-1.0355121226753583,1, , ,-1.1293832202042855,1
30,28,2,1,11,95, , , ,1,3,4,5,90, , ,2,2,2,1,1,0.7136807214725633,-1.0355121226753583,1, , ,-1.1293832202042855,1
30,29,1,1,12,12, , , ,1,1,90, , , , ,2,2,2,1,1,0.7136807214725633,-0.7463804243890093,1, , ,-0.6838650828575291,1
30,29,2,1,12,24, , , ,1,2,90, , , , ,2,2,2,1,1,0.7136807214725633,-0.7463804243890093,1, , ,-0.6838650828575291,1
31,1,1,1,12,12, , , ,1,1,6,90, , , ,3,2,2,3,1,0.6650206722812522,-0.4288119497254939,3, , ,-0.19452919837758142,3
31,1,2,1,12,24, , , ,1,2,3,90, , , ,3,2,2,3,1,0.6650206722812522,-0.4288119497254939,3, , ,-0.19452919837758142,3
31,1,3,1,12,95, , , ,1,4,5,90, , , ,3,2,2,3,1,0.6650206722812522,-0.4288119497254939,3, , ,-0.19452919837758142,3
31,2,1,1,12,95, , , ,1,1,90, , , , ,3,2,2,3,1,0.6650206722812522,0.8615431321704361,5, , ,1.793757094718004,5
31,2,2,1,12,95, , , ,1,2,3,4,90, , ,3,2,2,3,1,0.6650206722812522,0.8615431321704361,5, , ,1.793757094718004,5
31,2,3,1,12,10, , , ,2, , , , , , ,3,2,2,3,1,0.6650206722812522,0.8615431321704361,5, , ,1.793757094718004,5
31,3,1,1,12,24, , , ,1,1,2,90, , , ,2,2,2,3,1,0.6650206722812522,-0.489051073292721,2, , ,-0.2873506437124779,3
31,3,2,1,12,24, , , ,1,3,4,5,90, , ,2,2,2,3,1,0.6650206722812522,-0.489051073292721,2, , ,-0.2873506437124779,3
31,4,1,1,12,24, , , ,1,1,5,90, , , ,1,2,2,1,1,0.6650206722812522,-0.48023332458606066,2, , ,-0.2737635240619288,3
31,6,1,1,21,95, ,1,12,1,1,90, , , , ,5,2,2,2,6,0.6650206722812522,1.3444176192789044,5, , ,2.5378102142613903,5
31,6,2,1,12,23, , , ,1,3,90, , , , ,5,2,2,2,6,0.6650206722812522,1.3444176192789044,5, , ,2.5378102142613903,5
31,6,3,1,12,23, , , ,1,2,7,90, , , ,5,2,2,2,6,0.6650206722812522,1.3444176192789044,5, , ,2.5378102142613903,5
31,6,4,1,12,23, , , ,1,5,0,90, , , ,5,2,2,2,6,0.6650206722812522,1.3444176192789044,5, , ,2.5378102142613903,5
31,6,5,1,12,23, , , ,1,6,90, , , , ,5,2,2,2,6,0.6650206722812522,1.3444176192789044,5, , ,2.5378102142613903,5
31,7,1,1,21,95, ,2, ,2, , , , , , ,2,2,2,2,1,0.6650206722812522,-0.03334370425693273,4, , ,0.4148411236770092,4
31,7,2,1,21,95, ,2, ,1,3,4,90, , , ,2,2,2,2,1,0.6650206722812522,-0.03334370425693273,4, , ,0.4148411236770092,4
31,8,1,1,21,95, ,2, ,1,1,4,5,90, , ,1,2,2,2,1,0.6650206722812522,0.3359350899293179,4, , ,0.9838565637778646,5
31,9,1,1,21,95, ,2, ,1,2,90, , , , ,4,2,2,2,1,0.6650206722812522,0.27561352829555635,4, , ,0.8909080910223616,5
31,9,2,1,21,95, ,2, ,1,6,7,90, , , ,4,2,2,2,1,0.6650206722812522,0.27561352829555635,4, , ,0.8909080910223616,5
31,9,3,1,13,95, , , ,1,4,5,90, , , ,4,2,2,2,1,0.6650206722812522,0.27561352829555635,4, , ,0.8909080910223616,5
31,9,4,1,13,95, , , ,1,3,90, , , , ,4,2,2,2,1,0.6650206722812522,0.27561352829555635,4, , ,0.8909080910223616,5
31,10,1,1,16,36, , , ,1,1,90, , , , ,2,2,2,1,1,0.6650206722812522,0.25643850282073705,4, , ,0.8613616190037263,5
31,10,2,1,16,36, , , ,1,2,90, , , , ,2,2,2,1,1,0.6650206722812522,0.25643850282073705,4, , ,0.8613616190037263,5
31,11,1,1,28,12, ,2, ,1,1,90, , , , ,1,2,2,3,1,0.6650206722812522,0.8418662742643386,5, , ,1.7634373576047133,5
31,16,1,2,18,4, , , ,1,1,2,90, , , ,1,2,2,3,1,0.6650206722812522,0.27581887619015394,4, , ,0.8912245081155113,5
31,20,1,1,11,95, , , ,1,1,2,3,90, , ,1,2,2,3,1,0.6650206722812522,0.5500883861632715,4, , ,1.3138417511865736,5
31,22,1,1,11,3, , , ,1,1,2,3,90, , ,1,2,2,2,1,0.6650206722812522,0.6108621225922757,5, , ,1.4074869724263335,5
31,29,1,1,12,95, , , ,1,1,2,3,4,90,90,1,2,2,1,6,0.6650206722812522,-0.10141032727455965,4, , ,0.3099584170003309,4
31,30,1,1,12,3, , , ,1,1,2,90, , , ,2,2,2,3,1,0.6650206722812522,0.3603501888818365,4, , ,1.0214773762758778,5
31,30,2,1,12,1, , , ,2, , , , , , ,2,2,2,3,1,0.6650206722812522,0.3603501888818365,4, , ,1.0214773762758778,5
32,1,1,1,16,10, , , ,1,1,6,90, , , ,4,2,2,3,1,1.1516211641943634,-0.5340009408813952,2, , ,-0.3566131334387209,3
32,1,2,1,16,10, , , ,1,2,90, , , , ,4,2,2,3,1,1.1516211641943634,-0.5340009408813952,2, , ,-0.3566131334387209,3
32,1,3,1,16,9, , , ,1,4,5,3,90, , ,4,2,2,3,1,1.1516211641943634,-0.5340009408813952,2, , ,-0.3566131334387209,3
32,1,4,1,16,9, , , ,2, , , , , , ,4,2,2,3,1,1.1516211641943634,-0.5340009408813952,2, , ,-0.3566131334387209,3
32,2,1,1,12,95, , , ,1,1,90, , , , ,4,2,2,2,1,1.1516211641943634,-0.22413842125951805,3, , ,0.12084877542051017,4
32,2,2,1,12,95, , , ,1,3,5,7,8,90,90,4,2,2,2,1,1.1516211641943634,-0.22413842125951805,3, , ,0.12084877542051017,4
32,2,3,2,12,95, , , ,1,2,90, , , , ,4,2,2,2,1,1.1516211641943634,-0.22413842125951805,3, , ,0.12084877542051017,4
32,2,4,2,12,95, , , ,1,9,90, , , , ,4,2,2,2,1,1.1516211641943634,-0.22413842125951805,3, , ,0.12084877542051017,4
32,4,1,1,11,3, , , ,1,2,90, , , , ,1,2,2,2,1,1.1516211641943634,-0.6749143923119858,2, , ,-0.5737442843313639,2
32,5,1,1,12,28, , , ,1,2,90, , , , ,2,2,2,2,1,1.1516211641943634,-0.8705945083183206,1, , ,-0.8752644611768633,1
32,5,2,1,12,28, , , ,2, , , , , , ,2,2,2,2,1,1.1516211641943634,-0.8705945083183206,1, , ,-0.8752644611768633,1
32,6,1,1,11,2, , , ,2, , , , , , ,3,2,2,3,1,1.1516211641943634,-0.7625704848050592,1, , ,-0.7088120727684952,1
32,6,2,1,11,95, , , ,1,2,6,90, , , ,3,2,2,3,1,1.1516211641943634,-0.7625704848050592,1, , ,-0.7088120727684952,1
32,6,3,1,11,95, , , ,2, , , , , , ,3,2,2,3,1,1.1516211641943634,-0.7625704848050592,1, , ,-0.7088120727684952,1
32,8,1,1,12,95, , , ,1,1,90, , , , ,1,2,2,3,1,1.1516211641943634,-0.5878858732580061,2, , ,-0.43964351317836464,2
32,9,1,1,18,95, , , ,1,1,2,90, , , ,4,2,2,3,1,1.1516211641943634,-0.5480336708661333,2, , ,-0.3782359294231959,2
32,9,2,2,18,95, , , ,1,4,5,90, , , ,4,2,2,3,1,1.1516211641943634,-0.5480336708661333,2, , ,-0.3782359294231959,2
32,9,3,2,18,95, , , ,1,6,90, , , , ,4,2,2,3,1,1.1516211641943634,-0.5480336708661333,2, , ,-0.3782359294231959,2
32,9,4,2,18,95, , , ,1,7,9,90, , , ,4,2,2,3,1,1.1516211641943634,-0.5480336708661333,2, , ,-0.3782359294231959,2
32,10,1,1,28,21, ,1,4,1,1,2,90, , , ,6,2,2,2,1,1.1516211641943634,-0.2709372791558381,3, , ,0.04873720784248906,4
32,10,2,1,28,95, ,1,6,2, , , , , , ,6,2,2,2,1,1.1516211641943634,-0.2709372791558381,3, , ,0.04873720784248906,4
32,10,3,2,28,8, ,2, ,2, , , , , , ,6,2,2,2,1,1.1516211641943634,-0.2709372791558381,3, , ,0.04873720784248906,4
32,10,4,2,18,95, , , ,1,4,90, , , , ,6,2,2,2,1,1.1516211641943634,-0.2709372791558381,3, , ,0.04873720784248906,4
32,10,5,2,18,95, , , ,1,3,90, , , , ,6,2,2,2,1,1.1516211641943634,-0.2709372791558381,3, , ,0.04873720784248906,4
32,10,6,2,18,9, , , ,8, , , , , , ,6,2,2,2,1,1.1516211641943634,-0.2709372791558381,3, , ,0.04873720784248906,4
32,11,1,1,12,98, , , ,1,1,2,7,90, , ,4,2,2,3,1,1.1516211641943634,-0.44281691316816635,3, , ,-0.21610920936762318,3
32,11,2,1,12,98, , , ,1,3,4,5,6,90,90,4,2,2,3,1,1.1516211641943634,-0.44281691316816635,3, , ,-0.21610920936762318,3
32,11,3,1,12,98, , , ,2, , , , , , ,4,2,2,3,1,1.1516211641943634,-0.44281691316816635,3, , ,-0.21610920936762318,3
32,11,4,1,12,3, , , ,2, , , , , , ,4,2,2,3,1,1.1516211641943634,-0.44281691316816635,3, , ,-0.21610920936762318,3
32,12,1,1,12,4, , , ,1,1,90, , , , ,2,2,2,2,1,1.1516211641943634,-0.6220964691030249,2, , ,-0.49235804094799257,2
32,12,2,1,12,4, , , ,1,2,90, , , , ,2,2,2,2,1,1.1516211641943634,-0.6220964691030249,2, , ,-0.49235804094799257,2
32,14,1,1,12,32, , , ,1,1,2,90, , , ,1,2,2,2,1,1.1516211641943634,-0.7562886832926279,1, , ,-0.6991325512024139,1
32,15,1,1,12,95, , , ,1,2,90, , , , ,5,2,2,2,1,1.1516211641943634,-0.5262931296414379,2, , ,-0.34473629763344976,3
32,15,2,1,12,29, , , ,1,1,90, , , , ,5,2,2,2,1,1.1516211641943634,-0.5262931296414379,2, , ,-0.34473629763344976,3
32,15,3,1,12,29, , , ,1,5,90, , , , ,5,2,2,2,1,1.1516211641943634,-0.5262931296414379,2, , ,-0.34473629763344976,3
32,15,4,2,11,23, , , ,1,3,90, , , , ,5,2,2,2,1,1.1516211641943634,-0.5262931296414379,2, , ,-0.34473629763344976,3
32,15,5,2,12,29, , , ,1,4,90, , , , ,5,2,2,2,1,1.1516211641943634,-0.5262931296414379,2, , ,-0.34473629763344976,3
32,16,1,1,12,20, , , ,1,4,3,90, , , ,2,2,2,2,1,1.1516211641943634,-0.04011655945986475,4, , ,0.40440494579539493,4
32,16,2,1,12,20, , , ,1,1,2,5,90, , ,2,2,2,2,1,1.1516211641943634,-0.04011655945986475,4, , ,0.40440494579539493,4
32,18,1,1,18,95, , , ,1,3,5,90, , , ,3,2,2,2,1,1.1516211641943634,-0.3806582137344334,3, , ,-0.12032992208869162,3
32,18,2,1,18,95, , , ,1,2,90, , , , ,3,2,2,2,1,1.1516211641943634,-0.3806582137344334,3, , ,-0.12032992208869162,3
32,18,3,1,18,95, , , ,1,4,90, , , , ,3,2,2,2,1,1.1516211641943634,-0.3806582137344334,3, , ,-0.12032992208869162,3
32,20,1,1,16,98, , , ,1,3,4,90, , , ,3,2,2,2,1,1.1516211641943634,-0.4684538030323776,3, , ,-0.255612658790023,3
32,20,2,1,16,98, , , ,1,1,2,5,90, , ,3,2,2,2,1,1.1516211641943634,-0.4684538030323776,3, , ,-0.255612658790023,3
32,20,3,1,12,5, , , ,2, , , , , , ,3,2,2,2,1,1.1516211641943634,-0.4684538030323776,3, , ,-0.255612658790023,3
32,21,1,1,12,30, , , ,1,1,2,90, , , ,3,2,2,2,1,1.1516211641943634,-0.5559742186670721,2, , ,-0.39047138505381146,2
32,21,2,1,12,30, , , ,1,5,4,90, , , ,3,2,2,2,1,1.1516211641943634,-0.5559742186670721,2, , ,-0.39047138505381146,2
32,21,3,1,12,30, , , ,1,3,90, , , , ,3,2,2,2,1,1.1516211641943634,-0.5559742186670721,2, , ,-0.39047138505381146,2
32,22,1,1,13,95, , , ,1,2,7,90, , , ,1,2,2,2,1,1.1516211641943634,-0.46206290400786426,3, , ,-0.24576503071517752,3
32,24,1,1,12,7, , , ,1,1,3,90, , , ,2,2,2,3,1,1.1516211641943634,-0.8532699510179043,1, , ,-0.8485693442298636,1
32,24,2,1,12,14, , , ,2, , , , , , ,2,2,2,3,1,1.1516211641943634,-0.8532699510179043,1, , ,-0.8485693442298636,1
32,25,1,1,12,12, , , ,1,1,90, , , , ,2,2,2,1,1,1.1516211641943634,-0.5069283134363043,2, , ,-0.31489738029264314,3
32,25,2,1,12,12, , , ,2, , , , , , ,2,2,2,1,1,1.1516211641943634,-0.5069283134363043,2, , ,-0.31489738029264314,3
32,26,1,1,12,98, , , ,1,1,90, , , , ,2,2,2,2,1,1.1516211641943634,-0.6082316776467045,2, , ,-0.47099401859786083,2
32,26,2,1,12,98, , , ,1,2,3,4,5,6,90,2,2,2,2,1,1.1516211641943634,-0.6082316776467045,2, , ,-0.47099401859786083,2
32,27,1,1,12,95, , , ,1,1,2,90, , , ,1,2,2,1,1,1.1516211641943634,-0.6506831865852483,2, , ,-0.5364068297906632,2
32,28,1,1,12,11, , , ,1,2,1,5,90, , ,3,2,2,3,1,1.1516211641943634,-0.8739324400111825,1, , ,-0.8804078235933969,1
32,28,2,1,12,11, , , ,1,6,90, , , , ,3,2,2,3,1,1.1516211641943634,-0.8739324400111825,1, , ,-0.8804078235933969,1
32,28,3,1,12,11, , , ,2, , , , , , ,3,2,2,3,1,1.1516211641943634,-0.8739324400111825,1, , ,-0.8804078235933969,1
32,29,1,1,11,12, , , ,1,1,2,6,90, , ,2,2,2,2,1,1.1516211641943634,-0.47613649387400925,3, , ,-0.26745078699893654,3
32,29,2,1,12,1, , , ,2, , , , , , ,2,2,2,2,1,1.1516211641943634,-0.47613649387400925,3, , ,-0.26745078699893654,3
32,30,1,2,98,12,8,1,98,1,1,2,90, , , ,2,2,2,2,1,1.1516211641943634,-0.9385827262968087,1, , ,-0.9800263548565482,1
32,30,2,2,98,12,8,2, ,2, , , , , , ,2,2,2,2,1,1.1516211641943634,-0.9385827262968087,1, , ,-0.9800263548565482,1
33,1,1,1,12,12, , , ,1,1,2,90, , , ,5,2,2,2,1,0.9083209182378078,0.42712719820714967,4, , ,1.124372939054112,5
33,1,2,1,12,12, , , ,1,3,90, , , , ,5,2,2,2,1,0.9083209182378078,0.42712719820714967,4, , ,1.124372939054112,5
33,1,3,1,12,12, , , ,1,4,90, , , , ,5,2,2,2,1,0.9083209182378078,0.42712719820714967,4, , ,1.124372939054112,5
33,1,4,1,12,12, , , ,1,5,90, , , , ,5,2,2,2,1,0.9083209182378078,0.42712719820714967,4, , ,1.124372939054112,5
33,1,5,1,12,12, , , ,1,8,9,90, , , ,5,2,2,2,1,0.9083209182378078,0.42712719820714967,4, , ,1.124372939054112,5
33,2,1,1,12,95, , , ,1,1,90, , , , ,4,2,2,1,1,0.9083209182378078,-0.3530356071240977,3, , ,-0.07776671536097049,3
33,2,2,1,12,95, , , ,1,3,6,90, , , ,4,2,2,1,1,0.9083209182378078,-0.3530356071240977,3, , ,-0.07776671536097049,3
33,2,3,1,12,95, , , ,1,2,7,90, , , ,4,2,2,1,1,0.9083209182378078,-0.3530356071240977,3, , ,-0.07776671536097049,3
33,2,4,1,12,95, , , ,1,5,4,90, , , ,4,2,2,1,1,0.9083209182378078,-0.3530356071240977,3, , ,-0.07776671536097049,3
33,3,1,1,12,24, , , ,1,1,90, , , , ,1,2,2,3,1,0.9083209182378078,-0.03404749761876974,4, , ,0.4137566604047322,4
33,4,1,1,21,4, ,2, ,1,1,2,5,90, , ,3,2,2,2,1,0.9083209182378078,-0.6206248059362207,2, , ,-0.49009038009737543,2
33,4,2,1,21,6, ,2, ,1,3,4,90, , , ,3,2,2,2,1,0.9083209182378078,-0.6206248059362207,2, , ,-0.49009038009737543,2
33,4,3,1,11,3, , , ,2, , , , , , ,3,2,2,2,1,0.9083209182378078,-0.6206248059362207,2, , ,-0.49009038009737543,2
33,5,1,1,28,12, ,2, ,1,1,2,8,90, , ,2,2,2,3,1,0.9083209182378078,-0.4198507453150513,3, , ,-0.18072103026254482,3
33,5,2,1,28,95, ,2, ,1,4,5,6,90, , ,2,2,2,3,1,0.9083209182378078,-0.4198507453150513,3, , ,-0.18072103026254482,3
33,7,1,1,13,15, , , ,1,2,5,4,90, , ,3,2,2,2,1,0.9083209182378078,-0.7231873678373704,1, , ,-0.648127294799332,1
33,7,2,1,13,15, , , ,1,3,90, , , , ,3,2,2,2,1,0.9083209182378078,-0.7231873678373704,1, , ,-0.648127294799332,1
33,7,3,2,13,15, , , ,1,1,90, , , , ,3,2,2,2,1,0.9083209182378078,-0.7231873678373704,1, , ,-0.648127294799332,1
33,8,1,2,13,25, , , ,1,3,90, , , , ,4,2,2,3,1,0.9083209182378078,0.09349025537766248,4, , ,0.6102774241021378,4
33,8,2,2,13,25, , , ,1,2,90, , , , ,4,2,2,3,1,0.9083209182378078,0.09349025537766248,4, , ,0.6102774241021378,4
33,8,3,1,12,22, , , ,1,1,4,90, , , ,4,2,2,3,1,0.9083209182378078,0.09349025537766248,4, , ,0.6102774241021378,4
33,8,4,2,13,22, , , ,2, , , , , , ,4,2,2,3,1,0.9083209182378078,0.09349025537766248,4, , ,0.6102774241021378,4
33,9,1,1,12,1, , , ,2, , , , , , ,2,2,2,3,1,0.9083209182378078,0.11123038704659621,4, , ,0.6376128925556939,4
33,9,2,1,12,2, , , ,1,1,2,90, , , ,2,2,2,3,1,0.9083209182378078,0.11123038704659621,4, , ,0.6376128925556939,4
33,11,1,1,11,5, , , ,1,3,4,90, , , ,6,2,2,2,6,0.9083209182378078,0.746385820156847,5, , ,1.616313142864124,5
33,11,2,1,11,5, , , ,1,1,5,6,90, , ,6,2,2,2,6,0.9083209182378078,0.746385820156847,5, , ,1.616313142864124,5
33,11,3,1,11,5, , , ,2, , , , , , ,6,2,2,2,6,0.9083209182378078,0.746385820156847,5, , ,1.616313142864124,5
33,11,4,1,12,99, , , ,2, , , , , , ,6,2,2,2,6,0.9083209182378078,0.746385820156847,5, , ,1.616313142864124,5
33,11,5,1,12,99, , , ,2, , , , , , ,6,2,2,2,6,0.9083209182378078,0.746385820156847,5, , ,1.616313142864124,5
33,11,6,1,12,99, , , ,2, , , , , , ,6,2,2,2,6,0.9083209182378078,0.746385820156847,5, , ,1.616313142864124,5
33,13,1,1,12,34, , , ,1,5,7,90, , , ,4,2,2,3,1,0.9083209182378078,0.1886143359728436,4, , ,0.7568525089329134,5
33,13,2,1,12,34, , , ,1,1,2,90, , , ,4,2,2,3,1,0.9083209182378078,0.1886143359728436,4, , ,0.7568525089329134,5
33,13,3,1,12,34, , , ,1,4,90, , , , ,4,2,2,3,1,0.9083209182378078,0.1886143359728436,4, , ,0.7568525089329134,5
33,13,4,1,12,34, , , ,2, , , , , , ,4,2,2,3,1,0.9083209182378078,0.1886143359728436,4, , ,0.7568525089329134,5
33,14,1,2,18,98, , , ,1,1,2,7,90, , ,6,2,2,2,1,0.9083209182378078,-0.1678779239441268,3, , ,0.20753962294332817,4
33,14,2,2,18,98, , , ,1,5,6,90, , , ,6,2,2,2,1,0.9083209182378078,-0.1678779239441268,3, , ,0.20753962294332817,4
33,14,3,1,11,98, , , ,2, , , , , , ,6,2,2,2,1,0.9083209182378078,-0.1678779239441268,3, , ,0.20753962294332817,4
33,14,4,2,12,98, , , ,2, , , , , , ,6,2,2,2,1,0.9083209182378078,-0.1678779239441268,3, , ,0.20753962294332817,4
33,14,5,2,12,98, , , ,2, , , , , , ,6,2,2,2,1,0.9083209182378078,-0.1678779239441268,3, , ,0.20753962294332817,4
33,14,6,2,12,98, , , ,2, , , , , , ,6,2,2,2,1,0.9083209182378078,-0.1678779239441268,3, , ,0.20753962294332817,4
33,15,1,1,12,24, , , ,1,2,3,90, , , ,3,2,2,3,1,0.9083209182378078,-0.494989205813091,2, , ,-0.2965006115488421,3
33,15,2,2,12,24, , , ,1,0,90, , , , ,3,2,2,3,1,0.9083209182378078,-0.494989205813091,2, , ,-0.2965006115488421,3
33,15,3,2,12,24, , , ,1,0,90, , , , ,3,2,2,3,1,0.9083209182378078,-0.494989205813091,2, , ,-0.2965006115488421,3
33,16,1,1,21,95, ,8, ,2, , , , , , ,5,2,2,3,1,0.9083209182378078,1.9301919897973137,5, , ,3.4404200215069762,5
33,16,2,1,12,98, , , ,1,2,90, , , , ,5,2,2,3,1,0.9083209182378078,1.9301919897973137,5, , ,3.4404200215069762,5
33,16,3,9,12,98, , , ,2, , , , , , ,5,2,2,3,1,0.9083209182378078,1.9301919897973137,5, , ,3.4404200215069762,5
33,16,4,1,12,98, , , ,2, , , , , , ,5,2,2,3,1,0.9083209182378078,1.9301919897973137,5, , ,3.4404200215069762,5
33,16,5,1,12,98, , , ,2, , , , , , ,5,2,2,3,1,0.9083209182378078,1.9301919897973137,5, , ,3.4404200215069762,5
33,17,1,1,12,7, , , ,1,1,90, , , , ,1,2,2,3,1,0.9083209182378078,-0.6907955678818842,1, , ,-0.5982153188139641,2
33,19,1,1,12,12, , , ,1,1,90, , , , ,2,2,2,2,1,0.9083209182378078,-0.18572358133611414,3, , ,0.18004155169023253,4
33,19,2,1,12,12, , , ,1,4,5,90, , , ,2,2,2,2,1,0.9083209182378078,-0.18572358133611414,3, , ,0.18004155169023253,4
33,20,1,1,12,24, , , ,1,2,90, , , , ,3,2,2,2,1,0.9083209182378078,-0.44618813237205857,3, , ,-0.22130386394616813,3
33,20,2,1,12,24, , , ,1,1,90, , , , ,3,2,2,2,1,0.9083209182378078,-0.44618813237205857,3, , ,-0.22130386394616813,3
33,20,3,1,12,24, , , ,2, , , , , , ,3,2,2,2,1,0.9083209182378078,-0.44618813237205857,3, , ,-0.22130386394616813,3
33,22,1,1,12,24, , , ,1,1,2,90, , , ,2,2,2,2,1,0.9083209182378078,-0.20446735735095276,3, , ,0.15115958466112667,4
33,22,2,1,12,12, , , ,1,4,5,90, , , ,2,2,2,2,1,0.9083209182378078,-0.20446735735095276,3, , ,0.15115958466112667,4
33,25,1,1,12,7, , , ,2, , , , , , ,3,2,2,2,1,0.9083209182378078,-0.22538601995221302,3, , ,0.11892637172344045,4
33,25,2,1,13,7, , , ,1,5,7,90, , , ,3,2,2,2,1,0.9083209182378078,-0.22538601995221302,3, , ,0.11892637172344045,4
33,25,3,1,12,12, , , ,1,2,3,4,90, , ,3,2,2,2,1,0.9083209182378078,-0.22538601995221302,3, , ,0.11892637172344045,4
33,26,1,1,11,1, , , ,1,1,2,3,4,90,90,3,2,2,2,1,0.9083209182378078,-0.2616725795264797,3, , ,0.06301302660055925,4
33,26,2,1,12,15, , , ,2, , , , , , ,3,2,2,2,1,0.9083209182378078,-0.2616725795264797,3, , ,0.06301302660055925,4
33,26,3,2,12,15, , , ,1,0,90, , , , ,3,2,2,2,1,0.9083209182378078,-0.2616725795264797,3, , ,0.06301302660055925,4
33,27,1,1,11,12, , , ,1,1,90, , , , ,3,2,2,1,1,0.9083209182378078,-0.5114120063443535,2, , ,-0.3218062267618067,3
33,27,2,1,11,2, , , ,2, , , , , , ,3,2,2,1,1,0.9083209182378078,-0.5114120063443535,2, , ,-0.3218062267618067,3
33,27,3,1,11,2, , , ,2, , , , , , ,3,2,2,1,1,0.9083209182378078,-0.5114120063443535,2, , ,-0.3218062267618067,3
33,28,1,1,11,95, , , ,1,1,90, , , , ,2,2,2,2,1,0.9083209182378078,-0.39860470435205375,3, , ,-0.14798336555152053,3
33,28,2,1,12,95, , , ,1,2,7,90, , , ,2,2,2,2,1,0.9083209182378078,-0.39860470435205375,3, , ,-0.14798336555152053,3
33,29,1,1,12,24, , , ,2, , , , , , ,1,2,2,3,1,0.9083209182378078,-0.3388143993667716,3, , ,-0.05585349716864923,3
34,1,1,2,12,2, , , ,1,1,2,90, , , ,5,2,2,3,1,0.8921009018407042,0.5792199152833906,5, , ,1.3587300310555088,5
34,1,2,2,12,2, , , ,1,3,4,6,90, , ,5,2,2,3,1,0.8921009018407042,0.5792199152833906,5, , ,1.3587300310555088,5
34,1,3,2,12,2, , , ,1,10,9,8,90, , ,5,2,2,3,1,0.8921009018407042,0.5792199152833906,5, , ,1.3587300310555088,5
34,1,4,2,12,2, , , ,1,5,7,90, , , ,5,2,2,3,1,0.8921009018407042,0.5792199152833906,5, , ,1.3587300310555088,5
34,1,5,2,12,2, , , ,2, , , , , , ,5,2,2,3,1,0.8921009018407042,0.5792199152833906,5, , ,1.3587300310555088,5
34,3,1,1,98,95,8,2, ,1,1,2,90, , , ,3,2,2,3,1,0.8921009018407042,0.23890555940089814,4, , ,0.8343454034143978,5
34,3,2,1,98,95,8,2, ,1,3,4,90, , , ,3,2,2,3,1,0.8921009018407042,0.23890555940089814,4, , ,0.8343454034143978,5
34,3,3,1,98,95,8,2, ,1,5,90, , , , ,3,2,2,3,1,0.8921009018407042,0.23890555940089814,4, , ,0.8343454034143978,5
34,4,1,1,12,0, , , ,2, , , , , , ,5,2,2,2,1,0.8921009018407042,0.40974927680911505,4, , ,1.0975955942728315,5
34,4,2,1,12,24, , , ,2, , , , , , ,5,2,2,2,1,0.8921009018407042,0.40974927680911505,4, , ,1.0975955942728315,5
34,4,3,1,12,24, , , ,1,2,90, , , , ,5,2,2,2,1,0.8921009018407042,0.40974927680911505,4, , ,1.0975955942728315,5
34,4,4,1,12,22, , , ,1,3,90, , , , ,5,2,2,2,1,0.8921009018407042,0.40974927680911505,4, , ,1.0975955942728315,5
34,4,5,1,12,95, , , ,1,1,90, , , , ,5,2,2,2,1,0.8921009018407042,0.40974927680911505,4, , ,1.0975955942728315,5
34,6,1,1,13,95, , , ,1,1,90, , , , ,8,2,2,3,1,0.8921009018407042,0.687562906357938,5, , ,1.5256739111772395,5
34,6,2,1,13,95, , , ,1,2,10,13,90, , ,8,2,2,3,1,0.8921009018407042,0.687562906357938,5, , ,1.5256739111772395,5
34,6,3,1,13,95, , , ,1,12,9,11,90, , ,8,2,2,3,1,0.8921009018407042,0.687562906357938,5, , ,1.5256739111772395,5
34,6,4,1,13,95, , , ,2, , , , , , ,8,2,2,3,1,0.8921009018407042,0.687562906357938,5, , ,1.5256739111772395,5
34,6,5,1,13,95, , , ,2, , , , , , ,8,2,2,3,1,0.8921009018407042,0.687562906357938,5, , ,1.5256739111772395,5
34,6,6,1,13,95, , , ,1,8,16,4,90, , ,8,2,2,3,1,0.8921009018407042,0.687562906357938,5, , ,1.5256739111772395,5
34,6,7,1,13,95, , , ,1,3,15,90, , , ,8,2,2,3,1,0.8921009018407042,0.687562906357938,5, , ,1.5256739111772395,5
34,6,8,1,13,99, , , ,2, , , , , , ,8,2,2,3,1,0.8921009018407042,0.687562906357938,5, , ,1.5256739111772395,5
34,9,1,1,12,14, , , ,1,1,90, , , , ,3,2,2,2,1,0.8921009018407042,-0.750233280483666,1, , ,-0.6898018835643702,1
34,9,2,1,13,14, , , ,1,2,3,4,90, , ,3,2,2,2,1,0.8921009018407042,-0.750233280483666,1, , ,-0.6898018835643702,1
34,9,3,1,13,14, , , ,2, , , , , , ,3,2,2,2,1,0.8921009018407042,-0.750233280483666,1, , ,-0.6898018835643702,1
34,10,1,1,21,6, ,1,2,1,1,2,90, , , ,5,2,2,2,1,0.8921009018407042,-0.28168437051873246,3, , ,0.03217719676701663,4
34,10,2,2,21,6, ,1,2,1,3,90, , , , ,5,2,2,2,1,0.8921009018407042,-0.28168437051873246,3, , ,0.03217719676701663,4
34,10,3,2,21,6, ,1,2,1,4,90, , , , ,5,2,2,2,1,0.8921009018407042,-0.28168437051873246,3, , ,0.03217719676701663,4
34,10,4,2,21,6, ,1,99,1,5,90, , , , ,5,2,2,2,1,0.8921009018407042,-0.28168437051873246,3, , ,0.03217719676701663,4
34,10,5,2,21,6, ,1,99,1,6,90, , , , ,5,2,2,2,1,0.8921009018407042,-0.28168437051873246,3, , ,0.03217719676701663,4
34,12,1,1,18,22, , , ,1,1,90, , , , ,3,2,2,2,1,0.8921009018407042,-0.45085567865994314,3, , ,-0.2284960069747012,3
34,12,2,2,18,22, , , ,1,2,90, , , , ,3,2,2,2,1,0.8921009018407042,-0.45085567865994314,3, , ,-0.2284960069747012,3
34,12,3,2,18,22, , , ,1,3,4,90, , , ,3,2,2,2,1,0.8921009018407042,-0.45085567865994314,3, , ,-0.2284960069747012,3
34,13,1,2,21,12, ,2, ,2, , , , , , ,1,2,2,9,6,0.8921009018407042,0.28492420246711586,4, , ,0.9052547511739152,5
34,14,1,1,21,24, ,2, ,1,1,2,90, , , ,2,2,2,2,1,0.8921009018407042,-0.4700661682607581,3, , ,-0.25809712506448634,3
34,14,2,1,21,24, ,2, ,1,3,90, , , , ,2,2,2,2,1,0.8921009018407042,-0.4700661682607581,3, , ,-0.25809712506448634,3
34,15,1,1,21,95, ,2, ,1,1,2,6,90, , ,1,2,2,2,1,0.8921009018407042,0.2836082747794359,4, , ,0.9032270604856476,5
34,16,1,1,21,95, ,2, ,1,1,90, , , , ,1,2,2,2,1,0.8921009018407042,-0.35406809891924046,3, , ,-0.07935766448250968,3
34,17,1,1,18,33, , , ,1,1,90, , , , ,3,2,2,2,1,0.8921009018407042,-0.3223721170998278,3, , ,-0.03051786287910283,3
34,17,2,2,18,33, , , ,1,2,4,90, , , ,3,2,2,2,1,0.8921009018407042,-0.3223721170998278,3, , ,-0.03051786287910283,3
34,17,3,2,18,33, , , ,1,3,90, , , , ,3,2,2,2,1,0.8921009018407042,-0.3223721170998278,3, , ,-0.03051786287910283,3
34,18,1,1,28,24, ,2, ,1,1,2,3,90, , ,1,2,2,2,1,0.8921009018407042,-0.42798055905501275,3, , ,-0.19324812257331805,3
34,20,1,1,21,12, ,2, ,1,5,90, , , , ,3,2,2,2,1,0.8921009018407042,-0.1331804050539525,4, , ,0.26100444218703056,4
34,20,2,1,21,12, ,2, ,1,2,90, , , , ,3,2,2,2,1,0.8921009018407042,-0.1331804050539525,4, , ,0.26100444218703056,4
34,20,3,1,21,12, ,2, ,1,4,90, , , , ,3,2,2,2,1,0.8921009018407042,-0.1331804050539525,4, , ,0.26100444218703056,4
34,21,1,1,21,95, ,1,5,1,1,90, , , , ,4,2,2,2,1,0.8921009018407042,0.393969101555623,4, , ,1.0732801894673076,5
34,21,2,1,21,95, ,1,5,1,3,6,90, , , ,4,2,2,2,1,0.8921009018407042,0.393969101555623,4, , ,1.0732801894673076,5
34,21,3,1,21,95, ,1,5,1,4,5,90, , , ,4,2,2,2,1,0.8921009018407042,0.393969101555623,4, , ,1.0732801894673076,5
34,21,4,1,21,95, ,1,5,2, , , , , , ,4,2,2,2,1,0.8921009018407042,0.393969101555623,4, , ,1.0732801894673076,5
34,22,1,1,21,95, ,2, ,1,1,2,90, , , ,4,2,2,2,1,0.8921009018407042,0.21701137284098443,4, , ,0.8006090221296492,5
34,22,2,1,21,95, ,2, ,1,3,90, , , , ,4,2,2,2,1,0.8921009018407042,0.21701137284098443,4, , ,0.8006090221296492,5
34,22,3,1,21,95, ,2, ,1,6,7,90, , , ,4,2,2,2,1,0.8921009018407042,0.21701137284098443,4, , ,0.8006090221296492,5
34,22,4,1,21,95, ,2, ,1,4,5,90, , , ,4,2,2,2,1,0.8921009018407042,0.21701137284098443,4, , ,0.8006090221296492,5
34,23,1,2,11,95, , , ,1,1,2,6,90, , ,2,2,2,2,1,0.8921009018407042,-0.5708491264058844,2, , ,-0.4133918784769754,2
34,23,2,2,11,95, , , ,1,3,4,5,90, , ,2,2,2,2,1,0.8921009018407042,-0.5708491264058844,2, , ,-0.4133918784769754,2
34,24,1,1,12,11, , , ,1,1,2,90, , , ,4,2,2,3,1,0.8921009018407042,1.113728110436389,5, , ,2.1823446568904776,5
34,24,2,1,12,11, , , ,1,4,90, , , , ,4,2,2,3,1,0.8921009018407042,1.113728110436389,5, , ,2.1823446568904776,5
34,24,3,2,13,8, , , ,1,3,90, , , , ,4,2,2,3,1,0.8921009018407042,1.113728110436389,5, , ,2.1823446568904776,5
34,24,4,2,12,11, , , ,2, , , , , , ,4,2,2,3,1,0.8921009018407042,1.113728110436389,5, , ,2.1823446568904776,5
34,25,1,1,21,95, ,1,4,1,1,6,90, , , ,5,2,2,2,1,0.8921009018407042,-0.36175970843076766,3, , ,-0.09120953531882464,3
34,25,2,1,21,95, ,1,4,1,2,4,5,90, , ,5,2,2,2,1,0.8921009018407042,-0.36175970843076766,3, , ,-0.09120953531882464,3
34,25,3,1,21,95, ,1,4,1,3,90, , , , ,5,2,2,2,1,0.8921009018407042,-0.36175970843076766,3, , ,-0.09120953531882464,3
34,25,4,2,21,95, ,2, ,2, , , , , , ,5,2,2,2,1,0.8921009018407042,-0.36175970843076766,3, , ,-0.09120953531882464,3
34,25,5,2,21,95, ,2, ,2, , , , , , ,5,2,2,2,1,0.8921009018407042,-0.36175970843076766,3, , ,-0.09120953531882464,3
34,26,1,1,12,98, , , ,1,1,2,90, , , ,3,2,2,2,1,0.8921009018407042,0.042144878623838755,4, , ,0.5311602026134173,4
34,26,2,1,12,98, , , ,1,6,7,8,90, , ,3,2,2,2,1,0.8921009018407042,0.042144878623838755,4, , ,0.5311602026134173,4
34,26,3,1,99,98,9,9, ,2, , , , , , ,3,2,2,2,1,0.8921009018407042,0.042144878623838755,4, , ,0.5311602026134173,4
34,28,1,1,12,24, , , ,1,1,3,90, , , ,3,2,2,3,1,0.8921009018407042,0.9935157059431268,5, , ,1.997111398644363,5
34,28,2,1,12,24, , , ,1,2,90, , , , ,3,2,2,3,1,0.8921009018407042,0.9935157059431268,5, , ,1.997111398644363,5
34,28,3,1,13,14, , , ,1,4,5,90, , , ,3,2,2,3,1,0.8921009018407042,0.9935157059431268,5, , ,1.997111398644363,5
34,30,1,1,21,98, ,1,7,1,1,2,7,90, , ,4,2,2,3,1,0.8921009018407042,-0.0932509071508581,4, , ,0.32253112928641503,4
34,30,2,1,21,98, ,1,7,1,3,4,90, , , ,4,2,2,3,1,0.8921009018407042,-0.0932509071508581,4, , ,0.32253112928641503,4
34,30,3,2,26,98, ,1,7,1,5,6,90, , , ,4,2,2,3,1,0.8921009018407042,-0.0932509071508581,4, , ,0.32253112928641503,4
34,30,4,2,21,98, ,2, ,2, , , , , , ,4,2,2,3,1,0.8921009018407042,-0.0932509071508581,4, , ,0.32253112928641503,4
35,1,1,2,12,12, , , ,1,1,90, , , , ,2,2,2,2,1,0.5839205902957336,0.9262323686982723,5, , ,1.8934356437497413,5
35,1,2,2,12,12, , , ,1,2,90, , , , ,2,2,2,2,1,0.5839205902957336,0.9262323686982723,5, , ,1.8934356437497413,5
35,2,1,1,13,95, , , ,1,1,10,90, , , ,4,2,2,2,1,0.5839205902957336,0.944943907838933,5, , ,1.9222679375253686,5
35,2,2,1,13,95, , , ,1,2,90, , , , ,4,2,2,2,1,0.5839205902957336,0.944943907838933,5, , ,1.9222679375253686,5
35,2,3,1,12,12, , , ,1,5,8,90, , , ,4,2,2,2,1,0.5839205902957336,0.944943907838933,5, , ,1.9222679375253686,5
35,2,4,1,12,12, , , ,1,6,9,90, , , ,4,2,2,2,1,0.5839205902957336,0.944943907838933,5, , ,1.9222679375253686,5
35,4,1,1,12,12, , , ,1,1,90, , , , ,2,2,2,2,1,0.5839205902957336,-0.4135754375812375,3, , ,-0.17105151484996092,3
35,4,2,1,12,12, , , ,1,2,90, , , , ,2,2,2,2,1,0.5839205902957336,-0.4135754375812375,3, , ,-0.17105151484996092,3
35,5,1,1,11,98, , , ,1,1,3,90, , , ,1,2,2,2,1,0.5839205902957336,-0.37395475964415303,3, , ,-0.11000068320623105,3
35,6,1,1,12,22, , , ,1,1,90, , , , ,2,2,2,2,1,0.5839205902957336,-0.6824328424087973,1, , ,-0.5853293367580565,2
35,6,2,1,12,3, , , ,1,2,90, , , , ,2,2,2,2,1,0.5839205902957336,-0.6824328424087973,1, , ,-0.5853293367580565,2
35,9,1,2,11,24, , , ,1,2,4,5,90, , ,3,2,2,3,1,0.5839205902957336,-0.6662188895608248,2, , ,-0.5603455314033673,2
35,9,2,1,11,24, , , ,1,6,7,90, , , ,3,2,2,3,1,0.5839205902957336,-0.6662188895608248,2, , ,-0.5603455314033673,2
35,9,3,2,11,0, , , ,2, , , , , , ,3,2,2,3,1,0.5839205902957336,-0.6662188895608248,2, , ,-0.5603455314033673,2
35,10,1,1,28,24, ,2, ,1,1,90, , , , ,2,2,2,2,6,0.5839205902957336,-0.5225583081691246,2, , ,-0.3389813744772217,3
35,10,2,2,28,24, ,2, ,2, , , , , , ,2,2,2,2,6,0.5839205902957336,-0.5225583081691246,2, , ,-0.3389813744772217,3
35,11,1,1,18,15, , , ,1,1,90, , , , ,3,2,2,3,1,0.5839205902957336,-0.39249200673431706,3, , ,-0.13856441331294275,3
35,11,2,1,18,15, , , ,1,2,90, , , , ,3,2,2,3,1,0.5839205902957336,-0.39249200673431706,3, , ,-0.13856441331294275,3
35,11,3,1,18,15, , , ,1,3,4,90, , , ,3,2,2,3,1,0.5839205902957336,-0.39249200673431706,3, , ,-0.13856441331294275,3
35,13,1,1,21,12, ,2, ,1,1,2,90, , , ,2,2,2,3,1,0.5839205902957336,-0.24620183428864675,3, , ,0.08685163593525548,4
35,13,2,1,21,12, ,2, ,1,5,90, , , , ,2,2,2,3,1,0.5839205902957336,-0.24620183428864675,3, , ,0.08685163593525548,4
35,14,1,1,12,10, , , ,1,1,2,90, , , ,2,2,2,3,1,0.5839205902957336,-0.14499792358228547,3, , ,0.24279502802037822,4
35,14,2,1,12,10, , , ,1,3,4,90, , , ,2,2,2,3,1,0.5839205902957336,-0.14499792358228547,3, , ,0.24279502802037822,4
35,15,1,1,12,95, , , ,1,1,2,90, , , ,2,2,2,3,1,0.5839205902957336,-0.033569284279589384,4, , ,0.41449353124037125,4
35,15,2,1,12,95, , , ,1,4,5,6,7,90,90,2,2,2,3,1,0.5839205902957336,-0.033569284279589384,4, , ,0.41449353124037125,4
35,16,1,1,12,95, , , ,1,1,2,90, , , ,1,2,2,2,1,0.5839205902957336,0.6421387518023003,5, , ,1.455680600695812,5
35,17,1,1,18,98, , , ,1,1,2,90, , , ,1,2,2,2,1,0.5839205902957336,0.5067180504110587,4, , ,1.2470131353172302,5
35,18,1,1,12,98, , , ,1,1,2,90, , , ,2,2,2,2,6,0.5839205902957336,-0.146100969145336,3, , ,0.24109536379272178,4
35,18,2,1,12,98, , , ,1,3,4,90, , , ,2,2,2,2,6,0.5839205902957336,-0.146100969145336,3, , ,0.24109536379272178,4
35,20,1,9,12,95, , , ,1,1,2,90, , , ,2,2,2,2,1,0.5839205902957336,-0.46332623474662127,3, , ,-0.2477116756555967,3
35,20,2,9,12,95, , , ,2, , , , , , ,2,2,2,2,1,0.5839205902957336,-0.46332623474662127,3, , ,-0.2477116756555967,3
35,21,1,1,12,17, , , ,1,1,90, , , , ,6,2,2,2,1,0.5839205902957336,0.8766141561228835,5, , ,1.8169797802934642,5
35,21,2,1,12,17, , , ,1,2,90, , , , ,6,2,2,2,1,0.5839205902957336,0.8766141561228835,5, , ,1.8169797802934642,5
35,21,3,1,11,95, , , ,2, , , , , , ,6,2,2,2,1,0.5839205902957336,0.8766141561228835,5, , ,1.8169797802934642,5
35,21,4,1,11,95, , , ,2, , , , , , ,6,2,2,2,1,0.5839205902957336,0.8766141561228835,5, , ,1.8169797802934642,5
35,21,5,1,12,17, , , ,2, , , , , , ,6,2,2,2,1,0.5839205902957336,0.8766141561228835,5, , ,1.8169797802934642,5
35,21,6,1,12,17, , , ,2, , , , , , ,6,2,2,2,1,0.5839205902957336,0.8766141561228835,5, , ,1.8169797802934642,5
35,22,1,1,12,17, , , ,1,1,2,90, , , ,2,2,2,3,1,0.5839205902957336,0.3038797058546527,4, , ,0.9344629653259373,5
35,22,2,1,12,17, , , ,1,3,90, , , , ,2,2,2,3,1,0.5839205902957336,0.3038797058546527,4, , ,0.9344629653259373,5
35,23,1,1,13,8, , , ,1,1,4,90, , , ,2,2,2,2,1,0.5839205902957336,0.01391904080971984,4, , ,0.48766748713971025,4
35,23,2,1,13,8, , , ,1,2,3,90, , , ,2,2,2,2,1,0.5839205902957336,0.01391904080971984,4, , ,0.48766748713971025,4
35,24,1,1,12,12, , , ,1,1,2,90, , , ,2,2,2,2,1,0.5839205902957336,0.7787823115067873,5, , ,1.666232347739756,5
35,24,2,1,12,12, , , ,1,3,4,90, , , ,2,2,2,2,1,0.5839205902957336,0.7787823115067873,5, , ,1.666232347739756,5
35,25,1,1,12,12, , , ,1,1,2,90, , , ,3,2,2,2,1,0.5839205902957336,0.33632518048845567,4, , ,0.9844576477141249,5
35,25,2,1,12,12, , , ,1,6,5,90, , , ,3,2,2,2,1,0.5839205902957336,0.33632518048845567,4, , ,0.9844576477141249,5
35,25,3,1,12,12, , , ,1,3,90, , , , ,3,2,2,2,1,0.5839205902957336,0.33632518048845567,4, , ,0.9844576477141249,5
35,26,1,1,12,95, , , ,1,1,2,7,90, , ,5,2,2,2,1,0.5839205902957336,-0.1904563823006909,3, , ,0.17274885883549435,4
35,26,2,1,12,95, , , ,1,4,3,90, , , ,5,2,2,2,1,0.5839205902957336,-0.1904563823006909,3, , ,0.17274885883549435,4
35,26,3,1,12,95, , , ,1,5,8,90, , , ,5,2,2,2,1,0.5839205902957336,-0.1904563823006909,3, , ,0.17274885883549435,4
35,26,4,1,12,12, , , ,2, , , , , , ,5,2,2,2,1,0.5839205902957336,-0.1904563823006909,3, , ,0.17274885883549435,4
35,26,5,1,12,12, , , ,2, , , , , , ,5,2,2,2,1,0.5839205902957336,-0.1904563823006909,3, , ,0.17274885883549435,4
35,27,1,2,18,12, , , ,1,1,2,90, , , ,1,2,2,1,6,0.5839205902957336,-0.4163894104857891,3, , ,-0.1753875180430057,3
35,30,1,1,12,95, , , ,1,1,2,90, , , ,4,2,2,2,1,0.5839205902957336,-0.4363654246321396,3, , ,-0.20616821994059056,3
35,30,2,1,12,95, , , ,1,4,3,8,90, , ,4,2,2,2,1,0.5839205902957336,-0.4363654246321396,3, , ,-0.20616821994059056,3
35,30,3,1,12,95, , , ,1,5,90, , , , ,4,2,2,2,1,0.5839205902957336,-0.4363654246321396,3, , ,-0.20616821994059056,3
35,30,4,1,12,95, , , ,1,7,6,90, , , ,4,2,2,2,1,0.5839205902957336,-0.4363654246321396,3, , ,-0.20616821994059056,3
36,1,1,1,21,95, ,1,7,1,1,8,90, , , ,1,2,2,2,1,0.9245409346349115,-0.8077426525128919,1, , ,-0.7784171009836224,1
36,2,1,1,21,24, ,1,10,1,1,90, , , , ,2,2,2,2,1,0.9245409346349115,-0.8466037816440177,1, , ,-0.8382975567354651,1
36,2,2,1,21,12, ,2, ,2, , , , , , ,2,2,2,2,1,0.9245409346349115,-0.8466037816440177,1, , ,-0.8382975567354651,1
36,4,1,1,11,95, , , ,1,1,90, , , , ,3,2,2,2,1,0.9245409346349115,0.8165845349699645,5, , ,1.7244811536807811,5
36,4,2,1,11,95, , , ,1,2,90, , , , ,3,2,2,2,1,0.9245409346349115,0.8165845349699645,5, , ,1.7244811536807811,5
36,4,3,2,11,95, , , ,2, , , , , , ,3,2,2,2,1,0.9245409346349115,0.8165845349699645,5, , ,1.7244811536807811,5
36,5,1,2,18,22, , , ,1,1,2,90, , , ,1,2,2,3,1,0.9245409346349115,-0.5444278543709823,2, , ,-0.37267978785153444,2
36,6,1,1,18,95, , , ,1,2,90, , , , ,2,2,2,3,1,0.9245409346349115,-0.6927200821434585,1, , ,-0.6011807702473265,2
36,6,2,2,28,24, ,2, ,2, , , , , , ,2,2,2,3,1,0.9245409346349115,-0.6927200821434585,1, , ,-0.6011807702473265,2
36,7,1,1,12,33, , , ,2, , , , , , ,1,2,2,2,1,0.9245409346349115,-0.39109585551449255,3, , ,-0.13641310754260622,3
36,8,1,1,12,10, , , ,1,9,2,6,90, , ,1,2,2,3,1,0.9245409346349115,-0.6938145363197135,1, , ,-0.6028671961525678,2
36,10,1,1,12,95, , , ,1,1,2,90, , , ,1,2,2,2,1,0.9245409346349115,0.2314476189958658,4, , ,0.8228535893470158,5
36,13,1,2,12,95, , , ,1,1,4,90, , , ,1,2,2,2,1,0.9245409346349115,-0.16298338790886746,3, , ,0.21508153062944324,4
36,14,1,1,12,17, , , ,1,1,90, , , , ,3,2,2,2,1,0.9245409346349115,2.149125493112001,5, , ,3.7777709490519715,5
36,14,2,1,12,17, , , ,1,7,3,6,5,90,0,3,2,2,2,1,0.9245409346349115,2.149125493112001,5, , ,3.7777709490519715,5
36,14,3,1,12,17, , , ,1,2,4,90, , , ,3,2,2,2,1,0.9245409346349115,2.149125493112001,5, , ,3.7777709490519715,5
36,16,1,1,21,12, ,1,6,1,1,2,90, , , ,2,2,2,2,1,0.9245409346349115,-0.504561312727828,2, , ,-0.3112501089869062,3
36,16,2,1,21,12, ,1,6,2, , , , , , ,2,2,2,2,1,0.9245409346349115,-0.504561312727828,2, , ,-0.3112501089869062,3
36,17,1,1,21,3, ,2, ,1,1,2,90, , , ,1,2,2,2,1,0.9245409346349115,-0.9603962120793048,1, , ,-1.0136383856800688,1
36,18,1,1,21,12, ,2, ,1,1,2,90, , , ,5,2,2,3,1,0.9245409346349115,0.146203345575178,4, , ,0.6915021320735553,5
36,18,2,1,21,12, ,2, ,1,6,90, , , , ,5,2,2,3,1,0.9245409346349115,0.146203345575178,4, , ,0.6915021320735553,5
36,18,3,1,21,12, ,2, ,1,7,90, , , , ,5,2,2,3,1,0.9245409346349115,0.146203345575178,4, , ,0.6915021320735553,5
36,18,4,1,21,12, ,2, ,1,9,90, , , , ,5,2,2,3,1,0.9245409346349115,0.146203345575178,4, , ,0.6915021320735553,5
36,18,5,1,21,2, ,2, ,2, , , , , , ,5,2,2,3,1,0.9245409346349115,0.146203345575178,4, , ,0.6915021320735553,5
36,19,1,1,12,6, , , ,1,1,2,90, , , ,1,2,2,2,1,0.9245409346349115,-0.7522544967877651,1, , ,-0.6929163415373779,1
36,21,1,1,12,12, , , ,1,1,90, , , , ,2,2,2,2,1,0.9245409346349115,-0.6519736485897978,2, , ,-0.5383952808390647,2
36,21,2,1,12,12, , , ,1,2,13,11,12,90,0,2,2,2,2,1,0.9245409346349115,-0.6519736485897978,2, , ,-0.5383952808390647,2
36,22,1,1,11,95, , , ,1,1,90, , , , ,3,2,2,2,1,0.9245409346349115,-0.862583899367056,1, , ,-0.86292104950622,1
36,22,2,1,11,12, , , ,2, , , , , , ,3,2,2,2,1,0.9245409346349115,-0.862583899367056,1, , ,-0.86292104950622,1
36,22,3,1,11,12, , , ,2, , , , , , ,3,2,2,2,1,0.9245409346349115,-0.862583899367056,1, , ,-0.86292104950622,1
36,23,1,1,12,32, , , ,1,1,90, , , , ,1,2,2,2,1,0.9245409346349115,-0.6897021877310681,1, , ,-0.5965305478563323,2
36,24,1,1,12,24, , , ,1,1,9,90, , , ,6,2,2,2,6,0.9245409346349115,0.40260545991828206,4, , ,1.0865878078086917,5
36,24,2,1,12,13, , , ,1,4,8,90, , , ,6,2,2,2,6,0.9245409346349115,0.40260545991828206,4, , ,1.0865878078086917,5
36,24,3,1,21,16, ,2, ,1,6,90, , , , ,6,2,2,2,6,0.9245409346349115,0.40260545991828206,4, , ,1.0865878078086917,5
36,24,4,1,12,12, , , ,1,7,90, , , , ,6,2,2,2,6,0.9245409346349115,0.40260545991828206,4, , ,1.0865878078086917,5
36,24,5,1,12,98, , , ,1,5,90, , , , ,6,2,2,2,6,0.9245409346349115,0.40260545991828206,4, , ,1.0865878078086917,5
36,24,6,1,12,8, , , ,2, , , , , , ,6,2,2,2,6,0.9245409346349115,0.40260545991828206,4, , ,1.0865878078086917,5
36,25,1,1,11,24, , , ,1,1,90, , , , ,3,2,2,1,1,0.9245409346349115,-0.09311985168340112,4, , ,0.32273307043675104,4
36,25,2,1,12,12, , , ,2, , , , , , ,3,2,2,1,1,0.9245409346349115,-0.09311985168340112,4, , ,0.32273307043675104,4
36,25,3,1,12,12, , , ,2, , , , , , ,3,2,2,1,1,0.9245409346349115,-0.09311985168340112,4, , ,0.32273307043675104,4
36,26,1,1,12,26, , , ,1,1,2,90, , , ,3,2,2,3,1,0.9245409346349115,0.9018861013841104,5, , ,1.855920892757585,5
36,26,2,1,13,12, , , ,1,3,6,90, , , ,3,2,2,3,1,0.9245409346349115,0.9018861013841104,5, , ,1.855920892757585,5
36,26,3,1,13,12, , , ,1,4,5,90, , , ,3,2,2,3,1,0.9245409346349115,0.9018861013841104,5, , ,1.855920892757585,5
36,27,1,1,36,95,9,9, ,1,1,90, , , , ,1,2,2,1,1,0.9245409346349115,-0.8991827273166293,1, , ,-0.919315563680241,1
36,28,1,1,11,10, , , ,1,1,2,3,90, , ,1,2,2,2,1,0.9245409346349115,-0.5236951989434281,2, , ,-0.3407331902177177,3
36,29,1,1,12,12, , , ,1,1,2,5,90, , ,3,2,2,2,1,0.9245409346349115,-0.453518357576151,3, , ,-0.23259888382332178,3
36,29,2,1,12,12, , , ,1,3,4,90, , , ,3,2,2,2,1,0.9245409346349115,-0.453518357576151,3, , ,-0.23259888382332178,3
36,29,3,1,12,10, , , ,2, , , , , , ,3,2,2,2,1,0.9245409346349115,-0.453518357576151,3, , ,-0.23259888382332178,3
37,1,1,1,12,28, , , ,1,4,90, , , , ,2,2,2,3,1,0.8839908936421521,-0.658015280215849,2, , ,-0.5477047286945809,2
37,1,2,2,12,28, , , ,1,2,3,90, , , ,2,2,2,3,1,0.8839908936421521,-0.658015280215849,2, , ,-0.5477047286945809,2
37,2,1,1,11,12, , , ,1,1,2,5,90, , ,4,2,2,2,1,0.8839908936421521,-0.07814031021956924,4, , ,0.34581479219479033,4
37,2,2,1,28,28, ,1,98,1,4,90, , , , ,4,2,2,2,1,0.8839908936421521,-0.07814031021956924,4, , ,0.34581479219479033,4
37,2,3,1,28,20, ,1,98,1,3,90, , , , ,4,2,2,2,1,0.8839908936421521,-0.07814031021956924,4, , ,0.34581479219479033,4
37,2,4,1,11,12, , , ,2, , , , , , ,4,2,2,2,1,0.8839908936421521,-0.07814031021956924,4, , ,0.34581479219479033,4
37,3,1,1,18,10, , , ,1,1,2,6,90, , ,3,2,2,2,1,0.8839908936421521,-0.7443388334381008,1, , ,-0.6807192299363046,1
37,3,2,1,18,10, , , ,1,3,90, , , , ,3,2,2,2,1,0.8839908936421521,-0.7443388334381008,1, , ,-0.6807192299363046,1
37,3,3,1,18,10, , , ,1,4,5,90, , , ,3,2,2,2,1,0.8839908936421521,-0.7443388334381008,1, , ,-0.6807192299363046,1
37,4,1,1,28,32, ,1,3,1,1,2,90, , , ,1,2,2,1,1,0.8839908936421521,-0.5546564693003307,2, , ,-0.38844088737112903,2
37,5,1,1,28,36, ,1,7,1,1,90, , , , ,3,2,2,1,1,0.8839908936421521,-0.48293114585212377,2, , ,-0.27792055116229375,3
37,5,2,1,28,36, ,1,7,1,2,6,90, , , ,3,2,2,1,1,0.8839908936421521,-0.48293114585212377,2, , ,-0.27792055116229375,3
37,5,3,2,28,36, ,1,7,1,3,4,5,7,90,90,3,2,2,1,1,0.8839908936421521,-0.48293114585212377,2, , ,-0.27792055116229375,3
37,6,1,1,11,11, , , ,1,1,2,5,90, , ,3,2,2,2,1,0.8839908936421521,-0.19046416907160593,3, , ,0.17273686033206295,4
37,6,2,1,11,15, , , ,1,3,4,6,90, , ,3,2,2,2,1,0.8839908936421521,-0.19046416907160593,3, , ,0.17273686033206295,4
37,6,3,1,11,6, , , ,2, , , , , , ,3,2,2,2,1,0.8839908936421521,-0.19046416907160593,3, , ,0.17273686033206295,4
37,8,1,1,12,18, , , ,1,2,90, , , , ,2,2,2,2,1,0.8839908936421521,-0.6889821788379336,1, , ,-0.5954210983464944,2
37,8,2,1,12,18, , , ,2, , , , , , ,2,2,2,2,1,0.8839908936421521,-0.6889821788379336,1, , ,-0.5954210983464944,2
37,9,1,1,11,18, , , ,1,2,90, , , , ,2,2,2,1,1,0.8839908936421521,-0.6504173302640659,2, , ,-0.5359971762877196,2
37,9,2,2,11,18, , , ,1,1,90, , , , ,2,2,2,1,1,0.8839908936421521,-0.6504173302640659,2, , ,-0.5359971762877196,2
37,10,1,1,11,95, , , ,1,2,90, , , , ,4,2,2,3,1,0.8839908936421521,0.10838630435290997,4, , ,0.6332304936984909,4
37,10,2,1,12,95, , , ,1,5,90, , , , ,4,2,2,3,1,0.8839908936421521,0.10838630435290997,4, , ,0.6332304936984909,4
37,10,3,1,12,95, , , ,1,3,4,90, , , ,4,2,2,3,1,0.8839908936421521,0.10838630435290997,4, , ,0.6332304936984909,4
37,10,4,1,12,95, , , ,1,1,6,90, , , ,4,2,2,3,1,0.8839908936421521,0.10838630435290997,4, , ,0.6332304936984909,4
37,11,1,1,11,5, , , ,1,2,90, , , , ,5,2,2,2,1,0.8839908936421521,-0.5314499655702168,2, , ,-0.35268237878335224,3
37,11,2,1,12,9, , , ,2, , , , , , ,5,2,2,2,1,0.8839908936421521,-0.5314499655702168,2, , ,-0.35268237878335224,3
37,11,3,1,12,9, , , ,2, , , , , , ,5,2,2,2,1,0.8839908936421521,-0.5314499655702168,2, , ,-0.35268237878335224,3
37,11,4,2,12,9, , , ,1,4,90, , , , ,5,2,2,2,1,0.8839908936421521,-0.5314499655702168,2, , ,-0.35268237878335224,3
37,11,5,2,12,9, , , ,1,3,90, , , , ,5,2,2,2,1,0.8839908936421521,-0.5314499655702168,2, , ,-0.35268237878335224,3
37,12,1,1,12,28, , , ,1,1,2,90, , , ,2,2,2,2,1,0.8839908936421521,-0.7129121976949888,1, , ,-0.6322944591404028,2
37,12,2,2,12,28, , , ,1,4,5,6,90, , ,2,2,2,2,1,0.8839908936421521,-0.7129121976949888,1, , ,-0.6322944591404028,2
37,13,1,1,12,98, , , ,1,2,3,90, , , ,4,2,2,2,1,0.8839908936421521,-0.2925056330971442,3, , ,0.015502896521667874,4
37,13,2,1,12,98, , , ,1,4,5,90, , , ,4,2,2,2,1,0.8839908936421521,-0.2925056330971442,3, , ,0.015502896521667874,4
37,13,3,2,12,98, , , ,2, , , , , , ,4,2,2,2,1,0.8839908936421521,-0.2925056330971442,3, , ,0.015502896521667874,4
37,13,4,2,12,98, , , ,2, , , , , , ,4,2,2,2,1,0.8839908936421521,-0.2925056330971442,3, , ,0.015502896521667874,4
37,14,1,1,11,22, , , ,1,2,7,90, , , ,4,2,2,2,1,0.8839908936421521,-0.5919031220046289,2, , ,-0.44583362373857516,2
37,14,2,1,11,22, , , ,1,4,5,90, , , ,4,2,2,2,1,0.8839908936421521,-0.5919031220046289,2, , ,-0.44583362373857516,2
37,14,3,1,11,22, , , ,2, , , , , , ,4,2,2,2,1,0.8839908936421521,-0.5919031220046289,2, , ,-0.44583362373857516,2
37,14,4,1,11,22, , , ,2, , , , , , ,4,2,2,2,1,0.8839908936421521,-0.5919031220046289,2, , ,-0.44583362373857516,2
37,15,1,1,11,5, , , ,1,1,2,5,90, , ,4,2,2,2,1,0.8839908936421521,-0.7841220416803381,1, , ,-0.7420205017747389,1
37,15,2,1,11,5, , , ,1,3,4,90, , , ,4,2,2,2,1,0.8839908936421521,-0.7841220416803381,1, , ,-0.7420205017747389,1
37,15,3,1,11,5, , , ,2, , , , , , ,4,2,2,2,1,0.8839908936421521,-0.7841220416803381,1, , ,-0.7420205017747389,1
37,15,4,1,11,7, , , ,2, , , , , , ,4,2,2,2,1,0.8839908936421521,-0.7841220416803381,1, , ,-0.7420205017747389,1
37,16,1,1,12,95, , , ,1,1,2,8,90, , ,3,2,2,2,1,0.8839908936421521,-0.5882431812846367,2, , ,-0.44019408306546787,2
37,16,2,1,12,95, , , ,2, , , , , , ,3,2,2,2,1,0.8839908936421521,-0.5882431812846367,2, , ,-0.44019408306546787,2
37,16,3,1,12,95, , , ,2, , , , , , ,3,2,2,2,1,0.8839908936421521,-0.5882431812846367,2, , ,-0.44019408306546787,2
37,17,1,2,11,4, , , ,1,1,6,90, , , ,2,2,2,2,1,0.8839908936421521,-1.0395037315273765,1, , ,-1.1355338226851204,1
37,17,2,2,12,12, , , ,2, , , , , , ,2,2,2,2,1,0.8839908936421521,-1.0395037315273765,1, , ,-1.1355338226851204,1
37,19,1,1,12,24, , , ,1,1,2,8,90, , ,5,2,2,2,1,0.8839908936421521,-0.2751743276324106,3, , ,0.04220841160078128,4
37,19,2,1,12,24, , , ,2, , , , , , ,5,2,2,2,1,0.8839908936421521,-0.2751743276324106,3, , ,0.04220841160078128,4
37,19,3,1,12,24, , , ,2, , , , , , ,5,2,2,2,1,0.8839908936421521,-0.2751743276324106,3, , ,0.04220841160078128,4
37,19,4,1,12,24, , , ,2, , , , , , ,5,2,2,2,1,0.8839908936421521,-0.2751743276324106,3, , ,0.04220841160078128,4
37,19,5,1,12,24, , , ,2, , , , , , ,5,2,2,2,1,0.8839908936421521,-0.2751743276324106,3, , ,0.04220841160078128,4
37,20,1,1,12,17, , , ,1,1,2,90, , , ,2,2,2,3,1,0.8839908936421521,-0.25656091750846466,3, , ,0.07088950003640095,4
37,20,2,1,12,17, , , ,1,4,90, , , , ,2,2,2,3,1,0.8839908936421521,-0.25656091750846466,3, , ,0.07088950003640095,4
37,21,1,1,12,17, , , ,1,1,90, , , , ,3,2,2,2,1,0.8839908936421521,0.0998600841208862,4, , ,0.6200925853373764,4
37,21,2,1,12,17, , , ,1,2,0,90, , , ,3,2,2,2,1,0.8839908936421521,0.0998600841208862,4, , ,0.6200925853373764,4
37,21,3,1,12,17, , , ,1,3,5,6,90, , ,3,2,2,2,1,0.8839908936421521,0.0998600841208862,4, , ,0.6200925853373764,4
37,22,1,1,12,95, , , ,1,1,90, , , , ,2,2,2,1,1,0.8839908936421521,-0.13061259487260754,4, , ,0.26496113740873484,4
37,22,2,1,12,95, , , ,1,2,90, , , , ,2,2,2,1,1,0.8839908936421521,-0.13061259487260754,4, , ,0.26496113740873484,4
37,23,1,1,12,95, , , ,1,1,2,90, , , ,5,2,2,2,1,0.8839908936421521,-0.5899960114486964,2, , ,-0.44289498938049837,2
37,23,2,1,12,95, , , ,1,6,4,90, , , ,5,2,2,2,1,0.8839908936421521,-0.5899960114486964,2, , ,-0.44289498938049837,2
37,23,3,1,12,95, , , ,1,3,90, , , , ,5,2,2,2,1,0.8839908936421521,-0.5899960114486964,2, , ,-0.44289498938049837,2
37,23,4,1,12,95, , , ,1,5,7,90, , , ,5,2,2,2,1,0.8839908936421521,-0.5899960114486964,2, , ,-0.44289498938049837,2
37,23,5,1,12,95, , , ,1,8,90, , , , ,5,2,2,2,1,0.8839908936421521,-0.5899960114486964,2, , ,-0.44289498938049837,2
37,24,1,1,11,23, , , ,1,1,90, , , , ,1,2,2,1,1,0.8839908936421521,-0.9224449686184992,1, , ,-0.955159957348402,1
37,25,1,1,12,13, , , ,1,1,2,90, , , ,4,2,2,2,1,0.8839908936421521,-0.5184407769443562,2, , ,-0.33263674034475393,3
37,25,2,1,12,13, , , ,1,3,6,90, , , ,4,2,2,2,1,0.8839908936421521,-0.5184407769443562,2, , ,-0.33263674034475393,3
37,25,3,1,12,13, , , ,1,4,5,90, , , ,4,2,2,2,1,0.8839908936421521,-0.5184407769443562,2, , ,-0.33263674034475393,3
37,25,4,1,12,13, , , ,2, , , , , , ,4,2,2,2,1,0.8839908936421521,-0.5184407769443562,2, , ,-0.33263674034475393,3
37,26,1,1,12,95, , , ,1,1,2,90, , , ,2,2,2,2,1,0.8839908936421521,-0.7257441211056107,1, , ,-0.6520669526108859,1
37,26,2,1,12,95, , , ,1,3,4,5,6,7,90,2,2,2,2,1,0.8839908936421521,-0.7257441211056107,1, , ,-0.6520669526108859,1
37,27,1,1,18,28, , , ,1,1,2,90, , , ,2,2,2,3,1,0.8839908936421521,-0.586099055650183,2, , ,-0.43689023618682793,2
37,27,2,2,18,28, , , ,1,0,90, , , , ,2,2,2,3,1,0.8839908936421521,-0.586099055650183,2, , ,-0.43689023618682793,2
37,28,1,1,12,95, , , ,1,1,2,90, , , ,6,2,2,3,1,0.8839908936421521,0.02403827027642591,4, , ,0.5032600364523988,4
37,28,2,1,12,95, , , ,1,3,90, , , , ,6,2,2,3,1,0.8839908936421521,0.02403827027642591,4, , ,0.5032600364523988,4
37,28,3,1,12,95, , , ,1,5,4,90, , , ,6,2,2,3,1,0.8839908936421521,0.02403827027642591,4, , ,0.5032600364523988,4
37,28,4,1,12,95, , , ,1,6,7,8,90, , ,6,2,2,3,1,0.8839908936421521,0.02403827027642591,4, , ,0.5032600364523988,4
37,28,5,1,12,95, , , ,2, , , , , , ,6,2,2,3,1,0.8839908936421521,0.02403827027642591,4, , ,0.5032600364523988,4
37,28,6,1,12,95, , , ,2, , , , , , ,6,2,2,3,1,0.8839908936421521,0.02403827027642591,4, , ,0.5032600364523988,4
37,29,1,2,12,22, , , ,1,1,2,90, , , ,3,2,2,2,1,0.8839908936421521,-0.3351998978897367,3, , ,-0.050283973055485855,3
37,29,2,2,12,22, , , ,1,4,7,90, , , ,3,2,2,2,1,0.8839908936421521,-0.3351998978897367,3, , ,-0.050283973055485855,3
37,29,3,2,12,22, , , ,1,6,8,90, , , ,3,2,2,2,1,0.8839908936421521,-0.3351998978897367,3, , ,-0.050283973055485855,3
38,1,1,2,12,95, , , ,1,1,2,90, , , ,2,2,2,2,1,0.7055707132740113,-0.014351540458505507,4, , ,0.44410582723531594,4
38,1,2,2,11,95, , , ,1,3,7,8,90, , ,2,2,2,2,1,0.7055707132740113,-0.014351540458505507,4, , ,0.44410582723531594,4
38,3,1,2,18,10, , , ,1,1,90, , , , ,2,2,2,2,1,0.7055707132740113,0.02903047595416447,4, , ,0.5109524416365419,4
38,3,2,2,18,10, , , ,1,2,90, , , , ,2,2,2,2,1,0.7055707132740113,0.02903047595416447,4, , ,0.5109524416365419,4
38,4,1,1,12,12, , , ,1,1,90, , , , ,3,2,2,2,1,0.7055707132740113,-0.1631049373152065,3, , ,0.21489423720769552,4
38,4,2,1,12,24, , , ,1,2,90, , , , ,3,2,2,2,1,0.7055707132740113,-0.1631049373152065,3, , ,0.21489423720769552,4
38,4,3,1,12,24, , , ,1,3,4,90, , , ,3,2,2,2,1,0.7055707132740113,-0.1631049373152065,3, , ,0.21489423720769552,4
38,5,1,1,12,24, , , ,1,1,90, , , , ,1,2,2,1,6,0.7055707132740113,-0.9436023532221633,1, , ,-0.9877610129767548,1
38,6,1,1,12,12, , , ,1,1,2,90, , , ,3,2,2,2,1,0.7055707132740113,0.01575931807451525,4, , ,0.4905031392113183,4
38,6,2,1,12,12, , , ,1,4,90, , , , ,3,2,2,2,1,0.7055707132740113,0.01575931807451525,4, , ,0.4905031392113183,4
38,6,3,1,12,12, , , ,1,3,90, , , , ,3,2,2,2,1,0.7055707132740113,0.01575931807451525,4, , ,0.4905031392113183,4
38,7,1,1,12,24, , , ,1,1,2,90, , , ,2,2,2,1,1,0.7055707132740113,-0.35091427901891525,3, , ,-0.07449799680910069,3
38,7,2,1,12,18, , , ,2, , , , , , ,2,2,2,1,1,0.7055707132740113,-0.35091427901891525,3, , ,-0.07449799680910069,3
38,8,1,1,21,17, ,1,4,1,1,2,10,90, , ,3,2,2,1,1,0.7055707132740113,-0.7252907839828103,1, , ,-0.6513684131157796,1
38,8,2,1,21,17, ,1,4,1,5,8,9,90, , ,3,2,2,1,1,0.7055707132740113,-0.7252907839828103,1, , ,-0.6513684131157796,1
38,8,3,1,21,17, ,1,4,1,7,6,90, , , ,3,2,2,1,1,0.7055707132740113,-0.7252907839828103,1, , ,-0.6513684131157796,1
38,9,1,1,12,2, , , ,1,1,3,4,2,90,90,1,2,2,2,1,0.7055707132740113,-0.6418586799013616,2, , ,-0.5228092968874546,2
38,10,1,1,11,2, , , ,1,1,2,90, , , ,3,2,2,2,1,0.7055707132740113,-0.48994096702586154,2, , ,-0.28872186589522403,3
38,10,2,1,21,12, ,2, ,1,4,3,90, , , ,3,2,2,2,1,0.7055707132740113,-0.48994096702586154,2, , ,-0.28872186589522403,3
38,10,3,2,11,2, , , ,2, , , , , , ,3,2,2,2,1,0.7055707132740113,-0.48994096702586154,2, , ,-0.28872186589522403,3
38,11,1,1,11,24, , , ,1,1,90, , , , ,4,2,2,1,1,0.7055707132740113,-0.5225987269688559,2, , ,-0.3390436551212216,3
38,11,2,1,11,24, , , ,1,2,90, , , , ,4,2,2,1,1,0.7055707132740113,-0.5225987269688559,2, , ,-0.3390436551212216,3
38,11,3,2,11,24, , , ,1,4,5,90, , , ,4,2,2,1,1,0.7055707132740113,-0.5225987269688559,2, , ,-0.3390436551212216,3
38,11,4,2,11,24, , , ,1,3,90, , , , ,4,2,2,1,1,0.7055707132740113,-0.5225987269688559,2, , ,-0.3390436551212216,3
38,13,1,1,21,2, ,2, ,1,3,4,5,90, , ,2,2,2,2,1,0.7055707132740113,-0.7356752326012852,1, , ,-0.6673696341278532,1
38,13,2,1,21,2, ,2, ,1,2,6,1,90, , ,2,2,2,2,1,0.7055707132740113,-0.7356752326012852,1, , ,-0.6673696341278532,1
38,14,1,1,21,12, ,2, ,1,1,2,3,90, , ,1,2,2,2,1,0.7055707132740113,-0.7653376401478652,1, , ,-0.7130759355735173,1
38,15,1,1,21,24, ,2, ,1,4,90, , , , ,3,2,2,2,1,0.7055707132740113,0.14222749713418326,4, , ,0.6853758145431588,4
38,15,2,1,21,24, ,2, ,1,3,90, , , , ,3,2,2,2,1,0.7055707132740113,0.14222749713418326,4, , ,0.6853758145431588,4
38,15,3,1,21,24, ,2, ,1,1,90, , , , ,3,2,2,2,1,0.7055707132740113,0.14222749713418326,4, , ,0.6853758145431588,4
38,16,1,1,11,15, , , ,1,1,90, , , , ,2,2,2,2,1,0.7055707132740113,-0.7751335224884204,1, , ,-0.7281702447755126,1
38,16,2,2,12,15, , , ,2, , , , , , ,2,2,2,2,1,0.7055707132740113,-0.7751335224884204,1, , ,-0.7281702447755126,1
38,17,1,2,12,95, , , ,1,1,90, , , , ,1,2,2,2,1,0.7055707132740113,-0.45105733396553854,3, , ,-0.22880673421999273,3
38,19,1,1,12,12, , , ,1,1,90, , , , ,1,2,2,2,1,0.7055707132740113,-0.7707001487804299,1, , ,-0.7213389343095467,1
38,20,1,1,12,18, , , ,1,1,2,90, , , ,2,2,2,1,1,0.7055707132740113,-0.31162865044271004,3, , ,-0.013963437051375921,3
38,20,2,1,13,95, , , ,1,3,4,5,90, , ,2,2,2,1,1,0.7055707132740113,-0.31162865044271004,3, , ,-0.013963437051375921,3
38,21,1,1,12,95, , , ,1,1,2,90, , , ,3,2,2,2,1,0.7055707132740113,-0.776518939918801,1, , ,-0.7303050110314754,1
38,21,2,1,13,18, , , ,1,3,5,6,90, , ,3,2,2,2,1,0.7055707132740113,-0.776518939918801,1, , ,-0.7303050110314754,1
38,21,3,1,13,18, , , ,1,4,90, , , , ,3,2,2,2,1,0.7055707132740113,-0.776518939918801,1, , ,-0.7303050110314754,1
38,22,1,1,12,98, , , ,1,1,2,6,90, , ,1,2,2,1,1,0.7055707132740113,-0.35490630234538084,3, , ,-0.08064923794659214,3
38,23,1,1,12,24, , , ,1,2,1,90, , , ,3,2,2,2,1,0.7055707132740113,-0.5146311122718932,2, , ,-0.3267664925689097,3
38,23,2,1,12,3, , , ,1,3,5,90, , , ,3,2,2,2,1,0.7055707132740113,-0.5146311122718932,2, , ,-0.3267664925689097,3
38,23,3,1,12,17, , , ,1,4,90, , , , ,3,2,2,2,1,0.7055707132740113,-0.5146311122718932,2, , ,-0.3267664925689097,3
38,25,1,1,21,12, ,2, ,1,1,90, , , , ,3,2,2,2,1,0.7055707132740113,-0.7754922165941625,1, , ,-0.728722950448445,1
38,25,2,1,21,12, ,2, ,2, , , , , , ,3,2,2,2,1,0.7055707132740113,-0.7754922165941625,1, , ,-0.728722950448445,1
38,25,3,2,12,34, , , ,2, , , , , , ,3,2,2,2,1,0.7055707132740113,-0.7754922165941625,1, , ,-0.728722950448445,1
38,26,1,2,21,98, ,2, ,1,1,90, , , , ,2,2,2,3,1,0.7055707132740113,0.16914694838859667,4, , ,0.726855541091112,5
38,26,2,1,21,98, ,2, ,1,3,4,90, , , ,2,2,2,3,1,0.7055707132740113,0.16914694838859667,4, , ,0.726855541091112,5
38,27,1,1,21,12, ,9, ,1,1,90, , , , ,2,2,2,1,1,0.7055707132740113,0.07120210643955582,4, , ,0.5759339928607173,4
38,27,2,1,21,12, ,9, ,1,2,3,5,90, , ,2,2,2,1,1,0.7055707132740113,0.07120210643955582,4, , ,0.5759339928607173,4
38,28,1,1,21,18, ,2, ,1,2,1,6,90, , ,5,2,2,2,1,0.7055707132740113,-0.6527122654006026,2, , ,-0.5395334029741096,2
38,28,2,1,21,18, ,2, ,1,3,4,5,90, , ,5,2,2,2,1,0.7055707132740113,-0.6527122654006026,2, , ,-0.5395334029741096,2
38,28,3,1,21,18, ,2, ,2, , , , , , ,5,2,2,2,1,0.7055707132740113,-0.6527122654006026,2, , ,-0.5395334029741096,2
38,28,4,1,21,12, ,2, ,2, , , , , , ,5,2,2,2,1,0.7055707132740113,-0.6527122654006026,2, , ,-0.5395334029741096,2
38,28,5,1,21,12, ,2, ,2, , , , , , ,5,2,2,2,1,0.7055707132740113,-0.6527122654006026,2, , ,-0.5395334029741096,2
38,29,1,1,21,18, ,2, ,1,1,2,90, , , ,2,2,2,2,1,0.7055707132740113,-0.5483798338350196,2, , ,-0.37876932607956637,2
38,29,2,1,21,18, ,2, ,2, , , , , , ,2,2,2,2,1,0.7055707132740113,-0.5483798338350196,2, , ,-0.37876932607956637,2
39,2,1,1,12,24, , , ,1,1,90, , , , ,2,2,2,2,1,0.7055707132740113,-0.8670073457560836,1, , ,-0.8697370631345182,1
39,2,2,1,12,24, , , ,2, , , , , , ,2,2,2,2,1,0.7055707132740113,-0.8670073457560836,1, , ,-0.8697370631345182,1
39,3,1,1,12,24, , , ,1,2,1,90, , , ,1,2,2,2,1,0.7055707132740113,-0.48038929602690217,2, , ,-0.2740038578136926,3
39,4,1,1,12,24, , , ,2, , , , , , ,1,2,2,1,1,0.7055707132740113,-0.8086334640694341,1, , ,-0.7797897374249045,1
39,5,1,1,98,98,1,2, ,1,3,90, , , , ,2,2,2,2,1,0.7055707132740113,0.484254089291894,4, , ,1.2123987980634559,5
39,5,2,2,98,98,1,2, ,1,1,90, , , , ,2,2,2,2,1,0.7055707132740113,0.484254089291894,4, , ,1.2123987980634559,5
39,6,1,1,28,12, ,2, ,1,1,2,5,90, , ,2,2,2,1,1,0.7055707132740113,-0.3779220210467251,3, , ,-0.11611376911454648,3
39,6,2,2,28,12, ,2, ,1,3,4,90, , , ,2,2,2,1,1,0.7055707132740113,-0.3779220210467251,3, , ,-0.11611376911454648,3
39,7,1,1,18,21, , , ,1,1,90, , , , ,2,2,2,2,1,0.7055707132740113,-0.1284335961192992,4, , ,0.26831871968563,4
39,7,2,1,18,21, , , ,1,2,90, , , , ,2,2,2,2,1,0.7055707132740113,-0.1284335961192992,4, , ,0.26831871968563,4
39,10,1,1,11,95, , , ,1,1,6,90, , , ,1,2,2,2,1,0.7055707132740113,-0.6882728510301384,1, , ,-0.5943281071401681,2
39,12,1,2,98,95,8,2, ,2, , , , , , ,2,2,2,3,1,0.7055707132740113,1.1318371376444205,5, , ,2.2102485502328593,5
39,12,2,2,98,95,8,2, ,2, , , , , , ,2,2,2,3,1,0.7055707132740113,1.1318371376444205,5, , ,2.2102485502328593,5
39,13,1,1,12,98, , , ,1,1,90, , , , ,2,2,2,2,6,0.7055707132740113,0.2627632288279678,4, , ,0.8711072821969035,5
39,13,2,1,12,98, , , ,2, , , , , , ,2,2,2,2,6,0.7055707132740113,0.2627632288279678,4, , ,0.8711072821969035,5
39,14,1,1,12,95, , , ,1,1,2,90, , , ,2,2,2,1,1,0.7055707132740113,-0.2538689841794493,3, , ,0.07503745451428322,4
39,14,2,1,12,95, , , ,2, , , , , , ,2,2,2,1,1,0.7055707132740113,-0.2538689841794493,3, , ,0.07503745451428322,4
39,15,1,1,18,2, , , ,2, , , , , , ,2,2,2,1,1,0.7055707132740113,-0.6378511976854493,2, , ,-0.5166342354090162,2
39,15,2,1,12,95, , , ,1,1,90, , , , ,2,2,2,1,1,0.7055707132740113,-0.6378511976854493,2, , ,-0.5166342354090162,2
39,16,1,1,12,98, , , ,1,1,2,8,90, , ,3,2,2,2,1,0.7055707132740113,-0.011394708350624727,4, , ,0.44866195975540196,4
39,16,2,1,12,98, , , ,1,4,5,90, , , ,3,2,2,2,1,0.7055707132740113,-0.011394708350624727,4, , ,0.44866195975540196,4
39,16,3,1,12,98, , , ,1,6,3,90, , , ,3,2,2,2,1,0.7055707132740113,-0.011394708350624727,4, , ,0.44866195975540196,4
39,17,1,1,12,24, , , ,2, , , , , , ,2,2,2,2,1,0.7055707132740113,-0.7205671353402716,1, , ,-0.6440898229190724,2
39,17,2,1,12,24, , , ,2, , , , , , ,2,2,2,2,1,0.7055707132740113,-0.7205671353402716,1, , ,-0.6440898229190724,2
39,18,1,1,12,33, , , ,1,1,2,5,90, , ,4,2,2,2,1,0.7055707132740113,-0.5772078648003286,2, , ,-0.42318995078159843,2
39,18,2,1,12,95, , , ,1,3,4,90, , , ,4,2,2,2,1,0.7055707132740113,-0.5772078648003286,2, , ,-0.42318995078159843,2
39,18,3,1,12,30, , , ,2, , , , , , ,4,2,2,2,1,0.7055707132740113,-0.5772078648003286,2, , ,-0.42318995078159843,2
39,18,4,1,12,33, , , ,2, , , , , , ,4,2,2,2,1,0.7055707132740113,-0.5772078648003286,2, , ,-0.42318995078159843,2
39,21,1,1,12,95, , , ,1,1,2,6,90, , ,2,2,2,2,1,0.7055707132740113,-1.0637187673238098,1, , ,-1.1728463612540585,1
39,21,2,1,12,95, , , ,2, , , , , , ,2,2,2,2,1,0.7055707132740113,-1.0637187673238098,1, , ,-1.1728463612540585,1
39,28,1,1,11,15, , , ,1,1,2,90, , , ,4,2,2,1,1,0.7055707132740113,-0.47291828409258585,3, , ,-0.26249190204820755,3
39,28,2,1,12,15, , , ,2, , , , , , ,4,2,2,1,1,0.7055707132740113,-0.47291828409258585,3, , ,-0.26249190204820755,3
39,28,3,1,12,12, , , ,1,12,13,7,90, , ,4,2,2,1,1,0.7055707132740113,-0.47291828409258585,3, , ,-0.26249190204820755,3
39,28,4,1,12,12, , , ,1,5,8,90, , , ,4,2,2,1,1,0.7055707132740113,-0.47291828409258585,3, , ,-0.26249190204820755,3
39,29,1,2,11,2, , , ,1,1,2,3,90, , ,1,2,2,2,1,0.7055707132740113,0.27247835951206695,4, , ,0.8860771625390219,5
40,1,1,2,18,28, , , ,1,1,90, , , , ,3,2,2,2,1,0.6001406066928372,-0.4928704345207151,2, , ,-0.2932358327465253,3
40,1,2,2,18,28, , , ,1,2,90, , , , ,3,2,2,2,1,0.6001406066928372,-0.4928704345207151,2, , ,-0.2932358327465253,3
40,1,3,2,18,28, , , ,1,3,4,90, , , ,3,2,2,2,1,0.6001406066928372,-0.4928704345207151,2, , ,-0.2932358327465253,3
40,2,1,1,18,16, , , ,2, , , , , , ,1,2,2,3,1,0.6001406066928372,-0.5885937484923792,2, , ,-0.4407342661389046,2
40,3,1,1,98,1,1,2, ,1,1,2,90, , , ,2,2,2,1,1,0.6001406066928372,-0.01820098897169431,4, , ,0.43817427721305025,4
40,3,2,2,98,1,1,2, ,2, , , , , , ,2,2,2,1,1,0.6001406066928372,-0.01820098897169431,4, , ,0.43817427721305025,4
40,4,1,1,12,24, , , ,1,1,2,90, , , ,3,2,2,2,1,0.6001406066928372,-0.3340356752568271,3, , ,-0.04849004211693783,3
40,4,2,2,12,24, , , ,1,6,90, , , , ,3,2,2,2,1,0.6001406066928372,-0.3340356752568271,3, , ,-0.04849004211693783,3
40,4,3,1,12,24, , , ,2, , , , , , ,3,2,2,2,1,0.6001406066928372,-0.3340356752568271,3, , ,-0.04849004211693783,3
40,5,1,1,11,95, , , ,1,2,5,90, , , ,2,2,2,3,1,0.6001406066928372,-0.4475107584197791,3, , ,-0.22334187602398323,3
40,5,2,1,11,95, , , ,1,3,4,90, , , ,2,2,2,3,1,0.6001406066928372,-0.4475107584197791,3, , ,-0.22334187602398323,3
40,6,1,1,12,12, , , ,1,1,4,90, , , ,4,2,2,2,1,0.6001406066928372,-0.42890618905152045,3, , ,-0.19467441015908102,3
40,6,2,1,36,98,1,2, ,1,2,3,90, , , ,4,2,2,2,1,0.6001406066928372,-0.42890618905152045,3, , ,-0.19467441015908102,3
40,6,3,2,12,7, , , ,2, , , , , , ,4,2,2,2,1,0.6001406066928372,-0.42890618905152045,3, , ,-0.19467441015908102,3
40,6,4,2,12,7, , , ,2, , , , , , ,4,2,2,2,1,0.6001406066928372,-0.42890618905152045,3, , ,-0.19467441015908102,3
40,8,1,2,11,95, , , ,1,1,90, , , , ,3,2,2,3,1,0.6001406066928372,0.002623796521882271,4, , ,0.4702628365053471,4
40,8,2,2,11,95, , , ,1,2,90, , , , ,3,2,2,3,1,0.6001406066928372,0.002623796521882271,4, , ,0.4702628365053471,4
40,8,3,2,12,95, , , ,1,3,90, , , , ,3,2,2,3,1,0.6001406066928372,0.002623796521882271,4, , ,0.4702628365053471,4
40,10,1,1,12,95, , , ,1,2,1,6,90, , ,3,2,2,2,1,0.6001406066928372,-0.6073420818235014,2, , ,-0.469623255459492,2
40,10,2,2,12,95, , , ,1,8,10,11,12,90,90,3,2,2,2,1,0.6001406066928372,-0.6073420818235014,2, , ,-0.469623255459492,2
40,10,3,2,12,95, , , ,1,3,7,90, , , ,3,2,2,2,1,0.6001406066928372,-0.6073420818235014,2, , ,-0.469623255459492,2
40,11,1,1,12,95, , , ,1,1,2,6,90, , ,6,2,2,2,1,0.6001406066928372,-0.12366355688541422,4, , ,0.27566879235890257,4
40,11,2,1,12,95, , , ,1,4,5,90, , , ,6,2,2,2,1,0.6001406066928372,-0.12366355688541422,4, , ,0.27566879235890257,4
40,11,3,1,12,95, , , ,1,3,90, , , , ,6,2,2,2,1,0.6001406066928372,-0.12366355688541422,4, , ,0.27566879235890257,4
40,11,4,1,12,95, , , ,2, , , , , , ,6,2,2,2,1,0.6001406066928372,-0.12366355688541422,4, , ,0.27566879235890257,4
40,11,5,1,12,95, , , ,2, , , , , , ,6,2,2,2,1,0.6001406066928372,-0.12366355688541422,4, , ,0.27566879235890257,4
40,11,6,2,12,95, , , ,2, , , , , , ,6,2,2,2,1,0.6001406066928372,-0.12366355688541422,4, , ,0.27566879235890257,4
40,12,1,1,12,6, , , ,2, , , , , , ,1,2,2,2,1,0.6001406066928372,-0.8247493563111257,1, , ,-0.8046224428520646,1
40,13,1,1,11,6, , , ,1,1,2,5,90, , ,4,2,2,2,1,0.6001406066928372,-0.7797720599613682,1, , ,-0.7353176886123838,1
40,13,2,1,11,24, , , ,1,3,4,90, , , ,4,2,2,2,1,0.6001406066928372,-0.7797720599613682,1, , ,-0.7353176886123838,1
40,13,3,1,11,24, , , ,2, , , , , , ,4,2,2,2,1,0.6001406066928372,-0.7797720599613682,1, , ,-0.7353176886123838,1
40,13,4,1,11,24, , , ,2, , , , , , ,4,2,2,2,1,0.6001406066928372,-0.7797720599613682,1, , ,-0.7353176886123838,1
40,14,1,1,12,12, , , ,1,1,90, , , , ,1,2,2,1,6,0.6001406066928372,-0.6131241761810191,2, , ,-0.4785327867332761,2
40,15,1,1,12,95, , , ,1,1,90, , , , ,2,2,2,2,1,0.6001406066928372,-0.8791632458186611,1, , ,-0.8884678836766826,1
40,15,2,2,12,95, , , ,2, , , , , , ,2,2,2,2,1,0.6001406066928372,-0.8791632458186611,1, , ,-0.8884678836766826,1
40,16,1,1,12,6, , , ,1,1,90, , , , ,1,2,2,2,1,0.6001406066928372,-0.7566664247694526,1, , ,-0.6997146066468739,1
40,18,1,1,12,12, , , ,1,1,2,90, , , ,1,2,2,3,1,0.6001406066928372,-1.1152958463708127,1, , ,-1.2523206088823826,1
40,20,1,1,12,95, , , ,1,1,2,7,90, , ,2,2,2,2,1,0.6001406066928372,-0.35571746089659995,3, , ,-0.08189913842092238,3
40,20,2,1,12,95, , , ,1,4,3,90, , , ,2,2,2,2,1,0.6001406066928372,-0.35571746089659995,3, , ,-0.08189913842092238,3
40,21,1,1,12,7, , , ,1,1,5,90, , , ,2,2,2,2,1,0.6001406066928372,0.3310365870299525,4, , ,0.9763085436180287,5
40,21,2,1,12,7, , , ,1,2,3,4,90, , ,2,2,2,2,1,0.6001406066928372,0.3310365870299525,4, , ,0.9763085436180287,5
40,22,1,1,28,95, ,2, ,1,1,90, , , , ,2,2,2,2,1,0.6001406066928372,-0.4299662151441408,3, , ,-0.19630778641330085,3
40,22,2,1,28,95, ,2, ,1,2,90, , , , ,2,2,2,2,1,0.6001406066928372,-0.4299662151441408,3, , ,-0.19630778641330085,3
40,23,1,1,12,5, , , ,1,1,2,4,90, , ,2,2,2,2,1,0.6001406066928372,-0.6640041732476518,2, , ,-0.5569329125433657,2
40,23,2,1,12,5, , , ,2, , , , , , ,2,2,2,2,1,0.6001406066928372,-0.6640041732476518,2, , ,-0.5569329125433657,2
40,24,1,1,12,12, , , ,2, , , , , , ,6,2,2,2,1,0.6001406066928372,-0.19070447056785556,3, , ,0.17236658382607867,4
40,24,2,1,12,12, , , ,2, , , , , , ,6,2,2,2,1,0.6001406066928372,-0.19070447056785556,3, , ,0.17236658382607867,4
40,24,3,1,12,12, , , ,2, , , , , , ,6,2,2,2,1,0.6001406066928372,-0.19070447056785556,3, , ,0.17236658382607867,4
40,24,4,1,12,12, , , ,2, , , , , , ,6,2,2,2,1,0.6001406066928372,-0.19070447056785556,3, , ,0.17236658382607867,4
40,24,5,1,12,12, , , ,2, , , , , , ,6,2,2,2,1,0.6001406066928372,-0.19070447056785556,3, , ,0.17236658382607867,4
40,24,6,1,12,12, , , ,2, , , , , , ,6,2,2,2,1,0.6001406066928372,-0.19070447056785556,3, , ,0.17236658382607867,4
40,25,1,1,12,12, , , ,1,1,2,3,90, , ,1,2,2,2,6,0.6001406066928372,-0.49250732125603913,2, , ,-0.2926763176664316,3
40,26,1,1,36,13,9,9, ,1,1,6,7,4,5,90,2,2,2,2,1,0.6001406066928372,-0.7629562687980417,1, , ,-0.7094065207899001,1
40,26,2,1,12,95, , , ,2, , , , , , ,2,2,2,2,1,0.6001406066928372,-0.7629562687980417,1, , ,-0.7094065207899001,1
40,27,1,1,12,95, , , ,1,1,5,90, , , ,2,2,2,1,1,0.6001406066928372,-0.6732173235811909,2, , ,-0.5711292998645126,2
40,27,2,1,12,95, , , ,1,4,6,90, , , ,2,2,2,1,1,0.6001406066928372,-0.6732173235811909,2, , ,-0.5711292998645126,2
40,28,1,2,12,95, , , ,1,2,3,90, , , ,2,2,2,3,1,0.6001406066928372,-0.42646948455242156,3, , ,-0.19091973346283078,3
40,28,2,2,12,15, , , ,1,1,4,5,90, , ,2,2,2,3,1,0.6001406066928372,-0.42646948455242156,3, , ,-0.19091973346283078,3
40,29,1,1,12,31, , , ,2, , , , , , ,3,2,2,2,1,0.6001406066928372,-0.7783835138644608,1, , ,-0.7331781014471547,1
40,29,2,1,12,31, , , ,2, , , , , , ,3,2,2,2,1,0.6001406066928372,-0.7783835138644608,1, , ,-0.7331781014471547,1
40,29,3,1,12,31, , , ,2, , , , , , ,3,2,2,2,1,0.6001406066928372,-0.7783835138644608,1, , ,-0.7331781014471547,1
40,30,1,1,98,30,2,2, ,1,1,90, , , , ,1,2,2,2,1,0.6001406066928372,-0.9567523668258568,1, , ,-1.0080236462387773,1
41,2,1,1,13,12, , , ,1,2,5,90, , , ,3,1,2,3,6,0.8021277179937673,2.6506120918917073,5,1.721078480698117,5, , 
41,2,2,1,12,3, , , ,1,4,90, , , , ,3,1,2,3,6,0.8021277179937673,2.6506120918917073,5,1.721078480698117,5, , 
41,2,3,1,12,3, , , ,1,1,90, , , , ,3,1,2,3,6,0.8021277179937673,2.6506120918917073,5,1.721078480698117,5, , 
41,3,1,1,13,18, , , ,1,4,6,90, , , ,3,1,2,3,1,0.8021277179937673,2.154298573600215,5,1.3131595573273693,5, , 
41,3,2,1,13,18, , , ,2, , , , , , ,3,1,2,3,1,0.8021277179937673,2.154298573600215,5,1.3131595573273693,5, , 
41,3,3,1,12,6, , , ,1,1,2,7,90, , ,3,1,2,3,1,0.8021277179937673,2.154298573600215,5,1.3131595573273693,5, , 
41,4,1,1,13,24, , , ,1,3,90, , , , ,4,1,2,2,6,0.8021277179937673,2.109830232704386,5,1.2766111316371862,5, , 
41,4,2,1,13,24, , , ,1,4,5,90, , , ,4,1,2,2,6,0.8021277179937673,2.109830232704386,5,1.2766111316371862,5, , 
41,4,3,1,13,95, , , ,1,7,8,90, , , ,4,1,2,2,6,0.8021277179937673,2.109830232704386,5,1.2766111316371862,5, , 
41,4,4,1,12,95, , , ,1,1,2,6,90, , ,4,1,2,2,6,0.8021277179937673,2.109830232704386,5,1.2766111316371862,5, , 
41,5,1,1,13,24, , , ,1,1,2,3,90, , ,1,1,2,3,6,0.8021277179937673,2.274874016850146,5,1.4122602329744414,5, , 
41,7,1,1,11,98, , , ,2, , , , , , ,2,1,2,3,6,0.8021277179937673,3.2180821781797486,5,2.187480821381029,5, , 
41,7,2,2,21,98, ,1,12,1,1,90, , , , ,2,1,2,3,6,0.8021277179937673,3.2180821781797486,5,2.187480821381029,5, , 
41,8,1,1,21,98, ,2, ,1,1,2,90, , , ,1,1,2,3,6,0.8021277179937673,2.2876702710528027,5,1.4227774444650632,5, , 
41,10,1,1,11,6, , , ,1,1,2,90, , , ,1,1,2,2,1,0.8021277179937673,1.520495674496131,5,0.7922384324670301,5, , 
41,19,1,1,12,6, , , ,1,1,90, , , , ,1,1,2,3,6,0.8021277179937673,2.6029456790937613,5,1.681901567168907,5, , 
41,23,1,1,12,0, , , ,1,1,90, , , , ,1,1,2,3,6,0.8021277179937673,1.8322838718470464,5,1.0484964248362696,5, , 
41,25,1,1,13,24, , , ,1,1,90, , , , ,3,1,2,2,6,0.8021277179937673,2.5904650420035833,5,1.6716437606470695,5, , 
41,25,2,1,13,95, , , ,1,2,90, , , , ,3,1,2,2,6,0.8021277179937673,2.5904650420035833,5,1.6716437606470695,5, , 
41,25,3,1,12,95, , , ,1,3,90, , , , ,3,1,2,2,6,0.8021277179937673,2.5904650420035833,5,1.6716437606470695,5, , 
41,26,1,1,12,12, , , ,1,1,90, , , , ,1,1,2,3,1,0.8021277179937673,3.0198291019408714,5,2.024537080310481,5, , 
41,27,1,1,13,1, , , ,1,1,90, , , , ,2,1,2,3,6,0.8021277179937673,3.4497190950053804,5,2.377862663184774,5, , 
41,27,2,1,13,1, , , ,2, , , , , , ,2,1,2,3,6,0.8021277179937673,3.4497190950053804,5,2.377862663184774,5, , 
41,29,1,1,13,24, , , ,1,1,2,90, , , ,2,1,2,3,1,0.8021277179937673,2.4795663604968508,5,1.5804963929122802,5, , 
41,29,2,1,13,95, , , ,1,3,4,90, , , ,2,1,2,3,1,0.8021277179937673,2.4795663604968508,5,1.5804963929122802,5, , 
41,30,1,1,12,24, , , ,1,4,90, , , , ,3,1,2,3,1,0.8021277179937673,3.4917438392963165,5,2.4124027025234196,5, , 
41,30,2,1,12,24, , , ,1,3,90, , , , ,3,1,2,3,1,0.8021277179937673,3.4917438392963165,5,2.4124027025234196,5, , 
41,30,3,1,12,24, , , ,8, , , , , , ,3,1,2,3,1,0.8021277179937673,3.4917438392963165,5,2.4124027025234196,5, , 
42,1,1,1,12,24, , , ,1,1,2,3,90, , ,2,1,2,3,6,1.2604864139902054,2.3275990542428038,5,1.4555948182622511,5, , 
42,1,2,1,12,24, , , ,2, , , , , , ,2,1,2,3,6,1.2604864139902054,2.3275990542428038,5,1.4555948182622511,5, , 
42,2,1,1,13,24, , , ,1,1,90, , , , ,3,1,2,2,1,1.2604864139902054,2.853010313652641,5,1.8874291072075162,5, , 
42,2,2,1,13,12, , , ,1,2,90, , , , ,3,1,2,2,1,1.2604864139902054,2.853010313652641,5,1.8874291072075162,5, , 
42,2,3,1,12,12, , , ,1,3,90, , , , ,3,1,2,2,1,1.2604864139902054,2.853010313652641,5,1.8874291072075162,5, , 
42,8,1,1,12,8, , , ,1,3,90, , , , ,2,1,2,1,1,1.2604864139902054,-0.10711480044141042,4,-0.5454908215919653,3, , 
42,8,2,1,12,9, , , ,1,1,2,4,90, , ,2,1,2,1,1,1.2604864139902054,-0.10711480044141042,4,-0.5454908215919653,3, , 
42,11,1,1,12,98, , , ,1,1,90, , , , ,2,1,2,3,1,1.2604864139902054,0.8195382654183732,5,0.21612317245145504,4, , 
42,11,2,1,12,3, , , ,1,2,3,90, , , ,2,1,2,3,1,1.2604864139902054,0.8195382654183732,5,0.21612317245145504,4, , 
42,12,1,1,11,10, , , ,1,1,90, , , , ,2,1,2,2,1,1.2604864139902054,-0.16765917243095108,3,-0.5952520997516838,3, , 
42,12,2,1,11,10, , , ,1,4,90, , , , ,2,1,2,2,1,1.2604864139902054,-0.16765917243095108,3,-0.5952520997516838,3, , 
42,14,1,1,11,12, , , ,1,1,90, , , , ,2,1,2,3,6,1.2604864139902054,0.11311733727879619,4,-0.36448254114109424,3, , 
42,14,2,1,11,12, , , ,1,2,6,90, , , ,2,1,2,3,6,1.2604864139902054,0.11311733727879619,4,-0.36448254114109424,3, , 
42,16,1,1,21,95, ,1,1,1,1,90, , , , ,2,1,2,3,1,1.2604864139902054,1.3756299115085489,5,0.6731735996681982,5, , 
42,16,2,1,12,95, , , ,1,2,90, , , , ,2,1,2,3,1,1.2604864139902054,1.3756299115085489,5,0.6731735996681982,5, , 
42,19,1,1,12,5, , , ,1,3,90, , , , ,2,1,2,2,1,1.2604864139902054,1.1761853849568373,5,0.5092506083637776,4, , 
42,19,2,1,12,9, , , ,1,2,1,90, , , ,2,1,2,2,1,1.2604864139902054,1.1761853849568373,5,0.5092506083637776,4, , 
42,21,1,1,21,95, ,2, ,1,1,90, , , , ,2,1,2,2,1,1.2604864139902054,1.2482766815380253,5,0.5685022769200391,4, , 
42,21,2,1,21,95, ,2, ,1,2,90, , , , ,2,1,2,2,1,1.2604864139902054,1.2482766815380253,5,0.5685022769200391,4, , 
42,22,1,1,12,8, , , ,1,1,2,3,90, , ,1,1,2,3,1,1.2604864139902054,0.8534180969295162,5,0.2439689269688467,4, , 
42,27,1,1,13,95, , , ,1,1,2,90, , , ,2,1,2,2,1,1.2604864139902054,1.7089948288541246,5,0.9471654478880548,5, , 
42,27,2,1,12,95, , , ,2, , , , , , ,2,1,2,2,1,1.2604864139902054,1.7089948288541246,5,0.9471654478880548,5, , 
43,1,1,1,12,4, , , ,1,4,90, , , , ,3,1,2,3,6,1.3750760879893151,2.5780325830249247,5,1.6614255516027476,5, , 
43,1,2,1,12,4, , , ,1,2,90, , , , ,3,1,2,3,6,1.3750760879893151,2.5780325830249247,5,1.6614255516027476,5, , 
43,1,3,1,36,4,9,9, ,1,1,90, , , , ,3,1,2,3,6,1.3750760879893151,2.5780325830249247,5,1.6614255516027476,5, , 
43,2,1,1,12,15, , , ,1,1,2,90, , , ,2,1,2,3,1,1.3750760879893151,2.5962699153977455,5,1.6764147725538208,5, , 
43,2,2,1,36,1,9,9, ,2, , , , , , ,2,1,2,3,1,1.3750760879893151,2.5962699153977455,5,1.6764147725538208,5, , 
43,4,1,1,11,12, , , ,1,9,90, , , , ,3,1,2,3,6,1.3750760879893151,2.5298756979917516,5,1.621845520087097,5, , 
43,4,2,1,12,12, , , ,1,10,90, , , , ,3,1,2,3,6,1.3750760879893151,2.5298756979917516,5,1.621845520087097,5, , 
43,4,3,1,11,12, , , ,2, , , , , , ,3,1,2,3,6,1.3750760879893151,2.5298756979917516,5,1.621845520087097,5, , 
43,5,1,1,11,16, , , ,1,1,90, , , , ,2,1,2,3,1,1.3750760879893151,1.9219584632183415,5,1.1221997623794684,5, , 
43,5,2,1,11,16, , , ,2, , , , , , ,2,1,2,3,1,1.3750760879893151,1.9219584632183415,5,1.1221997623794684,5, , 
43,6,1,1,12,15, , , ,1,1,90, , , , ,2,1,2,3,1,1.3750760879893151,2.845751488029138,5,1.8814630953538227,5, , 
43,6,2,1,12,15, , , ,2, , , , , , ,2,1,2,3,1,1.3750760879893151,2.845751488029138,5,1.8814630953538227,5, , 
43,7,1,1,12,95, , , ,2, , , , , , ,4,1,2,3,1,1.3750760879893151,2.976096569883709,5,1.9885934141890254,5, , 
43,7,2,1,12,95, , , ,2, , , , , , ,4,1,2,3,1,1.3750760879893151,2.976096569883709,5,1.9885934141890254,5, , 
43,7,3,1,12,95, , , ,1,5,90, , , , ,4,1,2,3,1,1.3750760879893151,2.976096569883709,5,1.9885934141890254,5, , 
43,7,4,2,12,95, , , ,1,1,2,90, , , ,4,1,2,3,1,1.3750760879893151,2.976096569883709,5,1.9885934141890254,5, , 
43,8,1,1,12,13, , , ,2, , , , , , ,3,1,2,3,6,1.3750760879893151,2.8135445625793167,5,1.8549922984273182,5, , 
43,8,2,1,12,13, , , ,1,2,90, , , , ,3,1,2,3,6,1.3750760879893151,2.8135445625793167,5,1.8549922984273182,5, , 
43,8,3,2,12,13, , , ,2, , , , , , ,3,1,2,3,6,1.3750760879893151,2.8135445625793167,5,1.8549922984273182,5, , 
43,9,1,9,12,12, , , ,2, , , , , , ,1,1,2,3,1,1.3750760879893151,2.8834328533838756,5,1.9124333216727778,5, , 
43,11,1,1,12,24, , , ,2, , , , , , ,4,1,2,3,1,1.3750760879893151,2.983261002338775,5,1.9944818445176882,5, , 
43,11,2,2,12,24, , , ,1,1,2,90, , , ,4,1,2,3,1,1.3750760879893151,2.983261002338775,5,1.9944818445176882,5, , 
43,11,3,2,12,24, , , ,1,3,90, , , , ,4,1,2,3,1,1.3750760879893151,2.983261002338775,5,1.9944818445176882,5, , 
43,11,4,2,12,24, , , ,1,5,90, , , , ,4,1,2,3,1,1.3750760879893151,2.983261002338775,5,1.9944818445176882,5, , 
43,12,1,1,12,25, , , ,2, , , , , , ,3,1,2,3,1,1.3750760879893151,3.0042683647365207,5,2.0117477466870395,5, , 
43,12,2,2,12,25, , , ,1,1,90, , , , ,3,1,2,3,1,1.3750760879893151,3.0042683647365207,5,2.0117477466870395,5, , 
43,12,3,2,12,25, , , ,2, , , , , , ,3,1,2,3,1,1.3750760879893151,3.0042683647365207,5,2.0117477466870395,5, , 
43,16,1,1,18,12, , , ,1,1,2,90, , , ,2,1,2,3,1,1.3750760879893151,2.8660990598673113,5,1.8981867172007734,5, , 
43,16,2,1,18,12, , , ,2, , , , , , ,2,1,2,3,1,1.3750760879893151,2.8660990598673113,5,1.8981867172007734,5, , 
43,17,1,1,11,23, , , ,1,6,5,90, , , ,4,1,2,3,1,1.3750760879893151,2.902521096572184,5,1.9281219042389304,5, , 
43,17,2,1,18,95, , , ,1,3,4,90, , , ,4,1,2,3,1,1.3750760879893151,2.902521096572184,5,1.9281219042389304,5, , 
43,17,3,2,11,12, , , ,1,1,90, , , , ,4,1,2,3,1,1.3750760879893151,2.902521096572184,5,1.9281219042389304,5, , 
43,17,4,1,12,24, , , ,2, , , , , , ,4,1,2,3,1,1.3750760879893151,2.902521096572184,5,1.9281219042389304,5, , 
43,19,1,1,12,12, , , ,1,1,90, , , , ,2,1,2,3,6,1.3750760879893151,2.6629973321017184,5,1.7312578807465933,5, , 
43,19,2,1,12,12, , , ,2, , , , , , ,2,1,2,3,6,1.3750760879893151,2.6629973321017184,5,1.7312578807465933,5, , 
43,20,1,1,13,9, , , ,1,1,0,90, , , ,1,1,2,3,1,1.3750760879893151,1.9354336656325946,5,1.133274999822017,5, , 
43,21,1,1,12,12, , , ,1,4,3,90, , , ,2,1,2,3,6,1.3750760879893151,3.0604684125637647,5,2.0579384349479417,5, , 
43,21,2,1,12,2, , , ,1,1,2,5,90, , ,2,1,2,3,6,1.3750760879893151,3.0604684125637647,5,2.0579384349479417,5, , 
43,22,1,1,98,95,1,2, ,2, , , , , , ,3,1,2,3,6,1.3750760879893151,2.998118154492344,5,2.0066929032285246,5, , 
43,22,2,1,98,95,1,2, ,2, , , , , , ,3,1,2,3,6,1.3750760879893151,2.998118154492344,5,2.0066929032285246,5, , 
43,22,3,1,98,95,1,2, ,1,1,90, , , , ,3,1,2,3,6,1.3750760879893151,2.998118154492344,5,2.0066929032285246,5, , 
43,23,1,1,21,24, ,1,12,1,1,90, , , , ,2,1,2,2,1,1.3750760879893151,2.4346618017627706,5,1.5435894407980195,5, , 
43,23,2,1,12,12, , , ,1,2,90, , , , ,2,1,2,2,1,1.3750760879893151,2.4346618017627706,5,1.5435894407980195,5, , 
43,24,1,1,13,22, , , ,1,1,90, , , , ,2,1,2,3,1,1.3750760879893151,2.2628428841706136,5,1.4023718730795514,5, , 
43,24,2,1,13,22, , , ,2, , , , , , ,2,1,2,3,1,1.3750760879893151,2.2628428841706136,5,1.4023718730795514,5, , 
43,25,1,1,18,27, , , ,1,5,90, , , , ,2,1,2,3,1,1.3750760879893151,3.2175109791543943,5,2.1870113542340226,5, , 
43,25,2,1,18,27, , , ,1,1,90, , , , ,2,1,2,3,1,1.3750760879893151,3.2175109791543943,5,2.1870113542340226,5, , 
43,26,1,2,13,95, , , ,1,1,90, , , , ,2,1,2,3,6,1.3750760879893151,3.665997307779506,5,2.5556212219422965,5, , 
43,26,2,2,13,24, , , ,2, , , , , , ,2,1,2,3,6,1.3750760879893151,3.665997307779506,5,2.5556212219422965,5, , 
43,27,1,1,12,95, , , ,2, , , , , , ,4,1,2,3,1,1.3750760879893151,2.7833214307630976,5,1.8301519768624248,5, , 
43,27,2,1,12,95, , , ,2, , , , , , ,4,1,2,3,1,1.3750760879893151,2.7833214307630976,5,1.8301519768624248,5, , 
43,27,3,1,12,95, , , ,2, , , , , , ,4,1,2,3,1,1.3750760879893151,2.7833214307630976,5,1.8301519768624248,5, , 
43,27,4,1,12,95, , , ,2, , , , , , ,4,1,2,3,1,1.3750760879893151,2.7833214307630976,5,1.8301519768624248,5, , 
43,29,1,1,13,6, , , ,1,1,2,90, , , ,2,1,2,3,1,1.3750760879893151,2.6523551538435495,5,1.7225110992518318,5, , 
43,29,2,1,11,11, , , ,1,3,4,90, , , ,2,1,2,3,1,1.3750760879893151,2.6523551538435495,5,1.7225110992518318,5, , 
43,30,1,1,13,98, , , ,2, , , , , , ,3,1,2,3,1,1.3750760879893151,3.146244559962237,5,2.128437650480341,5, , 
43,30,2,1,12,98, , , ,2, , , , , , ,3,1,2,3,1,1.3750760879893151,3.146244559962237,5,2.128437650480341,5, , 
43,30,3,1,12,98, , , ,1,2,90, , , , ,3,1,2,3,1,1.3750760879893151,3.146244559962237,5,2.128437650480341,5, , 
44,2,1,1,36,12,8,8, ,1,1,2,3,90, , ,2,1,2,3,1,1.0440392519918875,1.6842540656563876,5,0.9268310723068034,5, , 
44,2,2,2,36,12,8,8, ,2, , , , , , ,2,1,2,3,1,1.0440392519918875,1.6842540656563876,5,0.9268310723068034,5, , 
44,3,1,1,13,12, , , ,1,1,90, , , , ,1,1,2,3,1,1.0440392519918875,1.9410170063975292,5,1.1378639345773796,5, , 
44,5,1,1,12,10, , , ,1,1,2,3,90, , ,4,1,2,3,6,1.0440392519918875,2.2853550927490267,5,1.4208746048157652,5, , 
44,5,2,1,12,10, , , ,1,4,5,90, , , ,4,1,2,3,6,1.0440392519918875,2.2853550927490267,5,1.4208746048157652,5, , 
44,5,3,1,11,12, , , ,2, , , , , , ,4,1,2,3,6,1.0440392519918875,2.2853550927490267,5,1.4208746048157652,5, , 
44,5,4,2,11,12, , , ,2, , , , , , ,4,1,2,3,6,1.0440392519918875,2.2853550927490267,5,1.4208746048157652,5, , 
44,6,1,1,12,24, , , ,1,1,90, , , , ,3,1,2,3,1,1.0440392519918875,2.8943321603786165,5,1.9213914366765499,5, , 
44,6,2,2,12,24, , , ,1,2,90, , , , ,3,1,2,3,1,1.0440392519918875,2.8943321603786165,5,1.9213914366765499,5, , 
44,6,3,2,12,12, , , ,1,3,90, , , , ,3,1,2,3,1,1.0440392519918875,2.8943321603786165,5,1.9213914366765499,5, , 
44,7,1,1,99,12,9,9, ,2, , , , , , ,3,1,2,3,1,1.0440392519918875,1.698966435280464,5,0.9389231345942567,5, , 
44,7,2,1,99,12,9,9, ,1,3,4,90, , , ,3,1,2,3,1,1.0440392519918875,1.698966435280464,5,0.9389231345942567,5, , 
44,7,3,1,99,12,9,9, ,1,5,90, , , , ,3,1,2,3,1,1.0440392519918875,1.698966435280464,5,0.9389231345942567,5, , 
44,9,1,1,12,20, , , ,1,1,90, , , , ,3,1,2,3,1,1.0440392519918875,2.9489729223449994,5,1.966300551524382,5, , 
44,9,2,1,12,25, , , ,1,5,90, , , , ,3,1,2,3,1,1.0440392519918875,2.9489729223449994,5,1.966300551524382,5, , 
44,9,3,1,12,12, , , ,1,4,90, , , , ,3,1,2,3,1,1.0440392519918875,2.9489729223449994,5,1.966300551524382,5, , 
44,12,1,1,11,24, , , ,1,1,90, , , , ,3,1,2,2,1,1.0440392519918875,1.402404685171836,5,0.6951797237081421,5, , 
44,12,2,1,12,24, , , ,1,2,3,90, , , ,3,1,2,2,1,1.0440392519918875,1.402404685171836,5,0.6951797237081421,5, , 
44,12,3,1,12,24, , , ,1,4,90, , , , ,3,1,2,2,1,1.0440392519918875,1.402404685171836,5,0.6951797237081421,5, , 
44,13,1,1,11,1, , , ,1,1,2,90, , , ,2,1,2,2,1,1.0440392519918875,-0.4589107726286047,3,-0.834631110808274,2, , 
44,13,2,1,11,1, , , ,1,3,4,90, , , ,2,1,2,2,1,1.0440392519918875,-0.4589107726286047,3,-0.834631110808274,2, , 
44,15,1,1,12,5, , , ,1,1,2,90, , , ,3,1,2,3,1,1.0440392519918875,2.176430216710315,5,1.3313495031925862,5, , 
44,15,2,1,12,5, , , ,1,5,90, , , , ,3,1,2,3,1,1.0440392519918875,2.176430216710315,5,1.3313495031925862,5, , 
44,15,3,1,12,5, , , ,1,6,90, , , , ,3,1,2,3,1,1.0440392519918875,2.176430216710315,5,1.3313495031925862,5, , 
44,18,1,1,12,18, , , ,1,1,90, , , , ,3,1,2,3,1,1.0440392519918875,3.499508393804015,5,2.418784371767765,5, , 
44,18,2,1,13,13, , , ,1,2,90, , , , ,3,1,2,3,1,1.0440392519918875,3.499508393804015,5,2.418784371767765,5, , 
44,18,3,1,12,20, , , ,1,3,90, , , , ,3,1,2,3,1,1.0440392519918875,3.499508393804015,5,2.418784371767765,5, , 
44,21,1,1,13,12, , , ,1,1,2,90, , , ,3,1,2,3,1,1.0440392519918875,4.223091803218491,5,3.013495888700364,5, , 
44,21,2,1,13,12, , , ,2, , , , , , ,3,1,2,3,1,1.0440392519918875,4.223091803218491,5,3.013495888700364,5, , 
44,21,3,1,13,12, , , ,2, , , , , , ,3,1,2,3,1,1.0440392519918875,4.223091803218491,5,3.013495888700364,5, , 
44,22,1,1,12,14, , , ,1,1,2,5,90, , ,3,1,2,3,6,1.0440392519918875,3.9055556403069014,5,2.752513656840018,5, , 
44,22,2,1,13,14, , , ,1,3,4,90, , , ,3,1,2,3,6,1.0440392519918875,3.9055556403069014,5,2.752513656840018,5, , 
44,22,3,1,12,14, , , ,2, , , , , , ,3,1,2,3,6,1.0440392519918875,3.9055556403069014,5,2.752513656840018,5, , 
44,23,1,1,12,95, , , ,1,1,2,5,90, , ,3,1,2,3,1,1.0440392519918875,1.7337951024778402,5,0.9675487349496508,5, , 
44,23,2,1,12,95, , , ,2, , , , , , ,3,1,2,3,1,1.0440392519918875,1.7337951024778402,5,0.9675487349496508,5, , 
44,23,3,1,12,5, , , ,1,4,90, , , , ,3,1,2,3,1,1.0440392519918875,1.7337951024778402,5,0.9675487349496508,5, , 
44,26,1,1,16,98, , , ,1,1,2,90, , , ,2,1,2,2,1,1.0440392519918875,-0.3759603485185269,3,-0.7664543506575323,2, , 
44,26,2,1,16,98, , , ,1,3,90, , , , ,2,1,2,2,1,1.0440392519918875,-0.3759603485185269,3,-0.7664543506575323,2, , 
44,27,1,1,13,13, , , ,1,1,90, , , , ,1,1,2,3,1,1.0440392519918875,1.7278256660037767,5,0.9626424690312602,5, , 
44,28,1,1,18,11, , , ,1,1,2,0,90, , ,1,1,2,3,6,1.0440392519918875,0.7878531839233922,5,0.19008127785458856,4, , 
44,29,1,1,16,2, , , ,1,1,90, , , , ,1,1,2,3,6,1.0440392519918875,1.294560493315049,5,0.6065428338941276,5, , 
44,30,1,1,11,95, , , ,1,1,2,90, , , ,2,1,2,2,1,1.0440392519918875,2.6612333079588293,5,1.7298080334169368,5, , 
44,30,2,1,11,95, , , ,2, , , , , , ,2,1,2,2,1,1.0440392519918875,2.6612333079588293,5,1.7298080334169368,5, , 
45,1,1,1,11,12, , , ,1,1,90, , , , ,1,1,2,1,6,1.884363527985358,0.04984522145227077,4,-0.41648574559982704,3, , 
45,2,1,1,11,24, , , ,1,1,90, , , , ,3,1,2,9,1,1.884363527985358,1.1597481067413198,5,0.4957408477271928,4, , 
45,2,2,1,11,24, , , ,1,2,90, , , , ,3,1,2,9,1,1.884363527985358,1.1597481067413198,5,0.4957408477271928,4, , 
45,2,3,1,11,24, , , ,1,3,90, , , , ,3,1,2,9,1,1.884363527985358,1.1597481067413198,5,0.4957408477271928,4, , 
45,3,1,1,13,98, , , ,1,1,2,6,90, , ,2,1,2,2,1,1.884363527985358,1.0032708865405378,5,0.36713258532064236,4, , 
45,3,2,1,13,98, , , ,1,3,4,5,90, , ,2,1,2,2,1,1.884363527985358,1.0032708865405378,5,0.36713258532064236,4, , 
45,4,1,2,11,24, , , ,1,1,2,5,90, , ,2,1,2,2,1,1.884363527985358,0.7914558219297985,5,0.193042277631356,4, , 
45,4,2,2,11,24, , , ,1,3,4,90, , , ,2,1,2,2,1,1.884363527985358,0.7914558219297985,5,0.193042277631356,4, , 
45,5,1,1,11,12, , , ,1,1,2,90, , , ,3,1,2,2,1,1.884363527985358,0.5823095921587393,5,0.021145479073564403,4, , 
45,5,2,1,11,12, , , ,1,4,5,90, , , ,3,1,2,2,1,1.884363527985358,0.5823095921587393,5,0.021145479073564403,4, , 
45,5,3,1,11,12, , , ,1,7,6,90, , , ,3,1,2,2,1,1.884363527985358,0.5823095921587393,5,0.021145479073564403,4, , 
45,6,1,1,12,95, , , ,1,1,2,9,90, , ,3,1,2,2,1,1.884363527985358,-0.8587915195426835,1,-1.1632921642476433,1, , 
45,6,2,1,12,95, , , ,1,4,3,8,90, , ,3,1,2,2,1,1.884363527985358,-0.8587915195426835,1,-1.1632921642476433,1, , 
45,6,3,1,12,95, , , ,1,7,6,5,90, , ,3,1,2,2,1,1.884363527985358,-0.8587915195426835,1,-1.1632921642476433,1, , 
45,8,1,1,13,98, , , ,1,1,2,8,90, , ,3,1,2,2,1,1.884363527985358,-0.15786621839957493,3,-0.5872032936686868,3, , 
45,8,2,1,13,98, , , ,1,4,6,7,90, , ,3,1,2,2,1,1.884363527985358,-0.15786621839957493,3,-0.5872032936686868,3, , 
45,8,3,1,13,98, , , ,1,3,5,90, , , ,3,1,2,2,1,1.884363527985358,-0.15786621839957493,3,-0.5872032936686868,3, , 
45,12,1,1,12,98, , , ,1,1,2,90, , , ,3,1,2,2,1,1.884363527985358,-0.5091822162494611,2,-0.8759490930963751,2, , 
45,12,2,1,12,98, , , ,1,4,5,90, , , ,3,1,2,2,1,1.884363527985358,-0.5091822162494611,2,-0.8759490930963751,2, , 
45,12,3,2,18,98, , , ,1,3,90, , , , ,3,1,2,2,1,1.884363527985358,-0.5091822162494611,2,-0.8759490930963751,2, , 
45,13,1,1,12,13, , , ,1,1,2,8,90, , ,2,1,2,2,1,1.884363527985358,-0.8794265691468243,1,-1.1802520634000968,1, , 
45,13,2,1,12,13, , , ,1,3,4,5,6,7,90,2,1,2,2,1,1.884363527985358,-0.8794265691468243,1,-1.1802520634000968,1, , 
45,14,1,1,12,95, , , ,1,1,2,90, , , ,1,1,2,2,1,1.884363527985358,-0.7511469158839029,1,-1.0748193155081667,1, , 
45,15,1,1,12,95, , , ,1,1,8,6,90, , ,3,1,2,3,1,1.884363527985358,0.054637740975508664,4,-0.41254678497896335,3, , 
45,15,2,1,12,95, , , ,1,9,7,90, , , ,3,1,2,3,1,1.884363527985358,0.054637740975508664,4,-0.41254678497896335,3, , 
45,15,3,1,12,95, , , ,1,2,90, , , , ,3,1,2,3,1,1.884363527985358,0.054637740975508664,4,-0.41254678497896335,3, , 
45,16,1,2,12,95, , , ,1,1,2,90, , , ,2,1,2,1,1,1.884363527985358,-0.6304374955030957,2,-0.9756085243696375,1, , 
45,16,2,2,12,95, , , ,8, , , , , , ,2,1,2,1,1,1.884363527985358,-0.6304374955030957,2,-0.9756085243696375,1, , 
45,17,1,2,11,95, , , ,1,1,90, , , , ,2,1,2,2,1,1.884363527985358,-0.6811449030544426,1,-1.0172848243956198,1, , 
45,17,2,2,11,95, , , ,1,3,4,90, , , ,2,1,2,2,1,1.884363527985358,-0.6811449030544426,1,-1.0172848243956198,1, , 
45,18,1,1,12,24, , , ,1,4,5,6,90, , ,3,1,2,2,1,1.884363527985358,-0.7523124293548437,1,-1.075777248312167,1, , 
45,18,2,1,12,24, , , ,1,1,2,7,8,90,11,3,1,2,2,1,1.884363527985358,-0.7523124293548437,1,-1.075777248312167,1, , 
45,18,3,2,12,24, , , ,1,3,90, , , , ,3,1,2,2,1,1.884363527985358,-0.7523124293548437,1,-1.075777248312167,1, , 
45,19,1,1,13,15, , , ,1,1,2,3,90, , ,1,1,2,2,1,1.884363527985358,-0.7820549815001426,1,-1.1002225825661558,1, , 
45,21,1,1,13,24, , , ,1,1,90, , , , ,1,1,2,2,1,1.884363527985358,-0.3082232311177875,3,-0.7107813718165261,3, , 
45,22,1,1,11,95, , , ,1,1,2,90, , , ,2,1,2,2,1,1.884363527985358,-0.07914100839364424,4,-0.5224992271377112,3, , 
45,22,2,1,12,95, , , ,1,3,4,90, , , ,2,1,2,2,1,1.884363527985358,-0.07914100839364424,4,-0.5224992271377112,3, , 
45,23,1,1,12,25, , , ,1,1,2,90, , , ,3,1,2,1,1,1.884363527985358,-0.27737583501906293,3,-0.6854279688935124,3, , 
45,23,2,1,12,25, , , ,1,3,5,4,90, , ,3,1,2,1,1,1.884363527985358,-0.27737583501906293,3,-0.6854279688935124,3, , 
45,23,3,1,12,25, , , ,1,6,7,90, , , ,3,1,2,1,1,1.884363527985358,-0.27737583501906293,3,-0.6854279688935124,3, , 
45,25,1,1,13,98, , , ,1,2,1,90, , , ,1,1,2,2,1,1.884363527985358,-0.49561613334033316,2,-0.8647991611870055,2, , 
45,26,1,1,12,27, , , ,1,1,2,8,90, , ,3,1,2,2,1,1.884363527985358,-0.5675221307922039,2,-0.923898532820965,2, , 
45,26,2,1,12,27, , , ,1,5,90, , , , ,3,1,2,2,1,1.884363527985358,-0.5675221307922039,2,-0.923898532820965,2, , 
45,26,3,1,12,27, , , ,1,3,90, , , , ,3,1,2,2,1,1.884363527985358,-0.5675221307922039,2,-0.923898532820965,2, , 
45,28,1,1,13,95, , , ,1,1,4,90, , , ,2,1,2,2,1,1.884363527985358,-0.42239322969457294,3,-0.8046174274230745,2, , 
45,28,2,1,13,95, , , ,1,2,90, , , , ,2,1,2,2,1,1.884363527985358,-0.42239322969457294,3,-0.8046174274230745,2, , 
45,29,1,1,12,24, , , ,1,1,2,90, , , ,3,1,2,3,1,1.884363527985358,1.5711048625203987,5,0.8338340060927361,5, , 
45,29,2,1,12,24, , , ,2, , , , , , ,3,1,2,3,1,1.884363527985358,1.5711048625203987,5,0.8338340060927361,5, , 
45,29,3,1,12,24, , , ,2, , , , , , ,3,1,2,3,1,1.884363527985358,1.5711048625203987,5,0.8338340060927361,5, , 
45,30,1,1,13,24, , , ,2, , , , , , ,3,1,2,2,1,1.884363527985358,1.739315684225696,5,0.9720860882152188,5, , 
45,30,2,1,13,24, , , ,2, , , , , , ,3,1,2,2,1,1.884363527985358,1.739315684225696,5,0.9720860882152188,5, , 
45,30,3,1,13,24, , , ,2, , , , , , ,3,1,2,2,1,1.884363527985358,1.739315684225696,5,0.9720860882152188,5, , 
46,2,1,1,12,36, , , ,1,1,90, , , , ,6,1,2,2,1,1.3878082739892164,-0.520395127078115,2,-0.8851649583599731,2, , 
46,2,2,1,12,24, , , ,1,5,9,13,90, , ,6,1,2,2,1,1.3878082739892164,-0.520395127078115,2,-0.8851649583599731,2, , 
46,2,3,1,12,24, , , ,1,8,4,14,11,90,90,6,1,2,2,1,1.3878082739892164,-0.520395127078115,2,-0.8851649583599731,2, , 
46,2,4,2,12,24, , , ,1,7,10,12,90, , ,6,1,2,2,1,1.3878082739892164,-0.520395127078115,2,-0.8851649583599731,2, , 
46,2,5,2,12,12, , , ,1,2,90, , , , ,6,1,2,2,1,1.3878082739892164,-0.520395127078115,2,-0.8851649583599731,2, , 
46,2,6,2,12,24, , , ,1,6,90, , , , ,6,1,2,2,1,1.3878082739892164,-0.520395127078115,2,-0.8851649583599731,2, , 
46,3,1,2,18,95, , , ,1,1,90, , , , ,1,1,2,2,1,1.3878082739892164,-0.3216535807586869,3,-0.7218197448692439,3, , 
46,4,1,1,12,1, , , ,1,1,2,3,90, , ,1,1,2,3,1,1.3878082739892164,0.897717888776093,5,0.2803788225884753,4, , 
46,6,1,1,12,10, , , ,1,2,5,90, , , ,2,1,2,3,1,1.3878082739892164,0.1466137185024503,4,-0.3369519435208534,4, , 
46,6,2,1,12,24, , , ,1,3,4,90, , , ,2,1,2,3,1,1.3878082739892164,0.1466137185024503,4,-0.3369519435208534,4, , 
46,7,1,2,12,4, , , ,1,1,2,90, , , ,1,1,2,3,1,1.3878082739892164,0.5611052495206458,5,0.003717679303993128,4, , 
46,8,1,1,12,3, , , ,2, , , , , , ,3,1,2,2,6,1.3878082739892164,0.47682084956252496,4,-0.06555547248566569,4, , 
46,8,2,1,12,3, , , ,1,1,2,3,90, , ,3,1,2,2,6,1.3878082739892164,0.47682084956252496,4,-0.06555547248566569,4, , 
46,8,3,1,12,3, , , ,2, , , , , , ,3,1,2,2,6,1.3878082739892164,0.47682084956252496,4,-0.06555547248566569,4, , 
46,9,1,1,12,13, , , ,1,3,90, , , , ,3,1,2,3,1,1.3878082739892164,-0.5909129301229347,2,-0.9431233762477947,2, , 
46,9,2,1,12,13, , , ,1,5,4,90, , , ,3,1,2,3,1,1.3878082739892164,-0.5909129301229347,2,-0.9431233762477947,2, , 
46,9,3,1,21,9, ,1,4,1,1,90, , , , ,3,1,2,3,1,1.3878082739892164,-0.5909129301229347,2,-0.9431233762477947,2, , 
46,10,1,1,12,24, , , ,1,1,2,6,90, , ,1,1,2,2,1,1.3878082739892164,-0.8843067229645948,1,-1.1842630504432896,1, , 
46,11,1,1,12,7, , , ,1,1,90, , , , ,1,1,2,2,1,1.3878082739892164,-0.5102747419812349,2,-0.8768470374477484,2, , 
46,17,1,1,12,4, , , ,1,1,90, , , , ,1,1,2,2,1,1.3878082739892164,0.43898189281537536,4,-0.09665522280256963,4, , 
46,18,1,1,13,24, , , ,1,1,2,90, , , ,2,1,2,3,1,1.3878082739892164,2.530913173433085,5,1.6226982187331247,5, , 
46,18,2,2,13,24, , , ,1,3,4,90, , , ,2,1,2,3,1,1.3878082739892164,2.530913173433085,5,1.6226982187331247,5, , 
46,20,1,1,12,95, , , ,2, , , , , , ,2,1,2,3,1,1.3878082739892164,1.0826871921458316,5,0.43240466171322517,4, , 
46,20,2,1,21,95, ,1,5,1,1,90, , , , ,2,1,2,3,1,1.3878082739892164,1.0826871921458316,5,0.43240466171322517,4, , 
46,21,1,1,13,12, , , ,1,1,2,90, , , ,1,1,2,1,1,1.3878082739892164,-0.10123451631857194,4,-0.5406578297831595,3, , 
46,22,1,1,12,2, , , ,1,1,90, , , , ,1,1,2,2,1,1.3878082739892164,0.37867362978359287,4,-0.14622244356046993,4, , 
46,23,1,1,12,12, , , ,1,2,1,5,90, , ,2,1,2,3,1,1.3878082739892164,1.425686790178263,5,0.7143152315232821,5, , 
46,23,2,1,12,12, , , ,1,4,3,90, , , ,2,1,2,3,1,1.3878082739892164,1.425686790178263,5,0.7143152315232821,5, , 
46,24,1,1,12,95, , , ,1,2,1,4,90, , ,2,1,2,2,1,1.3878082739892164,0.2753618020838211,4,-0.23113419384248418,4, , 
46,24,2,1,12,20, , , ,1,3,90, , , , ,2,1,2,2,1,1.3878082739892164,0.2753618020838211,4,-0.23113419384248418,4, , 
46,25,1,1,12,24, , , ,1,1,6,90, , , ,2,1,2,2,1,1.3878082739892164,-0.6857447682847447,1,-1.0210654429023545,1, , 
46,25,2,1,12,24, , , ,1,3,4,5,90, , ,2,1,2,2,1,1.3878082739892164,-0.6857447682847447,1,-1.0210654429023545,1, , 
46,26,1,1,12,3, , , ,1,1,2,4,90, , ,1,1,2,3,1,1.3878082739892164,1.3897844918164273,5,0.6848072162173316,5, , 
46,28,1,1,99,11,9,9, ,1,1,90, , , , ,1,1,2,3,1,1.3878082739892164,1.1681758288286241,5,0.5026675728588301,4, , 
46,29,1,1,11,24, , , ,1,1,90, , , , ,1,1,2,2,6,1.3878082739892164,1.639831723125274,5,0.89032045256532,5, , 
46,30,1,1,12,95, , , ,1,1,2,3,90, , ,1,1,2,3,1,1.3878082739892164,0.5571564209610236,5,0.0004721463187910167,4, , 
47,2,1,1,13,2, , , ,1,9,8,90, , , ,1,1,2,2,1,1.884363527985358,-1.0459166035471954,1,-1.3170898344492241,1, , 
47,3,1,1,12,12, , , ,1,6,5,90, , , ,1,1,2,2,1,1.884363527985358,-0.34202174001762176,3,-0.7385602874693126,3, , 
47,4,1,1,12,7, , , ,1,1,2,5,90, , ,2,1,2,2,1,1.884363527985358,-0.6239430741792066,2,-0.9702707746273446,1, , 
47,4,2,1,12,95, , , ,1,4,90, , , , ,2,1,2,2,1,1.884363527985358,-0.6239430741792066,2,-0.9702707746273446,1, , 
47,5,1,1,21,95, ,1,2,1,1,2,90, , , ,2,1,2,2,1,1.884363527985358,-0.4434408875376644,3,-0.821916448324994,2, , 
47,5,2,2,12,24, , , ,2, , , , , , ,2,1,2,2,1,1.884363527985358,-0.4434408875376644,3,-0.821916448324994,2, , 
47,6,1,2,18,10, , , ,1,2,5,90, , , ,2,1,2,2,1,1.884363527985358,-0.10558063034576282,4,-0.5442298907677586,3, , 
47,6,2,2,18,2, , , ,1,3,4,90, , , ,2,1,2,2,1,1.884363527985358,-0.10558063034576282,4,-0.5442298907677586,3, , 
47,8,1,2,36,17,1,2, ,1,1,90, , , , ,1,1,2,2,1,1.884363527985358,0.04941305073459401,4,-0.41684094570494196,3, , 
47,9,1,1,21,12, ,1,6,1,1,90, , , , ,1,1,2,1,1,1.884363527985358,-0.677874359046324,2,-1.0145967719016622,1, , 
47,11,1,1,12,95, , , ,1,1,2,6,90, , ,2,1,2,2,1,1.884363527985358,-0.8312806960684412,1,-1.14068108258441,1, , 
47,11,2,1,12,24, , , ,1,3,4,5,90, , ,2,1,2,2,1,1.884363527985358,-0.8312806960684412,1,-1.14068108258441,1, , 
47,12,1,1,12,95, , , ,1,1,2,90, , , ,3,1,2,2,1,1.884363527985358,-0.8875273262272741,1,-1.1869100567550235,1, , 
47,12,2,1,12,95, , , ,1,3,8,7,90, , ,3,1,2,2,1,1.884363527985358,-0.8875273262272741,1,-1.1869100567550235,1, , 
47,12,3,1,12,95, , , ,1,4,5,6,90, , ,3,1,2,2,1,1.884363527985358,-0.8875273262272741,1,-1.1869100567550235,1, , 
47,13,1,1,12,18, , , ,1,2,4,90, , , ,3,1,2,2,1,1.884363527985358,-0.49010570286833566,2,-0.8602701512313944,2, , 
47,13,2,1,21,95, ,1,4,1,3,90, , , , ,3,1,2,2,1,1.884363527985358,-0.49010570286833566,2,-0.8602701512313944,2, , 
47,13,3,1,12,18, , , ,1,1,90, , , , ,3,1,2,2,1,1.884363527985358,-0.49010570286833566,2,-0.8602701512313944,2, , 
47,15,1,1,12,4, , , ,1,3,9,90, , , ,2,1,2,2,1,1.884363527985358,-0.565367834587481,2,-0.9221279217937309,2, , 
47,15,2,1,21,19, ,1,1,1,2,7,90, , , ,2,1,2,2,1,1.884363527985358,-0.565367834587481,2,-0.9221279217937309,2, , 
47,16,1,1,12,36, , , ,1,2,90, , , , ,2,1,2,2,1,1.884363527985358,-0.6617715446711966,2,-1.001361906315585,1, , 
47,16,2,1,26,36, ,2, ,1,1,90, , , , ,2,1,2,2,1,1.884363527985358,-0.6617715446711966,2,-1.001361906315585,1, , 
47,17,1,1,12,32, , , ,1,1,2,5,90, , ,2,1,2,2,1,1.884363527985358,-0.9515540461218116,1,-1.2395334685376558,1, , 
47,17,2,1,12,9, , , ,1,3,4,90, , , ,2,1,2,2,1,1.884363527985358,-0.9515540461218116,1,-1.2395334685376558,1, , 
47,18,1,1,21,9, ,1,1,1,1,90, , , , ,4,1,2,2,1,1.884363527985358,-0.46786495693534935,3,-0.8419905340104551,2, , 
47,18,2,1,12,12, , , ,1,2,90, , , , ,4,1,2,2,1,1.884363527985358,-0.46786495693534935,3,-0.8419905340104551,2, , 
47,18,3,1,21,9, ,1,1,1,4,90, , , , ,4,1,2,2,1,1.884363527985358,-0.46786495693534935,3,-0.8419905340104551,2, , 
47,18,4,1,12,12, , , ,1,5,90, , , , ,4,1,2,2,1,1.884363527985358,-0.46786495693534935,3,-0.8419905340104551,2, , 
47,19,1,1,12,95, , , ,1,1,90, , , , ,1,1,2,3,1,1.884363527985358,-0.12564035927832085,4,-0.5607169352017817,3, , 
47,20,1,1,12,6, , , ,1,1,2,5,90, , ,2,1,2,2,1,1.884363527985358,-0.6322520297513604,2,-0.9770998858371218,1, , 
47,20,2,1,11,7, , , ,1,3,4,90, , , ,2,1,2,2,1,1.884363527985358,-0.6322520297513604,2,-0.9770998858371218,1, , 
47,21,1,2,18,95, , , ,1,1,2,90, , , ,2,1,2,2,1,1.884363527985358,-0.7737740502398559,1,-1.0934165044729547,1, , 
47,21,2,2,18,95, , , ,1,3,90, , , , ,2,1,2,2,1,1.884363527985358,-0.7737740502398559,1,-1.0934165044729547,1, , 
47,22,1,1,21,24, ,2, ,1,1,6,90, , , ,3,1,2,2,1,1.884363527985358,-0.8577695158447064,1,-1.162452181791403,1, , 
47,22,2,1,21,24, ,2, ,2, , , , , , ,3,1,2,2,1,1.884363527985358,-0.8577695158447064,1,-1.162452181791403,1, , 
47,22,3,1,21,24, ,2, ,1,3,4,90, , , ,3,1,2,2,1,1.884363527985358,-0.8577695158447064,1,-1.162452181791403,1, , 
47,23,1,1,21,6, ,2, ,1,2,4,5,90, , ,2,1,2,2,1,1.884363527985358,-0.7832636076795766,1,-1.1012159496047358,1, , 
47,23,2,1,21,7, ,2, ,2, , , , , , ,2,1,2,2,1,1.884363527985358,-0.7832636076795766,1,-1.1012159496047358,1, , 
47,24,1,1,21,12, ,2, ,1,1,2,8,90, , ,2,1,2,2,1,1.884363527985358,-0.9918316692785497,1,-1.272637553090073,1, , 
47,24,2,1,11,95, , , ,1,6,7,90, , , ,2,1,2,2,1,1.884363527985358,-0.9918316692785497,1,-1.272637553090073,1, , 
47,25,1,1,13,16, , , ,1,1,2,6,90, , ,2,1,2,2,1,1.884363527985358,-0.780124441599651,1,-1.0986358763236104,1, , 
47,25,2,1,13,4, , , ,2, , , , , , ,2,1,2,2,1,1.884363527985358,-0.780124441599651,1,-1.0986358763236104,1, , 
47,26,1,1,12,95, , , ,1,1,2,3,90, , ,1,1,2,1,1,1.884363527985358,-0.942410225678714,1,-1.2320181838372033,1, , 
47,27,1,2,99,24,9,9, ,1,1,90, , , , ,3,1,2,2,1,1.884363527985358,0.12594219802236833,4,-0.35394181800119945,4, , 
47,27,2,2,99,95,9,9, ,1,2,3,90, , , ,3,1,2,2,1,1.884363527985358,0.12594219802236833,4,-0.35394181800119945,4, , 
47,27,3,2,99,95,9,9, ,2, , , , , , ,3,1,2,2,1,1.884363527985358,0.12594219802236833,4,-0.35394181800119945,4, , 
47,29,1,1,99,24,9,9, ,1,1,2,90, , , ,3,1,2,1,1,1.884363527985358,-0.39844510499557795,3,-0.7849345195756501,2, , 
47,29,2,1,99,11,9,9, ,1,4,7,90, , , ,3,1,2,1,1,1.884363527985358,-0.39844510499557795,3,-0.7849345195756501,2, , 
47,29,3,1,99,0,9,9, ,2, , , , , , ,3,1,2,1,1,1.884363527985358,-0.39844510499557795,3,-0.7849345195756501,2, , 
47,30,1,1,12,5, , , ,1,1,2,90, , , ,2,1,2,3,1,1.884363527985358,-0.09161774982275883,4,-0.5327538318248044,3, , 
47,30,2,1,12,5, , , ,1,3,4,5,90, , ,2,1,2,3,1,1.884363527985358,-0.09161774982275883,4,-0.5327538318248044,3, , 
48,1,1,1,13,5, , , ,2, , , , , , ,3,1,2,2,1,1.2477542279903047,-0.7698152097688681,1,-1.090162742721147,1, , 
48,1,2,1,12,19, , , ,1,1,2,5,90, , ,3,1,2,2,1,1.2477542279903047,-0.7698152097688681,1,-1.090162742721147,1, , 
48,1,3,1,12,8, , , ,1,3,4,90, , , ,3,1,2,2,1,1.2477542279903047,-0.7698152097688681,1,-1.090162742721147,1, , 
48,2,1,1,12,95, , , ,1,1,2,90, , , ,4,1,2,2,1,1.2477542279903047,0.3177980540046494,4,-0.19625593734239152,4, , 
48,2,2,1,12,95, , , ,1,3,90, , , , ,4,1,2,2,1,1.2477542279903047,0.3177980540046494,4,-0.19625593734239152,4, , 
48,2,3,1,12,95, , , ,1,5,6,90, , , ,4,1,2,2,1,1.2477542279903047,0.3177980540046494,4,-0.19625593734239152,4, , 
48,2,4,1,12,95, , , ,1,7,8,90, , , ,4,1,2,2,1,1.2477542279903047,0.3177980540046494,4,-0.19625593734239152,4, , 
48,3,1,1,12,24, , , ,2, , , , , , ,6,1,2,1,1,1.2477542279903047,-0.5642281690479817,2,-0.9211912333443096,2, , 
48,3,2,1,12,12, , , ,2, , , , , , ,6,1,2,1,1,1.2477542279903047,-0.5642281690479817,2,-0.9211912333443096,2, , 
48,3,3,1,12,24, , , ,1,1,0,90, , , ,6,1,2,1,1,1.2477542279903047,-0.5642281690479817,2,-0.9211912333443096,2, , 
48,3,4,1,12,8, , , ,1,3,7,90, , , ,6,1,2,1,1,1.2477542279903047,-0.5642281690479817,2,-0.9211912333443096,2, , 
48,3,5,1,12,14, , , ,1,4,6,90, , , ,6,1,2,1,1,1.2477542279903047,-0.5642281690479817,2,-0.9211912333443096,2, , 
48,3,6,1,12,15, , , ,1,5,90, , , , ,6,1,2,1,1,1.2477542279903047,-0.5642281690479817,2,-0.9211912333443096,2, , 
48,4,1,1,12,95, , , ,1,1,2,90, , , ,2,1,2,2,1,1.2477542279903047,-0.9721821062107191,1,-1.2564876230238373,1, , 
48,4,2,1,12,30, , , ,1,3,4,5,90, , ,2,1,2,2,1,1.2477542279903047,-0.9721821062107191,1,-1.2564876230238373,1, , 
48,5,1,1,12,95, , , ,1,1,8,90, , , ,4,1,2,1,1,1.2477542279903047,-0.4774381769539847,3,-0.8498587412207603,2, , 
48,5,2,1,12,95, , , ,1,3,10,9,90, , ,4,1,2,1,1,1.2477542279903047,-0.4774381769539847,3,-0.8498587412207603,2, , 
48,5,3,1,12,95, , , ,1,2,90, , , , ,4,1,2,1,1,1.2477542279903047,-0.4774381769539847,3,-0.8498587412207603,2, , 
48,5,4,1,12,95, , , ,1,4,5,6,7,90,90,4,1,2,1,1,1.2477542279903047,-0.4774381769539847,3,-0.8498587412207603,2, , 
48,6,1,1,12,24, , , ,1,1,8,90, , , ,3,1,2,2,1,1.2477542279903047,-0.40309009874684665,3,-0.7887522291085356,2, , 
48,6,2,1,12,24, , , ,1,3,2,90, , , ,3,1,2,2,1,1.2477542279903047,-0.40309009874684665,3,-0.7887522291085356,2, , 
48,6,3,1,12,24, , , ,1,4,5,90, , , ,3,1,2,2,1,1.2477542279903047,-0.40309009874684665,3,-0.7887522291085356,2, , 
48,7,1,1,21,2, ,2, ,2, , , , , , ,4,1,2,2,1,1.2477542279903047,-0.9098936004836725,1,-1.205292845412266,1, , 
48,7,2,1,21,12, ,2, ,2, , , , , , ,4,1,2,2,1,1.2477542279903047,-0.9098936004836725,1,-1.205292845412266,1, , 
48,7,3,1,21,24, ,2, ,1,1,4,90, , , ,4,1,2,2,1,1.2477542279903047,-0.9098936004836725,1,-1.205292845412266,1, , 
48,7,4,1,21,24, ,2, ,1,2,3,90, , , ,4,1,2,2,1,1.2477542279903047,-0.9098936004836725,1,-1.205292845412266,1, , 
48,9,1,1,21,12, ,2, ,1,1,2,90, , , ,2,1,2,3,1,1.2477542279903047,-0.7304301538107224,1,-1.057792257067948,1, , 
48,9,2,1,21,12, ,2, ,2, , , , , , ,2,1,2,3,1,1.2477542279903047,-0.7304301538107224,1,-1.057792257067948,1, , 
48,10,1,1,12,28, , , ,1,2,6,90, , , ,2,1,2,2,1,1.2477542279903047,-0.8739000716452728,1,-1.1757098479903607,1, , 
48,10,2,1,12,28, , , ,1,3,4,5,90, , ,2,1,2,2,1,1.2477542279903047,-0.8739000716452728,1,-1.1757098479903607,1, , 
48,12,1,1,12,95, , , ,1,1,2,90, , , ,2,1,2,2,1,1.2477542279903047,-0.34772641404196936,3,-0.7432489457476595,2, , 
48,12,2,1,12,95, , , ,1,3,4,5,6,90,90,2,1,2,2,1,1.2477542279903047,-0.34772641404196936,3,-0.7432489457476595,2, , 
48,13,1,1,21,24, ,1,15,1,1,2,90, , , ,1,1,2,2,1,1.2477542279903047,0.39485280646270343,4,-0.132924815974812,4, , 
48,14,1,1,12,8, , , ,1,1,2,3,90, , ,2,1,2,3,1,1.2477542279903047,-0.1435176949585637,3,-0.5754102757106717,3, , 
48,14,2,2,12,12, , , ,2, , , , , , ,2,1,2,3,1,1.2477542279903047,-0.1435176949585637,3,-0.5754102757106717,3, , 
48,15,1,1,11,12, , , ,1,1,90, , , , ,1,1,2,2,1,1.2477542279903047,-0.4679670457325541,3,-0.8420744405548252,2, , 
48,17,1,1,36,24,1,2, ,1,2,3,4,90, , ,2,1,2,3,1,1.2477542279903047,-0.2440896634937456,3,-0.6580701421341637,3, , 
48,17,2,1,12,36, , , ,1,1,5,90, , , ,2,1,2,3,1,1.2477542279903047,-0.2440896634937456,3,-0.6580701421341637,3, , 
48,18,1,1,21,24, ,2, ,1,2,3,90, , , ,3,1,2,2,1,1.2477542279903047,-0.7395405761990413,1,-1.0652800919850562,1, , 
48,18,2,1,21,24, ,2, ,1,1,5,90, , , ,3,1,2,2,1,1.2477542279903047,-0.7395405761990413,1,-1.0652800919850562,1, , 
48,18,3,1,21,24, ,2, ,1,6,4,90, , , ,3,1,2,2,1,1.2477542279903047,-0.7395405761990413,1,-1.0652800919850562,1, , 
48,19,1,2,18,8, , , ,2, , , , , , ,1,1,2,2,1,1.2477542279903047,-0.45957789860736986,3,-0.8351794200946044,2, , 
48,20,1,2,12,10, , , ,1,1,90, , , , ,1,1,2,3,1,1.2477542279903047,0.49416355375800197,4,-0.051301544347441136,4, , 
48,21,1,2,28,95, ,2, ,1,1,90, , , , ,4,1,2,2,1,1.2477542279903047,0.7332997202110794,5,0.14524391323821303,4, , 
48,21,2,2,28,95, ,2, ,1,2,90, , , , ,4,1,2,2,1,1.2477542279903047,0.7332997202110794,5,0.14524391323821303,4, , 
48,21,3,2,28,95, ,2, ,1,3,90, , , , ,4,1,2,2,1,1.2477542279903047,0.7332997202110794,5,0.14524391323821303,4, , 
48,21,4,2,18,95, , , ,1,4,90, , , , ,4,1,2,2,1,1.2477542279903047,0.7332997202110794,5,0.14524391323821303,4, , 
48,22,1,1,12,13, , , ,1,1,5,90, , , ,2,1,2,2,1,1.2477542279903047,-0.3876747448897825,3,-0.7760823857192214,2, , 
48,22,2,1,12,13, , , ,1,3,4,90, , , ,2,1,2,2,1,1.2477542279903047,-0.3876747448897825,3,-0.7760823857192214,2, , 
48,24,1,1,11,12, , , ,1,1,2,7,90, , ,2,1,2,2,1,1.2477542279903047,-0.7763542697420344,1,-1.0955371808651917,1, , 
48,24,2,1,11,95, , , ,1,3,4,5,6,90,90,2,1,2,2,1,1.2477542279903047,-0.7763542697420344,1,-1.0955371808651917,1, , 
48,25,1,1,12,24, , , ,1,1,90, , , , ,2,1,2,2,1,1.2477542279903047,-0.6925367132755892,1,-1.0266477266527467,1, , 
48,25,2,1,12,10, , , ,1,2,3,4,90, , ,2,1,2,2,1,1.2477542279903047,-0.6925367132755892,1,-1.0266477266527467,1, , 
48,26,1,1,12,18, , , ,1,1,2,90, , , ,5,1,2,3,1,1.2477542279903047,0.20392154303058663,4,-0.28985077617262195,4, , 
48,26,2,1,12,18, , , ,1,6,90, , , , ,5,1,2,3,1,1.2477542279903047,0.20392154303058663,4,-0.28985077617262195,4, , 
48,26,3,1,12,18, , , ,1,4,90, , , , ,5,1,2,3,1,1.2477542279903047,0.20392154303058663,4,-0.28985077617262195,4, , 
48,26,4,1,12,18, , , ,1,5,90, , , , ,5,1,2,3,1,1.2477542279903047,0.20392154303058663,4,-0.28985077617262195,4, , 
48,26,5,1,12,18, , , ,1,3,90, , , , ,5,1,2,3,1,1.2477542279903047,0.20392154303058663,4,-0.28985077617262195,4, , 
48,27,1,1,21,95, ,1,95,1,1,90, , , , ,1,1,2,2,1,1.2477542279903047,-0.7056812972156526,1,-1.0374512295423013,1, , 
48,28,1,1,12,9, , , ,1,1,2,90, , , ,1,1,2,2,1,1.2477542279903047,-0.39593144794916657,3,-0.7828685507105965,2, , 
48,29,1,1,21,24, ,2, ,1,2,9,90, , , ,4,1,2,2,1,1.2477542279903047,-0.47433251048806235,3,-0.847306201194269,2, , 
48,29,2,1,21,24, ,2, ,1,1,90, , , , ,4,1,2,2,1,1.2477542279903047,-0.47433251048806235,3,-0.847306201194269,2, , 
48,29,3,1,21,24, ,2, ,2, , , , , , ,4,1,2,2,1,1.2477542279903047,-0.47433251048806235,3,-0.847306201194269,2, , 
48,29,4,1,21,24, ,2, ,2, , , , , , ,4,1,2,2,1,1.2477542279903047,-0.47433251048806235,3,-0.847306201194269,2, , 
48,30,1,1,21,95, ,2, ,1,11,10,12,90, , ,5,1,2,1,1,1.2477542279903047,-0.6132380900129707,2,-0.9614723731031951,2, , 
48,30,2,1,21,95, ,2, ,1,5,6,90, , , ,5,1,2,1,1,1.2477542279903047,-0.6132380900129707,2,-0.9614723731031951,2, , 
48,30,3,1,21,95, ,2, ,1,2,1,90, , , ,5,1,2,1,1,1.2477542279903047,-0.6132380900129707,2,-0.9614723731031951,2, , 
48,30,4,1,21,95, ,2, ,2, , , , , , ,5,1,2,1,1,1.2477542279903047,-0.6132380900129707,2,-0.9614723731031951,2, , 
48,30,5,1,21,95, ,2, ,2, , , , , , ,5,1,2,1,1,1.2477542279903047,-0.6132380900129707,2,-0.9614723731031951,2, , 
49,1,1,1,16,16, , , ,1,1,2,3,4,90,90,1,1,2,2,1,1.9734888299846653,-0.23803269409457561,3,-0.653091933108739,3, , 
49,2,1,2,12,98, , , ,1,1,2,90, , , ,2,1,2,1,1,1.9734888299846653,-0.6146375610250084,2,-0.9626225950646765,2, , 
49,2,2,2,12,98, , , ,1,3,4,90, , , ,2,1,2,1,1,1.9734888299846653,-0.6146375610250084,2,-0.9626225950646765,2, , 
49,3,1,1,12,6, , , ,1,1,2,3,4,90,90,2,1,2,2,1,1.9734888299846653,-0.5975745907951134,2,-0.948598579620475,2, , 
49,3,2,1,12,2, , , ,2, , , , , , ,2,1,2,2,1,1.9734888299846653,-0.5975745907951134,2,-0.948598579620475,2, , 
49,5,1,1,13,98, , , ,1,2,1,90, , , ,4,1,2,3,1,1.9734888299846653,0.9041705167768469,5,0.28568222249593767,4, , 
49,5,2,1,11,98, , , ,1,0,90, , , , ,4,1,2,3,1,1.9734888299846653,0.9041705167768469,5,0.28568222249593767,4, , 
49,5,3,1,11,98, , , ,1,0,90, , , , ,4,1,2,3,1,1.9734888299846653,0.9041705167768469,5,0.28568222249593767,4, , 
49,5,4,1,11,98, , , ,2, , , , , , ,4,1,2,3,1,1.9734888299846653,0.9041705167768469,5,0.28568222249593767,4, , 
49,6,1,1,11,98, , , ,1,1,90, , , , ,6,1,2,3,1,1.9734888299846653,-0.1756444832816988,3,-0.601815208119618,3, , 
49,6,2,1,12,98, , , ,1,2,90, , , , ,6,1,2,3,1,1.9734888299846653,-0.1756444832816988,3,-0.601815208119618,3, , 
49,6,3,1,12,98, , , ,1,3,11,90, , , ,6,1,2,3,1,1.9734888299846653,-0.1756444832816988,3,-0.601815208119618,3, , 
49,6,4,1,12,98, , , ,1,6,7,90, , , ,6,1,2,3,1,1.9734888299846653,-0.1756444832816988,3,-0.601815208119618,3, , 
49,6,5,1,12,98, , , ,1,9,10,90, , , ,6,1,2,3,1,1.9734888299846653,-0.1756444832816988,3,-0.601815208119618,3, , 
49,6,6,1,12,98, , , ,1,5,90, , , , ,6,1,2,3,1,1.9734888299846653,-0.1756444832816988,3,-0.601815208119618,3, , 
49,7,1,1,12,24, , , ,1,1,2,6,90, , ,5,1,2,2,1,1.9734888299846653,-0.08977662909956707,4,-0.5312406189955724,3, , 
49,7,2,1,12,24, , , ,1,5,3,90, , , ,5,1,2,2,1,1.9734888299846653,-0.08977662909956707,4,-0.5312406189955724,3, , 
49,7,3,1,12,24, , , ,1,4,90, , , , ,5,1,2,2,1,1.9734888299846653,-0.08977662909956707,4,-0.5312406189955724,3, , 
49,7,4,1,12,24, , , ,2, , , , , , ,5,1,2,2,1,1.9734888299846653,-0.08977662909956707,4,-0.5312406189955724,3, , 
49,7,5,1,12,24, , , ,2, , , , , , ,5,1,2,2,1,1.9734888299846653,-0.08977662909956707,4,-0.5312406189955724,3, , 
49,9,1,1,12,24, , , ,1,1,2,7,90, , ,3,1,2,2,1,1.9734888299846653,-0.13356028968329647,4,-0.5672263075337911,3, , 
49,9,2,1,12,24, , , ,1,4,5,90, , , ,3,1,2,2,1,1.9734888299846653,-0.13356028968329647,4,-0.5672263075337911,3, , 
49,9,3,1,12,24, , , ,1,3,6,90, , , ,3,1,2,2,1,1.9734888299846653,-0.13356028968329647,4,-0.5672263075337911,3, , 
49,10,1,1,12,95, , , ,1,1,2,90, , , ,3,1,2,2,1,1.9734888299846653,-0.4197673405277662,3,-0.8024592152399729,2, , 
49,10,2,1,12,95, , , ,1,6,7,8,90, , ,3,1,2,2,1,1.9734888299846653,-0.4197673405277662,3,-0.8024592152399729,2, , 
49,10,3,1,12,95, , , ,1,5,4,90, , , ,3,1,2,2,1,1.9734888299846653,-0.4197673405277662,3,-0.8024592152399729,2, , 
49,12,1,1,12,24, , , ,1,1,2,6,90, , ,3,1,2,2,1,1.9734888299846653,0.0969531506656478,4,-0.37776784842649197,3, , 
49,12,2,1,12,24, , , ,1,3,4,5,90, , ,3,1,2,2,1,1.9734888299846653,0.0969531506656478,4,-0.37776784842649197,3, , 
49,12,3,1,12,24, , , ,2, , , , , , ,3,1,2,2,1,1.9734888299846653,0.0969531506656478,4,-0.37776784842649197,3, , 
49,13,1,1,12,12, , , ,1,1,6,90, , , ,3,1,2,2,1,1.9734888299846653,2.2246385056518885,5,1.3709717834606867,5, , 
49,13,2,1,12,95, , , ,1,3,9,90, , , ,3,1,2,2,1,1.9734888299846653,2.2246385056518885,5,1.3709717834606867,5, , 
49,13,3,1,12,20, , , ,1,4,7,90, , , ,3,1,2,2,1,1.9734888299846653,2.2246385056518885,5,1.3709717834606867,5, , 
49,15,1,1,12,30, , , ,1,1,2,4,5,90,90,2,1,2,1,1,1.9734888299846653,-0.5980051712412099,2,-0.9489524726850862,2, , 
49,15,2,1,12,30, , , ,1,3,90, , , , ,2,1,2,1,1,1.9734888299846653,-0.5980051712412099,2,-0.9489524726850862,2, , 
49,16,1,1,12,1, , , ,1,1,2,4,90, , ,1,1,2,9,1,1.9734888299846653,0.12791384835490965,4,-0.3523213231904144,4, , 
49,18,1,1,12,12, , , ,1,1,90, , , , ,4,1,2,3,1,1.9734888299846653,-0.5234688144381366,2,-0.887691214833894,2, , 
49,18,2,1,12,95, , , ,1,2,90, , , , ,4,1,2,3,1,1.9734888299846653,-0.5234688144381366,2,-0.887691214833894,2, , 
49,18,3,1,12,95, , , ,1,3,90, , , , ,4,1,2,3,1,1.9734888299846653,-0.5234688144381366,2,-0.887691214833894,2, , 
49,18,4,1,12,15, , , ,1,4,90, , , , ,4,1,2,3,1,1.9734888299846653,-0.5234688144381366,2,-0.887691214833894,2, , 
49,19,1,1,11,95, , , ,1,1,2,90, , , ,1,1,2,3,1,1.9734888299846653,-0.027583606248408055,4,-0.48012431853704435,3, , 
49,20,1,2,11,18, , , ,1,1,2,90, , , ,6,1,2,3,1,1.9734888299846653,1.4151301064600266,5,0.7056387177915335,5, , 
49,20,2,2,11,18, , , ,1,3,4,90, , , ,6,1,2,3,1,1.9734888299846653,1.4151301064600266,5,0.7056387177915335,5, , 
49,20,3,2,11,18, , , ,1,5,6,90, , , ,6,1,2,3,1,1.9734888299846653,1.4151301064600266,5,0.7056387177915335,5, , 
49,20,4,2,11,18, , , ,1,7,90, , , , ,6,1,2,3,1,1.9734888299846653,1.4151301064600266,5,0.7056387177915335,5, , 
49,20,5,2,11,18, , , ,1,8,90, , , , ,6,1,2,3,1,1.9734888299846653,1.4151301064600266,5,0.7056387177915335,5, , 
49,20,6,2,11,18, , , ,1,9,10,90, , , ,6,1,2,3,1,1.9734888299846653,1.4151301064600266,5,0.7056387177915335,5, , 
49,22,1,1,13,24, , , ,1,1,2,90, , , ,2,1,2,2,1,1.9734888299846653,-0.657825566694935,2,-0.9981187162181999,1, , 
49,22,2,1,13,24, , , ,1,3,4,5,90, , ,2,1,2,2,1,1.9734888299846653,-0.657825566694935,2,-0.9981187162181999,1, , 
49,23,1,2,98,8,8,1,1,1,1,90, , , , ,1,1,2,2,1,1.9734888299846653,0.2373510662641773,4,-0.26237512897851356,4, , 
49,24,1,1,12,20, , , ,1,1,2,90, , , ,2,1,2,2,1,1.9734888299846653,-0.5962390684267681,2,-0.9475009169001278,2, , 
49,24,2,1,12,20, , , ,1,4,5,90, , , ,2,1,2,2,1,1.9734888299846653,-0.5962390684267681,2,-0.9475009169001278,2, , 
49,25,1,1,13,95, , , ,1,4,90, , , , ,1,1,2,1,1,1.9734888299846653,-0.5754884085223727,2,-0.9304459979114773,2, , 
49,27,1,2,12,24, , , ,1,1,2,90, , , ,3,1,2,3,1,1.9734888299846653,1.1569926174624827,5,0.4934761175142173,4, , 
49,27,2,2,12,24, , , ,1,3,90, , , , ,3,1,2,3,1,1.9734888299846653,1.1569926174624827,5,0.4934761175142173,4, , 
49,27,3,2,12,24, , , ,1,4,90, , , , ,3,1,2,3,1,1.9734888299846653,1.1569926174624827,5,0.4934761175142173,4, , 
49,28,1,1,12,19, , , ,1,1,90, , , , ,2,1,2,2,1,1.9734888299846653,-0.32634496216438047,3,-0.7256755803071337,3, , 
49,28,2,2,12,19, , , ,2, , , , , , ,2,1,2,2,1,1.9734888299846653,-0.32634496216438047,3,-0.7256755803071337,3, , 
49,29,1,1,12,1, , , ,2, , , , , , ,1,1,2,2,1,1.9734888299846653,0.18076565592347565,4,-0.3088825457906312,4, , 
49,30,1,1,12,95, , , ,1,1,2,4,90, , ,3,1,2,3,6,1.9734888299846653,-0.5385297317306365,2,-0.9000697476372744,2, , 
49,30,2,1,12,4, , , ,1,3,90, , , , ,3,1,2,3,6,1.9734888299846653,-0.5385297317306365,2,-0.9000697476372744,2, , 
49,30,3,1,12,5, , , ,2, , , , , , ,3,1,2,3,6,1.9734888299846653,-0.5385297317306365,2,-0.9000697476372744,2, , 
50,1,1,1,12,6, , , ,1,2,90, , , , ,2,1,2,2,1,1.6679163659870402,-0.6661095661975588,2,-1.0049273160926233,1, , 
50,1,2,1,12,6, , , ,1,4,5,6,90, , ,2,1,2,2,1,1.6679163659870402,-0.6661095661975588,2,-1.0049273160926233,1, , 
50,2,1,1,12,24, , , ,1,1,5,90, , , ,4,1,2,2,1,1.6679163659870402,-0.013582642895207941,4,-0.4686169594047541,3, , 
50,2,2,1,16,11, , , ,1,3,8,6,90, , ,4,1,2,2,1,1.6679163659870402,-0.013582642895207941,4,-0.4686169594047541,3, , 
50,2,3,1,16,11, , , ,2, , , , , , ,4,1,2,2,1,1.6679163659870402,-0.013582642895207941,4,-0.4686169594047541,3, , 
50,2,4,1,12,24, , , ,1,4,90, , , , ,4,1,2,2,1,1.6679163659870402,-0.013582642895207941,4,-0.4686169594047541,3, , 
50,3,1,1,16,1, , , ,1,1,90, , , , ,3,1,2,2,1,1.6679163659870402,-0.47056365885322304,3,-0.8442085908238725,2, , 
50,3,2,1,12,1, , , ,1,2,90, , , , ,3,1,2,2,1,1.6679163659870402,-0.47056365885322304,3,-0.8442085908238725,2, , 
50,3,3,1,12,1, , , ,1,3,4,90, , , ,3,1,2,2,1,1.6679163659870402,-0.47056365885322304,3,-0.8442085908238725,2, , 
50,4,1,1,18,95, , , ,1,1,2,90, , , ,2,1,2,2,1,1.6679163659870402,-0.6108129659084075,2,-0.9594791692566038,2, , 
50,4,2,1,18,95, , , ,1,3,4,5,90, , ,2,1,2,2,1,1.6679163659870402,-0.6108129659084075,2,-0.9594791692566038,2, , 
50,5,1,2,12,95, , , ,1,1,2,90, , , ,2,1,2,1,1,1.6679163659870402,-0.4636689268642177,3,-0.8385418266793725,2, , 
50,5,2,2,11,95, , , ,1,4,6,90, , , ,2,1,2,1,1,1.6679163659870402,-0.4636689268642177,3,-0.8385418266793725,2, , 
50,6,1,2,11,95, , , ,1,1,2,90, , , ,3,1,2,2,1,1.6679163659870402,-0.32345869169577834,3,-0.7233033613392484,3, , 
50,6,2,2,12,95, , , ,1,4,6,90, , , ,3,1,2,2,1,1.6679163659870402,-0.32345869169577834,3,-0.7233033613392484,3, , 
50,6,3,2,12,95, , , ,1,3,5,90, , , ,3,1,2,2,1,1.6679163659870402,-0.32345869169577834,3,-0.7233033613392484,3, , 
50,7,1,1,13,15, , , ,1,1,2,5,90, , ,2,1,2,2,1,1.6679163659870402,-0.9515540461218116,1,-1.2395334685376558,1, , 
50,7,2,1,13,15, , , ,1,3,4,90, , , ,2,1,2,2,1,1.6679163659870402,-0.9515540461218116,1,-1.2395334685376558,1, , 
50,9,1,1,21,24, ,2, ,2, , , , , , ,2,1,2,2,1,1.6679163659870402,-0.39094634038204257,3,-0.7787713024255432,2, , 
50,9,2,1,12,24, , , ,2, , , , , , ,2,1,2,2,1,1.6679163659870402,-0.39094634038204257,3,-0.7787713024255432,2, , 
50,10,1,1,12,28, , , ,1,1,90, , , , ,1,1,2,2,1,1.6679163659870402,-0.46649440210465565,3,-0.8408640781909931,2, , 
50,11,1,1,12,6, , , ,1,1,3,90, , , ,2,1,2,2,1,1.6679163659870402,-0.7308992850989217,1,-1.0581778349797901,1, , 
50,11,2,1,12,6, , , ,2, , , , , , ,2,1,2,2,1,1.6679163659870402,-0.7308992850989217,1,-1.0581778349797901,1, , 
50,12,1,1,11,12, , , ,1,1,2,90, , , ,2,1,2,2,1,1.6679163659870402,-0.9403378520668689,1,-1.2303149047980269,1, , 
50,12,2,1,11,12, , , ,1,3,4,90, , , ,2,1,2,2,1,1.6679163659870402,-0.9403378520668689,1,-1.2303149047980269,1, , 
50,13,1,1,12,18, , , ,1,3,4,5,90, , ,3,1,2,2,1,1.6679163659870402,-0.8275243712541233,1,-1.1375937679785897,1, , 
50,13,2,1,12,3, , , ,1,2,1,90, , , ,3,1,2,2,1,1.6679163659870402,-0.8275243712541233,1,-1.1375937679785897,1, , 
50,13,3,1,12,18, , , ,2, , , , , , ,3,1,2,2,1,1.6679163659870402,-0.8275243712541233,1,-1.1375937679785897,1, , 
50,16,1,1,21,95, ,1,99,1,6,90, , , , ,2,1,2,2,1,1.6679163659870402,-0.5015637784422217,2,-0.8696875168274191,2, , 
50,16,2,1,21,95, ,1,99,1,1,2,90, , , ,2,1,2,2,1,1.6679163659870402,-0.5015637784422217,2,-0.8696875168274191,2, , 
50,17,1,1,12,12, , , ,2, , , , , , ,3,1,2,3,1,1.6679163659870402,1.3800420521852155,5,0.6767999278020395,5, , 
50,17,2,1,12,12, , , ,1,1,2,90, , , ,3,1,2,3,1,1.6679163659870402,1.3800420521852155,5,0.6767999278020395,5, , 
50,17,3,1,12,2, , , ,2, , , , , , ,3,1,2,3,1,1.6679163659870402,1.3800420521852155,5,0.6767999278020395,5, , 
50,18,1,1,21,12, ,2, ,1,1,90, , , , ,4,1,2,3,6,1.6679163659870402,1.4119516759822037,5,0.7030263731933339,5, , 
50,18,2,1,21,12, ,2, ,1,2,90, , , , ,4,1,2,3,6,1.6679163659870402,1.4119516759822037,5,0.7030263731933339,5, , 
50,18,3,1,21,12, ,2, ,2, , , , , , ,4,1,2,3,6,1.6679163659870402,1.4119516759822037,5,0.7030263731933339,5, , 
50,18,4,1,21,12, ,2, ,2, , , , , , ,4,1,2,3,6,1.6679163659870402,1.4119516759822037,5,0.7030263731933339,5, , 
50,20,1,1,11,26, , , ,1,1,90, , , , ,3,1,2,3,1,1.6679163659870402,-0.5158501673683206,2,-0.8814294665725141,2, , 
50,20,2,1,12,95, , , ,1,2,5,90, , , ,3,1,2,3,1,1.6679163659870402,-0.5158501673683206,2,-0.8814294665725141,2, , 
50,20,3,1,12,95, , , ,1,4,3,90, , , ,3,1,2,3,1,1.6679163659870402,-0.5158501673683206,2,-0.8814294665725141,2, , 
50,21,1,2,12,24, , , ,1,1,90, , , , ,1,1,2,2,1,1.6679163659870402,0.7329768732614645,5,0.14497856608314508,4, , 
50,22,1,1,21,26, ,1,11,1,2,90, , , , ,6,1,2,3,1,1.6679163659870402,1.8006444758597109,5,1.0224920790516063,5, , 
50,22,2,1,21,26, ,1,11,1,1,90, , , , ,6,1,2,3,1,1.6679163659870402,1.8006444758597109,5,1.0224920790516063,5, , 
50,22,3,1,12,14, , , ,1,3,4,6,90, , ,6,1,2,3,1,1.6679163659870402,1.8006444758597109,5,1.0224920790516063,5, , 
50,22,4,1,12,12, , , ,1,5,90, , , , ,6,1,2,3,1,1.6679163659870402,1.8006444758597109,5,1.0224920790516063,5, , 
50,22,5,1,12,12, , , ,2, , , , , , ,6,1,2,3,1,1.6679163659870402,1.8006444758597109,5,1.0224920790516063,5, , 
50,22,6,1,12,12, , , ,2, , , , , , ,6,1,2,3,1,1.6679163659870402,1.8006444758597109,5,1.0224920790516063,5, , 
50,23,1,1,21,95, ,2, ,1,1,90, , , , ,2,1,2,2,1,1.6679163659870402,-0.7376730018827361,1,-1.0637451370093294,1, , 
50,23,2,1,21,12, ,2, ,1,2,90, , , , ,2,1,2,2,1,1.6679163659870402,-0.7376730018827361,1,-1.0637451370093294,1, , 
50,24,1,1,11,24, , , ,1,1,5,90, , , ,3,1,2,2,1,1.6679163659870402,-0.5072853624325303,2,-0.8743900733673585,2, , 
50,24,2,1,11,24, , , ,1,3,4,90, , , ,3,1,2,2,1,1.6679163659870402,-0.5072853624325303,2,-0.8743900733673585,2, , 
50,24,3,1,11,24, , , ,2, , , , , , ,3,1,2,2,1,1.6679163659870402,-0.5072853624325303,2,-0.8743900733673585,2, , 
50,25,1,2,12,95, , , ,1,1,2,90, , , ,5,1,2,3,1,1.6679163659870402,0.37630132710564723,4,-0.14817223359969425,4, , 
50,25,2,2,12,95, , , ,1,3,4,90, , , ,5,1,2,3,1,1.6679163659870402,0.37630132710564723,4,-0.14817223359969425,4, , 
50,25,3,2,12,95, , , ,1,7,6,90, , , ,5,1,2,3,1,1.6679163659870402,0.37630132710564723,4,-0.14817223359969425,4, , 
50,25,4,2,12,95, , , ,2, , , , , , ,5,1,2,3,1,1.6679163659870402,0.37630132710564723,4,-0.14817223359969425,4, , 
50,25,5,2,12,95, , , ,2, , , , , , ,5,1,2,3,1,1.6679163659870402,0.37630132710564723,4,-0.14817223359969425,4, , 
50,26,1,2,18,98, , , ,1,1,90, , , , ,2,1,2,2,1,1.6679163659870402,0.9439941513623262,5,0.31841317490025645,4, , 
50,26,2,2,18,98, , , ,2, , , , , , ,2,1,2,2,1,1.6679163659870402,0.9439941513623262,5,0.31841317490025645,4, , 
50,27,1,1,21,95, ,2, ,1,5,4,90, , , ,4,1,2,2,1,1.6679163659870402,-0.8800136174979237,1,-1.1807345570709753,1, , 
50,27,2,1,21,95, ,2, ,1,6,7,90, , , ,4,1,2,2,1,1.6679163659870402,-0.8800136174979237,1,-1.1807345570709753,1, , 
50,27,3,1,21,12, ,2, ,1,3,90, , , , ,4,1,2,2,1,1.6679163659870402,-0.8800136174979237,1,-1.1807345570709753,1, , 
50,27,4,1,21,12, ,2, ,2, , , , , , ,4,1,2,2,1,1.6679163659870402,-0.8800136174979237,1,-1.1807345570709753,1, , 
50,28,1,1,21,98, ,1,4,2, , , , , , ,3,1,2,3,1,1.6679163659870402,0.7067787630739252,5,0.12344640040924376,4, , 
50,28,2,1,21,98, ,1,4,1,3,90, , , , ,3,1,2,3,1,1.6679163659870402,0.7067787630739252,5,0.12344640040924376,4, , 
50,28,3,1,21,98, ,1,4,1,4,90, , , , ,3,1,2,3,1,1.6679163659870402,0.7067787630739252,5,0.12344640040924376,4, , 
50,29,1,1,21,95, ,2, ,1,1,90, , , , ,3,1,2,3,1,1.6679163659870402,0.1516340462585905,4,-0.33282574784457475,4, , 
50,29,2,1,12,24, , , ,1,2,90, , , , ,3,1,2,3,1,1.6679163659870402,0.1516340462585905,4,-0.33282574784457475,4, , 
50,29,3,2,12,24, , , ,2, , , , , , ,3,1,2,3,1,1.6679163659870402,0.1516340462585905,4,-0.33282574784457475,4, , 
50,30,1,2,12,4, , , ,1,2,7,90, , , ,6,1,2,1,1,1.6679163659870402,0.02674904898720576,4,-0.4354684358927824,3, , 
50,30,2,1,12,6, , , ,1,4,90, , , , ,6,1,2,1,1,1.6679163659870402,0.02674904898720576,4,-0.4354684358927824,3, , 
50,30,3,1,28,9, ,2, ,1,5,6,90, , , ,6,1,2,1,1,1.6679163659870402,0.02674904898720576,4,-0.4354684358927824,3, , 
50,30,4,2,28,9, ,2, ,1,1,90, , , , ,6,1,2,1,1,1.6679163659870402,0.02674904898720576,4,-0.4354684358927824,3, , 
50,30,5,2,28,9, ,2, ,1,3,90, , , , ,6,1,2,1,1,1.6679163659870402,0.02674904898720576,4,-0.4354684358927824,3, , 
50,30,6,2,28,9, ,2, ,1,8,90, , , , ,6,1,2,1,1,1.6679163659870402,0.02674904898720576,4,-0.4354684358927824,3, , 