HH1,HH2,TNLN,TN4,TN5,TN6,TN8,TN9,TN10,TN11,TN12_1,TN12_2,TN12_3,TN12_4,TN12_5,TN12_6,TN2,HH6,HH7,helevel,ethnicity,hhweight,wscore,windex5,wscoreu,windex5u,wscorer,windex5r
1,1,1,1,12,95, , , ,1,3,4,90, , , ,3,2,1,2,1,0.9984719224793521,-0.30792895830914957,3, , ,0.019633263189890574,4
1,1,2,2,11,95, , , ,1,5,90, , , , ,3,2,1,2,1,0.9984719224793521,-0.30792895830914957,3, , ,0.019633263189890574,4
1,1,3,2,11,95, , , ,1,1,90, , , , ,3,2,1,2,1,0.9984719224793521,-0.30792895830914957,3, , ,0.019633263189890574,4
1,3,1,2,11,95, , , ,1,4,90, , , , ,3,2,1,3,1,0.9984719224793521,-0.017152829020090354,4, , ,0.3809172293110863,4
1,3,2,2,11,95, , , ,1,3,90, , , , ,3,2,1,3,1,0.9984719224793521,-0.017152829020090354,4, , ,0.3809172293110863,4
1,3,3,2,11,95, , , ,1,1,2,90, , , ,3,2,1,3,1,0.9984719224793521,-0.017152829020090354,4, , ,0.3809172293110863,4
1,4,1,2,12,95, , , ,1,1,90, , , , ,1,2,1,1,1,0.9984719224793521,-0.5549197784982722,3, , ,-0.2872482656743526,3
1,5,1,2,11,6, , , ,1,1,2,90, , , ,2,2,1,3,1,0.9984719224793521,1.3649881384619325,5, , ,2.0982018347956544,5
1,5,2,2,11,6, , , ,1,3,90, , , , ,2,2,1,3,1,0.9984719224793521,1.3649881384619325,5, , ,2.0982018347956544,5
1,6,1,2,21,12, ,2, ,1,1,4,3,90, , ,1,2,1,2,1,0.9984719224793521,-0.6778907744196946,2, , ,-0.44003745518928605,2
1,7,1,1,12,12, , , ,1,1,90, , , , ,1,2,1,2,1,0.9984719224793521,0.04731272949760118,4, , ,0.46101449422906304,4
1,8,1,1,12,13, , , ,1,1,90, , , , ,1,2,1,1,1,0.9984719224793521,-0.9174591262943645,1, , ,-0.7376967043649907,1
1,9,1,1,12,95, , , ,1,1,2,5,90, , ,1,2,1,1,1,0.9984719224793521,0.19103444012436133,4, , ,0.6395860632224069,4
1,11,1,1,12,95, , , ,1,1,90, , , , ,2,2,1,2,1,0.9984719224793521,-0.31498162208881,3, , ,0.010870458800600257,4
1,11,2,1,12,95, , , ,1,2,3,90, , , ,2,2,1,2,1,0.9984719224793521,-0.31498162208881,3, , ,0.010870458800600257,4
1,12,1,1,12,12, , , ,1,1,90, , , , ,2,2,1,1,1,0.9984719224793521,-0.8396213947510853,1, , ,-0.640984761625436,2
1,12,2,1,12,12, , , ,2, , , , , , ,2,2,1,1,1,0.9984719224793521,-0.8396213947510853,1, , ,-0.640984761625436,2
1,13,1,2,98,0,1,1,0,1,1,90, , , , ,3,2,1,1,1,0.9984719224793521,0.08340085729821017,4, , ,0.5058533259913894,4
1,13,2,2,98,0,1,1,0,1,3,4,90, , , ,3,2,1,1,1,0.9984719224793521,0.08340085729821017,4, , ,0.5058533259913894,4
1,13,3,2,98,0,1,1,0,1,2,90, , , , ,3,2,1,1,1,0.9984719224793521,0.08340085729821017,4, , ,0.5058533259913894,4
1,14,1,2,98,0,1,2, ,1,1,2,8,7,90,90,3,2,1,2,1,0.9984719224793521,-0.03989365174179188,4, , ,0.35266217740623085,4
1,14,2,2,98,0,1,2, ,1,3,5,90, , , ,3,2,1,2,1,0.9984719224793521,-0.03989365174179188,4, , ,0.35266217740623085,4
1,14,3,2,98,0,1,2, ,1,4,6,90, , , ,3,2,1,2,1,0.9984719224793521,-0.03989365174179188,4, , ,0.35266217740623085,4
1,15,1,2,13,95, , , ,1,1,90, , , , ,1,2,1,1,1,0.9984719224793521,-0.48979888540980865,3, , ,-0.20633675966497775,3
1,16,1,1,11,95, , , ,1,1,2,7,90, , ,3,2,1,3,1,0.9984719224793521,1.288360456002588,5, , ,2.0029933556771136,5
1,16,2,1,11,95, , , ,1,4,5,90, , , ,3,2,1,3,1,0.9984719224793521,1.288360456002588,5, , ,2.0029933556771136,5
1,16,3,1,11,95, , , ,1,3,6,90, , , ,3,2,1,3,1,0.9984719224793521,1.288360456002588,5, , ,2.0029933556771136,5
1,18,1,1,12,0, , , ,1,1,2,90, , , ,2,2,1,2,1,0.9984719224793521,-0.6580607410179604,2, , ,-0.4153990052133174,2
1,18,2,1,12,0, , , ,1,3,5,90, , , ,2,2,1,2,1,0.9984719224793521,-0.6580607410179604,2, , ,-0.4153990052133174,2
1,19,1,1,13,3, , , ,1,1,2,3,90, , ,2,2,1,2,1,0.9984719224793521,-1.019752944481964,1, , ,-0.8647948827294104,1
1,19,2,2,13,3, , , ,2, , , , , , ,2,2,1,2,1,0.9984719224793521,-1.019752944481964,1, , ,-0.8647948827294104,1
1,20,1,1,11,6, , , ,1,1,90, , , , ,3,2,1,3,1,0.9984719224793521,1.415677416335786,5, , ,2.161182325645645,5
1,20,2,1,11,6, , , ,1,9,90, , , , ,3,2,1,3,1,0.9984719224793521,1.415677416335786,5, , ,2.161182325645645,5
1,20,3,1,11,6, , , ,2, , , , , , ,3,2,1,3,1,0.9984719224793521,1.415677416335786,5, , ,2.161182325645645,5
1,21,1,1,11,12, , , ,1,1,90, , , , ,3,2,1,3,1,0.9984719224793521,-0.22693833624051304,4, , ,0.12026261413118466,4
1,21,2,1,11,12, , , ,1,2,5,90, , , ,3,2,1,3,1,0.9984719224793521,-0.22693833624051304,4, , ,0.12026261413118466,4
1,21,3,1,11,12, , , ,1,3,4,90, , , ,3,2,1,3,1,0.9984719224793521,-0.22693833624051304,4, , ,0.12026261413118466,4
1,22,1,1,13,12, , , ,1,1,90, , , , ,1,2,1,1,1,0.9984719224793521,-0.9997585158500979,1, , ,-0.8399521747185793,1
1,23,1,1,13,10, , , ,1,1,2,90, , , ,3,2,1,2,1,0.9984719224793521,-0.6575810174369289,2, , ,-0.4148029575307903,2
1,23,2,1,13,10, , , ,1,3,7,90, , , ,3,2,1,2,1,0.9984719224793521,-0.6575810174369289,2, , ,-0.4148029575307903,2
1,23,3,1,13,10, , , ,1,4,5,6,90, , ,3,2,1,2,1,0.9984719224793521,-0.6575810174369289,2, , ,-0.4148029575307903,2
1,25,1,2,13,95, , , ,1,1,2,90, , , ,4,2,1,3,1,0.9984719224793521,0.55302860290647,4, , ,1.0893571196100222,5
1,25,2,2,13,95, , , ,1,5,4,90, , , ,4,2,1,3,1,0.9984719224793521,0.55302860290647,4, , ,1.0893571196100222,5
1,25,3,2,13,95, , , ,1,3,7,90, , , ,4,2,1,3,1,0.9984719224793521,0.55302860290647,4, , ,1.0893571196100222,5
1,25,4,2,13,95, , , ,1,6,90, , , , ,4,2,1,3,1,0.9984719224793521,0.55302860290647,4, , ,1.0893571196100222,5
1,26,1,1,13,95, , , ,1,1,90, , , , ,3,2,1,2,1,0.9984719224793521,0.5587222499942754,4, , ,1.0964313708788802,5
1,26,2,1,13,95, , , ,1,2,90, , , , ,3,2,1,2,1,0.9984719224793521,0.5587222499942754,4, , ,1.0964313708788802,5
1,26,3,1,13,95, , , ,1,3,8,90, , , ,3,2,1,2,1,0.9984719224793521,0.5587222499942754,4, , ,1.0964313708788802,5
1,27,1,1,13,95, , , ,1,2,1,90, , , ,2,2,1,3,1,0.9984719224793521,-0.23559334190566272,3, , ,0.10950892956583907,4
1,27,2,1,13,95, , , ,1,6,7,90, , , ,2,2,1,3,1,0.9984719224793521,-0.23559334190566272,3, , ,0.10950892956583907,4
1,29,1,2,13,6, , , ,1,1,2,90, , , ,2,2,1,3,1,0.9984719224793521,0.5955971733298435,4, , ,1.1422477815507666,5
1,29,2,2,13,6, , , ,1,3,4,90, , , ,2,2,1,3,1,0.9984719224793521,0.5955971733298435,4, , ,1.1422477815507666,5
2,1,1,1,12,6, , , ,1,1,90, , , , ,1,2,1,3,1,3.4447281325537653,-0.16374107995983694,4, , ,0.1987840369621591,4
2,2,1,1,12,6, , , ,1,2,90, , , , ,2,2,1,3,6,3.4447281325537653,2.0371306567560157,5, , ,2.9333264903225675,5
2,2,2,1,12,6, , , ,1,1,90, , , , ,2,2,1,3,6,3.4447281325537653,2.0371306567560157,5, , ,2.9333264903225675,5
2,3,1,2,12,23, , , ,1,1,2,7,90, , ,4,2,1,2,1,3.4447281325537653,0.24767509499310492,4, , ,0.7099610299870927,4
2,3,2,2,12,23, , , ,1,5,6,90, , , ,4,2,1,2,1,3.4447281325537653,0.24767509499310492,4, , ,0.7099610299870927,4
2,3,3,2,12,23, , , ,1,3,8,90, , , ,4,2,1,2,1,3.4447281325537653,0.24767509499310492,4, , ,0.7099610299870927,4
2,3,4,2,12,23, , , ,1,4,90, , , , ,4,2,1,2,1,3.4447281325537653,0.24767509499310492,4, , ,0.7099610299870927,4
2,4,1,1,18,98, , , ,1,1,2,4,90, , ,2,2,1,3,1,3.4447281325537653,0.25308807495318364,4, , ,0.7166865575374223,4
2,4,2,1,18,98, , , ,2, , , , , , ,2,2,1,3,1,3.4447281325537653,0.25308807495318364,4, , ,0.7166865575374223,4
2,5,1,1,13,3, , , ,1,1,2,90, , , ,2,2,1,3,1,3.4447281325537653,2.6489622599282265,5, , ,3.6935159485590314,5
2,5,2,1,13,3, , , ,1,3,4,90, , , ,2,2,1,3,1,3.4447281325537653,2.6489622599282265,5, , ,3.6935159485590314,5
2,6,1,1,13,14, , , ,1,1,90, , , , ,1,2,1,2,1,3.4447281325537653,2.0389465823808286,5, , ,2.9355827443469873,5
2,7,1,1,11,1, , , ,1,1,2,3,90, , ,1,2,1,3,1,3.4447281325537653,0.7508721830112018,5, , ,1.3351741110756399,5
2,8,1,1,11,98, , , ,1,1,2,90, , , ,3,2,1,3,6,3.4447281325537653,1.6735152174089958,5, , ,2.481541027769692,5
2,8,2,1,12,98, , , ,1,3,90, , , , ,3,2,1,3,6,3.4447281325537653,1.6735152174089958,5, , ,2.481541027769692,5
2,8,3,1,12,98, , , ,2, , , , , , ,3,2,1,3,6,3.4447281325537653,1.6735152174089958,5, , ,2.481541027769692,5
2,9,1,2,11,12, , , ,1,1,2,90, , , ,2,2,1,3,6,3.4447281325537653,1.3990934110743836,5, , ,2.140577005636525,5
2,9,2,2,12,6, , , ,1,4,90, , , , ,2,2,1,3,6,3.4447281325537653,1.3990934110743836,5, , ,2.140577005636525,5
2,10,1,2,12,98, , , ,1,1,90, , , , ,1,2,1,3,6,3.4447281325537653,1.1909017656309264,5, , ,1.8819027342545789,5
2,11,1,1,12,14, , , ,1,1,2,90, , , ,4,2,1,2,6,3.4447281325537653,1.5791767720396925,5, , ,2.3643272530899693,5
2,11,2,1,12,14, , , ,1,3,90, , , , ,4,2,1,2,6,3.4447281325537653,1.5791767720396925,5, , ,2.3643272530899693,5
2,11,3,1,12,14, , , ,2, , , , , , ,4,2,1,2,6,3.4447281325537653,1.5791767720396925,5, , ,2.3643272530899693,5
2,11,4,1,12,14, , , ,2, , , , , , ,4,2,1,2,6,3.4447281325537653,1.5791767720396925,5, , ,2.3643272530899693,5
2,12,1,1,11,6, , , ,1,1,90, , , , ,2,2,1,3,1,3.4447281325537653,3.825125520097389,5, , ,5.154877059867901,5
2,12,2,1,11,6, , , ,1,2,90, , , , ,2,2,1,3,1,3.4447281325537653,3.825125520097389,5, , ,5.154877059867901,5
2,13,1,2,18,24, , , ,1,1,90, , , , ,2,2,1,2,1,3.4447281325537653,0.376214384828619,4, , ,0.8696687217694928,5
2,13,2,2,18,24, , , ,1,2,90, , , , ,2,2,1,2,1,3.4447281325537653,0.376214384828619,4, , ,0.8696687217694928,5
2,14,1,1,13,95, , , ,1,1,6,90, , , ,3,2,1,3,1,3.4447281325537653,-0.10093018152063318,4, , ,0.276825417316296,4
2,14,2,1,13,95, , , ,1,2,4,90, , , ,3,2,1,3,1,3.4447281325537653,-0.10093018152063318,4, , ,0.276825417316296,4
2,14,3,1,13,95, , , ,1,5,3,90, , , ,3,2,1,3,1,3.4447281325537653,-0.10093018152063318,4, , ,0.276825417316296,4
2,15,1,1,11,24, , , ,1,1,7,90, , , ,5,2,1,3,1,3.4447281325537653,-0.3063765952699269,3, , ,0.021562045573236724,4
2,15,2,1,11,24, , , ,1,2,8,90, , , ,5,2,1,3,1,3.4447281325537653,-0.3063765952699269,3, , ,0.021562045573236724,4
2,15,3,1,11,24, , , ,2, , , , , , ,5,2,1,3,1,3.4447281325537653,-0.3063765952699269,3, , ,0.021562045573236724,4
2,15,4,1,11,24, , , ,1,3,4,90, , , ,5,2,1,3,1,3.4447281325537653,-0.3063765952699269,3, , ,0.021562045573236724,4
2,15,5,1,11,24, , , ,1,5,6,90, , , ,5,2,1,3,1,3.4447281325537653,-0.3063765952699269,3, , ,0.021562045573236724,4
2,16,1,1,12,24, , , ,1,4,90, , , , ,3,2,1,3,1,3.4447281325537653,2.4068121627552497,5, , ,3.3926489285695136,5
2,16,2,1,12,24, , , ,1,3,90, , , , ,3,2,1,3,1,3.4447281325537653,2.4068121627552497,5, , ,3.3926489285695136,5
2,16,3,1,12,24, , , ,1,2,1,90, , , ,3,2,1,3,1,3.4447281325537653,2.4068121627552497,5, , ,3.3926489285695136,5
2,18,1,2,11,12, , , ,1,1,90, , , , ,2,2,1,2,1,3.4447281325537653,-0.49653136747987814,3, , ,-0.21470174419813576,3
2,18,2,2,21,12, ,2, ,1,2,3,4,90, , ,2,2,1,2,1,3.4447281325537653,-0.49653136747987814,3, , ,-0.21470174419813576,3
2,19,1,1,13,95, , , ,1,1,0,90, , , ,1,2,1,2,1,3.4447281325537653,-0.8998936338633836,1, , ,-0.7158719046888523,1
2,20,1,1,11,6, , , ,1,7,6,90, , , ,4,2,1,3,1,3.4447281325537653,3.03898594093918,5, , ,4.1781131632662545,5
2,20,2,1,11,6, , , ,1,1,2,90, , , ,4,2,1,3,1,3.4447281325537653,3.03898594093918,5, , ,4.1781131632662545,5
2,20,3,1,11,6, , , ,2, , , , , , ,4,2,1,3,1,3.4447281325537653,3.03898594093918,5, , ,4.1781131632662545,5
2,20,4,1,12,2, , , ,1,0,90, , , , ,4,2,1,3,1,3.4447281325537653,3.03898594093918,5, , ,4.1781131632662545,5
2,21,1,1,12,14, , , ,1,3,4,90, , , ,2,2,1,3,1,3.4447281325537653,1.2715371716531667,5, , ,1.9820907358238125,5
2,21,2,1,12,14, , , ,1,1,2,90, , , ,2,2,1,3,1,3.4447281325537653,1.2715371716531667,5, , ,1.9820907358238125,5
2,22,1,1,13,18, , , ,1,1,2,90, , , ,1,2,1,1,1,3.4447281325537653,-0.9689121071590266,1, , ,-0.8016260820652618,1
2,25,1,1,12,1, , , ,1,1,90, , , , ,1,2,1,1,1,3.4447281325537653,-0.745946262899726,2, , ,-0.5245951417314951,2
2,27,1,1,13,5, , , ,1,1,2,5,90, , ,3,2,1,2,1,3.4447281325537653,-0.8078171797818317,2, , ,-0.6014686123749569,2
2,27,2,1,13,6, , , ,1,3,4,90, , , ,3,2,1,2,1,3.4447281325537653,-0.8078171797818317,2, , ,-0.6014686123749569,2
2,27,3,1,11,6, , , ,2, , , , , , ,3,2,1,2,1,3.4447281325537653,-0.8078171797818317,2, , ,-0.6014686123749569,2
2,30,1,1,12,36, , , ,1,1,2,90, , , ,2,2,1,3,1,3.4447281325537653,-0.06381266381094197,4, , ,0.32294324701407073,4
2,30,2,1,12,36, , , ,2, , , , , , ,2,2,1,3,1,3.4447281325537653,-0.06381266381094197,4, , ,0.32294324701407073,4
3,2,1,1,11,95, , , ,1,1,2,90, , , ,2,2,1,3,1,1.1607236098822469,0.542476393694556,4, , ,1.0762461947045219,5
3,2,2,1,16,95, , , ,1,3,4,90, , , ,2,2,1,3,1,1.1607236098822469,0.542476393694556,4, , ,1.0762461947045219,5
3,5,1,1,11,95, , , ,1,1,90, , , , ,2,2,1,3,1,1.1607236098822469,1.1158543249420885,5, , ,1.7886576763277113,5
3,5,2,1,11,95, , , ,1,2,90, , , , ,2,2,1,3,1,1.1607236098822469,1.1158543249420885,5, , ,1.7886576763277113,5
3,7,1,1,13,95, , , ,1,1,2,6,90, , ,3,2,1,2,1,1.1607236098822469,-0.6963964585801705,2, , ,-0.4630304257114179,2
3,7,2,1,13,95, , , ,1,4,90, , , , ,3,2,1,2,1,1.1607236098822469,-0.6963964585801705,2, , ,-0.4630304257114179,2
3,7,3,1,13,95, , , ,1,5,3,90, , , ,3,2,1,2,1,1.1607236098822469,-0.6963964585801705,2, , ,-0.4630304257114179,2
3,8,1,1,11,9, , , ,1,1,2,3,90, , ,1,2,1,2,1,1.1607236098822469,-1.1198744874749642,1, , ,-0.9891940493154896,1
3,9,1,1,13,95, , , ,1,1,5,90, , , ,2,2,1,2,1,1.1607236098822469,-0.07555468893560596,4, , ,0.3083539978287768,4
3,9,2,1,13,95, , , ,1,0,4,90, , , ,2,2,1,2,1,1.1607236098822469,-0.07555468893560596,4, , ,0.3083539978287768,4
3,11,1,1,11,95, , , ,1,3,90, , , , ,2,2,1,3,1,1.1607236098822469,0.007371138801712029,4, , ,0.4113878060443007,4
3,11,2,1,11,95, , , ,1,2,90, , , , ,2,2,1,3,1,1.1607236098822469,0.007371138801712029,4, , ,0.4113878060443007,4
3,12,1,2,11,9, , , ,2, , , , , , ,3,2,1,1,1,1.1607236098822469,-0.8415092073039591,1, , ,-0.6433303338292589,2
3,12,2,2,11,9, , , ,2, , , , , , ,3,2,1,1,1,1.1607236098822469,-0.8415092073039591,1, , ,-0.6433303338292589,2
3,12,3,2,11,9, , , ,2, , , , , , ,3,2,1,1,1,1.1607236098822469,-0.8415092073039591,1, , ,-0.6433303338292589,2
3,14,1,1,12,6, , , ,1,1,90, , , , ,2,2,1,2,1,1.1607236098822469,0.3879291816953303,4, , ,0.8842241403475504,5
3,14,2,1,12,6, , , ,1,2,90, , , , ,2,2,1,2,1,1.1607236098822469,0.3879291816953303,4, , ,0.8842241403475504,5
3,15,1,1,12,5, , , ,1,2,3,90, , , ,2,2,1,2,6,1.1607236098822469,-0.001331762899399791,4, , ,0.4005746115395519,4
3,15,2,1,12,5, , , ,1,4,5,90, , , ,2,2,1,2,6,1.1607236098822469,-0.001331762899399791,4, , ,0.4005746115395519,4
3,16,1,1,12,24, , , ,2, , , , , , ,1,2,1,3,1,1.1607236098822469,-0.9872534138575748,1, , ,-0.8244148166291965,1
3,18,1,1,11,7, , , ,1,1,2,90, , , ,3,2,1,3,1,1.1607236098822469,0.6373412441014414,5, , ,1.1941140179137053,5
3,18,2,1,13,6, , , ,1,7,90, , , , ,3,2,1,3,1,1.1607236098822469,0.6373412441014414,5, , ,1.1941140179137053,5
3,18,3,1,11,6, , , ,1,8,90, , , , ,3,2,1,3,1,1.1607236098822469,0.6373412441014414,5, , ,1.1941140179137053,5
3,19,1,2,12,95, , , ,1,1,2,90, , , ,2,2,1,2,1,1.1607236098822469,-0.36744647739422476,3, , ,-0.054316154189464415,3
3,19,2,2,12,95, , , ,1,6,90, , , , ,2,2,1,2,1,1.1607236098822469,-0.36744647739422476,3, , ,-0.054316154189464415,3
3,20,1,1,12,95, , , ,1,1,2,6,90, , ,3,2,1,2,1,1.1607236098822469,0.6257008961498695,5, , ,1.1796511007366421,5
3,20,2,1,12,95, , , ,1,3,4,90, , , ,3,2,1,2,1,1.1607236098822469,0.6257008961498695,5, , ,1.1796511007366421,5
3,20,3,1,12,95, , , ,1,5,90, , , , ,3,2,1,2,1,1.1607236098822469,0.6257008961498695,5, , ,1.1796511007366421,5
3,21,1,1,12,4, , , ,1,1,2,7,90, , ,3,2,1,3,1,1.1607236098822469,0.007910280978212725,4, , ,0.4120576802334428,4
3,21,2,1,12,4, , , ,1,3,5,90, , , ,3,2,1,3,1,1.1607236098822469,0.007910280978212725,4, , ,0.4120576802334428,4
3,21,3,1,12,4, , , ,1,4,6,90, , , ,3,2,1,3,1,1.1607236098822469,0.007910280978212725,4, , ,0.4120576802334428,4
3,23,1,2,12,3, , , ,1,1,2,6,90, , ,3,2,1,3,1,1.1607236098822469,1.5415520381345447,5, , ,2.3175792166444,5
3,23,2,2,12,3, , , ,1,5,8,90, , , ,3,2,1,3,1,1.1607236098822469,1.5415520381345447,5, , ,2.3175792166444,5
3,23,3,2,12,3, , , ,1,9,10,90, , , ,3,2,1,3,1,1.1607236098822469,1.5415520381345447,5, , ,2.3175792166444,5
3,24,1,1,12,95, , , ,1,1,4,90, , , ,2,2,1,3,1,1.1607236098822469,0.6164091851560959,5, , ,1.1681063215689365,5
3,24,2,1,12,95, , , ,1,3,90, , , , ,2,2,1,3,1,1.1607236098822469,0.6164091851560959,5, , ,1.1681063215689365,5
3,25,1,1,13,95, , , ,1,1,90, , , , ,1,2,1,1,1,1.1607236098822469,-0.8852220416047846,1, , ,-0.6976427224878938,1
3,26,1,1,13,0, , , ,1,3,4,90, , , ,1,2,1,2,6,1.1607236098822469,-0.9607847535392083,1, , ,-0.7915279954134565,1
3,30,1,1,12,95, , , ,1,1,90, , , , ,1,2,1,2,1,1.1607236098822469,-0.6931584969764482,2, , ,-0.4590073182672094,2
4,1,1,1,12,36, , , ,1,1,2,5,90, , ,2,2,1,3,1,0.6677280981580668,-0.6267542871303098,2, , ,-0.37650131490643174,3
4,1,2,1,12,36, , , ,1,3,4,90, , , ,2,2,1,3,1,0.6677280981580668,-0.6267542871303098,2, , ,-0.37650131490643174,3
4,2,1,1,12,5, , , ,1,1,2,3,4,90,90,2,2,1,3,1,0.6677280981580668,-0.2979119105376817,3, , ,0.03207925989721922,4
4,2,2,1,12,1, , , ,2, , , , , , ,2,2,1,3,1,0.6677280981580668,-0.2979119105376817,3, , ,0.03207925989721922,4
4,3,1,1,12,12, , , ,1,1,90, , , , ,3,2,1,3,1,0.6677280981580668,0.23797966617726318,4, , ,0.6979146388875299,4
4,3,2,1,12,12, , , ,1,2,90, , , , ,3,2,1,3,1,0.6677280981580668,0.23797966617726318,4, , ,0.6979146388875299,4
4,3,3,1,12,12, , , ,2, , , , , , ,3,2,1,3,1,0.6677280981580668,0.23797966617726318,4, , ,0.6979146388875299,4
4,5,1,1,36,12,9,2, ,2, , , , , , ,1,2,1,2,1,0.6677280981580668,-0.6520435619011251,2, , ,-0.4079227713783494,2
4,6,1,1,98,6,1,2, ,1,1,2,90, , , ,3,2,1,3,1,0.6677280981580668,-0.4931449291170006,3, , ,-0.2104941571250266,3
4,6,2,1,98,6,1,2, ,1,7,8,9,90, , ,3,2,1,3,1,0.6677280981580668,-0.4931449291170006,3, , ,-0.2104941571250266,3
4,6,3,1,98,6,1,2, ,1,3,10,90, , , ,3,2,1,3,1,0.6677280981580668,-0.4931449291170006,3, , ,-0.2104941571250266,3
4,7,1,1,21,18, ,2, ,1,1,90, , , , ,3,2,1,2,1,0.6677280981580668,-0.798022166412462,2, , ,-0.5892984893082931,2
4,7,2,1,21,16, ,2, ,1,2,90, , , , ,3,2,1,2,1,0.6677280981580668,-0.798022166412462,2, , ,-0.5892984893082931,2
4,7,3,1,11,8, , , ,1,5,90, , , , ,3,2,1,2,1,0.6677280981580668,-0.798022166412462,2, , ,-0.5892984893082931,2
4,8,1,2,18,26, , , ,1,1,2,6,90, , ,2,2,1,2,1,0.6677280981580668,-0.9000137220808734,1, , ,-0.7160211120794493,1
4,8,2,2,18,26, , , ,1,3,4,5,90, , ,2,2,1,2,1,0.6677280981580668,-0.9000137220808734,1, , ,-0.7160211120794493,1
4,9,1,1,21,12, ,2, ,1,1,2,5,90, , ,2,2,1,2,1,0.6677280981580668,-0.9341016956068428,1, , ,-0.7583747891251115,1
4,9,2,1,21,12, ,2, ,1,4,3,90, , , ,2,2,1,2,1,0.6677280981580668,-0.9341016956068428,1, , ,-0.7583747891251115,1
4,10,1,1,21,12, ,1,6,1,1,2,90, , , ,1,2,1,3,1,0.6677280981580668,-0.4953975325554014,3, , ,-0.21329297526155483,3
4,11,1,2,98,18,1,2, ,1,1,2,4,5,90,90,2,2,1,3,1,0.6677280981580668,-0.7645173222476183,2, , ,-0.5476693397156384,2
4,11,2,2,98,18,1,2, ,2, , , , , , ,2,2,1,3,1,0.6677280981580668,-0.7645173222476183,2, , ,-0.5476693397156384,2
4,12,1,1,13,13, , , ,1,3,4,7,9,90,90,3,2,1,2,1,0.6677280981580668,-0.0971614452802479,4, , ,0.2815080024360585,4
4,12,2,1,11,6, , , ,1,5,8,90, , , ,3,2,1,2,1,0.6677280981580668,-0.0971614452802479,4, , ,0.2815080024360585,4
4,12,3,1,36,7,1,2, ,1,1,90, , , , ,3,2,1,2,1,0.6677280981580668,-0.0971614452802479,4, , ,0.2815080024360585,4
4,13,1,1,12,13, , , ,1,1,2,90, , , ,3,2,1,3,1,0.6677280981580668,-0.284349810086176,3, , ,0.04892991903500282,4
4,13,2,1,12,13, , , ,1,3,90, , , , ,3,2,1,3,1,0.6677280981580668,-0.284349810086176,3, , ,0.04892991903500282,4
4,13,3,1,12,13, , , ,1,9,90, , , , ,3,2,1,3,1,0.6677280981580668,-0.284349810086176,3, , ,0.04892991903500282,4
4,14,1,1,12,11, , , ,1,1,90, , , , ,3,2,1,1,1,0.6677280981580668,-0.1628219332527692,4, , ,0.19992605975676944,4
4,14,2,1,12,11, , , ,1,2,90, , , , ,3,2,1,1,1,0.6677280981580668,-0.1628219332527692,4, , ,0.19992605975676944,4
4,14,3,1,12,11, , , ,1,3,90, , , , ,3,2,1,1,1,0.6677280981580668,-0.1628219332527692,4, , ,0.19992605975676944,4
4,15,1,2,98,12,8,2, ,1,1,2,5,90, , ,2,2,1,2,1,0.6677280981580668,-0.27625162343287296,3, , ,0.05899176627001633,4
4,15,2,2,98,12,8,2, ,1,3,4,6,90, , ,2,2,1,2,1,0.6677280981580668,-0.27625162343287296,3, , ,0.05899176627001633,4
4,16,1,1,18,95, , , ,1,1,90, , , , ,3,2,1,2,1,0.6677280981580668,-0.29744976434972775,3, , ,0.03265346799373667,4
4,16,2,1,18,95, , , ,1,2,6,90, , , ,3,2,1,2,1,0.6677280981580668,-0.29744976434972775,3, , ,0.03265346799373667,4
4,16,3,1,18,95, , , ,1,3,4,5,90, , ,3,2,1,2,1,0.6677280981580668,-0.29744976434972775,3, , ,0.03265346799373667,4
4,19,1,1,21,30, ,2, ,1,1,2,8,90, , ,3,2,1,2,1,0.6677280981580668,-1.209774716343226,1, , ,-1.1008934220258302,1
4,19,2,1,21,24, ,2, ,1,3,4,5,90, , ,3,2,1,2,1,0.6677280981580668,-1.209774716343226,1, , ,-1.1008934220258302,1
4,19,3,1,21,24, ,2, ,1,6,7,90, , , ,3,2,1,2,1,0.6677280981580668,-1.209774716343226,1, , ,-1.1008934220258302,1
4,20,1,1,12,12, , , ,1,1,2,8,90, , ,1,2,1,2,1,0.6677280981580668,-0.937314256198667,1, , ,-0.7623663362815328,1
4,21,1,1,12,95, , , ,1,1,2,90, , , ,1,2,1,3,1,0.6677280981580668,-0.4126579027435804,3, , ,-0.11049051452689723,3
4,22,1,2,12,24, , , ,1,1,2,90, , , ,2,2,1,2,1,0.6677280981580668,-1.0635427319699355,1, , ,-0.9192028843007207,1
4,22,2,2,12,24, , , ,1,9,10,90, , , ,2,2,1,2,1,0.6677280981580668,-1.0635427319699355,1, , ,-0.9192028843007207,1
4,24,1,1,13,18, , , ,1,1,2,90, , , ,2,2,1,3,1,0.6677280981580668,-0.6419195884886413,2, , ,-0.39534392153840375,2
4,24,2,1,13,18, , , ,1,4,5,8,90, , ,2,2,1,3,1,0.6677280981580668,-0.6419195884886413,2, , ,-0.39534392153840375,2
4,27,1,1,12,12, , , ,1,1,90, , , , ,1,2,1,3,1,0.6677280981580668,-0.5590659350376962,3, , ,-0.29239978853967463,3
4,28,1,1,21,2, ,2, ,1,1,90, , , , ,1,2,1,1,1,0.6677280981580668,-0.6256062340390127,2, , ,-0.37507488016037593,3
4,29,1,1,12,24, , , ,1,1,2,6,90, , ,3,2,1,2,1,0.6677280981580668,-0.5335023819077328,3, , ,-0.2606375462761018,3
4,29,2,1,12,24, , , ,1,3,4,5,90, , ,3,2,1,2,1,0.6677280981580668,-0.5335023819077328,3, , ,-0.2606375462761018,3
4,29,3,1,12,18, , , ,2, , , , , , ,3,2,1,2,1,0.6677280981580668,-0.5335023819077328,3, , ,-0.2606375462761018,3
4,30,1,1,28,24, ,2, ,1,1,5,4,90, , ,2,2,1,2,1,0.6677280981580668,-0.11400518464749437,4, , ,0.260579967601187,4
4,30,2,1,28,24, ,2, ,1,3,2,90, , , ,2,2,1,2,1,0.6677280981580668,-0.11400518464749437,4, , ,0.260579967601187,4
5,1,1,1,11,95, , , ,1,1,2,90, , , ,3,2,1,3,1,0.6178045020340992,0.9498890775991594,5, , ,1.5824489240998691,5
5,1,2,1,11,95, , , ,1,4,8,90, , , ,3,2,1,3,1,0.6178045020340992,0.9498890775991594,5, , ,1.5824489240998691,5
5,1,3,1,11,95, , , ,1,6,5,7,90, , ,3,2,1,3,1,0.6178045020340992,0.9498890775991594,5, , ,1.5824489240998691,5
5,3,1,9,11,95, , , ,1,6,5,90, , , ,5,2,1,3,6,0.6178045020340992,1.0408703990160086,5, , ,1.6954915343196046,5
5,3,2,9,11,95, , , ,1,1,2,90, , , ,5,2,1,3,6,0.6178045020340992,1.0408703990160086,5, , ,1.6954915343196046,5
5,3,3,9,11,95, , , ,1,7,90, , , , ,5,2,1,3,6,0.6178045020340992,1.0408703990160086,5, , ,1.6954915343196046,5
5,3,4,1,11,95, , , ,2, , , , , , ,5,2,1,3,6,0.6178045020340992,1.0408703990160086,5, , ,1.6954915343196046,5
5,3,5,1,11,95, , , ,2, , , , , , ,5,2,1,3,6,0.6178045020340992,1.0408703990160086,5, , ,1.6954915343196046,5
5,11,1,2,11,95, , , ,2, , , , , , ,2,2,1,3,1,0.6178045020340992,-0.17380970665747913,4, , ,0.18627395439241085,4
5,11,2,2,11,95, , , ,2, , , , , , ,2,2,1,3,1,0.6178045020340992,-0.17380970665747913,4, , ,0.18627395439241085,4
5,12,1,1,11,0, , , ,1,2,1,90, , , ,4,2,1,2,1,0.6178045020340992,-0.0004041435684054018,4, , ,0.4017271614127885,4
5,12,2,1,11,0, , , ,2, , , , , , ,4,2,1,2,1,0.6178045020340992,-0.0004041435684054018,4, , ,0.4017271614127885,4
5,12,3,1,11,0, , , ,2, , , , , , ,4,2,1,2,1,0.6178045020340992,-0.0004041435684054018,4, , ,0.4017271614127885,4
5,12,4,2,11,0, , , ,2, , , , , , ,4,2,1,2,1,0.6178045020340992,-0.0004041435684054018,4, , ,0.4017271614127885,4
5,13,1,1,13,24, , , ,1,1,3,90, , , ,2,2,1,3,1,0.6178045020340992,-0.7151878309351827,2, , ,-0.48637835853478273,2
5,13,2,1,13,24, , , ,1,2,90, , , , ,2,2,1,3,1,0.6178045020340992,-0.7151878309351827,2, , ,-0.48637835853478273,2
5,14,1,1,13,24, , , ,1,1,2,90, , , ,5,2,1,3,1,0.6178045020340992,-0.5040723532245079,3, , ,-0.22407127960306897,3
5,14,2,1,13,24, , , ,1,3,4,90, , , ,5,2,1,3,1,0.6178045020340992,-0.5040723532245079,3, , ,-0.22407127960306897,3
5,14,3,1,13,24, , , ,1,6,7,90, , , ,5,2,1,3,1,0.6178045020340992,-0.5040723532245079,3, , ,-0.22407127960306897,3
5,14,4,1,13,24, , , ,1,5,8,90, , , ,5,2,1,3,1,0.6178045020340992,-0.5040723532245079,3, , ,-0.22407127960306897,3
5,14,5,1,13,24, , , ,2, , , , , , ,5,2,1,3,1,0.6178045020340992,-0.5040723532245079,3, , ,-0.22407127960306897,3
5,15,1,1,12,12, , , ,1,1,90, , , , ,2,2,1,3,1,0.6178045020340992,0.42243349359914273,4, , ,0.9270951101323496,5
5,15,2,1,12,12, , , ,2, , , , , , ,2,2,1,3,1,0.6178045020340992,0.42243349359914273,4, , ,0.9270951101323496,5
5,16,1,1,11,8, , , ,1,1,2,90, , , ,3,2,1,2,1,0.6178045020340992,1.312676600074818,5, , ,2.033205715242766,5
5,16,2,1,11,8, , , ,1,3,90, , , , ,3,2,1,2,1,0.6178045020340992,1.312676600074818,5, , ,2.033205715242766,5
5,16,3,1,11,8, , , ,1,4,5,90, , , ,3,2,1,2,1,0.6178045020340992,1.312676600074818,5, , ,2.033205715242766,5
5,21,1,1,13,12, , , ,1,1,2,90, , , ,3,2,1,3,1,0.6178045020340992,2.308222936305187,5, , ,3.270153636965673,5
5,21,2,1,13,12, , , ,1,3,90, , , , ,3,2,1,3,1,0.6178045020340992,2.308222936305187,5, , ,3.270153636965673,5
5,21,3,1,13,12, , , ,2, , , , , , ,3,2,1,3,1,0.6178045020340992,2.308222936305187,5, , ,3.270153636965673,5
5,24,1,1,11,3, , , ,1,2,6,1,90, , ,2,2,1,3,1,0.6178045020340992,-0.48415922917033327,3, , ,-0.19932959102723746,3
5,24,2,1,11,3, , , ,1,4,5,90, , , ,2,2,1,3,1,0.6178045020340992,-0.48415922917033327,3, , ,-0.19932959102723746,3
5,25,1,1,11,95, , , ,1,1,2,90, , , ,4,2,1,3,1,0.6178045020340992,-0.4073872333733966,3, , ,-0.10394180525413388,3
5,25,2,1,11,95, , , ,1,3,90, , , , ,4,2,1,3,1,0.6178045020340992,-0.4073872333733966,3, , ,-0.10394180525413388,3
5,25,3,1,11,95, , , ,1,4,90, , , , ,4,2,1,3,1,0.6178045020340992,-0.4073872333733966,3, , ,-0.10394180525413388,3
5,25,4,1,11,95, , , ,1,5,90, , , , ,4,2,1,3,1,0.6178045020340992,-0.4073872333733966,3, , ,-0.10394180525413388,3
5,27,1,1,13,17, , , ,1,1,2,90, , , ,3,2,1,2,1,0.6178045020340992,1.4278118741078116,5, , ,2.176259165141811,5
5,27,2,1,13,17, , , ,1,3,90, , , , ,3,2,1,2,1,0.6178045020340992,1.4278118741078116,5, , ,2.176259165141811,5
5,27,3,1,13,17, , , ,1,4,90, , , , ,3,2,1,2,1,0.6178045020340992,1.4278118741078116,5, , ,2.176259165141811,5
5,28,1,1,12,12, , , ,1,1,90, , , , ,1,2,1,3,1,0.6178045020340992,0.09103550165227631,4, , ,0.5153392304874213,4
5,29,1,2,11,95, , , ,1,1,2,7,10,90,0,3,2,1,2,1,0.6178045020340992,-0.6996905424802948,2, , ,-0.46712326407157717,2
5,29,2,2,11,95, , , ,1,4,11,8,9,90,0,3,2,1,2,1,0.6178045020340992,-0.6996905424802948,2, , ,-0.46712326407157717,2
5,29,3,2,11,95, , , ,1,3,5,6,90, , ,3,2,1,2,1,0.6178045020340992,-0.6996905424802948,2, , ,-0.46712326407157717,2
5,30,1,2,11,0, , , ,1,1,90, , , , ,3,2,1,3,6,0.6178045020340992,-0.4044891662799028,3, , ,-0.100341010456491,3
5,30,2,2,11,0, , , ,1,5,90, , , , ,3,2,1,3,6,0.6178045020340992,-0.4044891662799028,3, , ,-0.100341010456491,3
5,30,3,2,11,0, , , ,1,4,90, , , , ,3,2,1,3,6,0.6178045020340992,-0.4044891662799028,3, , ,-0.100341010456491,3
6,3,1,2,12,13, , , ,1,1,90, , , , ,2,2,1,3,1,0.6614876486425708,-0.2748858321185032,3, , ,0.06068873673370549,4
6,3,2,2,12,13, , , ,2, , , , , , ,2,2,1,3,1,0.6614876486425708,-0.2748858321185032,3, , ,0.06068873673370549,4
6,4,1,1,11,12, , , ,1,2,3,90, , , ,1,2,1,3,1,0.6614876486425708,0.8674030555673066,5, , ,1.4799615663442978,5
6,5,1,1,12,95, , , ,1,1,2,90, , , ,3,2,1,3,1,0.6614876486425708,0.9460239553067041,5, , ,1.577646581091948,5
6,5,2,1,12,95, , , ,1,3,90, , , , ,3,2,1,3,1,0.6614876486425708,0.9460239553067041,5, , ,1.577646581091948,5
6,5,3,1,12,95, , , ,1,4,90, , , , ,3,2,1,3,1,0.6614876486425708,0.9460239553067041,5, , ,1.577646581091948,5
6,6,1,1,12,95, , , ,2, , , , , , ,2,2,1,2,1,0.6614876486425708,-0.35321350047164596,3, , ,-0.036631943436425146,3
6,6,2,1,12,95, , , ,2, , , , , , ,2,2,1,2,1,0.6614876486425708,-0.35321350047164596,3, , ,-0.036631943436425146,3
6,8,1,1,12,24, , , ,1,2,6,90, , , ,2,2,1,2,1,0.6614876486425708,-1.1995754978662312,1, , ,-1.0882210815840114,1
6,8,2,1,12,24, , , ,1,3,4,5,90, , ,2,2,1,2,1,0.6614876486425708,-1.1995754978662312,1, , ,-1.0882210815840114,1
6,9,1,1,12,4, , , ,1,1,5,90, , , ,2,2,1,2,1,0.6614876486425708,-0.4072686534447867,3, , ,-0.1037944718845918,3
6,9,2,1,12,4, , , ,1,4,90, , , , ,2,2,1,2,1,0.6614876486425708,-0.4072686534447867,3, , ,-0.1037944718845918,3
6,11,1,1,12,98, , , ,1,1,2,90, , , ,2,2,1,2,1,0.6614876486425708,-0.7700871505495299,2, , ,-0.5545897484316108,2
6,11,2,1,12,98, , , ,1,5,6,90, , , ,2,2,1,2,1,0.6614876486425708,-0.7700871505495299,2, , ,-0.5545897484316108,2
6,12,1,1,12,16, , , ,1,7,8,90, , , ,4,2,1,3,1,0.6614876486425708,-0.8208568565049048,2, , ,-0.61767016968631,2
6,12,2,1,12,16, , , ,1,3,90, , , , ,4,2,1,3,1,0.6614876486425708,-0.8208568565049048,2, , ,-0.61767016968631,2
6,12,3,1,12,16, , , ,2, , , , , , ,4,2,1,3,1,0.6614876486425708,-0.8208568565049048,2, , ,-0.61767016968631,2
6,12,4,1,12,16, , , ,1,1,2,90, , , ,4,2,1,3,1,0.6614876486425708,-0.8208568565049048,2, , ,-0.61767016968631,2
6,13,1,1,12,95, , , ,1,2,90, , , , ,3,2,1,3,1,0.6614876486425708,-0.030905465182559266,4, , ,0.36382983307417144,4
6,13,2,1,12,95, , , ,1,3,90, , , , ,3,2,1,3,1,0.6614876486425708,-0.030905465182559266,4, , ,0.36382983307417144,4
6,13,3,1,12,95, , , ,2, , , , , , ,3,2,1,3,1,0.6614876486425708,-0.030905465182559266,4, , ,0.36382983307417144,4
6,14,1,1,13,98, , , ,1,5,90, , , , ,6,2,1,3,1,0.6614876486425708,2.9511045070632203,5, , ,4.0689221060197305,5
6,14,2,1,13,98, , , ,1,6,90, , , , ,6,2,1,3,1,0.6614876486425708,2.9511045070632203,5, , ,4.0689221060197305,5
6,14,3,1,13,98, , , ,1,8,90, , , , ,6,2,1,3,1,0.6614876486425708,2.9511045070632203,5, , ,4.0689221060197305,5
6,14,4,1,13,98, , , ,1,1,90, , , , ,6,2,1,3,1,0.6614876486425708,2.9511045070632203,5, , ,4.0689221060197305,5
6,14,5,1,13,98, , , ,2, , , , , , ,6,2,1,3,1,0.6614876486425708,2.9511045070632203,5, , ,4.0689221060197305,5
6,14,6,1,13,98, , , ,1,9,7,10,90, , ,6,2,1,3,1,0.6614876486425708,2.9511045070632203,5, , ,4.0689221060197305,5
6,15,1,1,11,2, , , ,1,1,2,3,90, , ,1,2,1,3,1,0.6614876486425708,-0.8033920099182368,2, , ,-0.5959704206114568,2
6,16,1,1,13,24, , , ,1,1,2,90, , , ,2,2,1,3,1,0.6614876486425708,-0.5679539144606112,3, , ,-0.30344293869290534,3
6,16,2,1,13,24, , , ,1,4,90, , , , ,2,2,1,3,1,0.6614876486425708,-0.5679539144606112,3, , ,-0.30344293869290534,3
6,17,1,1,11,1, , , ,1,2,3,90, , , ,2,2,1,2,1,0.6614876486425708,-1.0200258988699034,1, , ,-0.8651340235113102,1
6,17,2,1,11,1, , , ,2, , , , , , ,2,2,1,2,1,0.6614876486425708,-1.0200258988699034,1, , ,-0.8651340235113102,1
6,19,1,1,11,95, , , ,1,1,2,90, , , ,2,2,1,2,1,0.6614876486425708,-0.5535799731632356,3, , ,-0.2855835823096767,3
6,19,2,1,13,95, , , ,1,4,90, , , , ,2,2,1,2,1,0.6614876486425708,-0.5535799731632356,3, , ,-0.2855835823096767,3
6,20,1,1,11,12, , , ,1,5,6,7,90, , ,1,2,1,2,1,0.6614876486425708,-0.6726321343948276,2, , ,-0.4335036921557362,2
6,21,1,1,11,12, , , ,2, , , , , , ,2,2,1,2,1,0.6614876486425708,-0.9202404734556187,1, , ,-0.7411524768042024,1
6,21,2,1,11,6, , , ,2, , , , , , ,2,2,1,2,1,0.6614876486425708,-0.9202404734556187,1, , ,-0.7411524768042024,1
6,22,1,1,11,24, , , ,1,1,2,90, , , ,2,2,1,3,1,0.6614876486425708,-0.593232225751535,2, , ,-0.3348507732436997,3
6,22,2,1,11,24, , , ,1,3,4,5,90, , ,2,2,1,3,1,0.6614876486425708,-0.593232225751535,2, , ,-0.3348507732436997,3
6,23,1,2,11,24, , , ,1,1,90, , , , ,4,2,1,2,1,0.6614876486425708,-0.8095821916775594,2, , ,-0.603661607032045,2
6,23,2,2,11,24, , , ,1,4,3,90, , , ,4,2,1,2,1,0.6614876486425708,-0.8095821916775594,2, , ,-0.603661607032045,2
6,23,3,2,11,24, , , ,9, , , , , , ,4,2,1,2,1,0.6614876486425708,-0.8095821916775594,2, , ,-0.603661607032045,2
6,23,4,2,11,24, , , ,2, , , , , , ,4,2,1,2,1,0.6614876486425708,-0.8095821916775594,2, , ,-0.603661607032045,2
6,24,1,1,13,95, , , ,1,1,2,90, , , ,2,2,1,3,1,0.6614876486425708,0.8932223592741934,5, , ,1.5120415739725672,5
6,24,2,1,13,95, , , ,1,4,3,90, , , ,2,2,1,3,1,0.6614876486425708,0.8932223592741934,5, , ,1.5120415739725672,5
6,25,1,1,11,8, , , ,1,1,2,90, , , ,1,2,1,2,1,0.6614876486425708,-0.3888155497598624,3, , ,-0.08086683163146888,3
6,26,1,1,11,95, , , ,1,1,2,90, , , ,3,2,1,2,1,0.6614876486425708,-0.6917071522116847,2, , ,-0.4572040492227215,2
6,26,2,1,11,95, , , ,1,5,4,90, , , ,3,2,1,2,1,0.6614876486425708,-0.6917071522116847,2, , ,-0.4572040492227215,2
6,26,3,1,11,95, , , ,1,3,90, , , , ,3,2,1,2,1,0.6614876486425708,-0.6917071522116847,2, , ,-0.4572040492227215,2
6,27,1,1,12,24, , , ,1,1,2,6,90, , ,2,2,1,2,1,0.6614876486425708,-0.0259741223252985,4, , ,0.3699569354265227,4
6,27,2,1,12,24, , , ,1,3,4,5,90, , ,2,2,1,2,1,0.6614876486425708,-0.0259741223252985,4, , ,0.3699569354265227,4
6,28,1,1,12,5, , , ,1,1,2,7,90, , ,2,2,1,3,1,0.6614876486425708,-0.9226196088907489,1, , ,-0.7441085086079302,1
6,28,2,1,12,2, , , ,1,3,4,5,6,90,90,2,2,1,3,1,0.6614876486425708,-0.9226196088907489,1, , ,-0.7441085086079302,1
6,29,1,1,11,8, , , ,1,1,2,5,90, , ,2,2,1,2,1,0.6614876486425708,-0.6022122663154696,2, , ,-0.346008307663048,3
6,29,2,1,11,8, , , ,2, , , , , , ,2,2,1,2,1,0.6614876486425708,-0.6022122663154696,2, , ,-0.346008307663048,3
6,30,1,1,11,4, , , ,1,1,2,3,90, , ,1,2,1,2,1,0.6614876486425708,-0.8218806419072288,2, , ,-0.6189422041257013,2
7,1,1,1,12,12, , , ,1,2,3,90, , , ,2,2,1,3,1,0.7987775379834817,0.3378469192139196,4, , ,0.821997854902985,5
7,1,2,1,11,12, , , ,1,4,90, , , , ,2,2,1,3,1,0.7987775379834817,0.3378469192139196,4, , ,0.821997854902985,5
7,2,1,1,11,7, , , ,1,3,90, , , , ,3,2,1,3,1,0.7987775379834817,0.2822703610324885,4, , ,0.7529450086042008,4
7,2,2,1,11,7, , , ,1,1,2,90, , , ,3,2,1,3,1,0.7987775379834817,0.2822703610324885,4, , ,0.7529450086042008,4
7,2,3,1,11,7, , , ,1,4,5,90, , , ,3,2,1,3,1,0.7987775379834817,0.2822703610324885,4, , ,0.7529450086042008,4
7,3,1,1,11,98, , , ,2, , , , , , ,1,2,1,2,1,0.7987775379834817,-0.7589907425840535,2, , ,-0.5408026666334318,2
7,4,1,1,11,2, , , ,1,3,5,90, , , ,3,2,1,3,1,0.7987775379834817,-0.5333261015629663,3, , ,-0.2604185212059829,3
7,4,2,1,11,2, , , ,1,2,4,90, , , ,3,2,1,3,1,0.7987775379834817,-0.5333261015629663,3, , ,-0.2604185212059829,3
7,4,3,1,11,2, , , ,1,1,6,90, , , ,3,2,1,3,1,0.7987775379834817,-0.5333261015629663,3, , ,-0.2604185212059829,3
7,5,1,1,13,24, , , ,1,1,90, , , , ,1,2,1,1,1,0.7987775379834817,-1.5700454485173032,1, , ,-1.548523147737758,1
7,6,1,2,12,24, , , ,1,1,90, , , , ,4,2,1,2,1,0.7987775379834817,0.5386139820100062,4, , ,1.071447219576822,5
7,6,2,2,12,24, , , ,1,2,90, , , , ,4,2,1,2,1,0.7987775379834817,0.5386139820100062,4, , ,1.071447219576822,5
7,6,3,2,12,24, , , ,1,5,8,90, , , ,4,2,1,2,1,0.7987775379834817,0.5386139820100062,4, , ,1.071447219576822,5
7,6,4,2,13,24, , , ,1,6,90, , , , ,4,2,1,2,1,0.7987775379834817,0.5386139820100062,4, , ,1.071447219576822,5
7,7,1,1,11,12, , , ,1,1,90, , , , ,2,2,1,1,1,0.7987775379834817,-0.4362032799868821,3, , ,-0.13974521055396844,3
7,7,2,1,11,12, , , ,1,4,2,90, , , ,2,2,1,1,1,0.7987775379834817,-0.4362032799868821,3, , ,-0.13974521055396844,3
7,8,1,2,12,95, , , ,1,1,90, , , , ,1,2,1,1,1,0.7987775379834817,-1.3782389804208068,1, , ,-1.3102071563562463,1
7,9,1,2,12,18, , , ,1,1,90, , , , ,3,2,1,1,1,0.7987775379834817,-0.6712096361537552,2, , ,-0.4317362643837535,2
7,9,2,2,12,13, , , ,1,3,4,90, , , ,3,2,1,1,1,0.7987775379834817,-0.6712096361537552,2, , ,-0.4317362643837535,2
7,9,3,2,12,7, , , ,1,2,90, , , , ,3,2,1,1,1,0.7987775379834817,-0.6712096361537552,2, , ,-0.4317362643837535,2
7,10,1,1,11,24, , , ,1,1,2,3,90, , ,1,2,1,1,1,0.7987775379834817,-1.0109907413613126,1, , ,-0.8539080073069734,1
7,11,1,1,12,24, , , ,1,1,90, , , , ,2,2,1,2,1,0.7987775379834817,-0.5281355339962046,3, , ,-0.2539693369434208,3
7,11,2,1,12,24, , , ,1,3,4,90, , , ,2,2,1,2,1,0.7987775379834817,-0.5281355339962046,3, , ,-0.2539693369434208,3
7,12,1,1,11,24, , , ,1,1,90, , , , ,2,2,1,2,1,0.7987775379834817,-0.3121684828077689,3, , ,0.014365732361022112,4
7,12,2,1,11,24, , , ,1,2,90, , , , ,2,2,1,2,1,0.7987775379834817,-0.3121684828077689,3, , ,0.014365732361022112,4
7,13,1,1,12,95, , , ,1,1,4,6,7,90,0,2,2,1,3,1,0.7987775379834817,-0.341245102219237,3, , ,-0.021761429824044536,3
7,13,2,1,12,95, , , ,1,3,5,90, , , ,2,2,1,3,1,0.7987775379834817,-0.341245102219237,3, , ,-0.021761429824044536,3
7,14,1,2,11,18, , , ,1,1,2,90, , , ,3,2,1,2,1,0.7987775379834817,-0.4184859297449662,3, , ,-0.11773173035458623,3
7,14,2,2,11,18, , , ,1,4,90, , , , ,3,2,1,2,1,0.7987775379834817,-0.4184859297449662,3, , ,-0.11773173035458623,3
7,14,3,2,11,18, , , ,2, , , , , , ,3,2,1,2,1,0.7987775379834817,-0.4184859297449662,3, , ,-0.11773173035458623,3
7,15,1,1,11,24, , , ,1,1,2,90, , , ,2,2,1,3,1,0.7987775379834817,-0.6586973795217876,2, , ,-0.4161900167871028,2
7,15,2,1,11,24, , , ,2, , , , , , ,2,2,1,3,1,0.7987775379834817,-0.6586973795217876,2, , ,-0.4161900167871028,2
7,16,1,1,12,12, , , ,1,1,2,6,90, , ,2,2,1,3,1,0.7987775379834817,-0.6583850792594487,2, , ,-0.41580198948350533,2
7,16,2,1,12,12, , , ,2, , , , , , ,2,2,1,3,1,0.7987775379834817,-0.6583850792594487,2, , ,-0.41580198948350533,2
7,17,1,1,11,95, , , ,1,1,90, , , , ,3,2,1,3,1,0.7987775379834817,-0.5965288342046966,2, , ,-0.3389467483143456,3
7,17,2,1,11,95, , , ,1,2,90, , , , ,3,2,1,3,1,0.7987775379834817,-0.5965288342046966,2, , ,-0.3389467483143456,3
7,17,3,1,11,95, , , ,1,5,90, , , , ,3,2,1,3,1,0.7987775379834817,-0.5965288342046966,2, , ,-0.3389467483143456,3
7,18,1,1,11,95, , , ,2, , , , , , ,4,2,1,3,1,0.7987775379834817,0.17200404070632624,4, , ,0.6159411436912599,4
7,18,2,1,11,95, , , ,1,7,8,90, , , ,4,2,1,3,1,0.7987775379834817,0.17200404070632624,4, , ,0.6159411436912599,4
7,18,3,1,11,95, , , ,1,1,2,90, , , ,4,2,1,3,1,0.7987775379834817,0.17200404070632624,4, , ,0.6159411436912599,4
7,18,4,1,11,95, , , ,1,5,6,90, , , ,4,2,1,3,1,0.7987775379834817,0.17200404070632624,4, , ,0.6159411436912599,4
7,19,1,2,12,12, , , ,1,1,2,90, , , ,3,2,1,2,1,0.7987775379834817,-0.17200153518579453,4, , ,0.18852057402489109,4
7,19,2,2,12,12, , , ,1,4,7,5,90, , ,3,2,1,2,1,0.7987775379834817,-0.17200153518579453,4, , ,0.18852057402489109,4
7,19,3,2,12,12, , , ,1,6,3,90, , , ,3,2,1,2,1,0.7987775379834817,-0.17200153518579453,4, , ,0.18852057402489109,4
7,20,1,1,11,36, , , ,1,1,2,90, , , ,4,2,1,3,1,0.7987775379834817,0.6266294636409057,5, , ,1.1808048286812056,5
7,20,2,1,11,36, , , ,1,5,90, , , , ,4,2,1,3,1,0.7987775379834817,0.6266294636409057,5, , ,1.1808048286812056,5
7,20,3,1,11,36, , , ,2, , , , , , ,4,2,1,3,1,0.7987775379834817,0.6266294636409057,5, , ,1.1808048286812056,5
7,20,4,1,12,95, , , ,2, , , , , , ,4,2,1,3,1,0.7987775379834817,0.6266294636409057,5, , ,1.1808048286812056,5
7,21,1,2,12,95, , , ,1,1,2,9,90, , ,2,2,1,2,1,0.7987775379834817,-1.3760080137497703,1, , ,-1.307435221503248,1
7,21,2,2,12,95, , , ,1,5,6,7,8,90,0,2,2,1,2,1,0.7987775379834817,-1.3760080137497703,1, , ,-1.307435221503248,1
7,22,1,1,18,3, , , ,1,1,7,90, , , ,1,2,1,2,1,0.7987775379834817,-0.802816970203819,2, , ,-0.5952559443949601,2
7,23,1,1,13,18, , , ,1,1,90, , , , ,1,2,1,1,1,0.7987775379834817,-0.955172117003545,1, , ,-0.7845543982582878,1
7,24,1,2,12,6, , , ,1,1,2,4,90, , ,2,2,1,2,1,0.7987775379834817,-0.48565648487114743,3, , ,-0.2011899035611799,3
7,24,2,2,12,3, , , ,1,3,90, , , , ,2,2,1,2,1,0.7987775379834817,-0.48565648487114743,3, , ,-0.2011899035611799,3
7,25,1,1,12,12, , , ,1,1,90, , , , ,4,2,1,2,1,0.7987775379834817,-0.578555016050073,3, , ,-0.3166146114738133,3
7,25,2,1,13,12, , , ,1,2,90, , , , ,4,2,1,2,1,0.7987775379834817,-0.578555016050073,3, , ,-0.3166146114738133,3
7,25,3,1,11,12, , , ,1,3,90, , , , ,4,2,1,2,1,0.7987775379834817,-0.578555016050073,3, , ,-0.3166146114738133,3
7,25,4,1,11,12, , , ,2, , , , , , ,4,2,1,2,1,0.7987775379834817,-0.578555016050073,3, , ,-0.3166146114738133,3
7,26,1,2,12,14, , , ,1,2,90, , , , ,2,2,1,2,1,0.7987775379834817,-0.24698008034578786,3, , ,0.09536111751919223,4
7,26,2,2,12,14, , , ,1,1,90, , , , ,2,2,1,2,1,0.7987775379834817,-0.24698008034578786,3, , ,0.09536111751919223,4
7,28,1,1,12,12, , , ,1,1,2,90, , , ,2,2,1,3,1,0.7987775379834817,-0.6127433763587447,2, , ,-0.35909301724149784,3
7,28,2,1,12,12, , , ,1,3,4,5,90, , ,2,2,1,3,1,0.7987775379834817,-0.6127433763587447,2, , ,-0.35909301724149784,3
7,29,1,1,11,24, , , ,1,1,90, , , , ,4,2,1,3,1,0.7987775379834817,-0.7236406301585854,2, , ,-0.4968808053337125,2
7,29,2,1,11,24, , , ,1,2,90, , , , ,4,2,1,3,1,0.7987775379834817,-0.7236406301585854,2, , ,-0.4968808053337125,2
7,29,3,1,11,24, , , ,1,3,90, , , , ,4,2,1,3,1,0.7987775379834817,-0.7236406301585854,2, , ,-0.4968808053337125,2
7,29,4,1,12,95, , , ,1,4,90, , , , ,4,2,1,3,1,0.7987775379834817,-0.7236406301585854,2, , ,-0.4968808053337125,2
7,30,1,1,11,3, , , ,1,1,90, , , , ,4,2,1,3,1,0.7987775379834817,-0.06138646892994776,4, , ,0.32595774930946775,4
7,30,2,1,11,3, , , ,1,2,90, , , , ,4,2,1,3,1,0.7987775379834817,-0.06138646892994776,4, , ,0.32595774930946775,4
7,30,3,1,12,95, , , ,1,3,4,90, , , ,4,2,1,3,1,0.7987775379834817,-0.06138646892994776,4, , ,0.32595774930946775,4
7,30,4,1,12,95, , , ,1,5,90, , , , ,4,2,1,3,1,0.7987775379834817,-0.06138646892994776,4, , ,0.32595774930946775,4
8,2,1,1,13,2, , , ,1,1,2,90, , , ,2,2,1,3,1,0.7301325933130263,0.49550751486196787,4, , ,1.0178882308978217,5
8,2,2,1,12,6, , , ,1,3,4,5,90, , ,2,2,1,3,1,0.7301325933130263,0.49550751486196787,4, , ,1.0178882308978217,5
8,3,1,1,12,12, , , ,1,1,90, , , , ,1,2,1,1,1,0.7301325933130263,-0.6592255536191094,2, , ,-0.4168462633405919,2
8,4,1,1,11,1, , , ,1,1,90, , , , ,1,2,1,3,1,0.7301325933130263,-0.26586000031825496,3, , ,0.07190316591779734,4
8,5,1,1,11,12, , , ,1,1,2,90, , , ,2,2,1,3,1,0.7301325933130263,-0.22274643147466022,4, , ,0.1254709783222635,4
8,5,2,1,11,12, , , ,1,3,4,90, , , ,2,2,1,3,1,0.7301325933130263,-0.22274643147466022,4, , ,0.1254709783222635,4
8,6,1,1,12,8, , , ,1,1,2,90, , , ,1,2,1,2,1,0.7301325933130263,-0.8683736518951114,1, , ,-0.6767089096885112,1
8,7,1,1,12,13, , , ,1,1,2,3,90, , ,1,2,1,2,1,0.7301325933130263,-0.5930376088253231,2, , ,-0.33460896531005646,3
8,8,1,1,13,98, , , ,1,2,90, , , , ,2,2,1,3,6,0.7301325933130263,0.16944187017219348,4, , ,0.6127576941601254,4
8,8,2,1,13,98, , , ,1,3,90, , , , ,2,2,1,3,6,0.7301325933130263,0.16944187017219348,4, , ,0.6127576941601254,4
8,9,1,1,12,18, , , ,1,1,2,90, , , ,3,2,1,2,1,0.7301325933130263,-0.9479017935300728,1, , ,-0.7755211557225191,1
8,9,2,1,12,18, , , ,1,5,6,7,90, , ,3,2,1,2,1,0.7301325933130263,-0.9479017935300728,1, , ,-0.7755211557225191,1
8,9,3,1,12,18, , , ,2, , , , , , ,3,2,1,2,1,0.7301325933130263,-0.9479017935300728,1, , ,-0.7755211557225191,1
8,12,1,1,12,5, , , ,1,3,4,5,90, , ,1,2,1,2,1,0.7301325933130263,-1.0820613870377467,1, , ,-0.9422119709354708,1
8,13,1,1,11,24, , , ,1,1,2,90, , , ,1,2,1,2,1,0.7301325933130263,-0.9135688579988537,1, , ,-0.7328631179130556,1
8,15,1,1,12,12, , , ,1,1,2,90, , , ,1,2,1,2,1,0.7301325933130263,-0.9668264983494942,1, , ,-0.7990347516684803,1
8,16,1,1,11,7, , , ,1,7,1,90, , , ,1,2,1,2,1,0.7301325933130263,-0.9623776978989304,1, , ,-0.7935071993374438,1
8,21,1,1,12,24, , , ,1,1,2,5,90, , ,2,2,1,3,1,0.7301325933130263,-0.19502877282047254,4, , ,0.15990965688457284,4
8,21,2,1,12,24, , , ,1,3,4,90, , , ,2,2,1,3,1,0.7301325933130263,-0.19502877282047254,4, , ,0.15990965688457284,4
8,22,1,1,12,95, , , ,1,1,90, , , , ,2,2,1,2,1,0.7301325933130263,-0.8004751502353442,2, , ,-0.5923462763688362,2
8,22,2,1,11,95, , , ,1,2,3,90, , , ,2,2,1,2,1,0.7301325933130263,-0.8004751502353442,2, , ,-0.5923462763688362,2
8,23,1,2,13,95, , , ,1,1,90, , , , ,3,2,1,2,1,0.7301325933130263,0.2377004476143305,4, , ,0.6975677149839837,4
8,23,2,2,13,95, , , ,2, , , , , , ,3,2,1,2,1,0.7301325933130263,0.2377004476143305,4, , ,0.6975677149839837,4
8,23,3,2,13,95, , , ,2, , , , , , ,3,2,1,2,1,0.7301325933130263,0.2377004476143305,4, , ,0.6975677149839837,4
8,25,1,1,13,4, , , ,1,1,2,4,90, , ,1,2,1,2,1,0.7301325933130263,-0.7483510390842241,2, , ,-0.5275830316923852,2
8,26,1,1,11,24, , , ,1,1,90, , , , ,1,2,1,2,1,0.7301325933130263,-0.4042047953922181,3, , ,-0.09998768488467286,3
8,27,1,1,12,24, , , ,1,1,2,5,90, , ,2,2,1,2,1,0.7301325933130263,-0.5411169144214544,3, , ,-0.2700984621822399,3
8,27,2,1,12,24, , , ,1,3,4,90, , , ,2,2,1,2,1,0.7301325933130263,-0.5411169144214544,3, , ,-0.2700984621822399,3
8,28,1,1,11,3, , , ,1,7,2,90, , , ,1,2,1,3,1,0.7301325933130263,-0.17505818980287643,4, , ,0.18472273716042062,4
8,29,1,1,11,6, , , ,1,1,90, , , , ,2,2,1,3,1,0.7301325933130263,-0.40222460950198086,3, , ,-0.09752734051654575,3
8,29,2,1,11,6, , , ,1,4,5,90, , , ,2,2,1,3,1,0.7301325933130263,-0.40222460950198086,3, , ,-0.09752734051654575,3
9,1,1,1,28,6, ,2, ,1,1,90, , , , ,3,2,1,1,6,0.34322472335227733,0.08774396804303713,4, , ,0.5112495608165488,4
9,1,2,1,28,6, ,2, ,1,2,4,90, , , ,3,2,1,1,6,0.34322472335227733,0.08774396804303713,4, , ,0.5112495608165488,4
9,1,3,1,28,6, ,2, ,1,3,90, , , , ,3,2,1,1,6,0.34322472335227733,0.08774396804303713,4, , ,0.5112495608165488,4
9,3,1,1,12,12, , , ,1,2,90, , , , ,6,2,1,3,6,0.34322472335227733,1.3588339379043295,5, , ,2.0905553543531497,5
9,3,2,1,12,12, , , ,1,1,90, , , , ,6,2,1,3,6,0.34322472335227733,1.3588339379043295,5, , ,2.0905553543531497,5
9,3,3,1,12,12, , , ,1,6,90, , , , ,6,2,1,3,6,0.34322472335227733,1.3588339379043295,5, , ,2.0905553543531497,5
9,3,4,1,12,12, , , ,2, , , , , , ,6,2,1,3,6,0.34322472335227733,1.3588339379043295,5, , ,2.0905553543531497,5
9,3,5,1,12,12, , , ,2, , , , , , ,6,2,1,3,6,0.34322472335227733,1.3588339379043295,5, , ,2.0905553543531497,5
9,3,6,1,12,12, , , ,2, , , , , , ,6,2,1,3,6,0.34322472335227733,1.3588339379043295,5, , ,2.0905553543531497,5
9,4,1,1,13,95, , , ,1,2,4,9,90, , ,4,2,1,1,6,0.34322472335227733,0.20238554532208386,4, , ,0.6536896016239906,4
9,4,2,1,13,95, , , ,1,1,90, , , , ,4,2,1,1,6,0.34322472335227733,0.20238554532208386,4, , ,0.6536896016239906,4
9,4,3,1,13,95, , , ,1,3,90, , , , ,4,2,1,1,6,0.34322472335227733,0.20238554532208386,4, , ,0.6536896016239906,4
9,4,4,9,13,95, , , ,1,5,6,7,8,90,90,4,2,1,1,6,0.34322472335227733,0.20238554532208386,4, , ,0.6536896016239906,4
9,5,1,1,11,24, , , ,1,1,3,90, , , ,3,2,1,3,6,0.34322472335227733,-0.3359267270710616,3, , ,-0.0151534470038897,3
9,5,2,1,11,24, , , ,1,2,90, , , , ,3,2,1,3,6,0.34322472335227733,-0.3359267270710616,3, , ,-0.0151534470038897,3
9,5,3,1,11,24, , , ,2, , , , , , ,3,2,1,3,6,0.34322472335227733,-0.3359267270710616,3, , ,-0.0151534470038897,3
9,8,1,1,11,5, , , ,1,8,9,90, , , ,1,2,1,3,1,0.34322472335227733,-1.0737297312826368,1, , ,-0.9318600426567559,1
9,9,1,1,11,12, , , ,1,1,90, , , , ,1,2,1,2,6,0.34322472335227733,0.17132440836964447,4, , ,0.6150967130748233,4
9,10,1,1,13,95, , , ,1,1,2,90, , , ,4,2,1,2,1,0.34322472335227733,-0.1053621872145808,4, , ,0.27131873215993174,4
9,10,2,1,13,95, , , ,1,5,7,90, , , ,4,2,1,2,1,0.34322472335227733,-0.1053621872145808,4, , ,0.27131873215993174,4
9,10,3,1,13,95, , , ,1,4,6,90, , , ,4,2,1,2,1,0.34322472335227733,-0.1053621872145808,4, , ,0.27131873215993174,4
9,10,4,1,12,95, , , ,1,3,90, , , , ,4,2,1,2,1,0.34322472335227733,-0.1053621872145808,4, , ,0.27131873215993174,4
9,11,1,1,11,14, , , ,1,1,2,90, , , ,6,2,1,2,1,0.34322472335227733,-0.2347317622186434,3, , ,0.11057942640207133,4
9,11,2,1,11,14, , , ,1,3,90, , , , ,6,2,1,2,1,0.34322472335227733,-0.2347317622186434,3, , ,0.11057942640207133,4
9,11,3,1,11,14, , , ,1,4,5,90, , , ,6,2,1,2,1,0.34322472335227733,-0.2347317622186434,3, , ,0.11057942640207133,4
9,11,4,1,11,14, , , ,2, , , , , , ,6,2,1,2,1,0.34322472335227733,-0.2347317622186434,3, , ,0.11057942640207133,4
9,11,5,1,11,14, , , ,2, , , , , , ,6,2,1,2,1,0.34322472335227733,-0.2347317622186434,3, , ,0.11057942640207133,4
9,11,6,1,11,14, , , ,2, , , , , , ,6,2,1,2,1,0.34322472335227733,-0.2347317622186434,3, , ,0.11057942640207133,4
9,12,1,2,13,95, , , ,1,1,2,90, , , ,3,2,1,2,1,0.34322472335227733,-0.529393150585779,3, , ,-0.2555319023109843,3
9,12,2,2,13,95, , , ,1,3,4,90, , , ,3,2,1,2,1,0.34322472335227733,-0.529393150585779,3, , ,-0.2555319023109843,3
9,12,3,2,13,95, , , ,1,5,90, , , , ,3,2,1,2,1,0.34322472335227733,-0.529393150585779,3, , ,-0.2555319023109843,3
9,13,1,1,13,11, , , ,2, , , , , , ,4,2,1,3,6,0.34322472335227733,0.8508108933480224,5, , ,1.459346111465778,5
9,13,2,1,13,11, , , ,2, , , , , , ,4,2,1,3,6,0.34322472335227733,0.8508108933480224,5, , ,1.459346111465778,5
9,13,3,1,13,11, , , ,2, , , , , , ,4,2,1,3,6,0.34322472335227733,0.8508108933480224,5, , ,1.459346111465778,5
9,13,4,1,13,11, , , ,2, , , , , , ,4,2,1,3,6,0.34322472335227733,0.8508108933480224,5, , ,1.459346111465778,5
9,14,1,1,12,6, , , ,1,1,90, , , , ,4,2,1,3,6,0.34322472335227733,0.07194922743206739,4, , ,0.4916248875473274,4
9,14,2,1,12,6, , , ,1,2,7,8,90, , ,4,2,1,3,6,0.34322472335227733,0.07194922743206739,4, , ,0.4916248875473274,4
9,14,3,1,12,6, , , ,1,3,4,90, , , ,4,2,1,3,6,0.34322472335227733,0.07194922743206739,4, , ,0.4916248875473274,4
9,14,4,1,11,6, , , ,2, , , , , , ,4,2,1,3,6,0.34322472335227733,0.07194922743206739,4, , ,0.4916248875473274,4
9,16,1,1,12,12, , , ,1,1,90, , , , ,2,2,1,3,6,0.34322472335227733,0.20778761803838464,4, , ,0.6604015771255287,4
9,16,2,1,12,12, , , ,1,10,11,90, , , ,2,2,1,3,6,0.34322472335227733,0.20778761803838464,4, , ,0.6604015771255287,4
9,17,1,2,28,9, ,2, ,1,1,2,90, , , ,2,2,1,2,6,0.34322472335227733,-0.4733006494017894,3, , ,-0.1858380063678824,3
9,17,2,2,28,9, ,2, ,1,3,4,90, , , ,2,2,1,2,6,0.34322472335227733,-0.4733006494017894,3, , ,-0.1858380063678824,3
9,19,1,1,12,12, , , ,1,1,2,90, , , ,2,2,1,3,6,0.34322472335227733,-0.2968865214384301,3, , ,0.0333532869004014,4
9,19,2,1,12,12, , , ,1,3,4,90, , , ,2,2,1,3,6,0.34322472335227733,-0.2968865214384301,3, , ,0.0333532869004014,4
9,20,1,1,11,12, , , ,1,1,90, , , , ,3,2,1,2,6,0.34322472335227733,-0.22714901266170917,4, , ,0.12000085257185705,4
9,20,2,1,11,12, , , ,1,2,90, , , , ,3,2,1,2,6,0.34322472335227733,-0.22714901266170917,4, , ,0.12000085257185705,4
9,20,3,1,11,12, , , ,2, , , , , , ,3,2,1,2,6,0.34322472335227733,-0.22714901266170917,4, , ,0.12000085257185705,4
9,22,1,1,13,12, , , ,1,1,90, , , , ,3,2,1,2,6,0.34322472335227733,-0.12410130259061145,4, , ,0.24803572766706683,4
9,22,2,1,13,12, , , ,1,2,4,90, , , ,3,2,1,2,6,0.34322472335227733,-0.12410130259061145,4, , ,0.24803572766706683,4
9,22,3,1,13,2, , , ,1,3,90, , , , ,3,2,1,2,6,0.34322472335227733,-0.12410130259061145,4, , ,0.24803572766706683,4
9,23,1,1,11,24, , , ,1,5,6,90, , , ,4,2,1,2,6,0.34322472335227733,0.7435398778324981,5, , ,1.3260638574167514,5
9,23,2,1,11,24, , , ,1,1,2,90, , , ,4,2,1,2,6,0.34322472335227733,0.7435398778324981,5, , ,1.3260638574167514,5
9,23,3,1,11,24, , , ,2, , , , , , ,4,2,1,2,6,0.34322472335227733,0.7435398778324981,5, , ,1.3260638574167514,5
9,23,4,1,11,23, , , ,1,3,4,90, , , ,4,2,1,2,6,0.34322472335227733,0.7435398778324981,5, , ,1.3260638574167514,5
9,24,1,1,12,12, , , ,1,1,5,90, , , ,3,2,1,2,6,0.34322472335227733,-1.0845809730575942,1, , ,-0.9453425099947106,1
9,24,2,1,12,12, , , ,1,3,4,90, , , ,3,2,1,2,6,0.34322472335227733,-1.0845809730575942,1, , ,-0.9453425099947106,1
9,24,3,1,12,12, , , ,2, , , , , , ,3,2,1,2,6,0.34322472335227733,-1.0845809730575942,1, , ,-0.9453425099947106,1
9,25,1,2,12,98, , , ,1,1,2,4,90, , ,2,2,1,2,6,0.34322472335227733,-0.45463549077511733,3, , ,-0.16264689176912614,3
9,25,2,2,12,98, , , ,1,3,90, , , , ,2,2,1,2,6,0.34322472335227733,-0.45463549077511733,3, , ,-0.16264689176912614,3
9,27,1,1,11,32, , , ,1,1,90, , , , ,3,2,1,2,1,0.34322472335227733,0.2950466496045179,4, , ,0.7688193110061805,4
9,27,2,1,11,32, , , ,1,2,3,90, , , ,3,2,1,2,1,0.34322472335227733,0.2950466496045179,4, , ,0.7688193110061805,4
9,27,3,1,11,32, , , ,2, , , , , , ,3,2,1,2,1,0.34322472335227733,0.2950466496045179,4, , ,0.7688193110061805,4
9,28,1,1,12,11, , , ,1,1,90, , , , ,3,2,1,3,6,0.34322472335227733,-0.7336465071906905,2, , ,-0.5093129226038557,2
9,28,2,1,12,11, , , ,1,2,90, , , , ,3,2,1,3,6,0.34322472335227733,-0.7336465071906905,2, , ,-0.5093129226038557,2
9,28,3,1,12,11, , , ,1,3,90, , , , ,3,2,1,3,6,0.34322472335227733,-0.7336465071906905,2, , ,-0.5093129226038557,2
9,29,1,2,12,13, , , ,1,1,2,90, , , ,3,2,1,2,6,0.34322472335227733,-0.726815085844997,2, , ,-0.5008250078494654,2
9,29,2,2,12,13, , , ,1,3,90, , , , ,3,2,1,2,6,0.34322472335227733,-0.726815085844997,2, , ,-0.5008250078494654,2
9,29,3,2,12,13, , , ,1,4,5,6,90, , ,3,2,1,2,6,0.34322472335227733,-0.726815085844997,2, , ,-0.5008250078494654,2
9,30,1,1,12,13, , , ,1,1,90, , , , ,1,2,1,2,6,0.34322472335227733,-1.1828494358545742,1, , ,-1.0674392586883867,1
10,1,1,1,13,12, , , ,1,2,1,5,90, , ,2,2,1,3,1,1.2356090040681986,0.46103928306223885,4, , ,0.9750620899754643,5
10,1,2,1,13,5, , , ,1,3,4,90, , , ,2,2,1,3,1,1.2356090040681986,0.46103928306223885,4, , ,0.9750620899754643,5
10,2,1,1,13,12, , , ,1,1,5,90, , , ,3,2,1,2,1,1.2356090040681986,-1.0190685463999776,1, , ,-0.8639445307625199,1
10,2,2,1,13,12, , , ,1,3,4,90, , , ,3,2,1,2,1,1.2356090040681986,-1.0190685463999776,1, , ,-0.8639445307625199,1
10,2,3,1,13,12, , , ,1,2,90, , , , ,3,2,1,2,1,1.2356090040681986,-1.0190685463999776,1, , ,-0.8639445307625199,1
10,3,1,1,13,98, , , ,1,1,2,90, , , ,3,2,1,3,1,1.2356090040681986,-0.40194210269542774,3, , ,-0.09717633103107907,3
10,3,2,1,13,98, , , ,1,4,7,90, , , ,3,2,1,3,1,1.2356090040681986,-0.40194210269542774,3, , ,-0.09717633103107907,3
10,3,3,1,13,98, , , ,1,5,6,90, , , ,3,2,1,3,1,1.2356090040681986,-0.40194210269542774,3, , ,-0.09717633103107907,3
10,5,1,1,13,12, , , ,1,1,2,90, , , ,1,2,1,2,1,1.2356090040681986,-0.6047668964316154,2, , ,-0.34918238836420584,3
10,6,1,1,21,4, ,2, ,1,1,2,5,90, , ,3,2,1,1,1,1.2356090040681986,-0.5334523427050779,3, , ,-0.2605753734916958,3
10,6,2,2,21,4, ,2, ,2, , , , , , ,3,2,1,1,1,1.2356090040681986,-0.5334523427050779,3, , ,-0.2605753734916958,3
10,6,3,2,21,4, ,2, ,2, , , , , , ,3,2,1,1,1,1.2356090040681986,-0.5334523427050779,3, , ,-0.2605753734916958,3
10,7,1,2,12,98, , , ,2, , , , , , ,2,2,1,2,1,1.2356090040681986,-1.0028249185991347,1, , ,-0.8437621234568254,1
10,7,2,2,12,98, , , ,2, , , , , , ,2,2,1,2,1,1.2356090040681986,-1.0028249185991347,1, , ,-0.8437621234568254,1
10,8,1,1,12,9, , , ,1,1,2,4,3,90,90,1,2,1,3,1,1.2356090040681986,-0.26327537095441716,3, , ,0.07511452012972562,4
10,9,1,1,11,95, , , ,1,5,90, , , , ,3,2,1,3,1,1.2356090040681986,-0.525710005916153,3, , ,-0.2509556631358703,3
10,9,2,1,11,95, , , ,1,2,90, , , , ,3,2,1,3,1,1.2356090040681986,-0.525710005916153,3, , ,-0.2509556631358703,3
10,9,3,1,11,95, , , ,1,1,90, , , , ,3,2,1,3,1,1.2356090040681986,-0.525710005916153,3, , ,-0.2509556631358703,3
10,10,1,1,12,12, , , ,2, , , , , , ,2,2,1,2,1,1.2356090040681986,-1.028310644579949,1, , ,-0.875427666926088,1
10,10,2,1,12,12, , , ,2, , , , , , ,2,2,1,2,1,1.2356090040681986,-1.028310644579949,1, , ,-0.875427666926088,1
10,12,1,1,12,12, , , ,1,1,2,7,90, , ,2,2,1,2,1,1.2356090040681986,-1.002549015398148,1, , ,-0.8434193188292183,1
10,12,2,1,12,12, , , ,1,3,4,5,6,90,90,2,2,1,2,1,1.2356090040681986,-1.002549015398148,1, , ,-0.8434193188292183,1
10,13,1,1,12,98, , , ,1,1,2,90, , , ,2,2,1,2,1,1.2356090040681986,-0.9774866504522374,1, , ,-0.8122797936206884,1
10,13,2,1,12,2, , , ,1,3,90, , , , ,2,2,1,2,1,1.2356090040681986,-0.9774866504522374,1, , ,-0.8122797936206884,1
10,14,1,1,12,12, , , ,1,1,2,10,90, , ,2,2,1,2,1,1.2356090040681986,-0.764698345882163,2, , ,-0.547894258235635,2
10,14,2,1,12,12, , , ,1,8,7,9,90, , ,2,2,1,2,1,1.2356090040681986,-0.764698345882163,2, , ,-0.547894258235635,2
10,15,1,1,12,95, , , ,1,1,90, , , , ,2,2,1,3,1,1.2356090040681986,-0.5082067833305824,3, , ,-0.22920823259169815,3
10,15,2,1,12,19, , , ,1,2,3,4,90, , ,2,2,1,3,1,1.2356090040681986,-0.5082067833305824,3, , ,-0.22920823259169815,3
10,16,1,2,13,95, , , ,1,2,90, , , , ,3,2,1,2,1,1.2356090040681986,-0.19727657552338695,4, , ,0.15711680357315277,4
10,16,2,2,13,95, , , ,1,1,90, , , , ,3,2,1,2,1,1.2356090040681986,-0.19727657552338695,4, , ,0.15711680357315277,4
10,16,3,2,21,95, ,2, ,1,6,90, , , , ,3,2,1,2,1,1.2356090040681986,-0.19727657552338695,4, , ,0.15711680357315277,4
10,17,1,1,13,2, , , ,1,1,90, , , , ,1,2,1,2,1,1.2356090040681986,-0.13687817782131934,4, , ,0.23216069635252248,4
10,18,1,1,13,95, , , ,1,2,90, , , , ,2,2,1,1,1,1.2356090040681986,-0.7395138348057049,2, , ,-0.5166029687175708,2
10,18,2,1,13,95, , , ,1,1,90, , , , ,2,2,1,1,1,1.2356090040681986,-0.7395138348057049,2, , ,-0.5166029687175708,2
10,19,1,2,11,11, , , ,1,1,90, , , , ,1,2,1,2,1,1.2356090040681986,-0.2177000648080742,4, , ,0.13174099563167474,4
10,20,1,2,21,95, ,2, ,1,1,2,90, , , ,2,2,1,3,1,1.2356090040681986,-0.6549292131380992,2, , ,-0.41150813970375316,2
10,20,2,2,21,95, ,2, ,1,3,4,90, , , ,2,2,1,3,1,1.2356090040681986,-0.6549292131380992,2, , ,-0.41150813970375316,2
10,22,1,1,12,24, , , ,1,2,1,7,90, , ,10,2,1,3,1,1.2356090040681986,-0.16225776260601407,4, , ,0.2006270313575924,4
10,22,2,1,12,24, , , ,1,3,8,6,90, , ,10,2,1,3,1,1.2356090040681986,-0.16225776260601407,4, , ,0.2006270313575924,4
10,22,3,2,12,24, , , ,2, , , , , , ,10,2,1,3,1,1.2356090040681986,-0.16225776260601407,4, , ,0.2006270313575924,4
10,22,4,2,12,24, , , ,2, , , , , , ,10,2,1,3,1,1.2356090040681986,-0.16225776260601407,4, , ,0.2006270313575924,4
10,22,5,2,12,24, , , ,2, , , , , , ,10,2,1,3,1,1.2356090040681986,-0.16225776260601407,4, , ,0.2006270313575924,4
10,22,6,2,12,24, , , ,2, , , , , , ,10,2,1,3,1,1.2356090040681986,-0.16225776260601407,4, , ,0.2006270313575924,4
10,22,7,2,12,24, , , ,2, , , , , , ,10,2,1,3,1,1.2356090040681986,-0.16225776260601407,4, , ,0.2006270313575924,4
10,22,8,2,12,24, , , ,2, , , , , , ,10,2,1,3,1,1.2356090040681986,-0.16225776260601407,4, , ,0.2006270313575924,4
10,22,9,2,12,24, , , ,2, , , , , , ,10,2,1,3,1,1.2356090040681986,-0.16225776260601407,4, , ,0.2006270313575924,4
10,22,10,2,12,24, , , ,2, , , , , , ,10,2,1,3,1,1.2356090040681986,-0.16225776260601407,4, , ,0.2006270313575924,4
10,23,1,1,12,6, , , ,1,1,2,6,90, , ,2,2,1,3,1,1.2356090040681986,-0.610638534391676,2, , ,-0.3564777900019711,3
10,23,2,1,12,98, , , ,2, , , , , , ,2,2,1,3,1,1.2356090040681986,-0.610638534391676,2, , ,-0.3564777900019711,3
10,24,1,1,12,95, , , ,1,2,7,90, , , ,2,2,1,2,1,1.2356090040681986,-0.4254388499504296,3, , ,-0.12637060519653334,3
10,24,2,1,12,24, , , ,1,1,90, , , , ,2,2,1,2,1,1.2356090040681986,-0.4254388499504296,3, , ,-0.12637060519653334,3
10,25,1,1,11,9, , , ,1,1,90, , , , ,3,2,1,2,1,1.2356090040681986,-0.6198800301750356,2, , ,-0.3679601776988834,3
10,25,2,1,11,12, , , ,1,2,90, , , , ,3,2,1,2,1,1.2356090040681986,-0.6198800301750356,2, , ,-0.3679601776988834,3
10,25,3,1,11,12, , , ,2, , , , , , ,3,2,1,2,1,1.2356090040681986,-0.6198800301750356,2, , ,-0.3679601776988834,3
10,26,1,1,12,14, , , ,1,1,90, , , , ,2,2,1,2,1,1.2356090040681986,-0.6950734978913503,2, , ,-0.46138667150832013,2
10,26,2,1,12,14, , , ,1,2,6,90, , , ,2,2,1,2,1,1.2356090040681986,-0.6950734978913503,2, , ,-0.46138667150832013,2
10,27,1,1,11,5, , , ,1,2,7,8,90, , ,2,2,1,2,1,1.2356090040681986,-0.4305495358366993,3, , ,-0.1327205379475662,3
10,27,2,1,12,5, , , ,1,1,90, , , , ,2,2,1,2,1,1.2356090040681986,-0.4305495358366993,3, , ,-0.1327205379475662,3
10,28,1,1,13,8, , , ,1,1,90, , , , ,3,2,1,3,1,1.2356090040681986,1.0188253266660534,5, , ,1.6681009393918382,5
10,28,2,1,13,8, , , ,1,2,90, , , , ,3,2,1,3,1,1.2356090040681986,1.0188253266660534,5, , ,1.6681009393918382,5
10,28,3,1,13,8, , , ,1,3,4,90, , , ,3,2,1,3,1,1.2356090040681986,1.0188253266660534,5, , ,1.6681009393918382,5
10,29,1,1,11,12, , , ,1,2,7,8,90, , ,3,2,1,3,1,1.2356090040681986,-0.5806100374552233,3, , ,-0.3191679375860081,3
10,29,2,1,11,12, , , ,1,10,1,90, , , ,3,2,1,3,1,1.2356090040681986,-0.5806100374552233,3, , ,-0.3191679375860081,3
10,29,3,1,11,12, , , ,2, , , , , , ,3,2,1,3,1,1.2356090040681986,-0.5806100374552233,3, , ,-0.3191679375860081,3
10,30,1,2,13,7, , , ,1,1,90, , , , ,1,2,1,2,1,1.2356090040681986,-1.0200061288072861,1, , ,-0.8651094595739257,1
11,1,1,1,12,95, , , ,1,1,90, , , , ,1,2,1,2,1,0.5616404563946356,-0.9523296627338088,1, , ,-0.7810227013662518,1
11,6,1,1,12,95, , , ,1,1,5,90, , , ,2,2,1,3,1,0.5616404563946356,-0.5662874166620885,3, , ,-0.30137234598072304,3
11,6,2,1,12,95, , , ,1,2,3,4,90, , ,2,2,1,3,1,0.5616404563946356,-0.5662874166620885,3, , ,-0.30137234598072304,3
11,8,1,1,11,95, , , ,1,1,2,90, , , ,2,2,1,2,1,0.5616404563946356,-0.777935236849882,2, , ,-0.5643408506007782,2
11,8,2,1,11,95, , , ,1,6,7,90, , , ,2,2,1,2,1,0.5616404563946356,-0.777935236849882,2, , ,-0.5643408506007782,2
11,9,1,1,12,95, , , ,1,1,2,90, , , ,1,2,1,2,1,0.5616404563946356,-0.9440452044680578,1, , ,-0.7707294150956974,1
11,10,1,1,11,95, , , ,1,1,2,90, , , ,1,2,1,2,1,0.5616404563946356,-0.4769210681205053,3, , ,-0.1903363097083771,3
11,13,1,2,13,95, , , ,1,1,2,90, , , ,1,2,1,3,1,0.5616404563946356,-0.6261384541637928,2, , ,-0.375736153828198,3
11,14,1,1,11,0, , , ,1,1,2,90, , , ,2,2,1,2,1,0.5616404563946356,-1.2626545113962968,1, , ,-1.166595589982876,1
11,14,2,1,11,0, , , ,2, , , , , , ,2,2,1,2,1,0.5616404563946356,-1.2626545113962968,1, , ,-1.166595589982876,1
11,15,1,2,11,0, , , ,1,2,7,90, , , ,2,2,1,2,1,0.5616404563946356,-1.1030235772967787,1, , ,-0.968257104880567,1
11,15,2,2,11,0, , , ,1,4,5,6,90, , ,2,2,1,2,1,0.5616404563946356,-1.1030235772967787,1, , ,-0.968257104880567,1
11,17,1,2,11,95, , , ,1,1,2,90, , , ,2,2,1,3,1,0.5616404563946356,0.9840985523867244,5, , ,1.624953564217312,5
11,17,2,2,11,95, , , ,1,3,90, , , , ,2,2,1,3,1,0.5616404563946356,0.9840985523867244,5, , ,1.624953564217312,5
11,18,1,2,11,0, , , ,1,1,2,90, , , ,1,2,1,2,1,0.5616404563946356,-0.9550736063399551,1, , ,-0.7844320005795855,1
11,20,1,1,12,24, , , ,1,2,90, , , , ,2,2,1,2,1,0.5616404563946356,-0.9229314447632382,1, , ,-0.7444959589157228,1
11,20,2,1,12,0, , , ,2, , , , , , ,2,2,1,2,1,0.5616404563946356,-0.9229314447632382,1, , ,-0.7444959589157228,1
11,23,1,1,13,12, , , ,1,1,90, , , , ,1,2,1,2,1,0.5616404563946356,-0.8618815724920056,1, , ,-0.668642621025606,1
11,24,1,1,12,95, , , ,1,1,2,90, , , ,3,2,1,2,1,0.5616404563946356,-0.8279071420502699,2, , ,-0.6264300191634462,2
11,24,2,1,12,95, , , ,1,4,5,90, , , ,3,2,1,2,1,0.5616404563946356,-0.8279071420502699,2, , ,-0.6264300191634462,2
11,24,3,1,12,95, , , ,1,3,90, , , , ,3,2,1,2,1,0.5616404563946356,-0.8279071420502699,2, , ,-0.6264300191634462,2
11,25,1,2,11,7, , , ,1,1,2,90, , , ,3,2,1,2,1,0.5616404563946356,-0.9155599074505393,1, , ,-0.7353369600554871,1
11,25,2,2,11,7, , , ,1,4,6,8,9,90,90,3,2,1,2,1,0.5616404563946356,-0.9155599074505393,1, , ,-0.7353369600554871,1
11,25,3,2,11,95, , , ,2, , , , , , ,3,2,1,2,1,0.5616404563946356,-0.9155599074505393,1, , ,-0.7353369600554871,1
11,28,1,1,11,95, , , ,1,1,2,90, , , ,2,2,1,2,1,0.5616404563946356,-0.910741670110102,1, , ,-0.7293503892172188,1
11,28,2,1,11,95, , , ,2, , , , , , ,2,2,1,2,1,0.5616404563946356,-0.910741670110102,1, , ,-0.7293503892172188,1
11,29,1,2,11,19, , , ,1,1,4,90, , , ,2,2,1,3,1,0.5616404563946356,-0.9641363481864508,1, , ,-0.7956922898139182,1
11,29,2,2,11,19, , , ,1,2,3,90, , , ,2,2,1,3,1,0.5616404563946356,-0.9641363481864508,1, , ,-0.7956922898139182,1
11,30,1,1,11,13, , , ,2, , , , , , ,1,2,1,3,1,0.5616404563946356,-0.4382593843058985,3, , ,-0.1422998821666259,3
12,2,1,1,12,95, , , ,1,1,2,90, , , ,3,2,1,3,1,0.4617932641467003,-0.5806883843354851,3, , ,-0.3192652821366196,3
12,2,2,1,12,95, , , ,1,4,6,11,90, , ,3,2,1,3,1,0.4617932641467003,-0.5806883843354851,3, , ,-0.3192652821366196,3
12,2,3,1,12,95, , , ,1,7,8,9,10,90,90,3,2,1,3,1,0.4617932641467003,-0.5806883843354851,3, , ,-0.3192652821366196,3
12,3,1,1,11,8, , , ,1,1,90, , , , ,3,2,1,2,1,0.4617932641467003,-0.12450601537602352,4, , ,0.24753287951164527,4
12,3,2,1,11,8, , , ,1,2,6,90, , , ,3,2,1,2,1,0.4617932641467003,-0.12450601537602352,4, , ,0.24753287951164527,4
12,3,3,1,11,8, , , ,1,3,4,90, , , ,3,2,1,2,1,0.4617932641467003,-0.12450601537602352,4, , ,0.24753287951164527,4
12,4,1,1,11,24, , , ,1,1,90, , , , ,4,2,1,2,1,0.4617932641467003,-0.06310594327779023,4, , ,0.3238213342139403,4
12,4,2,1,11,24, , , ,1,2,7,90, , , ,4,2,1,2,1,0.4617932641467003,-0.06310594327779023,4, , ,0.3238213342139403,4
12,4,3,1,11,24, , , ,1,5,90, , , , ,4,2,1,2,1,0.4617932641467003,-0.06310594327779023,4, , ,0.3238213342139403,4
12,4,4,1,11,24, , , ,1,6,90, , , , ,4,2,1,2,1,0.4617932641467003,-0.06310594327779023,4, , ,0.3238213342139403,4
12,5,1,2,11,12, , , ,2, , , , , , ,2,2,1,2,1,0.4617932641467003,-1.0369238896541533,1, , ,-0.8861294647290601,1
12,5,2,2,11,12, , , ,2, , , , , , ,2,2,1,2,1,0.4617932641467003,-1.0369238896541533,1, , ,-0.8861294647290601,1
12,6,1,2,21,95, ,2, ,1,1,2,90, , , ,3,2,1,2,1,0.4617932641467003,0.06444755624513743,4, , ,0.4823041997536711,4
12,6,2,2,21,95, ,2, ,2, , , , , , ,3,2,1,2,1,0.4617932641467003,0.06444755624513743,4, , ,0.4823041997536711,4
12,6,3,2,21,98, ,8, ,2, , , , , , ,3,2,1,2,1,0.4617932641467003,0.06444755624513743,4, , ,0.4823041997536711,4
12,8,1,1,21,95, ,2, ,1,3,4,5,6,90,90,2,2,1,2,1,0.4617932641467003,-0.7788856826755262,2, , ,-0.5655217619717068,2
12,8,2,1,21,95, ,2, ,1,1,2,90, , , ,2,2,1,2,1,0.4617932641467003,-0.7788856826755262,2, , ,-0.5655217619717068,2
12,9,1,1,12,18, , , ,1,1,4,2,90, , ,3,2,1,2,1,0.4617932641467003,-0.06953329280133164,4, , ,0.31583547122996813,4
12,9,2,1,12,18, , , ,1,3,90, , , , ,3,2,1,2,1,0.4617932641467003,-0.06953329280133164,4, , ,0.31583547122996813,4
12,9,3,1,12,9, , , ,2, , , , , , ,3,2,1,2,1,0.4617932641467003,-0.06953329280133164,4, , ,0.31583547122996813,4
12,10,1,1,12,98, , , ,1,2,90, , , , ,1,2,1,2,1,0.4617932641467003,-1.2900802551793356,1, , ,-1.200671569713351,1
12,11,1,2,18,6, , , ,1,1,2,90, , , ,3,2,1,3,1,0.4617932641467003,-0.13589275211930238,4, , ,0.23338506957329855,4
12,11,2,2,18,6, , , ,1,4,90, , , , ,3,2,1,3,1,0.4617932641467003,-0.13589275211930238,4, , ,0.23338506957329855,4
12,11,3,2,18,6, , , ,1,3,5,90, , , ,3,2,1,3,1,0.4617932641467003,-0.13589275211930238,4, , ,0.23338506957329855,4
12,13,1,1,18,12, , , ,1,2,8,7,90, , ,1,2,1,3,1,0.4617932641467003,0.5315398938756491,4, , ,1.0626577958228154,5
12,14,1,1,11,24, , , ,1,2,1,90, , , ,1,2,1,3,1,0.4617932641467003,-0.37497647443378573,3, , ,-0.06367203633145775,3
12,15,1,2,11,8, , , ,1,1,7,90, , , ,2,2,1,2,1,0.4617932641467003,-0.724356929924842,2, , ,-0.49777079455365864,2
12,15,2,2,11,8, , , ,1,3,90, , , , ,2,2,1,2,1,0.4617932641467003,-0.724356929924842,2, , ,-0.49777079455365864,2
12,16,1,1,12,95, , , ,1,3,4,6,90, , ,2,2,1,2,1,0.4617932641467003,-0.7629560576591583,2, , ,-0.5457294973218956,2
12,16,2,1,11,95, , , ,1,2,90, , , , ,2,2,1,2,1,0.4617932641467003,-0.7629560576591583,2, , ,-0.5457294973218956,2
12,17,1,1,12,95, , , ,1,4,90, , , , ,3,2,1,2,6,0.4617932641467003,-0.4932414468302242,3, , ,-0.21061407859973513,3
12,17,2,1,12,95, , , ,1,2,3,90, , , ,3,2,1,2,6,0.4617932641467003,-0.4932414468302242,3, , ,-0.21061407859973513,3
12,17,3,1,11,95, , , ,1,1,5,90, , , ,3,2,1,2,6,0.4617932641467003,-0.4932414468302242,3, , ,-0.21061407859973513,3
12,18,1,1,11,3, , , ,2, , , , , , ,2,2,1,3,1,0.4617932641467003,-1.3201937707044102,1, , ,-1.2380870561542476,1
12,18,2,1,11,3, , , ,2, , , , , , ,2,2,1,3,1,0.4617932641467003,-1.3201937707044102,1, , ,-1.2380870561542476,1
12,20,1,1,12,18, , , ,1,1,2,90, , , ,3,2,1,2,1,0.4617932641467003,-0.5726042501146515,3, , ,-0.3092208947892132,3
12,20,2,1,12,18, , , ,2, , , , , , ,3,2,1,2,1,0.4617932641467003,-0.5726042501146515,3, , ,-0.3092208947892132,3
12,20,3,1,11,12, , , ,1,6,7,8,90, , ,3,2,1,2,1,0.4617932641467003,-0.5726042501146515,3, , ,-0.3092208947892132,3
12,21,1,1,11,12, , , ,1,2,6,90, , , ,2,2,1,3,1,0.4617932641467003,-0.8434185166514967,1, , ,-0.6457026154031186,1
12,21,2,1,11,12, , , ,2, , , , , , ,2,2,1,3,1,0.4617932641467003,-0.8434185166514967,1, , ,-0.6457026154031186,1
12,22,1,1,11,24, , , ,1,5,8,90, , , ,4,2,1,2,1,0.4617932641467003,-0.6883422482020009,2, , ,-0.4530232181854282,2
12,22,2,1,11,24, , , ,1,4,3,90, , , ,4,2,1,2,1,0.4617932641467003,-0.6883422482020009,2, , ,-0.4530232181854282,2
12,22,3,1,11,24, , , ,1,6,7,9,10,90,90,4,2,1,2,1,0.4617932641467003,-0.6883422482020009,2, , ,-0.4530232181854282,2
12,22,4,1,11,24, , , ,1,1,2,90, , , ,4,2,1,2,1,0.4617932641467003,-0.6883422482020009,2, , ,-0.4530232181854282,2
12,24,1,1,13,95, , , ,1,1,2,90, , , ,1,2,1,3,6,0.4617932641467003,-0.88969328092502,1, , ,-0.7031981546997513,1
12,25,1,1,99,95,9,9, ,1,1,5,90, , , ,4,2,1,2,1,0.4617932641467003,-0.6640520407927115,2, , ,-0.42284308444408303,2
12,25,2,1,99,95,9,9, ,1,2,3,4,90, , ,4,2,1,2,1,0.4617932641467003,-0.6640520407927115,2, , ,-0.42284308444408303,2
12,25,3,1,99,95,9,9, ,2, , , , , , ,4,2,1,2,1,0.4617932641467003,-0.6640520407927115,2, , ,-0.42284308444408303,2
12,25,4,1,11,24, , , ,2, , , , , , ,4,2,1,2,1,0.4617932641467003,-0.6640520407927115,2, , ,-0.42284308444408303,2
12,27,1,1,11,24, , , ,1,3,90, , , , ,3,2,1,3,1,0.4617932641467003,0.10886637624794593,4, , ,0.5374937625980307,4
12,27,2,1,11,24, , , ,1,4,90, , , , ,3,2,1,3,1,0.4617932641467003,0.10886637624794593,4, , ,0.5374937625980307,4
12,27,3,1,11,24, , , ,1,1,2,90, , , ,3,2,1,3,1,0.4617932641467003,0.10886637624794593,4, , ,0.5374937625980307,4
12,28,1,2,11,8, , , ,1,1,90, , , , ,1,2,1,2,1,0.4617932641467003,-0.42015682724820835,3, , ,-0.11980778961856123,3
12,29,1,1,11,18, , , ,1,1,2,90, , , ,3,2,1,2,1,0.4617932641467003,-0.9603731693372971,1, , ,-0.7910166096500416,1
12,29,2,1,11,18, , , ,2, , , , , , ,3,2,1,2,1,0.4617932641467003,-0.9603731693372971,1, , ,-0.7910166096500416,1
12,29,3,1,11,18, , , ,2, , , , , , ,3,2,1,2,1,0.4617932641467003,-0.9603731693372971,1, , ,-0.7910166096500416,1
12,30,1,1,11,10, , , ,1,1,2,4,90, , ,1,2,1,2,1,0.4617932641467003,-0.7431439068591095,2, , ,-0.5211132661479903,2
13,1,1,1,12,11, , , ,1,1,2,3,90, , ,1,1,1,2,1,1.0067597752884831,0.45350349437143633,4,0.12403678214498547,4, , 
13,2,1,1,12,24, , , ,1,1,2,3,90, , ,1,1,1,2,6,1.0067597752884831,0.3426034396922833,4,0.018038628159525522,4, , 
13,3,1,1,12,95, , , ,1,1,2,90, , , ,3,1,1,3,6,1.0067597752884831,2.1769240862147496,5,1.7712803457702082,5, , 
13,3,2,1,12,95, , , ,1,3,90, , , , ,3,1,1,3,6,1.0067597752884831,2.1769240862147496,5,1.7712803457702082,5, , 
13,3,3,1,11,0, , , ,2, , , , , , ,3,1,1,3,6,1.0067597752884831,2.1769240862147496,5,1.7712803457702082,5, , 
13,5,1,1,12,95, , , ,1,1,90, , , , ,1,1,1,3,1,1.0067597752884831,0.46873382309794775,4,0.1385939140983695,4, , 
13,6,1,2,12,5, , , ,1,1,2,5,90, , ,3,1,1,3,1,1.0067597752884831,2.070818384472268,5,1.6698646292083559,5, , 
13,6,2,2,12,95, , , ,1,3,90, , , , ,3,1,1,3,1,1.0067597752884831,2.070818384472268,5,1.6698646292083559,5, , 
13,6,3,2,12,95, , , ,1,4,90, , , , ,3,1,1,3,1,1.0067597752884831,2.070818384472268,5,1.6698646292083559,5, , 
13,7,1,1,11,12, , , ,1,1,2,90, , , ,2,1,1,3,6,1.0067597752884831,2.9707184821293224,5,2.52998818278956,5, , 
13,7,2,1,11,12, , , ,1,3,90, , , , ,2,1,1,3,6,1.0067597752884831,2.9707184821293224,5,2.52998818278956,5, , 
13,9,1,2,11,24, , , ,1,1,90, , , , ,2,1,1,2,1,1.0067597752884831,-0.24531846970843657,3,-0.5438965058165426,3, , 
13,9,2,2,11,24, , , ,1,2,3,90, , , ,2,1,1,2,1,1.0067597752884831,-0.24531846970843657,3,-0.5438965058165426,3, , 
13,10,1,1,11,7, , , ,1,1,2,5,90, , ,1,1,1,2,1,1.0067597752884831,-0.2945520480416905,3,-0.5909539074789826,3, , 
13,11,1,2,98,98,8,8, ,1,1,90, , , , ,2,1,1,3,6,1.0067597752884831,1.5651469138309608,5,1.1865443768769834,5, , 
13,11,2,2,98,98,8,8, ,2, , , , , , ,2,1,1,3,6,1.0067597752884831,1.5651469138309608,5,1.1865443768769834,5, , 
13,13,1,1,12,6, , , ,1,1,90, , , , ,1,1,1,3,1,1.0067597752884831,1.3320964051986086,5,0.9637949492786805,5, , 
13,14,1,1,12,4, , , ,1,1,2,4,90, , ,3,1,1,3,1,1.0067597752884831,2.9367890566676635,5,2.49755847411964,5, , 
13,14,2,1,12,4, , , ,1,3,90, , , , ,3,1,1,3,1,1.0067597752884831,2.9367890566676635,5,2.49755847411964,5, , 
13,14,3,1,12,4, , , ,2, , , , , , ,3,1,1,3,1,1.0067597752884831,2.9367890566676635,5,2.49755847411964,5, , 
13,15,1,1,11,7, , , ,1,1,3,90, , , ,3,1,1,3,1,1.0067597752884831,3.3164018592652598,5,2.860391985978638,5, , 
13,15,2,1,11,98, , , ,1,2,90, , , , ,3,1,1,3,1,1.0067597752884831,3.3164018592652598,5,2.860391985978638,5, , 
13,15,3,1,11,98, , , ,2, , , , , , ,3,1,1,3,1,1.0067597752884831,3.3164018592652598,5,2.860391985978638,5, , 
13,19,1,2,12,6, , , ,1,1,2,90, , , ,1,1,1,3,1,1.0067597752884831,2.318265454254511,5,1.9063742745995371,5, , 
13,20,1,1,12,10, , , ,1,1,2,90, , , ,1,1,1,3,1,1.0067597752884831,0.5345753113329457,4,0.201525138332266,4, , 
13,21,1,1,11,1, , , ,1,1,90, , , , ,1,1,1,3,1,1.0067597752884831,0.519732735857137,4,0.18733862052235792,4, , 
13,22,1,1,12,95, , , ,1,1,2,90, , , ,3,1,1,3,1,1.0067597752884831,2.3009340093502084,5,1.8898088980442977,5, , 
13,22,2,1,12,95, , , ,1,4,5,90, , , ,3,1,1,3,1,1.0067597752884831,2.3009340093502084,5,1.8898088980442977,5, , 
13,22,3,1,12,95, , , ,2, , , , , , ,3,1,1,3,1,1.0067597752884831,2.3009340093502084,5,1.8898088980442977,5, , 
13,23,1,1,13,12, , , ,1,1,90, , , , ,2,1,1,3,1,1.0067597752884831,1.633995289524946,5,1.252349580937281,5, , 
13,23,2,1,12,12, , , ,1,2,90, , , , ,2,1,1,3,1,1.0067597752884831,1.633995289524946,5,1.252349580937281,5, , 
13,24,1,1,11,24, , , ,1,1,90, , , , ,4,1,1,3,1,1.0067597752884831,1.4802954419833596,5,1.105443430580645,5, , 
13,24,2,1,11,24, , , ,2, , , , , , ,4,1,1,3,1,1.0067597752884831,1.4802954419833596,5,1.105443430580645,5, , 
13,24,3,1,12,12, , , ,2, , , , , , ,4,1,1,3,1,1.0067597752884831,1.4802954419833596,5,1.105443430580645,5, , 
13,24,4,1,12,24, , , ,2, , , , , , ,4,1,1,3,1,1.0067597752884831,1.4802954419833596,5,1.105443430580645,5, , 
13,25,1,1,11,12, , , ,1,1,90, , , , ,1,1,1,2,6,1.0067597752884831,0.5654447489879608,4,0.23103011392012693,4, , 
13,27,1,2,13,98, , , ,1,1,4,90, , , ,2,1,1,3,1,1.0067597752884831,1.1221249418680046,5,0.7631044485655774,5, , 
13,27,2,2,13,98, , , ,1,2,3,90, , , ,2,1,1,3,1,1.0067597752884831,1.1221249418680046,5,0.7631044485655774,5, , 
13,28,1,2,13,12, , , ,1,1,2,90, , , ,3,1,1,3,6,1.0067597752884831,0.8404682489908466,5,0.49389728190544646,4, , 
13,28,2,2,13,12, , , ,1,3,4,90, , , ,3,1,1,3,6,1.0067597752884831,0.8404682489908466,5,0.49389728190544646,4, , 
13,28,3,2,13,12, , , ,1,5,90, , , , ,3,1,1,3,6,1.0067597752884831,0.8404682489908466,5,0.49389728190544646,4, , 
13,29,1,2,12,9, , , ,1,1,90, , , , ,3,1,1,3,1,1.0067597752884831,1.0202751189483916,5,0.6657564964436532,5, , 
13,29,2,2,12,9, , , ,2, , , , , , ,3,1,1,3,1,1.0067597752884831,1.0202751189483916,5,0.6657564964436532,5, , 
13,29,3,2,12,9, , , ,2, , , , , , ,3,1,1,3,1,1.0067597752884831,1.0202751189483916,5,0.6657564964436532,5, , 
13,30,1,2,12,95, , , ,1,1,90, , , , ,3,1,1,3,1,1.0067597752884831,2.3628640884247596,5,1.9490016015742266,5, , 
13,30,2,2,12,95, , , ,1,2,3,90, , , ,3,1,1,3,1,1.0067597752884831,2.3628640884247596,5,1.9490016015742266,5, , 
13,30,3,2,12,95, , , ,1,4,90, , , , ,3,1,1,3,1,1.0067597752884831,2.3628640884247596,5,1.9490016015742266,5, , 
14,1,1,1,11,95, , , ,1,1,2,90, , , ,3,1,1,2,6,0.4953897306975076,0.6593943957623024,5,0.32082708610807864,4, , 
14,1,2,1,12,95, , , ,1,4,90, , , , ,3,1,1,2,6,0.4953897306975076,0.6593943957623024,5,0.32082708610807864,4, , 
14,1,3,1,12,95, , , ,1,3,90, , , , ,3,1,1,2,6,0.4953897306975076,0.6593943957623024,5,0.32082708610807864,4, , 
14,4,1,2,12,95, , , ,1,1,4,5,90, , ,2,1,1,3,6,0.4953897306975076,0.2484660402675931,4,-0.07193779781138784,4, , 
14,4,2,2,12,95, , , ,1,2,3,90, , , ,2,1,1,3,6,0.4953897306975076,0.2484660402675931,4,-0.07193779781138784,4, , 
14,5,1,1,13,8, , , ,1,1,2,6,90, , ,3,1,1,2,1,0.4953897306975076,0.24474947034842592,4,-0.07549009137634015,4, , 
14,5,2,1,13,8, , , ,1,4,5,90, , , ,3,1,1,2,1,0.4953897306975076,0.24474947034842592,4,-0.07549009137634015,4, , 
14,5,3,1,13,8, , , ,1,3,90, , , , ,3,1,1,2,1,0.4953897306975076,0.24474947034842592,4,-0.07549009137634015,4, , 
14,6,1,1,13,95, , , ,1,1,90, , , , ,1,1,1,3,6,0.4953897306975076,0.31278828727760016,4,-0.010458662720039948,4, , 
14,7,1,1,13,12, , , ,1,1,90, , , , ,1,1,1,3,1,0.4953897306975076,-0.06219578262315695,4,-0.3688680368040248,3, , 
14,8,1,1,13,95, , , ,1,1,2,90, , , ,1,1,1,2,1,0.4953897306975076,0.49967848180648733,4,0.1681707858889645,4, , 
14,11,1,1,11,0, , , ,1,2,3,4,90, , ,1,1,1,2,6,0.4953897306975076,0.4584542340989928,4,0.12876869389653225,4, , 
14,12,1,1,11,95, , , ,1,1,2,5,4,90,90,3,1,1,2,6,0.4953897306975076,0.19909933341293962,4,-0.11912244357259757,4, , 
14,12,2,1,11,95, , , ,2, , , , , , ,3,1,1,2,6,0.4953897306975076,0.19909933341293962,4,-0.11912244357259757,4, , 
14,12,3,1,11,95, , , ,2, , , , , , ,3,1,1,2,6,0.4953897306975076,0.19909933341293962,4,-0.11912244357259757,4, , 
14,13,1,1,12,95, , , ,1,3,4,90, , , ,2,1,1,2,6,0.4953897306975076,1.0185580310153546,5,0.6641153056285611,5, , 
14,13,2,1,12,95, , , ,1,1,2,90, , , ,2,1,1,2,6,0.4953897306975076,1.0185580310153546,5,0.6641153056285611,5, , 
14,14,1,1,11,3, , , ,1,1,2,90, , , ,1,1,1,2,6,0.4953897306975076,0.8582141459644497,5,0.5108587913065025,4, , 
14,15,1,1,12,95, , , ,1,2,90, , , , ,2,1,1,2,6,0.4953897306975076,1.0374223190421246,5,0.6821457720054502,5, , 
14,15,2,1,12,95, , , ,1,1,90, , , , ,2,1,1,2,6,0.4953897306975076,1.0374223190421246,5,0.6821457720054502,5, , 
14,16,1,1,12,6, , , ,1,1,2,5,90, , ,3,1,1,3,6,0.4953897306975076,1.2385702839057084,5,0.8744027822941929,5, , 
14,16,2,1,12,6, , , ,1,3,90, , , , ,3,1,1,3,6,0.4953897306975076,1.2385702839057084,5,0.8744027822941929,5, , 
14,16,3,1,11,6, , , ,1,4,90, , , , ,3,1,1,3,6,0.4953897306975076,1.2385702839057084,5,0.8744027822941929,5, , 
14,17,1,1,13,95, , , ,1,1,90, , , , ,2,1,1,3,6,0.4953897306975076,2.2734497429856235,5,1.8635394655654849,5, , 
14,17,2,1,13,95, , , ,1,2,3,90, , , ,2,1,1,3,6,0.4953897306975076,2.2734497429856235,5,1.8635394655654849,5, , 
14,20,1,2,11,7, , , ,1,1,2,90, , , ,3,1,1,3,1,0.4953897306975076,2.357732332451803,5,1.944096674688383,5, , 
14,20,2,2,11,7, , , ,1,7,90, , , , ,3,1,1,3,1,0.4953897306975076,2.357732332451803,5,1.944096674688383,5, , 
14,20,3,2,11,7, , , ,2, , , , , , ,3,1,1,3,1,0.4953897306975076,2.357732332451803,5,1.944096674688383,5, , 
14,24,1,1,12,0, , , ,1,1,2,90, , , ,2,1,1,2,1,0.4953897306975076,0.28616803839290617,4,-0.035902268213063054,4, , 
14,24,2,1,12,0, , , ,2, , , , , , ,2,1,1,2,1,0.4953897306975076,0.28616803839290617,4,-0.035902268213063054,4, , 
14,25,1,1,13,0, , , ,1,1,90, , , , ,1,1,1,1,1,0.4953897306975076,0.13872890849148414,4,-0.1768244313263962,4, , 
14,26,1,2,13,95, , , ,1,1,90, , , , ,1,1,1,2,6,0.4953897306975076,0.3397961575047634,4,0.015355430838710207,4, , 
14,29,1,2,11,95, , , ,1,1,2,90, , , ,2,1,1,3,6,0.4953897306975076,0.7182725047104533,5,0.3771027198461742,4, , 
14,29,2,2,11,95, , , ,1,3,90, , , , ,2,1,1,3,6,0.4953897306975076,0.7182725047104533,5,0.3771027198461742,4, , 
14,30,1,1,11,95, , , ,1,1,90, , , , ,2,1,1,3,6,0.4953897306975076,-0.04436145392068347,4,-0.3518220044508284,4, , 
14,30,2,1,11,95, , , ,1,3,90, , , , ,2,1,1,3,6,0.4953897306975076,-0.04436145392068347,4,-0.3518220044508284,4, , 
15,2,1,1,11,95, , , ,1,1,90, , , , ,1,1,1,2,1,1.070681030862355,-0.22275581727456745,4,-0.5223311466837194,3, , 
15,4,1,1,11,95, , , ,1,1,90, , , , ,1,1,1,2,1,1.070681030862355,-0.3549855109114643,3,-0.6487161468365528,3, , 
15,5,1,2,11,24, , , ,1,1,90, , , , ,1,1,1,2,1,1.070681030862355,0.7470906639445289,5,0.40464708570702596,4, , 
15,6,1,2,28,24, ,1,4,1,1,2,90, , , ,2,1,1,2,1,1.070681030862355,0.07990247678914708,4,-0.2330506720080576,4, , 
15,6,2,2,28,24, ,1,4,1,6,90, , , , ,2,1,1,2,1,1.070681030862355,0.07990247678914708,4,-0.2330506720080576,4, , 
15,7,1,2,13,7, , , ,1,1,90, , , , ,1,1,1,3,1,1.070681030862355,0.9016557908578204,5,0.5523802691643018,5, , 
15,9,1,1,11,2, , , ,1,1,2,3,90, , ,1,1,1,2,1,1.070681030862355,-0.01733305232210358,4,-0.32598828702917526,4, , 
15,10,1,1,12,18, , , ,1,1,2,90, , , ,1,1,1,3,1,1.070681030862355,0.3131095558363745,4,-0.010151594574202045,4, , 
15,11,1,1,12,24, , , ,1,2,1,90, , , ,1,1,1,3,1,1.070681030862355,0.3121862529764322,4,-0.011034086463016048,4, , 
15,13,1,2,13,24, , , ,1,1,90, , , , ,4,1,1,3,1,1.070681030862355,-0.11790288375933755,4,-0.4221128246573752,3, , 
15,13,2,2,13,24, , , ,1,2,3,90, , , ,4,1,1,3,1,1.070681030862355,-0.11790288375933755,4,-0.4221128246573752,3, , 
15,13,3,2,13,24, , , ,1,4,90, , , , ,4,1,1,3,1,1.070681030862355,-0.11790288375933755,4,-0.4221128246573752,3, , 
15,13,4,2,13,24, , , ,2, , , , , , ,4,1,1,3,1,1.070681030862355,-0.11790288375933755,4,-0.4221128246573752,3, , 
15,14,1,2,12,24, , , ,1,1,2,90, , , ,3,1,1,3,1,1.070681030862355,2.388771545401021,5,1.973763921321375,5, , 
15,14,2,2,12,24, , , ,1,4,90, , , , ,3,1,1,3,1,1.070681030862355,2.388771545401021,5,1.973763921321375,5, , 
15,14,3,2,12,24, , , ,1,5,90, , , , ,3,1,1,3,1,1.070681030862355,2.388771545401021,5,1.973763921321375,5, , 
15,19,1,2,12,24, , , ,1,1,90, , , , ,1,1,1,3,1,1.070681030862355,0.3365204079016634,4,0.012224472861712283,4, , 
15,20,1,1,13,95, , , ,1,1,2,3,90, , ,1,1,1,3,1,1.070681030862355,0.43373668734373777,4,0.10514368906956136,4, , 
15,21,1,1,11,24, , , ,1,1,90, , , , ,1,1,1,3,1,1.070681030862355,0.6443139172298125,5,0.3064131808103225,4, , 
15,23,1,1,12,98, , , ,1,1,3,90, , , ,3,1,1,2,1,1.070681030862355,0.21274961156197364,4,-0.10607552227601451,4, , 
15,23,2,1,12,98, , , ,2, , , , , , ,3,1,1,2,1,1.070681030862355,0.21274961156197364,4,-0.10607552227601451,4, , 
15,23,3,1,12,98, , , ,2, , , , , , ,3,1,1,2,1,1.070681030862355,0.21274961156197364,4,-0.10607552227601451,4, , 
15,24,1,1,12,12, , , ,1,1,2,90, , , ,2,1,1,3,6,1.070681030862355,1.942171418943432,5,1.546903996760164,5, , 
15,24,2,1,13,12, , , ,1,3,90, , , , ,2,1,1,3,6,1.070681030862355,1.942171418943432,5,1.546903996760164,5, , 
15,29,1,1,21,12, ,2, ,2, , , , , , ,1,1,1,3,1,1.070681030862355,2.2198473864825425,5,1.8123063903877037,5, , 
15,30,1,1,11,1, , , ,1,1,90, , , , ,2,1,1,3,1,1.070681030862355,1.2026317720004416,5,0.8400527909441989,5, , 
15,30,2,1,12,4, , , ,1,2,90, , , , ,2,1,1,3,1,1.070681030862355,1.2026317720004416,5,0.8400527909441989,5, , 
16,2,1,2,98,16,8,2, ,1,1,2,6,90, , ,2,1,1,2,1,0.9747991475015473,1.0926133394122983,5,0.7348972904130606,5, , 
16,2,2,2,98,16,8,2, ,1,3,4,5,90, , ,2,1,1,2,1,0.9747991475015473,1.0926133394122983,5,0.7348972904130606,5, , 
16,3,1,2,12,98, , , ,2, , , , , , ,3,1,1,2,6,0.9747991475015473,1.834842594452721,5,1.4443192207800366,5, , 
16,3,2,2,12,98, , , ,1,3,90, , , , ,3,1,1,2,6,0.9747991475015473,1.834842594452721,5,1.4443192207800366,5, , 
16,3,3,2,12,98, , , ,1,2,90, , , , ,3,1,1,2,6,0.9747991475015473,1.834842594452721,5,1.4443192207800366,5, , 
16,4,1,2,13,98, , , ,1,1,90, , , , ,1,1,1,2,6,0.9747991475015473,1.1901427934301632,5,0.828115838546444,5, , 
16,5,1,1,18,98, , , ,1,2,90, , , , ,1,1,1,1,6,0.9747991475015473,1.4161912971701327,5,1.04417275733637,5, , 
16,8,1,1,11,3, , , ,1,1,90, , , , ,2,1,1,3,6,0.9747991475015473,1.2036181249305076,5,0.8409955460227932,5, , 
16,8,2,1,11,3, , , ,2, , , , , , ,2,1,1,3,6,0.9747991475015473,1.2036181249305076,5,0.8409955460227932,5, , 
16,13,1,1,11,3, , , ,1,1,2,3,90, , ,1,1,1,3,6,0.9747991475015473,0.9057534179229358,5,0.5562967767429471,5, , 
16,16,1,1,12,95, , , ,1,1,2,5,90, , ,2,1,1,3,1,0.9747991475015473,1.3112710589633285,5,0.9438901055576007,5, , 
16,16,2,1,12,95, , , ,1,3,4,6,90, , ,2,1,1,3,1,0.9747991475015473,1.3112710589633285,5,0.9438901055576007,5, , 
16,17,1,1,13,95, , , ,1,1,2,6,90, , ,2,1,1,3,6,0.9747991475015473,1.45638825681242,5,1.082592968491698,5, , 
16,17,2,1,13,95, , , ,1,4,5,90, , , ,2,1,1,3,6,0.9747991475015473,1.45638825681242,5,1.082592968491698,5, , 
16,18,1,2,12,95, , , ,2, , , , , , ,1,1,1,3,6,0.9747991475015473,1.2721380659290047,5,0.9064868325514249,5, , 
16,19,1,2,13,3, , , ,1,1,2,4,90, , ,3,1,1,3,6,0.9747991475015473,0.9160094863781265,5,0.5660995160341395,5, , 
16,19,2,2,13,3, , , ,1,3,90, , , , ,3,1,1,3,6,0.9747991475015473,0.9160094863781265,5,0.5660995160341395,5, , 
16,19,3,2,13,3, , , ,2, , , , , , ,3,1,1,3,6,0.9747991475015473,0.9160094863781265,5,0.5660995160341395,5, , 
16,20,1,1,12,24, , , ,1,1,4,90, , , ,2,1,1,3,1,0.9747991475015473,0.36684834667584165,4,0.041211884396787475,4, , 
16,20,2,1,12,24, , , ,1,2,3,90, , , ,2,1,1,3,1,0.9747991475015473,0.36684834667584165,4,0.041211884396787475,4, , 
16,21,1,2,12,24, , , ,1,1,90, , , , ,1,1,1,3,1,0.9747991475015473,0.5526341615077991,4,0.21878576806930702,4, , 
16,22,1,1,12,95, , , ,1,1,90, , , , ,2,1,1,2,1,0.9747991475015473,-0.5420635633459396,3,-0.8275251498313646,2, , 
16,22,2,1,12,95, , , ,1,2,90, , , , ,2,1,1,2,1,0.9747991475015473,-0.5420635633459396,3,-0.8275251498313646,2, , 
16,23,1,2,12,4, , , ,1,1,2,3,90, , ,1,1,1,2,1,0.9747991475015473,0.1390464217683979,4,-0.17652095247495556,4, , 
16,24,1,1,12,3, , , ,1,1,4,2,90, , ,2,1,1,2,6,0.9747991475015473,-0.3086209689151915,3,-0.6044009670451213,3, , 
16,24,2,1,12,3, , , ,1,3,90, , , , ,2,1,1,2,6,0.9747991475015473,-0.3086209689151915,3,-0.6044009670451213,3, , 
16,25,1,1,12,0, , , ,1,1,90, , , , ,2,1,1,2,1,0.9747991475015473,0.7815527395203898,5,0.4375859007880192,4, , 
16,25,2,1,13,0, , , ,2, , , , , , ,2,1,1,2,1,0.9747991475015473,0.7815527395203898,5,0.4375859007880192,4, , 
16,26,1,1,21,95, ,1,2,1,1,2,90, , , ,4,1,1,2,1,0.9747991475015473,1.0011977885492973,5,0.6475224043945099,5, , 
16,26,2,1,21,95, ,1,2,1,6,7,8,90, , ,4,1,1,2,1,0.9747991475015473,1.0011977885492973,5,0.6475224043945099,5, , 
16,26,3,1,21,95, ,1,2,1,3,4,5,90, , ,4,1,1,2,1,0.9747991475015473,1.0011977885492973,5,0.6475224043945099,5, , 
16,26,4,1,21,95, ,1,98,2, , , , , , ,4,1,1,2,1,0.9747991475015473,1.0011977885492973,5,0.6475224043945099,5, , 
16,29,1,1,12,12, , , ,2, , , , , , ,1,1,1,3,6,0.9747991475015473,1.8453586856823359,5,1.454370489561705,5, , 
16,30,1,1,11,95, , , ,1,1,2,3,90, , ,2,1,1,2,6,0.9747991475015473,1.9240927004933928,5,1.5296243769468905,5, , 
16,30,2,1,11,0, , , ,2, , , , , , ,2,1,1,2,6,0.9747991475015473,1.9240927004933928,5,1.5296243769468905,5, , 
17,1,1,1,13,95, , , ,1,1,90, , , , ,2,1,1,3,1,2.8365057160905676,-0.5358925940129378,3,-0.8216269439243296,2, , 
17,1,2,1,13,95, , , ,1,5,6,90, , , ,2,1,1,3,1,2.8365057160905676,-0.5358925940129378,3,-0.8216269439243296,2, , 
17,2,1,1,13,12, , , ,1,1,5,90, , , ,4,1,1,2,1,2.8365057160905676,-0.9329735138640309,1,-1.2011564636241634,1, , 
17,2,2,1,13,12, , , ,1,2,90, , , , ,4,1,1,2,1,2.8365057160905676,-0.9329735138640309,1,-1.2011564636241634,1, , 
17,2,3,1,13,12, , , ,1,3,4,90, , , ,4,1,1,2,1,2.8365057160905676,-0.9329735138640309,1,-1.2011564636241634,1, , 
17,2,4,1,13,12, , , ,2, , , , , , ,4,1,1,2,1,2.8365057160905676,-0.9329735138640309,1,-1.2011564636241634,1, , 
17,3,1,1,99,99,9,9, ,1,1,2,3,90, , ,1,1,1,3,1,2.8365057160905676,-0.3170550117716639,3,-0.6124622162122814,3, , 
17,4,1,1,12,98, , , ,1,1,2,11,90, , ,3,1,1,3,1,2.8365057160905676,-0.23120357772407923,4,-0.5304055071116764,3, , 
17,4,2,1,12,98, , , ,8, , , , , , ,3,1,1,3,1,2.8365057160905676,-0.23120357772407923,4,-0.5304055071116764,3, , 
17,4,3,2,12,98, , , ,8, , , , , , ,3,1,1,3,1,2.8365057160905676,-0.23120357772407923,4,-0.5304055071116764,3, , 
17,6,1,1,12,95, , , ,1,1,2,90, , , ,5,1,1,3,1,2.8365057160905676,-0.7192231948530463,2,-0.9968541366819693,2, , 
17,6,2,1,12,95, , , ,8, , , , , , ,5,1,1,3,1,2.8365057160905676,-0.7192231948530463,2,-0.9968541366819693,2, , 
17,6,3,2,12,95, , , ,8, , , , , , ,5,1,1,3,1,2.8365057160905676,-0.7192231948530463,2,-0.9968541366819693,2, , 
17,6,4,2,12,95, , , ,8, , , , , , ,5,1,1,3,1,2.8365057160905676,-0.7192231948530463,2,-0.9968541366819693,2, , 
17,6,5,2,12,95, , , ,8, , , , , , ,5,1,1,3,1,2.8365057160905676,-0.7192231948530463,2,-0.9968541366819693,2, , 
17,7,1,2,21,95, ,1,95,1,1,2,8,90, , ,3,1,1,2,1,2.8365057160905676,-0.17279758166003933,4,-0.4745811183646974,3, , 
17,7,2,2,21,95, ,1,95,1,3,4,90, , , ,3,1,1,2,1,2.8365057160905676,-0.17279758166003933,4,-0.4745811183646974,3, , 
17,7,3,2,21,95, ,1,95,1,5,6,7,90, , ,3,1,1,2,1,2.8365057160905676,-0.17279758166003933,4,-0.4745811183646974,3, , 
17,8,1,2,21,95, ,1,95,1,1,2,90, , , ,1,1,1,2,1,2.8365057160905676,-0.5090752480518632,3,-0.7959949532559095,3, , 
17,9,1,2,36,0,1,2, ,1,1,4,90, , , ,2,1,1,1,1,2.8365057160905676,-0.3434881846163425,3,-0.6377270146257777,3, , 
17,9,2,2,36,0,1,2, ,1,2,3,5,90, , ,2,1,1,1,1,2.8365057160905676,-0.3434881846163425,3,-0.6377270146257777,3, , 
17,10,1,1,99,12,9,9, ,1,1,90, , , , ,3,1,1,2,1,2.8365057160905676,0.03418618638530213,4,-0.2767462536188184,4, , 
17,10,2,1,99,12,9,9, ,1,2,90, , , , ,3,1,1,2,1,2.8365057160905676,0.03418618638530213,4,-0.2767462536188184,4, , 
17,10,3,1,99,12,9,9, ,1,3,90, , , , ,3,1,1,2,1,2.8365057160905676,0.03418618638530213,4,-0.2767462536188184,4, , 
17,11,1,1,12,98, , , ,1,1,2,6,90, , ,2,1,1,2,1,2.8365057160905676,-0.8354145921803922,1,-1.1079097503272612,1, , 
17,11,2,1,11,98, , , ,1,3,4,5,90, , ,2,1,1,2,1,2.8365057160905676,-0.8354145921803922,1,-1.1079097503272612,1, , 
17,12,1,1,12,12, , , ,1,1,90, , , , ,1,1,1,2,1,2.8365057160905676,-0.8770137777144607,1,-1.147670207494455,1, , 
17,14,1,1,13,95, , , ,1,1,90, , , , ,1,1,1,2,1,2.8365057160905676,-0.7369787468518045,2,-1.0138248743457714,2, , 
17,15,1,1,12,6, , , ,1,1,2,90, , , ,2,1,1,3,1,2.8365057160905676,-0.5334339572074667,3,-0.81927698148784,2, , 
17,15,2,1,12,6, , , ,1,4,3,90, , , ,2,1,1,3,1,2.8365057160905676,-0.5334339572074667,3,-0.81927698148784,2, , 
17,16,1,2,11,95, , , ,1,1,90, , , , ,1,1,1,3,1,2.8365057160905676,-0.29627474208003485,3,-0.5926004566035483,3, , 
17,17,1,1,12,9, , , ,1,1,2,6,90, , ,3,1,1,3,1,2.8365057160905676,-0.8356429042948923,1,-1.1081279708028016,1, , 
17,17,2,1,12,11, , , ,1,3,90, , , , ,3,1,1,3,1,2.8365057160905676,-0.8356429042948923,1,-1.1081279708028016,1, , 
17,17,3,1,12,95, , , ,1,4,5,90, , , ,3,1,1,3,1,2.8365057160905676,-0.8356429042948923,1,-1.1081279708028016,1, , 
17,18,1,1,11,95, , , ,1,1,2,90, , , ,3,1,1,2,1,2.8365057160905676,-0.05615545807042133,4,-0.36309470103863334,3, , 
17,18,2,1,11,95, , , ,1,8,9,90, , , ,3,1,1,2,1,2.8365057160905676,-0.05615545807042133,4,-0.36309470103863334,3, , 
17,18,3,1,11,95, , , ,2, , , , , , ,3,1,1,2,1,2.8365057160905676,-0.05615545807042133,4,-0.36309470103863334,3, , 
17,19,1,1,13,6, , , ,1,1,90, , , , ,2,1,1,2,1,2.8365057160905676,-0.559805553793445,3,-0.8444829253789429,2, , 
17,19,2,1,13,6, , , ,1,2,90, , , , ,2,1,1,2,1,2.8365057160905676,-0.559805553793445,3,-0.8444829253789429,2, , 
17,20,1,1,13,6, , , ,1,1,90, , , , ,3,1,1,3,1,2.8365057160905676,0.7484299215418264,5,0.4059271466901808,4, , 
17,20,2,1,12,6, , , ,1,2,90, , , , ,3,1,1,3,1,2.8365057160905676,0.7484299215418264,5,0.4059271466901808,4, , 
17,20,3,1,12,6, , , ,1,3,90, , , , ,3,1,1,3,1,2.8365057160905676,0.7484299215418264,5,0.4059271466901808,4, , 
17,21,1,1,12,95, , , ,1,1,2,90, , , ,3,1,1,2,1,2.8365057160905676,-0.5240038414576313,3,-0.810263686911533,3, , 
17,21,2,1,12,95, , , ,1,3,4,90, , , ,3,1,1,2,1,2.8365057160905676,-0.5240038414576313,3,-0.810263686911533,3, , 
17,21,3,1,12,95, , , ,1,5,7,90, , , ,3,1,1,2,1,2.8365057160905676,-0.5240038414576313,3,-0.810263686911533,3, , 
17,23,1,1,12,12, , , ,1,2,5,90, , , ,3,1,1,2,1,2.8365057160905676,-0.783410952655899,2,-1.058204727132554,2, , 
17,23,2,1,12,12, , , ,1,4,3,90, , , ,3,1,1,2,1,2.8365057160905676,-0.783410952655899,2,-1.058204727132554,2, , 
17,23,3,2,12,12, , , ,2, , , , , , ,3,1,1,2,1,2.8365057160905676,-0.783410952655899,2,-1.058204727132554,2, , 
17,24,1,1,12,12, , , ,1,1,2,6,90, , ,6,1,1,3,1,2.8365057160905676,-0.3040216312518184,3,-0.6000049250117444,3, , 
17,24,2,1,12,12, , , ,1,3,4,90, , , ,6,1,1,3,1,2.8365057160905676,-0.3040216312518184,3,-0.6000049250117444,3, , 
17,24,3,1,12,12, , , ,1,5,90, , , , ,6,1,1,3,1,2.8365057160905676,-0.3040216312518184,3,-0.6000049250117444,3, , 
17,24,4,2,12,12, , , ,2, , , , , , ,6,1,1,3,1,2.8365057160905676,-0.3040216312518184,3,-0.6000049250117444,3, , 
17,24,5,2,12,12, , , ,2, , , , , , ,6,1,1,3,1,2.8365057160905676,-0.3040216312518184,3,-0.6000049250117444,3, , 
17,24,6,2,12,12, , , ,2, , , , , , ,6,1,1,3,1,2.8365057160905676,-0.3040216312518184,3,-0.6000049250117444,3, , 
17,26,1,1,13,24, , , ,1,1,2,6,90, , ,3,1,1,3,1,2.8365057160905676,-0.5447171718016608,3,-0.8300614659632225,2, , 
17,26,2,1,13,95, , , ,2, , , , , , ,3,1,1,3,1,2.8365057160905676,-0.5447171718016608,3,-0.8300614659632225,2, , 
17,26,3,1,13,12, , , ,1,3,4,5,90, , ,3,1,1,3,1,2.8365057160905676,-0.5447171718016608,3,-0.8300614659632225,2, , 
17,27,1,1,13,24, , , ,1,1,2,90, , , ,3,1,1,3,1,2.8365057160905676,-0.39770242248595905,3,-0.6895449253611113,3, , 
17,27,2,1,13,24, , , ,1,3,4,8,90, , ,3,1,1,3,1,2.8365057160905676,-0.39770242248595905,3,-0.6895449253611113,3, , 
17,27,3,1,13,24, , , ,1,5,7,90, , , ,3,1,1,3,1,2.8365057160905676,-0.39770242248595905,3,-0.6895449253611113,3, , 
17,28,1,1,12,0, , , ,2, , , , , , ,4,1,1,3,1,2.8365057160905676,0.1304964220162947,4,-0.1846930331192895,4, , 
17,28,2,1,12,0, , , ,2, , , , , , ,4,1,1,3,1,2.8365057160905676,0.1304964220162947,4,-0.1846930331192895,4, , 
17,28,3,1,12,0, , , ,2, , , , , , ,4,1,1,3,1,2.8365057160905676,0.1304964220162947,4,-0.1846930331192895,4, , 
17,28,4,9,21,0, ,2, ,2, , , , , , ,4,1,1,3,1,2.8365057160905676,0.1304964220162947,4,-0.1846930331192895,4, , 
17,30,1,2,21,95, ,2, ,1,1,2,90, , , ,2,1,1,2,1,2.8365057160905676,-0.8986457513130905,1,-1.168346024789142,1, , 
17,30,2,2,21,95, ,2, ,1,6,7,90, , , ,2,1,1,2,1,2.8365057160905676,-0.8986457513130905,1,-1.168346024789142,1, , 
18,2,1,1,13,95, , , ,1,1,2,90, , , ,3,1,1,3,1,1.9655786088965623,-0.7952570847506029,2,-1.0695272475545623,2, , 
18,2,2,1,13,95, , , ,2, , , , , , ,3,1,1,3,1,1.9655786088965623,-0.7952570847506029,2,-1.0695272475545623,2, , 
18,2,3,1,13,95, , , ,2, , , , , , ,3,1,1,3,1,1.9655786088965623,-0.7952570847506029,2,-1.0695272475545623,2, , 
18,4,1,2,11,12, , , ,1,1,90, , , , ,1,1,1,2,1,1.9655786088965623,-0.5612881034317643,3,-0.845899944742083,2, , 
18,5,1,1,13,12, , , ,1,1,2,90, , , ,3,1,1,3,1,1.9655786088965623,0.07624654336149084,4,-0.2365450092790936,4, , 
18,5,2,1,13,12, , , ,1,5,4,7,90, , ,3,1,1,3,1,1.9655786088965623,0.07624654336149084,4,-0.2365450092790936,4, , 
18,5,3,1,13,12, , , ,1,3,6,90, , , ,3,1,1,3,1,1.9655786088965623,0.07624654336149084,4,-0.2365450092790936,4, , 
18,7,1,1,12,12, , , ,1,1,90, , , , ,1,1,1,1,1,1.9655786088965623,-1.1329159796765622,1,-1.3922612592055963,1, , 
18,8,1,1,12,12, , , ,1,1,2,90, , , ,3,1,1,2,1,1.9655786088965623,-0.598268852269531,2,-0.881246105040596,2, , 
18,8,2,1,12,12, , , ,1,5,6,90, , , ,3,1,1,2,1,1.9655786088965623,-0.598268852269531,2,-0.881246105040596,2, , 
18,8,3,2,12,12, , , ,1,3,4,90, , , ,3,1,1,2,1,1.9655786088965623,-0.598268852269531,2,-0.881246105040596,2, , 
18,12,1,1,12,95, , , ,1,1,90, , , , ,2,1,1,1,1,1.9655786088965623,0.40182588055630075,4,0.07464337397557028,4, , 
18,12,2,1,12,95, , , ,1,2,3,4,5,90,90,2,1,1,1,1,1.9655786088965623,0.40182588055630075,4,0.07464337397557028,4, , 
18,13,1,2,12,12, , , ,1,1,2,90, , , ,1,1,1,2,1,1.9655786088965623,0.7422676417370655,5,0.400037246224971,4, , 
18,14,1,2,98,95,2,2, ,2, , , , , , ,1,1,1,2,1,1.9655786088965623,-0.13255946245037037,4,-0.43612156693876336,3, , 
18,15,1,1,11,31, , , ,1,1,2,6,90, , ,3,1,1,3,1,1.9655786088965623,1.307761470180017,5,0.9405356443415502,5, , 
18,15,2,1,11,31, , , ,1,3,5,90, , , ,3,1,1,3,1,1.9655786088965623,1.307761470180017,5,0.9405356443415502,5, , 
18,15,3,1,11,31, , , ,1,4,90, , , , ,3,1,1,3,1,1.9655786088965623,1.307761470180017,5,0.9405356443415502,5, , 
18,17,1,1,13,95, , , ,2, , , , , , ,1,1,1,2,1,1.9655786088965623,-0.2961417343946033,3,-0.5924733279996679,3, , 
18,19,1,1,12,95, , , ,1,1,90, , , , ,3,1,1,2,1,1.9655786088965623,0.3198289332247828,4,-0.003729220832696531,4, , 
18,19,2,1,12,95, , , ,1,2,4,7,90, , ,3,1,1,2,1,1.9655786088965623,0.3198289332247828,4,-0.003729220832696531,4, , 
18,19,3,1,12,95, , , ,1,6,90, , , , ,3,1,1,2,1,1.9655786088965623,0.3198289332247828,4,-0.003729220832696531,4, , 
18,22,1,2,98,95,1,2, ,1,1,2,90, , , ,3,1,1,3,1,1.9655786088965623,-0.340552432235028,3,-0.6349210256307493,3, , 
18,22,2,2,98,95,1,2, ,1,6,5,7,90, , ,3,1,1,3,1,1.9655786088965623,-0.340552432235028,3,-0.6349210256307493,3, , 
18,22,3,2,98,95,1,2, ,1,3,4,90, , , ,3,1,1,3,1,1.9655786088965623,-0.340552432235028,3,-0.6349210256307493,3, , 
18,23,1,1,98,95,1,2, ,1,1,2,90, , , ,1,1,1,2,1,1.9655786088965623,-0.2943121689647294,3,-0.5907246313130584,3, , 
18,24,1,2,98,0,1,2, ,1,1,90, , , , ,3,1,1,2,1,1.9655786088965623,-0.20270747636111225,4,-0.5031689638205499,3, , 
18,24,2,2,98,0,1,2, ,1,2,90, , , , ,3,1,1,2,1,1.9655786088965623,-0.20270747636111225,4,-0.5031689638205499,3, , 
18,24,3,2,98,0,1,2, ,1,3,4,90, , , ,3,1,1,2,1,1.9655786088965623,-0.20270747636111225,4,-0.5031689638205499,3, , 
18,25,1,1,13,24, , , ,1,1,2,90, , , ,1,1,1,1,1,1.9655786088965623,-1.0014610982128396,1,-1.2666168237015318,1, , 
18,26,1,1,13,95, , , ,1,1,90, , , , ,2,1,1,2,1,1.9655786088965623,-0.5043242319054231,3,-0.7914539370901849,3, , 
18,26,2,1,12,95, , , ,1,2,90, , , , ,2,1,1,2,1,1.9655786088965623,-0.5043242319054231,3,-0.7914539370901849,3, , 
18,27,1,1,12,28, , , ,1,1,90, , , , ,3,1,1,1,1,1.9655786088965623,-0.44626443648082254,3,-0.7359604465451529,3, , 
18,27,2,1,12,28, , , ,2, , , , , , ,3,1,1,1,1,1.9655786088965623,-0.44626443648082254,3,-0.7359604465451529,3, , 
18,27,3,1,12,28, , , ,2, , , , , , ,3,1,1,1,1,1.9655786088965623,-0.44626443648082254,3,-0.7359604465451529,3, , 
18,28,1,1,12,12, , , ,1,1,2,90, , , ,3,1,1,1,1,1.9655786088965623,-0.8382717787021605,1,-1.1106406461575273,1, , 
18,28,2,1,12,12, , , ,2, , , , , , ,3,1,1,1,1,1.9655786088965623,-0.8382717787021605,1,-1.1106406461575273,1, , 
18,28,3,1,12,12, , , ,2, , , , , , ,3,1,1,1,1,1.9655786088965623,-0.8382717787021605,1,-1.1106406461575273,1, , 
18,29,1,1,12,24, , , ,2, , , , , , ,3,1,1,2,1,1.9655786088965623,-0.7291170788478425,2,-1.0063107004521927,2, , 
18,29,2,1,12,24, , , ,8, , , , , , ,3,1,1,2,1,1.9655786088965623,-0.7291170788478425,2,-1.0063107004521927,2, , 
18,29,3,1,12,24, , , ,2, , , , , , ,3,1,1,2,1,1.9655786088965623,-0.7291170788478425,2,-1.0063107004521927,2, , 
19,2,1,1,11,95, , , ,1,1,2,7,90, , ,2,1,1,3,1,0.6072519279517835,0.3955140877474326,4,0.068610569140493,4, , 
19,2,2,1,11,95, , , ,1,3,4,6,90, , ,2,1,1,3,1,0.6072519279517835,0.3955140877474326,4,0.068610569140493,4, , 
19,5,1,1,11,24, , , ,1,3,8,90, , , ,1,1,1,2,1,0.6072519279517835,-0.1341127155612682,4,-0.4376061646055875,3, , 
19,6,1,2,18,12, , , ,1,1,90, , , , ,3,1,1,2,6,0.6072519279517835,1.1719069034280394,5,0.810685994331314,5, , 
19,6,2,2,18,12, , , ,1,2,90, , , , ,3,1,1,2,6,0.6072519279517835,1.1719069034280394,5,0.810685994331314,5, , 
19,6,3,2,18,12, , , ,1,3,90, , , , ,3,1,1,2,6,0.6072519279517835,1.1719069034280394,5,0.810685994331314,5, , 
19,7,1,1,12,17, , , ,1,2,3,90, , , ,2,1,1,2,1,0.6072519279517835,0.7625447763162717,5,0.41941810982985284,4, , 
19,7,2,1,12,17, , , ,1,1,90, , , , ,2,1,1,2,1,0.6072519279517835,0.7625447763162717,5,0.41941810982985284,4, , 
19,11,1,1,12,98, , , ,1,1,2,90, , , ,1,1,1,3,1,0.6072519279517835,0.835211196285151,5,0.4888725965360824,4, , 
19,12,1,1,12,17, , , ,1,1,2,3,90, , ,1,1,1,3,1,0.6072519279517835,1.7225733352449502,5,1.3370123825664049,5, , 
19,13,1,1,11,21, , , ,1,1,2,3,4,90,90,2,1,1,2,1,0.6072519279517835,-0.6902484004076115,2,-0.9691600590531547,2, , 
19,13,2,1,11,3, , , ,2, , , , , , ,2,1,1,2,1,0.6072519279517835,-0.6902484004076115,2,-0.9691600590531547,2, , 
19,14,1,1,11,3, , , ,1,2,5,90, , , ,1,1,1,3,1,0.6072519279517835,-0.6984976352105219,2,-0.9770446688798213,2, , 
19,15,1,2,11,6, , , ,1,1,2,3,90, , ,1,1,1,3,1,0.6072519279517835,-0.48659581853421124,3,-0.7745091384976478,3, , 
19,17,1,2,11,12, , , ,1,1,2,90, , , ,3,1,1,3,1,0.6072519279517835,1.3645488079205368,5,0.9948129211892365,5, , 
19,17,2,2,11,12, , , ,1,3,5,90, , , ,3,1,1,3,1,0.6072519279517835,1.3645488079205368,5,0.9948129211892365,5, , 
19,17,3,2,11,12, , , ,1,4,90, , , , ,3,1,1,3,1,0.6072519279517835,1.3645488079205368,5,0.9948129211892365,5, , 
19,19,1,1,12,3, , , ,1,4,6,90, , , ,2,1,1,2,6,0.6072519279517835,0.2163420012469661,4,-0.10264192004644601,4, , 
19,19,2,1,12,95, , , ,1,1,2,90, , , ,2,1,1,2,6,0.6072519279517835,0.2163420012469661,4,-0.10264192004644601,4, , 
19,20,1,2,11,8, , , ,1,1,2,3,90, , ,1,1,1,3,6,0.6072519279517835,-0.2388020844319549,3,-0.5376681517191219,3, , 
19,21,1,1,13,24, , , ,1,1,2,90, , , ,3,1,1,3,1,0.6072519279517835,1.304842876256213,5,0.9377460553819106,5, , 
19,21,2,1,12,24, , , ,1,4,6,90, , , ,3,1,1,3,1,0.6072519279517835,1.304842876256213,5,0.9377460553819106,5, , 
19,21,3,1,12,24, , , ,1,7,90, , , , ,3,1,1,3,1,0.6072519279517835,1.304842876256213,5,0.9377460553819106,5, , 
19,23,1,1,11,12, , , ,1,2,90, , , , ,4,1,1,2,1,0.6072519279517835,0.8017941917267968,5,0.4569326592190353,4, , 
19,23,2,1,11,12, , , ,1,3,5,90, , , ,4,1,1,2,1,0.6072519279517835,0.8017941917267968,5,0.4569326592190353,4, , 
19,23,3,1,11,12, , , ,1,4,90, , , , ,4,1,1,2,1,0.6072519279517835,0.8017941917267968,5,0.4569326592190353,4, , 
19,23,4,1,11,12, , , ,1,1,90, , , , ,4,1,1,2,1,0.6072519279517835,0.8017941917267968,5,0.4569326592190353,4, , 
19,24,1,1,11,24, , , ,1,1,2,90, , , ,2,1,1,3,1,0.6072519279517835,0.0018534146546829722,4,-0.30764988235546986,4, , 
19,24,2,1,11,18, , , ,1,6,90, , , , ,2,1,1,3,1,0.6072519279517835,0.0018534146546829722,4,-0.30764988235546986,4, , 
19,25,1,1,12,1, , , ,1,1,2,3,4,5,90,4,1,1,2,1,0.6072519279517835,-0.1528914838708656,4,-0.45555489132801136,3, , 
19,25,2,1,12,1, , , ,1,6,90, , , , ,4,1,1,2,1,0.6072519279517835,-0.1528914838708656,4,-0.45555489132801136,3, , 
19,25,3,1,12,1, , , ,2, , , , , , ,4,1,1,2,1,0.6072519279517835,-0.1528914838708656,4,-0.45555489132801136,3, , 
19,25,4,1,12,1, , , ,2, , , , , , ,4,1,1,2,1,0.6072519279517835,-0.1528914838708656,4,-0.45555489132801136,3, , 
19,26,1,1,12,24, , , ,1,1,2,5,90, , ,2,1,1,2,1,0.6072519279517835,-0.6237867815674429,2,-0.9056361146482163,2, , 
19,26,2,1,12,24, , , ,1,3,4,90, , , ,2,1,1,2,1,0.6072519279517835,-0.6237867815674429,2,-0.9056361146482163,2, , 
19,28,1,1,12,98, , , ,1,1,2,90, , , ,1,1,1,2,1,0.6072519279517835,-0.8514566939166381,1,-1.1232427740575792,1, , 
19,30,1,2,13,3, , , ,1,1,90, , , , ,1,1,1,2,1,0.6072519279517835,-0.3504131267448168,3,-0.6443458669265999,3, , 
20,1,1,2,12,95, , , ,1,1,2,90, , , ,2,1,1,3,1,1.0387204030754191,-0.5630699284696901,3,-0.8476030112129844,2, , 
20,1,2,2,12,95, , , ,1,4,5,6,90, , ,2,1,1,3,1,1.0387204030754191,-0.5630699284696901,3,-0.8476030112129844,2, , 
20,3,1,1,12,95, , , ,1,1,90, , , , ,2,1,1,1,1,1.0387204030754191,-0.7055000254483026,2,-0.9837375460009188,2, , 
20,3,2,1,12,95, , , ,1,2,90, , , , ,2,1,1,1,1,1.0387204030754191,-0.7055000254483026,2,-0.9837375460009188,2, , 
20,5,1,1,12,95, , , ,1,4,6,5,90, , ,1,1,1,2,1,1.0387204030754191,-0.8479538072498725,1,-1.1198947187173753,1, , 
20,6,1,2,12,95, , , ,1,1,2,6,90, , ,1,1,1,2,1,1.0387204030754191,-0.7737494189697085,2,-1.0489702435394903,2, , 
20,7,1,1,12,95, , , ,1,1,2,5,90, , ,2,1,1,3,1,1.0387204030754191,-0.8803938741157913,1,-1.150900900029914,1, , 
20,7,2,1,12,95, , , ,1,3,4,90, , , ,2,1,1,3,1,1.0387204030754191,-0.8803938741157913,1,-1.150900900029914,1, , 
20,8,1,1,12,12, , , ,1,1,90, , , , ,3,1,1,1,1,1.0387204030754191,-0.5895080611817374,3,-0.8728725502624219,2, , 
20,8,2,1,12,4, , , ,1,2,5,6,90, , ,3,1,1,1,1,1.0387204030754191,-0.5895080611817374,3,-0.8728725502624219,2, , 
20,8,3,1,13,95, , , ,1,3,4,90, , , ,3,1,1,1,1,1.0387204030754191,-0.5895080611817374,3,-0.8728725502624219,2, , 
20,9,1,1,12,95, , , ,1,1,2,90, , , ,2,1,1,2,1,1.0387204030754191,-1.2437740388168108,1,-1.4982192738997604,1, , 
20,9,2,1,12,95, , , ,2, , , , , , ,2,1,1,2,1,1.0387204030754191,-1.2437740388168108,1,-1.4982192738997604,1, , 
20,10,1,1,11,95, , , ,1,1,2,90, , , ,3,1,1,3,1,1.0387204030754191,-1.1245318547168421,1,-1.3842477215109137,1, , 
20,10,2,1,11,95, , , ,1,3,90, , , , ,3,1,1,3,1,1.0387204030754191,-1.1245318547168421,1,-1.3842477215109137,1, , 
20,10,3,1,11,95, , , ,1,4,5,90, , , ,3,1,1,3,1,1.0387204030754191,-1.1245318547168421,1,-1.3842477215109137,1, , 
20,13,1,1,12,95, , , ,1,1,90, , , , ,2,1,1,2,1,1.0387204030754191,-0.7951557827093056,2,-1.0694304231715308,2, , 
20,13,2,1,12,95, , , ,1,2,90, , , , ,2,1,1,2,1,1.0387204030754191,-0.7951557827093056,2,-1.0694304231715308,2, , 
20,14,1,1,11,24, , , ,1,1,4,90, , , ,3,1,1,3,1,1.0387204030754191,-1.0132090708704904,1,-1.2778455234382933,1, , 
20,14,2,1,11,24, , , ,1,2,3,90, , , ,3,1,1,3,1,1.0387204030754191,-1.0132090708704904,1,-1.2778455234382933,1, , 
20,14,3,1,11,24, , , ,2, , , , , , ,3,1,1,3,1,1.0387204030754191,-1.0132090708704904,1,-1.2778455234382933,1, , 
20,16,1,1,11,7, , , ,1,1,2,6,90, , ,2,1,1,2,1,1.0387204030754191,-1.0302359726271177,1,-1.294119817977785,1, , 
20,16,2,1,13,5, , , ,1,3,4,5,90, , ,2,1,1,2,1,1.0387204030754191,-1.0302359726271177,1,-1.294119817977785,1, , 
20,17,1,2,11,7, , , ,1,2,1,90, , , ,3,1,1,3,1,1.0387204030754191,-0.7289127879685067,2,-1.0061154394476035,2, , 
20,17,2,2,11,7, , , ,1,3,90, , , , ,3,1,1,3,1,1.0387204030754191,-0.7289127879685067,2,-1.0061154394476035,2, , 
20,17,3,2,11,7, , , ,1,4,5,90, , , ,3,1,1,3,1,1.0387204030754191,-0.7289127879685067,2,-1.0061154394476035,2, , 
20,18,1,1,11,7, , , ,1,1,2,90, , , ,2,1,1,2,1,1.0387204030754191,-0.8491034488051394,1,-1.1209935448897863,1, , 
20,18,2,1,11,7, , , ,1,3,4,5,90, , ,2,1,1,2,1,1.0387204030754191,-0.8491034488051394,1,-1.1209935448897863,1, , 
20,19,1,1,11,95, , , ,1,1,90, , , , ,2,1,1,2,1,1.0387204030754191,-1.0776162220461893,1,-1.3394058098406578,1, , 
20,19,2,1,11,95, , , ,1,2,8,90, , , ,2,1,1,2,1,1.0387204030754191,-1.0776162220461893,1,-1.3394058098406578,1, , 
20,20,1,1,11,95, , , ,1,1,2,90, , , ,2,1,1,2,1,1.0387204030754191,-0.7401647523208483,2,-1.0168700549751521,2, , 
20,20,2,1,11,95, , , ,1,3,5,90, , , ,2,1,1,2,1,1.0387204030754191,-0.7401647523208483,2,-1.0168700549751521,2, , 
20,21,1,1,11,6, , , ,1,1,2,4,90, , ,2,1,1,3,1,1.0387204030754191,-1.0803948209627643,1,-1.3420615917216951,1, , 
20,21,2,1,11,6, , , ,2, , , , , , ,2,1,1,3,1,1.0387204030754191,-1.0803948209627643,1,-1.3420615917216951,1, , 
20,24,1,2,11,0, , , ,1,1,4,90, , , ,1,1,1,3,1,1.0387204030754191,0.762641421971613,5,0.4195104836441537,4, , 
20,25,1,1,11,0, , , ,2, , , , , , ,2,1,1,2,1,1.0387204030754191,-1.1126927563601108,1,-1.372931923928158,1, , 
20,25,2,1,11,0, , , ,2, , , , , , ,2,1,1,2,1,1.0387204030754191,-1.1126927563601108,1,-1.372931923928158,1, , 
20,26,1,1,13,95, , , ,1,1,90, , , , ,2,1,1,2,1,1.0387204030754191,-0.8534771530811447,1,-1.125173926772159,1, , 
20,26,2,1,13,95, , , ,1,2,90, , , , ,2,1,1,2,1,1.0387204030754191,-0.8534771530811447,1,-1.125173926772159,1, , 
20,30,1,1,11,95, , , ,1,1,2,90, , , ,3,1,1,3,1,1.0387204030754191,-0.035815485630679544,4,-0.34365377707366934,4, , 
20,30,2,1,11,95, , , ,2, , , , , , ,3,1,1,3,1,1.0387204030754191,-0.035815485630679544,4,-0.34365377707366934,4, , 
20,30,3,1,11,95, , , ,2, , , , , , ,3,1,1,3,1,1.0387204030754191,-0.035815485630679544,4,-0.34365377707366934,4, , 
21,2,1,1,12,12, , , ,1,1,90, , , , ,2,1,1,3,1,1.158572757276429,1.3028678939596239,5,0.9358583694091843,5, , 
21,2,2,1,12,3, , , ,1,2,90, , , , ,2,1,1,3,1,1.158572757276429,1.3028678939596239,5,0.9358583694091843,5, , 
21,6,1,1,13,6, , , ,1,2,1,6,90, , ,2,1,1,3,1,1.158572757276429,-0.5540964607192138,3,-0.8390261803074416,2, , 
21,6,2,1,13,6, , , ,1,5,4,3,90, , ,2,1,1,3,1,1.158572757276429,-0.5540964607192138,3,-0.8390261803074416,2, , 
21,7,1,2,12,2, , , ,1,2,5,1,90, , ,3,1,1,2,1,1.158572757276429,-0.9039880752546765,1,-1.1734522123148268,1, , 
21,7,2,2,12,2, , , ,1,3,4,90, , , ,3,1,1,2,1,1.158572757276429,-0.9039880752546765,1,-1.1734522123148268,1, , 
21,7,3,2,12,2, , , ,1,6,90, , , , ,3,1,1,2,1,1.158572757276429,-0.9039880752546765,1,-1.1734522123148268,1, , 
21,8,1,1,11,95, , , ,1,2,6,90, , , ,2,1,1,3,1,1.158572757276429,-0.1661262397064447,4,-0.4682046568405561,3, , 
21,8,2,1,12,95, , , ,1,1,90, , , , ,2,1,1,3,1,1.158572757276429,-0.1661262397064447,4,-0.4682046568405561,3, , 
21,9,1,1,13,12, , , ,1,1,2,90, , , ,3,1,1,3,1,1.158572757276429,-0.35318089198424746,3,-0.646991293990577,3, , 
21,9,2,1,13,12, , , ,1,6,8,90, , , ,3,1,1,3,1,1.158572757276429,-0.35318089198424746,3,-0.646991293990577,3, , 
21,9,3,1,13,12, , , ,1,7,90, , , , ,3,1,1,3,1,1.158572757276429,-0.35318089198424746,3,-0.646991293990577,3, , 
21,10,1,2,12,6, , , ,1,3,4,90, , , ,1,1,1,3,1,1.158572757276429,-0.4225371837798116,3,-0.7132819637190624,3, , 
21,11,1,2,12,24, , , ,1,1,90, , , , ,2,1,1,1,1,1.158572757276429,-0.25345599534368807,3,-0.5516743441399007,3, , 
21,11,2,2,12,24, , , ,1,3,90, , , , ,2,1,1,1,1,1.158572757276429,-0.25345599534368807,3,-0.5516743441399007,3, , 
21,12,1,2,13,24, , , ,2, , , , , , ,3,1,1,3,1,1.158572757276429,0.2177464675587198,4,-0.10129953264356006,4, , 
21,12,2,2,13,24, , , ,2, , , , , , ,3,1,1,3,1,1.158572757276429,0.2177464675587198,4,-0.10129953264356006,4, , 
21,12,3,2,12,24, , , ,1,3,90, , , , ,3,1,1,3,1,1.158572757276429,0.2177464675587198,4,-0.10129953264356006,4, , 
21,13,1,1,13,24, , , ,2, , , , , , ,2,1,1,2,1,1.158572757276429,-1.2091749986750047,1,-1.4651495482327117,1, , 
21,13,2,1,13,24, , , ,2, , , , , , ,2,1,1,2,1,1.158572757276429,-1.2091749986750047,1,-1.4651495482327117,1, , 
21,14,1,1,12,3, , , ,1,1,2,3,90, , ,1,1,1,3,1,1.158572757276429,-0.9329081050036374,1,-1.201093945905159,1, , 
21,17,1,1,12,98, , , ,1,3,5,7,9,90,90,2,1,1,3,1,1.158572757276429,-1.164110004436495,1,-1.4220764748021595,1, , 
21,17,2,1,12,98, , , ,1,1,2,90, , , ,2,1,1,3,1,1.158572757276429,-1.164110004436495,1,-1.4220764748021595,1, , 
21,18,1,1,12,6, , , ,1,1,90, , , , ,2,1,1,3,1,1.158572757276429,-0.7143780924730398,2,-0.9922231929945468,2, , 
21,18,2,1,11,14, , , ,1,2,3,4,90, , ,2,1,1,3,1,1.158572757276429,-0.7143780924730398,2,-0.9922231929945468,2, , 
21,19,1,2,13,12, , , ,1,1,90, , , , ,3,1,1,2,1,1.158572757276429,-0.9083272225824717,1,-1.1775995647029558,1, , 
21,19,2,2,13,12, , , ,1,2,90, , , , ,3,1,1,2,1,1.158572757276429,-0.9083272225824717,1,-1.1775995647029558,1, , 
21,19,3,2,13,12, , , ,1,4,90, , , , ,3,1,1,2,1,1.158572757276429,-0.9083272225824717,1,-1.1775995647029558,1, , 
21,20,1,2,12,12, , , ,2, , , , , , ,2,1,1,2,1,1.158572757276429,-1.176023180793682,1,-1.4334630760587452,1, , 
21,20,2,2,12,12, , , ,2, , , , , , ,2,1,1,2,1,1.158572757276429,-1.176023180793682,1,-1.4334630760587452,1, , 
21,21,1,2,99,34,9,9, ,1,2,10,90, , , ,5,1,1,2,1,1.158572757276429,-0.7277404725394834,2,-1.0049949416108381,2, , 
21,21,2,2,99,32,9,9, ,1,1,90, , , , ,5,1,1,2,1,1.158572757276429,-0.7277404725394834,2,-1.0049949416108381,2, , 
21,21,3,2,99,32,9,9, ,1,3,4,90, , , ,5,1,1,2,1,1.158572757276429,-0.7277404725394834,2,-1.0049949416108381,2, , 
21,21,4,2,12,34, , , ,2, , , , , , ,5,1,1,2,1,1.158572757276429,-0.7277404725394834,2,-1.0049949416108381,2, , 
21,21,5,2,12,34, , , ,2, , , , , , ,5,1,1,2,1,1.158572757276429,-0.7277404725394834,2,-1.0049949416108381,2, , 
21,22,1,2,12,24, , , ,1,3,7,90, , , ,4,1,1,2,1,1.158572757276429,-1.116601724938819,1,-1.376668111926703,1, , 
21,22,2,2,12,24, , , ,1,4,5,90, , , ,4,1,1,2,1,1.158572757276429,-1.116601724938819,1,-1.376668111926703,1, , 
21,22,3,2,12,24, , , ,1,6,90, , , , ,4,1,1,2,1,1.158572757276429,-1.116601724938819,1,-1.376668111926703,1, , 
21,22,4,2,12,24, , , ,1,1,2,90, , , ,4,1,1,2,1,1.158572757276429,-1.116601724938819,1,-1.376668111926703,1, , 
21,23,1,1,12,12, , , ,1,1,2,3,90, , ,1,1,1,1,1,1.158572757276429,-1.0284394686843175,1,-1.29240272142526,1, , 
21,24,1,2,12,95, , , ,1,1,90, , , , ,2,1,1,2,1,1.158572757276429,-1.1435651453982194,1,-1.4024397204448322,1, , 
21,24,2,2,12,95, , , ,1,2,7,90, , , ,2,1,1,2,1,1.158572757276429,-1.1435651453982194,1,-1.4024397204448322,1, , 
21,25,1,1,98,98,8,8, ,1,4,90, , , , ,3,1,1,3,1,1.158572757276429,0.813930786051599,5,0.46853280313078816,4, , 
21,25,2,1,98,98,8,8, ,1,6,90, , , , ,3,1,1,3,1,1.158572757276429,0.813930786051599,5,0.46853280313078816,4, , 
21,25,3,1,98,98,8,8, ,1,1,2,90, , , ,3,1,1,3,1,1.158572757276429,0.813930786051599,5,0.46853280313078816,4, , 
21,26,1,2,11,12, , , ,1,4,5,6,90, , ,2,1,1,3,1,1.158572757276429,-0.49478489047591306,3,-0.782336244725736,3, , 
21,26,2,2,11,12, , , ,1,1,2,7,90, , ,2,1,1,3,1,1.158572757276429,-0.49478489047591306,3,-0.782336244725736,3, , 
21,27,1,2,12,95, , , ,1,4,90, , , , ,4,1,1,3,1,1.158572757276429,0.22012625364329463,4,-0.09902493564200746,4, , 
21,27,2,2,12,95, , , ,1,1,90, , , , ,4,1,1,3,1,1.158572757276429,0.22012625364329463,4,-0.09902493564200746,4, , 
21,27,3,2,12,95, , , ,1,2,90, , , , ,4,1,1,3,1,1.158572757276429,0.22012625364329463,4,-0.09902493564200746,4, , 
21,27,4,2,12,95, , , ,2, , , , , , ,4,1,1,3,1,1.158572757276429,0.22012625364329463,4,-0.09902493564200746,4, , 
21,28,1,2,12,6, , , ,1,6,7,1,90, , ,6,1,1,3,1,1.158572757276429,-1.11058087501422,1,-1.3709133899901147,1, , 
21,28,2,2,12,6, , , ,1,3,4,90, , , ,6,1,1,3,1,1.158572757276429,-1.11058087501422,1,-1.3709133899901147,1, , 
21,28,3,2,12,3, , , ,2, , , , , , ,6,1,1,3,1,1.158572757276429,-1.11058087501422,1,-1.3709133899901147,1, , 
21,28,4,2,12,3, , , ,2, , , , , , ,6,1,1,3,1,1.158572757276429,-1.11058087501422,1,-1.3709133899901147,1, , 
21,28,5,2,12,3, , , ,2, , , , , , ,6,1,1,3,1,1.158572757276429,-1.11058087501422,1,-1.3709133899901147,1, , 
21,28,6,2,12,3, , , ,2, , , , , , ,6,1,1,3,1,1.158572757276429,-1.11058087501422,1,-1.3709133899901147,1, , 
22,1,1,1,13,3, , , ,1,1,2,90, , , ,3,1,1,3,1,0.5353405154311776,3.169141399294556,5,2.719640595394531,5, , 
22,1,2,1,13,3, , , ,1,3,90, , , , ,3,1,1,3,1,0.5353405154311776,3.169141399294556,5,2.719640595394531,5, , 
22,1,3,1,13,3, , , ,1,4,90, , , , ,3,1,1,3,1,0.5353405154311776,3.169141399294556,5,2.719640595394531,5, , 
22,2,1,1,98,0,9,9, ,1,1,2,90, , , ,3,1,1,3,1,0.5353405154311776,2.4826315333854594,5,2.0634751977335597,5, , 
22,2,2,1,98,0,9,9, ,1,3,5,90, , , ,3,1,1,3,1,0.5353405154311776,2.4826315333854594,5,2.0634751977335597,5, , 
22,2,3,1,98,0,9,9, ,1,4,6,90, , , ,3,1,1,3,1,0.5353405154311776,2.4826315333854594,5,2.0634751977335597,5, , 
22,4,1,1,21,0, ,2, ,1,1,2,90, , , ,6,1,1,3,1,0.5353405154311776,2.127870026433007,5,1.724394527747843,5, , 
22,4,2,1,21,0, ,2, ,1,3,90, , , , ,6,1,1,3,1,0.5353405154311776,2.127870026433007,5,1.724394527747843,5, , 
22,4,3,1,21,0, ,2, ,1,4,90, , , , ,6,1,1,3,1,0.5353405154311776,2.127870026433007,5,1.724394527747843,5, , 
22,4,4,1,21,0, ,2, ,1,5,90, , , , ,6,1,1,3,1,0.5353405154311776,2.127870026433007,5,1.724394527747843,5, , 
22,4,5,1,21,0, ,2, ,1,6,7,90, , , ,6,1,1,3,1,0.5353405154311776,2.127870026433007,5,1.724394527747843,5, , 
22,4,6,1,21,0, ,2, ,2, , , , , , ,6,1,1,3,1,0.5353405154311776,2.127870026433007,5,1.724394527747843,5, , 
22,5,1,2,12,12, , , ,1,1,2,6,90, , ,3,1,1,3,1,0.5353405154311776,1.8223716348795957,5,1.432399490920543,5, , 
22,5,2,2,13,12, , , ,1,3,90, , , , ,3,1,1,3,1,0.5353405154311776,1.8223716348795957,5,1.432399490920543,5, , 
22,5,3,2,13,12, , , ,1,5,4,90, , , ,3,1,1,3,1,0.5353405154311776,1.8223716348795957,5,1.432399490920543,5, , 
22,6,1,1,12,0, , , ,1,1,90, , , , ,1,1,1,3,6,0.5353405154311776,2.752275625424213,5,2.3212007333239955,5, , 
22,7,1,1,12,95, , , ,1,5,90, , , , ,5,1,1,3,1,0.5353405154311776,3.033791003790688,5,2.5902728317255304,5, , 
22,7,2,1,11,95, , , ,1,4,90, , , , ,5,1,1,3,1,0.5353405154311776,3.033791003790688,5,2.5902728317255304,5, , 
22,7,3,1,11,95, , , ,1,1,90, , , , ,5,1,1,3,1,0.5353405154311776,3.033791003790688,5,2.5902728317255304,5, , 
22,7,4,1,11,95, , , ,1,2,90, , , , ,5,1,1,3,1,0.5353405154311776,3.033791003790688,5,2.5902728317255304,5, , 
22,7,5,1,11,95, , , ,1,3,90, , , , ,5,1,1,3,1,0.5353405154311776,3.033791003790688,5,2.5902728317255304,5, , 
22,8,1,1,11,95, , , ,1,3,90, , , , ,4,1,1,3,1,0.5353405154311776,2.1386757908455185,5,1.7347226658487822,5, , 
22,8,2,1,11,95, , , ,1,1,90, , , , ,4,1,1,3,1,0.5353405154311776,2.1386757908455185,5,1.7347226658487822,5, , 
22,8,3,1,11,95, , , ,1,2,4,90, , , ,4,1,1,3,1,0.5353405154311776,2.1386757908455185,5,1.7347226658487822,5, , 
22,8,4,1,12,95, , , ,2, , , , , , ,4,1,1,3,1,0.5353405154311776,2.1386757908455185,5,1.7347226658487822,5, , 
22,9,1,1,13,7, , , ,1,1,90, , , , ,4,1,1,3,1,0.5353405154311776,3.2959562276571157,5,2.8408500730932027,5, , 
22,9,2,1,13,7, , , ,1,2,90, , , , ,4,1,1,3,1,0.5353405154311776,3.2959562276571157,5,2.8408500730932027,5, , 
22,9,3,1,13,7, , , ,1,3,90, , , , ,4,1,1,3,1,0.5353405154311776,3.2959562276571157,5,2.8408500730932027,5, , 
22,9,4,1,13,7, , , ,1,4,90, , , , ,4,1,1,3,1,0.5353405154311776,3.2959562276571157,5,2.8408500730932027,5, , 
22,10,1,1,12,12, , , ,1,3,4,90, , , ,3,1,1,3,1,0.5353405154311776,2.311395057944249,5,1.899807557133588,5, , 
22,10,2,1,12,12, , , ,1,7,90, , , , ,3,1,1,3,1,0.5353405154311776,2.311395057944249,5,1.899807557133588,5, , 
22,10,3,1,12,6, , , ,1,2,5,90, , , ,3,1,1,3,1,0.5353405154311776,2.311395057944249,5,1.899807557133588,5, , 
22,11,1,1,12,24, , , ,1,1,2,90, , , ,3,1,1,3,1,0.5353405154311776,2.7560834076614604,5,2.3248402075252894,5, , 
22,11,2,1,12,5, , , ,1,3,90, , , , ,3,1,1,3,1,0.5353405154311776,2.7560834076614604,5,2.3248402075252894,5, , 
22,11,3,1,12,5, , , ,1,4,90, , , , ,3,1,1,3,1,0.5353405154311776,2.7560834076614604,5,2.3248402075252894,5, , 
22,12,1,1,13,0, , , ,2, , , , , , ,4,1,1,3,1,0.5353405154311776,0.6749456235933534,5,0.335690933083337,4, , 
22,12,2,1,13,24, , , ,1,1,90, , , , ,4,1,1,3,1,0.5353405154311776,0.6749456235933534,5,0.335690933083337,4, , 
22,12,3,1,13,24, , , ,1,3,4,90, , , ,4,1,1,3,1,0.5353405154311776,0.6749456235933534,5,0.335690933083337,4, , 
22,12,4,1,13,24, , , ,2, , , , , , ,4,1,1,3,1,0.5353405154311776,0.6749456235933534,5,0.335690933083337,4, , 
22,13,1,1,12,3, , , ,1,1,2,90, , , ,2,1,1,2,1,0.5353405154311776,-0.008353017315028466,4,-0.3174051791467794,4, , 
22,13,2,1,12,3, , , ,1,8,7,6,5,4,3,2,1,1,2,1,0.5353405154311776,-0.008353017315028466,4,-0.3174051791467794,4, , 
22,14,1,1,12,12, , , ,1,1,2,90, , , ,5,1,1,3,1,0.5353405154311776,3.0877753276421838,5,2.6418709908875515,5, , 
22,14,2,1,12,12, , , ,1,3,90, , , , ,5,1,1,3,1,0.5353405154311776,3.0877753276421838,5,2.6418709908875515,5, , 
22,14,3,2,12,12, , , ,1,4,90, , , , ,5,1,1,3,1,0.5353405154311776,3.0877753276421838,5,2.6418709908875515,5, , 
22,14,4,9,99,99,9,9, ,1,5,90, , , , ,5,1,1,3,1,0.5353405154311776,3.0877753276421838,5,2.6418709908875515,5, , 
22,14,5,9,99,99,9,9, ,1,6,90, , , , ,5,1,1,3,1,0.5353405154311776,3.0877753276421838,5,2.6418709908875515,5, , 
22,15,1,2,12,98, , , ,1,1,90, , , , ,3,1,1,1,1,0.5353405154311776,0.8425602909075713,5,0.4958968533382522,4, , 
22,15,2,2,12,98, , , ,1,2,90, , , , ,3,1,1,1,1,0.5353405154311776,0.8425602909075713,5,0.4958968533382522,4, , 
22,15,3,2,12,98, , , ,1,3,90, , , , ,3,1,1,1,1,0.5353405154311776,0.8425602909075713,5,0.4958968533382522,4, , 
22,16,1,2,21,0, ,2, ,1,1,2,90, , , ,2,1,1,2,1,0.5353405154311776,-0.14289857752187907,4,-0.4460036820972618,3, , 
22,16,2,2,21,0, ,2, ,1,3,4,90, , , ,2,1,1,2,1,0.5353405154311776,-0.14289857752187907,4,-0.4460036820972618,3, , 
22,18,1,1,11,0, , , ,1,1,2,90, , , ,3,1,1,3,1,0.5353405154311776,0.9688121926362807,5,0.616568286360661,5, , 
22,18,2,1,11,0, , , ,1,4,7,90, , , ,3,1,1,3,1,0.5353405154311776,0.9688121926362807,5,0.616568286360661,5, , 
22,18,3,1,11,0, , , ,1,5,6,90, , , ,3,1,1,3,1,0.5353405154311776,0.9688121926362807,5,0.616568286360661,5, , 
22,19,1,1,11,95, , , ,1,2,4,90, , , ,3,1,1,2,1,0.5353405154311776,0.43039420590923316,4,0.10194894887927759,4, , 
22,19,2,1,11,95, , , ,1,1,90, , , , ,3,1,1,2,1,0.5353405154311776,0.43039420590923316,4,0.10194894887927759,4, , 
22,19,3,1,11,95, , , ,1,3,90, , , , ,3,1,1,2,1,0.5353405154311776,0.43039420590923316,4,0.10194894887927759,4, , 
22,20,1,1,13,12, , , ,1,1,2,90, , , ,4,1,1,3,1,0.5353405154311776,2.6769593962519407,5,2.2492135618072315,5, , 
22,20,2,1,13,12, , , ,1,5,90, , , , ,4,1,1,3,1,0.5353405154311776,2.6769593962519407,5,2.2492135618072315,5, , 
22,20,3,1,13,24, , , ,1,4,90, , , , ,4,1,1,3,1,0.5353405154311776,2.6769593962519407,5,2.2492135618072315,5, , 
22,20,4,1,13,24, , , ,1,3,6,90, , , ,4,1,1,3,1,0.5353405154311776,2.6769593962519407,5,2.2492135618072315,5, , 
22,21,1,1,13,21, , , ,1,1,90, , , , ,1,1,1,2,1,0.5353405154311776,-0.5243980959338075,3,-0.8106405149193829,3, , 
22,22,1,1,99,12,9,9, ,1,1,2,6,90, , ,3,1,1,2,1,0.5353405154311776,1.426837083185783,5,1.054347988256209,5, , 
22,22,2,1,99,12,9,9, ,1,3,90, , , , ,3,1,1,2,1,0.5353405154311776,1.426837083185783,5,1.054347988256209,5, , 
22,22,3,1,99,12,9,9, ,1,4,5,90, , , ,3,1,1,2,1,0.5353405154311776,1.426837083185783,5,1.054347988256209,5, , 
22,23,1,1,99,0,9,9, ,1,1,90, , , , ,3,1,1,3,1,0.5353405154311776,1.60921053060058,5,1.2286603347907568,5, , 
22,23,2,1,99,0,9,9, ,1,2,90, , , , ,3,1,1,3,1,0.5353405154311776,1.60921053060058,5,1.2286603347907568,5, , 
22,23,3,1,99,0,9,9, ,1,3,90, , , , ,3,1,1,3,1,0.5353405154311776,1.60921053060058,5,1.2286603347907568,5, , 
22,24,1,9,13,11, , , ,1,1,2,7,90, , ,4,1,1,3,1,0.5353405154311776,2.535581203823049,5,2.114084436266046,5, , 
22,24,2,9,13,11, , , ,1,5,6,90, , , ,4,1,1,3,1,0.5353405154311776,2.535581203823049,5,2.114084436266046,5, , 
22,24,3,9,13,11, , , ,1,4,90, , , , ,4,1,1,3,1,0.5353405154311776,2.535581203823049,5,2.114084436266046,5, , 
22,24,4,1,13,99, , , ,1,8,90, , , , ,4,1,1,3,1,0.5353405154311776,2.535581203823049,5,2.114084436266046,5, , 
22,25,1,1,13,0, , , ,1,2,1,4,90, , ,1,1,1,2,1,0.5353405154311776,1.2361382494407198,5,0.8720782463463647,5, , 
22,28,1,1,99,0,9,9, ,1,1,2,90, , , ,3,1,1,3,1,0.5353405154311776,-0.3644438675227813,3,-0.6577564339981445,3, , 
22,28,2,1,99,0,9,9, ,1,3,6,7,90, , ,3,1,1,3,1,0.5353405154311776,-0.3644438675227813,3,-0.6577564339981445,3, , 
22,28,3,1,99,0,9,9, ,1,4,5,90, , , ,3,1,1,3,1,0.5353405154311776,-0.3644438675227813,3,-0.6577564339981445,3, , 
22,29,1,1,12,24, , , ,1,1,90, , , , ,3,1,1,3,1,0.5353405154311776,0.9029904866096128,5,0.5536559699403881,5, , 
22,29,2,2,12,24, , , ,8, , , , , , ,3,1,1,3,1,0.5353405154311776,0.9029904866096128,5,0.5536559699403881,5, , 
22,29,3,2,12,24, , , ,8, , , , , , ,3,1,1,3,1,0.5353405154311776,0.9029904866096128,5,0.5536559699403881,5, , 
22,30,1,1,13,9, , , ,1,1,2,90, , , ,1,1,1,2,1,0.5353405154311776,-0.3391858820990859,3,-0.6336148784682657,3, , 
23,1,1,2,12,98, , , ,1,1,90, , , , ,2,1,1,3,1,0.7271042821527934,0.4165121383300109,4,0.0886804834925281,4, , 
23,1,2,2,12,98, , , ,1,2,90, , , , ,2,1,1,3,1,0.7271042821527934,0.4165121383300109,4,0.0886804834925281,4, , 
23,2,1,1,12,12, , , ,1,1,2,90, , , ,2,1,1,3,1,0.7271042821527934,0.20855044205560141,4,-0.11008908401171634,4, , 
23,2,2,1,12,12, , , ,1,3,4,5,90, , ,2,1,1,3,1,0.7271042821527934,0.20855044205560141,4,-0.11008908401171634,4, , 
23,3,1,2,12,12, , , ,1,1,2,6,90, , ,2,1,1,3,1,0.7271042821527934,0.6806602301705891,5,0.3411529479551297,4, , 
23,3,2,2,12,12, , , ,1,3,5,90, , , ,2,1,1,3,1,0.7271042821527934,0.6806602301705891,5,0.3411529479551297,4, , 
23,4,1,2,12,6, , , ,1,1,90, , , , ,3,1,1,3,1,0.7271042821527934,1.2143231067874258,5,0.8512273562645827,5, , 
23,4,2,2,12,6, , , ,2, , , , , , ,3,1,1,3,1,0.7271042821527934,1.2143231067874258,5,0.8512273562645827,5, , 
23,4,3,2,12,6, , , ,2, , , , , , ,3,1,1,3,1,0.7271042821527934,1.2143231067874258,5,0.8512273562645827,5, , 
23,5,1,2,11,98, , , ,1,1,2,5,90, , ,4,1,1,3,1,0.7271042821527934,2.1230001241920067,5,1.719739880379732,5, , 
23,5,2,2,13,98, , , ,1,3,90, , , , ,4,1,1,3,1,0.7271042821527934,2.1230001241920067,5,1.719739880379732,5, , 
23,5,3,2,13,98, , , ,1,4,90, , , , ,4,1,1,3,1,0.7271042821527934,2.1230001241920067,5,1.719739880379732,5, , 
23,5,4,2,13,98, , , ,1,6,90, , , , ,4,1,1,3,1,0.7271042821527934,2.1230001241920067,5,1.719739880379732,5, , 
23,6,1,2,12,98, , , ,1,1,2,90, , , ,3,1,1,3,1,0.7271042821527934,1.6700342314708594,5,1.2867955632130146,5, , 
23,6,2,2,13,98, , , ,1,3,90, , , , ,3,1,1,3,1,0.7271042821527934,1.6700342314708594,5,1.2867955632130146,5, , 
23,6,3,2,13,98, , , ,1,4,90, , , , ,3,1,1,3,1,0.7271042821527934,1.6700342314708594,5,1.2867955632130146,5, , 
23,7,1,1,11,0, , , ,2, , , , , , ,1,1,1,2,6,0.7271042821527934,0.3870651927319041,4,0.06053512429554722,4, , 
23,9,1,1,99,3,9,9, ,1,1,2,90, , , ,3,1,1,3,1,0.7271042821527934,1.5851708012022392,5,1.2056831870706204,5, , 
23,9,2,1,99,3,9,9, ,1,3,90, , , , ,3,1,1,3,1,0.7271042821527934,1.5851708012022392,5,1.2056831870706204,5, , 
23,9,3,1,99,3,9,9, ,1,4,90, , , , ,3,1,1,3,1,0.7271042821527934,1.5851708012022392,5,1.2056831870706204,5, , 
23,10,1,1,21,98, ,2, ,1,1,3,90, , , ,2,1,1,3,1,0.7271042821527934,0.9987468338064449,5,0.6451797844652785,5, , 
23,10,2,1,21,98, ,2, ,1,2,90, , , , ,2,1,1,3,1,0.7271042821527934,0.9987468338064449,5,0.6451797844652785,5, , 
23,11,1,1,11,12, , , ,2, , , , , , ,3,1,1,3,6,0.7271042821527934,1.9416289470804347,5,1.5463855027320672,5, , 
23,11,2,1,11,12, , , ,2, , , , , , ,3,1,1,3,6,0.7271042821527934,1.9416289470804347,5,1.5463855027320672,5, , 
23,11,3,1,11,12, , , ,9, , , , , , ,3,1,1,3,6,0.7271042821527934,1.9416289470804347,5,1.5463855027320672,5, , 
23,12,1,1,11,7, , , ,1,4,90, , , , ,1,1,1,3,1,0.7271042821527934,1.0320508942113282,5,0.6770117698808948,5, , 
23,13,1,1,13,12, , , ,1,1,90, , , , ,1,1,1,1,1,0.7271042821527934,0.37485810764415317,4,0.04886760538774754,4, , 
23,14,1,2,12,6, , , ,1,1,90, , , , ,3,1,1,3,1,0.7271042821527934,1.2678826979432776,5,0.9024195563690923,5, , 
23,14,2,2,12,6, , , ,1,2,4,90, , , ,3,1,1,3,1,0.7271042821527934,1.2678826979432776,5,0.9024195563690923,5, , 
23,14,3,2,12,6, , , ,1,3,90, , , , ,3,1,1,3,1,0.7271042821527934,1.2678826979432776,5,0.9024195563690923,5, , 
23,15,1,1,99,12,9,9, ,1,1,2,90, , , ,4,1,1,3,1,0.7271042821527934,2.911420263312771,5,2.4733110084873013,5, , 
23,15,2,1,99,12,9,9, ,1,3,4,90, , , ,4,1,1,3,1,0.7271042821527934,2.911420263312771,5,2.4733110084873013,5, , 
23,15,3,1,99,12,9,9, ,2, , , , , , ,4,1,1,3,1,0.7271042821527934,2.911420263312771,5,2.4733110084873013,5, , 
23,15,4,1,11,12, , , ,2, , , , , , ,4,1,1,3,1,0.7271042821527934,2.911420263312771,5,2.4733110084873013,5, , 
23,17,1,2,11,95, , , ,1,1,90, , , , ,3,1,1,3,1,0.7271042821527934,2.797880624289738,5,2.3647899426011247,5, , 
23,17,2,2,11,95, , , ,1,2,90, , , , ,3,1,1,3,1,0.7271042821527934,2.797880624289738,5,2.3647899426011247,5, , 
23,17,3,2,11,95, , , ,1,3,90, , , , ,3,1,1,3,1,0.7271042821527934,2.797880624289738,5,2.3647899426011247,5, , 
23,19,1,1,13,0, , , ,1,1,2,90, , , ,3,1,1,3,1,0.7271042821527934,1.535666693231546,5,1.1583672134692404,5, , 
23,19,2,1,12,95, , , ,1,3,90, , , , ,3,1,1,3,1,0.7271042821527934,1.535666693231546,5,1.1583672134692404,5, , 
23,19,3,1,13,95, , , ,2, , , , , , ,3,1,1,3,1,0.7271042821527934,1.535666693231546,5,1.1583672134692404,5, , 
23,21,1,1,12,95, , , ,1,1,2,90, , , ,2,1,1,3,1,0.7271042821527934,1.6419703564024999,5,1.259972141353297,5, , 
23,21,2,1,12,95, , , ,1,4,5,90, , , ,2,1,1,3,1,0.7271042821527934,1.6419703564024999,5,1.259972141353297,5, , 
23,22,1,1,13,95, , , ,1,1,90, , , , ,2,1,1,2,1,0.7271042821527934,0.5159541536911267,4,0.18372705571801026,4, , 
23,22,2,1,13,95, , , ,1,3,4,90, , , ,2,1,1,2,1,0.7271042821527934,0.5159541536911267,4,0.18372705571801026,4, , 
23,23,1,1,12,95, , , ,1,2,3,90, , , ,2,1,1,3,1,0.7271042821527934,1.2113494984301423,5,0.8483851845680971,5, , 
23,23,2,1,12,95, , , ,1,1,90, , , , ,2,1,1,3,1,0.7271042821527934,1.2113494984301423,5,0.8483851845680971,5, , 
23,24,1,1,12,95, , , ,1,1,90, , , , ,2,1,1,3,1,0.7271042821527934,0.4628630668400937,4,0.13298265152837824,4, , 
23,24,2,1,13,10, , , ,2, , , , , , ,2,1,1,3,1,0.7271042821527934,0.4628630668400937,4,0.13298265152837824,4, , 
23,25,1,1,11,24, , , ,1,5,90, , , , ,6,1,1,9,1,0.7271042821527934,1.562708053782291,5,1.1842133170435523,5, , 
23,25,2,1,13,24, , , ,1,9,10,90, , , ,6,1,1,9,1,0.7271042821527934,1.562708053782291,5,1.1842133170435523,5, , 
23,25,3,1,12,24, , , ,1,8,3,90, , , ,6,1,1,9,1,0.7271042821527934,1.562708053782291,5,1.1842133170435523,5, , 
23,25,4,1,12,24, , , ,1,11,4,7,90, , ,6,1,1,9,1,0.7271042821527934,1.562708053782291,5,1.1842133170435523,5, , 
23,25,5,1,12,24, , , ,2, , , , , , ,6,1,1,9,1,0.7271042821527934,1.562708053782291,5,1.1842133170435523,5, , 
23,25,6,1,12,24, , , ,2, , , , , , ,6,1,1,9,1,0.7271042821527934,1.562708053782291,5,1.1842133170435523,5, , 
23,27,1,1,13,95, , , ,1,1,2,90, , , ,1,1,1,3,1,0.7271042821527934,0.7876490840348485,5,0.4434127803730793,4, , 
23,28,1,2,13,95, , , ,1,1,2,90, , , ,3,1,1,3,6,0.7271042821527934,2.4423788931280312,5,2.0250017671056644,5, , 
23,28,2,2,13,95, , , ,2, , , , , , ,3,1,1,3,6,0.7271042821527934,2.4423788931280312,5,2.0250017671056644,5, , 
23,28,3,2,13,95, , , ,2, , , , , , ,3,1,1,3,6,0.7271042821527934,2.4423788931280312,5,2.0250017671056644,5, , 
23,29,1,1,11,6, , , ,1,1,2,3,90, , ,2,1,1,3,1,0.7271042821527934,1.204590241846881,5,0.8419246943346831,5, , 
23,29,2,1,11,95, , , ,1,4,90, , , , ,2,1,1,3,1,0.7271042821527934,1.204590241846881,5,0.8419246943346831,5, , 
23,30,1,1,12,5, , , ,1,1,90, , , , ,1,1,1,3,6,0.7271042821527934,0.798842022541195,5,0.4541109790599778,4, , 
24,1,1,1,11,4, , , ,1,1,90, , , , ,1,1,1,3,6,0.47141925985730554,1.3774960591665368,5,1.0071878901216904,5, , 
24,4,1,2,98,1,8,2, ,1,1,2,3,90, , ,1,1,1,2,1,0.47141925985730554,0.13339417004759394,4,-0.18192336864147332,4, , 
24,5,1,2,12,12, , , ,1,1,90, , , , ,1,1,1,2,6,0.47141925985730554,0.5527944290649238,4,0.2189389516294786,4, , 
24,6,1,1,12,18, , , ,1,1,2,90, , , ,1,1,1,3,1,0.47141925985730554,-0.6122687566135878,2,-0.8946271986814994,2, , 
24,7,1,1,11,14, , , ,1,1,90, , , , ,1,1,1,3,1,0.47141925985730554,-0.26026911687064275,3,-0.5581863184290491,3, , 
24,9,1,1,12,12, , , ,1,1,2,3,4,90,90,1,1,1,3,6,0.47141925985730554,-0.47542570732302997,3,-0.7638327581151224,3, , 
24,12,1,2,11,95, , , ,1,1,90, , , , ,2,1,1,1,1,0.47141925985730554,-0.24445069654003798,3,-0.5430670891476828,3, , 
24,12,2,2,11,95, , , ,1,2,3,4,90, , ,2,1,1,1,1,0.47141925985730554,-0.24445069654003798,3,-0.5430670891476828,3, , 
24,14,1,2,12,12, , , ,1,5,6,90, , , ,2,1,1,3,1,0.47141925985730554,-0.05933739867706722,4,-0.3661359964768694,3, , 
24,14,2,2,12,12, , , ,2, , , , , , ,2,1,1,3,1,0.47141925985730554,-0.05933739867706722,4,-0.3661359964768694,3, , 
24,15,1,2,12,95, , , ,1,1,2,5,90, , ,2,1,1,2,1,0.47141925985730554,-0.10825543112453839,4,-0.41289179971821344,3, , 
24,15,2,2,12,95, , , ,1,3,4,90, , , ,2,1,1,2,1,0.47141925985730554,-0.10825543112453839,4,-0.41289179971821344,3, , 
24,16,1,2,12,6, , , ,1,3,90, , , , ,3,1,1,3,1,0.47141925985730554,0.3418772304667145,4,0.017344518156241866,4, , 
24,16,2,2,12,2, , , ,2, , , , , , ,3,1,1,3,1,0.47141925985730554,0.3418772304667145,4,0.017344518156241866,4, , 
24,16,3,2,12,2, , , ,2, , , , , , ,3,1,1,3,1,0.47141925985730554,0.3418772304667145,4,0.017344518156241866,4, , 
24,17,1,1,12,24, , , ,1,1,2,4,5,90,90,2,1,1,2,1,0.47141925985730554,0.3122597226950076,4,-0.01096386418435838,4, , 
24,17,2,1,12,24, , , ,1,3,90, , , , ,2,1,1,2,1,0.47141925985730554,0.3122597226950076,4,-0.01096386418435838,4, , 
24,21,1,2,11,12, , , ,1,1,2,3,90, , ,1,1,1,3,1,0.47141925985730554,0.9089263593020684,5,0.5593294707291238,5, , 
24,23,1,1,12,6, , , ,1,1,90, , , , ,1,1,1,3,1,0.47141925985730554,1.1630282961948544,5,0.802199831007028,5, , 
24,24,1,2,13,12, , , ,1,1,90, , , , ,4,1,1,3,1,0.47141925985730554,0.4747770732893194,4,0.14437004618604904,4, , 
24,24,2,2,13,12, , , ,1,2,90, , , , ,4,1,1,3,1,0.47141925985730554,0.4747770732893194,4,0.14437004618604904,4, , 
24,24,3,2,13,12, , , ,1,3,90, , , , ,4,1,1,3,1,0.47141925985730554,0.4747770732893194,4,0.14437004618604904,4, , 
24,24,4,2,13,12, , , ,1,4,90, , , , ,4,1,1,3,1,0.47141925985730554,0.4747770732893194,4,0.14437004618604904,4, , 
24,26,1,2,12,98, , , ,1,1,2,5,90, , ,3,1,1,3,1,0.47141925985730554,1.3666609025537895,5,0.996831658987113,5, , 
24,26,2,2,12,95, , , ,1,3,4,90, , , ,3,1,1,3,1,0.47141925985730554,1.3666609025537895,5,0.996831658987113,5, , 
24,26,3,2,12,95, , , ,2, , , , , , ,3,1,1,3,1,0.47141925985730554,1.3666609025537895,5,0.996831658987113,5, , 
24,27,1,1,11,24, , , ,1,3,90, , , , ,1,1,1,3,6,0.47141925985730554,1.7729441089349276,5,1.3851567143379622,5, , 
24,28,1,1,13,95, , , ,1,1,90, , , , ,2,1,1,3,1,0.47141925985730554,2.144747701067757,5,1.7405261911633978,5, , 
24,28,2,1,13,95, , , ,2, , , , , , ,2,1,1,3,1,0.47141925985730554,2.144747701067757,5,1.7405261911633978,5, , 
24,29,1,1,11,95, , , ,1,1,2,90, , , ,3,1,1,3,1,0.47141925985730554,1.108213391085926,5,0.7498078031649823,5, , 
24,29,2,1,11,95, , , ,1,0,90, , , , ,3,1,1,3,1,0.47141925985730554,1.108213391085926,5,0.7498078031649823,5, , 
24,29,3,1,11,95, , , ,1,0,90, , , , ,3,1,1,3,1,0.47141925985730554,1.108213391085926,5,0.7498078031649823,5, , 
24,30,1,1,11,24, , , ,1,9,8,90, , , ,1,1,1,3,1,0.47141925985730554,1.0816122486893864,5,0.7243824596329598,5, , 
25,1,1,1,11,6, , , ,1,1,2,3,4,90,90,2,1,1,2,1,0.8948975780342072,0.2801686101174197,4,-0.04163651536027638,4, , 
25,1,2,1,11,1, , , ,2, , , , , , ,2,1,1,2,1,0.8948975780342072,0.2801686101174197,4,-0.04163651536027638,4, , 
25,2,1,1,11,18, , , ,1,2,3,90, , , ,1,1,1,3,6,0.8948975780342072,0.5635779923691512,4,0.22924586993479765,4, , 
25,6,1,1,11,4, , , ,1,1,2,5,90, , ,2,1,1,3,1,0.8948975780342072,0.7266430617862707,5,0.385103289371893,4, , 
25,6,2,1,11,4, , , ,1,3,4,90, , , ,2,1,1,3,1,0.8948975780342072,0.7266430617862707,5,0.385103289371893,4, , 
25,9,1,2,11,95, , , ,1,1,2,8,90, , ,2,1,1,2,1,0.8948975780342072,0.4366159863027793,4,0.10789571994378985,4, , 
25,9,2,2,11,95, , , ,2, , , , , , ,2,1,1,2,1,0.8948975780342072,0.4366159863027793,4,0.10789571994378985,4, , 
25,10,1,1,11,0, , , ,1,1,2,6,90, , ,2,1,1,3,1,0.8948975780342072,0.6697992620071775,5,0.3307720461679559,4, , 
25,10,2,1,11,0, , , ,1,3,5,4,90, , ,2,1,1,3,1,0.8948975780342072,0.6697992620071775,5,0.3307720461679559,4, , 
25,11,1,1,11,95, , , ,1,1,90, , , , ,1,1,1,2,1,0.8948975780342072,0.6171645744598804,5,0.28046386794607686,4, , 
25,14,1,1,12,12, , , ,1,1,2,90, , , ,3,1,1,3,6,0.8948975780342072,0.7166964134218927,5,0.37559629347349727,4, , 
25,14,2,2,13,95, , , ,1,3,4,90, , , ,3,1,1,3,6,0.8948975780342072,0.7166964134218927,5,0.37559629347349727,4, , 
25,14,3,2,13,12, , , ,2, , , , , , ,3,1,1,3,6,0.8948975780342072,0.7166964134218927,5,0.37559629347349727,4, , 
25,17,1,1,13,95, , , ,1,2,90, , , , ,2,1,1,3,6,0.8948975780342072,-0.3881089257172247,3,-0.6803754713811895,3, , 
25,17,2,1,13,95, , , ,1,3,5,90, , , ,2,1,1,3,6,0.8948975780342072,-0.3881089257172247,3,-0.6803754713811895,3, , 
25,18,1,1,13,24, , , ,1,1,2,90, , , ,2,1,1,2,1,0.8948975780342072,-0.05489202133459509,4,-0.36188710955400827,4, , 
25,18,2,1,13,24, , , ,2, , , , , , ,2,1,1,2,1,0.8948975780342072,-0.05489202133459509,4,-0.36188710955400827,4, , 
25,22,1,1,12,95, , , ,1,1,90, , , , ,2,1,1,2,6,0.8948975780342072,0.7877038340307054,5,0.44346511036072755,4, , 
25,22,2,1,12,1, , , ,1,2,3,90, , , ,2,1,1,2,6,0.8948975780342072,0.7877038340307054,5,0.44346511036072755,4, , 
25,23,1,1,12,95, , , ,1,1,2,90, , , ,1,1,1,2,1,0.8948975780342072,0.09462130075819358,4,-0.21898243575632967,4, , 
25,24,1,1,12,2, , , ,1,1,90, , , , ,1,1,1,2,1,0.8948975780342072,0.0424947324165309,4,-0.2688049541833816,4, , 
25,25,1,1,11,4, , , ,1,1,2,3,90, , ,1,1,1,2,6,0.8948975780342072,0.8921761479008437,5,0.5433196365362306,5, , 
25,29,1,1,11,95, , , ,1,1,2,3,90, , ,2,1,1,3,1,0.8948975780342072,1.2495654611414677,5,0.8849119609695801,5, , 
25,29,2,1,11,95, , , ,2, , , , , , ,2,1,1,3,1,0.8948975780342072,1.2495654611414677,5,0.8849119609695801,5, , 
25,30,1,2,11,95, , , ,1,1,2,3,90, , ,1,1,1,3,6,0.8948975780342072,1.5440994635112428,5,1.1664272463088758,5, , 
26,1,1,1,13,12, , , ,1,1,2,90, , , ,4,2,1,2,1,1.24808990309919,-0.365134118082326,3, , ,-0.051443090484604444,3
26,1,2,1,13,12, , , ,1,3,4,90, , , ,4,2,1,2,1,1.24808990309919,-0.365134118082326,3, , ,-0.051443090484604444,3
26,1,3,1,13,12, , , ,1,7,8,10,90, , ,4,2,1,2,1,1.24808990309919,-0.365134118082326,3, , ,-0.051443090484604444,3
26,1,4,1,13,12, , , ,1,5,6,90, , , ,4,2,1,2,1,1.24808990309919,-0.365134118082326,3, , ,-0.051443090484604444,3
26,3,1,2,13,12, , , ,1,1,2,90, , , ,1,2,1,2,1,1.24808990309919,-0.992052805995833,1, , ,-0.8303779726520799,1
26,9,1,1,11,0, , , ,1,1,2,5,90, , ,1,2,1,2,1,1.24808990309919,-1.3496279334596277,1, , ,-1.2746584593353194,1
26,13,1,1,11,2, , , ,1,1,2,90, , , ,2,2,1,2,1,1.24808990309919,-0.4291952101100159,3, , ,-0.1310378132646547,3
26,13,2,1,11,2, , , ,2, , , , , , ,2,2,1,2,1,1.24808990309919,-0.4291952101100159,3, , ,-0.1310378132646547,3
26,14,1,1,11,95, , , ,1,1,2,7,90, , ,2,2,1,1,1,1.24808990309919,-1.0501467737490988,1, , ,-0.9025586538136763,1
26,14,2,1,12,95, , , ,1,3,4,5,90, , ,2,2,1,1,1,1.24808990309919,-1.0501467737490988,1, , ,-0.9025586538136763,1
26,15,1,2,13,95, , , ,1,1,90, , , , ,2,2,1,2,1,1.24808990309919,-0.9744504265487505,1, , ,-0.8085073415402314,1
26,15,2,2,13,95, , , ,1,2,3,4,90, , ,2,2,1,2,1,1.24808990309919,-0.9744504265487505,1, , ,-0.8085073415402314,1
26,16,1,1,12,95, , , ,1,13,12,11,10,90,90,3,2,1,2,1,1.24808990309919,-0.9661343534997625,1, , ,-0.7981747744858524,1
26,16,2,1,12,95, , , ,1,2,1,90, , , ,3,2,1,2,1,1.24808990309919,-0.9661343534997625,1, , ,-0.7981747744858524,1
26,16,3,1,12,95, , , ,2, , , , , , ,3,2,1,2,1,1.24808990309919,-0.9661343534997625,1, , ,-0.7981747744858524,1
26,17,1,2,12,95, , , ,1,1,90, , , , ,3,2,1,2,1,1.24808990309919,-0.878782447568634,1, , ,-0.6896416459233244,1
26,17,2,2,12,95, , , ,1,3,4,6,8,90,90,3,2,1,2,1,1.24808990309919,-0.878782447568634,1, , ,-0.6896416459233244,1
26,17,3,2,13,95, , , ,1,5,7,90, , , ,3,2,1,2,1,1.24808990309919,-0.878782447568634,1, , ,-0.6896416459233244,1
26,18,1,1,13,4, , , ,1,2,7,90, , , ,1,2,1,2,1,1.24808990309919,-0.6667396330731605,2, , ,-0.4261823681767998,2
26,19,1,1,12,95, , , ,1,2,3,4,90, , ,1,2,1,1,1,1.24808990309919,-1.0424254771975017,1, , ,-0.892965085563836,1
26,20,1,1,11,15, , , ,1,1,90, , , , ,1,2,1,2,1,1.24808990309919,-1.1356036664521274,1, , ,-1.0087372634665057,1
26,23,1,1,11,17, , , ,1,1,2,3,90, , ,1,2,1,2,1,1.24808990309919,-1.0493798937330148,1, , ,-0.9016058195682127,1
26,24,1,1,12,1, , , ,1,1,2,90, , , ,1,2,1,3,1,1.24808990309919,-0.7231387281431996,2, , ,-0.4962572013564323,2
26,25,1,2,12,95, , , ,1,1,2,90, , , ,6,2,1,3,1,1.24808990309919,1.4708409950289183,5, , ,2.229722052563467,5
26,25,2,2,12,99, , , ,1,5,90, , , , ,6,2,1,3,1,1.24808990309919,1.4708409950289183,5, , ,2.229722052563467,5
26,25,3,2,12,95, , , ,1,6,90, , , , ,6,2,1,3,1,1.24808990309919,1.4708409950289183,5, , ,2.229722052563467,5
26,25,4,2,11,9, , , ,1,7,90, , , , ,6,2,1,3,1,1.24808990309919,1.4708409950289183,5, , ,2.229722052563467,5
26,25,5,2,11,25, , , ,1,8,90, , , , ,6,2,1,3,1,1.24808990309919,1.4708409950289183,5, , ,2.229722052563467,5
26,25,6,2,11,9, , , ,1,9,90, , , , ,6,2,1,3,1,1.24808990309919,1.4708409950289183,5, , ,2.229722052563467,5
26,27,1,1,11,7, , , ,1,1,90, , , , ,2,2,1,2,1,1.24808990309919,-0.8560026007616598,1, , ,-0.661338107313814,1
26,27,2,1,11,9, , , ,1,2,11,90, , , ,2,2,1,2,1,1.24808990309919,-0.8560026007616598,1, , ,-0.661338107313814,1
26,28,1,1,11,95, , , ,1,1,2,3,90, , ,1,2,1,3,1,1.24808990309919,-1.1864299448373035,1, , ,-1.071887974919584,1
27,1,1,1,11,24, , , ,1,2,6,7,90, , ,7,2,1,3,6,0.6427663000960829,-0.5914332739471554,3, , ,-0.33261560887743546,3
27,1,2,1,12,24, , , ,1,1,90, , , , ,7,2,1,3,6,0.6427663000960829,-0.5914332739471554,3, , ,-0.33261560887743546,3
27,1,3,1,12,24, , , ,1,3,8,90, , , ,7,2,1,3,6,0.6427663000960829,-0.5914332739471554,3, , ,-0.33261560887743546,3
27,1,4,1,12,24, , , ,1,4,90, , , , ,7,2,1,3,6,0.6427663000960829,-0.5914332739471554,3, , ,-0.33261560887743546,3
27,1,5,1,12,24, , , ,1,5,90, , , , ,7,2,1,3,6,0.6427663000960829,-0.5914332739471554,3, , ,-0.33261560887743546,3
27,1,6,1,12,24, , , ,2, , , , , , ,7,2,1,3,6,0.6427663000960829,-0.5914332739471554,3, , ,-0.33261560887743546,3
27,1,7,1,12,24, , , ,2, , , , , , ,7,2,1,3,6,0.6427663000960829,-0.5914332739471554,3, , ,-0.33261560887743546,3
27,2,1,1,11,12, , , ,1,1,2,90, , , ,2,2,1,2,1,0.6427663000960829,-0.46290517323615415,3, , ,-0.17292181937542983,3
27,2,2,1,11,12, , , ,1,3,4,90, , , ,2,2,1,2,1,0.6427663000960829,-0.46290517323615415,3, , ,-0.17292181937542983,3
27,3,1,2,11,98, , , ,1,1,2,90, , , ,2,2,1,3,1,0.6427663000960829,-0.23267540653325108,3, , ,0.11313441033280475,4
27,3,2,2,11,98, , , ,1,3,90, , , , ,2,2,1,3,1,0.6427663000960829,-0.23267540653325108,3, , ,0.11313441033280475,4
27,5,1,1,12,18, , , ,1,5,6,90, , , ,2,2,1,3,1,0.6427663000960829,-0.5814823267961788,3, , ,-0.3202517409693056,3
27,5,2,1,12,18, , , ,1,2,4,90, , , ,2,2,1,3,1,0.6427663000960829,-0.5814823267961788,3, , ,-0.3202517409693056,3
27,6,1,1,11,95, , , ,2, , , , , , ,2,2,1,2,1,0.6427663000960829,-1.3243915525487204,1, , ,-1.2433027225066815,1
27,6,2,1,11,95, , , ,2, , , , , , ,2,2,1,2,1,0.6427663000960829,-1.3243915525487204,1, , ,-1.2433027225066815,1
27,7,1,1,13,95, , , ,1,8,10,90, , , ,5,2,1,3,6,0.6427663000960829,0.2542736530719145,4, , ,0.7181596164364759,4
27,7,2,1,13,95, , , ,1,5,7,90, , , ,5,2,1,3,6,0.6427663000960829,0.2542736530719145,4, , ,0.7181596164364759,4
27,7,3,1,13,95, , , ,1,9,6,90, , , ,5,2,1,3,6,0.6427663000960829,0.2542736530719145,4, , ,0.7181596164364759,4
27,7,4,1,12,12, , , ,1,1,2,90, , , ,5,2,1,3,6,0.6427663000960829,0.2542736530719145,4, , ,0.7181596164364759,4
27,7,5,1,12,12, , , ,1,3,4,90, , , ,5,2,1,3,6,0.6427663000960829,0.2542736530719145,4, , ,0.7181596164364759,4
27,8,1,1,11,24, , , ,1,1,90, , , , ,1,2,1,2,1,0.6427663000960829,-1.038800356685058,1, , ,-0.8884609403315398,1
27,9,1,1,11,6, , , ,1,6,7,90, , , ,3,2,1,2,6,0.6427663000960829,-0.7139299615456997,2, , ,-0.4848154790680053,2
27,9,2,1,11,6, , , ,1,2,8,90, , , ,3,2,1,2,6,0.6427663000960829,-0.7139299615456997,2, , ,-0.4848154790680053,2
27,9,3,1,11,6, , , ,1,3,5,90, , , ,3,2,1,2,6,0.6427663000960829,-0.7139299615456997,2, , ,-0.4848154790680053,2
27,10,1,1,12,24, , , ,1,1,2,90, , , ,2,2,1,2,1,0.6427663000960829,-0.812247089630648,2, , ,-0.6069726934824838,2
27,10,2,1,12,24, , , ,1,7,90, , , , ,2,2,1,2,1,0.6427663000960829,-0.812247089630648,2, , ,-0.6069726934824838,2
27,11,1,1,12,12, , , ,1,1,90, , , , ,3,2,1,2,1,0.6427663000960829,-0.2988498038891135,3, , ,0.030913944743487583,4
27,11,2,1,12,12, , , ,1,2,90, , , , ,3,2,1,2,1,0.6427663000960829,-0.2988498038891135,3, , ,0.030913944743487583,4
27,11,3,1,12,12, , , ,1,4,5,6,7,90,90,3,2,1,2,1,0.6427663000960829,-0.2988498038891135,3, , ,0.030913944743487583,4
27,12,1,1,12,24, , , ,1,1,90, , , , ,2,2,1,2,1,0.6427663000960829,-0.6219411803893744,2, , ,-0.37052111874321375,3
27,12,2,1,12,24, , , ,1,2,90, , , , ,2,2,1,2,1,0.6427663000960829,-0.6219411803893744,2, , ,-0.37052111874321375,3
27,13,1,1,12,12, , , ,1,1,90, , , , ,2,2,1,2,1,0.6427663000960829,-0.44625571609372067,3, , ,-0.1522351766138998,3
27,13,2,1,12,12, , , ,1,2,6,7,8,90,90,2,2,1,2,1,0.6427663000960829,-0.44625571609372067,3, , ,-0.1522351766138998,3
27,14,1,1,12,18, , , ,1,11,10,90, , , ,4,2,1,2,1,0.6427663000960829,0.3889225238341151,4, , ,0.885458349594688,5
27,14,2,1,12,18, , , ,1,1,2,90, , , ,4,2,1,2,1,0.6427663000960829,0.3889225238341151,4, , ,0.885458349594688,5
27,14,3,1,12,18, , , ,1,3,6,90, , , ,4,2,1,2,1,0.6427663000960829,0.3889225238341151,4, , ,0.885458349594688,5
27,14,4,1,12,6, , , ,2, , , , , , ,4,2,1,2,1,0.6427663000960829,0.3889225238341151,4, , ,0.885458349594688,5
27,15,1,1,11,3, , , ,2, , , , , , ,1,2,1,2,1,0.6427663000960829,-1.4990800711850367,1, , ,-1.460349978081176,1
27,16,1,1,11,95, , , ,1,1,90, , , , ,1,2,1,1,1,0.6427663000960829,-0.7891435719928062,2, , ,-0.5782669998481456,2
27,17,1,1,12,12, , , ,1,3,4,90, , , ,3,2,1,2,1,0.6427663000960829,-0.7450286295569459,2, , ,-0.52345499926404,2
27,17,2,1,11,24, , , ,1,1,2,90, , , ,3,2,1,2,1,0.6427663000960829,-0.7450286295569459,2, , ,-0.52345499926404,2
27,17,3,1,11,24, , , ,2, , , , , , ,3,2,1,2,1,0.6427663000960829,-0.7450286295569459,2, , ,-0.52345499926404,2
27,20,1,1,21,95, ,2, ,1,1,90, , , , ,2,2,1,1,1,0.6427663000960829,-0.8033309078925777,2, , ,-0.5958945024739463,2
27,20,2,1,21,95, ,2, ,1,4,90, , , , ,2,2,1,1,1,0.6427663000960829,-0.8033309078925777,2, , ,-0.5958945024739463,2
27,21,1,1,11,24, , , ,1,3,4,5,6,90,90,1,2,1,2,1,0.6427663000960829,-1.3931194188001288,1, , ,-1.3286958260020247,1
27,23,1,1,12,18, , , ,1,1,2,11,90, , ,3,2,1,2,1,0.6427663000960829,-0.33400336335385045,3, , ,-0.012763703135482737,3
27,23,2,1,12,14, , , ,2, , , , , , ,3,2,1,2,1,0.6427663000960829,-0.33400336335385045,3, , ,-0.012763703135482737,3
27,23,3,1,12,1, , , ,2, , , , , , ,3,2,1,2,1,0.6427663000960829,-0.33400336335385045,3, , ,-0.012763703135482737,3
27,24,1,1,12,12, , , ,1,1,2,90, , , ,2,2,1,2,1,0.6427663000960829,-0.7614713774574153,2, , ,-0.5438848096131115,2
27,24,2,1,12,12, , , ,1,3,4,90, , , ,2,2,1,2,1,0.6427663000960829,-0.7614713774574153,2, , ,-0.5438848096131115,2
27,25,1,2,11,5, , , ,1,1,2,90, , , ,3,2,1,2,1,0.6427663000960829,-0.5100310927583922,3, , ,-0.23147490333638016,3
27,25,2,2,11,5, , , ,2, , , , , , ,3,2,1,2,1,0.6427663000960829,-0.5100310927583922,3, , ,-0.23147490333638016,3
27,25,3,2,11,1, , , ,2, , , , , , ,3,2,1,2,1,0.6427663000960829,-0.5100310927583922,3, , ,-0.23147490333638016,3
27,26,1,1,18,24, , , ,1,2,90, , , , ,1,2,1,2,1,0.6427663000960829,-0.5968668842950453,2, , ,-0.33936676930330173,3
27,28,1,1,11,11, , , ,1,2,7,8,90, , ,1,2,1,1,1,0.6427663000960829,-1.147976958420663,1, , ,-1.0241108500373763,1
27,30,1,1,12,18, , , ,2, , , , , , ,2,2,1,1,1,0.6427663000960829,-0.8138789018797745,2, , ,-0.6090001900406471,2
27,30,2,1,12,18, , , ,1,1,90, , , , ,2,2,1,1,1,0.6427663000960829,-0.8138789018797745,2, , ,-0.6090001900406471,2
28,1,1,1,11,17, , , ,1,1,2,90, , , ,4,2,1,3,1,3.1514270053254556,0.7240431531503667,5, , ,1.3018395373642233,5
28,1,2,1,11,17, , , ,2, , , , , , ,4,2,1,3,1,3.1514270053254556,0.7240431531503667,5, , ,1.3018395373642233,5
28,1,3,1,11,17, , , ,1,7,6,90, , , ,4,2,1,3,1,3.1514270053254556,0.7240431531503667,5, , ,1.3018395373642233,5
28,1,4,1,11,17, , , ,1,5,90, , , , ,4,2,1,3,1,3.1514270053254556,0.7240431531503667,5, , ,1.3018395373642233,5
28,3,1,1,11,95, , , ,1,2,6,90, , , ,2,2,1,2,1,3.1514270053254556,-1.199401249976619,1, , ,-1.0880045818018549,1
28,3,2,1,11,95, , , ,1,4,5,90, , , ,2,2,1,2,1,3.1514270053254556,-1.199401249976619,1, , ,-1.0880045818018549,1
28,4,1,1,11,95, , , ,1,1,2,90, , , ,2,2,1,2,1,3.1514270053254556,-0.7487288583815669,2, , ,-0.5280524651859627,2
28,4,2,1,12,95, , , ,1,3,4,90, , , ,2,2,1,2,1,3.1514270053254556,-0.7487288583815669,2, , ,-0.5280524651859627,2
28,6,1,1,12,7, , , ,1,1,2,8,90, , ,2,2,1,2,1,3.1514270053254556,-0.7467952919569671,2, , ,-0.5256500446422057,2
28,6,2,1,12,7, , , ,1,3,4,5,90, , ,2,2,1,2,1,3.1514270053254556,-0.7467952919569671,2, , ,-0.5256500446422057,2
28,8,1,2,11,6, , , ,1,1,90, , , , ,2,2,1,2,1,3.1514270053254556,-0.5916884249072503,2, , ,-0.3329326292293057,3
28,8,2,2,11,6, , , ,1,2,5,6,7,90,90,2,2,1,2,1,3.1514270053254556,-0.5916884249072503,2, , ,-0.3329326292293057,3
28,9,1,2,11,95, , , ,1,2,90, , , , ,2,2,1,1,1,3.1514270053254556,-0.7380799554296209,2, , ,-0.5148214000956981,2
28,9,2,2,11,28, , , ,1,4,7,6,8,90,90,2,2,1,1,1,3.1514270053254556,-0.7380799554296209,2, , ,-0.5148214000956981,2
28,10,1,1,12,2, , , ,1,1,2,90, , , ,2,2,1,2,1,3.1514270053254556,0.09347622465496952,4, , ,0.5183717837055007,4
28,10,2,1,12,2, , , ,1,3,4,90, , , ,2,2,1,2,1,3.1514270053254556,0.09347622465496952,4, , ,0.5183717837055007,4
28,11,1,1,11,24, , , ,1,1,2,6,90, , ,5,2,1,3,1,3.1514270053254556,0.2663781302195911,4, , ,0.733199205561031,4
28,11,2,1,11,24, , , ,1,3,90, , , , ,5,2,1,3,1,3.1514270053254556,0.2663781302195911,4, , ,0.733199205561031,4
28,11,3,1,11,24, , , ,1,4,5,90, , , ,5,2,1,3,1,3.1514270053254556,0.2663781302195911,4, , ,0.733199205561031,4
28,11,4,1,11,3, , , ,2, , , , , , ,5,2,1,3,1,3.1514270053254556,0.2663781302195911,4, , ,0.733199205561031,4
28,11,5,1,11,8, , , ,2, , , , , , ,5,2,1,3,1,3.1514270053254556,0.2663781302195911,4, , ,0.733199205561031,4
28,12,1,1,11,15, , , ,1,1,2,90, , , ,3,2,1,2,1,3.1514270053254556,-0.6880157539322074,2, , ,-0.4526175550899216,2
28,12,2,1,11,15, , , ,1,4,5,90, , , ,3,2,1,2,1,3.1514270053254556,-0.6880157539322074,2, , ,-0.4526175550899216,2
28,12,3,1,11,15, , , ,2, , , , , , ,3,2,1,2,1,3.1514270053254556,-0.6880157539322074,2, , ,-0.4526175550899216,2
28,13,1,1,11,6, , , ,1,1,2,90, , , ,1,2,1,2,1,3.1514270053254556,-1.0709491842220773,1, , ,-0.9284052643278687,1
28,15,1,1,11,12, , , ,1,1,7,90, , , ,3,2,1,3,1,3.1514270053254556,-0.5623605227454032,3, , ,-0.29649325287144335,3
28,15,2,1,11,12, , , ,1,5,6,90, , , ,3,2,1,3,1,3.1514270053254556,-0.5623605227454032,3, , ,-0.29649325287144335,3
28,15,3,1,11,12, , , ,1,3,4,90, , , ,3,2,1,3,1,3.1514270053254556,-0.5623605227454032,3, , ,-0.29649325287144335,3
28,16,1,1,12,95, , , ,1,1,90, , , , ,2,2,1,2,1,3.1514270053254556,-1.0747499899631614,1, , ,-0.9331276952094971,1
28,16,2,1,12,95, , , ,2, , , , , , ,2,2,1,2,1,3.1514270053254556,-1.0747499899631614,1, , ,-0.9331276952094971,1
28,17,1,2,98,12,8,2, ,1,1,90, , , , ,1,2,1,2,1,3.1514270053254556,-1.0611484430031743,1, , ,-0.9162280245140297,1
28,18,1,2,11,4, , , ,1,1,5,4,90, , ,2,2,1,2,1,3.1514270053254556,-0.7281245994535053,2, , ,-0.5024520543038228,2
28,18,2,2,11,4, , , ,1,2,3,90, , , ,2,2,1,2,1,3.1514270053254556,-0.7281245994535053,2, , ,-0.5024520543038228,2
28,19,1,1,11,10, , , ,1,1,90, , , , ,3,2,1,9,1,3.1514270053254556,0.31701574524078513,4, , ,0.796115506271495,5
28,19,2,1,11,10, , , ,1,2,12,90, , , ,3,2,1,9,1,3.1514270053254556,0.31701574524078513,4, , ,0.796115506271495,5
28,19,3,1,11,10, , , ,1,11,10,9,90, , ,3,2,1,9,1,3.1514270053254556,0.31701574524078513,4, , ,0.796115506271495,5
28,20,1,2,11,18, , , ,1,6,90, , , , ,3,2,1,3,1,3.1514270053254556,1.574609592009529,5, , ,2.358652616319333,5
28,20,2,2,11,18, , , ,1,7,90, , , , ,3,2,1,3,1,3.1514270053254556,1.574609592009529,5, , ,2.358652616319333,5
28,20,3,2,21,24, ,1,6,1,1,2,9,90, , ,3,2,1,3,1,3.1514270053254556,1.574609592009529,5, , ,2.358652616319333,5
28,21,1,1,12,18, , , ,1,1,2,3,90, , ,2,2,1,2,1,3.1514270053254556,-0.6302288188760861,2, , ,-0.3808183563795307,2
28,21,2,1,12,18, , , ,2, , , , , , ,2,2,1,2,1,3.1514270053254556,-0.6302288188760861,2, , ,-0.3808183563795307,2
28,22,1,1,11,24, , , ,1,1,2,7,90, , ,3,2,1,2,1,3.1514270053254556,-0.7823512755611055,2, , ,-0.5698276970762313,2
28,22,2,1,11,24, , , ,1,3,4,90, , , ,3,2,1,2,1,3.1514270053254556,-0.7823512755611055,2, , ,-0.5698276970762313,2
28,22,3,1,11,24, , , ,1,5,6,8,90, , ,3,2,1,2,1,3.1514270053254556,-0.7823512755611055,2, , ,-0.5698276970762313,2
28,25,1,1,11,28, , , ,1,1,2,90, , , ,1,2,1,3,1,3.1514270053254556,-0.7264200564463975,2, , ,-0.5003341911231769,2
28,26,1,1,12,19, , , ,1,1,90, , , , ,2,2,1,1,1,3.1514270053254556,-0.7296825673258263,2, , ,-0.5043878005886975,2
28,26,2,1,12,19, , , ,1,2,3,90, , , ,2,2,1,1,1,3.1514270053254556,-0.7296825673258263,2, , ,-0.5043878005886975,2
28,27,1,1,12,98, , , ,1,1,90, , , , ,2,2,1,2,1,3.1514270053254556,-0.5793960615780058,3, , ,-0.317659594996921,3
28,27,2,1,12,98, , , ,1,2,9,10,11,12,90,2,2,1,2,1,3.1514270053254556,-0.5793960615780058,3, , ,-0.317659594996921,3
28,28,1,1,11,95, , , ,1,6,7,90, , , ,3,2,1,2,1,3.1514270053254556,-0.5021339942102758,3, , ,-0.22166290435527686,3
28,28,2,1,11,95, , , ,1,1,2,90, , , ,3,2,1,2,1,3.1514270053254556,-0.5021339942102758,3, , ,-0.22166290435527686,3
28,28,3,1,11,95, , , ,1,3,4,5,90, , ,3,2,1,2,1,3.1514270053254556,-0.5021339942102758,3, , ,-0.22166290435527686,3
28,29,1,1,11,95, , , ,1,1,2,6,90, , ,2,2,1,2,1,3.1514270053254556,-0.9840984297209588,1, , ,-0.820494807154165,1
28,29,2,1,11,95, , , ,1,3,4,5,90, , ,2,2,1,2,1,3.1514270053254556,-0.9840984297209588,1, , ,-0.820494807154165,1
28,30,1,1,12,14, , , ,1,1,2,90, , , ,2,2,1,2,1,3.1514270053254556,0.6397432090681426,5, , ,1.1970984149884436,5
28,30,2,1,12,16, , , ,1,3,4,5,90, , ,2,2,1,2,1,3.1514270053254556,0.6397432090681426,5, , ,1.1970984149884436,5
29,2,1,1,11,95, , , ,1,4,5,6,90, , ,3,2,1,2,1,1.5476314798429955,0.7793130031413994,5, , ,1.3705113044054362,5
29,2,2,1,11,95, , , ,1,7,8,90, , , ,3,2,1,2,1,1.5476314798429955,0.7793130031413994,5, , ,1.3705113044054362,5
29,2,3,1,11,95, , , ,1,1,90, , , , ,3,2,1,2,1,1.5476314798429955,0.7793130031413994,5, , ,1.3705113044054362,5
29,4,1,1,11,95, , , ,1,2,5,6,90, , ,2,2,1,2,1,1.5476314798429955,-0.7872720467438106,2, , ,-0.5759416643183473,2
29,4,2,1,11,95, , , ,1,3,4,90, , , ,2,2,1,2,1,1.5476314798429955,-0.7872720467438106,2, , ,-0.5759416643183473,2
29,5,1,1,11,95, , , ,1,1,2,90, , , ,2,2,1,3,1,1.5476314798429955,-0.8331763592023377,1, , ,-0.6329769240820423,2
29,5,2,1,11,95, , , ,2, , , , , , ,2,2,1,3,1,1.5476314798429955,-0.8331763592023377,1, , ,-0.6329769240820423,2
29,7,1,1,11,95, , , ,1,2,1,90, , , ,3,2,1,3,1,1.5476314798429955,0.5751469710844657,4, , ,1.1168387832493758,5
29,7,2,1,11,95, , , ,1,3,5,90, , , ,3,2,1,3,1,1.5476314798429955,0.5751469710844657,4, , ,1.1168387832493758,5
29,7,3,1,11,95, , , ,1,4,90, , , , ,3,2,1,3,1,1.5476314798429955,0.5751469710844657,4, , ,1.1168387832493758,5
29,9,1,1,11,0, , , ,1,1,2,90, , , ,3,2,1,3,1,1.5476314798429955,-0.39097005720639383,3, , ,-0.08354376731124313,3
29,9,2,1,11,0, , , ,1,3,90, , , , ,3,2,1,3,1,1.5476314798429955,-0.39097005720639383,3, , ,-0.08354376731124313,3
29,9,3,1,11,0, , , ,1,4,90, , , , ,3,2,1,3,1,1.5476314798429955,-0.39097005720639383,3, , ,-0.08354376731124313,3
29,10,1,1,11,95, , , ,1,1,90, , , , ,2,2,1,2,1,1.5476314798429955,0.0851890034776101,4, , ,0.5080750645683407,4
29,10,2,1,11,95, , , ,1,2,90, , , , ,2,2,1,2,1,1.5476314798429955,0.0851890034776101,4, , ,0.5080750645683407,4
29,11,1,1,11,95, , , ,1,1,2,6,90, , ,2,2,1,2,1,1.5476314798429955,-0.26491811247434915,3, , ,0.07307344415459635,4
29,11,2,1,11,95, , , ,2, , , , , , ,2,2,1,2,1,1.5476314798429955,-0.26491811247434915,3, , ,0.07307344415459635,4
29,16,1,1,11,95, , , ,1,1,90, , , , ,1,2,1,1,1,1.5476314798429955,-0.7954050441282672,2, , ,-0.5860467632433997,2
29,17,1,1,12,95, , , ,1,2,0,90, , , ,3,2,1,3,1,1.5476314798429955,0.21975231313341337,4, , ,0.6752674896333112,4
29,17,2,1,12,95, , , ,1,4,5,90, , , ,3,2,1,3,1,1.5476314798429955,0.21975231313341337,4, , ,0.6752674896333112,4
29,17,3,1,12,8, , , ,2, , , , , , ,3,2,1,3,1,1.5476314798429955,0.21975231313341337,4, , ,0.6752674896333112,4
29,18,1,1,12,95, , , ,1,6,5,90, , , ,1,2,1,3,1,1.5476314798429955,-0.6714539233940429,2, , ,-0.43203978676456145,2
29,21,1,1,11,14, , , ,1,1,2,4,90, , ,2,2,1,2,1,1.5476314798429955,-1.0558296129508342,1, , ,-0.9096194764838584,1
29,21,2,1,12,3, , , ,1,3,6,90, , , ,2,2,1,2,1,1.5476314798429955,-1.0558296129508342,1, , ,-0.9096194764838584,1
29,23,1,1,12,95, , , ,1,1,90, , , , ,3,2,1,1,1,1.5476314798429955,-0.31818601354034665,3, , ,0.006889061649993126,3
29,23,2,1,12,95, , , ,1,2,90, , , , ,3,2,1,1,1,1.5476314798429955,-0.31818601354034665,3, , ,0.006889061649993126,3
29,23,3,1,12,95, , , ,1,6,9,90, , , ,3,2,1,1,1,1.5476314798429955,-0.31818601354034665,3, , ,0.006889061649993126,3
29,24,1,1,11,95, , , ,1,1,2,90, , , ,1,2,1,2,1,1.5476314798429955,-0.25947391982790996,3, , ,0.0798377528908135,4
29,25,1,1,12,98, , , ,1,1,90, , , , ,1,2,1,2,1,1.5476314798429955,-0.6170077898548552,2, , ,-0.3643914721897169,3
29,26,1,1,12,98, , , ,1,1,90, , , , ,3,2,1,2,1,1.5476314798429955,0.17894025303645822,4, , ,0.6245592593069255,4
29,26,2,1,12,98, , , ,1,4,90, , , , ,3,2,1,2,1,1.5476314798429955,0.17894025303645822,4, , ,0.6245592593069255,4
29,26,3,1,12,98, , , ,2, , , , , , ,3,2,1,2,1,1.5476314798429955,0.17894025303645822,4, , ,0.6245592593069255,4
29,28,1,1,11,7, , , ,1,1,90, , , , ,1,2,1,2,1,1.5476314798429955,-0.8646953702892276,1, , ,-0.6721387127802111,1
30,1,1,1,18,95, , , ,1,1,2,90, , , ,4,2,1,3,1,0.7051707952510423,1.2721768144676244,5, , ,1.9828854801980262,5
30,1,2,1,18,95, , , ,1,5,90, , , , ,4,2,1,3,1,0.7051707952510423,1.2721768144676244,5, , ,1.9828854801980262,5
30,1,3,1,18,95, , , ,1,4,6,90, , , ,4,2,1,3,1,0.7051707952510423,1.2721768144676244,5, , ,1.9828854801980262,5
30,1,4,1,18,95, , , ,1,3,7,90, , , ,4,2,1,3,1,0.7051707952510423,1.2721768144676244,5, , ,1.9828854801980262,5
30,2,1,2,11,95, , , ,1,1,90, , , , ,1,2,1,2,1,0.7051707952510423,-0.7711428319589324,2, , ,-0.5559014130702518,2
30,3,1,1,11,24, , , ,1,1,90, , , , ,3,2,1,1,1,0.7051707952510423,-0.6451560852266072,2, , ,-0.3993652089139854,2
30,3,2,1,11,24, , , ,1,5,90, , , , ,3,2,1,1,1,0.7051707952510423,-0.6451560852266072,2, , ,-0.3993652089139854,2
30,3,3,1,11,24, , , ,1,3,2,90, , , ,3,2,1,1,1,0.7051707952510423,-0.6451560852266072,2, , ,-0.3993652089139854,2
30,7,1,1,18,95, , , ,1,1,90, , , , ,1,2,1,2,1,0.7051707952510423,-0.5461080850779806,3, , ,-0.2762998994693596,3
30,8,1,1,12,24, , , ,1,1,2,90, , , ,4,2,1,3,1,0.7051707952510423,-0.2567154238111689,3, , ,0.08326513320533378,4
30,8,2,1,12,24, , , ,1,4,90, , , , ,4,2,1,3,1,0.7051707952510423,-0.2567154238111689,3, , ,0.08326513320533378,4
30,8,3,1,12,24, , , ,1,8,9,90, , , ,4,2,1,3,1,0.7051707952510423,-0.2567154238111689,3, , ,0.08326513320533378,4
30,8,4,1,12,24, , , ,1,3,10,11,90, , ,4,2,1,3,1,0.7051707952510423,-0.2567154238111689,3, , ,0.08326513320533378,4
30,9,1,2,18,12, , , ,1,1,5,90, , , ,2,2,1,2,1,0.7051707952510423,-0.6565611329054724,2, , ,-0.41353576985135054,2
30,9,2,2,18,12, , , ,1,2,3,4,90, , ,2,2,1,2,1,0.7051707952510423,-0.6565611329054724,2, , ,-0.41353576985135054,2
30,10,1,1,11,98, , , ,1,1,90, , , , ,1,2,1,3,1,0.7051707952510423,-0.421888419315004,3, , ,-0.12195926075591176,3
30,11,1,1,13,16, , , ,1,1,2,90, , , ,2,2,1,3,1,0.7051707952510423,-0.31292150651414063,3, , ,0.013430114324264943,4
30,11,2,1,13,16, , , ,1,3,4,90, , , ,2,2,1,3,1,0.7051707952510423,-0.31292150651414063,3, , ,0.013430114324264943,4
30,13,1,1,13,24, , , ,1,2,10,90, , , ,4,2,1,2,1,0.7051707952510423,-0.4946155474964263,3, , ,-0.21232137327949113,3
30,13,2,1,13,24, , , ,1,7,3,90, , , ,4,2,1,2,1,0.7051707952510423,-0.4946155474964263,3, , ,-0.21232137327949113,3
30,13,3,1,11,24, , , ,1,8,9,90, , , ,4,2,1,2,1,0.7051707952510423,-0.4946155474964263,3, , ,-0.21232137327949113,3
30,13,4,1,11,24, , , ,1,1,90, , , , ,4,2,1,2,1,0.7051707952510423,-0.4946155474964263,3, , ,-0.21232137327949113,3
30,15,1,1,11,95, , , ,1,3,90, , , , ,2,2,1,1,1,0.7051707952510423,-0.07725542863148172,4, , ,0.30624086019203867,4
30,15,2,1,11,95, , , ,1,1,2,90, , , ,2,2,1,1,1,0.7051707952510423,-0.07725542863148172,4, , ,0.30624086019203867,4
30,17,1,1,11,24, , , ,1,1,2,5,90, , ,2,2,1,2,1,0.7051707952510423,-0.8869905743357505,1, , ,-0.6998400917176882,1
30,17,2,1,11,24, , , ,1,6,4,3,90, , ,2,2,1,2,1,0.7051707952510423,-0.8869905743357505,1, , ,-0.6998400917176882,1
30,19,1,1,12,15, , , ,1,1,2,90, , , ,2,2,1,3,1,0.7051707952510423,-0.5608065229324071,3, , ,-0.2945624368269368,3
30,19,2,1,12,15, , , ,1,3,4,90, , , ,2,2,1,3,1,0.7051707952510423,-0.5608065229324071,3, , ,-0.2945624368269368,3
30,20,1,2,99,13,9,9, ,1,2,90, , , , ,3,2,1,3,1,0.7051707952510423,0.8454446838599753,5, , ,1.452678695362472,5
30,20,2,2,99,13,9,9, ,1,1,90, , , , ,3,2,1,3,1,0.7051707952510423,0.8454446838599753,5, , ,1.452678695362472,5
30,20,3,2,99,13,9,9, ,1,3,90, , , , ,3,2,1,3,1,0.7051707952510423,0.8454446838599753,5, , ,1.452678695362472,5
30,21,1,1,12,3, , , ,1,2,3,4,5,90,90,1,2,1,3,1,0.7051707952510423,-0.603559817781913,2, , ,-0.34768261545282225,3
30,22,1,1,13,95, , , ,1,1,90, , , , ,2,2,1,3,1,0.7051707952510423,-0.2154247364899738,4, , ,0.13456804901119748,4
30,22,2,1,13,95, , , ,1,2,3,90, , , ,2,2,1,3,1,0.7051707952510423,-0.2154247364899738,4, , ,0.13456804901119748,4
30,23,1,1,11,24, , , ,1,2,6,90, , , ,3,2,1,3,1,0.7051707952510423,0.9211150824943152,5, , ,1.5466977670222681,5
30,23,2,1,11,36, , , ,1,3,4,5,90, , ,3,2,1,3,1,0.7051707952510423,0.9211150824943152,5, , ,1.5466977670222681,5
30,23,3,1,11,24, , , ,1,1,90, , , , ,3,2,1,3,1,0.7051707952510423,0.9211150824943152,5, , ,1.5466977670222681,5
30,24,1,1,13,5, , , ,1,2,6,90, , , ,4,2,1,3,1,0.7051707952510423,-0.602628822614711,2, , ,-0.3465258711654943,3
30,24,2,1,13,5, , , ,1,1,90, , , , ,4,2,1,3,1,0.7051707952510423,-0.602628822614711,2, , ,-0.3465258711654943,3
30,24,3,1,13,5, , , ,1,7,8,90, , , ,4,2,1,3,1,0.7051707952510423,-0.602628822614711,2, , ,-0.3465258711654943,3
30,24,4,1,11,99, , , ,1,3,4,90, , , ,4,2,1,3,1,0.7051707952510423,-0.602628822614711,2, , ,-0.3465258711654943,3
30,25,1,1,11,5, , , ,1,1,90, , , , ,3,2,1,3,1,0.7051707952510423,-0.34870679562136275,3, , ,-0.03103244595900545,3
30,25,2,1,11,5, , , ,1,2,90, , , , ,3,2,1,3,1,0.7051707952510423,-0.34870679562136275,3, , ,-0.03103244595900545,3
30,25,3,1,11,5, , , ,1,5,6,90, , , ,3,2,1,3,1,0.7051707952510423,-0.34870679562136275,3, , ,-0.03103244595900545,3
30,26,1,2,28,12, ,1,3,1,2,90, , , , ,3,2,1,3,1,0.7051707952510423,-0.360373134992628,3, , ,-0.04552765699462867,3
30,26,2,2,28,12, ,1,3,1,6,4,90, , , ,3,2,1,3,1,0.7051707952510423,-0.360373134992628,3, , ,-0.04552765699462867,3
30,26,3,2,28,12, ,1,3,1,5,90, , , , ,3,2,1,3,1,0.7051707952510423,-0.360373134992628,3, , ,-0.04552765699462867,3
30,27,1,1,11,98, , , ,2, , , , , , ,5,2,1,2,1,0.7051707952510423,-0.2307601892234668,4, , ,0.11551403244055683,4
30,27,2,1,11,98, , , ,2, , , , , , ,5,2,1,2,1,0.7051707952510423,-0.2307601892234668,4, , ,0.11551403244055683,4
30,27,3,1,11,98, , , ,1,1,2,9,90, , ,5,2,1,2,1,0.7051707952510423,-0.2307601892234668,4, , ,0.11551403244055683,4
30,27,4,1,11,98, , , ,1,3,4,5,90, , ,5,2,1,2,1,0.7051707952510423,-0.2307601892234668,4, , ,0.11551403244055683,4
30,27,5,1,11,98, , , ,1,6,7,8,90, , ,5,2,1,2,1,0.7051707952510423,-0.2307601892234668,4, , ,0.11551403244055683,4
30,28,1,1,13,24, , , ,1,3,90, , , , ,3,2,1,3,1,0.7051707952510423,-0.46544407434031676,3, , ,-0.1760763570699237,3
30,28,2,1,13,24, , , ,1,2,90, , , , ,3,2,1,3,1,0.7051707952510423,-0.46544407434031676,3, , ,-0.1760763570699237,3
30,28,3,1,13,24, , , ,1,1,90, , , , ,3,2,1,3,1,0.7051707952510423,-0.46544407434031676,3, , ,-0.1760763570699237,3
30,29,1,1,11,99, , , ,1,9,8,90, , , ,6,2,1,3,1,0.7051707952510423,1.7198923977159764,5, , ,2.539163817094903,5
30,29,2,1,11,99, , , ,1,1,2,90, , , ,6,2,1,3,1,0.7051707952510423,1.7198923977159764,5, , ,2.539163817094903,5
30,29,3,1,11,99, , , ,2, , , , , , ,6,2,1,3,1,0.7051707952510423,1.7198923977159764,5, , ,2.539163817094903,5
30,29,4,1,12,99, , , ,1,4,90, , , , ,6,2,1,3,1,0.7051707952510423,1.7198923977159764,5, , ,2.539163817094903,5
30,29,5,1,11,99, , , ,1,5,6,90, , , ,6,2,1,3,1,0.7051707952510423,1.7198923977159764,5, , ,2.539163817094903,5
30,29,6,1,18,99, , , ,2, , , , , , ,6,2,1,3,1,0.7051707952510423,1.7198923977159764,5, , ,2.539163817094903,5
31,1,1,1,12,9, , , ,1,1,90, , , , ,2,2,1,3,1,0.44307191560021253,0.5232726192751451,4, , ,1.0523858599387184,5
31,1,2,1,12,2, , , ,2, , , , , , ,2,2,1,3,1,0.44307191560021253,0.5232726192751451,4, , ,1.0523858599387184,5
31,2,1,2,98,12,8,2, ,1,1,90, , , , ,1,2,1,2,1,0.44307191560021253,0.17644955207518698,4, , ,0.6214646093990734,4
31,4,1,2,18,95, , , ,1,1,2,90, , , ,6,2,1,2,1,0.44307191560021253,1.4634800006700668,5, , ,2.2205761531285177,5
31,4,2,2,18,95, , , ,1,11,7,90, , , ,6,2,1,2,1,0.44307191560021253,1.4634800006700668,5, , ,2.2205761531285177,5
31,4,3,2,18,95, , , ,1,8,12,90, , , ,6,2,1,2,1,0.44307191560021253,1.4634800006700668,5, , ,2.2205761531285177,5
31,4,4,1,28,95, ,1,8,1,9,90, , , , ,6,2,1,2,1,0.44307191560021253,1.4634800006700668,5, , ,2.2205761531285177,5
31,4,5,1,28,95, ,1,8,1,6,90, , , , ,6,2,1,2,1,0.44307191560021253,1.4634800006700668,5, , ,2.2205761531285177,5
31,4,6,2,28,95, ,1,8,2, , , , , , ,6,2,1,2,1,0.44307191560021253,1.4634800006700668,5, , ,2.2205761531285177,5
31,5,1,1,11,24, , , ,1,1,2,90, , , ,3,2,1,2,1,0.44307191560021253,-0.838783449916395,1, , ,-0.6399436306563709,2
31,5,2,1,11,24, , , ,1,3,4,90, , , ,3,2,1,2,1,0.44307191560021253,-0.838783449916395,1, , ,-0.6399436306563709,2
31,5,3,1,11,24, , , ,1,5,90, , , , ,3,2,1,2,1,0.44307191560021253,-0.838783449916395,1, , ,-0.6399436306563709,2
31,7,1,1,12,24, , , ,1,1,90, , , , ,2,2,1,3,1,0.44307191560021253,-0.3176994950203697,3, , ,0.0074935519185666015,4
31,7,2,1,12,24, , , ,1,2,3,90, , , ,2,2,1,3,1,0.44307191560021253,-0.3176994950203697,3, , ,0.0074935519185666015,4
31,8,1,2,12,24, , , ,1,1,90, , , , ,1,2,1,3,1,0.44307191560021253,-0.5038449832140892,3, , ,-0.22378877656768592,3
31,9,1,2,11,24, , , ,1,1,2,90, , , ,2,2,1,3,1,0.44307191560021253,0.3326757347809196,4, , ,0.8155727538258564,5
31,9,2,2,11,24, , , ,2, , , , , , ,2,2,1,3,1,0.44307191560021253,0.3326757347809196,4, , ,0.8155727538258564,5
31,10,1,2,12,95, , , ,1,1,90, , , , ,1,2,1,2,1,0.44307191560021253,-1.0754281941650436,1, , ,-0.9339703513948423,1
31,11,1,1,12,98, , , ,2, , , , , , ,3,2,1,3,1,0.44307191560021253,1.4663706703126884,5, , ,2.224167756730181,5
31,11,2,1,12,98, , , ,2, , , , , , ,3,2,1,3,1,0.44307191560021253,1.4663706703126884,5, , ,2.224167756730181,5
31,11,3,1,12,98, , , ,1,7,90, , , , ,3,2,1,3,1,0.44307191560021253,1.4663706703126884,5, , ,2.224167756730181,5
31,12,1,1,12,24, , , ,1,1,90, , , , ,5,2,1,2,1,0.44307191560021253,0.9973375820941343,5, , ,1.6414028139269903,5
31,12,2,1,12,24, , , ,1,2,90, , , , ,5,2,1,2,1,0.44307191560021253,0.9973375820941343,5, , ,1.6414028139269903,5
31,12,3,1,12,24, , , ,2, , , , , , ,5,2,1,2,1,0.44307191560021253,0.9973375820941343,5, , ,1.6414028139269903,5
31,12,4,1,12,24, , , ,1,5,90, , , , ,5,2,1,2,1,0.44307191560021253,0.9973375820941343,5, , ,1.6414028139269903,5
31,12,5,1,12,24, , , ,1,6,7,8,90, , ,5,2,1,2,1,0.44307191560021253,0.9973375820941343,5, , ,1.6414028139269903,5
31,13,1,1,12,95, , , ,1,1,2,90, , , ,3,2,1,2,1,0.44307191560021253,1.044030280782438,5, , ,1.6994176290091545,5
31,13,2,1,11,95, , , ,1,4,6,90, , , ,3,2,1,2,1,0.44307191560021253,1.044030280782438,5, , ,1.6994176290091545,5
31,13,3,1,12,95, , , ,1,7,8,90, , , ,3,2,1,2,1,0.44307191560021253,1.044030280782438,5, , ,1.6994176290091545,5
31,14,1,1,11,4, , , ,1,2,90, , , , ,6,2,1,3,1,0.44307191560021253,1.9909463558194145,5, , ,2.875943350049994,5
31,14,2,1,11,4, , , ,1,3,90, , , , ,6,2,1,3,1,0.44307191560021253,1.9909463558194145,5, , ,2.875943350049994,5
31,14,3,1,11,4, , , ,1,4,90, , , , ,6,2,1,3,1,0.44307191560021253,1.9909463558194145,5, , ,2.875943350049994,5
31,14,4,1,11,4, , , ,1,5,90, , , , ,6,2,1,3,1,0.44307191560021253,1.9909463558194145,5, , ,2.875943350049994,5
31,14,5,1,11,4, , , ,1,6,90, , , , ,6,2,1,3,1,0.44307191560021253,1.9909463558194145,5, , ,2.875943350049994,5
31,14,6,1,11,4, , , ,2, , , , , , ,6,2,1,3,1,0.44307191560021253,1.9909463558194145,5, , ,2.875943350049994,5
31,15,1,1,11,95, , , ,1,3,90, , , , ,3,2,1,3,1,0.44307191560021253,0.0005249014596471202,4, , ,0.40288148268826823,4
31,15,2,1,11,95, , , ,1,5,90, , , , ,3,2,1,3,1,0.44307191560021253,0.0005249014596471202,4, , ,0.40288148268826823,4
31,15,3,1,11,95, , , ,2, , , , , , ,3,2,1,3,1,0.44307191560021253,0.0005249014596471202,4, , ,0.40288148268826823,4
31,16,1,1,12,95, , , ,1,2,90, , , , ,1,2,1,3,1,0.44307191560021253,0.8967940616811053,5, , ,1.516479348196087,5
31,21,1,2,11,24, , , ,1,3,90, , , , ,6,2,1,3,1,0.44307191560021253,2.1708916260881734,5, , ,3.0995220223653552,5
31,21,2,2,11,24, , , ,1,4,90, , , , ,6,2,1,3,1,0.44307191560021253,2.1708916260881734,5, , ,3.0995220223653552,5
31,21,3,2,11,24, , , ,1,5,90, , , , ,6,2,1,3,1,0.44307191560021253,2.1708916260881734,5, , ,3.0995220223653552,5
31,21,4,2,11,24, , , ,1,1,2,90, , , ,6,2,1,3,1,0.44307191560021253,2.1708916260881734,5, , ,3.0995220223653552,5
31,21,5,2,11,24, , , ,2, , , , , , ,6,2,1,3,1,0.44307191560021253,2.1708916260881734,5, , ,3.0995220223653552,5
31,21,6,2,11,24, , , ,2, , , , , , ,6,2,1,3,1,0.44307191560021253,2.1708916260881734,5, , ,3.0995220223653552,5
31,26,1,1,12,2, , , ,1,1,90, , , , ,2,2,1,3,1,0.44307191560021253,0.6531739231114758,5, , ,1.2137858289425354,5
31,26,2,1,12,2, , , ,1,5,4,7,90, , ,2,2,1,3,1,0.44307191560021253,0.6531739231114758,5, , ,1.2137858289425354,5
31,27,1,2,12,3, , , ,2, , , , , , ,4,2,1,3,1,0.44307191560021253,0.8488026527999125,5, , ,1.4568509097037885,5
31,27,2,2,12,3, , , ,1,7,90, , , , ,4,2,1,3,1,0.44307191560021253,0.8488026527999125,5, , ,1.4568509097037885,5
31,27,3,2,12,3, , , ,1,4,90, , , , ,4,2,1,3,1,0.44307191560021253,0.8488026527999125,5, , ,1.4568509097037885,5
31,27,4,2,12,3, , , ,1,6,90, , , , ,4,2,1,3,1,0.44307191560021253,0.8488026527999125,5, , ,1.4568509097037885,5
31,28,1,1,12,3, , , ,1,2,90, , , , ,3,2,1,3,1,0.44307191560021253,1.7457622454412274,5, , ,2.5713066247317666,5
31,28,2,1,12,3, , , ,1,3,90, , , , ,3,2,1,3,1,0.44307191560021253,1.7457622454412274,5, , ,2.5713066247317666,5
31,28,3,1,12,3, , , ,1,1,90, , , , ,3,2,1,3,1,0.44307191560021253,1.7457622454412274,5, , ,2.5713066247317666,5
31,29,1,1,12,98, , , ,2, , , , , , ,1,2,1,2,1,0.44307191560021253,-0.6328724669779549,2, , ,-0.3841030402825978,2
31,30,1,1,12,24, , , ,1,6,7,90, , , ,3,2,1,3,6,0.44307191560021253,1.779371976170295,5, , ,2.6130660939418133,5
31,30,2,1,12,24, , , ,1,4,3,5,90, , ,3,2,1,3,6,0.44307191560021253,1.779371976170295,5, , ,2.6130660939418133,5
31,30,3,1,12,24, , , ,1,2,1,90, , , ,3,2,1,3,6,0.44307191560021253,1.779371976170295,5, , ,2.6130660939418133,5
32,1,1,1,12,4, , , ,1,1,90, , , , ,6,2,1,3,1,1.4477842875950604,0.9376816564892893,5, , ,1.567281429005039,5
32,1,2,1,12,4, , , ,1,2,7,90, , , ,6,2,1,3,1,1.4477842875950604,0.9376816564892893,5, , ,1.567281429005039,5
32,1,3,1,12,4, , , ,1,3,5,90, , , ,6,2,1,3,1,1.4477842875950604,0.9376816564892893,5, , ,1.567281429005039,5
32,1,4,1,12,4, , , ,1,6,90, , , , ,6,2,1,3,1,1.4477842875950604,0.9376816564892893,5, , ,1.567281429005039,5
32,1,5,1,12,4, , , ,1,4,90, , , , ,6,2,1,3,1,1.4477842875950604,0.9376816564892893,5, , ,1.567281429005039,5
32,1,6,1,12,1, , , ,2, , , , , , ,6,2,1,3,1,1.4477842875950604,0.9376816564892893,5, , ,1.567281429005039,5
32,2,1,2,11,22, , , ,1,1,2,8,90, , ,6,2,1,3,1,1.4477842875950604,0.19407509074654583,4, , ,0.643364015419025,4
32,2,2,2,11,22, , , ,1,3,5,90, , , ,6,2,1,3,1,1.4477842875950604,0.19407509074654583,4, , ,0.643364015419025,4
32,2,3,2,13,24, , , ,1,4,90, , , , ,6,2,1,3,1,1.4477842875950604,0.19407509074654583,4, , ,0.643364015419025,4
32,2,4,2,13,24, , , ,1,6,90, , , , ,6,2,1,3,1,1.4477842875950604,0.19407509074654583,4, , ,0.643364015419025,4
32,2,5,2,13,24, , , ,2, , , , , , ,6,2,1,3,1,1.4477842875950604,0.19407509074654583,4, , ,0.643364015419025,4
32,2,6,2,13,24, , , ,2, , , , , , ,6,2,1,3,1,1.4477842875950604,0.19407509074654583,4, , ,0.643364015419025,4
32,3,1,2,13,5, , , ,1,2,7,90, , , ,2,2,1,2,1,1.4477842875950604,0.04077523909460573,4, , ,0.45289178323814294,4
32,3,2,2,13,5, , , ,1,5,90, , , , ,2,2,1,2,1,1.4477842875950604,0.04077523909460573,4, , ,0.45289178323814294,4
32,4,1,1,13,95, , , ,1,2,90, , , , ,1,2,1,3,1,1.4477842875950604,0.6128783175066383,5, , ,1.1637192837767905,5
32,5,1,1,11,12, , , ,1,1,2,6,90, , ,2,2,1,2,1,1.4477842875950604,-0.7687131754918737,2, , ,-0.5528826098181513,2
32,5,2,1,11,12, , , ,1,4,5,90, , , ,2,2,1,2,1,1.4477842875950604,-0.7687131754918737,2, , ,-0.5528826098181513,2
32,6,1,1,12,95, , , ,1,2,90, , , , ,4,2,1,2,1,1.4477842875950604,-0.7878076205417428,2, , ,-0.5766071048630735,2
32,6,2,1,12,95, , , ,2, , , , , , ,4,2,1,2,1,1.4477842875950604,-0.7878076205417428,2, , ,-0.5766071048630735,2
32,6,3,1,12,95, , , ,2, , , , , , ,4,2,1,2,1,1.4477842875950604,-0.7878076205417428,2, , ,-0.5766071048630735,2
32,6,4,1,12,95, , , ,1,5,6,7,90, , ,4,2,1,2,1,1.4477842875950604,-0.7878076205417428,2, , ,-0.5766071048630735,2
32,8,1,1,12,95, , , ,2, , , , , , ,1,2,1,2,1,1.4477842875950604,-1.001718665607571,1, , ,-0.842387624562082,1
32,9,1,1,11,18, , , ,1,1,2,4,90, , ,1,2,1,2,1,1.4477842875950604,-0.6995927551368051,2, , ,-0.46700176510473007,2
32,10,1,1,11,98, , , ,1,1,2,4,90, , ,3,2,1,3,1,1.4477842875950604,-0.05323287092926848,4, , ,0.33608844411940825,4
32,10,2,1,11,98, , , ,1,3,5,90, , , ,3,2,1,3,1,1.4477842875950604,-0.05323287092926848,4, , ,0.33608844411940825,4
32,10,3,1,11,98, , , ,2, , , , , , ,3,2,1,3,1,1.4477842875950604,-0.05323287092926848,4, , ,0.33608844411940825,4
32,12,1,1,12,98, , , ,1,1,2,90, , , ,2,2,1,3,1,1.4477842875950604,-0.2991009219135622,3, , ,0.030601935239615415,4
32,12,2,1,12,98, , , ,1,3,4,5,90, , ,2,2,1,3,1,1.4477842875950604,-0.2991009219135622,3, , ,0.030601935239615415,4
32,13,1,2,98,16,8,2, ,1,2,90, , , , ,3,2,1,3,1,1.4477842875950604,-0.3817702495257451,3, , ,-0.07211317631141284,3
32,13,2,2,98,16,8,2, ,2, , , , , , ,3,2,1,3,1,1.4477842875950604,-0.3817702495257451,3, , ,-0.07211317631141284,3
32,13,3,2,98,16,8,2, ,2, , , , , , ,3,2,1,3,1,1.4477842875950604,-0.3817702495257451,3, , ,-0.07211317631141284,3
32,14,1,1,98,98,8,8, ,1,7,10,90, , , ,3,2,1,3,1,1.4477842875950604,1.7922992724750264,5, , ,2.629128020660545,5
32,14,2,1,98,98,8,8, ,2, , , , , , ,3,2,1,3,1,1.4477842875950604,1.7922992724750264,5, , ,2.629128020660545,5
32,14,3,1,98,98,8,8, ,2, , , , , , ,3,2,1,3,1,1.4477842875950604,1.7922992724750264,5, , ,2.629128020660545,5
32,15,1,2,11,98, , , ,1,1,90, , , , ,1,2,1,3,1,1.4477842875950604,-0.7554865916133637,2, , ,-0.5364488238208406,2
32,16,1,2,11,95, , , ,1,8,90, , , , ,1,2,1,3,1,1.4477842875950604,-0.25839932893717316,3, , ,0.08117291221050156,4
32,17,1,1,11,95, , , ,1,1,90, , , , ,1,2,1,2,1,1.4477842875950604,0.8913658502582044,5, , ,1.5097348958347292,5
32,18,1,1,28,8, ,1,6,1,1,90, , , , ,1,2,1,2,1,1.4477842875950604,-0.9813264433088328,1, , ,-0.8170506652727267,1
32,19,1,2,12,95, , , ,1,1,2,90, , , ,3,2,1,3,6,1.4477842875950604,1.1606568921567448,5, , ,1.8443240379898536,5
32,19,2,2,12,95, , , ,1,3,90, , , , ,3,2,1,3,6,1.4477842875950604,1.1606568921567448,5, , ,1.8443240379898536,5
32,19,3,2,12,95, , , ,2, , , , , , ,3,2,1,3,6,1.4477842875950604,1.1606568921567448,5, , ,1.8443240379898536,5
32,20,1,1,12,12, , , ,1,1,90, , , , ,1,2,1,2,1,1.4477842875950604,0.2059885099437856,4, , ,0.6581662185715556,4
32,23,1,2,12,12, , , ,1,1,2,90, , , ,4,2,1,3,1,1.4477842875950604,-0.2980417286913349,3, , ,0.03191796324078104,4
32,23,2,2,12,12, , , ,1,3,90, , , , ,4,2,1,3,1,1.4477842875950604,-0.2980417286913349,3, , ,0.03191796324078104,4
32,23,3,2,12,12, , , ,2, , , , , , ,4,2,1,3,1,1.4477842875950604,-0.2980417286913349,3, , ,0.03191796324078104,4
32,23,4,2,12,12, , , ,2, , , , , , ,4,2,1,3,1,1.4477842875950604,-0.2980417286913349,3, , ,0.03191796324078104,4
32,24,1,1,12,12, , , ,1,1,2,3,90, , ,1,2,1,3,6,1.4477842875950604,-0.1965292756271338,4, , ,0.15804530988163282,4
32,28,1,1,12,12, , , ,2, , , , , , ,2,2,1,3,1,1.4477842875950604,0.34054774186945247,4, , ,0.8253535771322018,5
32,28,2,1,12,17, , , ,1,1,2,5,90, , ,2,2,1,3,1,1.4477842875950604,0.34054774186945247,4, , ,0.8253535771322018,5
32,29,1,2,12,12, , , ,1,1,2,3,90, , ,1,2,1,3,1,1.4477842875950604,-0.48909628727364846,3, , ,-0.20546379446717442,3
33,1,1,1,11,8, , , ,1,1,90, , , , ,2,2,1,3,1,0.7363730428285223,0.8555485165074438,5, , ,1.465232520674155,5
33,1,2,1,12,4, , , ,1,2,3,90, , , ,2,2,1,3,1,0.7363730428285223,0.8555485165074438,5, , ,1.465232520674155,5
33,2,1,2,12,2, , , ,1,1,90, , , , ,4,2,1,2,6,0.7363730428285223,2.6446653886372515,5, , ,3.688177165400623,5
33,2,2,2,12,2, , , ,1,2,90, , , , ,4,2,1,2,6,0.7363730428285223,2.6446653886372515,5, , ,3.688177165400623,5
33,2,3,2,12,2, , , ,1,3,90, , , , ,4,2,1,2,6,0.7363730428285223,2.6446653886372515,5, , ,3.688177165400623,5
33,2,4,2,12,3, , , ,1,4,90, , , , ,4,2,1,2,6,0.7363730428285223,2.6446653886372515,5, , ,3.688177165400623,5
33,4,1,1,12,24, , , ,1,1,90, , , , ,4,2,1,3,1,0.7363730428285223,1.2456753969493604,5, , ,1.949957958766877,5
33,4,2,1,12,24, , , ,2, , , , , , ,4,2,1,3,1,0.7363730428285223,1.2456753969493604,5, , ,1.949957958766877,5
33,4,3,1,12,24, , , ,2, , , , , , ,4,2,1,3,1,0.7363730428285223,1.2456753969493604,5, , ,1.949957958766877,5
33,4,4,1,12,28, , , ,2, , , , , , ,4,2,1,3,1,0.7363730428285223,1.2456753969493604,5, , ,1.949957958766877,5
33,5,1,2,21,24, ,1,11,1,3,90, , , , ,6,2,1,1,1,0.7363730428285223,1.3141121694954645,5, , ,2.03498938371377,5
33,5,2,2,11,12, , , ,1,4,90, , , , ,6,2,1,1,1,0.7363730428285223,1.3141121694954645,5, , ,2.03498938371377,5
33,5,3,2,11,12, , , ,1,5,90, , , , ,6,2,1,1,1,0.7363730428285223,1.3141121694954645,5, , ,2.03498938371377,5
33,5,4,2,13,12, , , ,1,6,90, , , , ,6,2,1,1,1,0.7363730428285223,1.3141121694954645,5, , ,2.03498938371377,5
33,5,5,2,11,12, , , ,1,7,90, , , , ,6,2,1,1,1,0.7363730428285223,1.3141121694954645,5, , ,2.03498938371377,5
33,5,6,2,11,12, , , ,2, , , , , , ,6,2,1,1,1,0.7363730428285223,1.3141121694954645,5, , ,2.03498938371377,5
33,6,1,1,13,14, , , ,1,1,90, , , , ,2,2,1,2,1,0.7363730428285223,1.2440485420055438,5, , ,1.9479366215689338,5
33,6,2,1,13,14, , , ,1,2,90, , , , ,2,2,1,2,1,0.7363730428285223,1.2440485420055438,5, , ,1.9479366215689338,5
33,8,1,1,13,13, , , ,2, , , , , , ,3,2,1,3,6,0.7363730428285223,1.894402030082881,5, , ,2.755988809786073,5
33,8,2,1,13,13, , , ,1,6,90, , , , ,3,2,1,3,6,0.7363730428285223,1.894402030082881,5, , ,2.755988809786073,5
33,8,3,1,13,13, , , ,1,2,5,90, , , ,3,2,1,3,6,0.7363730428285223,1.894402030082881,5, , ,2.755988809786073,5
33,10,1,1,11,12, , , ,1,1,90, , , , ,2,2,1,3,1,0.7363730428285223,1.5203111080388525,5, , ,2.2911877536043033,5
33,10,2,1,11,12, , , ,2, , , , , , ,2,2,1,3,1,0.7363730428285223,1.5203111080388525,5, , ,2.2911877536043033,5
33,14,1,2,12,12, , , ,1,1,90, , , , ,2,2,1,3,1,0.7363730428285223,-0.20561021742816782,4, , ,0.14676240754018272,4
33,14,2,2,12,1, , , ,1,2,3,90, , , ,2,2,1,3,1,0.7363730428285223,-0.20561021742816782,4, , ,0.14676240754018272,4
33,16,1,1,12,12, , , ,1,2,90, , , , ,2,2,1,3,1,0.7363730428285223,-0.2598135946939214,3, , ,0.07941571314812786,4
33,16,2,1,12,12, , , ,1,5,3,4,90, , ,2,2,1,3,1,0.7363730428285223,-0.2598135946939214,3, , ,0.07941571314812786,4
33,17,1,1,21,6, ,2, ,1,1,90, , , , ,1,2,1,3,1,0.7363730428285223,0.8095933582513278,5, , ,1.408134085946757,5
33,18,1,1,13,95, , , ,1,1,2,90, , , ,4,2,1,3,1,0.7363730428285223,0.4244529644610233,4, , ,0.9296042653516252,5
33,18,2,1,13,95, , , ,1,4,7,6,5,90,90,4,2,1,3,1,0.7363730428285223,0.4244529644610233,4, , ,0.9296042653516252,5
33,18,3,1,13,95, , , ,1,8,3,90, , , ,4,2,1,3,1,0.7363730428285223,0.4244529644610233,4, , ,0.9296042653516252,5
33,18,4,1,13,95, , , ,1,9,90, , , , ,4,2,1,3,1,0.7363730428285223,0.4244529644610233,4, , ,0.9296042653516252,5
33,19,1,1,11,12, , , ,1,1,2,3,4,90,90,2,2,1,2,1,0.7363730428285223,-0.6585763569923015,2, , ,-0.41603964853111947,2
33,19,2,1,11,12, , , ,2, , , , , , ,2,2,1,2,1,0.7363730428285223,-0.6585763569923015,2, , ,-0.41603964853111947,2
33,21,1,1,12,12, , , ,1,2,1,90, , , ,3,2,1,3,1,0.7363730428285223,0.9134115350245563,5, , ,1.5371262516785493,5
33,21,2,1,12,12, , , ,1,4,5,90, , , ,3,2,1,3,1,0.7363730428285223,0.9134115350245563,5, , ,1.5371262516785493,5
33,21,3,1,12,12, , , ,1,3,6,90, , , ,3,2,1,3,1,0.7363730428285223,0.9134115350245563,5, , ,1.5371262516785493,5
33,22,1,2,21,36, ,1,13,1,1,90, , , , ,1,2,1,1,1,0.7363730428285223,-0.035114654560704006,4, , ,0.3585999930717976,4
33,24,1,1,13,12, , , ,1,1,2,90, , , ,2,2,1,3,1,0.7363730428285223,0.7419263627487999,5, , ,1.3240590947484396,5
33,24,2,1,13,12, , , ,2, , , , , , ,2,2,1,3,1,0.7363730428285223,0.7419263627487999,5, , ,1.3240590947484396,5
33,25,1,2,98,24,2,2, ,1,1,2,90, , , ,2,2,1,3,1,0.7363730428285223,0.8895028774667452,5, , ,1.5074201865753418,5
33,25,2,2,98,24,2,2, ,1,3,4,6,7,90,90,2,2,1,3,1,0.7363730428285223,0.8895028774667452,5, , ,1.5074201865753418,5
33,26,1,1,12,5, , , ,1,1,2,5,90, , ,1,2,1,3,1,0.7363730428285223,-0.4567447797192783,3, , ,-0.1652676442954951,3
33,27,1,1,11,5, , , ,1,1,90, , , , ,2,2,1,3,6,0.7363730428285223,0.9989651856351108,5, , ,1.6434250812430682,5
33,27,2,1,12,5, , , ,1,2,90, , , , ,2,2,1,3,6,0.7363730428285223,0.9989651856351108,5, , ,1.6434250812430682,5
33,28,1,2,12,12, , , ,1,1,90, , , , ,4,2,1,1,1,0.7363730428285223,1.4958788225982298,5, , ,2.2608310905351057,5
33,28,2,2,12,12, , , ,1,3,90, , , , ,4,2,1,1,1,0.7363730428285223,1.4958788225982298,5, , ,2.2608310905351057,5
33,28,3,2,12,12, , , ,1,4,5,90, , , ,4,2,1,1,1,0.7363730428285223,1.4958788225982298,5, , ,2.2608310905351057,5
33,28,4,2,12,12, , , ,1,7,90, , , , ,4,2,1,1,1,0.7363730428285223,1.4958788225982298,5, , ,2.2608310905351057,5
34,1,1,1,13,1, , , ,1,1,90, , , , ,1,2,1,2,1,0.7800561894369938,-0.30603926115379815,3, , ,0.021981176977458106,4
34,3,1,1,12,95, , , ,1,1,90, , , , ,1,2,1,2,1,0.7800561894369938,-0.7032813584207331,2, , ,-0.4715847865072208,2
34,4,1,2,21,98, ,2, ,1,2,4,3,5,90,90,1,2,1,2,1,0.7800561894369938,-1.0513319469974582,1, , ,-0.9040312096687767,1
34,5,1,2,11,95, , , ,1,1,90, , , , ,3,2,1,2,1,0.7800561894369938,1.7794611996896381,5, , ,2.6131769525154462,5
34,5,2,2,11,95, , , ,1,2,90, , , , ,3,2,1,2,1,0.7800561894369938,1.7794611996896381,5, , ,2.6131769525154462,5
34,5,3,2,11,95, , , ,1,4,90, , , , ,3,2,1,2,1,0.7800561894369938,1.7794611996896381,5, , ,2.6131769525154462,5
34,6,1,2,21,95, ,2, ,1,1,2,7,90, , ,2,2,1,1,1,0.7800561894369938,-0.7979418697092051,2, , ,-0.5891987221386495,2
34,6,2,2,21,95, ,2, ,1,3,4,5,6,90,0,2,2,1,1,1,0.7800561894369938,-0.7979418697092051,2, , ,-0.5891987221386495,2
34,9,1,1,12,9, , , ,1,2,6,90, , , ,3,2,1,2,1,0.7800561894369938,-0.7340208051788606,2, , ,-0.509777980935872,2
34,9,2,1,12,12, , , ,1,1,5,90, , , ,3,2,1,2,1,0.7800561894369938,-0.7340208051788606,2, , ,-0.509777980935872,2
34,9,3,1,12,12, , , ,1,3,4,90, , , ,3,2,1,2,1,0.7800561894369938,-0.7340208051788606,2, , ,-0.509777980935872,2
34,10,1,1,12,3, , , ,1,1,2,90, , , ,1,2,1,3,1,0.7800561894369938,0.05606542283432392,4, , ,0.47188955392074156,4
34,11,1,2,98,95,8,2, ,2, , , , , , ,2,2,1,2,1,0.7800561894369938,-0.41125935393871565,3, , ,-0.10875284348673664,3
34,11,2,2,98,95,8,2, ,2, , , , , , ,2,2,1,2,1,0.7800561894369938,-0.41125935393871565,3, , ,-0.10875284348673664,3
34,12,1,1,12,95, , , ,1,1,2,90, , , ,4,2,1,3,1,0.7800561894369938,0.08115581288061763,4, , ,0.5030638997984994,4
34,12,2,1,12,95, , , ,1,5,90, , , , ,4,2,1,3,1,0.7800561894369938,0.08115581288061763,4, , ,0.5030638997984994,4
34,12,3,1,12,95, , , ,1,3,4,90, , , ,4,2,1,3,1,0.7800561894369938,0.08115581288061763,4, , ,0.5030638997984994,4
34,12,4,1,12,95, , , ,1,6,7,90, , , ,4,2,1,3,1,0.7800561894369938,0.08115581288061763,4, , ,0.5030638997984994,4
34,13,1,1,12,24, , , ,2, , , , , , ,5,2,1,2,1,0.7800561894369938,-0.32646773408031066,3, , ,-0.0034008230468733484,3
34,13,2,1,12,24, , , ,2, , , , , , ,5,2,1,2,1,0.7800561894369938,-0.32646773408031066,3, , ,-0.0034008230468733484,3
34,13,3,1,12,99, , , ,2, , , , , , ,5,2,1,2,1,0.7800561894369938,-0.32646773408031066,3, , ,-0.0034008230468733484,3
34,13,4,1,12,24, , , ,2, , , , , , ,5,2,1,2,1,0.7800561894369938,-0.32646773408031066,3, , ,-0.0034008230468733484,3
34,13,5,1,12,24, , , ,2, , , , , , ,5,2,1,2,1,0.7800561894369938,-0.32646773408031066,3, , ,-0.0034008230468733484,3
34,16,1,1,11,12, , , ,1,1,2,8,90, , ,3,2,1,3,1,0.7800561894369938,-0.4732486181176502,3, , ,-0.18577335845905252,3
34,16,2,1,11,12, , , ,1,5,6,7,90, , ,3,2,1,3,1,0.7800561894369938,-0.4732486181176502,3, , ,-0.18577335845905252,3
34,16,3,1,11,12, , , ,1,3,4,90, , , ,3,2,1,3,1,0.7800561894369938,-0.4732486181176502,3, , ,-0.18577335845905252,3
34,17,1,1,12,95, , , ,1,1,2,6,90, , ,3,2,1,3,1,0.7800561894369938,1.3042820982651193,5, , ,2.022775701902831,5
34,17,2,1,12,95, , , ,1,5,4,90, , , ,3,2,1,3,1,0.7800561894369938,1.3042820982651193,5, , ,2.022775701902831,5
34,17,3,1,12,95, , , ,1,3,7,90, , , ,3,2,1,3,1,0.7800561894369938,1.3042820982651193,5, , ,2.022775701902831,5
34,18,1,1,12,5, , , ,1,1,2,90, , , ,3,2,1,3,1,0.7800561894369938,-0.21619428258945045,4, , ,0.13361190220639688,4
34,18,2,1,12,5, , , ,1,3,5,6,90, , ,3,2,1,3,1,0.7800561894369938,-0.21619428258945045,4, , ,0.13361190220639688,4
34,18,3,2,12,5, , , ,1,4,7,90, , , ,3,2,1,3,1,0.7800561894369938,-0.21619428258945045,4, , ,0.13361190220639688,4
34,19,1,2,13,95, , , ,1,1,2,6,90, , ,2,2,1,2,1,0.7800561894369938,-0.3213749540388568,3, , ,0.002926862022935958,3
34,19,2,2,11,1, , , ,1,3,4,5,90, , ,2,2,1,2,1,0.7800561894369938,-0.3213749540388568,3, , ,0.002926862022935958,3
34,22,1,1,13,95, , , ,1,1,2,5,90, , ,2,2,1,2,1,0.7800561894369938,0.22891769786527727,4, , ,0.6866553107555282,4
34,22,2,1,13,95, , , ,1,4,3,90, , , ,2,2,1,2,1,0.7800561894369938,0.22891769786527727,4, , ,0.6866553107555282,4
34,23,1,1,13,95, , , ,1,1,2,90, , , ,3,2,1,3,1,0.7800561894369938,0.6953420979814254,5, , ,1.2661790068088066,5
34,23,2,1,13,95, , , ,1,4,5,90, , , ,3,2,1,3,1,0.7800561894369938,0.6953420979814254,5, , ,1.2661790068088066,5
34,23,3,1,13,95, , , ,1,3,90, , , , ,3,2,1,3,1,0.7800561894369938,0.6953420979814254,5, , ,1.2661790068088066,5
34,24,1,1,13,0, , , ,1,2,90, , , , ,3,2,1,3,1,0.7800561894369938,-0.6742218375582816,2, , ,-0.4354788689532687,2
34,24,2,1,13,0, , , ,1,3,90, , , , ,3,2,1,3,1,0.7800561894369938,-0.6742218375582816,2, , ,-0.4354788689532687,2
34,24,3,1,13,0, , , ,1,5,90, , , , ,3,2,1,3,1,0.7800561894369938,-0.6742218375582816,2, , ,-0.4354788689532687,2
34,25,1,1,11,3, , , ,1,1,90, , , , ,2,2,1,2,1,0.7800561894369938,-0.7045827513243178,2, , ,-0.47320174313580865,2
34,25,2,1,11,3, , , ,1,11,10,90, , , ,2,2,1,2,1,0.7800561894369938,-0.7045827513243178,2, , ,-0.47320174313580865,2
34,26,1,2,13,95, , , ,1,1,2,90, , , ,1,2,1,2,1,0.7800561894369938,-0.6110478130491899,2, , ,-0.3569863111690866,3
34,27,1,2,13,95, , , ,1,1,90, , , , ,3,2,1,3,1,0.7800561894369938,1.1359913914328414,5, , ,1.8136776092417821,5
34,27,2,2,13,95, , , ,1,2,90, , , , ,3,2,1,3,1,0.7800561894369938,1.1359913914328414,5, , ,1.8136776092417821,5
34,27,3,2,13,95, , , ,1,3,90, , , , ,3,2,1,3,1,0.7800561894369938,1.1359913914328414,5, , ,1.8136776092417821,5
34,30,1,1,21,95, ,2, ,2, , , , , , ,3,2,1,2,1,0.7800561894369938,-0.6565488419217266,2, , ,-0.4135204985312251,2
34,30,2,2,21,24, ,2, ,2, , , , , , ,3,2,1,2,1,0.7800561894369938,-0.6565488419217266,2, , ,-0.4135204985312251,2
34,30,3,1,12,16, , , ,2, , , , , , ,3,2,1,2,1,0.7800561894369938,-0.6565488419217266,2, , ,-0.4135204985312251,2
35,2,1,9,13,95, , , ,1,1,90, , , , ,2,2,1,3,1,1.0858382156962956,-0.47623836721707613,3, , ,-0.18948806645447433,3
35,2,2,9,13,95, , , ,1,2,90, , , , ,2,2,1,3,1,1.0858382156962956,-0.47623836721707613,3, , ,-0.18948806645447433,3
35,5,1,1,12,0, , , ,1,1,2,8,90, , ,3,2,1,2,1,1.0858382156962956,-1.1105204295366558,1, , ,-0.9775718052215805,1
35,5,2,1,12,0, , , ,1,3,90, , , , ,3,2,1,2,1,1.0858382156962956,-1.1105204295366558,1, , ,-0.9775718052215805,1
35,5,3,1,12,0, , , ,1,4,5,7,90, , ,3,2,1,2,1,1.0858382156962956,-1.1105204295366558,1, , ,-0.9775718052215805,1
35,6,1,1,12,95, , , ,1,1,2,90, , , ,1,2,1,3,1,1.0858382156962956,-1.0890712381481724,1, , ,-0.9509215813745591,1
35,8,1,2,12,24, , , ,1,1,2,5,90, , ,3,2,1,3,1,1.0858382156962956,-0.5125884076707121,3, , ,-0.23465231984716048,3
35,8,2,2,12,24, , , ,1,3,4,90, , , ,3,2,1,3,1,1.0858382156962956,-0.5125884076707121,3, , ,-0.23465231984716048,3
35,8,3,2,12,24, , , ,2, , , , , , ,3,2,1,3,1,1.0858382156962956,-0.5125884076707121,3, , ,-0.23465231984716048,3
35,9,1,1,12,12, , , ,1,1,4,90, , , ,4,2,1,3,1,1.0858382156962956,0.06589013022837464,4, , ,0.4840965712642262,4
35,9,2,1,12,12, , , ,1,5,3,90, , , ,4,2,1,3,1,1.0858382156962956,0.06589013022837464,4, , ,0.4840965712642262,4
35,9,3,1,12,12, , , ,2, , , , , , ,4,2,1,3,1,1.0858382156962956,0.06589013022837464,4, , ,0.4840965712642262,4
35,9,4,2,12,12, , , ,2, , , , , , ,4,2,1,3,1,1.0858382156962956,0.06589013022837464,4, , ,0.4840965712642262,4
35,10,1,1,12,12, , , ,2, , , , , , ,1,2,1,2,1,1.0858382156962956,-0.45632033203578237,3, , ,-0.16474027589397153,3
35,11,1,1,13,12, , , ,1,1,2,90, , , ,3,2,1,1,1,1.0858382156962956,-0.4114172448071784,3, , ,-0.10894901997244753,3
35,11,2,1,13,12, , , ,2, , , , , , ,3,2,1,1,1,1.0858382156962956,-0.4114172448071784,3, , ,-0.10894901997244753,3
35,11,3,2,13,12, , , ,2, , , , , , ,3,2,1,1,1,1.0858382156962956,-0.4114172448071784,3, , ,-0.10894901997244753,3
35,12,1,1,12,12, , , ,1,1,2,5,90, , ,6,2,1,2,1,1.0858382156962956,-0.5914950677034084,2, , ,-0.3326923864774235,3
35,12,2,1,12,12, , , ,1,3,4,6,90, , ,6,2,1,2,1,1.0858382156962956,-0.5914950677034084,2, , ,-0.3326923864774235,3
35,12,3,2,12,12, , , ,2, , , , , , ,6,2,1,2,1,1.0858382156962956,-0.5914950677034084,2, , ,-0.3326923864774235,3
35,12,4,2,28,95, ,2, ,2, , , , , , ,6,2,1,2,1,1.0858382156962956,-0.5914950677034084,2, , ,-0.3326923864774235,3
35,12,5,2,28,95, ,2, ,2, , , , , , ,6,2,1,2,1,1.0858382156962956,-0.5914950677034084,2, , ,-0.3326923864774235,3
35,12,6,2,28,95, ,2, ,2, , , , , , ,6,2,1,2,1,1.0858382156962956,-0.5914950677034084,2, , ,-0.3326923864774235,3
35,13,1,2,13,24, , , ,1,1,2,90, , , ,3,2,1,2,1,1.0858382156962956,-0.9640391491959046,1, , ,-0.7955715218647287,1
35,13,2,2,13,24, , , ,1,3,4,90, , , ,3,2,1,2,1,1.0858382156962956,-0.9640391491959046,1, , ,-0.7955715218647287,1
35,13,3,2,13,24, , , ,1,6,5,90, , , ,3,2,1,2,1,1.0858382156962956,-0.9640391491959046,1, , ,-0.7955715218647287,1
35,14,1,2,12,6, , , ,1,1,2,6,90, , ,2,2,1,2,1,1.0858382156962956,-0.8567215828726717,1, , ,-0.6622314292975398,1
35,14,2,2,12,10, , , ,1,4,5,90, , , ,2,2,1,2,1,1.0858382156962956,-0.8567215828726717,1, , ,-0.6622314292975398,1
35,15,1,2,11,95, , , ,2, , , , , , ,3,2,1,3,1,1.0858382156962956,1.5026089063613983,5, , ,2.269193095216268,5
35,15,2,2,11,95, , , ,1,5,90, , , , ,3,2,1,3,1,1.0858382156962956,1.5026089063613983,5, , ,2.269193095216268,5
35,15,3,2,11,95, , , ,1,4,90, , , , ,3,2,1,3,1,1.0858382156962956,1.5026089063613983,5, , ,2.269193095216268,5
35,16,1,2,11,12, , , ,1,3,7,5,90, , ,3,2,1,2,1,1.0858382156962956,-0.35674664160360275,3, , ,-0.04102180598855491,3
35,16,2,2,11,12, , , ,2, , , , , , ,3,2,1,2,1,1.0858382156962956,-0.35674664160360275,3, , ,-0.04102180598855491,3
35,16,3,2,11,12, , , ,2, , , , , , ,3,2,1,2,1,1.0858382156962956,-0.35674664160360275,3, , ,-0.04102180598855491,3
35,17,1,2,11,95, , , ,1,1,2,90, , , ,3,2,1,3,1,1.0858382156962956,-0.6733360272380676,2, , ,-0.4343782660031556,2
35,17,2,2,11,95, , , ,1,6,90, , , , ,3,2,1,3,1,1.0858382156962956,-0.6733360272380676,2, , ,-0.4343782660031556,2
35,17,3,2,11,95, , , ,1,4,5,90, , , ,3,2,1,3,1,1.0858382156962956,-0.6733360272380676,2, , ,-0.4343782660031556,2
35,18,1,2,21,95, ,2, ,1,2,90, , , , ,6,2,1,3,1,1.0858382156962956,1.8668094054785547,5, , ,2.721705483719667,5
35,18,2,2,11,99, , , ,1,8,90, , , , ,6,2,1,3,1,1.0858382156962956,1.8668094054785547,5, , ,2.721705483719667,5
35,18,3,2,11,99, , , ,1,7,90, , , , ,6,2,1,3,1,1.0858382156962956,1.8668094054785547,5, , ,2.721705483719667,5
35,18,4,2,11,95, , , ,1,3,90, , , , ,6,2,1,3,1,1.0858382156962956,1.8668094054785547,5, , ,2.721705483719667,5
35,18,5,2,11,95, , , ,1,5,90, , , , ,6,2,1,3,1,1.0858382156962956,1.8668094054785547,5, , ,2.721705483719667,5
35,18,6,2,11,95, , , ,1,6,90, , , , ,6,2,1,3,1,1.0858382156962956,1.8668094054785547,5, , ,2.721705483719667,5
35,19,1,1,13,12, , , ,1,4,90, , , , ,3,2,1,3,1,1.0858382156962956,0.20213478279057084,4, , ,0.6533780338135203,4
35,19,2,1,13,12, , , ,1,3,5,90, , , ,3,2,1,3,1,1.0858382156962956,0.20213478279057084,4, , ,0.6533780338135203,4
35,19,3,1,13,12, , , ,2, , , , , , ,3,2,1,3,1,1.0858382156962956,0.20213478279057084,4, , ,0.6533780338135203,4
35,20,1,1,13,95, , , ,1,1,2,5,90, , ,3,2,1,3,1,1.0858382156962956,-0.12607503637992706,4, , ,0.24558339991507833,4
35,20,2,1,13,95, , , ,1,3,4,90, , , ,3,2,1,3,1,1.0858382156962956,-0.12607503637992706,4, , ,0.24558339991507833,4
35,20,3,1,13,95, , , ,2, , , , , , ,3,2,1,3,1,1.0858382156962956,-0.12607503637992706,4, , ,0.24558339991507833,4
35,25,1,1,12,95, , , ,1,1,2,90, , , ,3,2,1,2,1,1.0858382156962956,-0.5235205479556715,3, , ,-0.24823530208851602,3
35,25,2,1,12,95, , , ,1,3,7,90, , , ,3,2,1,2,1,1.0858382156962956,-0.5235205479556715,3, , ,-0.24823530208851602,3
35,25,3,1,12,95, , , ,1,4,6,5,90, , ,3,2,1,2,1,1.0858382156962956,-0.5235205479556715,3, , ,-0.24823530208851602,3
35,27,1,1,12,95, , , ,1,1,90, , , , ,3,2,1,2,1,1.0858382156962956,-0.331068916251685,3, , ,-0.009117706849490264,3
35,27,2,1,12,95, , , ,1,2,90, , , , ,3,2,1,2,1,1.0858382156962956,-0.331068916251685,3, , ,-0.009117706849490264,3
35,27,3,1,12,95, , , ,1,3,90, , , , ,3,2,1,2,1,1.0858382156962956,-0.331068916251685,3, , ,-0.009117706849490264,3
35,28,1,2,13,95, , , ,1,1,2,90, , , ,3,2,1,3,1,1.0858382156962956,-0.14378843002698866,4, , ,0.22357483571167142,4
35,28,2,2,13,95, , , ,1,4,3,90, , , ,3,2,1,3,1,1.0858382156962956,-0.14378843002698866,4, , ,0.22357483571167142,4
35,28,3,2,13,95, , , ,1,5,90, , , , ,3,2,1,3,1,1.0858382156962956,-0.14378843002698866,4, , ,0.22357483571167142,4
36,5,1,1,21,95, ,2, ,1,1,2,6,90, , ,3,2,1,2,6,0.39938876899174086,-0.5930389566287199,2, , ,-0.3346106399308651,3
36,5,2,1,21,95, ,2, ,1,3,4,5,90, , ,3,2,1,2,6,0.39938876899174086,-0.5930389566287199,2, , ,-0.3346106399308651,3
36,5,3,1,21,95, ,2, ,2, , , , , , ,3,2,1,2,6,0.39938876899174086,-0.5930389566287199,2, , ,-0.3346106399308651,3
36,6,1,1,13,12, , , ,2, , , , , , ,1,2,1,2,6,0.39938876899174086,-0.4618054515022687,3, , ,-0.17155543544763205,3
36,14,1,1,11,95, , , ,2, , , , , , ,1,2,1,2,6,0.39938876899174086,-0.7620471050155797,2, , ,-0.5446001404627498,2
36,19,1,2,12,95, , , ,2, , , , , , ,2,2,1,1,6,0.39938876899174086,-1.477823704072926,1, , ,-1.4339393348335068,1
36,19,2,2,12,95, , , ,2, , , , , , ,2,2,1,1,6,0.39938876899174086,-1.477823704072926,1, , ,-1.4339393348335068,1
36,22,1,1,13,24, , , ,1,2,11,90, , , ,2,2,1,3,6,0.39938876899174086,-0.4213279356675463,3, , ,-0.12126287018356774,3
36,22,2,1,11,5, , , ,2, , , , , , ,2,2,1,3,6,0.39938876899174086,-0.4213279356675463,3, , ,-0.12126287018356774,3
36,23,1,2,13,6, , , ,1,1,2,90, , , ,1,2,1,3,6,0.39938876899174086,-1.2923878923256604,1, , ,-1.2035387662147667,1
36,24,1,2,13,24, , , ,1,1,2,90, , , ,2,2,1,2,6,0.39938876899174086,-1.3613926578234903,1, , ,-1.2892759119057595,1
36,24,2,2,13,24, , , ,1,4,6,7,5,90,90,2,2,1,2,6,0.39938876899174086,-1.3613926578234903,1, , ,-1.2892759119057595,1
36,25,1,1,13,8, , , ,2, , , , , , ,1,2,1,2,6,0.39938876899174086,-1.3810619325213547,1, , ,-1.3137146221635314,1
36,28,1,2,28,1, ,2, ,2, , , , , , ,1,2,1,2,6,0.39938876899174086,-1.1556828435225586,1, , ,-1.0336852698458179,1
37,1,1,2,13,95, , , ,2, , , , , , ,2,2,1,3,6,0.43059101656922066,-1.2618633501796956,1, , ,-1.1656125867945681,1
37,1,2,2,13,95, , , ,2, , , , , , ,2,2,1,3,6,0.43059101656922066,-1.2618633501796956,1, , ,-1.1656125867945681,1
37,3,1,1,11,95, , , ,1,6,8,90, , , ,6,2,1,2,6,0.43059101656922066,0.058024273140210025,4, , ,0.47432338921966577,4
37,3,2,1,11,95, , , ,1,9,10,90, , , ,6,2,1,2,6,0.43059101656922066,0.058024273140210025,4, , ,0.47432338921966577,4
37,3,3,1,11,95, , , ,1,11,90, , , , ,6,2,1,2,6,0.43059101656922066,0.058024273140210025,4, , ,0.47432338921966577,4
37,3,4,9,11,95, , , ,1,1,2,12,90, , ,6,2,1,2,6,0.43059101656922066,0.058024273140210025,4, , ,0.47432338921966577,4
37,3,5,9,11,95, , , ,1,3,4,90, , , ,6,2,1,2,6,0.43059101656922066,0.058024273140210025,4, , ,0.47432338921966577,4
37,3,6,9,11,95, , , ,1,5,7,90, , , ,6,2,1,2,6,0.43059101656922066,0.058024273140210025,4, , ,0.47432338921966577,4
37,8,1,2,13,0, , , ,1,1,2,7,90, , ,2,2,1,2,6,0.43059101656922066,-0.539302789141217,3, , ,-0.2678444450526792,3
37,8,2,2,13,0, , , ,1,6,90, , , , ,2,2,1,2,6,0.43059101656922066,-0.539302789141217,3, , ,-0.2678444450526792,3
37,14,1,2,12,6, , , ,1,1,90, , , , ,3,2,1,3,6,0.43059101656922066,1.1068539710114487,5, , ,1.7774749029256913,5
37,14,2,2,12,6, , , ,1,2,90, , , , ,3,2,1,3,6,0.43059101656922066,1.1068539710114487,5, , ,1.7774749029256913,5
37,14,3,2,12,6, , , ,2, , , , , , ,3,2,1,3,6,0.43059101656922066,1.1068539710114487,5, , ,1.7774749029256913,5
37,16,1,9,11,95, , , ,1,1,2,3,4,5,6,2,2,1,2,6,0.43059101656922066,-1.3346073095784243,1, , ,-1.2559956117945532,1
37,16,2,9,11,6, , , ,2, , , , , , ,2,2,1,2,6,0.43059101656922066,-1.3346073095784243,1, , ,-1.2559956117945532,1
37,17,1,2,98,0,1,2, ,1,1,90, , , , ,2,2,1,1,6,0.43059101656922066,-0.7232624224252893,2, , ,-0.4964108892156426,2
37,17,2,2,98,0,1,2, ,1,2,90, , , , ,2,2,1,1,6,0.43059101656922066,-0.7232624224252893,2, , ,-0.4964108892156426,2
37,19,1,1,13,12, , , ,1,1,5,90, , , ,2,2,1,3,6,0.43059101656922066,0.41045513438658787,4, , ,0.9122122202110997,5
37,19,2,1,13,12, , , ,2, , , , , , ,2,2,1,3,6,0.43059101656922066,0.41045513438658787,4, , ,0.9122122202110997,5
37,22,1,2,11,0, , , ,1,1,2,6,90, , ,1,2,1,2,6,0.43059101656922066,-0.6500953266200755,2, , ,-0.4055021250515832,2
37,24,1,9,12,24, , , ,1,1,2,3,90, , ,3,2,1,2,6,0.43059101656922066,-0.6008547029243649,2, , ,-0.3443215602419359,3
37,24,2,9,12,24, , , ,2, , , , , , ,3,2,1,2,6,0.43059101656922066,-0.6008547029243649,2, , ,-0.3443215602419359,3
37,24,3,9,12,24, , , ,2, , , , , , ,3,2,1,2,6,0.43059101656922066,-0.6008547029243649,2, , ,-0.3443215602419359,3
37,26,1,1,12,12, , , ,1,2,8,90, , , ,3,2,1,3,6,0.43059101656922066,-0.39267664402091645,3, , ,-0.08566416988482561,3
37,26,2,1,12,12, , , ,1,1,90, , , , ,3,2,1,3,6,0.43059101656922066,-0.39267664402091645,3, , ,-0.08566416988482561,3
37,26,3,2,12,12, , , ,1,6,9,90, , , ,3,2,1,3,6,0.43059101656922066,-0.39267664402091645,3, , ,-0.08566416988482561,3
37,27,1,1,13,95, , , ,1,3,4,90, , , ,2,2,1,2,6,0.43059101656922066,0.1310102018598472,4, , ,0.5650070566284731,4
37,27,2,1,13,95, , , ,2, , , , , , ,2,2,1,2,6,0.43059101656922066,0.1310102018598472,4, , ,0.5650070566284731,4
37,29,1,1,13,95, , , ,1,3,4,90, , , ,3,2,1,2,6,0.43059101656922066,-0.4506203651901402,3, , ,-0.15765817244281177,3
37,29,2,1,13,95, , , ,1,1,2,90, , , ,3,2,1,2,6,0.43059101656922066,-0.4506203651901402,3, , ,-0.15765817244281177,3
37,29,3,1,13,95, , , ,1,6,90, , , , ,3,2,1,2,6,0.43059101656922066,-0.4506203651901402,3, , ,-0.15765817244281177,3
37,30,1,1,13,4, , , ,1,1,2,90, , , ,1,2,1,3,6,0.43059101656922066,-0.20326038961890674,4, , ,0.14968202516047155,4
38,1,1,9,11,0, , , ,1,1,2,90, , , ,3,1,1,3,1,1.0387204030754191,1.5036827276873597,5,1.1277969733135735,5, , 
38,1,2,9,11,0, , , ,1,4,90, , , , ,3,1,1,3,1,1.0387204030754191,1.5036827276873597,5,1.1277969733135735,5, , 
38,1,3,9,11,0, , , ,1,5,90, , , , ,3,1,1,3,1,1.0387204030754191,1.5036827276873597,5,1.1277969733135735,5, , 
38,2,1,2,12,95, , , ,1,1,4,90, , , ,3,1,1,3,6,1.0387204030754191,2.404260145312751,5,1.9885679085981403,5, , 
38,2,2,2,12,95, , , ,1,2,90, , , , ,3,1,1,3,6,1.0387204030754191,2.404260145312751,5,1.9885679085981403,5, , 
38,2,3,2,12,95, , , ,1,3,90, , , , ,3,1,1,3,6,1.0387204030754191,2.404260145312751,5,1.9885679085981403,5, , 
38,3,1,1,11,95, , , ,1,6,90, , , , ,3,1,1,3,1,1.0387204030754191,1.7330420401750894,5,1.3470183595735725,5, , 
38,3,2,1,11,95, , , ,2, , , , , , ,3,1,1,3,1,1.0387204030754191,1.7330420401750894,5,1.3470183595735725,5, , 
38,3,3,1,11,95, , , ,2, , , , , , ,3,1,1,3,1,1.0387204030754191,1.7330420401750894,5,1.3470183595735725,5, , 
38,5,1,1,13,0, , , ,1,1,90, , , , ,1,1,1,3,1,1.0387204030754191,2.4151309613931358,5,1.9989582230138538,5, , 
38,6,1,1,12,0, , , ,1,1,90, , , , ,1,1,1,3,6,1.0387204030754191,2.058091158384256,5,1.6576999600872466,5, , 
38,7,1,1,12,95, , , ,1,1,90, , , , ,1,1,1,3,6,1.0387204030754191,0.455893230404265,4,0.12632088929646731,4, , 
38,8,1,1,12,95, , , ,2, , , , , , ,3,1,1,1,1,1.0387204030754191,0.7667031805217569,5,0.4233927081344438,4, , 
38,8,2,1,12,95, , , ,2, , , , , , ,3,1,1,1,1,1.0387204030754191,0.7667031805217569,5,0.4233927081344438,4, , 
38,8,3,1,12,95, , , ,2, , , , , , ,3,1,1,1,1,1.0387204030754191,0.7667031805217569,5,0.4233927081344438,4, , 
38,9,1,1,11,0, , , ,2, , , , , , ,1,1,1,3,1,1.0387204030754191,1.4619078297673076,5,1.087868570435257,5, , 
38,10,1,1,13,95, , , ,1,2,3,90, , , ,1,1,1,3,1,1.0387204030754191,1.9587456580081635,5,1.5627456367815147,5, , 
38,13,1,1,13,95, , , ,1,1,2,90, , , ,1,1,1,3,6,1.0387204030754191,1.9336912736628231,5,1.5387986829451834,5, , 
38,14,1,1,13,95, , , ,1,1,90, , , , ,2,1,1,3,1,1.0387204030754191,1.8191774519438673,5,1.4293464942772267,5, , 
38,14,2,1,13,95, , , ,1,2,90, , , , ,2,1,1,3,1,1.0387204030754191,1.8191774519438673,5,1.4293464942772267,5, , 
38,15,1,1,13,12, , , ,1,1,3,90, , , ,1,1,1,3,6,1.0387204030754191,1.4546949974996437,5,1.0809745530464374,5, , 
38,17,1,1,13,18, , , ,1,1,90, , , , ,3,1,1,3,1,1.0387204030754191,1.9664600578230238,5,1.570119051897014,5, , 
38,17,2,1,13,18, , , ,1,2,90, , , , ,3,1,1,3,1,1.0387204030754191,1.9664600578230238,5,1.570119051897014,5, , 
38,17,3,1,13,18, , , ,2, , , , , , ,3,1,1,3,1,1.0387204030754191,1.9664600578230238,5,1.570119051897014,5, , 
38,18,1,1,13,95, , , ,1,1,2,90, , , ,2,1,1,3,6,1.0387204030754191,1.2010210801735532,5,0.8385132934138905,5, , 
38,18,2,1,13,0, , , ,2, , , , , , ,2,1,1,3,6,1.0387204030754191,1.2010210801735532,5,0.8385132934138905,5, , 
38,19,1,1,13,8, , , ,1,1,90, , , , ,1,1,1,3,6,1.0387204030754191,1.981468745965263,5,1.584464340016334,5, , 
38,20,1,1,11,95, , , ,1,1,90, , , , ,1,1,1,3,1,1.0387204030754191,0.5927112239857624,4,0.2570913816428466,4, , 
38,21,1,2,11,13, , , ,1,1,5,90, , , ,3,1,1,3,1,1.0387204030754191,1.2908324988833453,5,0.9243549516312395,5, , 
38,21,2,2,11,13, , , ,1,3,90, , , , ,3,1,1,3,1,1.0387204030754191,1.2908324988833453,5,0.9243549516312395,5, , 
38,21,3,2,11,13, , , ,1,4,90, , , , ,3,1,1,3,1,1.0387204030754191,1.2908324988833453,5,0.9243549516312395,5, , 
38,22,1,2,11,95, , , ,1,1,3,90, , , ,2,1,1,3,6,1.0387204030754191,0.6722502476981439,5,0.3331146956773619,4, , 
38,22,2,2,11,95, , , ,1,2,4,90, , , ,2,1,1,3,6,1.0387204030754191,0.6722502476981439,5,0.3331146956773619,4, , 
38,25,1,2,11,14, , , ,1,1,2,90, , , ,1,1,1,3,6,1.0387204030754191,0.8256428206500213,5,0.4797271533088676,4, , 
38,27,1,1,13,9, , , ,1,1,3,90, , , ,3,1,1,2,1,1.0387204030754191,1.2098958812705238,5,0.8469958188372424,5, , 
38,27,2,1,13,9, , , ,1,2,4,90, , , ,3,1,1,2,1,1.0387204030754191,1.2098958812705238,5,0.8469958188372424,5, , 
38,27,3,1,13,9, , , ,2, , , , , , ,3,1,1,2,1,1.0387204030754191,1.2098958812705238,5,0.8469958188372424,5, , 
38,28,1,1,12,3, , , ,1,1,2,90, , , ,2,1,1,3,1,1.0387204030754191,2.135854364228184,5,1.7320259492970356,5, , 
38,28,2,1,12,3, , , ,1,4,3,90, , , ,2,1,1,3,1,1.0387204030754191,2.135854364228184,5,1.7320259492970356,5, , 
38,30,1,1,11,18, , , ,1,1,2,90, , , ,2,1,1,2,1,1.0387204030754191,0.2777489721013266,4,-0.04394920279547135,4, , 
38,30,2,1,11,18, , , ,1,3,90, , , , ,2,1,1,2,1,1.0387204030754191,0.2777489721013266,4,-0.04394920279547135,4, , 
39,1,1,2,13,95, , , ,2, , , , , , ,3,1,1,3,1,0.6551928696321876,1.5727901385054095,5,1.1938497628691866,5, , 
39,1,2,2,13,95, , , ,2, , , , , , ,3,1,1,3,1,0.6551928696321876,1.5727901385054095,5,1.1938497628691866,5, , 
39,1,3,2,13,95, , , ,2, , , , , , ,3,1,1,3,1,0.6551928696321876,1.5727901385054095,5,1.1938497628691866,5, , 
39,2,1,1,13,95, , , ,1,1,2,3,90, , ,2,1,1,3,1,0.6551928696321876,2.134411623543773,5,1.7306469792895838,5, , 
39,2,2,1,12,95, , , ,2, , , , , , ,2,1,1,3,1,0.6551928696321876,2.134411623543773,5,1.7306469792895838,5, , 
39,3,1,2,12,0, , , ,1,1,2,7,90, , ,3,1,1,3,1,0.6551928696321876,1.114882974261495,5,0.7561825836509624,5, , 
39,3,2,2,12,0, , , ,1,3,90, , , , ,3,1,1,3,1,0.6551928696321876,1.114882974261495,5,0.7561825836509624,5, , 
39,3,3,2,12,0, , , ,1,6,90, , , , ,3,1,1,3,1,0.6551928696321876,1.114882974261495,5,0.7561825836509624,5, , 
39,4,1,2,98,95,1,1,95,1,1,90, , , , ,3,1,1,3,1,0.6551928696321876,1.0872135703837522,5,0.7297361969345256,5, , 
39,4,2,2,98,95,1,1,95,1,8,7,90, , , ,3,1,1,3,1,0.6551928696321876,1.0872135703837522,5,0.7297361969345256,5, , 
39,4,3,2,98,95,1,1,95,1,2,9,90, , , ,3,1,1,3,1,0.6551928696321876,1.0872135703837522,5,0.7297361969345256,5, , 
39,6,1,1,13,95, , , ,1,1,2,5,90, , ,3,1,1,3,1,0.6551928696321876,2.005124569756052,5,1.6070745511662152,5, , 
39,6,2,1,13,95, , , ,1,4,90, , , , ,3,1,1,3,1,0.6551928696321876,2.005124569756052,5,1.6070745511662152,5, , 
39,6,3,1,13,95, , , ,1,3,90, , , , ,3,1,1,3,1,0.6551928696321876,2.005124569756052,5,1.6070745511662152,5, , 
39,7,1,2,11,95, , , ,1,1,2,90, , , ,4,1,1,3,1,0.6551928696321876,2.445544031601028,5,2.0280270030824785,5, , 
39,7,2,2,11,95, , , ,2, , , , , , ,4,1,1,3,1,0.6551928696321876,2.445544031601028,5,2.0280270030824785,5, , 
39,7,3,2,12,95, , , ,2, , , , , , ,4,1,1,3,1,0.6551928696321876,2.445544031601028,5,2.0280270030824785,5, , 
39,7,4,2,12,95, , , ,2, , , , , , ,4,1,1,3,1,0.6551928696321876,2.445544031601028,5,2.0280270030824785,5, , 
39,8,1,1,11,95, , , ,2, , , , , , ,3,1,1,3,1,0.6551928696321876,1.9747737514417245,5,1.5780652713910666,5, , 
39,8,2,1,11,95, , , ,1,4,5,90, , , ,3,1,1,3,1,0.6551928696321876,1.9747737514417245,5,1.5780652713910666,5, , 
39,8,3,1,11,95, , , ,1,2,6,90, , , ,3,1,1,3,1,0.6551928696321876,1.9747737514417245,5,1.5780652713910666,5, , 
39,12,1,1,12,95, , , ,1,1,7,90, , , ,2,1,1,2,1,0.6551928696321876,-0.3249802762443444,3,-0.6200371755428343,3, , 
39,12,2,1,12,95, , , ,1,2,90, , , , ,2,1,1,2,1,0.6551928696321876,-0.3249802762443444,3,-0.6200371755428343,3, , 
39,13,1,1,13,12, , , ,1,3,90, , , , ,3,1,1,2,1,0.6551928696321876,0.8210823322824632,5,0.4753682433909973,4, , 
39,13,2,1,13,3, , , ,1,1,2,4,90, , ,3,1,1,2,1,0.6551928696321876,0.8210823322824632,5,0.4753682433909973,4, , 
39,13,3,1,13,1, , , ,2, , , , , , ,3,1,1,2,1,0.6551928696321876,0.8210823322824632,5,0.4753682433909973,4, , 
39,14,1,1,13,12, , , ,1,1,2,90, , , ,3,1,1,3,6,0.6551928696321876,0.8936389409137533,5,0.544717772537875,5, , 
39,14,2,1,13,12, , , ,1,3,90, , , , ,3,1,1,3,6,0.6551928696321876,0.8936389409137533,5,0.544717772537875,5, , 
39,14,3,1,13,12, , , ,2, , , , , , ,3,1,1,3,6,0.6551928696321876,0.8936389409137533,5,0.544717772537875,5, , 
39,15,1,1,13,12, , , ,1,2,3,90, , , ,1,1,1,2,1,0.6551928696321876,0.5130269782132455,4,0.18092926451813587,4, , 
39,16,1,1,11,95, , , ,1,1,90, , , , ,2,1,1,3,6,0.6551928696321876,1.5435806562493009,5,1.165931370881229,5, , 
39,16,2,1,11,95, , , ,2, , , , , , ,2,1,1,3,6,0.6551928696321876,1.5435806562493009,5,1.165931370881229,5, , 
39,21,1,1,21,95, ,1,8,1,1,90, , , , ,2,1,1,3,1,0.6551928696321876,1.3066674391344304,5,0.939489970634982,5, , 
39,21,2,1,21,95, ,1,8,2, , , , , , ,2,1,1,3,1,0.6551928696321876,1.3066674391344304,5,0.939489970634982,5, , 
39,22,1,2,11,6, , , ,1,2,90, , , , ,6,1,1,3,1,0.6551928696321876,0.6475617106855751,5,0.30951741833151103,4, , 
39,22,2,2,11,6, , , ,1,5,7,90, , , ,6,1,1,3,1,0.6551928696321876,0.6475617106855751,5,0.30951741833151103,4, , 
39,22,3,2,11,95, , , ,2, , , , , , ,6,1,1,3,1,0.6551928696321876,0.6475617106855751,5,0.30951741833151103,4, , 
39,22,4,2,21,95, ,1,99,1,6,8,3,90, , ,6,1,1,3,1,0.6551928696321876,0.6475617106855751,5,0.30951741833151103,4, , 
39,22,5,2,21,95, ,2, ,2, , , , , , ,6,1,1,3,1,0.6551928696321876,0.6475617106855751,5,0.30951741833151103,4, , 
39,22,6,2,21,95, ,2, ,2, , , , , , ,6,1,1,3,1,0.6551928696321876,0.6475617106855751,5,0.30951741833151103,4, , 
39,26,1,1,13,6, , , ,1,1,90, , , , ,3,1,1,3,1,0.6551928696321876,1.8580014254251016,5,1.4664544067241343,5, , 
39,26,2,1,12,9, , , ,2, , , , , , ,3,1,1,3,1,0.6551928696321876,1.8580014254251016,5,1.4664544067241343,5, , 
39,26,3,1,12,9, , , ,2, , , , , , ,3,1,1,3,1,0.6551928696321876,1.8580014254251016,5,1.4664544067241343,5, , 
39,27,1,1,13,4, , , ,1,1,3,90, , , ,1,1,1,3,1,0.6551928696321876,2.202215613978316,5,1.795453961032762,5, , 
39,29,1,1,12,12, , , ,1,1,2,5,90, , ,3,1,1,2,1,0.6551928696321876,0.27841405677473735,4,-0.04331351557394994,4, , 
39,29,2,1,12,12, , , ,1,3,4,90, , , ,3,1,1,2,1,0.6551928696321876,0.27841405677473735,4,-0.04331351557394994,4, , 
39,29,3,1,12,12, , , ,2, , , , , , ,3,1,1,2,1,0.6551928696321876,0.27841405677473735,4,-0.04331351557394994,4, , 
40,2,1,1,11,10, , , ,1,1,90, , , , ,1,1,1,2,6,0.8070058516201334,-0.3781659861657481,3,-0.6708720203622094,3, , 
40,3,1,1,13,24, , , ,1,1,2,90, , , ,1,1,1,3,1,0.8070058516201334,0.8426880436116733,5,0.49601895923658224,4, , 
40,4,1,2,98,95,8,2, ,1,1,90, , , , ,1,1,1,1,6,0.8070058516201334,0.2064166620233322,4,-0.11212854869084501,4, , 
40,6,1,1,13,12, , , ,1,1,90, , , , ,1,1,1,2,1,0.8070058516201334,1.5309409690620497,5,1.1538503713481045,5, , 
40,8,1,1,12,12, , , ,1,1,90, , , , ,2,1,1,3,1,0.8070058516201334,1.6878737207368637,5,1.30384652802733,5, , 
40,8,2,1,12,0, , , ,1,2,90, , , , ,2,1,1,3,1,0.8070058516201334,1.6878737207368637,5,1.30384652802733,5, , 
40,9,1,1,12,12, , , ,1,1,90, , , , ,1,1,1,3,1,0.8070058516201334,0.9776372150878063,5,0.6250032334077863,5, , 
40,10,1,2,12,5, , , ,1,1,90, , , , ,1,1,1,2,6,0.8070058516201334,0.9230234740996972,5,0.5728034780178746,5, , 
40,11,1,1,12,0, , , ,1,1,90, , , , ,2,1,1,2,1,0.8070058516201334,0.8789802120360211,5,0.5307069751103328,5, , 
40,11,2,1,12,0, , , ,1,5,6,90, , , ,2,1,1,2,1,0.8070058516201334,0.8789802120360211,5,0.5307069751103328,5, , 
40,12,1,1,12,0, , , ,1,1,90, , , , ,1,1,1,3,6,0.8070058516201334,0.8309458244666228,5,0.48479575870102787,4, , 
40,13,1,1,11,24, , , ,1,1,2,3,90, , ,2,1,1,3,1,0.8070058516201334,0.014167680626575696,4,-0.2958799200729178,4, , 
40,13,2,1,11,24, , , ,1,4,5,90, , , ,2,1,1,3,1,0.8070058516201334,0.014167680626575696,4,-0.2958799200729178,4, , 
40,16,1,2,11,24, , , ,1,1,90, , , , ,1,1,1,2,6,0.8070058516201334,0.1919778287989676,4,-0.12592917008742108,4, , 
40,17,1,1,12,95, , , ,1,1,90, , , , ,1,1,1,3,1,0.8070058516201334,0.512706410850375,4,0.1806228665745951,4, , 
40,18,1,1,11,24, , , ,1,1,90, , , , ,1,1,1,3,1,0.8070058516201334,1.2720841201006732,5,0.9064352711862398,5, , 
40,19,1,2,11,98, , , ,1,1,2,90, , , ,1,1,1,3,1,0.8070058516201334,0.6265672501115225,5,0.289450935305796,4, , 
40,20,1,1,12,10, , , ,2, , , , , , ,1,1,1,3,6,0.8070058516201334,1.6786829902027618,5,1.2950620375849122,5, , 
40,21,1,1,11,98, , , ,2, , , , , , ,2,1,1,2,6,0.8070058516201334,0.04642814278866714,4,-0.26504540474474564,4, , 
40,21,2,1,11,98, , , ,2, , , , , , ,2,1,1,2,6,0.8070058516201334,0.04642814278866714,4,-0.26504540474474564,4, , 
40,23,1,2,11,98, , , ,1,1,4,90, , , ,4,1,1,3,6,0.8070058516201334,3.762952069918697,5,3.287204201067477,5, , 
40,23,2,2,13,98, , , ,1,2,3,90, , , ,4,1,1,3,6,0.8070058516201334,3.762952069918697,5,3.287204201067477,5, , 
40,23,3,2,12,98, , , ,1,5,90, , , , ,4,1,1,3,6,0.8070058516201334,3.762952069918697,5,3.287204201067477,5, , 
40,23,4,2,12,98, , , ,1,6,90, , , , ,4,1,1,3,6,0.8070058516201334,3.762952069918697,5,3.287204201067477,5, , 
40,25,1,2,13,98, , , ,1,1,2,90, , , ,4,1,1,3,1,0.8070058516201334,3.3943513121389457,5,2.934895989900834,5, , 
40,25,2,2,13,98, , , ,1,3,5,90, , , ,4,1,1,3,1,0.8070058516201334,3.3943513121389457,5,2.934895989900834,5, , 
40,25,3,2,12,98, , , ,1,4,6,90, , , ,4,1,1,3,1,0.8070058516201334,3.3943513121389457,5,2.934895989900834,5, , 
40,25,4,2,12,98, , , ,1,7,90, , , , ,4,1,1,3,1,0.8070058516201334,3.3943513121389457,5,2.934895989900834,5, , 
40,28,1,1,11,95, , , ,1,1,2,90, , , ,1,1,1,3,1,0.8070058516201334,0.08496347182304492,4,-0.22821337835229896,4, , 
40,29,1,1,11,18, , , ,1,1,2,90, , , ,2,1,1,3,6,0.8070058516201334,0.6489552933195559,5,0.31084940312678944,4, , 
40,29,2,1,12,18, , , ,1,3,4,90, , , ,2,1,1,3,6,0.8070058516201334,0.6489552933195559,5,0.31084940312678944,4, , 
40,30,1,1,11,98, , , ,1,1,2,90, , , ,1,1,1,3,1,0.8070058516201334,-0.0038328773504842095,4,-0.3130848341894774,4, , 
41,1,1,1,11,0, , , ,1,1,90, , , , ,3,1,1,1,1,0.5752913001648475,0.08858777483207728,4,-0.22474927340164927,4, , 
41,1,2,1,11,0, , , ,1,2,6,90, , , ,3,1,1,1,1,0.5752913001648475,0.08858777483207728,4,-0.22474927340164927,4, , 
41,1,3,1,11,0, , , ,1,5,90, , , , ,3,1,1,1,1,0.5752913001648475,0.08858777483207728,4,-0.22474927340164927,4, , 
41,3,1,1,13,95, , , ,1,1,2,90, , , ,1,1,1,2,6,0.5752913001648475,-0.48344391072324805,3,-0.7714965483734948,3, , 
41,4,1,1,11,12, , , ,1,1,90, , , , ,1,1,1,3,1,0.5752913001648475,-0.6383373616896004,2,-0.9195435436105227,2, , 
41,6,1,2,12,95, , , ,1,1,2,3,90, , ,1,1,1,2,1,0.5752913001648475,0.20482394468273307,4,-0.11365086622632838,4, , 
41,7,1,1,12,0, , , ,1,1,2,90, , , ,3,1,1,3,6,0.5752913001648475,1.1934287965110817,5,0.8312565967866054,5, , 
41,7,2,1,12,0, , , ,1,3,5,90, , , ,3,1,1,3,6,0.5752913001648475,1.1934287965110817,5,0.8312565967866054,5, , 
41,7,3,1,12,0, , , ,1,4,90, , , , ,3,1,1,3,6,0.5752913001648475,1.1934287965110817,5,0.8312565967866054,5, , 
41,8,1,1,12,0, , , ,1,1,2,90, , , ,2,1,1,3,1,0.5752913001648475,1.169444152566217,5,0.8083320996841515,5, , 
41,8,2,1,12,0, , , ,1,3,4,90, , , ,2,1,1,3,1,0.5752913001648475,1.169444152566217,5,0.8083320996841515,5, , 
41,10,1,1,13,6, , , ,1,1,2,3,90, , ,1,1,1,3,1,0.5752913001648475,0.40603623053170673,4,0.0786676219916504,4, , 
41,11,1,1,11,9, , , ,1,1,2,90, , , ,3,1,1,3,1,0.5752913001648475,0.4353585675256406,4,0.10669388041766016,4, , 
41,11,2,1,11,9, , , ,2, , , , , , ,3,1,1,3,1,0.5752913001648475,0.4353585675256406,4,0.10669388041766016,4, , 
41,11,3,1,11,9, , , ,2, , , , , , ,3,1,1,3,1,0.5752913001648475,0.4353585675256406,4,0.10669388041766016,4, , 
41,13,1,2,11,7, , , ,1,1,90, , , , ,1,1,1,1,1,0.5752913001648475,0.7179882812918976,5,0.376831059405848,4, , 
41,14,1,1,11,24, , , ,1,1,3,90, , , ,2,1,1,2,1,0.5752913001648475,0.08588729286304878,4,-0.2273303911875348,4, , 
41,14,2,9,11,24, , , ,1,2,90, , , , ,2,1,1,2,1,0.5752913001648475,0.08588729286304878,4,-0.2273303911875348,4, , 
41,16,1,2,13,95, , , ,1,1,90, , , , ,3,1,1,2,1,0.5752913001648475,1.8256572798861075,5,1.4355399069135684,5, , 
41,16,2,2,13,95, , , ,1,2,3,90, , , ,3,1,1,2,1,0.5752913001648475,1.8256572798861075,5,1.4355399069135684,5, , 
41,16,3,2,13,95, , , ,1,5,4,90, , , ,3,1,1,2,1,0.5752913001648475,1.8256572798861075,5,1.4355399069135684,5, , 
41,30,1,1,11,0, , , ,1,1,2,90, , , ,3,1,1,3,6,0.5752913001648475,1.207479789837008,5,0.8446865212218923,5, , 
41,30,2,1,11,0, , , ,1,3,90, , , , ,3,1,1,3,6,0.5752913001648475,1.207479789837008,5,0.8446865212218923,5, , 
41,30,3,1,11,0, , , ,2, , , , , , ,3,1,1,3,6,0.5752913001648475,1.207479789837008,5,0.8446865212218923,5, , 
42,3,1,2,12,98, , , ,1,2,6,90, , , ,3,1,1,3,1,1.4382282504121189,-1.1863228071088767,1,-1.4433074479060741,1, , 
42,3,2,2,12,98, , , ,1,1,90, , , , ,3,1,1,3,1,1.4382282504121189,-1.1863228071088767,1,-1.4433074479060741,1, , 
42,3,3,2,12,98, , , ,1,3,4,5,90, , ,3,1,1,3,1,1.4382282504121189,-1.1863228071088767,1,-1.4433074479060741,1, , 
42,4,1,1,21,95, ,2, ,1,1,2,90, , , ,2,1,1,1,1,1.4382282504121189,-0.611473994426798,2,-0.8938675658309937,2, , 
42,4,2,1,21,95, ,2, ,2, , , , , , ,2,1,1,1,1,1.4382282504121189,-0.611473994426798,2,-0.8938675658309937,2, , 
42,5,1,1,21,95, ,1,14,1,1,2,3,90, , ,1,1,1,3,1,1.4382282504121189,1.1559757690424464,5,0.7954590330764016,5, , 
42,6,1,1,12,9, , , ,1,1,90, , , , ,3,1,1,3,1,1.4382282504121189,-0.14888778382723167,4,-0.45172815909632313,3, , 
42,6,2,1,12,9, , , ,1,2,90, , , , ,3,1,1,3,1,1.4382282504121189,-0.14888778382723167,4,-0.45172815909632313,3, , 
42,6,3,1,12,9, , , ,2, , , , , , ,3,1,1,3,1,1.4382282504121189,-0.14888778382723167,4,-0.45172815909632313,3, , 
42,7,1,1,11,9, , , ,1,1,2,90, , , ,5,1,1,3,1,1.4382282504121189,-0.08671930036295378,4,-0.39230758890495615,3, , 
42,7,2,2,12,98, , , ,1,0,4,90, , , ,5,1,1,3,1,1.4382282504121189,-0.08671930036295378,4,-0.39230758890495615,3, , 
42,7,3,2,12,98, , , ,1,3,90, , , , ,5,1,1,3,1,1.4382282504121189,-0.08671930036295378,4,-0.39230758890495615,3, , 
42,7,4,2,12,98, , , ,2, , , , , , ,5,1,1,3,1,1.4382282504121189,-0.08671930036295378,4,-0.39230758890495615,3, , 
42,7,5,2,12,98, , , ,2, , , , , , ,5,1,1,3,1,1.4382282504121189,-0.08671930036295378,4,-0.39230758890495615,3, , 
42,9,1,1,12,12, , , ,1,1,2,4,90, , ,3,1,1,3,1,1.4382282504121189,-0.5974347525971877,2,-0.8804488734633525,2, , 
42,9,2,1,12,12, , , ,1,3,90, , , , ,3,1,1,3,1,1.4382282504121189,-0.5974347525971877,2,-0.8804488734633525,2, , 
42,9,3,2,12,12, , , ,2, , , , , , ,3,1,1,3,1,1.4382282504121189,-0.5974347525971877,2,-0.8804488734633525,2, , 
42,12,1,1,11,12, , , ,1,1,2,90, , , ,3,1,1,2,1,1.4382282504121189,-0.45849640371369266,3,-0.7476517477807203,3, , 
42,12,2,1,12,95, , , ,2, , , , , , ,3,1,1,2,1,1.4382282504121189,-0.45849640371369266,3,-0.7476517477807203,3, , 
42,12,3,1,12,95, , , ,2, , , , , , ,3,1,1,2,1,1.4382282504121189,-0.45849640371369266,3,-0.7476517477807203,3, , 
42,14,1,1,11,13, , , ,2, , , , , , ,3,1,1,2,1,1.4382282504121189,-1.1785391120860496,1,-1.4358678005047047,1, , 
42,14,2,1,11,13, , , ,2, , , , , , ,3,1,1,2,1,1.4382282504121189,-1.1785391120860496,1,-1.4358678005047047,1, , 
42,14,3,1,11,13, , , ,2, , , , , , ,3,1,1,2,1,1.4382282504121189,-1.1785391120860496,1,-1.4358678005047047,1, , 
42,15,1,1,11,98, , , ,1,1,2,90, , , ,2,1,1,2,1,1.4382282504121189,0.12723204246396996,4,-0.1878131236138828,4, , 
42,15,2,1,11,98, , , ,1,3,4,5,90, , ,2,1,1,2,1,1.4382282504121189,0.12723204246396996,4,-0.1878131236138828,4, , 
42,16,1,1,11,95, , , ,1,1,90, , , , ,10,1,1,2,1,1.4382282504121189,-0.22132822390884282,4,-0.5209666544673134,3, , 
42,16,2,1,11,95, , , ,1,2,90, , , , ,10,1,1,2,1,1.4382282504121189,-0.22132822390884282,4,-0.5209666544673134,3, , 
42,16,3,1,11,95, , , ,1,3,90, , , , ,10,1,1,2,1,1.4382282504121189,-0.22132822390884282,4,-0.5209666544673134,3, , 
42,16,4,1,11,95, , , ,1,4,90, , , , ,10,1,1,2,1,1.4382282504121189,-0.22132822390884282,4,-0.5209666544673134,3, , 
42,16,5,1,11,95, , , ,1,5,90, , , , ,10,1,1,2,1,1.4382282504121189,-0.22132822390884282,4,-0.5209666544673134,3, , 
42,16,6,1,11,95, , , ,1,6,90, , , , ,10,1,1,2,1,1.4382282504121189,-0.22132822390884282,4,-0.5209666544673134,3, , 
42,16,7,1,11,95, , , ,1,7,90, , , , ,10,1,1,2,1,1.4382282504121189,-0.22132822390884282,4,-0.5209666544673134,3, , 
42,16,8,1,11,95, , , ,1,8,90, , , , ,10,1,1,2,1,1.4382282504121189,-0.22132822390884282,4,-0.5209666544673134,3, , 
42,16,9,1,11,95, , , ,1,9,90, , , , ,10,1,1,2,1,1.4382282504121189,-0.22132822390884282,4,-0.5209666544673134,3, , 
42,16,10,1,11,95, , , ,1,10,11,12,90, , ,10,1,1,2,1,1.4382282504121189,-0.22132822390884282,4,-0.5209666544673134,3, , 
42,18,1,1,13,12, , , ,1,1,6,90, , , ,2,1,1,3,1,1.4382282504121189,-0.19858163932193434,4,-0.49922549317878206,3, , 
42,18,2,1,13,12, , , ,1,2,5,90, , , ,2,1,1,3,1,1.4382282504121189,-0.19858163932193434,4,-0.49922549317878206,3, , 
42,19,1,1,13,95, , , ,1,1,2,90, , , ,3,1,1,3,1,1.4382282504121189,-0.8854910433432193,1,-1.1557727689412682,1, , 
42,19,2,1,13,95, , , ,1,3,4,90, , , ,3,1,1,3,1,1.4382282504121189,-0.8854910433432193,1,-1.1557727689412682,1, , 
42,19,3,1,13,95, , , ,1,5,6,90, , , ,3,1,1,3,1,1.4382282504121189,-0.8854910433432193,1,-1.1557727689412682,1, , 
42,20,1,1,13,95, , , ,1,2,90, , , , ,3,1,1,2,1,1.4382282504121189,0.2820708720924515,4,-0.03981833539333711,4, , 
42,20,2,1,13,95, , , ,1,1,90, , , , ,3,1,1,2,1,1.4382282504121189,0.2820708720924515,4,-0.03981833539333711,4, , 
42,20,3,1,13,95, , , ,1,6,5,7,90, , ,3,1,1,2,1,1.4382282504121189,0.2820708720924515,4,-0.03981833539333711,4, , 
42,21,1,1,13,95, , , ,1,2,1,5,7,6,90,3,1,1,2,1,1.4382282504121189,-0.7213296060552385,2,-0.9988674422624997,2, , 
42,21,2,1,13,95, , , ,2, , , , , , ,3,1,1,2,1,1.4382282504121189,-0.7213296060552385,2,-0.9988674422624997,2, , 
42,21,3,1,13,95, , , ,2, , , , , , ,3,1,1,2,1,1.4382282504121189,-0.7213296060552385,2,-0.9988674422624997,2, , 
42,22,1,1,12,24, , , ,1,1,2,3,90, , ,1,1,1,3,1,1.4382282504121189,-0.8811894871521919,1,-1.1516613461215703,1, , 
42,24,1,1,12,95, , , ,1,1,6,90, , , ,3,1,1,2,1,1.4382282504121189,-0.8293327067091454,2,-1.1020966906802823,1, , 
42,24,2,1,12,95, , , ,1,8,7,5,90, , ,3,1,1,2,1,1.4382282504121189,-0.8293327067091454,2,-1.1020966906802823,1, , 
42,24,3,2,12,95, , , ,1,10,90, , , , ,3,1,1,2,1,1.4382282504121189,-0.8293327067091454,2,-1.1020966906802823,1, , 
42,26,1,9,13,9, , , ,1,1,2,5,90, , ,1,1,1,2,1,1.4382282504121189,-0.7667326384934574,2,-1.0422636122438103,2, , 
42,27,1,1,13,18, , , ,1,1,90, , , , ,2,1,1,2,1,1.4382282504121189,-0.8309382127206275,2,-1.1036312316137562,1, , 
42,27,2,1,13,18, , , ,1,4,90, , , , ,2,1,1,2,1,1.4382282504121189,-0.8309382127206275,2,-1.1036312316137562,1, , 
42,28,1,1,13,0, , , ,1,2,1,90, , , ,3,1,1,3,1,1.4382282504121189,0.10317816960020448,4,-0.21080378964318797,4, , 
42,28,2,1,13,0, , , ,1,3,90, , , , ,3,1,1,3,1,1.4382282504121189,0.10317816960020448,4,-0.21080378964318797,4, , 
42,28,3,1,13,0, , , ,1,4,90, , , , ,3,1,1,3,1,1.4382282504121189,0.10317816960020448,4,-0.21080378964318797,4, , 
42,29,1,2,21,12, ,2, ,1,1,2,3,4,90,90,1,1,1,2,1,1.4382282504121189,-0.8416286411480669,1,-1.1138491317031713,1, , 
43,2,1,2,98,95,1,2, ,1,1,90, , , , ,2,1,1,2,6,0.6072519279517835,1.5139829947182544,5,1.1376419575562853,5, , 
43,2,2,2,98,95,1,2, ,2, , , , , , ,2,1,1,2,6,0.6072519279517835,1.5139829947182544,5,1.1376419575562853,5, , 
43,3,1,1,13,95, , , ,1,1,90, , , , ,2,1,1,2,6,0.6072519279517835,1.48911594349017,5,1.1138740565136334,5, , 
43,3,2,1,13,95, , , ,2, , , , , , ,2,1,1,2,6,0.6072519279517835,1.48911594349017,5,1.1138740565136334,5, , 
43,4,1,1,12,0, , , ,1,1,2,4,90, , ,2,1,1,3,6,0.6072519279517835,1.4173991713845937,5,1.0453272422223325,5, , 
43,4,2,1,12,0, , , ,1,3,90, , , , ,2,1,1,3,6,0.6072519279517835,1.4173991713845937,5,1.0453272422223325,5, , 
43,5,1,1,13,0, , , ,1,1,2,90, , , ,2,1,1,3,1,0.6072519279517835,1.333940024903437,5,0.9655570790263023,5, , 
43,5,2,1,13,0, , , ,1,3,90, , , , ,2,1,1,3,1,0.6072519279517835,1.333940024903437,5,0.9655570790263023,5, , 
43,6,1,1,13,95, , , ,1,1,2,90, , , ,2,1,1,3,6,0.6072519279517835,-0.7139221252103967,2,-0.9917873799712095,2, , 
43,6,2,1,13,95, , , ,2, , , , , , ,2,1,1,3,6,0.6072519279517835,-0.7139221252103967,2,-0.9917873799712095,2, , 
43,10,1,1,12,3, , , ,1,1,2,90, , , ,2,1,1,3,6,0.6072519279517835,1.0721280515225438,5,0.715317474095956,5, , 
43,10,2,1,12,3, , , ,2, , , , , , ,2,1,1,3,6,0.6072519279517835,1.0721280515225438,5,0.715317474095956,5, , 
43,18,1,2,13,8, , , ,1,1,90, , , , ,1,1,1,2,6,0.6072519279517835,1.4441957353715666,5,1.0709393695020706,5, , 
43,19,1,2,13,8, , , ,1,1,2,6,90, , ,3,1,1,3,6,0.6072519279517835,0.41322320357077974,4,0.08553692315736222,4, , 
43,19,2,2,13,8, , , ,1,4,3,90, , , ,3,1,1,3,6,0.6072519279517835,0.41322320357077974,4,0.08553692315736222,4, , 
43,19,3,2,13,8, , , ,1,5,90, , , , ,3,1,1,3,6,0.6072519279517835,0.41322320357077974,4,0.08553692315736222,4, , 
43,21,1,1,13,12, , , ,1,1,2,90, , , ,3,1,1,2,6,0.6072519279517835,1.1296073338873973,5,0.7702561108776091,5, , 
43,21,2,1,13,2, , , ,1,3,90, , , , ,3,1,1,2,6,0.6072519279517835,1.1296073338873973,5,0.7702561108776091,5, , 
43,21,3,1,13,12, , , ,1,4,5,90, , , ,3,1,1,2,6,0.6072519279517835,1.1296073338873973,5,0.7702561108776091,5, , 
43,22,1,2,13,95, , , ,1,2,5,90, , , ,1,1,1,3,6,0.6072519279517835,2.1931520667139823,5,1.7867910322239455,5, , 
43,25,1,1,11,7, , , ,1,1,2,3,90, , ,2,1,1,3,6,0.6072519279517835,1.369723829943077,5,0.9997592017191276,5, , 
43,25,2,1,11,5, , , ,2, , , , , , ,2,1,1,3,6,0.6072519279517835,1.369723829943077,5,0.9997592017191276,5, , 
43,27,1,2,21,9, ,2, ,1,1,2,90, , , ,2,1,1,3,1,0.6072519279517835,3.252159226617424,5,2.798988946209744,5, , 
43,27,2,2,21,95, ,2, ,1,3,90, , , , ,2,1,1,3,1,0.6072519279517835,3.252159226617424,5,2.798988946209744,5, , 
43,28,1,2,11,12, , , ,1,1,90, , , , ,2,1,1,3,6,0.6072519279517835,2.45277968758266,5,2.034942835352767,5, , 
43,28,2,2,11,95, , , ,2, , , , , , ,2,1,1,3,6,0.6072519279517835,2.45277968758266,5,2.034942835352767,5, , 
43,29,1,2,11,23, , , ,1,1,90, , , , ,1,1,1,2,6,0.6072519279517835,-0.5275345328534147,3,-0.8136383179820778,3, , 
44,1,1,1,13,12, , , ,1,5,6,3,90, , ,3,1,1,2,6,1.1346022864362273,-0.9360975695361513,1,-1.2041424327037153,1, , 
44,1,2,1,13,12, , , ,1,1,7,8,90, , ,3,1,1,2,6,1.1346022864362273,-0.9360975695361513,1,-1.2041424327037153,1, , 
44,1,3,1,13,12, , , ,1,2,4,90, , , ,3,1,1,2,6,1.1346022864362273,-0.9360975695361513,1,-1.2041424327037153,1, , 
44,2,1,1,12,7, , , ,1,1,5,90, , , ,2,1,1,2,6,1.1346022864362273,-1.100342863700615,1,-1.3611279096955915,1, , 
44,2,2,1,12,7, , , ,1,2,3,4,90, , ,2,1,1,2,6,1.1346022864362273,-1.100342863700615,1,-1.3611279096955915,1, , 
44,3,1,1,13,95, , , ,1,1,2,90, , , ,3,1,1,3,1,1.1346022864362273,-1.050857659449576,1,-1.313830004249296,1, , 
44,3,2,1,13,95, , , ,1,5,7,90, , , ,3,1,1,3,1,1.1346022864362273,-1.050857659449576,1,-1.313830004249296,1, , 
44,3,3,1,13,95, , , ,1,6,9,8,90, , ,3,1,1,3,1,1.1346022864362273,-1.050857659449576,1,-1.313830004249296,1, , 
44,4,1,1,11,8, , , ,1,1,2,6,90, , ,3,1,1,3,1,1.1346022864362273,-0.946654639249902,1,-1.2142328686768162,1, , 
44,4,2,1,13,12, , , ,1,5,4,90, , , ,3,1,1,3,1,1.1346022864362273,-0.946654639249902,1,-1.2142328686768162,1, , 
44,4,3,1,13,12, , , ,1,3,90, , , , ,3,1,1,3,1,1.1346022864362273,-0.946654639249902,1,-1.2142328686768162,1, , 
44,5,1,1,11,95, , , ,1,1,2,90, , , ,2,1,1,3,1,1.1346022864362273,-0.6960053251789347,2,-0.974662521609723,2, , 
44,5,2,1,11,95, , , ,1,3,4,90, , , ,2,1,1,3,1,1.1346022864362273,-0.6960053251789347,2,-0.974662521609723,2, , 
44,6,1,1,13,95, , , ,1,1,90, , , , ,1,1,1,1,1,1.1346022864362273,-0.8691987051252155,1,-1.140200569448568,1, , 
44,7,1,1,11,95, , , ,1,1,2,90, , , ,3,1,1,3,1,1.1346022864362273,-0.8096415069205802,2,-1.0832758629233854,2, , 
44,7,2,1,11,95, , , ,1,3,10,90, , , ,3,1,1,3,1,1.1346022864362273,-0.8096415069205802,2,-1.0832758629233854,2, , 
44,7,3,1,11,95, , , ,1,9,8,90, , , ,3,1,1,3,1,1.1346022864362273,-0.8096415069205802,2,-1.0832758629233854,2, , 
44,9,1,1,12,2, , , ,1,1,2,3,4,90,90,3,1,1,3,1,1.1346022864362273,-0.6132244038926475,2,-0.8955406053316098,2, , 
44,9,2,2,12,1, , , ,2, , , , , , ,3,1,1,3,1,1.1346022864362273,-0.6132244038926475,2,-0.8955406053316098,2, , 
44,9,3,2,12,1, , , ,2, , , , , , ,3,1,1,3,1,1.1346022864362273,-0.6132244038926475,2,-0.8955406053316098,2, , 
44,11,1,2,12,95, , , ,1,1,2,90, , , ,3,1,1,3,1,1.1346022864362273,0.1917258127791795,4,-0.126170046730355,4, , 
44,11,2,2,12,95, , , ,1,5,4,90, , , ,3,1,1,3,1,1.1346022864362273,0.1917258127791795,4,-0.126170046730355,4, , 
44,11,3,2,12,95, , , ,1,3,6,90, , , ,3,1,1,3,1,1.1346022864362273,0.1917258127791795,4,-0.126170046730355,4, , 
44,13,1,1,12,95, , , ,1,1,2,8,90, , ,3,1,1,3,1,1.1346022864362273,-1.0495296610852223,1,-1.3125607048289807,1, , 
44,13,2,1,12,95, , , ,1,5,90, , , , ,3,1,1,3,1,1.1346022864362273,-1.0495296610852223,1,-1.3125607048289807,1, , 
44,13,3,1,12,95, , , ,1,6,7,90, , , ,3,1,1,3,1,1.1346022864362273,-1.0495296610852223,1,-1.3125607048289807,1, , 
44,14,1,2,12,95, , , ,1,1,90, , , , ,1,1,1,2,1,1.1346022864362273,-0.505288587762244,3,-0.7923756673896316,3, , 
44,17,1,2,13,95, , , ,1,1,2,6,90, , ,3,1,1,2,1,1.1346022864362273,-0.9097749085111635,1,-1.1789832613696167,1, , 
44,17,2,2,13,95, , , ,1,3,90, , , , ,3,1,1,2,1,1.1346022864362273,-0.9097749085111635,1,-1.1789832613696167,1, , 
44,17,3,2,13,95, , , ,1,4,90, , , , ,3,1,1,2,1,1.1346022864362273,-0.9097749085111635,1,-1.1789832613696167,1, , 
44,20,1,1,13,95, , , ,1,1,2,90, , , ,2,1,1,3,1,1.1346022864362273,-0.5460171374157898,3,-0.8313039717107705,2, , 
44,20,2,1,13,95, , , ,1,5,6,90, , , ,2,1,1,3,1,1.1346022864362273,-0.5460171374157898,3,-0.8313039717107705,2, , 
44,21,1,1,12,95, , , ,1,1,90, , , , ,3,1,1,3,1,1.1346022864362273,-0.3127489042523088,3,-0.6083464432378217,3, , 
44,21,2,1,12,95, , , ,1,2,90, , , , ,3,1,1,3,1,1.1346022864362273,-0.3127489042523088,3,-0.6083464432378217,3, , 
44,21,3,1,12,95, , , ,1,3,90, , , , ,3,1,1,3,1,1.1346022864362273,-0.3127489042523088,3,-0.6083464432378217,3, , 
44,22,1,1,13,5, , , ,1,1,90, , , , ,1,1,1,1,1,1.1346022864362273,-0.984838318512941,1,-1.250728788592858,1, , 
44,23,1,1,13,95, , , ,1,1,2,8,90, , ,2,1,1,2,1,1.1346022864362273,-0.88537498502345,1,-1.1556618405230112,1, , 
44,23,2,1,13,95, , , ,1,3,4,5,90, , ,2,1,1,2,1,1.1346022864362273,-0.88537498502345,1,-1.1556618405230112,1, , 
44,24,1,2,13,95, , , ,1,1,90, , , , ,2,1,1,2,1,1.1346022864362273,-0.444064012490656,3,-0.733857283642143,3, , 
44,24,2,2,13,95, , , ,1,2,90, , , , ,2,1,1,2,1,1.1346022864362273,-0.444064012490656,3,-0.733857283642143,3, , 
44,25,1,1,13,95, , , ,1,1,2,90, , , ,2,1,1,2,1,1.1346022864362273,-0.6137294591821352,2,-0.8960233366386519,2, , 
44,25,2,1,13,95, , , ,1,3,90, , , , ,2,1,1,2,1,1.1346022864362273,-0.6137294591821352,2,-0.8960233366386519,2, , 
44,26,1,1,11,95, , , ,1,1,2,7,90, , ,3,1,1,2,1,1.1346022864362273,-0.8909223760393223,1,-1.160964030939591,1, , 
44,26,2,1,11,95, , , ,1,4,6,3,5,90,90,3,1,1,2,1,1.1346022864362273,-0.8909223760393223,1,-1.160964030939591,1, , 
44,26,3,1,11,95, , , ,2, , , , , , ,3,1,1,2,1,1.1346022864362273,-0.8909223760393223,1,-1.160964030939591,1, , 
44,27,1,1,13,95, , , ,1,1,5,90, , , ,2,1,1,2,1,1.1346022864362273,-1.058929747004,1,-1.32154529692479,1, , 
44,27,2,1,13,95, , , ,1,3,2,90, , , ,2,1,1,2,1,1.1346022864362273,-1.058929747004,1,-1.32154529692479,1, , 
45,1,1,1,12,95, , , ,2, , , , , , ,3,1,1,3,6,0.7031338113125915,1.4757440503409167,5,1.1010932153029382,5, , 
45,1,2,1,13,95, , , ,2, , , , , , ,3,1,1,3,6,0.7031338113125915,1.4757440503409167,5,1.1010932153029382,5, , 
45,1,3,1,13,95, , , ,1,1,90, , , , ,3,1,1,3,6,0.7031338113125915,1.4757440503409167,5,1.1010932153029382,5, , 
45,2,1,2,12,6, , , ,1,1,90, , , , ,6,1,1,3,1,0.7031338113125915,1.631959063340123,5,1.2504033581214986,5, , 
45,2,2,2,12,1, , , ,2, , , , , , ,6,1,1,3,1,0.7031338113125915,1.631959063340123,5,1.2504033581214986,5, , 
45,2,3,2,13,1, , , ,2, , , , , , ,6,1,1,3,1,0.7031338113125915,1.631959063340123,5,1.2504033581214986,5, , 
45,2,4,2,13,1, , , ,2, , , , , , ,6,1,1,3,1,0.7031338113125915,1.631959063340123,5,1.2504033581214986,5, , 
45,2,5,2,13,1, , , ,2, , , , , , ,6,1,1,3,1,0.7031338113125915,1.631959063340123,5,1.2504033581214986,5, , 
45,2,6,2,13,1, , , ,2, , , , , , ,6,1,1,3,1,0.7031338113125915,1.631959063340123,5,1.2504033581214986,5, , 
45,5,1,2,12,5, , , ,1,1,90, , , , ,1,1,1,2,1,0.7031338113125915,1.441911771898489,5,1.0687563596503906,5, , 
45,7,1,1,21,15, ,2, ,1,4,90, , , , ,1,1,1,3,6,0.7031338113125915,1.4452246232146668,5,1.0719227794051787,5, , 
45,10,1,2,11,95, , , ,1,1,90, , , , ,1,1,1,3,1,0.7031338113125915,3.0018202773260403,5,2.5597152454679666,5, , 
45,11,1,1,12,15, , , ,1,1,2,90, , , ,2,1,1,3,6,0.7031338113125915,0.7677820267190258,5,0.4244238681791848,4, , 
45,11,2,1,12,15, , , ,2, , , , , , ,2,1,1,3,6,0.7031338113125915,0.7677820267190258,5,0.4244238681791848,4, , 
45,12,1,2,12,95, , , ,1,1,2,90, , , ,2,1,1,2,1,0.7031338113125915,-0.1590915378181751,4,-0.46148089627838235,3, , 
45,12,2,2,12,95, , , ,1,3,4,90, , , ,2,1,1,2,1,0.7031338113125915,-0.1590915378181751,4,-0.46148089627838235,3, , 
45,14,1,1,11,95, , , ,1,1,9,90, , , ,1,1,1,2,1,0.7031338113125915,-1.2219791085787202,1,-1.4773877028228728,1, , 
45,15,1,1,13,95, , , ,1,1,2,4,90, , ,3,1,1,2,1,0.7031338113125915,-0.10248204728712745,4,-0.4073736056038323,3, , 
45,15,2,1,13,95, , , ,1,3,90, , , , ,3,1,1,2,1,0.7031338113125915,-0.10248204728712745,4,-0.4073736056038323,3, , 
45,15,3,1,13,95, , , ,2, , , , , , ,3,1,1,2,1,0.7031338113125915,-0.10248204728712745,4,-0.4073736056038323,3, , 
45,17,1,1,12,6, , , ,1,1,90, , , , ,1,1,1,3,1,0.7031338113125915,0.4802348271757094,4,0.14958656152986932,4, , 
45,20,1,1,11,95, , , ,1,1,2,90, , , ,3,1,1,3,1,0.7031338113125915,0.9845099369809085,5,0.6315721736633336,5, , 
45,20,2,1,11,95, , , ,1,4,90, , , , ,3,1,1,3,1,0.7031338113125915,0.9845099369809085,5,0.6315721736633336,5, , 
45,20,3,1,11,95, , , ,1,6,90, , , , ,3,1,1,3,1,0.7031338113125915,0.9845099369809085,5,0.6315721736633336,5, , 
45,21,1,2,13,95, , , ,1,1,90, , , , ,1,1,1,3,1,0.7031338113125915,-0.10287036723987936,4,-0.40774476140052246,3, , 
45,22,1,1,12,12, , , ,1,1,2,90, , , ,3,1,1,2,1,0.7031338113125915,0.06480434946315017,4,-0.247481446003825,4, , 
45,22,2,1,12,12, , , ,1,3,4,90, , , ,3,1,1,2,1,0.7031338113125915,0.06480434946315017,4,-0.247481446003825,4, , 
45,22,3,1,12,12, , , ,2, , , , , , ,3,1,1,2,1,0.7031338113125915,0.06480434946315017,4,-0.247481446003825,4, , 
45,24,1,1,11,12, , , ,1,1,2,90, , , ,3,1,1,3,1,0.7031338113125915,2.7517067594849745,5,2.3206570118659773,5, , 
45,24,2,1,11,12, , , ,1,3,4,90, , , ,3,1,1,3,1,0.7031338113125915,2.7517067594849745,5,2.3206570118659773,5, , 
45,24,3,1,11,12, , , ,1,5,90, , , , ,3,1,1,3,1,0.7031338113125915,2.7517067594849745,5,2.3206570118659773,5, , 
45,25,1,2,12,18, , , ,1,1,90, , , , ,1,1,1,2,1,0.7031338113125915,0.4917399327185711,4,0.16058312913733752,4, , 
45,26,1,1,13,5, , , ,1,1,3,4,90, , ,4,1,1,3,6,0.7031338113125915,1.6421129083985895,5,1.260108392399125,5, , 
45,26,2,1,13,5, , , ,1,2,90, , , , ,4,1,1,3,6,0.7031338113125915,1.6421129083985895,5,1.260108392399125,5, , 
45,26,3,1,13,5, , , ,1,5,90, , , , ,4,1,1,3,6,0.7031338113125915,1.6421129083985895,5,1.260108392399125,5, , 
45,26,4,1,13,5, , , ,2, , , , , , ,4,1,1,3,6,0.7031338113125915,1.6421129083985895,5,1.260108392399125,5, , 
45,29,1,1,13,95, , , ,1,1,90, , , , ,2,1,1,3,6,0.7031338113125915,0.15704077031081562,4,-0.15932197332940445,4, , 
45,29,2,1,13,95, , , ,1,2,3,90, , , ,2,1,1,3,6,0.7031338113125915,0.15704077031081562,4,-0.15932197332940445,4, , 
45,30,1,1,11,6, , , ,1,1,90, , , , ,4,1,1,3,6,0.7031338113125915,1.8719043275861045,5,1.4797427857819292,5, , 
45,30,2,1,11,1, , , ,1,2,90, , , , ,4,1,1,3,6,0.7031338113125915,1.8719043275861045,5,1.4797427857819292,5, , 
45,30,3,1,13,6, , , ,1,3,90, , , , ,4,1,1,3,6,0.7031338113125915,1.8719043275861045,5,1.4797427857819292,5, , 
45,30,4,1,13,6, , , ,1,4,90, , , , ,4,1,1,3,6,0.7031338113125915,1.8719043275861045,5,1.4797427857819292,5, , 
46,1,1,1,21,12, ,2, ,1,1,2,90, , , ,2,1,1,3,1,0.9348483627678775,-0.7718394881663602,2,-1.047144733714625,2, , 
46,1,2,1,21,12, ,2, ,1,3,90, , , , ,2,1,1,3,1,0.9348483627678775,-0.7718394881663602,2,-1.047144733714625,2, , 
46,2,1,1,21,95, ,2, ,1,1,4,90, , , ,2,1,1,3,1,0.9348483627678775,-0.7531882014400086,2,-1.0293178537535062,2, , 
46,2,2,1,21,95, ,2, ,1,2,3,90, , , ,2,1,1,3,1,0.9348483627678775,-0.7531882014400086,2,-1.0293178537535062,2, , 
46,3,1,1,11,95, , , ,1,1,90, , , , ,4,1,1,2,1,0.9348483627678775,-0.5313122587273005,3,-0.8172490643433262,3, , 
46,3,2,1,11,95, , , ,1,8,7,6,90, , ,4,1,1,2,1,0.9348483627678775,-0.5313122587273005,3,-0.8172490643433262,3, , 
46,3,3,1,11,95, , , ,1,4,5,90, , , ,4,1,1,2,1,0.9348483627678775,-0.5313122587273005,3,-0.8172490643433262,3, , 
46,3,4,1,11,95, , , ,1,2,90, , , , ,4,1,1,2,1,0.9348483627678775,-0.5313122587273005,3,-0.8172490643433262,3, , 
46,4,1,1,12,98, , , ,1,1,3,4,5,6,90,1,1,1,1,1,0.9348483627678775,-0.9470269145866812,1,-1.2145886890466715,1, , 
46,6,1,1,12,6, , , ,1,1,5,6,90, , ,3,1,1,3,6,0.9348483627678775,-0.5457629883021533,3,-0.8310610562590114,2, , 
46,6,2,1,12,9, , , ,1,3,7,4,90, , ,3,1,1,3,6,0.9348483627678775,-0.5457629883021533,3,-0.8310610562590114,2, , 
46,6,3,1,12,9, , , ,2, , , , , , ,3,1,1,3,6,0.9348483627678775,-0.5457629883021533,3,-0.8310610562590114,2, , 
46,7,1,1,12,4, , , ,1,1,90, , , , ,3,1,1,3,1,0.9348483627678775,-0.8079471337393453,2,-1.0816563828438401,2, , 
46,7,2,1,12,4, , , ,1,3,90, , , , ,3,1,1,3,1,0.9348483627678775,-0.8079471337393453,2,-1.0816563828438401,2, , 
46,7,3,1,12,4, , , ,1,2,4,5,90, , ,3,1,1,3,1,0.9348483627678775,-0.8079471337393453,2,-1.0816563828438401,2, , 
46,8,1,1,12,12, , , ,1,1,90, , , , ,1,1,1,1,1,0.9348483627678775,-0.8958460847112115,1,-1.1656701064369601,1, , 
46,11,1,2,98,0,1,2, ,1,1,2,90, , , ,3,1,1,2,1,0.9348483627678775,-0.8209215771466254,2,-1.0940573420150443,2, , 
46,11,2,2,98,0,1,2, ,1,3,90, , , , ,3,1,1,2,1,0.9348483627678775,-0.8209215771466254,2,-1.0940573420150443,2, , 
46,11,3,2,98,0,1,2, ,1,4,90, , , , ,3,1,1,2,1,0.9348483627678775,-0.8209215771466254,2,-1.0940573420150443,2, , 
46,12,1,1,11,95, , , ,1,1,2,90, , , ,1,1,1,2,1,0.9348483627678775,-0.2552018632935343,3,-0.5533430428643645,3, , 
46,13,1,2,98,95,8,2, ,2, , , , , , ,3,1,1,2,1,0.9348483627678775,-0.36821542169477733,3,-0.661361281453309,3, , 
46,13,2,2,98,95,8,2, ,2, , , , , , ,3,1,1,2,1,0.9348483627678775,-0.36821542169477733,3,-0.661361281453309,3, , 
46,13,3,2,98,95,8,2, ,2, , , , , , ,3,1,1,2,1,0.9348483627678775,-0.36821542169477733,3,-0.661361281453309,3, , 
46,15,1,1,13,12, , , ,1,1,6,90, , , ,2,1,1,2,1,0.9348483627678775,1.093843955950191,5,0.736073512387504,5, , 
46,15,2,1,13,12, , , ,2, , , , , , ,2,1,1,2,1,0.9348483627678775,1.093843955950191,5,0.736073512387504,5, , 
46,16,1,1,13,24, , , ,2, , , , , , ,3,1,1,2,1,0.9348483627678775,-1.1921149903930357,1,-1.4488436105116071,1, , 
46,16,2,1,13,24, , , ,2, , , , , , ,3,1,1,2,1,0.9348483627678775,-1.1921149903930357,1,-1.4488436105116071,1, , 
46,16,3,1,13,24, , , ,2, , , , , , ,3,1,1,2,1,0.9348483627678775,-1.1921149903930357,1,-1.4488436105116071,1, , 
46,17,1,1,13,95, , , ,1,1,90, , , , ,3,1,1,3,1,0.9348483627678775,-0.9357500450883962,1,-1.2038102692071921,1, , 
46,17,2,1,13,95, , , ,1,2,5,90, , , ,3,1,1,3,1,0.9348483627678775,-0.9357500450883962,1,-1.2038102692071921,1, , 
46,17,3,1,13,95, , , ,1,4,90, , , , ,3,1,1,3,1,0.9348483627678775,-0.9357500450883962,1,-1.2038102692071921,1, , 
46,18,1,1,13,95, , , ,1,1,90, , , , ,3,1,1,2,1,0.9348483627678775,-0.948503201254987,1,-1.2159997222697523,1, , 
46,18,2,1,13,95, , , ,1,2,90, , , , ,3,1,1,2,1,0.9348483627678775,-0.948503201254987,1,-1.2159997222697523,1, , 
46,18,3,1,13,95, , , ,1,3,90, , , , ,3,1,1,2,1,0.9348483627678775,-0.948503201254987,1,-1.2159997222697523,1, , 
46,19,1,1,11,95, , , ,1,1,2,5,90, , ,3,1,1,3,1,0.9348483627678775,-0.4592320121977153,3,-0.7483548415852096,3, , 
46,19,2,1,11,95, , , ,1,3,90, , , , ,3,1,1,3,1,0.9348483627678775,-0.4592320121977153,3,-0.7483548415852096,3, , 
46,19,3,1,11,95, , , ,1,4,90, , , , ,3,1,1,3,1,0.9348483627678775,-0.4592320121977153,3,-0.7483548415852096,3, , 
46,20,1,2,12,8, , , ,1,2,3,90, , , ,2,1,1,1,1,0.9348483627678775,-0.5697840715921774,3,-0.854020382048705,2, , 
46,20,2,2,12,8, , , ,1,1,90, , , , ,2,1,1,1,1,0.9348483627678775,-0.5697840715921774,3,-0.854020382048705,2, , 
46,21,1,2,12,3, , , ,1,1,2,4,90, , ,2,1,1,2,1,0.9348483627678775,-0.6826425276885113,2,-0.9618903740200367,2, , 
46,21,2,2,12,12, , , ,1,3,5,90, , , ,2,1,1,2,1,0.9348483627678775,-0.6826425276885113,2,-0.9618903740200367,2, , 
46,24,1,2,12,12, , , ,1,1,2,7,90, , ,2,1,1,2,1,0.9348483627678775,-0.7915291478582624,2,-1.065964089448774,2, , 
46,24,2,2,12,5, , , ,1,5,6,90, , , ,2,1,1,2,1,0.9348483627678775,-0.7915291478582624,2,-1.065964089448774,2, , 
46,25,1,1,11,12, , , ,1,2,3,90, , , ,3,1,1,3,1,0.9348483627678775,-0.9101241114132048,1,-1.1793170291309567,1, , 
46,25,2,1,11,12, , , ,1,1,90, , , , ,3,1,1,3,1,0.9348483627678775,-0.9101241114132048,1,-1.1793170291309567,1, , 
46,25,3,1,11,12, , , ,2, , , , , , ,3,1,1,3,1,0.9348483627678775,-0.9101241114132048,1,-1.1793170291309567,1, , 
46,26,1,1,13,24, , , ,1,1,2,90, , , ,3,1,1,3,6,0.9348483627678775,-0.09708551879452354,4,-0.4022156094260948,3, , 
46,26,2,1,13,24, , , ,1,3,4,90, , , ,3,1,1,3,6,0.9348483627678775,-0.09708551879452354,4,-0.4022156094260948,3, , 
46,26,3,1,13,24, , , ,1,6,90, , , , ,3,1,1,3,6,0.9348483627678775,-0.09708551879452354,4,-0.4022156094260948,3, , 
46,27,1,2,11,0, , , ,2, , , , , , ,2,1,1,2,1,0.9348483627678775,-0.8431472526985249,1,-1.1153006190034729,1, , 
46,27,2,2,11,0, , , ,2, , , , , , ,2,1,1,2,1,0.9348483627678775,-0.8431472526985249,1,-1.1153006190034729,1, , 
46,28,1,1,11,95, , , ,1,1,90, , , , ,4,1,1,3,1,0.9348483627678775,-0.8864415421820164,1,-1.1566812547176668,1, , 
46,28,2,1,11,95, , , ,1,3,2,90, , , ,4,1,1,3,1,0.9348483627678775,-0.8864415421820164,1,-1.1566812547176668,1, , 
46,28,3,1,11,95, , , ,2, , , , , , ,4,1,1,3,1,0.9348483627678775,-0.8864415421820164,1,-1.1566812547176668,1, , 
46,28,4,1,11,95, , , ,2, , , , , , ,4,1,1,3,1,0.9348483627678775,-0.8864415421820164,1,-1.1566812547176668,1, , 
46,29,1,2,13,95, , , ,1,1,2,90, , , ,2,1,1,3,1,0.9348483627678775,0.4914925217702818,4,0.16034665401683076,4, , 
46,29,2,2,13,95, , , ,1,3,4,90, , , ,2,1,1,3,1,0.9348483627678775,0.4914925217702818,4,0.16034665401683076,4, , 
47,1,1,2,12,98, , , ,1,1,2,6,90, , ,2,1,1,2,1,1.6779329588141387,-1.111879690348366,1,-1.372154796301282,1, , 
47,1,2,2,12,98, , , ,1,3,4,5,90, , ,2,1,1,2,1,1.6779329588141387,-1.111879690348366,1,-1.372154796301282,1, , 
47,2,1,2,12,98, , , ,1,2,7,90, , , ,3,1,1,3,1,1.6779329588141387,-0.2232274079910554,4,-0.5227818925875787,3, , 
47,2,2,2,12,98, , , ,1,3,4,90, , , ,3,1,1,3,1,1.6779329588141387,-0.2232274079910554,4,-0.5227818925875787,3, , 
47,2,3,2,12,98, , , ,1,5,6,90, , , ,3,1,1,3,1,1.6779329588141387,-0.2232274079910554,4,-0.5227818925875787,3, , 
47,3,1,2,12,24, , , ,1,1,90, , , , ,2,1,1,1,1,1.6779329588141387,-0.9419588090970734,1,-1.2097445992249287,1, , 
47,3,2,2,13,24, , , ,1,2,90, , , , ,2,1,1,1,1,1.6779329588141387,-0.9419588090970734,1,-1.2097445992249287,1, , 
47,4,1,1,12,7, , , ,1,1,2,90, , , ,3,1,1,3,1,1.6779329588141387,-0.8245405936141539,2,-1.0975163940949628,1, , 
47,4,2,1,12,7, , , ,1,5,6,90, , , ,3,1,1,3,1,1.6779329588141387,-0.8245405936141539,2,-1.0975163940949628,1, , 
47,4,3,1,12,7, , , ,1,7,90, , , , ,3,1,1,3,1,1.6779329588141387,-0.8245405936141539,2,-1.0975163940949628,1, , 
47,5,1,2,12,24, , , ,1,2,90, , , , ,1,1,1,3,1,1.6779329588141387,-0.5063717711089986,3,-0.7934109728772255,3, , 
47,7,1,1,12,98, , , ,1,1,2,90, , , ,1,1,1,2,1,1.6779329588141387,-0.7430930602716441,2,-1.0196689285914304,2, , 
47,8,1,1,12,12, , , ,1,1,2,6,90, , ,4,1,1,2,1,1.6779329588141387,-0.2867890277476917,3,-0.5835340209613773,3, , 
47,8,2,1,12,12, , , ,1,3,4,5,90, , ,4,1,1,2,1,1.6779329588141387,-0.2867890277476917,3,-0.5835340209613773,3, , 
47,8,3,1,12,12, , , ,2, , , , , , ,4,1,1,2,1,1.6779329588141387,-0.2867890277476917,3,-0.5835340209613773,3, , 
47,8,4,1,12,12, , , ,2, , , , , , ,4,1,1,2,1,1.6779329588141387,-0.2867890277476917,3,-0.5835340209613773,3, , 
47,9,1,1,12,95, , , ,1,1,90, , , , ,2,1,1,3,1,1.6779329588141387,0.9341954076620618,5,0.5834816002017174,5, , 
47,9,2,1,12,95, , , ,1,2,90, , , , ,2,1,1,3,1,1.6779329588141387,0.9341954076620618,5,0.5834816002017174,5, , 
47,11,1,2,13,95, , , ,1,1,2,90, , , ,3,1,1,3,1,1.6779329588141387,0.88203006319282,5,0.5336220195932808,5, , 
47,11,2,2,13,95, , , ,1,4,90, , , , ,3,1,1,3,1,1.6779329588141387,0.88203006319282,5,0.5336220195932808,5, , 
47,11,3,2,13,95, , , ,2, , , , , , ,3,1,1,3,1,1.6779329588141387,0.88203006319282,5,0.5336220195932808,5, , 
47,12,1,2,13,95, , , ,2, , , , , , ,4,1,1,3,1,1.6779329588141387,0.9912081022726982,5,0.637974272905514,5, , 
47,12,2,2,13,95, , , ,2, , , , , , ,4,1,1,3,1,1.6779329588141387,0.9912081022726982,5,0.637974272905514,5, , 
47,12,3,2,13,95, , , ,2, , , , , , ,4,1,1,3,1,1.6779329588141387,0.9912081022726982,5,0.637974272905514,5, , 
47,12,4,2,13,95, , , ,2, , , , , , ,4,1,1,3,1,1.6779329588141387,0.9912081022726982,5,0.637974272905514,5, , 
47,14,1,1,13,12, , , ,1,3,4,6,90, , ,3,1,1,2,1,1.6779329588141387,-0.5111148234407381,3,-0.7979443772373528,3, , 
47,14,2,1,13,12, , , ,2, , , , , , ,3,1,1,2,1,1.6779329588141387,-0.5111148234407381,3,-0.7979443772373528,3, , 
47,14,3,1,13,12, , , ,2, , , , , , ,3,1,1,2,1,1.6779329588141387,-0.5111148234407381,3,-0.7979443772373528,3, , 
47,16,1,2,11,24, , , ,1,1,90, , , , ,2,1,1,1,1,1.6779329588141387,-1.2537958536018834,1,-1.5077981137828895,1, , 
47,16,2,2,11,24, , , ,1,3,2,90, , , ,2,1,1,1,1,1.6779329588141387,-1.2537958536018834,1,-1.5077981137828895,1, , 
47,17,1,1,11,95, , , ,1,2,1,90, , , ,1,1,1,2,1,1.6779329588141387,-0.7126355934313009,2,-0.9905577142688587,2, , 
47,19,1,1,12,98, , , ,1,1,90, , , , ,1,1,1,1,1,1.6779329588141387,-0.5942455748892483,2,-0.8774006608114187,2, , 
47,20,1,1,13,95, , , ,1,1,90, , , , ,1,1,1,1,1,1.6779329588141387,-0.8825788439273239,1,-1.1529892918454678,1, , 
47,21,1,1,12,24, , , ,1,2,90, , , , ,3,1,1,3,1,1.6779329588141387,-0.047288852020649585,4,-0.35462000843265407,4, , 
47,21,2,1,12,24, , , ,1,6,7,90, , , ,3,1,1,3,1,1.6779329588141387,-0.047288852020649585,4,-0.35462000843265407,4, , 
47,21,3,1,12,24, , , ,1,3,4,90, , , ,3,1,1,3,1,1.6779329588141387,-0.047288852020649585,4,-0.35462000843265407,4, , 
47,22,1,1,12,13, , , ,1,1,2,7,90, , ,1,1,1,3,1,1.6779329588141387,-0.8782919287844426,1,-1.1488918629239728,1, , 
47,23,1,1,13,98, , , ,1,2,9,10,90, , ,2,1,1,3,1,1.6779329588141387,-0.7355277442236652,2,-1.0124380075813157,2, , 
47,23,2,1,13,98, , , ,2, , , , , , ,2,1,1,3,1,1.6779329588141387,-0.7355277442236652,2,-1.0124380075813157,2, , 
47,24,1,1,12,95, , , ,2, , , , , , ,1,1,1,2,1,1.6779329588141387,-0.9280924397325558,1,-1.1964911381750516,1, , 
47,25,1,1,13,7, , , ,1,1,2,90, , , ,1,1,1,2,1,1.6779329588141387,-0.5733504013250987,3,-0.8574290762038775,2, , 
47,26,1,1,13,3, , , ,1,1,2,90, , , ,1,1,1,3,1,1.6779329588141387,-0.07847202834000211,4,-0.38442485510128077,3, , 
47,27,1,1,13,24, , , ,1,1,2,90, , , ,1,1,1,1,1,1.6779329588141387,-0.6239651764052518,2,-0.9058066242439329,2, , 
47,28,1,1,12,12, , , ,1,1,2,90, , , ,3,1,1,3,1,1.6779329588141387,0.9559725044264589,5,0.6042961260634683,5, , 
47,28,2,1,12,12, , , ,1,3,90, , , , ,3,1,1,3,1,1.6779329588141387,0.9559725044264589,5,0.6042961260634683,5, , 
47,28,3,1,12,12, , , ,2, , , , , , ,3,1,1,3,1,1.6779329588141387,0.9559725044264589,5,0.6042961260634683,5, , 
47,29,1,1,11,6, , , ,1,2,4,90, , , ,4,1,1,2,1,1.6779329588141387,-0.6438664342893523,2,-0.9248282253045116,2, , 
47,29,2,1,11,6, , , ,1,6,90, , , , ,4,1,1,2,1,1.6779329588141387,-0.6438664342893523,2,-0.9248282253045116,2, , 
47,29,3,1,11,6, , , ,1,1,90, , , , ,4,1,1,2,1,1.6779329588141387,-0.6438664342893523,2,-0.9248282253045116,2, , 
47,29,4,1,11,6, , , ,1,5,3,90, , , ,4,1,1,2,1,1.6779329588141387,-0.6438664342893523,2,-0.9248282253045116,2, , 
47,30,1,1,11,5, , , ,1,1,2,3,4,5,90,1,1,1,2,1,1.6779329588141387,-0.747114690570799,2,-1.0235127985422225,2, , 
48,1,1,1,12,95, , , ,1,1,90, , , , ,1,1,1,2,1,0.5513208293246454,-0.39120755951447633,3,-0.6833371422598546,3, , 
48,6,1,2,11,95, , , ,1,1,2,90, , , ,3,1,1,3,1,0.5513208293246454,0.3353985783405366,4,0.011152229363638388,4, , 
48,6,2,2,11,95, , , ,1,3,90, , , , ,3,1,1,3,1,0.5513208293246454,0.3353985783405366,4,0.011152229363638388,4, , 
48,6,3,2,11,95, , , ,1,4,90, , , , ,3,1,1,3,1,0.5513208293246454,0.3353985783405366,4,0.011152229363638388,4, , 
48,7,1,1,12,12, , , ,1,1,90, , , , ,3,1,1,2,1,0.5513208293246454,1.5305436194208333,5,1.1534705849848104,5, , 
48,7,2,1,12,12, , , ,1,2,90, , , , ,3,1,1,2,1,0.5513208293246454,1.5305436194208333,5,1.1534705849848104,5, , 
48,7,3,1,12,12, , , ,1,3,90, , , , ,3,1,1,2,1,0.5513208293246454,1.5305436194208333,5,1.1534705849848104,5, , 
48,8,1,1,13,12, , , ,1,1,2,90, , , ,1,1,1,2,1,0.5513208293246454,-0.05554591168259204,4,-0.3625120972512381,4, , 
48,10,1,1,13,4, , , ,1,1,2,3,90, , ,1,1,1,2,1,0.5513208293246454,-0.4865796564926889,3,-0.7744936908355979,3, , 
48,15,1,2,11,12, , , ,1,1,2,90, , , ,1,1,1,3,6,0.5513208293246454,2.59803623519722,5,2.17377888864408,5, , 
48,16,1,2,21,4, ,1,99,1,1,90, , , , ,2,1,1,3,1,0.5513208293246454,2.7467809342369063,5,2.3159489133473534,5, , 
48,16,2,2,21,4, ,1,99,1,2,90, , , , ,2,1,1,3,1,0.5513208293246454,2.7467809342369063,5,2.3159489133473534,5, , 
48,17,1,1,12,7, , , ,1,1,90, , , , ,1,1,1,3,6,0.5513208293246454,-0.2685923318521805,3,-0.5661416384315465,3, , 
48,18,1,1,11,7, , , ,1,1,2,90, , , ,2,1,1,2,1,0.5513208293246454,-0.4301012555669836,3,-0.7205116954660247,3, , 
48,18,2,1,11,7, , , ,1,3,4,5,90, , ,2,1,1,2,1,0.5513208293246454,-0.4301012555669836,3,-0.7205116954660247,3, , 
48,19,1,1,11,0, , , ,1,1,90, , , , ,1,1,1,1,6,0.5513208293246454,-0.24883641596796163,3,-0.5472589550994447,3, , 
48,21,1,1,11,95, , , ,1,1,90, , , , ,1,1,1,1,1,0.5513208293246454,-0.47135968410975343,3,-0.7599464574643585,3, , 
48,22,1,1,13,95, , , ,1,1,90, , , , ,1,1,1,3,1,0.5513208293246454,0.4240976373663758,4,0.09593069538141648,4, , 
48,30,1,2,13,95, , , ,1,1,90, , , , ,1,1,1,3,1,0.5513208293246454,-0.1017621227759925,4,-0.4066855025239018,3, , 
49,1,1,1,13,95, , , ,1,1,2,90, , , ,3,1,1,3,1,0.43146847512363573,1.1722464988232217,5,0.8110105792478448,5, , 
49,1,2,1,13,95, , , ,1,3,90, , , , ,3,1,1,3,1,0.43146847512363573,1.1722464988232217,5,0.8110105792478448,5, , 
49,1,3,1,13,95, , , ,1,4,90, , , , ,3,1,1,3,1,0.43146847512363573,1.1722464988232217,5,0.8110105792478448,5, , 
49,3,1,1,13,10, , , ,1,1,2,90, , , ,2,1,1,3,1,0.43146847512363573,1.407067540913825,5,1.0354522808372386,5, , 
49,3,2,1,13,10, , , ,1,3,4,90, , , ,2,1,1,3,1,0.43146847512363573,1.407067540913825,5,1.0354522808372386,5, , 
49,4,1,1,12,12, , , ,1,1,2,90, , , ,1,1,1,3,1,0.43146847512363573,1.038643244253031,5,0.6833127310198961,5, , 
49,5,1,1,13,95, , , ,1,1,2,90, , , ,1,1,1,3,1,0.43146847512363573,0.7434441463486032,5,0.4011617480779158,4, , 
49,6,1,1,12,12, , , ,1,1,6,90, , , ,3,1,1,3,1,0.43146847512363573,1.317704935445944,5,0.9500395978378412,5, , 
49,6,2,1,12,12, , , ,1,4,5,90, , , ,3,1,1,3,1,0.43146847512363573,1.317704935445944,5,0.9500395978378412,5, , 
49,6,3,1,12,12, , , ,2, , , , , , ,3,1,1,3,1,0.43146847512363573,1.317704935445944,5,0.9500395978378412,5, , 
49,7,1,1,11,27, , , ,1,1,2,5,90, , ,1,1,1,3,6,0.43146847512363573,1.3725681530983305,5,1.002477802757398,5, , 
49,9,1,1,12,95, , , ,1,1,2,6,90, , ,3,1,1,3,6,0.43146847512363573,1.5226092825042914,5,1.1458869542220906,5, , 
49,9,2,1,12,95, , , ,1,4,90, , , , ,3,1,1,3,6,0.43146847512363573,1.5226092825042914,5,1.1458869542220906,5, , 
49,9,3,1,12,95, , , ,1,5,90, , , , ,3,1,1,3,6,0.43146847512363573,1.5226092825042914,5,1.1458869542220906,5, , 
49,10,1,2,11,25, , , ,2, , , , , , ,3,1,1,3,1,0.43146847512363573,2.1197209160981583,5,1.7166056167809651,5, , 
49,10,2,2,11,25, , , ,1,7,90, , , , ,3,1,1,3,1,0.43146847512363573,2.1197209160981583,5,1.7166056167809651,5, , 
49,10,3,2,11,25, , , ,1,8,9,90, , , ,3,1,1,3,1,0.43146847512363573,2.1197209160981583,5,1.7166056167809651,5, , 
49,11,1,2,11,95, , , ,1,1,90, , , , ,3,1,1,3,1,0.43146847512363573,2.0824117837833738,5,1.680945587905345,5, , 
49,11,2,2,11,95, , , ,1,3,90, , , , ,3,1,1,3,1,0.43146847512363573,2.0824117837833738,5,1.680945587905345,5, , 
49,11,3,2,11,95, , , ,1,5,90, , , , ,3,1,1,3,1,0.43146847512363573,2.0824117837833738,5,1.680945587905345,5, , 
49,13,1,1,12,95, , , ,1,1,90, , , , ,3,1,1,2,1,0.43146847512363573,1.6475534090443837,5,1.2653084171139848,5, , 
49,13,2,1,12,95, , , ,1,2,3,90, , , ,3,1,1,2,1,0.43146847512363573,1.6475534090443837,5,1.2653084171139848,5, , 
49,13,3,1,12,95, , , ,1,4,90, , , , ,3,1,1,2,1,0.43146847512363573,1.6475534090443837,5,1.2653084171139848,5, , 
49,14,1,2,12,95, , , ,1,1,2,90, , , ,3,1,1,3,1,0.43146847512363573,1.4515878790296077,5,1.078004772526574,5, , 
49,14,2,2,12,95, , , ,1,6,90, , , , ,3,1,1,3,1,0.43146847512363573,1.4515878790296077,5,1.078004772526574,5, , 
49,14,3,2,12,95, , , ,2, , , , , , ,3,1,1,3,1,0.43146847512363573,1.4515878790296077,5,1.078004772526574,5, , 
49,15,1,1,12,95, , , ,1,1,90, , , , ,1,1,1,3,1,0.43146847512363573,1.817313355594688,5,1.427564792974773,5, , 
49,23,1,1,12,95, , , ,1,1,2,90, , , ,1,1,1,2,1,0.43146847512363573,0.5034815479499283,4,0.17180575245282786,4, , 
49,24,1,1,13,0, , , ,1,3,4,90, , , ,1,1,1,2,1,0.43146847512363573,0.6388922792102139,5,0.30123118497346313,4, , 
49,27,1,2,13,6, , , ,1,1,90, , , , ,2,1,1,3,1,0.43146847512363573,0.3595262349190592,4,0.03421341778881679,4, , 
49,27,2,2,12,6, , , ,2, , , , , , ,2,1,1,3,1,0.43146847512363573,0.3595262349190592,4,0.03421341778881679,4, , 
49,30,1,1,13,9, , , ,1,1,2,4,90, , ,2,1,1,2,1,0.43146847512363573,0.8627672367036503,5,0.5152106305790783,4, , 
49,30,2,1,13,9, , , ,1,3,5,90, , , ,2,1,1,2,1,0.43146847512363573,0.8627672367036503,5,0.5152106305790783,4, , 
50,1,1,1,12,95, , , ,1,1,2,90, , , ,1,1,1,3,1,0.4474487890171036,0.10378521100232499,4,-0.21022358011846162,4, , 
50,2,1,1,13,12, , , ,1,1,2,3,4,90,90,1,1,1,2,6,0.4474487890171036,-0.9686413356615662,1,-1.2352477296578834,1, , 
50,3,1,1,12,95, , , ,1,1,90, , , , ,2,1,1,2,6,0.4474487890171036,-0.6939611137804826,2,-0.9727086665352703,2, , 
50,3,2,1,12,95, , , ,1,2,90, , , , ,2,1,1,2,6,0.4474487890171036,-0.6939611137804826,2,-0.9727086665352703,2, , 
50,4,1,1,12,12, , , ,1,1,2,90, , , ,3,1,1,3,1,0.4474487890171036,-0.5088417125265807,3,-0.7957717402499143,3, , 
50,4,2,1,12,12, , , ,1,3,4,90, , , ,3,1,1,3,1,0.4474487890171036,-0.5088417125265807,3,-0.7957717402499143,3, , 
50,4,3,2,12,12, , , ,1,5,6,90, , , ,3,1,1,3,1,0.4474487890171036,-0.5088417125265807,3,-0.7957717402499143,3, , 
50,5,1,1,12,24, , , ,1,1,2,5,90, , ,1,1,1,3,1,0.4474487890171036,-0.184780484899202,4,-0.4860343645007103,3, , 
50,6,1,1,12,12, , , ,1,2,90, , , , ,3,1,1,2,1,0.4474487890171036,-0.2732351644406224,3,-0.570579252867916,3, , 
50,6,2,1,12,12, , , ,1,1,6,7,90, , ,3,1,1,2,1,0.4474487890171036,-0.2732351644406224,3,-0.570579252867916,3, , 
50,6,3,1,12,12, , , ,1,3,8,5,4,90,90,3,1,1,2,1,0.4474487890171036,-0.2732351644406224,3,-0.570579252867916,3, , 
50,7,1,1,13,24, , , ,1,1,9,8,90, , ,2,1,1,2,1,0.4474487890171036,0.01455045829095103,4,-0.295514061589547,4, , 
50,7,2,1,13,24, , , ,1,10,6,7,11,90,90,2,1,1,2,1,0.4474487890171036,0.01455045829095103,4,-0.295514061589547,4, , 
50,8,1,1,13,4, , , ,1,1,2,4,5,90,90,2,1,1,2,6,0.4474487890171036,-0.9481359250200603,1,-1.215648680036116,1, , 
50,8,2,2,13,12, , , ,1,3,90, , , , ,2,1,1,2,6,0.4474487890171036,-0.9481359250200603,1,-1.215648680036116,1, , 
50,9,1,1,13,24, , , ,1,1,7,90, , , ,2,1,1,3,6,0.4474487890171036,0.029273780135842975,4,-0.28144152627288305,4, , 
50,9,2,1,13,24, , , ,1,6,90, , , , ,2,1,1,3,6,0.4474487890171036,0.029273780135842975,4,-0.28144152627288305,4, , 
50,10,1,1,13,95, , , ,1,4,3,90, , , ,3,1,1,2,6,0.4474487890171036,-0.22913563368025774,4,-0.5284289684000909,3, , 
50,10,2,1,13,95, , , ,1,5,6,90, , , ,3,1,1,2,6,0.4474487890171036,-0.22913563368025774,4,-0.5284289684000909,3, , 
50,10,3,1,13,95, , , ,1,1,2,90, , , ,3,1,1,2,6,0.4474487890171036,-0.22913563368025774,4,-0.5284289684000909,3, , 
50,11,1,1,13,10, , , ,1,1,2,3,4,90,90,1,1,1,2,6,0.4474487890171036,-0.5466790693975805,3,-0.831936645593004,2, , 
50,12,1,1,12,95, , , ,1,1,2,4,90, , ,1,1,1,2,6,0.4474487890171036,-0.2738300864754604,3,-0.5711478787143193,3, , 
50,13,1,1,21,95, ,9, ,2, , , , , , ,2,1,1,2,6,0.4474487890171036,-0.9001882745808778,1,-1.1698203668833647,1, , 
50,13,2,1,21,95, ,9, ,2, , , , , , ,2,1,1,2,6,0.4474487890171036,-0.9001882745808778,1,-1.1698203668833647,1, , 
50,14,1,2,21,95, ,2, ,1,2,90, , , , ,3,1,1,2,6,0.4474487890171036,-0.631057899074656,2,-0.9125858410068349,2, , 
50,14,2,2,21,95, ,2, ,1,1,90, , , , ,3,1,1,2,6,0.4474487890171036,-0.631057899074656,2,-0.9125858410068349,2, , 
50,14,3,2,21,95, ,2, ,1,7,8,90, , , ,3,1,1,2,6,0.4474487890171036,-0.631057899074656,2,-0.9125858410068349,2, , 
50,15,1,2,21,6, ,2, ,1,1,2,7,8,90,90,3,1,1,2,6,0.4474487890171036,-0.8010952557990918,2,-1.075107365216195,2, , 
50,15,2,2,21,6, ,2, ,1,3,4,90, , , ,3,1,1,2,6,0.4474487890171036,-0.8010952557990918,2,-1.075107365216195,2, , 
50,15,3,2,21,6, ,2, ,1,5,90, , , , ,3,1,1,2,6,0.4474487890171036,-0.8010952557990918,2,-1.075107365216195,2, , 
50,16,1,1,99,12,9,9, ,1,1,2,90, , , ,2,1,1,2,9,0.4474487890171036,-0.8486950398952868,1,-1.1206031880893246,1, , 
50,16,2,1,99,12,9,9, ,1,3,5,90, , , ,2,1,1,2,9,0.4474487890171036,-0.8486950398952868,1,-1.1206031880893246,1, , 
50,17,1,1,99,0,9,9, ,1,1,90, , , , ,1,1,1,2,6,0.4474487890171036,-0.4540034311028854,3,-0.7433573693511456,3, , 
50,18,1,1,99,12,9,9, ,1,1,2,90, , , ,3,1,1,2,6,0.4474487890171036,0.03352119365768769,4,-0.2773818529586457,4, , 
50,18,2,1,99,12,9,9, ,1,3,90, , , , ,3,1,1,2,6,0.4474487890171036,0.03352119365768769,4,-0.2773818529586457,4, , 
50,18,3,1,99,12,9,9, ,1,7,90, , , , ,3,1,1,2,6,0.4474487890171036,0.03352119365768769,4,-0.2773818529586457,4, , 
50,19,1,1,11,12, , , ,1,1,90, , , , ,2,1,1,1,1,0.4474487890171036,-0.5210632659310439,3,-0.8074530879593969,3, , 
50,19,2,1,11,12, , , ,1,2,90, , , , ,2,1,1,1,1,0.4474487890171036,-0.5210632659310439,3,-0.8074530879593969,3, , 
50,20,1,1,12,12, , , ,1,1,90, , , , ,1,1,1,3,6,0.4474487890171036,0.20877048432544343,4,-0.10987876784488035,4, , 
50,21,1,1,13,5, , , ,1,1,90, , , , ,4,1,1,3,1,0.4474487890171036,1.3918349049207885,5,1.0208929436009708,5, , 
50,21,2,1,13,5, , , ,1,3,90, , , , ,4,1,1,3,1,0.4474487890171036,1.3918349049207885,5,1.0208929436009708,5, , 
50,21,3,1,13,5, , , ,1,2,90, , , , ,4,1,1,3,1,0.4474487890171036,1.3918349049207885,5,1.0208929436009708,5, , 
50,21,4,1,99,5,9,9, ,1,4,90, , , , ,4,1,1,3,1,0.4474487890171036,1.3918349049207885,5,1.0208929436009708,5, , 
50,22,1,9,11,95, , , ,1,1,90, , , , ,2,1,1,1,1,0.4474487890171036,-0.3221656812972648,3,-0.6173469886942311,3, , 
50,22,2,9,11,95, , , ,1,2,90, , , , ,2,1,1,1,1,0.4474487890171036,-0.3221656812972648,3,-0.6173469886942311,3, , 
50,24,1,1,11,6, , , ,1,3,12,90, , , ,5,1,1,3,6,0.4474487890171036,0.250863540641423,4,-0.06964626951105789,4, , 
50,24,2,1,11,6, , , ,1,5,11,90, , , ,5,1,1,3,6,0.4474487890171036,0.250863540641423,4,-0.06964626951105789,4, , 
50,24,3,1,11,6, , , ,1,6,4,90, , , ,5,1,1,3,6,0.4474487890171036,0.250863540641423,4,-0.06964626951105789,4, , 
50,24,4,1,12,6, , , ,1,7,8,9,90, , ,5,1,1,3,6,0.4474487890171036,0.250863540641423,4,-0.06964626951105789,4, , 
50,24,5,1,11,6, , , ,1,1,2,90, , , ,5,1,1,3,6,0.4474487890171036,0.250863540641423,4,-0.06964626951105789,4, , 
50,25,1,2,21,95, ,2, ,2, , , , , , ,3,1,1,2,6,0.4474487890171036,-0.4426328552861068,3,-0.7324893851123894,3, , 
50,25,2,2,21,95, ,2, ,2, , , , , , ,3,1,1,2,6,0.4474487890171036,-0.4426328552861068,3,-0.7324893851123894,3, , 
50,25,3,2,21,95, ,2, ,2, , , , , , ,3,1,1,2,6,0.4474487890171036,-0.4426328552861068,3,-0.7324893851123894,3, , 
50,26,1,1,12,18, , , ,1,1,90, , , , ,2,1,1,2,1,0.4474487890171036,-0.06651582496459979,4,-0.37299712866657414,3, , 
50,26,2,1,12,18, , , ,1,2,3,4,90, , ,2,1,1,2,1,0.4474487890171036,-0.06651582496459979,4,-0.37299712866657414,3, , 
50,28,1,1,13,95, , , ,1,1,90, , , , ,3,1,1,2,6,0.4474487890171036,-0.19463992135292102,4,-0.49545800334791124,3, , 
50,28,2,1,13,95, , , ,1,2,10,11,90, , ,3,1,1,2,6,0.4474487890171036,-0.19463992135292102,4,-0.49545800334791124,3, , 
50,28,3,1,13,95, , , ,1,5,7,6,90, , ,3,1,1,2,6,0.4474487890171036,-0.19463992135292102,4,-0.49545800334791124,3, , 