"ISO3","Name","Admin Level","Metric","Units","Year","Value"
"AFG","Afghanistan","admin0","Clinical Cases","Cases",2010,34513.38805974938
"AFG","Afghanistan","admin0","Clinical Cases","Cases",2011,33864.00905390957
"AFG","Afghanistan","admin0","Clinical Cases","Cases",2012,7307.440714546769
"AFG","Afghanistan","admin0","Clinical Cases","Cases",2013,12187.724539815998
"AFG","Afghanistan","admin0","Clinical Cases","Cases",2014,21955.03454892923
"AFG","Afghanistan","admin0","Clinical Cases","Cases",2015,28408.73221324656
"AFG","Afghanistan","admin0","Clinical Cases","Cases",2016,45161.983930434784
"AFG","Afghanistan","admin0","Clinical Cases","Cases",2017,49481.012481454585
"AFG","Afghanistan","admin0","Clinical Cases","Cases",2018,33450.18046587173
"AFG","Afghanistan","admin0","Clinical Cases","Cases",2019,9323.272325141523
"AFG","Afghanistan","admin0","Clinical Cases","Cases",2020,10885.189074889196
"AFG","Afghanistan","admin0","Clinical Cases","Cases",2021,13644.202547992616
"AFG","Afghanistan","admin0","Clinical Cases","Cases",2022,15525.107209476513
"AFG","Afghanistan","admin0","Deaths","Deaths",2010,402.2727958372088
"AFG","Afghanistan","admin0","Deaths","Deaths",2011,461.0005750734048
"AFG","Afghanistan","admin0","Deaths","Deaths",2012,98.90585543012413
"AFG","Afghanistan","admin0","Deaths","Deaths",2013,162.62331144793905
"AFG","Afghanistan","admin0","Deaths","Deaths",2014,285.09591502947535
"AFG","Afghanistan","admin0","Deaths","Deaths",2015,389.6108809517358
"AFG","Afghanistan","admin0","Deaths","Deaths",2016,690.4618469908183
"AFG","Afghanistan","admin0","Deaths","Deaths",2017,818.9240633951068
"AFG","Afghanistan","admin0","Deaths","Deaths",2018,514.0394180612476
"AFG","Afghanistan","admin0","Deaths","Deaths",2019,93.68668596805578
"AFG","Afghanistan","admin0","Deaths","Deaths",2020,83.44108849954678
"AFG","Afghanistan","admin0","Deaths","Deaths",2021,122.29734989371681
"AFG","Afghanistan","admin0","Deaths","Deaths",2022,156.99445577395971
"AGO","Angola","admin0","Clinical Cases","Cases",2010,3721115.7161170207
"AGO","Angola","admin0","Clinical Cases","Cases",2011,3555627.0845785355
"AGO","Angola","admin0","Clinical Cases","Cases",2012,3608141.067100726
"AGO","Angola","admin0","Clinical Cases","Cases",2013,3842268.7540641148
"AGO","Angola","admin0","Clinical Cases","Cases",2014,4167124.6079302486
"AGO","Angola","admin0","Clinical Cases","Cases",2015,4595474.862183496
"AGO","Angola","admin0","Clinical Cases","Cases",2016,5123726.5211173585
"AGO","Angola","admin0","Clinical Cases","Cases",2017,6010973.86836684
"AGO","Angola","admin0","Clinical Cases","Cases",2018,6690533.690180808
"AGO","Angola","admin0","Clinical Cases","Cases",2019,7209509.426468498
"AGO","Angola","admin0","Clinical Cases","Cases",2020,7335857.174232285
"AGO","Angola","admin0","Clinical Cases","Cases",2021,7555995.486955811
"AGO","Angola","admin0","Clinical Cases","Cases",2022,7768055.581184089
"AGO","Angola","admin0","Deaths","Deaths",2010,9274.28189858664
"AGO","Angola","admin0","Deaths","Deaths",2011,8198.933084496777
"AGO","Angola","admin0","Deaths","Deaths",2012,7883.007697556386
"AGO","Angola","admin0","Deaths","Deaths",2013,7854.929312879841
"AGO","Angola","admin0","Deaths","Deaths",2014,8150.6563308154255
"AGO","Angola","admin0","Deaths","Deaths",2015,9216.505968823962
"AGO","Angola","admin0","Deaths","Deaths",2016,9806.513141034677
"AGO","Angola","admin0","Deaths","Deaths",2017,10966.741198142643
"AGO","Angola","admin0","Deaths","Deaths",2018,11991.649575122841
"AGO","Angola","admin0","Deaths","Deaths",2019,12555.028327390002
"AGO","Angola","admin0","Deaths","Deaths",2020,14232.596112287803
"AGO","Angola","admin0","Deaths","Deaths",2021,18628.42020602097
"AGO","Angola","admin0","Deaths","Deaths",2022,13234.214209186086
"ARG","Argentina","admin0","Clinical Cases","Cases",2010,0
"ARG","Argentina","admin0","Clinical Cases","Cases",2011,0
"ARG","Argentina","admin0","Clinical Cases","Cases",2012,0
"ARG","Argentina","admin0","Clinical Cases","Cases",2013,0
"ARG","Argentina","admin0","Clinical Cases","Cases",2014,0
"ARG","Argentina","admin0","Clinical Cases","Cases",2015,0
"ARG","Argentina","admin0","Clinical Cases","Cases",2016,0
"ARG","Argentina","admin0","Clinical Cases","Cases",2017,0
"ARG","Argentina","admin0","Clinical Cases","Cases",2018,0
"ARG","Argentina","admin0","Clinical Cases","Cases",2019,0
"ARG","Argentina","admin0","Clinical Cases","Cases",2020,0
"ARG","Argentina","admin0","Clinical Cases","Cases",2021,0
"ARG","Argentina","admin0","Clinical Cases","Cases",2022,0
"ARG","Argentina","admin0","Deaths","Deaths",2010,0
"ARG","Argentina","admin0","Deaths","Deaths",2011,0
"ARG","Argentina","admin0","Deaths","Deaths",2012,0
"ARG","Argentina","admin0","Deaths","Deaths",2013,0
"ARG","Argentina","admin0","Deaths","Deaths",2014,0
"ARG","Argentina","admin0","Deaths","Deaths",2015,0
"ARG","Argentina","admin0","Deaths","Deaths",2016,0
"ARG","Argentina","admin0","Deaths","Deaths",2017,0
"ARG","Argentina","admin0","Deaths","Deaths",2018,0
"ARG","Argentina","admin0","Deaths","Deaths",2019,0
"ARG","Argentina","admin0","Deaths","Deaths",2020,0
"ARG","Argentina","admin0","Deaths","Deaths",2021,0
"ARG","Argentina","admin0","Deaths","Deaths",2022,0
"ARM","Armenia","admin0","Clinical Cases","Cases",2010,0
"ARM","Armenia","admin0","Clinical Cases","Cases",2011,0
"ARM","Armenia","admin0","Clinical Cases","Cases",2012,0
"ARM","Armenia","admin0","Clinical Cases","Cases",2013,0
"ARM","Armenia","admin0","Clinical Cases","Cases",2014,0
"ARM","Armenia","admin0","Clinical Cases","Cases",2015,0
"ARM","Armenia","admin0","Clinical Cases","Cases",2016,0
"ARM","Armenia","admin0","Clinical Cases","Cases",2017,0
"ARM","Armenia","admin0","Clinical Cases","Cases",2018,0
"ARM","Armenia","admin0","Clinical Cases","Cases",2019,0
"ARM","Armenia","admin0","Clinical Cases","Cases",2020,0
"ARM","Armenia","admin0","Clinical Cases","Cases",2021,0
"ARM","Armenia","admin0","Clinical Cases","Cases",2022,0
"ARM","Armenia","admin0","Deaths","Deaths",2010,0
"ARM","Armenia","admin0","Deaths","Deaths",2011,0
"ARM","Armenia","admin0","Deaths","Deaths",2012,0
"ARM","Armenia","admin0","Deaths","Deaths",2013,0
"ARM","Armenia","admin0","Deaths","Deaths",2014,0
"ARM","Armenia","admin0","Deaths","Deaths",2015,0
"ARM","Armenia","admin0","Deaths","Deaths",2016,0
"ARM","Armenia","admin0","Deaths","Deaths",2017,0
"ARM","Armenia","admin0","Deaths","Deaths",2018,0
"ARM","Armenia","admin0","Deaths","Deaths",2019,0
"ARM","Armenia","admin0","Deaths","Deaths",2020,0
"ARM","Armenia","admin0","Deaths","Deaths",2021,0
"ARM","Armenia","admin0","Deaths","Deaths",2022,0
"AZE","Azerbaijan","admin0","Clinical Cases","Cases",2010,0
"AZE","Azerbaijan","admin0","Clinical Cases","Cases",2011,0
"AZE","Azerbaijan","admin0","Clinical Cases","Cases",2012,0
"AZE","Azerbaijan","admin0","Clinical Cases","Cases",2013,0
"AZE","Azerbaijan","admin0","Clinical Cases","Cases",2014,0
"AZE","Azerbaijan","admin0","Clinical Cases","Cases",2015,0
"AZE","Azerbaijan","admin0","Clinical Cases","Cases",2016,0
"AZE","Azerbaijan","admin0","Clinical Cases","Cases",2017,0
"AZE","Azerbaijan","admin0","Clinical Cases","Cases",2018,0
"AZE","Azerbaijan","admin0","Clinical Cases","Cases",2019,0
"AZE","Azerbaijan","admin0","Clinical Cases","Cases",2020,0
"AZE","Azerbaijan","admin0","Clinical Cases","Cases",2021,0
"AZE","Azerbaijan","admin0","Clinical Cases","Cases",2022,0
"AZE","Azerbaijan","admin0","Deaths","Deaths",2010,0
"AZE","Azerbaijan","admin0","Deaths","Deaths",2011,0
"AZE","Azerbaijan","admin0","Deaths","Deaths",2012,0
"AZE","Azerbaijan","admin0","Deaths","Deaths",2013,0
"AZE","Azerbaijan","admin0","Deaths","Deaths",2014,0
"AZE","Azerbaijan","admin0","Deaths","Deaths",2015,0
"AZE","Azerbaijan","admin0","Deaths","Deaths",2016,0
"AZE","Azerbaijan","admin0","Deaths","Deaths",2017,0
"AZE","Azerbaijan","admin0","Deaths","Deaths",2018,0
"AZE","Azerbaijan","admin0","Deaths","Deaths",2019,0
"AZE","Azerbaijan","admin0","Deaths","Deaths",2020,0
"AZE","Azerbaijan","admin0","Deaths","Deaths",2021,0
"AZE","Azerbaijan","admin0","Deaths","Deaths",2022,0
"BDI","Burundi","admin0","Clinical Cases","Cases",2010,1517764.0737129406
"BDI","Burundi","admin0","Clinical Cases","Cases",2011,1512703.1300820007
"BDI","Burundi","admin0","Clinical Cases","Cases",2012,1569584.0936796956
"BDI","Burundi","admin0","Clinical Cases","Cases",2013,1695212.7600036054
"BDI","Burundi","admin0","Clinical Cases","Cases",2014,1805499.3550395272
"BDI","Burundi","admin0","Clinical Cases","Cases",2015,2043174.18226262
"BDI","Burundi","admin0","Clinical Cases","Cases",2016,2472780.1487981826
"BDI","Burundi","admin0","Clinical Cases","Cases",2017,2785401.5829617414
"BDI","Burundi","admin0","Clinical Cases","Cases",2018,3319749.5330435294
"BDI","Burundi","admin0","Clinical Cases","Cases",2019,3515305.963731014
"BDI","Burundi","admin0","Clinical Cases","Cases",2020,3791651.9372111596
"BDI","Burundi","admin0","Clinical Cases","Cases",2021,3781831.8852639697
"BDI","Burundi","admin0","Clinical Cases","Cases",2022,3635926.9417320346
"BDI","Burundi","admin0","Deaths","Deaths",2010,8009.354487528979
"BDI","Burundi","admin0","Deaths","Deaths",2011,7717.020115837772
"BDI","Burundi","admin0","Deaths","Deaths",2012,7442.33593921526
"BDI","Burundi","admin0","Deaths","Deaths",2013,7849.599811744819
"BDI","Burundi","admin0","Deaths","Deaths",2014,7773.732445317584
"BDI","Burundi","admin0","Deaths","Deaths",2015,8220.686412147335
"BDI","Burundi","admin0","Deaths","Deaths",2016,9073.952610991715
"BDI","Burundi","admin0","Deaths","Deaths",2017,9460.762910766853
"BDI","Burundi","admin0","Deaths","Deaths",2018,10957.598814460762
"BDI","Burundi","admin0","Deaths","Deaths",2019,11034.93281090769
"BDI","Burundi","admin0","Deaths","Deaths",2020,13326.884597295468
"BDI","Burundi","admin0","Deaths","Deaths",2021,13683.582111055082
"BDI","Burundi","admin0","Deaths","Deaths",2022,10482.870998576098
"BEN","Benin","admin0","Clinical Cases","Cases",2010,3893725.0528089125
"BEN","Benin","admin0","Clinical Cases","Cases",2011,3717574.315489997
"BEN","Benin","admin0","Clinical Cases","Cases",2012,3667042.581032565
"BEN","Benin","admin0","Clinical Cases","Cases",2013,3751246.970642882
"BEN","Benin","admin0","Clinical Cases","Cases",2014,3946800.685359197
"BEN","Benin","admin0","Clinical Cases","Cases",2015,4352367.625590638
"BEN","Benin","admin0","Clinical Cases","Cases",2016,4833847.180411748
"BEN","Benin","admin0","Clinical Cases","Cases",2017,4966931.64819709
"BEN","Benin","admin0","Clinical Cases","Cases",2018,4968079.022773189
"BEN","Benin","admin0","Clinical Cases","Cases",2019,5040677.308608905
"BEN","Benin","admin0","Clinical Cases","Cases",2020,4933380.845935686
"BEN","Benin","admin0","Clinical Cases","Cases",2021,4997862.364040649
"BEN","Benin","admin0","Clinical Cases","Cases",2022,5161053.252039479
"BEN","Benin","admin0","Deaths","Deaths",2010,13300.262831600212
"BEN","Benin","admin0","Deaths","Deaths",2011,12503.96711031232
"BEN","Benin","admin0","Deaths","Deaths",2012,12324.094644272936
"BEN","Benin","admin0","Deaths","Deaths",2013,12145.171629465862
"BEN","Benin","admin0","Deaths","Deaths",2014,11996.520697566113
"BEN","Benin","admin0","Deaths","Deaths",2015,12778.109423238924
"BEN","Benin","admin0","Deaths","Deaths",2016,13442.34773923008
"BEN","Benin","admin0","Deaths","Deaths",2017,13484.604171431094
"BEN","Benin","admin0","Deaths","Deaths",2018,14331.58466143481
"BEN","Benin","admin0","Deaths","Deaths",2019,13640.685894532231
"BEN","Benin","admin0","Deaths","Deaths",2020,14347.826496062951
"BEN","Benin","admin0","Deaths","Deaths",2021,15806.575395055785
"BEN","Benin","admin0","Deaths","Deaths",2022,14619.487762803807
"BFA","Burkina Faso","admin0","Clinical Cases","Cases",2010,9501754.63697638
"BFA","Burkina Faso","admin0","Clinical Cases","Cases",2011,9499668.236644223
"BFA","Burkina Faso","admin0","Clinical Cases","Cases",2012,9408551.179936014
"BFA","Burkina Faso","admin0","Clinical Cases","Cases",2013,8981992.965544365
"BFA","Burkina Faso","admin0","Clinical Cases","Cases",2014,8556798.431174811
"BFA","Burkina Faso","admin0","Clinical Cases","Cases",2015,8168359.628412745
"BFA","Burkina Faso","admin0","Clinical Cases","Cases",2016,7435421.281645475
"BFA","Burkina Faso","admin0","Clinical Cases","Cases",2017,7145824.528945126
"BFA","Burkina Faso","admin0","Clinical Cases","Cases",2018,7009555.274369218
"BFA","Burkina Faso","admin0","Clinical Cases","Cases",2019,6988229.137583105
"BFA","Burkina Faso","admin0","Clinical Cases","Cases",2020,7120329.851120135
"BFA","Burkina Faso","admin0","Clinical Cases","Cases",2021,7092730.432250648
"BFA","Burkina Faso","admin0","Clinical Cases","Cases",2022,7246845.270681722
"BFA","Burkina Faso","admin0","Deaths","Deaths",2010,42270.03544585859
"BFA","Burkina Faso","admin0","Deaths","Deaths",2011,41712.48008381006
"BFA","Burkina Faso","admin0","Deaths","Deaths",2012,41238.90632636334
"BFA","Burkina Faso","admin0","Deaths","Deaths",2013,39031.91294557072
"BFA","Burkina Faso","admin0","Deaths","Deaths",2014,36747.0975262303
"BFA","Burkina Faso","admin0","Deaths","Deaths",2015,35119.723606759784
"BFA","Burkina Faso","admin0","Deaths","Deaths",2016,32043.08863079005
"BFA","Burkina Faso","admin0","Deaths","Deaths",2017,31269.317667755906
"BFA","Burkina Faso","admin0","Deaths","Deaths",2018,33091.56340223482
"BFA","Burkina Faso","admin0","Deaths","Deaths",2019,33628.381479931835
"BFA","Burkina Faso","admin0","Deaths","Deaths",2020,41149.481067564506
"BFA","Burkina Faso","admin0","Deaths","Deaths",2021,36324.34330319032
"BFA","Burkina Faso","admin0","Deaths","Deaths",2022,36818.553968049644
"BGD","Bangladesh","admin0","Clinical Cases","Cases",2010,354832.22126352903
"BGD","Bangladesh","admin0","Clinical Cases","Cases",2011,325875.309564474
"BGD","Bangladesh","admin0","Clinical Cases","Cases",2012,201319.17755833422
"BGD","Bangladesh","admin0","Clinical Cases","Cases",2013,191094.50870329162
"BGD","Bangladesh","admin0","Clinical Cases","Cases",2014,351690.950890266
"BGD","Bangladesh","admin0","Clinical Cases","Cases",2015,233215.63901545692
"BGD","Bangladesh","admin0","Clinical Cases","Cases",2016,160833.03853458606
"BGD","Bangladesh","admin0","Clinical Cases","Cases",2017,157749.83489592365
"BGD","Bangladesh","admin0","Clinical Cases","Cases",2018,64268.8573433856
"BGD","Bangladesh","admin0","Clinical Cases","Cases",2019,96383.85698466495
"BGD","Bangladesh","admin0","Clinical Cases","Cases",2020,35679.92595033678
"BGD","Bangladesh","admin0","Clinical Cases","Cases",2021,36845.06867957633
"BGD","Bangladesh","admin0","Clinical Cases","Cases",2022,73562.15254928665
"BGD","Bangladesh","admin0","Deaths","Deaths",2010,5504.155238055308
"BGD","Bangladesh","admin0","Deaths","Deaths",2011,6136.4877694971165
"BGD","Bangladesh","admin0","Deaths","Deaths",2012,3467.1073479304027
"BGD","Bangladesh","admin0","Deaths","Deaths",2013,3144.6141280477786
"BGD","Bangladesh","admin0","Deaths","Deaths",2014,7039.45731686781
"BGD","Bangladesh","admin0","Deaths","Deaths",2015,5436.881778474736
"BGD","Bangladesh","admin0","Deaths","Deaths",2016,3468.79066263996
"BGD","Bangladesh","admin0","Deaths","Deaths",2017,3960.6577410957784
"BGD","Bangladesh","admin0","Deaths","Deaths",2018,1327.9169152147017
"BGD","Bangladesh","admin0","Deaths","Deaths",2019,1571.8675247593535
"BGD","Bangladesh","admin0","Deaths","Deaths",2020,551.6230343714051
"BGD","Bangladesh","admin0","Deaths","Deaths",2021,607.1368161571062
"BGD","Bangladesh","admin0","Deaths","Deaths",2022,596.1592354204173
"BLZ","Belize","admin0","Clinical Cases","Cases",2010,0
"BLZ","Belize","admin0","Clinical Cases","Cases",2011,0
"BLZ","Belize","admin0","Clinical Cases","Cases",2012,0
"BLZ","Belize","admin0","Clinical Cases","Cases",2013,0
"BLZ","Belize","admin0","Clinical Cases","Cases",2014,0
"BLZ","Belize","admin0","Clinical Cases","Cases",2015,0
"BLZ","Belize","admin0","Clinical Cases","Cases",2016,0
"BLZ","Belize","admin0","Clinical Cases","Cases",2017,0
"BLZ","Belize","admin0","Clinical Cases","Cases",2018,2.0602751806627078
"BLZ","Belize","admin0","Clinical Cases","Cases",2019,0
"BLZ","Belize","admin0","Clinical Cases","Cases",2020,0
"BLZ","Belize","admin0","Clinical Cases","Cases",2021,0
"BLZ","Belize","admin0","Clinical Cases","Cases",2022,0
"BLZ","Belize","admin0","Deaths","Deaths",2010,0
"BLZ","Belize","admin0","Deaths","Deaths",2011,0
"BLZ","Belize","admin0","Deaths","Deaths",2012,0
"BLZ","Belize","admin0","Deaths","Deaths",2013,0
"BLZ","Belize","admin0","Deaths","Deaths",2014,0
"BLZ","Belize","admin0","Deaths","Deaths",2015,0
"BLZ","Belize","admin0","Deaths","Deaths",2016,0
"BLZ","Belize","admin0","Deaths","Deaths",2017,0
"BLZ","Belize","admin0","Deaths","Deaths",2018,0.002282187715743774
"BLZ","Belize","admin0","Deaths","Deaths",2019,0
"BLZ","Belize","admin0","Deaths","Deaths",2020,0
"BLZ","Belize","admin0","Deaths","Deaths",2021,0
"BLZ","Belize","admin0","Deaths","Deaths",2022,0
"BOL","Bolivia","admin0","Clinical Cases","Cases",2010,2875.7574848767263
"BOL","Bolivia","admin0","Clinical Cases","Cases",2011,948.4511653585945
"BOL","Bolivia","admin0","Clinical Cases","Cases",2012,1359.3543525154419
"BOL","Bolivia","admin0","Clinical Cases","Cases",2013,2300.803919926104
"BOL","Bolivia","admin0","Clinical Cases","Cases",2014,1062.3809300171727
"BOL","Bolivia","admin0","Clinical Cases","Cases",2015,162.57142169754712
"BOL","Bolivia","admin0","Clinical Cases","Cases",2016,16.57736760917723
"BOL","Bolivia","admin0","Clinical Cases","Cases",2017,0
"BOL","Bolivia","admin0","Clinical Cases","Cases",2018,0
"BOL","Bolivia","admin0","Clinical Cases","Cases",2019,61.793852629524984
"BOL","Bolivia","admin0","Clinical Cases","Cases",2020,143.81511507348307
"BOL","Bolivia","admin0","Clinical Cases","Cases",2021,344.9013186352215
"BOL","Bolivia","admin0","Clinical Cases","Cases",2022,863.9335540635902
"BOL","Bolivia","admin0","Deaths","Deaths",2010,16.47809938842104
"BOL","Bolivia","admin0","Deaths","Deaths",2011,6.246841116791092
"BOL","Bolivia","admin0","Deaths","Deaths",2012,6.427658648552748
"BOL","Bolivia","admin0","Deaths","Deaths",2013,11.988223093134351
"BOL","Bolivia","admin0","Deaths","Deaths",2014,6.66795403015058
"BOL","Bolivia","admin0","Deaths","Deaths",2015,1.1176238837227919
"BOL","Bolivia","admin0","Deaths","Deaths",2016,0.0929692153272316
"BOL","Bolivia","admin0","Deaths","Deaths",2017,0
"BOL","Bolivia","admin0","Deaths","Deaths",2018,0
"BOL","Bolivia","admin0","Deaths","Deaths",2019,0.2947996907943296
"BOL","Bolivia","admin0","Deaths","Deaths",2020,0.7634769861769515
"BOL","Bolivia","admin0","Deaths","Deaths",2021,0.6903196112064209
"BOL","Bolivia","admin0","Deaths","Deaths",2022,0.6913401447443434
"BRA","Brazil","admin0","Clinical Cases","Cases",2010,94668.64037872475
"BRA","Brazil","admin0","Clinical Cases","Cases",2011,67084.88910701385
"BRA","Brazil","admin0","Clinical Cases","Cases",2012,64685.445292943004
"BRA","Brazil","admin0","Clinical Cases","Cases",2013,52904.084929626995
"BRA","Brazil","admin0","Clinical Cases","Cases",2014,42667.4673918817
"BRA","Brazil","admin0","Clinical Cases","Cases",2015,35233.38187764593
"BRA","Brazil","admin0","Clinical Cases","Cases",2016,29820.531001496125
"BRA","Brazil","admin0","Clinical Cases","Cases",2017,41654.26194871132
"BRA","Brazil","admin0","Clinical Cases","Cases",2018,39363.23520463262
"BRA","Brazil","admin0","Clinical Cases","Cases",2019,33942.62577591924
"BRA","Brazil","admin0","Clinical Cases","Cases",2020,46541.43237700287
"BRA","Brazil","admin0","Clinical Cases","Cases",2021,47290.09586785051
"BRA","Brazil","admin0","Clinical Cases","Cases",2022,38992.09720916104
"BRA","Brazil","admin0","Deaths","Deaths",2010,329.71237908425337
"BRA","Brazil","admin0","Deaths","Deaths",2011,278.92204770670725
"BRA","Brazil","admin0","Deaths","Deaths",2012,270.0948139757017
"BRA","Brazil","admin0","Deaths","Deaths",2013,205.49470753743444
"BRA","Brazil","admin0","Deaths","Deaths",2014,158.6956327177484
"BRA","Brazil","admin0","Deaths","Deaths",2015,133.5502331109597
"BRA","Brazil","admin0","Deaths","Deaths",2016,94.22660513189615
"BRA","Brazil","admin0","Deaths","Deaths",2017,128.90755373590514
"BRA","Brazil","admin0","Deaths","Deaths",2018,138.08083161457216
"BRA","Brazil","admin0","Deaths","Deaths",2019,131.26159143868622
"BRA","Brazil","admin0","Deaths","Deaths",2020,176.99964234685615
"BRA","Brazil","admin0","Deaths","Deaths",2021,178.99882779879735
"BRA","Brazil","admin0","Deaths","Deaths",2022,164.98369998240156
"BTN","Bhutan","admin0","Clinical Cases","Cases",2010,1138.0211412037208
"BTN","Bhutan","admin0","Clinical Cases","Cases",2011,725.2880831156308
"BTN","Bhutan","admin0","Clinical Cases","Cases",2012,255.21138929591248
"BTN","Bhutan","admin0","Clinical Cases","Cases",2013,52.38985584891129
"BTN","Bhutan","admin0","Clinical Cases","Cases",2014,107.65143073477347
"BTN","Bhutan","admin0","Clinical Cases","Cases",2015,98.84596393702286
"BTN","Bhutan","admin0","Clinical Cases","Cases",2016,10.725249772888835
"BTN","Bhutan","admin0","Clinical Cases","Cases",2017,2.271687495273756
"BTN","Bhutan","admin0","Clinical Cases","Cases",2018,7.61425695751097
"BTN","Bhutan","admin0","Clinical Cases","Cases",2019,0.759497516008798
"BTN","Bhutan","admin0","Clinical Cases","Cases",2020,0.2923541251824531
"BTN","Bhutan","admin0","Clinical Cases","Cases",2021,6.550754952055038
"BTN","Bhutan","admin0","Clinical Cases","Cases",2022,0.9502338676132674
"BTN","Bhutan","admin0","Deaths","Deaths",2010,3.8718591951531613
"BTN","Bhutan","admin0","Deaths","Deaths",2011,2.622763480074824
"BTN","Bhutan","admin0","Deaths","Deaths",2012,0.9392860394667673
"BTN","Bhutan","admin0","Deaths","Deaths",2013,0.3258089807863973
"BTN","Bhutan","admin0","Deaths","Deaths",2014,0.38074629418558253
"BTN","Bhutan","admin0","Deaths","Deaths",2015,0.5392539945095025
"BTN","Bhutan","admin0","Deaths","Deaths",2016,0.06181994185316357
"BTN","Bhutan","admin0","Deaths","Deaths",2017,0.01295548191228796
"BTN","Bhutan","admin0","Deaths","Deaths",2018,0.046858842928913166
"BTN","Bhutan","admin0","Deaths","Deaths",2019,0.003912439690539725
"BTN","Bhutan","admin0","Deaths","Deaths",2020,0.0011830300945827852
"BTN","Bhutan","admin0","Deaths","Deaths",2021,0.10005710333054754
"BTN","Bhutan","admin0","Deaths","Deaths",2022,0.0523717793313023
"BWA","Botswana","admin0","Clinical Cases","Cases",2010,4936.784280998434
"BWA","Botswana","admin0","Clinical Cases","Cases",2011,1626.4037826306167
"BWA","Botswana","admin0","Clinical Cases","Cases",2012,725.3631547153365
"BWA","Botswana","admin0","Clinical Cases","Cases",2013,1735.4015140363458
"BWA","Botswana","admin0","Clinical Cases","Cases",2014,4826.911983877364
"BWA","Botswana","admin0","Clinical Cases","Cases",2015,1191.020036334555
"BWA","Botswana","admin0","Clinical Cases","Cases",2016,2924.1793185508373
"BWA","Botswana","admin0","Clinical Cases","Cases",2017,7919.04332910379
"BWA","Botswana","admin0","Clinical Cases","Cases",2018,2374.7838458785786
"BWA","Botswana","admin0","Clinical Cases","Cases",2019,775.2402332846874
"BWA","Botswana","admin0","Clinical Cases","Cases",2020,4119.214388745378
"BWA","Botswana","admin0","Clinical Cases","Cases",2021,3431.4265102525815
"BWA","Botswana","admin0","Clinical Cases","Cases",2022,1942.5214664071525
"BWA","Botswana","admin0","Deaths","Deaths",2010,10.306630735872776
"BWA","Botswana","admin0","Deaths","Deaths",2011,2.687849929933747
"BWA","Botswana","admin0","Deaths","Deaths",2012,1.1032876392065278
"BWA","Botswana","admin0","Deaths","Deaths",2013,2.7099241815098245
"BWA","Botswana","admin0","Deaths","Deaths",2014,6.9767902267072355
"BWA","Botswana","admin0","Deaths","Deaths",2015,1.2894533340251506
"BWA","Botswana","admin0","Deaths","Deaths",2016,3.3967279969857005
"BWA","Botswana","admin0","Deaths","Deaths",2017,10.389150674761973
"BWA","Botswana","admin0","Deaths","Deaths",2018,2.6352023990819617
"BWA","Botswana","admin0","Deaths","Deaths",2019,1.1136327081759092
"BWA","Botswana","admin0","Deaths","Deaths",2020,5.523019217775367
"BWA","Botswana","admin0","Deaths","Deaths",2021,9.062469875560037
"BWA","Botswana","admin0","Deaths","Deaths",2022,4.688192033366034
"CAF","Central African Republic","admin0","Clinical Cases","Cases",2010,1891280.938259291
"CAF","Central African Republic","admin0","Clinical Cases","Cases",2011,1879051.6348986763
"CAF","Central African Republic","admin0","Clinical Cases","Cases",2012,1843348.2125125374
"CAF","Central African Republic","admin0","Clinical Cases","Cases",2013,1798936.8925643873
"CAF","Central African Republic","admin0","Clinical Cases","Cases",2014,1768967.6728804829
"CAF","Central African Republic","admin0","Clinical Cases","Cases",2015,1717529.8128951488
"CAF","Central African Republic","admin0","Clinical Cases","Cases",2016,1684047.7574164066
"CAF","Central African Republic","admin0","Clinical Cases","Cases",2017,1697775.3748581056
"CAF","Central African Republic","admin0","Clinical Cases","Cases",2018,1729662.7968998027
"CAF","Central African Republic","admin0","Clinical Cases","Cases",2019,1747449.7923100395
"CAF","Central African Republic","admin0","Clinical Cases","Cases",2020,1712427.3294354437
"CAF","Central African Republic","admin0","Clinical Cases","Cases",2021,1704738.4844700687
"CAF","Central African Republic","admin0","Clinical Cases","Cases",2022,1769125.3182218636
"CAF","Central African Republic","admin0","Deaths","Deaths",2010,5510.372038755449
"CAF","Central African Republic","admin0","Deaths","Deaths",2011,5270.833710963669
"CAF","Central African Republic","admin0","Deaths","Deaths",2012,5287.635890235148
"CAF","Central African Republic","admin0","Deaths","Deaths",2013,5398.934010603935
"CAF","Central African Republic","admin0","Deaths","Deaths",2014,5456.1681962650355
"CAF","Central African Republic","admin0","Deaths","Deaths",2015,5231.662651910694
"CAF","Central African Republic","admin0","Deaths","Deaths",2016,5020.857502749471
"CAF","Central African Republic","admin0","Deaths","Deaths",2017,5029.448329642939
"CAF","Central African Republic","admin0","Deaths","Deaths",2018,5169.285037279045
"CAF","Central African Republic","admin0","Deaths","Deaths",2019,4974.732913582024
"CAF","Central African Republic","admin0","Deaths","Deaths",2020,5123.471823773739
"CAF","Central African Republic","admin0","Deaths","Deaths",2021,5137.93776509495
"CAF","Central African Republic","admin0","Deaths","Deaths",2022,4994.967665744416
"CHN","China","admin0","Clinical Cases","Cases",2010,2997.5556811300557
"CHN","China","admin0","Clinical Cases","Cases",2011,270.8961972925393
"CHN","China","admin0","Clinical Cases","Cases",2012,97.75557557471191
"CHN","China","admin0","Clinical Cases","Cases",2013,33.1404977590732
"CHN","China","admin0","Clinical Cases","Cases",2014,6.408809767791784
"CHN","China","admin0","Clinical Cases","Cases",2015,1.4712445473722593
"CHN","China","admin0","Clinical Cases","Cases",2016,0
"CHN","China","admin0","Clinical Cases","Cases",2017,0
"CHN","China","admin0","Clinical Cases","Cases",2018,0
"CHN","China","admin0","Clinical Cases","Cases",2019,0
"CHN","China","admin0","Clinical Cases","Cases",2020,0
"CHN","China","admin0","Clinical Cases","Cases",2021,0
"CHN","China","admin0","Clinical Cases","Cases",2022,0
"CHN","China","admin0","Deaths","Deaths",2010,11.511061146536441
"CHN","China","admin0","Deaths","Deaths",2011,3.729655018533268
"CHN","China","admin0","Deaths","Deaths",2012,0.1122329532487303
"CHN","China","admin0","Deaths","Deaths",2013,0.055212681123373075
"CHN","China","admin0","Deaths","Deaths",2014,0.015344343842695316
"CHN","China","admin0","Deaths","Deaths",2015,0.0025714513935617064
"CHN","China","admin0","Deaths","Deaths",2016,0
"CHN","China","admin0","Deaths","Deaths",2017,0
"CHN","China","admin0","Deaths","Deaths",2018,0
"CHN","China","admin0","Deaths","Deaths",2019,0
"CHN","China","admin0","Deaths","Deaths",2020,0
"CHN","China","admin0","Deaths","Deaths",2021,0
"CHN","China","admin0","Deaths","Deaths",2022,0
"CIV","Côte d'Ivoire","admin0","Clinical Cases","Cases",2010,10066831.345279971
"CIV","Côte d'Ivoire","admin0","Clinical Cases","Cases",2011,10205549.37817651
"CIV","Côte d'Ivoire","admin0","Clinical Cases","Cases",2012,8461360.620358504
"CIV","Côte d'Ivoire","admin0","Clinical Cases","Cases",2013,6635366.057245157
"CIV","Côte d'Ivoire","admin0","Clinical Cases","Cases",2014,6077316.037213664
"CIV","Côte d'Ivoire","admin0","Clinical Cases","Cases",2015,5868537.126791207
"CIV","Côte d'Ivoire","admin0","Clinical Cases","Cases",2016,6023042.444064304
"CIV","Côte d'Ivoire","admin0","Clinical Cases","Cases",2017,6390257.923837804
"CIV","Côte d'Ivoire","admin0","Clinical Cases","Cases",2018,6897379.23741146
"CIV","Côte d'Ivoire","admin0","Clinical Cases","Cases",2019,7284965.636515584
"CIV","Côte d'Ivoire","admin0","Clinical Cases","Cases",2020,7547871.3300344655
"CIV","Côte d'Ivoire","admin0","Clinical Cases","Cases",2021,7789029.213379214
"CIV","Côte d'Ivoire","admin0","Clinical Cases","Cases",2022,8044526.599835952
"CIV","Côte d'Ivoire","admin0","Deaths","Deaths",2010,40309.44120231057
"CIV","Côte d'Ivoire","admin0","Deaths","Deaths",2011,39070.25534089756
"CIV","Côte d'Ivoire","admin0","Deaths","Deaths",2012,34312.09174376488
"CIV","Côte d'Ivoire","admin0","Deaths","Deaths",2013,27914.586223134305
"CIV","Côte d'Ivoire","admin0","Deaths","Deaths",2014,24547.53386092988
"CIV","Côte d'Ivoire","admin0","Deaths","Deaths",2015,23142.482175615594
"CIV","Côte d'Ivoire","admin0","Deaths","Deaths",2016,22880.332564748842
"CIV","Côte d'Ivoire","admin0","Deaths","Deaths",2017,22953.402935511418
"CIV","Côte d'Ivoire","admin0","Deaths","Deaths",2018,24054.690339700548
"CIV","Côte d'Ivoire","admin0","Deaths","Deaths",2019,27097.54863980222
"CIV","Côte d'Ivoire","admin0","Deaths","Deaths",2020,29039.396332482924
"CIV","Côte d'Ivoire","admin0","Deaths","Deaths",2021,28113.328889293687
"CIV","Côte d'Ivoire","admin0","Deaths","Deaths",2022,25983.190173036473
"CMR","Cameroon","admin0","Clinical Cases","Cases",2010,6560484.572007116
"CMR","Cameroon","admin0","Clinical Cases","Cases",2011,6074547.220888223
"CMR","Cameroon","admin0","Clinical Cases","Cases",2012,6045740.899988373
"CMR","Cameroon","admin0","Clinical Cases","Cases",2013,6441721.696384251
"CMR","Cameroon","admin0","Clinical Cases","Cases",2014,6695980.983613038
"CMR","Cameroon","admin0","Clinical Cases","Cases",2015,6879375.66033957
"CMR","Cameroon","admin0","Clinical Cases","Cases",2016,7014757.255968433
"CMR","Cameroon","admin0","Clinical Cases","Cases",2017,6884946.996311176
"CMR","Cameroon","admin0","Clinical Cases","Cases",2018,6740997.342138758
"CMR","Cameroon","admin0","Clinical Cases","Cases",2019,6734541.901546757
"CMR","Cameroon","admin0","Clinical Cases","Cases",2020,7037387.575399477
"CMR","Cameroon","admin0","Clinical Cases","Cases",2021,7663350.970773226
"CMR","Cameroon","admin0","Clinical Cases","Cases",2022,8005692.783766248
"CMR","Cameroon","admin0","Deaths","Deaths",2010,26188.504473894638
"CMR","Cameroon","admin0","Deaths","Deaths",2011,25715.976638421052
"CMR","Cameroon","admin0","Deaths","Deaths",2012,24617.213303111796
"CMR","Cameroon","admin0","Deaths","Deaths",2013,24650.34558858177
"CMR","Cameroon","admin0","Deaths","Deaths",2014,24345.553259229593
"CMR","Cameroon","admin0","Deaths","Deaths",2015,23575.4708873537
"CMR","Cameroon","admin0","Deaths","Deaths",2016,24944.136071169243
"CMR","Cameroon","admin0","Deaths","Deaths",2017,25704.035291928925
"CMR","Cameroon","admin0","Deaths","Deaths",2018,25317.15856782356
"CMR","Cameroon","admin0","Deaths","Deaths",2019,25272.188306443728
"CMR","Cameroon","admin0","Deaths","Deaths",2020,32177.806882078265
"CMR","Cameroon","admin0","Deaths","Deaths",2021,29440.76972191913
"CMR","Cameroon","admin0","Deaths","Deaths",2022,26448.651519250812
"COD","Democratic Republic of the Congo","admin0","Clinical Cases","Cases",2010,26883354.206195652
"COD","Democratic Republic of the Congo","admin0","Clinical Cases","Cases",2011,25977755.37757163
"COD","Democratic Republic of the Congo","admin0","Clinical Cases","Cases",2012,24695455.09088098
"COD","Democratic Republic of the Congo","admin0","Clinical Cases","Cases",2013,23390268.889404498
"COD","Democratic Republic of the Congo","admin0","Clinical Cases","Cases",2014,23033490.454468597
"COD","Democratic Republic of the Congo","admin0","Clinical Cases","Cases",2015,23975174.895668887
"COD","Democratic Republic of the Congo","admin0","Clinical Cases","Cases",2016,25190742.315347075
"COD","Democratic Republic of the Congo","admin0","Clinical Cases","Cases",2017,26729907.552854363
"COD","Democratic Republic of the Congo","admin0","Clinical Cases","Cases",2018,28587086.7758764
"COD","Democratic Republic of the Congo","admin0","Clinical Cases","Cases",2019,29439937.104148295
"COD","Democratic Republic of the Congo","admin0","Clinical Cases","Cases",2020,28476421.147292316
"COD","Democratic Republic of the Congo","admin0","Clinical Cases","Cases",2021,28305839.02795372
"COD","Democratic Republic of the Congo","admin0","Clinical Cases","Cases",2022,28603027.980537884
"COD","Democratic Republic of the Congo","admin0","Deaths","Deaths",2010,90416.80358458856
"COD","Democratic Republic of the Congo","admin0","Deaths","Deaths",2011,85595.21418591283
"COD","Democratic Republic of the Congo","admin0","Deaths","Deaths",2012,80212.16893281475
"COD","Democratic Republic of the Congo","admin0","Deaths","Deaths",2013,75360.43915732026
"COD","Democratic Republic of the Congo","admin0","Deaths","Deaths",2014,71975.18148144914
"COD","Democratic Republic of the Congo","admin0","Deaths","Deaths",2015,71289.26797047799
"COD","Democratic Republic of the Congo","admin0","Deaths","Deaths",2016,71553.00473323891
"COD","Democratic Republic of the Congo","admin0","Deaths","Deaths",2017,71449.39193079439
"COD","Democratic Republic of the Congo","admin0","Deaths","Deaths",2018,66754.81617262358
"COD","Democratic Republic of the Congo","admin0","Deaths","Deaths",2019,66346.71995568437
"COD","Democratic Republic of the Congo","admin0","Deaths","Deaths",2020,64624.928647909896
"COD","Democratic Republic of the Congo","admin0","Deaths","Deaths",2021,63039.51762492441
"COD","Democratic Republic of the Congo","admin0","Deaths","Deaths",2022,56922.89045702353
"COG","Congo","admin0","Clinical Cases","Cases",2010,886834.9972625648
"COG","Congo","admin0","Clinical Cases","Cases",2011,912173.3155074918
"COG","Congo","admin0","Clinical Cases","Cases",2012,940276.4112883651
"COG","Congo","admin0","Clinical Cases","Cases",2013,969156.1200860505
"COG","Congo","admin0","Clinical Cases","Cases",2014,964951.1374354068
"COG","Congo","admin0","Clinical Cases","Cases",2015,980319.748380709
"COG","Congo","admin0","Clinical Cases","Cases",2016,1034900.7122497557
"COG","Congo","admin0","Clinical Cases","Cases",2017,1145627.9274577918
"COG","Congo","admin0","Clinical Cases","Cases",2018,1238503.5792803443
"COG","Congo","admin0","Clinical Cases","Cases",2019,1250441.9522848686
"COG","Congo","admin0","Clinical Cases","Cases",2020,1240187.011611553
"COG","Congo","admin0","Clinical Cases","Cases",2021,1215473.8357543077
"COG","Congo","admin0","Clinical Cases","Cases",2022,1202439.5512288015
"COG","Congo","admin0","Deaths","Deaths",2010,2164.6480500846255
"COG","Congo","admin0","Deaths","Deaths",2011,2245.911999099494
"COG","Congo","admin0","Deaths","Deaths",2012,2343.6514906243783
"COG","Congo","admin0","Deaths","Deaths",2013,2302.1941902825433
"COG","Congo","admin0","Deaths","Deaths",2014,2256.6899544290964
"COG","Congo","admin0","Deaths","Deaths",2015,2244.6834567401716
"COG","Congo","admin0","Deaths","Deaths",2016,2281.8753743177954
"COG","Congo","admin0","Deaths","Deaths",2017,2425.1861853174714
"COG","Congo","admin0","Deaths","Deaths",2018,2572.3661991437675
"COG","Congo","admin0","Deaths","Deaths",2019,2448.403170211924
"COG","Congo","admin0","Deaths","Deaths",2020,2497.5882275464937
"COG","Congo","admin0","Deaths","Deaths",2021,2446.2810103109623
"COG","Congo","admin0","Deaths","Deaths",2022,2331.4364003808896
"COL","Colombia","admin0","Clinical Cases","Cases",2010,70296.23893118254
"COL","Colombia","admin0","Clinical Cases","Cases",2011,35119.62531234677
"COL","Colombia","admin0","Clinical Cases","Cases",2012,49684.91714923137
"COL","Colombia","admin0","Clinical Cases","Cases",2013,38047.039312924164
"COL","Colombia","admin0","Clinical Cases","Cases",2014,44208.78235203384
"COL","Colombia","admin0","Clinical Cases","Cases",2015,66959.03990159824
"COL","Colombia","admin0","Clinical Cases","Cases",2016,100396.70695235676
"COL","Colombia","admin0","Clinical Cases","Cases",2017,60869.1651917249
"COL","Colombia","admin0","Clinical Cases","Cases",2018,64243.07732587475
"COL","Colombia","admin0","Clinical Cases","Cases",2019,80681.59653735251
"COL","Colombia","admin0","Clinical Cases","Cases",2020,75538.39468838379
"COL","Colombia","admin0","Clinical Cases","Cases",2021,77390.96971132608
"COL","Colombia","admin0","Clinical Cases","Cases",2022,56049.405891150265
"COL","Colombia","admin0","Deaths","Deaths",2010,216.63027537599473
"COL","Colombia","admin0","Deaths","Deaths",2011,111.79433562976224
"COL","Colombia","admin0","Deaths","Deaths",2012,176.24753286295757
"COL","Colombia","admin0","Deaths","Deaths",2013,131.17283367924296
"COL","Colombia","admin0","Deaths","Deaths",2014,133.90719955953432
"COL","Colombia","admin0","Deaths","Deaths",2015,200.4229045897233
"COL","Colombia","admin0","Deaths","Deaths",2016,296.4045251183558
"COL","Colombia","admin0","Deaths","Deaths",2017,187.31658166136936
"COL","Colombia","admin0","Deaths","Deaths",2018,217.40137611227334
"COL","Colombia","admin0","Deaths","Deaths",2019,144.95080785906055
"COL","Colombia","admin0","Deaths","Deaths",2020,147.5920246797082
"COL","Colombia","admin0","Deaths","Deaths",2021,75.47797083504722
"COL","Colombia","admin0","Deaths","Deaths",2022,71.29747954735934
"COM","Comoros","admin0","Clinical Cases","Cases",2010,132104.4679158675
"COM","Comoros","admin0","Clinical Cases","Cases",2011,106172.74654481628
"COM","Comoros","admin0","Clinical Cases","Cases",2012,129884.84167023114
"COM","Comoros","admin0","Clinical Cases","Cases",2013,121569.41540825681
"COM","Comoros","admin0","Clinical Cases","Cases",2014,5516.35622510807
"COM","Comoros","admin0","Clinical Cases","Cases",2015,4583.301982161306
"COM","Comoros","admin0","Clinical Cases","Cases",2016,3545.633262334525
"COM","Comoros","admin0","Clinical Cases","Cases",2017,9331.779622520422
"COM","Comoros","admin0","Clinical Cases","Cases",2018,38518.494598144185
"COM","Comoros","admin0","Clinical Cases","Cases",2019,42999.45467935427
"COM","Comoros","admin0","Clinical Cases","Cases",2020,10891.769316415452
"COM","Comoros","admin0","Clinical Cases","Cases",2021,25149.64547908099
"COM","Comoros","admin0","Clinical Cases","Cases",2022,49131.05118590255
"COM","Comoros","admin0","Deaths","Deaths",2010,544.6991239403088
"COM","Comoros","admin0","Deaths","Deaths",2011,450.55036579247377
"COM","Comoros","admin0","Deaths","Deaths",2012,476.68788035834257
"COM","Comoros","admin0","Deaths","Deaths",2013,406.6119554511783
"COM","Comoros","admin0","Deaths","Deaths",2014,23.800929727606146
"COM","Comoros","admin0","Deaths","Deaths",2015,18.60871404195892
"COM","Comoros","admin0","Deaths","Deaths",2016,13.405023703785556
"COM","Comoros","admin0","Deaths","Deaths",2017,34.25572729596909
"COM","Comoros","admin0","Deaths","Deaths",2018,126.78970192403507
"COM","Comoros","admin0","Deaths","Deaths",2019,87.05480010917513
"COM","Comoros","admin0","Deaths","Deaths",2020,23.02371263496483
"COM","Comoros","admin0","Deaths","Deaths",2021,29.957236455722768
"COM","Comoros","admin0","Deaths","Deaths",2022,79.3104771445084
"CPV","Cape Verde","admin0","Clinical Cases","Cases",2010,174.1976563796656
"CPV","Cape Verde","admin0","Clinical Cases","Cases",2011,25.658233460678833
"CPV","Cape Verde","admin0","Clinical Cases","Cases",2012,3.267764552424466
"CPV","Cape Verde","admin0","Clinical Cases","Cases",2013,60.29366101990025
"CPV","Cape Verde","admin0","Clinical Cases","Cases",2014,72.00396463521827
"CPV","Cape Verde","admin0","Clinical Cases","Cases",2015,18.83467057059595
"CPV","Cape Verde","admin0","Clinical Cases","Cases",2016,134.42146481813126
"CPV","Cape Verde","admin0","Clinical Cases","Cases",2017,1046.6131543215256
"CPV","Cape Verde","admin0","Clinical Cases","Cases",2018,5.136232274296178
"CPV","Cape Verde","admin0","Clinical Cases","Cases",2019,0.6490832272506573
"CPV","Cape Verde","admin0","Clinical Cases","Cases",2020,0
"CPV","Cape Verde","admin0","Clinical Cases","Cases",2021,0.5188973074672155
"CPV","Cape Verde","admin0","Clinical Cases","Cases",2022,1.0122215267382915
"CPV","Cape Verde","admin0","Deaths","Deaths",2010,0.28829259679916325
"CPV","Cape Verde","admin0","Deaths","Deaths",2011,0.06149181509424338
"CPV","Cape Verde","admin0","Deaths","Deaths",2012,0.004177788801469657
"CPV","Cape Verde","admin0","Deaths","Deaths",2013,0.07839453503635274
"CPV","Cape Verde","admin0","Deaths","Deaths",2014,0.09921970192576177
"CPV","Cape Verde","admin0","Deaths","Deaths",2015,0.023187126748921018
"CPV","Cape Verde","admin0","Deaths","Deaths",2016,0.30756662786948674
"CPV","Cape Verde","admin0","Deaths","Deaths",2017,1.5227102653189653
"CPV","Cape Verde","admin0","Deaths","Deaths",2018,0.014779991911697911
"CPV","Cape Verde","admin0","Deaths","Deaths",2019,0.0011706277451450843
"CPV","Cape Verde","admin0","Deaths","Deaths",2020,0
"CPV","Cape Verde","admin0","Deaths","Deaths",2021,0.0483909754883946
"CPV","Cape Verde","admin0","Deaths","Deaths",2022,0.04117375064439864
"CRI","Costa Rica","admin0","Clinical Cases","Cases",2010,0
"CRI","Costa Rica","admin0","Clinical Cases","Cases",2011,0
"CRI","Costa Rica","admin0","Clinical Cases","Cases",2012,0
"CRI","Costa Rica","admin0","Clinical Cases","Cases",2013,0
"CRI","Costa Rica","admin0","Clinical Cases","Cases",2014,0.0042112558545485705
"CRI","Costa Rica","admin0","Clinical Cases","Cases",2015,0
"CRI","Costa Rica","admin0","Clinical Cases","Cases",2016,0
"CRI","Costa Rica","admin0","Clinical Cases","Cases",2017,0
"CRI","Costa Rica","admin0","Clinical Cases","Cases",2018,14.656809249981633
"CRI","Costa Rica","admin0","Clinical Cases","Cases",2019,8.758111791387941
"CRI","Costa Rica","admin0","Clinical Cases","Cases",2020,2.3776916493138316
"CRI","Costa Rica","admin0","Clinical Cases","Cases",2021,16.533932042324878
"CRI","Costa Rica","admin0","Clinical Cases","Cases",2022,19.394081284590175
"CRI","Costa Rica","admin0","Deaths","Deaths",2010,0
"CRI","Costa Rica","admin0","Deaths","Deaths",2011,0
"CRI","Costa Rica","admin0","Deaths","Deaths",2012,0
"CRI","Costa Rica","admin0","Deaths","Deaths",2013,0
"CRI","Costa Rica","admin0","Deaths","Deaths",2014,0.2281369263093235
"CRI","Costa Rica","admin0","Deaths","Deaths",2015,0
"CRI","Costa Rica","admin0","Deaths","Deaths",2016,0
"CRI","Costa Rica","admin0","Deaths","Deaths",2017,0
"CRI","Costa Rica","admin0","Deaths","Deaths",2018,0.22448324029967645
"CRI","Costa Rica","admin0","Deaths","Deaths",2019,0.2093840800452443
"CRI","Costa Rica","admin0","Deaths","Deaths",2020,0.18136344593526135
"CRI","Costa Rica","admin0","Deaths","Deaths",2021,0.2010669060148008
"CRI","Costa Rica","admin0","Deaths","Deaths",2022,0.19151626623086085
"DJI","Djibouti","admin0","Clinical Cases","Cases",2010,2610.5237674409195
"DJI","Djibouti","admin0","Clinical Cases","Cases",2011,97.22926768849507
"DJI","Djibouti","admin0","Clinical Cases","Cases",2012,58.80910681675241
"DJI","Djibouti","admin0","Clinical Cases","Cases",2013,3327.0247305055036
"DJI","Djibouti","admin0","Clinical Cases","Cases",2014,28513.179690485165
"DJI","Djibouti","admin0","Clinical Cases","Cases",2015,27875.849871012484
"DJI","Djibouti","admin0","Clinical Cases","Cases",2016,37457.22314743903
"DJI","Djibouti","admin0","Clinical Cases","Cases",2017,30133.903194866758
"DJI","Djibouti","admin0","Clinical Cases","Cases",2018,51164.621231844925
"DJI","Djibouti","admin0","Clinical Cases","Cases",2019,115813.61875788949
"DJI","Djibouti","admin0","Clinical Cases","Cases",2020,144863.35189437727
"DJI","Djibouti","admin0","Clinical Cases","Cases",2021,139825.66619075858
"DJI","Djibouti","admin0","Clinical Cases","Cases",2022,99339.54656319438
"DJI","Djibouti","admin0","Deaths","Deaths",2010,16.71069594161075
"DJI","Djibouti","admin0","Deaths","Deaths",2011,0.5557526616714353
"DJI","Djibouti","admin0","Deaths","Deaths",2012,0.27462422281435156
"DJI","Djibouti","admin0","Deaths","Deaths",2013,15.507657457001072
"DJI","Djibouti","admin0","Deaths","Deaths",2014,111.88097566736292
"DJI","Djibouti","admin0","Deaths","Deaths",2015,95.21097101231503
"DJI","Djibouti","admin0","Deaths","Deaths",2016,122.18019756519712
"DJI","Djibouti","admin0","Deaths","Deaths",2017,95.48833912449153
"DJI","Djibouti","admin0","Deaths","Deaths",2018,194.10662223378682
"DJI","Djibouti","admin0","Deaths","Deaths",2019,159.38216170565866
"DJI","Djibouti","admin0","Deaths","Deaths",2020,194.46647910105963
"DJI","Djibouti","admin0","Deaths","Deaths",2021,183.0006447518445
"DJI","Djibouti","admin0","Deaths","Deaths",2022,123.47090211321002
"DOM","Dominican Republic","admin0","Clinical Cases","Cases",2010,3985.674870476175
"DOM","Dominican Republic","admin0","Clinical Cases","Cases",2011,2644.709008569901
"DOM","Dominican Republic","admin0","Clinical Cases","Cases",2012,1547.582530416713
"DOM","Dominican Republic","admin0","Clinical Cases","Cases",2013,822.9134625530228
"DOM","Dominican Republic","admin0","Clinical Cases","Cases",2014,744.8300322088213
"DOM","Dominican Republic","admin0","Clinical Cases","Cases",2015,988.0386652006725
"DOM","Dominican Republic","admin0","Clinical Cases","Cases",2016,1065.999515619868
"DOM","Dominican Republic","admin0","Clinical Cases","Cases",2017,543.2640006921283
"DOM","Dominican Republic","admin0","Clinical Cases","Cases",2018,674.3511302872602
"DOM","Dominican Republic","admin0","Clinical Cases","Cases",2019,1931.461139542507
"DOM","Dominican Republic","admin0","Clinical Cases","Cases",2020,1247.7999706532457
"DOM","Dominican Republic","admin0","Clinical Cases","Cases",2021,452.4130113263062
"DOM","Dominican Republic","admin0","Clinical Cases","Cases",2022,482.53210843720206
"DOM","Dominican Republic","admin0","Deaths","Deaths",2010,25.109334509246505
"DOM","Dominican Republic","admin0","Deaths","Deaths",2011,17.287281907645852
"DOM","Dominican Republic","admin0","Deaths","Deaths",2012,10.532182884446147
"DOM","Dominican Republic","admin0","Deaths","Deaths",2013,4.772146313932896
"DOM","Dominican Republic","admin0","Deaths","Deaths",2014,4.557483813583094
"DOM","Dominican Republic","admin0","Deaths","Deaths",2015,5.650515167149638
"DOM","Dominican Republic","admin0","Deaths","Deaths",2016,4.582252434573003
"DOM","Dominican Republic","admin0","Deaths","Deaths",2017,2.847253623599423
"DOM","Dominican Republic","admin0","Deaths","Deaths",2018,3.6493710454075177
"DOM","Dominican Republic","admin0","Deaths","Deaths",2019,9.013886369256708
"DOM","Dominican Republic","admin0","Deaths","Deaths",2020,6.253714334501461
"DOM","Dominican Republic","admin0","Deaths","Deaths",2021,9.893256824657145
"DOM","Dominican Republic","admin0","Deaths","Deaths",2022,16.377777825838237
"DZA","Algeria","admin0","Clinical Cases","Cases",2010,3.9698096656112885e-11
"DZA","Algeria","admin0","Clinical Cases","Cases",2011,2.166927265016142e-11
"DZA","Algeria","admin0","Clinical Cases","Cases",2012,26.80810328597486
"DZA","Algeria","admin0","Clinical Cases","Cases",2013,2.8536667269681253e-11
"DZA","Algeria","admin0","Clinical Cases","Cases",2014,0
"DZA","Algeria","admin0","Clinical Cases","Cases",2015,0
"DZA","Algeria","admin0","Clinical Cases","Cases",2016,0
"DZA","Algeria","admin0","Clinical Cases","Cases",2017,0
"DZA","Algeria","admin0","Clinical Cases","Cases",2018,0
"DZA","Algeria","admin0","Clinical Cases","Cases",2019,0
"DZA","Algeria","admin0","Clinical Cases","Cases",2020,0
"DZA","Algeria","admin0","Clinical Cases","Cases",2021,0
"DZA","Algeria","admin0","Clinical Cases","Cases",2022,0
"DZA","Algeria","admin0","Deaths","Deaths",2010,0.045762250280223384
"DZA","Algeria","admin0","Deaths","Deaths",2011,0.024294312816940167
"DZA","Algeria","admin0","Deaths","Deaths",2012,0.2805756028961772
"DZA","Algeria","admin0","Deaths","Deaths",2013,0.03134752238703553
"DZA","Algeria","admin0","Deaths","Deaths",2014,0
"DZA","Algeria","admin0","Deaths","Deaths",2015,0
"DZA","Algeria","admin0","Deaths","Deaths",2016,0
"DZA","Algeria","admin0","Deaths","Deaths",2017,0
"DZA","Algeria","admin0","Deaths","Deaths",2018,0
"DZA","Algeria","admin0","Deaths","Deaths",2019,0
"DZA","Algeria","admin0","Deaths","Deaths",2020,0
"DZA","Algeria","admin0","Deaths","Deaths",2021,0
"DZA","Algeria","admin0","Deaths","Deaths",2022,0
"ECU","Ecuador","admin0","Clinical Cases","Cases",2010,576.8393127026811
"ECU","Ecuador","admin0","Clinical Cases","Cases",2011,701.8144788861582
"ECU","Ecuador","admin0","Clinical Cases","Cases",2012,156.57001797236214
"ECU","Ecuador","admin0","Clinical Cases","Cases",2013,320.34386345250397
"ECU","Ecuador","admin0","Clinical Cases","Cases",2014,77.45642980245783
"ECU","Ecuador","admin0","Clinical Cases","Cases",2015,357.0823439967655
"ECU","Ecuador","admin0","Clinical Cases","Cases",2016,765.214540550713
"ECU","Ecuador","admin0","Clinical Cases","Cases",2017,604.0728302908102
"ECU","Ecuador","admin0","Clinical Cases","Cases",2018,308.9732308056074
"ECU","Ecuador","admin0","Clinical Cases","Cases",2019,459.6870492994362
"ECU","Ecuador","admin0","Clinical Cases","Cases",2020,447.12803660074866
"ECU","Ecuador","admin0","Clinical Cases","Cases",2021,876.9209781380454
"ECU","Ecuador","admin0","Clinical Cases","Cases",2022,389.5879297093705
"ECU","Ecuador","admin0","Deaths","Deaths",2010,2.20669116295388
"ECU","Ecuador","admin0","Deaths","Deaths",2011,2.8286841570915318
"ECU","Ecuador","admin0","Deaths","Deaths",2012,0.6839549704847642
"ECU","Ecuador","admin0","Deaths","Deaths",2013,1.8397124700003256
"ECU","Ecuador","admin0","Deaths","Deaths",2014,0.3563332997297427
"ECU","Ecuador","admin0","Deaths","Deaths",2015,1.6288748782002203
"ECU","Ecuador","admin0","Deaths","Deaths",2016,3.5280738050694223
"ECU","Ecuador","admin0","Deaths","Deaths",2017,2.9809179966650463
"ECU","Ecuador","admin0","Deaths","Deaths",2018,1.5980562378862744
"ECU","Ecuador","admin0","Deaths","Deaths",2019,0.6701150467736402
"ECU","Ecuador","admin0","Deaths","Deaths",2020,0.8148114969110577
"ECU","Ecuador","admin0","Deaths","Deaths",2021,1.435990725619656
"ECU","Ecuador","admin0","Deaths","Deaths",2022,1.0767270317982454
"ERI","Eritrea","admin0","Clinical Cases","Cases",2010,68999.4535323247
"ERI","Eritrea","admin0","Clinical Cases","Cases",2011,91460.30124792847
"ERI","Eritrea","admin0","Clinical Cases","Cases",2012,53052.51775762419
"ERI","Eritrea","admin0","Clinical Cases","Cases",2013,36860.507841377716
"ERI","Eritrea","admin0","Clinical Cases","Cases",2014,94500.27541151267
"ERI","Eritrea","admin0","Clinical Cases","Cases",2015,58748.49920956951
"ERI","Eritrea","admin0","Clinical Cases","Cases",2016,85185.88372035912
"ERI","Eritrea","admin0","Clinical Cases","Cases",2017,92621.94707968703
"ERI","Eritrea","admin0","Clinical Cases","Cases",2018,81644.07832452391
"ERI","Eritrea","admin0","Clinical Cases","Cases",2019,189617.55965364366
"ERI","Eritrea","admin0","Clinical Cases","Cases",2020,156176.3414031698
"ERI","Eritrea","admin0","Clinical Cases","Cases",2021,94258.11355909315
"ERI","Eritrea","admin0","Clinical Cases","Cases",2022,133935.23991686024
"ERI","Eritrea","admin0","Deaths","Deaths",2010,202.0463528634787
"ERI","Eritrea","admin0","Deaths","Deaths",2011,250.65248409691839
"ERI","Eritrea","admin0","Deaths","Deaths",2012,135.66583302971918
"ERI","Eritrea","admin0","Deaths","Deaths",2013,87.75845964265943
"ERI","Eritrea","admin0","Deaths","Deaths",2014,211.63044538376198
"ERI","Eritrea","admin0","Deaths","Deaths",2015,123.01641025966232
"ERI","Eritrea","admin0","Deaths","Deaths",2016,177.68111177291192
"ERI","Eritrea","admin0","Deaths","Deaths",2017,196.34525360312844
"ERI","Eritrea","admin0","Deaths","Deaths",2018,176.19913866919205
"ERI","Eritrea","admin0","Deaths","Deaths",2019,327.27873474500416
"ERI","Eritrea","admin0","Deaths","Deaths",2020,277.00122384185767
"ERI","Eritrea","admin0","Deaths","Deaths",2021,159.95364252777645
"ERI","Eritrea","admin0","Deaths","Deaths",2022,327.7949096702929
"ETH","Ethiopia","admin0","Clinical Cases","Cases",2010,13424357.62332859
"ETH","Ethiopia","admin0","Clinical Cases","Cases",2011,11131791.872839754
"ETH","Ethiopia","admin0","Clinical Cases","Cases",2012,13019539.439464044
"ETH","Ethiopia","admin0","Clinical Cases","Cases",2013,14905838.707130007
"ETH","Ethiopia","admin0","Clinical Cases","Cases",2014,7617955.561329293
"ETH","Ethiopia","admin0","Clinical Cases","Cases",2015,7960820.665271715
"ETH","Ethiopia","admin0","Clinical Cases","Cases",2016,6352683.259602429
"ETH","Ethiopia","admin0","Clinical Cases","Cases",2017,5777206.829660018
"ETH","Ethiopia","admin0","Clinical Cases","Cases",2018,4538646.621428298
"ETH","Ethiopia","admin0","Clinical Cases","Cases",2019,3814669.606038596
"ETH","Ethiopia","admin0","Clinical Cases","Cases",2020,6426443.017362847
"ETH","Ethiopia","admin0","Clinical Cases","Cases",2021,4803848.558604107
"ETH","Ethiopia","admin0","Clinical Cases","Cases",2022,6126320.285808891
"ETH","Ethiopia","admin0","Deaths","Deaths",2010,18511.50776411214
"ETH","Ethiopia","admin0","Deaths","Deaths",2011,14197.734608768864
"ETH","Ethiopia","admin0","Deaths","Deaths",2012,13868.871501270512
"ETH","Ethiopia","admin0","Deaths","Deaths",2013,14648.211806073046
"ETH","Ethiopia","admin0","Deaths","Deaths",2014,7698.429990940592
"ETH","Ethiopia","admin0","Deaths","Deaths",2015,7500.534258940053
"ETH","Ethiopia","admin0","Deaths","Deaths",2016,6071.106131254384
"ETH","Ethiopia","admin0","Deaths","Deaths",2017,5957.729500707498
"ETH","Ethiopia","admin0","Deaths","Deaths",2018,5143.419519311616
"ETH","Ethiopia","admin0","Deaths","Deaths",2019,4003.466709002146
"ETH","Ethiopia","admin0","Deaths","Deaths",2020,8775.206676999402
"ETH","Ethiopia","admin0","Deaths","Deaths",2021,6164.363026276798
"ETH","Ethiopia","admin0","Deaths","Deaths",2022,6338.571677557806
"GAB","Gabon","admin0","Clinical Cases","Cases",2010,257867.72299356697
"GAB","Gabon","admin0","Clinical Cases","Cases",2011,289248.4024461839
"GAB","Gabon","admin0","Clinical Cases","Cases",2012,306265.46176817524
"GAB","Gabon","admin0","Clinical Cases","Cases",2013,320579.3981420991
"GAB","Gabon","admin0","Clinical Cases","Cases",2014,320491.3854850627
"GAB","Gabon","admin0","Clinical Cases","Cases",2015,309669.132969343
"GAB","Gabon","admin0","Clinical Cases","Cases",2016,306296.8368172948
"GAB","Gabon","admin0","Clinical Cases","Cases",2017,304980.55923901725
"GAB","Gabon","admin0","Clinical Cases","Cases",2018,303408.84045023494
"GAB","Gabon","admin0","Clinical Cases","Cases",2019,314109.98066506046
"GAB","Gabon","admin0","Clinical Cases","Cases",2020,321943.35012375604
"GAB","Gabon","admin0","Clinical Cases","Cases",2021,324140.8752589684
"GAB","Gabon","admin0","Clinical Cases","Cases",2022,319180.4643256923
"GAB","Gabon","admin0","Deaths","Deaths",2010,930.5986585416671
"GAB","Gabon","admin0","Deaths","Deaths",2011,1021.7078872785314
"GAB","Gabon","admin0","Deaths","Deaths",2012,1048.2301126547075
"GAB","Gabon","admin0","Deaths","Deaths",2013,953.9490573187594
"GAB","Gabon","admin0","Deaths","Deaths",2014,891.5903949839155
"GAB","Gabon","admin0","Deaths","Deaths",2015,789.8367237381381
"GAB","Gabon","admin0","Deaths","Deaths",2016,774.146168368533
"GAB","Gabon","admin0","Deaths","Deaths",2017,764.7803386192785
"GAB","Gabon","admin0","Deaths","Deaths",2018,743.4449894238525
"GAB","Gabon","admin0","Deaths","Deaths",2019,730.9244314608558
"GAB","Gabon","admin0","Deaths","Deaths",2020,766.045327809772
"GAB","Gabon","admin0","Deaths","Deaths",2021,762.3442563703218
"GAB","Gabon","admin0","Deaths","Deaths",2022,730.8619969351446
"GEO","Georgia","admin0","Clinical Cases","Cases",2010,0
"GEO","Georgia","admin0","Clinical Cases","Cases",2011,0
"GEO","Georgia","admin0","Clinical Cases","Cases",2012,0
"GEO","Georgia","admin0","Clinical Cases","Cases",2013,0
"GEO","Georgia","admin0","Clinical Cases","Cases",2014,0
"GEO","Georgia","admin0","Clinical Cases","Cases",2015,0
"GEO","Georgia","admin0","Clinical Cases","Cases",2016,0
"GEO","Georgia","admin0","Clinical Cases","Cases",2017,0
"GEO","Georgia","admin0","Clinical Cases","Cases",2018,0
"GEO","Georgia","admin0","Clinical Cases","Cases",2019,0
"GEO","Georgia","admin0","Clinical Cases","Cases",2020,0
"GEO","Georgia","admin0","Clinical Cases","Cases",2021,0
"GEO","Georgia","admin0","Clinical Cases","Cases",2022,0
"GEO","Georgia","admin0","Deaths","Deaths",2010,0
"GEO","Georgia","admin0","Deaths","Deaths",2011,0
"GEO","Georgia","admin0","Deaths","Deaths",2012,0
"GEO","Georgia","admin0","Deaths","Deaths",2013,0
"GEO","Georgia","admin0","Deaths","Deaths",2014,0
"GEO","Georgia","admin0","Deaths","Deaths",2015,0
"GEO","Georgia","admin0","Deaths","Deaths",2016,0
"GEO","Georgia","admin0","Deaths","Deaths",2017,0
"GEO","Georgia","admin0","Deaths","Deaths",2018,0
"GEO","Georgia","admin0","Deaths","Deaths",2019,0
"GEO","Georgia","admin0","Deaths","Deaths",2020,0
"GEO","Georgia","admin0","Deaths","Deaths",2021,0
"GEO","Georgia","admin0","Deaths","Deaths",2022,0
"GHA","Ghana","admin0","Clinical Cases","Cases",2010,9340881.398653597
"GHA","Ghana","admin0","Clinical Cases","Cases",2011,9723458.186652515
"GHA","Ghana","admin0","Clinical Cases","Cases",2012,9684400.830301845
"GHA","Ghana","admin0","Clinical Cases","Cases",2013,9269099.361641645
"GHA","Ghana","admin0","Clinical Cases","Cases",2014,8624849.97503307
"GHA","Ghana","admin0","Clinical Cases","Cases",2015,7775389.072547504
"GHA","Ghana","admin0","Clinical Cases","Cases",2016,6750508.02006265
"GHA","Ghana","admin0","Clinical Cases","Cases",2017,5852956.373543004
"GHA","Ghana","admin0","Clinical Cases","Cases",2018,5191889.117359926
"GHA","Ghana","admin0","Clinical Cases","Cases",2019,5107326.824868187
"GHA","Ghana","admin0","Clinical Cases","Cases",2020,5250006.475611741
"GHA","Ghana","admin0","Clinical Cases","Cases",2021,5164032.566500908
"GHA","Ghana","admin0","Clinical Cases","Cases",2022,5314101.9568660455
"GHA","Ghana","admin0","Deaths","Deaths",2010,31685.817130137846
"GHA","Ghana","admin0","Deaths","Deaths",2011,30075.11919413358
"GHA","Ghana","admin0","Deaths","Deaths",2012,28906.996733491473
"GHA","Ghana","admin0","Deaths","Deaths",2013,27419.791515287456
"GHA","Ghana","admin0","Deaths","Deaths",2014,26182.559478046645
"GHA","Ghana","admin0","Deaths","Deaths",2015,23661.59610873693
"GHA","Ghana","admin0","Deaths","Deaths",2016,21306.88564724116
"GHA","Ghana","admin0","Deaths","Deaths",2017,18654.568471240476
"GHA","Ghana","admin0","Deaths","Deaths",2018,17158.06182396024
"GHA","Ghana","admin0","Deaths","Deaths",2019,16504.36767155316
"GHA","Ghana","admin0","Deaths","Deaths",2020,17312.032873714947
"GHA","Ghana","admin0","Deaths","Deaths",2021,15887.1448680486
"GHA","Ghana","admin0","Deaths","Deaths",2022,16823.907126634793
"GIN","Guinea","admin0","Clinical Cases","Cases",2010,4108967.8965049945
"GIN","Guinea","admin0","Clinical Cases","Cases",2011,4359723.118669204
"GIN","Guinea","admin0","Clinical Cases","Cases",2012,4513843.196231827
"GIN","Guinea","admin0","Clinical Cases","Cases",2013,4438737.17567743
"GIN","Guinea","admin0","Clinical Cases","Cases",2014,4372240.023428553
"GIN","Guinea","admin0","Clinical Cases","Cases",2015,4360851.824224623
"GIN","Guinea","admin0","Clinical Cases","Cases",2016,4277586.96934232
"GIN","Guinea","admin0","Clinical Cases","Cases",2017,4299787.055966581
"GIN","Guinea","admin0","Clinical Cases","Cases",2018,4295847.568288945
"GIN","Guinea","admin0","Clinical Cases","Cases",2019,4045839.305326963
"GIN","Guinea","admin0","Clinical Cases","Cases",2020,3806613.9084791737
"GIN","Guinea","admin0","Clinical Cases","Cases",2021,3615263.034065053
"GIN","Guinea","admin0","Clinical Cases","Cases",2022,3598431.1926530898
"GIN","Guinea","admin0","Deaths","Deaths",2010,15131.438992154055
"GIN","Guinea","admin0","Deaths","Deaths",2011,15113.363312337617
"GIN","Guinea","admin0","Deaths","Deaths",2012,14660.305106475915
"GIN","Guinea","admin0","Deaths","Deaths",2013,14460.697952150422
"GIN","Guinea","admin0","Deaths","Deaths",2014,13657.554361615377
"GIN","Guinea","admin0","Deaths","Deaths",2015,13036.25037614158
"GIN","Guinea","admin0","Deaths","Deaths",2016,12478.039896088168
"GIN","Guinea","admin0","Deaths","Deaths",2017,12688.863278980512
"GIN","Guinea","admin0","Deaths","Deaths",2018,13481.583211766725
"GIN","Guinea","admin0","Deaths","Deaths",2019,13186.364182455094
"GIN","Guinea","admin0","Deaths","Deaths",2020,14184.845372178961
"GIN","Guinea","admin0","Deaths","Deaths",2021,12746.078458859567
"GIN","Guinea","admin0","Deaths","Deaths",2022,11953.029327585013
"GMB","Gambia","admin0","Clinical Cases","Cases",2010,511854.37544973026
"GMB","Gambia","admin0","Clinical Cases","Cases",2011,843044.0048856863
"GMB","Gambia","admin0","Clinical Cases","Cases",2012,929012.815867245
"GMB","Gambia","admin0","Clinical Cases","Cases",2013,821840.6723551288
"GMB","Gambia","admin0","Clinical Cases","Cases",2014,525598.5479764491
"GMB","Gambia","admin0","Clinical Cases","Cases",2015,704583.9618029012
"GMB","Gambia","admin0","Clinical Cases","Cases",2016,426731.0610916161
"GMB","Gambia","admin0","Clinical Cases","Cases",2017,211562.26841700822
"GMB","Gambia","admin0","Clinical Cases","Cases",2018,224722.63990129056
"GMB","Gambia","admin0","Clinical Cases","Cases",2019,144107.38624697272
"GMB","Gambia","admin0","Clinical Cases","Cases",2020,191037.64303807492
"GMB","Gambia","admin0","Clinical Cases","Cases",2021,191330.2331889867
"GMB","Gambia","admin0","Clinical Cases","Cases",2022,305700.56481271377
"GMB","Gambia","admin0","Deaths","Deaths",2010,1288.479568822232
"GMB","Gambia","admin0","Deaths","Deaths",2011,2074.1311173553586
"GMB","Gambia","admin0","Deaths","Deaths",2012,2144.020250966175
"GMB","Gambia","admin0","Deaths","Deaths",2013,1952.106084070467
"GMB","Gambia","admin0","Deaths","Deaths",2014,1337.5396259711
"GMB","Gambia","admin0","Deaths","Deaths",2015,1585.6284968359028
"GMB","Gambia","admin0","Deaths","Deaths",2016,1141.1938090559718
"GMB","Gambia","admin0","Deaths","Deaths",2017,642.0550951949105
"GMB","Gambia","admin0","Deaths","Deaths",2018,700.6214942317691
"GMB","Gambia","admin0","Deaths","Deaths",2019,385.2039030643371
"GMB","Gambia","admin0","Deaths","Deaths",2020,542.1435139008843
"GMB","Gambia","admin0","Deaths","Deaths",2021,556.841997409231
"GMB","Gambia","admin0","Deaths","Deaths",2022,619.7689895929506
"GNB","Guinea-Bissau","admin0","Clinical Cases","Cases",2010,191594.94184199322
"GNB","Guinea-Bissau","admin0","Clinical Cases","Cases",2011,203018.96514515058
"GNB","Guinea-Bissau","admin0","Clinical Cases","Cases",2012,202621.65250385323
"GNB","Guinea-Bissau","admin0","Clinical Cases","Cases",2013,198021.0416088424
"GNB","Guinea-Bissau","admin0","Clinical Cases","Cases",2014,177859.5866021062
"GNB","Guinea-Bissau","admin0","Clinical Cases","Cases",2015,155656.45524813537
"GNB","Guinea-Bissau","admin0","Clinical Cases","Cases",2016,132735.0004323387
"GNB","Guinea-Bissau","admin0","Clinical Cases","Cases",2017,118051.57601701886
"GNB","Guinea-Bissau","admin0","Clinical Cases","Cases",2018,120057.9630917348
"GNB","Guinea-Bissau","admin0","Clinical Cases","Cases",2019,137296.21824768296
"GNB","Guinea-Bissau","admin0","Clinical Cases","Cases",2020,177128.3577238089
"GNB","Guinea-Bissau","admin0","Clinical Cases","Cases",2021,202094.45170204164
"GNB","Guinea-Bissau","admin0","Clinical Cases","Cases",2022,217099.22067392748
"GNB","Guinea-Bissau","admin0","Deaths","Deaths",2010,578.6465963699856
"GNB","Guinea-Bissau","admin0","Deaths","Deaths",2011,611.1769292605026
"GNB","Guinea-Bissau","admin0","Deaths","Deaths",2012,598.6604808203631
"GNB","Guinea-Bissau","admin0","Deaths","Deaths",2013,601.0370705012472
"GNB","Guinea-Bissau","admin0","Deaths","Deaths",2014,519.6667798661322
"GNB","Guinea-Bissau","admin0","Deaths","Deaths",2015,455.12976968974186
"GNB","Guinea-Bissau","admin0","Deaths","Deaths",2016,404.4821218206673
"GNB","Guinea-Bissau","admin0","Deaths","Deaths",2017,343.3843167115191
"GNB","Guinea-Bissau","admin0","Deaths","Deaths",2018,340.4946704740708
"GNB","Guinea-Bissau","admin0","Deaths","Deaths",2019,363.3014374315794
"GNB","Guinea-Bissau","admin0","Deaths","Deaths",2020,595.3025436403452
"GNB","Guinea-Bissau","admin0","Deaths","Deaths",2021,582.9697358940616
"GNB","Guinea-Bissau","admin0","Deaths","Deaths",2022,570.0529317376598
"GNQ","Equatorial Guinea","admin0","Clinical Cases","Cases",2010,299607.9235806874
"GNQ","Equatorial Guinea","admin0","Clinical Cases","Cases",2011,312348.76918865216
"GNQ","Equatorial Guinea","admin0","Clinical Cases","Cases",2012,346678.0321190067
"GNQ","Equatorial Guinea","admin0","Clinical Cases","Cases",2013,382870.2777025764
"GNQ","Equatorial Guinea","admin0","Clinical Cases","Cases",2014,396769.6510133525
"GNQ","Equatorial Guinea","admin0","Clinical Cases","Cases",2015,408254.7885294965
"GNQ","Equatorial Guinea","admin0","Clinical Cases","Cases",2016,397183.02688245324
"GNQ","Equatorial Guinea","admin0","Clinical Cases","Cases",2017,379966.8881532654
"GNQ","Equatorial Guinea","admin0","Clinical Cases","Cases",2018,357671.48465263005
"GNQ","Equatorial Guinea","admin0","Clinical Cases","Cases",2019,342106.4944009923
"GNQ","Equatorial Guinea","admin0","Clinical Cases","Cases",2020,349552.69931663346
"GNQ","Equatorial Guinea","admin0","Clinical Cases","Cases",2021,345954.72622579755
"GNQ","Equatorial Guinea","admin0","Clinical Cases","Cases",2022,359622.37397049845
"GNQ","Equatorial Guinea","admin0","Deaths","Deaths",2010,852.7592530493214
"GNQ","Equatorial Guinea","admin0","Deaths","Deaths",2011,856.9080296464494
"GNQ","Equatorial Guinea","admin0","Deaths","Deaths",2012,899.7215300070455
"GNQ","Equatorial Guinea","admin0","Deaths","Deaths",2013,919.4734892604157
"GNQ","Equatorial Guinea","admin0","Deaths","Deaths",2014,914.8624225271949
"GNQ","Equatorial Guinea","admin0","Deaths","Deaths",2015,933.3636079914762
"GNQ","Equatorial Guinea","admin0","Deaths","Deaths",2016,885.4861343480893
"GNQ","Equatorial Guinea","admin0","Deaths","Deaths",2017,848.6835119820946
"GNQ","Equatorial Guinea","admin0","Deaths","Deaths",2018,817.1926309232
"GNQ","Equatorial Guinea","admin0","Deaths","Deaths",2019,815.902074843768
"GNQ","Equatorial Guinea","admin0","Deaths","Deaths",2020,909.3253638246736
"GNQ","Equatorial Guinea","admin0","Deaths","Deaths",2021,942.4177933367899
"GNQ","Equatorial Guinea","admin0","Deaths","Deaths",2022,770.0005146598616
"GTM","Guatemala","admin0","Clinical Cases","Cases",2010,79.96775854789078
"GTM","Guatemala","admin0","Clinical Cases","Cases",2011,165.11063867506994
"GTM","Guatemala","admin0","Clinical Cases","Cases",2012,139.54751986277876
"GTM","Guatemala","admin0","Clinical Cases","Cases",2013,255.11433874026358
"GTM","Guatemala","admin0","Clinical Cases","Cases",2014,93.39499494392436
"GTM","Guatemala","admin0","Clinical Cases","Cases",2015,102.12450258296504
"GTM","Guatemala","admin0","Clinical Cases","Cases",2016,18.97733445708285
"GTM","Guatemala","admin0","Clinical Cases","Cases",2017,0
"GTM","Guatemala","admin0","Clinical Cases","Cases",2018,0
"GTM","Guatemala","admin0","Clinical Cases","Cases",2019,0
"GTM","Guatemala","admin0","Clinical Cases","Cases",2020,0
"GTM","Guatemala","admin0","Clinical Cases","Cases",2021,0
"GTM","Guatemala","admin0","Clinical Cases","Cases",2022,0
"GTM","Guatemala","admin0","Deaths","Deaths",2010,0.3617659624940737
"GTM","Guatemala","admin0","Deaths","Deaths",2011,0.831615790983567
"GTM","Guatemala","admin0","Deaths","Deaths",2012,0.7192006854640204
"GTM","Guatemala","admin0","Deaths","Deaths",2013,1.3354813396003204
"GTM","Guatemala","admin0","Deaths","Deaths",2014,0.5565985137909782
"GTM","Guatemala","admin0","Deaths","Deaths",2015,0.49073444426945
"GTM","Guatemala","admin0","Deaths","Deaths",2016,0.08463244433420176
"GTM","Guatemala","admin0","Deaths","Deaths",2017,0
"GTM","Guatemala","admin0","Deaths","Deaths",2018,0
"GTM","Guatemala","admin0","Deaths","Deaths",2019,0
"GTM","Guatemala","admin0","Deaths","Deaths",2020,0
"GTM","Guatemala","admin0","Deaths","Deaths",2021,0
"GTM","Guatemala","admin0","Deaths","Deaths",2022,0
"GUF","French Guiana","admin0","Clinical Cases","Cases",2010,2203.193094862008
"GUF","French Guiana","admin0","Clinical Cases","Cases",2011,1497.6899020701383
"GUF","French Guiana","admin0","Clinical Cases","Cases",2012,1045.9086652802669
"GUF","French Guiana","admin0","Clinical Cases","Cases",2013,1436.4434236546624
"GUF","French Guiana","admin0","Clinical Cases","Cases",2014,478.2287163306325
"GUF","French Guiana","admin0","Clinical Cases","Cases",2015,194.66298085186796
"GUF","French Guiana","admin0","Clinical Cases","Cases",2016,172.69765812261028
"GUF","French Guiana","admin0","Clinical Cases","Cases",2017,161.86605244232592
"GUF","French Guiana","admin0","Clinical Cases","Cases",2018,104.78831829929504
"GUF","French Guiana","admin0","Clinical Cases","Cases",2019,35.6239119234705
"GUF","French Guiana","admin0","Clinical Cases","Cases",2020,6.18835405538139
"GUF","French Guiana","admin0","Clinical Cases","Cases",2021,2.2085173479701887
"GUF","French Guiana","admin0","Clinical Cases","Cases",2022,0
"GUF","French Guiana","admin0","Deaths","Deaths",2010,0
"GUF","French Guiana","admin0","Deaths","Deaths",2011,0
"GUF","French Guiana","admin0","Deaths","Deaths",2012,0
"GUF","French Guiana","admin0","Deaths","Deaths",2013,0
"GUF","French Guiana","admin0","Deaths","Deaths",2014,0
"GUF","French Guiana","admin0","Deaths","Deaths",2015,0
"GUF","French Guiana","admin0","Deaths","Deaths",2016,0
"GUF","French Guiana","admin0","Deaths","Deaths",2017,0
"GUF","French Guiana","admin0","Deaths","Deaths",2018,0
"GUF","French Guiana","admin0","Deaths","Deaths",2019,0
"GUF","French Guiana","admin0","Deaths","Deaths",2020,0
"GUF","French Guiana","admin0","Deaths","Deaths",2021,0
"GUF","French Guiana","admin0","Deaths","Deaths",2022,0
"GUY","Guyana","admin0","Clinical Cases","Cases",2010,26422.211702798315
"GUY","Guyana","admin0","Clinical Cases","Cases",2011,40746.011485836454
"GUY","Guyana","admin0","Clinical Cases","Cases",2012,40663.00465062574
"GUY","Guyana","admin0","Clinical Cases","Cases",2013,43816.94759689257
"GUY","Guyana","admin0","Clinical Cases","Cases",2014,13090.575295523318
"GUY","Guyana","admin0","Clinical Cases","Cases",2015,12170.79465849365
"GUY","Guyana","admin0","Clinical Cases","Cases",2016,12529.487951508007
"GUY","Guyana","admin0","Clinical Cases","Cases",2017,17207.887005342527
"GUY","Guyana","admin0","Clinical Cases","Cases",2018,19984.51149322939
"GUY","Guyana","admin0","Clinical Cases","Cases",2019,19138.242911030975
"GUY","Guyana","admin0","Clinical Cases","Cases",2020,16524.875141068762
"GUY","Guyana","admin0","Clinical Cases","Cases",2021,17853.08949739443
"GUY","Guyana","admin0","Clinical Cases","Cases",2022,20372.998173703385
"GUY","Guyana","admin0","Deaths","Deaths",2010,73.68437975067957
"GUY","Guyana","admin0","Deaths","Deaths",2011,120.97219446749337
"GUY","Guyana","admin0","Deaths","Deaths",2012,121.74166114568156
"GUY","Guyana","admin0","Deaths","Deaths",2013,127.75099489116737
"GUY","Guyana","admin0","Deaths","Deaths",2014,40.81242725375566
"GUY","Guyana","admin0","Deaths","Deaths",2015,36.75658658431129
"GUY","Guyana","admin0","Deaths","Deaths",2016,41.845666052703216
"GUY","Guyana","admin0","Deaths","Deaths",2017,62.11052884732769
"GUY","Guyana","admin0","Deaths","Deaths",2018,82.53068014552466
"GUY","Guyana","admin0","Deaths","Deaths",2019,66.86433571145054
"GUY","Guyana","admin0","Deaths","Deaths",2020,48.34427979899774
"GUY","Guyana","admin0","Deaths","Deaths",2021,56.17798626579235
"GUY","Guyana","admin0","Deaths","Deaths",2022,76.6229230592007
"HND","Honduras","admin0","Clinical Cases","Cases",2010,1711.1860743685359
"HND","Honduras","admin0","Clinical Cases","Cases",2011,1203.778737178327
"HND","Honduras","admin0","Clinical Cases","Cases",2012,1117.0425236192675
"HND","Honduras","admin0","Clinical Cases","Cases",2013,2142.0496670285524
"HND","Honduras","admin0","Clinical Cases","Cases",2014,1119.3278729993342
"HND","Honduras","admin0","Clinical Cases","Cases",2015,1845.9155322014924
"HND","Honduras","admin0","Clinical Cases","Cases",2016,2557.415638100287
"HND","Honduras","admin0","Clinical Cases","Cases",2017,261.0147797621425
"HND","Honduras","admin0","Clinical Cases","Cases",2018,113.48864141575761
"HND","Honduras","admin0","Clinical Cases","Cases",2019,33.08255330841206
"HND","Honduras","admin0","Clinical Cases","Cases",2020,467.8279592770891
"HND","Honduras","admin0","Clinical Cases","Cases",2021,1298.783199031446
"HND","Honduras","admin0","Clinical Cases","Cases",2022,2312.367417443986
"HND","Honduras","admin0","Deaths","Deaths",2010,2.8936658423183443
"HND","Honduras","admin0","Deaths","Deaths",2011,1.989698799486742
"HND","Honduras","admin0","Deaths","Deaths",2012,1.9419899493077246
"HND","Honduras","admin0","Deaths","Deaths",2013,3.577072170126174
"HND","Honduras","admin0","Deaths","Deaths",2014,1.9112404246133954
"HND","Honduras","admin0","Deaths","Deaths",2015,3.0117650137291645
"HND","Honduras","admin0","Deaths","Deaths",2016,4.191939343532011
"HND","Honduras","admin0","Deaths","Deaths",2017,0.4307021614021344
"HND","Honduras","admin0","Deaths","Deaths",2018,0.26490346116151403
"HND","Honduras","admin0","Deaths","Deaths",2019,0.037569684792134544
"HND","Honduras","admin0","Deaths","Deaths",2020,0.5151722897930187
"HND","Honduras","admin0","Deaths","Deaths",2021,0.30335848529030757
"HND","Honduras","admin0","Deaths","Deaths",2022,0.32799051516395317
"HTI","Haiti","admin0","Clinical Cases","Cases",2010,503177.00150420365
"HTI","Haiti","admin0","Clinical Cases","Cases",2011,235935.5171300386
"HTI","Haiti","admin0","Clinical Cases","Cases",2012,188786.2988713114
"HTI","Haiti","admin0","Clinical Cases","Cases",2013,175092.85351034356
"HTI","Haiti","admin0","Clinical Cases","Cases",2014,89134.80120849259
"HTI","Haiti","admin0","Clinical Cases","Cases",2015,89749.86484562469
"HTI","Haiti","admin0","Clinical Cases","Cases",2016,96345.01404435677
"HTI","Haiti","admin0","Clinical Cases","Cases",2017,90570.37507217222
"HTI","Haiti","admin0","Clinical Cases","Cases",2018,52278.05210861389
"HTI","Haiti","admin0","Clinical Cases","Cases",2019,56711.6762300299
"HTI","Haiti","admin0","Clinical Cases","Cases",2020,104249.567104912
"HTI","Haiti","admin0","Clinical Cases","Cases",2021,49655.047426024415
"HTI","Haiti","admin0","Clinical Cases","Cases",2022,69189.15225738239
"HTI","Haiti","admin0","Deaths","Deaths",2010,3317.5726101364207
"HTI","Haiti","admin0","Deaths","Deaths",2011,1783.2878787640443
"HTI","Haiti","admin0","Deaths","Deaths",2012,1371.7957374856428
"HTI","Haiti","admin0","Deaths","Deaths",2013,1205.3330497986985
"HTI","Haiti","admin0","Deaths","Deaths",2014,744.0170493543454
"HTI","Haiti","admin0","Deaths","Deaths",2015,690.8856854568127
"HTI","Haiti","admin0","Deaths","Deaths",2016,749.0932591344575
"HTI","Haiti","admin0","Deaths","Deaths",2017,713.1052447229073
"HTI","Haiti","admin0","Deaths","Deaths",2018,422.7678155656649
"HTI","Haiti","admin0","Deaths","Deaths",2019,403.8885173497852
"HTI","Haiti","admin0","Deaths","Deaths",2020,776.2711743856017
"HTI","Haiti","admin0","Deaths","Deaths",2021,744.2603159110222
"HTI","Haiti","admin0","Deaths","Deaths",2022,871.9546437747068
"IDN","Indonesia","admin0","Clinical Cases","Cases",2010,1033408.8661622105
"IDN","Indonesia","admin0","Clinical Cases","Cases",2011,857069.0952809756
"IDN","Indonesia","admin0","Clinical Cases","Cases",2012,742730.1216265496
"IDN","Indonesia","admin0","Clinical Cases","Cases",2013,626590.3830367917
"IDN","Indonesia","admin0","Clinical Cases","Cases",2014,464642.37005655235
"IDN","Indonesia","admin0","Clinical Cases","Cases",2015,431745.8464960456
"IDN","Indonesia","admin0","Clinical Cases","Cases",2016,447584.6761104406
"IDN","Indonesia","admin0","Clinical Cases","Cases",2017,600200.7224305639
"IDN","Indonesia","admin0","Clinical Cases","Cases",2018,414253.9528536275
"IDN","Indonesia","admin0","Clinical Cases","Cases",2019,509421.8263222559
"IDN","Indonesia","admin0","Clinical Cases","Cases",2020,526189.6220522918
"IDN","Indonesia","admin0","Clinical Cases","Cases",2021,528440.0219119611
"IDN","Indonesia","admin0","Clinical Cases","Cases",2022,843647.9507074173
"IDN","Indonesia","admin0","Deaths","Deaths",2010,4001.5598540976466
"IDN","Indonesia","admin0","Deaths","Deaths",2011,3132.2796716186167
"IDN","Indonesia","admin0","Deaths","Deaths",2012,2593.363354278162
"IDN","Indonesia","admin0","Deaths","Deaths",2013,1934.6731669794565
"IDN","Indonesia","admin0","Deaths","Deaths",2014,1361.9737326113614
"IDN","Indonesia","admin0","Deaths","Deaths",2015,1231.099476993023
"IDN","Indonesia","admin0","Deaths","Deaths",2016,1420.3054877874406
"IDN","Indonesia","admin0","Deaths","Deaths",2017,1488.9674877994223
"IDN","Indonesia","admin0","Deaths","Deaths",2018,1198.7484071276042
"IDN","Indonesia","admin0","Deaths","Deaths",2019,1278.379766338653
"IDN","Indonesia","admin0","Deaths","Deaths",2020,1168.6406736917143
"IDN","Indonesia","admin0","Deaths","Deaths",2021,1361.4510845633881
"IDN","Indonesia","admin0","Deaths","Deaths",2022,1332.4562645793524
"IND","India","admin0","Clinical Cases","Cases",2010,10615363.799693214
"IND","India","admin0","Clinical Cases","Cases",2011,8777847.062653214
"IND","India","admin0","Clinical Cases","Cases",2012,7331174.222891927
"IND","India","admin0","Clinical Cases","Cases",2013,4882436.465566542
"IND","India","admin0","Clinical Cases","Cases",2014,6554201.059349887
"IND","India","admin0","Clinical Cases","Cases",2015,7153760.030903339
"IND","India","admin0","Clinical Cases","Cases",2016,5127191.361661585
"IND","India","admin0","Clinical Cases","Cases",2017,3256873.8215437317
"IND","India","admin0","Clinical Cases","Cases",2018,2405329.567317024
"IND","India","admin0","Clinical Cases","Cases",2019,1947313.2148451554
"IND","India","admin0","Clinical Cases","Cases",2020,2005853.1417299225
"IND","India","admin0","Clinical Cases","Cases",2021,3132679.8797167134
"IND","India","admin0","Clinical Cases","Cases",2022,2227069.2200690657
"IND","India","admin0","Deaths","Deaths",2010,58050.49796250059
"IND","India","admin0","Deaths","Deaths",2011,51430.45848138664
"IND","India","admin0","Deaths","Deaths",2012,46224.577434256884
"IND","India","admin0","Deaths","Deaths",2013,28800.377579128046
"IND","India","admin0","Deaths","Deaths",2014,43863.25520784502
"IND","India","admin0","Deaths","Deaths",2015,51737.08598253219
"IND","India","admin0","Deaths","Deaths",2016,37538.68051224105
"IND","India","admin0","Deaths","Deaths",2017,23520.32283164789
"IND","India","admin0","Deaths","Deaths",2018,19890.25603108323
"IND","India","admin0","Deaths","Deaths",2019,13396.514312298445
"IND","India","admin0","Deaths","Deaths",2020,10050.109992999625
"IND","India","admin0","Deaths","Deaths",2021,17453.112507514248
"IND","India","admin0","Deaths","Deaths",2022,12367.481910118662
"IRN","Iran","admin0","Clinical Cases","Cases",2010,168.15776238216696
"IRN","Iran","admin0","Clinical Cases","Cases",2011,157.0472371250829
"IRN","Iran","admin0","Clinical Cases","Cases",2012,45.834698842684844
"IRN","Iran","admin0","Clinical Cases","Cases",2013,75.271596500926
"IRN","Iran","admin0","Clinical Cases","Cases",2014,21.212745399102225
"IRN","Iran","admin0","Clinical Cases","Cases",2015,8.091559174111703
"IRN","Iran","admin0","Clinical Cases","Cases",2016,0
"IRN","Iran","admin0","Clinical Cases","Cases",2017,1.6140606185065898
"IRN","Iran","admin0","Clinical Cases","Cases",2018,2.524284213845213
"IRN","Iran","admin0","Clinical Cases","Cases",2019,8.55573523173799
"IRN","Iran","admin0","Clinical Cases","Cases",2020,16.666054899635505
"IRN","Iran","admin0","Clinical Cases","Cases",2021,0
"IRN","Iran","admin0","Clinical Cases","Cases",2022,0
"IRN","Iran","admin0","Deaths","Deaths",2010,0.5738366631375358
"IRN","Iran","admin0","Deaths","Deaths",2011,0.9180748569849887
"IRN","Iran","admin0","Deaths","Deaths",2012,0.28444794651256267
"IRN","Iran","admin0","Deaths","Deaths",2013,0.4390467155824133
"IRN","Iran","admin0","Deaths","Deaths",2014,0.1092887001488407
"IRN","Iran","admin0","Deaths","Deaths",2015,0.041569208130841716
"IRN","Iran","admin0","Deaths","Deaths",2016,0
"IRN","Iran","admin0","Deaths","Deaths",2017,0.0006352209062311632
"IRN","Iran","admin0","Deaths","Deaths",2018,0.0018352605320437585
"IRN","Iran","admin0","Deaths","Deaths",2019,0.006384515305031954
"IRN","Iran","admin0","Deaths","Deaths",2020,0.012657653201484374
"IRN","Iran","admin0","Deaths","Deaths",2021,0
"IRN","Iran","admin0","Deaths","Deaths",2022,0
"IRQ","Iraq","admin0","Clinical Cases","Cases",2010,0
"IRQ","Iraq","admin0","Clinical Cases","Cases",2011,0
"IRQ","Iraq","admin0","Clinical Cases","Cases",2012,0
"IRQ","Iraq","admin0","Clinical Cases","Cases",2013,0
"IRQ","Iraq","admin0","Clinical Cases","Cases",2014,0
"IRQ","Iraq","admin0","Clinical Cases","Cases",2015,0
"IRQ","Iraq","admin0","Clinical Cases","Cases",2016,0
"IRQ","Iraq","admin0","Clinical Cases","Cases",2017,0
"IRQ","Iraq","admin0","Clinical Cases","Cases",2018,0
"IRQ","Iraq","admin0","Clinical Cases","Cases",2019,0
"IRQ","Iraq","admin0","Clinical Cases","Cases",2020,0
"IRQ","Iraq","admin0","Clinical Cases","Cases",2021,0
"IRQ","Iraq","admin0","Clinical Cases","Cases",2022,0
"IRQ","Iraq","admin0","Deaths","Deaths",2010,0
"IRQ","Iraq","admin0","Deaths","Deaths",2011,0
"IRQ","Iraq","admin0","Deaths","Deaths",2012,0
"IRQ","Iraq","admin0","Deaths","Deaths",2013,0
"IRQ","Iraq","admin0","Deaths","Deaths",2014,0
"IRQ","Iraq","admin0","Deaths","Deaths",2015,0
"IRQ","Iraq","admin0","Deaths","Deaths",2016,0
"IRQ","Iraq","admin0","Deaths","Deaths",2017,0
"IRQ","Iraq","admin0","Deaths","Deaths",2018,0
"IRQ","Iraq","admin0","Deaths","Deaths",2019,0
"IRQ","Iraq","admin0","Deaths","Deaths",2020,0
"IRQ","Iraq","admin0","Deaths","Deaths",2021,0
"IRQ","Iraq","admin0","Deaths","Deaths",2022,0
"KEN","Kenya","admin0","Clinical Cases","Cases",2010,2662287.4232860007
"KEN","Kenya","admin0","Clinical Cases","Cases",2011,2804662.58995329
"KEN","Kenya","admin0","Clinical Cases","Cases",2012,2982115.112166378
"KEN","Kenya","admin0","Clinical Cases","Cases",2013,3090354.616360394
"KEN","Kenya","admin0","Clinical Cases","Cases",2014,3165847.5638792613
"KEN","Kenya","admin0","Clinical Cases","Cases",2015,3175836.609893562
"KEN","Kenya","admin0","Clinical Cases","Cases",2016,3048934.753133532
"KEN","Kenya","admin0","Clinical Cases","Cases",2017,3053437.0479784235
"KEN","Kenya","admin0","Clinical Cases","Cases",2018,3004141.9120746553
"KEN","Kenya","admin0","Clinical Cases","Cases",2019,2939133.7208806905
"KEN","Kenya","admin0","Clinical Cases","Cases",2020,3155576.6638309658
"KEN","Kenya","admin0","Clinical Cases","Cases",2021,3287660.551760741
"KEN","Kenya","admin0","Clinical Cases","Cases",2022,3443526.596347896
"KEN","Kenya","admin0","Deaths","Deaths",2010,3610.0603347311044
"KEN","Kenya","admin0","Deaths","Deaths",2011,2130.537564205637
"KEN","Kenya","admin0","Deaths","Deaths",2012,2113.925416716692
"KEN","Kenya","admin0","Deaths","Deaths",2013,3952.5823473341097
"KEN","Kenya","admin0","Deaths","Deaths",2014,5029.522795936184
"KEN","Kenya","admin0","Deaths","Deaths",2015,5103.871157313653
"KEN","Kenya","admin0","Deaths","Deaths",2016,4993.858871952723
"KEN","Kenya","admin0","Deaths","Deaths",2017,4807.3846539001515
"KEN","Kenya","admin0","Deaths","Deaths",2018,4675.29568143732
"KEN","Kenya","admin0","Deaths","Deaths",2019,4591.074199788054
"KEN","Kenya","admin0","Deaths","Deaths",2020,5623.4353901545755
"KEN","Kenya","admin0","Deaths","Deaths",2021,7610.053908098188
"KEN","Kenya","admin0","Deaths","Deaths",2022,4998.203111284418
"KGZ","Kyrgyzstan","admin0","Clinical Cases","Cases",2010,0
"KGZ","Kyrgyzstan","admin0","Clinical Cases","Cases",2011,0
"KGZ","Kyrgyzstan","admin0","Clinical Cases","Cases",2012,0
"KGZ","Kyrgyzstan","admin0","Clinical Cases","Cases",2013,0
"KGZ","Kyrgyzstan","admin0","Clinical Cases","Cases",2014,0
"KGZ","Kyrgyzstan","admin0","Clinical Cases","Cases",2015,0
"KGZ","Kyrgyzstan","admin0","Clinical Cases","Cases",2016,0
"KGZ","Kyrgyzstan","admin0","Clinical Cases","Cases",2017,0
"KGZ","Kyrgyzstan","admin0","Clinical Cases","Cases",2018,0
"KGZ","Kyrgyzstan","admin0","Clinical Cases","Cases",2019,0
"KGZ","Kyrgyzstan","admin0","Clinical Cases","Cases",2020,0
"KGZ","Kyrgyzstan","admin0","Clinical Cases","Cases",2021,0
"KGZ","Kyrgyzstan","admin0","Clinical Cases","Cases",2022,0
"KGZ","Kyrgyzstan","admin0","Deaths","Deaths",2010,0
"KGZ","Kyrgyzstan","admin0","Deaths","Deaths",2011,0
"KGZ","Kyrgyzstan","admin0","Deaths","Deaths",2012,0
"KGZ","Kyrgyzstan","admin0","Deaths","Deaths",2013,0
"KGZ","Kyrgyzstan","admin0","Deaths","Deaths",2014,0
"KGZ","Kyrgyzstan","admin0","Deaths","Deaths",2015,0
"KGZ","Kyrgyzstan","admin0","Deaths","Deaths",2016,0
"KGZ","Kyrgyzstan","admin0","Deaths","Deaths",2017,0
"KGZ","Kyrgyzstan","admin0","Deaths","Deaths",2018,0
"KGZ","Kyrgyzstan","admin0","Deaths","Deaths",2019,0
"KGZ","Kyrgyzstan","admin0","Deaths","Deaths",2020,0
"KGZ","Kyrgyzstan","admin0","Deaths","Deaths",2021,0
"KGZ","Kyrgyzstan","admin0","Deaths","Deaths",2022,0
"KHM","Cambodia","admin0","Clinical Cases","Cases",2010,282720.54118137516
"KHM","Cambodia","admin0","Clinical Cases","Cases",2011,240422.70303791043
"KHM","Cambodia","admin0","Clinical Cases","Cases",2012,106804.8676109038
"KHM","Cambodia","admin0","Clinical Cases","Cases",2013,64258.5471295266
"KHM","Cambodia","admin0","Clinical Cases","Cases",2014,107411.37796635818
"KHM","Cambodia","admin0","Clinical Cases","Cases",2015,131820.99661852344
"KHM","Cambodia","admin0","Clinical Cases","Cases",2016,85445.26163265068
"KHM","Cambodia","admin0","Clinical Cases","Cases",2017,160975.05054860457
"KHM","Cambodia","admin0","Clinical Cases","Cases",2018,53790.50783773736
"KHM","Cambodia","admin0","Clinical Cases","Cases",2019,16896.438524191817
"KHM","Cambodia","admin0","Clinical Cases","Cases",2020,4054.599877345959
"KHM","Cambodia","admin0","Clinical Cases","Cases",2021,1373.0689551952962
"KHM","Cambodia","admin0","Clinical Cases","Cases",2022,1578.6798800945285
"KHM","Cambodia","admin0","Deaths","Deaths",2010,1169.8990826644047
"KHM","Cambodia","admin0","Deaths","Deaths",2011,966.0505148043399
"KHM","Cambodia","admin0","Deaths","Deaths",2012,449.38670536676534
"KHM","Cambodia","admin0","Deaths","Deaths",2013,256.0377955505534
"KHM","Cambodia","admin0","Deaths","Deaths",2014,444.3558814992661
"KHM","Cambodia","admin0","Deaths","Deaths",2015,436.7866415614575
"KHM","Cambodia","admin0","Deaths","Deaths",2016,259.5187770834154
"KHM","Cambodia","admin0","Deaths","Deaths",2017,487.89435817649945
"KHM","Cambodia","admin0","Deaths","Deaths",2018,185.9746991772129
"KHM","Cambodia","admin0","Deaths","Deaths",2019,47.645903744190356
"KHM","Cambodia","admin0","Deaths","Deaths",2020,16.633984858289818
"KHM","Cambodia","admin0","Deaths","Deaths",2021,3.717544876330594
"KHM","Cambodia","admin0","Deaths","Deaths",2022,38.55826715466416
"KOR","South Korea","admin0","Clinical Cases","Cases",2010,22.14830282914409
"KOR","South Korea","admin0","Clinical Cases","Cases",2011,9.979821886221716
"KOR","South Korea","admin0","Clinical Cases","Cases",2012,6.556504267947824
"KOR","South Korea","admin0","Clinical Cases","Cases",2013,0
"KOR","South Korea","admin0","Clinical Cases","Cases",2014,0
"KOR","South Korea","admin0","Clinical Cases","Cases",2015,0
"KOR","South Korea","admin0","Clinical Cases","Cases",2016,0
"KOR","South Korea","admin0","Clinical Cases","Cases",2017,0
"KOR","South Korea","admin0","Clinical Cases","Cases",2018,0
"KOR","South Korea","admin0","Clinical Cases","Cases",2019,0
"KOR","South Korea","admin0","Clinical Cases","Cases",2020,0
"KOR","South Korea","admin0","Clinical Cases","Cases",2021,0
"KOR","South Korea","admin0","Clinical Cases","Cases",2022,0
"KOR","South Korea","admin0","Deaths","Deaths",2010,3.3591912519309997
"KOR","South Korea","admin0","Deaths","Deaths",2011,3.1449449341474214
"KOR","South Korea","admin0","Deaths","Deaths",2012,2.9891611835692986
"KOR","South Korea","admin0","Deaths","Deaths",2013,0
"KOR","South Korea","admin0","Deaths","Deaths",2014,0
"KOR","South Korea","admin0","Deaths","Deaths",2015,0
"KOR","South Korea","admin0","Deaths","Deaths",2016,0
"KOR","South Korea","admin0","Deaths","Deaths",2017,0
"KOR","South Korea","admin0","Deaths","Deaths",2018,0
"KOR","South Korea","admin0","Deaths","Deaths",2019,0
"KOR","South Korea","admin0","Deaths","Deaths",2020,0
"KOR","South Korea","admin0","Deaths","Deaths",2021,0
"KOR","South Korea","admin0","Deaths","Deaths",2022,0
"LAO","Laos","admin0","Clinical Cases","Cases",2010,71629.59257533688
"LAO","Laos","admin0","Clinical Cases","Cases",2011,46964.09118382216
"LAO","Laos","admin0","Clinical Cases","Cases",2012,104461.36176449643
"LAO","Laos","admin0","Clinical Cases","Cases",2013,65883.15277204862
"LAO","Laos","admin0","Clinical Cases","Cases",2014,61679.977194093524
"LAO","Laos","admin0","Clinical Cases","Cases",2015,35760.29819136074
"LAO","Laos","admin0","Clinical Cases","Cases",2016,14479.016174279866
"LAO","Laos","admin0","Clinical Cases","Cases",2017,10649.88892075278
"LAO","Laos","admin0","Clinical Cases","Cases",2018,11862.492079621261
"LAO","Laos","admin0","Clinical Cases","Cases",2019,5346.017959189427
"LAO","Laos","admin0","Clinical Cases","Cases",2020,3848.4376017158284
"LAO","Laos","admin0","Clinical Cases","Cases",2021,3162.665765749646
"LAO","Laos","admin0","Clinical Cases","Cases",2022,1164.4055118559763
"LAO","Laos","admin0","Deaths","Deaths",2010,227.2314715674032
"LAO","Laos","admin0","Deaths","Deaths",2011,145.1784556470315
"LAO","Laos","admin0","Deaths","Deaths",2012,329.7458434873863
"LAO","Laos","admin0","Deaths","Deaths",2013,210.40400769885287
"LAO","Laos","admin0","Deaths","Deaths",2014,196.05875528102675
"LAO","Laos","admin0","Deaths","Deaths",2015,85.6060962125916
"LAO","Laos","admin0","Deaths","Deaths",2016,33.00317039444402
"LAO","Laos","admin0","Deaths","Deaths",2017,23.3393479732089
"LAO","Laos","admin0","Deaths","Deaths",2018,25.8450507347363
"LAO","Laos","admin0","Deaths","Deaths",2019,10.887099464163231
"LAO","Laos","admin0","Deaths","Deaths",2020,7.5544792186269225
"LAO","Laos","admin0","Deaths","Deaths",2021,6.240569550705266
"LAO","Laos","admin0","Deaths","Deaths",2022,11.156485934773919
"LBR","Liberia","admin0","Clinical Cases","Cases",2010,1308763.0620728352
"LBR","Liberia","admin0","Clinical Cases","Cases",2011,1279803.093329595
"LBR","Liberia","admin0","Clinical Cases","Cases",2012,1230613.545467414
"LBR","Liberia","admin0","Clinical Cases","Cases",2013,1263228.7148076957
"LBR","Liberia","admin0","Clinical Cases","Cases",2014,1379278.7416423562
"LBR","Liberia","admin0","Clinical Cases","Cases",2015,1446824.7762313413
"LBR","Liberia","admin0","Clinical Cases","Cases",2016,1580411.234846501
"LBR","Liberia","admin0","Clinical Cases","Cases",2017,1684282.4347566867
"LBR","Liberia","admin0","Clinical Cases","Cases",2018,1672444.3798491342
"LBR","Liberia","admin0","Clinical Cases","Cases",2019,1641669.0846106424
"LBR","Liberia","admin0","Clinical Cases","Cases",2020,1636995.5199456594
"LBR","Liberia","admin0","Clinical Cases","Cases",2021,1577616.2228020479
"LBR","Liberia","admin0","Clinical Cases","Cases",2022,1566521.2975583277
"LBR","Liberia","admin0","Deaths","Deaths",2010,4853.9537768305445
"LBR","Liberia","admin0","Deaths","Deaths",2011,4944.810008122535
"LBR","Liberia","admin0","Deaths","Deaths",2012,4299.009324683564
"LBR","Liberia","admin0","Deaths","Deaths",2013,3980.655684381131
"LBR","Liberia","admin0","Deaths","Deaths",2014,4317.834307491158
"LBR","Liberia","admin0","Deaths","Deaths",2015,4505.78265760559
"LBR","Liberia","admin0","Deaths","Deaths",2016,4834.081249894141
"LBR","Liberia","admin0","Deaths","Deaths",2017,5156.457021851341
"LBR","Liberia","admin0","Deaths","Deaths",2018,5356.970630799963
"LBR","Liberia","admin0","Deaths","Deaths",2019,5243.016077527124
"LBR","Liberia","admin0","Deaths","Deaths",2020,6556.836786764274
"LBR","Liberia","admin0","Deaths","Deaths",2021,5714.053791434853
"LBR","Liberia","admin0","Deaths","Deaths",2022,5004.014321627267
"LKA","Sri Lanka","admin0","Clinical Cases","Cases",2010,23.517312336406196
"LKA","Sri Lanka","admin0","Clinical Cases","Cases",2011,3.049186731883492
"LKA","Sri Lanka","admin0","Clinical Cases","Cases",2012,3.999996124579949
"LKA","Sri Lanka","admin0","Clinical Cases","Cases",2013,0
"LKA","Sri Lanka","admin0","Clinical Cases","Cases",2014,0
"LKA","Sri Lanka","admin0","Clinical Cases","Cases",2015,0
"LKA","Sri Lanka","admin0","Clinical Cases","Cases",2016,0
"LKA","Sri Lanka","admin0","Clinical Cases","Cases",2017,0
"LKA","Sri Lanka","admin0","Clinical Cases","Cases",2018,0
"LKA","Sri Lanka","admin0","Clinical Cases","Cases",2019,0
"LKA","Sri Lanka","admin0","Clinical Cases","Cases",2020,0
"LKA","Sri Lanka","admin0","Clinical Cases","Cases",2021,0
"LKA","Sri Lanka","admin0","Clinical Cases","Cases",2022,0
"LKA","Sri Lanka","admin0","Deaths","Deaths",2010,0.13343876624860285
"LKA","Sri Lanka","admin0","Deaths","Deaths",2011,0.014514307468661839
"LKA","Sri Lanka","admin0","Deaths","Deaths",2012,0.017848837661416057
"LKA","Sri Lanka","admin0","Deaths","Deaths",2013,0
"LKA","Sri Lanka","admin0","Deaths","Deaths",2014,0
"LKA","Sri Lanka","admin0","Deaths","Deaths",2015,0
"LKA","Sri Lanka","admin0","Deaths","Deaths",2016,0
"LKA","Sri Lanka","admin0","Deaths","Deaths",2017,0
"LKA","Sri Lanka","admin0","Deaths","Deaths",2018,0
"LKA","Sri Lanka","admin0","Deaths","Deaths",2019,0
"LKA","Sri Lanka","admin0","Deaths","Deaths",2020,0
"LKA","Sri Lanka","admin0","Deaths","Deaths",2021,0
"LKA","Sri Lanka","admin0","Deaths","Deaths",2022,0
"MAR","Morocco","admin0","Clinical Cases","Cases",2010,1.0676350813994166e-14
"MAR","Morocco","admin0","Clinical Cases","Cases",2011,5.497534482501463e-15
"MAR","Morocco","admin0","Clinical Cases","Cases",2012,0.00690768016916923
"MAR","Morocco","admin0","Clinical Cases","Cases",2013,7.0164780658859156e-15
"MAR","Morocco","admin0","Clinical Cases","Cases",2014,0
"MAR","Morocco","admin0","Clinical Cases","Cases",2015,0
"MAR","Morocco","admin0","Clinical Cases","Cases",2016,0
"MAR","Morocco","admin0","Clinical Cases","Cases",2017,0
"MAR","Morocco","admin0","Clinical Cases","Cases",2018,0
"MAR","Morocco","admin0","Clinical Cases","Cases",2019,0
"MAR","Morocco","admin0","Clinical Cases","Cases",2020,0
"MAR","Morocco","admin0","Clinical Cases","Cases",2021,0
"MAR","Morocco","admin0","Clinical Cases","Cases",2022,0
"MAR","Morocco","admin0","Deaths","Deaths",2010,0.000012307235842105137
"MAR","Morocco","admin0","Deaths","Deaths",2011,0.000006163512019809789
"MAR","Morocco","admin0","Deaths","Deaths",2012,0.00007229629442276097
"MAR","Morocco","admin0","Deaths","Deaths",2013,0.000007707599530453522
"MAR","Morocco","admin0","Deaths","Deaths",2014,0
"MAR","Morocco","admin0","Deaths","Deaths",2015,0
"MAR","Morocco","admin0","Deaths","Deaths",2016,0
"MAR","Morocco","admin0","Deaths","Deaths",2017,0
"MAR","Morocco","admin0","Deaths","Deaths",2018,0
"MAR","Morocco","admin0","Deaths","Deaths",2019,0
"MAR","Morocco","admin0","Deaths","Deaths",2020,0
"MAR","Morocco","admin0","Deaths","Deaths",2021,0
"MAR","Morocco","admin0","Deaths","Deaths",2022,0
"MDG","Madagascar","admin0","Clinical Cases","Cases",2010,1921779.6441009557
"MDG","Madagascar","admin0","Clinical Cases","Cases",2011,1821590.615601406
"MDG","Madagascar","admin0","Clinical Cases","Cases",2012,1919467.6668265888
"MDG","Madagascar","admin0","Clinical Cases","Cases",2013,2147435.8552699587
"MDG","Madagascar","admin0","Clinical Cases","Cases",2014,2284955.24800295
"MDG","Madagascar","admin0","Clinical Cases","Cases",2015,2240527.292427282
"MDG","Madagascar","admin0","Clinical Cases","Cases",2016,2226879.9356664238
"MDG","Madagascar","admin0","Clinical Cases","Cases",2017,2336806.3775066803
"MDG","Madagascar","admin0","Clinical Cases","Cases",2018,2591601.075917046
"MDG","Madagascar","admin0","Clinical Cases","Cases",2019,3069933.913100873
"MDG","Madagascar","admin0","Clinical Cases","Cases",2020,3490890.968938743
"MDG","Madagascar","admin0","Clinical Cases","Cases",2021,3845147.0358869014
"MDG","Madagascar","admin0","Clinical Cases","Cases",2022,3563781.9568813914
"MDG","Madagascar","admin0","Deaths","Deaths",2010,6079.524661217476
"MDG","Madagascar","admin0","Deaths","Deaths",2011,5664.5743871970335
"MDG","Madagascar","admin0","Deaths","Deaths",2012,5870.718718802861
"MDG","Madagascar","admin0","Deaths","Deaths",2013,6478.662719929348
"MDG","Madagascar","admin0","Deaths","Deaths",2014,7077.1424437562555
"MDG","Madagascar","admin0","Deaths","Deaths",2015,6939.772177350042
"MDG","Madagascar","admin0","Deaths","Deaths",2016,6603.764169134353
"MDG","Madagascar","admin0","Deaths","Deaths",2017,6411.431338211745
"MDG","Madagascar","admin0","Deaths","Deaths",2018,6005.585975625807
"MDG","Madagascar","admin0","Deaths","Deaths",2019,6187.393674553871
"MDG","Madagascar","admin0","Deaths","Deaths",2020,7118.055604063096
"MDG","Madagascar","admin0","Deaths","Deaths",2021,6757.532736638756
"MDG","Madagascar","admin0","Deaths","Deaths",2022,6772.201218277258
"MEX","Mexico","admin0","Clinical Cases","Cases",2010,0
"MEX","Mexico","admin0","Clinical Cases","Cases",2011,0
"MEX","Mexico","admin0","Clinical Cases","Cases",2012,0
"MEX","Mexico","admin0","Clinical Cases","Cases",2013,0
"MEX","Mexico","admin0","Clinical Cases","Cases",2014,0
"MEX","Mexico","admin0","Clinical Cases","Cases",2015,0
"MEX","Mexico","admin0","Clinical Cases","Cases",2016,0
"MEX","Mexico","admin0","Clinical Cases","Cases",2017,0
"MEX","Mexico","admin0","Clinical Cases","Cases",2018,0
"MEX","Mexico","admin0","Clinical Cases","Cases",2019,0
"MEX","Mexico","admin0","Clinical Cases","Cases",2020,0
"MEX","Mexico","admin0","Clinical Cases","Cases",2021,0
"MEX","Mexico","admin0","Clinical Cases","Cases",2022,0
"MEX","Mexico","admin0","Deaths","Deaths",2010,0
"MEX","Mexico","admin0","Deaths","Deaths",2011,0
"MEX","Mexico","admin0","Deaths","Deaths",2012,0
"MEX","Mexico","admin0","Deaths","Deaths",2013,0
"MEX","Mexico","admin0","Deaths","Deaths",2014,0
"MEX","Mexico","admin0","Deaths","Deaths",2015,0
"MEX","Mexico","admin0","Deaths","Deaths",2016,0
"MEX","Mexico","admin0","Deaths","Deaths",2017,0
"MEX","Mexico","admin0","Deaths","Deaths",2018,0
"MEX","Mexico","admin0","Deaths","Deaths",2019,0
"MEX","Mexico","admin0","Deaths","Deaths",2020,0
"MEX","Mexico","admin0","Deaths","Deaths",2021,0
"MEX","Mexico","admin0","Deaths","Deaths",2022,0
"MLI","Mali","admin0","Clinical Cases","Cases",2010,5906594.592118581
"MLI","Mali","admin0","Clinical Cases","Cases",2011,6444291.717699954
"MLI","Mali","admin0","Clinical Cases","Cases",2012,7236865.722671226
"MLI","Mali","admin0","Clinical Cases","Cases",2013,7775744.277776109
"MLI","Mali","admin0","Clinical Cases","Cases",2014,7615840.225437776
"MLI","Mali","admin0","Clinical Cases","Cases",2015,6545240.775458428
"MLI","Mali","admin0","Clinical Cases","Cases",2016,5220969.881312581
"MLI","Mali","admin0","Clinical Cases","Cases",2017,4583828.692113463
"MLI","Mali","admin0","Clinical Cases","Cases",2018,4389618.723212339
"MLI","Mali","admin0","Clinical Cases","Cases",2019,4701703.76572757
"MLI","Mali","admin0","Clinical Cases","Cases",2020,4783071.333637947
"MLI","Mali","admin0","Clinical Cases","Cases",2021,4788745.195648537
"MLI","Mali","admin0","Clinical Cases","Cases",2022,5652427.594933978
"MLI","Mali","admin0","Deaths","Deaths",2010,25725.67861167297
"MLI","Mali","admin0","Deaths","Deaths",2011,26702.910242204634
"MLI","Mali","admin0","Deaths","Deaths",2012,29424.96208454628
"MLI","Mali","admin0","Deaths","Deaths",2013,29869.93968034924
"MLI","Mali","admin0","Deaths","Deaths",2014,29277.23952995019
"MLI","Mali","admin0","Deaths","Deaths",2015,26623.988883886697
"MLI","Mali","admin0","Deaths","Deaths",2016,25728.875411702622
"MLI","Mali","admin0","Deaths","Deaths",2017,23222.408691179666
"MLI","Mali","admin0","Deaths","Deaths",2018,22600.611384364343
"MLI","Mali","admin0","Deaths","Deaths",2019,22532.77005693047
"MLI","Mali","admin0","Deaths","Deaths",2020,28294.92379515608
"MLI","Mali","admin0","Deaths","Deaths",2021,24142.489392158823
"MLI","Mali","admin0","Deaths","Deaths",2022,24338.64767571037
"MMR","Myanmar","admin0","Clinical Cases","Cases",2010,1695816.3135458548
"MMR","Myanmar","admin0","Clinical Cases","Cases",2011,1346135.040946476
"MMR","Myanmar","admin0","Clinical Cases","Cases",2012,1397500.2543780273
"MMR","Myanmar","admin0","Clinical Cases","Cases",2013,893158.5904753507
"MMR","Myanmar","admin0","Clinical Cases","Cases",2014,482244.2211747361
"MMR","Myanmar","admin0","Clinical Cases","Cases",2015,335702.43723325647
"MMR","Myanmar","admin0","Clinical Cases","Cases",2016,182689.83729853944
"MMR","Myanmar","admin0","Clinical Cases","Cases",2017,144348.5260238959
"MMR","Myanmar","admin0","Clinical Cases","Cases",2018,104441.32891255569
"MMR","Myanmar","admin0","Clinical Cases","Cases",2019,65837.42450997977
"MMR","Myanmar","admin0","Clinical Cases","Cases",2020,41674.13512926711
"MMR","Myanmar","admin0","Clinical Cases","Cases",2021,39347.8229213931
"MMR","Myanmar","admin0","Clinical Cases","Cases",2022,76788.53249418219
"MMR","Myanmar","admin0","Deaths","Deaths",2010,8730.389591518524
"MMR","Myanmar","admin0","Deaths","Deaths",2011,6762.705345903856
"MMR","Myanmar","admin0","Deaths","Deaths",2012,8704.470188627061
"MMR","Myanmar","admin0","Deaths","Deaths",2013,5454.469404987423
"MMR","Myanmar","admin0","Deaths","Deaths",2014,2833.326778187962
"MMR","Myanmar","admin0","Deaths","Deaths",2015,1872.085359877404
"MMR","Myanmar","admin0","Deaths","Deaths",2016,953.4727315213762
"MMR","Myanmar","admin0","Deaths","Deaths",2017,761.5660457704241
"MMR","Myanmar","admin0","Deaths","Deaths",2018,1003.6715308416987
"MMR","Myanmar","admin0","Deaths","Deaths",2019,1328.338840293673
"MMR","Myanmar","admin0","Deaths","Deaths",2020,912.7269394579355
"MMR","Myanmar","admin0","Deaths","Deaths",2021,908.5378985863697
"MMR","Myanmar","admin0","Deaths","Deaths",2022,796.0504136080473
"MOZ","Mozambique","admin0","Clinical Cases","Cases",2010,8525437.146788504
"MOZ","Mozambique","admin0","Clinical Cases","Cases",2011,8710377.27094008
"MOZ","Mozambique","admin0","Clinical Cases","Cases",2012,8943637.853754127
"MOZ","Mozambique","admin0","Clinical Cases","Cases",2013,9151601.36256393
"MOZ","Mozambique","admin0","Clinical Cases","Cases",2014,9169019.507972939
"MOZ","Mozambique","admin0","Clinical Cases","Cases",2015,9136412.260256223
"MOZ","Mozambique","admin0","Clinical Cases","Cases",2016,9157727.771360049
"MOZ","Mozambique","admin0","Clinical Cases","Cases",2017,9114522.863116652
"MOZ","Mozambique","admin0","Clinical Cases","Cases",2018,9167652.615911622
"MOZ","Mozambique","admin0","Clinical Cases","Cases",2019,9151558.962006118
"MOZ","Mozambique","admin0","Clinical Cases","Cases",2020,9608219.402380131
"MOZ","Mozambique","admin0","Clinical Cases","Cases",2021,9759035.34565028
"MOZ","Mozambique","admin0","Clinical Cases","Cases",2022,10147654.759255065
"MOZ","Mozambique","admin0","Deaths","Deaths",2010,25628.079948392937
"MOZ","Mozambique","admin0","Deaths","Deaths",2011,24697.70466123165
"MOZ","Mozambique","admin0","Deaths","Deaths",2012,24588.878209894872
"MOZ","Mozambique","admin0","Deaths","Deaths",2013,23881.662751034823
"MOZ","Mozambique","admin0","Deaths","Deaths",2014,22721.712063458926
"MOZ","Mozambique","admin0","Deaths","Deaths",2015,21752.72950102997
"MOZ","Mozambique","admin0","Deaths","Deaths",2016,21455.726176477485
"MOZ","Mozambique","admin0","Deaths","Deaths",2017,20647.01313150396
"MOZ","Mozambique","admin0","Deaths","Deaths",2018,21217.44297036499
"MOZ","Mozambique","admin0","Deaths","Deaths",2019,21169.098934843034
"MOZ","Mozambique","admin0","Deaths","Deaths",2020,29494.002144350325
"MOZ","Mozambique","admin0","Deaths","Deaths",2021,27854.07255588048
"MOZ","Mozambique","admin0","Deaths","Deaths",2022,23849.74334459211
"MRT","Mauritania","admin0","Clinical Cases","Cases",2010,222028.0169830822
"MRT","Mauritania","admin0","Clinical Cases","Cases",2011,305462.91369273036
"MRT","Mauritania","admin0","Clinical Cases","Cases",2012,172942.87019456032
"MRT","Mauritania","admin0","Clinical Cases","Cases",2013,208713.7891368187
"MRT","Mauritania","admin0","Clinical Cases","Cases",2014,396469.85404767626
"MRT","Mauritania","admin0","Clinical Cases","Cases",2015,479316.95721573784
"MRT","Mauritania","admin0","Clinical Cases","Cases",2016,609610.9005585624
"MRT","Mauritania","admin0","Clinical Cases","Cases",2017,477847.25307601056
"MRT","Mauritania","admin0","Clinical Cases","Cases",2018,499907.0401087145
"MRT","Mauritania","admin0","Clinical Cases","Cases",2019,398602.35592739645
"MRT","Mauritania","admin0","Clinical Cases","Cases",2020,399498.72320927825
"MRT","Mauritania","admin0","Clinical Cases","Cases",2021,190344.10707131372
"MRT","Mauritania","admin0","Clinical Cases","Cases",2022,377881.5445066759
"MRT","Mauritania","admin0","Deaths","Deaths",2010,521.9163233249557
"MRT","Mauritania","admin0","Deaths","Deaths",2011,707.0389789097438
"MRT","Mauritania","admin0","Deaths","Deaths",2012,434.105907463928
"MRT","Mauritania","admin0","Deaths","Deaths",2013,545.2469506475987
"MRT","Mauritania","admin0","Deaths","Deaths",2014,1046.9860769769782
"MRT","Mauritania","admin0","Deaths","Deaths",2015,1297.1182380051541
"MRT","Mauritania","admin0","Deaths","Deaths",2016,1619.9931378148503
"MRT","Mauritania","admin0","Deaths","Deaths",2017,1281.7532820907209
"MRT","Mauritania","admin0","Deaths","Deaths",2018,1312.8541441293978
"MRT","Mauritania","admin0","Deaths","Deaths",2019,821.63911083822
"MRT","Mauritania","admin0","Deaths","Deaths",2020,835.9863542664814
"MRT","Mauritania","admin0","Deaths","Deaths",2021,386.97842201201445
"MRT","Mauritania","admin0","Deaths","Deaths",2022,619.7989978538948
"MWI","Malawi","admin0","Clinical Cases","Cases",2010,5331160.97972112
"MWI","Malawi","admin0","Clinical Cases","Cases",2011,5339632.340224905
"MWI","Malawi","admin0","Clinical Cases","Cases",2012,4818610.423501425
"MWI","Malawi","admin0","Clinical Cases","Cases",2013,4421101.971738831
"MWI","Malawi","admin0","Clinical Cases","Cases",2014,4120430.8991277847
"MWI","Malawi","admin0","Clinical Cases","Cases",2015,3911119.7487337757
"MWI","Malawi","admin0","Clinical Cases","Cases",2016,3766730.541615165
"MWI","Malawi","admin0","Clinical Cases","Cases",2017,3776724.4526686682
"MWI","Malawi","admin0","Clinical Cases","Cases",2018,3693421.409460656
"MWI","Malawi","admin0","Clinical Cases","Cases",2019,3681989.236123834
"MWI","Malawi","admin0","Clinical Cases","Cases",2020,4095384.22756583
"MWI","Malawi","admin0","Clinical Cases","Cases",2021,4115419.290090949
"MWI","Malawi","admin0","Clinical Cases","Cases",2022,4437541.619880938
"MWI","Malawi","admin0","Deaths","Deaths",2010,10100.819700427444
"MWI","Malawi","admin0","Deaths","Deaths",2011,9044.11695923478
"MWI","Malawi","admin0","Deaths","Deaths",2012,8462.024329238979
"MWI","Malawi","admin0","Deaths","Deaths",2013,8990.371514245757
"MWI","Malawi","admin0","Deaths","Deaths",2014,8761.11896771012
"MWI","Malawi","admin0","Deaths","Deaths",2015,8429.830184822898
"MWI","Malawi","admin0","Deaths","Deaths",2016,7917.158442137157
"MWI","Malawi","admin0","Deaths","Deaths",2017,7432.70715127916
"MWI","Malawi","admin0","Deaths","Deaths",2018,7602.600374108296
"MWI","Malawi","admin0","Deaths","Deaths",2019,7452.428544061078
"MWI","Malawi","admin0","Deaths","Deaths",2020,8983.407644673704
"MWI","Malawi","admin0","Deaths","Deaths",2021,8403.203168897073
"MWI","Malawi","admin0","Deaths","Deaths",2022,8472.866396213742
"MYS","Malaysia","admin0","Clinical Cases","Cases",2010,2996.3389051307577
"MYS","Malaysia","admin0","Clinical Cases","Cases",2011,2974.2941226013127
"MYS","Malaysia","admin0","Clinical Cases","Cases",2012,3393.2367243975173
"MYS","Malaysia","admin0","Clinical Cases","Cases",2013,4594.230420051586
"MYS","Malaysia","admin0","Clinical Cases","Cases",2014,5130.102873018438
"MYS","Malaysia","admin0","Clinical Cases","Cases",2015,3435.8325859822903
"MYS","Malaysia","admin0","Clinical Cases","Cases",2016,3220.516138115044
"MYS","Malaysia","admin0","Clinical Cases","Cases",2017,6828.699560474687
"MYS","Malaysia","admin0","Clinical Cases","Cases",2018,0
"MYS","Malaysia","admin0","Clinical Cases","Cases",2019,0
"MYS","Malaysia","admin0","Clinical Cases","Cases",2020,0
"MYS","Malaysia","admin0","Clinical Cases","Cases",2021,0
"MYS","Malaysia","admin0","Clinical Cases","Cases",2022,0
"MYS","Malaysia","admin0","Deaths","Deaths",2010,8.00486659635319
"MYS","Malaysia","admin0","Deaths","Deaths",2011,3.5126579340246202
"MYS","Malaysia","admin0","Deaths","Deaths",2012,3.2197804591090686
"MYS","Malaysia","admin0","Deaths","Deaths",2013,1.957562841189286
"MYS","Malaysia","admin0","Deaths","Deaths",2014,0.8313696691088809
"MYS","Malaysia","admin0","Deaths","Deaths",2015,0.4570303996029727
"MYS","Malaysia","admin0","Deaths","Deaths",2016,0.2316861810568162
"MYS","Malaysia","admin0","Deaths","Deaths",2017,0.12322417257653136
"MYS","Malaysia","admin0","Deaths","Deaths",2018,0
"MYS","Malaysia","admin0","Deaths","Deaths",2019,0
"MYS","Malaysia","admin0","Deaths","Deaths",2020,0
"MYS","Malaysia","admin0","Deaths","Deaths",2021,0
"MYS","Malaysia","admin0","Deaths","Deaths",2022,0
"MYT","Mayotte","admin0","Clinical Cases","Cases",2010,0
"MYT","Mayotte","admin0","Clinical Cases","Cases",2011,0
"MYT","Mayotte","admin0","Clinical Cases","Cases",2012,0
"MYT","Mayotte","admin0","Clinical Cases","Cases",2013,0
"MYT","Mayotte","admin0","Clinical Cases","Cases",2014,0
"MYT","Mayotte","admin0","Clinical Cases","Cases",2015,0
"MYT","Mayotte","admin0","Clinical Cases","Cases",2016,0
"MYT","Mayotte","admin0","Clinical Cases","Cases",2017,0
"MYT","Mayotte","admin0","Clinical Cases","Cases",2018,0
"MYT","Mayotte","admin0","Clinical Cases","Cases",2019,0
"MYT","Mayotte","admin0","Clinical Cases","Cases",2020,0
"MYT","Mayotte","admin0","Clinical Cases","Cases",2021,0
"MYT","Mayotte","admin0","Clinical Cases","Cases",2022,0
"MYT","Mayotte","admin0","Deaths","Deaths",2010,0
"MYT","Mayotte","admin0","Deaths","Deaths",2011,0
"MYT","Mayotte","admin0","Deaths","Deaths",2012,0
"MYT","Mayotte","admin0","Deaths","Deaths",2013,0
"MYT","Mayotte","admin0","Deaths","Deaths",2014,0
"MYT","Mayotte","admin0","Deaths","Deaths",2015,0
"MYT","Mayotte","admin0","Deaths","Deaths",2016,0
"MYT","Mayotte","admin0","Deaths","Deaths",2017,0
"MYT","Mayotte","admin0","Deaths","Deaths",2018,0
"MYT","Mayotte","admin0","Deaths","Deaths",2019,0
"MYT","Mayotte","admin0","Deaths","Deaths",2020,0
"MYT","Mayotte","admin0","Deaths","Deaths",2021,0
"MYT","Mayotte","admin0","Deaths","Deaths",2022,0
"NAM","Namibia","admin0","Clinical Cases","Cases",2010,4001.4644933459654
"NAM","Namibia","admin0","Clinical Cases","Cases",2011,5160.768194645512
"NAM","Namibia","admin0","Clinical Cases","Cases",2012,765.5497019882414
"NAM","Namibia","admin0","Clinical Cases","Cases",2013,13114.604721876922
"NAM","Namibia","admin0","Clinical Cases","Cases",2014,43714.98066201696
"NAM","Namibia","admin0","Clinical Cases","Cases",2015,24810.678547921292
"NAM","Namibia","admin0","Clinical Cases","Cases",2016,55090.284475150766
"NAM","Namibia","admin0","Clinical Cases","Cases",2017,156694.48011013007
"NAM","Namibia","admin0","Clinical Cases","Cases",2018,92396.76786035359
"NAM","Namibia","admin0","Clinical Cases","Cases",2019,53978.843911251424
"NAM","Namibia","admin0","Clinical Cases","Cases",2020,42369.23441338483
"NAM","Namibia","admin0","Clinical Cases","Cases",2021,40187.6446931682
"NAM","Namibia","admin0","Clinical Cases","Cases",2022,33384.326225151446
"NAM","Namibia","admin0","Deaths","Deaths",2010,7.357245560762815
"NAM","Namibia","admin0","Deaths","Deaths",2011,7.472123627559483
"NAM","Namibia","admin0","Deaths","Deaths",2012,1.0009528309728815
"NAM","Namibia","admin0","Deaths","Deaths",2013,16.105190314340003
"NAM","Namibia","admin0","Deaths","Deaths",2014,44.883796773103285
"NAM","Namibia","admin0","Deaths","Deaths",2015,21.960668192043762
"NAM","Namibia","admin0","Deaths","Deaths",2016,49.069319631063976
"NAM","Namibia","admin0","Deaths","Deaths",2017,138.8922747610182
"NAM","Namibia","admin0","Deaths","Deaths",2018,108.83178282060824
"NAM","Namibia","admin0","Deaths","Deaths",2019,91.42837800723122
"NAM","Namibia","admin0","Deaths","Deaths",2020,31.83727396533937
"NAM","Namibia","admin0","Deaths","Deaths",2021,36.26703566933868
"NAM","Namibia","admin0","Deaths","Deaths",2022,146.68891284866498
"NER","Niger","admin0","Clinical Cases","Cases",2010,5702966.038065849
"NER","Niger","admin0","Clinical Cases","Cases",2011,5966712.370344492
"NER","Niger","admin0","Clinical Cases","Cases",2012,6152082.982405651
"NER","Niger","admin0","Clinical Cases","Cases",2013,6352056.811392967
"NER","Niger","admin0","Clinical Cases","Cases",2014,6512056.59260481
"NER","Niger","admin0","Clinical Cases","Cases",2015,6527809.095398581
"NER","Niger","admin0","Clinical Cases","Cases",2016,6392072.628921758
"NER","Niger","admin0","Clinical Cases","Cases",2017,6467150.116816702
"NER","Niger","admin0","Clinical Cases","Cases",2018,6633064.254769816
"NER","Niger","admin0","Clinical Cases","Cases",2019,6960840.682177279
"NER","Niger","admin0","Clinical Cases","Cases",2020,7199372.939372442
"NER","Niger","admin0","Clinical Cases","Cases",2021,7417710.1705783615
"NER","Niger","admin0","Clinical Cases","Cases",2022,6378705.999820378
"NER","Niger","admin0","Deaths","Deaths",2010,29840.492568721424
"NER","Niger","admin0","Deaths","Deaths",2011,32018.836438188282
"NER","Niger","admin0","Deaths","Deaths",2012,33263.9601570584
"NER","Niger","admin0","Deaths","Deaths",2013,33897.223078285286
"NER","Niger","admin0","Deaths","Deaths",2014,33019.53517338754
"NER","Niger","admin0","Deaths","Deaths",2015,32571.04767857733
"NER","Niger","admin0","Deaths","Deaths",2016,31566.238189681506
"NER","Niger","admin0","Deaths","Deaths",2017,30218.88151801765
"NER","Niger","admin0","Deaths","Deaths",2018,29410.217575030532
"NER","Niger","admin0","Deaths","Deaths",2019,29520.299436125497
"NER","Niger","admin0","Deaths","Deaths",2020,32349.92264054128
"NER","Niger","admin0","Deaths","Deaths",2021,34064.36198203884
"NER","Niger","admin0","Deaths","Deaths",2022,32923.39087623991
"NGA","Nigeria","admin0","Clinical Cases","Cases",2010,62279849.48849491
"NGA","Nigeria","admin0","Clinical Cases","Cases",2011,59734684.233567044
"NGA","Nigeria","admin0","Clinical Cases","Cases",2012,57692480.431933306
"NGA","Nigeria","admin0","Clinical Cases","Cases",2013,55985059.91009837
"NGA","Nigeria","admin0","Clinical Cases","Cases",2014,55725920.40135421
"NGA","Nigeria","admin0","Clinical Cases","Cases",2015,56030951.7432193
"NGA","Nigeria","admin0","Clinical Cases","Cases",2016,56306090.12427586
"NGA","Nigeria","admin0","Clinical Cases","Cases",2017,58941673.74392995
"NGA","Nigeria","admin0","Clinical Cases","Cases",2018,62162467.16166254
"NGA","Nigeria","admin0","Clinical Cases","Cases",2019,64423033.87608114
"NGA","Nigeria","admin0","Clinical Cases","Cases",2020,70109845.95147173
"NGA","Nigeria","admin0","Clinical Cases","Cases",2021,70795892.11440006
"NGA","Nigeria","admin0","Clinical Cases","Cases",2022,69776358.36240673
"NGA","Nigeria","admin0","Deaths","Deaths",2010,242341.46896383938
"NGA","Nigeria","admin0","Deaths","Deaths",2011,232164.17652904856
"NGA","Nigeria","admin0","Deaths","Deaths",2012,219472.8765667539
"NGA","Nigeria","admin0","Deaths","Deaths",2013,209228.50050309364
"NGA","Nigeria","admin0","Deaths","Deaths",2014,206837.2105514805
"NGA","Nigeria","admin0","Deaths","Deaths",2015,203714.94928425492
"NGA","Nigeria","admin0","Deaths","Deaths",2016,202352.86504238952
"NGA","Nigeria","admin0","Deaths","Deaths",2017,200333.1806604143
"NGA","Nigeria","admin0","Deaths","Deaths",2018,210085.89082250922
"NGA","Nigeria","admin0","Deaths","Deaths",2019,217206.61128443002
"NGA","Nigeria","admin0","Deaths","Deaths",2020,236801.51457398882
"NGA","Nigeria","admin0","Deaths","Deaths",2021,230092.104062522
"NGA","Nigeria","admin0","Deaths","Deaths",2022,228313.08947529475
"NIC","Nicaragua","admin0","Clinical Cases","Cases",2010,312.4207119752693
"NIC","Nicaragua","admin0","Clinical Cases","Cases",2011,299.48027925524184
"NIC","Nicaragua","admin0","Clinical Cases","Cases",2012,466.5370535003978
"NIC","Nicaragua","admin0","Clinical Cases","Cases",2013,424.3741938526051
"NIC","Nicaragua","admin0","Clinical Cases","Cases",2014,299.2571900922356
"NIC","Nicaragua","admin0","Clinical Cases","Cases",2015,654.120590396355
"NIC","Nicaragua","admin0","Clinical Cases","Cases",2016,2361.508875742733
"NIC","Nicaragua","admin0","Clinical Cases","Cases",2017,3378.7882713025488
"NIC","Nicaragua","admin0","Clinical Cases","Cases",2018,2458.630876470307
"NIC","Nicaragua","admin0","Clinical Cases","Cases",2019,4503.227954897139
"NIC","Nicaragua","admin0","Clinical Cases","Cases",2020,21883.24000372011
"NIC","Nicaragua","admin0","Clinical Cases","Cases",2021,21666.982531795686
"NIC","Nicaragua","admin0","Clinical Cases","Cases",2022,8966.08613835094
"NIC","Nicaragua","admin0","Deaths","Deaths",2010,0.5902225667462274
"NIC","Nicaragua","admin0","Deaths","Deaths",2011,0.5574258377238206
"NIC","Nicaragua","admin0","Deaths","Deaths",2012,0.8881820893354047
"NIC","Nicaragua","admin0","Deaths","Deaths",2013,0.7476732998330539
"NIC","Nicaragua","admin0","Deaths","Deaths",2014,0.5408406051177744
"NIC","Nicaragua","admin0","Deaths","Deaths",2015,1.1758072287978023
"NIC","Nicaragua","admin0","Deaths","Deaths",2016,4.267724856956486
"NIC","Nicaragua","admin0","Deaths","Deaths",2017,5.437557469506012
"NIC","Nicaragua","admin0","Deaths","Deaths",2018,5.605982158591638
"NIC","Nicaragua","admin0","Deaths","Deaths",2019,6.184818654856984
"NIC","Nicaragua","admin0","Deaths","Deaths",2020,26.950814493953967
"NIC","Nicaragua","admin0","Deaths","Deaths",2021,87.90440941550773
"NIC","Nicaragua","admin0","Deaths","Deaths",2022,76.23859214056986
"NPL","Nepal","admin0","Clinical Cases","Cases",2010,8352.368562907528
"NPL","Nepal","admin0","Clinical Cases","Cases",2011,4278.806947480069
"NPL","Nepal","admin0","Clinical Cases","Cases",2012,3410.7462982211114
"NPL","Nepal","admin0","Clinical Cases","Cases",2013,2210.020636862094
"NPL","Nepal","admin0","Clinical Cases","Cases",2014,888.3204125672657
"NPL","Nepal","admin0","Clinical Cases","Cases",2015,995.466555606729
"NPL","Nepal","admin0","Clinical Cases","Cases",2016,739.7096716664884
"NPL","Nepal","admin0","Clinical Cases","Cases",2017,261.85189882416444
"NPL","Nepal","admin0","Clinical Cases","Cases",2018,77.5914823973096
"NPL","Nepal","admin0","Clinical Cases","Cases",2019,80.35430731973969
"NPL","Nepal","admin0","Clinical Cases","Cases",2020,48.51917941698569
"NPL","Nepal","admin0","Clinical Cases","Cases",2021,31.6201367948901
"NPL","Nepal","admin0","Clinical Cases","Cases",2022,26.564546760184893
"NPL","Nepal","admin0","Deaths","Deaths",2010,42.6168555950695
"NPL","Nepal","admin0","Deaths","Deaths",2011,16.092544592877832
"NPL","Nepal","admin0","Deaths","Deaths",2012,35.27278420524837
"NPL","Nepal","admin0","Deaths","Deaths",2013,15.173472277953653
"NPL","Nepal","admin0","Deaths","Deaths",2014,7.992835941273526
"NPL","Nepal","admin0","Deaths","Deaths",2015,9.65241475581805
"NPL","Nepal","admin0","Deaths","Deaths",2016,5.84507223079814
"NPL","Nepal","admin0","Deaths","Deaths",2017,3.595306061155412
"NPL","Nepal","admin0","Deaths","Deaths",2018,1.4679823174899045
"NPL","Nepal","admin0","Deaths","Deaths",2019,0.6101882897741988
"NPL","Nepal","admin0","Deaths","Deaths",2020,0.5014135839261837
"NPL","Nepal","admin0","Deaths","Deaths",2021,4.415116124545255
"NPL","Nepal","admin0","Deaths","Deaths",2022,2.8163140032437934
"OMN","Oman","admin0","Clinical Cases","Cases",2010,2.8962039200036385
"OMN","Oman","admin0","Clinical Cases","Cases",2011,0.8621154587942941
"OMN","Oman","admin0","Clinical Cases","Cases",2012,0.9331964772769874
"OMN","Oman","admin0","Clinical Cases","Cases",2013,0.6443836244704728
"OMN","Oman","admin0","Clinical Cases","Cases",2014,2.007991153022317
"OMN","Oman","admin0","Clinical Cases","Cases",2015,8.371948827407865
"OMN","Oman","admin0","Clinical Cases","Cases",2016,4.4245030998053245
"OMN","Oman","admin0","Clinical Cases","Cases",2017,4.812531956692981
"OMN","Oman","admin0","Clinical Cases","Cases",2018,10.362838204225474
"OMN","Oman","admin0","Clinical Cases","Cases",2019,10.835728494963814
"OMN","Oman","admin0","Clinical Cases","Cases",2020,9.057996722525681
"OMN","Oman","admin0","Clinical Cases","Cases",2021,17.569849887105036
"OMN","Oman","admin0","Clinical Cases","Cases",2022,9.051395058488957
"OMN","Oman","admin0","Deaths","Deaths",2010,0.016683121868606376
"OMN","Oman","admin0","Deaths","Deaths",2011,0.005045031206027601
"OMN","Oman","admin0","Deaths","Deaths",2012,0.005496802019138503
"OMN","Oman","admin0","Deaths","Deaths",2013,0.0038021438606676587
"OMN","Oman","admin0","Deaths","Deaths",2014,0.011327007464812031
"OMN","Oman","admin0","Deaths","Deaths",2015,0.005820231770195769
"OMN","Oman","admin0","Deaths","Deaths",2016,0.008966400089013393
"OMN","Oman","admin0","Deaths","Deaths",2017,0.005096414367177685
"OMN","Oman","admin0","Deaths","Deaths",2018,0.00528814399462341
"OMN","Oman","admin0","Deaths","Deaths",2019,0.001148920403219634
"OMN","Oman","admin0","Deaths","Deaths",2020,0.0013331443649245522
"OMN","Oman","admin0","Deaths","Deaths",2021,0.0015528217816960443
"OMN","Oman","admin0","Deaths","Deaths",2022,0.0018319873063445372
"PAK","Pakistan","admin0","Clinical Cases","Cases",2010,1449370.2958004032
"PAK","Pakistan","admin0","Clinical Cases","Cases",2011,1519652.368868441
"PAK","Pakistan","admin0","Clinical Cases","Cases",2012,1498430.602443571
"PAK","Pakistan","admin0","Clinical Cases","Cases",2013,787321.973021131
"PAK","Pakistan","admin0","Clinical Cases","Cases",2014,514527.34330669756
"PAK","Pakistan","admin0","Clinical Cases","Cases",2015,517825.7920064738
"PAK","Pakistan","admin0","Clinical Cases","Cases",2016,662091.0058800463
"PAK","Pakistan","admin0","Clinical Cases","Cases",2017,553339.0071307034
"PAK","Pakistan","admin0","Clinical Cases","Cases",2018,464753.9753341942
"PAK","Pakistan","admin0","Clinical Cases","Cases",2019,566861.5934245557
"PAK","Pakistan","admin0","Clinical Cases","Cases",2020,531953.9303142403
"PAK","Pakistan","admin0","Clinical Cases","Cases",2021,623357.0704458682
"PAK","Pakistan","admin0","Clinical Cases","Cases",2022,2920028.45086226
"PAK","Pakistan","admin0","Deaths","Deaths",2010,13802.221493632602
"PAK","Pakistan","admin0","Deaths","Deaths",2011,15582.90963811587
"PAK","Pakistan","admin0","Deaths","Deaths",2012,17316.38824732847
"PAK","Pakistan","admin0","Deaths","Deaths",2013,6707.868161427836
"PAK","Pakistan","admin0","Deaths","Deaths",2014,5034.413256919668
"PAK","Pakistan","admin0","Deaths","Deaths",2015,6072.644817918298
"PAK","Pakistan","admin0","Deaths","Deaths",2016,5729.031797585877
"PAK","Pakistan","admin0","Deaths","Deaths",2017,7093.404141796314
"PAK","Pakistan","admin0","Deaths","Deaths",2018,7571.823318943383
"PAK","Pakistan","admin0","Deaths","Deaths",2019,8682.291354030855
"PAK","Pakistan","admin0","Deaths","Deaths",2020,7416.578790786462
"PAK","Pakistan","admin0","Deaths","Deaths",2021,9105.571715718688
"PAK","Pakistan","admin0","Deaths","Deaths",2022,7395.334534068838
"PAN","Panama","admin0","Clinical Cases","Cases",2010,40.33378779482154
"PAN","Panama","admin0","Clinical Cases","Cases",2011,1.858949630576985
"PAN","Panama","admin0","Clinical Cases","Cases",2012,1.8184589923943395
"PAN","Panama","admin0","Clinical Cases","Cases",2013,0
"PAN","Panama","admin0","Clinical Cases","Cases",2014,0
"PAN","Panama","admin0","Clinical Cases","Cases",2015,0
"PAN","Panama","admin0","Clinical Cases","Cases",2016,39.29954394044209
"PAN","Panama","admin0","Clinical Cases","Cases",2017,1.2288021536006553
"PAN","Panama","admin0","Clinical Cases","Cases",2018,0
"PAN","Panama","admin0","Clinical Cases","Cases",2019,22.72170539206185
"PAN","Panama","admin0","Clinical Cases","Cases",2020,17.877024854143972
"PAN","Panama","admin0","Clinical Cases","Cases",2021,17.309458815335564
"PAN","Panama","admin0","Clinical Cases","Cases",2022,162.7067437873151
"PAN","Panama","admin0","Deaths","Deaths",2010,0.1499807565382403
"PAN","Panama","admin0","Deaths","Deaths",2011,0.005552429178993287
"PAN","Panama","admin0","Deaths","Deaths",2012,0.007064726534240651
"PAN","Panama","admin0","Deaths","Deaths",2013,0
"PAN","Panama","admin0","Deaths","Deaths",2014,0
"PAN","Panama","admin0","Deaths","Deaths",2015,0
"PAN","Panama","admin0","Deaths","Deaths",2016,0.09423019188979549
"PAN","Panama","admin0","Deaths","Deaths",2017,0.001603745159604114
"PAN","Panama","admin0","Deaths","Deaths",2018,0
"PAN","Panama","admin0","Deaths","Deaths",2019,0.08282522413696768
"PAN","Panama","admin0","Deaths","Deaths",2020,0.026183795020462503
"PAN","Panama","admin0","Deaths","Deaths",2021,0.1626250405437305
"PAN","Panama","admin0","Deaths","Deaths",2022,0.20446004008038168
"PER","Peru","admin0","Clinical Cases","Cases",2010,4255.551729047953
"PER","Peru","admin0","Clinical Cases","Cases",2011,5338.620512206761
"PER","Peru","admin0","Clinical Cases","Cases",2012,6607.761069712383
"PER","Peru","admin0","Clinical Cases","Cases",2013,25349.494171188177
"PER","Peru","admin0","Clinical Cases","Cases",2014,29121.723644429283
"PER","Peru","admin0","Clinical Cases","Cases",2015,29475.241595755055
"PER","Peru","admin0","Clinical Cases","Cases",2016,28181.743654605503
"PER","Peru","admin0","Clinical Cases","Cases",2017,22707.762073980462
"PER","Peru","admin0","Clinical Cases","Cases",2018,17172.893706207993
"PER","Peru","admin0","Clinical Cases","Cases",2019,8507.06458999261
"PER","Peru","admin0","Clinical Cases","Cases",2020,5762.31376790379
"PER","Peru","admin0","Clinical Cases","Cases",2021,6668.958310559037
"PER","Peru","admin0","Clinical Cases","Cases",2022,7334.782461009422
"PER","Peru","admin0","Deaths","Deaths",2010,8.037902921635421
"PER","Peru","admin0","Deaths","Deaths",2011,11.5889582136205
"PER","Peru","admin0","Deaths","Deaths",2012,13.475089243236905
"PER","Peru","admin0","Deaths","Deaths",2013,48.25050530086754
"PER","Peru","admin0","Deaths","Deaths",2014,62.113725072052446
"PER","Peru","admin0","Deaths","Deaths",2015,59.604435901176565
"PER","Peru","admin0","Deaths","Deaths",2016,68.11147904451687
"PER","Peru","admin0","Deaths","Deaths",2017,55.2075392252598
"PER","Peru","admin0","Deaths","Deaths",2018,58.90093463318238
"PER","Peru","admin0","Deaths","Deaths",2019,13.187828274210574
"PER","Peru","admin0","Deaths","Deaths",2020,9.492780956696773
"PER","Peru","admin0","Deaths","Deaths",2021,25.21691844280681
"PER","Peru","admin0","Deaths","Deaths",2022,25.676580294405188
"PHL","Philippines","admin0","Clinical Cases","Cases",2010,45870.29712494897
"PHL","Philippines","admin0","Clinical Cases","Cases",2011,24136.767634932392
"PHL","Philippines","admin0","Clinical Cases","Cases",2012,18043.507829709415
"PHL","Philippines","admin0","Clinical Cases","Cases",2013,18024.496718305083
"PHL","Philippines","admin0","Clinical Cases","Cases",2014,16005.551652059052
"PHL","Philippines","admin0","Clinical Cases","Cases",2015,23647.723210715365
"PHL","Philippines","admin0","Clinical Cases","Cases",2016,17737.638566516827
"PHL","Philippines","admin0","Clinical Cases","Cases",2017,16941.6216115824
"PHL","Philippines","admin0","Clinical Cases","Cases",2018,13024.254506060077
"PHL","Philippines","admin0","Clinical Cases","Cases",2019,14356.982858206853
"PHL","Philippines","admin0","Clinical Cases","Cases",2020,13963.809488267225
"PHL","Philippines","admin0","Clinical Cases","Cases",2021,10073.989735050589
"PHL","Philippines","admin0","Clinical Cases","Cases",2022,8078.350702515294
"PHL","Philippines","admin0","Deaths","Deaths",2010,274.0647816018782
"PHL","Philippines","admin0","Deaths","Deaths",2011,114.38895475340428
"PHL","Philippines","admin0","Deaths","Deaths",2012,82.24855663787565
"PHL","Philippines","admin0","Deaths","Deaths",2013,92.11034357660117
"PHL","Philippines","admin0","Deaths","Deaths",2014,60.88768923878235
"PHL","Philippines","admin0","Deaths","Deaths",2015,106.4099005062987
"PHL","Philippines","admin0","Deaths","Deaths",2016,60.295185276187354
"PHL","Philippines","admin0","Deaths","Deaths",2017,56.50881914232583
"PHL","Philippines","admin0","Deaths","Deaths",2018,51.95669718664375
"PHL","Philippines","admin0","Deaths","Deaths",2019,20.354568974967684
"PHL","Philippines","admin0","Deaths","Deaths",2020,15.234218758038526
"PHL","Philippines","admin0","Deaths","Deaths",2021,25.195387480201166
"PHL","Philippines","admin0","Deaths","Deaths",2022,28.803668965783697
"PNG","Papua New Guinea","admin0","Clinical Cases","Cases",2010,800587.3387807086
"PNG","Papua New Guinea","admin0","Clinical Cases","Cases",2011,632589.3011321821
"PNG","Papua New Guinea","admin0","Clinical Cases","Cases",2012,682221.6109688241
"PNG","Papua New Guinea","admin0","Clinical Cases","Cases",2013,1076839.001794027
"PNG","Papua New Guinea","admin0","Clinical Cases","Cases",2014,950085.7875484551
"PNG","Papua New Guinea","admin0","Clinical Cases","Cases",2015,669583.9642725036
"PNG","Papua New Guinea","admin0","Clinical Cases","Cases",2016,993099.8009581575
"PNG","Papua New Guinea","admin0","Clinical Cases","Cases",2017,978226.7874458119
"PNG","Papua New Guinea","admin0","Clinical Cases","Cases",2018,1027183.124129556
"PNG","Papua New Guinea","admin0","Clinical Cases","Cases",2019,865263.6405258012
"PNG","Papua New Guinea","admin0","Clinical Cases","Cases",2020,1318021.6870966507
"PNG","Papua New Guinea","admin0","Clinical Cases","Cases",2021,983169.4268921377
"PNG","Papua New Guinea","admin0","Clinical Cases","Cases",2022,1180188.9526411172
"PNG","Papua New Guinea","admin0","Deaths","Deaths",2010,2539.526856428556
"PNG","Papua New Guinea","admin0","Deaths","Deaths",2011,1957.0982457393811
"PNG","Papua New Guinea","admin0","Deaths","Deaths",2012,1873.4475369572929
"PNG","Papua New Guinea","admin0","Deaths","Deaths",2013,2701.3099854132643
"PNG","Papua New Guinea","admin0","Deaths","Deaths",2014,2424.6409672991217
"PNG","Papua New Guinea","admin0","Deaths","Deaths",2015,1604.9425374090597
"PNG","Papua New Guinea","admin0","Deaths","Deaths",2016,2371.3999822618366
"PNG","Papua New Guinea","admin0","Deaths","Deaths",2017,2221.408865686578
"PNG","Papua New Guinea","admin0","Deaths","Deaths",2018,2393.1560363876197
"PNG","Papua New Guinea","admin0","Deaths","Deaths",2019,1637.525018436233
"PNG","Papua New Guinea","admin0","Deaths","Deaths",2020,2015.6925535199125
"PNG","Papua New Guinea","admin0","Deaths","Deaths",2021,2190.615857135859
"PNG","Papua New Guinea","admin0","Deaths","Deaths",2022,805.7062270425887
"PRK","North Korea","admin0","Clinical Cases","Cases",2010,0
"PRK","North Korea","admin0","Clinical Cases","Cases",2011,0
"PRK","North Korea","admin0","Clinical Cases","Cases",2012,0
"PRK","North Korea","admin0","Clinical Cases","Cases",2013,0
"PRK","North Korea","admin0","Clinical Cases","Cases",2014,0
"PRK","North Korea","admin0","Clinical Cases","Cases",2015,0
"PRK","North Korea","admin0","Clinical Cases","Cases",2016,0
"PRK","North Korea","admin0","Clinical Cases","Cases",2017,0
"PRK","North Korea","admin0","Clinical Cases","Cases",2018,0
"PRK","North Korea","admin0","Clinical Cases","Cases",2019,0
"PRK","North Korea","admin0","Clinical Cases","Cases",2020,0
"PRK","North Korea","admin0","Clinical Cases","Cases",2021,0
"PRK","North Korea","admin0","Clinical Cases","Cases",2022,0
"PRK","North Korea","admin0","Deaths","Deaths",2010,0
"PRK","North Korea","admin0","Deaths","Deaths",2011,0
"PRK","North Korea","admin0","Deaths","Deaths",2012,0
"PRK","North Korea","admin0","Deaths","Deaths",2013,0
"PRK","North Korea","admin0","Deaths","Deaths",2014,0
"PRK","North Korea","admin0","Deaths","Deaths",2015,0
"PRK","North Korea","admin0","Deaths","Deaths",2016,0
"PRK","North Korea","admin0","Deaths","Deaths",2017,0
"PRK","North Korea","admin0","Deaths","Deaths",2018,0
"PRK","North Korea","admin0","Deaths","Deaths",2019,0
"PRK","North Korea","admin0","Deaths","Deaths",2020,0
"PRK","North Korea","admin0","Deaths","Deaths",2021,0
"PRK","North Korea","admin0","Deaths","Deaths",2022,0
"PRY","Paraguay","admin0","Clinical Cases","Cases",2010,0
"PRY","Paraguay","admin0","Clinical Cases","Cases",2011,0
"PRY","Paraguay","admin0","Clinical Cases","Cases",2012,0
"PRY","Paraguay","admin0","Clinical Cases","Cases",2013,0
"PRY","Paraguay","admin0","Clinical Cases","Cases",2014,0
"PRY","Paraguay","admin0","Clinical Cases","Cases",2015,0
"PRY","Paraguay","admin0","Clinical Cases","Cases",2016,0
"PRY","Paraguay","admin0","Clinical Cases","Cases",2017,0
"PRY","Paraguay","admin0","Clinical Cases","Cases",2018,0
"PRY","Paraguay","admin0","Clinical Cases","Cases",2019,0
"PRY","Paraguay","admin0","Clinical Cases","Cases",2020,0
"PRY","Paraguay","admin0","Clinical Cases","Cases",2021,0
"PRY","Paraguay","admin0","Clinical Cases","Cases",2022,0
"PRY","Paraguay","admin0","Deaths","Deaths",2010,0
"PRY","Paraguay","admin0","Deaths","Deaths",2011,0
"PRY","Paraguay","admin0","Deaths","Deaths",2012,0
"PRY","Paraguay","admin0","Deaths","Deaths",2013,0
"PRY","Paraguay","admin0","Deaths","Deaths",2014,0
"PRY","Paraguay","admin0","Deaths","Deaths",2015,0
"PRY","Paraguay","admin0","Deaths","Deaths",2016,0
"PRY","Paraguay","admin0","Deaths","Deaths",2017,0
"PRY","Paraguay","admin0","Deaths","Deaths",2018,0
"PRY","Paraguay","admin0","Deaths","Deaths",2019,0
"PRY","Paraguay","admin0","Deaths","Deaths",2020,0
"PRY","Paraguay","admin0","Deaths","Deaths",2021,0
"PRY","Paraguay","admin0","Deaths","Deaths",2022,0
"RWA","Rwanda","admin0","Clinical Cases","Cases",2010,736923.0601002001
"RWA","Rwanda","admin0","Clinical Cases","Cases",2011,757209.0731328371
"RWA","Rwanda","admin0","Clinical Cases","Cases",2012,665650.6193584299
"RWA","Rwanda","admin0","Clinical Cases","Cases",2013,566760.1509083378
"RWA","Rwanda","admin0","Clinical Cases","Cases",2014,544407.7232794232
"RWA","Rwanda","admin0","Clinical Cases","Cases",2015,584729.7985464017
"RWA","Rwanda","admin0","Clinical Cases","Cases",2016,678194.3473531929
"RWA","Rwanda","admin0","Clinical Cases","Cases",2017,791983.2894107761
"RWA","Rwanda","admin0","Clinical Cases","Cases",2018,801821.0940291117
"RWA","Rwanda","admin0","Clinical Cases","Cases",2019,671128.2507010014
"RWA","Rwanda","admin0","Clinical Cases","Cases",2020,512436.12100873544
"RWA","Rwanda","admin0","Clinical Cases","Cases",2021,552740.2894556137
"RWA","Rwanda","admin0","Clinical Cases","Cases",2022,546857.1060539767
"RWA","Rwanda","admin0","Deaths","Deaths",2010,4109.698862367667
"RWA","Rwanda","admin0","Deaths","Deaths",2011,4056.4146409142677
"RWA","Rwanda","admin0","Deaths","Deaths",2012,3598.5961885710844
"RWA","Rwanda","admin0","Deaths","Deaths",2013,2912.6629674116753
"RWA","Rwanda","admin0","Deaths","Deaths",2014,2869.9657043890434
"RWA","Rwanda","admin0","Deaths","Deaths",2015,2944.3434567281065
"RWA","Rwanda","admin0","Deaths","Deaths",2016,3294.279443870338
"RWA","Rwanda","admin0","Deaths","Deaths",2017,3499.875435176783
"RWA","Rwanda","admin0","Deaths","Deaths",2018,3621.1820264467206
"RWA","Rwanda","admin0","Deaths","Deaths",2019,3083.0749125676457
"RWA","Rwanda","admin0","Deaths","Deaths",2020,2433.1935325502764
"RWA","Rwanda","admin0","Deaths","Deaths",2021,3075.987170527817
"RWA","Rwanda","admin0","Deaths","Deaths",2022,2608.3913007343267
"SAU","Saudi Arabia","admin0","Clinical Cases","Cases",2010,28.99999317530504
"SAU","Saudi Arabia","admin0","Clinical Cases","Cases",2011,68.99978472069675
"SAU","Saudi Arabia","admin0","Clinical Cases","Cases",2012,81.99984304351656
"SAU","Saudi Arabia","admin0","Clinical Cases","Cases",2013,34.0000104907478
"SAU","Saudi Arabia","admin0","Clinical Cases","Cases",2014,50.999979682167854
"SAU","Saudi Arabia","admin0","Clinical Cases","Cases",2015,82.99999633579414
"SAU","Saudi Arabia","admin0","Clinical Cases","Cases",2016,270.00004941000225
"SAU","Saudi Arabia","admin0","Clinical Cases","Cases",2017,172.00004428488486
"SAU","Saudi Arabia","admin0","Clinical Cases","Cases",2018,181.27865049856865
"SAU","Saudi Arabia","admin0","Clinical Cases","Cases",2019,122.99999552718998
"SAU","Saudi Arabia","admin0","Clinical Cases","Cases",2020,204.99995367551153
"SAU","Saudi Arabia","admin0","Clinical Cases","Cases",2021,130.04056911757058
"SAU","Saudi Arabia","admin0","Clinical Cases","Cases",2022,244.04866938125687
"SAU","Saudi Arabia","admin0","Deaths","Deaths",2010,0.16843396427836066
"SAU","Saudi Arabia","admin0","Deaths","Deaths",2011,0.3888314947402447
"SAU","Saudi Arabia","admin0","Deaths","Deaths",2012,0.43007926443810285
"SAU","Saudi Arabia","admin0","Deaths","Deaths",2013,0.15046216802740858
"SAU","Saudi Arabia","admin0","Deaths","Deaths",2014,0.2373172937507992
"SAU","Saudi Arabia","admin0","Deaths","Deaths",2015,0.4000534461767632
"SAU","Saudi Arabia","admin0","Deaths","Deaths",2016,1.2872440145654473
"SAU","Saudi Arabia","admin0","Deaths","Deaths",2017,0.8566495560546137
"SAU","Saudi Arabia","admin0","Deaths","Deaths",2018,1.1370739219434156
"SAU","Saudi Arabia","admin0","Deaths","Deaths",2019,0.0978196213010376
"SAU","Saudi Arabia","admin0","Deaths","Deaths",2020,0.15438129737622575
"SAU","Saudi Arabia","admin0","Deaths","Deaths",2021,0.2942477715170147
"SAU","Saudi Arabia","admin0","Deaths","Deaths",2022,0.5080290748293289
"SDN","Sudan","admin0","Clinical Cases","Cases",2010,1112269.5781844112
"SDN","Sudan","admin0","Clinical Cases","Cases",2011,1115282.3064503267
"SDN","Sudan","admin0","Clinical Cases","Cases",2012,1147604.3611548038
"SDN","Sudan","admin0","Clinical Cases","Cases",2013,1228942.4338737591
"SDN","Sudan","admin0","Clinical Cases","Cases",2014,1390012.9537391395
"SDN","Sudan","admin0","Clinical Cases","Cases",2015,1558268.9039027595
"SDN","Sudan","admin0","Clinical Cases","Cases",2016,1943898.9854615843
"SDN","Sudan","admin0","Clinical Cases","Cases",2017,2085280.37766449
"SDN","Sudan","admin0","Clinical Cases","Cases",2018,2375951.629805223
"SDN","Sudan","admin0","Clinical Cases","Cases",2019,2638916.073897952
"SDN","Sudan","admin0","Clinical Cases","Cases",2020,2851188.6097119297
"SDN","Sudan","admin0","Clinical Cases","Cases",2021,2845193.9325230555
"SDN","Sudan","admin0","Clinical Cases","Cases",2022,2937251.7283675172
"SDN","Sudan","admin0","Deaths","Deaths",2010,2242.5839688559404
"SDN","Sudan","admin0","Deaths","Deaths",2011,2200.1265226620276
"SDN","Sudan","admin0","Deaths","Deaths",2012,2246.914969590847
"SDN","Sudan","admin0","Deaths","Deaths",2013,2345.0604488883205
"SDN","Sudan","admin0","Deaths","Deaths",2014,2607.6655611940014
"SDN","Sudan","admin0","Deaths","Deaths",2015,2941.7603576213887
"SDN","Sudan","admin0","Deaths","Deaths",2016,3577.9572207776487
"SDN","Sudan","admin0","Deaths","Deaths",2017,3621.7235307071196
"SDN","Sudan","admin0","Deaths","Deaths",2018,3230.0061233695124
"SDN","Sudan","admin0","Deaths","Deaths",2019,3295.9753482653514
"SDN","Sudan","admin0","Deaths","Deaths",2020,3780.5439812263194
"SDN","Sudan","admin0","Deaths","Deaths",2021,4037.4594249821785
"SDN","Sudan","admin0","Deaths","Deaths",2022,3081.4253013593457
"SEN","Senegal","admin0","Clinical Cases","Cases",2010,1597489.0125167465
"SEN","Senegal","admin0","Clinical Cases","Cases",2011,1327417.004779837
"SEN","Senegal","admin0","Clinical Cases","Cases",2012,1523820.6944473106
"SEN","Senegal","admin0","Clinical Cases","Cases",2013,1284176.3120763397
"SEN","Senegal","admin0","Clinical Cases","Cases",2014,824829.9041161364
"SEN","Senegal","admin0","Clinical Cases","Cases",2015,1336212.2991506013
"SEN","Senegal","admin0","Clinical Cases","Cases",2016,907888.9140276633
"SEN","Senegal","admin0","Clinical Cases","Cases",2017,1022165.2050172447
"SEN","Senegal","admin0","Clinical Cases","Cases",2018,1397961.1745325252
"SEN","Senegal","admin0","Clinical Cases","Cases",2019,975948.0221906557
"SEN","Senegal","admin0","Clinical Cases","Cases",2020,1248802.7594147054
"SEN","Senegal","admin0","Clinical Cases","Cases",2021,1495639.5438696118
"SEN","Senegal","admin0","Clinical Cases","Cases",2022,1047503.1702696452
"SEN","Senegal","admin0","Deaths","Deaths",2010,6487.660379575598
"SEN","Senegal","admin0","Deaths","Deaths",2011,5440.511049459908
"SEN","Senegal","admin0","Deaths","Deaths",2012,5975.253663693799
"SEN","Senegal","admin0","Deaths","Deaths",2013,5161.179054652586
"SEN","Senegal","admin0","Deaths","Deaths",2014,3598.158515847856
"SEN","Senegal","admin0","Deaths","Deaths",2015,5346.85133635269
"SEN","Senegal","admin0","Deaths","Deaths",2016,4018.8099069554287
"SEN","Senegal","admin0","Deaths","Deaths",2017,4524.845248870073
"SEN","Senegal","admin0","Deaths","Deaths",2018,5749.502440348057
"SEN","Senegal","admin0","Deaths","Deaths",2019,3444.168393221979
"SEN","Senegal","admin0","Deaths","Deaths",2020,4166.927532791848
"SEN","Senegal","admin0","Deaths","Deaths",2021,4925.37799046655
"SEN","Senegal","admin0","Deaths","Deaths",2022,5232.335395865588
"SLB","Solomon Islands","admin0","Clinical Cases","Cases",2010,71517.47728333803
"SLB","Solomon Islands","admin0","Clinical Cases","Cases",2011,46730.448225714346
"SLB","Solomon Islands","admin0","Clinical Cases","Cases",2012,37374.917798582625
"SLB","Solomon Islands","admin0","Clinical Cases","Cases",2013,34310.65653772262
"SLB","Solomon Islands","admin0","Clinical Cases","Cases",2014,22198.747369445482
"SLB","Solomon Islands","admin0","Clinical Cases","Cases",2015,24171.631777693165
"SLB","Solomon Islands","admin0","Clinical Cases","Cases",2016,36756.35269012314
"SLB","Solomon Islands","admin0","Clinical Cases","Cases",2017,35167.089623756074
"SLB","Solomon Islands","admin0","Clinical Cases","Cases",2018,37343.988949315666
"SLB","Solomon Islands","admin0","Clinical Cases","Cases",2019,35507.38187364881
"SLB","Solomon Islands","admin0","Clinical Cases","Cases",2020,34036.53193192448
"SLB","Solomon Islands","admin0","Clinical Cases","Cases",2021,51922.8947871
"SLB","Solomon Islands","admin0","Clinical Cases","Cases",2022,66151.58550355188
"SLB","Solomon Islands","admin0","Deaths","Deaths",2010,377.13053563858335
"SLB","Solomon Islands","admin0","Deaths","Deaths",2011,248.1290461806786
"SLB","Solomon Islands","admin0","Deaths","Deaths",2012,199.5767861803731
"SLB","Solomon Islands","admin0","Deaths","Deaths",2013,167.3235824256801
"SLB","Solomon Islands","admin0","Deaths","Deaths",2014,112.21339780151581
"SLB","Solomon Islands","admin0","Deaths","Deaths",2015,115.38757487135278
"SLB","Solomon Islands","admin0","Deaths","Deaths",2016,161.45747514462104
"SLB","Solomon Islands","admin0","Deaths","Deaths",2017,150.29039101077925
"SLB","Solomon Islands","admin0","Deaths","Deaths",2018,150.1862938710394
"SLB","Solomon Islands","admin0","Deaths","Deaths",2019,118.64363290985709
"SLB","Solomon Islands","admin0","Deaths","Deaths",2020,108.2003878883676
"SLB","Solomon Islands","admin0","Deaths","Deaths",2021,171.26887852190657
"SLB","Solomon Islands","admin0","Deaths","Deaths",2022,45.296399122189406
"SLE","Sierra Leone","admin0","Clinical Cases","Cases",2010,2842382.743427312
"SLE","Sierra Leone","admin0","Clinical Cases","Cases",2011,2864808.6193229384
"SLE","Sierra Leone","admin0","Clinical Cases","Cases",2012,2883392.439263277
"SLE","Sierra Leone","admin0","Clinical Cases","Cases",2013,2856912.4401196665
"SLE","Sierra Leone","admin0","Clinical Cases","Cases",2014,2811257.2209702707
"SLE","Sierra Leone","admin0","Clinical Cases","Cases",2015,2793360.8369051907
"SLE","Sierra Leone","admin0","Clinical Cases","Cases",2016,2843737.803811472
"SLE","Sierra Leone","admin0","Clinical Cases","Cases",2017,2821705.7895502523
"SLE","Sierra Leone","admin0","Clinical Cases","Cases",2018,2793117.7132239477
"SLE","Sierra Leone","admin0","Clinical Cases","Cases",2019,2705798.886357686
"SLE","Sierra Leone","admin0","Clinical Cases","Cases",2020,2710880.8777994607
"SLE","Sierra Leone","admin0","Clinical Cases","Cases",2021,2698426.6436217246
"SLE","Sierra Leone","admin0","Clinical Cases","Cases",2022,2695760.3772707353
"SLE","Sierra Leone","admin0","Deaths","Deaths",2010,13145.325393534249
"SLE","Sierra Leone","admin0","Deaths","Deaths",2011,12573.50640151633
"SLE","Sierra Leone","admin0","Deaths","Deaths",2012,11756.805785909482
"SLE","Sierra Leone","admin0","Deaths","Deaths",2013,11287.736331767834
"SLE","Sierra Leone","admin0","Deaths","Deaths",2014,10831.406307352987
"SLE","Sierra Leone","admin0","Deaths","Deaths",2015,10914.12778271266
"SLE","Sierra Leone","admin0","Deaths","Deaths",2016,11343.844679341288
"SLE","Sierra Leone","admin0","Deaths","Deaths",2017,11138.46546583945
"SLE","Sierra Leone","admin0","Deaths","Deaths",2018,11058.879114241336
"SLE","Sierra Leone","admin0","Deaths","Deaths",2019,10554.210934197912
"SLE","Sierra Leone","admin0","Deaths","Deaths",2020,13857.372014633718
"SLE","Sierra Leone","admin0","Deaths","Deaths",2021,13151.860517806968
"SLE","Sierra Leone","admin0","Deaths","Deaths",2022,10604.673727994767
"SLV","El Salvador","admin0","Clinical Cases","Cases",2010,0
"SLV","El Salvador","admin0","Clinical Cases","Cases",2011,0
"SLV","El Salvador","admin0","Clinical Cases","Cases",2012,0
"SLV","El Salvador","admin0","Clinical Cases","Cases",2013,0
"SLV","El Salvador","admin0","Clinical Cases","Cases",2014,0
"SLV","El Salvador","admin0","Clinical Cases","Cases",2015,0
"SLV","El Salvador","admin0","Clinical Cases","Cases",2016,0
"SLV","El Salvador","admin0","Clinical Cases","Cases",2017,2.1501457382188724
"SLV","El Salvador","admin0","Clinical Cases","Cases",2018,0
"SLV","El Salvador","admin0","Clinical Cases","Cases",2019,0
"SLV","El Salvador","admin0","Clinical Cases","Cases",2020,0
"SLV","El Salvador","admin0","Clinical Cases","Cases",2021,0
"SLV","El Salvador","admin0","Clinical Cases","Cases",2022,0
"SLV","El Salvador","admin0","Deaths","Deaths",2010,0
"SLV","El Salvador","admin0","Deaths","Deaths",2011,0
"SLV","El Salvador","admin0","Deaths","Deaths",2012,0
"SLV","El Salvador","admin0","Deaths","Deaths",2013,0
"SLV","El Salvador","admin0","Deaths","Deaths",2014,0
"SLV","El Salvador","admin0","Deaths","Deaths",2015,0
"SLV","El Salvador","admin0","Deaths","Deaths",2016,0
"SLV","El Salvador","admin0","Deaths","Deaths",2017,0
"SLV","El Salvador","admin0","Deaths","Deaths",2018,0
"SLV","El Salvador","admin0","Deaths","Deaths",2019,0
"SLV","El Salvador","admin0","Deaths","Deaths",2020,0
"SLV","El Salvador","admin0","Deaths","Deaths",2021,0
"SLV","El Salvador","admin0","Deaths","Deaths",2022,0
"SOM","Somalia","admin0","Clinical Cases","Cases",2010,608418.0157690331
"SOM","Somalia","admin0","Clinical Cases","Cases",2011,512156.2627076812
"SOM","Somalia","admin0","Clinical Cases","Cases",2012,537438.0423914064
"SOM","Somalia","admin0","Clinical Cases","Cases",2013,653853.165667119
"SOM","Somalia","admin0","Clinical Cases","Cases",2014,783622.9278024605
"SOM","Somalia","admin0","Clinical Cases","Cases",2015,965890.8861113908
"SOM","Somalia","admin0","Clinical Cases","Cases",2016,998177.7316344037
"SOM","Somalia","admin0","Clinical Cases","Cases",2017,1040567.9060962473
"SOM","Somalia","admin0","Clinical Cases","Cases",2018,1092315.5035423322
"SOM","Somalia","admin0","Clinical Cases","Cases",2019,1133511.8263211502
"SOM","Somalia","admin0","Clinical Cases","Cases",2020,1180239.85554696
"SOM","Somalia","admin0","Clinical Cases","Cases",2021,1188633.4505102842
"SOM","Somalia","admin0","Clinical Cases","Cases",2022,1221138.50723529
"SOM","Somalia","admin0","Deaths","Deaths",2010,1518.5635607028069
"SOM","Somalia","admin0","Deaths","Deaths",2011,1222.8754492256658
"SOM","Somalia","admin0","Deaths","Deaths",2012,1285.0185496428478
"SOM","Somalia","admin0","Deaths","Deaths",2013,1610.0764906271324
"SOM","Somalia","admin0","Deaths","Deaths",2014,1819.5003376455077
"SOM","Somalia","admin0","Deaths","Deaths",2015,2100.678609318828
"SOM","Somalia","admin0","Deaths","Deaths",2016,2036.196036642876
"SOM","Somalia","admin0","Deaths","Deaths",2017,1912.9854103091245
"SOM","Somalia","admin0","Deaths","Deaths",2018,2104.515814076848
"SOM","Somalia","admin0","Deaths","Deaths",2019,2247.273019436771
"SOM","Somalia","admin0","Deaths","Deaths",2020,2332.9879953969144
"SOM","Somalia","admin0","Deaths","Deaths",2021,2349.193042455673
"SOM","Somalia","admin0","Deaths","Deaths",2022,2282.4877054860995
"SSD","South Sudan","admin0","Clinical Cases","Cases",2010,2624347.749923847
"SSD","South Sudan","admin0","Clinical Cases","Cases",2011,2753863.0568073974
"SSD","South Sudan","admin0","Clinical Cases","Cases",2012,2756075.3236100106
"SSD","South Sudan","admin0","Clinical Cases","Cases",2013,2716835.148290127
"SSD","South Sudan","admin0","Clinical Cases","Cases",2014,2604033.480955516
"SSD","South Sudan","admin0","Clinical Cases","Cases",2015,2447540.868286634
"SSD","South Sudan","admin0","Clinical Cases","Cases",2016,2259001.361083352
"SSD","South Sudan","admin0","Clinical Cases","Cases",2017,2362822.303705743
"SSD","South Sudan","admin0","Clinical Cases","Cases",2018,2490022.168523322
"SSD","South Sudan","admin0","Clinical Cases","Cases",2019,2752533.9226527866
"SSD","South Sudan","admin0","Clinical Cases","Cases",2020,2612098.9595147856
"SSD","South Sudan","admin0","Clinical Cases","Cases",2021,2453329.6293848474
"SSD","South Sudan","admin0","Clinical Cases","Cases",2022,2316167.0090476098
"SSD","South Sudan","admin0","Deaths","Deaths",2010,5177.391652049521
"SSD","South Sudan","admin0","Deaths","Deaths",2011,5282.229695448341
"SSD","South Sudan","admin0","Deaths","Deaths",2012,5411.618422684843
"SSD","South Sudan","admin0","Deaths","Deaths",2013,5819.154844276068
"SSD","South Sudan","admin0","Deaths","Deaths",2014,5991.990588591009
"SSD","South Sudan","admin0","Deaths","Deaths",2015,6646.535491604868
"SSD","South Sudan","admin0","Deaths","Deaths",2016,6772.179572189761
"SSD","South Sudan","admin0","Deaths","Deaths",2017,7050.1921193418775
"SSD","South Sudan","admin0","Deaths","Deaths",2018,7091.17621575607
"SSD","South Sudan","admin0","Deaths","Deaths",2019,7972.867870041131
"SSD","South Sudan","admin0","Deaths","Deaths",2020,7706.32275327742
"SSD","South Sudan","admin0","Deaths","Deaths",2021,7559.1985282155865
"SSD","South Sudan","admin0","Deaths","Deaths",2022,6678.202466047693
"STP","Sao Tome And Principe","admin0","Clinical Cases","Cases",2010,5230.9833836748585
"STP","Sao Tome And Principe","admin0","Clinical Cases","Cases",2011,13605.624502113753
"STP","Sao Tome And Principe","admin0","Clinical Cases","Cases",2012,20575.65332531114
"STP","Sao Tome And Principe","admin0","Clinical Cases","Cases",2013,16900.828796871683
"STP","Sao Tome And Principe","admin0","Clinical Cases","Cases",2014,3241.3636340294474
"STP","Sao Tome And Principe","admin0","Clinical Cases","Cases",2015,3376.8163867261987
"STP","Sao Tome And Principe","admin0","Clinical Cases","Cases",2016,3701.3735072695267
"STP","Sao Tome And Principe","admin0","Clinical Cases","Cases",2017,3656.474076571156
"STP","Sao Tome And Principe","admin0","Clinical Cases","Cases",2018,4848.315356417165
"STP","Sao Tome And Principe","admin0","Clinical Cases","Cases",2019,4503.597116151815
"STP","Sao Tome And Principe","admin0","Clinical Cases","Cases",2020,3201.4711474934725
"STP","Sao Tome And Principe","admin0","Clinical Cases","Cases",2021,4504.027627416825
"STP","Sao Tome And Principe","admin0","Clinical Cases","Cases",2022,6579.736026948105
"STP","Sao Tome And Principe","admin0","Deaths","Deaths",2010,18.98666128591534
"STP","Sao Tome And Principe","admin0","Deaths","Deaths",2011,45.82230695781049
"STP","Sao Tome And Principe","admin0","Deaths","Deaths",2012,64.23413938444982
"STP","Sao Tome And Principe","admin0","Deaths","Deaths",2013,50.387303498907954
"STP","Sao Tome And Principe","admin0","Deaths","Deaths",2014,9.722204770736145
"STP","Sao Tome And Principe","admin0","Deaths","Deaths",2015,9.35474495488613
"STP","Sao Tome And Principe","admin0","Deaths","Deaths",2016,9.42156163393396
"STP","Sao Tome And Principe","admin0","Deaths","Deaths",2017,8.755202796274203
"STP","Sao Tome And Principe","admin0","Deaths","Deaths",2018,9.673185064263269
"STP","Sao Tome And Principe","admin0","Deaths","Deaths",2019,8.5080214658954
"STP","Sao Tome And Principe","admin0","Deaths","Deaths",2020,6.064591037648502
"STP","Sao Tome And Principe","admin0","Deaths","Deaths",2021,8.378452564274818
"STP","Sao Tome And Principe","admin0","Deaths","Deaths",2022,7.559519925882944
"SUR","Suriname","admin0","Clinical Cases","Cases",2010,1505.2597020660435
"SUR","Suriname","admin0","Clinical Cases","Cases",2011,763.329593201544
"SUR","Suriname","admin0","Clinical Cases","Cases",2012,561.6611972283642
"SUR","Suriname","admin0","Clinical Cases","Cases",2013,540.7740824230139
"SUR","Suriname","admin0","Clinical Cases","Cases",2014,520.5211372061152
"SUR","Suriname","admin0","Clinical Cases","Cases",2015,51.101782608751115
"SUR","Suriname","admin0","Clinical Cases","Cases",2016,11.820450240448737
"SUR","Suriname","admin0","Clinical Cases","Cases",2017,63.82862378754164
"SUR","Suriname","admin0","Clinical Cases","Cases",2018,21.342206542751317
"SUR","Suriname","admin0","Clinical Cases","Cases",2019,0
"SUR","Suriname","admin0","Clinical Cases","Cases",2020,0
"SUR","Suriname","admin0","Clinical Cases","Cases",2021,0
"SUR","Suriname","admin0","Clinical Cases","Cases",2022,0.3511143690018018
"SUR","Suriname","admin0","Deaths","Deaths",2010,4.16263245824134
"SUR","Suriname","admin0","Deaths","Deaths",2011,1.9786576667315565
"SUR","Suriname","admin0","Deaths","Deaths",2012,1.3686920912805878
"SUR","Suriname","admin0","Deaths","Deaths",2013,2.0659425960986177
"SUR","Suriname","admin0","Deaths","Deaths",2014,1.5973761491214442
"SUR","Suriname","admin0","Deaths","Deaths",2015,0.20080647239552563
"SUR","Suriname","admin0","Deaths","Deaths",2016,0.1592188830385209
"SUR","Suriname","admin0","Deaths","Deaths",2017,0.041228272978522724
"SUR","Suriname","admin0","Deaths","Deaths",2018,0.09611832803839901
"SUR","Suriname","admin0","Deaths","Deaths",2019,0
"SUR","Suriname","admin0","Deaths","Deaths",2020,0
"SUR","Suriname","admin0","Deaths","Deaths",2021,0
"SUR","Suriname","admin0","Deaths","Deaths",2022,0.004982786573980869
"SWZ","Eswatini","admin0","Clinical Cases","Cases",2010,2032.1256242969696
"SWZ","Eswatini","admin0","Clinical Cases","Cases",2011,1551.853927092707
"SWZ","Eswatini","admin0","Clinical Cases","Cases",2012,1458.9140159198867
"SWZ","Eswatini","admin0","Clinical Cases","Cases",2013,3416.984192053075
"SWZ","Eswatini","admin0","Clinical Cases","Cases",2014,1404.827320209882
"SWZ","Eswatini","admin0","Clinical Cases","Cases",2015,1120.3626743548498
"SWZ","Eswatini","admin0","Clinical Cases","Cases",2016,911.4482593165299
"SWZ","Eswatini","admin0","Clinical Cases","Cases",2017,1638.0944509466674
"SWZ","Eswatini","admin0","Clinical Cases","Cases",2018,2471.596353381355
"SWZ","Eswatini","admin0","Clinical Cases","Cases",2019,920.3827025067523
"SWZ","Eswatini","admin0","Clinical Cases","Cases",2020,862.8553435783234
"SWZ","Eswatini","admin0","Clinical Cases","Cases",2021,2066.3774396285053
"SWZ","Eswatini","admin0","Clinical Cases","Cases",2022,848.931668586388
"SWZ","Eswatini","admin0","Deaths","Deaths",2010,9.016620666285773
"SWZ","Eswatini","admin0","Deaths","Deaths",2011,5.802921239447567
"SWZ","Eswatini","admin0","Deaths","Deaths",2012,6.5426566931477765
"SWZ","Eswatini","admin0","Deaths","Deaths",2013,13.045713825508347
"SWZ","Eswatini","admin0","Deaths","Deaths",2014,4.75474213778872
"SWZ","Eswatini","admin0","Deaths","Deaths",2015,3.456010291163001
"SWZ","Eswatini","admin0","Deaths","Deaths",2016,2.6728056822140096
"SWZ","Eswatini","admin0","Deaths","Deaths",2017,5.5695294740920325
"SWZ","Eswatini","admin0","Deaths","Deaths",2018,6.950480685992255
"SWZ","Eswatini","admin0","Deaths","Deaths",2019,1.7016813399456
"SWZ","Eswatini","admin0","Deaths","Deaths",2020,1.596463548328446
"SWZ","Eswatini","admin0","Deaths","Deaths",2021,3.8810776288216413
"SWZ","Eswatini","admin0","Deaths","Deaths",2022,3.857573904408822
"SYR","Syria","admin0","Clinical Cases","Cases",2010,0
"SYR","Syria","admin0","Clinical Cases","Cases",2011,0
"SYR","Syria","admin0","Clinical Cases","Cases",2012,0
"SYR","Syria","admin0","Clinical Cases","Cases",2013,0
"SYR","Syria","admin0","Clinical Cases","Cases",2014,0
"SYR","Syria","admin0","Clinical Cases","Cases",2015,0
"SYR","Syria","admin0","Clinical Cases","Cases",2016,0
"SYR","Syria","admin0","Clinical Cases","Cases",2017,0
"SYR","Syria","admin0","Clinical Cases","Cases",2018,0
"SYR","Syria","admin0","Clinical Cases","Cases",2019,0
"SYR","Syria","admin0","Clinical Cases","Cases",2020,0
"SYR","Syria","admin0","Clinical Cases","Cases",2021,0
"SYR","Syria","admin0","Clinical Cases","Cases",2022,0
"SYR","Syria","admin0","Deaths","Deaths",2010,0
"SYR","Syria","admin0","Deaths","Deaths",2011,0
"SYR","Syria","admin0","Deaths","Deaths",2012,0
"SYR","Syria","admin0","Deaths","Deaths",2013,0
"SYR","Syria","admin0","Deaths","Deaths",2014,0
"SYR","Syria","admin0","Deaths","Deaths",2015,0
"SYR","Syria","admin0","Deaths","Deaths",2016,0
"SYR","Syria","admin0","Deaths","Deaths",2017,0
"SYR","Syria","admin0","Deaths","Deaths",2018,0
"SYR","Syria","admin0","Deaths","Deaths",2019,0
"SYR","Syria","admin0","Deaths","Deaths",2020,0
"SYR","Syria","admin0","Deaths","Deaths",2021,0
"SYR","Syria","admin0","Deaths","Deaths",2022,0
"TCD","Chad","admin0","Clinical Cases","Cases",2010,2796701.606515447
"TCD","Chad","admin0","Clinical Cases","Cases",2011,2714330.1575323227
"TCD","Chad","admin0","Clinical Cases","Cases",2012,2671740.636883918
"TCD","Chad","admin0","Clinical Cases","Cases",2013,2702477.8713829806
"TCD","Chad","admin0","Clinical Cases","Cases",2014,2854674.0085805357
"TCD","Chad","admin0","Clinical Cases","Cases",2015,2956425.428043183
"TCD","Chad","admin0","Clinical Cases","Cases",2016,3058596.137349301
"TCD","Chad","admin0","Clinical Cases","Cases",2017,3206221.522842369
"TCD","Chad","admin0","Clinical Cases","Cases",2018,3460080.594725734
"TCD","Chad","admin0","Clinical Cases","Cases",2019,3469143.9372822684
"TCD","Chad","admin0","Clinical Cases","Cases",2020,3493128.867593287
"TCD","Chad","admin0","Clinical Cases","Cases",2021,3526982.561622066
"TCD","Chad","admin0","Clinical Cases","Cases",2022,3771872.909714838
"TCD","Chad","admin0","Deaths","Deaths",2010,7779.328989843715
"TCD","Chad","admin0","Deaths","Deaths",2011,7251.929339120217
"TCD","Chad","admin0","Deaths","Deaths",2012,6808.4493904723495
"TCD","Chad","admin0","Deaths","Deaths",2013,6888.862462100365
"TCD","Chad","admin0","Deaths","Deaths",2014,7117.403806080826
"TCD","Chad","admin0","Deaths","Deaths",2015,7410.122017396164
"TCD","Chad","admin0","Deaths","Deaths",2016,7823.198944678878
"TCD","Chad","admin0","Deaths","Deaths",2017,8243.560664148941
"TCD","Chad","admin0","Deaths","Deaths",2018,8487.339972691992
"TCD","Chad","admin0","Deaths","Deaths",2019,8882.746730822402
"TCD","Chad","admin0","Deaths","Deaths",2020,9481.94561656404
"TCD","Chad","admin0","Deaths","Deaths",2021,8934.512371420748
"TCD","Chad","admin0","Deaths","Deaths",2022,9579.508581147229
"TGO","Togo","admin0","Clinical Cases","Cases",2010,1979689.0323258128
"TGO","Togo","admin0","Clinical Cases","Cases",2011,1983525.4348697884
"TGO","Togo","admin0","Clinical Cases","Cases",2012,2224789.0511963144
"TGO","Togo","admin0","Clinical Cases","Cases",2013,2501337.7109558764
"TGO","Togo","admin0","Clinical Cases","Cases",2014,2581309.8584700483
"TGO","Togo","admin0","Clinical Cases","Cases",2015,2545002.5990614584
"TGO","Togo","admin0","Clinical Cases","Cases",2016,2365778.829052677
"TGO","Togo","admin0","Clinical Cases","Cases",2017,2058773.8111297593
"TGO","Togo","admin0","Clinical Cases","Cases",2018,1893832.0069617028
"TGO","Togo","admin0","Clinical Cases","Cases",2019,1823533.6126428193
"TGO","Togo","admin0","Clinical Cases","Cases",2020,1902306.1694980108
"TGO","Togo","admin0","Clinical Cases","Cases",2021,1850735.0211024985
"TGO","Togo","admin0","Clinical Cases","Cases",2022,1920239.1374478117
"TGO","Togo","admin0","Deaths","Deaths",2010,6256.408045240869
"TGO","Togo","admin0","Deaths","Deaths",2011,6459.228343193286
"TGO","Togo","admin0","Deaths","Deaths",2012,6841.773317227764
"TGO","Togo","admin0","Deaths","Deaths",2013,7315.521380839184
"TGO","Togo","admin0","Deaths","Deaths",2014,7459.658923838748
"TGO","Togo","admin0","Deaths","Deaths",2015,7267.692818980408
"TGO","Togo","admin0","Deaths","Deaths",2016,6708.732274848978
"TGO","Togo","admin0","Deaths","Deaths",2017,5940.593294424641
"TGO","Togo","admin0","Deaths","Deaths",2018,5869.405662669177
"TGO","Togo","admin0","Deaths","Deaths",2019,5843.6891202489305
"TGO","Togo","admin0","Deaths","Deaths",2020,6178.057511127005
"TGO","Togo","admin0","Deaths","Deaths",2021,5868.563787472786
"TGO","Togo","admin0","Deaths","Deaths",2022,6010.8576047667475
"THA","Thailand","admin0","Clinical Cases","Cases",2010,33639.79707851676
"THA","Thailand","admin0","Clinical Cases","Cases",2011,31069.963220606933
"THA","Thailand","admin0","Clinical Cases","Cases",2012,40540.801940849364
"THA","Thailand","admin0","Clinical Cases","Cases",2013,38849.5316131838
"THA","Thailand","admin0","Clinical Cases","Cases",2014,30515.576830858805
"THA","Thailand","admin0","Clinical Cases","Cases",2015,12675.676981077138
"THA","Thailand","admin0","Clinical Cases","Cases",2016,5277.9182948116995
"THA","Thailand","admin0","Clinical Cases","Cases",2017,0
"THA","Thailand","admin0","Clinical Cases","Cases",2018,1179.1126204921445
"THA","Thailand","admin0","Clinical Cases","Cases",2019,4629.805446072953
"THA","Thailand","admin0","Clinical Cases","Cases",2020,354.9831693666186
"THA","Thailand","admin0","Clinical Cases","Cases",2021,219.46065009505148
"THA","Thailand","admin0","Clinical Cases","Cases",2022,305.73101706262776
"THA","Thailand","admin0","Deaths","Deaths",2010,138.10590336405843
"THA","Thailand","admin0","Deaths","Deaths",2011,107.47390264916844
"THA","Thailand","admin0","Deaths","Deaths",2012,107.85199330600855
"THA","Thailand","admin0","Deaths","Deaths",2013,103.70443181626152
"THA","Thailand","admin0","Deaths","Deaths",2014,75.21220190672015
"THA","Thailand","admin0","Deaths","Deaths",2015,14.524178170885051
"THA","Thailand","admin0","Deaths","Deaths",2016,6.153734764767161
"THA","Thailand","admin0","Deaths","Deaths",2017,0
"THA","Thailand","admin0","Deaths","Deaths",2018,3.438633081220737
"THA","Thailand","admin0","Deaths","Deaths",2019,2.0688530079796794
"THA","Thailand","admin0","Deaths","Deaths",2020,0.9058643589676274
"THA","Thailand","admin0","Deaths","Deaths",2021,0.5419577906771821
"THA","Thailand","admin0","Deaths","Deaths",2022,0.42762506603287853
"TJK","Tajikistan","admin0","Clinical Cases","Cases",2010,0.9999980689137584
"TJK","Tajikistan","admin0","Clinical Cases","Cases",2011,4.999997365992805
"TJK","Tajikistan","admin0","Clinical Cases","Cases",2012,2.205125009771432
"TJK","Tajikistan","admin0","Clinical Cases","Cases",2013,1.0714312011804246
"TJK","Tajikistan","admin0","Clinical Cases","Cases",2014,0
"TJK","Tajikistan","admin0","Clinical Cases","Cases",2015,0
"TJK","Tajikistan","admin0","Clinical Cases","Cases",2016,0
"TJK","Tajikistan","admin0","Clinical Cases","Cases",2017,0
"TJK","Tajikistan","admin0","Clinical Cases","Cases",2018,0
"TJK","Tajikistan","admin0","Clinical Cases","Cases",2019,0
"TJK","Tajikistan","admin0","Clinical Cases","Cases",2020,0
"TJK","Tajikistan","admin0","Clinical Cases","Cases",2021,0
"TJK","Tajikistan","admin0","Clinical Cases","Cases",2022,0
"TJK","Tajikistan","admin0","Deaths","Deaths",2010,0
"TJK","Tajikistan","admin0","Deaths","Deaths",2011,0
"TJK","Tajikistan","admin0","Deaths","Deaths",2012,0
"TJK","Tajikistan","admin0","Deaths","Deaths",2013,0
"TJK","Tajikistan","admin0","Deaths","Deaths",2014,0
"TJK","Tajikistan","admin0","Deaths","Deaths",2015,0
"TJK","Tajikistan","admin0","Deaths","Deaths",2016,0
"TJK","Tajikistan","admin0","Deaths","Deaths",2017,0
"TJK","Tajikistan","admin0","Deaths","Deaths",2018,0
"TJK","Tajikistan","admin0","Deaths","Deaths",2019,0
"TJK","Tajikistan","admin0","Deaths","Deaths",2020,0
"TJK","Tajikistan","admin0","Deaths","Deaths",2021,0
"TJK","Tajikistan","admin0","Deaths","Deaths",2022,0
"TKM","Turkmenistan","admin0","Clinical Cases","Cases",2010,0
"TKM","Turkmenistan","admin0","Clinical Cases","Cases",2011,0
"TKM","Turkmenistan","admin0","Clinical Cases","Cases",2012,0
"TKM","Turkmenistan","admin0","Clinical Cases","Cases",2013,0
"TKM","Turkmenistan","admin0","Clinical Cases","Cases",2014,0
"TKM","Turkmenistan","admin0","Clinical Cases","Cases",2015,0
"TKM","Turkmenistan","admin0","Clinical Cases","Cases",2016,0
"TKM","Turkmenistan","admin0","Clinical Cases","Cases",2017,0
"TKM","Turkmenistan","admin0","Clinical Cases","Cases",2018,0
"TKM","Turkmenistan","admin0","Clinical Cases","Cases",2019,0
"TKM","Turkmenistan","admin0","Clinical Cases","Cases",2020,0
"TKM","Turkmenistan","admin0","Clinical Cases","Cases",2021,0
"TKM","Turkmenistan","admin0","Clinical Cases","Cases",2022,0
"TKM","Turkmenistan","admin0","Deaths","Deaths",2010,0
"TKM","Turkmenistan","admin0","Deaths","Deaths",2011,0
"TKM","Turkmenistan","admin0","Deaths","Deaths",2012,0
"TKM","Turkmenistan","admin0","Deaths","Deaths",2013,0
"TKM","Turkmenistan","admin0","Deaths","Deaths",2014,0
"TKM","Turkmenistan","admin0","Deaths","Deaths",2015,0
"TKM","Turkmenistan","admin0","Deaths","Deaths",2016,0
"TKM","Turkmenistan","admin0","Deaths","Deaths",2017,0
"TKM","Turkmenistan","admin0","Deaths","Deaths",2018,0
"TKM","Turkmenistan","admin0","Deaths","Deaths",2019,0
"TKM","Turkmenistan","admin0","Deaths","Deaths",2020,0
"TKM","Turkmenistan","admin0","Deaths","Deaths",2021,0
"TKM","Turkmenistan","admin0","Deaths","Deaths",2022,0
"TLS","Timor-Leste","admin0","Clinical Cases","Cases",2010,73747.95231568486
"TLS","Timor-Leste","admin0","Clinical Cases","Cases",2011,26196.617281697767
"TLS","Timor-Leste","admin0","Clinical Cases","Cases",2012,3495.583102542801
"TLS","Timor-Leste","admin0","Clinical Cases","Cases",2013,626.3179339196312
"TLS","Timor-Leste","admin0","Clinical Cases","Cases",2014,226.67585825824148
"TLS","Timor-Leste","admin0","Clinical Cases","Cases",2015,66.67259255099918
"TLS","Timor-Leste","admin0","Clinical Cases","Cases",2016,95.86044804713414
"TLS","Timor-Leste","admin0","Clinical Cases","Cases",2017,13.19531570111878
"TLS","Timor-Leste","admin0","Clinical Cases","Cases",2018,2.111903659347464
"TLS","Timor-Leste","admin0","Clinical Cases","Cases",2019,0
"TLS","Timor-Leste","admin0","Clinical Cases","Cases",2020,3.7803849840806825
"TLS","Timor-Leste","admin0","Clinical Cases","Cases",2021,0
"TLS","Timor-Leste","admin0","Clinical Cases","Cases",2022,0
"TLS","Timor-Leste","admin0","Deaths","Deaths",2010,356.60305410453054
"TLS","Timor-Leste","admin0","Deaths","Deaths",2011,131.47442618137063
"TLS","Timor-Leste","admin0","Deaths","Deaths",2012,16.753830369588265
"TLS","Timor-Leste","admin0","Deaths","Deaths",2013,3.1715430996147
"TLS","Timor-Leste","admin0","Deaths","Deaths",2014,1.066803203149508
"TLS","Timor-Leste","admin0","Deaths","Deaths",2015,0.23929980568296666
"TLS","Timor-Leste","admin0","Deaths","Deaths",2016,0.33760649377105906
"TLS","Timor-Leste","admin0","Deaths","Deaths",2017,0.04869572652813934
"TLS","Timor-Leste","admin0","Deaths","Deaths",2018,0
"TLS","Timor-Leste","admin0","Deaths","Deaths",2019,0
"TLS","Timor-Leste","admin0","Deaths","Deaths",2020,0.010726342377496442
"TLS","Timor-Leste","admin0","Deaths","Deaths",2021,0
"TLS","Timor-Leste","admin0","Deaths","Deaths",2022,0
"TUR","Turkey","admin0","Clinical Cases","Cases",2010,0
"TUR","Turkey","admin0","Clinical Cases","Cases",2011,0
"TUR","Turkey","admin0","Clinical Cases","Cases",2012,0
"TUR","Turkey","admin0","Clinical Cases","Cases",2013,0
"TUR","Turkey","admin0","Clinical Cases","Cases",2014,0
"TUR","Turkey","admin0","Clinical Cases","Cases",2015,0
"TUR","Turkey","admin0","Clinical Cases","Cases",2016,0
"TUR","Turkey","admin0","Clinical Cases","Cases",2017,0
"TUR","Turkey","admin0","Clinical Cases","Cases",2018,0
"TUR","Turkey","admin0","Clinical Cases","Cases",2019,0
"TUR","Turkey","admin0","Clinical Cases","Cases",2020,0
"TUR","Turkey","admin0","Clinical Cases","Cases",2021,0
"TUR","Turkey","admin0","Clinical Cases","Cases",2022,0
"TUR","Turkey","admin0","Deaths","Deaths",2010,0
"TUR","Turkey","admin0","Deaths","Deaths",2011,0
"TUR","Turkey","admin0","Deaths","Deaths",2012,0
"TUR","Turkey","admin0","Deaths","Deaths",2013,0
"TUR","Turkey","admin0","Deaths","Deaths",2014,0
"TUR","Turkey","admin0","Deaths","Deaths",2015,0
"TUR","Turkey","admin0","Deaths","Deaths",2016,0
"TUR","Turkey","admin0","Deaths","Deaths",2017,0
"TUR","Turkey","admin0","Deaths","Deaths",2018,0
"TUR","Turkey","admin0","Deaths","Deaths",2019,0
"TUR","Turkey","admin0","Deaths","Deaths",2020,0
"TUR","Turkey","admin0","Deaths","Deaths",2021,0
"TUR","Turkey","admin0","Deaths","Deaths",2022,0
"TZA","Tanzania","admin0","Clinical Cases","Cases",2010,6538775.289252081
"TZA","Tanzania","admin0","Clinical Cases","Cases",2011,6090034.8324572295
"TZA","Tanzania","admin0","Clinical Cases","Cases",2012,5715160.989573968
"TZA","Tanzania","admin0","Clinical Cases","Cases",2013,6360417.3254413
"TZA","Tanzania","admin0","Clinical Cases","Cases",2014,7220444.643665617
"TZA","Tanzania","admin0","Clinical Cases","Cases",2015,7248702.095016672
"TZA","Tanzania","admin0","Clinical Cases","Cases",2016,7084267.684455156
"TZA","Tanzania","admin0","Clinical Cases","Cases",2017,6687244.439788819
"TZA","Tanzania","admin0","Clinical Cases","Cases",2018,6285337.02131244
"TZA","Tanzania","admin0","Clinical Cases","Cases",2019,6704210.833437778
"TZA","Tanzania","admin0","Clinical Cases","Cases",2020,7186337.793759332
"TZA","Tanzania","admin0","Clinical Cases","Cases",2021,8106623.819812295
"TZA","Tanzania","admin0","Clinical Cases","Cases",2022,9038554.040815147
"TZA","Tanzania","admin0","Deaths","Deaths",2010,17413.846957568046
"TZA","Tanzania","admin0","Deaths","Deaths",2011,15236.732217782846
"TZA","Tanzania","admin0","Deaths","Deaths",2012,13521.52473546258
"TZA","Tanzania","admin0","Deaths","Deaths",2013,14825.929850217808
"TZA","Tanzania","admin0","Deaths","Deaths",2014,16235.00938939368
"TZA","Tanzania","admin0","Deaths","Deaths",2015,16805.670031802743
"TZA","Tanzania","admin0","Deaths","Deaths",2016,15926.986442085898
"TZA","Tanzania","admin0","Deaths","Deaths",2017,15010.378436217099
"TZA","Tanzania","admin0","Deaths","Deaths",2018,14596.149650585001
"TZA","Tanzania","admin0","Deaths","Deaths",2019,14562.722924910493
"TZA","Tanzania","admin0","Deaths","Deaths",2020,16105.422542532302
"TZA","Tanzania","admin0","Deaths","Deaths",2021,15500.585183366253
"TZA","Tanzania","admin0","Deaths","Deaths",2022,16101.067300037732
"UGA","Uganda","admin0","Clinical Cases","Cases",2010,13236060.674015535
"UGA","Uganda","admin0","Clinical Cases","Cases",2011,12863999.144159487
"UGA","Uganda","admin0","Clinical Cases","Cases",2012,12225640.26966838
"UGA","Uganda","admin0","Clinical Cases","Cases",2013,11117556.294936704
"UGA","Uganda","admin0","Clinical Cases","Cases",2014,10600884.708682243
"UGA","Uganda","admin0","Clinical Cases","Cases",2015,9808552.026175335
"UGA","Uganda","admin0","Clinical Cases","Cases",2016,10522243.290989764
"UGA","Uganda","admin0","Clinical Cases","Cases",2017,10599614.339861002
"UGA","Uganda","admin0","Clinical Cases","Cases",2018,10193824.057203865
"UGA","Uganda","admin0","Clinical Cases","Cases",2019,10692509.64332637
"UGA","Uganda","admin0","Clinical Cases","Cases",2020,10957903.499188177
"UGA","Uganda","admin0","Clinical Cases","Cases",2021,11014837.164631654
"UGA","Uganda","admin0","Clinical Cases","Cases",2022,11453527.81713682
"UGA","Uganda","admin0","Deaths","Deaths",2010,37744.08379203805
"UGA","Uganda","admin0","Deaths","Deaths",2011,34256.72264921656
"UGA","Uganda","admin0","Deaths","Deaths",2012,29160.45098093629
"UGA","Uganda","admin0","Deaths","Deaths",2013,26163.051920830723
"UGA","Uganda","admin0","Deaths","Deaths",2014,23622.022792485765
"UGA","Uganda","admin0","Deaths","Deaths",2015,23179.952585239975
"UGA","Uganda","admin0","Deaths","Deaths",2016,24626.735762010427
"UGA","Uganda","admin0","Deaths","Deaths",2017,23578.05728393601
"UGA","Uganda","admin0","Deaths","Deaths",2018,21917.47736130277
"UGA","Uganda","admin0","Deaths","Deaths",2019,21831.629716046376
"UGA","Uganda","admin0","Deaths","Deaths",2020,32230.979930708934
"UGA","Uganda","admin0","Deaths","Deaths",2021,45826.7477651008
"UGA","Uganda","admin0","Deaths","Deaths",2022,22800.418849848214
"UZB","Uzbekistan","admin0","Clinical Cases","Cases",2010,0
"UZB","Uzbekistan","admin0","Clinical Cases","Cases",2011,0
"UZB","Uzbekistan","admin0","Clinical Cases","Cases",2012,0
"UZB","Uzbekistan","admin0","Clinical Cases","Cases",2013,0
"UZB","Uzbekistan","admin0","Clinical Cases","Cases",2014,0
"UZB","Uzbekistan","admin0","Clinical Cases","Cases",2015,0
"UZB","Uzbekistan","admin0","Clinical Cases","Cases",2016,0
"UZB","Uzbekistan","admin0","Clinical Cases","Cases",2017,0
"UZB","Uzbekistan","admin0","Clinical Cases","Cases",2018,0
"UZB","Uzbekistan","admin0","Clinical Cases","Cases",2019,0
"UZB","Uzbekistan","admin0","Clinical Cases","Cases",2020,0
"UZB","Uzbekistan","admin0","Clinical Cases","Cases",2021,0
"UZB","Uzbekistan","admin0","Clinical Cases","Cases",2022,0
"UZB","Uzbekistan","admin0","Deaths","Deaths",2010,0
"UZB","Uzbekistan","admin0","Deaths","Deaths",2011,0
"UZB","Uzbekistan","admin0","Deaths","Deaths",2012,0
"UZB","Uzbekistan","admin0","Deaths","Deaths",2013,0
"UZB","Uzbekistan","admin0","Deaths","Deaths",2014,0
"UZB","Uzbekistan","admin0","Deaths","Deaths",2015,0
"UZB","Uzbekistan","admin0","Deaths","Deaths",2016,0
"UZB","Uzbekistan","admin0","Deaths","Deaths",2017,0
"UZB","Uzbekistan","admin0","Deaths","Deaths",2018,0
"UZB","Uzbekistan","admin0","Deaths","Deaths",2019,0
"UZB","Uzbekistan","admin0","Deaths","Deaths",2020,0
"UZB","Uzbekistan","admin0","Deaths","Deaths",2021,0
"UZB","Uzbekistan","admin0","Deaths","Deaths",2022,0
"VEN","Venezuela","admin0","Clinical Cases","Cases",2010,21051.79515971744
"VEN","Venezuela","admin0","Clinical Cases","Cases",2011,19908.398052499124
"VEN","Venezuela","admin0","Clinical Cases","Cases",2012,22157.390854767593
"VEN","Venezuela","admin0","Clinical Cases","Cases",2013,43514.40693968048
"VEN","Venezuela","admin0","Clinical Cases","Cases",2014,43637.71357887676
"VEN","Venezuela","admin0","Clinical Cases","Cases",2015,72241.67089789388
"VEN","Venezuela","admin0","Clinical Cases","Cases",2016,112357.50036901607
"VEN","Venezuela","admin0","Clinical Cases","Cases",2017,185471.413925387
"VEN","Venezuela","admin0","Clinical Cases","Cases",2018,209763.86103512903
"VEN","Venezuela","admin0","Clinical Cases","Cases",2019,175597.81517649553
"VEN","Venezuela","admin0","Clinical Cases","Cases",2020,94936.39956444247
"VEN","Venezuela","admin0","Clinical Cases","Cases",2021,68868.74975386182
"VEN","Venezuela","admin0","Clinical Cases","Cases",2022,55399.82954847655
"VEN","Venezuela","admin0","Deaths","Deaths",2010,60.71014269483278
"VEN","Venezuela","admin0","Deaths","Deaths",2011,58.112402951124125
"VEN","Venezuela","admin0","Deaths","Deaths",2012,68.77367826719778
"VEN","Venezuela","admin0","Deaths","Deaths",2013,147.50103996023435
"VEN","Venezuela","admin0","Deaths","Deaths",2014,143.99724350004993
"VEN","Venezuela","admin0","Deaths","Deaths",2015,266.37466844268704
"VEN","Venezuela","admin0","Deaths","Deaths",2016,382.20284515402597
"VEN","Venezuela","admin0","Deaths","Deaths",2017,627.4204527679124
"VEN","Venezuela","admin0","Deaths","Deaths",2018,714.7303371294582
"VEN","Venezuela","admin0","Deaths","Deaths",2019,566.4888777351957
"VEN","Venezuela","admin0","Deaths","Deaths",2020,342.4344559837147
"VEN","Venezuela","admin0","Deaths","Deaths",2021,372.7194231029838
"VEN","Venezuela","admin0","Deaths","Deaths",2022,493.3746739023307
"VNM","Vietnam","admin0","Clinical Cases","Cases",2010,38449.813600626374
"VNM","Vietnam","admin0","Clinical Cases","Cases",2011,31441.153516797604
"VNM","Vietnam","admin0","Clinical Cases","Cases",2012,33383.39717733
"VNM","Vietnam","admin0","Clinical Cases","Cases",2013,27283.06971026822
"VNM","Vietnam","admin0","Clinical Cases","Cases",2014,23813.857364650605
"VNM","Vietnam","admin0","Clinical Cases","Cases",2015,12723.831233184374
"VNM","Vietnam","admin0","Clinical Cases","Cases",2016,6315.503807974411
"VNM","Vietnam","admin0","Clinical Cases","Cases",2017,7933.772496070923
"VNM","Vietnam","admin0","Clinical Cases","Cases",2018,5287.637923966749
"VNM","Vietnam","admin0","Clinical Cases","Cases",2019,5519.349478608682
"VNM","Vietnam","admin0","Clinical Cases","Cases",2020,2181.1936441194407
"VNM","Vietnam","admin0","Clinical Cases","Cases",2021,443.9016279625881
"VNM","Vietnam","admin0","Clinical Cases","Cases",2022,705.244764145781
"VNM","Vietnam","admin0","Deaths","Deaths",2010,304.27422021307655
"VNM","Vietnam","admin0","Deaths","Deaths",2011,205.43187438032805
"VNM","Vietnam","admin0","Deaths","Deaths",2012,202.3705974206131
"VNM","Vietnam","admin0","Deaths","Deaths",2013,144.3035038103059
"VNM","Vietnam","admin0","Deaths","Deaths",2014,111.01990971575782
"VNM","Vietnam","admin0","Deaths","Deaths",2015,60.116926844760044
"VNM","Vietnam","admin0","Deaths","Deaths",2016,26.8486656927701
"VNM","Vietnam","admin0","Deaths","Deaths",2017,32.023311645281424
"VNM","Vietnam","admin0","Deaths","Deaths",2018,23.83825881947432
"VNM","Vietnam","admin0","Deaths","Deaths",2019,20.558574348185665
"VNM","Vietnam","admin0","Deaths","Deaths",2020,7.810563535923526
"VNM","Vietnam","admin0","Deaths","Deaths",2021,2.3464234579320054
"VNM","Vietnam","admin0","Deaths","Deaths",2022,12.369647642206612
"VUT","Vanuatu","admin0","Clinical Cases","Cases",2010,7752.209871676776
"VUT","Vanuatu","admin0","Clinical Cases","Cases",2011,4996.794942918232
"VUT","Vanuatu","admin0","Clinical Cases","Cases",2012,4188.3937784937825
"VUT","Vanuatu","admin0","Clinical Cases","Cases",2013,2470.084599684214
"VUT","Vanuatu","admin0","Clinical Cases","Cases",2014,723.6964629989516
"VUT","Vanuatu","admin0","Clinical Cases","Cases",2015,361.59692619521456
"VUT","Vanuatu","admin0","Clinical Cases","Cases",2016,430.2644489007235
"VUT","Vanuatu","admin0","Clinical Cases","Cases",2017,578.3820761615516
"VUT","Vanuatu","admin0","Clinical Cases","Cases",2018,81.09575516878508
"VUT","Vanuatu","admin0","Clinical Cases","Cases",2019,67.18634514784685
"VUT","Vanuatu","admin0","Clinical Cases","Cases",2020,69.80167011856136
"VUT","Vanuatu","admin0","Clinical Cases","Cases",2021,0
"VUT","Vanuatu","admin0","Clinical Cases","Cases",2022,0
"VUT","Vanuatu","admin0","Deaths","Deaths",2010,41.0972583617101
"VUT","Vanuatu","admin0","Deaths","Deaths",2011,23.953908912536093
"VUT","Vanuatu","admin0","Deaths","Deaths",2012,18.382021403496886
"VUT","Vanuatu","admin0","Deaths","Deaths",2013,9.70572125689376
"VUT","Vanuatu","admin0","Deaths","Deaths",2014,2.452811421373176
"VUT","Vanuatu","admin0","Deaths","Deaths",2015,1.0938438305835463
"VUT","Vanuatu","admin0","Deaths","Deaths",2016,1.2068195822900434
"VUT","Vanuatu","admin0","Deaths","Deaths",2017,1.592646012750275
"VUT","Vanuatu","admin0","Deaths","Deaths",2018,0.28149934449729985
"VUT","Vanuatu","admin0","Deaths","Deaths",2019,0.14208121948219696
"VUT","Vanuatu","admin0","Deaths","Deaths",2020,0.13766761077668452
"VUT","Vanuatu","admin0","Deaths","Deaths",2021,0
"VUT","Vanuatu","admin0","Deaths","Deaths",2022,0
"YEM","Yemen","admin0","Clinical Cases","Cases",2010,731842.9194543291
"YEM","Yemen","admin0","Clinical Cases","Cases",2011,771715.8287221947
"YEM","Yemen","admin0","Clinical Cases","Cases",2012,899764.0606638842
"YEM","Yemen","admin0","Clinical Cases","Cases",2013,866093.4575387305
"YEM","Yemen","admin0","Clinical Cases","Cases",2014,1003374.4949702149
"YEM","Yemen","admin0","Clinical Cases","Cases",2015,993648.3743981228
"YEM","Yemen","admin0","Clinical Cases","Cases",2016,1227721.2081931657
"YEM","Yemen","admin0","Clinical Cases","Cases",2017,1577721.0698905576
"YEM","Yemen","admin0","Clinical Cases","Cases",2018,1924866.8559911042
"YEM","Yemen","admin0","Clinical Cases","Cases",2019,2053775.0938958162
"YEM","Yemen","admin0","Clinical Cases","Cases",2020,2154422.4432741925
"YEM","Yemen","admin0","Clinical Cases","Cases",2021,2208348.4627139037
"YEM","Yemen","admin0","Clinical Cases","Cases",2022,1997594.9644013357
"YEM","Yemen","admin0","Deaths","Deaths",2010,5838.234614320081
"YEM","Yemen","admin0","Deaths","Deaths",2011,5541.372338247151
"YEM","Yemen","admin0","Deaths","Deaths",2012,6121.3606943258765
"YEM","Yemen","admin0","Deaths","Deaths",2013,5359.352255243533
"YEM","Yemen","admin0","Deaths","Deaths",2014,6212.011935161224
"YEM","Yemen","admin0","Deaths","Deaths",2015,6042.457278469107
"YEM","Yemen","admin0","Deaths","Deaths",2016,7781.998143040958
"YEM","Yemen","admin0","Deaths","Deaths",2017,10085.627429441438
"YEM","Yemen","admin0","Deaths","Deaths",2018,10782.664065217963
"YEM","Yemen","admin0","Deaths","Deaths",2019,8351.353837689605
"YEM","Yemen","admin0","Deaths","Deaths",2020,8667.758964609173
"YEM","Yemen","admin0","Deaths","Deaths",2021,9257.250456019498
"YEM","Yemen","admin0","Deaths","Deaths",2022,10776.457625464898
"ZAF","South Africa","admin0","Clinical Cases","Cases",2010,27010.221161594225
"ZAF","South Africa","admin0","Clinical Cases","Cases",2011,35249.68553107444
"ZAF","South Africa","admin0","Clinical Cases","Cases",2012,26649.41432005673
"ZAF","South Africa","admin0","Clinical Cases","Cases",2013,49137.52921719047
"ZAF","South Africa","admin0","Clinical Cases","Cases",2014,51464.64604239782
"ZAF","South Africa","admin0","Clinical Cases","Cases",2015,19928.01179722368
"ZAF","South Africa","admin0","Clinical Cases","Cases",2016,23845.083333931976
"ZAF","South Africa","admin0","Clinical Cases","Cases",2017,118861.22550486529
"ZAF","South Africa","admin0","Clinical Cases","Cases",2018,50234.12098842019
"ZAF","South Africa","admin0","Clinical Cases","Cases",2019,28632.35537893422
"ZAF","South Africa","admin0","Clinical Cases","Cases",2020,29739.953619430158
"ZAF","South Africa","admin0","Clinical Cases","Cases",2021,20304.262592914227
"ZAF","South Africa","admin0","Clinical Cases","Cases",2022,14765.532363391596
"ZAF","South Africa","admin0","Deaths","Deaths",2010,54.95436390619049
"ZAF","South Africa","admin0","Deaths","Deaths",2011,63.443842729149516
"ZAF","South Africa","admin0","Deaths","Deaths",2012,42.651238357301004
"ZAF","South Africa","admin0","Deaths","Deaths",2013,83.94579522402242
"ZAF","South Africa","admin0","Deaths","Deaths",2014,74.0401363865603
"ZAF","South Africa","admin0","Deaths","Deaths",2015,26.856040237947145
"ZAF","South Africa","admin0","Deaths","Deaths",2016,30.662157929416377
"ZAF","South Africa","admin0","Deaths","Deaths",2017,181.30674137732117
"ZAF","South Africa","admin0","Deaths","Deaths",2018,93.7482885026096
"ZAF","South Africa","admin0","Deaths","Deaths",2019,20.57420283220253
"ZAF","South Africa","admin0","Deaths","Deaths",2020,30.71510631335462
"ZAF","South Africa","admin0","Deaths","Deaths",2021,56.244993899503385
"ZAF","South Africa","admin0","Deaths","Deaths",2022,83.21703689058342
"ZMB","Zambia","admin0","Clinical Cases","Cases",2010,2251284.2107884814
"ZMB","Zambia","admin0","Clinical Cases","Cases",2011,2478005.3918593936
"ZMB","Zambia","admin0","Clinical Cases","Cases",2012,2853336.0563922385
"ZMB","Zambia","admin0","Clinical Cases","Cases",2013,3372807.4772645766
"ZMB","Zambia","admin0","Clinical Cases","Cases",2014,3566792.893013899
"ZMB","Zambia","admin0","Clinical Cases","Cases",2015,3457769.0072420854
"ZMB","Zambia","admin0","Clinical Cases","Cases",2016,3328739.2665773127
"ZMB","Zambia","admin0","Clinical Cases","Cases",2017,3167450.1098029288
"ZMB","Zambia","admin0","Clinical Cases","Cases",2018,3258283.037585947
"ZMB","Zambia","admin0","Clinical Cases","Cases",2019,3272084.1022304706
"ZMB","Zambia","admin0","Clinical Cases","Cases",2020,3341932.3305579857
"ZMB","Zambia","admin0","Clinical Cases","Cases",2021,3439740.7983435798
"ZMB","Zambia","admin0","Clinical Cases","Cases",2022,3621207.2150022457
"ZMB","Zambia","admin0","Deaths","Deaths",2010,4323.603074033075
"ZMB","Zambia","admin0","Deaths","Deaths",2011,4211.078014833179
"ZMB","Zambia","admin0","Deaths","Deaths",2012,4753.527747751487
"ZMB","Zambia","admin0","Deaths","Deaths",2013,5774.048348935765
"ZMB","Zambia","admin0","Deaths","Deaths",2014,6031.553692945021
"ZMB","Zambia","admin0","Deaths","Deaths",2015,5852.6741025231495
"ZMB","Zambia","admin0","Deaths","Deaths",2016,5670.047553727178
"ZMB","Zambia","admin0","Deaths","Deaths",2017,5332.121368182725
"ZMB","Zambia","admin0","Deaths","Deaths",2018,5789.745967771932
"ZMB","Zambia","admin0","Deaths","Deaths",2019,5599.231109568016
"ZMB","Zambia","admin0","Deaths","Deaths",2020,6985.34034066814
"ZMB","Zambia","admin0","Deaths","Deaths",2021,6642.016559427048
"ZMB","Zambia","admin0","Deaths","Deaths",2022,5921.454880169872
"ZWE","Zimbabwe","admin0","Clinical Cases","Cases",2010,2019178.334492551
"ZWE","Zimbabwe","admin0","Clinical Cases","Cases",2011,1419652.2203567235
"ZWE","Zimbabwe","admin0","Clinical Cases","Cases",2012,1255038.8958597477
"ZWE","Zimbabwe","admin0","Clinical Cases","Cases",2013,1828160.7609501956
"ZWE","Zimbabwe","admin0","Clinical Cases","Cases",2014,2292958.7093466665
"ZWE","Zimbabwe","admin0","Clinical Cases","Cases",2015,2119375.320498784
"ZWE","Zimbabwe","admin0","Clinical Cases","Cases",2016,1586728.6777644472
"ZWE","Zimbabwe","admin0","Clinical Cases","Cases",2017,2353795.941553917
"ZWE","Zimbabwe","admin0","Clinical Cases","Cases",2018,1435542.6016872772
"ZWE","Zimbabwe","admin0","Clinical Cases","Cases",2019,1580024.8273442518
"ZWE","Zimbabwe","admin0","Clinical Cases","Cases",2020,1930994.0161856553
"ZWE","Zimbabwe","admin0","Clinical Cases","Cases",2021,890501.2324781725
"ZWE","Zimbabwe","admin0","Clinical Cases","Cases",2022,822570.4370028201
"ZWE","Zimbabwe","admin0","Deaths","Deaths",2010,6060.153436969915
"ZWE","Zimbabwe","admin0","Deaths","Deaths",2011,4432.005174358731
"ZWE","Zimbabwe","admin0","Deaths","Deaths",2012,3634.2478244245963
"ZWE","Zimbabwe","admin0","Deaths","Deaths",2013,4918.804778302741
"ZWE","Zimbabwe","admin0","Deaths","Deaths",2014,5783.484505974292
"ZWE","Zimbabwe","admin0","Deaths","Deaths",2015,5082.146370165078
"ZWE","Zimbabwe","admin0","Deaths","Deaths",2016,4094.4470892979894
"ZWE","Zimbabwe","admin0","Deaths","Deaths",2017,5584.651262346675
"ZWE","Zimbabwe","admin0","Deaths","Deaths",2018,3718.389083061807
"ZWE","Zimbabwe","admin0","Deaths","Deaths",2019,3409.285455848202
"ZWE","Zimbabwe","admin0","Deaths","Deaths",2020,3971.572349217682
"ZWE","Zimbabwe","admin0","Deaths","Deaths",2021,1744.9335085836728
"ZWE","Zimbabwe","admin0","Deaths","Deaths",2022,4445.713619423107
