"ISO3","Name","Admin Level","Metric","Units","Year","Value"
"AFG","Afghanistan","admin0","Incidence Rate","Cases per Thousand",2010,12.478185286634
"AFG","Afghanistan","admin0","Incidence Rate","Cases per Thousand",2011,14.376678351744001
"AFG","Afghanistan","admin0","Incidence Rate","Cases per Thousand",2012,10.0935652566293
"AFG","Afghanistan","admin0","Incidence Rate","Cases per Thousand",2013,9.41094405118826
"AFG","Afghanistan","admin0","Incidence Rate","Cases per Thousand",2014,13.6454554024476
"AFG","Afghanistan","admin0","Incidence Rate","Cases per Thousand",2015,17.5935116079528
"AFG","Afghanistan","admin0","Incidence Rate","Cases per Thousand",2016,26.177528286632
"AFG","Afghanistan","admin0","Incidence Rate","Cases per Thousand",2017,29.3764073706941
"AFG","Afghanistan","admin0","Incidence Rate","Cases per Thousand",2018,22.5098533813599
"AFG","Afghanistan","admin0","Incidence Rate","Cases per Thousand",2019,15.4049916930826
"AFG","Afghanistan","admin0","Incidence Rate","Cases per Thousand",2020,10.474666266694001
"AFG","Afghanistan","admin0","Incidence Rate","Cases per Thousand",2021,7.14824135994324
"AFG","Afghanistan","admin0","Incidence Rate","Cases per Thousand",2022,9.57632527413297
"AFG","Afghanistan","admin0","Infection Prevalence","per 100 People",2010,0.808460348832846
"AFG","Afghanistan","admin0","Infection Prevalence","per 100 People",2011,0.8614007095466929
"AFG","Afghanistan","admin0","Infection Prevalence","per 100 People",2012,0.723373827032634
"AFG","Afghanistan","admin0","Infection Prevalence","per 100 People",2013,0.695027977845584
"AFG","Afghanistan","admin0","Infection Prevalence","per 100 People",2014,0.822836983629875
"AFG","Afghanistan","admin0","Infection Prevalence","per 100 People",2015,0.921594349207058
"AFG","Afghanistan","admin0","Infection Prevalence","per 100 People",2016,1.11309006851399
"AFG","Afghanistan","admin0","Infection Prevalence","per 100 People",2017,1.17627197582629
"AFG","Afghanistan","admin0","Infection Prevalence","per 100 People",2018,1.03612312726201
"AFG","Afghanistan","admin0","Infection Prevalence","per 100 People",2019,0.865746897981442
"AFG","Afghanistan","admin0","Infection Prevalence","per 100 People",2020,0.720204990465158
"AFG","Afghanistan","admin0","Infection Prevalence","per 100 People",2021,0.600612004243277
"AFG","Afghanistan","admin0","Infection Prevalence","per 100 People",2022,0.6891250765189271
"AGO","Angola","admin0","Incidence Rate","Cases per Thousand",2010,0
"AGO","Angola","admin0","Incidence Rate","Cases per Thousand",2011,0
"AGO","Angola","admin0","Incidence Rate","Cases per Thousand",2012,0
"AGO","Angola","admin0","Incidence Rate","Cases per Thousand",2013,0
"AGO","Angola","admin0","Incidence Rate","Cases per Thousand",2014,0
"AGO","Angola","admin0","Incidence Rate","Cases per Thousand",2015,0
"AGO","Angola","admin0","Incidence Rate","Cases per Thousand",2016,0
"AGO","Angola","admin0","Incidence Rate","Cases per Thousand",2017,0
"AGO","Angola","admin0","Incidence Rate","Cases per Thousand",2018,0
"AGO","Angola","admin0","Incidence Rate","Cases per Thousand",2019,0
"AGO","Angola","admin0","Incidence Rate","Cases per Thousand",2020,0
"AGO","Angola","admin0","Incidence Rate","Cases per Thousand",2021,0
"AGO","Angola","admin0","Incidence Rate","Cases per Thousand",2022,0
"AGO","Angola","admin0","Infection Prevalence","per 100 People",2010,0
"AGO","Angola","admin0","Infection Prevalence","per 100 People",2011,0
"AGO","Angola","admin0","Infection Prevalence","per 100 People",2012,0
"AGO","Angola","admin0","Infection Prevalence","per 100 People",2013,0
"AGO","Angola","admin0","Infection Prevalence","per 100 People",2014,0
"AGO","Angola","admin0","Infection Prevalence","per 100 People",2015,0
"AGO","Angola","admin0","Infection Prevalence","per 100 People",2016,0
"AGO","Angola","admin0","Infection Prevalence","per 100 People",2017,0
"AGO","Angola","admin0","Infection Prevalence","per 100 People",2018,0
"AGO","Angola","admin0","Infection Prevalence","per 100 People",2019,0
"AGO","Angola","admin0","Infection Prevalence","per 100 People",2020,0
"AGO","Angola","admin0","Infection Prevalence","per 100 People",2021,0
"AGO","Angola","admin0","Infection Prevalence","per 100 People",2022,0
"ARG","Argentina","admin0","Incidence Rate","Cases per Thousand",2010,0.00160466419421334
"ARG","Argentina","admin0","Incidence Rate","Cases per Thousand",2011,0
"ARG","Argentina","admin0","Incidence Rate","Cases per Thousand",2012,0
"ARG","Argentina","admin0","Incidence Rate","Cases per Thousand",2013,0
"ARG","Argentina","admin0","Incidence Rate","Cases per Thousand",2014,0
"ARG","Argentina","admin0","Incidence Rate","Cases per Thousand",2015,0
"ARG","Argentina","admin0","Incidence Rate","Cases per Thousand",2016,0
"ARG","Argentina","admin0","Incidence Rate","Cases per Thousand",2017,0
"ARG","Argentina","admin0","Incidence Rate","Cases per Thousand",2018,0
"ARG","Argentina","admin0","Incidence Rate","Cases per Thousand",2019,0
"ARG","Argentina","admin0","Incidence Rate","Cases per Thousand",2020,0
"ARG","Argentina","admin0","Incidence Rate","Cases per Thousand",2021,0
"ARG","Argentina","admin0","Incidence Rate","Cases per Thousand",2022,0
"ARG","Argentina","admin0","Infection Prevalence","per 100 People",2010,0.00872667102200396
"ARG","Argentina","admin0","Infection Prevalence","per 100 People",2011,0
"ARG","Argentina","admin0","Infection Prevalence","per 100 People",2012,0
"ARG","Argentina","admin0","Infection Prevalence","per 100 People",2013,0
"ARG","Argentina","admin0","Infection Prevalence","per 100 People",2014,0
"ARG","Argentina","admin0","Infection Prevalence","per 100 People",2015,0
"ARG","Argentina","admin0","Infection Prevalence","per 100 People",2016,0
"ARG","Argentina","admin0","Infection Prevalence","per 100 People",2017,0
"ARG","Argentina","admin0","Infection Prevalence","per 100 People",2018,0
"ARG","Argentina","admin0","Infection Prevalence","per 100 People",2019,0
"ARG","Argentina","admin0","Infection Prevalence","per 100 People",2020,0
"ARG","Argentina","admin0","Infection Prevalence","per 100 People",2021,0
"ARG","Argentina","admin0","Infection Prevalence","per 100 People",2022,0
"ARM","Armenia","admin0","Incidence Rate","Cases per Thousand",2010,0
"ARM","Armenia","admin0","Incidence Rate","Cases per Thousand",2011,0
"ARM","Armenia","admin0","Incidence Rate","Cases per Thousand",2012,0
"ARM","Armenia","admin0","Incidence Rate","Cases per Thousand",2013,0
"ARM","Armenia","admin0","Incidence Rate","Cases per Thousand",2014,0
"ARM","Armenia","admin0","Incidence Rate","Cases per Thousand",2015,0
"ARM","Armenia","admin0","Incidence Rate","Cases per Thousand",2016,0
"ARM","Armenia","admin0","Incidence Rate","Cases per Thousand",2017,0
"ARM","Armenia","admin0","Incidence Rate","Cases per Thousand",2018,0
"ARM","Armenia","admin0","Incidence Rate","Cases per Thousand",2019,0
"ARM","Armenia","admin0","Incidence Rate","Cases per Thousand",2020,0
"ARM","Armenia","admin0","Incidence Rate","Cases per Thousand",2021,0
"ARM","Armenia","admin0","Incidence Rate","Cases per Thousand",2022,0
"ARM","Armenia","admin0","Infection Prevalence","per 100 People",2010,0
"ARM","Armenia","admin0","Infection Prevalence","per 100 People",2011,0
"ARM","Armenia","admin0","Infection Prevalence","per 100 People",2012,0
"ARM","Armenia","admin0","Infection Prevalence","per 100 People",2013,0
"ARM","Armenia","admin0","Infection Prevalence","per 100 People",2014,0
"ARM","Armenia","admin0","Infection Prevalence","per 100 People",2015,0
"ARM","Armenia","admin0","Infection Prevalence","per 100 People",2016,0
"ARM","Armenia","admin0","Infection Prevalence","per 100 People",2017,0
"ARM","Armenia","admin0","Infection Prevalence","per 100 People",2018,0
"ARM","Armenia","admin0","Infection Prevalence","per 100 People",2019,0
"ARM","Armenia","admin0","Infection Prevalence","per 100 People",2020,0
"ARM","Armenia","admin0","Infection Prevalence","per 100 People",2021,0
"ARM","Armenia","admin0","Infection Prevalence","per 100 People",2022,0
"AZE","Azerbaijan","admin0","Incidence Rate","Cases per Thousand",2010,0.005383341735823079
"AZE","Azerbaijan","admin0","Incidence Rate","Cases per Thousand",2011,0.000424713072815071
"AZE","Azerbaijan","admin0","Incidence Rate","Cases per Thousand",2012,0.00031456572255303004
"AZE","Azerbaijan","admin0","Incidence Rate","Cases per Thousand",2013,0
"AZE","Azerbaijan","admin0","Incidence Rate","Cases per Thousand",2014,0
"AZE","Azerbaijan","admin0","Incidence Rate","Cases per Thousand",2015,0
"AZE","Azerbaijan","admin0","Incidence Rate","Cases per Thousand",2016,0
"AZE","Azerbaijan","admin0","Incidence Rate","Cases per Thousand",2017,0
"AZE","Azerbaijan","admin0","Incidence Rate","Cases per Thousand",2018,0
"AZE","Azerbaijan","admin0","Incidence Rate","Cases per Thousand",2019,0
"AZE","Azerbaijan","admin0","Incidence Rate","Cases per Thousand",2020,0
"AZE","Azerbaijan","admin0","Incidence Rate","Cases per Thousand",2021,0
"AZE","Azerbaijan","admin0","Incidence Rate","Cases per Thousand",2022,0
"AZE","Azerbaijan","admin0","Infection Prevalence","per 100 People",2010,0.0214729887844705
"AZE","Azerbaijan","admin0","Infection Prevalence","per 100 People",2011,0.007628054338538061
"AZE","Azerbaijan","admin0","Infection Prevalence","per 100 People",2012,0.00697596143758232
"AZE","Azerbaijan","admin0","Infection Prevalence","per 100 People",2013,0
"AZE","Azerbaijan","admin0","Infection Prevalence","per 100 People",2014,0
"AZE","Azerbaijan","admin0","Infection Prevalence","per 100 People",2015,0
"AZE","Azerbaijan","admin0","Infection Prevalence","per 100 People",2016,0
"AZE","Azerbaijan","admin0","Infection Prevalence","per 100 People",2017,0
"AZE","Azerbaijan","admin0","Infection Prevalence","per 100 People",2018,0
"AZE","Azerbaijan","admin0","Infection Prevalence","per 100 People",2019,0
"AZE","Azerbaijan","admin0","Infection Prevalence","per 100 People",2020,0
"AZE","Azerbaijan","admin0","Infection Prevalence","per 100 People",2021,0
"AZE","Azerbaijan","admin0","Infection Prevalence","per 100 People",2022,0
"BDI","Burundi","admin0","Incidence Rate","Cases per Thousand",2010,0
"BDI","Burundi","admin0","Incidence Rate","Cases per Thousand",2011,0
"BDI","Burundi","admin0","Incidence Rate","Cases per Thousand",2012,0
"BDI","Burundi","admin0","Incidence Rate","Cases per Thousand",2013,0
"BDI","Burundi","admin0","Incidence Rate","Cases per Thousand",2014,0
"BDI","Burundi","admin0","Incidence Rate","Cases per Thousand",2015,0
"BDI","Burundi","admin0","Incidence Rate","Cases per Thousand",2016,0
"BDI","Burundi","admin0","Incidence Rate","Cases per Thousand",2017,0
"BDI","Burundi","admin0","Incidence Rate","Cases per Thousand",2018,0
"BDI","Burundi","admin0","Incidence Rate","Cases per Thousand",2019,0
"BDI","Burundi","admin0","Incidence Rate","Cases per Thousand",2020,0
"BDI","Burundi","admin0","Incidence Rate","Cases per Thousand",2021,0
"BDI","Burundi","admin0","Incidence Rate","Cases per Thousand",2022,0
"BDI","Burundi","admin0","Infection Prevalence","per 100 People",2010,0
"BDI","Burundi","admin0","Infection Prevalence","per 100 People",2011,0
"BDI","Burundi","admin0","Infection Prevalence","per 100 People",2012,0
"BDI","Burundi","admin0","Infection Prevalence","per 100 People",2013,0
"BDI","Burundi","admin0","Infection Prevalence","per 100 People",2014,0
"BDI","Burundi","admin0","Infection Prevalence","per 100 People",2015,0
"BDI","Burundi","admin0","Infection Prevalence","per 100 People",2016,0
"BDI","Burundi","admin0","Infection Prevalence","per 100 People",2017,0
"BDI","Burundi","admin0","Infection Prevalence","per 100 People",2018,0
"BDI","Burundi","admin0","Infection Prevalence","per 100 People",2019,0
"BDI","Burundi","admin0","Infection Prevalence","per 100 People",2020,0
"BDI","Burundi","admin0","Infection Prevalence","per 100 People",2021,0
"BDI","Burundi","admin0","Infection Prevalence","per 100 People",2022,0
"BEN","Benin","admin0","Incidence Rate","Cases per Thousand",2010,0
"BEN","Benin","admin0","Incidence Rate","Cases per Thousand",2011,0
"BEN","Benin","admin0","Incidence Rate","Cases per Thousand",2012,0
"BEN","Benin","admin0","Incidence Rate","Cases per Thousand",2013,0
"BEN","Benin","admin0","Incidence Rate","Cases per Thousand",2014,0
"BEN","Benin","admin0","Incidence Rate","Cases per Thousand",2015,0
"BEN","Benin","admin0","Incidence Rate","Cases per Thousand",2016,0
"BEN","Benin","admin0","Incidence Rate","Cases per Thousand",2017,0
"BEN","Benin","admin0","Incidence Rate","Cases per Thousand",2018,0
"BEN","Benin","admin0","Incidence Rate","Cases per Thousand",2019,0
"BEN","Benin","admin0","Incidence Rate","Cases per Thousand",2020,0
"BEN","Benin","admin0","Incidence Rate","Cases per Thousand",2021,0
"BEN","Benin","admin0","Incidence Rate","Cases per Thousand",2022,0
"BEN","Benin","admin0","Infection Prevalence","per 100 People",2010,0
"BEN","Benin","admin0","Infection Prevalence","per 100 People",2011,0
"BEN","Benin","admin0","Infection Prevalence","per 100 People",2012,0
"BEN","Benin","admin0","Infection Prevalence","per 100 People",2013,0
"BEN","Benin","admin0","Infection Prevalence","per 100 People",2014,0
"BEN","Benin","admin0","Infection Prevalence","per 100 People",2015,0
"BEN","Benin","admin0","Infection Prevalence","per 100 People",2016,0
"BEN","Benin","admin0","Infection Prevalence","per 100 People",2017,0
"BEN","Benin","admin0","Infection Prevalence","per 100 People",2018,0
"BEN","Benin","admin0","Infection Prevalence","per 100 People",2019,0
"BEN","Benin","admin0","Infection Prevalence","per 100 People",2020,0
"BEN","Benin","admin0","Infection Prevalence","per 100 People",2021,0
"BEN","Benin","admin0","Infection Prevalence","per 100 People",2022,0
"BFA","Burkina Faso","admin0","Incidence Rate","Cases per Thousand",2010,0
"BFA","Burkina Faso","admin0","Incidence Rate","Cases per Thousand",2011,0
"BFA","Burkina Faso","admin0","Incidence Rate","Cases per Thousand",2012,0
"BFA","Burkina Faso","admin0","Incidence Rate","Cases per Thousand",2013,0
"BFA","Burkina Faso","admin0","Incidence Rate","Cases per Thousand",2014,0
"BFA","Burkina Faso","admin0","Incidence Rate","Cases per Thousand",2015,0
"BFA","Burkina Faso","admin0","Incidence Rate","Cases per Thousand",2016,0
"BFA","Burkina Faso","admin0","Incidence Rate","Cases per Thousand",2017,0
"BFA","Burkina Faso","admin0","Incidence Rate","Cases per Thousand",2018,0
"BFA","Burkina Faso","admin0","Incidence Rate","Cases per Thousand",2019,0
"BFA","Burkina Faso","admin0","Incidence Rate","Cases per Thousand",2020,0
"BFA","Burkina Faso","admin0","Incidence Rate","Cases per Thousand",2021,0
"BFA","Burkina Faso","admin0","Incidence Rate","Cases per Thousand",2022,0
"BFA","Burkina Faso","admin0","Infection Prevalence","per 100 People",2010,0
"BFA","Burkina Faso","admin0","Infection Prevalence","per 100 People",2011,0
"BFA","Burkina Faso","admin0","Infection Prevalence","per 100 People",2012,0
"BFA","Burkina Faso","admin0","Infection Prevalence","per 100 People",2013,0
"BFA","Burkina Faso","admin0","Infection Prevalence","per 100 People",2014,0
"BFA","Burkina Faso","admin0","Infection Prevalence","per 100 People",2015,0
"BFA","Burkina Faso","admin0","Infection Prevalence","per 100 People",2016,0
"BFA","Burkina Faso","admin0","Infection Prevalence","per 100 People",2017,0
"BFA","Burkina Faso","admin0","Infection Prevalence","per 100 People",2018,0
"BFA","Burkina Faso","admin0","Infection Prevalence","per 100 People",2019,0
"BFA","Burkina Faso","admin0","Infection Prevalence","per 100 People",2020,0
"BFA","Burkina Faso","admin0","Infection Prevalence","per 100 People",2021,0
"BFA","Burkina Faso","admin0","Infection Prevalence","per 100 People",2022,0
"BGD","Bangladesh","admin0","Incidence Rate","Cases per Thousand",2010,0.186638835643453
"BGD","Bangladesh","admin0","Incidence Rate","Cases per Thousand",2011,0.121226702812642
"BGD","Bangladesh","admin0","Incidence Rate","Cases per Thousand",2012,0.0820424621813697
"BGD","Bangladesh","admin0","Incidence Rate","Cases per Thousand",2013,0.0482605468753256
"BGD","Bangladesh","admin0","Incidence Rate","Cases per Thousand",2014,0.197518711309341
"BGD","Bangladesh","admin0","Incidence Rate","Cases per Thousand",2015,0.23287700268938
"BGD","Bangladesh","admin0","Incidence Rate","Cases per Thousand",2016,0.193631204905068
"BGD","Bangladesh","admin0","Incidence Rate","Cases per Thousand",2017,0.198619111192239
"BGD","Bangladesh","admin0","Incidence Rate","Cases per Thousand",2018,0.0765750544242788
"BGD","Bangladesh","admin0","Incidence Rate","Cases per Thousand",2019,0.09298388452730891
"BGD","Bangladesh","admin0","Incidence Rate","Cases per Thousand",2020,0.0553263634104481
"BGD","Bangladesh","admin0","Incidence Rate","Cases per Thousand",2021,0.0821565221150397
"BGD","Bangladesh","admin0","Incidence Rate","Cases per Thousand",2022,0.21770720277482
"BGD","Bangladesh","admin0","Infection Prevalence","per 100 People",2010,0.0778365106211295
"BGD","Bangladesh","admin0","Infection Prevalence","per 100 People",2011,0.0609986669060992
"BGD","Bangladesh","admin0","Infection Prevalence","per 100 People",2012,0.048469582023862395
"BGD","Bangladesh","admin0","Infection Prevalence","per 100 People",2013,0.0355057747960432
"BGD","Bangladesh","admin0","Infection Prevalence","per 100 People",2014,0.0749670544110765
"BGD","Bangladesh","admin0","Infection Prevalence","per 100 People",2015,0.0770400449286533
"BGD","Bangladesh","admin0","Infection Prevalence","per 100 People",2016,0.0718735805125794
"BGD","Bangladesh","admin0","Infection Prevalence","per 100 People",2017,0.0728570784940356
"BGD","Bangladesh","admin0","Infection Prevalence","per 100 People",2018,0.0433706319393869
"BGD","Bangladesh","admin0","Infection Prevalence","per 100 People",2019,0.0482195576995811
"BGD","Bangladesh","admin0","Infection Prevalence","per 100 People",2020,0.0362904679360553
"BGD","Bangladesh","admin0","Infection Prevalence","per 100 People",2021,0.0450058480086743
"BGD","Bangladesh","admin0","Infection Prevalence","per 100 People",2022,0.0767000747929859
"BLZ","Belize","admin0","Incidence Rate","Cases per Thousand",2010,1.01291824027813
"BLZ","Belize","admin0","Incidence Rate","Cases per Thousand",2011,0.41825132192750303
"BLZ","Belize","admin0","Incidence Rate","Cases per Thousand",2012,0.191696671747779
"BLZ","Belize","admin0","Incidence Rate","Cases per Thousand",2013,0.11313758119318999
"BLZ","Belize","admin0","Incidence Rate","Cases per Thousand",2014,0.105937044703234
"BLZ","Belize","admin0","Incidence Rate","Cases per Thousand",2015,0.0478671123289523
"BLZ","Belize","admin0","Incidence Rate","Cases per Thousand",2016,0.020929267352529903
"BLZ","Belize","admin0","Incidence Rate","Cases per Thousand",2017,0.0351537513230306
"BLZ","Belize","admin0","Incidence Rate","Cases per Thousand",2018,0.0101647725211145
"BLZ","Belize","admin0","Incidence Rate","Cases per Thousand",2019,0
"BLZ","Belize","admin0","Incidence Rate","Cases per Thousand",2020,0
"BLZ","Belize","admin0","Incidence Rate","Cases per Thousand",2021,0
"BLZ","Belize","admin0","Incidence Rate","Cases per Thousand",2022,0
"BLZ","Belize","admin0","Infection Prevalence","per 100 People",2010,0.0891175174752981
"BLZ","Belize","admin0","Infection Prevalence","per 100 People",2011,0.0574426203357208
"BLZ","Belize","admin0","Infection Prevalence","per 100 People",2012,0.0387829391161222
"BLZ","Belize","admin0","Infection Prevalence","per 100 People",2013,0.029549568685021
"BLZ","Belize","admin0","Infection Prevalence","per 100 People",2014,0.028183787096670798
"BLZ","Belize","admin0","Infection Prevalence","per 100 People",2015,0.0188533504981611
"BLZ","Belize","admin0","Infection Prevalence","per 100 People",2016,0.0125089470648538
"BLZ","Belize","admin0","Infection Prevalence","per 100 People",2017,0.016228863621137398
"BLZ","Belize","admin0","Infection Prevalence","per 100 People",2018,0.00882393371705709
"BLZ","Belize","admin0","Infection Prevalence","per 100 People",2019,0
"BLZ","Belize","admin0","Infection Prevalence","per 100 People",2020,0
"BLZ","Belize","admin0","Infection Prevalence","per 100 People",2021,0
"BLZ","Belize","admin0","Infection Prevalence","per 100 People",2022,0
"BOL","Bolivia","admin0","Incidence Rate","Cases per Thousand",2010,2.96190022239602
"BOL","Bolivia","admin0","Incidence Rate","Cases per Thousand",2011,1.67482264874099
"BOL","Bolivia","admin0","Incidence Rate","Cases per Thousand",2012,2.56655273042607
"BOL","Bolivia","admin0","Incidence Rate","Cases per Thousand",2013,1.5030605067344098
"BOL","Bolivia","admin0","Incidence Rate","Cases per Thousand",2014,2.07147137036806
"BOL","Bolivia","admin0","Incidence Rate","Cases per Thousand",2015,1.27250534355658
"BOL","Bolivia","admin0","Incidence Rate","Cases per Thousand",2016,1.0561425797061301
"BOL","Bolivia","admin0","Incidence Rate","Cases per Thousand",2017,0.851464255019654
"BOL","Bolivia","admin0","Incidence Rate","Cases per Thousand",2018,0.987388900497941
"BOL","Bolivia","admin0","Incidence Rate","Cases per Thousand",2019,1.4866561498245598
"BOL","Bolivia","admin0","Incidence Rate","Cases per Thousand",2020,2.0126831083349797
"BOL","Bolivia","admin0","Incidence Rate","Cases per Thousand",2021,1.62419427815395
"BOL","Bolivia","admin0","Incidence Rate","Cases per Thousand",2022,1.39306868792219
"BOL","Bolivia","admin0","Infection Prevalence","per 100 People",2010,0.356861975354439
"BOL","Bolivia","admin0","Infection Prevalence","per 100 People",2011,0.268126106239609
"BOL","Bolivia","admin0","Infection Prevalence","per 100 People",2012,0.32999213589481097
"BOL","Bolivia","admin0","Infection Prevalence","per 100 People",2013,0.25179759188239603
"BOL","Bolivia","admin0","Infection Prevalence","per 100 People",2014,0.283287395330211
"BOL","Bolivia","admin0","Infection Prevalence","per 100 People",2015,0.220453285009531
"BOL","Bolivia","admin0","Infection Prevalence","per 100 People",2016,0.204289198363229
"BOL","Bolivia","admin0","Infection Prevalence","per 100 People",2017,0.183938671087795
"BOL","Bolivia","admin0","Infection Prevalence","per 100 People",2018,0.19795550919109
"BOL","Bolivia","admin0","Infection Prevalence","per 100 People",2019,0.24249754410929197
"BOL","Bolivia","admin0","Infection Prevalence","per 100 People",2020,0.28162414617271303
"BOL","Bolivia","admin0","Infection Prevalence","per 100 People",2021,0.253508189204849
"BOL","Bolivia","admin0","Infection Prevalence","per 100 People",2022,0.235128828868681
"BRA","Brazil","admin0","Incidence Rate","Cases per Thousand",2010,2.73762143220082
"BRA","Brazil","admin0","Incidence Rate","Cases per Thousand",2011,2.3042989365046402
"BRA","Brazil","admin0","Incidence Rate","Cases per Thousand",2012,2.03386441825302
"BRA","Brazil","admin0","Incidence Rate","Cases per Thousand",2013,1.4299947513614202
"BRA","Brazil","admin0","Incidence Rate","Cases per Thousand",2014,1.16144980959038
"BRA","Brazil","admin0","Incidence Rate","Cases per Thousand",2015,1.38534391373918
"BRA","Brazil","admin0","Incidence Rate","Cases per Thousand",2016,1.1883456552526699
"BRA","Brazil","admin0","Incidence Rate","Cases per Thousand",2017,1.6815810556452
"BRA","Brazil","admin0","Incidence Rate","Cases per Thousand",2018,1.6383489033114
"BRA","Brazil","admin0","Incidence Rate","Cases per Thousand",2019,1.38151727349669
"BRA","Brazil","admin0","Incidence Rate","Cases per Thousand",2020,1.23001491066006
"BRA","Brazil","admin0","Incidence Rate","Cases per Thousand",2021,1.20705767730737
"BRA","Brazil","admin0","Incidence Rate","Cases per Thousand",2022,1.08104538927602
"BRA","Brazil","admin0","Infection Prevalence","per 100 People",2010,0.155101435728037
"BRA","Brazil","admin0","Infection Prevalence","per 100 People",2011,0.143455655829445
"BRA","Brazil","admin0","Infection Prevalence","per 100 People",2012,0.131623343457979
"BRA","Brazil","admin0","Infection Prevalence","per 100 People",2013,0.10326644469866901
"BRA","Brazil","admin0","Infection Prevalence","per 100 People",2014,0.0883399891309219
"BRA","Brazil","admin0","Infection Prevalence","per 100 People",2015,0.0900797649956092
"BRA","Brazil","admin0","Infection Prevalence","per 100 People",2016,0.0915797557331805
"BRA","Brazil","admin0","Infection Prevalence","per 100 People",2017,0.11191803897815598
"BRA","Brazil","admin0","Infection Prevalence","per 100 People",2018,0.11339514709603901
"BRA","Brazil","admin0","Infection Prevalence","per 100 People",2019,0.104992517495492
"BRA","Brazil","admin0","Infection Prevalence","per 100 People",2020,0.0971681913895107
"BRA","Brazil","admin0","Infection Prevalence","per 100 People",2021,0.0965655808312762
"BRA","Brazil","admin0","Infection Prevalence","per 100 People",2022,0.09518503067809869
"BTN","Bhutan","admin0","Incidence Rate","Cases per Thousand",2010,2.47669263944667
"BTN","Bhutan","admin0","Incidence Rate","Cases per Thousand",2011,0.9667215027957321
"BTN","Bhutan","admin0","Incidence Rate","Cases per Thousand",2012,0.429449162610978
"BTN","Bhutan","admin0","Incidence Rate","Cases per Thousand",2013,0.0823870360867596
"BTN","Bhutan","admin0","Incidence Rate","Cases per Thousand",2014,0.10359151241949201
"BTN","Bhutan","admin0","Incidence Rate","Cases per Thousand",2015,0.196476539461214
"BTN","Bhutan","admin0","Incidence Rate","Cases per Thousand",2016,0.11453722526856899
"BTN","Bhutan","admin0","Incidence Rate","Cases per Thousand",2017,0.08931253419116039
"BTN","Bhutan","admin0","Incidence Rate","Cases per Thousand",2018,0.043934124837632996
"BTN","Bhutan","admin0","Incidence Rate","Cases per Thousand",2019,0.0187191003375079
"BTN","Bhutan","admin0","Incidence Rate","Cases per Thousand",2020,0.14853857694179598
"BTN","Bhutan","admin0","Incidence Rate","Cases per Thousand",2021,0.0562700610709424
"BTN","Bhutan","admin0","Incidence Rate","Cases per Thousand",2022,0.00258723626521545
"BTN","Bhutan","admin0","Infection Prevalence","per 100 People",2010,0.5598712090022371
"BTN","Bhutan","admin0","Infection Prevalence","per 100 People",2011,0.32943716732752604
"BTN","Bhutan","admin0","Infection Prevalence","per 100 People",2012,0.20742664912388897
"BTN","Bhutan","admin0","Infection Prevalence","per 100 People",2013,0.027432986586128
"BTN","Bhutan","admin0","Infection Prevalence","per 100 People",2014,0.0397947930370281
"BTN","Bhutan","admin0","Infection Prevalence","per 100 People",2015,0.0525169301109236
"BTN","Bhutan","admin0","Infection Prevalence","per 100 People",2016,0.0388101168881021
"BTN","Bhutan","admin0","Infection Prevalence","per 100 People",2017,0.0341730712000371
"BTN","Bhutan","admin0","Infection Prevalence","per 100 People",2018,0.0230231317272152
"BTN","Bhutan","admin0","Infection Prevalence","per 100 People",2019,0.014463220692301298
"BTN","Bhutan","admin0","Infection Prevalence","per 100 People",2020,0.0450496796691503
"BTN","Bhutan","admin0","Infection Prevalence","per 100 People",2021,0.0266747374150366
"BTN","Bhutan","admin0","Infection Prevalence","per 100 People",2022,0.004822906748859
"BWA","Botswana","admin0","Incidence Rate","Cases per Thousand",2010,0
"BWA","Botswana","admin0","Incidence Rate","Cases per Thousand",2011,0
"BWA","Botswana","admin0","Incidence Rate","Cases per Thousand",2012,0
"BWA","Botswana","admin0","Incidence Rate","Cases per Thousand",2013,0
"BWA","Botswana","admin0","Incidence Rate","Cases per Thousand",2014,0
"BWA","Botswana","admin0","Incidence Rate","Cases per Thousand",2015,0
"BWA","Botswana","admin0","Incidence Rate","Cases per Thousand",2016,0
"BWA","Botswana","admin0","Incidence Rate","Cases per Thousand",2017,0
"BWA","Botswana","admin0","Incidence Rate","Cases per Thousand",2018,0
"BWA","Botswana","admin0","Incidence Rate","Cases per Thousand",2019,0
"BWA","Botswana","admin0","Incidence Rate","Cases per Thousand",2020,0
"BWA","Botswana","admin0","Incidence Rate","Cases per Thousand",2021,0
"BWA","Botswana","admin0","Incidence Rate","Cases per Thousand",2022,0
"BWA","Botswana","admin0","Infection Prevalence","per 100 People",2010,0
"BWA","Botswana","admin0","Infection Prevalence","per 100 People",2011,0
"BWA","Botswana","admin0","Infection Prevalence","per 100 People",2012,0
"BWA","Botswana","admin0","Infection Prevalence","per 100 People",2013,0
"BWA","Botswana","admin0","Infection Prevalence","per 100 People",2014,0
"BWA","Botswana","admin0","Infection Prevalence","per 100 People",2015,0
"BWA","Botswana","admin0","Infection Prevalence","per 100 People",2016,0
"BWA","Botswana","admin0","Infection Prevalence","per 100 People",2017,0
"BWA","Botswana","admin0","Infection Prevalence","per 100 People",2018,0
"BWA","Botswana","admin0","Infection Prevalence","per 100 People",2019,0
"BWA","Botswana","admin0","Infection Prevalence","per 100 People",2020,0
"BWA","Botswana","admin0","Infection Prevalence","per 100 People",2021,0
"BWA","Botswana","admin0","Infection Prevalence","per 100 People",2022,0
"CAF","Central African Republic","admin0","Incidence Rate","Cases per Thousand",2010,0
"CAF","Central African Republic","admin0","Incidence Rate","Cases per Thousand",2011,0
"CAF","Central African Republic","admin0","Incidence Rate","Cases per Thousand",2012,0
"CAF","Central African Republic","admin0","Incidence Rate","Cases per Thousand",2013,0
"CAF","Central African Republic","admin0","Incidence Rate","Cases per Thousand",2014,0
"CAF","Central African Republic","admin0","Incidence Rate","Cases per Thousand",2015,0
"CAF","Central African Republic","admin0","Incidence Rate","Cases per Thousand",2016,0
"CAF","Central African Republic","admin0","Incidence Rate","Cases per Thousand",2017,0
"CAF","Central African Republic","admin0","Incidence Rate","Cases per Thousand",2018,0
"CAF","Central African Republic","admin0","Incidence Rate","Cases per Thousand",2019,0
"CAF","Central African Republic","admin0","Incidence Rate","Cases per Thousand",2020,0
"CAF","Central African Republic","admin0","Incidence Rate","Cases per Thousand",2021,0
"CAF","Central African Republic","admin0","Incidence Rate","Cases per Thousand",2022,0
"CAF","Central African Republic","admin0","Infection Prevalence","per 100 People",2010,0
"CAF","Central African Republic","admin0","Infection Prevalence","per 100 People",2011,0
"CAF","Central African Republic","admin0","Infection Prevalence","per 100 People",2012,0
"CAF","Central African Republic","admin0","Infection Prevalence","per 100 People",2013,0
"CAF","Central African Republic","admin0","Infection Prevalence","per 100 People",2014,0
"CAF","Central African Republic","admin0","Infection Prevalence","per 100 People",2015,0
"CAF","Central African Republic","admin0","Infection Prevalence","per 100 People",2016,0
"CAF","Central African Republic","admin0","Infection Prevalence","per 100 People",2017,0
"CAF","Central African Republic","admin0","Infection Prevalence","per 100 People",2018,0
"CAF","Central African Republic","admin0","Infection Prevalence","per 100 People",2019,0
"CAF","Central African Republic","admin0","Infection Prevalence","per 100 People",2020,0
"CAF","Central African Republic","admin0","Infection Prevalence","per 100 People",2021,0
"CAF","Central African Republic","admin0","Infection Prevalence","per 100 People",2022,0
"CHN","China","admin0","Incidence Rate","Cases per Thousand",2010,0.0043264918121210996
"CHN","China","admin0","Incidence Rate","Cases per Thousand",2011,0.00184360105134543
"CHN","China","admin0","Incidence Rate","Cases per Thousand",2012,0.0010727732579600801
"CHN","China","admin0","Incidence Rate","Cases per Thousand",2013,0.000761430239681067
"CHN","China","admin0","Incidence Rate","Cases per Thousand",2014,0.0000351009798304487
"CHN","China","admin0","Incidence Rate","Cases per Thousand",2015,0.000038482588716290996
"CHN","China","admin0","Incidence Rate","Cases per Thousand",2016,0.0000014512081165985001
"CHN","China","admin0","Incidence Rate","Cases per Thousand",2017,0
"CHN","China","admin0","Incidence Rate","Cases per Thousand",2018,0
"CHN","China","admin0","Incidence Rate","Cases per Thousand",2019,0
"CHN","China","admin0","Incidence Rate","Cases per Thousand",2020,0
"CHN","China","admin0","Incidence Rate","Cases per Thousand",2021,0
"CHN","China","admin0","Incidence Rate","Cases per Thousand",2022,0
"CHN","China","admin0","Infection Prevalence","per 100 People",2010,0.0126243310278123
"CHN","China","admin0","Infection Prevalence","per 100 People",2011,0.010148712949055701
"CHN","China","admin0","Infection Prevalence","per 100 People",2012,0.00789072737966935
"CHN","China","admin0","Infection Prevalence","per 100 People",2013,0.00604369781632493
"CHN","China","admin0","Infection Prevalence","per 100 People",2014,0.00392357873660367
"CHN","China","admin0","Infection Prevalence","per 100 People",2015,0.00046551084522259
"CHN","China","admin0","Infection Prevalence","per 100 People",2016,0.00031431557386155497
"CHN","China","admin0","Infection Prevalence","per 100 People",2017,0
"CHN","China","admin0","Infection Prevalence","per 100 People",2018,0
"CHN","China","admin0","Infection Prevalence","per 100 People",2019,0
"CHN","China","admin0","Infection Prevalence","per 100 People",2020,0
"CHN","China","admin0","Infection Prevalence","per 100 People",2021,0
"CHN","China","admin0","Infection Prevalence","per 100 People",2022,0
"CIV","Côte d'Ivoire","admin0","Incidence Rate","Cases per Thousand",2010,0
"CIV","Côte d'Ivoire","admin0","Incidence Rate","Cases per Thousand",2011,0
"CIV","Côte d'Ivoire","admin0","Incidence Rate","Cases per Thousand",2012,0
"CIV","Côte d'Ivoire","admin0","Incidence Rate","Cases per Thousand",2013,0
"CIV","Côte d'Ivoire","admin0","Incidence Rate","Cases per Thousand",2014,0
"CIV","Côte d'Ivoire","admin0","Incidence Rate","Cases per Thousand",2015,0
"CIV","Côte d'Ivoire","admin0","Incidence Rate","Cases per Thousand",2016,0
"CIV","Côte d'Ivoire","admin0","Incidence Rate","Cases per Thousand",2017,0
"CIV","Côte d'Ivoire","admin0","Incidence Rate","Cases per Thousand",2018,0
"CIV","Côte d'Ivoire","admin0","Incidence Rate","Cases per Thousand",2019,0
"CIV","Côte d'Ivoire","admin0","Incidence Rate","Cases per Thousand",2020,0
"CIV","Côte d'Ivoire","admin0","Incidence Rate","Cases per Thousand",2021,0
"CIV","Côte d'Ivoire","admin0","Incidence Rate","Cases per Thousand",2022,0
"CIV","Côte d'Ivoire","admin0","Infection Prevalence","per 100 People",2010,0
"CIV","Côte d'Ivoire","admin0","Infection Prevalence","per 100 People",2011,0
"CIV","Côte d'Ivoire","admin0","Infection Prevalence","per 100 People",2012,0
"CIV","Côte d'Ivoire","admin0","Infection Prevalence","per 100 People",2013,0
"CIV","Côte d'Ivoire","admin0","Infection Prevalence","per 100 People",2014,0
"CIV","Côte d'Ivoire","admin0","Infection Prevalence","per 100 People",2015,0
"CIV","Côte d'Ivoire","admin0","Infection Prevalence","per 100 People",2016,0
"CIV","Côte d'Ivoire","admin0","Infection Prevalence","per 100 People",2017,0
"CIV","Côte d'Ivoire","admin0","Infection Prevalence","per 100 People",2018,0
"CIV","Côte d'Ivoire","admin0","Infection Prevalence","per 100 People",2019,0
"CIV","Côte d'Ivoire","admin0","Infection Prevalence","per 100 People",2020,0
"CIV","Côte d'Ivoire","admin0","Infection Prevalence","per 100 People",2021,0
"CIV","Côte d'Ivoire","admin0","Infection Prevalence","per 100 People",2022,0
"CMR","Cameroon","admin0","Incidence Rate","Cases per Thousand",2010,0
"CMR","Cameroon","admin0","Incidence Rate","Cases per Thousand",2011,0
"CMR","Cameroon","admin0","Incidence Rate","Cases per Thousand",2012,0
"CMR","Cameroon","admin0","Incidence Rate","Cases per Thousand",2013,0
"CMR","Cameroon","admin0","Incidence Rate","Cases per Thousand",2014,0
"CMR","Cameroon","admin0","Incidence Rate","Cases per Thousand",2015,0
"CMR","Cameroon","admin0","Incidence Rate","Cases per Thousand",2016,0
"CMR","Cameroon","admin0","Incidence Rate","Cases per Thousand",2017,0
"CMR","Cameroon","admin0","Incidence Rate","Cases per Thousand",2018,0
"CMR","Cameroon","admin0","Incidence Rate","Cases per Thousand",2019,0
"CMR","Cameroon","admin0","Incidence Rate","Cases per Thousand",2020,0
"CMR","Cameroon","admin0","Incidence Rate","Cases per Thousand",2021,0
"CMR","Cameroon","admin0","Incidence Rate","Cases per Thousand",2022,0
"CMR","Cameroon","admin0","Infection Prevalence","per 100 People",2010,0
"CMR","Cameroon","admin0","Infection Prevalence","per 100 People",2011,0
"CMR","Cameroon","admin0","Infection Prevalence","per 100 People",2012,0
"CMR","Cameroon","admin0","Infection Prevalence","per 100 People",2013,0
"CMR","Cameroon","admin0","Infection Prevalence","per 100 People",2014,0
"CMR","Cameroon","admin0","Infection Prevalence","per 100 People",2015,0
"CMR","Cameroon","admin0","Infection Prevalence","per 100 People",2016,0
"CMR","Cameroon","admin0","Infection Prevalence","per 100 People",2017,0
"CMR","Cameroon","admin0","Infection Prevalence","per 100 People",2018,0
"CMR","Cameroon","admin0","Infection Prevalence","per 100 People",2019,0
"CMR","Cameroon","admin0","Infection Prevalence","per 100 People",2020,0
"CMR","Cameroon","admin0","Infection Prevalence","per 100 People",2021,0
"CMR","Cameroon","admin0","Infection Prevalence","per 100 People",2022,0
"COD","Democratic Republic of the Congo","admin0","Incidence Rate","Cases per Thousand",2010,0
"COD","Democratic Republic of the Congo","admin0","Incidence Rate","Cases per Thousand",2011,0
"COD","Democratic Republic of the Congo","admin0","Incidence Rate","Cases per Thousand",2012,0
"COD","Democratic Republic of the Congo","admin0","Incidence Rate","Cases per Thousand",2013,0
"COD","Democratic Republic of the Congo","admin0","Incidence Rate","Cases per Thousand",2014,0
"COD","Democratic Republic of the Congo","admin0","Incidence Rate","Cases per Thousand",2015,0
"COD","Democratic Republic of the Congo","admin0","Incidence Rate","Cases per Thousand",2016,0
"COD","Democratic Republic of the Congo","admin0","Incidence Rate","Cases per Thousand",2017,0
"COD","Democratic Republic of the Congo","admin0","Incidence Rate","Cases per Thousand",2018,0
"COD","Democratic Republic of the Congo","admin0","Incidence Rate","Cases per Thousand",2019,0
"COD","Democratic Republic of the Congo","admin0","Incidence Rate","Cases per Thousand",2020,0
"COD","Democratic Republic of the Congo","admin0","Incidence Rate","Cases per Thousand",2021,0
"COD","Democratic Republic of the Congo","admin0","Incidence Rate","Cases per Thousand",2022,0
"COD","Democratic Republic of the Congo","admin0","Infection Prevalence","per 100 People",2010,0
"COD","Democratic Republic of the Congo","admin0","Infection Prevalence","per 100 People",2011,0
"COD","Democratic Republic of the Congo","admin0","Infection Prevalence","per 100 People",2012,0
"COD","Democratic Republic of the Congo","admin0","Infection Prevalence","per 100 People",2013,0
"COD","Democratic Republic of the Congo","admin0","Infection Prevalence","per 100 People",2014,0
"COD","Democratic Republic of the Congo","admin0","Infection Prevalence","per 100 People",2015,0
"COD","Democratic Republic of the Congo","admin0","Infection Prevalence","per 100 People",2016,0
"COD","Democratic Republic of the Congo","admin0","Infection Prevalence","per 100 People",2017,0
"COD","Democratic Republic of the Congo","admin0","Infection Prevalence","per 100 People",2018,0
"COD","Democratic Republic of the Congo","admin0","Infection Prevalence","per 100 People",2019,0
"COD","Democratic Republic of the Congo","admin0","Infection Prevalence","per 100 People",2020,0
"COD","Democratic Republic of the Congo","admin0","Infection Prevalence","per 100 People",2021,0
"COD","Democratic Republic of the Congo","admin0","Infection Prevalence","per 100 People",2022,0
"COG","Congo","admin0","Incidence Rate","Cases per Thousand",2010,0
"COG","Congo","admin0","Incidence Rate","Cases per Thousand",2011,0
"COG","Congo","admin0","Incidence Rate","Cases per Thousand",2012,0
"COG","Congo","admin0","Incidence Rate","Cases per Thousand",2013,0
"COG","Congo","admin0","Incidence Rate","Cases per Thousand",2014,0
"COG","Congo","admin0","Incidence Rate","Cases per Thousand",2015,0
"COG","Congo","admin0","Incidence Rate","Cases per Thousand",2016,0
"COG","Congo","admin0","Incidence Rate","Cases per Thousand",2017,0
"COG","Congo","admin0","Incidence Rate","Cases per Thousand",2018,0
"COG","Congo","admin0","Incidence Rate","Cases per Thousand",2019,0
"COG","Congo","admin0","Incidence Rate","Cases per Thousand",2020,0
"COG","Congo","admin0","Incidence Rate","Cases per Thousand",2021,0
"COG","Congo","admin0","Incidence Rate","Cases per Thousand",2022,0
"COG","Congo","admin0","Infection Prevalence","per 100 People",2010,0
"COG","Congo","admin0","Infection Prevalence","per 100 People",2011,0
"COG","Congo","admin0","Infection Prevalence","per 100 People",2012,0
"COG","Congo","admin0","Infection Prevalence","per 100 People",2013,0
"COG","Congo","admin0","Infection Prevalence","per 100 People",2014,0
"COG","Congo","admin0","Infection Prevalence","per 100 People",2015,0
"COG","Congo","admin0","Infection Prevalence","per 100 People",2016,0
"COG","Congo","admin0","Infection Prevalence","per 100 People",2017,0
"COG","Congo","admin0","Infection Prevalence","per 100 People",2018,0
"COG","Congo","admin0","Infection Prevalence","per 100 People",2019,0
"COG","Congo","admin0","Infection Prevalence","per 100 People",2020,0
"COG","Congo","admin0","Infection Prevalence","per 100 People",2021,0
"COG","Congo","admin0","Infection Prevalence","per 100 People",2022,0
"COL","Colombia","admin0","Incidence Rate","Cases per Thousand",2010,3.80463730993122
"COL","Colombia","admin0","Incidence Rate","Cases per Thousand",2011,2.33237848685663
"COL","Colombia","admin0","Incidence Rate","Cases per Thousand",2012,3.1165131298596003
"COL","Colombia","admin0","Incidence Rate","Cases per Thousand",2013,1.6049074537314099
"COL","Colombia","admin0","Incidence Rate","Cases per Thousand",2014,1.0401923495702998
"COL","Colombia","admin0","Incidence Rate","Cases per Thousand",2015,1.0597640999645699
"COL","Colombia","admin0","Incidence Rate","Cases per Thousand",2016,1.5465462692510301
"COL","Colombia","admin0","Incidence Rate","Cases per Thousand",2017,1.03441198751364
"COL","Colombia","admin0","Incidence Rate","Cases per Thousand",2018,1.33350194651588
"COL","Colombia","admin0","Incidence Rate","Cases per Thousand",2019,1.57705690490226
"COL","Colombia","admin0","Incidence Rate","Cases per Thousand",2020,1.58227370823368
"COL","Colombia","admin0","Incidence Rate","Cases per Thousand",2021,1.44968784314649
"COL","Colombia","admin0","Incidence Rate","Cases per Thousand",2022,1.7448689329300802
"COL","Colombia","admin0","Infection Prevalence","per 100 People",2010,0.41827818169375897
"COL","Colombia","admin0","Infection Prevalence","per 100 People",2011,0.309880000979274
"COL","Colombia","admin0","Infection Prevalence","per 100 People",2012,0.346594096589399
"COL","Colombia","admin0","Infection Prevalence","per 100 People",2013,0.235928865526737
"COL","Colombia","admin0","Infection Prevalence","per 100 People",2014,0.185718523261536
"COL","Colombia","admin0","Infection Prevalence","per 100 People",2015,0.184629438132702
"COL","Colombia","admin0","Infection Prevalence","per 100 People",2016,0.245515804417789
"COL","Colombia","admin0","Infection Prevalence","per 100 People",2017,0.19364890227822198
"COL","Colombia","admin0","Infection Prevalence","per 100 People",2018,0.228011841386197
"COL","Colombia","admin0","Infection Prevalence","per 100 People",2019,0.247936406624204
"COL","Colombia","admin0","Infection Prevalence","per 100 People",2020,0.248022756794561
"COL","Colombia","admin0","Infection Prevalence","per 100 People",2021,0.22724628904924699
"COL","Colombia","admin0","Infection Prevalence","per 100 People",2022,0.249051402206553
"COM","Comoros","admin0","Incidence Rate","Cases per Thousand",2010,0
"COM","Comoros","admin0","Incidence Rate","Cases per Thousand",2011,0
"COM","Comoros","admin0","Incidence Rate","Cases per Thousand",2012,0
"COM","Comoros","admin0","Incidence Rate","Cases per Thousand",2013,0
"COM","Comoros","admin0","Incidence Rate","Cases per Thousand",2014,0
"COM","Comoros","admin0","Incidence Rate","Cases per Thousand",2015,0
"COM","Comoros","admin0","Incidence Rate","Cases per Thousand",2016,0
"COM","Comoros","admin0","Incidence Rate","Cases per Thousand",2017,0
"COM","Comoros","admin0","Incidence Rate","Cases per Thousand",2018,0
"COM","Comoros","admin0","Incidence Rate","Cases per Thousand",2019,0
"COM","Comoros","admin0","Incidence Rate","Cases per Thousand",2020,0
"COM","Comoros","admin0","Incidence Rate","Cases per Thousand",2021,0
"COM","Comoros","admin0","Incidence Rate","Cases per Thousand",2022,0
"COM","Comoros","admin0","Infection Prevalence","per 100 People",2010,0
"COM","Comoros","admin0","Infection Prevalence","per 100 People",2011,0
"COM","Comoros","admin0","Infection Prevalence","per 100 People",2012,0
"COM","Comoros","admin0","Infection Prevalence","per 100 People",2013,0
"COM","Comoros","admin0","Infection Prevalence","per 100 People",2014,0
"COM","Comoros","admin0","Infection Prevalence","per 100 People",2015,0
"COM","Comoros","admin0","Infection Prevalence","per 100 People",2016,0
"COM","Comoros","admin0","Infection Prevalence","per 100 People",2017,0
"COM","Comoros","admin0","Infection Prevalence","per 100 People",2018,0
"COM","Comoros","admin0","Infection Prevalence","per 100 People",2019,0
"COM","Comoros","admin0","Infection Prevalence","per 100 People",2020,0
"COM","Comoros","admin0","Infection Prevalence","per 100 People",2021,0
"COM","Comoros","admin0","Infection Prevalence","per 100 People",2022,0
"CPV","Cape Verde","admin0","Incidence Rate","Cases per Thousand",2010,0
"CPV","Cape Verde","admin0","Incidence Rate","Cases per Thousand",2011,0
"CPV","Cape Verde","admin0","Incidence Rate","Cases per Thousand",2012,0
"CPV","Cape Verde","admin0","Incidence Rate","Cases per Thousand",2013,0
"CPV","Cape Verde","admin0","Incidence Rate","Cases per Thousand",2014,0
"CPV","Cape Verde","admin0","Incidence Rate","Cases per Thousand",2015,0
"CPV","Cape Verde","admin0","Incidence Rate","Cases per Thousand",2016,0
"CPV","Cape Verde","admin0","Incidence Rate","Cases per Thousand",2017,0
"CPV","Cape Verde","admin0","Incidence Rate","Cases per Thousand",2018,0
"CPV","Cape Verde","admin0","Incidence Rate","Cases per Thousand",2019,0
"CPV","Cape Verde","admin0","Incidence Rate","Cases per Thousand",2020,0
"CPV","Cape Verde","admin0","Incidence Rate","Cases per Thousand",2021,0
"CPV","Cape Verde","admin0","Incidence Rate","Cases per Thousand",2022,0
"CPV","Cape Verde","admin0","Infection Prevalence","per 100 People",2010,0
"CPV","Cape Verde","admin0","Infection Prevalence","per 100 People",2011,0
"CPV","Cape Verde","admin0","Infection Prevalence","per 100 People",2012,0
"CPV","Cape Verde","admin0","Infection Prevalence","per 100 People",2013,0
"CPV","Cape Verde","admin0","Infection Prevalence","per 100 People",2014,0
"CPV","Cape Verde","admin0","Infection Prevalence","per 100 People",2015,0
"CPV","Cape Verde","admin0","Infection Prevalence","per 100 People",2016,0
"CPV","Cape Verde","admin0","Infection Prevalence","per 100 People",2017,0
"CPV","Cape Verde","admin0","Infection Prevalence","per 100 People",2018,0
"CPV","Cape Verde","admin0","Infection Prevalence","per 100 People",2019,0
"CPV","Cape Verde","admin0","Infection Prevalence","per 100 People",2020,0
"CPV","Cape Verde","admin0","Infection Prevalence","per 100 People",2021,0
"CPV","Cape Verde","admin0","Infection Prevalence","per 100 People",2022,0
"CRI","Costa Rica","admin0","Incidence Rate","Cases per Thousand",2010,0.044959145502302
"CRI","Costa Rica","admin0","Incidence Rate","Cases per Thousand",2011,0.00506033320718104
"CRI","Costa Rica","admin0","Incidence Rate","Cases per Thousand",2012,0.00267497597926384
"CRI","Costa Rica","admin0","Incidence Rate","Cases per Thousand",2013,0
"CRI","Costa Rica","admin0","Incidence Rate","Cases per Thousand",2014,0.00021624125947186
"CRI","Costa Rica","admin0","Incidence Rate","Cases per Thousand",2015,0
"CRI","Costa Rica","admin0","Incidence Rate","Cases per Thousand",2016,0.000866411688327523
"CRI","Costa Rica","admin0","Incidence Rate","Cases per Thousand",2017,0.00257998338475231
"CRI","Costa Rica","admin0","Incidence Rate","Cases per Thousand",2018,0.0212068883329199
"CRI","Costa Rica","admin0","Incidence Rate","Cases per Thousand",2019,0.020192342546303203
"CRI","Costa Rica","admin0","Incidence Rate","Cases per Thousand",2020,0.0219902253743223
"CRI","Costa Rica","admin0","Incidence Rate","Cases per Thousand",2021,0.039257339996504596
"CRI","Costa Rica","admin0","Incidence Rate","Cases per Thousand",2022,0.0450029370129913
"CRI","Costa Rica","admin0","Infection Prevalence","per 100 People",2010,0.0390676229250781
"CRI","Costa Rica","admin0","Infection Prevalence","per 100 People",2011,0.0114247053888554
"CRI","Costa Rica","admin0","Infection Prevalence","per 100 People",2012,0.0084038566438876
"CRI","Costa Rica","admin0","Infection Prevalence","per 100 People",2013,0
"CRI","Costa Rica","admin0","Infection Prevalence","per 100 People",2014,0.00294686369904869
"CRI","Costa Rica","admin0","Infection Prevalence","per 100 People",2015,0
"CRI","Costa Rica","admin0","Infection Prevalence","per 100 People",2016,0.00195863538145615
"CRI","Costa Rica","admin0","Infection Prevalence","per 100 People",2017,0.00332268685777893
"CRI","Costa Rica","admin0","Infection Prevalence","per 100 People",2018,0.00931238054933205
"CRI","Costa Rica","admin0","Infection Prevalence","per 100 People",2019,0.0126179493283255
"CRI","Costa Rica","admin0","Infection Prevalence","per 100 People",2020,0.013175570400908299
"CRI","Costa Rica","admin0","Infection Prevalence","per 100 People",2021,0.0175064514428528
"CRI","Costa Rica","admin0","Infection Prevalence","per 100 People",2022,0.0180027771388801
"DJI","Djibouti","admin0","Incidence Rate","Cases per Thousand",2010,0.00149909444214491
"DJI","Djibouti","admin0","Incidence Rate","Cases per Thousand",2011,0.0100609081776355
"DJI","Djibouti","admin0","Incidence Rate","Cases per Thousand",2012,0.0021430498929607
"DJI","Djibouti","admin0","Incidence Rate","Cases per Thousand",2013,0.269903870213826
"DJI","Djibouti","admin0","Incidence Rate","Cases per Thousand",2014,2.2223411790272
"DJI","Djibouti","admin0","Incidence Rate","Cases per Thousand",2015,2.1560827610209
"DJI","Djibouti","admin0","Incidence Rate","Cases per Thousand",2016,5.845833691149649
"DJI","Djibouti","admin0","Incidence Rate","Cases per Thousand",2017,15.515798665833302
"DJI","Djibouti","admin0","Incidence Rate","Cases per Thousand",2018,24.6234061040972
"DJI","Djibouti","admin0","Incidence Rate","Cases per Thousand",2019,35.4885003062938
"DJI","Djibouti","admin0","Incidence Rate","Cases per Thousand",2020,66.0954788159215
"DJI","Djibouti","admin0","Incidence Rate","Cases per Thousand",2021,36.6380449224813
"DJI","Djibouti","admin0","Incidence Rate","Cases per Thousand",2022,24.3559714545381
"DJI","Djibouti","admin0","Infection Prevalence","per 100 People",2010,0.000299961228500832
"DJI","Djibouti","admin0","Infection Prevalence","per 100 People",2011,0.00947783513344037
"DJI","Djibouti","admin0","Infection Prevalence","per 100 People",2012,0.00034312523755227105
"DJI","Djibouti","admin0","Infection Prevalence","per 100 People",2013,0.0519969206847167
"DJI","Djibouti","admin0","Infection Prevalence","per 100 People",2014,0.146070315066501
"DJI","Djibouti","admin0","Infection Prevalence","per 100 People",2015,0.146204427080867
"DJI","Djibouti","admin0","Infection Prevalence","per 100 People",2016,0.238840235396246
"DJI","Djibouti","admin0","Infection Prevalence","per 100 People",2017,0.390643930569027
"DJI","Djibouti","admin0","Infection Prevalence","per 100 People",2018,0.49390061950138203
"DJI","Djibouti","admin0","Infection Prevalence","per 100 People",2019,0.596385426435252
"DJI","Djibouti","admin0","Infection Prevalence","per 100 People",2020,0.8114987060575439
"DJI","Djibouti","admin0","Infection Prevalence","per 100 People",2021,0.61410207441086
"DJI","Djibouti","admin0","Infection Prevalence","per 100 People",2022,0.504912136498727
"DOM","Dominican Republic","admin0","Incidence Rate","Cases per Thousand",2010,0
"DOM","Dominican Republic","admin0","Incidence Rate","Cases per Thousand",2011,0
"DOM","Dominican Republic","admin0","Incidence Rate","Cases per Thousand",2012,0
"DOM","Dominican Republic","admin0","Incidence Rate","Cases per Thousand",2013,0
"DOM","Dominican Republic","admin0","Incidence Rate","Cases per Thousand",2014,0
"DOM","Dominican Republic","admin0","Incidence Rate","Cases per Thousand",2015,0
"DOM","Dominican Republic","admin0","Incidence Rate","Cases per Thousand",2016,0
"DOM","Dominican Republic","admin0","Incidence Rate","Cases per Thousand",2017,0
"DOM","Dominican Republic","admin0","Incidence Rate","Cases per Thousand",2018,0
"DOM","Dominican Republic","admin0","Incidence Rate","Cases per Thousand",2019,0
"DOM","Dominican Republic","admin0","Incidence Rate","Cases per Thousand",2020,0
"DOM","Dominican Republic","admin0","Incidence Rate","Cases per Thousand",2021,0
"DOM","Dominican Republic","admin0","Incidence Rate","Cases per Thousand",2022,0
"DOM","Dominican Republic","admin0","Infection Prevalence","per 100 People",2010,0
"DOM","Dominican Republic","admin0","Infection Prevalence","per 100 People",2011,0
"DOM","Dominican Republic","admin0","Infection Prevalence","per 100 People",2012,0
"DOM","Dominican Republic","admin0","Infection Prevalence","per 100 People",2013,0
"DOM","Dominican Republic","admin0","Infection Prevalence","per 100 People",2014,0
"DOM","Dominican Republic","admin0","Infection Prevalence","per 100 People",2015,0
"DOM","Dominican Republic","admin0","Infection Prevalence","per 100 People",2016,0
"DOM","Dominican Republic","admin0","Infection Prevalence","per 100 People",2017,0
"DOM","Dominican Republic","admin0","Infection Prevalence","per 100 People",2018,0
"DOM","Dominican Republic","admin0","Infection Prevalence","per 100 People",2019,0
"DOM","Dominican Republic","admin0","Infection Prevalence","per 100 People",2020,0
"DOM","Dominican Republic","admin0","Infection Prevalence","per 100 People",2021,0
"DOM","Dominican Republic","admin0","Infection Prevalence","per 100 People",2022,0
"DZA","Algeria","admin0","Incidence Rate","Cases per Thousand",2010,0
"DZA","Algeria","admin0","Incidence Rate","Cases per Thousand",2011,0
"DZA","Algeria","admin0","Incidence Rate","Cases per Thousand",2012,0
"DZA","Algeria","admin0","Incidence Rate","Cases per Thousand",2013,0
"DZA","Algeria","admin0","Incidence Rate","Cases per Thousand",2014,0
"DZA","Algeria","admin0","Incidence Rate","Cases per Thousand",2015,0
"DZA","Algeria","admin0","Incidence Rate","Cases per Thousand",2016,0
"DZA","Algeria","admin0","Incidence Rate","Cases per Thousand",2017,0
"DZA","Algeria","admin0","Incidence Rate","Cases per Thousand",2018,0
"DZA","Algeria","admin0","Incidence Rate","Cases per Thousand",2019,0
"DZA","Algeria","admin0","Incidence Rate","Cases per Thousand",2020,0
"DZA","Algeria","admin0","Incidence Rate","Cases per Thousand",2021,0
"DZA","Algeria","admin0","Incidence Rate","Cases per Thousand",2022,0
"DZA","Algeria","admin0","Infection Prevalence","per 100 People",2010,0
"DZA","Algeria","admin0","Infection Prevalence","per 100 People",2011,0
"DZA","Algeria","admin0","Infection Prevalence","per 100 People",2012,0
"DZA","Algeria","admin0","Infection Prevalence","per 100 People",2013,0
"DZA","Algeria","admin0","Infection Prevalence","per 100 People",2014,0
"DZA","Algeria","admin0","Infection Prevalence","per 100 People",2015,0
"DZA","Algeria","admin0","Infection Prevalence","per 100 People",2016,0
"DZA","Algeria","admin0","Infection Prevalence","per 100 People",2017,0
"DZA","Algeria","admin0","Infection Prevalence","per 100 People",2018,0
"DZA","Algeria","admin0","Infection Prevalence","per 100 People",2019,0
"DZA","Algeria","admin0","Infection Prevalence","per 100 People",2020,0
"DZA","Algeria","admin0","Infection Prevalence","per 100 People",2021,0
"DZA","Algeria","admin0","Infection Prevalence","per 100 People",2022,0
"ECU","Ecuador","admin0","Incidence Rate","Cases per Thousand",2010,0.24555450942874002
"ECU","Ecuador","admin0","Incidence Rate","Cases per Thousand",2011,0.135108854641023
"ECU","Ecuador","admin0","Incidence Rate","Cases per Thousand",2012,0.057712859101835205
"ECU","Ecuador","admin0","Incidence Rate","Cases per Thousand",2013,0.0276652855245922
"ECU","Ecuador","admin0","Incidence Rate","Cases per Thousand",2014,0.0247282587072306
"ECU","Ecuador","admin0","Incidence Rate","Cases per Thousand",2015,0.0479725443716238
"ECU","Ecuador","admin0","Incidence Rate","Cases per Thousand",2016,0.08538832463907349
"ECU","Ecuador","admin0","Incidence Rate","Cases per Thousand",2017,0.115546053454714
"ECU","Ecuador","admin0","Incidence Rate","Cases per Thousand",2018,0.177767554116633
"ECU","Ecuador","admin0","Incidence Rate","Cases per Thousand",2019,0.199961736023928
"ECU","Ecuador","admin0","Incidence Rate","Cases per Thousand",2020,0.202462075442668
"ECU","Ecuador","admin0","Incidence Rate","Cases per Thousand",2021,0.184929821362742
"ECU","Ecuador","admin0","Incidence Rate","Cases per Thousand",2022,0.12537760478774798
"ECU","Ecuador","admin0","Infection Prevalence","per 100 People",2010,0.11396642521063902
"ECU","Ecuador","admin0","Infection Prevalence","per 100 People",2011,0.084373963435204
"ECU","Ecuador","admin0","Infection Prevalence","per 100 People",2012,0.055053037955040796
"ECU","Ecuador","admin0","Infection Prevalence","per 100 People",2013,0.035653937595912705
"ECU","Ecuador","admin0","Infection Prevalence","per 100 People",2014,0.0326402569252375
"ECU","Ecuador","admin0","Infection Prevalence","per 100 People",2015,0.041633600000558595
"ECU","Ecuador","admin0","Infection Prevalence","per 100 People",2016,0.058761843256266495
"ECU","Ecuador","admin0","Infection Prevalence","per 100 People",2017,0.06988181126714679
"ECU","Ecuador","admin0","Infection Prevalence","per 100 People",2018,0.0889663756074691
"ECU","Ecuador","admin0","Infection Prevalence","per 100 People",2019,0.0942682996265631
"ECU","Ecuador","admin0","Infection Prevalence","per 100 People",2020,0.0947164729196917
"ECU","Ecuador","admin0","Infection Prevalence","per 100 People",2021,0.08520752813858269
"ECU","Ecuador","admin0","Infection Prevalence","per 100 People",2022,0.070308945547938
"ERI","Eritrea","admin0","Incidence Rate","Cases per Thousand",2010,3.71270762252108
"ERI","Eritrea","admin0","Incidence Rate","Cases per Thousand",2011,5.64469760929632
"ERI","Eritrea","admin0","Incidence Rate","Cases per Thousand",2012,5.01256390050257
"ERI","Eritrea","admin0","Incidence Rate","Cases per Thousand",2013,2.5281524907496298
"ERI","Eritrea","admin0","Incidence Rate","Cases per Thousand",2014,3.23226383022303
"ERI","Eritrea","admin0","Incidence Rate","Cases per Thousand",2015,2.2535063901703296
"ERI","Eritrea","admin0","Incidence Rate","Cases per Thousand",2016,1.43243653912385
"ERI","Eritrea","admin0","Incidence Rate","Cases per Thousand",2017,4.34649036122778
"ERI","Eritrea","admin0","Incidence Rate","Cases per Thousand",2018,3.2199356436289097
"ERI","Eritrea","admin0","Incidence Rate","Cases per Thousand",2019,4.207011271811839
"ERI","Eritrea","admin0","Incidence Rate","Cases per Thousand",2020,1.7806787208116601
"ERI","Eritrea","admin0","Incidence Rate","Cases per Thousand",2021,1.43290956808014
"ERI","Eritrea","admin0","Incidence Rate","Cases per Thousand",2022,2.0539768742001403
"ERI","Eritrea","admin0","Infection Prevalence","per 100 People",2010,0.488690364170758
"ERI","Eritrea","admin0","Infection Prevalence","per 100 People",2011,0.592370481807601
"ERI","Eritrea","admin0","Infection Prevalence","per 100 People",2012,0.549790287083728
"ERI","Eritrea","admin0","Infection Prevalence","per 100 People",2013,0.385045371879552
"ERI","Eritrea","admin0","Infection Prevalence","per 100 People",2014,0.43065390908026197
"ERI","Eritrea","admin0","Infection Prevalence","per 100 People",2015,0.365961822794438
"ERI","Eritrea","admin0","Infection Prevalence","per 100 People",2016,0.29509781725983897
"ERI","Eritrea","admin0","Infection Prevalence","per 100 People",2017,0.5079973820282511
"ERI","Eritrea","admin0","Infection Prevalence","per 100 People",2018,0.44416735851840006
"ERI","Eritrea","admin0","Infection Prevalence","per 100 People",2019,0.505374037984852
"ERI","Eritrea","admin0","Infection Prevalence","per 100 People",2020,0.33504704745681796
"ERI","Eritrea","admin0","Infection Prevalence","per 100 People",2021,0.297366187861559
"ERI","Eritrea","admin0","Infection Prevalence","per 100 People",2022,0.355896908337198
"ETH","Ethiopia","admin0","Incidence Rate","Cases per Thousand",2010,67.12348875896899
"ETH","Ethiopia","admin0","Incidence Rate","Cases per Thousand",2011,76.4924941665156
"ETH","Ethiopia","admin0","Incidence Rate","Cases per Thousand",2012,82.4644643524273
"ETH","Ethiopia","admin0","Incidence Rate","Cases per Thousand",2013,66.5397143557203
"ETH","Ethiopia","admin0","Incidence Rate","Cases per Thousand",2014,38.5107443428977
"ETH","Ethiopia","admin0","Incidence Rate","Cases per Thousand",2015,30.0630908652407
"ETH","Ethiopia","admin0","Incidence Rate","Cases per Thousand",2016,20.4126651618856
"ETH","Ethiopia","admin0","Incidence Rate","Cases per Thousand",2017,15.1306413011578
"ETH","Ethiopia","admin0","Incidence Rate","Cases per Thousand",2018,4.17541610509108
"ETH","Ethiopia","admin0","Incidence Rate","Cases per Thousand",2019,5.83883357915188
"ETH","Ethiopia","admin0","Incidence Rate","Cases per Thousand",2020,8.01874503068044
"ETH","Ethiopia","admin0","Incidence Rate","Cases per Thousand",2021,8.478035804522639
"ETH","Ethiopia","admin0","Incidence Rate","Cases per Thousand",2022,10.9936099880524
"ETH","Ethiopia","admin0","Infection Prevalence","per 100 People",2010,1.7670031007680598
"ETH","Ethiopia","admin0","Infection Prevalence","per 100 People",2011,1.9199446488907999
"ETH","Ethiopia","admin0","Infection Prevalence","per 100 People",2012,1.98921703658549
"ETH","Ethiopia","admin0","Infection Prevalence","per 100 People",2013,1.73369602470639
"ETH","Ethiopia","admin0","Infection Prevalence","per 100 People",2014,1.31960453908798
"ETH","Ethiopia","admin0","Infection Prevalence","per 100 People",2015,1.17391274947897
"ETH","Ethiopia","admin0","Infection Prevalence","per 100 People",2016,0.967197216144291
"ETH","Ethiopia","admin0","Infection Prevalence","per 100 People",2017,0.831870203238786
"ETH","Ethiopia","admin0","Infection Prevalence","per 100 People",2018,0.45184596693399404
"ETH","Ethiopia","admin0","Infection Prevalence","per 100 People",2019,0.531863796387076
"ETH","Ethiopia","admin0","Infection Prevalence","per 100 People",2020,0.624131798710029
"ETH","Ethiopia","admin0","Infection Prevalence","per 100 People",2021,0.632708073035404
"ETH","Ethiopia","admin0","Infection Prevalence","per 100 People",2022,0.727939054107007
"GAB","Gabon","admin0","Incidence Rate","Cases per Thousand",2010,0
"GAB","Gabon","admin0","Incidence Rate","Cases per Thousand",2011,0
"GAB","Gabon","admin0","Incidence Rate","Cases per Thousand",2012,0
"GAB","Gabon","admin0","Incidence Rate","Cases per Thousand",2013,0
"GAB","Gabon","admin0","Incidence Rate","Cases per Thousand",2014,0
"GAB","Gabon","admin0","Incidence Rate","Cases per Thousand",2015,0
"GAB","Gabon","admin0","Incidence Rate","Cases per Thousand",2016,0
"GAB","Gabon","admin0","Incidence Rate","Cases per Thousand",2017,0
"GAB","Gabon","admin0","Incidence Rate","Cases per Thousand",2018,0
"GAB","Gabon","admin0","Incidence Rate","Cases per Thousand",2019,0
"GAB","Gabon","admin0","Incidence Rate","Cases per Thousand",2020,0
"GAB","Gabon","admin0","Incidence Rate","Cases per Thousand",2021,0
"GAB","Gabon","admin0","Incidence Rate","Cases per Thousand",2022,0
"GAB","Gabon","admin0","Infection Prevalence","per 100 People",2010,0
"GAB","Gabon","admin0","Infection Prevalence","per 100 People",2011,0
"GAB","Gabon","admin0","Infection Prevalence","per 100 People",2012,0
"GAB","Gabon","admin0","Infection Prevalence","per 100 People",2013,0
"GAB","Gabon","admin0","Infection Prevalence","per 100 People",2014,0
"GAB","Gabon","admin0","Infection Prevalence","per 100 People",2015,0
"GAB","Gabon","admin0","Infection Prevalence","per 100 People",2016,0
"GAB","Gabon","admin0","Infection Prevalence","per 100 People",2017,0
"GAB","Gabon","admin0","Infection Prevalence","per 100 People",2018,0
"GAB","Gabon","admin0","Infection Prevalence","per 100 People",2019,0
"GAB","Gabon","admin0","Infection Prevalence","per 100 People",2020,0
"GAB","Gabon","admin0","Infection Prevalence","per 100 People",2021,0
"GAB","Gabon","admin0","Infection Prevalence","per 100 People",2022,0
"GEO","Georgia","admin0","Incidence Rate","Cases per Thousand",2010,0
"GEO","Georgia","admin0","Incidence Rate","Cases per Thousand",2011,0
"GEO","Georgia","admin0","Incidence Rate","Cases per Thousand",2012,0
"GEO","Georgia","admin0","Incidence Rate","Cases per Thousand",2013,0
"GEO","Georgia","admin0","Incidence Rate","Cases per Thousand",2014,0
"GEO","Georgia","admin0","Incidence Rate","Cases per Thousand",2015,0
"GEO","Georgia","admin0","Incidence Rate","Cases per Thousand",2016,0
"GEO","Georgia","admin0","Incidence Rate","Cases per Thousand",2017,0
"GEO","Georgia","admin0","Incidence Rate","Cases per Thousand",2018,0
"GEO","Georgia","admin0","Incidence Rate","Cases per Thousand",2019,0
"GEO","Georgia","admin0","Incidence Rate","Cases per Thousand",2020,0
"GEO","Georgia","admin0","Incidence Rate","Cases per Thousand",2021,0
"GEO","Georgia","admin0","Incidence Rate","Cases per Thousand",2022,0
"GEO","Georgia","admin0","Infection Prevalence","per 100 People",2010,0
"GEO","Georgia","admin0","Infection Prevalence","per 100 People",2011,0
"GEO","Georgia","admin0","Infection Prevalence","per 100 People",2012,0
"GEO","Georgia","admin0","Infection Prevalence","per 100 People",2013,0
"GEO","Georgia","admin0","Infection Prevalence","per 100 People",2014,0
"GEO","Georgia","admin0","Infection Prevalence","per 100 People",2015,0
"GEO","Georgia","admin0","Infection Prevalence","per 100 People",2016,0
"GEO","Georgia","admin0","Infection Prevalence","per 100 People",2017,0
"GEO","Georgia","admin0","Infection Prevalence","per 100 People",2018,0
"GEO","Georgia","admin0","Infection Prevalence","per 100 People",2019,0
"GEO","Georgia","admin0","Infection Prevalence","per 100 People",2020,0
"GEO","Georgia","admin0","Infection Prevalence","per 100 People",2021,0
"GEO","Georgia","admin0","Infection Prevalence","per 100 People",2022,0
"GHA","Ghana","admin0","Incidence Rate","Cases per Thousand",2010,0
"GHA","Ghana","admin0","Incidence Rate","Cases per Thousand",2011,0
"GHA","Ghana","admin0","Incidence Rate","Cases per Thousand",2012,0
"GHA","Ghana","admin0","Incidence Rate","Cases per Thousand",2013,0
"GHA","Ghana","admin0","Incidence Rate","Cases per Thousand",2014,0
"GHA","Ghana","admin0","Incidence Rate","Cases per Thousand",2015,0
"GHA","Ghana","admin0","Incidence Rate","Cases per Thousand",2016,0
"GHA","Ghana","admin0","Incidence Rate","Cases per Thousand",2017,0
"GHA","Ghana","admin0","Incidence Rate","Cases per Thousand",2018,0
"GHA","Ghana","admin0","Incidence Rate","Cases per Thousand",2019,0
"GHA","Ghana","admin0","Incidence Rate","Cases per Thousand",2020,0
"GHA","Ghana","admin0","Incidence Rate","Cases per Thousand",2021,0
"GHA","Ghana","admin0","Incidence Rate","Cases per Thousand",2022,0
"GHA","Ghana","admin0","Infection Prevalence","per 100 People",2010,0
"GHA","Ghana","admin0","Infection Prevalence","per 100 People",2011,0
"GHA","Ghana","admin0","Infection Prevalence","per 100 People",2012,0
"GHA","Ghana","admin0","Infection Prevalence","per 100 People",2013,0
"GHA","Ghana","admin0","Infection Prevalence","per 100 People",2014,0
"GHA","Ghana","admin0","Infection Prevalence","per 100 People",2015,0
"GHA","Ghana","admin0","Infection Prevalence","per 100 People",2016,0
"GHA","Ghana","admin0","Infection Prevalence","per 100 People",2017,0
"GHA","Ghana","admin0","Infection Prevalence","per 100 People",2018,0
"GHA","Ghana","admin0","Infection Prevalence","per 100 People",2019,0
"GHA","Ghana","admin0","Infection Prevalence","per 100 People",2020,0
"GHA","Ghana","admin0","Infection Prevalence","per 100 People",2021,0
"GHA","Ghana","admin0","Infection Prevalence","per 100 People",2022,0
"GIN","Guinea","admin0","Incidence Rate","Cases per Thousand",2010,0
"GIN","Guinea","admin0","Incidence Rate","Cases per Thousand",2011,0
"GIN","Guinea","admin0","Incidence Rate","Cases per Thousand",2012,0
"GIN","Guinea","admin0","Incidence Rate","Cases per Thousand",2013,0
"GIN","Guinea","admin0","Incidence Rate","Cases per Thousand",2014,0
"GIN","Guinea","admin0","Incidence Rate","Cases per Thousand",2015,0
"GIN","Guinea","admin0","Incidence Rate","Cases per Thousand",2016,0
"GIN","Guinea","admin0","Incidence Rate","Cases per Thousand",2017,0
"GIN","Guinea","admin0","Incidence Rate","Cases per Thousand",2018,0
"GIN","Guinea","admin0","Incidence Rate","Cases per Thousand",2019,0
"GIN","Guinea","admin0","Incidence Rate","Cases per Thousand",2020,0
"GIN","Guinea","admin0","Incidence Rate","Cases per Thousand",2021,0
"GIN","Guinea","admin0","Incidence Rate","Cases per Thousand",2022,0
"GIN","Guinea","admin0","Infection Prevalence","per 100 People",2010,0
"GIN","Guinea","admin0","Infection Prevalence","per 100 People",2011,0
"GIN","Guinea","admin0","Infection Prevalence","per 100 People",2012,0
"GIN","Guinea","admin0","Infection Prevalence","per 100 People",2013,0
"GIN","Guinea","admin0","Infection Prevalence","per 100 People",2014,0
"GIN","Guinea","admin0","Infection Prevalence","per 100 People",2015,0
"GIN","Guinea","admin0","Infection Prevalence","per 100 People",2016,0
"GIN","Guinea","admin0","Infection Prevalence","per 100 People",2017,0
"GIN","Guinea","admin0","Infection Prevalence","per 100 People",2018,0
"GIN","Guinea","admin0","Infection Prevalence","per 100 People",2019,0
"GIN","Guinea","admin0","Infection Prevalence","per 100 People",2020,0
"GIN","Guinea","admin0","Infection Prevalence","per 100 People",2021,0
"GIN","Guinea","admin0","Infection Prevalence","per 100 People",2022,0
"GMB","Gambia","admin0","Incidence Rate","Cases per Thousand",2010,0
"GMB","Gambia","admin0","Incidence Rate","Cases per Thousand",2011,0
"GMB","Gambia","admin0","Incidence Rate","Cases per Thousand",2012,0
"GMB","Gambia","admin0","Incidence Rate","Cases per Thousand",2013,0
"GMB","Gambia","admin0","Incidence Rate","Cases per Thousand",2014,0
"GMB","Gambia","admin0","Incidence Rate","Cases per Thousand",2015,0
"GMB","Gambia","admin0","Incidence Rate","Cases per Thousand",2016,0
"GMB","Gambia","admin0","Incidence Rate","Cases per Thousand",2017,0
"GMB","Gambia","admin0","Incidence Rate","Cases per Thousand",2018,0
"GMB","Gambia","admin0","Incidence Rate","Cases per Thousand",2019,0
"GMB","Gambia","admin0","Incidence Rate","Cases per Thousand",2020,0
"GMB","Gambia","admin0","Incidence Rate","Cases per Thousand",2021,0
"GMB","Gambia","admin0","Incidence Rate","Cases per Thousand",2022,0
"GMB","Gambia","admin0","Infection Prevalence","per 100 People",2010,0
"GMB","Gambia","admin0","Infection Prevalence","per 100 People",2011,0
"GMB","Gambia","admin0","Infection Prevalence","per 100 People",2012,0
"GMB","Gambia","admin0","Infection Prevalence","per 100 People",2013,0
"GMB","Gambia","admin0","Infection Prevalence","per 100 People",2014,0
"GMB","Gambia","admin0","Infection Prevalence","per 100 People",2015,0
"GMB","Gambia","admin0","Infection Prevalence","per 100 People",2016,0
"GMB","Gambia","admin0","Infection Prevalence","per 100 People",2017,0
"GMB","Gambia","admin0","Infection Prevalence","per 100 People",2018,0
"GMB","Gambia","admin0","Infection Prevalence","per 100 People",2019,0
"GMB","Gambia","admin0","Infection Prevalence","per 100 People",2020,0
"GMB","Gambia","admin0","Infection Prevalence","per 100 People",2021,0
"GMB","Gambia","admin0","Infection Prevalence","per 100 People",2022,0
"GNB","Guinea-Bissau","admin0","Incidence Rate","Cases per Thousand",2010,0
"GNB","Guinea-Bissau","admin0","Incidence Rate","Cases per Thousand",2011,0
"GNB","Guinea-Bissau","admin0","Incidence Rate","Cases per Thousand",2012,0
"GNB","Guinea-Bissau","admin0","Incidence Rate","Cases per Thousand",2013,0
"GNB","Guinea-Bissau","admin0","Incidence Rate","Cases per Thousand",2014,0
"GNB","Guinea-Bissau","admin0","Incidence Rate","Cases per Thousand",2015,0
"GNB","Guinea-Bissau","admin0","Incidence Rate","Cases per Thousand",2016,0
"GNB","Guinea-Bissau","admin0","Incidence Rate","Cases per Thousand",2017,0
"GNB","Guinea-Bissau","admin0","Incidence Rate","Cases per Thousand",2018,0
"GNB","Guinea-Bissau","admin0","Incidence Rate","Cases per Thousand",2019,0
"GNB","Guinea-Bissau","admin0","Incidence Rate","Cases per Thousand",2020,0
"GNB","Guinea-Bissau","admin0","Incidence Rate","Cases per Thousand",2021,0
"GNB","Guinea-Bissau","admin0","Incidence Rate","Cases per Thousand",2022,0
"GNB","Guinea-Bissau","admin0","Infection Prevalence","per 100 People",2010,0
"GNB","Guinea-Bissau","admin0","Infection Prevalence","per 100 People",2011,0
"GNB","Guinea-Bissau","admin0","Infection Prevalence","per 100 People",2012,0
"GNB","Guinea-Bissau","admin0","Infection Prevalence","per 100 People",2013,0
"GNB","Guinea-Bissau","admin0","Infection Prevalence","per 100 People",2014,0
"GNB","Guinea-Bissau","admin0","Infection Prevalence","per 100 People",2015,0
"GNB","Guinea-Bissau","admin0","Infection Prevalence","per 100 People",2016,0
"GNB","Guinea-Bissau","admin0","Infection Prevalence","per 100 People",2017,0
"GNB","Guinea-Bissau","admin0","Infection Prevalence","per 100 People",2018,0
"GNB","Guinea-Bissau","admin0","Infection Prevalence","per 100 People",2019,0
"GNB","Guinea-Bissau","admin0","Infection Prevalence","per 100 People",2020,0
"GNB","Guinea-Bissau","admin0","Infection Prevalence","per 100 People",2021,0
"GNB","Guinea-Bissau","admin0","Infection Prevalence","per 100 People",2022,0
"GNQ","Equatorial Guinea","admin0","Incidence Rate","Cases per Thousand",2010,0
"GNQ","Equatorial Guinea","admin0","Incidence Rate","Cases per Thousand",2011,0
"GNQ","Equatorial Guinea","admin0","Incidence Rate","Cases per Thousand",2012,0
"GNQ","Equatorial Guinea","admin0","Incidence Rate","Cases per Thousand",2013,0
"GNQ","Equatorial Guinea","admin0","Incidence Rate","Cases per Thousand",2014,0
"GNQ","Equatorial Guinea","admin0","Incidence Rate","Cases per Thousand",2015,0
"GNQ","Equatorial Guinea","admin0","Incidence Rate","Cases per Thousand",2016,0
"GNQ","Equatorial Guinea","admin0","Incidence Rate","Cases per Thousand",2017,0
"GNQ","Equatorial Guinea","admin0","Incidence Rate","Cases per Thousand",2018,0
"GNQ","Equatorial Guinea","admin0","Incidence Rate","Cases per Thousand",2019,0
"GNQ","Equatorial Guinea","admin0","Incidence Rate","Cases per Thousand",2020,0
"GNQ","Equatorial Guinea","admin0","Incidence Rate","Cases per Thousand",2021,0
"GNQ","Equatorial Guinea","admin0","Incidence Rate","Cases per Thousand",2022,0
"GNQ","Equatorial Guinea","admin0","Infection Prevalence","per 100 People",2010,0
"GNQ","Equatorial Guinea","admin0","Infection Prevalence","per 100 People",2011,0
"GNQ","Equatorial Guinea","admin0","Infection Prevalence","per 100 People",2012,0
"GNQ","Equatorial Guinea","admin0","Infection Prevalence","per 100 People",2013,0
"GNQ","Equatorial Guinea","admin0","Infection Prevalence","per 100 People",2014,0
"GNQ","Equatorial Guinea","admin0","Infection Prevalence","per 100 People",2015,0
"GNQ","Equatorial Guinea","admin0","Infection Prevalence","per 100 People",2016,0
"GNQ","Equatorial Guinea","admin0","Infection Prevalence","per 100 People",2017,0
"GNQ","Equatorial Guinea","admin0","Infection Prevalence","per 100 People",2018,0
"GNQ","Equatorial Guinea","admin0","Infection Prevalence","per 100 People",2019,0
"GNQ","Equatorial Guinea","admin0","Infection Prevalence","per 100 People",2020,0
"GNQ","Equatorial Guinea","admin0","Infection Prevalence","per 100 People",2021,0
"GNQ","Equatorial Guinea","admin0","Infection Prevalence","per 100 People",2022,0
"GTM","Guatemala","admin0","Incidence Rate","Cases per Thousand",2010,1.35450414766995
"GTM","Guatemala","admin0","Incidence Rate","Cases per Thousand",2011,1.24624740263792
"GTM","Guatemala","admin0","Incidence Rate","Cases per Thousand",2012,0.984513709409607
"GTM","Guatemala","admin0","Incidence Rate","Cases per Thousand",2013,1.05923203669799
"GTM","Guatemala","admin0","Incidence Rate","Cases per Thousand",2014,1.27020896487182
"GTM","Guatemala","admin0","Incidence Rate","Cases per Thousand",2015,0.876055407989083
"GTM","Guatemala","admin0","Incidence Rate","Cases per Thousand",2016,0.8250792487492931
"GTM","Guatemala","admin0","Incidence Rate","Cases per Thousand",2017,0.668086760782537
"GTM","Guatemala","admin0","Incidence Rate","Cases per Thousand",2018,0.50106770910569
"GTM","Guatemala","admin0","Incidence Rate","Cases per Thousand",2019,0.347220909890776
"GTM","Guatemala","admin0","Incidence Rate","Cases per Thousand",2020,0.185466062263827
"GTM","Guatemala","admin0","Incidence Rate","Cases per Thousand",2021,0.21078479688079302
"GTM","Guatemala","admin0","Incidence Rate","Cases per Thousand",2022,0.286341939733729
"GTM","Guatemala","admin0","Infection Prevalence","per 100 People",2010,0.26561271432225697
"GTM","Guatemala","admin0","Infection Prevalence","per 100 People",2011,0.223344355748325
"GTM","Guatemala","admin0","Infection Prevalence","per 100 People",2012,0.21925292348235803
"GTM","Guatemala","admin0","Infection Prevalence","per 100 People",2013,0.233917825173409
"GTM","Guatemala","admin0","Infection Prevalence","per 100 People",2014,0.25676283838200303
"GTM","Guatemala","admin0","Infection Prevalence","per 100 People",2015,0.150972258530168
"GTM","Guatemala","admin0","Infection Prevalence","per 100 People",2016,0.140042462157176
"GTM","Guatemala","admin0","Infection Prevalence","per 100 People",2017,0.116499390758987
"GTM","Guatemala","admin0","Infection Prevalence","per 100 People",2018,0.10031697768978098
"GTM","Guatemala","admin0","Infection Prevalence","per 100 People",2019,0.08268652349202289
"GTM","Guatemala","admin0","Infection Prevalence","per 100 People",2020,0.057902928868531406
"GTM","Guatemala","admin0","Infection Prevalence","per 100 People",2021,0.0645384243729636
"GTM","Guatemala","admin0","Infection Prevalence","per 100 People",2022,0.07495939503205079
"GUF","French Guiana","admin0","Incidence Rate","Cases per Thousand",2010,4.507277070225561
"GUF","French Guiana","admin0","Incidence Rate","Cases per Thousand",2011,3.731017087882
"GUF","French Guiana","admin0","Incidence Rate","Cases per Thousand",2012,2.95381252705092
"GUF","French Guiana","admin0","Incidence Rate","Cases per Thousand",2013,4.1696921399069495
"GUF","French Guiana","admin0","Incidence Rate","Cases per Thousand",2014,1.79010813982945
"GUF","French Guiana","admin0","Incidence Rate","Cases per Thousand",2015,2.3461075241494003
"GUF","French Guiana","admin0","Incidence Rate","Cases per Thousand",2016,1.13560685730175
"GUF","French Guiana","admin0","Incidence Rate","Cases per Thousand",2017,3.47945831368368
"GUF","French Guiana","admin0","Incidence Rate","Cases per Thousand",2018,3.71001310720482
"GUF","French Guiana","admin0","Incidence Rate","Cases per Thousand",2019,1.40692680942982
"GUF","French Guiana","admin0","Incidence Rate","Cases per Thousand",2020,0.936539637640473
"GUF","French Guiana","admin0","Incidence Rate","Cases per Thousand",2021,0.5159468721172901
"GUF","French Guiana","admin0","Incidence Rate","Cases per Thousand",2022,0.13966197222489
"GUF","French Guiana","admin0","Infection Prevalence","per 100 People",2010,0.590064892931489
"GUF","French Guiana","admin0","Infection Prevalence","per 100 People",2011,0.54160084292798
"GUF","French Guiana","admin0","Infection Prevalence","per 100 People",2012,0.486261433713804
"GUF","French Guiana","admin0","Infection Prevalence","per 100 People",2013,0.580017168284438
"GUF","French Guiana","admin0","Infection Prevalence","per 100 People",2014,0.384135237142254
"GUF","French Guiana","admin0","Infection Prevalence","per 100 People",2015,0.43947244538834407
"GUF","French Guiana","admin0","Infection Prevalence","per 100 People",2016,0.30741211415563796
"GUF","French Guiana","admin0","Infection Prevalence","per 100 People",2017,0.5340195527280099
"GUF","French Guiana","admin0","Infection Prevalence","per 100 People",2018,0.5510735809299611
"GUF","French Guiana","admin0","Infection Prevalence","per 100 People",2019,0.341810657963347
"GUF","French Guiana","admin0","Infection Prevalence","per 100 People",2020,0.279531325292244
"GUF","French Guiana","admin0","Infection Prevalence","per 100 People",2021,0.20814742044316498
"GUF","French Guiana","admin0","Infection Prevalence","per 100 People",2022,0.10911066922616301
"GUY","Guyana","admin0","Incidence Rate","Cases per Thousand",2010,26.7228340511823
"GUY","Guyana","admin0","Incidence Rate","Cases per Thousand",2011,31.8027054467589
"GUY","Guyana","admin0","Incidence Rate","Cases per Thousand",2012,37.694292400466196
"GUY","Guyana","admin0","Incidence Rate","Cases per Thousand",2013,60.1064941790156
"GUY","Guyana","admin0","Incidence Rate","Cases per Thousand",2014,32.034662014662295
"GUY","Guyana","admin0","Incidence Rate","Cases per Thousand",2015,29.7729315857426
"GUY","Guyana","admin0","Incidence Rate","Cases per Thousand",2016,28.9997474252742
"GUY","Guyana","admin0","Incidence Rate","Cases per Thousand",2017,33.8250286631094
"GUY","Guyana","admin0","Incidence Rate","Cases per Thousand",2018,41.959678155745
"GUY","Guyana","admin0","Incidence Rate","Cases per Thousand",2019,50.007063830362696
"GUY","Guyana","admin0","Incidence Rate","Cases per Thousand",2020,41.4724577360962
"GUY","Guyana","admin0","Incidence Rate","Cases per Thousand",2021,51.5859259117643
"GUY","Guyana","admin0","Incidence Rate","Cases per Thousand",2022,48.066300964196095
"GUY","Guyana","admin0","Infection Prevalence","per 100 People",2010,1.46747356290809
"GUY","Guyana","admin0","Infection Prevalence","per 100 People",2011,1.60248054782102
"GUY","Guyana","admin0","Infection Prevalence","per 100 People",2012,1.74340133101719
"GUY","Guyana","admin0","Infection Prevalence","per 100 People",2013,2.18700395694907
"GUY","Guyana","admin0","Infection Prevalence","per 100 People",2014,1.60993603324923
"GUY","Guyana","admin0","Infection Prevalence","per 100 People",2015,1.55031733846049
"GUY","Guyana","admin0","Infection Prevalence","per 100 People",2016,1.53026082269824
"GUY","Guyana","admin0","Infection Prevalence","per 100 People",2017,1.6490334708865602
"GUY","Guyana","admin0","Infection Prevalence","per 100 People",2018,1.83138561669638
"GUY","Guyana","admin0","Infection Prevalence","per 100 People",2019,1.99439082709565
"GUY","Guyana","admin0","Infection Prevalence","per 100 People",2020,1.8215029671582
"GUY","Guyana","admin0","Infection Prevalence","per 100 People",2021,2.02580175146129
"GUY","Guyana","admin0","Infection Prevalence","per 100 People",2022,1.9576057388944998
"HND","Honduras","admin0","Incidence Rate","Cases per Thousand",2010,2.20213822516365
"HND","Honduras","admin0","Incidence Rate","Cases per Thousand",2011,1.76446629938527
"HND","Honduras","admin0","Incidence Rate","Cases per Thousand",2012,1.39576284590718
"HND","Honduras","admin0","Incidence Rate","Cases per Thousand",2013,0.9954151963991391
"HND","Honduras","admin0","Incidence Rate","Cases per Thousand",2014,0.658648701962837
"HND","Honduras","admin0","Incidence Rate","Cases per Thousand",2015,0.609520303437703
"HND","Honduras","admin0","Incidence Rate","Cases per Thousand",2016,0.597007402174704
"HND","Honduras","admin0","Incidence Rate","Cases per Thousand",2017,0.248469317012076
"HND","Honduras","admin0","Incidence Rate","Cases per Thousand",2018,0.12637897403103301
"HND","Honduras","admin0","Incidence Rate","Cases per Thousand",2019,0.0648563337972176
"HND","Honduras","admin0","Incidence Rate","Cases per Thousand",2020,0.12012475960883899
"HND","Honduras","admin0","Incidence Rate","Cases per Thousand",2021,0.172260013770485
"HND","Honduras","admin0","Incidence Rate","Cases per Thousand",2022,0.461414789387423
"HND","Honduras","admin0","Infection Prevalence","per 100 People",2010,0.353053949403669
"HND","Honduras","admin0","Infection Prevalence","per 100 People",2011,0.317109334277099
"HND","Honduras","admin0","Infection Prevalence","per 100 People",2012,0.282621067763075
"HND","Honduras","admin0","Infection Prevalence","per 100 People",2013,0.23914847007547002
"HND","Honduras","admin0","Infection Prevalence","per 100 People",2014,0.194704884112608
"HND","Honduras","admin0","Infection Prevalence","per 100 People",2015,0.149905275731298
"HND","Honduras","admin0","Infection Prevalence","per 100 People",2016,0.147372906339212
"HND","Honduras","admin0","Infection Prevalence","per 100 People",2017,0.09191340550069249
"HND","Honduras","admin0","Infection Prevalence","per 100 People",2018,0.066034306713888
"HND","Honduras","admin0","Infection Prevalence","per 100 People",2019,0.047670511537659
"HND","Honduras","admin0","Infection Prevalence","per 100 People",2020,0.06441630398500929
"HND","Honduras","admin0","Infection Prevalence","per 100 People",2021,0.0765720455090057
"HND","Honduras","admin0","Infection Prevalence","per 100 People",2022,0.124097316505993
"HTI","Haiti","admin0","Incidence Rate","Cases per Thousand",2010,0
"HTI","Haiti","admin0","Incidence Rate","Cases per Thousand",2011,0
"HTI","Haiti","admin0","Incidence Rate","Cases per Thousand",2012,0
"HTI","Haiti","admin0","Incidence Rate","Cases per Thousand",2013,0
"HTI","Haiti","admin0","Incidence Rate","Cases per Thousand",2014,0
"HTI","Haiti","admin0","Incidence Rate","Cases per Thousand",2015,0
"HTI","Haiti","admin0","Incidence Rate","Cases per Thousand",2016,0
"HTI","Haiti","admin0","Incidence Rate","Cases per Thousand",2017,0
"HTI","Haiti","admin0","Incidence Rate","Cases per Thousand",2018,0
"HTI","Haiti","admin0","Incidence Rate","Cases per Thousand",2019,0
"HTI","Haiti","admin0","Incidence Rate","Cases per Thousand",2020,0
"HTI","Haiti","admin0","Incidence Rate","Cases per Thousand",2021,0
"HTI","Haiti","admin0","Incidence Rate","Cases per Thousand",2022,0
"HTI","Haiti","admin0","Infection Prevalence","per 100 People",2010,0
"HTI","Haiti","admin0","Infection Prevalence","per 100 People",2011,0
"HTI","Haiti","admin0","Infection Prevalence","per 100 People",2012,0
"HTI","Haiti","admin0","Infection Prevalence","per 100 People",2013,0
"HTI","Haiti","admin0","Infection Prevalence","per 100 People",2014,0
"HTI","Haiti","admin0","Infection Prevalence","per 100 People",2015,0
"HTI","Haiti","admin0","Infection Prevalence","per 100 People",2016,0
"HTI","Haiti","admin0","Infection Prevalence","per 100 People",2017,0
"HTI","Haiti","admin0","Infection Prevalence","per 100 People",2018,0
"HTI","Haiti","admin0","Infection Prevalence","per 100 People",2019,0
"HTI","Haiti","admin0","Infection Prevalence","per 100 People",2020,0
"HTI","Haiti","admin0","Infection Prevalence","per 100 People",2021,0
"HTI","Haiti","admin0","Infection Prevalence","per 100 People",2022,0
"IDN","Indonesia","admin0","Incidence Rate","Cases per Thousand",2010,3.37880777227751
"IDN","Indonesia","admin0","Incidence Rate","Cases per Thousand",2011,3.0456422392815803
"IDN","Indonesia","admin0","Incidence Rate","Cases per Thousand",2012,2.71697142902068
"IDN","Indonesia","admin0","Incidence Rate","Cases per Thousand",2013,2.19576296260528
"IDN","Indonesia","admin0","Incidence Rate","Cases per Thousand",2014,1.6236755511832401
"IDN","Indonesia","admin0","Incidence Rate","Cases per Thousand",2015,1.58041401906177
"IDN","Indonesia","admin0","Incidence Rate","Cases per Thousand",2016,1.26811604166151
"IDN","Indonesia","admin0","Incidence Rate","Cases per Thousand",2017,1.5446546299485302
"IDN","Indonesia","admin0","Incidence Rate","Cases per Thousand",2018,1.2234179976475499
"IDN","Indonesia","admin0","Incidence Rate","Cases per Thousand",2019,1.2495304577370199
"IDN","Indonesia","admin0","Incidence Rate","Cases per Thousand",2020,1.24955487521988
"IDN","Indonesia","admin0","Incidence Rate","Cases per Thousand",2021,1.52576162849566
"IDN","Indonesia","admin0","Incidence Rate","Cases per Thousand",2022,2.0165368161726502
"IDN","Indonesia","admin0","Infection Prevalence","per 100 People",2010,0.47926861110486996
"IDN","Indonesia","admin0","Infection Prevalence","per 100 People",2011,0.5056791961473991
"IDN","Indonesia","admin0","Infection Prevalence","per 100 People",2012,0.426032045764875
"IDN","Indonesia","admin0","Infection Prevalence","per 100 People",2013,0.350571267018604
"IDN","Indonesia","admin0","Infection Prevalence","per 100 People",2014,0.30263240853239104
"IDN","Indonesia","admin0","Infection Prevalence","per 100 People",2015,0.248562275171322
"IDN","Indonesia","admin0","Infection Prevalence","per 100 People",2016,0.288013969444449
"IDN","Indonesia","admin0","Infection Prevalence","per 100 People",2017,0.280217138301108
"IDN","Indonesia","admin0","Infection Prevalence","per 100 People",2018,0.230773787965047
"IDN","Indonesia","admin0","Infection Prevalence","per 100 People",2019,0.238713391476732
"IDN","Indonesia","admin0","Infection Prevalence","per 100 People",2020,0.162061468874737
"IDN","Indonesia","admin0","Infection Prevalence","per 100 People",2021,0.165089589666578
"IDN","Indonesia","admin0","Infection Prevalence","per 100 People",2022,0.192245540902974
"IND","India","admin0","Incidence Rate","Cases per Thousand",2010,7.76971403448619
"IND","India","admin0","Incidence Rate","Cases per Thousand",2011,6.728621170947919
"IND","India","admin0","Incidence Rate","Cases per Thousand",2012,6.20033236628224
"IND","India","admin0","Incidence Rate","Cases per Thousand",2013,4.32576961301593
"IND","India","admin0","Incidence Rate","Cases per Thousand",2014,3.75385819988586
"IND","India","admin0","Incidence Rate","Cases per Thousand",2015,3.74975575204498
"IND","India","admin0","Incidence Rate","Cases per Thousand",2016,5.00550237266571
"IND","India","admin0","Incidence Rate","Cases per Thousand",2017,4.69201508627725
"IND","India","admin0","Incidence Rate","Cases per Thousand",2018,3.54524551413365
"IND","India","admin0","Incidence Rate","Cases per Thousand",2019,2.51028980113469
"IND","India","admin0","Incidence Rate","Cases per Thousand",2020,1.71948579341095
"IND","India","admin0","Incidence Rate","Cases per Thousand",2021,1.3046027744864102
"IND","India","admin0","Incidence Rate","Cases per Thousand",2022,0.89760395907251
"IND","India","admin0","Infection Prevalence","per 100 People",2010,0.699363154616622
"IND","India","admin0","Infection Prevalence","per 100 People",2011,0.643979945602458
"IND","India","admin0","Infection Prevalence","per 100 People",2012,0.6089041436416339
"IND","India","admin0","Infection Prevalence","per 100 People",2013,0.519705816708416
"IND","India","admin0","Infection Prevalence","per 100 People",2014,0.472565719958527
"IND","India","admin0","Infection Prevalence","per 100 People",2015,0.45912302711999703
"IND","India","admin0","Infection Prevalence","per 100 People",2016,0.53401518947805
"IND","India","admin0","Infection Prevalence","per 100 People",2017,0.525641603800094
"IND","India","admin0","Infection Prevalence","per 100 People",2018,0.473471904090925
"IND","India","admin0","Infection Prevalence","per 100 People",2019,0.392897430366107
"IND","India","admin0","Infection Prevalence","per 100 People",2020,0.315459921122462
"IND","India","admin0","Infection Prevalence","per 100 People",2021,0.274578163225869
"IND","India","admin0","Infection Prevalence","per 100 People",2022,0.22795641133041
"IRN","Iran","admin0","Incidence Rate","Cases per Thousand",2010,0.021894594417036
"IRN","Iran","admin0","Incidence Rate","Cases per Thousand",2011,0.0200398682633239
"IRN","Iran","admin0","Incidence Rate","Cases per Thousand",2012,0.00945504601378524
"IRN","Iran","admin0","Incidence Rate","Cases per Thousand",2013,0.00561808670557625
"IRN","Iran","admin0","Incidence Rate","Cases per Thousand",2014,0.00442196213994174
"IRN","Iran","admin0","Incidence Rate","Cases per Thousand",2015,0.00195931812621432
"IRN","Iran","admin0","Incidence Rate","Cases per Thousand",2016,0.00114689278800867
"IRN","Iran","admin0","Incidence Rate","Cases per Thousand",2017,0.0008273293657629799
"IRN","Iran","admin0","Incidence Rate","Cases per Thousand",2018,0.00022926732214253
"IRN","Iran","admin0","Incidence Rate","Cases per Thousand",2019,0.0008196857906092469
"IRN","Iran","admin0","Incidence Rate","Cases per Thousand",2020,0.0016850997400556
"IRN","Iran","admin0","Incidence Rate","Cases per Thousand",2021,0.00170813434814205
"IRN","Iran","admin0","Incidence Rate","Cases per Thousand",2022,0.0140330339638434
"IRN","Iran","admin0","Infection Prevalence","per 100 People",2010,0.0157379032413754
"IRN","Iran","admin0","Infection Prevalence","per 100 People",2011,0.014820876521213201
"IRN","Iran","admin0","Infection Prevalence","per 100 People",2012,0.009235138907758931
"IRN","Iran","admin0","Infection Prevalence","per 100 People",2013,0.00803295736386248
"IRN","Iran","admin0","Infection Prevalence","per 100 People",2014,0.00688217532657985
"IRN","Iran","admin0","Infection Prevalence","per 100 People",2015,0.00553813671296556
"IRN","Iran","admin0","Infection Prevalence","per 100 People",2016,0.00469763892606139
"IRN","Iran","admin0","Infection Prevalence","per 100 People",2017,0.00385525045687457
"IRN","Iran","admin0","Infection Prevalence","per 100 People",2018,0.00277566892046633
"IRN","Iran","admin0","Infection Prevalence","per 100 People",2019,0.0038054806276957495
"IRN","Iran","admin0","Infection Prevalence","per 100 People",2020,0.0047746366602622
"IRN","Iran","admin0","Infection Prevalence","per 100 People",2021,0.00479309521509063
"IRN","Iran","admin0","Infection Prevalence","per 100 People",2022,0.0114871951295054
"IRQ","Iraq","admin0","Incidence Rate","Cases per Thousand",2010,0
"IRQ","Iraq","admin0","Incidence Rate","Cases per Thousand",2011,0
"IRQ","Iraq","admin0","Incidence Rate","Cases per Thousand",2012,0
"IRQ","Iraq","admin0","Incidence Rate","Cases per Thousand",2013,0
"IRQ","Iraq","admin0","Incidence Rate","Cases per Thousand",2014,0
"IRQ","Iraq","admin0","Incidence Rate","Cases per Thousand",2015,0
"IRQ","Iraq","admin0","Incidence Rate","Cases per Thousand",2016,0
"IRQ","Iraq","admin0","Incidence Rate","Cases per Thousand",2017,0
"IRQ","Iraq","admin0","Incidence Rate","Cases per Thousand",2018,0
"IRQ","Iraq","admin0","Incidence Rate","Cases per Thousand",2019,0
"IRQ","Iraq","admin0","Incidence Rate","Cases per Thousand",2020,0
"IRQ","Iraq","admin0","Incidence Rate","Cases per Thousand",2021,0
"IRQ","Iraq","admin0","Incidence Rate","Cases per Thousand",2022,0
"IRQ","Iraq","admin0","Infection Prevalence","per 100 People",2010,0
"IRQ","Iraq","admin0","Infection Prevalence","per 100 People",2011,0
"IRQ","Iraq","admin0","Infection Prevalence","per 100 People",2012,0
"IRQ","Iraq","admin0","Infection Prevalence","per 100 People",2013,0
"IRQ","Iraq","admin0","Infection Prevalence","per 100 People",2014,0
"IRQ","Iraq","admin0","Infection Prevalence","per 100 People",2015,0
"IRQ","Iraq","admin0","Infection Prevalence","per 100 People",2016,0
"IRQ","Iraq","admin0","Infection Prevalence","per 100 People",2017,0
"IRQ","Iraq","admin0","Infection Prevalence","per 100 People",2018,0
"IRQ","Iraq","admin0","Infection Prevalence","per 100 People",2019,0
"IRQ","Iraq","admin0","Infection Prevalence","per 100 People",2020,0
"IRQ","Iraq","admin0","Infection Prevalence","per 100 People",2021,0
"IRQ","Iraq","admin0","Infection Prevalence","per 100 People",2022,0
"KEN","Kenya","admin0","Incidence Rate","Cases per Thousand",2010,0
"KEN","Kenya","admin0","Incidence Rate","Cases per Thousand",2011,0
"KEN","Kenya","admin0","Incidence Rate","Cases per Thousand",2012,0
"KEN","Kenya","admin0","Incidence Rate","Cases per Thousand",2013,0
"KEN","Kenya","admin0","Incidence Rate","Cases per Thousand",2014,0
"KEN","Kenya","admin0","Incidence Rate","Cases per Thousand",2015,0
"KEN","Kenya","admin0","Incidence Rate","Cases per Thousand",2016,0
"KEN","Kenya","admin0","Incidence Rate","Cases per Thousand",2017,0
"KEN","Kenya","admin0","Incidence Rate","Cases per Thousand",2018,0
"KEN","Kenya","admin0","Incidence Rate","Cases per Thousand",2019,0
"KEN","Kenya","admin0","Incidence Rate","Cases per Thousand",2020,0
"KEN","Kenya","admin0","Incidence Rate","Cases per Thousand",2021,0
"KEN","Kenya","admin0","Incidence Rate","Cases per Thousand",2022,0
"KEN","Kenya","admin0","Infection Prevalence","per 100 People",2010,0
"KEN","Kenya","admin0","Infection Prevalence","per 100 People",2011,0
"KEN","Kenya","admin0","Infection Prevalence","per 100 People",2012,0
"KEN","Kenya","admin0","Infection Prevalence","per 100 People",2013,0
"KEN","Kenya","admin0","Infection Prevalence","per 100 People",2014,0
"KEN","Kenya","admin0","Infection Prevalence","per 100 People",2015,0
"KEN","Kenya","admin0","Infection Prevalence","per 100 People",2016,0
"KEN","Kenya","admin0","Infection Prevalence","per 100 People",2017,0
"KEN","Kenya","admin0","Infection Prevalence","per 100 People",2018,0
"KEN","Kenya","admin0","Infection Prevalence","per 100 People",2019,0
"KEN","Kenya","admin0","Infection Prevalence","per 100 People",2020,0
"KEN","Kenya","admin0","Infection Prevalence","per 100 People",2021,0
"KEN","Kenya","admin0","Infection Prevalence","per 100 People",2022,0
"KGZ","Kyrgyzstan","admin0","Incidence Rate","Cases per Thousand",2010,0.0005312277834869529
"KGZ","Kyrgyzstan","admin0","Incidence Rate","Cases per Thousand",2011,0
"KGZ","Kyrgyzstan","admin0","Incidence Rate","Cases per Thousand",2012,0
"KGZ","Kyrgyzstan","admin0","Incidence Rate","Cases per Thousand",2013,0
"KGZ","Kyrgyzstan","admin0","Incidence Rate","Cases per Thousand",2014,0
"KGZ","Kyrgyzstan","admin0","Incidence Rate","Cases per Thousand",2015,0
"KGZ","Kyrgyzstan","admin0","Incidence Rate","Cases per Thousand",2016,0
"KGZ","Kyrgyzstan","admin0","Incidence Rate","Cases per Thousand",2017,0
"KGZ","Kyrgyzstan","admin0","Incidence Rate","Cases per Thousand",2018,0
"KGZ","Kyrgyzstan","admin0","Incidence Rate","Cases per Thousand",2019,0
"KGZ","Kyrgyzstan","admin0","Incidence Rate","Cases per Thousand",2020,0
"KGZ","Kyrgyzstan","admin0","Incidence Rate","Cases per Thousand",2021,0
"KGZ","Kyrgyzstan","admin0","Incidence Rate","Cases per Thousand",2022,0
"KGZ","Kyrgyzstan","admin0","Infection Prevalence","per 100 People",2010,0.0077654838245968
"KGZ","Kyrgyzstan","admin0","Infection Prevalence","per 100 People",2011,0
"KGZ","Kyrgyzstan","admin0","Infection Prevalence","per 100 People",2012,0
"KGZ","Kyrgyzstan","admin0","Infection Prevalence","per 100 People",2013,0
"KGZ","Kyrgyzstan","admin0","Infection Prevalence","per 100 People",2014,0
"KGZ","Kyrgyzstan","admin0","Infection Prevalence","per 100 People",2015,0
"KGZ","Kyrgyzstan","admin0","Infection Prevalence","per 100 People",2016,0
"KGZ","Kyrgyzstan","admin0","Infection Prevalence","per 100 People",2017,0
"KGZ","Kyrgyzstan","admin0","Infection Prevalence","per 100 People",2018,0
"KGZ","Kyrgyzstan","admin0","Infection Prevalence","per 100 People",2019,0
"KGZ","Kyrgyzstan","admin0","Infection Prevalence","per 100 People",2020,0
"KGZ","Kyrgyzstan","admin0","Infection Prevalence","per 100 People",2021,0
"KGZ","Kyrgyzstan","admin0","Infection Prevalence","per 100 People",2022,0
"KHM","Cambodia","admin0","Incidence Rate","Cases per Thousand",2010,11.6332280188091
"KHM","Cambodia","admin0","Incidence Rate","Cases per Thousand",2011,12.128004557775501
"KHM","Cambodia","admin0","Incidence Rate","Cases per Thousand",2012,9.34064905760132
"KHM","Cambodia","admin0","Incidence Rate","Cases per Thousand",2013,6.6540502235392704
"KHM","Cambodia","admin0","Incidence Rate","Cases per Thousand",2014,8.687214186202
"KHM","Cambodia","admin0","Incidence Rate","Cases per Thousand",2015,6.33533467882268
"KHM","Cambodia","admin0","Incidence Rate","Cases per Thousand",2016,4.41802570552907
"KHM","Cambodia","admin0","Incidence Rate","Cases per Thousand",2017,8.39888821358593
"KHM","Cambodia","admin0","Incidence Rate","Cases per Thousand",2018,9.492304005089261
"KHM","Cambodia","admin0","Incidence Rate","Cases per Thousand",2019,5.530173970074849
"KHM","Cambodia","admin0","Incidence Rate","Cases per Thousand",2020,1.89555369135067
"KHM","Cambodia","admin0","Incidence Rate","Cases per Thousand",2021,0.909230351648203
"KHM","Cambodia","admin0","Incidence Rate","Cases per Thousand",2022,0.816835504425909
"KHM","Cambodia","admin0","Infection Prevalence","per 100 People",2010,1.54040294090795
"KHM","Cambodia","admin0","Infection Prevalence","per 100 People",2011,1.5769590676305
"KHM","Cambodia","admin0","Infection Prevalence","per 100 People",2012,1.3575803443613401
"KHM","Cambodia","admin0","Infection Prevalence","per 100 People",2013,1.11070532769765
"KHM","Cambodia","admin0","Infection Prevalence","per 100 People",2014,1.25426858690968
"KHM","Cambodia","admin0","Infection Prevalence","per 100 People",2015,1.0315597525418
"KHM","Cambodia","admin0","Infection Prevalence","per 100 People",2016,0.8498318412287049
"KHM","Cambodia","admin0","Infection Prevalence","per 100 People",2017,1.1841998953878399
"KHM","Cambodia","admin0","Infection Prevalence","per 100 People",2018,1.28451565842806
"KHM","Cambodia","admin0","Infection Prevalence","per 100 People",2019,0.961784471728285
"KHM","Cambodia","admin0","Infection Prevalence","per 100 People",2020,0.53912784783124
"KHM","Cambodia","admin0","Infection Prevalence","per 100 People",2021,0.361213818355175
"KHM","Cambodia","admin0","Infection Prevalence","per 100 People",2022,0.340086833126817
"KOR","South Korea","admin0","Incidence Rate","Cases per Thousand",2010,0.0343323344195249
"KOR","South Korea","admin0","Incidence Rate","Cases per Thousand",2011,0.015348719675884
"KOR","South Korea","admin0","Incidence Rate","Cases per Thousand",2012,0.00997708044892515
"KOR","South Korea","admin0","Incidence Rate","Cases per Thousand",2013,0.0077415493012796405
"KOR","South Korea","admin0","Incidence Rate","Cases per Thousand",2014,0.0108624050509673
"KOR","South Korea","admin0","Incidence Rate","Cases per Thousand",2015,0.0121100150168981
"KOR","South Korea","admin0","Incidence Rate","Cases per Thousand",2016,0.011525813467404
"KOR","South Korea","admin0","Incidence Rate","Cases per Thousand",2017,0.00828071228919189
"KOR","South Korea","admin0","Incidence Rate","Cases per Thousand",2018,0.00944502342580184
"KOR","South Korea","admin0","Incidence Rate","Cases per Thousand",2019,0.00908269441858113
"KOR","South Korea","admin0","Incidence Rate","Cases per Thousand",2020,0.00668615399363284
"KOR","South Korea","admin0","Incidence Rate","Cases per Thousand",2021,0.0050139031894643905
"KOR","South Korea","admin0","Incidence Rate","Cases per Thousand",2022,0.0070437080141348704
"KOR","South Korea","admin0","Infection Prevalence","per 100 People",2010,0.0478988133149855
"KOR","South Korea","admin0","Infection Prevalence","per 100 People",2011,0.0326755647364321
"KOR","South Korea","admin0","Infection Prevalence","per 100 People",2012,0.0265532204325227
"KOR","South Korea","admin0","Infection Prevalence","per 100 People",2013,0.0233077094415266
"KOR","South Korea","admin0","Infection Prevalence","per 100 People",2014,0.0267428572073523
"KOR","South Korea","admin0","Infection Prevalence","per 100 People",2015,0.027412158124561003
"KOR","South Korea","admin0","Infection Prevalence","per 100 People",2016,0.0268066737008726
"KOR","South Korea","admin0","Infection Prevalence","per 100 People",2017,0.0225888171999082
"KOR","South Korea","admin0","Infection Prevalence","per 100 People",2018,0.0211546929323135
"KOR","South Korea","admin0","Infection Prevalence","per 100 People",2019,0.020832966636205902
"KOR","South Korea","admin0","Infection Prevalence","per 100 People",2020,0.0181158555675513
"KOR","South Korea","admin0","Infection Prevalence","per 100 People",2021,0.0158841340464356
"KOR","South Korea","admin0","Infection Prevalence","per 100 People",2022,0.0185554097143058
"LAO","Laos","admin0","Incidence Rate","Cases per Thousand",2010,0.205384015923244
"LAO","Laos","admin0","Incidence Rate","Cases per Thousand",2011,0.418856062575671
"LAO","Laos","admin0","Incidence Rate","Cases per Thousand",2012,3.26117804274065
"LAO","Laos","admin0","Incidence Rate","Cases per Thousand",2013,5.124698862445619
"LAO","Laos","admin0","Incidence Rate","Cases per Thousand",2014,8.71534593140637
"LAO","Laos","admin0","Incidence Rate","Cases per Thousand",2015,7.62533787090985
"LAO","Laos","admin0","Incidence Rate","Cases per Thousand",2016,3.41412974731555
"LAO","Laos","admin0","Incidence Rate","Cases per Thousand",2017,1.4907258297297
"LAO","Laos","admin0","Incidence Rate","Cases per Thousand",2018,1.4319946740435598
"LAO","Laos","admin0","Incidence Rate","Cases per Thousand",2019,1.5080122355036798
"LAO","Laos","admin0","Incidence Rate","Cases per Thousand",2020,0.625504738528836
"LAO","Laos","admin0","Incidence Rate","Cases per Thousand",2021,0.807083212833658
"LAO","Laos","admin0","Incidence Rate","Cases per Thousand",2022,0.571250324725376
"LAO","Laos","admin0","Infection Prevalence","per 100 People",2010,0.165678106592611
"LAO","Laos","admin0","Infection Prevalence","per 100 People",2011,0.245636161776411
"LAO","Laos","admin0","Infection Prevalence","per 100 People",2012,0.751089404215559
"LAO","Laos","admin0","Infection Prevalence","per 100 People",2013,0.937032188664718
"LAO","Laos","admin0","Infection Prevalence","per 100 People",2014,1.2511110746146101
"LAO","Laos","admin0","Infection Prevalence","per 100 People",2015,1.15289906622951
"LAO","Laos","admin0","Infection Prevalence","per 100 People",2016,0.744930816347022
"LAO","Laos","admin0","Infection Prevalence","per 100 People",2017,0.47496394943165904
"LAO","Laos","admin0","Infection Prevalence","per 100 People",2018,0.464139791808887
"LAO","Laos","admin0","Infection Prevalence","per 100 People",2019,0.47751959265996496
"LAO","Laos","admin0","Infection Prevalence","per 100 People",2020,0.294564270667768
"LAO","Laos","admin0","Infection Prevalence","per 100 People",2021,0.338880603774255
"LAO","Laos","admin0","Infection Prevalence","per 100 People",2022,0.28096852107945597
"LBR","Liberia","admin0","Incidence Rate","Cases per Thousand",2010,0
"LBR","Liberia","admin0","Incidence Rate","Cases per Thousand",2011,0
"LBR","Liberia","admin0","Incidence Rate","Cases per Thousand",2012,0
"LBR","Liberia","admin0","Incidence Rate","Cases per Thousand",2013,0
"LBR","Liberia","admin0","Incidence Rate","Cases per Thousand",2014,0
"LBR","Liberia","admin0","Incidence Rate","Cases per Thousand",2015,0
"LBR","Liberia","admin0","Incidence Rate","Cases per Thousand",2016,0
"LBR","Liberia","admin0","Incidence Rate","Cases per Thousand",2017,0
"LBR","Liberia","admin0","Incidence Rate","Cases per Thousand",2018,0
"LBR","Liberia","admin0","Incidence Rate","Cases per Thousand",2019,0
"LBR","Liberia","admin0","Incidence Rate","Cases per Thousand",2020,0
"LBR","Liberia","admin0","Incidence Rate","Cases per Thousand",2021,0
"LBR","Liberia","admin0","Incidence Rate","Cases per Thousand",2022,0
"LBR","Liberia","admin0","Infection Prevalence","per 100 People",2010,0
"LBR","Liberia","admin0","Infection Prevalence","per 100 People",2011,0
"LBR","Liberia","admin0","Infection Prevalence","per 100 People",2012,0
"LBR","Liberia","admin0","Infection Prevalence","per 100 People",2013,0
"LBR","Liberia","admin0","Infection Prevalence","per 100 People",2014,0
"LBR","Liberia","admin0","Infection Prevalence","per 100 People",2015,0
"LBR","Liberia","admin0","Infection Prevalence","per 100 People",2016,0
"LBR","Liberia","admin0","Infection Prevalence","per 100 People",2017,0
"LBR","Liberia","admin0","Infection Prevalence","per 100 People",2018,0
"LBR","Liberia","admin0","Infection Prevalence","per 100 People",2019,0
"LBR","Liberia","admin0","Infection Prevalence","per 100 People",2020,0
"LBR","Liberia","admin0","Infection Prevalence","per 100 People",2021,0
"LBR","Liberia","admin0","Infection Prevalence","per 100 People",2022,0
"LKA","Sri Lanka","admin0","Incidence Rate","Cases per Thousand",2010,0.09355402057591429
"LKA","Sri Lanka","admin0","Incidence Rate","Cases per Thousand",2011,0.00584994611449646
"LKA","Sri Lanka","admin0","Incidence Rate","Cases per Thousand",2012,0.000911368483938583
"LKA","Sri Lanka","admin0","Incidence Rate","Cases per Thousand",2013,0
"LKA","Sri Lanka","admin0","Incidence Rate","Cases per Thousand",2014,0
"LKA","Sri Lanka","admin0","Incidence Rate","Cases per Thousand",2015,0
"LKA","Sri Lanka","admin0","Incidence Rate","Cases per Thousand",2016,0
"LKA","Sri Lanka","admin0","Incidence Rate","Cases per Thousand",2017,0
"LKA","Sri Lanka","admin0","Incidence Rate","Cases per Thousand",2018,0
"LKA","Sri Lanka","admin0","Incidence Rate","Cases per Thousand",2019,0
"LKA","Sri Lanka","admin0","Incidence Rate","Cases per Thousand",2020,0
"LKA","Sri Lanka","admin0","Incidence Rate","Cases per Thousand",2021,0
"LKA","Sri Lanka","admin0","Incidence Rate","Cases per Thousand",2022,0
"LKA","Sri Lanka","admin0","Infection Prevalence","per 100 People",2010,0.0726145786367421
"LKA","Sri Lanka","admin0","Infection Prevalence","per 100 People",2011,0.00767245815425641
"LKA","Sri Lanka","admin0","Infection Prevalence","per 100 People",2012,0.00252003588114185
"LKA","Sri Lanka","admin0","Infection Prevalence","per 100 People",2013,0
"LKA","Sri Lanka","admin0","Infection Prevalence","per 100 People",2014,0
"LKA","Sri Lanka","admin0","Infection Prevalence","per 100 People",2015,0
"LKA","Sri Lanka","admin0","Infection Prevalence","per 100 People",2016,0
"LKA","Sri Lanka","admin0","Infection Prevalence","per 100 People",2017,0
"LKA","Sri Lanka","admin0","Infection Prevalence","per 100 People",2018,0
"LKA","Sri Lanka","admin0","Infection Prevalence","per 100 People",2019,0
"LKA","Sri Lanka","admin0","Infection Prevalence","per 100 People",2020,0
"LKA","Sri Lanka","admin0","Infection Prevalence","per 100 People",2021,0
"LKA","Sri Lanka","admin0","Infection Prevalence","per 100 People",2022,0
"MAR","Morocco","admin0","Incidence Rate","Cases per Thousand",2010,0
"MAR","Morocco","admin0","Incidence Rate","Cases per Thousand",2011,0
"MAR","Morocco","admin0","Incidence Rate","Cases per Thousand",2012,0
"MAR","Morocco","admin0","Incidence Rate","Cases per Thousand",2013,0
"MAR","Morocco","admin0","Incidence Rate","Cases per Thousand",2014,0
"MAR","Morocco","admin0","Incidence Rate","Cases per Thousand",2015,0
"MAR","Morocco","admin0","Incidence Rate","Cases per Thousand",2016,0
"MAR","Morocco","admin0","Incidence Rate","Cases per Thousand",2017,0
"MAR","Morocco","admin0","Incidence Rate","Cases per Thousand",2018,0
"MAR","Morocco","admin0","Incidence Rate","Cases per Thousand",2019,0
"MAR","Morocco","admin0","Incidence Rate","Cases per Thousand",2020,0
"MAR","Morocco","admin0","Incidence Rate","Cases per Thousand",2021,0
"MAR","Morocco","admin0","Incidence Rate","Cases per Thousand",2022,0
"MAR","Morocco","admin0","Infection Prevalence","per 100 People",2010,0
"MAR","Morocco","admin0","Infection Prevalence","per 100 People",2011,0
"MAR","Morocco","admin0","Infection Prevalence","per 100 People",2012,0
"MAR","Morocco","admin0","Infection Prevalence","per 100 People",2013,0
"MAR","Morocco","admin0","Infection Prevalence","per 100 People",2014,0
"MAR","Morocco","admin0","Infection Prevalence","per 100 People",2015,0
"MAR","Morocco","admin0","Infection Prevalence","per 100 People",2016,0
"MAR","Morocco","admin0","Infection Prevalence","per 100 People",2017,0
"MAR","Morocco","admin0","Infection Prevalence","per 100 People",2018,0
"MAR","Morocco","admin0","Infection Prevalence","per 100 People",2019,0
"MAR","Morocco","admin0","Infection Prevalence","per 100 People",2020,0
"MAR","Morocco","admin0","Infection Prevalence","per 100 People",2021,0
"MAR","Morocco","admin0","Infection Prevalence","per 100 People",2022,0
"MDG","Madagascar","admin0","Incidence Rate","Cases per Thousand",2010,3.77638520468653
"MDG","Madagascar","admin0","Incidence Rate","Cases per Thousand",2011,3.48869494635053
"MDG","Madagascar","admin0","Incidence Rate","Cases per Thousand",2012,3.58113815001784
"MDG","Madagascar","admin0","Incidence Rate","Cases per Thousand",2013,1.1109449035821402
"MDG","Madagascar","admin0","Incidence Rate","Cases per Thousand",2014,4.035874436967861
"MDG","Madagascar","admin0","Incidence Rate","Cases per Thousand",2015,3.85870624131213
"MDG","Madagascar","admin0","Incidence Rate","Cases per Thousand",2016,3.7371979930535097
"MDG","Madagascar","admin0","Incidence Rate","Cases per Thousand",2017,0.206060256382457
"MDG","Madagascar","admin0","Incidence Rate","Cases per Thousand",2018,4.14057034647365
"MDG","Madagascar","admin0","Incidence Rate","Cases per Thousand",2019,4.77470478211218
"MDG","Madagascar","admin0","Incidence Rate","Cases per Thousand",2020,0.032986715204885
"MDG","Madagascar","admin0","Incidence Rate","Cases per Thousand",2021,5.64601651615304
"MDG","Madagascar","admin0","Incidence Rate","Cases per Thousand",2022,5.13431740924538
"MDG","Madagascar","admin0","Infection Prevalence","per 100 People",2010,0.47980686036167197
"MDG","Madagascar","admin0","Infection Prevalence","per 100 People",2011,0.461568545826666
"MDG","Madagascar","admin0","Infection Prevalence","per 100 People",2012,0.470268222647072
"MDG","Madagascar","admin0","Infection Prevalence","per 100 People",2013,0.26698441897137304
"MDG","Madagascar","admin0","Infection Prevalence","per 100 People",2014,0.499055911844368
"MDG","Madagascar","admin0","Infection Prevalence","per 100 People",2015,0.491357237275436
"MDG","Madagascar","admin0","Infection Prevalence","per 100 People",2016,0.484742646124981
"MDG","Madagascar","admin0","Infection Prevalence","per 100 People",2017,0.11946945208607002
"MDG","Madagascar","admin0","Infection Prevalence","per 100 People",2018,0.509583839845776
"MDG","Madagascar","admin0","Infection Prevalence","per 100 People",2019,0.5436760405533281
"MDG","Madagascar","admin0","Infection Prevalence","per 100 People",2020,0.049672956648014695
"MDG","Madagascar","admin0","Infection Prevalence","per 100 People",2021,0.604126967853274
"MDG","Madagascar","admin0","Infection Prevalence","per 100 People",2022,0.567694527527888
"MEX","Mexico","admin0","Incidence Rate","Cases per Thousand",2010,0.0234944440117781
"MEX","Mexico","admin0","Incidence Rate","Cases per Thousand",2011,0.0217144828819884
"MEX","Mexico","admin0","Incidence Rate","Cases per Thousand",2012,0.0158680332336262
"MEX","Mexico","admin0","Incidence Rate","Cases per Thousand",2013,0.00932885531995233
"MEX","Mexico","admin0","Incidence Rate","Cases per Thousand",2014,0.0117120761388337
"MEX","Mexico","admin0","Incidence Rate","Cases per Thousand",2015,0.00922531821644248
"MEX","Mexico","admin0","Incidence Rate","Cases per Thousand",2016,0.0101039454977811
"MEX","Mexico","admin0","Incidence Rate","Cases per Thousand",2017,0.0131964256033117
"MEX","Mexico","admin0","Incidence Rate","Cases per Thousand",2018,0.0132142717667906
"MEX","Mexico","admin0","Incidence Rate","Cases per Thousand",2019,0.010279639352617399
"MEX","Mexico","admin0","Incidence Rate","Cases per Thousand",2020,0.0059244897858610705
"MEX","Mexico","admin0","Incidence Rate","Cases per Thousand",2021,0.00420523143752989
"MEX","Mexico","admin0","Incidence Rate","Cases per Thousand",2022,0.00324945723177688
"MEX","Mexico","admin0","Infection Prevalence","per 100 People",2010,0.0172987320243182
"MEX","Mexico","admin0","Infection Prevalence","per 100 People",2011,0.0161146203552255
"MEX","Mexico","admin0","Infection Prevalence","per 100 People",2012,0.014152111943267
"MEX","Mexico","admin0","Infection Prevalence","per 100 People",2013,0.0105660899599367
"MEX","Mexico","admin0","Infection Prevalence","per 100 People",2014,0.011722012302830301
"MEX","Mexico","admin0","Infection Prevalence","per 100 People",2015,0.00956031453420568
"MEX","Mexico","admin0","Infection Prevalence","per 100 People",2016,0.0102771220557774
"MEX","Mexico","admin0","Infection Prevalence","per 100 People",2017,0.0117280677127579
"MEX","Mexico","admin0","Infection Prevalence","per 100 People",2018,0.0117768896199596
"MEX","Mexico","admin0","Infection Prevalence","per 100 People",2019,0.010429052754945
"MEX","Mexico","admin0","Infection Prevalence","per 100 People",2020,0.00786990812875422
"MEX","Mexico","admin0","Infection Prevalence","per 100 People",2021,0.006653770547135521
"MEX","Mexico","admin0","Infection Prevalence","per 100 People",2022,0.00596299584627354
"MLI","Mali","admin0","Incidence Rate","Cases per Thousand",2010,0
"MLI","Mali","admin0","Incidence Rate","Cases per Thousand",2011,0
"MLI","Mali","admin0","Incidence Rate","Cases per Thousand",2012,0
"MLI","Mali","admin0","Incidence Rate","Cases per Thousand",2013,0
"MLI","Mali","admin0","Incidence Rate","Cases per Thousand",2014,0
"MLI","Mali","admin0","Incidence Rate","Cases per Thousand",2015,0
"MLI","Mali","admin0","Incidence Rate","Cases per Thousand",2016,0
"MLI","Mali","admin0","Incidence Rate","Cases per Thousand",2017,0
"MLI","Mali","admin0","Incidence Rate","Cases per Thousand",2018,0
"MLI","Mali","admin0","Incidence Rate","Cases per Thousand",2019,0
"MLI","Mali","admin0","Incidence Rate","Cases per Thousand",2020,0
"MLI","Mali","admin0","Incidence Rate","Cases per Thousand",2021,0
"MLI","Mali","admin0","Incidence Rate","Cases per Thousand",2022,0
"MLI","Mali","admin0","Infection Prevalence","per 100 People",2010,0
"MLI","Mali","admin0","Infection Prevalence","per 100 People",2011,0
"MLI","Mali","admin0","Infection Prevalence","per 100 People",2012,0
"MLI","Mali","admin0","Infection Prevalence","per 100 People",2013,0
"MLI","Mali","admin0","Infection Prevalence","per 100 People",2014,0
"MLI","Mali","admin0","Infection Prevalence","per 100 People",2015,0
"MLI","Mali","admin0","Infection Prevalence","per 100 People",2016,0
"MLI","Mali","admin0","Infection Prevalence","per 100 People",2017,0
"MLI","Mali","admin0","Infection Prevalence","per 100 People",2018,0
"MLI","Mali","admin0","Infection Prevalence","per 100 People",2019,0
"MLI","Mali","admin0","Infection Prevalence","per 100 People",2020,0
"MLI","Mali","admin0","Infection Prevalence","per 100 People",2021,0
"MLI","Mali","admin0","Infection Prevalence","per 100 People",2022,0
"MMR","Myanmar","admin0","Incidence Rate","Cases per Thousand",2010,2.69253360868103
"MMR","Myanmar","admin0","Incidence Rate","Cases per Thousand",2011,1.85135557451742
"MMR","Myanmar","admin0","Incidence Rate","Cases per Thousand",2012,10.9248527411054
"MMR","Myanmar","admin0","Incidence Rate","Cases per Thousand",2013,7.36875828605327
"MMR","Myanmar","admin0","Incidence Rate","Cases per Thousand",2014,4.073778525166531
"MMR","Myanmar","admin0","Incidence Rate","Cases per Thousand",2015,3.7116546129312997
"MMR","Myanmar","admin0","Incidence Rate","Cases per Thousand",2016,2.3656026733652897
"MMR","Myanmar","admin0","Incidence Rate","Cases per Thousand",2017,1.70887503001992
"MMR","Myanmar","admin0","Incidence Rate","Cases per Thousand",2018,1.83115218410277
"MMR","Myanmar","admin0","Incidence Rate","Cases per Thousand",2019,1.72009833317436
"MMR","Myanmar","admin0","Incidence Rate","Cases per Thousand",2020,2.14693847382822
"MMR","Myanmar","admin0","Incidence Rate","Cases per Thousand",2021,3.04943672962429
"MMR","Myanmar","admin0","Incidence Rate","Cases per Thousand",2022,5.78479913767121
"MMR","Myanmar","admin0","Infection Prevalence","per 100 People",2010,0.687685728282292
"MMR","Myanmar","admin0","Infection Prevalence","per 100 People",2011,0.556641757321088
"MMR","Myanmar","admin0","Infection Prevalence","per 100 People",2012,1.4278181150667302
"MMR","Myanmar","admin0","Infection Prevalence","per 100 People",2013,1.12391213414902
"MMR","Myanmar","admin0","Infection Prevalence","per 100 People",2014,0.7903315368278849
"MMR","Myanmar","admin0","Infection Prevalence","per 100 People",2015,0.726565053638144
"MMR","Myanmar","admin0","Infection Prevalence","per 100 People",2016,0.56917202544934
"MMR","Myanmar","admin0","Infection Prevalence","per 100 People",2017,0.47667636710116595
"MMR","Myanmar","admin0","Infection Prevalence","per 100 People",2018,0.494560502585835
"MMR","Myanmar","admin0","Infection Prevalence","per 100 People",2019,0.47854548848693995
"MMR","Myanmar","admin0","Infection Prevalence","per 100 People",2020,0.539378194032714
"MMR","Myanmar","admin0","Infection Prevalence","per 100 People",2021,0.6522946425521831
"MMR","Myanmar","admin0","Infection Prevalence","per 100 People",2022,0.923809598092702
"MOZ","Mozambique","admin0","Incidence Rate","Cases per Thousand",2010,0
"MOZ","Mozambique","admin0","Incidence Rate","Cases per Thousand",2011,0
"MOZ","Mozambique","admin0","Incidence Rate","Cases per Thousand",2012,0
"MOZ","Mozambique","admin0","Incidence Rate","Cases per Thousand",2013,0
"MOZ","Mozambique","admin0","Incidence Rate","Cases per Thousand",2014,0
"MOZ","Mozambique","admin0","Incidence Rate","Cases per Thousand",2015,0
"MOZ","Mozambique","admin0","Incidence Rate","Cases per Thousand",2016,0
"MOZ","Mozambique","admin0","Incidence Rate","Cases per Thousand",2017,0
"MOZ","Mozambique","admin0","Incidence Rate","Cases per Thousand",2018,0
"MOZ","Mozambique","admin0","Incidence Rate","Cases per Thousand",2019,0
"MOZ","Mozambique","admin0","Incidence Rate","Cases per Thousand",2020,0
"MOZ","Mozambique","admin0","Incidence Rate","Cases per Thousand",2021,0
"MOZ","Mozambique","admin0","Incidence Rate","Cases per Thousand",2022,0
"MOZ","Mozambique","admin0","Infection Prevalence","per 100 People",2010,0
"MOZ","Mozambique","admin0","Infection Prevalence","per 100 People",2011,0
"MOZ","Mozambique","admin0","Infection Prevalence","per 100 People",2012,0
"MOZ","Mozambique","admin0","Infection Prevalence","per 100 People",2013,0
"MOZ","Mozambique","admin0","Infection Prevalence","per 100 People",2014,0
"MOZ","Mozambique","admin0","Infection Prevalence","per 100 People",2015,0
"MOZ","Mozambique","admin0","Infection Prevalence","per 100 People",2016,0
"MOZ","Mozambique","admin0","Infection Prevalence","per 100 People",2017,0
"MOZ","Mozambique","admin0","Infection Prevalence","per 100 People",2018,0
"MOZ","Mozambique","admin0","Infection Prevalence","per 100 People",2019,0
"MOZ","Mozambique","admin0","Infection Prevalence","per 100 People",2020,0
"MOZ","Mozambique","admin0","Infection Prevalence","per 100 People",2021,0
"MOZ","Mozambique","admin0","Infection Prevalence","per 100 People",2022,0
"MRT","Mauritania","admin0","Incidence Rate","Cases per Thousand",2010,0
"MRT","Mauritania","admin0","Incidence Rate","Cases per Thousand",2011,0
"MRT","Mauritania","admin0","Incidence Rate","Cases per Thousand",2012,0
"MRT","Mauritania","admin0","Incidence Rate","Cases per Thousand",2013,0
"MRT","Mauritania","admin0","Incidence Rate","Cases per Thousand",2014,0
"MRT","Mauritania","admin0","Incidence Rate","Cases per Thousand",2015,0
"MRT","Mauritania","admin0","Incidence Rate","Cases per Thousand",2016,0
"MRT","Mauritania","admin0","Incidence Rate","Cases per Thousand",2017,0
"MRT","Mauritania","admin0","Incidence Rate","Cases per Thousand",2018,0
"MRT","Mauritania","admin0","Incidence Rate","Cases per Thousand",2019,0
"MRT","Mauritania","admin0","Incidence Rate","Cases per Thousand",2020,0
"MRT","Mauritania","admin0","Incidence Rate","Cases per Thousand",2021,0
"MRT","Mauritania","admin0","Incidence Rate","Cases per Thousand",2022,0
"MRT","Mauritania","admin0","Infection Prevalence","per 100 People",2010,0
"MRT","Mauritania","admin0","Infection Prevalence","per 100 People",2011,0
"MRT","Mauritania","admin0","Infection Prevalence","per 100 People",2012,0
"MRT","Mauritania","admin0","Infection Prevalence","per 100 People",2013,0
"MRT","Mauritania","admin0","Infection Prevalence","per 100 People",2014,0
"MRT","Mauritania","admin0","Infection Prevalence","per 100 People",2015,0
"MRT","Mauritania","admin0","Infection Prevalence","per 100 People",2016,0
"MRT","Mauritania","admin0","Infection Prevalence","per 100 People",2017,0
"MRT","Mauritania","admin0","Infection Prevalence","per 100 People",2018,0
"MRT","Mauritania","admin0","Infection Prevalence","per 100 People",2019,0
"MRT","Mauritania","admin0","Infection Prevalence","per 100 People",2020,0
"MRT","Mauritania","admin0","Infection Prevalence","per 100 People",2021,0
"MRT","Mauritania","admin0","Infection Prevalence","per 100 People",2022,0
"MWI","Malawi","admin0","Incidence Rate","Cases per Thousand",2010,0
"MWI","Malawi","admin0","Incidence Rate","Cases per Thousand",2011,0
"MWI","Malawi","admin0","Incidence Rate","Cases per Thousand",2012,0
"MWI","Malawi","admin0","Incidence Rate","Cases per Thousand",2013,0
"MWI","Malawi","admin0","Incidence Rate","Cases per Thousand",2014,0
"MWI","Malawi","admin0","Incidence Rate","Cases per Thousand",2015,0
"MWI","Malawi","admin0","Incidence Rate","Cases per Thousand",2016,0
"MWI","Malawi","admin0","Incidence Rate","Cases per Thousand",2017,0
"MWI","Malawi","admin0","Incidence Rate","Cases per Thousand",2018,0
"MWI","Malawi","admin0","Incidence Rate","Cases per Thousand",2019,0
"MWI","Malawi","admin0","Incidence Rate","Cases per Thousand",2020,0
"MWI","Malawi","admin0","Incidence Rate","Cases per Thousand",2021,0
"MWI","Malawi","admin0","Incidence Rate","Cases per Thousand",2022,0
"MWI","Malawi","admin0","Infection Prevalence","per 100 People",2010,0
"MWI","Malawi","admin0","Infection Prevalence","per 100 People",2011,0
"MWI","Malawi","admin0","Infection Prevalence","per 100 People",2012,0
"MWI","Malawi","admin0","Infection Prevalence","per 100 People",2013,0
"MWI","Malawi","admin0","Infection Prevalence","per 100 People",2014,0
"MWI","Malawi","admin0","Infection Prevalence","per 100 People",2015,0
"MWI","Malawi","admin0","Infection Prevalence","per 100 People",2016,0
"MWI","Malawi","admin0","Infection Prevalence","per 100 People",2017,0
"MWI","Malawi","admin0","Infection Prevalence","per 100 People",2018,0
"MWI","Malawi","admin0","Infection Prevalence","per 100 People",2019,0
"MWI","Malawi","admin0","Infection Prevalence","per 100 People",2020,0
"MWI","Malawi","admin0","Infection Prevalence","per 100 People",2021,0
"MWI","Malawi","admin0","Infection Prevalence","per 100 People",2022,0
"MYS","Malaysia","admin0","Incidence Rate","Cases per Thousand",2010,0.25642299785052297
"MYS","Malaysia","admin0","Incidence Rate","Cases per Thousand",2011,0.180255106914323
"MYS","Malaysia","admin0","Incidence Rate","Cases per Thousand",2012,0.11532275376000001
"MYS","Malaysia","admin0","Incidence Rate","Cases per Thousand",2013,0.0327791338724259
"MYS","Malaysia","admin0","Incidence Rate","Cases per Thousand",2014,0.021766543838453802
"MYS","Malaysia","admin0","Incidence Rate","Cases per Thousand",2015,0.00666831864780156
"MYS","Malaysia","admin0","Incidence Rate","Cases per Thousand",2016,0.0110431774004219
"MYS","Malaysia","admin0","Incidence Rate","Cases per Thousand",2017,0.00458638292974629
"MYS","Malaysia","admin0","Incidence Rate","Cases per Thousand",2018,0
"MYS","Malaysia","admin0","Incidence Rate","Cases per Thousand",2019,0
"MYS","Malaysia","admin0","Incidence Rate","Cases per Thousand",2020,0
"MYS","Malaysia","admin0","Incidence Rate","Cases per Thousand",2021,0
"MYS","Malaysia","admin0","Incidence Rate","Cases per Thousand",2022,0
"MYS","Malaysia","admin0","Infection Prevalence","per 100 People",2010,0.20737143271985903
"MYS","Malaysia","admin0","Infection Prevalence","per 100 People",2011,0.12814606233623702
"MYS","Malaysia","admin0","Infection Prevalence","per 100 People",2012,0.10102718798976601
"MYS","Malaysia","admin0","Infection Prevalence","per 100 People",2013,0.0504043073907095
"MYS","Malaysia","admin0","Infection Prevalence","per 100 People",2014,0.0328612722972775
"MYS","Malaysia","admin0","Infection Prevalence","per 100 People",2015,0.0170115554532413
"MYS","Malaysia","admin0","Infection Prevalence","per 100 People",2016,0.0224419051701099
"MYS","Malaysia","admin0","Infection Prevalence","per 100 People",2017,0.013712706441608899
"MYS","Malaysia","admin0","Infection Prevalence","per 100 People",2018,0
"MYS","Malaysia","admin0","Infection Prevalence","per 100 People",2019,0
"MYS","Malaysia","admin0","Infection Prevalence","per 100 People",2020,0
"MYS","Malaysia","admin0","Infection Prevalence","per 100 People",2021,0
"MYS","Malaysia","admin0","Infection Prevalence","per 100 People",2022,0
"MYT","Mayotte","admin0","Incidence Rate","Cases per Thousand",2010,0
"MYT","Mayotte","admin0","Incidence Rate","Cases per Thousand",2011,0
"MYT","Mayotte","admin0","Incidence Rate","Cases per Thousand",2012,0
"MYT","Mayotte","admin0","Incidence Rate","Cases per Thousand",2013,0
"MYT","Mayotte","admin0","Incidence Rate","Cases per Thousand",2014,0
"MYT","Mayotte","admin0","Incidence Rate","Cases per Thousand",2015,0
"MYT","Mayotte","admin0","Incidence Rate","Cases per Thousand",2016,0
"MYT","Mayotte","admin0","Incidence Rate","Cases per Thousand",2017,0
"MYT","Mayotte","admin0","Incidence Rate","Cases per Thousand",2018,0
"MYT","Mayotte","admin0","Incidence Rate","Cases per Thousand",2019,0
"MYT","Mayotte","admin0","Incidence Rate","Cases per Thousand",2020,0
"MYT","Mayotte","admin0","Incidence Rate","Cases per Thousand",2021,0
"MYT","Mayotte","admin0","Incidence Rate","Cases per Thousand",2022,0
"MYT","Mayotte","admin0","Infection Prevalence","per 100 People",2010,0
"MYT","Mayotte","admin0","Infection Prevalence","per 100 People",2011,0
"MYT","Mayotte","admin0","Infection Prevalence","per 100 People",2012,0
"MYT","Mayotte","admin0","Infection Prevalence","per 100 People",2013,0
"MYT","Mayotte","admin0","Infection Prevalence","per 100 People",2014,0
"MYT","Mayotte","admin0","Infection Prevalence","per 100 People",2015,0
"MYT","Mayotte","admin0","Infection Prevalence","per 100 People",2016,0
"MYT","Mayotte","admin0","Infection Prevalence","per 100 People",2017,0
"MYT","Mayotte","admin0","Infection Prevalence","per 100 People",2018,0
"MYT","Mayotte","admin0","Infection Prevalence","per 100 People",2019,0
"MYT","Mayotte","admin0","Infection Prevalence","per 100 People",2020,0
"MYT","Mayotte","admin0","Infection Prevalence","per 100 People",2021,0
"MYT","Mayotte","admin0","Infection Prevalence","per 100 People",2022,0
"NAM","Namibia","admin0","Incidence Rate","Cases per Thousand",2010,0
"NAM","Namibia","admin0","Incidence Rate","Cases per Thousand",2011,0
"NAM","Namibia","admin0","Incidence Rate","Cases per Thousand",2012,0
"NAM","Namibia","admin0","Incidence Rate","Cases per Thousand",2013,0
"NAM","Namibia","admin0","Incidence Rate","Cases per Thousand",2014,0
"NAM","Namibia","admin0","Incidence Rate","Cases per Thousand",2015,0
"NAM","Namibia","admin0","Incidence Rate","Cases per Thousand",2016,0
"NAM","Namibia","admin0","Incidence Rate","Cases per Thousand",2017,0
"NAM","Namibia","admin0","Incidence Rate","Cases per Thousand",2018,0
"NAM","Namibia","admin0","Incidence Rate","Cases per Thousand",2019,0
"NAM","Namibia","admin0","Incidence Rate","Cases per Thousand",2020,0
"NAM","Namibia","admin0","Incidence Rate","Cases per Thousand",2021,0
"NAM","Namibia","admin0","Incidence Rate","Cases per Thousand",2022,0
"NAM","Namibia","admin0","Infection Prevalence","per 100 People",2010,0
"NAM","Namibia","admin0","Infection Prevalence","per 100 People",2011,0
"NAM","Namibia","admin0","Infection Prevalence","per 100 People",2012,0
"NAM","Namibia","admin0","Infection Prevalence","per 100 People",2013,0
"NAM","Namibia","admin0","Infection Prevalence","per 100 People",2014,0
"NAM","Namibia","admin0","Infection Prevalence","per 100 People",2015,0
"NAM","Namibia","admin0","Infection Prevalence","per 100 People",2016,0
"NAM","Namibia","admin0","Infection Prevalence","per 100 People",2017,0
"NAM","Namibia","admin0","Infection Prevalence","per 100 People",2018,0
"NAM","Namibia","admin0","Infection Prevalence","per 100 People",2019,0
"NAM","Namibia","admin0","Infection Prevalence","per 100 People",2020,0
"NAM","Namibia","admin0","Infection Prevalence","per 100 People",2021,0
"NAM","Namibia","admin0","Infection Prevalence","per 100 People",2022,0
"NER","Niger","admin0","Incidence Rate","Cases per Thousand",2010,0
"NER","Niger","admin0","Incidence Rate","Cases per Thousand",2011,0
"NER","Niger","admin0","Incidence Rate","Cases per Thousand",2012,0
"NER","Niger","admin0","Incidence Rate","Cases per Thousand",2013,0
"NER","Niger","admin0","Incidence Rate","Cases per Thousand",2014,0
"NER","Niger","admin0","Incidence Rate","Cases per Thousand",2015,0
"NER","Niger","admin0","Incidence Rate","Cases per Thousand",2016,0
"NER","Niger","admin0","Incidence Rate","Cases per Thousand",2017,0
"NER","Niger","admin0","Incidence Rate","Cases per Thousand",2018,0
"NER","Niger","admin0","Incidence Rate","Cases per Thousand",2019,0
"NER","Niger","admin0","Incidence Rate","Cases per Thousand",2020,0
"NER","Niger","admin0","Incidence Rate","Cases per Thousand",2021,0
"NER","Niger","admin0","Incidence Rate","Cases per Thousand",2022,0
"NER","Niger","admin0","Infection Prevalence","per 100 People",2010,0
"NER","Niger","admin0","Infection Prevalence","per 100 People",2011,0
"NER","Niger","admin0","Infection Prevalence","per 100 People",2012,0
"NER","Niger","admin0","Infection Prevalence","per 100 People",2013,0
"NER","Niger","admin0","Infection Prevalence","per 100 People",2014,0
"NER","Niger","admin0","Infection Prevalence","per 100 People",2015,0
"NER","Niger","admin0","Infection Prevalence","per 100 People",2016,0
"NER","Niger","admin0","Infection Prevalence","per 100 People",2017,0
"NER","Niger","admin0","Infection Prevalence","per 100 People",2018,0
"NER","Niger","admin0","Infection Prevalence","per 100 People",2019,0
"NER","Niger","admin0","Infection Prevalence","per 100 People",2020,0
"NER","Niger","admin0","Infection Prevalence","per 100 People",2021,0
"NER","Niger","admin0","Infection Prevalence","per 100 People",2022,0
"NGA","Nigeria","admin0","Incidence Rate","Cases per Thousand",2010,0
"NGA","Nigeria","admin0","Incidence Rate","Cases per Thousand",2011,0
"NGA","Nigeria","admin0","Incidence Rate","Cases per Thousand",2012,0
"NGA","Nigeria","admin0","Incidence Rate","Cases per Thousand",2013,0
"NGA","Nigeria","admin0","Incidence Rate","Cases per Thousand",2014,0
"NGA","Nigeria","admin0","Incidence Rate","Cases per Thousand",2015,0
"NGA","Nigeria","admin0","Incidence Rate","Cases per Thousand",2016,0
"NGA","Nigeria","admin0","Incidence Rate","Cases per Thousand",2017,0
"NGA","Nigeria","admin0","Incidence Rate","Cases per Thousand",2018,0
"NGA","Nigeria","admin0","Incidence Rate","Cases per Thousand",2019,0
"NGA","Nigeria","admin0","Incidence Rate","Cases per Thousand",2020,0
"NGA","Nigeria","admin0","Incidence Rate","Cases per Thousand",2021,0
"NGA","Nigeria","admin0","Incidence Rate","Cases per Thousand",2022,0
"NGA","Nigeria","admin0","Infection Prevalence","per 100 People",2010,0
"NGA","Nigeria","admin0","Infection Prevalence","per 100 People",2011,0
"NGA","Nigeria","admin0","Infection Prevalence","per 100 People",2012,0
"NGA","Nigeria","admin0","Infection Prevalence","per 100 People",2013,0
"NGA","Nigeria","admin0","Infection Prevalence","per 100 People",2014,0
"NGA","Nigeria","admin0","Infection Prevalence","per 100 People",2015,0
"NGA","Nigeria","admin0","Infection Prevalence","per 100 People",2016,0
"NGA","Nigeria","admin0","Infection Prevalence","per 100 People",2017,0
"NGA","Nigeria","admin0","Infection Prevalence","per 100 People",2018,0
"NGA","Nigeria","admin0","Infection Prevalence","per 100 People",2019,0
"NGA","Nigeria","admin0","Infection Prevalence","per 100 People",2020,0
"NGA","Nigeria","admin0","Infection Prevalence","per 100 People",2021,0
"NGA","Nigeria","admin0","Infection Prevalence","per 100 People",2022,0
"NIC","Nicaragua","admin0","Incidence Rate","Cases per Thousand",2010,0.194492329239229
"NIC","Nicaragua","admin0","Incidence Rate","Cases per Thousand",2011,0.268593552315799
"NIC","Nicaragua","admin0","Incidence Rate","Cases per Thousand",2012,0.335115146627294
"NIC","Nicaragua","admin0","Incidence Rate","Cases per Thousand",2013,0.32754615962991
"NIC","Nicaragua","admin0","Incidence Rate","Cases per Thousand",2014,0.318633539465764
"NIC","Nicaragua","admin0","Incidence Rate","Cases per Thousand",2015,0.608427359615928
"NIC","Nicaragua","admin0","Incidence Rate","Cases per Thousand",2016,1.47269748784529
"NIC","Nicaragua","admin0","Incidence Rate","Cases per Thousand",2017,2.64025542231359
"NIC","Nicaragua","admin0","Incidence Rate","Cases per Thousand",2018,4.1400595884693505
"NIC","Nicaragua","admin0","Incidence Rate","Cases per Thousand",2019,3.10884581157709
"NIC","Nicaragua","admin0","Incidence Rate","Cases per Thousand",2020,3.9077556891743197
"NIC","Nicaragua","admin0","Incidence Rate","Cases per Thousand",2021,3.19603723656143
"NIC","Nicaragua","admin0","Incidence Rate","Cases per Thousand",2022,3.00754634305206
"NIC","Nicaragua","admin0","Infection Prevalence","per 100 People",2010,0.10023929815357
"NIC","Nicaragua","admin0","Infection Prevalence","per 100 People",2011,0.11855082139574
"NIC","Nicaragua","admin0","Infection Prevalence","per 100 People",2012,0.133129580886761
"NIC","Nicaragua","admin0","Infection Prevalence","per 100 People",2013,0.13233045648229
"NIC","Nicaragua","admin0","Infection Prevalence","per 100 People",2014,0.130919370954794
"NIC","Nicaragua","admin0","Infection Prevalence","per 100 People",2015,0.135737333148431
"NIC","Nicaragua","admin0","Infection Prevalence","per 100 People",2016,0.178010368935393
"NIC","Nicaragua","admin0","Infection Prevalence","per 100 People",2017,0.27398346174653504
"NIC","Nicaragua","admin0","Infection Prevalence","per 100 People",2018,0.34100505657888197
"NIC","Nicaragua","admin0","Infection Prevalence","per 100 People",2019,0.297071160944576
"NIC","Nicaragua","admin0","Infection Prevalence","per 100 People",2020,0.332877784125607
"NIC","Nicaragua","admin0","Infection Prevalence","per 100 People",2021,0.294106464049403
"NIC","Nicaragua","admin0","Infection Prevalence","per 100 People",2022,0.285498829797033
"NPL","Nepal","admin0","Incidence Rate","Cases per Thousand",2010,1.27535864226342
"NPL","Nepal","admin0","Incidence Rate","Cases per Thousand",2011,0.7578741415902159
"NPL","Nepal","admin0","Incidence Rate","Cases per Thousand",2012,0.553132562595124
"NPL","Nepal","admin0","Incidence Rate","Cases per Thousand",2013,0.458270402523363
"NPL","Nepal","admin0","Incidence Rate","Cases per Thousand",2014,0.25539930206286
"NPL","Nepal","admin0","Incidence Rate","Cases per Thousand",2015,0.265261750351392
"NPL","Nepal","admin0","Incidence Rate","Cases per Thousand",2016,0.188418929529066
"NPL","Nepal","admin0","Incidence Rate","Cases per Thousand",2017,0.19893215501203998
"NPL","Nepal","admin0","Incidence Rate","Cases per Thousand",2018,0.159870269588539
"NPL","Nepal","admin0","Incidence Rate","Cases per Thousand",2019,0.0398344831893186
"NPL","Nepal","admin0","Incidence Rate","Cases per Thousand",2020,0.0231703215499525
"NPL","Nepal","admin0","Incidence Rate","Cases per Thousand",2021,0.0098193250566587
"NPL","Nepal","admin0","Incidence Rate","Cases per Thousand",2022,0.0110236061747687
"NPL","Nepal","admin0","Infection Prevalence","per 100 People",2010,0.415056646790474
"NPL","Nepal","admin0","Infection Prevalence","per 100 People",2011,0.308869703335435
"NPL","Nepal","admin0","Infection Prevalence","per 100 People",2012,0.252870086417182
"NPL","Nepal","admin0","Infection Prevalence","per 100 People",2013,0.221286347635647
"NPL","Nepal","admin0","Infection Prevalence","per 100 People",2014,0.159455298583088
"NPL","Nepal","admin0","Infection Prevalence","per 100 People",2015,0.17229033640428598
"NPL","Nepal","admin0","Infection Prevalence","per 100 People",2016,0.120975936122908
"NPL","Nepal","admin0","Infection Prevalence","per 100 People",2017,0.124128876198644
"NPL","Nepal","admin0","Infection Prevalence","per 100 People",2018,0.109917412136399
"NPL","Nepal","admin0","Infection Prevalence","per 100 People",2019,0.0515536719090172
"NPL","Nepal","admin0","Infection Prevalence","per 100 People",2020,0.0384016697265141
"NPL","Nepal","admin0","Infection Prevalence","per 100 People",2021,0.0242679766132283
"NPL","Nepal","admin0","Infection Prevalence","per 100 People",2022,0.0258149753058654
"OMN","Oman","admin0","Incidence Rate","Cases per Thousand",2010,0.00744492140019536
"OMN","Oman","admin0","Incidence Rate","Cases per Thousand",2011,0.00412705733545228
"OMN","Oman","admin0","Incidence Rate","Cases per Thousand",2012,0.0068545154765117505
"OMN","Oman","admin0","Incidence Rate","Cases per Thousand",2013,0.0032180111074042
"OMN","Oman","admin0","Incidence Rate","Cases per Thousand",2014,0.0038370051623025803
"OMN","Oman","admin0","Incidence Rate","Cases per Thousand",2015,0.0047438842124485105
"OMN","Oman","admin0","Incidence Rate","Cases per Thousand",2016,0.00625978613717427
"OMN","Oman","admin0","Incidence Rate","Cases per Thousand",2017,0.007969862253772641
"OMN","Oman","admin0","Incidence Rate","Cases per Thousand",2018,0.00966406713106889
"OMN","Oman","admin0","Incidence Rate","Cases per Thousand",2019,0.011356688521179398
"OMN","Oman","admin0","Incidence Rate","Cases per Thousand",2020,0.029607225643138
"OMN","Oman","admin0","Incidence Rate","Cases per Thousand",2021,0.0266727005347918
"OMN","Oman","admin0","Incidence Rate","Cases per Thousand",2022,0.0313487712904617
"OMN","Oman","admin0","Infection Prevalence","per 100 People",2010,0.0156800498836382
"OMN","Oman","admin0","Infection Prevalence","per 100 People",2011,0.0115662100924674
"OMN","Oman","admin0","Infection Prevalence","per 100 People",2012,0.0144923535915174
"OMN","Oman","admin0","Infection Prevalence","per 100 People",2013,0.00985513563194601
"OMN","Oman","admin0","Infection Prevalence","per 100 People",2014,0.010671058819226099
"OMN","Oman","admin0","Infection Prevalence","per 100 People",2015,0.0108041848693254
"OMN","Oman","admin0","Infection Prevalence","per 100 People",2016,0.0112728304568571
"OMN","Oman","admin0","Infection Prevalence","per 100 People",2017,0.012329454939953
"OMN","Oman","admin0","Infection Prevalence","per 100 People",2018,0.0124583707094021
"OMN","Oman","admin0","Infection Prevalence","per 100 People",2019,0.012915832953848001
"OMN","Oman","admin0","Infection Prevalence","per 100 People",2020,0.015697357197403602
"OMN","Oman","admin0","Infection Prevalence","per 100 People",2021,0.016108134109818602
"OMN","Oman","admin0","Infection Prevalence","per 100 People",2022,0.0173356484686996
"PAK","Pakistan","admin0","Incidence Rate","Cases per Thousand",2010,15.847324854832499
"PAK","Pakistan","admin0","Incidence Rate","Cases per Thousand",2011,22.098311742744798
"PAK","Pakistan","admin0","Incidence Rate","Cases per Thousand",2012,18.619544531937102
"PAK","Pakistan","admin0","Incidence Rate","Cases per Thousand",2013,14.963197578944401
"PAK","Pakistan","admin0","Incidence Rate","Cases per Thousand",2014,13.043141011808101
"PAK","Pakistan","admin0","Incidence Rate","Cases per Thousand",2015,11.8703111425653
"PAK","Pakistan","admin0","Incidence Rate","Cases per Thousand",2016,13.196996931652299
"PAK","Pakistan","admin0","Incidence Rate","Cases per Thousand",2017,11.7697428344966
"PAK","Pakistan","admin0","Incidence Rate","Cases per Thousand",2018,11.0026220177913
"PAK","Pakistan","admin0","Incidence Rate","Cases per Thousand",2019,9.32160068985447
"PAK","Pakistan","admin0","Incidence Rate","Cases per Thousand",2020,8.62711089622474
"PAK","Pakistan","admin0","Incidence Rate","Cases per Thousand",2021,8.11596792500136
"PAK","Pakistan","admin0","Incidence Rate","Cases per Thousand",2022,24.1808476021186
"PAK","Pakistan","admin0","Infection Prevalence","per 100 People",2010,0.870997924677078
"PAK","Pakistan","admin0","Infection Prevalence","per 100 People",2011,0.976959808513588
"PAK","Pakistan","admin0","Infection Prevalence","per 100 People",2012,0.9096285738389869
"PAK","Pakistan","admin0","Infection Prevalence","per 100 People",2013,0.759918400312424
"PAK","Pakistan","admin0","Infection Prevalence","per 100 People",2014,0.669171811384407
"PAK","Pakistan","admin0","Infection Prevalence","per 100 People",2015,0.646126801576827
"PAK","Pakistan","admin0","Infection Prevalence","per 100 People",2016,0.635982141471289
"PAK","Pakistan","admin0","Infection Prevalence","per 100 People",2017,0.608473692251823
"PAK","Pakistan","admin0","Infection Prevalence","per 100 People",2018,0.60938568935272
"PAK","Pakistan","admin0","Infection Prevalence","per 100 People",2019,0.6021303864815081
"PAK","Pakistan","admin0","Infection Prevalence","per 100 People",2020,0.569724196893145
"PAK","Pakistan","admin0","Infection Prevalence","per 100 People",2021,0.508002592053514
"PAK","Pakistan","admin0","Infection Prevalence","per 100 People",2022,0.8242559522057691
"PAN","Panama","admin0","Incidence Rate","Cases per Thousand",2010,0.24055944923245098
"PAN","Panama","admin0","Incidence Rate","Cases per Thousand",2011,0.196070607982391
"PAN","Panama","admin0","Incidence Rate","Cases per Thousand",2012,0.45299291900879
"PAN","Panama","admin0","Incidence Rate","Cases per Thousand",2013,0.394622170849264
"PAN","Panama","admin0","Incidence Rate","Cases per Thousand",2014,0.514517586860031
"PAN","Panama","admin0","Incidence Rate","Cases per Thousand",2015,0.279751577394932
"PAN","Panama","admin0","Incidence Rate","Cases per Thousand",2016,0.356870445400066
"PAN","Panama","admin0","Incidence Rate","Cases per Thousand",2017,0.31445082894731
"PAN","Panama","admin0","Incidence Rate","Cases per Thousand",2018,0.330828270117064
"PAN","Panama","admin0","Incidence Rate","Cases per Thousand",2019,0.797850021321408
"PAN","Panama","admin0","Incidence Rate","Cases per Thousand",2020,0.898484240640604
"PAN","Panama","admin0","Incidence Rate","Cases per Thousand",2021,1.8409990971662802
"PAN","Panama","admin0","Incidence Rate","Cases per Thousand",2022,3.03898311277989
"PAN","Panama","admin0","Infection Prevalence","per 100 People",2010,0.124833713583442
"PAN","Panama","admin0","Infection Prevalence","per 100 People",2011,0.0973765912864266
"PAN","Panama","admin0","Infection Prevalence","per 100 People",2012,0.15975287337043198
"PAN","Panama","admin0","Infection Prevalence","per 100 People",2013,0.153043108022562
"PAN","Panama","admin0","Infection Prevalence","per 100 People",2014,0.17154424932783902
"PAN","Panama","admin0","Infection Prevalence","per 100 People",2015,0.07278992762724021
"PAN","Panama","admin0","Infection Prevalence","per 100 People",2016,0.0781589513758983
"PAN","Panama","admin0","Infection Prevalence","per 100 People",2017,0.0440135060398896
"PAN","Panama","admin0","Infection Prevalence","per 100 People",2018,0.0433789494269448
"PAN","Panama","admin0","Infection Prevalence","per 100 People",2019,0.06653199796328091
"PAN","Panama","admin0","Infection Prevalence","per 100 People",2020,0.07062969526025191
"PAN","Panama","admin0","Infection Prevalence","per 100 People",2021,0.100012372397158
"PAN","Panama","admin0","Infection Prevalence","per 100 People",2022,0.12757339290875902
"PER","Peru","admin0","Incidence Rate","Cases per Thousand",2010,1.93180150942923
"PER","Peru","admin0","Incidence Rate","Cases per Thousand",2011,1.37206402516334
"PER","Peru","admin0","Incidence Rate","Cases per Thousand",2012,1.8051320296242102
"PER","Peru","admin0","Incidence Rate","Cases per Thousand",2013,4.081823676036461
"PER","Peru","admin0","Incidence Rate","Cases per Thousand",2014,4.8037337054664
"PER","Peru","admin0","Incidence Rate","Cases per Thousand",2015,3.5599571062704
"PER","Peru","admin0","Incidence Rate","Cases per Thousand",2016,2.35465806905309
"PER","Peru","admin0","Incidence Rate","Cases per Thousand",2017,2.19476066616171
"PER","Peru","admin0","Incidence Rate","Cases per Thousand",2018,1.97936689574479
"PER","Peru","admin0","Incidence Rate","Cases per Thousand",2019,1.08623297068504
"PER","Peru","admin0","Incidence Rate","Cases per Thousand",2020,0.67263000578403
"PER","Peru","admin0","Incidence Rate","Cases per Thousand",2021,0.804114354912071
"PER","Peru","admin0","Incidence Rate","Cases per Thousand",2022,1.14569199566618
"PER","Peru","admin0","Infection Prevalence","per 100 People",2010,0.198707311149922
"PER","Peru","admin0","Infection Prevalence","per 100 People",2011,0.156360830127966
"PER","Peru","admin0","Infection Prevalence","per 100 People",2012,0.187103732946032
"PER","Peru","admin0","Infection Prevalence","per 100 People",2013,0.26023507207884
"PER","Peru","admin0","Infection Prevalence","per 100 People",2014,0.268202810165839
"PER","Peru","admin0","Infection Prevalence","per 100 People",2015,0.21464889670284099
"PER","Peru","admin0","Infection Prevalence","per 100 People",2016,0.189557583705049
"PER","Peru","admin0","Infection Prevalence","per 100 People",2017,0.163808817325722
"PER","Peru","admin0","Infection Prevalence","per 100 People",2018,0.171351058300664
"PER","Peru","admin0","Infection Prevalence","per 100 People",2019,0.127679411891634
"PER","Peru","admin0","Infection Prevalence","per 100 People",2020,0.100901889925786
"PER","Peru","admin0","Infection Prevalence","per 100 People",2021,0.10963191288029
"PER","Peru","admin0","Infection Prevalence","per 100 People",2022,0.130568314474052
"PHL","Philippines","admin0","Incidence Rate","Cases per Thousand",2010,0.13941510337106602
"PHL","Philippines","admin0","Incidence Rate","Cases per Thousand",2011,0.0833088953562674
"PHL","Philippines","admin0","Incidence Rate","Cases per Thousand",2012,0.07262468416252829
"PHL","Philippines","admin0","Incidence Rate","Cases per Thousand",2013,0.047965802245710606
"PHL","Philippines","admin0","Incidence Rate","Cases per Thousand",2014,0.035294120153465
"PHL","Philippines","admin0","Incidence Rate","Cases per Thousand",2015,0.0398307943024561
"PHL","Philippines","admin0","Incidence Rate","Cases per Thousand",2016,0.024727243331958502
"PHL","Philippines","admin0","Incidence Rate","Cases per Thousand",2017,0.023531079465490098
"PHL","Philippines","admin0","Incidence Rate","Cases per Thousand",2018,0.0112596722251366
"PHL","Philippines","admin0","Incidence Rate","Cases per Thousand",2019,0.0143871219293326
"PHL","Philippines","admin0","Incidence Rate","Cases per Thousand",2020,0.017260224465909302
"PHL","Philippines","admin0","Incidence Rate","Cases per Thousand",2021,0.0172317518920177
"PHL","Philippines","admin0","Incidence Rate","Cases per Thousand",2022,0.0142045520896216
"PHL","Philippines","admin0","Infection Prevalence","per 100 People",2010,0.056085113815643996
"PHL","Philippines","admin0","Infection Prevalence","per 100 People",2011,0.0326127205445775
"PHL","Philippines","admin0","Infection Prevalence","per 100 People",2012,0.0290124192072779
"PHL","Philippines","admin0","Infection Prevalence","per 100 People",2013,0.0280695160097036
"PHL","Philippines","admin0","Infection Prevalence","per 100 People",2014,0.0171696185247545
"PHL","Philippines","admin0","Infection Prevalence","per 100 People",2015,0.015276546554147301
"PHL","Philippines","admin0","Infection Prevalence","per 100 People",2016,0.014066477246184698
"PHL","Philippines","admin0","Infection Prevalence","per 100 People",2017,0.0122584745534739
"PHL","Philippines","admin0","Infection Prevalence","per 100 People",2018,0.00613567408297395
"PHL","Philippines","admin0","Infection Prevalence","per 100 People",2019,0.00569224007513047
"PHL","Philippines","admin0","Infection Prevalence","per 100 People",2020,0.00746333364126506
"PHL","Philippines","admin0","Infection Prevalence","per 100 People",2021,0.00749572645968819
"PHL","Philippines","admin0","Infection Prevalence","per 100 People",2022,0.0066210512200591005
"PNG","Papua New Guinea","admin0","Incidence Rate","Cases per Thousand",2010,93.4865128568549
"PNG","Papua New Guinea","admin0","Incidence Rate","Cases per Thousand",2011,81.8436002684854
"PNG","Papua New Guinea","admin0","Incidence Rate","Cases per Thousand",2012,82.8641226148905
"PNG","Papua New Guinea","admin0","Incidence Rate","Cases per Thousand",2013,107.735860886946
"PNG","Papua New Guinea","admin0","Incidence Rate","Cases per Thousand",2014,95.8365813241406
"PNG","Papua New Guinea","admin0","Incidence Rate","Cases per Thousand",2015,73.81399465730141
"PNG","Papua New Guinea","admin0","Incidence Rate","Cases per Thousand",2016,77.3222109825669
"PNG","Papua New Guinea","admin0","Incidence Rate","Cases per Thousand",2017,88.5178098684072
"PNG","Papua New Guinea","admin0","Incidence Rate","Cases per Thousand",2018,87.6756558516432
"PNG","Papua New Guinea","admin0","Incidence Rate","Cases per Thousand",2019,80.1538122942917
"PNG","Papua New Guinea","admin0","Incidence Rate","Cases per Thousand",2020,82.7428675116281
"PNG","Papua New Guinea","admin0","Incidence Rate","Cases per Thousand",2021,75.6354773396169
"PNG","Papua New Guinea","admin0","Incidence Rate","Cases per Thousand",2022,99.805321415597
"PNG","Papua New Guinea","admin0","Infection Prevalence","per 100 People",2010,3.50528022806209
"PNG","Papua New Guinea","admin0","Infection Prevalence","per 100 People",2011,3.32654924321062
"PNG","Papua New Guinea","admin0","Infection Prevalence","per 100 People",2012,3.3827343657979
"PNG","Papua New Guinea","admin0","Infection Prevalence","per 100 People",2013,3.87875795707622
"PNG","Papua New Guinea","admin0","Infection Prevalence","per 100 People",2014,3.66485308050664
"PNG","Papua New Guinea","admin0","Infection Prevalence","per 100 People",2015,3.20241891903566
"PNG","Papua New Guinea","admin0","Infection Prevalence","per 100 People",2016,3.27119394975394
"PNG","Papua New Guinea","admin0","Infection Prevalence","per 100 People",2017,3.4983487605356705
"PNG","Papua New Guinea","admin0","Infection Prevalence","per 100 People",2018,3.478700824737
"PNG","Papua New Guinea","admin0","Infection Prevalence","per 100 People",2019,3.32393579402321
"PNG","Papua New Guinea","admin0","Infection Prevalence","per 100 People",2020,3.37594337607587
"PNG","Papua New Guinea","admin0","Infection Prevalence","per 100 People",2021,3.2280376139396
"PNG","Papua New Guinea","admin0","Infection Prevalence","per 100 People",2022,3.70623859984711
"PRK","North Korea","admin0","Incidence Rate","Cases per Thousand",2010,1.8066713259813398
"PRK","North Korea","admin0","Incidence Rate","Cases per Thousand",2011,2.2017020595207
"PRK","North Korea","admin0","Incidence Rate","Cases per Thousand",2012,2.62573426032714
"PRK","North Korea","admin0","Incidence Rate","Cases per Thousand",2013,1.83452387062295
"PRK","North Korea","admin0","Incidence Rate","Cases per Thousand",2014,1.3301533627009399
"PRK","North Korea","admin0","Incidence Rate","Cases per Thousand",2015,0.875028359842572
"PRK","North Korea","admin0","Incidence Rate","Cases per Thousand",2016,0.637192937130765
"PRK","North Korea","admin0","Incidence Rate","Cases per Thousand",2017,0.559341666277381
"PRK","North Korea","admin0","Incidence Rate","Cases per Thousand",2018,0.429443242558388
"PRK","North Korea","admin0","Incidence Rate","Cases per Thousand",2019,0.228763418277097
"PRK","North Korea","admin0","Incidence Rate","Cases per Thousand",2020,0.205125128386797
"PRK","North Korea","admin0","Incidence Rate","Cases per Thousand",2021,0.300477408053771
"PRK","North Korea","admin0","Incidence Rate","Cases per Thousand",2022,0.260416210656323
"PRK","North Korea","admin0","Infection Prevalence","per 100 People",2010,0.308135068055676
"PRK","North Korea","admin0","Infection Prevalence","per 100 People",2011,0.339241392558778
"PRK","North Korea","admin0","Infection Prevalence","per 100 People",2012,0.366339311924949
"PRK","North Korea","admin0","Infection Prevalence","per 100 People",2013,0.304063829135436
"PRK","North Korea","admin0","Infection Prevalence","per 100 People",2014,0.255670342994269
"PRK","North Korea","admin0","Infection Prevalence","per 100 People",2015,0.20431542489294202
"PRK","North Korea","admin0","Infection Prevalence","per 100 People",2016,0.17562010062797
"PRK","North Korea","admin0","Infection Prevalence","per 100 People",2017,0.164777184998196
"PRK","North Korea","admin0","Infection Prevalence","per 100 People",2018,0.145276909617287
"PRK","North Korea","admin0","Infection Prevalence","per 100 People",2019,0.10728162119050301
"PRK","North Korea","admin0","Infection Prevalence","per 100 People",2020,0.10202528364901299
"PRK","North Korea","admin0","Infection Prevalence","per 100 People",2021,0.12230452697538301
"PRK","North Korea","admin0","Infection Prevalence","per 100 People",2022,0.114287843007434
"PRY","Paraguay","admin0","Incidence Rate","Cases per Thousand",2010,0.006877525550536019
"PRY","Paraguay","admin0","Incidence Rate","Cases per Thousand",2011,0.00124279619059351
"PRY","Paraguay","admin0","Incidence Rate","Cases per Thousand",2012,0
"PRY","Paraguay","admin0","Incidence Rate","Cases per Thousand",2013,0
"PRY","Paraguay","admin0","Incidence Rate","Cases per Thousand",2014,0
"PRY","Paraguay","admin0","Incidence Rate","Cases per Thousand",2015,0
"PRY","Paraguay","admin0","Incidence Rate","Cases per Thousand",2016,0
"PRY","Paraguay","admin0","Incidence Rate","Cases per Thousand",2017,0
"PRY","Paraguay","admin0","Incidence Rate","Cases per Thousand",2018,0
"PRY","Paraguay","admin0","Incidence Rate","Cases per Thousand",2019,0
"PRY","Paraguay","admin0","Incidence Rate","Cases per Thousand",2020,0
"PRY","Paraguay","admin0","Incidence Rate","Cases per Thousand",2021,0
"PRY","Paraguay","admin0","Incidence Rate","Cases per Thousand",2022,0
"PRY","Paraguay","admin0","Infection Prevalence","per 100 People",2010,0.0181886066392911
"PRY","Paraguay","admin0","Infection Prevalence","per 100 People",2011,0.0034444773309507803
"PRY","Paraguay","admin0","Infection Prevalence","per 100 People",2012,0
"PRY","Paraguay","admin0","Infection Prevalence","per 100 People",2013,0
"PRY","Paraguay","admin0","Infection Prevalence","per 100 People",2014,0
"PRY","Paraguay","admin0","Infection Prevalence","per 100 People",2015,0
"PRY","Paraguay","admin0","Infection Prevalence","per 100 People",2016,0
"PRY","Paraguay","admin0","Infection Prevalence","per 100 People",2017,0
"PRY","Paraguay","admin0","Infection Prevalence","per 100 People",2018,0
"PRY","Paraguay","admin0","Infection Prevalence","per 100 People",2019,0
"PRY","Paraguay","admin0","Infection Prevalence","per 100 People",2020,0
"PRY","Paraguay","admin0","Infection Prevalence","per 100 People",2021,0
"PRY","Paraguay","admin0","Infection Prevalence","per 100 People",2022,0
"RWA","Rwanda","admin0","Incidence Rate","Cases per Thousand",2010,0
"RWA","Rwanda","admin0","Incidence Rate","Cases per Thousand",2011,0
"RWA","Rwanda","admin0","Incidence Rate","Cases per Thousand",2012,0
"RWA","Rwanda","admin0","Incidence Rate","Cases per Thousand",2013,0
"RWA","Rwanda","admin0","Incidence Rate","Cases per Thousand",2014,0
"RWA","Rwanda","admin0","Incidence Rate","Cases per Thousand",2015,0
"RWA","Rwanda","admin0","Incidence Rate","Cases per Thousand",2016,0
"RWA","Rwanda","admin0","Incidence Rate","Cases per Thousand",2017,0
"RWA","Rwanda","admin0","Incidence Rate","Cases per Thousand",2018,0
"RWA","Rwanda","admin0","Incidence Rate","Cases per Thousand",2019,0
"RWA","Rwanda","admin0","Incidence Rate","Cases per Thousand",2020,0
"RWA","Rwanda","admin0","Incidence Rate","Cases per Thousand",2021,0
"RWA","Rwanda","admin0","Incidence Rate","Cases per Thousand",2022,0
"RWA","Rwanda","admin0","Infection Prevalence","per 100 People",2010,0
"RWA","Rwanda","admin0","Infection Prevalence","per 100 People",2011,0
"RWA","Rwanda","admin0","Infection Prevalence","per 100 People",2012,0
"RWA","Rwanda","admin0","Infection Prevalence","per 100 People",2013,0
"RWA","Rwanda","admin0","Infection Prevalence","per 100 People",2014,0
"RWA","Rwanda","admin0","Infection Prevalence","per 100 People",2015,0
"RWA","Rwanda","admin0","Infection Prevalence","per 100 People",2016,0
"RWA","Rwanda","admin0","Infection Prevalence","per 100 People",2017,0
"RWA","Rwanda","admin0","Infection Prevalence","per 100 People",2018,0
"RWA","Rwanda","admin0","Infection Prevalence","per 100 People",2019,0
"RWA","Rwanda","admin0","Infection Prevalence","per 100 People",2020,0
"RWA","Rwanda","admin0","Infection Prevalence","per 100 People",2021,0
"RWA","Rwanda","admin0","Infection Prevalence","per 100 People",2022,0
"SAU","Saudi Arabia","admin0","Incidence Rate","Cases per Thousand",2010,0
"SAU","Saudi Arabia","admin0","Incidence Rate","Cases per Thousand",2011,0
"SAU","Saudi Arabia","admin0","Incidence Rate","Cases per Thousand",2012,0
"SAU","Saudi Arabia","admin0","Incidence Rate","Cases per Thousand",2013,0
"SAU","Saudi Arabia","admin0","Incidence Rate","Cases per Thousand",2014,0
"SAU","Saudi Arabia","admin0","Incidence Rate","Cases per Thousand",2015,0
"SAU","Saudi Arabia","admin0","Incidence Rate","Cases per Thousand",2016,0.00006001935753979039
"SAU","Saudi Arabia","admin0","Incidence Rate","Cases per Thousand",2017,0.000146402094253731
"SAU","Saudi Arabia","admin0","Incidence Rate","Cases per Thousand",2018,0.000363935432970549
"SAU","Saudi Arabia","admin0","Incidence Rate","Cases per Thousand",2019,0
"SAU","Saudi Arabia","admin0","Incidence Rate","Cases per Thousand",2020,0
"SAU","Saudi Arabia","admin0","Incidence Rate","Cases per Thousand",2021,0
"SAU","Saudi Arabia","admin0","Incidence Rate","Cases per Thousand",2022,0
"SAU","Saudi Arabia","admin0","Infection Prevalence","per 100 People",2010,0
"SAU","Saudi Arabia","admin0","Infection Prevalence","per 100 People",2011,0
"SAU","Saudi Arabia","admin0","Infection Prevalence","per 100 People",2012,0
"SAU","Saudi Arabia","admin0","Infection Prevalence","per 100 People",2013,0
"SAU","Saudi Arabia","admin0","Infection Prevalence","per 100 People",2014,0
"SAU","Saudi Arabia","admin0","Infection Prevalence","per 100 People",2015,0
"SAU","Saudi Arabia","admin0","Infection Prevalence","per 100 People",2016,0.00189322573852418
"SAU","Saudi Arabia","admin0","Infection Prevalence","per 100 People",2017,0.00254915298625068
"SAU","Saudi Arabia","admin0","Infection Prevalence","per 100 People",2018,0.00348446802289247
"SAU","Saudi Arabia","admin0","Infection Prevalence","per 100 People",2019,0
"SAU","Saudi Arabia","admin0","Infection Prevalence","per 100 People",2020,0
"SAU","Saudi Arabia","admin0","Infection Prevalence","per 100 People",2021,0
"SAU","Saudi Arabia","admin0","Infection Prevalence","per 100 People",2022,0
"SDN","Sudan","admin0","Incidence Rate","Cases per Thousand",2010,5.57702519495854
"SDN","Sudan","admin0","Incidence Rate","Cases per Thousand",2011,5.49008180104637
"SDN","Sudan","admin0","Incidence Rate","Cases per Thousand",2012,5.539786370518041
"SDN","Sudan","admin0","Incidence Rate","Cases per Thousand",2013,5.8095737527745
"SDN","Sudan","admin0","Incidence Rate","Cases per Thousand",2014,6.43257320159697
"SDN","Sudan","admin0","Incidence Rate","Cases per Thousand",2015,7.03980722561262
"SDN","Sudan","admin0","Incidence Rate","Cases per Thousand",2016,6.75903453986455
"SDN","Sudan","admin0","Incidence Rate","Cases per Thousand",2017,5.32618067213474
"SDN","Sudan","admin0","Incidence Rate","Cases per Thousand",2018,6.59127591621533
"SDN","Sudan","admin0","Incidence Rate","Cases per Thousand",2019,9.21580523160769
"SDN","Sudan","admin0","Incidence Rate","Cases per Thousand",2020,9.10550942407759
"SDN","Sudan","admin0","Incidence Rate","Cases per Thousand",2021,9.85499099878538
"SDN","Sudan","admin0","Incidence Rate","Cases per Thousand",2022,9.112472094012169
"SDN","Sudan","admin0","Infection Prevalence","per 100 People",2010,0.5686641460777719
"SDN","Sudan","admin0","Infection Prevalence","per 100 People",2011,0.563037140452866
"SDN","Sudan","admin0","Infection Prevalence","per 100 People",2012,0.561175857669736
"SDN","Sudan","admin0","Infection Prevalence","per 100 People",2013,0.5589355080119011
"SDN","Sudan","admin0","Infection Prevalence","per 100 People",2014,0.580910001687125
"SDN","Sudan","admin0","Infection Prevalence","per 100 People",2015,0.60809458926993
"SDN","Sudan","admin0","Infection Prevalence","per 100 People",2016,0.592545183381944
"SDN","Sudan","admin0","Infection Prevalence","per 100 People",2017,0.529187084328881
"SDN","Sudan","admin0","Infection Prevalence","per 100 People",2018,0.594054163221954
"SDN","Sudan","admin0","Infection Prevalence","per 100 People",2019,0.700858172383252
"SDN","Sudan","admin0","Infection Prevalence","per 100 People",2020,0.703380085170646
"SDN","Sudan","admin0","Infection Prevalence","per 100 People",2021,0.7212333588644709
"SDN","Sudan","admin0","Infection Prevalence","per 100 People",2022,0.703891428621238
"SEN","Senegal","admin0","Incidence Rate","Cases per Thousand",2010,0
"SEN","Senegal","admin0","Incidence Rate","Cases per Thousand",2011,0
"SEN","Senegal","admin0","Incidence Rate","Cases per Thousand",2012,0
"SEN","Senegal","admin0","Incidence Rate","Cases per Thousand",2013,0
"SEN","Senegal","admin0","Incidence Rate","Cases per Thousand",2014,0
"SEN","Senegal","admin0","Incidence Rate","Cases per Thousand",2015,0
"SEN","Senegal","admin0","Incidence Rate","Cases per Thousand",2016,0
"SEN","Senegal","admin0","Incidence Rate","Cases per Thousand",2017,0
"SEN","Senegal","admin0","Incidence Rate","Cases per Thousand",2018,0
"SEN","Senegal","admin0","Incidence Rate","Cases per Thousand",2019,0
"SEN","Senegal","admin0","Incidence Rate","Cases per Thousand",2020,0
"SEN","Senegal","admin0","Incidence Rate","Cases per Thousand",2021,0
"SEN","Senegal","admin0","Incidence Rate","Cases per Thousand",2022,0
"SEN","Senegal","admin0","Infection Prevalence","per 100 People",2010,0
"SEN","Senegal","admin0","Infection Prevalence","per 100 People",2011,0
"SEN","Senegal","admin0","Infection Prevalence","per 100 People",2012,0
"SEN","Senegal","admin0","Infection Prevalence","per 100 People",2013,0
"SEN","Senegal","admin0","Infection Prevalence","per 100 People",2014,0
"SEN","Senegal","admin0","Infection Prevalence","per 100 People",2015,0
"SEN","Senegal","admin0","Infection Prevalence","per 100 People",2016,0
"SEN","Senegal","admin0","Infection Prevalence","per 100 People",2017,0
"SEN","Senegal","admin0","Infection Prevalence","per 100 People",2018,0
"SEN","Senegal","admin0","Infection Prevalence","per 100 People",2019,0
"SEN","Senegal","admin0","Infection Prevalence","per 100 People",2020,0
"SEN","Senegal","admin0","Infection Prevalence","per 100 People",2021,0
"SEN","Senegal","admin0","Infection Prevalence","per 100 People",2022,0
"SLB","Solomon Islands","admin0","Incidence Rate","Cases per Thousand",2010,69.3750740244066
"SLB","Solomon Islands","admin0","Incidence Rate","Cases per Thousand",2011,49.5098809488563
"SLB","Solomon Islands","admin0","Incidence Rate","Cases per Thousand",2012,40.929043791570706
"SLB","Solomon Islands","admin0","Incidence Rate","Cases per Thousand",2013,51.2033007059187
"SLB","Solomon Islands","admin0","Incidence Rate","Cases per Thousand",2014,29.400133697556697
"SLB","Solomon Islands","admin0","Incidence Rate","Cases per Thousand",2015,45.6699684495589
"SLB","Solomon Islands","admin0","Incidence Rate","Cases per Thousand",2016,116.642704897761
"SLB","Solomon Islands","admin0","Incidence Rate","Cases per Thousand",2017,108.253799704341
"SLB","Solomon Islands","admin0","Incidence Rate","Cases per Thousand",2018,128.497071552137
"SLB","Solomon Islands","admin0","Incidence Rate","Cases per Thousand",2019,163.365868117412
"SLB","Solomon Islands","admin0","Incidence Rate","Cases per Thousand",2020,179.773491745016
"SLB","Solomon Islands","admin0","Incidence Rate","Cases per Thousand",2021,199.190213336833
"SLB","Solomon Islands","admin0","Incidence Rate","Cases per Thousand",2022,210.086807292105
"SLB","Solomon Islands","admin0","Infection Prevalence","per 100 People",2010,3.20007103586101
"SLB","Solomon Islands","admin0","Infection Prevalence","per 100 People",2011,2.70612121115076
"SLB","Solomon Islands","admin0","Infection Prevalence","per 100 People",2012,2.46298787691563
"SLB","Solomon Islands","admin0","Infection Prevalence","per 100 People",2013,2.76278728968546
"SLB","Solomon Islands","admin0","Infection Prevalence","per 100 People",2014,2.0743005911855903
"SLB","Solomon Islands","admin0","Infection Prevalence","per 100 People",2015,2.5901970541562602
"SLB","Solomon Islands","admin0","Infection Prevalence","per 100 People",2016,4.15817892498703
"SLB","Solomon Islands","admin0","Infection Prevalence","per 100 People",2017,4.00643747543041
"SLB","Solomon Islands","admin0","Infection Prevalence","per 100 People",2018,4.36572148338197
"SLB","Solomon Islands","admin0","Infection Prevalence","per 100 People",2019,4.91992768761136
"SLB","Solomon Islands","admin0","Infection Prevalence","per 100 People",2020,5.15620780148937
"SLB","Solomon Islands","admin0","Infection Prevalence","per 100 People",2021,5.42501805412597
"SLB","Solomon Islands","admin0","Infection Prevalence","per 100 People",2022,5.57005678389197
"SLE","Sierra Leone","admin0","Incidence Rate","Cases per Thousand",2010,0
"SLE","Sierra Leone","admin0","Incidence Rate","Cases per Thousand",2011,0
"SLE","Sierra Leone","admin0","Incidence Rate","Cases per Thousand",2012,0
"SLE","Sierra Leone","admin0","Incidence Rate","Cases per Thousand",2013,0
"SLE","Sierra Leone","admin0","Incidence Rate","Cases per Thousand",2014,0
"SLE","Sierra Leone","admin0","Incidence Rate","Cases per Thousand",2015,0
"SLE","Sierra Leone","admin0","Incidence Rate","Cases per Thousand",2016,0
"SLE","Sierra Leone","admin0","Incidence Rate","Cases per Thousand",2017,0
"SLE","Sierra Leone","admin0","Incidence Rate","Cases per Thousand",2018,0
"SLE","Sierra Leone","admin0","Incidence Rate","Cases per Thousand",2019,0
"SLE","Sierra Leone","admin0","Incidence Rate","Cases per Thousand",2020,0
"SLE","Sierra Leone","admin0","Incidence Rate","Cases per Thousand",2021,0
"SLE","Sierra Leone","admin0","Incidence Rate","Cases per Thousand",2022,0
"SLE","Sierra Leone","admin0","Infection Prevalence","per 100 People",2010,0
"SLE","Sierra Leone","admin0","Infection Prevalence","per 100 People",2011,0
"SLE","Sierra Leone","admin0","Infection Prevalence","per 100 People",2012,0
"SLE","Sierra Leone","admin0","Infection Prevalence","per 100 People",2013,0
"SLE","Sierra Leone","admin0","Infection Prevalence","per 100 People",2014,0
"SLE","Sierra Leone","admin0","Infection Prevalence","per 100 People",2015,0
"SLE","Sierra Leone","admin0","Infection Prevalence","per 100 People",2016,0
"SLE","Sierra Leone","admin0","Infection Prevalence","per 100 People",2017,0
"SLE","Sierra Leone","admin0","Infection Prevalence","per 100 People",2018,0
"SLE","Sierra Leone","admin0","Infection Prevalence","per 100 People",2019,0
"SLE","Sierra Leone","admin0","Infection Prevalence","per 100 People",2020,0
"SLE","Sierra Leone","admin0","Infection Prevalence","per 100 People",2021,0
"SLE","Sierra Leone","admin0","Infection Prevalence","per 100 People",2022,0
"SLV","El Salvador","admin0","Incidence Rate","Cases per Thousand",2010,0.00807128307740387
"SLV","El Salvador","admin0","Incidence Rate","Cases per Thousand",2011,0.0043051166886475395
"SLV","El Salvador","admin0","Incidence Rate","Cases per Thousand",2012,0.00569092269862327
"SLV","El Salvador","admin0","Incidence Rate","Cases per Thousand",2013,0.00396730036129739
"SLV","El Salvador","admin0","Incidence Rate","Cases per Thousand",2014,0.00379100838960172
"SLV","El Salvador","admin0","Incidence Rate","Cases per Thousand",2015,0.00300307204846467
"SLV","El Salvador","admin0","Incidence Rate","Cases per Thousand",2016,0.0038604350621243605
"SLV","El Salvador","admin0","Incidence Rate","Cases per Thousand",2017,0.00151806837537352
"SLV","El Salvador","admin0","Incidence Rate","Cases per Thousand",2018,0
"SLV","El Salvador","admin0","Incidence Rate","Cases per Thousand",2019,0
"SLV","El Salvador","admin0","Incidence Rate","Cases per Thousand",2020,0
"SLV","El Salvador","admin0","Incidence Rate","Cases per Thousand",2021,0
"SLV","El Salvador","admin0","Incidence Rate","Cases per Thousand",2022,0
"SLV","El Salvador","admin0","Infection Prevalence","per 100 People",2010,0.025858342688946198
"SLV","El Salvador","admin0","Infection Prevalence","per 100 People",2011,0.0192996914809264
"SLV","El Salvador","admin0","Infection Prevalence","per 100 People",2012,0.022018999276173498
"SLV","El Salvador","admin0","Infection Prevalence","per 100 People",2013,0.0185865570993222
"SLV","El Salvador","admin0","Infection Prevalence","per 100 People",2014,0.0181681687644572
"SLV","El Salvador","admin0","Infection Prevalence","per 100 People",2015,0.0162943585591074
"SLV","El Salvador","admin0","Infection Prevalence","per 100 People",2016,0.018252115859588
"SLV","El Salvador","admin0","Infection Prevalence","per 100 People",2017,0.0120936218429165
"SLV","El Salvador","admin0","Infection Prevalence","per 100 People",2018,0
"SLV","El Salvador","admin0","Infection Prevalence","per 100 People",2019,0
"SLV","El Salvador","admin0","Infection Prevalence","per 100 People",2020,0
"SLV","El Salvador","admin0","Infection Prevalence","per 100 People",2021,0
"SLV","El Salvador","admin0","Infection Prevalence","per 100 People",2022,0
"SOM","Somalia","admin0","Incidence Rate","Cases per Thousand",2010,0
"SOM","Somalia","admin0","Incidence Rate","Cases per Thousand",2011,0
"SOM","Somalia","admin0","Incidence Rate","Cases per Thousand",2012,0.40355603914330496
"SOM","Somalia","admin0","Incidence Rate","Cases per Thousand",2013,0.532928184771911
"SOM","Somalia","admin0","Incidence Rate","Cases per Thousand",2014,2.8151562500537697
"SOM","Somalia","admin0","Incidence Rate","Cases per Thousand",2015,0.648271997236508
"SOM","Somalia","admin0","Incidence Rate","Cases per Thousand",2016,7.75856332427393
"SOM","Somalia","admin0","Incidence Rate","Cases per Thousand",2017,17.0458745279601
"SOM","Somalia","admin0","Incidence Rate","Cases per Thousand",2018,0.6549777925000501
"SOM","Somalia","admin0","Incidence Rate","Cases per Thousand",2019,4.42678038538269
"SOM","Somalia","admin0","Incidence Rate","Cases per Thousand",2020,0.657390984311206
"SOM","Somalia","admin0","Incidence Rate","Cases per Thousand",2021,10.1404339373629
"SOM","Somalia","admin0","Incidence Rate","Cases per Thousand",2022,3.77081815395356
"SOM","Somalia","admin0","Infection Prevalence","per 100 People",2010,0
"SOM","Somalia","admin0","Infection Prevalence","per 100 People",2011,0
"SOM","Somalia","admin0","Infection Prevalence","per 100 People",2012,0.16676093160260802
"SOM","Somalia","admin0","Infection Prevalence","per 100 People",2013,0.19136478662154802
"SOM","Somalia","admin0","Infection Prevalence","per 100 People",2014,0.42733883063970496
"SOM","Somalia","admin0","Infection Prevalence","per 100 People",2015,0.20909078239461598
"SOM","Somalia","admin0","Infection Prevalence","per 100 People",2016,0.682415362544482
"SOM","Somalia","admin0","Infection Prevalence","per 100 People",2017,0.997481635868235
"SOM","Somalia","admin0","Infection Prevalence","per 100 People",2018,0.210105367997336
"SOM","Somalia","admin0","Infection Prevalence","per 100 People",2019,0.530836356475819
"SOM","Somalia","admin0","Infection Prevalence","per 100 People",2020,0.210653768197822
"SOM","Somalia","admin0","Infection Prevalence","per 100 People",2021,0.765507209507752
"SOM","Somalia","admin0","Infection Prevalence","per 100 People",2022,0.473661765008428
"SSD","South Sudan","admin0","Incidence Rate","Cases per Thousand",2010,0
"SSD","South Sudan","admin0","Incidence Rate","Cases per Thousand",2011,0
"SSD","South Sudan","admin0","Incidence Rate","Cases per Thousand",2012,0
"SSD","South Sudan","admin0","Incidence Rate","Cases per Thousand",2013,0
"SSD","South Sudan","admin0","Incidence Rate","Cases per Thousand",2014,0
"SSD","South Sudan","admin0","Incidence Rate","Cases per Thousand",2015,0
"SSD","South Sudan","admin0","Incidence Rate","Cases per Thousand",2016,0
"SSD","South Sudan","admin0","Incidence Rate","Cases per Thousand",2017,0
"SSD","South Sudan","admin0","Incidence Rate","Cases per Thousand",2018,0
"SSD","South Sudan","admin0","Incidence Rate","Cases per Thousand",2019,0
"SSD","South Sudan","admin0","Incidence Rate","Cases per Thousand",2020,0
"SSD","South Sudan","admin0","Incidence Rate","Cases per Thousand",2021,0
"SSD","South Sudan","admin0","Incidence Rate","Cases per Thousand",2022,0
"SSD","South Sudan","admin0","Infection Prevalence","per 100 People",2010,0
"SSD","South Sudan","admin0","Infection Prevalence","per 100 People",2011,0
"SSD","South Sudan","admin0","Infection Prevalence","per 100 People",2012,0
"SSD","South Sudan","admin0","Infection Prevalence","per 100 People",2013,0
"SSD","South Sudan","admin0","Infection Prevalence","per 100 People",2014,0
"SSD","South Sudan","admin0","Infection Prevalence","per 100 People",2015,0
"SSD","South Sudan","admin0","Infection Prevalence","per 100 People",2016,0
"SSD","South Sudan","admin0","Infection Prevalence","per 100 People",2017,0
"SSD","South Sudan","admin0","Infection Prevalence","per 100 People",2018,0
"SSD","South Sudan","admin0","Infection Prevalence","per 100 People",2019,0
"SSD","South Sudan","admin0","Infection Prevalence","per 100 People",2020,0
"SSD","South Sudan","admin0","Infection Prevalence","per 100 People",2021,0
"SSD","South Sudan","admin0","Infection Prevalence","per 100 People",2022,0
"STP","Sao Tome And Principe","admin0","Incidence Rate","Cases per Thousand",2010,0
"STP","Sao Tome And Principe","admin0","Incidence Rate","Cases per Thousand",2011,0
"STP","Sao Tome And Principe","admin0","Incidence Rate","Cases per Thousand",2012,0
"STP","Sao Tome And Principe","admin0","Incidence Rate","Cases per Thousand",2013,0
"STP","Sao Tome And Principe","admin0","Incidence Rate","Cases per Thousand",2014,0
"STP","Sao Tome And Principe","admin0","Incidence Rate","Cases per Thousand",2015,0
"STP","Sao Tome And Principe","admin0","Incidence Rate","Cases per Thousand",2016,0
"STP","Sao Tome And Principe","admin0","Incidence Rate","Cases per Thousand",2017,0
"STP","Sao Tome And Principe","admin0","Incidence Rate","Cases per Thousand",2018,0
"STP","Sao Tome And Principe","admin0","Incidence Rate","Cases per Thousand",2019,0
"STP","Sao Tome And Principe","admin0","Incidence Rate","Cases per Thousand",2020,0
"STP","Sao Tome And Principe","admin0","Incidence Rate","Cases per Thousand",2021,0
"STP","Sao Tome And Principe","admin0","Incidence Rate","Cases per Thousand",2022,0
"STP","Sao Tome And Principe","admin0","Infection Prevalence","per 100 People",2010,0
"STP","Sao Tome And Principe","admin0","Infection Prevalence","per 100 People",2011,0
"STP","Sao Tome And Principe","admin0","Infection Prevalence","per 100 People",2012,0
"STP","Sao Tome And Principe","admin0","Infection Prevalence","per 100 People",2013,0
"STP","Sao Tome And Principe","admin0","Infection Prevalence","per 100 People",2014,0
"STP","Sao Tome And Principe","admin0","Infection Prevalence","per 100 People",2015,0
"STP","Sao Tome And Principe","admin0","Infection Prevalence","per 100 People",2016,0
"STP","Sao Tome And Principe","admin0","Infection Prevalence","per 100 People",2017,0
"STP","Sao Tome And Principe","admin0","Infection Prevalence","per 100 People",2018,0
"STP","Sao Tome And Principe","admin0","Infection Prevalence","per 100 People",2019,0
"STP","Sao Tome And Principe","admin0","Infection Prevalence","per 100 People",2020,0
"STP","Sao Tome And Principe","admin0","Infection Prevalence","per 100 People",2021,0
"STP","Sao Tome And Principe","admin0","Infection Prevalence","per 100 People",2022,0
"SUR","Suriname","admin0","Incidence Rate","Cases per Thousand",2010,3.56136747769339
"SUR","Suriname","admin0","Incidence Rate","Cases per Thousand",2011,1.6097346099246
"SUR","Suriname","admin0","Incidence Rate","Cases per Thousand",2012,1.13726275105768
"SUR","Suriname","admin0","Incidence Rate","Cases per Thousand",2013,0.957952541815683
"SUR","Suriname","admin0","Incidence Rate","Cases per Thousand",2014,0.440761038479681
"SUR","Suriname","admin0","Incidence Rate","Cases per Thousand",2015,0.326278076792199
"SUR","Suriname","admin0","Incidence Rate","Cases per Thousand",2016,0.240146317395935
"SUR","Suriname","admin0","Incidence Rate","Cases per Thousand",2017,0.335849675482245
"SUR","Suriname","admin0","Incidence Rate","Cases per Thousand",2018,0.0895300205492762
"SUR","Suriname","admin0","Incidence Rate","Cases per Thousand",2019,0.348585536632979
"SUR","Suriname","admin0","Incidence Rate","Cases per Thousand",2020,0.48852018474874503
"SUR","Suriname","admin0","Incidence Rate","Cases per Thousand",2021,0.06868476914710689
"SUR","Suriname","admin0","Incidence Rate","Cases per Thousand",2022,0.00162451741442575
"SUR","Suriname","admin0","Infection Prevalence","per 100 People",2010,0.535166958985944
"SUR","Suriname","admin0","Infection Prevalence","per 100 People",2011,0.362394513784032
"SUR","Suriname","admin0","Infection Prevalence","per 100 People",2012,0.30557745254248503
"SUR","Suriname","admin0","Infection Prevalence","per 100 People",2013,0.280705793765695
"SUR","Suriname","admin0","Infection Prevalence","per 100 People",2014,0.191126297259046
"SUR","Suriname","admin0","Infection Prevalence","per 100 People",2015,0.164240441737631
"SUR","Suriname","admin0","Infection Prevalence","per 100 People",2016,0.141038372628224
"SUR","Suriname","admin0","Infection Prevalence","per 100 People",2017,0.166520189503335
"SUR","Suriname","admin0","Infection Prevalence","per 100 People",2018,0.0866106465440282
"SUR","Suriname","admin0","Infection Prevalence","per 100 People",2019,0.169480503641094
"SUR","Suriname","admin0","Infection Prevalence","per 100 People",2020,0.200264747899652
"SUR","Suriname","admin0","Infection Prevalence","per 100 People",2021,0.0759668573365781
"SUR","Suriname","admin0","Infection Prevalence","per 100 People",2022,0.01261107288268
"SWZ","Eswatini","admin0","Incidence Rate","Cases per Thousand",2010,0
"SWZ","Eswatini","admin0","Incidence Rate","Cases per Thousand",2011,0
"SWZ","Eswatini","admin0","Incidence Rate","Cases per Thousand",2012,0
"SWZ","Eswatini","admin0","Incidence Rate","Cases per Thousand",2013,0
"SWZ","Eswatini","admin0","Incidence Rate","Cases per Thousand",2014,0
"SWZ","Eswatini","admin0","Incidence Rate","Cases per Thousand",2015,0
"SWZ","Eswatini","admin0","Incidence Rate","Cases per Thousand",2016,0
"SWZ","Eswatini","admin0","Incidence Rate","Cases per Thousand",2017,0
"SWZ","Eswatini","admin0","Incidence Rate","Cases per Thousand",2018,0
"SWZ","Eswatini","admin0","Incidence Rate","Cases per Thousand",2019,0
"SWZ","Eswatini","admin0","Incidence Rate","Cases per Thousand",2020,0
"SWZ","Eswatini","admin0","Incidence Rate","Cases per Thousand",2021,0
"SWZ","Eswatini","admin0","Incidence Rate","Cases per Thousand",2022,0
"SWZ","Eswatini","admin0","Infection Prevalence","per 100 People",2010,0
"SWZ","Eswatini","admin0","Infection Prevalence","per 100 People",2011,0
"SWZ","Eswatini","admin0","Infection Prevalence","per 100 People",2012,0
"SWZ","Eswatini","admin0","Infection Prevalence","per 100 People",2013,0
"SWZ","Eswatini","admin0","Infection Prevalence","per 100 People",2014,0
"SWZ","Eswatini","admin0","Infection Prevalence","per 100 People",2015,0
"SWZ","Eswatini","admin0","Infection Prevalence","per 100 People",2016,0
"SWZ","Eswatini","admin0","Infection Prevalence","per 100 People",2017,0
"SWZ","Eswatini","admin0","Infection Prevalence","per 100 People",2018,0
"SWZ","Eswatini","admin0","Infection Prevalence","per 100 People",2019,0
"SWZ","Eswatini","admin0","Infection Prevalence","per 100 People",2020,0
"SWZ","Eswatini","admin0","Infection Prevalence","per 100 People",2021,0
"SWZ","Eswatini","admin0","Infection Prevalence","per 100 People",2022,0
"SYR","Syria","admin0","Incidence Rate","Cases per Thousand",2010,0
"SYR","Syria","admin0","Incidence Rate","Cases per Thousand",2011,0
"SYR","Syria","admin0","Incidence Rate","Cases per Thousand",2012,0
"SYR","Syria","admin0","Incidence Rate","Cases per Thousand",2013,0
"SYR","Syria","admin0","Incidence Rate","Cases per Thousand",2014,0
"SYR","Syria","admin0","Incidence Rate","Cases per Thousand",2015,0
"SYR","Syria","admin0","Incidence Rate","Cases per Thousand",2016,0
"SYR","Syria","admin0","Incidence Rate","Cases per Thousand",2017,0
"SYR","Syria","admin0","Incidence Rate","Cases per Thousand",2018,0
"SYR","Syria","admin0","Incidence Rate","Cases per Thousand",2019,0
"SYR","Syria","admin0","Incidence Rate","Cases per Thousand",2020,0
"SYR","Syria","admin0","Incidence Rate","Cases per Thousand",2021,0
"SYR","Syria","admin0","Incidence Rate","Cases per Thousand",2022,0
"SYR","Syria","admin0","Infection Prevalence","per 100 People",2010,0
"SYR","Syria","admin0","Infection Prevalence","per 100 People",2011,0
"SYR","Syria","admin0","Infection Prevalence","per 100 People",2012,0
"SYR","Syria","admin0","Infection Prevalence","per 100 People",2013,0
"SYR","Syria","admin0","Infection Prevalence","per 100 People",2014,0
"SYR","Syria","admin0","Infection Prevalence","per 100 People",2015,0
"SYR","Syria","admin0","Infection Prevalence","per 100 People",2016,0
"SYR","Syria","admin0","Infection Prevalence","per 100 People",2017,0
"SYR","Syria","admin0","Infection Prevalence","per 100 People",2018,0
"SYR","Syria","admin0","Infection Prevalence","per 100 People",2019,0
"SYR","Syria","admin0","Infection Prevalence","per 100 People",2020,0
"SYR","Syria","admin0","Infection Prevalence","per 100 People",2021,0
"SYR","Syria","admin0","Infection Prevalence","per 100 People",2022,0
"TCD","Chad","admin0","Incidence Rate","Cases per Thousand",2010,0
"TCD","Chad","admin0","Incidence Rate","Cases per Thousand",2011,0
"TCD","Chad","admin0","Incidence Rate","Cases per Thousand",2012,0
"TCD","Chad","admin0","Incidence Rate","Cases per Thousand",2013,0
"TCD","Chad","admin0","Incidence Rate","Cases per Thousand",2014,0
"TCD","Chad","admin0","Incidence Rate","Cases per Thousand",2015,0
"TCD","Chad","admin0","Incidence Rate","Cases per Thousand",2016,0
"TCD","Chad","admin0","Incidence Rate","Cases per Thousand",2017,0
"TCD","Chad","admin0","Incidence Rate","Cases per Thousand",2018,0
"TCD","Chad","admin0","Incidence Rate","Cases per Thousand",2019,0
"TCD","Chad","admin0","Incidence Rate","Cases per Thousand",2020,0
"TCD","Chad","admin0","Incidence Rate","Cases per Thousand",2021,0
"TCD","Chad","admin0","Incidence Rate","Cases per Thousand",2022,0
"TCD","Chad","admin0","Infection Prevalence","per 100 People",2010,0
"TCD","Chad","admin0","Infection Prevalence","per 100 People",2011,0
"TCD","Chad","admin0","Infection Prevalence","per 100 People",2012,0
"TCD","Chad","admin0","Infection Prevalence","per 100 People",2013,0
"TCD","Chad","admin0","Infection Prevalence","per 100 People",2014,0
"TCD","Chad","admin0","Infection Prevalence","per 100 People",2015,0
"TCD","Chad","admin0","Infection Prevalence","per 100 People",2016,0
"TCD","Chad","admin0","Infection Prevalence","per 100 People",2017,0
"TCD","Chad","admin0","Infection Prevalence","per 100 People",2018,0
"TCD","Chad","admin0","Infection Prevalence","per 100 People",2019,0
"TCD","Chad","admin0","Infection Prevalence","per 100 People",2020,0
"TCD","Chad","admin0","Infection Prevalence","per 100 People",2021,0
"TCD","Chad","admin0","Infection Prevalence","per 100 People",2022,0
"TGO","Togo","admin0","Incidence Rate","Cases per Thousand",2010,0
"TGO","Togo","admin0","Incidence Rate","Cases per Thousand",2011,0
"TGO","Togo","admin0","Incidence Rate","Cases per Thousand",2012,0
"TGO","Togo","admin0","Incidence Rate","Cases per Thousand",2013,0
"TGO","Togo","admin0","Incidence Rate","Cases per Thousand",2014,0
"TGO","Togo","admin0","Incidence Rate","Cases per Thousand",2015,0
"TGO","Togo","admin0","Incidence Rate","Cases per Thousand",2016,0
"TGO","Togo","admin0","Incidence Rate","Cases per Thousand",2017,0
"TGO","Togo","admin0","Incidence Rate","Cases per Thousand",2018,0
"TGO","Togo","admin0","Incidence Rate","Cases per Thousand",2019,0
"TGO","Togo","admin0","Incidence Rate","Cases per Thousand",2020,0
"TGO","Togo","admin0","Incidence Rate","Cases per Thousand",2021,0
"TGO","Togo","admin0","Incidence Rate","Cases per Thousand",2022,0
"TGO","Togo","admin0","Infection Prevalence","per 100 People",2010,0
"TGO","Togo","admin0","Infection Prevalence","per 100 People",2011,0
"TGO","Togo","admin0","Infection Prevalence","per 100 People",2012,0
"TGO","Togo","admin0","Infection Prevalence","per 100 People",2013,0
"TGO","Togo","admin0","Infection Prevalence","per 100 People",2014,0
"TGO","Togo","admin0","Infection Prevalence","per 100 People",2015,0
"TGO","Togo","admin0","Infection Prevalence","per 100 People",2016,0
"TGO","Togo","admin0","Infection Prevalence","per 100 People",2017,0
"TGO","Togo","admin0","Infection Prevalence","per 100 People",2018,0
"TGO","Togo","admin0","Infection Prevalence","per 100 People",2019,0
"TGO","Togo","admin0","Infection Prevalence","per 100 People",2020,0
"TGO","Togo","admin0","Infection Prevalence","per 100 People",2021,0
"TGO","Togo","admin0","Infection Prevalence","per 100 People",2022,0
"THA","Thailand","admin0","Incidence Rate","Cases per Thousand",2010,0.7474996684361189
"THA","Thailand","admin0","Incidence Rate","Cases per Thousand",2011,0.667402136296357
"THA","Thailand","admin0","Incidence Rate","Cases per Thousand",2012,0.897893103890259
"THA","Thailand","admin0","Incidence Rate","Cases per Thousand",2013,0.613974098538486
"THA","Thailand","admin0","Incidence Rate","Cases per Thousand",2014,0.702254475051416
"THA","Thailand","admin0","Incidence Rate","Cases per Thousand",2015,0.252463328888963
"THA","Thailand","admin0","Incidence Rate","Cases per Thousand",2016,0.235035854195644
"THA","Thailand","admin0","Incidence Rate","Cases per Thousand",2017,0
"THA","Thailand","admin0","Incidence Rate","Cases per Thousand",2018,0.128907417210636
"THA","Thailand","admin0","Incidence Rate","Cases per Thousand",2019,0.103469092007489
"THA","Thailand","admin0","Incidence Rate","Cases per Thousand",2020,0.07932553025007899
"THA","Thailand","admin0","Incidence Rate","Cases per Thousand",2021,0.0655456244343286
"THA","Thailand","admin0","Incidence Rate","Cases per Thousand",2022,0.171392732469757
"THA","Thailand","admin0","Infection Prevalence","per 100 People",2010,0.331636410920001
"THA","Thailand","admin0","Infection Prevalence","per 100 People",2011,0.30003568951777
"THA","Thailand","admin0","Infection Prevalence","per 100 People",2012,0.34398024016029
"THA","Thailand","admin0","Infection Prevalence","per 100 People",2013,0.271411404665052
"THA","Thailand","admin0","Infection Prevalence","per 100 People",2014,0.278685845800257
"THA","Thailand","admin0","Infection Prevalence","per 100 People",2015,0.150919890082391
"THA","Thailand","admin0","Infection Prevalence","per 100 People",2016,0.104527638484647
"THA","Thailand","admin0","Infection Prevalence","per 100 People",2017,0
"THA","Thailand","admin0","Infection Prevalence","per 100 People",2018,0.0636870549164521
"THA","Thailand","admin0","Infection Prevalence","per 100 People",2019,0.0519563362629745
"THA","Thailand","admin0","Infection Prevalence","per 100 People",2020,0.041565004514078296
"THA","Thailand","admin0","Infection Prevalence","per 100 People",2021,0.0312625372338133
"THA","Thailand","admin0","Infection Prevalence","per 100 People",2022,0.052919100405987206
"TJK","Tajikistan","admin0","Incidence Rate","Cases per Thousand",2010,0.0142935430329243
"TJK","Tajikistan","admin0","Incidence Rate","Cases per Thousand",2011,0.009187687321709161
"TJK","Tajikistan","admin0","Incidence Rate","Cases per Thousand",2012,0.0050181320874705
"TJK","Tajikistan","admin0","Incidence Rate","Cases per Thousand",2013,0.00167445790074736
"TJK","Tajikistan","admin0","Incidence Rate","Cases per Thousand",2014,0.000235005638376692
"TJK","Tajikistan","admin0","Incidence Rate","Cases per Thousand",2015,0
"TJK","Tajikistan","admin0","Incidence Rate","Cases per Thousand",2016,0
"TJK","Tajikistan","admin0","Incidence Rate","Cases per Thousand",2017,0
"TJK","Tajikistan","admin0","Incidence Rate","Cases per Thousand",2018,0
"TJK","Tajikistan","admin0","Incidence Rate","Cases per Thousand",2019,0
"TJK","Tajikistan","admin0","Incidence Rate","Cases per Thousand",2020,0
"TJK","Tajikistan","admin0","Incidence Rate","Cases per Thousand",2021,0
"TJK","Tajikistan","admin0","Incidence Rate","Cases per Thousand",2022,0
"TJK","Tajikistan","admin0","Infection Prevalence","per 100 People",2010,0.0330202302206201
"TJK","Tajikistan","admin0","Infection Prevalence","per 100 People",2011,0.0267865750454005
"TJK","Tajikistan","admin0","Infection Prevalence","per 100 People",2012,0.020104488824542202
"TJK","Tajikistan","admin0","Infection Prevalence","per 100 People",2013,0.012301640933052999
"TJK","Tajikistan","admin0","Infection Prevalence","per 100 People",2014,0.0062722150423057095
"TJK","Tajikistan","admin0","Infection Prevalence","per 100 People",2015,0
"TJK","Tajikistan","admin0","Infection Prevalence","per 100 People",2016,0
"TJK","Tajikistan","admin0","Infection Prevalence","per 100 People",2017,0
"TJK","Tajikistan","admin0","Infection Prevalence","per 100 People",2018,0
"TJK","Tajikistan","admin0","Infection Prevalence","per 100 People",2019,0
"TJK","Tajikistan","admin0","Infection Prevalence","per 100 People",2020,0
"TJK","Tajikistan","admin0","Infection Prevalence","per 100 People",2021,0
"TJK","Tajikistan","admin0","Infection Prevalence","per 100 People",2022,0
"TKM","Turkmenistan","admin0","Incidence Rate","Cases per Thousand",2010,0
"TKM","Turkmenistan","admin0","Incidence Rate","Cases per Thousand",2011,0
"TKM","Turkmenistan","admin0","Incidence Rate","Cases per Thousand",2012,0
"TKM","Turkmenistan","admin0","Incidence Rate","Cases per Thousand",2013,0
"TKM","Turkmenistan","admin0","Incidence Rate","Cases per Thousand",2014,0
"TKM","Turkmenistan","admin0","Incidence Rate","Cases per Thousand",2015,0
"TKM","Turkmenistan","admin0","Incidence Rate","Cases per Thousand",2016,0
"TKM","Turkmenistan","admin0","Incidence Rate","Cases per Thousand",2017,0
"TKM","Turkmenistan","admin0","Incidence Rate","Cases per Thousand",2018,0
"TKM","Turkmenistan","admin0","Incidence Rate","Cases per Thousand",2019,0
"TKM","Turkmenistan","admin0","Incidence Rate","Cases per Thousand",2020,0
"TKM","Turkmenistan","admin0","Incidence Rate","Cases per Thousand",2021,0
"TKM","Turkmenistan","admin0","Incidence Rate","Cases per Thousand",2022,0
"TKM","Turkmenistan","admin0","Infection Prevalence","per 100 People",2010,0
"TKM","Turkmenistan","admin0","Infection Prevalence","per 100 People",2011,0
"TKM","Turkmenistan","admin0","Infection Prevalence","per 100 People",2012,0
"TKM","Turkmenistan","admin0","Infection Prevalence","per 100 People",2013,0
"TKM","Turkmenistan","admin0","Infection Prevalence","per 100 People",2014,0
"TKM","Turkmenistan","admin0","Infection Prevalence","per 100 People",2015,0
"TKM","Turkmenistan","admin0","Infection Prevalence","per 100 People",2016,0
"TKM","Turkmenistan","admin0","Infection Prevalence","per 100 People",2017,0
"TKM","Turkmenistan","admin0","Infection Prevalence","per 100 People",2018,0
"TKM","Turkmenistan","admin0","Infection Prevalence","per 100 People",2019,0
"TKM","Turkmenistan","admin0","Infection Prevalence","per 100 People",2020,0
"TKM","Turkmenistan","admin0","Infection Prevalence","per 100 People",2021,0
"TKM","Turkmenistan","admin0","Infection Prevalence","per 100 People",2022,0
"TLS","Timor-Leste","admin0","Incidence Rate","Cases per Thousand",2010,21.200087567981402
"TLS","Timor-Leste","admin0","Incidence Rate","Cases per Thousand",2011,6.13710508935689
"TLS","Timor-Leste","admin0","Incidence Rate","Cases per Thousand",2012,3.52641803270651
"TLS","Timor-Leste","admin0","Incidence Rate","Cases per Thousand",2013,0.72474029369187
"TLS","Timor-Leste","admin0","Incidence Rate","Cases per Thousand",2014,0.22075279477745702
"TLS","Timor-Leste","admin0","Incidence Rate","Cases per Thousand",2015,0.039234524893888005
"TLS","Timor-Leste","admin0","Incidence Rate","Cases per Thousand",2016,0.0116961419923291
"TLS","Timor-Leste","admin0","Incidence Rate","Cases per Thousand",2017,0.007743844384372441
"TLS","Timor-Leste","admin0","Incidence Rate","Cases per Thousand",2018,0.00108156828451146
"TLS","Timor-Leste","admin0","Incidence Rate","Cases per Thousand",2019,0
"TLS","Timor-Leste","admin0","Incidence Rate","Cases per Thousand",2020,0
"TLS","Timor-Leste","admin0","Incidence Rate","Cases per Thousand",2021,0
"TLS","Timor-Leste","admin0","Incidence Rate","Cases per Thousand",2022,0
"TLS","Timor-Leste","admin0","Infection Prevalence","per 100 People",2010,2.376176005124
"TLS","Timor-Leste","admin0","Infection Prevalence","per 100 People",2011,1.21180457632819
"TLS","Timor-Leste","admin0","Infection Prevalence","per 100 People",2012,0.88939704271027
"TLS","Timor-Leste","admin0","Infection Prevalence","per 100 People",2013,0.370180718078836
"TLS","Timor-Leste","admin0","Infection Prevalence","per 100 People",2014,0.19007859008315
"TLS","Timor-Leste","admin0","Infection Prevalence","per 100 People",2015,0.0644819357783564
"TLS","Timor-Leste","admin0","Infection Prevalence","per 100 People",2016,0.0290832290971575
"TLS","Timor-Leste","admin0","Infection Prevalence","per 100 People",2017,0.0231847733873616
"TLS","Timor-Leste","admin0","Infection Prevalence","per 100 People",2018,0.00714213695202352
"TLS","Timor-Leste","admin0","Infection Prevalence","per 100 People",2019,0
"TLS","Timor-Leste","admin0","Infection Prevalence","per 100 People",2020,0
"TLS","Timor-Leste","admin0","Infection Prevalence","per 100 People",2021,0
"TLS","Timor-Leste","admin0","Infection Prevalence","per 100 People",2022,0
"TUR","Turkey","admin0","Incidence Rate","Cases per Thousand",2010,0
"TUR","Turkey","admin0","Incidence Rate","Cases per Thousand",2011,0
"TUR","Turkey","admin0","Incidence Rate","Cases per Thousand",2012,0
"TUR","Turkey","admin0","Incidence Rate","Cases per Thousand",2013,0
"TUR","Turkey","admin0","Incidence Rate","Cases per Thousand",2014,0
"TUR","Turkey","admin0","Incidence Rate","Cases per Thousand",2015,0
"TUR","Turkey","admin0","Incidence Rate","Cases per Thousand",2016,0
"TUR","Turkey","admin0","Incidence Rate","Cases per Thousand",2017,0
"TUR","Turkey","admin0","Incidence Rate","Cases per Thousand",2018,0
"TUR","Turkey","admin0","Incidence Rate","Cases per Thousand",2019,0
"TUR","Turkey","admin0","Incidence Rate","Cases per Thousand",2020,0
"TUR","Turkey","admin0","Incidence Rate","Cases per Thousand",2021,0
"TUR","Turkey","admin0","Incidence Rate","Cases per Thousand",2022,0
"TUR","Turkey","admin0","Infection Prevalence","per 100 People",2010,0
"TUR","Turkey","admin0","Infection Prevalence","per 100 People",2011,0
"TUR","Turkey","admin0","Infection Prevalence","per 100 People",2012,0
"TUR","Turkey","admin0","Infection Prevalence","per 100 People",2013,0
"TUR","Turkey","admin0","Infection Prevalence","per 100 People",2014,0
"TUR","Turkey","admin0","Infection Prevalence","per 100 People",2015,0
"TUR","Turkey","admin0","Infection Prevalence","per 100 People",2016,0
"TUR","Turkey","admin0","Infection Prevalence","per 100 People",2017,0
"TUR","Turkey","admin0","Infection Prevalence","per 100 People",2018,0
"TUR","Turkey","admin0","Infection Prevalence","per 100 People",2019,0
"TUR","Turkey","admin0","Infection Prevalence","per 100 People",2020,0
"TUR","Turkey","admin0","Infection Prevalence","per 100 People",2021,0
"TUR","Turkey","admin0","Infection Prevalence","per 100 People",2022,0
"TZA","Tanzania","admin0","Incidence Rate","Cases per Thousand",2010,0
"TZA","Tanzania","admin0","Incidence Rate","Cases per Thousand",2011,0
"TZA","Tanzania","admin0","Incidence Rate","Cases per Thousand",2012,0
"TZA","Tanzania","admin0","Incidence Rate","Cases per Thousand",2013,0
"TZA","Tanzania","admin0","Incidence Rate","Cases per Thousand",2014,0
"TZA","Tanzania","admin0","Incidence Rate","Cases per Thousand",2015,0
"TZA","Tanzania","admin0","Incidence Rate","Cases per Thousand",2016,0
"TZA","Tanzania","admin0","Incidence Rate","Cases per Thousand",2017,0
"TZA","Tanzania","admin0","Incidence Rate","Cases per Thousand",2018,0
"TZA","Tanzania","admin0","Incidence Rate","Cases per Thousand",2019,0
"TZA","Tanzania","admin0","Incidence Rate","Cases per Thousand",2020,0
"TZA","Tanzania","admin0","Incidence Rate","Cases per Thousand",2021,0
"TZA","Tanzania","admin0","Incidence Rate","Cases per Thousand",2022,0
"TZA","Tanzania","admin0","Infection Prevalence","per 100 People",2010,0
"TZA","Tanzania","admin0","Infection Prevalence","per 100 People",2011,0
"TZA","Tanzania","admin0","Infection Prevalence","per 100 People",2012,0
"TZA","Tanzania","admin0","Infection Prevalence","per 100 People",2013,0
"TZA","Tanzania","admin0","Infection Prevalence","per 100 People",2014,0
"TZA","Tanzania","admin0","Infection Prevalence","per 100 People",2015,0
"TZA","Tanzania","admin0","Infection Prevalence","per 100 People",2016,0
"TZA","Tanzania","admin0","Infection Prevalence","per 100 People",2017,0
"TZA","Tanzania","admin0","Infection Prevalence","per 100 People",2018,0
"TZA","Tanzania","admin0","Infection Prevalence","per 100 People",2019,0
"TZA","Tanzania","admin0","Infection Prevalence","per 100 People",2020,0
"TZA","Tanzania","admin0","Infection Prevalence","per 100 People",2021,0
"TZA","Tanzania","admin0","Infection Prevalence","per 100 People",2022,0
"UGA","Uganda","admin0","Incidence Rate","Cases per Thousand",2010,0
"UGA","Uganda","admin0","Incidence Rate","Cases per Thousand",2011,0
"UGA","Uganda","admin0","Incidence Rate","Cases per Thousand",2012,0
"UGA","Uganda","admin0","Incidence Rate","Cases per Thousand",2013,0
"UGA","Uganda","admin0","Incidence Rate","Cases per Thousand",2014,0
"UGA","Uganda","admin0","Incidence Rate","Cases per Thousand",2015,0
"UGA","Uganda","admin0","Incidence Rate","Cases per Thousand",2016,0
"UGA","Uganda","admin0","Incidence Rate","Cases per Thousand",2017,0
"UGA","Uganda","admin0","Incidence Rate","Cases per Thousand",2018,0
"UGA","Uganda","admin0","Incidence Rate","Cases per Thousand",2019,0
"UGA","Uganda","admin0","Incidence Rate","Cases per Thousand",2020,0
"UGA","Uganda","admin0","Incidence Rate","Cases per Thousand",2021,0
"UGA","Uganda","admin0","Incidence Rate","Cases per Thousand",2022,0
"UGA","Uganda","admin0","Infection Prevalence","per 100 People",2010,0
"UGA","Uganda","admin0","Infection Prevalence","per 100 People",2011,0
"UGA","Uganda","admin0","Infection Prevalence","per 100 People",2012,0
"UGA","Uganda","admin0","Infection Prevalence","per 100 People",2013,0
"UGA","Uganda","admin0","Infection Prevalence","per 100 People",2014,0
"UGA","Uganda","admin0","Infection Prevalence","per 100 People",2015,0
"UGA","Uganda","admin0","Infection Prevalence","per 100 People",2016,0
"UGA","Uganda","admin0","Infection Prevalence","per 100 People",2017,0
"UGA","Uganda","admin0","Infection Prevalence","per 100 People",2018,0
"UGA","Uganda","admin0","Infection Prevalence","per 100 People",2019,0
"UGA","Uganda","admin0","Infection Prevalence","per 100 People",2020,0
"UGA","Uganda","admin0","Infection Prevalence","per 100 People",2021,0
"UGA","Uganda","admin0","Infection Prevalence","per 100 People",2022,0
"UZB","Uzbekistan","admin0","Incidence Rate","Cases per Thousand",2010,0.000652837940021784
"UZB","Uzbekistan","admin0","Incidence Rate","Cases per Thousand",2011,0
"UZB","Uzbekistan","admin0","Incidence Rate","Cases per Thousand",2012,0
"UZB","Uzbekistan","admin0","Incidence Rate","Cases per Thousand",2013,0
"UZB","Uzbekistan","admin0","Incidence Rate","Cases per Thousand",2014,0
"UZB","Uzbekistan","admin0","Incidence Rate","Cases per Thousand",2015,0
"UZB","Uzbekistan","admin0","Incidence Rate","Cases per Thousand",2016,0
"UZB","Uzbekistan","admin0","Incidence Rate","Cases per Thousand",2017,0
"UZB","Uzbekistan","admin0","Incidence Rate","Cases per Thousand",2018,0
"UZB","Uzbekistan","admin0","Incidence Rate","Cases per Thousand",2019,0
"UZB","Uzbekistan","admin0","Incidence Rate","Cases per Thousand",2020,0
"UZB","Uzbekistan","admin0","Incidence Rate","Cases per Thousand",2021,0
"UZB","Uzbekistan","admin0","Incidence Rate","Cases per Thousand",2022,0
"UZB","Uzbekistan","admin0","Infection Prevalence","per 100 People",2010,0.00567972978627
"UZB","Uzbekistan","admin0","Infection Prevalence","per 100 People",2011,0
"UZB","Uzbekistan","admin0","Infection Prevalence","per 100 People",2012,0
"UZB","Uzbekistan","admin0","Infection Prevalence","per 100 People",2013,0
"UZB","Uzbekistan","admin0","Infection Prevalence","per 100 People",2014,0
"UZB","Uzbekistan","admin0","Infection Prevalence","per 100 People",2015,0
"UZB","Uzbekistan","admin0","Infection Prevalence","per 100 People",2016,0
"UZB","Uzbekistan","admin0","Infection Prevalence","per 100 People",2017,0
"UZB","Uzbekistan","admin0","Infection Prevalence","per 100 People",2018,0
"UZB","Uzbekistan","admin0","Infection Prevalence","per 100 People",2019,0
"UZB","Uzbekistan","admin0","Infection Prevalence","per 100 People",2020,0
"UZB","Uzbekistan","admin0","Infection Prevalence","per 100 People",2021,0
"UZB","Uzbekistan","admin0","Infection Prevalence","per 100 People",2022,0
"VEN","Venezuela","admin0","Incidence Rate","Cases per Thousand",2010,2.35354558164681
"VEN","Venezuela","admin0","Incidence Rate","Cases per Thousand",2011,2.44315918941673
"VEN","Venezuela","admin0","Incidence Rate","Cases per Thousand",2012,2.73290112784538
"VEN","Venezuela","admin0","Incidence Rate","Cases per Thousand",2013,3.4826395690098
"VEN","Venezuela","admin0","Incidence Rate","Cases per Thousand",2014,4.45470711037462
"VEN","Venezuela","admin0","Incidence Rate","Cases per Thousand",2015,10.027492252721
"VEN","Venezuela","admin0","Incidence Rate","Cases per Thousand",2016,15.005221209085999
"VEN","Venezuela","admin0","Incidence Rate","Cases per Thousand",2017,29.809954086573597
"VEN","Venezuela","admin0","Incidence Rate","Cases per Thousand",2018,33.0337579587894
"VEN","Venezuela","admin0","Incidence Rate","Cases per Thousand",2019,30.0625718019607
"VEN","Venezuela","admin0","Incidence Rate","Cases per Thousand",2020,15.5272609718985
"VEN","Venezuela","admin0","Incidence Rate","Cases per Thousand",2021,14.1243996016723
"VEN","Venezuela","admin0","Incidence Rate","Cases per Thousand",2022,9.79370769821211
"VEN","Venezuela","admin0","Infection Prevalence","per 100 People",2010,0.263816655970387
"VEN","Venezuela","admin0","Infection Prevalence","per 100 People",2011,0.26622673576636197
"VEN","Venezuela","admin0","Infection Prevalence","per 100 People",2012,0.275314014344821
"VEN","Venezuela","admin0","Infection Prevalence","per 100 People",2013,0.32610523404112995
"VEN","Venezuela","admin0","Infection Prevalence","per 100 People",2014,0.34159442710002297
"VEN","Venezuela","admin0","Infection Prevalence","per 100 People",2015,0.476089166308565
"VEN","Venezuela","admin0","Infection Prevalence","per 100 People",2016,0.677132891941063
"VEN","Venezuela","admin0","Infection Prevalence","per 100 People",2017,1.10315669836388
"VEN","Venezuela","admin0","Infection Prevalence","per 100 People",2018,1.17976426992829
"VEN","Venezuela","admin0","Infection Prevalence","per 100 People",2019,1.09670476494139
"VEN","Venezuela","admin0","Infection Prevalence","per 100 People",2020,0.676612493685534
"VEN","Venezuela","admin0","Infection Prevalence","per 100 People",2021,0.642082046330854
"VEN","Venezuela","admin0","Infection Prevalence","per 100 People",2022,0.535324399735124
"VNM","Vietnam","admin0","Incidence Rate","Cases per Thousand",2010,0.154062810334286
"VNM","Vietnam","admin0","Incidence Rate","Cases per Thousand",2011,0.19319722514035
"VNM","Vietnam","admin0","Incidence Rate","Cases per Thousand",2012,0.235908737030069
"VNM","Vietnam","admin0","Incidence Rate","Cases per Thousand",2013,0.216971461154576
"VNM","Vietnam","admin0","Incidence Rate","Cases per Thousand",2014,0.21968234283746602
"VNM","Vietnam","admin0","Incidence Rate","Cases per Thousand",2015,0.148679199964666
"VNM","Vietnam","admin0","Incidence Rate","Cases per Thousand",2016,0.0509622528938821
"VNM","Vietnam","admin0","Incidence Rate","Cases per Thousand",2017,0.0485750672554567
"VNM","Vietnam","admin0","Incidence Rate","Cases per Thousand",2018,0.034819991819980904
"VNM","Vietnam","admin0","Incidence Rate","Cases per Thousand",2019,0.0291954132233016
"VNM","Vietnam","admin0","Incidence Rate","Cases per Thousand",2020,0.0158524116549836
"VNM","Vietnam","admin0","Incidence Rate","Cases per Thousand",2021,0.00681819513258917
"VNM","Vietnam","admin0","Incidence Rate","Cases per Thousand",2022,0.0054065679276251504
"VNM","Vietnam","admin0","Infection Prevalence","per 100 People",2010,0.145718470506617
"VNM","Vietnam","admin0","Infection Prevalence","per 100 People",2011,0.163646006983968
"VNM","Vietnam","admin0","Infection Prevalence","per 100 People",2012,0.17822619415510402
"VNM","Vietnam","admin0","Infection Prevalence","per 100 People",2013,0.166416153635922
"VNM","Vietnam","admin0","Infection Prevalence","per 100 People",2014,0.16025244961894
"VNM","Vietnam","admin0","Infection Prevalence","per 100 People",2015,0.119702897537743
"VNM","Vietnam","admin0","Infection Prevalence","per 100 People",2016,0.0683894776373999
"VNM","Vietnam","admin0","Infection Prevalence","per 100 People",2017,0.0659136313108623
"VNM","Vietnam","admin0","Infection Prevalence","per 100 People",2018,0.0510340987832685
"VNM","Vietnam","admin0","Infection Prevalence","per 100 People",2019,0.0435379520854174
"VNM","Vietnam","admin0","Infection Prevalence","per 100 People",2020,0.0278457550243326
"VNM","Vietnam","admin0","Infection Prevalence","per 100 People",2021,0.0175337919187492
"VNM","Vietnam","admin0","Infection Prevalence","per 100 People",2022,0.015493952916283
"VUT","Vanuatu","admin0","Incidence Rate","Cases per Thousand",2010,45.7177587051149
"VUT","Vanuatu","admin0","Incidence Rate","Cases per Thousand",2011,31.363785718806998
"VUT","Vanuatu","admin0","Incidence Rate","Cases per Thousand",2012,21.7375360566874
"VUT","Vanuatu","admin0","Incidence Rate","Cases per Thousand",2013,12.2061861313066
"VUT","Vanuatu","admin0","Incidence Rate","Cases per Thousand",2014,6.83795771866816
"VUT","Vanuatu","admin0","Incidence Rate","Cases per Thousand",2015,2.48915947981745
"VUT","Vanuatu","admin0","Incidence Rate","Cases per Thousand",2016,13.5455708996586
"VUT","Vanuatu","admin0","Incidence Rate","Cases per Thousand",2017,5.97994608956412
"VUT","Vanuatu","admin0","Incidence Rate","Cases per Thousand",2018,3.9515441372489297
"VUT","Vanuatu","admin0","Incidence Rate","Cases per Thousand",2019,3.39150212576789
"VUT","Vanuatu","admin0","Incidence Rate","Cases per Thousand",2020,2.9185835851811097
"VUT","Vanuatu","admin0","Incidence Rate","Cases per Thousand",2021,1.9692230650958098
"VUT","Vanuatu","admin0","Incidence Rate","Cases per Thousand",2022,6.51193593726237
"VUT","Vanuatu","admin0","Infection Prevalence","per 100 People",2010,2.57896132146535
"VUT","Vanuatu","admin0","Infection Prevalence","per 100 People",2011,2.1059671102300204
"VUT","Vanuatu","admin0","Infection Prevalence","per 100 People",2012,1.70531731167647
"VUT","Vanuatu","admin0","Infection Prevalence","per 100 People",2013,1.2274475229268
"VUT","Vanuatu","admin0","Infection Prevalence","per 100 People",2014,0.8761300574990111
"VUT","Vanuatu","admin0","Infection Prevalence","per 100 People",2015,0.478161280248207
"VUT","Vanuatu","admin0","Infection Prevalence","per 100 People",2016,1.15100268374245
"VUT","Vanuatu","admin0","Infection Prevalence","per 100 People",2017,0.778558928307776
"VUT","Vanuatu","admin0","Infection Prevalence","per 100 People",2018,0.6338792469843101
"VUT","Vanuatu","admin0","Infection Prevalence","per 100 People",2019,0.585864050293084
"VUT","Vanuatu","admin0","Infection Prevalence","per 100 People",2020,0.5420685863909911
"VUT","Vanuatu","admin0","Infection Prevalence","per 100 People",2021,0.44156775702557294
"VUT","Vanuatu","admin0","Infection Prevalence","per 100 People",2022,0.8220814338779581
"YEM","Yemen","admin0","Incidence Rate","Cases per Thousand",2010,0.455644382956128
"YEM","Yemen","admin0","Incidence Rate","Cases per Thousand",2011,0.250134366596419
"YEM","Yemen","admin0","Incidence Rate","Cases per Thousand",2012,0.136191311926122
"YEM","Yemen","admin0","Incidence Rate","Cases per Thousand",2013,0.124569113294757
"YEM","Yemen","admin0","Incidence Rate","Cases per Thousand",2014,0.11861487025041201
"YEM","Yemen","admin0","Incidence Rate","Cases per Thousand",2015,0.14433441868504002
"YEM","Yemen","admin0","Incidence Rate","Cases per Thousand",2016,0.317258780592907
"YEM","Yemen","admin0","Incidence Rate","Cases per Thousand",2017,0.8524309605736781
"YEM","Yemen","admin0","Incidence Rate","Cases per Thousand",2018,0.585838776204329
"YEM","Yemen","admin0","Incidence Rate","Cases per Thousand",2019,0.768880036015462
"YEM","Yemen","admin0","Incidence Rate","Cases per Thousand",2020,0.7042529114191719
"YEM","Yemen","admin0","Incidence Rate","Cases per Thousand",2021,1.59332583820543
"YEM","Yemen","admin0","Incidence Rate","Cases per Thousand",2022,1.48866109622728
"YEM","Yemen","admin0","Infection Prevalence","per 100 People",2010,0.145820098434826
"YEM","Yemen","admin0","Infection Prevalence","per 100 People",2011,0.098487688858166
"YEM","Yemen","admin0","Infection Prevalence","per 100 People",2012,0.0581310358718273
"YEM","Yemen","admin0","Infection Prevalence","per 100 People",2013,0.0570140985988611
"YEM","Yemen","admin0","Infection Prevalence","per 100 People",2014,0.0475250154670636
"YEM","Yemen","admin0","Infection Prevalence","per 100 People",2015,0.0672506181384419
"YEM","Yemen","admin0","Infection Prevalence","per 100 People",2016,0.0764151883656534
"YEM","Yemen","admin0","Infection Prevalence","per 100 People",2017,0.122922259651313
"YEM","Yemen","admin0","Infection Prevalence","per 100 People",2018,0.102461363234862
"YEM","Yemen","admin0","Infection Prevalence","per 100 People",2019,0.11694400505250101
"YEM","Yemen","admin0","Infection Prevalence","per 100 People",2020,0.11203907534725399
"YEM","Yemen","admin0","Infection Prevalence","per 100 People",2021,0.194857666821011
"YEM","Yemen","admin0","Infection Prevalence","per 100 People",2022,0.189063660572201
"ZAF","South Africa","admin0","Incidence Rate","Cases per Thousand",2010,0
"ZAF","South Africa","admin0","Incidence Rate","Cases per Thousand",2011,0
"ZAF","South Africa","admin0","Incidence Rate","Cases per Thousand",2012,0
"ZAF","South Africa","admin0","Incidence Rate","Cases per Thousand",2013,0
"ZAF","South Africa","admin0","Incidence Rate","Cases per Thousand",2014,0
"ZAF","South Africa","admin0","Incidence Rate","Cases per Thousand",2015,0
"ZAF","South Africa","admin0","Incidence Rate","Cases per Thousand",2016,0
"ZAF","South Africa","admin0","Incidence Rate","Cases per Thousand",2017,0
"ZAF","South Africa","admin0","Incidence Rate","Cases per Thousand",2018,0
"ZAF","South Africa","admin0","Incidence Rate","Cases per Thousand",2019,0
"ZAF","South Africa","admin0","Incidence Rate","Cases per Thousand",2020,0
"ZAF","South Africa","admin0","Incidence Rate","Cases per Thousand",2021,0
"ZAF","South Africa","admin0","Incidence Rate","Cases per Thousand",2022,0
"ZAF","South Africa","admin0","Infection Prevalence","per 100 People",2010,0
"ZAF","South Africa","admin0","Infection Prevalence","per 100 People",2011,0
"ZAF","South Africa","admin0","Infection Prevalence","per 100 People",2012,0
"ZAF","South Africa","admin0","Infection Prevalence","per 100 People",2013,0
"ZAF","South Africa","admin0","Infection Prevalence","per 100 People",2014,0
"ZAF","South Africa","admin0","Infection Prevalence","per 100 People",2015,0
"ZAF","South Africa","admin0","Infection Prevalence","per 100 People",2016,0
"ZAF","South Africa","admin0","Infection Prevalence","per 100 People",2017,0
"ZAF","South Africa","admin0","Infection Prevalence","per 100 People",2018,0
"ZAF","South Africa","admin0","Infection Prevalence","per 100 People",2019,0
"ZAF","South Africa","admin0","Infection Prevalence","per 100 People",2020,0
"ZAF","South Africa","admin0","Infection Prevalence","per 100 People",2021,0
"ZAF","South Africa","admin0","Infection Prevalence","per 100 People",2022,0
"ZMB","Zambia","admin0","Incidence Rate","Cases per Thousand",2010,0
"ZMB","Zambia","admin0","Incidence Rate","Cases per Thousand",2011,0
"ZMB","Zambia","admin0","Incidence Rate","Cases per Thousand",2012,0
"ZMB","Zambia","admin0","Incidence Rate","Cases per Thousand",2013,0
"ZMB","Zambia","admin0","Incidence Rate","Cases per Thousand",2014,0
"ZMB","Zambia","admin0","Incidence Rate","Cases per Thousand",2015,0
"ZMB","Zambia","admin0","Incidence Rate","Cases per Thousand",2016,0
"ZMB","Zambia","admin0","Incidence Rate","Cases per Thousand",2017,0
"ZMB","Zambia","admin0","Incidence Rate","Cases per Thousand",2018,0
"ZMB","Zambia","admin0","Incidence Rate","Cases per Thousand",2019,0
"ZMB","Zambia","admin0","Incidence Rate","Cases per Thousand",2020,0
"ZMB","Zambia","admin0","Incidence Rate","Cases per Thousand",2021,0
"ZMB","Zambia","admin0","Incidence Rate","Cases per Thousand",2022,0
"ZMB","Zambia","admin0","Infection Prevalence","per 100 People",2010,0
"ZMB","Zambia","admin0","Infection Prevalence","per 100 People",2011,0
"ZMB","Zambia","admin0","Infection Prevalence","per 100 People",2012,0
"ZMB","Zambia","admin0","Infection Prevalence","per 100 People",2013,0
"ZMB","Zambia","admin0","Infection Prevalence","per 100 People",2014,0
"ZMB","Zambia","admin0","Infection Prevalence","per 100 People",2015,0
"ZMB","Zambia","admin0","Infection Prevalence","per 100 People",2016,0
"ZMB","Zambia","admin0","Infection Prevalence","per 100 People",2017,0
"ZMB","Zambia","admin0","Infection Prevalence","per 100 People",2018,0
"ZMB","Zambia","admin0","Infection Prevalence","per 100 People",2019,0
"ZMB","Zambia","admin0","Infection Prevalence","per 100 People",2020,0
"ZMB","Zambia","admin0","Infection Prevalence","per 100 People",2021,0
"ZMB","Zambia","admin0","Infection Prevalence","per 100 People",2022,0
"ZWE","Zimbabwe","admin0","Incidence Rate","Cases per Thousand",2010,0
"ZWE","Zimbabwe","admin0","Incidence Rate","Cases per Thousand",2011,0
"ZWE","Zimbabwe","admin0","Incidence Rate","Cases per Thousand",2012,0
"ZWE","Zimbabwe","admin0","Incidence Rate","Cases per Thousand",2013,0
"ZWE","Zimbabwe","admin0","Incidence Rate","Cases per Thousand",2014,0
"ZWE","Zimbabwe","admin0","Incidence Rate","Cases per Thousand",2015,0
"ZWE","Zimbabwe","admin0","Incidence Rate","Cases per Thousand",2016,0
"ZWE","Zimbabwe","admin0","Incidence Rate","Cases per Thousand",2017,0
"ZWE","Zimbabwe","admin0","Incidence Rate","Cases per Thousand",2018,0
"ZWE","Zimbabwe","admin0","Incidence Rate","Cases per Thousand",2019,0
"ZWE","Zimbabwe","admin0","Incidence Rate","Cases per Thousand",2020,0
"ZWE","Zimbabwe","admin0","Incidence Rate","Cases per Thousand",2021,0
"ZWE","Zimbabwe","admin0","Incidence Rate","Cases per Thousand",2022,0
"ZWE","Zimbabwe","admin0","Infection Prevalence","per 100 People",2010,0
"ZWE","Zimbabwe","admin0","Infection Prevalence","per 100 People",2011,0
"ZWE","Zimbabwe","admin0","Infection Prevalence","per 100 People",2012,0
"ZWE","Zimbabwe","admin0","Infection Prevalence","per 100 People",2013,0
"ZWE","Zimbabwe","admin0","Infection Prevalence","per 100 People",2014,0
"ZWE","Zimbabwe","admin0","Infection Prevalence","per 100 People",2015,0
"ZWE","Zimbabwe","admin0","Infection Prevalence","per 100 People",2016,0
"ZWE","Zimbabwe","admin0","Infection Prevalence","per 100 People",2017,0
"ZWE","Zimbabwe","admin0","Infection Prevalence","per 100 People",2018,0
"ZWE","Zimbabwe","admin0","Infection Prevalence","per 100 People",2019,0
"ZWE","Zimbabwe","admin0","Infection Prevalence","per 100 People",2020,0
"ZWE","Zimbabwe","admin0","Infection Prevalence","per 100 People",2021,0
"ZWE","Zimbabwe","admin0","Infection Prevalence","per 100 People",2022,0
