2010,2011,2012,2013,2014,2015,2016,2017
63.11829,63.63965,59.649097,58.729702,53.763153,57.690342,55.94882,58.85188
69.8169,70.014755,64.53836,66.33407,56.391884,56.096024,56.372093,59.92977
72.057594,80.05973,71.99676,67.75385,61.429768,62.477787,57.387306,76.25538
65.039665,64.864334,62.622242,60.711594,54.02755,56.857956,54.531364,59.329502
70.285965,73.56473,66.38934,65.94965,59.27372,61.95436,56.84453,66.58917
69.40115,67.612686,63.730736,67.34476,57.560837,57.815456,54.933403,59.780224
70.79192,69.18064,65.412636,67.58195,57.41417,54.663445,52.882935,61.962406
62.052322,62.990673,62.251026,59.254654,53.825356,60.079224,54.245556,61.12815
63.143627,56.92203,75.86359,79.61514,67.87157,63.27738,62.211098,61.30935
67.14332,64.68369,63.989765,68.60074,56.897068,56.194973,55.314404,59.67316
65.344,62.15148,64.36971,64.68694,56.068157,53.258736,56.13156,56.872463
79.84236,85.12561,78.922775,76.19622,65.384796,71.15213,48.733017,79.162056
68.538025,69.88901,67.588554,66.613785,57.697464,62.860306,51.915993,66.041534
66.455124,66.211205,63.678787,63.497997,55.94812,56.51378,55.073444,61.45941
68.90019,67.495125,62.82782,66.24764,56.622482,55.9605,54.51944,59.888412
72.40027,76.24023,74.05965,70.88251,61.468716,64.286896,53.555496,71.37283
63.115047,59.792774,71.640625,73.4023,63.57564,64.91748,60.03874,61.600708
71.31279,69.91565,68.07552,67.77686,57.98256,54.296528,51.91432,64.305405
67.20321,66.09577,62.425774,65.262085,56.30008,57.04585,55.518375,59.589863
79.4904,82.831696,73.85151,78.10128,67.935356,67.17873,58.27627,72.335075
62.315826,63.26409,59.976788,59.15311,53.63183,57.434517,56.68314,59.21688
66.26726,67.2943,68.343216,65.43166,57.470055,59.621643,54.705315,64.19096
63.592957,62.898678,62.737637,61.881523,54.899014,60.68096,53.182274,60.64631
63.66824,63.040142,61.945145,63.19831,54.487972,56.229717,55.545235,59.60276
73.99672,75.79458,69.604836,72.92719,63.639236,64.1271,57.970875,66.758316
60.580986,56.04911,71.72242,71.847244,62.61513,62.7372,58.36421,60.915947
65.69085,59.961365,69.14168,70.23495,59.052475,51.622135,57.782097,56.53023
65.20465,65.54662,64.932274,65.24591,58.136433,60.264874,58.168583,61.614685
65.66753,64.443054,71.74683,75.75788,64.989624,62.756954,62.671165,63.344933
62.80014,53.68146,76.787796,79.0086,66.12335,54.984962,59.89115,58.79839
66.22476,67.93239,71.33425,67.75487,59.339355,61.33851,54.970627,66.83646
64.760315,68.334145,64.625626,61.519005,56.459515,59.918594,57.463394,65.29312
69.711975,69.662865,65.70614,67.809135,57.287834,58.675964,54.51144,61.9201
64.144554,64.44224,61.577843,61.57422,54.963196,57.242912,56.409847,60.148163
67.368774,67.41003,62.867523,64.4763,55.360382,56.06345,56.892673,58.792652
67.34801,64.8145,65.256805,67.60659,57.36867,60.508114,53.2618,60.547413
72.995186,76.53599,67.76154,68.21962,60.843025,62.99443,56.57971,68.141846
67.16374,73.32628,84.22488,78.46275,68.845955,71.169304,55.892418,80.045746
57.72954,49.285797,79.17904,78.72812,67.69291,61.126213,59.61752,62.603043
62.494747,62.718975,61.70256,60.82573,54.084442,55.159103,58.573723,58.627575
71.48155,67.31259,67.26315,73.5639,60.010944,58.716194,54.556984,59.936714
72.0693,75.15016,66.919464,67.415436,60.208923,62.628277,56.607796,66.88583
67.646,67.74776,64.85478,65.66431,56.38961,59.22561,54.20308,61.817696
72.79199,76.76608,71.73918,69.2361,60.15821,65.52486,51.85321,71.11107
64.6402,64.68951,60.9909,62.039875,55.07819,57.41735,56.4852,59.46006
62.239986,63.208054,59.929943,58.81866,53.69232,58.23164,56.2669,59.41637
70.382286,74.03189,71.98816,68.105156,59.899025,68.357346,48.67112,72.60689
65.57764,65.07395,63.14961,64.43167,57.351166,60.0339,57.59465,59.608852
66.49549,66.32101,68.76943,65.81151,56.350815,51.505997,55.725628,64.60082
61.257828,62.422466,64.27476,61.65111,54.704563,54.902832,60.249306,60.850395
69.19432,68.2899,66.19064,65.90718,57.070087,55.223984,53.296364,63.0947
63.900585,64.13527,60.865074,61.55091,54.692,56.907993,56.538696,59.62513
64.16028,64.06312,61.45506,61.369133,55.497032,59.047276,56.824524,59.18396
76.895226,78.79278,73.78974,75.382576,62.70944,65.29383,50.199253,71.377464
73.04596,76.16259,69.24282,70.817825,62.48805,63.670635,57.753796,68.23434
63.30236,61.298473,63.65791,63.41458,56.46416,57.07304,56.30757,58.432434
73.73226,71.15766,67.12326,73.893936,59.481567,57.369392,53.364433,60.844032
78.51171,81.73993,75.29033,75.84733,63.55984,66.02601,51.05309,73.35356
69.64505,70.03229,65.644226,65.696396,58.020107,58.86317,54.983967,63.339878
65.15067,65.95738,63.774258,62.80954,56.304253,58.526928,57.78327,61.269535
72.62434,70.71174,66.817184,68.85562,58.52089,55.46005,52.244114,62.581104
64.080605,64.27829,60.82162,61.22992,54.95564,58.702393,56.339813,59.389107
63.483208,63.71499,60.194553,59.737514,53.615414,55.475807,56.828392,58.242775
72.46338,76.96241,71.19411,67.9166,59.581005,64.6752,52.969032,70.578255
68.3422,69.64595,64.9567,64.47706,57.669945,59.784107,56.00798,63.521065
63.344032,63.040512,60.837246,59.907486,54.515415,57.83827,55.59369,58.75599
79.74711,85.50026,78.15163,75.04884,64.72261,69.61493,50.940247,78.20901
69.017685,66.81395,64.454605,69.58435,57.06622,55.865765,54.601837,59.78771
65.017265,65.17118,62.01175,61.821842,54.25902,56.278557,56.333057,58.772118
68.95476,66.422745,65.44829,68.485306,58.452057,61.262997,54.41939,60.09714
64.27843,64.435585,60.687943,61.63448,55.028522,58.054317,56.765182,59.206573
76.961334,77.06755,71.97569,72.587425,61.53304,56.11214,50.946384,69.06301
61.970753,60.289413,66.6489,66.2582,58.87649,62.168633,57.26934,60.6203
62.545715,63.31822,62.58706,61.221973,54.618454,56.07388,57.881004,60.598003
71.70789,70.45675,67.83231,68.19386,57.621647,54.57998,54.284252,60.641056
64.63089,64.22278,61.468758,60.98442,53.572865,54.175163,56.32178,57.812546
73.4379,70.80743,65.62275,70.32407,59.525944,58.536266,53.510624,60.22352
75.65756,76.6513,70.24407,73.58171,60.721832,60.244225,53.925102,65.99786
77.775375,78.994156,69.3749,72.56967,62.859608,62.338947,54.12283,67.321
65.33949,63.943165,63.439827,64.538765,55.95556,59.775806,53.938316,60.30995
61.09548,62.02342,62.42077,62.089355,53.963448,53.157818,61.25009,58.800293
66.822624,59.61732,82.94603,82.39377,68.16299,52.106262,59.15701,64.94586
68.78265,67.0868,63.92947,68.85158,56.663956,54.829086,55.785454,59.27158
69.35827,68.42524,63.95229,67.635216,56.543056,55.836338,56.160145,59.045715
65.86365,63.62235,68.47887,71.45323,61.834324,63.200073,59.8203,60.622387
61.41302,59.496456,65.469406,64.42202,57.66703,60.210102,56.36186,59.857815
65.952576,65.62882,62.786476,63.897003,57.025043,59.932804,57.196636,59.694958
72.19949,74.3853,70.99465,69.07334,59.504105,60.7886,53.642376,67.27014
65.42721,65.24044,63.327557,63.403053,55.146164,54.413914,55.181538,61.4464
64.670296,63.106895,62.496864,61.597954,54.43774,55.038982,55.259716,57.70522
77.7094,82.777145,71.80736,72.41463,64.120895,64.845245,56.275726,73.79686
72.11774,75.14395,66.893974,67.45417,60.222076,62.636097,56.587498,66.807976
65.48418,65.975105,63.57724,62.98861,55.227524,59.05922,54.70086,61.141342
64.42529,64.02598,61.491512,64.3084,54.39541,52.804596,57.888268,58.531128
62.28095,64.7069,64.42039,59.772503,54.779617,61.53433,54.484104,63.671738
64.20881,64.73128,65.52841,63.044304,55.85932,62.70792,51.890022,64.20119
66.15365,65.60892,61.81609,63.694363,56.047195,58.329346,56.288742,59.35548
67.423416,66.67188,62.434387,64.467545,56.134975,56.72029,55.199604,60.02616
72.076126,69.98986,67.25359,72.25998,59.046276,59.294773,52.19215,62.31206
60.183098,59.40535,68.65721,65.24035,58.195995,60.932976,56.098793,62.806374
60.69319,58.630898,71.521225,68.52184,59.86669,59.22107,56.77495,63.017048
72.3036,73.03427,74.88997,79.95288,68.605286,65.56193,62.43316,67.92288
67.37119,69.75466,66.669235,66.39385,59.31195,61.310257,58.170925,65.16946
63.552834,64.91052,64.609505,61.315907,55.18179,62.423904,52.37339,64.06905
64.58894,63.618896,64.44628,63.8219,55.646336,54.80848,59.135605,58.715523
62.97619,60.884464,64.3712,63.611496,56.46056,57.425003,55.982567,58.6721
62.78215,63.01418,61.263405,62.583275,54.224895,54.11864,58.684837,58.877975
62.876034,63.483364,59.90348,58.77322,53.67548,57.702755,55.999596,58.96814
63.758556,63.259327,61.324585,62.907566,54.66479,56.66753,55.67202,59.60559
70.96004,69.91773,64.17423,69.46915,57.071037,53.893948,57.386894,58.4301
68.94221,76.52077,82.69701,76.42287,67.568474,72.67362,54.723656,80.66294
73.14719,73.20392,67.78598,68.806305,59.68168,58.540165,53.599167,64.954796
63.961227,63.614285,61.548634,61.555214,55.597733,58.768486,56.519146,59.03318
68.82305,66.17025,64.69391,69.402885,57.87483,57.4759,55.135544,59.731556
65.43002,63.103382,64.37167,63.416397,54.867863,52.310623,57.781082,57.15435
61.89054,61.020523,67.42444,66.27129,59.003372,64.59154,56.591236,62.176453
65.6691,64.21165,61.59761,60.840733,53.543495,53.521885,55.007797,57.06489
63.27796,60.969616,64.23058,64.001755,56.73691,56.943882,56.29748,58.393257
64.24799,64.522865,60.996986,60.85043,55.135475,59.78139,56.126873,59.49297
68.051865,67.305336,73.48032,71.5971,60.96677,57.874634,55.63588,65.14558
64.41734,63.783325,61.753094,64.48597,54.552876,53.572865,57.178776,58.85065
63.439476,62.284374,65.89745,65.07016,55.569504,52.312798,61.429317,58.40862
63.307076,62.757206,62.042572,61.252796,55.488716,58.584106,56.61585,59.117336
64.803955,64.83835,65.816795,66.61493,58.952736,60.46376,58.89206,61.659195
62.266605,62.881393,61.157417,59.564472,54.515182,58.54308,57.223095,59.700703
75.48761,77.91437,70.48735,72.096504,60.444687,60.61147,54.99437,67.03411
59.08498,61.422085,65.446655,60.04781,55.805027,64.10556,54.824364,64.59019
66.192696,66.241806,61.968685,64.46279,54.802574,53.461926,58.255707,58.2595
64.07387,55.415844,74.29116,76.5686,63.838745,53.207535,58.9253,57.222115
67.54257,67.9478,68.700615,66.53066,57.801056,58.495487,54.698486,63.589485
63.90822,63.608944,62.20634,61.301064,55.07354,60.927315,54.12261,60.290962
62.858803,63.76996,60.398083,60.80356,53.212738,52.947075,58.99161,58.010483
73.73549,74.04812,67.92615,71.64162,59.231533,58.3027,55.039566,63.165886
68.07051,66.649994,64.00025,67.26034,56.403877,57.067513,54.683624,59.76894
68.60868,68.57889,67.03942,65.271065,57.11846,55.602104,53.562714,64.5485
66.088066,67.833725,64.75302,62.86619,55.67152,60.282917,54.58011,63.04729
67.9926,69.84054,66.05619,66.26238,59.120987,61.2948,57.703323,64.28004
72.536385,78.92661,76.65704,71.719345,63.16791,69.2502,53.09707,76.27636
71.29821,78.160065,71.140366,68.34144,61.076416,61.435,59.39361,73.25084
64.72193,65.358376,63.447548,62.739162,56.610798,59.64952,57.348663,61.194706
67.682274,65.21534,64.81292,68.17266,56.917526,59.171112,52.199966,60.883286
74.74672,71.825806,65.291336,75.92297,58.88107,48.20311,57.19577,58.329773
67.25456,66.03569,63.900642,66.66362,55.353176,50.615425,55.051243,60.88351
59.681522,52.782867,79.08145,79.93076,68.78029,65.72302,61.282677,63.636555
61.067986,62.099545,61.776615,60.922073,54.154842,55.64622,59.92811,59.312843
72.21551,71.17169,67.119644,71.3626,58.78066,58.738213,53.541885,62.347103
62.04287,62.940876,62.35111,60.963028,54.495556,56.194855,58.432896,60.301273
64.55728,63.564945,61.581497,60.485035,53.91686,55.511963,55.10914,57.893562
77.85183,82.07126,71.47815,72.59575,63.8887,64.09604,55.635036,72.59187
67.39093,64.93638,63.999687,68.6555,56.963314,56.138634,55.27125,59.680565
73.28668,72.01602,66.97239,72.31561,59.005703,57.364517,54.499836,61.33606
75.45144,77.43766,69.90763,70.7444,61.542034,60.325916,54.0461,68.78083
74.342606,76.25946,69.59396,71.34096,59.84739,60.35913,54.693665,66.08922
64.90892,64.61189,65.86759,64.42635,56.29698,62.331833,51.966816,63.631428
71.80132,77.96483,69.371704,67.282715,60.87817,63.217346,57.52646,72.13247
66.23884,66.9409,64.19681,64.23166,57.57158,60.279526,57.33492,61.773933
78.90368,81.51666,74.23362,74.222885,63.563835,58.59815,51.9587,73.74282
63.426006,57.759624,76.061035,74.765175,62.611366,53.119034,58.009975,61.52722
71.417366,69.95075,67.11019,67.69446,58.126595,55.557747,52.543633,63.223736
77.73806,79.7235,73.310814,75.63319,62.612545,63.386513,52.104614,70.11219
62.51011,67.369286,70.42836,63.85102,58.360966,66.51736,54.18323,70.193535
67.147354,66.96367,69.6067,72.63264,62.952866,62.34649,60.63792,63.51751
62.842464,63.54006,59.89635,59.198425,53.556538,56.515366,56.788628,58.705116
62.8196,63.127834,61.394096,61.17257,53.62498,53.22333,59.012802,58.0536
66.54752,67.31754,66.37308,67.270096,59.534897,61.065704,58.572018,62.96376
67.94201,69.45053,65.08286,64.28605,56.124676,58.90702,55.31208,62.39834
62.9001,63.53126,63.569565,61.63807,55.213783,56.815304,58.67098,60.50464
61.310745,53.34971,73.94172,74.609344,63.5477,57.117397,58.214085,58.59748
65.91321,65.694115,61.802856,62.925495,55.746502,57.853584,56.104095,59.760826
64.33246,65.06675,74.31513,70.45972,61.23849,61.139744,56.016647,67.604836
86.234215,90.364494,82.03995,82.80546,69.14288,69.34159,50.93689,80.30623
81.77139,82.66334,72.95483,76.55059,65.12474,61.129547,51.740383,70.449776
65.391975,64.61703,69.27611,72.14935,62.497173,61.805893,61.054073,62.52494
72.605896,76.001045,70.70371,72.37516,63.6046,64.030334,58.815372,69.244064
63.85056,66.15578,65.873985,61.669952,55.754097,61.383152,54.44394,64.34709
64.63176,64.55139,63.400753,63.325985,56.834118,59.640175,57.48774,60.30518
62.191124,62.821476,61.253345,59.500175,53.497356,57.857914,55.749733,59.535545
64.94581,65.498886,66.49705,67.1243,59.38635,60.703594,59.17156,62.627922
66.265045,64.87498,76.494385,81.75651,69.66864,64.68647,65.80698,65.901924
64.64415,64.10248,61.89583,62.92594,55.36427,58.67474,55.4679,59.71402
62.8761,64.0008,71.93496,68.42601,60.551327,67.39722,54.50785,68.09695
68.21882,68.59716,68.61097,69.616196,59.216278,55.95168,61.40706,62.236904
68.52296,69.59266,65.93447,64.8413,57.569824,58.3521,55.17042,64.3198
61.58693,62.21398,63.334637,63.034756,54.451443,53.130043,60.857803,59.48945
70.480225,70.23356,66.45946,66.56395,58.184425,57.695187,54.01175,63.567066
69.11012,67.35882,63.269676,70.275665,56.570244,50.75031,58.14744,58.230583
64.77843,64.051094,62.397934,64.16251,54.864418,56.00644,55.68547,59.480904
63.17048,60.969246,64.31443,63.792496,56.69887,57.100933,56.69899,58.539986
73.65582,75.06517,68.02625,69.06639,60.438244,60.42735,54.633163,66.39704
70.282135,66.26542,66.99755,72.52004,59.264023,58.829308,53.90122,60.21369
76.88558,80.628525,73.78154,77.031815,67.14143,66.32337,59.22716,72.19851
72.854355,70.96341,67.70078,69.05567,58.663963,55.008305,51.797398,63.38624
85.61318,89.394035,75.94721,79.882576,69.54658,68.036736,54.543488,77.30793
80.01454,81.126526,74.52837,78.75485,64.09208,63.123524,51.44536,70.32426
67.00719,66.75891,64.680435,63.77681,56.36444,56.773193,54.758408,62.172306
64.84857,67.31441,67.255936,65.01363,56.93431,55.703606,60.80229,64.04349
62.45002,64.669815,66.7619,61.55674,56.125607,64.81811,52.22005,66.39229
74.9868,76.98766,69.50344,71.051544,59.659004,59.068645,55.369766,65.46043
62.657623,62.708473,61.645412,60.41355,54.087692,59.232624,54.429604,60.1283
73.54089,77.773315,72.07934,69.643005,60.428356,65.3203,52.356018,71.3383
71.48617,69.95086,65.31419,67.38648,58.38303,58.023537,53.78235,61.234074
61.79272,63.42305,63.687492,59.41268,54.34389,60.382687,54.669666,62.30272
63.92263,63.51947,61.186123,63.837456,54.328545,53.338688,57.578236,58.71688
80.67974,85.39215,72.57389,74.971756,66.13266,67.036446,56.331455,74.45261
62.98607,61.978752,65.35771,65.41649,58.248703,61.98967,57.42816,60.454674
79.60993,85.31244,73.63918,74.15723,65.629555,65.85435,56.302307,76.45784
69.00302,69.76767,65.61058,64.33317,56.08687,57.90165,54.149788,62.08603
68.98193,67.09839,63.18078,69.95068,56.375057,50.63146,57.168026,58.64113
62.35006,62.8877,61.02708,58.40516,53.54575,59.37351,54.682285,59.651302
66.69414,70.359764,65.36773,63.056816,57.465534,60.652054,57.29897,66.028824
74.94335,79.046844,68.99636,69.86788,62.15669,64.083244,56.621815,69.91787
66.04301,64.74542,63.13378,64.97923,56.343216,59.293335,55.039364,59.867752
67.98969,67.20604,63.676674,63.23984,54.940136,55.38459,54.522408,58.944614
78.15558,83.009346,72.47046,72.93016,64.26208,64.10156,55.662113,74.25202
65.30788,66.09201,62.934555,62.076366,56.231575,59.6301,56.833298,61.172928
69.94374,68.45871,66.05671,67.39738,56.63289,51.990192,52.107876,63.1391
63.426582,59.2243,74.274536,72.51834,61.3226,54.59673,57.371147,61.944283
63.762844,63.695686,60.528904,62.3442,54.378498,55.41418,56.64609,59.18538
66.905205,65.28281,61.924026,62.38896,53.81887,51.717472,55.899048,56.518753
64.727234,65.40264,67.32857,68.0866,60.037674,60.919945,59.732212,63.17393
62.78055,56.24167,71.19897,71.78634,61.18799,55.56969,57.501274,57.92369
79.707115,76.15712,69.665565,75.06019,62.097507,55.92838,49.344467,62.72133
62.928207,55.1606,74.3559,76.97667,64.811584,55.92915,59.612698,58.555096
66.29351,66.18877,63.88306,64.590126,57.63429,60.225845,57.28886,60.638416
70.05123,70.44675,65.111916,65.88975,58.322906,59.9185,55.408203,62.753273
62.44685,62.51309,61.87315,59.880684,54.068108,60.384987,53.69074,60.44522
68.29096,72.25799,66.86861,64.49238,58.281963,60.394753,56.734962,67.731636
66.71727,66.72394,66.691055,68.458496,60.160072,61.245895,58.872486,62.2125
70.2312,69.59821,65.42996,66.21664,58.048885,58.420956,54.41564,62.17611
64.578094,63.681557,61.734116,60.13704,53.486477,55.43483,54.72748,57.946735
76.590416,78.96035,71.91954,73.693504,61.479134,62.02085,53.713863,68.68056
67.05525,70.50216,67.1192,63.1871,56.696503,63.124573,53.3885,66.751915
74.454445,71.66353,65.420044,70.961205,58.792435,54.40425,51.73235,60.805523
77.84989,80.644516,72.41316,74.36727,61.916416,61.36174,54.831566,68.87525
80.40983,82.84756,74.08885,77.40343,63.551964,61.430473,54.55226,69.861694
58.92494,50.950413,76.16216,76.55684,65.93892,61.37455,59.142365,60.711582
63.229225,64.058304,60.573284,61.48474,53.42618,52.61225,59.251873,57.984142
75.653336,77.041824,70.37688,71.07659,61.38289,59.009956,53.173683,68.68965
63.53116,63.810116,61.6058,63.45535,54.103764,52.129704,59.6893,58.259045
65.055176,65.20432,67.70975,64.92937,55.90562,52.08121,57.249935,63.528103
59.646027,57.47691,72.05635,69.01799,60.61908,60.7465,56.982803,63.490356
66.848785,67.328606,64.608406,63.413692,56.62188,58.08115,55.462563,62.595123
71.32414,70.30976,64.790405,66.8719,56.340134,54.021633,55.493633,58.636673
62.852932,63.777847,63.222427,60.708385,54.851883,56.912716,57.00179,61.539894
65.15734,60.18642,70.21804,72.00064,60.59459,53.697266,59.380405,57.97186
65.35993,64.33258,63.415646,63.314556,56.08391,61.65048,53.744568,60.426044
61.301052,62.961433,69.24111,64.29965,57.691853,61.790806,55.5144,65.59321
64.24058,63.244637,65.20578,66.51821,58.686787,60.16068,58.8779,60.09286
71.24018,69.91303,63.6609,67.623,56.163258,52.016365,57.322735,56.933647
66.9465,66.76962,67.56088,64.72706,56.25624,53.288822,53.98165,64.61261
63.04156,61.498154,66.90506,67.42941,59.54287,62.706955,58.067097,60.73098
66.398964,65.9578,62.82357,63.77735,55.614525,55.710114,55.048866,60.806316
75.626625,81.06533,71.51082,70.697876,62.837696,63.361866,56.253284,73.72746
63.81698,63.584496,60.746986,62.878696,54.44868,55.059338,56.792416,59.114777
63.336117,59.843136,67.4337,68.25871,59.24382,56.801773,57.98766,58.74387
59.61521,50.629074,79.23274,81.65973,69.7431,62.478554,61.66622,61.63501
65.48926,67.83787,73.13956,68.854675,60.45761,62.853096,55.208088,68.71236
65.13932,63.68293,61.60288,61.27986,54.34052,54.463722,55.646957,57.37046
65.48224,65.408516,63.743156,63.129295,55.26781,54.824585,54.87212,61.947216
63.457394,63.292484,61.237907,62.622498,54.166348,54.998352,56.81096,59.06621
64.40932,61.949062,71.203705,69.244896,59.286934,55.878227,56.32162,61.844357
73.09743,70.584404,70.2947,75.90214,64.5967,62.6512,57.98217,61.95928
73.14722,78.152504,68.980865,68.37222,61.340504,63.516987,57.06498,70.73282
68.16233,66.824684,63.029175,65.99915,57.007988,58.084286,55.48351,59.609257
79.73465,79.25421,70.92635,74.09767,60.45403,53.696968,53.63264,62.790466
73.57705,75.86608,69.62872,72.33925,63.33987,63.99112,58.018883,67.382774
62.31643,63.370758,59.886402,59.32968,53.457153,56.250946,57.44555,58.86255
64.813705,64.24687,67.81212,69.854164,60.969513,61.153404,60.250282,61.967705
76.807655,81.641235,71.51626,71.69643,63.404972,63.78609,55.961388,73.205795
64.86292,62.65453,66.8858,69.088394,60.30572,61.003582,59.088154,59.782745
74.31217,73.67441,67.404564,69.71366,60.19835,59.210163,53.430454,63.782925
64.233795,64.68207,64.71367,62.50105,55.288006,55.108738,56.378334,62.322563
63.575237,60.016228,66.29451,66.15703,57.586372,55.795242,56.37201,57.990532
72.05704,73.57431,67.38514,67.71037,59.585537,59.982277,54.95562,65.94313
86.85284,82.777145,77.12998,82.39043,66.40815,51.498367,42.945892,68.26062
63.377495,63.25175,61.227417,62.3816,54.157536,55.39711,56.621468,59.15516
70.720085,69.39459,64.56104,66.59617,58.136387,58.788788,54.43664,60.68632
63.716446,62.969368,62.135117,63.33379,54.568672,56.57081,55.200916,59.747643
81.82754,79.9071,70.64143,81.2846,63.346176,53.65571,56.3721,60.87175
68.72179,66.87267,62.892754,68.99013,55.917885,50.398064,55.907356,59.15133
57.7731,57.607693,72.16276,67.56172,60.505383,63.753666,56.814194,65.87421
78.760056,86.28319,74.505745,73.34274,65.7706,66.79815,57.574856,79.08929
66.55067,65.639534,64.41324,63.15349,55.1781,55.82434,54.619522,59.395493
65.72692,64.24648,66.15406,68.72686,60.041763,60.87155,59.122856,60.085815
67.78293,65.59115,62.169857,63.175858,53.895824,49.932156,56.199516,55.761356
63.346325,60.06009,69.11853,67.64741,58.23679,55.405914,56.3434,59.735466
70.98607,70.44322,65.702675,65.74592,56.27132,55.398136,53.98868,60.34509
59.25137,56.028694,76.552216,73.384674,63.404964,59.91779,58.046234,65.284134
72.411385,77.76319,68.9522,67.766235,61.00714,63.284744,57.232796,71.00661
69.3991,72.20444,68.16327,68.64527,60.89722,62.323402,58.37878,66.699615
79.53121,82.771286,77.53076,82.58798,71.48515,68.54816,61.057533,74.06816
81.38683,85.4415,76.89259,77.533745,64.87137,65.38466,53.130943,74.6235
64.28963,63.58317,61.310303,60.537113,54.024292,55.06209,56.482105,57.909435
80.287,81.62233,72.38826,75.15474,64.28153,60.957943,52.38831,70.44414
70.11485,71.39194,66.07851,67.54164,59.848656,61.896324,57.155563,63.8086
68.20236,66.62892,64.05821,67.69988,56.509674,56.77127,54.699783,59.761715
62.21298,62.970577,60.568325,58.99616,53.711838,58.80264,55.56193,59.68844
78.287544,81.878784,74.037636,73.57466,62.23363,63.13029,53.171062,71.4111
67.233185,67.35585,62.623352,64.477844,55.22433,55.25674,57.44353,58.55667
64.02638,63.67587,61.50009,63.734173,54.28653,53.587936,57.431133,58.748882
63.644444,63.58617,60.629524,59.236412,53.62875,57.01217,55.278515,58.57865
68.82631,65.41119,64.98942,71.16617,57.27864,53.717636,54.017605,60.05856
63.8475,62.92929,63.01152,62.553246,54.074013,51.84058,59.049,57.451893
64.01156,63.572456,62.15852,61.903816,55.077957,60.03935,54.391502,60.16672
63.095604,61.747314,65.96182,66.8743,58.954983,59.696316,58.92172,60.213768
58.89208,61.327755,68.282326,62.267815,56.984413,63.25355,55.57034,65.97778
78.08776,74.40105,69.27576,74.8893,59.98664,49.62345,48.02737,63.727146
71.37521,69.77072,68.57073,68.4606,57.48364,51.43178,50.8589,65.087
74.24747,77.48779,72.60425,71.50724,61.120045,65.72113,51.03745,71.44674
73.066826,73.23553,67.10359,68.32524,57.644672,56.05024,54.68962,61.72528
73.82357,75.60206,70.38229,73.89796,64.31349,64.34118,58.555065,67.098785
64.396355,64.279015,66.96871,68.19258,59.950447,60.747368,59.755974,62.033504
69.41194,71.61251,65.229164,65.20732,58.54135,61.389404,56.652946,64.50041
68.75461,68.37669,62.679268,67.38585,55.80148,51.78729,59.099686,57.768654
66.74392,66.96833,69.28936,66.89052,58.123077,58.57088,54.97105,63.75267
63.461876,62.355293,62.677258,61.272083,54.782722,57.101746,55.264877,58.59663
67.975105,71.138466,66.36568,64.992615,58.195507,59.963917,58.03533,65.74693
63.960354,63.129883,64.18052,64.82316,57.714497,60.873665,57.550335,59.88311
61.176483,61.28538,64.9914,61.629368,55.746037,60.36455,55.24734,61.502205
62.160767,58.970333,66.36836,66.23281,58.482582,58.197773,56.82051,58.933537
65.72125,64.657394,63.28531,64.73314,55.47654,58.153637,54.138477,60.10701
68.67073,66.879684,63.5131,69.53062,56.543297,52.66414,56.93612,58.7846
73.64397,74.115845,67.70053,68.93677,58.072525,56.52288,54.65909,62.472504
63.51598,60.6424,68.58517,71.02968,61.58051,60.144478,59.616722,60.139038
75.074875,71.40524,66.41872,73.32032,59.2231,53.065186,51.128357,60.918575
65.39031,65.6357,62.5137,65.18785,54.88333,51.60992,60.60308,58.008694
62.962704,63.56571,61.549133,60.100956,53.723137,57.669056,55.92095,59.416157
72.52632,77.48189,70.6718,68.27199,60.695744,60.44408,55.613117,72.330086
71.67088,69.92581,67.089645,71.567924,58.794872,59.37148,52.428944,62.411655
67.36952,64.358765,64.786804,69.66147,57.087505,56.159,54.469498,59.990997
71.446175,70.62531,67.13756,70.58429,58.56584,59.536777,53.05566,62.93156
63.1421,63.30983,60.9775,61.860657,53.893135,54.897022,57.189476,58.90283
67.01204,66.32491,68.80321,71.96433,62.38982,62.057465,60.25924,62.48325
66.32675,62.951515,66.6639,66.91618,56.826122,51.9976,58.346794,57.190376
62.74022,64.268654,63.724995,60.6925,55.07611,57.32047,57.550175,62.25289
75.114746,75.74101,70.26968,70.7409,60.76885,57.576897,52.488686,67.909
66.14499,65.251175,62.790333,64.036736,56.445198,60.255283,55.456333,59.728462
67.27196,68.745926,66.42027,63.97752,56.937344,57.132126,54.98116,65.25412
64.71317,64.084564,61.03462,60.908363,53.354393,52.721954,56.73966,57.21126
63.429787,63.68832,60.117043,59.316845,53.61946,56.416847,56.179394,58.4784
60.10566,58.02805,67.95395,65.739975,58.581932,61.171085,56.22302,61.18911
63.122253,59.742462,69.32243,71.10035,61.2045,58.009033,59.668762,59.817326
69.487114,68.241325,64.46021,66.32706,56.957108,55.534027,53.7634,61.386673
77.86052,80.98479,72.77296,73.03089,63.242348,60.45371,53.443317,72.76756
63.17721,62.514923,63.165337,62.673164,56.368332,58.961643,57.403214,59.522594
77.42349,81.698814,78.90672,82.90374,71.935425,68.38895,62.744514,75.7326
68.12198,70.92102,66.193596,64.380745,57.878654,59.73264,56.26536,66.07033
67.97021,67.49953,66.7098,64.9205,56.566643,54.54252,53.272213,64.01237
67.09062,66.20118,62.645348,64.72232,56.963932,59.855156,56.43622,59.32403
63.950115,63.207596,64.615395,65.30545,58.06192,61.61057,57.747334,60.195423
65.995995,65.047195,64.58337,66.621506,58.69798,60.85117,58.24687,59.862614
70.51912,74.46194,70.9597,67.286644,59.29128,66.39141,50.864716,71.05861
62.365532,63.399017,61.781548,59.150078,53.607254,58.84778,55.336887,60.20369
70.97728,73.32784,68.371376,67.80721,58.381035,61.658936,53.866463,66.24384
71.85612,71.00718,67.35608,71.031395,58.776337,59.501575,53.045696,63.024067
63.503944,62.353302,69.72686,72.06902,61.89791,59.83975,62.433155,61.803417
63.13839,61.97784,64.13637,62.068535,55.142773,57.258827,55.162758,59.268482
62.948757,62.534187,62.11925,60.030872,54.200657,58.152042,54.88791,59.098106
65.00662,64.32923,61.840046,62.43096,53.739094,51.256855,58.32177,57.01972
68.07139,67.39356,66.373535,65.36646,56.286003,53.330017,52.95208,63.822098
65.94937,67.02219,64.62057,63.800766,56.77063,58.250816,58.227802,61.900085
63.2875,63.120956,64.05722,62.834923,55.411617,55.736065,59.403618,59.498436
67.20353,66.24226,61.858486,64.85138,55.58979,54.961693,54.851627,59.777046
64.01872,63.733536,66.099045,65.287895,56.121277,53.699768,61.287117,59.734417
64.50066,64.03933,60.321587,59.632156,53.731007,55.82844,55.43937,57.94839
83.206055,87.246445,75.450615,77.705376,67.51686,65.28065,54.138565,76.76769
67.59529,71.6161,67.00578,64.85016,58.228214,59.833843,58.43524,67.020294
63.245087,62.918694,61.639328,61.839794,54.41808,58.051716,54.84583,59.948967
64.65265,64.1934,68.00972,69.36763,59.972847,58.754807,61.1123,61.58886
73.09702,79.29464,71.337875,68.65204,61.46573,61.895023,56.425076,74.11266
70.38874,66.865295,65.07815,71.73917,57.288654,51.92085,52.826054,60.40551
74.38974,71.002396,66.061874,72.434364,59.084393,54.097862,51.742523,60.737514
66.01014,66.92656,63.117184,62.440865,56.490486,59.865005,56.704132,61.48677
69.04389,66.75007,64.50147,68.57715,58.07932,58.76434,55.42468,59.64576
73.28125,75.68706,67.19929,68.48072,60.674828,62.507324,56.033875,66.49487
73.60758,70.94186,65.89933,70.655754,58.05008,52.13466,51.146286,61.815758
76.48173,78.19276,78.53648,77.43226,65.023865,61.144836,54.1098,71.52606
71.52688,71.68288,65.347305,67.075905,59.06759,60.55609,55.22654,62.643604
80.61129,77.04814,73.88216,76.42756,62.266495,51.004974,46.236496,67.12761
58.610016,54.168175,79.25616,76.386284,65.6014,59.936745,58.872234,66.09182
65.08188,64.69464,60.865765,63.126785,54.6474,54.831306,55.59173,59.5488
74.68223,77.5572,72.74572,76.08671,66.16215,65.354,59.585518,69.95066
63.06888,63.209324,61.100586,59.049942,53.510826,57.758324,55.025024,59.011276
60.82095,54.436417,73.71052,75.16334,64.70307,60.93057,59.418224,60.282032
62.639194,62.779625,61.830105,60.475613,53.892017,58.47044,54.87673,59.89821
68.18613,67.91314,63.650356,64.251434,55.38624,55.826794,55.620308,59.185974
69.607544,66.86234,64.9593,65.797455,55.786293,52.311726,54.658085,57.091927
64.340576,63.825165,60.668,59.93895,53.896515,55.707508,55.904556,57.998753
58.225834,58.113815,70.70225,66.33506,59.627567,63.474567,56.506508,65.01744
63.304157,61.43804,68.78629,71.230225,61.751915,60.754566,60.795986,61.079914
65.700226,64.17258,63.363415,65.29106,56.11639,58.840324,54.485363,60.07467
63.450634,62.98678,61.73328,62.148678,54.60098,58.27144,54.673122,60.0289
70.3301,75.20868,67.682465,66.03068,59.702957,62.31705,57.277214,69.300316
62.14127,62.610508,61.259174,58.844463,53.904522,60.74841,53.989147,60.356785
64.061356,65.40328,62.79232,60.911316,55.614906,59.242355,57.00995,61.66114
62.616028,63.380535,60.41289,60.51998,53.4427,54.691963,57.913155,58.596848
63.133015,62.84845,61.251484,59.879154,54.622017,58.06785,56.215485,58.97494
70.50122,75.15564,67.570755,66.16466,59.739815,62.33682,57.199318,68.99085
63.366795,62.638557,62.455032,62.37107,54.590805,58.861923,53.79824,60.363007
65.569565,64.2199,61.757233,60.97962,53.49294,53.413193,55.183186,57.13678
63.880287,63.296406,61.063194,60.140564,54.394592,56.83915,55.86937,58.393307
71.76259,67.97691,67.16981,72.747406,60.361237,60.55556,54.909824,59.840996
68.129036,66.59809,63.81694,68.216415,55.697243,49.78844,55.8738,60.077698
65.30122,64.48725,62.92187,63.10067,55.976974,61.010925,54.4236,60.1547
72.148964,74.454895,67.54778,69.12519,61.147816,62.893223,57.1659,66.15524
67.17831,65.379395,63.165833,67.0094,56.514687,56.254803,55.337334,59.65108
68.660774,68.24773,66.628876,69.405136,60.710873,61.7553,58.323444,61.808033
66.48757,64.03545,62.663586,62.501144,54.068565,51.710194,55.24217,56.295513
63.165813,63.352757,60.789406,61.757202,53.971302,55.185932,57.114155,58.956974
63.514954,61.490875,64.00748,63.157417,55.877037,56.60769,55.72711,58.355564
68.08159,71.44859,65.64085,64.1617,58.117157,61.116577,57.08796,65.99485
72.713715,79.53015,70.35859,68.06441,61.59896,63.767975,57.66255,73.72572
69.446686,69.08316,66.39272,65.79583,57.56691,56.79033,53.861164,63.505722
74.54527,77.89655,71.928856,71.21347,60.78046,64.14449,52.651726,70.25035
70.44208,69.10795,63.5817,66.34534,57.983696,59.294,54.92501,59.811825
74.18606,75.63565,69.01564,71.405,59.624672,59.567062,54.956615,65.073
76.02502,73.444885,69.837395,71.78891,60.24012,54.65446,50.132114,64.398094
67.35719,69.58541,65.86564,63.221886,56.111824,60.51267,54.19551,64.1354
62.531918,63.09331,61.269875,61.33582,54.330055,55.90855,57.95213,59.568966
59.97164,54.424606,76.83067,75.17156,64.32654,58.52422,58.44438,63.11754
58.130455,57.476883,75.62046,70.78697,62.204067,62.139256,57.51068,67.32108
67.81745,66.116486,64.13143,67.45254,56.478912,57.483124,54.07608,60.052578
62.63133,66.71392,71.33605,65.33348,59.026833,65.30296,54.977768,69.59562
62.26833,61.583878,63.48239,61.151253,55.034023,58.91711,55.05374,59.649487
64.75183,66.8805,66.03678,62.727623,56.111706,56.509304,57.02709,64.75964
64.61453,61.026375,70.72634,74.31605,63.815796,61.90448,60.815178,60.508907
70.30947,70.8446,65.05084,66.91326,56.783962,56.57567,56.439846,60.617672
67.75956,69.55884,64.348114,63.861233,57.58148,60.68127,56.728523,63.3596
70.23055,69.06041,66.49477,66.705215,57.578587,55.57019,53.042664,63.019062
72.19842,71.51608,64.29481,69.86361,57.30345,53.221233,58.391552,57.902115
63.291294,63.56037,61.1658,61.893536,54.406105,55.495644,57.232346,59.58467
65.27608,64.68967,61.89667,64.35126,54.736446,52.996723,56.192535,59.729736
68.93764,72.35039,65.989075,64.85477,58.580925,61.454918,57.014866,66.35174
63.667744,57.436256,72.999725,72.7993,61.281944,53.510155,57.52058,58.967262
62.579273,57.565975,69.6033,69.32655,59.65008,56.467415,56.803764,58.519775
68.23192,68.27642,65.473045,64.1272,55.88935,57.023304,54.22107,61.16215
66.80893,70.783005,65.63951,63.156746,57.5975,60.757046,57.36509,66.55478
62.309814,63.176815,60.274845,59.31096,53.59656,57.377495,56.548523,59.25277
82.25053,86.35614,75.48051,76.91472,66.71866,63.880722,53.783596,76.75485
60.07988,61.608185,67.69569,63.44065,57.758278,65.219475,55.363083,65.17432
65.64638,62.706524,64.090416,63.91073,55.430687,52.79171,56.33754,56.803787
83.04558,86.247375,74.129906,77.470825,67.10816,65.3097,54.00217,74.39506
68.86991,66.61283,64.618744,68.41236,58.250927,59.722553,55.64854,59.593594
64.554146,64.12541,61.58092,62.836014,55.25658,58.13483,55.861206,59.552376
63.700527,61.188686,64.94232,63.91845,56.006092,56.003456,55.568516,58.17658
65.97897,65.53033,62.070095,63.59719,55.275112,55.388702,55.24279,60.293293
60.548473,63.30259,67.46124,61.571056,56.586777,65.31818,53.42726,66.90133
75.72367,73.64016,66.17147,75.084274,59.444626,52.29507,57.5732,58.119923
63.950096,64.28843,62.691475,61.978687,54.844265,55.69013,56.318657,61.00961
70.09976,67.3111,64.83365,69.96063,57.94005,56.158226,54.20672,60.005188
63.98695,62.133427,69.10034,71.00042,60.864223,58.161694,61.324947,60.693996
85.044266,87.65891,78.670074,82.51623,67.33917,64.14472,52.902214,74.561905
71.4584,72.30651,71.18421,69.800964,59.629543,58.81938,54.219894,65.57216
65.02004,64.702095,64.723785,64.02981,55.86088,61.428715,52.03881,62.862988
67.03779,64.736404,64.25169,67.73728,56.95818,58.03302,54.63826,59.97466
60.953365,59.983818,64.59539,62.728424,56.7592,61.275833,55.840553,60.385277
67.734924,66.87451,63.206696,66.65646,55.878693,54.972332,56.54067,58.96511
62.016476,63.337784,64.05916,61.040817,54.89907,56.246292,58.731747,61.633354
69.73409,74.86391,67.931885,65.843636,59.497715,61.79157,57.719063,69.5171
73.50165,73.29667,67.39667,69.032875,59.856243,59.057636,53.706234,64.26739
66.75391,65.754036,63.009335,64.53304,56.858616,60.563244,55.686684,59.636475
70.74821,76.53099,69.14645,66.965935,60.28721,62.02507,58.12127,71.06717
59.19907,55.785847,77.910446,74.62328,64.1942,59.530437,58.358818,65.98495
64.88628,63.666344,61.44324,60.901634,54.26424,54.959915,55.734127,57.603848
63.549698,65.96924,63.978035,59.831505,54.611313,61.174023,54.24403,63.393604
66.07188,64.99542,62.64664,66.1038,55.374424,54.361404,56.43673,59.1061
63.60202,62.449467,65.06823,65.64076,58.277523,61.25604,57.661808,60.072212
64.40041,62.19742,72.88682,77.518585,66.13277,62.887745,63.96284,62.79422
63.892574,57.393032,73.809715,73.602066,61.68854,52.847176,57.696934,59.126884
67.12759,68.48366,67.39196,65.47867,57.308334,63.846375,51.020004,66.498795
68.219826,70.87578,70.21803,66.81443,58.71543,62.076984,54.175957,67.342445
75.07274,74.99991,67.306076,71.10376,58.62185,54.702896,56.294083,60.801495
62.5764,55.708122,73.968956,73.92571,62.498577,55.041885,57.90316,59.281303
68.56376,67.11623,63.014156,66.32373,56.845867,56.92875,54.965164,59.760654
63.991642,58.427036,76.22237,75.0325,62.758064,53.1223,57.928078,61.70419
62.115215,62.713337,61.47248,61.96602,54.034966,54.065365,59.468437,58.84591
68.01368,71.04759,68.87677,65.2953,57.8941,65.29523,51.03724,68.844765
62.031944,62.45953,62.400646,62.08406,53.814674,52.36258,60.594814,58.212303
74.22577,73.2898,67.26413,68.57252,57.485897,54.10117,53.73236,60.489662
68.3136,68.30589,65.47958,67.37229,59.451992,61.270393,57.630688,61.708237
70.21378,73.42211,66.30652,65.888626,59.217026,61.91095,56.832993,66.44548
76.223206,73.847305,66.18246,76.37167,59.721096,50.46336,58.300133,57.784534
71.9316,69.528206,64.86435,72.916725,58.054585,52.168076,56.859253,58.667732
65.09525,63.46202,62.94403,65.7343,55.582573,56.656116,54.76671,59.928787
74.83129,78.922325,70.70634,72.17542,63.704807,64.62745,57.81128,70.6841
74.48549,71.14417,65.70395,72.424095,57.481403,47.92203,49.608036,61.856026
66.387146,65.12733,62.680233,66.851875,55.526478,53.578438,56.73028,58.97066
79.750145,85.10624,72.70947,74.14353,65.69373,66.73709,56.66491,75.20725
67.33838,65.57452,64.00486,66.41525,57.25801,60.079544,54.981224,59.885006
79.33979,83.7133,77.32052,81.18825,70.633,68.341156,60.62503,75.65069
69.39672,67.95853,65.06365,68.5287,57.195347,58.1035,53.91569,60.62639
72.80759,73.65836,66.48721,68.185585,59.92105,61.016212,55.146767,64.34514
63.33917,62.21218,62.579227,61.469685,55.103283,57.339394,55.52665,58.640068
63.564777,66.05744,65.449425,60.703545,55.374283,63.635784,52.123676,65.6914
62.693184,63.372715,59.95952,59.9886,53.910618,57.104225,56.69416,59.222477
71.658966,68.743774,63.582985,66.3794,55.350704,49.965256,55.28189,55.42847
68.047356,67.26465,63.764595,64.91146,56.51345,56.438095,54.612606,61.077072
67.7778,67.22108,78.870026,84.28678,72.02025,65.993095,66.99496,68.372986
63.799168,63.573765,61.334587,60.999638,55.283936,58.686142,56.458694,59.053837
69.10847,67.74315,62.820423,66.18635,56.571167,55.62829,54.31096,60.001987
62.63608,62.995262,61.17696,60.52879,53.7661,57.054447,56.047237,59.413338
65.38401,65.73658,63.009567,62.73513,54.954975,58.218365,55.335438,60.257767
64.65116,64.44529,60.80692,62.630665,54.78251,56.044132,56.121437,59.389477
63.14792,61.69306,62.995495,62.343376,55.85007,57.540554,55.95547,58.65882
78.313866,83.43587,71.63561,72.84199,64.61733,65.92981,56.67587,73.74438
71.85207,69.00141,73.80029,74.20096,61.525963,53.569214,55.59578,62.360783
62.911064,62.47925,62.529,61.195225,54.529022,55.658676,58.155586,58.63409
73.69672,73.59918,69.65675,72.88642,60.220673,61.541252,51.790504,65.88863
75.319984,72.64761,66.92237,71.16018,59.769894,56.17273,51.63199,61.689655
68.47771,69.31924,70.07724,72.77771,63.26595,62.813515,60.334133,65.113625
72.42441,74.73941,66.82196,67.76756,60.162884,62.09566,56.083084,66.065544
73.70769,71.93495,64.58751,73.92367,58.23828,48.950146,59.685307,57.29207
63.26879,62.75387,62.692177,61.302532,54.868656,56.542023,57.7946,58.882397
66.15186,67.64101,63.579,62.568058,56.689762,60.025833,56.824535,62.42698
65.94526,68.36735,64.189964,62.42771,56.795876,60.129642,57.06923,63.841217
64.425804,60.601105,67.87349,68.782974,58.979424,55.00039,58.333855,58.18988
61.32551,58.653324,66.620705,65.447624,58.055317,59.52881,56.2566,59.63775
65.65265,70.84378,66.50545,62.53805,57.315994,60.103905,57.924885,68.24955
65.73087,65.72563,66.22802,64.13907,55.771572,53.53048,55.42357,63.290035
62.970966,63.383842,61.78805,61.912323,54.474323,55.323116,57.76792,59.839134
61.335712,57.569527,68.201866,67.499146,59.242725,59.016293,56.695236,59.40839
61.28132,58.5669,66.85914,65.48894,57.990902,59.530903,56.120747,59.67877
69.545586,70.6015,69.96537,67.95697,58.707737,59.301132,54.3412,65.13622
66.26002,65.24224,62.38454,64.931885,56.300377,58.05081,56.198547,59.3887
76.23803,73.1816,73.266014,75.46116,61.517918,51.277363,54.784233,61.065327
64.91689,64.92355,67.55614,68.59389,56.57641,50.036724,63.428635,60.167183
71.5054,68.208984,64.089294,66.93452,55.36548,48.22635,56.346428,54.9312
68.78929,65.60202,67.6295,70.30633,58.607544,61.599014,51.926136,61.94596
79.51443,81.4231,71.58274,74.28974,64.072655,62.1741,53.47889,70.255295
61.25982,62.09827,64.098885,60.676228,55.60674,63.183994,54.309834,62.44558
70.32564,69.85916,65.54489,66.28994,58.142143,58.54224,54.472168,62.430603
70.900795,73.4886,66.07532,66.43545,59.437634,62.051964,56.595844,65.626625
74.64455,70.41513,68.252625,74.61323,61.484253,60.099167,53.615616,60.228622
74.69413,71.969864,66.76758,71.16813,58.968456,53.718018,51.087795,62.06321
70.114265,69.80734,66.42316,66.29101,57.960064,57.367558,53.952343,63.515686
60.885517,55.813004,71.27088,71.6585,62.341873,60.91353,58.245583,60.100155
70.256065,69.04707,64.34584,68.80805,56.99838,55.595715,56.09026,59.039204
63.279278,63.716858,60.572903,60.22107,54.46605,58.910973,55.92684,59.56656
63.07984,62.397522,62.8689,62.135166,56.047134,58.767384,57.115513,59.382893
80.6938,78.87079,73.81444,81.61879,64.674934,61.43896,49.77997,67.45291
62.118835,62.159603,63.19669,61.445362,55.870037,62.172745,55.41062,60.70407
63.775414,62.765915,62.801796,62.997734,54.926712,59.28477,53.44076,60.513847
68.36519,67.7211,63.108063,66.987526,55.92931,53.951942,57.47761,58.514965
67.34898,64.05449,67.61053,67.527695,57.249683,52.900898,55.53824,58.266685
61.728592,59.16886,71.96316,69.26414,59.854412,57.352436,56.849236,62.514526
65.831215,63.185238,73.76252,79.25838,67.40801,63.58457,64.24134,62.846165
63.16669,63.37412,60.84665,61.89521,53.879906,54.606133,57.42507,58.803337
66.250534,64.400925,63.85706,66.16939,56.49736,58.969517,54.31863,60.13139
73.222,70.74403,66.46193,73.09711,59.001595,56.732063,54.040943,60.124756
76.447075,77.03605,68.35892,71.40703,61.8648,61.512177,54.0713,65.729576
74.79846,77.10853,72.34422,76.15292,66.07897,65.27405,59.40518,68.98459
68.29453,67.71813,63.05295,68.24603,55.961548,50.711163,60.02527,57.778774
62.423355,60.444366,64.51806,64.16867,57.320465,58.783703,56.555653,59.15162
65.40017,64.982445,67.09523,68.951065,60.397034,61.057037,59.600414,61.814297
67.94188,65.37448,72.14836,77.88737,66.34433,63.535957,62.53866,62.0897
60.613792,59.356014,65.64022,63.78016,57.47171,61.95012,56.05052,60.69436
70.46412,68.93579,65.20089,67.294815,57.27487,54.75267,53.05733,61.859245
85.026276,83.91441,74.18672,84.52189,66.04534,55.576725,55.265068,64.62649
65.00262,64.630356,62.638577,63.814278,56.9373,59.990726,57.62093,59.41163
64.186584,66.32752,64.579414,60.99857,55.127686,61.687733,53.635395,63.92076
62.753063,62.136864,64.66054,64.28479,57.581615,62.03181,57.038635,60.51263
63.96639,62.66722,63.820312,63.169434,56.00624,56.64503,57.51647,58.802773
63.946198,63.945778,61.14275,61.488144,54.895794,58.746105,55.807026,59.5975
84.00782,90.02958,76.56817,78.18321,69.31574,69.490555,56.82924,80.56851
62.180923,63.202522,59.93607,58.54922,53.59227,58.240795,56.26155,59.3569
65.08777,68.02945,64.27813,61.761368,56.48085,59.91596,57.280056,64.4097
59.053272,55.762108,70.53487,68.692604,60.771404,62.12266,56.98683,61.72077
64.82701,61.401016,65.21,65.34027,56.578945,53.92682,56.13505,57.18494
63.576717,62.14711,64.84482,65.423744,58.08422,60.346764,57.503914,59.68622
73.53315,76.95992,67.79897,68.6505,61.13488,63.31398,56.55594,68.06289
67.59062,67.65109,69.18712,67.867775,58.368122,64.45112,50.645973,66.705536
74.08575,79.13836,69.44622,69.16621,61.910664,63.93598,56.99858,71.26458
66.12618,62.153046,67.02163,67.35329,57.14511,51.84145,57.945316,56.902813
63.898636,59.39939,71.4718,70.39536,59.636623,53.685295,56.918465,59.70107
74.19175,72.43831,68.675705,74.27604,60.205204,59.516518,52.13429,63.392933
61.95426,56.34029,77.15856,81.699524,69.22908,61.07716,64.37189,62.410217
65.160324,65.51359,63.604015,61.993927,55.795593,57.939346,55.87995,61.601906
62.735588,61.601437,65.02624,63.881756,54.815865,51.835495,60.946865,57.99036
62.092472,62.737793,63.691116,64.27142,54.664772,51.965786,62.489433,58.69692
68.15765,69.78021,74.37057,77.58961,66.90912,64.23371,63.180573,68.297104
69.99401,71.57846,70.76981,73.474,63.921303,63.423424,60.156788,66.54888
68.001114,67.189964,64.06957,65.070274,56.34386,55.500484,54.25083,61.48421
70.57976,66.74623,64.3778,66.28212,55.47741,49.597908,54.860847,55.12967
63.14581,63.186203,61.292004,60.693645,53.864746,54.626377,57.966805,58.241272
65.42383,59.33428,72.83062,75.566345,62.827778,53.30998,60.661118,58.17588
61.317642,54.63791,75.12203,77.87188,66.57731,61.238163,60.74531,60.7247
66.24953,67.60623,67.40671,67.787476,59.699947,60.304825,59.493725,63.918774
67.72274,67.3009,62.554432,66.50414,55.52154,52.770893,58.335197,58.16397
61.344738,62.08583,63.03389,59.559315,54.537617,60.633217,54.806595,61.096455
60.565914,60.15318,64.046135,61.57802,56.148945,61.86659,55.44845,60.694164
65.56711,71.05014,74.90779,68.81862,61.54636,67.71739,54.61515,73.38813
77.42008,75.53757,67.44829,76.33762,60.427696,53.53543,56.963955,58.98698
64.66791,64.803276,62.38306,62.065346,54.546906,57.87221,55.49041,59.604794
74.15125,75.46225,69.43658,71.73952,59.871876,60.39672,54.091095,65.73333
61.14275,58.35918,70.10545,69.97382,61.44377,64.257034,58.189255,61.55696
64.35675,64.44622,61.267136,62.022545,54.80624,56.419773,56.173782,59.91477
66.35359,64.78677,62.98435,66.24621,56.406998,57.320084,55.76726,59.53871
81.48126,85.623955,76.14047,76.41804,65.99723,61.74682,52.947,77.36014
72.56949,73.557556,69.568756,68.67705,58.6742,58.37357,53.719944,64.74904
62.47475,63.41449,59.665836,59.381493,53.73972,57.093895,56.98414,59.106762
67.87539,63.368435,68.31842,69.07615,57.235348,48.989883,58.976585,56.206245
62.853973,62.86759,62.086094,63.82459,54.35844,52.599846,59.55605,58.796597
69.10806,71.23141,66.296524,65.54558,56.97825,59.946716,55.18369,63.92532
63.218437,63.563324,60.390038,59.53524,53.489,55.957676,56.488556,58.476276
69.3741,69.55194,65.82965,67.40514,57.228313,59.192284,54.249416,62.393063
63.723766,64.88509,62.594883,60.680164,55.417126,59.044994,57.043602,61.304825
63.089287,61.557026,65.962204,63.78591,56.113373,56.831593,55.526417,59.860348
74.47368,72.17052,69.194824,70.69105,59.25185,53.525097,50.436516,64.44347
72.7444,69.78808,66.12806,73.48382,58.877365,55.779385,54.124332,59.82235
65.87705,63.86193,66.614685,67.42649,58.8462,63.6391,54.981655,61.034733
65.09346,65.13998,62.532646,62.45945,55.28909,56.531334,55.71252,60.820232
68.89022,65.41585,65.84846,71.03741,58.211033,57.584255,54.28949,60.063923
63.18103,62.83619,64.31038,63.15551,55.402428,55.186546,59.796906,59.256756
70.835236,71.516914,65.66786,66.552414,58.799507,60.18521,55.336918,63.51207
71.75333,76.50696,71.70364,67.65992,59.738277,66.363815,51.726746,71.84388
65.879105,65.48003,63.905083,62.175316,54.812897,56.627964,54.531796,59.78279
63.792152,64.1461,67.36812,64.85962,55.59422,51.579372,59.166832,62.603813
67.62415,71.61907,65.95126,63.81056,58.02733,61.070103,57.292686,66.8574
56.098515,58.009094,73.94305,67.44122,61.042595,65.865845,56.92165,69.083954
69.72287,70.74536,67.804924,67.913864,58.127506,62.140507,52.29207,65.62026
73.37606,71.18714,65.34908,69.25214,59.001427,57.46836,53.04916,60.720264
69.37066,67.64082,63.934326,69.608025,56.83108,53.745968,56.454796,58.95305
66.53444,66.22224,61.79865,63.152916,56.22769,59.051495,56.328243,59.420143
65.216934,63.10548,66.00448,64.73992,56.08384,54.858242,55.361515,58.942646
65.939705,65.4911,69.7453,67.39955,58.38228,57.917767,55.350082,63.24187
62.864506,63.356857,61.485653,61.721947,53.55727,52.259308,59.738518,57.917763
63.843643,63.81925,60.634716,60.56934,53.446083,53.51773,57.48735,57.69065
69.24852,70.743385,69.95148,72.262024,63.04954,62.946285,59.873444,65.93246
63.384373,62.26107,64.97404,63.909065,55.240295,53.199776,60.28564,58.354176
70.555405,70.82957,74.30596,79.142876,67.86103,64.89286,62.674046,66.870514
65.8889,64.68856,62.61013,63.41977,54.116146,50.670696,58.369385,56.75142
65.07657,64.04059,62.696487,63.984936,55.69795,58.976204,54.778427,59.976936
61.60093,62.514774,65.43141,63.111675,54.900253,53.034985,60.97086,61.005424
63.953304,63.89958,60.005558,59.297134,53.742863,56.474174,55.735195,58.281803
68.43164,66.45898,62.758892,67.573845,55.656265,51.778515,53.4509,60.19469
64.38195,63.894062,61.039986,63.696987,54.544907,54.148926,56.62316,59.13409
64.718,64.582535,61.71674,63.650978,54.44004,54.092724,57.469933,58.687706
67.135826,70.32372,65.16745,63.39732,57.581795,60.722416,57.136642,65.40694
74.596535,75.57327,75.25557,80.780914,69.344795,66.32769,61.86587,68.69111
69.34941,68.21996,67.685524,67.01796,56.572784,51.159676,51.935207,64.69881
77.48758,77.74266,69.76419,72.547165,62.239033,60.10763,52.8647,66.78376
63.50687,63.542747,60.72184,59.450108,53.533928,56.45881,55.697643,58.51095
61.19797,62.111046,66.98316,62.600853,56.310566,60.28114,55.39636,63.384556
89.178375,93.76433,81.882996,86.09391,76.00449,73.707756,58.07512,84.26829
62.88346,63.347157,61.21888,60.87106,53.65464,55.843033,56.84362,59.02788
65.04056,64.18214,64.5303,64.41808,55.849213,60.902096,52.24642,62.14626
66.32502,65.05734,62.19409,61.830185,53.97656,54.15233,55.110054,57.439274
71.29549,68.8047,64.018234,69.4133,57.05536,52.598602,52.55913,60.472076
65.019455,65.14011,63.001984,62.39999,55.281883,56.266533,55.530666,61.29516
65.41078,64.26224,62.66374,64.60744,55.86086,58.302204,55.207264,59.79209
69.11127,68.34045,69.665405,73.80967,63.671608,62.90666,60.198296,62.967033
67.443,70.04195,64.83517,63.62796,57.60318,60.720562,56.959217,64.55655
74.49983,79.001175,69.14817,69.50136,62.002308,63.984047,56.788464,70.45006
63.987953,64.30066,63.32894,62.436302,54.94956,55.078716,56.665386,61.213917
68.65746,70.717155,64.85469,64.59181,58.109653,61.072,56.697594,64.041725
67.87044,68.90995,65.664604,64.31031,57.229065,58.141716,55.259098,64.06774
68.57396,66.80817,62.331684,64.25732,54.436577,50.542606,56.63554,56.137592
70.21287,74.5234,67.17983,65.918495,59.492905,62.14608,57.131058,68.29956
69.316444,70.20623,68.64903,71.106705,62.131207,62.5476,59.132187,64.51976
74.75715,77.940025,68.98992,69.858,61.672527,62.59157,55.71111,69.01328
74.05656,76.8209,67.47982,69.078835,61.258816,63.350677,56.28773,67.09152
63.554962,63.423294,60.94335,62.72224,54.227108,54.694366,57.11146,58.95341
70.524994,69.11632,66.50042,67.34062,57.369793,54.075115,52.486645,63.116497
74.271706,75.59317,71.421616,72.8585,60.95632,63.882435,50.92372,68.89147
70.74185,69.098755,63.829666,67.236984,57.577354,56.720535,53.955437,60.272236
68.97222,67.942955,63.32544,65.4418,57.07385,57.801525,54.910606,60.226555
77.70306,79.25084,74.17099,74.09342,62.04014,59.333885,53.127228,68.44503
61.63547,62.06467,63.126175,59.90371,54.60223,60.118073,54.851246,60.757
66.345375,64.43174,66.48308,68.41708,59.53617,62.737038,56.887894,60.512238
74.1074,79.08023,69.38571,69.18213,61.90087,63.92606,56.971603,71.12925
63.349976,56.052544,71.94973,72.81323,61.53819,54.31984,57.62166,57.40699
70.89365,73.657745,69.54328,70.99071,62.478386,63.192772,58.7872,67.550095
62.47069,58.192043,74.51341,78.35196,66.50907,60.349854,63.256134,61.890392
64.770584,64.44003,61.65971,61.142326,53.75099,54.847412,56.13483,58.06775
71.09117,74.24225,68.63229,67.04933,58.29292,61.782425,54.345215,66.83836
63.839222,61.84401,65.73035,64.76278,54.85999,50.12948,60.756653,57.23558
65.83828,64.27229,62.999493,66.4991,55.59368,55.362625,55.26233,59.643322
67.502396,67.212364,67.48615,64.72812,56.349205,53.5613,53.048492,64.875015
63.702347,60.480682,68.53135,70.60284,61.34429,60.53576,59.092552,59.83931
81.1899,85.386116,77.533516,77.57997,65.16543,66.92828,51.806767,75.84349
76.82154,73.59889,68.43118,73.224846,59.860153,52.379425,49.545826,63.050835
63.28412,62.05863,63.50706,61.64535,54.852177,57.172935,55.062614,58.83629
64.78278,63.094997,67.64318,65.80309,57.03849,55.96655,55.553703,60.497963
59.83096,54.999905,70.9448,70.13894,61.332745,60.61783,57.240963,60.262913
77.30118,76.819435,68.797775,75.564156,60.738556,55.89502,56.271255,61.8996
68.85381,68.45906,65.15076,65.105835,57.384426,57.955395,54.651188,62.235622
69.20089,71.98343,67.15847,67.222,59.95999,61.937363,57.806526,66.15155
62.38038,63.424347,59.719234,59.344147,53.548195,56.404823,57.416092,58.89374
80.325195,81.90022,74.14778,78.31635,63.82345,61.86061,53.137897,69.65401
64.43507,63.495815,61.640503,65.10674,54.74415,53.30501,57.060234,58.93396
67.11604,65.033485,64.700386,66.57305,57.210243,60.873978,53.746788,60.37656
68.792046,68.25432,83.4201,89.18343,76.875854,68.28099,70.40147,71.46048
65.694084,69.05119,65.59747,62.423462,56.777847,59.148384,56.762695,66.04997
77.517395,77.821075,69.19835,75.15482,60.799408,56.21521,56.74978,62.727184
64.29161,64.65777,63.892357,62.305313,55.138237,55.404045,56.09265,61.8755
62.34141,56.68015,73.77773,77.10811,65.8984,60.98643,60.919094,60.653137
63.418926,63.746254,60.21401,59.912174,53.447796,54.80997,57.1393,58.120094
60.461563,60.563965,68.63566,64.49994,57.613625,60.544987,55.9092,63.576042
63.670086,61.45929,65.62117,66.610916,58.75473,59.520393,57.780327,59.304565
64.79257,64.66372,75.76514,72.38461,62.303017,60.227966,56.397526,67.55924
66.04885,64.514206,63.30827,65.59255,56.31768,58.644432,54.89912,59.906452
62.18482,62.776394,60.89363,58.86255,53.86698,60.102688,54.584187,60.11502
82.0459,83.49387,73.89514,79.57587,64.17031,58.99269,55.60824,67.916046
70.235275,69.33678,66.38596,69.35467,57.93069,59.46895,53.103752,62.427883
73.052986,67.64944,68.66492,76.66526,60.56509,56.059128,53.1407,60.366028
65.17728,63.838326,65.02134,66.99524,58.92462,60.635788,58.602543,59.623997
63.776077,64.32746,60.404682,60.280113,54.766666,59.05641,56.555813,59.318996
67.91117,66.29797,63.47996,68.28585,56.27451,54.234028,56.12885,59.166206
63.676826,63.485302,61.007683,59.29434,53.578728,57.10766,54.94544,58.621193
63.54183,63.925575,60.574436,60.55413,54.612,58.693867,56.181942,59.458977
68.000145,67.80318,64.00016,65.15018,57.916115,60.319977,56.537514,60.846935
64.777504,64.89611,63.200474,62.611187,54.975365,59.143227,54.360687,60.828262
62.65261,61.64448,65.62433,65.44801,58.32403,62.340744,57.33882,60.639717
64.540955,63.624645,64.96295,64.95713,56.837265,56.628807,59.046734,59.42123
71.341675,72.83961,66.931244,67.45724,57.63026,58.48003,55.360443,63.31216
73.30062,75.262985,71.74565,75.31805,65.363495,64.65336,59.61784,67.96819
64.24329,64.16583,64.61842,64.62172,55.094826,52.125698,58.162327,60.952015
73.63386,76.78822,70.85675,73.088745,64.06631,64.38316,58.6062,69.18893
68.34294,68.37666,63.92818,64.42623,57.39178,59.657043,55.76105,61.372375
71.50841,76.522675,72.10275,67.759315,59.95568,66.64644,51.993793,72.241394
66.67675,66.64057,65.05682,66.26604,58.72166,60.702026,57.878258,61.335056
69.21462,68.240776,70.24022,74.734314,64.29455,63.139618,60.583412,63.02843
68.75642,68.58545,67.091194,69.82949,61.044895,61.923115,58.53516,62.35203
68.793175,72.77438,67.05679,64.8963,58.55374,60.60488,56.696407,67.91815
67.74782,63.322247,69.020645,69.46512,58.19219,51.49451,55.9596,57.699894
71.17423,68.15255,65.31232,70.756256,58.408554,56.14961,53.772648,60.13868
81.918076,85.63757,73.35884,76.301414,66.53402,65.81128,54.899097,74.167854
70.42383,73.095215,66.79351,66.21624,59.091515,60.7792,56.08419,66.4566
63.443333,63.446247,61.17253,62.70777,53.92991,53.6884,57.681816,58.654385
63.96233,62.947388,62.13365,60.824657,54.326584,56.39375,55.159058,58.287956
79.64459,79.89843,72.54169,78.39376,63.136078,59.886486,53.438038,66.85825
72.43807,73.86724,68.04265,70.77095,62.052017,63.178368,57.58832,65.26025
84.038994,87.21125,78.84245,81.27786,66.979126,65.94121,51.87704,75.82284
61.59904,55.669437,73.41929,75.36069,64.79121,61.28417,59.836216,60.393406
66.3852,66.0036,61.765892,63.297665,56.218475,59.07129,56.42025,59.31691
63.970882,63.513165,61.30764,64.05153,54.31658,53.03487,57.66127,58.666874
62.76329,62.59542,62.069874,60.84495,54.16085,59.308636,54.074593,60.256237
63.66948,65.43178,64.804855,62.476246,55.875565,57.050777,59.070766,62.44416
68.54772,72.99574,74.80157,70.127396,61.697994,65.86878,54.30571,72.309425
60.15088,56.273144,69.2094,68.35457,60.265686,60.817295,56.99879,60.182865
67.8235,69.88603,68.310585,65.311554,57.513172,60.80635,54.139244,65.45599
61.97223,56.665474,72.12577,73.56238,63.550465,61.391342,59.300728,60.188812
62.55532,62.80762,61.263126,60.008324,54.016865,59.172485,54.74664,60.013737
76.32007,76.81216,68.38938,72.63677,59.58764,55.470295,56.648594,62.07959
65.629234,68.315475,66.48433,63.03431,56.5665,57.186783,56.473923,65.99198
68.176,65.42517,64.01101,69.46846,56.5865,53.45378,54.142403,60.009468
63.022488,63.664513,62.054356,61.065525,54.6082,56.504185,56.993317,60.57732
69.69219,67.58047,63.329704,68.15241,56.439304,52.955723,53.31294,60.243954
82.73966,85.54795,76.31467,79.650826,65.27612,62.60001,54.228546,72.22147
71.85237,71.78506,66.71804,67.62469,59.007496,58.722866,54.118683,63.851906
63.596844,64.04253,60.592316,60.344387,54.671947,59.10439,56.15524,59.477688
74.147026,77.23942,70.44199,70.40398,59.95755,61.90127,54.43257,68.003044
69.42584,71.07978,68.91101,70.78243,62.073414,62.632416,59.103943,65.62273
66.07047,60.92971,71.02564,73.08999,60.842377,52.431553,60.174377,57.802288
64.82145,61.530846,70.465225,74.59018,63.928215,61.45883,61.129158,60.566433
56.58168,61.436783,77.04645,68.88134,62.563114,68.647415,56.727474,73.76466
65.01012,66.80814,64.081894,61.241085,54.95658,59.932804,54.618973,62.531914
63.963406,63.3033,61.698383,63.158756,54.844517,57.192142,55.30673,59.753914
62.551723,62.432796,61.98564,59.60834,54.111916,58.867065,54.790245,59.419804
62.262936,62.10472,71.61659,67.767395,59.33851,59.70441,56.16006,64.930756
76.31079,73.841736,69.35855,71.88438,60.539925,55.84265,50.631355,63.901073
62.734783,63.294125,60.885654,59.13233,54.256493,60.52186,54.84633,60.02623
79.7201,82.43035,73.158325,76.14587,62.784874,60.444576,55.700165,68.873604
73.41769,70.87319,67.51927,73.81497,59.6001,58.41565,52.49524,61.72335
68.84263,69.81857,72.184685,75.49975,65.235504,63.641823,61.59741,66.41878
70.369095,74.395096,67.10285,66.16343,59.58634,62.176247,57.094955,67.92131
75.50689,72.90986,70.267845,71.87578,59.520428,51.887535,49.3011,65.314316
69.21929,68.3711,63.877605,67.36993,56.453545,55.904984,56.20168,59.031548
63.719654,63.176655,61.698437,59.899105,53.817303,56.94796,54.848248,58.568184
63.495434,63.36494,62.682384,61.749638,55.797398,61.494915,55.324768,60.296947
60.08107,54.762085,72.5188,72.585075,63.11577,62.211643,58.339733,60.723747
64.7424,63.95469,61.638863,64.116165,55.27136,56.428017,56.168766,59.39226
66.633736,68.83271,68.10669,64.65615,56.952633,55.28574,56.18476,66.66463
66.47389,66.29764,62.373646,64.74536,55.072258,54.496964,57.434578,58.613785
68.2787,67.87394,69.45589,72.97292,63.15121,62.59948,60.243065,63.251083
68.12129,70.25598,70.01925,66.91026,58.60303,61.261963,54.311977,66.562996
71.276825,70.66179,65.33826,66.60777,56.465904,54.895447,54.970943,59.6757
63.05256,63.079857,61.26463,61.489685,54.07533,56.741405,55.964706,59.45422
62.527966,63.42334,59.701664,58.734875,53.637665,57.62598,56.490284,59.06411
67.56791,65.03532,62.64138,63.187164,53.89932,49.671093,56.21501,55.659092
72.36447,73.59912,70.06257,68.88845,58.960968,58.951122,53.75933,65.39471
75.44575,76.48555,70.84716,71.05838,61.053993,57.625275,52.46333,68.87239
71.291824,71.09463,66.06166,69.32799,57.8456,57.699562,55.19657,61.48373
63.629055,63.193417,61.372803,62.782658,54.525047,56.42798,55.783558,59.54359
63.814175,62.5563,67.21033,69.28381,60.458714,60.702698,60.24686,60.797913
62.726963,64.824905,66.381256,63.057213,55.660976,54.729027,60.15289,63.360977
70.692085,72.65081,69.54399,71.71429,62.78925,63.17449,59.036564,66.4844
63.75152,64.26588,61.328568,60.95283,53.73243,55.4764,57.118996,58.64207
62.62735,63.360912,60.570347,59.896214,53.254063,54.978382,57.521774,58.490288
72.03609,77.0075,72.22899,67.90912,60.027767,66.98026,51.365513,72.58
70.2317,69.1244,64.123375,68.844696,56.88682,54.75786,56.705154,58.77005
70.77963,74.826164,69.85418,70.088295,62.16253,63.208546,58.734173,69.340256
75.52188,71.33078,68.454346,74.80859,61.834503,60.344177,53.28601,60.32823
64.17753,63.153328,73.681656,77.62335,66.422066,63.080578,64.34853,64.56612
62.503838,60.516727,64.85246,63.510017,56.38839,58.090637,55.69318,59.042244
76.88682,73.834435,68.8568,72.90771,60.268253,53.850616,49.872166,63.25456
68.271576,66.14046,64.93494,67.24365,57.99911,61.54068,54.425632,60.113644
70.22054,67.79611,66.21416,70.625435,58.165848,59.42758,51.920845,61.672527
68.14394,66.60422,68.703995,72.911606,62.884693,62.354588,60.024624,61.46344
64.09492,59.288704,69.87262,71.59192,60.8863,55.36043,58.948578,58.4208
77.80665,83.16385,73.770645,72.84482,64.053986,62.59628,55.075634,75.994286
64.45848,68.44549,65.56085,62.05082,56.548874,59.027493,58.37723,65.93115
62.64499,63.447803,60.27179,60.76771,53.481853,54.068542,58.47307,58.43276
63.62661,63.748505,60.02975,59.092415,53.728424,57.011753,55.677277,58.533646
66.41509,64.76921,65.84407,68.15017,59.41351,61.974545,57.71324,60.13664
73.088486,74.32279,69.48419,68.631714,58.64858,58.63907,53.52785,65.03767
66.58228,65.806206,64.07983,65.43029,55.363476,52.08723,55.07794,61.40409
63.45326,58.327145,74.437904,77.14915,66.170044,64.87902,61.35723,61.483753
74.224,82.45562,72.42389,69.38775,62.959335,64.820854,58.05456,77.11714
69.74071,70.36391,69.423294,72.49652,63.034542,62.93453,59.555744,64.62301
65.769356,65.23679,63.031315,67.00984,55.421467,51.14958,60.169823,58.28861
62.78886,60.198055,73.1489,76.72156,65.32572,60.906036,63.768185,62.495506
62.00925,62.7397,63.194782,62.193233,54.56875,54.496048,59.524315,60.145493
83.49435,83.79011,74.105545,80.752426,68.68558,65.07441,54.275734,69.40862
68.2902,69.86028,66.00721,64.622406,57.592426,58.654385,55.472122,64.83382
67.68636,66.62625,62.419193,65.26568,55.752033,54.527157,54.442734,60.209923
59.685986,55.676037,73.059814,71.166595,61.945065,60.276657,57.48471,62.318592
64.27029,62.71466,77.58912,82.65411,70.40499,64.639046,67.16411,66.282104
66.76736,71.16717,66.457954,63.244057,57.61016,60.14221,57.117546,67.72663
62.4229,58.74865,70.21325,72.64779,62.70969,59.821407,59.924477,60.385727
64.001915,61.405777,67.617,69.308174,60.538895,61.153393,58.81851,59.931652
63.47276,62.19246,64.6127,62.53908,55.244167,56.556892,55.228718,59.301994
65.76759,64.285645,61.519157,61.420547,53.679604,52.245045,56.178707,56.71606
62.785267,63.512928,61.785156,60.736202,54.533524,56.839912,57.081306,60.448593
65.48834,59.385365,69.517876,70.74087,59.45514,51.727657,57.665695,56.475163
67.01662,66.80185,64.2993,63.58028,56.518375,57.752865,55.16461,61.701687
73.90905,77.03637,69.74896,69.37437,61.003685,60.602673,54.92718,69.74725
77.76553,80.51503,71.17653,72.69227,63.23648,62.099274,54.286724,70.76275
62.91419,60.770386,68.37196,69.93826,60.68123,59.14404,60.07506,60.533314
63.915928,62.59733,62.700348,61.48245,55.020123,56.282127,56.56574,58.318596
74.21924,73.44084,69.43491,70.06381,59.82402,56.08054,51.806976,65.83978
59.939175,63.51838,72.191765,65.635475,59.443134,65.284996,55.699627,69.515945
64.80006,68.6523,64.85024,61.56633,56.544643,59.977436,57.53552,65.73562
63.47707,65.16889,63.98114,60.898846,55.341286,57.66304,56.818287,62.983383
65.506424,65.770226,63.352245,62.20339,55.98575,58.43789,56.023098,61.236275
65.65482,64.911644,67.1568,69.4002,60.63345,61.155766,59.62724,61.47589
64.74479,63.81637,66.2602,66.90627,57.94025,56.82529,60.1628,59.90854
69.77887,65.88644,66.08314,72.49152,58.436363,55.688793,54.28586,59.99652
63.301613,63.865192,61.240314,60.451233,53.582012,55.843533,56.888115,58.75878
62.96435,63.046455,60.96429,60.851128,54.262913,58.32477,55.227844,59.826588
70.01227,69.2054,64.07811,67.90523,56.704117,55.668186,56.499527,58.857624
66.92642,67.6327,75.3647,79.19964,67.96672,64.33305,64.42484,67.670166
70.52611,67.43914,64.66753,70.72753,57.234894,52.608063,52.940697,60.368504
62.84983,63.326473,60.483116,60.806637,53.83236,55.944073,57.00565,59.02955
80.03531,86.0439,73.60162,74.42769,66.13735,67.094864,56.923973,76.84139
77.09239,73.0018,68.3556,78.6101,61.352505,55.409397,53.17667,60.026318
63.656986,63.03159,62.044125,60.040413,53.808475,56.956833,54.724766,58.61423
71.600555,72.35001,66.8369,66.999504,57.267006,57.379215,54.536865,62.507206
65.771225,68.325645,64.22769,62.292904,56.737816,60.091328,57.118736,63.999905
67.56228,70.2624,65.73311,64.50852,57.84307,59.880615,57.80714,64.8543
62.139015,57.025814,70.911804,70.37401,60.46192,56.82307,57.084244,59.303085
63.385212,63.525635,62.54251,61.16152,55.181187,57.861607,57.644226,59.759712
73.635414,78.40175,69.882545,68.960205,61.443108,62.449318,56.29028,71.40688
69.107414,74.630684,76.92026,71.6942,63.181263,67.99599,54.222088,74.906204
63.67835,61.82858,68.63398,71.26416,61.75381,60.89767,60.78024,60.986465
65.926346,64.070274,61.768497,61.671223,54.122005,52.998085,55.5404,56.7665
78.32056,75.05925,71.21642,74.35459,60.9316,52.034824,48.158524,65.22844
71.48588,73.77392,70.4759,69.39827,59.616436,64.87712,50.848854,69.27473
66.14351,65.347374,70.10811,72.26734,61.12782,57.131332,62.870823,61.725258
65.9348,68.64438,64.39672,62.42684,56.855988,60.181572,57.139587,64.29031
71.55474,71.62208,67.75405,70.15445,58.708637,60.364883,53.0578,64.158165
64.44232,64.81796,67.08468,67.81912,59.679424,60.353966,59.846832,62.570465
76.37605,75.52793,70.72627,76.11135,61.6052,60.655754,51.790894,65.66282
71.34688,73.78843,68.960075,68.302444,58.744896,62.307995,53.364365,67.002655
64.455444,62.986927,63.410038,61.843647,54.465218,55.378223,54.973,58.237682
60.169857,61.482056,72.16998,66.881966,59.52173,62.276302,56.22046,67.00977
69.41911,68.52015,64.703,67.8612,56.904827,57.371185,54.98118,60.203354
68.25976,65.773506,64.23394,69.66684,56.900936,55.377274,54.48386,59.88972
64.16616,67.80401,64.52587,61.110073,56.187366,59.64953,57.59556,65.22378
68.37094,66.489914,63.15544,67.37384,56.43641,54.722412,54.386795,59.92932
67.93987,67.19845,63.336777,64.68565,56.56327,57.16666,54.980057,60.630096
67.80749,68.21855,63.53349,64.77657,55.69871,56.758343,56.593506,59.712868
65.5628,65.52771,65.53801,63.97825,55.601067,53.67527,55.533348,62.784092
80.967636,80.57884,71.29722,79.46855,63.009697,55.813812,56.2489,63.418804
61.483562,61.39092,62.81803,60.80887,55.54834,61.04876,55.53114,60.262688
86.30671,87.067375,77.283676,80.918594,65.32753,55.867584,52.34611,69.076324
67.417625,65.91615,64.34364,63.74375,55.218376,54.702423,54.61748,58.539997
69.361725,69.26709,64.265236,65.26605,57.878708,59.887558,55.542164,61.511604
64.24165,64.58596,67.36286,68.2749,60.093796,60.82176,59.959118,62.763596
69.32018,68.01931,63.13132,69.64473,56.42018,50.797863,58.668266,57.969994
61.719696,62.236057,63.20576,63.30582,54.42636,52.80996,60.878223,59.299828
62.891144,62.952717,61.0191,59.596825,54.33906,57.824837,56.648743,59.044117
61.505707,62.261982,61.9334,61.8374,54.17456,54.515743,60.055702,59.08671
74.15278,71.25848,67.31639,71.66962,57.857468,49.057644,49.639355,63.32264
61.54865,58.900227,66.30008,65.351875,58.002884,59.25365,56.355415,59.481907
65.236946,63.926144,62.806534,64.893166,55.738594,57.917744,54.91386,59.898537
64.25649,59.271687,68.271965,68.40616,58.375187,53.969128,56.477184,57.292282
63.072193,63.521187,60.20127,59.197678,53.569954,56.752663,56.237907,58.69926
63.157623,63.929005,64.29842,61.161457,55.130035,62.58796,52.363632,63.36456
62.872578,63.064217,61.728363,61.60092,53.618057,52.45558,59.418076,57.881058
66.63921,67.77984,66.31009,65.75257,57.41607,56.835938,59.67737,62.370132
68.98386,69.99821,66.02612,66.41184,57.062263,59.78431,54.412945,63.205086
71.46274,77.24984,79.11657,74.279144,64.93743,68.89776,54.007763,76.80916
62.85491,62.981003,63.88415,64.41621,54.69139,51.76385,60.111904,59.745453
63.403915,64.6066,63.459404,60.707684,54.60955,60.67314,53.842552,62.3145
66.41885,66.24027,64.199554,63.473846,55.95435,56.208168,54.854214,61.97796
75.730225,71.97764,64.97666,70.20065,56.804993,47.756996,55.352177,54.314888
64.80158,62.87404,63.49353,62.47769,55.075157,54.613663,56.832783,57.74354
68.1629,71.918106,65.96638,64.23769,58.253075,61.227005,57.179432,66.65118
65.71067,66.31926,63.83627,61.469303,54.72334,58.107002,54.289043,61.0244
69.77536,71.7882,66.57522,65.77712,58.515095,59.68683,55.61359,65.694984
75.86704,78.36922,71.899635,73.03231,61.27158,62.790054,53.11678,69.13545
58.522858,59.144676,82.78948,77.34758,67.30817,64.791084,58.533447,73.59799
62.334435,62.98209,60.78315,58.54091,53.53326,58.841354,55.19783,59.51193
86.81679,89.87649,78.2556,81.489876,69.976135,64.879944,51.89673,78.766594
63.721813,64.33998,64.97049,62.35534,55.258297,55.071068,57.073887,62.31013
63.395424,62.84938,62.288795,61.311317,54.278194,54.656483,58.005993,58.21298
63.23552,63.27735,60.739143,61.581993,54.277485,56.769733,56.15739,59.417038
63.40735,62.765102,62.164913,62.375607,54.584217,58.453514,54.201042,60.204178
63.775696,63.330906,60.711964,59.979736,54.381233,57.128777,55.60081,58.443153
75.84331,76.865074,69.55855,71.088066,59.426,57.323162,54.4535,64.325836
63.20356,63.24859,61.178143,62.05449,53.963715,55.102116,56.918335,59.01454
59.934742,58.444206,67.437,64.86523,58.146595,61.61605,56.048054,61.527115
64.17271,64.21773,63.855583,62.90532,55.766773,56.813164,58.71753,59.941364
63.73827,63.885838,61.90325,61.571144,54.166557,57.19331,55.811436,59.443047
75.54854,79.34367,73.56731,72.30812,61.782604,66.00223,51.427155,72.457634
83.7388,88.925385,75.231865,77.88436,68.70466,68.984985,56.370514,78.146416
73.59505,78.44242,69.04382,68.744675,61.560284,63.67243,56.977367,70.65731
78.01519,79.38699,73.015434,73.45354,62.590534,57.500736,51.48857,71.28728
66.23729,65.40474,62.27392,62.169594,54.224007,54.89382,55.51743,57.89066
57.72014,62.606285,70.59503,62.713963,58.223724,66.94433,55.502247,69.98279
63.087433,63.2141,61.154808,62.86115,54.145767,53.527523,58.595894,58.69358
68.0062,65.25523,67.923386,67.74537,57.46835,53.54557,55.33685,59.08026
62.91383,63.40918,60.02086,58.451347,53.755653,58.66836,55.271034,59.188747
72.441956,73.03185,69.74241,68.60481,59.180176,55.809326,52.503765,67.557976
78.697464,82.92777,71.463844,73.255936,64.515335,65.15835,55.91389,72.63626
68.94638,67.21578,63.904953,67.599396,55.61371,50.075,53.02814,61.30197
72.29087,72.80937,70.105286,68.57649,59.015347,55.048424,52.151142,67.89244
65.033875,64.12515,61.46215,60.954594,53.42209,53.2072,56.00521,57.274628
64.031944,66.040375,66.32905,61.983307,55.967678,64.33969,51.318516,66.29423
67.256714,68.89752,65.95677,66.09503,58.961697,61.077614,57.91587,63.891747
64.60608,62.24765,72.72393,77.483406,66.07822,62.885487,63.82535,62.533886
67.76836,66.780785,62.930424,63.611282,54.855515,54.775566,55.49432,57.94239
64.17022,64.18487,61.157692,62.263275,54.541218,55.396904,56.156887,59.856533
65.52193,64.73103,63.303143,63.896896,56.75002,61.26767,55.57905,60.00901
71.234764,72.89449,67.943375,68.462555,58.373363,60.75887,54.075043,65.18182
63.68252,64.08974,61.415123,61.598057,53.917545,55.470455,57.117306,58.87114
75.71044,77.837006,68.298775,70.60663,61.976772,63.006584,55.415302,67.24209
61.996414,62.681587,61.65636,59.68312,54.489876,58.043354,57.5638,59.92665
79.30515,82.851585,72.47325,74.04539,64.52054,63.330334,54.53121,72.92949
70.77537,70.78827,72.07803,70.836205,60.19552,57.903885,54.72501,65.053185
79.62086,81.08814,74.614044,78.15523,63.940586,63.717968,51.288216,70.872894
67.33147,66.405174,62.982655,62.923477,54.65486,55.111958,55.020733,58.25314
72.310844,72.19335,66.53057,67.940704,59.2854,59.30945,54.263687,63.560913
74.08781,71.919136,70.41139,70.63494,58.889587,51.5243,49.582634,65.95809
65.17784,64.056915,61.38591,60.4182,53.54381,54.42738,55.01338,57.453293
75.84933,78.8193,69.28891,70.78963,62.268944,63.002068,55.51443,69.08953
65.00181,64.86636,61.925964,63.655872,54.56996,54.691708,57.15828,58.808754
68.85578,69.255264,67.00343,69.22051,60.75643,61.896862,58.33041,63.028492
65.96714,66.53893,66.536026,67.489,59.633614,60.97745,58.88859,62.755524
70.92647,73.36144,68.022194,66.58668,57.810455,60.569595,54.16425,65.59177
62.65705,63.13519,60.506584,60.023857,53.988056,58.065163,55.81415,59.58638
64.38298,63.293575,61.918034,64.862785,54.919773,54.90678,55.972214,59.421997
63.610138,62.41806,69.84397,72.22793,61.94277,59.686684,62.533604,61.775677
71.129524,76.0527,68.046326,66.68956,60.160236,62.652008,57.218426,69.702896
62.27649,59.27652,68.28955,69.72301,60.78685,59.263123,58.91956,60.01999
64.058914,66.2391,64.78133,61.54639,55.749565,57.627594,56.949913,64.015915
77.402405,79.914185,71.04912,72.41636,62.902824,61.514412,54.062504,70.39767
63.326996,64.06508,63.552887,61.746693,55.400543,57.24502,58.419968,60.739113
63.855785,62.95091,64.68896,63.852055,55.495495,54.25989,59.833748,58.684498
67.91119,68.52309,64.859566,64.2269,57.217968,58.752728,55.503983,62.871258
62.756123,63.26676,60.20478,58.63595,54.02139,59.245213,55.30846,59.393738
77.48241,82.57968,71.1613,72.10394,64.0551,65.51368,56.73173,73.18269
62.36644,63.262497,60.077686,59.36241,53.627705,57.168587,56.758816,59.17283
64.53777,63.65737,63.744152,64.51429,57.425735,59.758194,57.87839,59.513603
75.57088,75.607506,67.95942,71.27683,58.861343,55.00891,55.716644,61.50645
73.00812,75.25731,76.85268,81.294426,70.01321,66.43138,63.299347,71.019875
60.02231,57.311314,71.75524,70.76246,62.199165,64.56691,58.236496,62.8187
76.17878,75.25847,65.905365,73.73962,59.092247,52.072586,59.152298,57.682407
73.98691,71.83869,67.10949,69.67013,59.461285,57.120026,52.29259,62.201946
72.31128,70.67221,64.29042,72.81241,57.73275,49.28576,59.71385,57.494164
66.57368,65.90031,63.53406,64.692184,55.306965,53.143467,54.426117,61.465275
64.51735,63.660294,62.46486,64.08573,54.866867,56.448685,55.241768,59.68951
62.99202,63.672977,60.871758,60.431087,54.650898,58.1249,57.143932,59.733646
62.730522,61.883823,66.4809,67.422646,59.33644,60.045338,59.789246,60.896038
64.234604,62.20836,64.32379,63.770878,56.14795,55.69512,57.22563,58.26004
74.78681,73.86692,65.50341,71.70913,58.227306,52.520638,58.197987,57.861626
67.66926,66.52561,69.973434,74.05258,63.769894,62.646873,60.90904,62.591957
68.15313,68.28899,64.51431,64.392975,57.2445,58.853783,55.41459,62.088615
67.4072,67.72069,64.11357,64.883255,55.92449,58.157646,55.312965,60.84116
76.954956,80.83213,74.46679,72.53887,62.066536,64.07608,52.50705,72.17702
69.638374,72.67439,69.232765,66.635284,58.402973,64.37711,51.938934,68.55366
71.802,70.353226,68.49926,72.115974,59.48573,61.67787,50.59254,64.7267
63.27195,66.15918,64.42358,61.137817,55.720867,58.33779,58.2755,63.919533
63.470615,59.1129,69.50148,68.7771,58.886837,55.015987,56.590897,58.842773
68.80599,69.172005,64.88425,64.45493,55.872433,57.055378,54.79165,60.95245
65.74844,65.97294,74.958954,71.74278,61.788715,60.268055,56.013264,67.39009
73.059395,79.814674,70.47052,68.352684,61.787785,63.904594,57.61952,73.8016
74.22564,74.21115,67.23388,69.53345,60.385727,60.170025,54.06756,64.19061
76.85726,74.20176,67.91893,72.06535,61.008297,58.12768,51.577835,62.042503
64.642815,63.854813,61.575775,64.12853,55.191147,56.17888,56.192345,59.3793
61.9192,65.822945,68.25695,61.776764,56.863396,65.87757,52.85638,68.57883
62.831337,60.883266,66.94793,67.40096,59.487946,61.876724,57.89286,60.39147
59.609097,59.93969,66.37796,62.53059,56.928814,62.51494,55.576008,62.81962
63.34976,62.779224,67.89018,69.35246,60.461956,60.229473,60.890175,61.763336
86.08508,85.02171,76.104965,81.13003,67.29302,58.029957,47.440384,70.96896
62.873165,63.07317,61.09417,60.976284,53.97576,57.03447,55.982452,59.45746
59.83001,57.888622,71.75479,68.60684,60.291595,60.554134,56.87226,63.487667
64.60588,64.74172,62.122185,62.129986,55.022343,56.386417,55.890865,60.610806
67.40896,68.23438,64.215,63.699318,57.08976,59.44446,56.049423,62.42612
62.45485,63.01551,60.841198,59.85581,53.730022,57.688694,55.954754,59.483994
68.467766,66.87525,62.9339,66.66384,56.49808,55.50129,54.567158,59.87481
65.23779,66.18611,65.08373,64.02009,56.541588,57.052475,59.092976,61.62865
61.81882,59.59925,65.65823,64.31522,57.160664,59.00144,55.93479,59.42633
66.52567,64.964386,66.107086,68.78669,59.98661,61.62972,58.683342,60.091774
71.47322,76.13032,75.896194,71.838745,62.63891,66.198586,53.80195,73.46087
72.84548,73.409035,67.25186,70.12002,61.281204,62.178185,56.408035,64.04538
63.085228,62.185173,62.969486,62.627293,56.359047,59.288452,56.465878,59.322983
68.7127,66.199585,64.70897,69.05201,58.088882,58.632244,55.51903,59.6213
68.05612,67.47547,63.885326,66.09919,56.13694,57.273376,55.367046,59.810627
69.41461,68.62252,63.793766,67.578865,56.457787,55.28609,56.661736,58.819466
72.918465,71.6797,64.86661,71.327034,57.89097,53.356697,57.71353,58.184677
70.112,68.044365,64.194534,68.18103,57.940872,57.800747,54.658936,59.866924
63.288834,60.639328,72.07697,75.18764,63.982285,59.657104,62.891693,61.712444
72.40218,69.85368,64.910164,72.07416,57.14271,48.189774,53.91803,60.405643
66.29417,68.01402,66.43448,66.258995,58.943813,60.533726,58.629818,64.01208
62.726055,63.47796,59.831207,58.91926,53.614437,57.23039,56.481724,58.908928
68.29246,67.50395,65.7649,70.98177,57.262497,49.959717,62.80486,58.23199
59.50112,60.457146,67.333046,63.716824,57.980324,64.85216,56.321705,64.00442
80.77716,83.31369,75.55511,78.27651,64.44426,63.85547,52.48819,72.12749
66.10246,65.24788,65.70706,64.09624,55.91846,56.327408,54.856224,60.26624
62.241425,63.129955,60.296696,58.691555,53.5276,58.09558,56.071537,59.331425
65.64398,64.569214,62.48064,65.858795,55.219345,54.224056,56.464703,59.115917
64.54638,68.007996,65.2565,62.15,56.482315,58.907074,58.2894,65.156006
71.91879,70.40883,70.46618,68.77868,57.94093,51.025146,50.048317,66.7401
64.242966,62.957603,62.58013,64.45906,55.06257,57.081394,54.42664,60.082497
72.12704,77.04699,72.35683,68.52156,60.264282,65.7065,52.993507,71.80703
61.57289,62.18152,61.986835,60.551,54.41124,56.69077,58.92975,59.404
67.99944,65.66049,64.85908,64.87669,55.596394,53.419632,54.80727,57.723816
63.158615,58.83355,72.08541,74.9311,63.69332,58.20745,61.159916,60.32794
66.68621,68.06311,67.751976,64.837746,57.11863,59.898197,54.45372,64.26659
66.26652,65.77475,68.16265,70.71943,61.57289,61.64016,60.033302,62.33476
70.09489,69.142006,65.594765,71.87977,57.616974,49.62871,62.299282,57.88545
60.37458,58.246593,71.133766,68.26334,59.866726,59.847492,56.74746,62.818993
72.433876,73.37933,73.401886,78.03078,67.148735,65.04428,61.290447,67.396904
71.647026,69.98079,64.4474,67.50746,58.4243,58.5858,54.140366,60.312355
72.157326,72.49178,68.47367,68.1608,59.09332,57.052017,53.205097,66.02535
60.861187,63.904125,70.24514,64.34513,58.253014,63.95585,55.387222,67.76821
65.49412,64.31421,61.076332,60.73173,53.558712,53.372753,55.58011,57.058327
72.57312,71.71628,65.405014,68.32412,57.01204,53.89715,55.90385,58.93843
68.87954,71.44231,73.946396,76.478195,66.27418,64.222946,62.468426,69.267426
77.24112,80.38898,80.9622,86.09277,74.50658,69.24666,64.82864,75.26958
73.13249,72.244316,66.64223,68.68666,59.498234,58.9054,53.6502,62.889874
64.06984,62.96363,62.33802,64.022575,54.945053,57.13325,54.581387,60.027706
62.38968,58.588028,76.36581,81.18484,69.003044,62.81491,65.43994,63.46448
62.38768,63.053177,60.80371,59.81085,53.581333,57.08456,56.377613,59.286163
65.3674,65.56167,63.577908,62.354805,55.716652,57.274906,55.617367,61.586838
72.42784,72.97105,66.9248,67.99252,57.581287,56.742393,54.977722,62.08406
79.71817,84.26745,76.54326,75.707436,64.14468,66.72604,52.17312,75.21333
77.61831,81.22481,74.1267,74.196915,62.588017,64.75487,52.600872,72.132095
66.13926,65.4212,62.62114,63.611,56.452686,60.59932,55.626522,59.67124
74.24916,76.701584,70.07036,72.94222,63.80968,64.32554,58.027225,67.94112
66.39444,65.46186,62.734795,64.38537,56.574673,59.886665,55.80263,59.582745
63.77358,63.179443,61.943672,62.546043,54.817867,58.396603,54.669994,60.02745
72.05055,73.91674,69.709816,72.41953,63.273094,63.60811,58.70862,66.62813
65.796036,64.76904,70.53355,68.365845,58.89566,57.32817,55.638386,63.039703
70.953835,73.06892,71.596664,74.34474,64.663,63.946598,60.282074,67.76343
61.91438,55.833714,74.318695,77.35019,66.13112,61.13792,60.809593,60.67628
62.233097,62.725693,61.90319,59.631718,53.770638,59.350544,54.54235,60.336643
63.17088,65.03109,65.77676,61.034058,55.569138,64.19228,51.760883,65.56546
71.95443,75.25583,70.11709,67.497185,58.87731,62.471,53.2154,68.27636
63.01443,63.456814,60.833622,60.18269,53.23019,54.419678,57.365143,58.240574
68.73188,68.35293,62.65903,67.39152,55.790062,51.720436,59.133755,57.754826
66.29984,64.020386,62.68667,62.232475,54.11578,51.92234,56.10276,56.503845
75.19819,75.0809,68.008965,73.21148,59.720695,56.88115,55.84689,62.185703
78.67791,76.74202,73.38901,80.0143,63.904697,63.17376,48.28837,68.18187
63.859142,63.60819,60.987114,62.487476,54.71452,56.814224,56.17274,59.414585
66.3749,67.17735,63.592796,62.818516,56.593388,59.40771,56.340538,61.852055
63.634254,62.799908,62.448563,61.143036,54.525322,55.568302,57.364758,58.33846
70.24451,68.63068,63.65635,70.7286,56.93608,51.05896,58.262604,58.11221
67.56953,65.2033,61.89427,62.450314,53.59777,50.0165,55.54313,55.624535
68.019005,70.13919,68.46596,69.32334,61.1776,62.090157,59.165062,65.81223
64.131256,66.86611,65.38584,62.000336,56.022102,57.571507,57.679886,64.69597
60.789097,58.536697,68.46266,66.27982,58.58132,59.922485,56.277115,61.11234
71.747665,72.590546,66.386826,68.8293,57.874268,57.613476,56.138176,62.083836
68.87138,72.64793,66.24546,64.81098,58.63418,61.504704,57.116276,66.92699
63.07834,63.471394,60.322754,61.322994,53.93557,55.235123,57.40064,58.861954
70.300766,67.16589,65.253746,70.83732,58.137886,55.84613,54.05447,60.05461
68.42171,70.70095,71.650955,73.28989,63.564117,62.03589,61.47341,67.37592
62.361805,63.14659,60.393272,60.509865,53.873135,55.78975,58.028847,58.98443
67.99822,66.78566,62.141125,64.23567,54.471493,50.99449,57.338448,56.54952
58.756668,59.71664,66.94595,62.45379,57.234608,63.72602,55.633293,63.920357
62.533073,63.199623,60.826218,59.59352,53.2883,55.986668,56.811775,58.77995
61.62618,59.694958,65.366425,64.48475,57.67289,60.029316,56.444954,59.75842
63.19132,56.00961,80.271645,85.34467,71.69899,59.404667,66.429726,62.425274
61.320965,54.870735,71.933395,72.19616,62.05792,57.80823,57.708477,58.882515
65.32267,67.788795,66.02459,62.318855,56.011726,63.023735,52.669334,65.66103
76.41775,78.658554,68.751335,71.231445,62.43001,63.272007,55.324703,67.79189
60.75967,58.67108,66.10388,64.60987,57.843895,60.62085,56.158066,60.105675
77.94482,74.46579,68.85192,74.22504,60.42208,52.375175,49.057217,63.043316
78.01494,80.96045,76.31064,81.150566,70.167015,67.63228,60.850685,72.595116
67.087265,66.13891,61.96715,64.81506,55.777065,55.72896,55.13698,59.695213
62.940746,63.744915,60.092735,59.283142,54.243195,59.08809,56.21743,59.464478
68.24762,67.42999,63.322693,66.97169,56.02724,54.808266,56.755836,58.842796
63.079525,60.49512,67.10549,67.94492,59.72215,60.62494,58.017838,59.817833
80.44025,76.61663,71.218704,76.36886,61.93146,52.131527,47.438522,64.41081
62.469494,62.37949,61.84666,59.65659,54.28291,59.04435,54.953396,59.45635
76.329506,78.436775,69.24219,71.2773,62.25462,62.32108,54.817654,68.168274
64.010414,64.22769,64.1939,63.938618,57.276028,59.725266,58.093906,61.005028
64.07962,67.2897,66.017624,61.3397,55.821342,62.64443,54.185074,65.5327
76.3584,75.859245,72.6779,72.339066,60.815918,53.57324,49.763714,69.33288
68.68591,74.79479,68.61887,64.859276,59.035534,61.083977,57.312088,71.2611
63.25797,66.34333,65.79373,62.315197,55.969906,56.8955,59.446354,64.46775
62.689053,61.711514,62.856262,61.488663,55.375652,58.371044,55.544376,59.094193
62.67393,63.169777,61.346073,59.859497,54.704475,58.64635,57.1046,59.723156
62.15014,62.810875,61.72061,58.61187,53.670574,59.64529,54.54135,60.15589
67.31664,66.115005,62.441547,68.100266,55.666,50.96711,58.434105,58.17602
66.34894,68.21383,65.58311,63.4031,56.117004,61.425327,53.64918,64.24437
61.42857,62.225235,61.6838,58.428173,54.00484,61.4446,54.18371,60.722404
76.1805,73.1733,66.494194,72.06003,60.02121,55.999416,51.419037,61.004745
64.843994,64.031296,62.204014,64.73173,54.85167,54.73443,56.353233,59.193848
68.014145,69.90067,65.871925,63.84429,56.24295,59.83032,54.36086,63.638393
63.53547,63.65335,60.817623,60.293846,53.30344,54.15255,57.062458,57.976585
64.88325,59.906708,67.464325,68.28934,58.32451,53.10904,56.825184,56.813885
64.58597,65.04821,61.506218,62.3222,54.13627,54.666348,57.78409,58.532078
70.168045,68.99001,65.96531,66.57744,57.590042,56.14505,53.38139,62.480198
64.3071,67.53596,64.222206,61.15264,56.154503,59.687214,57.425213,64.630066
82.36717,82.63229,74.05444,77.344505,65.15146,59.079124,50.23878,70.87408
67.91766,66.94289,63.53075,66.67665,56.063454,56.02774,55.80598,59.277256
70.76922,69.81817,65.5717,66.68779,58.23452,58.293694,54.12588,61.988102
62.605083,62.61532,61.713017,60.17247,54.175316,60.117805,53.86841,60.381645
65.604,64.41096,60.88684,60.721737,53.60487,53.289635,55.650616,56.979145
64.53765,66.16276,65.28169,63.44332,56.33261,56.98818,59.264748,62.494236
67.36577,68.187584,69.390434,70.66951,60.780567,58.683647,61.295826,63.76204
65.935745,67.98557,65.96891,62.841915,56.442886,57.32373,55.563343,65.35262
84.469955,87.09323,77.63292,79.85582,65.63234,61.37902,53.215534,72.801765
65.02573,62.836815,64.37761,63.323532,54.822826,52.366943,58.074265,57.260452
65.67779,68.388824,64.31032,62.2228,56.72612,60.08736,57.16582,64.2188
61.34244,62.289177,62.663303,61.514378,54.387146,55.1242,59.956787,59.79924
67.320305,67.84335,63.934578,64.410614,57.654835,60.486202,56.878853,61.52011
66.12684,63.41342,63.17861,63.293404,54.871506,52.20545,55.851997,56.472134
81.616165,78.77997,74.203804,77.15283,63.27748,52.92919,46.790123,67.8885
71.846405,79.64412,71.10448,67.43705,61.32869,63.20985,57.802845,75.23699
59.55905,62.541687,73.65141,67.258255,60.417503,64.940575,56.13897,69.75597
77.63255,82.76529,76.05339,78.56416,68.70178,67.29774,60.174667,75.590546
61.748894,60.555656,64.17031,62.29695,56.02979,59.56866,55.493702,59.687096
70.56719,71.993515,67.99767,68.23871,58.314186,61.572422,53.14213,65.57673
63.02094,63.53503,64.052864,61.381264,54.94887,61.884212,52.40234,63.01229
66.785065,61.43727,67.26426,68.083916,57.03796,49.841328,56.15799,55.5338
72.25948,73.9133,71.73823,75.30154,65.26798,64.374016,60.04395,67.41445
66.61451,69.42829,67.44555,63.686913,56.86978,61.950134,54.032032,65.89355
63.47896,64.21292,64.16752,61.57576,55.102085,56.027054,56.775272,62.056595
64.140564,64.977234,62.80315,61.234898,54.504467,58.960197,55.075436,60.77552
62.974495,63.440342,60.257317,59.240604,54.239536,58.35373,56.42912,59.153046
61.635063,62.50356,69.237,64.83107,57.73808,60.652977,55.656155,64.66795
65.23646,64.94125,61.522125,64.907875,54.56165,51.920475,58.627247,58.160637
63.749218,62.92484,62.746555,62.714756,54.757454,59.10543,53.56956,60.436993
61.462563,60.37625,66.909065,64.13166,57.029045,59.317337,55.748512,61.244743
64.64459,64.48588,61.52349,62.00994,55.38718,59.40755,55.85326,59.582836
66.4794,68.57639,64.13262,62.844425,56.993187,60.26337,56.93587,63.47763
61.078297,61.527737,65.0897,61.412083,55.655045,60.51864,55.20928,61.915344
69.37362,68.29216,65.60515,66.21012,56.98517,54.97802,53.32295,62.53499
65.37989,68.07541,64.83867,62.634438,56.69848,59.236103,57.86934,64.19093
65.83205,66.55119,65.006294,65.20158,58.188015,60.435272,57.951378,62.15833
77.63336,79.67561,71.50861,72.756676,62.80806,60.384033,53.282364,70.393036
68.92789,70.63971,65.89679,65.09234,56.62905,59.213257,55.070698,63.169384
63.264744,63.511364,60.40503,61.816193,54.037106,54.867428,57.47344,58.824085
67.82742,65.1887,65.73525,65.733444,56.119625,53.242958,55.032585,57.88831
71.504906,72.473236,70.42141,74.015686,64.18875,63.740086,59.56561,65.753586
66.44261,67.76518,63.553905,62.79527,56.799362,60.10048,56.753857,62.239754
69.07961,68.341675,71.25503,75.77177,65.097115,63.44647,61.24812,63.854195
63.751488,63.228775,61.599648,63.361263,54.439056,55.262764,56.28503,59.28865
63.43955,62.461006,72.79506,69.63712,60.21732,58.597206,56.353523,64.6829
83.25284,81.69437,74.96746,78.51326,64.90829,55.51346,47.56166,69.72748
63.236202,61.462982,63.367035,62.97244,56.21247,57.2762,56.142773,58.524887
75.62102,77.21396,69.563515,72.59574,60.201454,58.913338,55.67984,65.11908
62.25213,63.078976,60.632526,59.447254,53.46883,57.039135,56.57563,59.20512
62.43173,63.424183,60.235016,60.128723,53.22675,54.243702,58.37558,58.386623
76.55547,81.31544,70.36072,71.28026,63.34979,64.98169,56.689888,71.984825
65.70561,65.32842,67.32964,69.32955,60.657944,61.211906,59.649994,62.003654
67.38566,66.97056,71.00962,73.293045,61.650963,56.750256,63.309914,62.506664
61.22674,53.178535,76.46348,76.515076,64.78528,56.42982,58.69789,60.14611
64.14054,66.49144,65.26821,61.966427,55.896748,57.28837,57.350956,64.33709
63.70553,58.92005,80.800285,78.79017,66.14233,55.707233,58.61316,66.15017
65.06608,63.04471,63.527245,62.49111,54.930973,54.12503,56.841076,57.560955
68.23001,69.38636,72.10455,75.08016,64.961914,63.445984,61.694466,66.53416
64.235374,63.706894,61.744,62.81308,55.070324,58.119328,55.371197,59.745495
70.61776,69.38452,66.67088,66.92976,57.838364,55.968243,53.015118,63.014256
65.63469,63.236816,68.43265,71.82942,62.0741,62.068832,60.366642,60.27323
70.28047,73.874664,79.04496,75.16135,64.900955,65.5015,54.94855,74.04128
61.91742,62.84146,60.44376,58.02294,53.699852,60.307755,54.861176,60.021122
63.516296,63.498276,60.956753,63.174934,54.055996,52.894257,58.362347,58.478336
63.56312,63.303066,68.62096,65.50129,57.51404,58.511765,55.533745,62.892197
75.1323,74.40113,68.11024,70.5006,60.579662,58.847855,52.925915,64.34597
73.12542,74.419785,69.41919,70.99698,59.638912,61.478603,53.104515,66.322495
66.33637,64.60838,61.495037,61.71753,53.48991,51.067055,56.05935,56.225216
77.73811,78.98519,70.69005,75.086006,61.38828,58.547985,55.677,65.45941
64.39257,62.928547,63.988686,63.36425,55.880875,55.9043,57.610554,58.5536
62.80789,63.35603,60.046215,60.228992,54.039616,57.333122,56.445545,59.33497
61.942696,62.80505,65.03107,62.80759,54.90123,53.616898,60.193886,61.08447
70.312325,68.77827,63.819893,66.85059,58.125393,59.46104,55.058796,59.747093
71.70621,68.332085,66.07401,73.233475,58.715664,56.45017,53.12468,60.321583
63.392265,59.63961,66.601166,66.65084,58.030937,56.01536,56.596268,58.05419
64.40954,64.58261,61.265842,63.21315,54.124855,53.056805,58.373978,58.294857
68.45482,67.542015,65.480545,67.55394,57.08965,59.670853,52.98513,62.028427
62.571503,61.246075,70.055626,72.56888,62.672104,61.12861,62.260605,62.165005
73.62451,76.3755,70.22521,68.76682,59.196728,61.250515,53.34512,67.57465
65.65698,61.93268,66.25159,66.26795,56.74111,52.52633,57.42603,56.98386
70.71129,74.13833,68.43271,66.66885,59.31226,59.764816,55.577217,68.76895
66.09436,65.797104,62.001324,62.780647,54.331142,54.17186,56.90953,57.934906
68.531364,69.61023,67.29739,66.71213,57.605003,62.408764,52.107597,65.50115
85.38891,90.17938,78.91929,82.98728,72.75002,70.98347,58.417873,80.09468
65.94444,64.79445,62.27454,63.117146,53.983116,50.76595,58.059303,56.703747
73.24735,75.79673,67.83746,68.56353,60.623627,61.81056,55.695396,67.2843
65.1663,65.661514,69.108604,70.79695,61.81328,61.64099,60.76871,63.90973
62.396587,64.23863,63.429016,60.357224,55.031925,57.79225,57.947594,62.213486
67.32919,66.660774,63.997944,64.68185,55.928143,54.746483,54.208,61.711586
75.80534,79.76154,69.72644,71.23726,63.06666,64.58888,56.803482,70.26726
76.01404,77.030174,70.89319,74.150826,61.145447,61.03437,53.23731,66.85038
74.067,74.622246,73.1188,78.46548,67.413826,65.41946,60.62588,66.90326
69.3966,70.290764,65.60269,65.16664,56.395817,57.843513,54.83868,61.998898
68.05359,67.71829,65.30962,64.540955,56.937893,57.16714,54.503136,62.535233
68.13004,67.35141,64.38726,66.60637,56.444157,58.09164,54.496677,60.508877
69.29638,68.00901,63.482117,69.0976,56.514572,52.66353,57.59908,58.440174
65.61754,66.23414,72.62645,75.47031,65.12238,62.988544,62.926525,65.94692
75.95068,79.0576,69.28348,71.66814,63.139027,64.52956,56.683548,68.83158
75.45667,72.619804,67.17804,71.67471,59.48413,54.34867,50.941704,62.108032
62.4886,60.184185,67.593994,68.77849,60.133224,59.28742,59.116997,60.205627
67.1893,64.32391,64.46479,69.423,56.92838,55.7423,54.78431,59.864902
75.97842,80.53689,71.62548,73.12182,64.52512,65.25286,57.852192,72.10319
63.406094,57.026928,70.52309,71.43679,60.81901,54.76144,57.547985,57.55199
68.44698,69.92358,65.61777,65.338135,56.642323,59.53347,55.016525,63.01123
69.246765,67.745544,62.839012,65.17433,55.039703,51.807564,56.62026,56.69799
75.22785,79.403046,69.29568,70.25851,62.4463,64.26251,56.687653,70.23615
62.905605,59.48602,68.45689,69.57838,60.77357,60.52319,58.39666,59.766006
63.55045,63.50618,65.188286,65.40703,58.15505,59.94268,58.88524,61.157654
63.200344,59.874123,66.60332,67.049,58.567707,56.834896,57.418587,58.565105
63.78982,63.867516,60.567314,61.776478,54.662716,57.07355,56.612213,59.251957
63.682865,60.21386,65.778114,66.059906,57.70595,55.764263,56.650375,57.89278
66.873344,64.43788,65.19962,67.03161,57.084335,60.80033,52.86005,60.714
69.320526,68.32417,64.85381,64.59501,55.635994,55.00842,54.226147,59.362404
67.305565,65.50905,62.99574,67.00743,56.245827,55.22996,54.965378,59.757435
78.42681,82.857056,79.159645,83.20254,72.27315,68.7794,62.481953,76.38242
79.10404,84.16433,72.47229,74.157425,65.561714,66.468735,56.912632,74.335396
75.15654,72.04178,65.715614,71.95365,58.913742,53.27674,51.104416,60.917187
66.70127,66.15122,64.11251,64.417404,55.478497,53.599716,53.995174,62.131287
73.92266,73.88697,68.85412,69.62534,59.97966,57.616585,52.82949,65.92166
66.25952,69.65866,65.0164,62.70318,57.180016,60.43685,57.275337,65.47223
61.203457,61.96018,70.82363,66.224304,58.726322,60.98281,55.986744,65.52227
62.8695,62.064915,63.008965,62.100906,55.991997,58.443565,57.04139,59.330864
67.829384,68.08508,64.78241,66.00854,58.62148,60.904842,57.296062,61.650074
76.209236,76.890465,70.90516,74.63198,61.2826,60.895435,53.035553,66.622215
79.86434,82.70648,72.3612,74.581215,64.63564,62.995888,53.978287,72.06331
69.95884,72.72737,66.62562,66.7222,59.64682,61.966263,57.220627,65.98656
63.36142,63.268112,60.914986,61.97872,54.337112,56.520607,56.1382,59.412746
68.82305,69.83331,66.05011,65.09357,57.704903,58.37488,55.079853,64.36518
70.831726,67.41106,65.459984,71.617256,58.06924,54.408775,53.40461,60.24548
72.03342,68.83177,66.41901,72.78232,58.85259,58.04719,52.39293,60.60453
64.09141,63.103962,61.99238,64.04038,54.890244,56.44525,55.159897,59.789604
62.445557,58.66504,69.87936,68.5943,59.21851,56.68869,56.642056,59.934402
67.18909,66.057465,62.893635,67.14576,55.744698,53.638588,56.942238,58.83159
68.69533,67.29542,63.8924,66.55404,55.844433,52.138485,53.053326,61.531277
64.96215,63.748962,61.94863,61.574863,53.893524,52.76761,57.005985,57.17164
70.92417,73.01407,73.10997,76.31036,66.08097,64.47747,61.333496,68.51443
67.64214,71.516106,68.98772,64.23888,57.69198,65.69357,51.35797,69.45738
68.09709,71.64831,68.31826,64.49795,57.476425,63.007973,53.666676,67.37391
67.924965,66.50705,64.72197,67.21743,56.70144,58.964825,53.24036,60.966755
73.56201,77.54934,72.83889,74.84415,65.50156,65.014305,59.78433,71.28616
63.98359,64.49567,63.655643,62.3056,55.683475,57.373207,58.35854,60.55528
69.96285,68.378845,63.21014,66.87699,57.037075,55.978195,54.10218,60.015953
63.802902,63.5618,61.059235,62.340538,54.703056,57.115356,55.993687,59.491276
69.3507,70.105515,77.540474,74.94041,63.833916,60.899323,55.676903,69.63657
65.591385,65.57276,62.47284,63.205456,54.833282,56.768913,56.144123,59.21223
83.47249,87.02813,75.03204,77.93511,67.54353,65.323166,53.91352,75.780525
63.33255,63.067955,61.421925,62.07821,54.365593,57.109947,55.500595,59.664745
72.13346,78.25275,69.48347,67.55772,61.05857,63.348,57.487488,72.21555
64.303276,60.72108,70.33425,73.57877,63.31713,61.526226,60.41033,60.35353
63.76936,67.5031,67.59445,62.060947,56.645424,64.61388,53.251667,67.63084
64.29778,63.82458,62.09842,63.446297,54.571934,55.85922,55.992664,59.362698
68.55905,70.196,66.85629,67.74864,60.04487,61.716663,58.070873,64.47548
65.52084,67.17786,64.31424,61.56774,55.084126,59.70051,54.465103,62.522022
84.285446,86.52721,78.62735,82.44607,67.24999,65.359474,51.065277,74.84676
69.464645,72.70666,70.49226,67.09871,58.949448,62.833317,53.804607,68.29094
66.9936,73.042244,67.29786,63.364582,58.19332,61.233894,57.87059,69.91477
67.53043,66.76741,63.453716,62.82513,54.760952,55.50167,54.524075,58.88207
64.5006,62.966366,63.65593,63.178234,54.21575,50.985588,58.928825,57.04935
63.33363,63.671787,60.28933,59.774197,53.459324,55.236637,56.901638,58.25743
62.44672,62.809498,61.124832,59.662235,53.97075,59.41875,54.733574,60.030113
66.04307,64.6165,64.007225,64.440125,56.550526,61.753292,53.56886,60.48304
65.22488,65.13866,67.10732,65.39943,55.76388,51.482464,57.364292,62.880714
70.00307,68.78856,64.9652,66.39422,57.50907,56.823505,53.90202,61.52877
57.760887,58.65328,73.14798,68.90559,61.797554,67.079346,57.8479,67.47293
75.071625,72.684456,67.736664,70.589615,60.01426,57.1627,51.807438,62.420113
64.5872,66.92375,64.67463,61.56116,55.966877,58.303116,56.504993,64.35167
65.65689,67.09815,64.36303,61.438328,55.00462,59.438217,54.162556,62.380005
64.355675,64.68471,61.46155,61.47746,53.879093,54.980873,57.203472,58.424072
74.09541,74.71046,67.80566,71.55433,59.179832,57.630325,55.889404,62.84386
65.33097,67.89099,64.08317,61.943996,56.516975,59.931244,57.164608,63.884514
64.48992,64.18881,62.31761,62.906593,54.623466,57.049305,55.50107,59.556816
63.241417,62.188118,64.011505,62.98098,54.589386,52.669994,59.673256,57.926743
72.21747,72.43713,69.84349,71.59665,59.91304,63.36621,50.439114,67.18975
73.04652,71.080154,69.151405,69.66685,58.426674,52.349426,50.505203,65.002815
75.0214,79.00616,76.29835,79.59274,69.08596,66.694695,61.74184,73.35907
65.67699,65.379845,62.731342,63.613655,55.029915,57.26173,55.543674,59.477734
60.641693,62.26667,73.456055,68.089775,60.397243,62.91322,56.266666,68.14703
66.516685,68.27276,63.89527,62.865383,56.934746,60.21112,56.8498,62.94713
86.51007,88.1392,79.62149,85.06376,68.71573,64.10289,51.575386,74.60892
77.785324,74.316795,69.395485,74.29803,60.162533,51.016403,48.533363,63.78605
63.08832,63.1709,61.31753,61.864452,53.876125,55.25587,56.8063,59.05182
65.20144,61.654793,71.55942,70.357506,59.60727,54.224186,56.516884,60.71173
66.69813,65.52442,62.882042,66.706215,55.633842,54.291325,56.447845,59.073048
64.56496,63.36738,61.92144,65.32092,55.00166,54.38285,56.185158,59.325695
71.60229,69.80142,65.16414,68.05127,57.93599,55.855263,53.096573,61.33076
69.102325,66.20886,67.70298,71.513725,61.074745,62.728214,57.1274,60.243637
67.225815,63.607384,68.80209,68.679985,57.990604,52.77056,55.808956,58.627934
76.80414,78.631714,70.511055,73.69945,60.91491,59.230988,55.65569,66.01202
63.958023,62.3141,65.39498,65.502426,57.397182,56.92036,58.431347,59.195675
65.49126,67.7989,64.76845,62.885822,56.701035,59.002106,57.947933,63.638775
72.88441,68.23906,68.52668,74.87897,61.21285,60.66535,54.142143,60.11393
62.801426,63.45097,59.784115,58.48245,53.75042,58.41248,55.688087,59.151165
70.1408,66.721535,66.064384,71.51491,59.079754,58.592617,55.015503,59.78598
68.41401,67.53037,65.70428,65.71378,56.338203,53.520226,53.095974,63.08939
62.377514,63.04135,60.50187,58.245914,53.650482,59.46582,54.93433,59.617542
63.14886,63.06358,61.456745,61.847706,54.096912,56.422096,55.99357,59.424908
62.720577,58.420174,69.123764,68.42624,59.02798,56.4088,56.583035,58.913773
58.586353,57.939236,69.27467,65.730896,59.217106,63.5618,56.40686,63.665096
69.25447,69.33379,66.80271,67.92991,57.719326,61.012352,52.548695,63.99112
61.384903,62.26098,61.585693,58.323456,53.8656,60.94039,54.55417,60.49645
65.584564,63.664276,62.904476,67.1843,55.62494,54.4689,55.365658,59.62671
65.10433,66.666916,64.16064,62.61529,56.351166,58.657635,57.866997,62.38028
67.6015,66.87145,63.02077,64.57091,56.27197,56.62135,54.975307,60.51441
68.63247,67.850494,66.37482,65.63671,56.680172,54.2189,53.081905,63.552
72.442696,75.73055,68.72985,68.03757,60.277622,60.80638,55.549007,68.89772
76.26358,76.57228,70.787865,71.77725,61.31733,57.490303,51.96495,68.05436
68.02248,67.45182,65.663826,64.88491,56.601643,55.436474,53.815014,62.93426
65.29695,60.092133,68.92421,70.03512,59.18649,52.68697,58.035572,57.07424
63.455063,63.36545,60.746563,62.153316,54.372047,56.132317,56.420017,59.297626
70.44329,66.92393,67.28145,70.7912,59.619415,62.611347,53.17257,60.57323
63.048355,62.56824,67.36795,68.6148,60.147797,60.533195,60.466415,61.716415
69.45797,66.02665,65.505325,71.362946,58.123432,55.968475,54.46679,59.936516
67.602684,67.15844,65.71501,64.57324,56.403385,55.176605,53.830402,63.135212
67.22912,68.748314,68.02953,69.052414,60.863953,61.76259,59.256554,64.77031
68.715454,67.646065,65.275856,67.786064,57.07563,59.087914,53.36893,61.496174
69.09157,70.40233,69.43042,68.062836,58.765568,65.33478,49.66603,68.464874
76.768585,76.334045,69.36341,75.3754,60.88512,57.58208,54.881824,63.25246
65.41471,67.0871,66.03103,63.167202,56.201046,63.07084,52.00248,65.38482
62.49718,62.821644,61.203014,59.878784,53.9519,59.05212,54.886967,59.952385
63.23008,63.47989,63.08277,61.556644,55.228794,57.23896,58.214497,59.957863
72.583786,74.3593,69.042274,69.91805,59.20776,61.289875,53.70747,66.19916
63.91518,64.34224,62.532097,64.27872,54.550415,51.897984,60.893375,58.249672
69.96882,72.56874,70.73588,71.72989,62.033493,60.21136,60.865486,67.066605
68.29111,68.433014,65.567604,67.341965,59.463127,61.286747,57.661503,61.937374
62.791145,63.196873,61.88594,60.13975,53.87512,58.73646,54.97833,59.94879
62.75882,62.097816,66.33752,67.1995,59.178055,60.026707,59.87851,60.967606
62.980194,63.605927,67.83319,64.69561,55.56134,51.439785,60.297234,62.610317
64.01178,63.321392,61.841732,61.15441,54.042637,54.128574,57.412743,57.83525
68.50303,70.680145,66.80302,66.38549,58.46524,58.857357,58.78169,64.44968
71.09673,69.921646,64.54423,69.43914,57.269733,55.207355,56.470116,58.826954
66.33714,65.563065,62.45223,64.11521,56.511627,59.72591,56.137012,59.45143
60.99363,62.078182,64.76099,61.01553,55.915115,63.579327,54.40056,63.102966
75.37335,74.398636,67.152504,73.746605,59.532207,55.283398,56.439495,60.32325
67.69356,66.33258,62.647587,63.31503,54.557575,53.792034,55.44971,57.332153
63.094032,63.429535,60.38558,61.31534,54.00511,55.631256,57.120205,58.990158
65.15712,64.659744,63.87412,65.21622,55.06012,51.704777,57.199806,60.555088
62.65943,62.37381,63.95176,62.931263,56.71901,62.30753,56.043274,60.687492
68.45838,66.72139,63.786877,67.08516,57.68399,59.206127,55.755405,59.53961
63.350075,62.20237,65.06874,65.14728,57.549488,58.191364,58.503075,59.73884
70.912605,72.30581,66.91734,68.818985,60.720913,62.38399,57.394928,64.46637
66.89682,68.85072,65.55927,63.699425,56.19477,60.854412,54.232033,63.936108
62.27876,59.57278,65.79866,65.15412,57.640625,58.17802,56.350636,58.99272
65.81876,65.334206,62.900795,64.10156,55.073975,53.61589,55.131096,60.932022
69.77202,68.65586,65.86846,66.38023,57.30342,55.570675,53.33324,62.582787
75.7175,79.52522,72.7272,75.3586,65.894875,65.60038,58.931553,71.477264
64.68832,64.41057,61.984425,61.930347,55.504967,60.41714,55.169548,59.867256
66.40247,66.63151,67.00714,64.008484,56.145523,54.238556,54.40305,64.499176
72.77913,77.570564,72.651985,73.60463,64.7967,64.69092,59.738644,72.09084
63.037594,63.48147,60.528732,61.76956,53.743458,53.688473,58.33749,58.478565
62.854397,58.748573,70.1832,72.24785,62.02562,58.05181,59.59476,59.71135
62.737457,62.895912,61.230255,60.474586,54.089664,58.604805,55.018448,59.89419
77.598114,81.42645,74.30675,74.024025,62.62157,65.07717,52.54705,72.51865
83.215675,79.3979,70.68115,78.01365,64.54085,58.457893,48.6717,62.310833
72.79019,73.29491,68.11334,70.842445,59.068752,59.631325,54.058933,64.13385
74.78422,73.46352,66.47406,73.28214,59.1255,54.80535,56.57664,59.477795
64.68485,64.99827,61.738735,62.45786,54.28127,55.316185,57.249767,58.76627
65.053955,64.160706,62.121075,64.12575,55.567795,57.659565,55.671577,59.605835
77.30753,80.04339,72.306015,72.67156,61.174,60.985756,53.819466,68.772194
66.64988,66.99587,64.71621,63.30747,56.457264,57.626488,55.26903,62.614815
69.23396,70.258415,68.01168,67.66885,58.132355,62.974445,51.53537,66.223366
62.060844,62.637108,61.163174,58.38298,53.924484,61.410355,53.78774,60.459988
65.34148,62.833828,65.401726,64.5781,55.059032,50.898014,59.053837,57.00631
61.273407,56.7269,69.85985,69.13493,60.101994,58.602493,56.878544,59.511097
65.06381,67.32804,65.33261,62.05203,56.117523,57.72372,56.056763,64.932915
63.470715,63.438614,60.625874,62.213535,54.318382,55.633087,56.780834,59.138306
68.431786,67.85643,68.99538,66.15623,56.7569,51.96597,52.792107,65.66793
62.317978,59.21863,66.92972,65.80685,57.673485,57.77194,56.039845,59.020702
67.923775,66.3919,63.871258,67.545876,56.367092,56.39415,54.940277,59.67193
64.774284,63.48146,63.04371,64.57109,55.25303,57.920444,53.900562,60.265118
63.411575,63.59052,64.222244,62.830185,55.52411,55.971264,59.354843,60.03954
68.04551,67.350266,65.072945,65.04566,56.462837,55.21061,53.890556,62.41743
72.02805,73.1008,67.72013,69.51228,58.56479,59.639584,54.558693,64.154175
76.02355,82.06509,71.305466,70.85972,63.40798,65.07178,57.177227,74.16407
78.50602,83.079575,71.92022,73.967995,65.243,66.12073,56.962406,73.06705
65.19631,64.86327,61.658295,64.75678,54.605877,52.57591,58.199852,58.35228
69.0826,66.74917,64.726746,68.69428,58.39367,59.70406,55.709312,59.565918
62.985306,62.885284,60.84348,59.64874,54.48689,58.451725,55.507313,59.038555
64.491005,66.57868,63.46351,61.268353,55.991447,59.53648,57.138435,62.922115
66.127,66.77267,62.959393,62.52694,56.48911,59.856277,56.62774,61.088623
60.842842,64.109215,77.54534,71.34392,63.226307,66.09455,56.504204,72.49741
78.378525,76.43281,67.23183,74.1831,59.241997,49.893402,57.041817,57.212914
68.202,64.62126,65.535126,71.2137,57.644802,55.841,54.28203,60.04029
64.73843,63.59916,61.739628,60.89003,54.159348,54.728764,56.271046,57.688053
70.58745,73.80097,66.99995,66.956894,59.911716,62.239475,57.14383,66.846344
64.90563,61.277126,65.77704,65.57526,56.455273,53.613747,55.871044,57.13541
63.754852,58.89401,82.11151,87.69242,73.939995,61.83315,70.68348,65.265274
63.768845,67.06345,65.74577,62.42892,56.230648,57.567978,59.244644,64.787605
65.69416,66.73128,65.561,65.280945,57.932198,59.292454,58.653187,62.49272
63.488586,57.971306,72.90914,75.88522,64.08757,56.91136,60.795498,59.57787
74.61459,74.95296,71.25849,70.597145,60.21344,55.238365,51.407738,68.743835
64.473434,64.09215,65.029976,64.49445,56.094326,55.21978,60.0248,59.53419
64.32606,66.38521,64.42535,62.185352,56.106655,58.278305,58.23502,62.96675
60.351646,59.59051,64.95824,62.596237,56.802017,62.22111,55.664295,60.853935
67.57826,68.747734,64.61632,63.867832,55.802036,58.390915,55.314682,61.716335
68.050865,66.62662,63.820614,67.506645,56.34577,56.183147,55.207188,59.54653
62.13629,61.5067,64.33047,62.82873,54.910267,54.084732,60.336227,58.67443
67.877396,71.757805,68.52823,64.41537,57.579144,63.587112,53.64476,67.906235
62.90078,63.293427,60.82663,62.054092,53.890945,53.740578,58.567707,58.596664
67.792755,67.17931,62.488384,67.15083,55.58852,51.847794,58.658566,58.0262
73.49796,79.01798,69.5871,68.683304,61.69275,63.792377,57.194527,71.82343
61.53826,57.189167,69.16582,69.794876,60.93699,59.216267,57.86011,59.469666
64.11216,63.55632,64.07733,64.64988,57.612442,61.505325,57.411087,60.15234
72.696594,71.19838,63.992752,69.23468,56.688618,50.65973,58.041573,56.46875
70.88382,70.750496,65.98962,68.92092,57.704704,57.98713,55.01147,61.64012
63.20469,63.615547,61.702908,60.23816,54.97461,58.786594,56.943874,59.90514
69.210144,65.85947,66.47954,67.27411,56.69337,51.91256,55.091213,57.28086
66.35678,66.36358,65.29207,63.298523,56.08598,56.081562,54.550343,62.999542
71.13681,70.00871,71.04934,70.6875,59.598206,55.75459,54.82253,62.873833
64.40301,63.3893,63.39637,64.335754,57.276638,59.449654,57.46087,59.23353
64.85536,65.02662,62.476795,62.126358,55.30631,57.029408,55.94353,60.775738
76.66433,77.22326,70.023056,71.906006,61.77606,59.35219,52.834534,67.44079
64.9677,63.536686,62.6875,65.64852,55.24024,55.516182,55.21509,59.701973
76.9376,79.78091,71.4675,72.08861,62.661858,60.903347,53.970642,71.16627
62.71199,62.531807,62.028458,60.53691,54.266922,60.254257,53.538853,60.507446
70.606064,69.558945,80.222145,86.5623,74.083015,67.303635,67.33791,68.83096
63.702755,66.15308,63.73039,60.928036,55.733448,59.016663,57.581295,63.30334
62.789173,59.64627,69.434044,67.764786,58.55201,56.274593,56.42075,60.21597
57.396137,53.66416,75.70037,73.028244,64.00317,63.072704,58.130474,64.75939
64.00286,63.58263,61.241615,59.68276,53.515797,56.22888,55.055584,58.313034
72.615486,74.11796,67.38359,69.01788,58.2879,58.14759,55.970974,63.342583
69.47912,68.464325,65.10362,65.89714,57.344925,56.854446,54.01921,61.81218
62.14309,57.060562,72.959045,74.55817,64.33166,63.0732,59.83107,60.864334
67.995674,72.785805,66.69824,64.13122,58.4162,61.376965,57.46385,68.26645
62.754066,63.204712,62.589844,59.46277,53.843708,58.408802,54.656322,60.226894
67.25046,65.69308,63.49052,66.22551,57.124294,59.32578,55.673378,59.60433
77.65982,79.28746,76.10915,81.99624,70.53519,67.51749,61.201447,70.488014
79.165535,76.20512,71.96343,74.72844,61.853554,53.89347,48.37319,65.77619
63.752132,62.10832,68.308075,69.88664,60.27728,58.393215,60.799835,60.60505
73.34616,76.09551,68.642876,68.77426,60.65341,61.0738,55.302727,68.28892
63.67554,64.099304,62.626015,61.19057,55.343777,58.249657,57.466156,60.23429
68.19175,65.23837,68.45803,71.75891,61.41969,63.486015,57.224686,60.655964
61.537586,61.570854,62.722748,60.70842,55.495308,61.216194,55.54359,60.330887
62.43907,63.26095,59.99593,58.246857,53.813232,59.489292,55.375404,59.57846
66.84269,65.743805,62.619698,62.405224,54.369186,54.941322,54.973667,57.889484
82.21174,87.09813,78.86952,77.436646,65.704056,67.80135,51.6617,77.64826
74.41414,80.66244,70.677025,69.48313,62.460697,64.38156,57.360054,73.62577
60.975975,58.823215,66.417725,65.2533,58.264374,60.91718,56.48153,60.192127
75.71968,80.13863,74.05008,71.97823,61.919415,66.5937,51.542534,73.34848
62.462498,63.125507,60.355984,59.226192,53.973686,59.135063,55.462994,59.76343
66.142365,63.72424,63.963623,67.84958,56.271805,56.2687,54.42184,60.03329
74.430046,80.571625,70.5875,69.49324,62.43844,64.361404,57.32345,73.43864
65.53867,66.85798,63.38954,62.104862,56.326473,59.595154,56.758213,62.139225
68.39487,69.444916,67.03414,66.49552,57.447563,62.091393,52.375507,65.15187
62.14998,63.288784,59.541862,58.376617,53.67952,58.475067,56.3898,59.39208
70.608955,72.58387,74.94204,72.27142,62.029205,61.772556,54.647182,69.412445
83.854,85.40951,75.40057,78.660194,66.773056,61.275692,50.995564,73.70389
60.91606,56.9277,72.41647,70.67183,61.11571,58.475132,57.257126,61.624233
62.014866,62.796955,61.102085,58.961857,53.42993,58.339767,55.63735,59.59833
62.97763,63.64022,61.97027,60.04461,54.93808,58.732574,56.96904,60.35815
65.85224,66.19193,70.593796,72.6426,62.507343,60.39184,62.13359,64.086845
62.51187,63.081467,61.043774,59.330986,53.33039,56.861694,56.138687,59.00861
64.93939,64.18944,60.47443,59.9868,53.735126,55.041176,55.469833,57.607758
69.096054,67.649796,64.663536,66.8919,56.04081,51.775616,52.633995,62.153
65.054665,61.553593,65.069984,65.42435,56.62437,53.559948,56.342037,57.006557
76.90994,73.68385,66.68741,72.81039,60.3007,55.68502,51.035233,60.953373
65.11823,64.86078,61.281246,62.836628,55.51227,58.01057,56.564224,59.266247
66.43468,65.98801,66.40841,68.3925,60.02488,61.097466,58.870506,61.500214
68.40894,67.60318,74.444275,79.514496,67.941795,64.42438,63.63616,65.49759
65.615074,64.95164,72.148415,75.830345,65.14673,62.86563,62.848377,64.211395
66.25099,68.20511,66.99956,64.04463,56.80309,63.89541,51.456856,66.53165
62.870735,61.715252,70.67254,73.52101,63.382416,61.67447,62.734764,62.67994
65.99567,65.41718,62.670845,64.76554,55.188023,55.78912,56.14646,59.214138
64.014595,63.67665,60.873436,59.50309,53.60631,56.486202,55.117535,58.3361
62.79178,63.356064,60.042297,58.420563,53.736984,58.74907,55.31618,59.255386
63.191372,62.687157,62.120605,61.604088,55.727512,59.162975,56.231594,59.273304
72.54919,70.87888,66.438736,71.84743,58.65132,57.2819,54.278313,60.80481
66.16131,64.95334,63.165283,65.764946,55.59847,56.512295,55.020992,59.714973
65.81373,65.5399,61.88723,63.09488,55.504436,56.84454,55.789013,59.994
82.47607,85.849495,79.57753,78.99289,66.19189,64.29275,51.967686,75.52136
63.682247,62.94282,62.083374,62.833614,54.753006,58.107185,54.44535,60.107975
66.74313,64.712006,62.961884,67.48754,55.828922,53.785313,54.756004,59.81645
64.814255,61.915226,66.33003,66.611,57.497723,54.71682,58.12643,58.134045
63.70019,63.118477,63.04408,61.892044,55.109383,56.362778,57.999485,58.911102
64.945694,63.160152,67.18394,68.558525,59.930737,63.374393,57.520992,60.886032
63.587696,66.64066,67.425514,64.24548,56.474392,55.144764,61.237843,64.61695
65.576294,66.56294,63.181965,62.361492,54.946564,58.229065,55.805786,60.61914
65.52574,63.072556,63.230156,63.042713,55.045746,53.27586,56.070007,56.953724
73.38797,73.70251,69.06713,68.94501,58.448772,56.915188,53.68705,63.471664
63.956272,64.06719,61.884712,62.453304,54.63702,55.03602,56.680576,60.13969
63.116783,58.664383,67.69822,68.12289,59.099777,56.142063,57.04838,58.07207
65.063705,64.80041,61.643314,62.483414,55.64937,59.36027,56.078762,59.487778
76.38085,78.6494,72.69038,74.05964,61.882122,63.732822,52.02949,70.02936
63.40087,64.21734,64.49777,61.547607,55.16429,56.041763,56.89551,62.280685
63.40066,63.215805,60.97515,59.73229,54.237164,57.205082,56.358932,58.710827
62.48799,62.118626,62.111687,60.303013,54.751354,58.932858,55.245186,59.361492
65.0141,65.95944,62.815826,61.652344,55.99933,59.509895,56.81786,61.28398
78.633224,86.241356,74.450676,73.218575,65.72014,66.85046,57.667114,79.10387
77.90529,76.66067,69.97263,73.117485,61.922462,58.089916,51.371593,65.4711
69.71177,67.67218,69.0932,71.225426,59.19485,62.478287,50.79707,64.610634
64.76654,64.133835,62.375362,65.720566,54.801315,51.361526,58.686565,58.762436
68.82679,67.02617,63.954647,69.11597,56.720604,54.62515,55.789173,59.2722
64.12677,63.48002,63.907425,63.429893,56.153465,57.111282,58.347088,59.365833
63.576145,62.949173,62.627537,62.214176,54.613068,59.230362,53.690052,60.386623
74.65304,78.12506,69.89712,69.92087,61.596745,61.63867,55.286484,70.20876
70.28764,67.903404,64.92835,69.039154,58.69112,59.455563,55.14164,59.73609
71.95788,68.20724,71.783295,72.98453,60.23353,51.607132,55.50692,59.800095
64.22881,63.431656,61.96381,63.48523,55.0395,57.46395,55.16504,59.809704
62.70237,63.062946,60.941444,61.922604,54.197735,54.99982,58.245945,59.011246
70.393845,75.074646,71.545784,66.75137,59.409958,67.40964,50.545185,72.24633
63.980984,61.15284,68.809685,70.39223,60.36182,57.06799,60.054173,59.700245
68.57059,65.87535,65.6258,68.5642,58.201622,61.025135,53.844856,60.316788
62.74909,63.52376,59.71831,59.725845,54.01341,57.53285,56.73718,59.236324
68.231155,67.63692,65.10152,66.88971,56.784035,59.188454,53.67175,61.652374
71.209564,71.69872,66.75213,67.077225,58.813404,58.811234,54.463207,64.44128
63.37022,61.743675,63.183315,62.547947,55.81203,57.102448,55.906,58.489956
61.56574,62.540047,61.193443,60.676132,53.977966,55.57838,59.238136,59.125458
76.259895,74.200066,68.061066,75.85423,60.476715,56.09464,54.710842,60.82126
79.846725,80.96277,74.16633,78.456024,63.844753,62.62336,51.908157,69.82778
60.913746,59.610332,71.105385,67.60276,59.20438,59.028263,56.545288,63.453907
63.297318,63.63815,61.607635,61.847805,54.50325,55.56253,57.199593,59.934647
65.08144,65.242256,62.735546,62.217052,55.48442,57.294075,55.906223,60.909534
68.876976,69.02505,66.26354,65.284996,57.4278,57.105232,54.279564,63.857014
64.94639,64.96857,66.28212,67.30987,59.402107,60.653885,59.14101,61.890076
64.14284,62.567074,63.891792,62.648575,54.793213,53.643154,58.256214,57.83081
64.84328,60.803394,75.125755,79.09258,65.96328,57.345837,64.718925,61.424667
65.17085,64.08342,61.353962,61.189472,53.673046,52.768635,56.56751,57.0563
72.43499,67.838745,68.568405,74.32896,60.943836,61.222446,53.5475,60.361122
69.273285,69.1199,63.17842,66.69434,55.99945,54.01085,58.15165,58.148438
70.290436,72.20395,72.912796,70.35447,60.63685,61.2086,54.40139,68.05473
71.44753,71.83223,69.03285,68.17939,58.28141,57.547752,54.038437,63.622086
79.77441,79.75147,70.844154,77.9838,62.337227,56.490547,56.113094,63.730804
74.22407,72.49688,65.34262,73.45893,58.59993,51.988457,58.05005,57.983715
61.862625,62.723194,60.862083,58.194286,53.5752,60.00668,54.832233,59.99443
68.10901,70.831505,65.162315,64.1666,57.978554,60.99666,56.921833,64.95777
63.280792,61.08407,65.572365,65.70471,57.812725,57.434715,57.77698,59.060497
63.178562,64.7011,62.899113,60.487247,55.271957,58.664448,57.413925,61.75094
61.243855,62.286533,61.65252,60.59098,54.2302,56.333416,59.319775,59.573
78.53997,75.27976,70.993996,74.34405,61.231155,53.199112,48.513763,64.793175
72.99866,71.98485,64.79435,70.96298,57.803936,53.43411,57.962364,58.06011
64.18759,64.10239,69.02977,70.88431,61.75607,61.390038,61.111473,63.118477
62.184643,59.19162,68.344666,66.79857,58.27842,57.61088,56.26524,59.934616
63.453793,65.436325,64.60613,60.638702,55.03233,62.41469,52.857178,64.30017
71.824715,73.957535,66.56422,67.873344,60.27957,62.488388,56.691975,65.39392
70.22708,68.36492,66.283295,69.71287,60.39929,60.67861,56.650578,60.42931
61.35147,60.47643,64.24191,61.89496,55.867123,60.215145,55.29357,60.090004
70.12659,69.99104,66.86123,68.81195,57.98304,60.2836,53.00309,63.505436
61.640747,59.28318,70.69263,70.950066,62.142784,65.76131,58.83149,62.215286
79.584274,79.15585,70.23023,74.752335,60.561638,53.355133,55.13755,61.961563
65.16122,62.963383,68.4556,72.00909,62.159653,61.402657,60.64065,60.46917
57.47814,60.490643,71.33978,65.39261,59.757442,67.498146,56.749714,68.553856
63.61388,61.564342,66.92176,68.66701,60.050262,59.962006,59.107025,60.0271
62.885345,61.32944,64.456696,62.650726,55.598377,57.577168,55.31012,59.10216
64.18674,66.252106,63.842594,61.52828,55.932392,58.85633,57.681828,62.870216
66.51068,67.16038,70.651855,73.118034,63.45232,62.510883,61.345364,65.00757
65.561806,63.558704,63.29028,66.86318,55.85132,55.977448,54.81887,59.885628
66.59171,64.443825,64.733116,66.41232,56.866367,60.605507,53.253372,60.566185
58.79365,59.845005,78.88868,73.194244,64.18408,64.04123,57.621185,71.16648
60.897438,58.293568,67.080536,66.09735,58.781498,60.7691,56.66363,60.123634
68.92479,67.42485,66.67659,69.54747,56.49566,48.60822,56.228428,61.699425
66.232285,65.97124,62.03151,62.99371,54.406918,54.09173,57.058895,57.93508
69.01358,69.38155,65.048416,66.53567,56.71655,58.16983,55.309498,61.413704
75.26662,77.57811,70.07434,71.8444,60.205757,60.123615,55.306267,66.45135
76.56128,73.967926,68.2922,71.89267,60.794903,57.424908,51.33682,62.567093
64.8026,64.625755,61.948353,63.502728,54.543762,55.017822,56.891888,58.93635
71.04487,69.19572,64.0713,67.85362,57.405167,55.204327,53.328384,60.587578
66.05043,67.16915,63.984924,63.026352,55.41272,59.11595,55.124027,61.662746
64.94963,65.74062,64.64357,63.553547,56.316628,57.200016,58.834915,61.281807
62.01864,58.3512,70.19439,70.96154,61.87781,62.376965,58.62772,60.633385
70.495316,70.196106,68.89848,68.12559,58.156483,56.697773,54.390728,62.66475
66.30462,67.96798,63.828857,62.709,56.797073,60.021614,56.800945,62.817078
64.614044,63.604523,63.005333,63.267815,55.505806,60.156544,53.808224,60.38041
63.02569,63.618584,61.99001,61.23211,54.581905,56.279236,57.124317,60.431713
65.70139,68.91107,66.37282,63.97226,57.188694,58.210987,59.086853,65.2209
63.60373,60.321964,66.63026,67.071526,58.378338,56.287132,57.60856,58.446735
73.13396,76.18398,75.462326,78.98698,68.34922,65.898575,62.040455,71.31032
61.81524,59.974945,66.29658,65.74275,58.518852,61.386,56.990547,60.30459
69.04561,69.97103,65.75416,65.20731,57.841473,58.858257,55.2497,63.967724
74.35356,76.40466,72.55145,71.244026,60.678993,60.53473,53.465427,68.087074
62.506073,63.318413,60.6042,59.956898,53.209824,54.812305,57.712482,58.50083
64.16834,63.901596,60.31193,59.46063,53.70993,56.25302,55.483044,58.17429
64.54199,64.58331,61.568687,62.22475,54.85074,56.109303,55.955982,60.169827
70.85365,71.41856,79.39035,77.17727,65.31766,60.799282,55.78923,70.66177
56.00152,58.753628,72.67592,65.69883,60.083874,66.41344,56.547592,69.157326
55.843456,55.361904,76.44581,71.72296,63.870388,66.358185,58.14319,68.50331
63.61228,58.414013,73.81869,77.317535,66.09326,62.764503,61.47676,60.945084
72.48185,76.969666,68.251976,67.79942,60.812725,63.11406,56.96995,69.518715
61.554344,57.74938,68.20274,67.43809,59.049744,58.65155,56.5768,59.2753
66.025986,67.95394,65.197754,63.824135,56.98899,58.51238,58.35963,63.25763
66.186,67.21414,65.874016,64.26128,56.410027,62.197556,52.290947,64.532974
65.354706,65.07692,61.771584,62.558426,55.864143,59.800728,56.118057,59.47768
71.36062,74.42955,70.43548,68.48527,59.3839,64.797714,51.6233,69.530334
77.47847,75.47702,71.22638,73.11487,61.195904,54.776226,49.692696,66.19355
68.04578,68.88311,69.68906,72.141556,62.82033,62.56699,60.214497,64.86721
74.97481,76.91291,80.64222,78.79017,66.51073,62.510567,54.775707,73.25883
60.840004,61.43586,63.521458,62.573105,54.363503,53.312016,61.800964,58.92795
64.04119,61.984432,64.55762,64.135635,56.468613,56.04625,57.324284,58.417255
70.02255,73.042076,72.0327,73.41739,63.669895,61.976658,61.237644,68.567505
74.623314,77.727325,72.1549,71.661064,60.98551,64.52266,52.055836,70.48008
63.16281,64.52682,62.521004,60.2069,55.17914,58.926876,57.108284,61.47196
66.53904,67.28141,66.65724,67.68169,59.79755,61.158405,58.75792,63.0719
63.0835,61.39129,63.922585,63.303005,56.504112,57.58866,56.896294,58.854454
67.79784,70.807274,69.57183,65.87861,57.746346,55.19635,56.291336,68.575516
64.45505,60.932964,66.01823,66.03815,57.26061,54.506363,57.09145,57.58862
64.28808,63.200874,62.09324,64.71444,54.86431,55.17892,55.756897,59.50454
59.727406,59.440018,65.59074,62.43667,56.86284,62.49677,55.55086,61.782337
63.509964,63.16607,61.258896,62.381546,54.510803,56.96552,55.589176,59.642784
62.14158,62.922108,60.721252,59.90299,53.87748,56.228073,58.138157,58.941998
63.96089,63.522644,63.46173,62.80238,55.885197,57.39887,58.15965,59.42564
64.753456,67.409966,64.75511,61.657536,56.14735,58.693462,56.70257,64.68098
64.35191,63.568653,61.37331,60.531963,54.08053,55.210884,56.36198,57.923096
73.05395,70.49842,66.110115,72.967,58.81194,56.110596,54.450893,59.647606
70.05786,71.65292,68.980576,71.12029,62.297188,62.8281,58.957237,65.6574
64.4768,63.7151,61.620228,63.8924,55.108673,56.453693,55.953903,59.48016
74.38721,76.98933,68.09405,69.47713,61.32896,62.633102,55.75946,67.55135
62.74814,64.2041,62.454014,59.884865,54.996944,58.79723,57.171852,61.509758
64.52286,68.24053,64.7246,61.351448,56.36317,59.760105,57.46886,65.52045
62.688507,60.623753,64.34265,63.777317,56.81609,57.922916,56.223923,58.8352
81.95966,87.32456,74.1492,76.188805,67.34087,67.96693,56.53826,76.95652
63.917793,62.908424,62.2955,63.675613,54.860653,57.3968,54.49565,60.067184
71.66308,63.18176,82.66878,83.82986,68.28777,48.1308,58.688385,62.347973
73.63966,77.19314,70.77859,69.732025,59.914112,62.97766,53.874523,68.994446
69.01012,68.599594,62.80495,67.57851,55.915863,51.91021,59.026783,57.78845
67.49424,70.23976,68.34808,64.82889,57.487644,61.89998,54.015446,66.34452
67.1385,68.483765,69.120285,70.662704,61.905323,62.11536,60.01994,65.10256
71.23385,71.480644,76.73016,82.16951,70.32524,65.99248,64.216354,68.270164
65.0078,65.68801,63.175232,61.754692,55.868793,58.745567,56.38678,61.438232
65.59254,65.64265,64.263885,62.91951,55.527298,55.52687,54.834236,62.35714
76.895676,78.1706,71.62855,72.30956,61.98577,58.270657,52.30431,69.80866
69.15797,72.61801,66.24639,65.06367,58.692074,61.36641,56.90808,66.64418
58.832466,54.302532,79.606285,76.731544,65.735,59.448288,58.944084,66.19336
68.10547,67.61414,65.79185,64.71081,56.845196,56.327034,54.0418,62.917446
65.931046,66.20736,62.675697,65.53211,55.053963,51.49624,60.80801,57.90528
67.5624,69.562874,64.43031,63.708126,57.5261,60.647034,56.798954,63.62843
64.25692,67.32436,64.72587,61.758083,56.21889,58.902573,58.063435,64.44818
72.760086,77.31895,68.43059,68.03416,60.992355,63.247574,56.96534,69.76434
66.93832,66.02523,64.1404,65.771935,55.417778,51.76652,54.7921,61.442165
72.27704,72.66614,66.020706,68.69958,57.588013,56.005043,56.454857,60.85459
64.50191,64.196304,60.756462,62.936687,54.509727,54.887398,56.015194,59.398045
63.19104,61.38774,63.69415,62.96424,56.234406,57.246502,56.616802,58.615578
68.984436,71.575836,70.145584,67.02858,58.722733,61.823856,54.037064,67.23136
69.81187,67.287735,64.94341,70.58116,57.54048,56.187653,54.117863,59.96541
66.52425,63.04283,66.034676,65.92409,56.082237,51.315994,57.763054,56.713753
63.245415,63.5039,60.35508,61.69975,54.065685,55.143696,57.348324,58.888012
62.36817,63.13576,63.922276,60.30995,54.55037,59.126152,54.82266,61.381374
70.47743,67.75027,65.363014,71.25977,57.921814,56.649185,53.667225,60.129894
79.79511,79.87833,82.20611,82.49128,68.20585,58.31159,54.629303,71.79848
71.27713,69.56222,64.45959,67.61954,57.897133,56.789196,53.666847,60.670143
71.56771,73.25586,67.09981,67.875336,57.862354,58.71318,55.617992,63.576847
66.14758,65.419655,69.11876,72.13887,62.500687,61.943268,60.724564,62.545048
79.32586,78.53719,74.77071,76.62632,62.69533,54.437534,53.67174,65.08357
67.01861,65.17454,63.67834,66.836525,56.934036,58.41765,55.329056,59.71982
61.9008,62.207676,62.400215,61.361008,54.27922,54.922222,59.56292,58.834354
72.28221,72.29217,68.057594,68.210945,59.112156,57.33842,53.261875,65.289566
60.69604,60.932045,65.294014,61.757744,56.02774,61.068226,55.317383,61.902966
78.542694,84.79572,72.93405,73.086205,65.160385,66.3773,57.10193,76.23854
63.376965,63.56248,61.040718,60.169262,54.816116,58.729237,56.784184,59.255375
60.5294,58.9418,66.741714,65.13222,58.34779,62.60415,56.442787,60.966484
65.542496,64.659195,62.752007,63.678383,56.05723,60.073822,54.984318,59.91535
72.209274,73.48974,73.63894,71.98032,61.28092,59.97163,54.32538,67.68112
64.66997,61.569607,69.296585,72.1394,62.35622,61.786926,60.030087,60.220028
67.97166,69.08003,64.89894,64.05097,55.91244,58.320583,55.062622,61.865944
64.73917,63.854305,61.65802,64.390686,55.20522,55.915035,56.103046,59.404808
65.14417,64.95419,68.175735,66.287056,58.430965,65.0508,53.149883,64.65056
65.60121,66.20444,74.029,70.64236,61.12827,60.588776,55.789482,67.22942
64.59574,65.29631,66.31486,66.59641,59.03845,60.43435,59.166557,62.653656
68.148125,68.611824,70.46917,73.51414,63.704334,62.87824,60.769974,64.828835
77.48134,82.11662,74.573494,77.18902,67.52433,66.737076,59.29092,74.08244
65.4373,65.03139,62.390846,61.360836,54.13646,56.259815,55.059235,58.705322
68.10871,67.560455,65.04303,64.64965,56.862705,56.977844,54.441498,62.15303
63.123383,63.382584,60.6342,59.082092,53.56405,57.367752,55.524307,58.85968
65.22486,61.694614,71.26324,75.320816,64.514435,62.701626,61.443348,60.764736
65.748146,68.96253,64.7027,62.29173,56.87667,60.21119,57.280415,65.02765
67.93449,70.19374,70.360146,67.08787,58.802925,61.56755,54.3625,66.92313
67.42619,69.04306,64.09919,63.58893,57.367752,60.52098,56.719475,62.973057
66.2446,68.629196,64.26401,62.664814,56.93925,60.23258,57.02958,63.866764
68.083885,68.21698,63.825047,64.38286,55.561554,56.449944,55.811893,59.747177
69.94995,69.594666,72.36586,71.01652,60.340935,57.637745,55.02256,64.80282
67.59531,68.10192,64.814606,63.998924,57.014923,58.435555,55.421616,62.764526
75.10669,77.855354,72.67812,76.22987,66.24682,65.459145,59.411568,69.82137
74.20231,75.19508,69.25407,72.001274,59.865143,60.066856,54.09104,65.29035
69.42783,67.837166,63.12884,66.80942,56.867992,55.885338,54.295303,59.957962
73.71564,77.3268,71.14892,69.92698,60.11538,63.55965,53.400196,69.56148
62.871254,63.112545,60.733475,59.45067,54.48839,59.243332,55.560608,59.370087
72.64605,73.08743,68.6815,71.09221,59.34643,60.811634,52.95248,65.12566
64.245804,62.72408,62.49137,61.834644,54.939114,55.78607,55.582024,57.957985
67.85063,65.74238,75.25848,81.17777,69.05831,64.63773,64.61538,64.41487
66.33708,67.97424,64.85892,62.128822,55.386288,59.66156,54.191654,62.86391
62.552364,63.127655,60.678745,61.27192,53.990406,55.155243,58.229973,58.929504
63.099735,62.609245,62.306637,61.70005,54.406178,59.108616,53.87762,60.333633
64.34702,63.315804,63.559227,64.48234,57.3827,59.613747,57.49285,59.307377
65.37985,65.63428,63.526257,62.180813,55.86937,57.99106,55.854637,61.446793
74.47827,76.206726,69.68595,69.98712,60.850006,59.318203,53.813965,68.36315
69.536316,68.31089,63.270412,65.91257,57.64547,59.260838,55.289642,59.671722
66.095505,66.653625,63.43303,63.261444,56.930267,60.0029,56.942142,61.210396
68.86075,70.53024,67.47926,68.66151,60.653984,62.001617,58.362465,64.85991
68.522766,71.006096,69.226875,70.165215,61.82289,62.46446,59.420364,66.70264
69.90089,68.12819,63.67225,65.043785,55.30448,53.213573,54.98147,57.320087
68.18378,70.54076,69.1589,69.766655,61.15399,61.067657,59.899406,66.16378
67.95017,70.855415,66.54208,64.31482,57.770973,59.243782,56.077606,66.522026
66.60359,67.02772,66.62671,67.953964,59.911697,61.17809,58.78313,62.67668
68.25968,68.88071,65.944626,67.38689,59.591953,61.38112,57.806824,62.72122
63.44738,63.995266,60.137894,60.416897,54.485737,58.00495,56.738274,59.230087
63.121964,58.855675,69.19911,70.75847,60.886066,57.08261,58.640522,58.98779
65.56134,64.356735,63.839596,64.77668,55.721886,59.68522,52.86063,60.995697
63.773407,63.556534,61.93904,63.983612,54.488026,52.804977,58.263546,59.11811
72.91493,72.98697,69.916176,72.28411,60.14079,62.804043,50.810604,66.84535
64.03079,64.73918,69.18751,65.64191,57.864147,59.88152,55.29287,64.37548
61.619984,61.695965,63.45485,62.26579,54.53911,54.151432,60.56928,58.8269
67.70761,69.58511,71.4373,73.45864,63.94583,63.04394,61.259033,66.99318
71.29621,75.357315,71.03965,67.73125,59.458096,65.75875,51.620876,70.82579
69.57386,69.49434,69.62518,66.54408,57.302254,52.643127,51.747894,67.12959
68.59237,69.55047,70.009155,72.6209,63.18137,62.815357,60.229893,65.23196
64.913956,63.686764,62.10541,61.763184,53.895844,52.460938,57.25669,57.130318
65.061844,61.879723,70.17941,74.17205,63.65124,61.741722,60.987602,60.50236
72.86111,71.10027,66.709175,72.3026,58.881657,57.44146,54.044563,61.015343
70.12768,72.107124,66.89661,66.76315,57.52766,59.9933,55.027336,64.25276
68.20037,68.414276,69.632355,72.652626,63.050316,62.61386,60.256916,64.09195
67.339935,65.818825,63.22403,66.36232,57.015472,58.42365,55.934654,59.47808
72.11893,75.9336,68.25636,68.46939,61.073067,63.047634,57.27198,68.52797
66.8926,67.85638,65.17228,64.45229,56.210983,60.355247,53.892685,63.01931
68.07075,69.0611,65.23139,65.328156,56.47616,59.316357,54.81933,62.455177
63.117523,61.853004,64.23466,63.866955,56.875366,58.08946,57.621105,59.35878
67.26681,67.295685,62.951023,64.08757,55.249535,56.168945,56.54795,58.918507
71.04925,74.86032,72.87975,69.41731,60.58715,64.098816,53.670628,70.52872
61.058502,60.79203,64.56385,62.603664,56.780018,62.792164,56.002193,61.033257
65.47965,63.1189,64.15206,63.41694,54.504932,51.134647,57.91818,56.735176
64.678474,62.935646,67.15585,69.797485,60.73088,60.843414,59.909866,60.288628
77.00957,79.720345,74.3495,74.9071,62.833607,66.06624,50.32255,72.507095
71.854515,70.70564,64.34459,70.551285,57.404198,52.874176,57.96892,58.129787
64.8857,64.77441,63.603912,63.669693,55.07874,53.781055,56.29263,61.169857
67.663475,69.60086,70.266266,67.10323,58.73765,61.117905,54.48826,66.46224
63.38005,62.62901,61.637764,60.79455,55.01031,57.536842,56.019455,58.6661
66.97672,70.869484,65.63891,63.288742,57.665276,60.803898,57.32863,66.48021
62.691284,64.24211,65.47079,62.310516,55.352367,55.220867,59.12518,62.644123
69.94927,72.38945,67.12503,67.746765,60.236965,62.142597,57.614197,65.80369
63.49924,64.34268,60.84116,61.838417,53.59252,52.512676,59.56037,57.958443
62.329628,63.05985,60.809063,60.334484,53.67815,54.911106,58.57656,58.5809
64.274994,62.32041,63.017715,62.770123,55.55493,55.573917,55.91135,57.825066
61.550182,61.149883,63.92353,62.289513,56.468414,61.690838,56.003796,60.512222
65.00536,64.35644,61.698647,63.728596,55.499302,57.451015,56.197678,59.399593
73.324,71.10107,66.024605,69.514694,58.739002,55.81599,52.361126,61.571854
68.318665,64.388016,71.892006,76.50258,64.96003,64.78582,60.4348,61.069984
62.683273,59.25908,69.77264,71.779045,61.868965,58.798157,59.887123,60.174393
65.25206,69.95603,66.713615,63.06236,57.187748,59.037163,58.863724,67.32655
68.19303,71.32975,65.50613,64.245346,58.12078,61.1123,57.018192,65.65692
66.33008,66.28861,62.516373,64.03203,55.032063,55.76674,56.820343,58.882504
62.49153,60.86514,68.74981,70.61656,61.38882,60.414238,60.80714,61.326366
74.12019,74.01044,68.47902,72.618385,59.706276,58.951424,54.08215,63.68016
73.43367,71.99655,66.16361,68.892395,59.553963,59.12799,53.577553,61.84156
63.334255,62.322754,62.170963,61.33144,55.308216,57.457024,56.188385,58.657066
72.0936,75.05652,67.51367,68.36636,60.801167,62.835632,57.00764,67.01613
66.53306,66.52305,65.875145,63.915245,56.01725,57.473667,54.586823,61.407894
67.66541,70.71603,65.25218,63.81842,57.824444,60.894543,57.049393,65.3512
64.93088,67.80711,67.056564,62.22764,56.37937,65.035965,51.116226,67.57013
62.847023,58.94823,67.42202,67.06971,58.33404,56.70216,56.47909,58.415825
69.4927,67.9921,64.17594,66.91164,56.447865,53.369194,53.1519,61.39456
63.572357,66.4675,65.57876,60.3874,55.357517,63.783466,52.29715,66.003624
64.072464,62.123478,68.10448,69.7796,60.975952,63.222034,59.184742,60.81682
62.3852,63.25947,59.848553,59.064873,53.834023,58.295013,56.199074,59.459488
76.43201,79.962265,69.308655,71.16379,62.88556,64.409904,56.18,69.67118
65.23251,64.05589,63.093178,64.11478,55.862133,59.680218,54.309772,60.168648
69.68647,73.00899,68.61086,65.96666,58.643074,58.43886,55.18837,68.892395
68.909706,67.206085,63.52545,69.58246,56.577744,52.526093,57.14625,58.67674
64.79037,63.26954,63.679916,64.35154,55.64061,59.91209,53.108818,60.63612
65.56892,67.9569,65.454414,61.80581,55.609303,61.07275,54.061306,64.20457
64.8012,65.72334,65.98371,63.38178,56.164265,63.224285,51.521736,65.02584
62.618782,63.390095,60.37103,59.693848,53.32814,55.413223,57.383354,58.576305
57.818527,58.128666,72.69499,67.62815,60.49458,63.558857,56.820786,66.59308
68.18607,66.758194,63.705627,67.83734,56.34675,55.363213,55.708282,59.324707
71.35012,70.24799,66.84681,70.62104,58.457726,59.17051,53.15256,62.425636
70.03566,68.3122,63.345825,67.28513,56.70203,54.24579,53.49021,60.364445
65.54119,63.73687,63.264866,66.340775,55.682858,56.623505,54.20424,60.118973
65.79598,70.36273,68.88793,64.92646,57.56458,56.511616,59.48254,68.333885
68.8922,71.783134,71.18796,67.33983,59.264393,67.79776,48.8982,71.328766
64.09869,63.195885,62.03727,63.68652,54.944504,57.1379,54.996086,59.86917
63.91837,62.476845,64.22237,63.517784,54.43538,51.138733,59.6987,57.34007
65.49766,64.33993,61.248367,61.239536,53.403427,52.03464,56.30369,56.763588
65.4524,66.727234,64.336685,62.24507,56.14556,58.23659,56.071842,63.083862
64.73461,65.14339,62.833344,60.69014,54.195274,57.76504,54.694748,60.125698
86.81944,87.59833,76.417366,81.57152,68.87402,62.44564,49.846455,73.628685
63.49826,60.848843,67.7722,66.10823,57.264774,55.56609,55.989067,59.58845
76.92592,77.3794,71.4442,72.40708,61.715103,57.380016,51.68069,68.82602
68.82425,67.102615,62.719353,64.406944,54.731667,51.904617,56.035458,56.59529
64.52338,66.0936,71.09721,67.07982,59.081924,61.44105,55.268623,66.55029
65.54335,65.33837,77.95286,74.697556,63.92777,60.563736,56.669487,68.945335
62.466217,63.265587,60.472153,60.061615,53.456284,55.666237,57.37902,58.84325
68.841255,70.36393,64.7948,65.11652,58.32783,61.12528,56.7171,63.350677
70.80777,69.475784,65.05713,66.75137,58.129173,58.23042,54.10549,61.185707
65.181366,63.81005,62.311924,62.27839,53.737385,51.06371,57.670593,56.72431
63.961315,62.125366,65.04335,66.09757,58.40314,59.45635,57.868885,59.31066
62.542397,63.116898,60.986984,60.468014,53.506477,55.80238,56.959778,58.996582
81.245834,81.675064,74.30201,76.43628,64.334526,57.625717,50.02185,71.44371
63.255943,63.317436,62.664135,61.240692,54.418587,59.655632,53.90212,60.810204
74.90846,79.8919,73.28623,70.35455,61.168385,65.939476,52.68277,72.7771
78.42219,77.15156,71.2387,78.28372,62.50957,59.245872,52.513927,64.93142
65.918015,64.99973,61.622204,64.588615,55.181156,54.770935,55.29403,59.642937
63.9762,63.01034,62.747147,63.03007,55.0498,59.35209,53.68181,60.420822
70.37815,68.891525,64.75532,67.06197,57.355194,55.620148,53.47059,61.370575
64.01746,66.01033,64.356384,60.89469,55.013775,61.49155,53.69979,63.619526
64.35479,64.86914,63.125378,61.431458,55.374683,57.648914,56.103333,61.421227
65.14794,69.169685,65.385735,62.144016,56.817204,59.800434,57.853775,66.14016
74.21419,72.03284,70.93428,70.82652,58.89922,50.881596,49.193554,66.48931
66.175064,66.155075,63.036434,62.735973,56.242107,58.786263,56.028873,60.67474
66.51536,70.4709,65.52035,62.921844,57.441372,60.643036,57.388412,66.43046
64.98643,64.78868,63.80473,64.07036,55.107925,53.26308,56.48154,61.125748
65.31479,63.510536,66.23978,68.764786,60.040462,60.903008,59.203423,59.760952
62.178886,59.983475,68.75486,69.0608,60.72343,63.686775,58.277786,61.219643
65.2786,66.011826,67.85852,68.93151,60.6098,61.235588,59.893,63.557796
62.373047,64.187584,63.610863,59.452408,54.36037,61.756737,53.337772,63.278435
63.208927,62.87454,62.10309,60.78519,55.08566,58.086033,56.933765,59.226948
65.69488,63.826447,71.995476,70.07444,59.8659,56.53916,56.087814,62.970016
70.79231,68.95916,66.1082,68.3435,56.78319,51.159096,51.597637,63.02738
69.80802,69.03549,65.80784,65.994576,57.71512,57.40014,54.00199,62.50299
71.459175,70.05175,63.983543,71.2059,57.285206,51.064533,58.652473,57.863323
80.92839,75.63377,71.359055,79.61451,64.422005,58.92846,50.19012,61.26414
62.23473,63.201096,60.00694,58.897938,53.642666,57.975388,56.380844,59.355236
69.02609,68.88001,65.91041,65.35849,57.462753,57.361668,54.323166,63.225044
59.863514,55.04359,70.93933,70.12725,61.311127,60.567917,57.23523,60.261406
72.25404,74.42669,71.68268,70.72562,60.45861,66.27591,49.42559,70.720764
68.27242,70.232124,66.03074,64.156136,56.40102,59.8986,54.445606,63.786854
66.840614,64.999756,64.13902,66.20556,56.95431,60.104465,54.340416,60.138573
65.48574,63.98812,62.256443,66.00201,55.363358,54.47928,55.41851,59.613056
63.008892,62.99038,61.546524,60.56237,54.421562,59.874134,54.320824,60.206764
71.14122,72.96817,66.20094,67.48196,59.944405,62.193882,56.767178,64.71365
74.157234,78.360374,70.88177,69.64325,61.42628,60.772186,55.122818,71.879326
72.23311,68.92159,63.740814,66.61085,55.378376,49.365887,54.90102,55.034023
64.671936,63.90438,61.349094,64.312836,54.73692,54.18046,56.220566,59.293533
66.86888,72.79158,68.18223,63.953392,58.15134,59.850048,58.146126,70.18823
77.03689,74.14528,69.63687,72.71888,60.68305,54.88422,49.934437,63.823254
68.82717,70.174484,73.49923,76.87062,66.32071,64.09657,62.425594,67.56847
61.644726,62.503773,61.372463,60.519142,53.984386,55.599052,59.18849,59.020405
58.340633,57.0517,72.53995,68.73031,60.976643,62.70873,57.030113,64.914375
64.44155,63.97456,62.65901,65.85929,54.92422,51.453583,59.69323,58.58132
73.416504,74.57215,69.106064,71.183235,59.571793,60.627068,53.744186,65.59067
66.74152,65.87106,68.11049,71.12616,61.777233,61.760593,59.933407,61.88485
68.46511,72.37431,71.362656,66.14929,59.09371,68.72464,48.60681,72.44473
63.76883,64.06143,63.480957,65.31795,54.9905,51.642143,61.78187,58.45617
60.174072,62.805283,68.40325,62.631714,57.062805,63.11246,55.33782,66.22645
69.10685,69.608955,64.728035,66.30441,56.54638,57.500828,55.997597,60.88795
74.58113,72.20117,69.2502,70.9186,59.18156,52.937706,50.202988,64.530464
66.24728,66.00352,62.38404,62.80634,54.59925,55.6849,56.221275,58.441383
63.059418,58.51501,69.191864,70.70151,60.851025,56.89871,58.327286,58.769173
64.24275,64.688896,61.89189,61.39651,54.17679,57.064724,56.29679,59.196056
65.59831,67.25502,64.10045,62.23173,55.266212,59.654404,55.07127,62.263138
80.3692,78.537575,69.74619,79.660065,62.416847,53.97346,56.360363,60.599453
65.279945,64.02115,64.995964,64.65044,55.88448,54.096855,59.334858,58.527596
67.433945,65.33785,63.911945,67.68768,57.18085,57.927315,55.467266,59.648342
67.71585,67.76482,63.412315,64.22582,55.40004,56.269012,56.122654,59.322567
62.53869,58.74853,73.664536,77.63393,66.24234,61.49801,62.943203,62.01762
76.35103,80.322495,82.48503,79.76737,67.99977,66.60091,54.118504,77.31965
66.438614,64.89522,63.461433,65.6967,56.604736,59.202564,54.982006,59.88064
69.89375,67.82872,62.827908,65.41174,54.915142,50.25799,56.485886,55.933613
71.19864,76.27141,72.223526,67.73428,60.00787,66.82237,52.018692,72.37309
81.659454,87.89433,74.98027,75.94118,67.45829,68.09481,56.96728,78.72718
68.700966,68.037605,64.06958,66.76318,56.383663,56.962456,55.549313,59.693832
66.991615,64.89232,63.759415,67.97794,56.29634,56.041794,54.389347,59.978992
72.05614,74.92385,66.7409,67.39854,60.14698,62.57638,56.549824,66.50858
71.314285,74.79361,67.82744,68.02406,60.681908,62.69904,57.36018,67.72059
73.45823,75.30295,67.99337,68.850876,60.4774,60.863113,55.00324,66.77913
68.77849,69.37641,65.257,66.64836,59.111446,61.297268,57.220196,62.397892
65.627396,65.29163,62.02934,63.30027,55.141956,55.373352,55.33761,60.361023
68.68994,71.72699,69.528145,70.09607,61.898075,62.586998,59.443863,67.55969
69.03083,68.11887,65.3569,65.69296,57.026665,55.9476,53.787033,62.291943
59.305634,55.657387,73.35856,71.134514,62.070637,60.81496,57.508938,62.938183
63.616722,62.91559,64.47303,64.31537,56.952103,58.023598,58.581688,59.768433
71.39898,71.90899,70.18074,69.093925,58.996456,58.042862,54.179604,64.49823
65.20065,64.318855,62.115078,64.18059,55.661995,57.725365,55.802185,59.55462
64.186226,60.956486,68.71346,70.16224,60.062523,56.31445,59.61112,59.214092
64.49379,63.741863,61.546505,60.247005,53.43152,54.919167,55.235874,57.847595
70.61766,72.350975,68.17962,66.7704,58.700764,57.87034,54.35369,67.05239
65.18279,61.89096,70.74448,73.944664,63.662647,63.53358,60.88388,60.772728
68.89379,69.41045,64.92569,64.976585,57.728813,59.353786,55.497765,62.771053
70.18398,70.33752,65.03622,66.00406,58.328987,59.840305,55.28892,62.450253
66.118515,65.04198,64.659035,63.30803,55.30089,55.76158,54.767822,59.359707
63.184483,63.745033,61.847538,60.262344,53.902374,58.28975,55.475384,59.71882
61.260963,60.949715,64.147125,62.284576,56.526733,62.17718,55.93696,60.751034
70.99849,71.07932,70.84082,69.78371,59.406708,57.634075,54.4766,64.3507
75.33639,79.72258,69.465164,70.2624,62.50971,64.33971,56.698627,70.65371
66.54062,62.481934,65.483604,65.63329,55.873837,50.726803,56.557922,55.996536
62.110474,58.733704,67.20394,66.39406,58.213192,58.030247,56.32746,59.006374
64.69953,60.56456,66.74099,66.62158,57.114994,53.67687,56.049503,57.175404
68.45977,71.81668,70.93603,67.10889,58.267124,54.310757,56.805824,69.68907
61.19996,62.28092,61.433727,60.536545,54.05563,55.917698,59.544037,59.2769
65.682594,69.89072,66.77782,63.000214,57.074528,58.636642,57.541466,67.45226
63.54947,61.094643,66.7018,67.34463,58.66817,57.226902,58.528084,59.232956
67.35054,68.47668,63.88641,63.551533,57.19503,60.17108,56.48972,62.34475
62.346985,63.146305,60.081406,59.891308,54.10943,57.55909,57.14525,59.400963
67.317505,66.56245,62.677544,63.49091,54.79018,54.91017,55.927574,57.98222
72.076836,69.37272,66.67094,68.180885,56.997288,51.89389,54.459267,57.902397
62.89264,62.898308,61.34647,59.228165,53.8762,58.472473,54.85807,59.204704
63.33902,63.552673,60.677814,59.79232,53.413383,55.446426,56.518562,58.337337
62.39768,59.612877,66.05025,66.1712,58.560246,58.893436,57.09188,59.171295
64.540955,65.983505,67.29226,63.20961,56.615425,64.79327,51.35162,66.35103
72.991714,79.849174,70.52856,68.29906,61.777157,63.900314,57.656963,73.94583
58.96834,55.885506,70.98963,69.05109,61.072437,62.587322,57.164204,62.209175
66.43451,69.58242,71.52642,67.18204,59.422882,63.430084,54.57005,68.6941
65.499626,70.45744,68.23196,64.55749,57.62906,57.66519,60.26124,67.95634
62.399887,63.220535,60.074287,58.47093,53.64176,58.57675,55.76136,59.36501
68.41636,66.54116,63.170128,67.36743,56.47101,54.812283,54.39607,59.926926
63.18236,63.365196,61.79425,59.339966,53.487213,57.5952,54.84689,59.3139
62.476124,63.587837,62.296474,59.735626,54.743618,58.297775,56.975914,61.12424
61.896217,62.955208,62.0214,58.73807,53.75383,60.456554,54.202496,61.096077
62.742573,63.06619,63.039345,60.55234,54.590652,61.580338,52.804844,61.94334
65.3692,63.206818,62.97868,62.48351,54.80813,53.630375,56.179886,57.15119
63.643394,60.85809,68.5907,66.84938,57.618713,55.077206,56.136585,59.858215
62.973373,60.222263,65.16693,65.002975,57.412075,57.18299,56.487595,58.504
70.84705,69.15634,63.72638,67.338905,57.605827,56.746395,53.960556,60.14127
67.13477,65.546326,64.03703,66.52532,56.237816,58.404224,53.5644,60.299866
63.79835,65.18377,68.88973,64.92174,57.637794,60.80488,55.1157,65.0095
65.25839,63.81215,62.31804,65.857475,55.52271,55.3294,55.767014,59.511726
64.66104,63.85608,61.574875,61.58334,53.57511,51.942276,57.60909,57.079292
69.85546,69.17414,64.20033,67.72846,56.70287,56.022633,56.302826,59.19401
65.36547,63.87195,63.561726,64.74717,55.974632,59.702744,53.810448,60.356297
63.20984,63.49927,60.73403,60.522343,54.418915,58.671803,55.69178,59.652584
78.07951,79.08468,72.386894,73.428795,62.57599,57.973583,51.642384,70.26053
67.59814,67.43956,65.07047,65.99126,56.543087,59.681362,53.596367,62.10751
70.99237,72.19667,67.00455,68.23532,57.94279,59.430874,54.86447,63.66236
63.393257,60.783936,66.32717,67.352356,59.238903,59.474064,57.879726,59.325512
72.77513,75.7629,71.26542,70.01788,60.14223,64.86657,51.534607,70.04735
74.03657,77.300385,70.87212,69.38168,59.714188,62.195812,53.45674,68.649666
63.490273,60.179527,72.04057,75.96157,64.97796,61.489666,62.18125,61.473698
67.014725,68.50861,65.55058,62.911827,55.797016,59.490692,54.05638,63.11759
73.345604,72.6178,68.14993,69.12995,59.483505,57.20604,52.711212,64.61547
62.875347,60.745346,64.16324,63.87685,56.93032,57.653107,56.50907,58.686035
62.295715,63.116283,60.47306,59.394775,53.564632,57.34165,56.462734,59.27456
67.01263,71.134674,65.824356,63.323627,57.738316,60.863792,57.38304,66.8567
58.82206,57.58615,71.64872,67.9751,60.339336,62.220013,56.818573,64.34546
75.01075,77.33412,69.789154,71.186485,59.86365,59.696434,55.408627,66.090546
69.09626,71.79844,70.60086,71.60571,62.41491,61.5444,60.55474,67.38017
62.643368,63.101093,61.562283,59.800285,54.71256,58.59754,57.013218,59.847744
64.00585,64.63502,62.905457,61.08531,55.277885,57.916016,56.329453,61.288982
71.567154,70.806465,75.325485,74.37661,62.468018,57.338642,55.3158,66.14022
68.31858,67.0122,62.952168,66.05244,55.808594,53.326916,53.764927,60.649437
63.09164,63.235123,61.04869,62.505478,54.2943,54.55746,58.05053,59.00681
74.076385,73.627266,68.67959,69.333496,58.292263,55.33172,53.725666,62.103592
63.288994,62.257187,62.524,61.27439,54.9744,57.44326,55.433197,58.701218
64.0628,64.726524,63.165623,60.274006,54.218094,58.42333,54.46564,60.76003
72.33352,70.56023,67.67127,68.7035,58.351852,54.517197,51.80133,63.584263
62.356903,57.628967,72.31658,71.16634,60.806496,56.058372,57.244236,60.436104
64.4894,62.358932,63.68299,62.801872,55.09343,55.002235,55.378895,57.723953
63.13962,63.36402,63.160866,61.277138,54.608215,60.560886,53.218163,61.69995
66.27712,64.61904,66.85088,65.6072,56.652115,55.39499,55.1912,59.94126
67.88842,69.836784,68.23231,64.822334,57.225315,55.701385,54.274475,67.385765
68.804306,67.41084,64.57285,67.782684,56.811333,57.841217,54.208332,60.20831
63.494537,62.344414,65.90974,67.101166,59.08074,60.01837,59.198402,60.319168
63.521255,63.061638,61.77885,62.819527,54.36489,56.190918,55.74528,59.52073
62.060093,61.24468,75.96134,72.097115,62.296,60.021355,57.043575,67.047485
66.137985,64.53468,61.30519,61.172516,53.548836,52.363384,55.459873,56.589943
72.78803,77.70633,69.72061,69.039085,61.305862,62.172432,58.1746,70.53376
63.500328,61.406006,68.52938,69.841286,61.088306,63.495804,59.001778,60.99311
62.491394,63.249855,60.5869,60.212605,53.439014,55.463173,57.420532,58.813293
63.55466,63.247734,61.251537,62.659157,54.391808,55.925625,56.196594,59.358364
62.790203,63.005142,61.346138,58.858658,53.478806,58.407963,54.702576,59.28868
67.75713,67.11122,64.59019,64.78381,56.341087,55.497753,54.181515,62.02877
72.36898,69.159744,64.83199,73.35418,57.84716,50.58598,53.7954,59.891872
62.96469,60.515083,70.59067,73.12075,62.732758,59.687817,61.68873,61.293285
74.60852,77.97796,68.47943,69.61506,61.71503,63.393986,56.228592,68.67959
64.919,64.68922,62.538383,62.87834,54.766815,57.64438,55.28366,59.6251
63.374104,63.37589,62.518852,61.76713,55.87472,61.203785,55.912125,60.15537
63.561676,63.824146,63.130833,61.751007,55.380543,57.43162,58.11739,60.045273
67.39294,71.227486,67.89481,63.51759,57.093685,63.977127,52.97645,67.83049
74.151596,73.23468,66.90555,69.526955,60.06819,59.39364,53.541153,63.013123
64.708565,64.64134,61.221714,62.065666,55.373066,58.840847,56.36781,59.370655
60.982704,58.85691,66.16275,64.94373,58.056133,60.653965,56.375145,60.08287
71.67255,76.06489,72.14913,68.26951,60.059673,67.2952,50.47318,72.449455
68.91955,66.591934,64.7328,69.36721,57.16918,57.15751,53.669834,60.194004
67.89345,70.31161,67.16331,67.20423,59.849483,61.60892,58.310474,65.51992
74.97863,71.389084,67.03627,76.47186,60.065556,54.37324,54.341347,59.632324
75.26432,76.68645,70.11384,70.718666,61.179985,59.05106,53.341908,68.47285
85.90638,89.54596,81.21884,81.04803,67.74231,66.0318,50.78766,78.1949
62.626278,63.522892,60.253365,60.713512,53.25181,53.29893,58.8185,58.175694
64.24494,63.785595,61.213665,61.13508,53.55947,52.769398,57.575428,57.403503
66.5937,68.81711,67.34822,64.22407,56.993134,64.129944,51.453632,66.97325
79.30894,84.931274,73.487656,73.90537,65.37116,65.50398,56.195908,76.18169
61.410957,61.729195,62.77464,60.319942,55.292736,62.22083,55.012066,60.80297
77.201775,77.047935,69.088646,72.244354,61.98403,60.200237,52.953686,65.68872
64.36208,64.23322,65.62286,64.86893,56.184856,54.68097,60.569077,59.959377
62.822163,61.801254,64.2022,63.886906,57.067116,58.749836,57.761913,59.678406
66.369705,64.96718,62.37209,67.43244,55.428326,51.83218,57.340485,58.70421
82.269485,86.171104,74.083534,76.69641,66.82275,65.614494,54.687435,75.14075
66.780464,64.61249,63.665916,68.030014,56.238598,55.75982,54.456116,59.964268
71.20722,73.346085,66.32493,67.34732,59.92879,62.238304,56.751694,65.19694
70.52322,74.9423,70.47361,66.49145,58.913273,65.455795,52.194363,70.46082
63.037926,56.92427,70.74663,71.97435,61.415394,55.736458,57.94681,58.072353
63.105595,63.105564,61.187756,61.532253,54.148304,56.878872,55.89856,59.493916
64.11746,62.830776,63.677467,62.511444,54.936565,54.474842,58.17265,58.16685
75.34193,74.51999,67.72148,73.8525,59.77791,56.32307,55.68517,61.35109
65.85853,65.37717,66.09957,66.25728,56.89963,54.83855,60.612576,59.78364
64.88981,64.89934,64.72627,64.129395,56.24447,56.27241,59.33829,60.13977
64.053764,63.689636,63.047115,62.1537,55.42451,57.082893,57.973843,59.248753
68.12666,66.62619,62.456177,66.3529,55.83421,53.750618,54.14918,59.989285
58.911537,54.006004,72.68036,71.60235,62.632072,61.861263,57.723053,61.461742
75.897896,77.78649,69.44235,71.01093,61.85821,61.292953,54.38333,68.181305
62.254345,62.678696,61.61125,59.67152,53.640694,58.61507,55.048138,59.83262
70.113174,70.65091,66.35837,67.892136,57.57515,59.30946,54.423923,62.922565
62.907253,63.4433,59.99943,60.554176,54.01127,56.560963,56.885128,59.13338
63.67459,59.915276,66.486,66.511604,57.779724,55.560726,56.481808,57.877277
73.824196,69.50961,67.42179,76.10652,60.09767,56.977947,51.804756,60.80285
64.24219,62.99714,62.633427,61.393715,54.536636,55.0294,56.995052,57.99793
62.890923,59.868847,66.27017,65.30864,57.16304,56.993114,55.924732,58.59518
79.50078,78.60654,71.25687,78.78274,62.715034,57.82957,54.06069,64.29764
80.920204,83.34929,73.71135,75.76148,65.06373,61.59525,52.696426,72.99685
69.96545,69.12776,70.35949,69.51875,59.061466,56.38347,54.84876,62.90062
67.738266,73.47936,67.33465,63.950478,58.514397,61.47744,57.737392,69.69653
59.770428,55.54734,69.917145,68.985275,60.716564,61.04873,57.05169,60.309456
72.70951,77.74531,72.86831,68.64899,60.496624,67.443924,51.039852,73.24838
68.29213,65.8848,64.83334,68.28721,57.890003,59.66479,54.824303,59.918236
71.167465,71.0275,66.00622,69.15045,57.77719,57.722466,55.22809,61.48992
63.870358,63.937813,65.181145,65.40105,58.174496,60.016815,58.766808,61.309097
74.08658,76.87839,75.55944,73.40097,62.66278,62.66706,53.76848,70.988106
72.311165,76.191345,70.46262,68.28577,59.39126,63.74268,53.40429,69.334366
76.54183,78.92396,69.23374,71.40269,62.506042,62.94776,55.129124,68.42654
84.351906,84.22995,76.63531,84.055084,66.881485,61.589813,51.286934,70.18096
73.33182,72.26115,71.300385,71.65442,59.919964,55.20064,54.440243,62.933945
64.9292,60.30354,73.84519,78.2297,66.70231,63.688545,62.419083,61.257393
66.84417,66.66563,62.584656,64.85756,55.22651,54.954575,57.215977,58.689587
67.281105,67.03794,65.77951,67.64465,59.577328,61.10419,58.183117,61.489426
62.651806,63.383293,62.020332,60.96937,54.53917,56.464016,57.4891,60.40138
76.46907,78.59077,78.837234,77.46356,65.22821,61.997574,54.026405,72.311844
68.494675,62.016624,68.59435,69.83369,57.4795,47.20872,56.88911,54.512386
62.483494,63.36856,61.457832,60.12124,54.457546,57.52717,57.032288,60.413963
72.15084,72.94615,73.93257,78.71863,67.645226,65.16517,61.789246,67.46292
63.40728,63.340546,60.8117,62.103973,54.3136,56.054527,56.4542,59.274174
78.13892,76.28523,69.149185,77.643295,61.48401,55.775482,55.01269,61.3463
65.2499,64.693054,64.26544,64.178665,55.738472,60.59333,52.54718,62.040348
64.151215,63.386707,62.38578,63.565994,54.723854,56.84098,55.06172,59.78101
61.418514,56.19564,70.690254,71.74655,62.092297,58.807777,58.28352,59.443527
62.622337,64.08912,62.88787,59.930058,54.897522,58.1597,56.972034,61.921875
62.424175,63.292057,60.306667,59.846115,53.46454,55.882477,57.367523,58.863205
65.78325,65.16715,62.689198,64.5531,54.984825,52.95549,55.57282,60.47466
62.857937,63.365685,60.496574,60.013874,53.654774,55.265205,57.725334,58.446503
66.68003,69.46516,66.374695,64.70195,57.58487,58.521675,58.86364,64.839935
66.45179,65.33559,62.26486,67.17659,55.367607,51.718742,57.985954,58.414383
69.058174,71.86752,65.5689,64.93624,58.499313,61.377323,56.846493,65.39727
71.784935,69.86513,66.54882,71.53951,58.58414,58.327824,53.20247,61.3967
68.54271,65.662796,65.84353,68.910995,58.185387,60.830044,53.548195,60.425125
63.179977,59.01413,70.514694,69.39252,59.36343,55.23122,56.755215,59.69731
62.913887,57.471775,69.60557,69.84307,59.94355,55.87684,57.060295,58.058556
67.44877,67.68707,63.222824,63.598473,57.050644,60.09492,56.29617,60.898758
80.319336,82.17833,74.99009,78.4222,64.213905,63.481205,51.98465,71.19875
66.58753,63.89826,62.76778,63.030964,54.48923,51.490177,55.617756,56.14767
70.20666,74.38962,73.26185,69.2973,60.77019,64.88717,53.79431,71.17725
64.13461,64.21325,60.87261,61.62208,54.963978,58.252842,56.379463,59.362656
63.129868,62.606316,62.013317,61.42524,55.615105,58.99114,56.143963,59.20869
65.231094,63.13107,66.951385,67.68021,58.041264,55.152912,59.629787,58.961243
58.08184,56.623436,78.988075,74.21408,64.303986,61.042862,58.341576,68.68715
68.88117,66.55405,63.854378,68.57974,56.958885,55.022354,54.311634,59.96041
68.26285,69.55321,66.5684,67.59633,59.868984,61.558067,58.05665,63.86718
62.752552,62.332577,62.35361,60.117023,54.280006,58.418625,54.84477,59.233208
62.62189,60.662262,66.279655,66.8649,58.896774,58.912415,58.414387,59.855156
62.47043,58.077217,68.66337,69.696465,60.46237,57.58664,57.80322,58.861374
65.94955,60.980614,70.77727,72.7665,60.701584,52.69094,60.098946,57.888092
62.387222,62.720932,61.48739,59.832935,53.812748,58.903633,54.869072,59.93145
71.10107,74.347176,66.82237,66.648575,59.69322,62.077766,56.64923,66.97002
67.13228,66.354225,62.537872,63.29811,54.65163,54.58067,56.017822,57.8594
77.22998,75.95355,69.392456,72.470764,61.546482,58.23924,51.714962,64.91371
69.69448,65.64021,66.785416,72.45773,58.527393,57.8475,52.650978,60.6609
64.04952,63.76369,61.527016,62.109417,54.973644,58.607693,55.423714,59.739624
64.51122,59.517418,72.53677,75.38298,63.272793,55.702084,61.265747,59.394848
74.07839,75.995674,72.51842,72.7168,61.36873,65.97827,49.504555,70.96086
74.55912,72.18989,66.58856,70.177376,59.688198,57.512177,52.383392,61.47104
67.89906,65.485725,65.43302,67.38623,57.81041,61.81929,53.36755,60.527832
63.753338,64.3938,61.52168,62.609505,53.90981,52.217854,60.016304,57.9512
71.775635,74.83278,66.78517,67.17096,60.038544,62.503563,56.631702,66.73783
67.685326,67.046524,62.766594,64.079506,55.008812,54.735786,56.34456,58.00482
65.854416,65.73021,63.829727,63.244205,55.518745,55.39448,54.835922,61.90796
75.80106,72.306175,66.79063,77.58455,60.21369,51.528645,56.19243,58.7851
63.244385,61.785168,68.26637,69.89052,60.55751,59.30212,60.801933,60.95138
63.91147,64.664536,63.811882,61.08871,55.22572,57.14287,55.890137,62.24858
63.18655,62.12295,63.288956,62.455482,56.010616,57.828594,57.090313,59.09562
65.78031,64.31635,62.896008,65.64281,56.0544,57.48733,55.341446,59.71589
62.67073,62.640453,62.278725,61.201508,55.628483,60.48157,56.048893,59.895874
64.63968,60.05947,67.01021,67.66424,58.07542,53.68999,56.716698,57.055973
61.66047,60.080368,64.65791,63.188248,56.690853,59.567406,55.85038,59.63803
62.706272,63.17782,60.652016,61.449432,54.07377,55.263268,58.01235,58.976227
64.13222,60.712006,70.173195,72.52608,62.737114,62.63095,59.94781,60.5079
62.836475,63.435207,59.872734,58.48546,53.747093,58.46718,55.564957,59.15829
66.20117,65.29153,64.07825,67.15595,55.448658,50.376064,58.066505,59.824574
61.05621,61.841274,63.611782,59.970592,54.884506,60.955017,54.916107,61.502636
64.65557,61.89329,64.88112,64.44299,56.253086,54.52097,57.02003,57.668262
71.96191,71.778656,66.634056,70.11773,58.28234,58.000786,54.92385,62.002563
72.6922,70.62473,65.23271,72.557915,58.255775,53.500927,56.568645,58.735477
63.40436,66.14335,66.1085,62.677414,55.960484,56.220158,59.32727,64.342155
61.23786,58.918964,66.16757,64.80495,57.716743,59.81389,56.11689,59.766674
74.095985,70.79636,65.85771,72.132515,58.884865,53.958797,51.824642,60.710873
69.59131,68.85524,63.88756,67.50956,56.51104,55.6009,56.566654,58.848488
68.3886,68.64131,65.72043,64.79997,57.258286,57.567554,54.68822,63.422985
63.474102,62.69734,66.039825,66.68455,58.478237,58.765526,59.73769,60.45267
62.49597,63.483406,59.524178,59.043007,53.869606,57.93953,56.693123,59.2622
67.86813,65.5212,65.43805,67.13863,57.814354,62.190754,53.282635,60.569077
62.386574,63.07551,60.77504,59.831966,53.550785,56.878548,56.519085,59.22185
68.56214,67.016136,62.7605,66.54801,56.28767,54.802227,54.30566,59.948635
60.98781,63.439213,64.79758,59.677727,54.922176,61.90481,54.746544,63.929558
71.85657,71.44102,67.33492,67.79619,58.8126,57.44718,53.398724,64.19703
62.79994,60.9591,64.382355,63.995,57.053406,58.031647,57.024914,59.04041
76.07063,78.944824,72.757195,73.23203,61.688976,64.090576,52.307076,70.54082
72.07482,73.655495,71.03411,70.828026,60.206837,65.40001,49.72873,69.608025
62.841427,62.878662,61.90143,60.849857,53.99555,58.28355,54.90425,59.880657
62.645454,57.683105,76.577095,81.54658,69.25801,62.363434,64.56831,62.648624
65.89343,63.786854,63.451153,67.234436,56.07112,56.040966,54.899853,59.85034
67.83938,65.70552,63.336163,69.55363,56.376465,52.415024,56.494064,59.031277
72.71013,73.95734,69.569016,70.82107,59.63822,62.19393,52.41362,66.79507
64.176216,63.08847,61.88403,60.948093,54.44464,56.090485,55.36571,58.103157
69.87872,68.45438,65.27314,67.02391,56.843155,53.701,52.86839,62.234806
62.33124,63.540398,63.02434,60.10549,54.778713,57.54212,57.35781,61.51964
73.26063,71.245445,65.3884,68.7929,59.267563,58.88562,53.528763,60.615128
72.126495,70.26896,64.65126,68.09558,58.488293,57.878906,53.724514,60.434906
67.1682,65.9721,63.4938,68.03057,55.689705,50.366028,57.93867,59.19148
64.16882,64.612114,61.9552,61.224514,54.17947,57.482307,56.032658,59.313732
63.0305,63.24573,60.85572,62.142666,54.272133,55.03064,57.836185,59.057808
72.213554,74.64513,66.683784,67.56479,60.09386,62.235504,56.24587,66.04194
66.10302,60.044033,69.3874,70.51134,58.97954,50.731514,57.763153,56.161575
63.794773,64.44905,62.636833,61.06192,54.391426,59.02908,54.884575,60.64955
68.30336,67.838,80.79739,78.26181,66.28228,60.368202,56.80166,70.59456
68.325195,66.19691,64.71452,68.22414,56.937973,58.558178,52.985676,60.505474
67.365906,67.56771,63.071503,64.30995,55.38912,56.388992,56.687973,59.151577
77.97752,78.05635,70.911606,76.54272,61.87491,58.909683,54.17112,65.209625
62.253345,62.912743,61.01687,60.3622,53.8235,55.281784,58.55565,58.704567
63.204884,60.090057,70.25572,73.249016,63.091206,60.60493,60.73383,60.778244
71.04905,72.8567,68.12569,66.376495,57.63011,59.70921,53.56835,65.02294
77.620476,82.39282,72.799416,74.73428,65.79311,66.1401,57.9132,73.48774
63.79102,63.709152,61.60632,61.158607,54.902702,59.925182,54.924892,59.964733
62.511414,63.05136,61.03414,58.90761,54.1538,60.88369,54.41442,60.202686
63.468063,61.706543,66.452194,67.11015,58.638752,57.94448,59.02955,59.76645
64.64627,68.0636,66.63159,61.955322,56.221848,62.97779,54.113167,66.143326
62.298714,63.10638,61.17556,60.432774,54.339207,57.024445,57.564777,59.918983
71.39014,73.1759,68.28528,67.3601,59.161644,58.48039,54.428967,67.15673
64.11576,63.90544,60.70601,60.649364,53.461983,53.36077,57.277534,57.556225
62.31734,63.352318,59.63616,58.602543,53.637714,57.917244,56.535233,59.205116
63.96974,62.86779,61.90514,61.15734,54.880577,56.43475,56.030334,58.233566
67.10319,69.68682,67.00438,65.66411,57.88291,57.882084,59.453846,64.7265
63.704033,62.575245,64.74559,65.48755,58.055984,59.63723,58.32259,59.791588
74.58293,77.69041,68.50745,69.63852,61.593563,62.96567,55.959404,68.454254
63.990986,67.821655,65.7822,62.187683,56.377922,58.24605,58.907364,65.61507
59.579308,56.711666,69.06818,67.365456,59.826088,62.053757,56.709324,61.180878
73.25632,75.43919,70.01115,70.50634,59.76615,62.248207,53.22149,67.50577
79.73283,80.59743,72.29591,77.736786,62.856216,59.160156,54.741867,66.62292
62.610786,63.329147,60.839058,59.950153,53.259857,55.24449,57.31994,58.614964
61.27629,60.450417,64.46913,62.027252,55.969185,60.281586,55.327328,60.276134
63.58409,62.003334,63.3183,62.19682,55.263298,56.697266,55.467857,58.41303
66.58565,63.462215,72.115204,77.839806,66.21116,63.19521,63.007736,61.3756
61.61141,57.739418,68.32258,68.47238,60.117752,59.493065,57.47308,59.470375
69.67739,68.26111,63.640358,66.554504,56.938076,55.74113,53.985874,60.55605
63.330685,63.60066,61.17153,60.15767,54.61054,60.147404,55.049824,59.92995
66.59343,65.24935,63.665684,65.853676,55.904175,57.999718,54.023754,60.12288
78.935356,75.899155,67.52428,73.3338,58.671932,48.187805,54.974766,56.29217
75.481834,75.11642,67.723434,70.87537,58.555054,54.36766,55.349022,60.904537
62.17451,62.45485,61.356033,59.086216,54.179253,59.68138,54.97033,59.70484
73.59339,73.28819,66.58125,71.45218,58.65696,56.158627,56.359135,60.825264
63.959866,63.501602,62.182037,62.905193,54.5118,56.83277,55.382313,59.64095
62.787045,63.841526,65.99493,62.89378,55.325516,54.094498,59.181763,62.40375
70.39465,75.56788,68.05529,66.201965,59.837116,62.280144,57.474464,69.8353
66.18046,64.75297,64.737915,65.91064,56.321228,60.446953,52.096386,61.813694
68.3523,70.78601,68.39496,68.624,60.33909,60.58992,59.414684,65.83735
61.671555,62.48287,61.39594,60.45683,54.04426,55.862404,59.044464,59.071205
67.59937,66.754585,64.00006,65.139534,55.839504,53.88394,53.86521,61.740376
59.73886,58.40346,67.69934,64.94209,58.26717,61.865097,56.08107,61.86783
75.664734,71.671425,65.97355,74.2222,57.93867,47.02758,48.99214,61.520725
63.360786,63.673866,60.024506,59.18596,53.65037,56.709915,56.11502,58.564556
65.57591,65.71907,62.312866,62.38289,54.571568,56.700253,56.228893,58.92562
70.7839,62.834023,70.89124,73.11859,59.090782,45.660736,57.135235,53.77048
71.75901,75.341324,67.20539,67.171906,60.163963,62.611633,56.77973,67.64372
63.209457,61.724133,62.920483,62.4058,55.913116,57.455902,56.038963,58.601475
63.68479,63.697594,60.277813,59.143513,53.69979,57.04259,55.4466,58.53994
66.340324,61.96054,68.813896,69.95226,58.66531,51.826595,59.106213,57.2823
64.454735,60.24813,66.76776,66.96297,57.60265,54.09957,56.385933,57.287228
62.84476,63.11973,61.953777,60.227734,54.84792,58.281155,57.20042,59.774937
66.40455,67.131516,71.16071,68.19249,59.275238,59.841175,55.173744,65.53638
63.909615,63.931286,61.51782,60.962677,54.986,60.188824,55.10944,59.898304
62.51406,62.091137,64.60428,63.19322,55.172356,54.28887,60.413826,59.064465
66.38039,65.01811,63.273727,65.25353,56.57483,59.49584,55.1374,59.82898
62.774246,65.29232,65.02643,61.709915,55.56715,56.87636,59.146915,63.444973
63.125645,63.12776,61.693798,61.571373,54.0115,56.754948,55.82516,59.47397
73.06362,75.75998,70.02099,72.29806,63.39726,63.95861,58.36472,68.048256
79.32493,83.78091,71.680305,73.758675,65.06343,66.022804,56.212433,73.144684
62.225014,63.244778,59.83184,58.764412,53.66248,58.077477,56.425076,59.35035
62.59099,63.355232,59.958637,59.788483,53.811867,57.04049,56.786793,59.17611
62.449234,61.21546,63.564938,62.08533,55.72279,58.569138,55.558758,59.21169
70.91866,69.058266,64.28469,67.80697,58.426506,59.154724,54.73436,59.848118
85.47553,84.63756,73.98325,80.188354,67.17348,61.074974,49.459667,68.97816
65.07063,64.08315,73.22509,77.26801,66.160034,63.132477,63.78552,64.402794
65.3167,64.69722,61.14932,63.75019,54.79868,54.639374,55.46142,59.587467
73.1144,74.83906,69.7145,68.957664,59.992672,57.963364,53.57416,68.47307
60.1745,58.96354,77.27709,73.000244,63.140118,60.33603,57.658417,67.620125
70.7253,71.48311,69.81875,68.398834,58.709007,58.5173,54.182755,64.62757
69.03176,67.98929,63.688786,67.903946,56.419254,54.783432,56.61048,58.87358
74.350136,74.93015,70.282196,70.162895,60.26978,56.767647,52.3345,67.94902
66.39215,70.49087,69.16024,64.40744,57.86993,64.26361,53.96138,68.47367
68.42353,65.91079,66.51242,69.061264,59.43876,62.77551,55.226624,60.414536
68.34991,65.75767,64.96282,68.792534,57.902355,59.13084,54.77407,59.924187
76.28641,74.98958,69.357834,71.71963,60.938675,57.383995,51.631992,64.99981
72.741776,67.9939,67.92413,75.17481,60.257538,56.857956,53.47277,60.260635
65.28062,66.34793,65.283005,64.91143,57.89448,59.76534,58.399254,62.516983
74.06767,72.54561,69.93563,74.594154,60.78121,61.891747,50.203472,65.63806
81.20286,79.5455,71.34198,76.129364,63.846184,58.766914,50.230293,65.96655
64.41962,62.5455,65.702065,67.435585,59.21988,59.9733,58.49185,59.534424
67.54444,65.900215,64.03847,66.10556,57.439487,60.871655,55.0255,59.882633
72.30288,70.53563,70.117355,69.36891,57.85343,50.20429,49.77808,66.39111
66.86833,69.543526,65.90642,64.39097,57.565327,59.10758,58.33256,64.66281
64.23681,70.31913,73.81107,67.03412,60.691635,68.41086,54.525345,73.3392
70.997025,72.77455,66.77324,68.26423,60.44236,62.342876,57.188923,64.91009
73.69336,77.96381,76.68153,73.41283,63.359894,65.590416,53.55481,73.663124
63.59952,67.187035,69.524536,63.34046,57.64302,67.06737,51.313286,69.83537
71.45878,72.31809,67.717705,67.41411,58.958828,58.159725,54.096275,65.753136
66.07245,69.819275,65.745476,62.677128,57.095634,59.724064,57.007343,66.500626
62.997322,63.131905,62.744057,61.185463,55.054802,57.351196,58.01937,59.704662
77.53861,80.508354,72.22919,72.692245,63.025932,60.651016,53.638245,72.06152
66.677536,69.52108,69.8943,65.92387,58.401276,62.55291,54.365013,67.35985
77.98049,81.946625,73.90204,73.761475,62.377293,63.732136,53.887165,71.679565
69.05104,66.809166,63.57919,65.73537,54.97127,49.37941,57.69469,55.897583
62.993675,63.285374,60.42211,60.8188,54.169403,57.296734,56.15161,59.44343
70.82743,74.15708,68.867935,66.52132,58.208954,62.278145,53.810722,67.36921
68.09345,68.42155,64.73727,65.71871,56.375675,58.552082,54.96372,61.442574
75.480774,77.51628,69.77399,72.13632,60.16621,59.377342,55.700855,65.72167
67.91068,70.07048,69.76055,71.017166,62.321014,62.50077,60.029827,66.49807
61.849083,62.7901,61.981277,60.71933,54.401165,56.435574,58.51693,60.07257
65.02702,66.08524,62.900745,61.665386,56.030552,59.535725,56.84269,61.462982
60.684658,55.528152,73.647194,72.45294,62.33619,58.409912,57.706158,61.300575
65.82695,60.031628,70.51679,72.247955,60.322998,51.931023,58.9687,57.080357
65.562904,65.019005,61.42705,63.688988,54.748596,54.071404,55.14163,59.97571
72.26218,70.07806,65.551125,69.19562,57.7259,53.37872,52.023907,61.78189
76.07838,79.5762,73.93877,77.31085,67.25818,66.1533,59.73214,71.723434
67.85082,67.72362,75.303665,79.929924,68.396904,64.57743,64.27364,66.746216
78.64851,78.22221,69.5302,73.526054,62.788475,60.6165,52.549816,65.70263
68.295685,67.36868,67.85193,67.03046,56.395596,50.60551,53.768517,64.19303
64.346924,64.31038,62.147404,62.91899,54.728664,54.5736,56.463593,60.266747
66.5547,64.56436,64.18417,66.47185,56.73663,59.437305,54.103493,60.218395
63.868362,64.40804,62.769447,61.56526,55.828083,59.122406,57.239662,60.651802
64.3376,63.957638,61.23917,62.92507,55.041077,57.123787,56.23404,59.38973
70.81033,66.90169,66.92408,72.65707,59.62221,59.076035,54.49046,59.98536
64.42468,63.589035,63.48134,64.409454,57.3548,59.969284,57.539886,59.452976
74.96908,75.4022,69.40637,73.2001,60.257904,59.591496,53.986275,64.85446
62.22655,62.901176,61.093964,58.900707,53.382404,58.044964,55.60856,59.3938
76.59565,79.34893,72.56211,73.62121,61.728973,63.14832,53.08355,69.87118
61.44302,62.482517,60.939198,59.7678,54.111324,57.252098,58.49159,59.44178
61.877083,62.668575,65.60587,62.28852,56.53731,63.946663,54.19004,63.470913
66.69492,68.622086,65.075264,64.00586,57.25993,59.162827,57.92553,63.39522
64.3613,63.709152,61.724247,64.51012,54.53719,53.474564,57.20883,58.841187
69.75845,74.22809,67.127754,65.55151,59.284657,61.999393,57.216824,68.39333
61.423534,59.327793,65.971825,65.08109,58.084457,60.440987,56.5645,59.946163
64.13707,63.102287,62.755264,63.65475,54.924435,58.074825,54.01387,60.23838
68.37875,68.40978,75.24029,79.87731,68.38617,64.68235,64.04361,66.933075
65.251366,63.276142,67.459496,70.01213,60.94641,62.22439,59.62529,60.257793
63.089203,68.52397,76.37908,69.65074,62.435806,68.291046,55.343575,74.07669
64.6579,64.196945,61.761135,62.80551,55.361687,58.62924,55.65926,59.639366
62.232582,65.299965,65.8274,60.2982,55.482876,63.686962,53.305817,65.908775
63.691418,62.21782,62.686382,62.082684,55.5231,56.687332,56.20187,58.329254
62.765926,63.623196,62.459038,60.606552,54.682003,57.007824,57.027107,61.001038
68.384705,63.63896,66.23143,67.49121,56.504345,49.88665,55.609398,55.4264
64.00883,64.71396,60.88041,62.013138,53.73014,53.021885,58.92598,58.049618
61.872917,62.816765,60.54064,58.02307,53.62191,60.10077,54.956593,59.96646
79.215065,81.5116,74.69264,74.54594,62.479187,60.692616,52.551235,70.05997
73.98269,74.59767,69.145874,72.15544,59.849632,60.180603,53.647144,65.11769
62.700665,63.517128,60.470833,60.42937,53.15303,53.48729,58.4823,58.12245
65.26152,66.53926,65.45058,62.347775,55.90227,56.59678,55.29532,64.24119
65.33597,67.10773,64.84031,62.34153,55.561085,61.128216,53.848637,63.60131
74.62345,78.489975,68.64465,69.58757,61.897533,63.885544,56.578987,69.33063
71.11629,74.18498,72.06364,74.12591,64.71901,64.111885,60.33037,69.23853
76.75589,73.986824,71.82414,72.93543,60.225876,51.40601,48.305412,66.44574
68.665245,71.2359,67.99258,68.429634,60.692627,62.08176,58.559227,66.218094
73.65796,73.53615,68.30724,72.186485,62.48238,62.39892,56.64077,63.860275
68.45891,65.457245,65.89059,69.195724,58.104855,60.346455,53.46755,60.446053
65.44317,63.869305,70.436264,74.2983,63.8631,62.251366,61.939472,62.21301
62.83567,62.413353,63.63838,63.15481,56.68797,59.130074,57.951267,59.960896
66.76714,65.942764,64.564804,65.77643,55.4749,51.677044,55.0947,61.64933
63.39829,62.835705,61.975372,62.295162,54.557938,58.245842,54.44604,60.10772
72.71807,78.49893,69.4573,68.035736,61.305458,63.517483,57.33815,71.90633
62.31497,59.299015,67.61839,68.01675,59.824257,60.401093,57.712395,59.79676
69.972534,71.62992,67.69901,67.41377,57.982445,61.605434,53.30978,65.51414
62.79123,64.3686,63.932587,61.31914,55.313797,57.249153,58.628048,61.88162
66.30102,63.242374,63.67755,63.885014,55.014706,51.73999,55.640686,56.276077
80.28795,83.91246,73.10306,74.942474,65.21836,63.797344,54.419796,73.689384
71.653755,74.813805,66.82088,67.07282,59.99682,62.476494,56.672783,66.87224
64.28552,63.712227,62.550026,62.08371,55.315453,60.777485,54.02988,60.316265
62.10731,62.24621,62.251663,60.614098,54.60394,56.989162,58.29361,59.2922
73.976524,73.422005,67.79325,72.587074,59.42322,57.951866,54.571957,62.485844
65.83512,65.724075,68.26743,69.515755,59.831,58.02877,61.18734,61.94954
69.4398,72.53722,69.901505,66.64176,58.577507,62.47099,53.764545,67.75544
60.894222,56.6604,69.641785,68.72536,60.01996,59.304882,56.819344,59.80229
68.54932,71.991264,69.60028,65.67028,58.291126,65.97287,50.75015,69.80882
73.17983,75.38516,66.85689,68.362495,60.582947,62.60336,56.086655,65.96006
69.13092,68.66023,62.79784,66.25472,55.55709,52.388657,58.328575,57.42943
71.92084,69.67891,66.468216,69.558846,57.0414,50.056953,50.83653,63.1391
65.14051,63.897545,69.73128,73.042435,63.031914,61.916985,61.50732,62.204052
62.71163,62.809605,62.6387,62.552124,53.909897,51.80801,60.445732,57.928234
70.91868,69.78271,65.16063,65.56889,55.950344,54.372334,54.050766,59.229107
74.48448,75.363716,70.411804,72.91945,60.56901,61.887802,52.345562,66.970184
66.68024,64.77743,67.13307,70.13777,60.87066,62.14319,59.122475,60.2792
70.29405,70.88485,65.92016,66.2102,58.423447,59.280457,55.023396,63.744156
66.76317,68.30522,63.820984,63.05654,57.011627,60.260666,56.772198,62.673454
63.233532,61.789387,64.25606,64.35943,57.375916,58.962475,57.45381,59.350224
63.41203,61.887325,63.54673,62.091625,55.144394,56.929623,55.273235,58.564114
67.78455,67.228874,62.759815,64.037926,56.903603,59.40218,55.879257,59.868958
75.366554,72.80914,66.09873,70.65001,60.2494,58.972446,52.7343,60.546375
68.18185,71.250496,66.606735,65.39418,58.329113,59.741764,58.24906,65.68956
72.71657,73.61575,67.647316,68.342545,59.732662,59.425606,54.34392,65.6091
63.03134,62.79431,61.602432,60.10875,54.484604,57.33809,56.91877,58.915222
67.557945,65.80293,63.169777,68.65489,56.141357,52.91416,56.700558,58.94381
65.58377,65.42558,66.98293,67.72573,58.630592,57.534374,60.462856,61.212772
65.53996,67.11581,63.967155,62.193977,56.334488,59.133022,56.552273,62.943447
71.9475,75.51108,67.26539,67.32781,60.26498,62.68459,56.755627,67.68289
68.8092,72.59349,66.22822,64.7608,58.602898,61.482197,57.12434,66.918274
63.500404,63.975548,60.083572,59.311718,54.303585,58.855785,55.88734,59.16698
74.77964,77.628784,71.4392,74.45952,64.98474,64.92733,58.653786,69.275375
68.1173,65.901474,70.449394,75.62674,64.70684,62.971176,61.29516,61.578075
64.371704,64.65657,60.78396,60.922855,55.191975,59.116055,56.796486,59.19075
72.11842,75.10416,67.453636,67.57394,60.13545,61.83934,56.154305,67.33922
71.03257,69.048996,66.636185,71.06677,58.469845,59.27066,52.362366,61.994785
72.25657,78.38804,80.16635,75.29956,65.777176,69.74962,53.9018,77.974236
62.03024,62.87551,60.70032,58.64387,53.57953,59.031467,55.44069,59.72864
64.92344,60.40172,67.81266,68.525024,58.476704,53.499775,57.68847,57.322628
74.51122,76.576385,73.5121,77.76088,67.21527,65.61687,60.387104,69.20641
65.27218,67.47645,64.54199,62.042492,56.313652,58.87695,56.584312,64.06442
63.785194,63.10834,70.43653,67.438896,58.690357,58.3232,55.865776,63.510662
64.643005,64.59395,61.67839,62.486794,54.74789,55.395508,55.67945,60.32855
75.60928,79.649124,74.76737,77.72339,67.68753,66.28887,60.369026,72.79399
63.19009,63.48237,60.164703,61.301125,54.183723,56.148033,56.888103,59.123524
63.074608,63.342007,64.19817,62.59235,55.382996,55.846222,59.428017,60.09969
65.85548,63.28888,63.886852,62.89249,54.64673,52.357853,56.82521,56.84867
68.33609,68.211685,64.293724,64.515015,57.29134,58.99087,55.392433,61.620266
64.85548,65.018524,62.1826,62.3573,54.507168,56.90012,56.165535,59.233208
64.38339,61.862396,68.645134,70.180954,60.04994,56.705368,60.355854,59.726345
73.99707,76.3996,68.89218,69.36693,60.901463,60.889595,54.92602,68.19583
68.12468,73.22066,75.80737,70.60341,62.34577,67.14082,54.366814,73.653564
62.152542,59.922173,67.65466,67.74151,59.788322,62.209682,57.750996,60.59792
65.17943,63.371094,68.05983,69.39844,59.20453,55.988075,60.855556,59.75807
69.586525,70.122894,72.108986,75.96961,65.4969,63.829308,61.405987,65.91131
67.26711,70.124344,78.57028,74.28921,64.38408,64.723755,55.663376,72.78093
69.14515,72.30002,66.35956,65.118286,58.565403,60.82933,56.582184,66.49471
69.24735,67.587234,63.37281,70.45224,56.58435,50.046806,58.651203,58.148926
76.32282,75.05925,67.459305,71.40674,58.449127,52.45282,55.274807,59.343815
80.30518,76.79453,69.1778,80.79113,62.53407,53.327953,55.268635,58.9846
61.442524,55.840916,72.34275,74.63379,64.091125,59.351486,59.512108,60.00436
73.6009,70.84513,64.88092,70.6232,58.021523,52.806778,51.62509,60.794975
65.42388,65.01795,70.45235,72.6967,62.112953,59.237022,62.60238,62.855434
58.549263,50.635223,78.011765,78.23925,67.37394,62.668682,59.879726,62.135082
62.85822,62.560333,63.458855,61.816967,55.895138,62.463642,54.54927,60.80567
68.06226,71.13553,65.41098,64.138275,58.037098,61.04963,57.015217,65.512375
63.286583,59.97062,68.30087,69.591095,60.14256,57.40608,58.90075,59.323387
64.72983,64.74141,61.4748,63.65876,54.319225,53.2152,58.14779,58.384544
62.201946,63.24336,59.68577,58.524036,53.745037,58.672802,56.159042,59.489006
72.32579,75.15093,69.5918,68.94531,59.189754,62.357567,53.691124,67.58713
70.73775,75.1837,69.14004,66.69828,59.59979,60.138172,55.92857,70.36112
71.62296,69.544304,64.41311,66.46246,55.862164,52.345245,54.813015,57.19309
72.0918,70.706055,78.333534,77.50396,64.68214,57.07612,55.917446,67.4215
76.973465,80.36635,75.67726,79.75953,69.134834,67.05829,60.674507,72.671135
68.45465,66.96642,62.67147,64.201775,54.72552,52.47609,56.098877,56.883717
65.99014,65.34578,62.84235,64.31836,57.021076,60.345615,56.885235,59.510475
63.556576,59.703316,70.859375,69.42841,59.192097,54.50111,56.7251,60.092335
77.32958,82.31775,75.57851,73.17501,62.957924,67.57967,51.452435,75.1161
62.797665,61.46271,63.0787,62.272026,55.951794,58.115726,55.949944,58.91178
76.24231,76.3827,68.69239,74.09476,60.26267,56.85982,56.0714,62.70875
72.20037,70.30109,65.91958,68.54917,58.241833,55.625957,52.65612,61.864567
62.994965,63.2706,60.174816,58.860554,54.078716,58.628307,55.38881,59.106945
64.294,66.42893,73.11479,68.58861,60.373943,62.778294,55.47065,68.45304
62.57054,64.18047,62.858547,59.36789,54.066628,60.368748,54.43008,61.94731
64.547356,63.315422,62.51442,64.95317,55.018116,55.78088,55.226547,59.709995
62.776566,59.219383,73.01675,76.884125,65.68122,61.44101,62.64093,61.844627
64.08483,64.1168,60.93943,61.6826,54.936028,58.22715,56.25396,59.411343
63.640236,63.49161,60.951794,59.30041,53.57579,57.048244,55.052883,58.61653
64.58692,64.097206,62.046017,63.888847,54.630737,55.1075,56.45911,59.14772
68.356476,71.809944,67.758896,64.461754,57.27982,62.98878,53.5505,67.0662
65.26532,56.559086,75.1637,78.43952,64.78335,52.051365,60.184837,57.211006
63.64251,62.901836,62.133797,60.802315,54.490807,56.048733,57.023205,58.425488
73.25076,72.48631,65.93054,68.88519,59.937115,60.5048,54.579002,62.100803
64.737755,61.659534,75.126,79.23964,66.22576,58.469063,65.64388,62.301273
68.07787,66.63853,64.50339,68.46548,55.881714,49.61596,56.402958,60.33334
64.854034,64.79209,60.957836,62.295418,55.24734,57.76173,56.57086,59.26
71.196304,73.56037,74.22541,77.56365,67.07738,64.94445,61.964832,69.48311
73.897896,73.94151,67.29952,71.70908,59.01128,57.04366,55.89198,61.93355
63.335865,63.172062,60.620808,59.612675,54.35157,57.915497,55.528492,58.79221
64.408455,66.20892,64.48353,62.459404,56.132675,58.009624,58.391834,62.617218
66.58084,70.240326,65.32291,62.9662,57.40568,60.608395,57.30841,65.98329
61.362373,59.888885,67.13285,66.27891,59.023,63.279377,57.147038,61.163044
63.737053,60.63531,66.31621,65.37374,56.773994,55.530327,55.812817,58.272594
62.34578,61.256504,63.30469,61.88896,55.73498,58.820015,55.631226,59.292274
63.83844,66.36774,64.27763,60.193073,54.827682,61.441784,54.156845,63.753403
62.757786,61.03004,72.44436,75.882645,64.82662,61.480297,63.99371,62.894493
75.70014,77.24283,71.07076,70.72689,59.840553,58.969193,53.10759,66.46269
70.72751,67.73796,66.32569,70.31028,59.70476,61.94568,54.85721,59.91315
72.322235,67.37716,68.262856,75.49763,60.57183,57.97637,54.027702,60.104042
63.770367,68.34302,69.60432,63.742954,57.96527,65.42019,54.363758,69.20464
65.49103,64.985016,63.18623,64.603546,55.029194,52.74386,56.107704,60.633396
69.38799,73.158844,66.559586,65.40566,59.021015,61.74558,57.143093,67.1564
65.61715,64.94992,63.495636,65.077225,57.72847,60.163273,57.828354,59.583916
64.28857,64.17747,62.377274,63.40935,54.725708,53.86037,56.980133,60.095013
73.16941,71.52465,66.206665,68.7231,59.32172,58.590508,53.357346,61.73715
69.31178,64.80815,65.20286,66.83023,55.833744,48.769814,55.487823,54.89632
62.49643,62.794662,61.48585,60.195606,53.79506,58.17617,55.258118,59.752113
63.479298,63.35913,61.476368,62.596287,54.071255,54.855812,56.866234,59.0123
72.728226,73.25265,74.16775,79.367325,68.101456,65.422,61.824013,67.30215
65.35682,64.89623,62.402172,64.15133,54.911507,55.740757,56.22159,59.209667
67.374245,66.36095,70.01365,73.90763,63.691204,62.578667,60.99736,62.753166
69.568695,73.08268,66.30295,65.3703,58.943623,61.721645,56.97885,66.734085
68.59492,66.74053,64.16728,67.36604,58.080517,60.28148,55.914413,59.50932
67.33722,69.36321,79.650185,75.770256,65.23841,63.8328,56.080585,72.584076
67.459435,70.03645,64.82453,63.64056,57.60658,60.722385,56.952103,64.52623
67.337105,70.01829,64.859604,63.545208,57.567562,60.697144,56.990444,64.65696
62.476097,62.622643,61.60884,59.858807,54.063286,60.070534,54.02816,60.31409
66.02848,67.31342,63.390022,62.464756,56.581818,59.941734,56.78919,62.072517
68.365814,69.81609,69.48564,66.9076,58.308525,60.05175,54.37905,65.371635
62.726696,60.58068,65.13145,65.20497,57.949604,59.14506,56.987453,59.260166
72.70648,69.93568,63.78766,67.875305,55.850513,48.952145,56.319153,55.214046
73.09485,69.76576,65.78265,71.94567,58.73062,54.48456,52.441967,60.53102
78.82239,79.65868,70.62537,73.70177,63.26232,61.111755,52.97698,68.16038
64.62971,59.79378,74.87771,78.65131,65.64724,56.7598,63.63445,60.69668
62.357307,61.792023,63.515537,62.550117,56.48431,60.773827,56.300884,60.033566
68.28599,71.612854,68.8953,65.197075,57.8912,65.02811,51.543236,68.823524
79.85517,78.673,70.516716,78.99633,62.499,56.00171,55.328896,62.624783
69.5281,70.8305,71.03013,73.92855,64.178604,63.401867,60.53931,66.28073
71.867355,72.98184,69.886696,68.13778,58.997864,55.756443,52.751945,68.20716
66.929756,69.019875,74.159874,70.38208,61.24745,62.46627,55.181133,69.043365
66.66367,65.65019,62.394493,66.98321,55.42254,52.27095,57.807995,58.476837
61.38044,60.66389,64.29289,62.669434,56.695004,61.44246,56.01052,60.41621
76.300446,78.43933,73.17673,77.74521,67.254814,66.0173,59.46404,69.43272
82.48139,83.84446,72.61074,77.013435,65.94079,63.33757,52.71989,70.579544
64.078384,63.39943,62.11505,61.945812,53.752125,51.946533,58.443684,57.33477
64.44799,62.9584,77.56339,82.29552,69.62534,62.819717,67.60804,65.89783
65.00764,68.436775,65.123634,62.239532,56.653786,59.380363,57.954895,65.20773
77.06376,81.02705,72.24025,72.17666,63.111217,61.657047,54.545086,73.05624
59.57792,59.731026,66.37495,62.677986,57.032257,62.554123,55.61074,62.653553
68.611694,66.04803,64.036194,70.52364,56.960316,53.56405,55.508583,59.436935
61.432846,62.392456,61.649406,60.78252,54.249184,56.15986,59.190063,59.56021
62.277393,57.509804,71.37937,73.90043,63.363712,58.76682,59.820885,59.96701
67.956635,66.64691,63.83524,67.098404,56.28537,56.69104,55.02454,59.62465
81.0799,78.90376,70.856415,76.00515,63.61807,58.567173,50.084896,64.89737
75.22668,74.46242,67.20786,73.46092,59.47395,55.515038,56.43688,60.594833
62.328182,63.87527,67.577736,63.319145,57.22988,65.121315,53.357475,65.871826
72.012375,70.98048,64.60718,70.08573,57.48222,54.24592,57.3331,58.39349
67.6832,68.878654,67.10963,68.241066,60.265846,61.58787,58.598953,63.95983
64.447014,66.223366,63.990498,61.21204,54.95947,60.52122,54.402073,62.75457
62.51335,59.176804,69.44965,67.9227,58.779602,56.724976,56.483112,60.112236
64.24811,63.651867,70.58924,73.380486,63.389416,61.966038,62.195213,63.357307
63.652058,63.569675,61.268085,63.134552,54.394543,53.942837,57.712532,59.095337
64.75964,65.01277,63.511322,62.207954,55.18843,55.868427,55.342777,61.87512
63.24082,63.266163,60.733025,61.5505,54.314953,56.9812,56.030483,59.477627
63.523632,62.812447,68.420044,70.384514,61.295902,61.039658,61.029728,62.031822
71.73469,69.598785,76.067696,83.09418,70.678795,65.96989,64.058426,64.99015
64.66743,63.74867,61.3131,60.29517,53.80601,55.395943,55.122845,57.827957
74.986755,76.01515,70.93314,73.40877,60.925995,62.264282,52.138607,67.56547
63.037334,63.16285,61.202614,61.611332,53.9128,55.73539,56.613712,59.152794
76.28279,71.88147,67.58003,75.46848,59.973915,52.338074,50.3989,61.14325
68.86597,70.76707,66.35929,65.6285,57.010777,60.33191,54.65601,64.08919
67.73817,67.8244,63.711876,65.13335,55.842167,57.18376,55.97406,59.934246
72.17396,69.9599,82.967865,82.01041,68.365685,57.3165,57.047634,70.01456
62.808426,63.517998,60.549377,59.025097,54.257454,60.154526,55.387,59.810024
63.25552,63.946022,61.059128,60.95233,53.614174,55.02035,57.63389,58.65611
66.58885,67.67974,79.040115,75.42178,64.76003,62.4673,56.351326,71.125305
73.384735,73.96398,67.552765,70.92523,58.89617,57.969505,55.57447,62.870743
67.12445,67.507904,69.62099,72.165695,62.740158,62.322502,60.541733,64.2032
73.62029,76.29299,69.68426,69.2056,60.65849,59.778625,54.511642,69.27174
74.2853,73.19836,64.691154,71.50209,57.80199,51.017773,59.108288,56.88161
64.4372,68.067474,67.12576,62.10534,56.468033,63.7137,53.79359,66.87955
66.918175,67.21571,63.58614,64.247375,55.564735,57.736153,55.678993,60.278873
62.91614,63.23037,60.788464,61.05474,53.909714,56.214542,56.631714,59.180172
69.538536,69.03309,64.51856,67.48639,56.75392,56.867577,55.72658,59.960747
72.86603,75.71734,67.046326,68.07367,60.59974,62.905247,56.459354,66.773926
72.7169,69.62181,65.43407,71.27594,58.505577,54.68049,52.649403,60.466522
65.39804,64.58743,62.755417,63.335728,55.991554,60.451202,54.800873,59.996502
67.25983,66.66839,62.77416,64.14303,56.243008,57.23304,55.320137,60.316284
63.906425,64.08875,64.4984,63.741596,55.077816,53.218124,57.937126,61.220055
64.784195,67.016205,63.702988,61.511494,56.16452,59.618782,57.115852,63.26402
65.11177,64.361145,62.04207,65.11892,54.846077,53.642982,57.099934,58.85441
63.80162,64.64294,62.634583,60.886562,54.353397,58.99087,55.057915,60.699047
64.85957,64.996544,61.883163,62.049896,55.344677,57.634968,56.28074,60.166412
64.80057,64.68266,61.242207,62.273277,55.419678,58.65956,56.446274,59.33464
66.965744,72.027985,66.80835,63.373547,57.90152,60.649944,57.42357,68.618126
64.2593,64.06914,65.97058,65.86616,55.28801,50.33863,59.254276,61.182053
68.11353,67.74355,63.397133,64.3426,55.339516,55.58653,55.904896,58.824394
62.265884,62.5785,61.684525,59.533752,53.819275,59.712856,54.31706,60.167564
63.662678,64.39279,62.555157,60.739212,55.181396,58.268566,56.612946,61.027534
75.49347,80.65,71.15035,70.5663,62.674488,63.282085,56.199326,73.09391
62.97383,62.23115,65.04982,65.42176,58.06768,59.61415,58.78973,60.313152
77.48142,80.54872,71.575386,72.5016,63.11652,61.69849,54.238884,71.49486
67.55735,68.06383,63.802425,63.763256,57.122536,59.736073,56.111973,61.716854
71.199486,72.26591,67.64315,67.17822,58.88637,58.295124,54.28405,65.87724
67.33993,67.8725,71.260574,74.24838,64.234505,62.942165,61.52369,65.26038
72.482124,70.11665,80.37237,79.85366,66.29279,56.062584,56.503304,67.69876
63.75669,64.19708,63.495476,61.714268,54.852337,60.526264,53.39616,61.952072
72.029945,70.42915,68.365326,68.425545,58.272068,54.133247,51.579453,64.37338
65.172264,63.588737,63.594383,64.894455,55.833454,59.3167,53.642654,60.414387
65.81138,64.18669,61.531574,61.22036,53.931366,53.275074,55.596954,56.912434
68.24705,71.18454,68.42609,68.54884,60.843742,62.10122,58.89277,66.829956
58.904045,59.736626,69.36048,64.48646,58.264317,62.85111,56.043713,65.02521
62.766422,63.79631,66.027534,62.184387,55.824493,59.873,54.976665,62.9135
78.203224,77.20475,74.919,76.44509,62.709194,54.529606,54.013397,64.97324
64.09878,67.70161,64.42129,60.9983,56.134678,59.68346,57.534035,65.14346
61.93415,62.149094,62.612022,60.947536,54.61325,56.435265,58.821762,59.357834
69.277985,65.32691,66.80598,71.786026,58.58221,58.578194,53.22312,60.483337
69.636765,67.55861,64.91161,69.373116,57.32389,57.420326,53.883736,60.054695
61.470943,57.11886,69.00861,68.48438,59.720646,58.53222,56.83544,59.213478
62.397354,62.338585,63.0466,61.011803,55.487263,62.342922,54.45838,60.796947
78.01227,81.5852,73.69182,73.47461,62.0935,62.95747,53.519684,71.04614
71.12169,68.60574,66.20863,71.38872,58.387505,58.515625,52.59767,61.06906
61.2648,62.09598,62.172935,58.734207,54.338413,62.188023,53.87163,61.308216
67.08378,68.34624,64.70172,64.04303,55.94919,59.323727,55.041187,62.261295
69.52154,72.26259,67.10521,65.604935,58.545864,59.644825,55.78074,66.87811
58.48521,62.114887,67.3765,60.450058,56.274826,64.99774,54.686237,67.07591
65.509895,59.03133,70.885925,71.48056,59.648735,50.900608,57.03235,56.84828
60.344303,62.404217,66.27801,61.041744,55.786972,61.838257,55.153645,64.33096
61.3797,59.613037,65.54078,64.44269,57.71194,60.638077,56.396538,60.04445
73.42999,78.988914,69.58988,68.62717,61.663376,63.77218,57.212227,71.85979
64.74364,62.054443,65.48842,65.379166,56.791096,54.702534,57.628567,57.97027
64.20037,63.84545,60.80564,60.039448,53.508152,54.962452,55.954807,57.906425
69.85602,67.087326,64.09445,71.27709,57.054657,51.918,54.76113,59.645947
69.847336,68.29113,64.53089,68.910385,57.07435,56.390255,55.149048,59.481407
70.32625,68.15341,64.10696,68.46816,57.64891,56.3557,54.121048,60.021877
62.763493,63.188564,60.771664,61.741436,54.039734,54.71564,58.24748,58.860935
62.271572,62.777184,60.955055,59.07811,53.935986,60.091145,54.50942,60.146255
67.951996,67.251144,64.727234,64.964386,56.410896,55.39155,54.0614,62.108715
73.75776,70.720406,64.713326,73.6989,57.79261,48.511433,53.54498,59.852535
66.1676,68.55984,64.24347,62.60374,56.90187,60.20568,57.039307,63.857002
81.17606,84.37346,74.158615,75.93513,65.56395,62.629658,53.323467,74.31362
69.845505,69.48309,76.8924,75.0426,63.439625,58.89752,55.78216,67.81746
70.12674,68.48164,63.597374,67.15344,56.93226,54.96985,53.629864,60.474003
59.383602,59.780373,66.52081,62.58827,57.057583,62.833965,55.608112,63.011814
62.807156,62.976402,61.103218,60.62429,54.099022,58.21351,55.295597,59.77796
68.069374,68.944305,65.09036,63.644333,55.765938,58.141285,54.37974,61.9017
60.88098,60.62963,63.426357,60.79771,55.50466,61.222534,55.161892,60.436874
62.276627,63.006847,60.38633,58.938747,53.854336,59.280037,55.341274,59.810467
74.17987,74.932655,71.60472,73.441536,61.172188,64.41342,49.900265,69.05135
64.78307,63.496353,61.994762,65.68895,55.032425,53.845726,56.268925,59.26967
59.383648,60.054684,65.97583,61.928116,56.690342,62.990707,55.470158,62.996258
61.05395,62.080437,61.7138,60.571014,54.202904,56.24607,59.637665,59.401176
64.02069,63.846016,63.44046,64.49592,54.81013,52.196617,58.363586,60.035114
64.917305,63.52074,63.291336,64.61498,55.398106,58.687233,53.335457,60.501022
63.037586,63.455708,60.79297,59.905666,54.37125,59.524845,55.357372,59.803085
69.27961,68.87478,69.55893,73.420074,63.469036,62.900215,60.002495,63.37449
64.057205,57.92869,69.98554,70.54944,59.788086,53.7521,57.003414,57.18314
73.075676,77.72006,68.63974,68.301315,61.198997,63.401394,56.96212,70.055695
76.35121,72.24038,67.81002,74.84473,60.812634,55.93772,51.47204,60.84117
63.38112,63.287018,63.307964,64.57294,54.65426,51.78444,59.418262,59.521248
68.30407,71.40224,67.07484,64.40418,56.99572,61.91892,54.223885,65.91268
63.33455,64.14496,62.701904,60.589355,54.9672,57.695156,56.47548,61.323112
72.44412,76.566086,67.98275,67.768135,60.68631,62.943928,56.828545,68.91137
68.90268,74.94695,68.743706,65.631065,59.364285,61.15234,58.510895,70.733574
63.43795,63.48272,61.338627,60.820175,54.649605,59.56845,55.004143,59.932335
63.15664,63.516373,60.364838,61.61857,53.907894,54.621334,57.699364,58.717133
81.335945,86.33881,75.727425,78.704506,69.01604,68.34789,58.200104,76.71077
77.50716,74.4068,69.321686,73.27266,60.769707,54.583782,49.771595,63.387024
75.06379,76.81077,69.842735,70.382675,59.428013,58.935196,54.196487,65.663086
78.198044,78.800545,72.86231,73.67252,62.430496,56.75795,50.885868,70.364044
64.19947,67.202065,66.26398,63.35055,56.496346,56.97299,59.754604,64.53767
62.902756,59.49212,66.45922,66.20575,57.956112,56.90722,56.497932,58.44969
68.52072,68.17656,66.814644,65.63098,56.734795,56.677002,54.460598,61.44423
69.11222,68.01912,63.425343,65.63853,57.069492,57.471783,54.742718,60.31633
62.762028,63.289677,60.46883,60.556507,53.807365,56.275497,56.861717,59.097145
72.208916,69.554016,64.865265,70.06063,58.223385,55.298996,53.026848,60.3503
64.55113,67.04268,64.7363,61.004932,55.203514,61.564915,54.01697,64.07748
68.656456,73.470314,66.969666,64.665535,58.77481,61.638767,57.41027,68.547104
63.387768,62.28198,75.16979,79.31023,67.71758,63.451874,65.59891,65.2827
62.881977,60.043835,68.25554,66.619576,57.847893,56.470478,56.159485,59.840878
77.75902,79.68493,72.093925,75.08955,61.964024,61.047386,54.172592,68.06048
64.960495,66.45082,64.9834,61.99969,55.863934,57.228123,55.72549,63.961037
65.32041,63.21836,63.4554,62.336452,54.679585,53.5825,56.788982,57.33608
70.75472,70.89523,65.52638,66.53203,58.59049,59.65044,55.00129,62.89517
73.3607,68.03337,69.02328,76.83747,60.714256,58.48974,51.30347,61.087734
64.40199,58.695244,69.17433,69.67206,59.105827,53.412712,56.78804,57.03868
63.191162,63.20076,61.291294,62.059467,53.96913,55.262733,56.763153,59.077316
67.910774,65.52872,64.18466,68.58077,57.390385,57.278103,55.41724,59.641502
60.236443,57.686687,74.615295,71.35251,61.730045,58.99406,57.466118,64.471855
63.788338,64.4409,62.06002,60.739464,54.106964,58.072834,55.720818,59.74636
67.32008,70.32013,65.18481,63.559307,57.62132,60.63241,57.00745,65.257195
81.13719,82.33221,74.41687,76.260086,64.5715,58.61701,50.750126,72.39006
80.27569,83.41363,71.3454,74.673454,65.21792,65.44248,55.22778,71.36834
72.35779,70.95824,66.367615,67.27975,56.78317,53.778637,54.002117,59.480877
68.90685,66.542,67.22935,70.86055,60.992504,61.874615,57.76718,60.254723
68.66755,67.921814,62.7061,68.36315,55.93565,50.6706,59.390686,57.717674
73.28015,71.245255,66.10132,69.03655,59.112453,57.584675,52.91851,61.436634
67.35874,72.94104,67.72421,64.32297,58.407314,60.513325,58.45139,69.38053
61.01473,62.16433,64.84337,62.255867,54.73372,53.958797,61.123104,60.767567
64.35912,66.36659,63.887596,60.7268,54.791565,60.322796,54.651268,62.689484
67.96348,69.893295,69.282486,70.59552,61.988503,62.360626,59.749973,65.982445
63.611496,62.44446,66.17076,66.45752,58.80568,63.17611,57.114613,60.934288
63.688606,63.18191,63.799053,62.66601,55.149143,60.903263,52.601547,61.833607
71.87856,74.01838,71.01262,73.81505,64.30662,63.994305,59.57209,67.62343
64.17324,60.963673,65.29237,65.238716,56.96373,55.050564,56.69386,57.683163
68.70596,70.781586,73.34397,76.05444,65.861046,63.977806,62.205482,68.34443
64.19996,64.41395,61.1003,60.922176,55.114017,59.80781,55.94942,59.562683
66.583496,72.7639,67.92867,63.660908,58.110004,60.26219,58.48078,70.15074
77.65486,74.8248,72.185585,73.544846,60.87849,52.331192,48.2283,66.462326
64.57121,62.03768,70.65006,71.572716,61.99975,65.96816,57.108467,62.618607
78.621895,82.06074,72.43423,73.51294,63.973183,62.37175,54.24894,72.75609
69.17369,69.03331,69.435974,66.37519,57.148827,52.545704,52.167965,66.74111
61.238003,58.01111,67.39062,66.90248,59.18136,59.75202,56.916626,59.642036
65.17752,64.2009,61.610455,65.12499,54.7767,52.986656,56.29517,59.204926
64.33988,63.586235,61.156147,60.177116,53.982407,56.01821,55.251564,58.06015
77.621666,82.23522,70.9036,72.23907,63.97387,65.254944,56.438225,72.42861
65.9837,64.479836,64.370766,65.64661,56.12796,60.16856,52.21955,61.452038
78.01144,79.52486,70.1051,72.85671,63.043022,62.005436,53.90604,68.373955
67.36147,69.936844,65.27845,64.15398,57.82454,60.49156,57.37146,64.645454
62.092434,61.52099,62.59652,60.99062,55.398636,59.454433,55.540012,59.55056
65.61302,68.040886,64.08205,62.16411,56.629234,60.008907,57.10446,63.756973
67.5437,65.94881,64.17476,66.8147,56.38506,58.407146,53.60512,60.26181
63.228397,63.13646,60.896008,59.392815,54.063107,58.02459,55.199856,58.91995
82.90352,84.421,74.506,77.694725,66.09272,61.30917,51.45735,72.74767
67.23587,67.23563,70.80323,74.060356,63.995773,62.776386,61.35741,64.37491
64.91937,63.26828,70.90896,73.60576,62.17088,57.742874,63.37166,61.353653
69.10777,66.564705,66.23208,69.328636,59.50156,62.28853,55.49472,60.12605
64.82374,63.89744,61.32816,60.95528,53.7901,53.577106,56.57785,57.370968
63.198124,63.056755,61.571163,62.056767,54.09205,56.161934,56.0569,59.385468
71.90417,76.62553,69.3868,68.77377,61.251842,62.51441,58.115025,70.05413
68.05766,75.57052,78.18836,71.310165,63.89066,71.90274,53.222805,78.15507
63.47281,60.254818,72.30289,76.3211,65.24112,61.665237,62.50733,61.682274
65.339294,64.96782,61.84156,62.799847,55.842674,59.53949,56.047844,59.49899
74.43655,78.69367,68.90443,69.44009,61.895264,63.897305,56.718033,69.96916
69.242294,68.84793,76.584625,81.9478,70.010735,65.43916,64.840096,67.27209
61.7484,62.60697,63.050632,60.57146,54.65209,56.697292,58.674114,60.46095
67.599365,66.70079,63.28057,66.487305,55.880684,55.477627,56.179398,59.12996
68.12738,71.259636,67.74623,64.62591,57.301224,63.237583,53.04491,67.065674
64.66238,65.122215,65.88432,66.273705,58.815914,60.432903,58.892735,62.186527
60.780342,61.767174,62.568336,58.988373,54.48612,61.67252,54.74282,61.246227
61.979282,58.660652,67.01449,67.09237,59.17902,58.976917,57.185257,59.234695
64.365425,63.801216,61.180187,64.17671,54.51301,53.34972,57.135284,58.899136
68.181335,65.65201,64.6389,68.8207,57.721973,58.269604,55.15783,59.76111
73.07866,71.074936,66.59585,69.07012,58.864857,56.413673,52.47326,62.10981
66.08395,64.49594,61.960953,61.273945,53.618187,53.33675,54.889786,57.011288
77.554924,78.99512,73.632126,76.22879,62.895576,64.3258,50.651146,70.55343
78.80995,78.560234,72.55025,74.21184,62.558346,56.595646,50.397186,69.12932
71.033844,73.8943,71.68283,73.7954,64.43798,63.964962,60.14632,68.76735
79.46058,80.276276,69.8495,74.07623,63.804825,62.854504,53.654205,67.25896
65.93988,65.20885,62.034245,62.035595,54.069572,54.36202,55.932175,57.764023
70.46017,69.32535,64.09461,66.21626,55.938984,53.9039,55.77479,58.06387
69.79667,72.72938,67.06592,67.11434,59.93413,62.059826,57.51703,66.38701
59.95141,57.222908,70.70384,69.518585,61.31152,63.726936,57.70357,62.193882
64.59249,63.85827,65.55556,65.29891,56.22258,54.322815,60.69653,59.113647
64.663055,64.045135,60.553013,59.781925,53.699177,55.58672,55.294376,57.849503
62.068516,58.66641,66.71305,66.68704,58.807667,58.24601,56.954323,58.944492
73.73879,77.83616,73.42838,75.549164,66.03949,65.26894,60.105145,71.76559
61.362488,58.961063,72.56092,69.61205,60.209774,57.79029,56.96059,63.109695
62.482597,62.576138,61.80301,60.010075,54.028004,59.8988,54.016453,60.301506
71.0862,70.38362,67.62096,70.454575,58.707447,60.73729,52.09514,63.975155
67.52781,71.68394,69.77914,64.33385,58.02871,67.09459,50.24442,70.79938
76.90481,79.87917,75.08494,79.42247,68.76402,66.84149,60.37854,71.74514
76.19131,78.17961,72.87954,74.318695,62.017834,64.35618,51.156162,70.34903
58.422787,62.534546,69.06718,61.89043,57.32,65.50336,55.354458,68.27408
67.263985,65.72178,63.71304,67.0367,56.15581,56.671566,54.68117,59.81725
62.438763,63.048164,60.675365,59.482838,54.40041,58.51528,57.091217,59.41262
74.15593,74.62045,78.208435,84.34025,72.280334,67.361084,64.347206,69.667015
86.06514,91.274414,77.26185,80.20334,70.8017,70.583084,56.347595,80.77797
71.58653,69.887634,65.17079,67.78473,58.149452,56.87259,53.42297,61.214703
58.42513,61.40816,69.40435,63.342453,58.202164,66.42751,55.48245,67.653824
65.40905,66.94583,64.27815,62.309944,55.342907,60.14995,54.540443,62.608963
66.91065,64.06878,63.380825,63.037937,54.17813,50.539387,56.268555,55.9909
68.88949,68.26495,63.46535,67.025665,56.162613,54.929142,56.999123,58.694122
82.47451,86.581215,79.976135,79.77121,66.99343,70.33039,48.57853,79.02563
65.672844,65.346924,67.28336,66.147354,55.826523,50.610012,57.30523,62.800945
69.61081,64.42899,73.85356,74.58645,61.48441,50.9772,56.58388,59.742165
66.09297,68.640686,64.728355,62.947624,56.97738,59.752403,57.504177,64.13125
67.79728,73.52715,67.49839,64.15212,58.573425,61.32115,57.893776,69.71938
61.389137,62.068897,62.706272,59.36041,54.416718,60.640484,54.76297,60.85872
73.814896,74.67312,70.404015,72.447174,60.418533,62.600716,51.68215,67.35775
62.06896,62.60292,64.07914,61.085274,55.670444,63.099224,53.97225,62.257965
63.610207,63.54224,60.999596,59.79074,53.43362,55.706257,55.90248,58.32168
63.281555,64.02667,62.107986,60.595123,54.87876,57.812206,56.672245,60.79304
67.3704,64.92633,64.621,68.08557,56.767,58.58327,52.612537,60.725235
66.74922,66.82367,61.99878,64.12123,54.727398,53.225536,58.31499,57.865368
64.09126,59.69837,72.25733,75.10983,63.350773,56.8178,61.508415,59.95905
59.98124,57.66822,70.983215,68.28338,60.06387,60.513348,56.789547,62.660294
79.29602,84.68463,72.76098,73.790245,65.34489,66.103516,56.480854,75.23127
63.787548,63.555836,60.954075,63.432163,54.236214,53.40606,57.744514,58.655792
72.99973,67.941055,69.25175,75.46802,61.36626,61.128456,53.16643,60.491882
61.62032,62.315804,62.679462,60.75784,54.544544,56.418495,59.035706,59.875782
62.49875,60.21972,66.99898,67.26207,59.388382,61.233555,57.65894,60.14847
76.24443,78.23616,70.176704,72.38994,60.32387,58.88585,55.59672,65.7792
66.362854,62.594086,64.81255,65.264145,55.74273,51.275723,55.87189,56.0872
69.57928,68.956604,63.078434,66.51904,55.752518,52.789253,57.92405,57.492046
64.05647,58.387917,69.20585,69.7921,59.427048,54.012062,56.975407,57.25714
62.465424,63.468678,59.808064,59.381664,53.441708,55.891197,57.57535,58.69574
64.727715,64.665695,63.46748,62.891376,55.134613,59.664124,53.76485,61.222153
80.0981,82.65017,71.95344,74.7364,64.73562,63.383686,54.03399,71.32676
67.620346,68.53765,67.46669,66.29834,57.540657,63.583893,50.90667,66.21822
67.58692,67.64385,63.826347,64.6982,57.718,60.389977,56.704575,60.961334
65.46265,62.16938,69.33377,70.98493,59.93473,54.552795,60.453762,58.902412
63.783447,61.988735,65.21447,66.12872,58.47317,59.951717,57.73753,59.48519
67.138985,65.51858,62.511497,62.330906,54.186016,54.007614,54.69796,57.24371
66.866745,67.712524,64.28207,64.0587,55.784138,58.883495,55.103886,61.587368
70.998886,77.45591,72.091835,67.50927,60.220383,58.947227,56.15123,74.686584
66.27325,68.99887,66.24068,63.058083,56.810356,58.022125,55.91915,66.15651
62.469994,62.61791,61.723064,59.90575,54.63466,58.1567,57.18423,59.493126
73.50441,75.23189,67.72862,68.84865,60.49813,61.112118,55.100758,66.39357
63.543106,62.895638,61.992435,62.690735,54.607666,57.752037,54.660446,60.00966
70.38278,71.933754,67.82139,69.7111,61.34208,62.530064,58.11241,65.05788
63.269985,61.5079,65.96803,66.99054,59.007435,59.531612,58.52965,59.858387
83.69247,80.92041,74.334,84.88933,66.15283,58.426327,51.014946,65.42667
64.14058,63.9044,69.45336,71.37729,61.850937,60.78093,61.645252,62.97813
70.888,71.33517,66.72384,66.83584,58.615448,58.522385,54.41172,64.404755
79.64141,79.04413,70.880165,74.61067,63.22561,59.439796,51.47739,66.848465
66.617805,66.35403,73.743225,77.80771,66.70713,63.68437,63.566544,65.62082
63.664616,63.37592,61.358536,60.927643,55.246674,58.57864,56.368618,59.02136
74.56144,76.718864,69.48867,71.19147,59.77946,59.876675,55.35525,65.87095
64.301254,66.38935,64.22412,61.950512,56.05863,58.522945,58.019753,62.97738
73.328285,74.55966,68.51247,68.93851,60.108524,59.215237,54.077118,66.76442
72.44625,76.05188,72.21759,74.143776,64.88313,64.50339,59.85046,70.24298
66.392044,67.56002,68.820694,69.85439,60.93564,60.488926,60.48819,64.34061
64.53274,63.48766,61.585648,60.660934,54.294807,55.538338,56.016636,57.919167
75.027405,77.354416,70.51782,73.87049,64.44591,64.71008,58.06902,68.12373
68.20879,65.35896,65.61626,68.82904,57.915634,60.150402,53.6291,60.384975
60.8265,54.881245,72.570206,73.54915,63.57668,60.536736,58.817272,60.028233
64.39321,63.605522,61.401337,64.38554,54.748962,54.3213,56.493443,59.199627
70.10709,71.3627,67.0418,68.8632,60.711372,62.210335,57.770653,64.2574
66.442856,64.09354,62.268585,62.41346,54.22272,51.907963,55.476505,56.311428
74.04969,78.2142,68.65219,69.10874,61.63901,63.706787,56.72614,69.62358
63.42352,62.93724,61.984695,62.6208,54.354828,56.78412,55.317623,59.699898
63.690876,62.503136,63.383778,63.73308,56.95443,59.084724,56.97859,59.15879
63.157375,63.589382,59.958477,58.952568,53.678524,57.284187,55.976616,58.769268
71.98343,71.311806,70.01359,69.836845,58.980484,55.949337,54.38497,62.766193
86.43561,91.27145,77.75424,81.430466,71.648506,70.94601,56.67612,80.459206
64.90434,59.560936,75.5894,80.16023,68.2368,64.648346,63.183395,61.648705
65.494644,66.04864,63.446247,61.266,54.547817,57.955956,54.469196,60.68008
64.72502,64.45904,61.407387,61.3208,53.644615,53.81033,56.81442,57.775234
62.077545,58.224327,68.41923,68.96153,60.393776,59.60626,57.8052,59.464924
63.91719,62.566208,65.21382,66.133865,58.53174,60.95725,57.891403,59.90413
68.6534,66.56368,78.34875,84.75517,72.18966,66.05831,66.6363,66.34791
70.691864,73.042206,67.17558,68.13204,60.48019,62.365227,57.417957,65.81707
78.22246,78.970795,73.38556,73.77738,62.430805,56.189228,50.60732,71.06186
62.81215,64.46796,63.976894,60.13227,54.659992,61.993706,52.999176,63.567196
74.47784,72.22566,70.459435,70.905624,59.12838,51.87038,49.559586,65.83787
70.358315,74.271065,69.996796,66.65057,58.746605,64.86682,52.281124,69.645164
68.28854,69.5298,67.782104,69.30102,60.98122,61.968975,58.82702,64.4152
74.20336,78.699936,69.01018,69.249084,61.82329,63.852875,56.81414,70.302124
73.11617,75.049484,69.80413,68.94984,60.056793,58.115395,53.686947,68.75157
77.021126,74.051346,69.28969,72.82987,60.540485,54.521214,49.921017,63.53939
66.9552,63.121353,72.85215,72.20823,60.583675,53.596474,56.50907,61.05279
63.36578,63.36063,61.60236,61.99518,54.042614,55.921097,56.34755,59.237434
69.9208,72.908875,66.70797,65.78411,58.915947,60.84192,56.323742,66.67012
67.237206,64.37196,68.57229,70.94043,60.98532,64.13768,56.36881,61.06894
61.969746,62.65291,60.91474,59.58695,54.22703,57.747417,57.672672,59.360153
66.52235,65.19377,61.981075,66.26389,54.905743,51.272297,55.568306,59.39115
72.33038,69.746414,65.145386,69.93395,58.795654,57.311512,53.60435,60.18802
75.571304,78.40971,71.47886,72.23708,60.888542,62.275295,53.913857,68.75182
67.2388,66.10062,62.53841,65.351715,56.441273,57.423885,55.626118,59.559864
64.37219,66.78686,65.694115,63.248955,56.40795,57.180553,59.372757,63.65555
71.941086,72.87462,69.85552,68.743675,58.811832,58.508373,53.90268,64.859726
66.75824,65.554985,63.007225,65.2403,56.792213,59.44818,55.8366,59.5532
66.8649,62.82555,65.66365,66.071655,56.04607,51.424377,55.561573,56.167263
73.46798,73.9735,69.64205,69.35373,58.807426,57.355164,53.697086,64.09277
67.21841,65.86752,62.471073,62.784775,54.333572,53.8229,55.341053,57.328583
65.476074,64.09537,62.70627,65.38523,55.836803,57.205475,55.34957,59.711742
76.29169,75.104324,70.795815,71.99328,60.786777,55.431873,50.633327,66.665375
65.09482,67.06743,65.25774,63.433136,56.597565,57.786648,58.817123,63.119907
63.21581,62.457962,63.400513,62.621445,54.32277,52.562428,59.54595,57.875546
63.984333,63.729485,65.80164,64.956024,56.049038,54.0663,60.975002,59.731705
63.91148,63.646072,61.28419,60.28558,53.345997,54.614597,56.166912,57.988953
62.49701,63.225876,63.82637,62.187958,54.795,54.729992,58.79717,60.88543
67.53124,64.16028,73.452934,79.7326,67.67522,64.03452,63.61422,61.89038
70.97583,70.80001,66.64283,69.37116,58.065872,59.04489,54.044487,62.62877
63.857735,60.620422,65.74894,65.35306,56.90049,55.474823,56.049763,57.892048
63.36213,64.08844,61.979084,60.60325,54.949898,58.10516,56.77696,60.61825
65.64729,65.15872,61.589645,63.575127,54.91425,54.6171,55.20376,60.057087
79.00857,75.016785,68.714775,80.473915,62.094616,52.99478,54.797913,59.2126
74.75994,76.0501,68.93514,70.384445,59.09118,57.836025,54.92843,64.23208
67.95605,72.52945,76.49472,71.52969,62.84359,66.56064,54.672718,73.446175
61.811428,62.556362,67.94277,64.74291,58.18549,65.17253,54.87085,64.78051
63.625233,59.51148,67.35073,67.079926,57.90947,55.37703,56.297295,57.882263
79.97809,80.86941,73.18434,78.31046,63.397175,60.568436,53.520054,67.97535
70.63304,72.058846,65.18307,66.20755,58.99423,61.554317,56.238926,63.686092
63.508423,63.78603,60.4979,60.549934,53.263847,53.204483,57.87872,57.741344
60.685776,57.48362,80.70904,77.306404,65.84162,58.656334,58.679157,68.01873
68.96382,69.86372,66.42362,66.72453,57.28556,60.51017,53.67314,63.813805
76.8981,73.590836,68.43375,73.45649,59.739952,51.64357,49.28854,63.114834
66.7749,66.31174,62.184055,63.651276,56.095184,57.78053,55.766262,59.858894
63.37738,62.628746,65.13883,65.25769,58.110367,62.478333,57.263607,60.64413
62.534714,63.13551,60.474415,58.451992,53.630386,58.90966,55.170036,59.42641
60.730682,61.246056,64.03894,63.20343,54.37056,52.256454,62.55845,58.763092
66.40245,70.455894,73.2637,68.2859,60.533356,65.171745,54.593063,70.809265
68.51989,75.64186,77.13635,70.78357,63.2301,70.519775,53.838062,76.84798
70.1269,68.748604,63.7791,66.5058,57.49714,57.452137,54.371292,60.3268
63.20858,65.36905,63.554913,60.41165,55.337708,58.505493,57.089836,63.104893
76.00243,82.12236,71.3693,70.84404,63.419197,65.08295,57.206375,74.301704
66.56052,65.86482,63.063305,64.52163,55.21855,53.37922,54.28273,61.22284
67.800865,66.95073,64.59374,65.31722,55.940342,53.560757,53.558826,62.257324
65.90586,59.951122,68.82,69.58519,58.30741,50.831932,56.551785,56.051834
75.12415,78.7781,68.67883,70.00917,62.13875,64.05453,56.463093,69.15696
68.53641,72.01573,66.71318,64.70333,58.277668,60.220325,56.496162,67.15381
66.64887,65.73183,62.022675,64.694145,55.88276,56.534214,55.5601,59.571777
64.2287,65.51294,65.81081,62.33011,55.778267,59.85527,54.63546,63.057846
64.46317,61.261345,65.00442,65.11654,56.75973,54.63094,56.489044,57.47082
67.29919,69.0317,65.30223,63.73045,57.180893,58.96986,55.962925,64.3154
76.539314,77.09273,81.74118,80.91428,67.55611,60.04789,55.110733,72.224075
65.96861,64.82145,64.01183,64.82681,57.219036,61.727757,55.29197,60.18074
68.47734,69.89744,69.1667,69.213936,58.844166,55.02798,61.79425,63.58631
64.00953,64.2511,60.917633,61.542786,54.81544,57.2624,56.6107,59.595657
63.365482,60.894978,68.13136,69.492546,60.12947,58.061592,59.66465,59.952606
72.568985,70.60358,67.164764,69.08397,58.270824,54.109894,51.74004,63.087128
65.966194,67.30392,66.14479,66.23651,58.97777,60.816883,58.491535,63.481922
66.83365,68.59023,65.08341,64.19655,57.30877,59.081207,57.961094,63.17321
64.77439,64.39279,68.42454,69.9189,60.379948,58.997417,61.30317,61.92238
62.211483,62.950294,61.209442,60.983925,53.57563,53.551556,59.466385,58.34248
67.50152,67.95453,63.81681,64.379196,57.621487,60.499336,56.76506,61.39095
64.730194,64.142815,60.6809,60.523434,53.500206,53.584682,56.410645,57.37235
62.7829,63.313717,60.26641,58.628178,53.656,58.326687,55.453648,59.179462
66.352394,66.315315,65.21747,63.39296,55.99967,55.74771,54.465168,62.974155
72.9276,76.32173,70.485985,68.10162,59.187202,62.578754,53.058624,68.6783
64.21818,64.326,61.823116,62.327896,54.268803,55.970955,56.56448,59.095943
62.88337,62.328934,63.043476,61.83706,54.53025,54.57217,58.864967,58.43007
83.20255,84.204834,76.79965,82.19728,66.27989,63.402313,51.103962,71.89962
64.75733,63.56519,62.02795,60.690308,53.751064,55.028587,54.87775,57.75653
65.535126,63.506405,64.3,65.831726,56.037186,59.55464,52.697617,60.766167
64.42151,64.03685,60.623993,60.40961,53.47373,53.8242,56.581505,57.542656
67.298805,67.82301,64.09644,63.26344,55.338554,57.466263,55.0274,60.71635
73.28668,74.08363,69.064156,71.420135,59.606327,60.754986,53.307407,65.47803
68.05039,66.97725,66.435555,66.96979,56.036026,50.567543,54.078667,63.030987
58.554893,54.20266,78.19616,75.46396,65.03796,60.405178,58.63731,65.48259
62.657993,62.94205,61.272602,62.392426,54.268677,54.51374,58.63374,58.990746
69.361374,67.34288,68.7564,68.557495,58.053185,54.38846,55.037792,60.40876
65.26333,70.1287,65.784546,61.95877,57.007484,60.308975,57.70532,67.48069
67.36008,67.463974,73.33761,77.2323,66.34167,63.709743,63.0023,65.877464
63.09002,65.822845,67.70569,64.535736,56.293846,54.092087,61.909748,64.08424
80.519554,77.76711,71.637764,75.75231,62.897087,55.988007,48.88997,65.30606
67.86451,68.15527,64.16036,65.27268,56.047726,57.794075,55.60162,60.64252
64.52432,61.18045,65.41528,65.26888,56.58419,54.403217,56.02111,57.42271
67.22771,69.07928,70.267914,71.605896,62.443687,61.785828,60.854626,66.133156
67.0927,66.83999,64.278404,63.672745,56.523685,57.669216,55.123528,61.670963
66.55198,65.137596,72.98367,77.67889,66.39697,63.434177,63.283817,63.85733
65.4115,61.947674,65.08347,65.066864,56.190605,52.907913,56.56572,56.850166
64.272675,66.94403,64.60194,60.47616,55.016933,61.528778,54.13214,64.05869
64.0705,63.254894,72.39019,75.82004,65.107475,62.572403,63.471,64.07445
68.36108,66.74367,64.243286,67.72382,56.62225,57.333958,54.328983,59.91315
63.48627,63.892864,64.23104,62.98217,55.00304,54.08721,57.943745,61.253464
66.80443,64.51728,65.35074,64.83375,55.804955,53.982075,55.058098,58.195538
63.114147,62.44866,63.287712,62.481922,54.317974,52.815754,59.50371,57.963787
68.83146,66.98329,65.366974,65.34657,55.9401,53.99871,54.608173,58.5905
67.94164,67.66786,62.31363,65.6831,55.06147,50.96139,59.47631,57.123272
81.80353,85.21831,74.03701,76.387955,66.192856,64.08028,53.907658,74.4735
62.144596,61.655457,64.52515,63.559975,57.210876,62.189407,56.621315,60.65158
64.09841,62.687206,63.309532,61.984234,54.69827,54.49811,57.635242,57.972717
65.27614,65.653305,62.493473,61.845352,56.00499,59.49796,56.658012,60.461235
69.446365,68.12865,67.38228,67.01208,57.183712,55.080162,54.64046,60.459763
65.21267,64.1502,61.17208,60.501553,53.551968,54.05108,55.355637,57.33402
67.39414,63.589405,71.553276,71.21077,59.759598,53.146732,56.23334,60.168106
66.74147,66.56071,65.42014,63.816666,56.079704,55.326283,54.179146,63.097893
62.729168,64.13484,64.60118,62.085224,55.40602,56.249992,59.436726,61.710854
69.11562,70.10922,71.895775,75.191345,65.01708,63.610107,61.31399,66.31338
73.231026,74.139,69.86404,69.18376,59.752815,56.770176,52.781303,67.89672
62.921852,63.211895,61.3371,59.668987,54.410397,60.73801,54.40251,60.19699
71.81575,72.04966,66.30934,67.47674,59.14042,59.617138,54.64614,63.69331
69.3344,66.25069,67.65974,70.827385,60.42832,63.31964,55.213028,60.56773
62.25175,63.290726,62.11479,60.053818,54.557377,57.513817,57.357765,60.79607
74.694756,77.53463,80.20848,77.83019,66.11406,64.00011,54.45386,74.12672
66.55336,65.66398,61.66361,64.58622,55.333393,54.811657,55.055714,59.714096
62.387157,59.576912,65.810165,65.333466,57.748108,57.989292,56.451096,58.891285
72.84593,69.97325,65.13856,70.74865,58.35103,54.539036,52.527927,60.49811
69.316605,73.41703,66.66581,65.18129,58.952705,61.74631,57.159008,67.61754
64.656906,63.357117,61.64429,61.229527,54.541725,55.311234,55.5995,57.709366
74.6587,73.06799,64.89981,74.23051,58.53941,49.180237,59.8921,57.1338
70.41767,73.761505,67.90173,68.022446,60.629536,62.485535,57.74861,67.42205
83.41692,86.307365,73.69288,77.75662,67.322334,65.87692,54.07432,73.5844
70.72766,68.26069,64.40181,72.25968,57.603645,51.867615,56.836613,58.746834
65.89971,65.19621,62.409134,61.691082,54.18111,55.71866,55.038654,58.319508
63.30969,61.17856,73.41273,77.8014,66.366165,62.79226,64.56875,63.132732
70.22941,74.35693,67.040375,65.926895,59.455593,62.11316,57.07947,67.998116
59.59782,61.925102,67.9866,62.230705,56.779255,62.729042,55.448723,65.64508
72.893036,77.66706,71.77858,68.30218,59.944065,65.276184,52.774208,71.37113
65.35949,64.69421,61.181374,63.870674,54.78842,54.467194,55.39502,59.60725
68.04763,67.866974,62.453438,65.31967,55.211693,52.89932,58.341496,57.692673
67.1534,65.03618,63.987797,67.49325,57.017033,58.071632,55.089516,59.80124
67.77653,66.66524,65.105156,66.54631,55.726536,51.051914,54.112984,62.154854
69.83441,69.22973,70.312256,74.71655,64.35606,63.31521,60.364235,63.561638
66.753624,70.911095,73.27051,68.332825,60.55584,65.27631,54.497612,70.95127
64.182434,63.768642,63.608932,63.772793,57.047443,59.605366,57.810463,59.978287
64.340935,64.99773,62.395435,61.114197,55.60344,59.214844,56.82323,60.67259
77.20936,79.86866,72.304695,72.37375,61.038025,60.921818,53.49829,68.745
63.329422,62.874424,61.980003,62.30753,54.37197,57.431953,54.977352,59.857483
64.527794,58.915947,73.01824,75.96306,63.61808,55.2783,61.08322,59.0959
75.92179,80.00902,69.8632,71.29335,63.144325,64.66229,56.81126,70.55709
62.526054,63.451164,59.80286,59.125954,53.5225,56.60959,57.072525,58.838207
72.48199,73.64722,69.68675,73.18672,63.656414,63.75267,58.70619,65.74294
66.985535,66.46514,61.952297,63.721287,56.365784,58.760666,56.09756,59.414894
76.46845,72.83733,67.73905,73.74591,61.437828,59.17411,52.404243,60.574608
79.4362,80.78581,71.37082,74.26723,63.807594,61.502296,53.036552,69.44077
62.69832,61.70422,62.49238,61.674553,55.744457,58.457027,55.948925,59.030373
67.84165,66.672844,67.30928,68.67386,56.268673,48.656937,56.644966,62.28414
75.2053,76.79985,71.628586,70.9597,60.999054,57.003838,52.32138,70.217804
63.94874,63.20498,62.98715,61.975704,55.174553,61.375637,53.07966,60.694946
65.58633,64.345726,62.417747,65.29779,55.8707,56.93065,55.857445,59.508747
63.549934,63.1686,66.74416,67.84582,59.668423,60.46931,59.909744,61.550808
74.718254,73.84648,69.93622,74.50248,60.787918,61.074413,51.480453,65.437515
68.81118,68.62401,63.24784,65.86521,55.84598,55.199738,57.28324,58.44186
82.55369,80.98481,72.40898,77.4542,64.72973,58.74852,49.595467,66.97238
61.802734,62.218468,62.05298,60.76726,54.378014,56.224304,58.9495,59.14294
64.58507,64.551956,62.101067,61.45363,55.675865,59.211647,56.709663,59.71932
64.66405,63.346325,63.36652,62.337067,55.01691,55.033047,57.49079,58.198006
65.967674,65.48251,61.964005,66.04599,54.96808,51.393585,59.02671,58.087414
62.789886,63.496216,59.655525,58.536816,53.74757,58.17775,55.930584,59.08985
68.32492,65.767265,64.869576,68.7629,57.87101,58.974285,54.895294,59.874813
66.59046,66.079506,61.801308,63.67464,55.857754,57.27411,55.74758,59.634037
63.41804,63.194984,61.110336,62.125706,54.432316,56.910015,55.758858,59.574646
68.67411,65.53301,74.73456,81.45212,69.10313,64.69282,64.20455,62.916767
66.42834,70.84118,65.83085,62.864685,57.504295,60.702263,57.511066,67.123116
75.91446,78.05974,71.06003,73.00314,60.92096,61.240257,54.16526,67.60386
63.269836,62.50125,62.64411,62.118034,54.621815,59.69621,53.22013,60.610546
74.59624,75.314125,75.579155,81.352234,69.75843,66.459885,62.162354,68.52672
62.409637,63.015358,60.653107,59.528458,53.812473,58.389603,55.66154,59.6385
69.09529,68.142395,63.440727,68.111755,56.32803,53.635086,57.39904,58.523506
63.657425,59.64756,67.0151,66.9354,57.929115,55.425274,56.427456,57.85823
63.27661,59.99568,66.131004,65.73812,57.436226,56.36652,56.253178,58.251442
63.192867,57.966824,69.258514,69.293144,59.393322,55.510384,56.7815,57.94081
62.763203,63.413883,59.945824,58.65892,53.678574,58.028976,55.86625,59.09012
64.75532,66.54245,64.97224,61.979115,55.510338,61.880226,53.18506,64.12298
63.330364,63.89038,61.712635,60.965866,54.6111,56.807716,56.440372,60.553978
66.98274,68.15536,64.46047,63.111187,55.516254,58.579453,54.981976,61.77061
68.820564,68.387474,65.188446,67.22798,56.918926,58.732765,54.181118,61.494946
63.179676,62.975384,63.501896,63.603157,54.339928,51.38787,60.973038,57.883186
74.20527,76.66169,70.3705,69.82008,60.85549,59.073883,53.903942,69.75408
66.000244,66.4202,63.309364,63.293682,55.214024,58.129383,55.45103,60.403984
60.240902,63.612373,70.253746,63.98297,58.2091,64.50215,55.409767,68.142494
70.02226,73.70912,70.93161,67.20323,59.239723,66.855606,50.163555,71.184814
64.03627,62.83117,63.86583,64.3952,57.357204,59.390034,57.612656,59.30335
72.25678,77.30775,68.62983,67.62827,60.83552,63.149292,57.156265,70.40946
62.416595,62.42051,62.66363,60.92056,54.782963,56.907677,58.24407,59.399487
62.54016,64.78325,64.68916,59.77427,54.84522,63.320065,52.228893,64.97731
69.372734,72.711365,67.08277,66.273735,59.129395,60.742615,57.940155,66.57005
73.00346,70.44387,64.69,70.005,57.846706,53.24916,51.99048,60.76349
61.853916,62.83993,61.414486,59.327793,54.41635,58.369232,57.41624,60.210686
62.674828,63.39583,59.953045,60.017574,53.837593,56.729393,56.933033,59.10924
67.47472,65.70422,64.18983,66.321884,57.39584,60.728584,54.778896,59.97469
71.621056,69.968376,65.653946,67.79532,58.204357,56.69579,53.23142,61.671402
65.132866,64.877975,65.223625,68.27393,56.184692,50.791405,62.88089,58.676517
65.4354,67.31174,76.471176,72.2489,62.77243,63.077473,55.888577,70.285866
64.705505,64.40447,61.461765,63.346844,54.61853,54.142998,56.23227,59.71325
80.88533,84.54632,76.7019,81.43887,70.71107,68.64626,59.652317,74.72942
71.29305,75.070984,67.95266,67.86981,60.65145,62.72064,57.377296,68.1728
64.74896,66.34003,63.192146,61.45922,56.009777,59.53573,56.995953,62.22074
63.175117,63.5868,61.19761,61.35592,53.733612,55.176258,57.222027,58.85117
68.8026,66.71779,66.37322,66.3354,56.55266,53.893463,54.813904,58.897568
67.17909,66.63001,62.20275,63.84852,54.620003,53.080837,57.29598,57.51375
61.877262,62.23244,63.27239,61.206512,54.71149,56.02504,59.11355,59.791172
68.71388,65.314026,70.48537,70.542725,59.148933,53.00163,55.758274,59.81952
65.48463,63.885338,65.58888,65.975136,57.986034,63.118275,54.77203,60.85133
61.2468,59.332157,65.96107,64.873184,58.001423,60.84672,56.479424,60.14089
76.91202,77.11393,69.32983,74.855316,60.743057,57.22277,55.79772,63.336693
79.301384,85.10567,78.02164,74.92254,64.63808,69.19087,51.61156,77.834595
62.8657,61.203575,63.98061,62.722504,55.865334,57.735897,55.61397,58.86208
61.868088,65.96066,69.29925,63.169758,57.675533,64.96371,54.80743,68.41533
65.746635,64.08797,74.53296,78.45196,65.534966,58.57475,66.09472,63.138443
63.241978,62.17202,62.572144,62.316376,56.096245,58.373833,56.385197,58.926857
72.74642,73.05066,69.80936,69.36288,58.86768,57.25801,53.925087,63.938732
68.89935,65.87773,65.22162,70.27584,58.186,57.723946,55.12639,59.747707
63.39868,61.436127,66.19273,66.68341,58.385372,57.74135,58.578354,59.499245
62.50873,62.555832,61.88934,60.112465,54.043015,59.889473,53.95711,60.321606
66.913155,71.23052,66.29408,63.325317,57.686527,60.38846,57.191635,67.491165
68.51299,71.36585,67.69407,64.97556,57.923317,58.086975,55.296387,67.619896
62.02578,59.867836,65.78888,64.16382,56.852352,58.623802,55.711353,59.43367
65.25052,65.28727,62.043137,61.84348,55.89351,59.449978,56.650883,59.7728
62.905807,61.6211,64.46445,64.438866,57.448204,58.97473,57.708168,59.605717
63.81405,63.49482,61.101723,63.502407,54.299557,53.74096,57.44725,58.784763
66.76298,67.03846,63.557945,63.939304,57.302452,60.229046,56.87145,60.981167
69.699326,69.32932,64.10874,65.96199,56.037395,55.215393,56.178493,59.010303
63.69276,69.25351,72.35875,65.6002,59.650948,67.86299,53.93253,72.19529
75.30786,80.76961,77.10946,73.43849,63.71854,67.81223,52.795147,75.7933
73.73154,75.13304,67.335556,68.98745,60.572147,61.425823,55.136944,65.666046
63.21112,63.96786,59.974216,59.73266,54.362495,58.48929,56.677658,59.268578
69.308655,69.35852,64.697426,65.10719,55.976044,56.306076,55.21855,60.25749
64.519165,64.77927,62.60931,61.94533,55.10502,56.541298,55.840637,61.05159
64.76791,67.74489,64.67287,61.99467,56.42235,59.255833,57.824062,64.433395
66.424034,62.82607,66.663765,66.86429,56.71531,51.61026,58.134663,56.942738
67.768745,66.13524,62.277866,63.336933,54.244293,51.811073,56.02181,56.574203
66.51932,66.51367,62.207024,63.57702,54.71978,54.53412,57.38697,58.219086
62.94965,63.330315,60.775993,59.419136,53.423912,56.50054,56.14332,58.73693
66.255424,68.263466,75.126,71.13607,61.8719,62.735695,55.48237,69.56125
77.317795,74.79255,68.75314,77.403145,61.220623,56.182945,54.11638,61.042576
62.724472,62.72769,62.69066,60.767006,54.4308,60.798923,53.04687,61.32309
62.721832,61.529034,63.638138,61.722065,55.1619,58.089317,55.139263,59.09445
78.306526,83.56363,72.867325,73.061356,64.5077,64.40909,55.864983,75.07488
61.652435,54.957954,75.39713,78.036995,66.75024,62.116676,60.90837,60.859222
63.079136,63.452946,61.34528,61.580032,53.483837,52.19875,59.39867,57.78926
72.50066,74.05637,72.261055,76.117676,65.84545,64.628944,60.341347,67.58974
63.499676,63.34647,64.09302,63.970463,57.22085,59.57776,58.2526,60.478985
63.211143,56.393562,73.1441,73.29767,61.826237,54.218143,57.68918,58.623714
68.51392,67.28781,63.007885,65.762505,57.156414,58.52494,55.472214,59.613125
65.920815,69.0725,67.14482,62.703186,56.555973,64.25715,52.07793,67.28536
63.47661,63.006413,61.877014,62.738617,54.353554,56.419987,55.57307,59.59139
77.92028,74.97349,69.15499,78.41001,61.69193,56.26704,53.592415,61.114365
70.31313,69.32012,65.16093,66.26802,58.013367,58.422024,54.337543,61.571716
61.871128,54.77329,76.59334,78.84809,67.514534,64.13902,61.254227,61.27922
71.82073,75.61147,68.87576,67.53411,60.05866,60.67753,55.76458,69.50949
58.761673,55.868893,79.25623,75.39704,64.82969,59.78521,58.590096,67.43826
65.67737,70.11405,65.832695,62.528656,57.17432,60.130108,57.8592,66.946
62.775684,63.010376,60.712646,58.949524,54.01718,58.850216,55.14077,59.2794
67.72804,71.64549,71.68616,67.26531,59.57946,64.40401,54.131096,69.77032
66.68908,65.589424,66.5063,65.14165,56.450035,55.999535,54.93139,60.402878
63.155235,58.704906,77.45755,82.177895,69.190704,60.596752,66.107635,63.055027
66.44565,66.26471,73.77786,77.049904,65.24881,60.373,64.5717,64.933235
69.89325,68.604866,64.70102,66.513535,57.269615,56.10382,53.771366,61.41079
74.70238,75.30794,68.28036,70.174644,58.683212,56.50228,54.982014,62.836044
74.34921,75.682785,68.06746,69.61614,60.8376,60.919605,54.641182,66.318954
68.092575,66.91819,62.85288,65.682014,55.868637,54.062374,54.080902,60.5365
74.295006,77.5305,71.93124,70.10625,60.993706,57.9669,53.428123,72.04865
68.4668,68.64643,67.73094,70.26454,61.408085,62.043606,58.958687,63.09111
78.92804,83.26363,75.58622,74.258125,64.15719,59.423744,52.749306,76.8157
67.17443,64.656296,67.11479,67.71053,56.966084,51.734215,59.910248,57.80771
90.54243,95.02816,83.25523,87.2407,77.36981,74.90244,58.00016,86.26865
68.19326,67.028786,63.679874,66.09806,57.967133,60.099762,56.397446,59.643257
61.738758,62.802982,60.83162,60.28418,53.706043,55.20929,59.09051,58.866955
64.33643,63.57249,62.09113,63.292114,55.153625,58.12343,55.012405,59.881065
68.63039,67.85083,63.12524,64.991394,55.398888,54.636963,56.359936,57.940952
66.08924,62.017147,65.63526,65.92695,56.304592,51.508106,56.532364,56.264923
72.99624,75.1332,70.43175,70.5964,59.946407,63.289036,52.21948,68.31452
65.36103,65.63123,63.353992,62.09752,55.909367,58.3301,56.011433,61.25673
67.02003,70.439896,66.38144,64.405525,57.79193,59.460144,58.367996,65.8776
63.526463,64.38318,64.39601,61.654377,55.171753,62.16723,52.2302,63.604294
63.45799,65.25908,62.923794,60.44909,55.41848,59.11271,57.17769,62.213116
65.10194,66.23163,65.326965,62.261444,55.800903,56.47639,55.33697,63.967007
74.831055,78.36662,70.57504,70.18622,61.646927,60.95523,54.872448,70.950645
70.20532,70.17366,64.91167,66.64438,58.839046,60.685844,55.944317,61.857517
60.401463,59.10988,66.13993,64.21701,57.79523,62.510353,56.139267,60.95138
62.520397,61.341118,65.13557,64.79257,57.86725,61.361687,57.013588,60.23837
78.962616,85.059074,73.02329,73.45758,65.39921,66.54852,57.015884,76.21682
77.02394,81.63339,80.87252,77.994484,66.71139,67.291245,53.361237,77.21461
73.83736,71.65776,68.49187,70.111176,58.954746,53.90702,50.94288,63.943024
73.07808,77.43794,82.54908,78.874985,67.823006,67.51163,54.795467,77.49314
69.3835,69.12538,63.0682,67.24595,56.03327,52.999187,58.63108,57.936
67.07589,68.257675,64.60428,63.080986,55.540436,58.64104,54.79959,61.92042
74.88724,76.01329,69.03941,70.25198,60.973072,59.804035,53.82424,67.09837
70.07671,72.0039,67.646675,66.23354,58.520966,58.378284,54.820984,66.70391
67.74174,65.24374,64.713684,68.42075,56.916122,58.635468,52.45741,60.77339
60.945534,63.442127,67.23038,61.8637,56.389774,62.51722,55.07748,65.3813
71.00322,70.9711,67.890175,69.90979,58.679996,61.18519,52.25225,64.67643
73.49766,78.67638,69.773056,69.35171,62.04137,63.873077,57.409866,71.433075
64.09082,63.7228,60.983868,63.004623,54.79387,56.180256,56.390392,59.311516
76.79147,74.54051,71.09723,77.822075,62.241478,61.119946,50.047718,65.50878
67.082985,66.62559,62.01652,63.58436,56.47693,59.14325,56.16281,59.441303
74.233154,70.8292,66.37608,75.97255,59.56257,52.92546,55.38331,59.220894
63.703762,64.63005,64.03711,60.77336,54.698456,59.069138,54.57542,61.600124
66.71681,62.522633,68.23162,69.090775,57.91788,51.16918,58.909885,56.99928
74.79511,81.2164,71.18923,69.84793,62.72746,64.37535,57.269264,74.311966
68.612755,67.15855,67.13051,68.863884,56.253044,48.379917,55.198967,62.57307
62.245686,62.88401,60.996998,59.397877,53.625786,58.262962,55.624367,59.619873
74.796814,72.08131,67.094635,71.24424,59.043495,53.614693,50.936527,62.346848
72.840576,73.232765,70.6818,70.10207,59.42558,57.59482,54.009872,64.598175
66.30042,65.90143,67.00108,65.808075,55.91417,51.409893,55.977516,63.161884
71.968895,68.61725,68.39388,69.94213,58.06993,51.352196,54.89791,58.120674
66.04834,68.95483,66.210686,64.172585,57.28299,58.354004,58.914364,64.84068
66.94809,66.70975,70.570724,73.8681,63.811554,62.63055,61.3365,63.947105
63.596813,57.865597,75.42223,80.21455,68.16991,62.209446,62.769817,61.322147
67.014015,65.08617,63.51778,67.28628,56.85717,57.365726,55.668705,59.56588
68.089096,68.35678,64.58209,63.55988,55.484997,57.109673,54.463078,60.810555
67.45265,68.22993,65.78287,65.38025,56.6738,60.89169,53.255867,63.613556
63.186028,58.83273,72.37011,70.95546,60.28474,54.651825,57.114296,60.58824
78.86859,75.380424,70.72193,74.94222,61.088116,52.019794,48.106586,64.54556
75.431145,77.2187,70.701416,72.84346,60.712166,61.19668,53.838833,67.18306
62.469387,62.82836,61.49006,60.255642,53.678333,57.57424,55.63662,59.5733
63.747555,62.144035,62.912685,62.297405,55.600834,56.521023,56.279587,58.277954
71.24282,75.11236,75.69147,78.05449,67.614525,64.86677,62.83849,72.003
66.95397,64.77867,61.618233,61.78001,53.614254,51.16384,55.289013,56.000282
68.315,71.3842,67.19641,64.69751,57.948326,58.866875,55.79463,67.30509
72.03081,73.43013,70.304504,70.5765,59.84695,64.17829,50.718784,68.41586
64.034355,65.34066,66.19043,62.241,56.091995,64.25032,51.75046,65.31231
62.531044,61.08374,65.397766,63.27529,56.09343,57.929516,55.47223,59.80178
64.376854,64.65057,65.361374,65.376656,57.930004,59.257805,58.969543,61.45009
64.88811,67.612816,64.62253,62.174805,56.443733,59.14594,57.848328,64.08848
65.36366,65.33,63.293266,63.242348,55.170982,58.774353,54.555935,60.598927
62.421524,64.0745,68.068565,63.578785,57.029266,61.27237,55.162025,64.86499
74.81044,76.405914,69.20859,70.54892,59.296234,58.40878,54.984188,64.81865
74.29803,78.67927,68.95144,69.32602,61.84736,63.86653,56.76956,70.13408
75.036095,72.6494,69.465355,71.04825,59.64326,54.07263,50.361824,64.448
69.764755,69.37749,64.56701,65.4483,55.959366,55.47297,55.26939,59.55966
76.304665,80.78017,69.97089,71.05295,63.104843,64.79134,56.615543,71.29665
76.15738,79.87701,72.67184,72.30025,61.429195,63.66207,53.601707,70.66619
70.65216,74.16717,69.44426,66.96075,58.604656,63.675934,53.04734,68.50125
63.165825,62.918465,61.74072,61.863293,54.231995,57.340725,55.261604,59.74285
71.73344,74.00596,76.11972,80.112434,69.042175,65.80325,63.17469,70.46518
80.825584,87.34856,74.955,75.2219,66.89533,67.37288,56.93443,78.84447
74.40865,69.74845,68.41835,75.50092,61.13897,58.170723,53.141045,60.366394
61.282913,61.899586,62.46497,61.199154,54.402004,55.667484,59.89948,59.250652
66.55,66.08329,66.17461,65.40553,55.81396,52.113743,55.183517,62.941856
62.22745,59.319096,68.799194,69.31584,60.779243,62.180855,58.21783,60.55374
77.441025,79.01474,71.8287,72.73546,62.44367,58.992012,52.53087,70.273
64.13698,64.44385,60.770626,60.932453,55.013145,59.12506,56.40048,59.374367
71.47542,69.49709,64.630196,68.22558,58.837456,59.733444,54.69405,59.865253
64.02969,63.770443,62.17057,61.27188,55.152275,61.036842,54.262478,60.23834
64.91741,62.94726,68.82474,70.516396,60.054207,56.536015,61.250782,60.07877
59.4322,56.110508,79.81674,76.16452,65.07223,58.53992,58.725292,67.27524
65.34246,67.2059,65.03736,63.39795,56.652622,58.119637,58.530037,62.98702
67.90694,68.547264,64.95627,63.248615,55.550755,57.870472,54.09032,61.63332
77.638016,74.57806,71.84995,73.857,60.520397,50.959553,47.86763,66.21636
71.700165,71.6386,81.67416,87.73849,75.430595,68.18479,68.01187,70.98942
70.063866,73.18907,66.18479,65.76372,59.11521,61.83438,56.826107,66.254364
68.43054,69.60238,66.21277,64.818405,57.514893,58.019382,55.04087,64.7012
76.36755,80.390976,70.302605,71.23711,62.91448,63.721783,55.92016,71.16807
78.817116,83.34612,72.055695,73.41842,64.66262,64.97886,55.834763,73.552444
66.6,66.580246,62.35268,63.577896,54.81013,55.053677,57.09695,58.377438
75.1655,72.75442,69.833374,71.22808,59.66119,53.5987,50.069202,64.81173
63.703907,63.648552,61.223186,63.063602,54.026054,53.40147,57.82139,58.582664
70.18568,67.54182,65.40145,70.6662,57.824238,57.576965,53.176327,60.34942
73.903015,80.045044,70.958084,69.67973,62.24735,63.35752,58.09344,73.22931
76.018814,77.65803,71.53412,71.55956,61.558693,58.03709,52.573288,70.11157
62.262268,60.858982,66.57375,64.14136,56.68435,58.06556,55.678104,60.53947
76.1195,79.01256,71.6444,72.647835,61.083485,61.945766,54.29912,68.7144
72.839775,69.85389,65.26682,71.03021,58.39223,54.41578,52.502144,60.507
78.42206,82.926994,76.16643,74.77029,63.670177,67.56108,51.070793,75.29071
62.35625,60.579544,65.56077,65.30736,58.143322,60.557514,57.005947,59.900677
66.91926,66.4421,62.313335,63.50402,54.637455,54.080177,56.824333,57.850784
73.6298,74.85255,67.124115,68.891335,60.47235,61.382896,55.12008,65.286354
69.0461,67.303024,63.224308,67.261734,55.59313,50.87362,52.731747,60.97789
63.99324,61.9533,70.075096,67.88623,58.520912,56.29232,56.117058,61.650444
66.256294,65.40354,63.212467,65.48351,55.11001,51.848156,55.630608,60.54443
79.14373,82.94133,74.882,75.37367,63.291405,64.3274,53.408146,72.54774
66.90043,69.93039,64.96683,63.204826,57.42341,60.602768,57.120914,65.08279
63.81425,64.19627,61.69418,61.383556,54.04021,56.59064,56.44453,59.15681
78.36416,80.228516,71.89745,73.83484,61.27414,58.8292,54.48581,66.98929
79.91463,81.76516,75.20969,78.25806,64.24208,64.44056,51.061863,71.82902
68.52419,70.09257,66.3175,65.688095,56.993465,60.64928,54.099262,64.1082
61.707436,62.113983,62.170147,59.63204,54.79628,61.902077,54.57007,60.66017
67.12754,65.98944,62.511974,65.63169,55.120914,52.058792,54.2965,60.458523
69.53125,72.82013,67.60968,67.42545,60.21081,62.152473,57.872063,67.065315
66.04707,64.65146,62.135727,65.81242,55.344055,54.154186,55.090992,59.708138
70.98409,70.85545,67.4781,69.76977,58.48471,60.496044,52.792324,63.991177
68.00668,66.81052,68.183174,68.525,56.282814,48.217064,55.63415,63.319122
64.815346,63.297432,62.451275,65.721344,55.305435,55.431557,55.31132,59.698124
61.409634,55.493935,73.15523,74.42209,64.21027,61.65899,59.36411,60.32374
60.68358,58.94798,65.84917,64.21244,57.672142,61.149796,56.112144,60.335964
71.32049,72.98088,69.08948,69.146484,58.990322,62.697113,52.31948,66.965935
67.18378,69.11201,64.796394,64.17194,57.798237,60.668724,57.15903,63.671673
70.33426,70.02178,84.41796,82.156815,69.43365,61.3288,57.17643,73.53709
62.78428,63.224804,60.75514,59.730797,54.211105,59.446545,55.19475,59.86777
67.355354,66.40181,63.3552,65.24372,55.451973,52.980022,53.808975,61.34263
69.61771,70.94287,66.3789,66.76449,57.305042,59.713882,54.725246,63.503628
63.4673,64.13669,62.539547,60.905884,54.842197,57.039787,56.275963,61.223423
75.018745,77.393616,76.644554,81.39095,70.15504,66.905495,62.40941,71.38163
65.58502,67.0153,65.53439,65.17818,58.31619,60.514736,58.209248,63.25406
68.34993,68.593094,69.45452,72.44129,62.90991,62.591194,60.0895,64.04728
64.33005,62.977306,62.86532,64.47807,55.112762,57.594563,53.97516,60.258167
63.414223,64.01608,62.069267,60.952522,54.726456,56.94146,56.37421,60.83124
65.342285,67.736855,66.62974,64.64178,57.015484,56.77025,59.94977,63.972248
65.66162,65.09104,62.272854,63.201378,56.101196,60.065483,55.714386,59.633606
67.48105,66.711716,69.88332,73.57654,63.503212,62.551804,60.83316,62.982994
62.9689,62.43531,62.93743,61.47374,54.82133,56.089504,58.23538,58.824818
63.220245,63.296986,61.07765,62.074768,53.953026,54.88793,57.095493,58.940113
69.564606,67.998505,70.62891,75.79881,64.95587,63.391407,60.85098,62.526066
67.24768,65.47718,63.820892,66.58122,57.145264,59.36393,55.231987,59.77441
60.892494,59.97712,66.61162,63.75615,57.077026,60.33608,55.721687,61.404408
66.42831,65.45904,71.56766,75.55983,64.89259,62.87668,62.2866,63.58773
76.40178,77.82096,74.31839,79.79521,68.67367,66.491135,60.423775,69.02386
80.312454,80.17233,72.6437,75.43146,63.64411,58.226227,50.634605,69.15228
64.44062,60.291462,67.96817,67.48626,57.686348,53.7847,56.210613,57.89598
64.2022,62.94067,70.96392,68.35428,59.07669,57.53678,56.02225,63.128334
66.51352,67.26002,68.704346,70.44502,61.632812,61.8371,60.061733,64.11253
71.31766,69.79176,65.232025,67.33179,58.230095,57.67466,53.73938,61.25589
64.18763,66.96196,64.256805,61.13153,55.942135,59.031975,57.05734,64.30479
79.855194,84.40329,71.91051,74.21063,65.48564,66.54948,56.33068,73.52304
65.37308,62.497734,64.157265,63.911785,55.3761,53.27814,55.61059,56.96342
64.035866,63.423134,61.52941,63.22766,54.8575,56.84976,55.630894,59.62074
63.42515,62.17944,63.36612,63.318245,56.717884,58.775322,56.960632,59.105717
72.06214,70.42042,65.67043,67.79408,58.72332,58.307808,53.617287,61.34299
63.398125,64.31046,63.948452,62.060673,55.522377,57.008606,58.71492,61.05501
59.159027,57.202904,76.190315,72.203545,62.665855,60.258953,57.76013,66.24101
62.28855,63.265556,60.315746,60.303955,53.48994,54.643948,58.5948,58.578377
60.133465,60.216225,69.13258,64.91318,57.98807,60.93289,56.026924,63.901363
74.61303,74.04389,68.697075,73.53321,60.043983,58.88054,53.715332,63.557713
79.93823,84.71299,73.29542,75.733,66.64496,67.03941,57.19439,74.57886
64.15419,63.002075,69.84562,72.8199,62.891174,61.704445,61.843376,62.314205
63.700886,58.052475,70.47903,72.35823,61.513824,55.38627,58.5046,58.154392
71.42147,72.11481,67.666954,69.4081,58.492706,60.243053,53.70223,64.30459
63.952255,63.60431,60.62429,59.59087,53.9433,56.850685,55.31349,58.378613
66.49846,65.0811,63.026093,66.85579,55.713207,54.766403,55.86534,59.344734
69.75809,69.579926,64.81826,67.49912,56.879894,57.109547,55.77238,60.418194
61.926746,63.176315,63.786663,60.801853,54.814457,56.436813,58.58718,61.443527
61.674736,60.36744,68.29113,65.3914,57.63192,58.576477,55.99668,61.70975
62.386154,62.04421,68.761185,65.286766,57.529366,58.722115,55.765457,62.935383
66.7231,69.99542,65.18711,63.09093,57.37542,60.450302,57.128124,65.51711
62.25,61.36192,65.460075,64.87594,58.017933,62.434547,57.035553,60.728615
63.30918,61.329197,64.37293,63.053493,55.70398,56.85746,55.44031,58.540142
63.635933,63.181408,61.41824,62.821407,54.527046,56.422848,55.756306,59.552322
78.83019,81.68761,70.86167,73.45928,64.08243,63.925575,54.89639,70.54632
81.72162,86.174545,74.05847,76.146385,66.65485,65.92159,55.226017,75.7169
75.15725,77.379326,70.34286,72.00274,60.347588,60.760975,54.647873,66.9244
64.733696,64.80101,70.92486,67.796646,59.03855,59.24424,55.594242,64.655464
64.5538,66.72009,64.16212,60.874313,54.936176,60.583218,54.546432,63.06292
67.03791,65.173325,63.584526,63.153397,54.75735,54.11288,54.672974,57.652348
60.404987,57.722538,73.5125,70.56721,61.204636,59.055626,57.269466,63.649895
61.061234,61.841072,62.81452,62.515247,54.286034,53.6134,61.197544,59.13455
60.796852,60.112427,67.140396,63.975365,57.224953,60.36318,55.774498,61.934566
64.99159,66.25876,63.746243,62.631477,56.666595,59.765427,57.33113,62.11769
63.89036,62.925327,62.27187,63.649773,54.802734,57.16523,54.665543,59.98947
77.80713,74.28497,68.33942,78.44335,61.37847,55.00179,54.17965,59.592747
76.27952,78.149185,73.02465,74.57882,62.149155,64.55189,50.854855,70.490166
63.343407,63.512466,60.46844,62.0192,54.094337,54.819824,57.423634,58.843876
75.684525,81.30693,70.73434,70.55251,63.062115,64.80158,57.056015,73.16612
67.98167,68.17548,73.72184,77.80907,66.79953,64.00664,63.06572,66.24283
64.92559,63.523262,66.1122,66.57511,57.583855,56.00284,59.587616,59.338547
80.31467,84.097244,71.65836,74.6599,65.50901,66.16154,55.759884,72.428215
67.45937,65.07839,64.459755,68.048965,57.25924,58.39226,54.70649,59.94925
65.42675,65.050705,70.7662,73.78235,63.71903,62.316025,61.93427,63.78428
67.2167,66.84241,62.351807,66.10799,55.31845,52.69906,58.36099,58.17752
70.03255,69.80463,63.242756,67.66514,56.240486,52.855446,58.84551,57.80376
68.7846,68.899635,63.967693,64.751114,57.6594,60.053272,55.84194,61.439507
71.8507,70.6853,67.662384,67.95097,58.516754,56.060265,52.569042,63.8942
61.36926,55.282528,74.0098,75.410965,64.95855,62.524147,59.747387,60.6856
76.903,80.05618,77.93103,82.63824,71.4186,67.909035,62.48829,73.50742
63.6073,61.572926,63.674873,63.247234,56.08772,56.543724,56.013126,58.25242
77.09761,82.45067,71.20757,71.77387,63.88461,65.397606,56.854065,73.46353
67.65884,68.727554,70.688156,73.14575,63.562786,62.80207,60.94105,65.62903
70.93171,66.49437,66.61542,74.68823,58.974846,54.818596,53.7906,60.13051
71.14294,71.88959,68.017235,69.33686,58.601433,61.137962,52.94941,65.05186
71.16557,69.038864,65.35098,70.69873,57.888054,56.8196,54.35752,59.772957
64.34603,63.55575,60.90893,60.374863,54.29983,56.07567,55.577724,58.00562
64.02193,63.761757,60.96075,60.21353,53.408188,54.54837,56.280018,57.8933
58.97952,54.583626,73.6637,71.901215,62.70273,61.196495,57.7242,62.501644
73.29421,74.08938,69.75975,73.832214,64.025604,63.949497,58.498116,65.40219
75.91764,81.01565,75.58892,72.19438,62.658127,69.12159,49.826393,75.869415
71.41685,74.33733,66.5361,66.870155,59.804546,62.32906,56.63147,66.37366
66.859856,65.57894,70.08167,72.3059,60.40221,54.95776,63.404854,60.595203
64.51552,67.01541,64.94628,62.49383,56.327694,58.259018,58.47404,63.71556
66.840355,65.51524,61.875298,65.71373,55.068253,52.67554,54.31308,59.932285
62.64554,62.894447,70.694595,66.825035,58.750935,59.936672,55.85891,64.80812
62.646667,63.13006,60.531925,59.759968,54.077477,58.84948,55.43569,59.7643
62.74504,63.43567,59.804375,58.549065,53.719296,58.23519,55.840134,59.132828
62.472248,62.87895,60.9565,59.65968,53.976448,59.235336,54.932106,59.9537
63.123722,64.69995,62.99195,60.519115,55.27094,58.57211,57.50711,61.828346
61.349617,57.559483,74.06677,71.8256,61.591743,57.261997,57.484947,62.672955
62.702656,63.017975,60.773323,60.1317,54.11395,58.74549,55.21857,59.84231
64.080185,66.06614,63.25649,60.94232,55.765385,59.369595,57.156723,62.65707
68.88449,67.97323,66.083336,65.89358,56.729115,54.247562,53.09977,63.207634
63.198303,63.159515,61.330338,59.091713,53.564083,57.956974,54.67004,59.020306
75.017075,74.40417,66.57193,71.19513,58.350956,53.518467,56.789642,59.409546
60.56954,57.602024,69.63774,69.00012,60.806602,63.309414,57.59271,61.211853
78.21016,75.978836,70.093544,78.44486,62.086266,57.52868,53.124832,62.76769
66.14654,66.10942,63.70539,62.97059,56.051575,57.466705,55.44802,61.453552
72.66324,77.942505,69.81335,68.14435,61.02529,62.25971,56.590866,71.78714
62.388058,63.9315,62.987476,60.00683,54.877823,57.980232,57.426018,61.844315
68.51488,69.66141,64.7627,65.24907,56.298317,58.046967,56.051468,61.502205
68.02338,66.56594,64.90095,67.67111,55.63489,49.503593,54.70559,61.42644
64.561935,69.296196,70.272064,64.29894,58.36547,66.252396,53.53337,70.18386
67.18682,63.636494,64.24175,64.31814,54.795628,49.9225,56.181995,55.656242
66.07912,64.47832,71.713684,76.11451,65.18416,62.864155,62.602425,62.910698
72.79744,69.38734,66.78566,72.13835,60.290504,59.9976,54.335033,59.99834
63.651318,59.79735,66.52877,66.747765,58.011074,55.585968,56.648422,57.855682
65.3996,63.882042,63.09364,65.37035,55.853947,57.870544,54.691166,59.979595
65.96316,70.86793,74.57473,68.93351,61.363148,66.7737,54.647743,72.55762
66.99498,64.935356,74.64859,78.60679,64.770164,55.90744,66.73156,62.05899
64.107025,64.645386,62.685555,61.2564,55.234917,57.72528,56.298542,61.08764
67.3228,67.08271,65.08952,63.947845,56.59371,56.99017,54.652466,62.45739
66.15194,64.74112,63.794483,64.69456,56.56326,61.0866,54.037632,60.288216
72.72501,76.743935,67.960686,67.989,60.826736,63.108833,56.80973,68.79229
72.84107,74.04274,68.6304,70.46436,59.184795,60.38041,54.008633,65.18292
65.86014,66.162674,62.772274,65.5509,55.0756,51.49323,60.951054,57.92334
67.155075,65.49163,65.1775,67.09467,56.80563,60.4142,51.84943,61.977398
63.579906,61.397755,63.882713,63.57581,56.316845,56.527573,56.125195,58.232708
69.6608,68.68932,65.548615,65.90798,57.562553,57.210587,53.968132,62.120255
71.009155,77.11345,75.12741,69.9113,61.957973,68.79111,52.73819,75.05576
62.077286,62.93158,60.639225,58.785675,53.562313,58.63027,55.697502,59.614815
72.83961,74.71568,68.94523,69.94871,59.187786,60.826748,54.21695,65.92623
63.192802,61.44809,65.47174,65.64849,57.873173,57.977985,58.147804,59.451492
62.734516,63.321537,60.06631,58.372635,53.735584,58.887352,55.263565,59.31126
69.127266,70.42818,67.46945,67.02494,57.768143,62.095272,52.570248,65.51097
58.409985,54.867355,73.551506,71.19965,62.488163,62.173504,57.604313,63.38504
56.189358,55.363102,77.9991,74.06288,65.49554,67.58455,59.154106,69.12095
63.826,64.10951,63.24445,62.63716,54.884495,54.724026,57.087154,60.93734
66.57375,61.998222,66.29061,66.61623,56.404896,50.410915,56.70954,55.866165
68.89792,69.43815,67.646904,69.963104,61.28222,62.11531,58.695774,63.533817
77.37365,81.33266,74.19474,73.663124,62.47229,65.097374,52.650654,72.51501
82.28352,83.379845,74.66103,76.56773,62.847256,57.350304,52.343983,68.07814
74.12567,73.486565,67.346344,69.55821,60.091496,59.12324,53.45146,63.742805
59.6136,60.035686,66.04185,62.571228,57.103592,63.5446,55.77848,62.75815
60.52496,62.685173,63.660877,58.793842,54.43462,61.90869,54.696377,63.036137
63.613575,63.121582,61.53552,60.319744,54.318214,56.395035,56.691532,58.479763
65.14345,66.69525,63.29266,61.769875,56.197548,59.670776,56.945587,62.26169
63.28268,62.068577,65.33911,65.54867,57.8239,58.328133,58.63285,59.826904
64.826546,67.56563,65.96467,61.65888,55.827133,63.330788,52.599693,65.9079
73.09381,75.590706,69.95901,72.426186,63.439484,63.95558,58.360855,67.75222
63.418095,63.35254,61.653633,60.835648,54.689747,60.096806,54.51321,60.131824
74.78555,72.03264,65.63032,70.96227,59.214752,55.597507,51.95466,60.737972
66.87326,69.15364,65.47147,64.598755,58.065254,60.5397,57.676582,64.33719
62.06978,62.873096,60.881115,58.621067,53.44857,58.649372,55.497574,59.57437
73.642044,76.38567,72.944786,71.80899,61.30886,67.0531,49.24271,72.14218
65.4369,63.847958,62.927048,66.204346,55.48117,55.596066,55.04854,59.755985
68.32631,67.72194,63.400223,66.41985,55.993103,55.593376,56.55255,58.917248
64.57892,64.578125,62.77561,62.95749,54.902374,54.631454,56.14795,60.831306
70.048485,73.098114,66.119804,65.749084,59.08828,61.812473,56.807636,66.12226
62.230373,63.568775,63.353645,60.637688,54.943604,57.282936,58.38303,61.352165
74.64778,74.248825,69.09032,73.595245,60.216618,59.52652,53.294476,64.24611
68.10719,66.88273,62.741173,65.78125,55.79501,53.779686,54.016228,60.4667
63.282597,64.9608,63.070118,60.60115,55.36213,58.697903,57.468235,62.01794
63.47925,65.07976,63.40726,60.590355,55.30706,58.278854,56.713657,62.545002
63.466366,64.05351,61.099625,60.55722,55.040615,59.010963,57.231937,59.62855
62.78051,63.097145,61.424427,59.395565,54.356438,61.149876,54.11271,60.318863
69.17985,68.673515,63.632427,66.82241,56.243504,55.580868,56.795563,58.76144
60.98761,59.696526,69.93305,66.663536,58.646255,59.24564,56.333668,62.798016
62.85107,63.57547,59.903397,59.422256,53.49788,55.89667,57.166256,58.559628
76.42064,75.57953,68.81294,75.22718,60.612064,57.057457,54.974754,62.41966
61.58911,62.47887,62.454384,60.408665,54.504097,56.82562,58.74921,60.10475
75.55204,78.177086,70.95732,70.945404,61.712677,59.836216,53.863853,70.46522
65.038666,60.638256,67.97077,68.77768,58.591686,53.508938,57.985813,57.453655
72.20749,70.22492,65.96468,68.7792,58.05026,54.679806,52.342422,62.020863
60.087658,57.107204,71.67905,69.3371,60.653313,60.10138,57.02067,62.38898
60.278763,57.79669,69.32886,67.12634,59.29361,60.493313,56.509422,61.499744
78.661514,76.89867,70.05287,78.37432,62.073242,56.793358,54.170364,62.52966
68.25778,67.28846,63.014404,67.79735,55.991875,52.853996,57.72583,58.426636
68.53117,67.32508,63.136375,65.846794,56.22961,54.785816,54.120647,60.56965
65.15375,63.83522,64.99126,66.93495,58.890015,60.64809,58.577805,59.63264
71.31976,73.71686,68.54203,67.28064,59.298862,58.84183,54.736423,67.95831
69.40947,72.3443,66.890236,66.75474,59.695522,61.89785,57.533733,66.24626
72.1471,70.08501,67.94806,69.51556,57.423885,50.257366,50.438416,64.41042
65.37094,63.571995,62.23388,61.77825,54.30871,53.86542,55.36272,57.169384
65.56643,64.680084,68.88419,70.6402,60.11096,57.02552,62.139084,61.043095
63.845264,65.90889,66.167274,63.73558,56.24799,55.860065,60.28114,63.093258
63.02622,66.14708,67.0956,62.04254,56.413998,62.94671,54.544144,66.03101
63.085342,62.191635,63.80716,62.758957,54.561073,53.01551,59.617466,58.050507
60.95862,60.670025,63.367958,61.06342,55.766552,61.299522,55.41371,60.41848
72.996895,75.27251,70.08267,72.78248,63.632957,63.980667,58.530457,67.49934
71.54256,69.66572,65.21025,70.751396,57.856106,56.03466,55.174713,59.39191
63.83586,61.661636,65.52719,64.00463,55.920074,55.632896,55.50628,58.766685
70.50393,68.22796,67.28784,67.858536,57.238873,53.26324,54.702057,59.042442
75.67602,75.625595,69.02491,74.01092,60.34492,58.173054,54.768585,63.579536
62.790382,63.23046,60.620487,60.641243,53.86579,56.566628,56.58415,59.215355
74.85404,78.11597,68.42925,70.05341,62.058468,63.91288,56.508656,68.40713
65.436806,64.86,62.394344,64.53981,54.969154,55.300446,56.362297,59.149773
60.24261,60.32329,71.77831,67.16814,59.311,60.53883,56.449135,65.387024
64.377335,64.01122,60.73405,60.567017,53.41037,53.44376,56.789814,57.4818
59.023468,62.816883,67.57931,60.810696,56.42762,64.763374,54.98481,67.14615
65.77128,69.04848,67.35092,63.052124,56.738914,62.75075,54.046856,66.403076
69.12758,68.11211,64.09502,65.61739,57.13699,57.255005,54.50007,60.94831
67.20817,66.49942,63.245373,65.62101,55.70472,56.40134,55.7973,59.306847
66.7607,66.01956,62.067635,64.344925,55.497,55.140327,54.964375,60.092705
64.58642,64.89892,63.16731,61.962593,55.188953,56.403767,55.641293,61.549248
64.21963,60.96732,70.97,74.91659,64.1932,61.399387,61.466606,60.911224
67.89755,65.67293,72.13487,71.1021,60.11732,55.406754,55.83847,62.450993
70.117325,66.033104,67.15348,72.49626,58.770836,59.023457,51.90013,60.955246
75.59625,72.44298,67.16428,76.128075,60.131622,54.89827,54.630108,59.45223
65.248924,65.14448,62.190117,63.460564,54.696983,55.694695,56.636322,59.02104
73.077354,76.386406,70.16574,68.808945,60.488796,59.430027,54.617435,70.35326
66.70373,66.95272,75.2225,72.26225,62.031685,60.142433,55.88696,67.55745
66.28574,66.92823,63.62368,63.509377,57.10446,60.11006,56.983055,61.423714
60.489506,57.413025,71.75307,71.32612,62.479233,64.64198,58.49586,62.36587
72.46249,70.57274,67.08203,68.85615,58.34096,54.700882,51.979996,62.9723
74.28996,77.81946,71.1582,70.41514,60.260136,62.97263,53.89629,69.2272
78.16739,79.88717,72.95053,76.032326,62.587048,62.23231,52.893734,69.1411
67.7108,72.715225,66.826614,63.981205,58.332123,61.227753,57.623672,68.516426
67.1021,66.57198,61.94896,63.757187,56.35168,58.59266,55.998493,59.445763
62.780666,63.053143,62.030537,62.787945,54.418236,54.022854,58.799595,59.364838
66.64642,65.68002,63.674908,65.28299,55.81646,58.345177,54.184784,60.182285
62.48754,63.468327,61.63413,59.890247,54.599686,58.11249,57.07695,60.554886
65.94328,68.886154,64.57064,62.439644,56.9136,60.230137,57.195198,64.659424
65.740166,64.37969,61.994965,61.04535,53.6568,54.201214,54.76793,57.38412
63.695168,63.699425,64.65694,63.511242,55.717308,55.487885,59.773712,59.89881
67.294136,68.69564,65.96386,64.75853,56.599426,61.253716,53.429394,64.181915
70.44083,71.98022,68.63887,66.79032,57.916878,59.53276,53.839706,64.96396
68.37579,68.98941,66.143906,64.83364,57.312225,57.406338,54.659897,64.167366
64.73505,68.0992,69.34731,64.5119,57.91111,63.50616,54.49816,67.640205
64.99396,69.0259,65.75268,62.07786,56.674862,59.188725,57.514637,66.55806
64.67145,63.458794,67.25363,67.21972,56.50048,51.708286,62.58121,58.68308
64.789406,57.44224,71.121956,72.40686,60.708946,52.058716,57.485443,56.42274
67.093216,66.366295,62.63355,64.46013,55.789875,55.524994,54.85844,60.454403
80.21171,82.63826,80.87282,87.00242,75.29534,70.14475,63.743256,74.85348
62.322247,60.61372,64.648766,63.004345,56.11268,58.462208,55.50745,59.230156
71.93852,71.99761,66.17066,69.62879,57.986958,57.1651,55.85622,61.344032
67.08567,63.22762,68.43546,69.43456,57.978924,51.010506,59.551353,57.232178
72.03264,70.253876,64.28502,67.67245,56.319572,52.354477,56.041718,57.038635
68.188835,67.23135,63.352245,67.20539,56.071823,54.713463,56.640728,58.90193
69.11699,66.06294,65.43238,70.308975,58.376312,58.330345,54.973454,59.815872
61.737587,62.912243,62.500637,60.139103,54.536217,57.167633,58.23043,60.73562
79.73055,79.29424,72.02545,78.88022,63.06694,58.917046,53.563667,65.63089
59.039803,57.902306,74.92413,70.56428,61.710403,60.902138,57.380928,66.25877
65.831726,65.397736,62.571163,64.04611,56.966602,59.988766,57.29475,59.4272
75.178734,76.16054,69.6653,69.72445,58.944828,57.72733,53.232967,64.751205
73.010445,71.967,65.348015,71.08757,58.070194,54.74343,56.963467,58.92055
66.91282,67.62089,68.69356,66.141754,57.742966,59.09111,54.72722,63.986855
73.0122,74.85123,68.63864,69.948296,59.07363,60.097588,54.835434,65.314476
65.51661,64.6975,62.089775,64.18193,55.874588,58.030445,56.07937,59.449394
59.374733,56.329876,76.126465,72.91733,63.060814,59.870647,57.920265,65.15172
66.2993,67.2773,64.962616,62.451942,55.417007,58.759487,54.24155,62.130993
63.29906,61.545288,67.22366,68.280396,59.46489,58.507984,59.6308,60.192192
64.849365,64.60818,61.53415,62.405132,55.49119,59.044468,56.067894,59.488457
67.49462,71.57564,68.77948,64.905754,57.85444,57.30379,56.653603,69.12969
64.43538,63.84077,61.043518,59.97698,53.546978,55.333298,55.351692,57.921886
71.414795,74.85232,69.19484,67.2544,58.57321,62.381172,54.047264,67.642044
77.75677,80.91938,71.90843,75.47673,65.88037,65.96464,57.70949,70.622444
63.408722,64.19919,64.6203,61.670177,55.17876,55.86672,56.97999,62.29051
62.068153,62.66259,62.480247,62.283783,54.420864,54.395634,59.485603,59.60066
74.76787,78.27012,69.99288,71.85962,63.336044,64.397316,57.512115,69.486084
71.43642,69.82144,67.972916,68.32381,57.644505,52.56738,51.361553,64.37876
60.036797,60.598827,67.972015,63.59148,57.288002,61.432106,55.754425,63.771194
66.310234,64.08717,64.8113,66.3921,56.68695,60.470657,52.90712,60.698597
62.17433,63.27222,61.56165,59.58255,54.519768,58.281136,57.223747,60.556137
64.43107,60.58675,67.0758,67.57913,58.205994,54.64487,57.634247,57.798553
66.26478,64.80815,66.85637,69.81934,60.776478,61.241646,59.39772,60.5043
64.27993,61.213745,71.159454,69.46477,59.270847,55.06682,56.48387,61.105095
64.58196,64.0655,60.503845,59.99317,53.63137,54.94696,55.80513,57.72884
64.124886,63.85218,67.00601,66.232834,56.35187,52.676052,62.19088,59.895412
68.86638,70.04655,68.0189,65.51643,57.52601,55.891384,53.804417,66.54645
71.257225,68.82128,65.59177,71.20501,58.100517,57.120384,53.81112,60.013943
65.50362,66.418884,63.0702,62.255318,54.868942,58.087902,55.828506,60.45101
64.83052,65.25325,62.05564,61.862762,54.371746,56.921257,56.44336,59.103645
70.57104,68.8342,63.50799,66.30705,55.648304,52.337997,56.157803,56.783897
64.95709,63.28163,65.73083,67.709335,59.403305,60.761356,58.720303,59.689896
67.13782,66.932396,62.02554,64.30931,54.70543,52.522022,58.255833,57.518555
66.69943,65.11326,63.456642,66.86517,55.952175,56.207584,54.840057,59.780495
61.68745,63.140064,62.09488,58.339874,53.61505,60.340775,54.48225,61.32018
70.01494,68.12513,63.368164,65.44342,55.3241,52.640545,55.560947,56.776417
66.109,67.72481,66.38553,63.15462,56.36378,56.40012,55.069733,65.368576
69.30371,70.91796,66.36864,64.95085,56.666405,59.24173,54.333263,63.543274
79.918846,83.39512,75.68783,80.26569,69.66875,67.96849,59.39349,73.600815
81.453445,85.3587,72.80091,76.33084,66.856316,67.18298,56.17444,73.53266
63.988125,61.538513,67.154144,69.26309,60.40389,60.01681,58.971222,59.76714
78.86435,75.0949,68.513504,80.04976,61.88985,52.89715,55.1596,59.055252
64.87628,59.612972,70.43332,72.28278,60.900665,53.935223,59.18889,57.94579
68.74736,71.70964,67.443634,64.3877,57.043015,61.781425,53.69355,66.097786
62.65011,62.672626,61.312206,59.40697,54.215683,58.891445,55.094112,59.335667
73.57726,72.73904,68.225464,72.76261,59.6175,59.21797,53.227497,63.36142
76.66655,79.15241,79.9462,85.365364,73.66737,68.68608,64.36927,73.67448
65.029594,64.81758,61.55792,62.379765,55.62104,59.326164,56.16206,59.45551
69.86572,71.94161,65.29588,65.573616,58.75334,61.53943,56.572132,64.43138
71.13011,68.892685,64.71386,68.815704,58.577187,58.588577,54.496872,59.92245
65.944275,65.36479,62.604786,64.807686,55.15605,55.538136,56.28726,59.15613
64.73281,62.956722,63.087856,61.888145,54.3643,54.75415,55.030857,57.660145
65.02686,63.15555,63.221127,62.137383,54.562603,53.636845,56.95409,57.41853
68.986595,68.83,78.21692,83.58936,71.46957,66.01424,66.08153,68.50577
68.16926,66.397354,63.02094,67.069084,56.364815,54.91032,54.517788,59.8894
64.23521,63.059975,61.68083,61.223732,54.801445,56.041306,55.77861,58.006382
71.78534,68.897835,66.06602,70.62423,59.86431,60.802216,54.98782,59.798084
68.04877,65.09031,65.83025,68.83843,57.839943,60.358765,53.160294,60.569798
68.77213,67.8843,63.392883,67.647575,56.207073,54.10555,57.15705,58.6435
64.91675,62.594097,68.34857,71.67936,61.948578,61.14181,60.353817,60.3392
72.63967,75.44927,71.96891,69.697266,60.139786,61.994827,53.503395,68.73094
77.71664,82.73769,72.71389,72.61198,63.98098,63.47809,55.51359,74.626564
59.960754,63.012875,75.66641,69.32348,61.83088,65.47195,56.382793,71.07901
70.32683,71.100464,65.2758,66.96499,56.9088,56.999676,56.39875,61.078506
73.69219,76.359406,71.01062,73.79902,64.44891,64.47627,58.809196,68.610176
63.239723,63.43388,60.85357,62.174652,53.838104,53.91112,57.793785,58.62806
72.5497,75.513016,70.70283,68.5753,59.958065,57.653954,53.80525,70.60584
63.85758,63.044792,62.173428,61.101524,54.338318,55.071293,57.255203,58.125816
62.20984,62.9371,61.06183,59.10098,53.32932,57.468582,56.012787,59.263714
65.52043,65.143776,75.04578,78.82706,66.96672,62.038486,65.338486,65.70419
73.185,77.96288,72.20025,68.77001,60.23956,65.36861,52.76869,71.654625
66.68713,68.92102,64.78284,63.113266,57.0693,59.73983,56.61946,64.24246
65.37869,63.982517,66.02743,68.082695,59.628414,62.057526,58.608932,60.224182
77.63512,79.80912,73.07235,73.0543,62.645687,58.236904,52.172398,72.14359
65.11478,71.09068,73.75098,67.27399,60.707603,68.16982,54.375565,73.24563
76.58284,76.88699,69.86582,74.76587,60.916786,58.594418,54.708523,64.50157
65.132385,64.62513,61.91936,64.72901,54.729443,53.571106,57.416683,58.70534
66.17925,67.71151,64.71818,61.92426,55.263775,59.527824,54.140697,62.677914
67.11449,66.872375,63.700645,64.970894,55.77596,57.8256,55.178905,60.17704
72.50872,75.30734,75.5798,72.95105,62.566715,62.931168,54.114662,70.930374
77.2528,78.72425,71.40736,74.85371,61.59547,60.451008,54.220783,67.07165
69.622505,73.546906,66.64478,65.425446,59.07421,61.829273,57.08275,67.435715
63.6895,64.04294,60.086067,59.393265,54.337437,58.69723,55.82324,59.055336
70.33929,68.43904,64.62499,70.18495,57.359486,55.14608,55.537914,59.303295
76.36094,82.50788,72.34893,71.31471,63.55484,64.18303,56.59999,75.29244
64.017426,63.442795,61.26731,63.87462,54.57269,54.439537,56.82848,59.069
65.87568,65.6973,61.63618,62.773502,55.823128,58.383743,56.323093,59.554344
62.019817,62.510235,61.294167,59.83446,54.374283,57.725876,57.753258,59.35883
85.31905,85.30178,77.18981,84.89936,67.476776,61.19334,51.73685,70.39145
69.054245,70.460884,71.16419,68.66883,59.42773,60.245686,54.512833,66.32885
76.6295,73.22959,66.67469,73.15495,60.011208,54.576492,50.838886,61.00825
65.338905,69.28455,65.94397,62.27253,56.770317,59.09818,57.141994,66.77765
63.698273,56.899517,70.949646,71.905205,60.916477,54.05358,57.524067,57.256718
62.208992,63.091557,60.217945,58.843876,53.69744,58.570854,55.909634,59.55739
73.01873,75.38585,70.64954,73.4404,64.11361,64.17604,58.87959,67.91066
72.36694,77.28116,72.66602,68.59392,60.298817,57.248657,53.98478,74.24123
68.94014,70.442696,70.335594,66.90478,57.72938,53.174377,54.370945,68.24639
77.32438,82.75346,77.495094,73.75863,63.97406,71.151825,48.364746,78.21466
66.033585,65.921425,62.837624,62.08942,54.53485,56.56917,55.23708,59.21657
62.89587,63.609875,61.319595,60.476036,54.536217,57.42697,56.838,60.247993
72.22027,69.47105,65.00418,70.30279,58.311375,55.366104,53.051525,60.3449
61.148876,58.867065,66.12438,64.79609,57.785015,59.97367,56.170135,59.822906
64.084465,66.412674,65.50085,62.188156,55.914246,56.945663,57.62026,64.33019
74.184265,72.308815,65.97653,73.08005,58.85623,54.697235,56.230648,58.869987
68.49631,70.30305,69.31335,70.13103,60.769367,59.412636,60.55426,65.16955
67.573296,66.93866,63.567917,64.47192,56.3502,56.618744,54.844315,61.017628
72.55249,72.6588,66.40531,70.17004,58.233047,56.913258,56.09724,61.355137
67.936516,71.20844,66.635605,64.27687,57.873528,59.549404,56.295235,66.92456
69.339355,67.39047,68.779465,69.40214,59.429234,64.856,51.70232,63.724648
74.94195,76.35072,76.443405,81.898186,70.36311,66.852585,62.518787,69.97009
67.65631,66.87223,62.177147,64.47821,56.39569,57.703857,55.518566,59.587986
72.3701,73.49144,66.301796,68.267075,60.203712,61.913204,56.008728,64.20431
72.10502,71.43223,65.46781,67.72053,56.861866,54.438168,55.55026,59.39634
68.86945,70.711174,66.08756,64.91363,56.64248,59.51983,54.8188,63.530285
73.96682,74.104805,68.23386,72.141495,59.485107,58.633507,54.58789,63.462067
60.83867,52.9867,77.46975,80.82287,68.858536,61.610054,61.819122,61.185562
62.131596,58.693504,69.98712,72.133766,62.383472,59.705498,59.899055,60.49507
65.14051,65.467575,64.81814,62.36979,55.524033,55.813927,54.897926,62.94877
76.61796,80.75824,70.64418,72.4345,63.96423,65.13112,57.036484,71.1976
70.955025,72.14736,66.872696,68.14908,57.870018,59.23946,55.023396,63.46813
61.54874,59.03827,65.94278,65.148476,57.996082,59.360798,56.46408,59.487705
70.03049,71.27209,65.84395,66.86359,57.13879,58.37843,55.826683,62.377403
61.35135,56.441254,71.52458,72.27586,62.75247,61.557526,58.674072,60.322166
72.444214,72.72774,68.314354,68.35098,59.268063,57.466515,53.31536,65.785255
66.11847,62.49678,68.04227,68.95951,58.21969,52.640575,59.18769,57.703026
69.074326,67.0729,64.05184,64.39573,55.181347,53.388016,54.429115,57.57676
69.80063,72.164986,69.82189,71.44567,62.681313,63.01116,59.422947,67.02175
65.76351,65.32167,63.04419,64.704124,54.71165,51.009876,60.064823,57.38129
69.76734,68.42653,63.838978,66.41349,57.17017,56.512875,54.155624,60.61195
64.89144,64.72903,60.91823,62.549137,55.0435,56.826286,56.270844,59.347565
67.57874,67.22443,66.40035,64.532776,56.44528,54.87549,53.562325,63.802876
62.401573,56.851673,69.97415,70.27737,60.498714,56.634605,57.29707,58.35423
68.96075,68.20984,66.04418,65.46081,57.178265,56.237717,53.719093,62.906075
69.71986,73.88337,66.87054,65.51145,59.18667,61.918514,57.13762,67.86912
67.142426,68.31973,65.84409,63.799053,56.845505,57.463898,55.15037,64.42573
67.322556,65.992355,63.376133,65.62186,57.214417,60.163372,55.78221,59.580444
68.16959,65.02393,65.45045,69.96754,57.432705,57.87669,52.908985,60.590786
64.57991,68.148605,80.53502,75.21182,65.70851,66.73535,56.332924,74.81811
63.07247,60.391243,68.15575,69.507484,60.265255,58.292873,59.376747,59.899437
63.309418,63.278885,62.532192,60.332916,54.83711,62.151997,53.208637,60.93092
69.3883,73.19545,66.46378,65.231514,58.918762,61.71258,57.074184,67.15771
65.2975,66.49446,65.03701,63.832645,56.578457,57.405006,58.89132,61.99953
72.851006,77.7417,68.8571,68.267456,61.23162,63.39851,57.125134,70.44211
79.77665,79.291534,71.466286,78.709755,62.79341,57.784634,54.50519,64.611786
65.577774,65.212494,61.60283,63.26064,55.101204,55.581493,55.52095,59.967865
62.971264,63.393776,60.74222,61.52399,53.64683,54.148056,57.859135,58.600574
67.84811,66.11868,65.09859,67.63991,56.9382,59.730965,52.323235,61.519886
62.29347,61.672718,68.18386,64.88208,57.1736,58.22649,55.766724,62.257744
68.18382,70.772766,68.021324,64.85058,57.337105,61.463898,53.88257,65.965294
57.99712,52.591984,75.09729,73.69605,64.24401,62.238525,58.252506,62.686073
64.363235,63.77731,62.049465,62.74179,55.217506,58.9346,54.986744,59.90878
63.309784,56.669544,71.93699,73.908714,62.594097,55.45699,58.622257,58.13392
59.50186,58.179356,68.93536,66.51696,59.504295,63.523853,56.770927,62.645733
57.48934,58.05413,74.21185,68.695274,61.218445,63.629818,57.08421,67.74483
64.53945,61.937416,63.937164,63.917404,56.027676,54.828568,56.046833,57.52402
62.455456,62.983303,61.13222,60.170025,53.581398,56.85479,56.289093,59.298885
63.981693,62.302597,68.14186,69.61977,59.98299,57.95127,60.692818,60.40414
64.03968,59.23302,67.83615,68.29612,58.63978,54.488617,56.794292,57.424744
74.38885,78.06802,69.84499,71.36984,63.036167,64.22857,57.51207,69.5818
72.07616,74.74602,71.38978,73.86184,64.46163,64.155334,59.63645,68.536255
71.89281,72.847664,70.08339,73.71163,63.973915,63.732296,59.215187,65.60311
59.843887,63.27213,66.567085,60.362022,55.879192,63.841915,54.894947,66.10335
68.06995,69.18529,64.49898,64.20658,57.51437,59.94221,56.14799,62.909668
77.004745,81.02662,71.86901,72.046364,63.14581,62.22387,54.88252,72.74358
69.0957,65.14527,66.21453,72.26273,58.291542,56.331,54.14594,60.086655
65.77729,65.10539,63.7569,64.849396,57.67232,60.096973,57.529194,59.835934
62.896202,63.493877,60.407997,61.236614,53.569717,53.91441,58.228363,58.452724
78.03994,77.43891,70.586716,73.25988,62.171066,58.24282,51.509293,66.75237
62.173183,63.058716,60.306274,58.401184,53.589863,58.886955,55.61834,59.541847
66.65348,68.31946,68.139366,68.89265,60.78277,61.644363,59.47311,64.94256
65.05563,62.915318,63.39851,62.510483,54.951363,54.05801,56.560463,57.42481
68.87698,71.75609,65.55671,64.79123,58.419968,61.32182,56.883026,65.45428
62.260414,62.954132,60.69977,59.80303,53.928757,56.5083,57.86844,58.96027
65.04864,64.60703,65.74622,66.09146,57.49284,56.947987,59.921585,60.192345
67.20686,66.89944,64.32194,63.826828,56.522648,57.445644,55.01159,61.70501
71.21386,69.75839,68.55103,68.060036,57.645607,52.500896,51.24638,64.99152
70.60286,74.157974,70.10478,70.888374,62.58212,63.269527,59.07498,68.79798
73.074234,71.91741,65.47804,71.307724,58.17605,54.92282,56.712215,59.052456
60.700245,59.692913,66.76879,65.121056,58.41128,63.590576,56.637974,61.523975
65.55468,64.83894,62.464653,63.42801,56.03934,59.947853,55.384953,59.759075
69.198425,70.24405,69.412636,71.93917,62.732655,62.767963,59.631783,65.09273
72.407455,75.25364,69.54234,71.3266,62.75427,63.605328,58.244698,67.901955
71.50656,73.32737,70.15107,72.882774,63.576973,63.610035,59.195496,66.71959
63.721996,63.597973,62.574577,62.523766,56.32282,60.568512,56.821503,59.80905
61.132126,60.970123,63.515396,61.363834,55.960102,61.75254,55.605106,60.59281
60.71307,60.61021,63.514328,60.672176,55.46716,61.476738,55.097504,60.65209
66.9422,67.44192,66.13983,66.1631,57.48152,56.64353,59.67974,61.463715
70.64955,70.48356,66.25006,68.91124,57.792408,58.690125,54.375504,62.19452
61.751194,62.929596,61.781025,58.322464,53.61998,60.412533,54.407795,60.91338
77.354935,80.27879,74.32169,74.89477,62.835358,65.57704,51.04247,72.3415
70.27457,71.36537,65.69428,67.11498,57.14889,57.892834,56.12172,61.94126
71.47036,73.33438,67.68806,69.55966,61.32448,62.770664,57.59235,65.53755
65.26169,65.87478,68.74696,65.5653,56.265324,51.715626,57.88218,64.43641
62.81788,63.40595,60.490208,59.605724,53.378696,55.768986,56.905876,58.593292
60.35612,52.214005,77.058205,76.99541,65.46837,57.664722,58.905376,60.70812
60.672928,59.452183,65.43148,63.098038,56.84225,60.982483,55.607693,60.541725
62.202667,62.775185,60.83289,58.4593,53.840775,59.784813,54.86693,59.745556
74.59396,72.01571,67.185455,70.88596,59.122097,54.30724,51.193394,62.416042
63.491665,65.55038,67.409775,64.85216,56.349617,54.07052,61.75462,63.173695
64.31208,64.68717,61.035442,61.74896,53.676407,53.144325,58.27784,57.874317
67.653824,69.91871,74.00793,70.36068,61.184025,62.542458,54.975796,69.15899
70.632545,69.18424,72.98364,72.36709,60.838985,55.92419,55.29715,63.754845
72.0943,73.799995,68.77022,67.36601,58.108997,59.4755,53.482277,65.27117
63.692135,63.78869,60.980553,63.036823,53.89856,52.568794,58.470917,58.292133
63.98413,63.87654,60.222828,59.52459,53.665016,55.98787,55.87722,58.1761
63.515167,63.487537,61.001236,62.918327,53.981064,53.326942,57.907795,58.566284
62.844105,63.531506,60.26762,60.14309,53.3892,54.31932,58.107906,58.225334
75.5443,75.215195,70.53073,71.249435,60.658085,56.29494,51.50481,67.26486
62.181084,56.70699,72.85051,74.85719,64.42162,61.63293,59.885193,60.397602
65.08334,64.87392,62.028652,62.62148,56.116646,60.219128,56.427765,59.55859
63.651554,64.222565,60.83324,62.03009,53.68026,53.017418,58.72758,58.161217
67.70255,70.493484,67.043495,64.273796,56.929855,62.490696,53.437973,66.08841
67.587685,67.71741,64.461586,65.381966,56.174683,58.605606,54.77263,61.233284
62.25009,55.64928,81.72576,79.95035,66.85622,54.04823,59.436108,65.071945
63.09539,62.85584,62.40438,62.018543,53.900997,52.466583,59.39119,57.83996
74.618324,74.99814,76.58553,82.73656,70.85495,66.86162,62.97648,68.65322
65.28365,65.05538,61.92932,63.00216,55.01621,55.421127,55.46445,60.365097
67.39887,67.829605,65.62756,65.58736,56.657917,60.731934,53.12618,63.29014
75.55207,78.78621,69.50645,70.56504,62.14729,62.77485,55.544018,69.575676
66.425995,71.491936,71.92141,65.54616,59.32347,68.61873,50.97173,72.75922
70.71259,69.082794,64.39349,70.30161,57.29012,53.96452,56.604206,58.810894
64.959946,59.396053,68.83036,69.25153,58.538086,52.537727,56.564896,56.775845
69.98792,68.165085,64.17873,70.207565,57.101936,53.675205,56.458885,58.92207
69.36758,70.75651,68.7664,66.01653,57.78053,55.5116,53.480892,67.456474
67.64375,70.24275,67.33032,64.58895,57.10907,63.067574,52.750225,66.5073
62.975986,60.792477,65.265526,65.260956,57.69807,57.77572,57.442642,59.059177
65.90347,69.51121,65.265564,62.64897,57.089878,60.091614,57.595383,65.71834
57.227222,55.970997,73.16811,69.26762,61.784046,64.38401,57.282238,65.57219
74.9067,71.51064,70.31589,76.93151,61.523014,61.21152,49.559013,64.41458
64.828865,64.47343,64.96795,65.520164,55.207134,51.110683,58.024162,60.980194
61.66954,62.617302,61.00107,60.49581,54.029457,56.086838,58.830048,59.223057
77.7879,75.9629,69.12817,72.93653,61.743885,58.383297,51.474644,63.99853
65.69737,65.67133,61.42131,62.928043,54.06649,52.345146,58.31767,57.488113
62.10491,63.118027,60.457535,60.26231,53.565937,54.908615,58.716022,58.692406
84.98193,87.51432,74.63383,79.33205,68.38729,66.12808,53.378506,74.166275
66.79332,66.772514,66.25703,64.349106,56.26582,57.48027,54.5976,61.609966
63.922203,66.502014,68.972626,64.36479,57.65365,62.462704,54.79639,66.47878
65.57424,65.96012,63.55294,62.279255,56.034584,58.36432,55.98114,61.538048
62.02069,62.52915,61.321003,59.962273,54.314198,57.349617,57.93966,59.27474
62.828575,65.354256,64.06353,59.571693,54.598923,61.487206,54.316772,63.58595
67.64384,73.12631,67.58102,64.365875,58.49794,60.81326,58.207405,69.306725
66.55623,66.43931,63.218735,64.17317,55.395424,57.526707,55.55119,59.772747
68.46383,66.07634,65.408806,67.71094,58.1734,61.889942,53.923862,60.308792
62.38463,63.037754,60.911552,61.429184,53.861744,54.361404,58.8491,58.7487
66.152695,64.286575,71.08469,75.54981,64.71815,62.67056,62.215824,62.25871
69.4185,68.29307,63.350548,69.85633,56.501812,50.243248,59.564365,57.791157
62.660454,63.239716,63.44366,62.449413,54.722534,54.44229,58.750187,60.53704
66.89479,70.33313,66.95419,62.988018,56.582146,62.99503,53.496975,66.577255
64.289764,63.889633,63.470055,61.233963,54.450798,56.937717,54.73921,59.607716
62.822998,63.96181,62.589443,59.855354,54.078632,59.765167,54.612373,61.251682
71.45828,67.76251,66.49367,72.45527,59.39743,57.70606,54.203785,60.029297
67.591805,64.94017,78.34441,76.74364,64.431816,56.645275,57.025093,66.29237
84.563095,87.70241,75.06172,78.93902,68.28686,66.1227,53.749138,75.38541
69.99073,70.6462,65.85394,65.9625,58.27895,59.191917,55.084274,63.758385
73.18082,70.07303,67.26561,73.9923,59.53654,58.312244,52.139263,61.274345
67.479225,66.992256,63.230793,63.99091,56.630917,58.31189,55.49222,60.52653
57.994415,58.31681,74.2485,68.9083,61.133617,62.83047,57.088142,67.435394
62.448074,59.925835,65.928825,66.006355,58.48254,59.328293,57.109726,59.35438
74.63831,71.987686,68.245285,71.35726,58.799416,51.835285,50.11406,63.69544
79.1138,76.53687,67.51744,78.9097,61.173447,50.39056,58.306377,57.606815
64.301704,63.46154,64.9177,65.88294,58.377617,61.861588,57.86051,60.268993
69.359314,71.08327,64.912476,65.16546,58.391727,61.186195,56.49128,63.76238
63.463192,61.47238,65.99464,66.374115,58.156197,57.539314,58.403336,59.35845
62.407757,63.402058,61.777393,59.910995,54.527016,57.77429,56.987793,60.726772
67.18456,69.58679,64.59892,63.415695,57.424152,60.584877,56.937218,64.16485
62.53146,63.18691,60.601383,60.115273,53.626488,56.46875,56.790234,59.113056
69.60727,74.56629,67.45679,65.44202,59.326218,62.04496,57.364048,69.14831
76.86764,80.69043,74.05737,77.29418,67.35668,66.41244,59.41033,72.44825
64.63214,64.53248,62.180275,62.771088,54.545753,56.61791,56.005554,59.32458
71.79097,71.98099,66.547966,69.58575,58.11557,57.965446,55.27545,62.095596
63.417892,62.948536,65.88856,66.46472,58.484097,59.228333,59.70923,60.77363
70.88165,75.20045,67.45259,66.46786,59.86429,62.416874,57.070595,68.57163
70.08679,70.74625,67.12027,68.16231,57.931835,60.6457,53.335995,64.20134
68.21737,67.18605,62.39963,65.189316,56.402058,56.66079,54.980705,59.76329
61.32605,56.591915,72.51726,73.381325,63.61421,63.309242,59.17284,61.067707
67.074844,66.04296,62.31641,67.60056,55.50781,51.150723,58.489532,58.15702
78.80006,75.01925,68.93341,79.69387,62.025673,54.90324,53.89297,59.723873
74.31475,76.19998,69.613556,69.82624,60.81423,59.4774,53.981472,68.44276
62.055172,58.7387,69.34911,67.82069,58.930153,57.524532,56.503433,60.207123
67.202156,67.17201,62.686615,64.182396,55.155556,55.535275,56.974537,58.551414
71.73121,68.07168,66.512856,72.43792,59.47942,57.78251,54.10843,60.057728
60.690456,61.48032,63.431263,60.05055,55.30677,62.84107,54.700054,61.79425
66.64472,65.2551,63.31134,65.47017,56.74399,59.518097,55.32685,59.75234
63.266205,63.74229,61.798447,62.383778,53.826416,52.129086,60.071,57.943375
63.633102,59.9889,66.61604,66.19942,57.415623,55.596687,56.142838,57.96977
71.42207,74.769394,67.93524,67.10295,59.778404,61.008602,55.99502,68.17593
67.25035,68.71885,65.55577,65.70534,58.675747,60.952194,57.70406,63.48133
66.61406,71.934685,74.89599,69.18166,61.608105,67.38089,54.453873,73.265495
63.77356,61.675602,63.786263,63.23967,55.916985,56.22258,55.87243,58.14936
61.47467,62.52097,61.693924,60.411793,54.29594,56.679813,58.82611,59.841167
65.47154,65.59155,63.4719,62.51601,55.690586,57.069027,55.55242,61.48745
66.762474,63.97292,64.155846,69.229935,56.59473,54.985626,54.89574,59.8131
63.00565,64.15867,63.456863,61.222466,55.27779,57.535553,58.251797,61.257668
68.20748,71.08654,66.18134,65.11619,58.23899,60.058582,57.882263,65.35261
64.20546,63.231926,64.1491,64.96878,57.708508,59.756462,58.143032,59.61021
70.8641,74.31119,69.51561,70.26004,62.141018,63.143997,58.621895,68.41557
80.08503,86.25225,73.81113,74.4792,66.233376,67.17334,56.99088,77.22741
64.844826,64.49763,62.18769,62.03399,55.637505,60.799908,54.99686,59.93933
68.72562,66.60244,64.69334,68.713745,57.03375,57.781017,53.50986,60.263084
77.46417,79.092064,68.96486,72.185684,62.86405,63.174934,54.771103,67.334816
71.3105,69.16388,65.35058,70.92102,57.93508,56.502617,54.53965,59.688305
76.35325,75.83331,80.44979,80.24225,66.5635,57.75873,55.237835,69.79589
69.93686,68.11093,64.80828,69.2734,57.280773,56.983387,54.481716,59.773434
62.445522,63.27254,60.498512,60.08718,53.39205,55.375515,57.547634,58.759712
66.03194,63.70117,64.23572,67.20088,56.309856,57.74858,53.77258,60.314888
65.11652,63.67781,66.46908,68.90527,60.167908,60.816837,59.48825,60.2645
70.633194,68.809685,64.9811,69.852806,57.518875,56.638763,54.772907,59.61141
70.537834,74.889565,68.000984,66.32376,59.595936,61.397316,56.639896,69.14949
69.42435,68.57876,67.40642,66.09741,57.22867,54.6088,52.71721,64.21774
67.33653,66.83529,67.95146,67.55491,57.846268,63.19827,51.070225,65.20289
65.19807,60.96399,67.39742,67.15059,57.14258,52.60708,56.06464,57.25423
81.024376,85.37635,74.75117,78.28537,68.46168,67.93683,57.866108,74.98996
70.4967,69.43857,64.47589,65.88054,55.925804,54.232536,55.150288,58.599003
65.66751,64.874756,67.99495,65.933044,57.281868,57.073402,55.231995,61.75461
72.31481,74.62852,68.38582,70.29502,61.93211,63.216667,57.646866,66.60245
80.46695,80.59415,72.29166,79.02325,63.25655,58.331535,54.65076,65.762024
66.185104,67.04754,65.52112,64.22323,56.26562,61.62759,52.67975,63.9294
63.36249,63.65684,60.192936,59.69329,53.63775,55.63954,56.886112,58.324993
61.13579,53.051346,75.71761,75.98047,64.48279,56.828575,58.566456,59.651882
61.10986,66.36504,71.50439,64.1214,58.91784,67.80715,54.045044,71.42296
62.550312,61.649693,62.933857,61.363377,55.29801,58.585186,55.435287,59.212738
77.73491,82.77576,75.498146,72.8564,62.782593,66.68374,52.034615,74.73178
76.372894,80.06031,71.77366,74.394005,65.19807,65.468414,58.038902,70.99817
85.205765,88.50474,76.91071,79.79976,68.71947,64.69108,52.68243,77.52313
68.68253,73.194305,68.64852,66.61525,59.101208,59.30121,59.423775,68.30235
68.836494,71.080475,65.05756,64.74154,58.24725,61.177338,56.72515,64.39756
66.01641,65.491425,62.22031,63.311535,56.32638,60.192932,56.085926,59.487488
73.37387,71.65864,67.63879,69.17163,59.233562,56.703983,52.289318,63.18319
62.56362,63.467278,59.852184,59.91655,53.598755,55.754036,57.632317,58.782536
60.178013,55.596333,70.042244,69.48561,60.928715,60.336834,57.248966,59.965622
81.92135,84.464645,75.22476,76.85571,65.691414,60.765285,51.847965,74.6864
81.16613,83.34404,76.77289,79.54406,65.360695,65.892365,50.155098,73.76577
67.76198,67.86308,63.76489,65.16545,55.87027,57.248573,55.92895,60.009758
62.147034,63.11897,60.328995,59.75471,53.66015,55.879932,58.16699,58.83881
67.190346,65.79314,63.735718,66.56864,56.093006,57.251392,54.49011,59.89626
75.57361,74.90887,67.79336,70.53653,58.368904,53.970432,54.742477,60.703213
80.54261,82.55213,73.59631,75.98241,62.6162,59.132534,54.2824,68.398415
61.384506,62.214108,62.508835,60.798824,54.448055,56.211292,59.383156,59.772278
73.894135,76.74954,71.95128,74.88756,65.27109,64.850655,59.33056,69.37556
69.63623,65.40907,66.48327,73.20337,58.625515,55.764423,54.369457,59.979023
62.849575,62.743114,61.698215,60.862686,54.23035,59.09896,54.378746,60.151707
65.254555,64.51952,65.58915,65.89935,57.063705,55.993607,59.98586,59.576397
70.402954,65.97747,64.808014,66.78531,55.561523,48.048706,55.37757,54.5427
69.38571,66.621826,65.039536,69.78731,58.302353,58.14781,55.128906,59.73894
68.93672,70.26552,66.37783,65.20502,57.831253,58.40686,55.107075,64.96506
67.82724,68.94295,64.924706,64.858,56.244522,59.007824,55.1944,62.146645
67.22291,69.1087,64.33028,63.453842,57.31215,60.366398,56.73771,63.452045
70.46435,73.95989,70.480316,67.444824,59.12709,65.68053,51.139633,70.206085
68.689384,67.571304,65.04913,66.14297,56.247173,53.137493,53.07189,62.458622
62.2284,63.038654,60.26745,58.792133,53.80679,59.18889,55.491974,59.749645
65.1417,66.17201,65.20082,64.95058,58.0865,60.30837,58.216434,62.567116
70.55401,74.63153,69.723206,66.448715,58.598717,64.16668,53.09558,69.172646
64.86022,66.61631,63.346767,61.55122,56.101627,59.60701,57.022923,62.505787
67.506454,68.320724,71.807236,74.77413,64.66789,63.16704,61.782448,65.900055
74.1142,76.41551,72.51395,72.35059,61.27915,65.865265,49.979435,71.06082
62.979595,59.91957,66.4079,66.82001,58.566654,57.34894,57.468784,58.80186
63.924034,61.558205,66.97495,68.954056,60.209457,59.95453,58.89374,59.759624
62.89885,62.92289,62.190895,60.659145,54.89703,57.80647,57.544994,59.456135
79.10163,74.446144,68.44312,77.16382,60.74279,50.397278,48.40913,61.725266
68.760864,66.74771,63.5348,70.12108,56.652676,52.073395,57.035168,58.746456
72.84717,70.13784,65.272705,74.165535,58.553715,51.73593,56.828083,58.64385
62.928642,63.286297,60.45406,60.770123,54.054047,56.929993,56.388973,59.326702
67.82945,69.67543,70.10818,71.746216,62.752213,62.61267,60.34798,66.28465
65.572334,63.93755,62.86435,66.55724,55.51139,54.953964,55.39574,59.602608
64.05431,64.03543,62.60488,63.340614,54.73474,53.847004,57.299793,60.168194
68.50538,69.56513,73.28011,70.60748,60.795296,60.383392,55.036705,67.222404
62.24934,63.379795,59.389805,58.570755,53.721184,58.117676,56.642372,59.289032
75.60527,80.74556,71.70172,70.76804,62.669468,62.598534,55.789356,73.61985
70.97737,72.38801,69.487,72.23971,63.03481,63.257187,59.026146,65.7859
65.96387,67.56314,75.18938,71.323586,61.912548,62.229515,55.65373,69.13048
74.410866,78.16165,68.45051,69.403114,61.738594,63.765453,56.564476,69.022705
63.439823,63.183308,61.150734,62.18019,54.457928,56.971474,55.686413,59.60548
66.58665,70.9063,65.81837,62.98848,57.56414,60.743023,57.472904,67.02869
69.796936,69.681015,67.331856,66.21907,57.72242,56.07536,53.413784,64.66742
78.376976,76.424774,73.40587,74.25373,61.49575,52.31745,48.070206,68.51116
62.966984,63.280666,63.783573,63.50654,54.766186,53.107174,59.17294,60.30601
62.406887,63.066708,60.766315,59.82502,53.605186,57.113667,56.37171,59.292923
65.58834,65.877754,62.17702,62.66119,54.58511,56.138577,56.825214,58.82581
70.67481,77.25384,70.106155,67.27921,60.530777,61.76362,58.744396,72.41386
67.24028,65.55617,64.17328,66.67883,56.3394,58.689583,53.292953,60.413147
66.64118,66.28981,65.212776,66.75932,58.9767,60.756187,58.048103,61.02618
78.95629,80.67478,72.09586,74.45252,61.52519,58.42231,54.610504,66.843185
68.350105,70.23874,65.82709,66.01773,58.976833,61.312874,57.437717,64.2608
64.16388,62.944115,64.60013,65.59366,58.1412,60.476665,57.79857,59.68013
64.41301,63.038284,62.675728,61.21841,54.135044,55.444878,54.92083,57.957577
71.027374,69.35291,63.99605,67.33141,58.23657,58.840008,54.57093,59.892292
63.337345,63.645054,60.7309,61.439407,54.360996,56.137318,56.76698,59.5775
63.93456,60.32943,72.60183,75.7341,63.95464,57.99034,62.5784,60.88206
73.39278,72.534584,66.69567,68.89317,59.657204,59.094215,53.662605,62.941025
63.80624,65.3462,65.32272,63.212704,56.019424,56.31344,59.667336,62.220783
72.48496,70.07939,67.00227,70.16468,57.192833,49.310143,50.297047,63.542442
63.896675,63.412518,61.97207,63.213844,54.442936,55.828865,55.9442,59.404224
73.66785,71.98751,65.79796,69.03213,59.658535,59.51596,53.661728,61.1951
63.879837,64.460846,61.99624,60.96117,55.20242,58.436924,56.75071,60.44513
64.89981,63.390644,66.782974,68.75435,60.176445,62.5674,59.003754,60.4698
61.80334,62.45377,61.450207,59.879524,54.394783,57.692867,58.012287,59.556232
68.11299,69.925575,64.47943,64.145935,57.76769,60.816677,56.69404,63.481003
63.803364,61.96128,73.40357,77.138405,65.21859,60.290535,65.039764,62.862026
62.46763,62.990654,61.058174,58.9159,54.127956,60.868294,54.34743,60.22852
68.0586,68.65025,66.46312,66.376595,57.184555,61.50537,52.543343,64.2932
62.76416,65.12658,70.26867,65.32791,58.409733,62.689938,55.24187,66.99602
70.42603,71.78727,65.28024,66.08065,58.839436,61.172634,56.09291,63.744778
64.33203,67.74389,65.37063,62.208145,56.408073,58.558826,58.533623,65.04541
63.515938,63.57766,60.3423,59.50495,53.882515,56.588833,56.312817,58.49108
62.03276,63.011616,60.43736,60.097755,53.78387,55.934017,58.31673,58.998253
69.94246,71.57107,71.00133,67.51378,58.15097,53.16142,53.523254,69.24884
76.562775,83.03016,78.86531,74.21511,64.872,71.675415,50.3893,79.31048
66.51626,67.794846,67.06311,67.73282,59.940044,61.26495,58.911526,63.921875
67.22011,68.81272,66.71139,63.986565,56.908524,56.82873,54.857075,65.65484
61.967354,58.62966,67.102776,66.44226,58.404495,58.30183,56.488907,59.08485
62.240295,62.32072,63.08744,61.763268,56.09088,61.729343,56.145805,60.46842
73.09546,70.60398,65.32523,69.88019,59.243275,58.265484,53.563656,60.20382
63.25728,63.712406,62.11449,59.3718,53.625454,58.050835,54.692726,59.86804
65.34854,65.11944,62.662464,63.17467,54.90641,57.59342,55.375553,59.56378
62.23915,62.743126,61.505745,60.84246,53.905754,54.69768,59.003616,58.606857
65.01784,64.28264,62.043,63.64905,55.575665,58.228672,55.667995,59.62071
73.02392,75.8597,70.608025,72.92301,63.86149,64.14107,58.737385,68.521576
63.391037,65.67573,64.37576,60.167187,54.84191,62.044357,53.425163,64.066605
61.292736,61.376427,62.72513,60.479992,55.39235,61.344303,55.400795,60.413277
65.69272,68.84401,64.63735,62.246086,56.834076,60.178436,57.27058,64.91243
73.90858,72.20629,68.19246,69.69079,59.48476,56.3993,51.94118,63.715218
62.793827,62.205727,64.95552,62.201263,55.34015,57.65947,55.218006,60.368824
64.12923,58.391655,75.99153,81.11228,68.88143,62.968403,63.378345,61.57748
62.878937,62.24544,65.39305,65.88293,58.363678,59.781998,59.162148,60.56621
63.049595,62.976192,61.37054,61.345028,54.226048,57.789444,55.268543,59.77153
75.076836,72.90297,66.61339,74.35246,59.466614,54.872437,55.75908,59.19872
62.14803,61.26955,64.4004,62.0224,55.565304,58.865974,55.24487,59.958298
75.5578,80.44452,70.144646,70.451035,62.740166,64.34229,56.70293,71.84941
60.634117,59.869026,64.470406,62.24606,56.522453,61.59777,55.621384,60.56203
75.18762,78.29616,69.70838,70.34338,61.830105,61.935486,55.196476,69.66297
64.91515,68.822266,65.10034,61.83315,56.649048,59.833073,57.718937,65.876465
64.368286,63.320465,62.053307,61.102283,54.26069,54.73511,56.795395,57.849228
74.35266,72.019196,76.69887,77.26346,63.697453,54.253376,55.4865,64.76602
68.21778,68.12621,70.42063,73.93511,63.892807,62.902416,60.828663,64.135826
62.257492,63.11371,60.548637,59.071095,53.402668,57.217236,56.457172,59.1435
69.83322,69.025894,66.788994,69.17944,58.0282,60.55848,52.22079,63.349205
66.50483,63.99585,63.11617,62.788437,54.109596,50.88597,56.49359,56.214428
69.40569,69.99669,64.53872,66.18112,56.43232,56.764706,56.568672,60.40628
66.66331,65.03468,64.40262,65.07812,56.988823,62.17482,53.55568,60.486942
69.164604,67.65405,62.840378,66.56906,56.307568,54.293327,53.86986,60.17041
68.812195,67.560005,66.11733,68.46827,57.559765,60.470657,51.98838,62.734116
66.929214,65.5798,72.858765,77.58505,66.33737,63.48254,63.07919,63.882668
63.789593,65.27743,63.680298,60.838734,54.73618,60.64803,54.075123,62.53712
62.451332,63.205296,60.469604,59.074287,53.44913,57.183712,56.354515,59.05627
79.62602,83.40079,75.443665,74.63578,63.11051,63.946705,52.433956,72.929184
80.8502,84.447464,76.45218,81.20825,70.50318,68.54592,59.497993,74.48563
64.71958,63.682346,65.2165,66.46997,58.669342,61.953342,57.86013,60.271984
63.183178,68.24558,71.263466,64.41786,58.83457,67.70213,53.044025,71.46548
62.986523,62.078415,63.1841,62.3404,56.063004,58.23648,57.108982,59.2684
63.739735,63.716637,62.825943,61.84743,55.586273,58.085865,57.731773,59.740456
64.07001,62.8283,62.696014,61.12904,54.25337,56.041504,54.947643,58.20831
65.74071,62.704933,74.82291,80.71685,68.520256,63.973194,65.06502,63.017345
71.0118,75.215225,71.07423,67.405464,59.386623,66.073135,51.435955,71.069435
65.08695,65.19047,70.03167,72.332634,62.791092,61.954803,61.4623,63.928127
73.64187,69.030365,67.959625,75.13814,60.472656,56.878304,53.0699,60.379074
68.71929,67.06203,62.99768,69.211624,56.02064,50.097763,57.043247,58.793797
72.84043,70.84202,64.86005,68.58236,59.19746,59.419678,54.02705,60.088707
69.19937,68.59832,64.090004,67.0943,56.487865,56.486736,55.99145,59.444855
62.637787,58.939407,68.77053,67.689125,58.61228,56.68602,56.42293,59.339195
73.29727,75.452034,72.42372,76.00104,65.90423,64.88125,60.03887,68.57413
63.51631,62.95569,63.058872,63.030537,56.61931,60.15484,56.829376,59.644787
62.123154,62.964916,60.454422,58.689507,53.689594,59.108162,55.488144,59.731514
71.17804,71.86987,66.40136,66.7904,57.081898,57.23176,54.86769,62.089325
68.47813,67.82242,66.01948,65.20496,56.854855,55.57095,53.64361,63.10833
54.14325,57.175655,76.47366,68.80714,62.564774,67.99673,57.38801,71.82544
73.225685,72.216125,69.06609,69.25881,59.193428,55.43606,51.79211,65.362595
63.910007,63.127422,61.901985,63.722313,54.655983,55.914753,55.630978,59.572495
75.3296,80.12375,69.79598,70.22032,62.592144,64.42651,56.807976,71.404724
64.839264,69.0082,68.67688,63.2939,57.418007,64.87935,53.64061,68.50017
64.04423,67.713295,67.73481,64.340065,56.784676,55.75265,61.059177,65.64749
71.09745,71.16074,66.76884,69.300964,58.10349,59.100872,54.19068,62.837917
74.634674,77.37932,70.62676,71.223656,60.25037,61.76877,54.23507,67.89073
63.00747,60.240467,67.64309,68.55914,60.13775,60.913795,58.18833,59.939976
70.82623,74.13419,66.61889,66.39389,59.576416,62.17537,56.79778,66.82887
70.00625,73.894585,79.087166,74.97371,64.90384,66.00342,54.924,74.400635
65.301704,63.977478,62.97976,64.78555,55.82413,58.485813,54.673664,60.00185
69.800095,68.237755,63.1629,65.662476,55.336964,52.26131,56.377655,56.827156
67.84363,65.965,64.74008,66.45032,57.81262,62.02298,54.392498,60.17877
64.67519,67.13567,63.97688,61.46186,56.142593,59.432804,57.08192,63.736225
64.32121,65.54907,63.09664,61.175747,55.68009,58.92331,56.7537,61.860348
71.41695,69.00392,66.098625,70.06232,60.0995,60.777706,55.533512,60.067165
61.457355,61.786926,63.148426,61.73438,54.56029,55.096542,60.163162,59.198082
62.78003,60.028503,67.00234,67.78892,59.310234,58.185936,58.23527,59.426056
72.258965,69.623764,64.42824,70.05176,56.897038,50.35618,51.36506,61.12507
67.81306,64.52463,63.125153,63.72243,54.239964,49.343304,55.504997,55.265926
66.79266,66.8819,64.56475,65.514275,58.264923,60.567974,57.51523,61.25234
72.54581,68.887726,66.92976,72.65948,60.170006,59.284603,54.237087,60.027737
64.85572,64.723,61.572403,61.984097,55.542286,59.76825,55.93215,59.55713
64.95986,65.15071,61.91191,61.851585,54.211266,55.941254,56.574768,58.682816
62.410225,62.83494,60.950447,59.437187,53.996723,59.7081,54.676407,60.072178
72.62944,75.855255,71.41953,73.50496,64.34979,64.29251,59.331482,69.3775
67.787155,69.303856,71.20598,72.964355,62.910686,60.814728,61.80298,65.92968
65.147316,65.41897,62.34258,61.81131,55.865795,59.21231,56.597244,60.293777
63.20149,63.416725,60.56778,61.684006,54.042988,55.347588,57.127346,58.97235
64.724945,63.14304,63.23805,65.01157,55.452793,57.965893,53.883278,60.300434
70.49133,73.9918,66.864426,66.16969,59.41249,61.78962,56.72745,67.25909
63.231964,62.687843,67.19473,68.49839,60.0658,60.54638,60.311447,61.571228
75.3707,79.189964,70.685486,72.57815,63.929634,64.79175,57.659096,70.4157
68.80497,68.570694,64.98237,66.91952,56.76951,58.36118,54.66605,61.23685
71.22246,71.82452,78.12678,76.10061,64.39415,60.380356,55.476265,69.805756
67.109055,69.60009,66.271835,63.715935,56.48258,61.782337,53.83003,65.10648
64.88967,59.960903,67.46929,68.166245,58.1849,53.097637,56.699,56.83096
63.047836,62.542595,61.690502,60.605846,55.108833,58.297794,56.288857,59.024876
67.445404,66.335915,62.389,65.29208,56.25269,56.670425,55.304127,59.652336
65.325745,69.15762,72.64559,67.51349,60.062366,64.85922,54.759354,70.144585
71.294525,71.340096,65.55024,68.832,57.533688,56.757557,56.214897,60.732567
72.087364,73.20322,67.78776,67.867516,59.411335,58.944553,54.337162,66.00095
66.667244,68.82744,64.79363,63.547504,57.211613,59.71166,57.51521,63.700867
64.310875,64.280205,61.023247,62.269066,54.544373,55.47005,55.94651,59.830677
66.37511,65.72865,62.359154,63.7963,56.55255,60.095387,56.244286,59.417915
64.200096,63.973927,60.15631,59.53917,53.712307,55.934505,55.75478,58.07485
62.91741,59.764088,66.32339,66.67804,58.499855,57.31449,57.2805,58.707302
70.99597,75.34546,68.38625,66.74279,59.822475,61.303146,56.447514,69.52682
65.11864,63.64322,70.19939,73.821724,63.54019,62.08276,61.859505,62.18297
69.58304,68.55798,69.10878,67.27051,56.921684,50.90921,51.810432,65.741356
70.96549,69.60086,64.05914,70.42235,57.158417,52.4639,57.83208,58.24993
67.135056,67.08344,68.04406,65.03743,56.42194,53.08711,54.082825,65.02221
62.588913,62.92177,61.555023,58.775883,53.569977,58.94069,54.535282,59.626007
64.44968,63.20142,70.85038,68.32514,59.019043,57.46034,55.961937,63.056774
63.57385,60.912357,67.438354,69.37966,60.497986,59.78627,58.87946,59.766495
74.38192,73.7634,67.675674,69.81846,60.21251,58.92365,53.257526,64.08121
70.20978,70.367905,66.246735,68.27048,57.623352,59.079487,54.311764,62.560932
72.6143,69.14626,66.96771,72.24245,60.512154,60.8127,54.68448,59.89905
66.33234,64.83405,65.95152,67.3888,55.864872,49.67178,61.7846,57.27788
73.88947,78.846985,69.27274,68.99694,61.76619,63.826897,56.985695,70.996216
66.16463,63.141388,64.957146,64.29423,54.61713,49.726864,58.058445,56.19864
67.54959,69.377945,66.01579,64.553085,56.5848,61.031254,53.971394,64.25644
66.80503,64.739105,64.26407,66.79658,56.892746,59.342842,54.239697,60.160107
66.9037,70.77357,67.85141,63.432617,57.074726,63.742043,53.501423,67.59198
60.80583,55.796124,71.25563,70.5253,61.13812,58.939636,57.241684,59.993435
63.259525,65.47195,65.224785,60.628998,55.259876,63.57491,51.966232,65.42126
82.65544,78.130226,70.291,78.74569,62.768,51.61366,46.688377,62.62418
75.879135,77.66885,69.67529,71.0563,61.776985,60.80711,54.113354,68.327965
74.30167,70.96396,66.82207,75.35096,59.695656,55.320324,54.04932,59.78384
74.92414,77.71981,70.59118,70.66971,59.994656,60.957664,54.416985,67.55996
72.17572,70.49762,68.83387,68.767334,58.168392,52.99611,51.050274,64.90138
67.83162,65.392426,65.08524,67.808495,57.65771,60.402973,53.958637,60.272705
65.136086,63.97137,61.729397,60.61874,53.45153,54.12076,55.042404,57.434254
65.30477,63.37309,63.918095,65.77842,55.894672,58.656807,53.41841,60.481964
64.90309,66.52465,65.37232,62.206882,55.897503,56.84395,55.941296,64.26814
68.97285,66.01604,64.89305,70.6545,57.454426,56.37701,53.41366,60.32641
64.99425,60.09996,68.179665,69.00064,58.705566,53.164227,57.63101,57.132645
62.9696,63.13933,61.47482,60.0464,54.810738,58.658142,56.90999,59.49331
59.760033,55.616524,71.23619,70.47419,61.80008,62.432926,57.670677,61.1561
68.66715,66.96766,63.41964,66.993675,57.146812,57.286102,55.05771,59.738773
67.46888,65.16262,64.00131,68.30377,57.158398,57.101257,55.48615,59.621845
76.94622,79.446945,71.61419,72.5544,60.885315,60.30646,54.387753,67.80805
66.07783,68.41132,64.799675,62.662285,56.762634,59.335697,56.60363,64.380936
67.8045,73.252884,77.26058,71.7455,63.351006,68.06749,54.57807,74.90885
56.51796,55.736374,76.9555,72.00563,63.603653,64.17524,57.941025,68.37101
64.53456,62.12303,69.092926,70.85262,60.425644,56.77523,60.89931,59.97098
77.03913,80.232925,72.972176,73.65609,61.931812,63.317497,53.428036,70.44133
65.211365,64.11924,62.31539,65.65535,55.070652,54.049988,56.492424,59.12676
69.9233,69.24171,69.312584,66.7982,57.34428,52.663334,51.53622,66.28444
69.08443,70.52717,72.89562,76.09356,65.76621,63.940525,61.91066,67.38693
61.76719,62.75546,60.493885,59.321396,54.0532,57.76063,57.750298,59.413063
72.62826,69.37867,65.93531,74.250565,58.89278,54.25008,54.66727,59.61078
61.39102,61.74539,61.92631,59.329624,54.58909,60.81912,54.98615,60.223568
63.886356,63.79241,61.74668,61.094795,54.99774,60.379852,54.769485,60.0328
66.80346,67.33823,69.554405,71.85166,62.55153,62.210583,60.564762,64.32291
71.213715,75.02866,70.40197,70.68262,61.940617,61.516125,59.61453,68.92955
75.304306,77.895874,72.52714,76.24283,66.223,65.47149,59.272003,69.56137
63.860588,63.400887,64.30428,63.539566,55.681675,55.56388,59.563328,59.213192
62.30675,62.944557,61.093147,59.002422,53.371464,57.775505,55.70944,59.301258
69.85132,71.143036,65.74393,65.75553,58.42423,59.988235,55.6405,64.207504
65.66969,62.37105,64.352615,64.72791,55.897163,52.67798,56.013973,56.633007
62.625607,63.37236,60.121067,60.110474,53.696587,56.16649,57.19939,58.96564
62.75369,63.277966,60.855602,61.042374,53.527462,54.668118,57.600086,58.70865
65.142746,61.0672,66.25981,66.36125,57.044548,53.020267,56.884377,56.91345
69.12459,68.25815,67.72003,66.24091,56.78549,52.798706,52.14368,64.81051
81.51756,83.0688,73.63974,76.371025,65.132126,60.9191,51.883133,71.93346
61.733406,63.088768,62.09975,58.35832,53.71331,60.76616,54.171974,61.418533
64.728615,62.99389,63.45124,62.49679,54.504414,52.924175,57.704998,57.38616
74.882034,77.66468,68.54614,69.92192,61.657352,62.76087,55.68906,68.17133
79.89067,79.87021,72.31404,78.73909,63.153297,59.179092,53.764637,66.17529
64.32417,64.61496,61.90207,61.865765,54.253315,56.627422,56.394844,59.156124
63.309036,63.6842,59.923626,59.16012,53.657692,56.707478,56.2275,58.575012
67.18447,69.594185,65.76735,63.31433,56.161457,60.726303,54.5128,64.20758
73.357414,80.35975,70.837006,68.61165,62.04072,64.09916,57.680214,74.40206
64.744865,64.217674,63.429314,64.553246,57.45477,60.605385,57.770313,59.69164
63.349457,63.727768,59.789604,59.07836,53.702057,56.851894,56.18387,58.581573
63.879078,62.76816,66.0131,66.7897,59.02245,62.727577,57.857227,60.681744
67.2366,66.50287,61.943657,64.28834,56.05683,57.03018,55.4681,59.600838
70.97623,68.90183,63.293285,66.605,55.471176,50.384384,56.626297,56.002457
65.13608,64.18748,61.144184,60.854424,53.4441,53.014153,56.09562,57.122578
65.00424,64.4387,63.619434,66.39294,55.19098,50.945847,59.307133,59.27242
62.921844,57.5234,70.34865,70.184074,60.013752,55.645775,56.969666,58.459293
59.71525,60.62478,64.19463,60.339714,55.69246,62.968533,55.120117,62.243576
77.35811,77.917496,69.590355,72.369675,62.292595,60.659687,53.26299,66.91558
73.223366,78.48379,69.23544,68.44399,61.456554,63.61053,57.13659,71.224655
65.689606,60.46896,72.8604,72.45255,60.55192,52.087097,57.04722,59.53067
69.452576,68.27089,65.2882,66.38594,56.908566,54.731224,53.305824,62.25178
65.07694,66.0222,63.608772,62.473713,56.18092,58.65112,57.617134,61.39888
70.233444,69.908844,63.07953,68.37272,56.2797,51.42785,59.58108,57.47025
77.44842,75.955124,70.176414,77.249054,61.745667,58.479725,53.052513,63.748825
68.163506,66.645966,62.671215,66.41694,56.16223,54.800926,54.464203,59.900833
73.94058,75.96361,69.48253,70.8805,59.673656,60.580223,54.589348,66.19001
67.759796,70.059715,66.852936,66.504364,58.994335,60.18111,58.572514,64.89457
62.708557,63.015537,61.62936,62.466667,54.34673,54.43521,58.629555,59.23205
78.85892,85.946556,74.02807,73.40134,65.686844,66.80383,57.435955,78.21041
72.65116,72.17929,67.46391,68.43094,59.245872,57.882576,53.345425,64.194695
66.15991,66.92235,65.63039,63.09182,56.20269,56.480007,54.882736,63.946445
69.73679,70.98951,68.10616,67.86463,58.235687,62.6136,52.05179,66.16399
79.93068,83.3151,73.47108,74.766754,64.78055,62.366684,53.727566,73.77945
66.42931,63.63307,63.289482,63.234417,54.49436,51.626278,55.373947,56.263584
66.2535,67.82722,66.14282,63.167763,56.443085,56.792885,55.12818,65.12416
71.44777,72.00073,66.65103,67.22754,58.9877,59.23284,54.61504,64.36971
63.07137,63.58075,61.47708,60.569088,53.75908,56.937553,56.270947,59.26395
78.21272,74.85691,68.1845,73.80307,61.15921,55.88749,50.260864,61.873947
64.436874,65.32969,63.796043,61.446125,55.550117,57.72583,56.055527,62.299995
70.225235,71.794136,65.30286,66.22407,59.061646,61.662315,56.569748,63.82001
66.72686,66.21801,61.929108,63.701862,55.989033,57.56019,55.77167,59.67195
65.76974,64.22034,68.438705,71.80885,62.11442,61.647392,60.557278,61.19301
67.2116,66.618095,63.93973,64.471504,55.972897,55.19266,54.394104,61.638332
66.24992,67.67067,68.56492,69.42647,60.914825,61.10827,60.092587,64.68051
70.830894,69.38645,64.7257,66.959625,57.96169,57.668217,54.00418,60.944897
64.12622,62.822716,64.0518,64.93663,57.68165,59.60599,57.523006,59.31989
64.91747,64.830956,61.91845,63.451035,54.530483,54.902256,57.077484,58.846123
67.45353,69.798645,67.706635,64.92138,57.322605,63.927197,51.7446,67.1154
77.999054,74.54057,69.48537,74.343994,60.41252,51.68843,48.647728,63.713223
62.55272,63.35834,61.65189,59.755222,54.72745,58.644604,57.143383,60.261368
71.1029,74.82489,71.10927,68.00488,59.540474,66.128204,50.94431,70.92313
65.32014,65.31279,62.40261,61.668842,54.3274,56.750202,55.537804,59.046143
57.13129,56.530785,82.42151,77.11178,66.958374,63.441544,58.95586,72.18259
64.762985,65.05476,70.55551,72.70242,62.994373,61.735935,61.95287,64.32169
66.01543,65.732895,63.712086,63.61993,55.37491,54.55779,54.561226,61.859257
61.970837,60.422604,66.27241,64.027466,56.766502,58.622597,55.68287,60.313667
66.420265,70.69891,65.72755,62.85464,57.468407,60.672207,57.478165,66.90915
65.15054,64.96512,68.288895,69.633835,60.168163,58.83186,61.13258,62.05879
65.04387,67.35843,64.53453,61.42186,55.235146,60.800804,54.56593,63.447254
63.592785,65.45467,63.010292,60.556335,55.49794,59.17207,57.17787,62.340538
67.0449,69.211655,66.816376,64.30153,56.81995,62.82086,52.620487,65.891174
62.375336,62.892162,63.55361,62.9982,54.647892,53.545673,59.64597,60.117947
64.44351,67.65768,67.26264,63.6659,56.545956,56.02735,59.15257,65.7772
64.588486,65.31967,63.678467,62.46182,55.96575,58.00135,58.01186,60.9959
63.730366,65.685005,67.72706,63.517334,56.88984,61.33941,54.814465,65.00165
61.759705,62.176353,62.597816,61.884712,54.09424,53.54516,60.413353,58.589085
68.08888,65.39296,64.60334,69.33475,57.596786,57.213707,55.252182,59.70285
61.87405,62.946026,60.404182,59.673275,53.761612,56.356728,58.267117,59.051098
63.43284,61.49475,66.38511,67.73318,59.464954,59.694195,58.730625,59.888798
71.96808,68.77672,64.456474,71.737274,57.022076,49.872036,51.671757,60.7166
65.15754,64.08317,63.033367,63.786602,55.832012,59.999424,54.279476,60.18874
66.28937,66.91147,64.59289,62.985603,56.363018,57.819336,55.516106,62.745667
67.0561,65.25423,63.32698,67.97098,56.078102,54.4473,55.684883,59.40976
68.20385,66.91494,64.01159,67.07857,56.394196,57.218052,54.763443,59.722214
66.85654,64.87055,67.412834,70.50464,61.12778,62.216496,59.17434,60.356598
64.39604,66.48574,65.35564,62.09922,55.90081,57.057796,56.917908,64.31137
72.315384,75.76087,81.56357,78.20153,67.00412,65.76826,55.057312,75.66977
65.79355,64.695595,62.264072,65.06918,55.95982,57.12022,56.092907,59.417133
67.570206,65.65385,63.345654,68.79908,56.25431,53.39936,56.23292,59.15215
63.345688,63.33134,61.212063,62.53257,53.943813,54.16529,57.38004,58.79485
64.368515,62.644707,63.269745,61.967415,54.57393,55.34388,55.07576,57.911957
66.688034,64.12856,68.73592,71.971146,61.990845,63.364845,59.25591,60.646748
67.77863,66.91182,77.81856,82.26657,68.65675,59.6642,67.91161,65.96638
81.11735,86.11759,73.166534,75.38712,66.559784,67.36675,56.42289,75.428375
62.491028,60.20528,68.016624,69.41088,60.53857,59.472202,59.496254,60.415386
61.868637,57.96658,69.71581,70.33318,61.40589,61.244167,58.27464,60.16763
64.54202,60.393356,66.47583,66.8774,57.690887,54.029976,56.783752,57.23146
63.85463,58.134506,70.413864,72.24055,61.348755,55.05174,58.41462,57.99213
73.36937,74.12227,68.892815,71.435196,59.545635,60.365192,53.61592,65.13285
69.51861,68.77868,64.32225,67.589745,56.70254,56.5867,55.78339,59.579266
62.618534,62.95011,61.203068,60.388203,53.96971,55.555187,58.08718,58.641834
66.94847,71.18397,65.8865,63.27535,57.731937,60.86253,57.417786,67.01568
75.398026,73.93569,67.67313,72.129425,61.85676,60.9277,54.417545,62.422447
62.05238,61.59202,63.059,61.70218,55.985535,60.475014,55.930035,59.947414
62.516624,63.250214,60.094135,59.57115,53.84777,57.757412,56.31453,59.385345
68.68469,65.20142,65.3279,66.16823,55.967216,51.63,55.053364,56.46324
73.99037,76.45877,74.1802,78.09736,67.552986,65.69079,60.950882,70.01639
65.41845,70.57683,66.43316,62.47973,57.231636,59.98391,58.17142,68.03003
64.01486,63.292908,66.69695,67.64173,58.81813,58.31154,60.480263,60.596794
63.848392,62.308777,63.63684,62.84529,55.845497,56.503624,57.06931,58.553642
67.14623,65.69333,63.81093,66.54245,56.12438,57.570137,54.22804,60.012318
64.61121,63.014305,63.336338,64.88256,55.405342,58.231033,53.61822,60.40873
72.166885,75.27176,70.785614,68.288994,59.761864,57.35125,53.797047,70.82447
71.953156,69.33417,63.956112,69.85113,56.771076,50.62635,51.67068,60.726833
63.041393,62.351395,61.817913,60.840916,55.203594,58.063255,56.16591,58.906437
82.23031,83.88493,73.43291,76.90889,65.76635,62.320118,52.344658,71.802475
64.42883,62.41612,65.79987,67.527275,59.281548,59.99301,58.40732,59.465504
63.956135,63.504116,61.20115,63.86399,54.39847,53.61324,57.38957,58.80648
73.36088,77.75124,69.03517,69.211205,61.74072,63.62679,57.18014,69.95685
65.8969,64.85451,61.85553,65.74466,54.731415,51.289894,56.399788,59.175236
71.14328,70.56911,64.660866,67.31765,56.57149,54.55162,56.31026,58.887672
72.35388,72.39188,66.89394,68.02642,59.31673,59.046818,54.134727,64.07872
74.42859,72.065025,67.05397,70.270294,59.466534,56.354828,51.929344,62.096386
65.46605,61.564564,67.0488,67.45541,57.573063,52.969204,57.852943,57.27806
80.76695,81.40469,71.25452,75.436874,64.488625,62.032272,52.619408,68.43773
68.77669,65.64345,64.779526,70.50689,57.329548,54.575073,54.28222,59.979584
64.76055,64.13815,65.91436,67.32417,59.284378,60.510796,59.09183,60.926723
71.491714,74.996414,67.47834,67.03901,59.937202,61.89648,56.46996,67.854416
61.660034,57.06247,72.09298,73.10551,63.375538,62.975414,59.18505,60.893906
78.89002,81.42844,70.4008,73.466965,64.04884,64.12844,54.920143,69.729004
66.14124,68.55592,64.25097,62.583344,56.893585,60.20032,57.04742,63.884956
62.46165,64.12583,62.707962,59.151054,53.960133,60.20965,54.6134,61.787594
72.31261,72.06546,66.53971,67.238205,57.0371,55.577858,54.254677,61.02692
64.04742,59.74935,67.71032,67.3977,57.830124,54.53306,56.230145,57.72541
63.051777,63.78178,60.382027,59.275925,54.368412,59.740566,55.864704,59.61324
66.95825,70.02118,65.25488,63.49714,57.508976,60.350132,57.382965,65.183624
64.004745,64.615,64.22993,61.707466,55.20441,56.09202,56.057537,62.318623
65.25566,64.68389,68.50578,70.92263,61.692642,61.5004,60.56258,62.351078
77.40379,78.95128,72.41112,77.42647,66.823395,65.6737,58.280354,68.50503
64.22695,65.08799,71.99657,68.20074,59.67478,60.740135,55.638348,66.27989
66.072426,67.53886,65.625404,65.19126,58.08347,59.79931,58.371597,63.17991
66.30214,67.03849,63.69093,63.42213,55.39805,58.43792,55.418938,60.93622
63.51915,65.116,64.648415,62.361813,55.766922,56.95886,59.05422,62.154205
59.351295,65.084526,72.437294,64.48495,59.4822,68.28833,55.159813,72.023895
64.55875,62.95799,69.98525,73.47476,63.26992,61.871822,61.9025,61.892986
62.258293,63.384098,62.311436,59.297604,53.834618,59.816856,54.565777,61.118828
60.01212,61.6489,75.1379,69.52641,61.511868,63.4946,56.636246,69.24218
71.638145,76.529274,71.590836,67.57857,59.693684,65.826675,52.573883,71.48434
69.40254,67.08813,64.12114,68.656006,57.43439,56.184948,54.46258,59.92116
73.67724,69.50413,66.17407,74.57813,58.42633,50.44266,51.214867,60.869015
69.752945,72.606125,65.85681,65.50248,58.88092,61.65579,56.786263,65.69494
67.754845,71.587746,65.876,63.91123,58.057045,61.086853,57.23876,66.6404
69.20032,71.52058,77.06112,73.64704,63.41704,63.15689,55.17962,71.19176
78.01433,82.01486,73.27369,76.33077,66.74127,66.4719,58.312862,72.65142
63.95892,63.428986,61.417397,60.687447,54.00064,54.820324,57.00643,57.98646
65.889114,63.03585,63.557446,63.6986,55.15905,52.52642,55.717842,56.5898
75.267746,74.4186,68.823875,73.48235,63.077545,62.087395,55.758522,63.578884
66.21686,68.41472,65.24634,62.788177,55.848755,60.926582,54.36194,63.89161
63.50456,60.05645,70.194534,73.34125,63.129486,60.528934,60.406624,60.446762
80.76511,86.613365,73.9002,75.09266,66.61728,67.446556,56.81856,77.07096
66.68287,63.95569,65.10961,67.95623,56.84166,58.897762,53.051968,60.60176
69.7317,72.31978,67.14809,65.991714,57.435757,60.72797,54.888416,65.0792
65.85799,65.773674,71.39936,68.6693,59.423935,58.87088,55.51548,64.72371
73.17434,71.33793,69.36792,69.39619,58.832825,53.855324,50.882645,64.98782
63.094437,59.755165,67.46348,66.421616,57.669468,56.2996,56.100708,58.84446
62.475456,64.068405,63.270454,60.258926,54.9574,57.758003,57.569687,62.015266
63.78172,60.106808,78.90421,84.9996,72.20403,64.99733,68.357445,64.85908
66.84261,65.14592,63.82035,66.76477,56.13671,57.542564,53.927822,60.165596
72.38937,75.885544,70.20029,71.53859,63.050747,63.792877,58.531143,69.09112
84.63297,88.7096,78.57578,83.56291,72.876114,70.62945,58.95741,78.03318
65.245094,67.3349,64.7912,61.935036,55.451214,61.080826,54.139454,63.670815
64.32757,59.320366,74.86497,78.625015,65.75718,57.04564,63.370186,60.673492
64.09243,63.209663,61.312836,60.68384,54.544346,56.402004,55.603046,58.159786
67.30083,67.62468,63.77465,63.43547,55.2792,57.028378,55.37063,60.16351
77.25283,72.74997,68.387886,76.09286,61.105694,54.774845,50.70346,61.069458
73.1872,77.3713,68.295494,68.38139,61.138283,63.34168,56.814117,69.28132
63.051044,62.09919,62.608902,61.878906,55.87241,58.42939,56.565052,59.04951
69.59238,69.60478,64.9211,66.59742,58.859955,60.803497,56.368702,61.77224
58.94164,61.286354,65.46694,60.07931,55.839516,64.04518,55.02582,64.51827
62.28425,63.3882,59.501965,58.8832,53.682373,57.476616,56.996357,59.14637
65.697174,64.31781,61.316925,61.198837,53.658062,52.583538,56.033962,56.80807
64.38284,63.82518,63.668896,63.996685,57.097042,61.46344,56.57142,60.149025
86.36684,88.79993,77.714165,81.11263,69.20838,63.37953,51.100594,77.28914
62.715996,61.22389,65.32794,65.61388,58.18219,59.11712,58.143,59.84052
66.56133,63.55112,70.29355,73.83801,63.357216,64.19519,60.14828,60.981876
69.497,69.51028,65.677444,64.77753,56.10168,56.688816,54.03145,61.18391
62.29386,65.59525,76.40344,70.58096,62.48314,65.58134,56.05099,71.807304
78.121,74.74854,67.947655,78.88707,61.29196,52.775936,55.748177,58.8288
63.23536,62.997555,62.121845,61.638596,54.247654,58.147068,54.736595,59.943737
68.91446,72.36694,69.82275,66.04122,58.478886,66.01426,50.73014,69.96915
65.314255,64.676605,62.25605,63.248108,55.854862,59.57771,55.486393,59.71592
75.60596,80.34972,73.24286,74.99992,65.877686,65.700294,59.081554,73.03781
65.15277,66.37772,63.573235,62.281483,56.229637,59.028496,57.403343,61.820156
79.83032,82.627014,77.82518,77.12257,64.70718,62.549793,52.72147,72.93824
73.412254,71.04156,66.05719,73.046684,58.829815,55.61477,55.013935,59.378113
67.512924,66.78066,71.52407,75.63935,64.99776,63.13073,61.89568,63.909267
64.7884,63.959675,63.833637,64.67679,57.539738,59.849255,57.849277,59.63583
61.99963,51.530277,83.542206,87.6683,75.104225,66.90514,65.68978,63.103146
62.854176,63.156067,60.927654,62.13063,54.148544,54.56431,58.281826,58.89119
65.259964,64.174934,61.40748,61.03639,53.39175,52.690525,56.013912,57.02244
58.649166,55.644547,71.528755,69.33928,61.338955,62.74612,57.21853,62.66678
70.6452,71.74504,74.366974,78.61483,67.61381,64.90442,62.516243,67.926956
65.12665,63.75311,62.417294,66.08438,55.177994,54.037987,56.174995,59.27972
74.43825,73.258934,66.10554,70.07279,57.697712,52.840187,56.04223,58.639603
75.60358,79.38809,69.73191,71.39744,63.121998,64.54003,56.93533,69.96535
66.741646,70.25709,65.27255,63.09077,57.45486,60.639877,57.256977,65.80561
65.85079,65.26578,62.318687,63.312798,56.228985,60.186863,55.810154,59.596313
63.209183,63.870644,60.465324,60.310406,54.6806,58.551376,57.15435,59.372364
60.8397,63.534992,68.63454,62.89305,57.39459,65.92567,53.53389,67.60339
63.10611,65.65016,63.454254,60.312843,55.43147,58.990513,57.507652,63.268616
64.93501,66.82243,63.465645,61.613632,56.16805,59.658916,57.045956,62.729485
70.98389,69.943665,64.31298,69.29714,57.118668,54.568695,56.99661,58.598667
66.925804,66.32459,66.9276,67.63791,57.524956,54.492313,61.09435,59.912544
65.200775,63.252407,63.240753,62.27864,54.493355,53.15845,56.98542,57.244694
65.55455,64.663635,70.679794,73.13355,61.978745,58.110504,63.1624,62.11
66.63244,68.820335,66.317665,63.40211,56.825726,57.58319,55.508823,65.77593
62.996452,63.60604,62.886475,60.654408,54.366512,60.178818,53.84852,61.463314
69.52541,70.1474,65.55631,65.07842,56.291534,57.433556,54.6207,61.68408
63.909103,62.274258,63.06532,62.18268,55.18272,56.205875,55.53896,58.175133
72.64357,75.71317,67.41584,68.27461,60.778767,62.952763,56.72297,67.21193
61.77028,59.076656,67.21187,65.685036,57.833534,58.630985,56.06182,59.731857
66.22531,67.907074,70.75589,67.23855,58.966835,61.158855,54.89056,66.452484
68.32846,68.1892,66.45906,64.957375,57.003384,56.049126,53.86629,63.87617
67.016884,73.76345,68.46159,64.06253,58.5113,60.652817,58.763866,71.081345
72.36649,73.96137,74.39877,78.701324,67.8007,65.35958,61.870872,68.75963
63.152885,63.470123,61.31006,61.397522,53.794636,55.546494,56.89602,58.997692
72.72583,72.15295,65.94007,70.71853,58.193665,56.01955,56.282444,60.245037
62.126015,57.943714,69.4852,68.59452,59.387905,57.314724,56.675304,59.40944
68.55253,64.98084,66.21789,70.71671,58.07098,58.47188,53.35133,60.445744
67.548225,67.14397,63.983727,63.98062,56.751354,58.189686,55.245537,61.20389
64.92595,63.45505,67.36203,68.440186,58.757145,56.435593,60.5518,59.84543
70.448,73.38324,67.99379,66.50325,57.895176,61.368404,54.539936,66.11739
70.95568,69.091286,63.78353,67.78375,57.5998,56.29583,53.80954,60.109444
63.972504,60.421543,73.712585,78.528854,66.84448,62.420242,63.566143,62.083595
68.10106,66.8828,63.032722,68.1938,56.047207,52.600437,57.5657,58.515854
70.43672,69.38453,63.693504,68.2572,56.100357,49.8175,59.7272,56.61555
66.411804,72.21711,67.63413,63.464855,57.896526,60.032993,58.227505,69.61831
63.525795,62.70823,62.31789,60.572147,54.25728,57.100666,54.97185,58.638676
60.861595,61.896103,62.315865,61.33056,54.23974,55.156326,60.514893,59.389103
66.55729,67.59873,63.955845,62.927605,55.313675,58.30413,55.348904,61.217327
71.41657,73.52411,81.28424,78.3725,66.774734,63.682938,55.59973,73.85481
82.239395,84.56741,72.60863,76.65875,66.20621,64.754845,53.83468,71.740135
67.33569,69.27029,70.7875,72.44016,63.24293,62.71733,60.929226,66.684265
63.29051,63.66324,61.437107,60.34054,54.975555,58.84269,57.017,59.666664
62.752956,63.511414,61.571686,60.504784,54.50126,57.13624,56.933296,60.41671
66.87903,67.6378,63.544376,63.627197,55.39109,57.562386,56.091656,60.36041
65.07416,64.37957,67.4752,69.59577,60.77226,61.11158,59.987175,61.660297
67.73574,66.318054,64.23738,66.47043,55.3882,49.903534,59.858215,56.780712
67.8722,69.4532,64.37003,64.14943,57.717514,60.727493,56.752472,63.108974
78.229485,83.67707,72.27276,72.84913,64.62071,65.48541,56.529583,74.700066
66.81732,66.39296,68.442375,66.51933,57.62255,57.404686,55.00677,62.422146
64.33214,64.439095,62.148506,61.963917,54.39326,57.40401,55.72478,59.451843
63.965195,63.9438,60.61556,62.25911,54.389763,55.30492,56.46032,59.351223
62.588818,62.73826,61.068863,59.20639,54.190342,59.06458,55.137318,59.389923
65.84458,65.113464,62.596172,64.92972,54.94566,52.445305,55.79727,60.205006
65.122826,65.266106,72.964035,69.74739,60.39744,59.775208,55.82091,66.02084
63.98341,61.452274,66.85236,68.66212,60.033215,59.987694,58.58186,59.568817
74.98802,78.171844,71.27005,71.33979,60.558327,62.475975,54.047573,68.88288
72.368095,77.95145,69.13042,67.73708,61.04594,63.32084,57.30617,71.39239
68.15604,64.776955,70.00063,73.801025,62.919384,64.14853,58.48016,60.893284
76.58839,79.89708,75.00619,78.938484,68.462006,66.700966,60.355633,72.11414
70.3147,68.17199,63.980686,68.382545,57.485336,55.876453,53.9721,60.06333
63.6556,63.43245,61.163635,63.18881,54.176285,53.878307,57.41412,58.79082
61.492496,62.531136,61.937584,58.393063,53.972523,61.48061,54.04792,61.16098
69.84691,70.37213,66.69563,67.88656,57.693024,60.16751,53.656982,63.61714
61.37567,59.441864,65.5001,63.985825,57.18871,59.78874,55.93209,59.759636
69.65343,68.9483,72.73023,77.72663,66.56997,64.12006,62.0605,64.73439
68.666824,68.739334,66.06968,67.1067,57.222824,60.32257,53.178078,63.157368
73.4731,71.63523,66.62009,72.80108,58.999397,56.629734,54.647243,60.43533
62.44077,60.18819,64.63359,64.34002,57.366436,58.253525,56.52749,58.929752
63.686146,66.3524,64.380264,61.43174,55.871796,58.47137,58.15999,63.69259
66.41066,64.453186,62.82509,67.2575,55.693214,53.78145,54.87923,59.778385
75.84911,72.39992,66.89288,73.05466,60.33236,56.55164,51.84357,60.72266
71.4386,68.45438,64.48501,70.66076,57.091652,51.40652,52.16895,60.589504
62.558437,63.40158,63.001053,59.582806,54.62684,62.59379,52.919544,62.245678
69.33019,73.52645,66.746086,65.195,58.98385,61.771923,57.183277,67.780914
74.02307,72.12478,67.211334,68.94122,57.44487,52.581,53.956284,59.120953
63.821186,63.49926,61.197567,59.457344,53.543846,56.802116,54.885883,58.51163
65.71001,60.660892,68.14173,68.864044,58.21976,51.86185,57.635857,56.65018
78.719025,85.533264,73.641075,73.2651,65.48583,66.64248,57.324715,77.53317
68.51812,70.99117,66.67359,64.972824,56.97294,61.121964,54.422592,64.96488
71.70406,70.24161,68.05646,67.95922,58.279854,55.00785,52.033512,64.0814
63.9274,64.113434,60.664547,61.620934,54.65361,56.836754,56.558395,59.44807
63.28993,63.430416,60.373913,61.496754,54.31831,56.601368,56.47941,59.301174
70.30099,71.5606,67.82801,69.97603,61.45508,62.522793,58.20744,64.67689
64.02153,63.931213,61.793995,61.10492,55.096584,60.59635,54.79994,60.02386
59.803154,62.342346,65.34838,59.804745,55.265636,62.607693,54.984562,64.395836
62.407333,63.234936,60.32913,59.072018,53.456177,57.090614,56.542343,59.039177
63.04934,61.02613,67.20181,68.68277,60.093468,59.797436,59.22349,60.232265
66.896935,65.925964,65.342995,67.59068,59.394604,60.890537,58.17437,60.353546
82.77634,88.816925,77.1166,77.29766,68.056526,66.377625,55.510475,80.70496
64.23498,60.796947,65.98041,65.49507,56.681667,54.741745,55.868004,57.62826
80.140945,84.319984,73.19923,76.41055,66.96073,67.10995,57.230545,73.612915
61.059525,62.093903,61.925537,61.08146,54.044777,54.94582,60.30194,59.119534
73.87964,75.708,70.01308,73.39002,63.968105,64.22962,58.276592,66.98867
70.45668,71.0487,67.70956,70.5033,61.66771,62.555008,58.2258,63.77535
63.989376,64.57566,63.285965,61.30776,55.09901,56.843025,55.898983,61.76889
70.95684,72.859665,69.367584,67.38844,58.393867,60.1772,53.73785,65.88905
68.99423,65.42782,63.826912,65.02557,54.92819,49.686234,55.177467,55.292313
64.44328,64.68529,61.61628,61.717438,55.16296,57.65701,56.45715,60.04447
62.81386,63.47828,60.12196,59.67877,54.12616,58.40792,56.15669,59.47454
66.66872,66.79867,61.986065,64.76634,54.893726,52.98357,58.694805,58.037514
71.29141,70.21984,71.20904,72.64448,60.45774,64.4791,49.69145,67.38692
66.77615,65.985565,62.39126,66.57584,55.370396,52.607758,57.8793,58.430183
60.3764,57.557423,70.052055,69.22444,61.02084,63.590687,57.671577,61.63832
75.65431,76.5041,69.31836,73.25597,60.269463,58.56693,55.270035,64.41391
69.97287,68.87043,66.002815,66.384766,57.53406,56.192894,53.440475,62.56844
63.819164,65.73257,63.61816,60.100723,54.5075,60.29126,54.477787,62.502625
63.003384,63.337547,60.41109,58.59531,53.693306,58.543224,55.021538,59.159245
71.17891,67.40718,66.661736,72.57415,59.57273,58.428043,54.5589,59.928043
66.24255,70.74735,81.684425,76.351074,66.69448,68.13869,55.999756,76.610435
69.12654,68.730255,64.3442,66.97861,56.554394,56.965256,55.742924,59.965427
62.125854,62.94843,60.660034,58.52535,53.50917,58.773434,55.508537,59.56337
65.27139,62.76195,64.50827,63.88101,55.608654,53.686947,57.175247,57.464855
66.968605,63.560898,73.03053,76.19252,62.767525,53.688545,64.022354,59.958214
62.85531,62.552017,62.422806,61.123997,54.311256,59.789085,53.562458,60.581005
69.00851,69.92639,65.190445,66.3214,58.970303,61.323963,57.037823,62.79269
86.05395,91.82606,78.11798,80.21939,71.090996,70.83793,56.72694,82.37472
69.97807,68.199005,64.04168,67.61029,56.387146,52.34493,52.73147,61.249805
74.59831,77.69988,72.346,71.75215,61.086273,64.90128,51.69616,70.79744
62.15384,62.95844,60.80622,59.206253,53.477448,57.73015,56.108265,59.407528
65.26357,66.65496,66.48392,63.290447,56.104225,55.4629,56.27063,64.58251
60.300243,62.449966,83.78487,78.21637,68.21705,66.68917,58.10141,75.76241
69.58769,66.97388,65.610275,69.02226,58.880943,61.414032,54.787724,59.948685
70.222984,68.569786,63.769543,70.64239,56.978912,51.57891,57.912064,58.269047
68.26901,71.39146,65.52266,64.30625,58.157307,61.138405,57.006924,65.65798
65.15026,65.4485,62.23311,62.015976,54.47176,57.047176,56.183094,59.115685
67.46919,66.78763,63.393166,65.63532,55.8044,56.78314,55.636208,59.361153
64.17827,62.709923,66.19604,65.998856,58.274555,63.71785,55.23119,61.207245
56.33421,52.85353,77.907196,74.971436,65.75934,64.99235,58.909588,66.651054
63.493835,63.46404,60.847343,59.230446,53.57616,57.15169,55.187912,58.687294
63.85873,62.483,69.41273,72.341934,62.515205,61.489254,61.68982,61.808838
68.24897,66.16321,65.7816,68.600586,57.416527,60.33145,51.61575,62.056614
71.081696,71.893715,67.33762,70.006065,61.38526,62.594475,57.734863,63.934772
64.39329,63.795662,60.726154,59.88033,53.982407,56.029015,55.710876,58.055008
70.35251,69.36688,66.83367,66.63604,57.821815,56.185978,53.16355,63.345837
67.151764,64.36628,64.6598,68.93779,56.987495,56.913204,54.342182,60.060192
60.775356,61.579514,63.322704,62.10596,54.396988,54.126675,61.36502,59.306026
65.41546,65.022255,63.29175,64.254395,55.066032,53.205734,55.93162,60.885315
62.70204,61.258125,70.029274,72.668526,62.76462,61.269497,62.145275,62.069546
78.6381,80.02888,72.938194,76.705345,62.78464,61.696953,53.037434,68.68325
76.498085,79.05342,69.16428,71.32997,62.554676,63.248043,55.339844,68.53154
70.21523,73.67887,67.487404,66.09981,59.153885,60.654087,56.20643,67.862946
67.148735,67.214455,62.291103,65.018524,55.124783,53.584435,58.342976,58.169777
79.451836,81.59617,72.56555,77.31505,66.872696,65.904625,56.98781,70.038055
77.06075,73.88938,68.48405,73.153404,60.246586,53.69273,49.867554,62.85573
66.812065,70.78617,76.65089,71.707565,62.908165,65.870476,55.095802,72.796455
61.31153,59.08659,66.06458,64.55123,57.477127,59.724598,55.971207,59.7525
70.00802,69.62268,64.38686,66.07988,56.13412,55.21835,55.920322,59.21417
65.79457,65.60319,61.664932,62.710327,54.12923,53.204582,57.562153,57.674553
64.0801,63.890068,61.748756,63.028008,54.31774,55.118515,56.717133,59.049397
64.10852,59.465897,67.59116,67.948494,58.373684,54.44711,56.673534,57.419174
84.34115,85.3635,74.39262,78.97982,67.06087,62.493633,51.28244,71.94643
63.813133,60.49209,69.06508,71.797455,62.082542,60.384987,59.591156,59.978836
71.064735,69.08953,63.84418,68.085,57.53678,55.711674,53.588688,60.174007
67.47999,65.72638,63.772427,66.727066,57.2853,59.30142,55.518715,59.658997
73.3146,70.79537,67.921745,70.77957,57.680702,49.325157,49.81128,64.12714
65.53728,64.08995,63.623363,62.404762,54.66237,55.15626,54.819443,58.316822
63.01492,63.35743,60.61712,59.123184,53.533142,57.226974,55.72366,58.866627
65.951065,66.67203,67.47838,65.18871,57.117325,63.95823,51.088715,65.9991
68.699524,66.48192,64.50601,69.17216,57.00342,56.647556,54.0815,60.026318
66.80384,67.98022,65.21784,64.20595,56.170643,60.48386,53.94655,63.20691
80.47446,85.014946,73.613464,75.039345,65.73989,64.95488,55.19885,75.238594
70.68626,68.39066,64.073006,68.9702,56.002808,49.273502,51.562984,61.43583
62.60844,63.589478,61.883587,59.952766,54.6864,58.13851,56.9948,60.7399
69.07877,68.21971,65.438095,65.57641,57.182747,56.52716,53.937004,62.280075
59.583767,58.401234,68.48162,66.02081,59.17296,63.441807,56.638294,62.512875
71.102104,72.81567,66.79259,68.388824,60.511196,62.381107,57.18018,64.8489
66.993355,67.373116,75.029305,79.0325,67.77561,64.23524,64.23085,67.11204
63.121117,63.091766,62.294304,64.39315,54.422127,51.920765,60.07948,58.544994
64.93784,63.339382,62.824398,62.052353,54.291344,53.05288,57.194798,57.297333
62.855385,61.508167,65.29101,65.476036,57.984226,58.796215,58.31639,59.857758
63.54379,63.78749,60.23761,59.95161,53.459938,54.732765,57.05952,58.05661
63.100857,62.938534,61.512627,61.51103,54.27278,57.868393,55.109478,59.833992
78.287964,85.53628,82.409195,77.64331,67.791245,74.06632,50.922947,82.60491
74.97042,82.022354,80.0137,74.40489,65.5337,73.47276,49.864525,80.70365
59.026176,61.721725,66.16135,60.332848,55.887436,63.615055,55.16158,65.1215
69.61451,72.98384,67.9928,65.776596,58.699425,59.29606,55.665215,68.31106
66.98359,66.72139,66.467606,64.39125,56.04822,53.78255,53.586452,64.0307
63.155155,63.06042,60.849293,59.49331,54.418056,58.14853,56.07742,58.98512
61.64,62.490253,64.53944,62.800743,54.73906,53.485645,60.626507,60.555046
72.06919,76.172615,88.35727,84.79402,73.16818,69.35914,56.562893,81.472786
75.883865,76.911644,68.2283,71.48431,62.23505,62.66202,55.23143,65.77505
62.72819,63.041687,61.07573,58.66819,53.546448,58.74212,54.717308,59.366478
71.9057,73.21944,66.475044,67.43888,59.54204,60.817867,55.415928,64.827286
62.414124,62.966846,61.10838,60.030716,53.5809,57.074577,56.192104,59.345955
63.061478,65.94969,65.44972,60.168213,55.265312,63.623325,52.628773,65.7745
72.241035,75.430695,69.85947,71.355896,62.850876,63.65026,58.431023,68.48788
65.40068,67.90548,65.79011,62.42091,56.342148,57.668697,56.086826,65.50604
61.077682,60.452217,67.580605,64.27096,57.252903,59.792374,55.809845,62.153942
73.657,76.442986,71.85468,69.93058,60.138668,61.76457,53.271675,68.68177
65.86646,68.49538,64.83362,62.4792,56.73665,59.459515,56.7717,64.67156
62.787712,63.41123,60.76169,59.075863,54.27567,60.43894,55.061634,59.9413
64.58128,66.53286,64.0248,60.825245,54.84205,60.25361,54.517586,62.735176
68.15787,72.98438,71.42473,65.76126,59.131004,67.88096,50.76416,72.245476
65.09913,68.12269,78.03531,73.10057,63.8477,65.17505,55.917202,72.58225
65.39423,66.03485,67.21674,64.69535,56.86136,63.796364,51.31429,65.651505
64.14522,63.779324,63.118385,63.00109,56.492413,61.34602,56.053986,60.14289
71.5412,71.72202,69.86262,69.05712,58.818317,57.400566,54.200798,63.8519
73.665184,76.94169,70.860344,72.97567,64.0179,64.38731,58.5667,69.36407
62.73559,60.18537,65.8176,66.32276,58.596676,58.67458,57.422607,59.19035
62.84375,58.694355,71.98245,75.44619,64.623276,60.603447,61.11451,60.83855
62.413418,63.464462,66.29144,63.89656,55.5837,53.638943,61.510593,61.366684
73.25304,72.75217,69.45456,69.295616,59.331017,55.548244,51.918793,66.22149
63.868225,61.918236,74.45578,79.11438,67.41694,63.329144,65.12582,63.95448
83.822845,82.2455,73.01741,78.659706,65.617775,59.229343,49.206326,67.36113
71.12667,75.505196,68.019226,66.758644,59.961338,61.96588,56.763607,69.187126
66.082695,64.9615,65.762955,66.052666,56.66601,61.403667,51.906414,62.845016
68.44052,66.690926,63.976467,67.116486,57.96189,60.153557,56.036957,59.462048
61.258133,62.004463,62.55453,62.53993,54.14028,53.19423,61.12351,58.89219
79.25389,75.6569,68.34651,74.73307,61.709965,56.143986,49.938065,61.595768
67.65089,66.3238,63.84642,68.31449,55.799377,50.05814,57.31236,59.58415
67.75791,66.0992,64.232956,67.13373,56.479656,58.193993,53.686893,60.21882
74.31401,73.804726,67.12048,69.64306,60.281067,59.765167,53.743023,63.5993
74.57648,78.31801,69.6663,69.776634,61.68298,62.2667,55.697105,70.23387
73.08655,77.065575,70.05169,70.99997,62.821407,63.913143,58.060516,69.81197
75.21765,76.65565,71.72658,71.196815,60.23195,59.05494,53.348858,66.703926
66.68185,71.49235,71.9733,66.69374,59.665173,65.923294,54.123116,70.968864
62.457306,63.050415,61.312695,61.227005,53.510548,52.897995,59.532856,58.110756
68.18421,73.14144,66.89936,64.28787,58.55769,61.485054,57.490807,68.60492
65.65023,64.984924,65.7973,66.65605,55.449833,49.846493,57.736717,61.347897
69.661804,71.46594,71.25984,73.82706,64.21264,63.4961,60.543644,67.03658
57.656853,54.49425,76.78918,73.521736,64.15758,62.35517,58.2226,65.88539
71.03504,69.64824,64.71898,69.64089,57.38554,55.674206,55.927097,59.07457
60.865055,60.731083,63.461388,61.05491,55.802643,61.76337,55.421154,60.627823
78.93158,81.868546,74.05563,75.80487,63.034695,63.167286,53.437042,70.9698
66.801575,65.585075,62.634693,65.50264,56.458313,57.68441,55.887455,59.48375
63.29672,63.44645,60.851227,62.288357,53.8894,53.918552,57.760765,58.645515
62.48548,59.565456,66.655365,67.400055,59.281723,58.681423,57.667637,59.298443
62.58319,62.97037,64.41544,62.506683,55.227173,55.357445,59.80074,60.206444
67.052666,66.429535,63.687294,64.48065,55.77952,54.750996,54.36038,61.511864
74.750336,77.63975,71.15123,69.74118,59.81933,61.5743,53.056442,68.431564
62.339222,63.293987,59.96067,58.576565,53.883465,59.259827,55.841087,59.623318
68.52228,67.630104,63.35286,65.085655,56.873177,57.611732,54.96341,60.412693
76.80721,76.91685,71.109375,72.29272,61.553043,57.268055,51.607876,68.153336
62.632763,63.16412,60.763264,60.422867,53.693085,56.403095,56.682484,59.151512
62.97884,63.511944,60.13317,59.203327,53.557037,56.67833,56.41272,58.71156
65.70027,62.357925,73.45267,79.174324,67.25028,63.330822,63.9477,61.929214
74.62264,76.96184,73.093605,77.019936,66.72365,65.48632,59.984844,69.380745
66.96427,66.36326,62.48243,64.20778,56.930084,59.713673,56.56311,59.429283
65.070496,63.92417,62.498177,64.578186,55.601097,57.659485,55.198402,59.78686
69.03057,69.672676,64.54423,64.98448,57.895226,60.114677,55.871933,62.46972
65.66181,64.35152,72.03064,76.17576,65.282814,62.860287,62.877327,63.401306
73.99294,74.65243,68.58198,68.637,58.218246,57.193993,53.502434,63.617878
68.38526,69.40029,70.03679,72.546234,63.139416,62.768047,60.300533,65.29582
71.16292,74.70197,77.31145,73.76236,63.67677,64.80629,54.467113,72.90457
68.832306,67.90495,62.49075,65.498085,55.055695,51.260258,57.955235,56.818634
72.38399,71.25965,64.60199,70.76612,57.617985,53.29093,57.82563,58.1611
77.763176,79.33231,70.79259,72.78507,62.8031,60.847855,53.391075,69.16514
64.10592,62.65905,69.32647,72.36138,62.515812,61.524246,61.5784,61.694424
67.05009,69.64554,64.695946,63.31311,57.39963,60.572754,56.99858,64.4345
66.63005,65.85512,61.9461,63.674843,54.21009,50.948627,58.262295,56.817947
64.801735,65.8022,63.12627,61.825325,55.971928,59.058456,57.206463,61.360764
65.973724,58.21659,76.650795,80.54847,66.19374,52.59394,62.79316,58.52872
78.971275,82.18551,71.02272,74.30124,65.03176,65.60763,56.185593,70.73385
60.830086,61.570404,61.924732,58.75351,54.38184,61.73935,54.727764,60.67769
63.432354,64.1814,63.642937,60.43241,54.45463,58.795113,54.61328,61.16233
70.14727,73.65533,66.51749,65.84244,59.255295,61.948086,56.919884,66.926544
63.4933,62.512577,63.676918,61.56323,54.6938,56.788063,55.02372,59.117786
67.11994,67.831955,66.443214,67.605354,59.74545,61.2403,58.452957,62.979626
63.20144,63.499935,60.624146,60.295486,53.588993,54.528427,57.730377,58.15953
70.80397,68.37264,67.07126,70.95754,60.97512,61.177723,56.525146,60.378056
63.597904,64.116066,63.40059,61.927433,54.932125,55.598293,56.855698,61.35415
64.889595,64.87905,61.60822,64.50567,54.45439,51.81784,59.282387,58.08695
69.44978,70.781265,72.504486,70.04995,60.332584,60.381294,54.66514,67.058975
79.99385,76.25611,72.156975,76.24866,61.454308,50.021374,46.66798,65.75957
62.400974,59.327824,68.87934,69.587456,60.918896,61.903698,58.33572,60.41211
72.216675,74.5527,69.55886,68.16997,59.682762,58.153458,54.07341,68.90258
63.98643,64.516464,62.455795,61.219616,55.127144,57.592213,56.343204,60.932987
78.414696,77.76333,68.90052,74.01498,59.910267,52.88046,56.03552,60.622005
64.52015,58.07633,75.09474,74.57544,62.030636,51.426853,57.8703,59.79667
70.70741,71.5395,68.61812,67.290504,57.951576,58.347256,53.99009,63.997726
61.64787,62.48617,63.80406,62.401093,54.61483,54.04374,60.2616,60.262253
69.357735,69.292496,64.71169,67.03211,56.71566,57.312687,55.69888,60.525764
64.81089,64.64753,66.31313,67.47433,59.47234,60.636936,59.235867,61.675972
77.97967,81.146935,70.19699,72.606995,63.69419,64.35954,55.519913,70.19998
63.56939,62.8783,62.038498,62.744385,54.647625,57.883453,54.538704,60.06277
64.325356,61.77487,71.75469,76.10954,65.05767,62.266094,62.9129,61.861534
63.134014,63.683598,60.074074,59.847725,53.422695,54.856552,57.455677,58.227356
80.432594,83.992355,76.35645,75.45217,63.661594,63.79472,51.961613,73.394905
62.980946,63.585503,59.804092,59.12425,53.677486,56.786392,56.642056,58.704792
69.98242,71.25433,67.209984,67.536156,57.818977,60.805748,53.705223,64.60394
63.987385,62.825203,62.15998,61.20887,54.873024,56.32428,56.231678,58.249386
64.41394,64.94627,61.61176,61.79407,54.102802,55.62079,57.27629,58.759384
65.83336,67.601944,67.13149,63.82388,56.4614,55.467873,56.230682,65.47692
64.06935,63.032936,62.19529,60.79994,54.558426,56.138294,56.519455,58.28851
70.957596,71.65318,66.17868,66.745636,58.80987,59.624523,55.00375,64.04614
63.236523,62.563427,62.47604,62.007095,54.56595,59.446156,53.494072,60.49884
66.457275,67.341286,64.42862,63.041298,56.55789,58.469265,55.838512,62.776627
68.86961,66.89095,62.627823,64.22565,54.557854,51.26112,55.89089,56.259583
64.893974,64.24524,64.707,64.4292,56.117226,55.50874,59.52849,59.197937
60.86638,61.93977,64.37676,62.219822,54.61325,53.95598,61.31097,60.296524
63.49176,59.21476,67.55414,67.4937,58.302666,55.542732,56.521965,57.917233
71.572426,73.4281,67.35508,67.77727,57.928253,59.09231,55.375214,64.03175
64.34302,60.29219,73.61179,72.14057,60.9268,54.340576,57.08898,61.57782
62.503998,56.44581,74.891045,78.40801,66.90424,61.862152,61.483746,60.941418
69.76211,69.08057,63.534607,68.07837,56.428314,53.64828,57.803093,58.2983
66.449265,66.34363,62.682896,64.08021,55.133842,56.25518,56.474167,59.028877
64.190834,67.23545,64.72632,61.322754,56.018364,58.745342,57.1976,64.862656
74.198685,77.21714,72.090546,74.98396,65.38611,64.978096,59.274162,69.72537
57.196068,54.039337,74.8567,71.951706,63.420303,63.67119,57.886623,64.82419
71.73373,70.90279,64.52828,69.48448,57.31837,54.651375,57.276886,58.48873
67.54027,69.12034,66.165436,64.8748,56.713207,61.335533,53.497227,64.419495
74.9415,73.00919,67.64216,74.51609,59.89874,56.839706,54.28115,61.099434
68.944885,70.78939,66.00926,65.55031,56.861305,59.65737,55.207508,63.46997
65.52104,64.29292,61.17778,61.061035,53.628666,52.781178,56.098866,56.913082
76.926735,81.723366,74.17622,76.40153,66.96307,66.41869,59.19021,73.95599
60.906242,57.53451,68.378815,67.84958,59.873188,60.75358,57.14638,60.089653
63.518196,60.050056,73.9447,77.64306,65.563065,59.3485,63.824463,61.855335
60.655796,59.531666,64.935326,62.67963,56.64751,61.145264,55.558605,60.39735
71.63965,72.23893,66.49763,67.30874,57.26024,56.94086,55.047737,61.93424
81.672676,83.30214,73.36953,76.436516,65.32552,61.661625,52.231388,71.72963
68.329575,64.70878,65.70246,71.261116,57.685966,56.24222,53.833874,60.213356
78.11466,78.81332,69.78352,72.9913,62.831276,61.3584,53.366333,67.18939
69.24331,70.99537,64.876945,65.06868,58.33912,61.168488,56.522232,63.758427
62.430584,60.400547,64.78029,63.709335,56.669174,58.234013,55.926125,59.052532
65.85559,65.66597,62.320675,62.993366,55.6537,57.141464,55.765118,60.332924
60.976048,59.675945,65.00399,63.3282,57.101936,61.04198,55.983154,60.273785
66.039116,64.622406,63.187843,65.32139,56.316437,58.84381,55.022587,59.864002
66.68248,67.0353,67.915146,65.56974,57.257843,58.442654,54.750538,63.080006
72.5282,70.07795,64.990005,69.75485,57.515175,52.33534,51.764084,61.308163
62.87061,63.42051,60.616695,61.280624,53.543674,53.988792,58.078064,58.50478
76.34625,80.56056,69.74846,71.08089,63.05293,64.74378,56.524338,70.81036
64.56741,64.71627,61.5996,62.950176,54.269905,54.41655,57.5767,58.636875
60.787857,60.007973,67.016655,63.958202,57.225616,60.40516,55.77253,61.77795
61.285442,62.548607,62.01461,58.305885,53.883053,61.045628,54.538727,61.138718
76.17408,80.02711,71.213554,73.427055,64.55541,65.20768,57.68826,70.9207
69.084656,65.785225,66.024994,70.44065,58.445786,59.20567,54.028107,60.196297
70.83604,66.78235,66.594894,73.53193,58.828014,56.906998,52.65237,60.59868
66.962364,67.175285,62.877377,66.15161,55.330246,51.25013,60.90744,57.686604
79.463615,81.40825,75.272675,75.36981,62.915863,60.068966,52.718483,69.86352
66.8322,65.98387,61.727913,63.323975,54.114563,51.350994,57.569378,56.80345
67.79333,72.179375,69.67745,64.78055,58.161896,65.57169,52.447544,69.83511
63.55774,63.47204,64.800285,64.76144,57.576187,59.27085,58.81693,60.779224
62.39911,63.10303,60.420097,58.42759,53.615623,58.921413,55.319775,59.47526
77.99403,80.52101,74.15787,75.67367,62.99668,64.59717,51.575882,71.5507
63.20663,62.803734,64.26804,64.09104,57.06165,58.842407,58.603554,60.106544
64.67508,65.08571,63.434036,62.494987,55.963387,58.0993,57.859314,60.532032
61.8118,57.753094,68.73068,69.644615,60.787247,58.984055,57.95373,59.445484
64.77964,65.024155,63.312252,62.17317,55.228336,56.16967,55.482716,61.653564
65.4242,64.71205,62.078148,65.32212,54.91885,53.4151,57.317715,58.742096
67.06264,66.116356,74.90627,79.80988,68.149666,64.25835,64.37511,65.519394
68.5614,69.9813,68.87694,68.96544,58.821785,55.46236,61.43856,63.565838
78.02014,83.97885,77.637505,74.1331,64.24302,69.31958,51.709705,77.546555
61.956905,62.89696,61.04768,60.07758,54.277122,57.34514,57.795536,59.84916
72.43416,70.41948,65.1466,68.66181,58.382236,56.455643,53.05361,60.97123
65.71183,65.385864,62.789303,63.638203,55.06591,57.427204,55.416267,59.531773
64.82163,64.57197,61.634243,62.53506,53.805508,51.563107,58.759045,57.280876
58.772926,60.246075,67.55161,62.501698,57.221447,63.573326,55.63742,64.71748
64.00938,64.406166,64.48255,64.17278,57.45947,59.81141,58.235325,61.360626
75.33839,78.736565,72.070076,71.78015,61.012196,63.525753,53.325375,70.04661
66.326836,62.676735,68.30565,69.333664,58.34787,52.39048,59.443153,57.707638
73.72309,74.59477,70.46194,69.68481,59.960617,56.304966,52.36308,68.45284
62.712414,63.02627,60.849415,60.274185,54.050266,58.314514,55.432747,59.73503
63.74045,60.574253,69.83495,72.991005,62.88295,60.661613,60.444664,60.47663
68.91467,68.24688,63.54951,67.041016,56.210285,55.20564,56.78837,58.78619
64.6784,65.69136,64.60396,63.239567,56.20933,57.271812,58.799225,61.545097
72.11136,73.49212,67.15617,69.44432,61.1253,62.65989,57.031746,64.75919
65.07219,59.152733,77.430725,81.86384,67.89863,56.256496,65.159386,60.976173
64.832726,62.7148,67.48997,70.37961,61.094254,60.838596,59.826584,60.115208
65.2975,67.05038,64.35864,62.771202,56.4898,58.76485,57.891094,62.727177
66.99265,65.62863,63.501274,65.390816,57.02806,60.38884,55.28523,59.782063
79.562035,77.70025,69.68415,79.01326,62.158836,54.947918,55.581116,61.14415
68.97616,68.356255,62.820427,68.036736,55.98899,51.51878,59.00237,57.810547
69.95655,68.23642,64.16664,67.49155,56.47217,52.68448,52.81212,61.328053
60.193676,55.07692,72.63773,71.64131,62.065887,59.520607,57.558315,60.873497
62.08886,61.366432,64.35848,63.369583,57.050896,61.464806,56.476654,60.34621
58.312218,57.580673,71.67164,67.60246,60.325634,63.034153,56.7789,64.95233
67.19517,68.83546,71.77743,73.969376,64.25355,63.042538,61.69073,66.83335
68.58389,72.8029,67.09889,65.21747,58.713455,60.757793,57.935005,67.62786
77.3593,77.12717,71.37877,72.825386,61.75055,56.924923,51.15524,68.05466
63.66567,63.675095,60.450745,59.395634,53.610058,56.45327,55.72896,58.425583
59.29448,56.420845,81.24565,80.88787,70.234146,71.13363,62.710552,68.99134
77.21011,78.79284,71.93796,74.975655,61.8428,61.483353,53.40732,68.02362
71.1146,67.34291,66.92956,72.457245,59.869118,59.819786,54.688675,59.920986
71.3415,71.6004,67.85575,69.86702,58.671154,60.731785,52.896626,64.513885
69.57673,71.13712,81.659004,78.52071,66.98106,63.33394,56.191914,73.48803
66.3757,65.903656,77.21409,82.05517,70.07979,64.964226,66.13201,67.371025
68.59654,68.00016,69.167175,66.227135,56.823475,51.946037,52.579628,65.848595
62.182648,63.176144,60.283516,59.089893,53.411503,56.97867,56.84363,59.093582
61.22323,61.993515,61.41489,58.534992,54.20543,61.24174,54.81067,60.418858
72.41199,69.72446,64.138794,67.30218,55.93893,50.954872,55.226665,55.957336
64.26624,64.95828,64.85076,61.90178,55.396652,56.02827,55.892735,62.87189
62.398117,57.255257,72.187355,73.872665,63.755356,61.829597,59.59444,60.30978
71.89104,71.45649,65.441475,69.69267,57.720924,56.016045,56.43371,60.01487
64.97443,67.54939,65.70033,61.776066,55.75577,62.78016,52.97774,65.373985
60.886074,59.592564,65.18954,63.47441,57.215954,61.293137,56.0112,60.388626
63.498062,62.609882,63.867832,63.359432,56.412434,57.773243,57.84947,59.38176
69.78526,75.09071,68.82449,65.813896,59.37736,60.799362,56.707096,70.79133
62.47693,59.96344,65.351616,65.41556,58.04546,58.350235,57.00739,59.03245
70.070526,68.08463,64.137985,67.96871,57.966797,58.115566,54.769188,59.834225
64.68452,64.27595,60.878403,63.146656,54.61271,54.995865,55.79817,59.484802
69.791855,69.15093,65.47832,68.30775,57.319035,58.29609,54.364616,61.312492
65.69838,66.54143,63.75032,63.291824,57.005085,59.989834,57.19823,61.678078
77.34875,74.90425,68.31229,72.50716,61.344032,58.29434,51.50283,62.58211
65.79072,65.83117,65.65602,63.551746,55.706055,54.386856,54.799263,63.26034
64.39096,64.1127,66.65889,67.41588,58.862297,58.74475,60.157864,61.215866
62.478584,63.224422,60.53757,60.054787,53.517365,56.02644,57.119823,58.961018
62.903683,61.563347,67.64437,69.01155,60.17663,59.661495,60.29697,60.905014
63.604145,65.075554,63.23455,60.468685,54.481834,60.07715,54.573856,61.936653
64.28365,59.93377,77.34295,83.32531,70.68176,63.98744,66.27855,63.379078
69.21237,67.16848,63.61747,64.10082,54.936886,53.180336,54.35859,57.24834
64.752525,63.215584,62.34438,61.51964,54.390873,54.938187,55.284035,57.64955
67.30533,67.44643,63.8175,64.61596,57.7057,60.460575,56.89018,60.987167
63.483047,61.98743,66.36208,65.87572,55.296368,49.989418,62.351532,57.668068
76.14727,78.988335,70.81511,71.34438,62.213326,60.987587,54.30192,70.5123
68.82656,69.838715,65.526436,64.987854,57.775097,59.0842,55.449043,63.8235
65.20308,70.178635,67.65361,63.67504,57.32158,58.125263,59.442955,67.98033
62.65336,56.37343,70.84503,71.427765,61.080296,55.90889,57.514275,58.04627
66.2332,66.88479,64.99676,63.025486,56.289818,57.26822,55.25204,63.19332
69.89197,73.95225,76.68062,72.5193,63.118805,65.612366,54.463024,73.071526
82.513306,86.94337,75.226746,77.02167,67.15568,65.33924,54.56996,76.93044
59.573143,55.1482,75.939575,75.657394,65.67751,65.520164,59.802746,63.858353
72.55331,76.10949,67.503914,67.83214,60.605938,62.932713,56.692802,67.90432
67.06452,67.94762,63.60066,63.313812,56.99575,60.035088,56.471397,61.86862
69.844055,67.13827,65.15841,70.74018,57.679718,56.79229,53.543217,60.215168
76.32167,71.92324,68.85126,78.192635,61.43203,57.88443,51.094036,61.29197
66.554245,71.747116,67.51618,64.07392,57.96908,59.658478,58.843636,68.522934
61.28294,62.328785,62.796436,61.23068,54.4272,55.485607,59.819443,60.036427
66.28384,65.41896,61.699574,64.64685,54.866676,53.061398,54.801514,59.99473
70.95564,68.849594,64.68937,71.441864,56.98502,48.89557,56.293446,59.635914
72.97593,71.60158,64.40687,69.517975,57.061745,52.13196,57.572144,57.00902
62.919605,63.40462,60.505016,61.1553,53.73231,54.89698,57.579823,58.755356
63.1636,57.17868,75.40422,79.27508,66.71818,58.101665,62.60337,60.629166
61.08676,64.58895,67.9775,61.397533,56.614677,65.93605,52.61969,68.23041
64.89827,61.20683,66.74713,67.07996,57.66071,53.945904,57.655506,57.57849
71.597115,71.06289,68.206505,70.98463,59.08647,61.220814,51.779114,64.66952
62.725224,63.17234,63.13439,62.761223,54.6434,54.037678,58.899643,60.155178
62.198746,56.98613,72.03352,74.767555,63.957153,58.736366,59.94076,59.944748
80.32816,84.74937,76.59876,75.61794,64.0534,65.67714,52.476208,74.80196
64.371544,63.198353,61.72797,61.084045,54.53633,55.791386,55.519676,57.935566
67.07655,68.5148,68.26975,68.91198,60.19591,59.868687,60.05236,64.31023
70.26086,70.50251,78.809555,84.28398,72.16572,66.568825,66.08316,69.42178
66.55312,71.65236,71.85955,65.693756,59.350956,68.14215,51.60991,72.44206
65.003716,63.73537,61.635864,60.85538,53.96312,54.702282,55.207886,57.529556
68.8904,66.61054,64.397934,69.69274,57.04267,55.614193,54.649418,59.777428
63.25714,63.142616,61.34191,62.06448,54.15342,56.117023,56.18697,59.34708
62.25238,62.77967,61.03633,59.17027,53.8421,59.6349,54.754776,60.023773
77.792656,78.16375,85.700676,84.872955,71.06426,60.8406,55.794357,75.13721
67.74215,66.04318,66.94721,68.40699,57.6897,61.538,51.499332,63.242245
73.21209,72.878334,67.47841,71.63924,59.03225,58.187084,54.588913,62.54028
61.710083,62.81587,60.652004,59.9757,53.759396,55.881714,58.74977,59.0184
73.82695,73.84623,67.23765,69.22245,60.15273,59.851437,54.045574,64.26914
79.05932,79.270706,70.798256,74.012344,63.152973,60.16939,52.259457,67.673195
70.71607,68.59198,63.65809,65.9185,55.50965,52.32497,55.314404,56.636185
61.413036,54.63556,72.91346,74.16429,63.466454,58.032578,58.63228,59.15144
68.84658,68.304726,65.69722,65.23051,57.263096,57.04068,54.157875,62.68692
66.369316,68.662506,64.28124,62.80386,56.990074,60.212864,57.039005,63.762848
64.244286,60.90196,69.87287,71.84471,61.134594,56.600666,60.514767,59.6416
73.39296,75.10685,68.222565,70.1351,58.970596,58.95801,55.730583,64.3632
62.559162,63.305874,60.649704,58.853954,54.233562,60.416687,55.26458,59.917557
82.44984,85.28196,75.847404,77.36501,66.17496,61.058353,51.842575,75.66252
68.47655,69.760445,66.243744,65.89317,57.00867,60.614567,53.898357,63.92728
67.397064,63.221413,65.64843,65.27025,55.12294,49.08001,56.913204,55.506783
66.248764,65.3365,62.46963,66.16355,55.30708,53.573437,57.10834,58.79907
62.991226,63.706295,61.22661,61.761154,53.576065,52.42144,59.789284,57.998096
68.75132,70.13186,66.4296,65.07284,57.73624,58.242313,55.086945,65.07624
63.92086,66.84173,64.77653,61.395218,55.923515,58.36921,57.553066,64.56862
69.98397,73.369965,66.35937,65.70556,59.136356,61.857815,56.903534,66.66441
83.57165,82.65653,74.18116,83.19621,65.499626,57.86624,53.67629,66.07883
68.586105,67.82106,63.620705,66.799614,56.183804,55.878437,56.230057,59.049774
72.33814,68.48612,65.82943,72.96675,58.03922,51.67334,51.940243,60.673016
65.774055,65.00302,63.910423,65.90047,55.129562,51.00941,56.805984,60.505463
64.49046,64.69894,63.773476,62.74029,55.115383,54.894978,56.139286,61.637897
65.51297,67.32444,63.81873,62.28702,56.48277,59.606205,57.196243,62.792187
78.28437,81.06546,75.04329,74.21844,62.619083,61.918575,52.668667,70.977
60.127216,63.31964,66.116356,59.96539,55.567814,63.9154,54.161186,65.95126
62.84009,63.613937,60.058857,58.856052,54.098648,59.28142,55.842888,59.46935
67.47574,70.42604,65.10962,63.66347,57.702248,60.80285,57.04335,65.13111
65.95914,66.57874,74.87284,71.52691,61.72847,60.75411,55.860485,67.7865
65.6933,63.25124,64.93747,64.52262,55.782326,53.272636,57.731785,57.53638
62.75927,63.05083,61.35274,62.328815,54.3096,54.649025,58.427505,59.14616
72.86561,75.32505,69.14385,68.46669,58.748764,60.466312,54.21149,66.26085
73.53256,75.036606,68.20485,70.444275,59.043396,58.811516,55.66861,64.17326
62.19089,61.15837,63.15029,61.926853,55.94935,59.12415,55.82196,59.377075
61.061638,58.85478,66.06402,64.69656,57.771526,60.136105,56.163944,59.89163
63.75951,57.39014,70.5189,71.07311,60.22432,54.096664,57.122128,57.335114
70.263794,69.981964,66.16651,65.65679,56.462498,56.13681,54.04178,61.041576
60.99786,56.24451,69.52146,69.54279,60.809124,59.150105,57.464428,59.378212
65.0742,64.47013,71.99447,69.230194,59.779976,58.487362,55.870014,64.518005
64.14857,62.68814,62.399654,61.78444,55.000134,55.98329,55.641197,58.0257
66.30229,64.67518,61.95134,61.535137,53.65555,52.89402,55.108364,56.86119
62.853218,57.945145,71.61,74.1742,63.255917,57.88213,60.048573,59.718853
71.58274,70.9107,69.38845,68.044975,58.292454,53.969048,51.65493,66.19218
61.25139,62.258415,65.36357,61.74061,56.330006,63.87325,54.414196,63.431896
63.76877,63.042152,65.179825,62.748028,55.44269,57.003246,55.13719,60.242725
63.974392,64.642235,62.821316,60.961075,55.34122,58.314705,56.484734,61.172104
79.40167,76.52016,71.55492,74.833206,62.097286,54.852615,48.77805,65.3391
75.79874,78.2718,69.64203,70.89172,61.993122,61.747055,54.76618,68.962234
64.925095,63.16826,63.635612,62.723904,55.17705,54.65783,57.173584,57.90982
70.7111,70.70237,66.22778,66.659836,58.425694,58.491642,54.386173,63.505096
70.50055,70.5327,70.035484,74.037895,64.001,63.37363,59.83923,64.2627
67.69282,65.30293,65.26749,67.352104,57.638664,61.33156,53.461914,60.484592
65.42259,64.60289,62.326694,65.21771,55.03041,54.410084,56.6128,59.052513
62.08552,63.129036,59.91927,58.35285,53.67114,58.95377,55.913414,59.580338
76.67356,83.494484,72.42093,71.45257,64.08471,65.60138,57.421803,76.0814
82.783226,86.86059,75.95119,80.32989,70.07146,68.988,57.946373,75.83933
69.94635,68.73503,64.383575,66.2254,57.559742,57.596058,54.313,60.91692
60.16124,54.815258,72.8315,73.02109,63.42594,62.58261,58.53995,60.86977
61.741344,62.205452,62.168194,60.620945,54.488327,56.7169,58.77362,59.41181
70.78403,69.97245,63.75106,67.54462,56.362183,53.5868,57.41669,57.690155
66.7719,69.74326,65.11404,63.33815,57.390205,60.27137,57.37046,64.98044
61.23512,60.50713,66.80562,63.751457,56.90601,59.738934,55.687218,61.602962
63.005173,63.304527,60.859413,60.376244,53.71734,54.791206,57.90327,58.305782
69.12449,65.916565,72.03744,71.92567,60.173874,53.541763,55.874886,61.03695
69.92505,72.12767,69.121574,67.62272,58.59307,64.04341,51.535736,67.96355
68.82329,67.10619,63.101788,70.0046,56.404423,50.54833,58.134483,58.245476
65.63639,65.354004,61.357643,62.948418,55.64178,57.97078,56.354218,59.329857
83.74533,84.09059,73.42703,78.39392,66.36971,61.903168,51.100178,70.12242
65.09331,69.88663,70.495,64.84704,58.60816,65.742455,54.210186,70.015564
64.019684,59.99816,66.496605,66.917,57.97519,54.949726,56.693985,57.57225
81.01446,83.33901,73.52515,75.81854,65.114136,61.814423,52.751816,72.68823
72.84572,76.21819,68.08964,68.19719,60.643913,62.18407,56.16508,68.31868
65.82452,68.87067,64.81113,62.391125,56.85063,59.93696,57.09133,64.99455
65.81622,69.37873,64.982155,62.354916,56.991398,60.304607,57.35856,65.59322
64.138214,62.97311,62.221962,61.069958,54.695118,56.038284,56.36607,58.18959
65.08977,67.557365,66.163376,62.77852,56.313843,56.964546,56.84396,65.33264
62.474216,63.559296,62.74132,60.050743,54.731346,57.620888,57.03217,61.373486
77.509026,77.776184,70.05301,72.61841,62.219536,59.73469,52.660526,67.101585
79.17774,81.66186,70.49553,73.724655,64.220924,64.24022,54.85813,69.762764
83.06237,87.5863,74.57793,77.33139,67.78171,67.363945,55.51513,76.51093
61.55706,62.68661,62.861687,60.69641,54.53465,56.336422,58.972176,60.56114
72.40674,71.35767,74.90343,74.42893,62.24784,56.502705,55.173664,65.41736
64.13356,63.15425,63.008804,62.87241,55.217857,60.249657,53.362656,60.559227
64.90538,61.383938,65.16897,65.545364,56.7592,53.797523,56.304646,57.092262
69.74424,66.67565,64.58944,72.202805,57.604767,53.165264,55.25339,59.507744
64.88035,65.788155,70.98843,67.45163,59.058563,60.406303,55.36302,65.69045
64.939186,64.28292,63.26192,65.7181,54.86196,50.925594,58.007847,59.643482
64.48503,62.924004,63.105,61.82645,54.64896,54.541153,57.108437,57.823284
62.52694,64.63302,63.27786,60.165863,55.112137,58.337044,57.78022,62.50367
70.65542,70.50961,65.6424,68.57912,57.48203,57.617992,55.33,61.21342
66.85859,65.16032,62.24889,62.02369,53.929436,53.25209,54.900635,56.9571
66.25702,68.626236,64.256966,62.67431,56.942062,60.234173,57.024597,63.845997
73.164,78.62084,73.87065,69.636894,61.24681,67.55216,52.00274,73.92443
63.15351,62.9261,62.77501,61.845737,55.757214,58.528286,57.570625,59.63471
62.040245,57.149815,81.85863,87.463684,74.40372,64.09483,69.96369,65.761055
64.91093,64.76725,61.889576,63.629078,54.540348,54.633244,57.170643,58.808403
64.93259,65.34995,61.74965,62.453957,54.306175,55.233902,57.45185,58.66109
72.67671,78.61159,69.571655,68.00584,61.324554,63.536667,57.388878,72.157585
73.15511,78.08283,68.91758,68.376526,61.32361,63.502007,57.04068,70.597855
72.04628,73.213486,66.60346,67.58997,59.558723,60.586132,55.223763,64.81747
63.936127,68.61484,73.32552,67.28571,60.399174,66.40239,54.891186,71.471115
63.262814,62.028408,63.026207,62.93916,56.48082,58.569294,56.548195,58.99373
62.852425,63.103138,62.13682,61.120014,55.59492,60.95013,56.147415,60.080444
68.31732,71.537224,69.844765,68.603004,59.069378,56.024986,61.6544,66.38011
58.274723,59.6412,71.279045,66.96527,60.447945,66.73944,57.3452,66.7717
77.12878,79.13175,80.964516,86.848465,74.980095,69.272415,65.168015,73.707146
74.83593,76.95893,73.0883,77.26857,66.86337,65.5564,59.956425,69.11609
65.34433,64.379105,63.947166,64.452934,55.682175,60.032333,52.73889,61.361385
71.92122,74.76097,67.34556,68.21827,60.671555,62.738037,56.989902,66.73943
63.022224,61.46469,66.74874,67.62428,59.21254,58.91746,59.354694,60.260082
67.31401,69.063065,74.021355,76.83591,66.35926,63.88321,63.164566,68.16703
72.83157,72.274216,66.43226,67.827576,57.139355,54.824715,54.54917,60.392643
65.47462,69.50722,69.055305,63.11301,57.444054,66.808044,50.80822,70.023994
65.463486,64.51052,62.82288,64.85643,55.23575,56.516182,55.21753,59.65594
63.12171,63.743202,60.62696,61.633186,53.479107,52.922028,58.76092,58.171402
74.52841,81.50714,71.40862,69.6046,62.75472,64.62422,57.599747,75.030396
62.812847,63.4916,61.285572,60.623222,54.443233,57.003437,56.92821,60.17367
63.484467,63.283188,60.524727,59.627277,54.3234,57.68707,55.560993,58.682503
71.72275,69.387024,76.641495,76.35156,63.463276,55.21667,55.94754,65.02927
75.769135,73.8322,69.01856,71.327034,60.432636,56.551296,51.292973,64.11367
75.25551,76.68896,69.927635,72.67923,60.35052,60.035862,54.531937,65.89299
66.578384,66.1085,62.227448,63.684464,55.856926,56.976273,55.55102,60.05833
64.20673,63.378937,61.5646,60.468422,54.269142,55.871075,56.278534,58.138912
64.73978,64.57079,64.084145,63.62752,56.187885,57.06628,58.724915,59.84643
63.68773,61.264183,64.733154,63.781857,55.992752,56.0889,55.621605,58.191593
77.17833,77.91016,69.671936,72.21948,62.228424,60.61132,53.33712,67.19081
58.07259,54.127155,73.53138,71.47066,62.81411,62.68941,57.702965,63.084293
70.696396,66.85999,64.18301,66.16045,55.335533,49.22425,54.88904,54.96756
66.42629,66.337524,63.607277,63.069813,56.2663,58.07194,55.59361,61.207508
67.81016,66.52917,62.381798,65.825386,55.411213,52.764584,53.86629,60.35917
67.86026,62.695427,74.54708,74.58985,61.83287,51.8606,56.965088,60.503323
77.47628,84.21392,72.80122,72.15526,64.59537,65.97686,57.348866,76.4661
71.036354,69.87672,65.0803,69.534065,57.508217,56.409,55.53554,59.72485
70.74533,74.139755,66.817024,66.3627,59.53298,61.94917,56.71622,67.10907
66.53368,67.475296,63.99654,63.00031,56.672825,59.164326,56.185,62.37137
64.74458,64.09958,63.649517,64.23818,57.297604,59.771503,57.71494,59.760815
68.95893,67.785095,64.83999,66.233864,56.460945,53.836685,53.273273,62.102257
73.85179,78.84512,69.28704,68.96614,61.753864,63.819103,57.00014,71.043304
63.12243,62.970207,61.330963,61.380123,54.36969,58.289593,54.94758,59.927307
64.597305,64.1094,62.621014,63.033348,54.805046,57.952374,54.76191,59.87495
74.61576,73.039505,68.905014,70.362366,59.861572,56.161774,51.57956,64.4969
62.27099,57.99083,69.86382,71.40654,61.95366,59.912033,58.74228,59.783577
79.25828,82.01195,75.597336,75.02571,63.080807,61.894936,52.510113,71.384514
63.81691,64.465866,61.103977,62.168568,53.716488,52.3072,59.5582,57.85836
64.036896,61.2732,64.772385,64.398674,56.55844,55.447876,56.72566,57.890106
61.877853,58.187016,67.48182,67.22349,59.04135,58.330273,56.860794,59.0402
71.63766,69.947655,65.85174,70.871666,58.14811,57.217796,54.371254,60.425026
68.47148,68.08463,63.380337,66.069435,55.94426,55.78837,56.71376,58.830006
76.89015,75.052345,72.29678,72.84357,60.726048,52.813347,48.94475,67.62879
65.37616,64.88686,62.02449,63.028038,55.878033,59.56245,55.842678,59.577774
65.10467,64.94666,67.679474,68.76594,59.590645,58.60498,60.758835,61.770813
62.487774,63.230427,60.488796,60.017742,53.55337,56.186806,57.047302,59.00033
63.76233,66.30342,64.27183,60.123283,54.807682,61.499226,54.114132,63.78797
67.09449,67.2,63.861115,64.6369,57.710594,60.420345,56.988968,60.947727
62.356632,58.935062,67.46152,68.01866,59.738655,59.211033,57.627277,59.310036
63.767517,56.19824,72.02141,73.15292,61.624153,53.570156,57.739544,57.07034
65.909256,65.881485,64.37837,63.144787,55.686474,55.662983,54.767235,62.353188
63.3529,63.193233,61.74969,60.639126,55.144608,58.78114,56.869434,59.30945
72.49018,75.63496,70.24278,69.082344,59.49246,63.296146,53.133698,68.63913
69.67195,68.43409,63.703793,66.10447,57.31861,57.463043,54.51818,60.398293
65.34275,64.201584,61.3694,60.945175,53.43771,52.938503,55.80591,57.04363
65.82428,67.011154,64.03062,62.461353,56.358772,58.83509,56.259842,62.667213
80.65664,82.28515,72.68869,75.47099,64.64314,61.43394,52.548386,71.0587
66.74896,63.50402,64.58972,63.91911,54.5848,50.158947,57.05112,56.042713
63.55955,59.73137,70.17569,72.17348,62.499302,61.80691,59.534657,60.21289
64.613914,65.45749,62.61497,61.33393,55.77876,59.347164,56.836998,61.02764
57.789738,61.948933,70.15775,62.624214,57.999634,67.057045,54.82538,69.455734
63.527657,61.04518,64.32766,64.224945,56.751865,56.481846,56.322205,58.194668
70.57802,76.42788,68.576126,66.26245,60.09581,62.634827,57.531048,71.038506
77.025604,77.78021,69.78807,72.48722,59.928947,56.42684,55.020588,63.82317
70.105125,68.31815,63.286583,65.741646,55.366676,52.149017,56.056534,56.68156
74.25185,71.52584,66.52534,71.05136,58.512825,52.603363,50.935226,62.12366
63.786644,61.912548,63.34116,62.819122,55.858524,56.32424,56.35996,58.19891
65.90519,65.64583,62.03569,62.54244,54.312794,54.672546,56.65915,58.10166
87.26604,90.74739,77.540726,81.67531,70.83864,68.04692,53.61953,78.77809
61.974472,62.904037,60.59109,58.427315,53.51247,58.9743,55.559128,59.660595
66.62036,67.63335,71.0281,73.343544,63.68266,62.656116,61.48922,65.64344
68.27843,70.61837,67.265396,66.61438,58.442307,58.235313,59.318672,64.68778
77.43892,79.823524,72.469635,72.16321,60.923946,60.530685,52.84482,68.628296
57.24483,60.274906,69.328514,62.909706,58.135136,66.125885,55.980618,67.42601
66.60444,69.58922,67.3543,63.475513,56.83301,64.01332,52.178978,67.20683
67.884315,66.952965,63.233303,65.15395,56.103844,55.21614,54.403538,60.79815
63.154366,63.793,62.640953,61.32316,54.735966,56.216663,57.02111,60.919197
68.88244,68.105804,63.61989,67.17311,56.26316,55.34665,56.571854,58.88659
66.552895,66.6828,70.01697,71.83596,61.407597,58.598732,62.110447,63.157803
91.90691,96.04898,84.15401,88.14948,78.46673,76.00089,57.46128,87.66917
68.71983,69.879585,66.4864,66.32614,57.209896,60.815723,53.61455,64.13552
68.071335,67.414925,62.708473,67.25698,55.739803,52.38974,58.333134,58.156525
58.55981,56.895393,75.87241,71.72946,62.626804,61.32855,57.699852,66.45878
73.64635,71.62031,70.4998,70.24767,58.703476,51.404774,49.652542,66.196075
65.27818,66.4532,65.13975,64.77238,58.003662,60.31754,58.109127,62.7231
75.65753,80.720894,74.42714,71.392006,61.941086,67.23659,51.61789,74.198135
62.15602,63.447304,62.604164,59.701435,54.692535,58.010597,57.292313,61.36966
74.4223,71.955,68.923325,71.03862,58.85764,51.97406,50.038094,64.38878
61.845863,61.576576,62.41104,60.451744,55.12899,59.92261,55.34174,59.78495
70.55078,70.9387,66.25856,68.31089,57.651997,58.714016,54.815388,62.450962
63.116325,62.8365,65.327225,65.62787,58.204758,59.735794,59.185303,60.882942
65.00022,64.42786,61.65135,63.514126,55.508293,57.69673,56.222744,59.395576
61.527206,52.79155,76.61873,77.46793,65.39037,56.183846,59.095078,59.486492
65.74556,64.99777,63.33232,67.28205,55.488014,50.942375,59.68578,58.680523
77.06006,76.0884,68.3257,75.6179,60.55616,55.413784,56.233875,61.089264
64.82939,64.80719,70.65548,67.62979,58.874607,59.028065,55.560947,64.37639
72.9439,71.2808,65.844574,68.4811,59.228706,58.867676,53.57955,61.365448
64.1041,60.987766,65.93552,65.106514,56.45448,54.99944,55.72092,57.943386
62.994965,63.247063,60.625206,60.992275,54.10399,56.957687,56.2378,59.38381
68.557816,65.53178,65.40855,69.85735,58.01952,58.40911,54.46387,60.022236
61.37123,57.20115,71.35289,69.99415,60.530342,58.030457,57.061012,60.70263
68.05253,71.57376,67.207275,64.4496,57.948814,59.17669,56.102745,67.70462
71.19105,72.59787,70.75485,73.958015,64.23869,63.749523,59.794815,66.45527
73.66968,76.597336,68.242546,68.913734,60.975925,62.175922,55.812668,68.03665
65.303986,67.67102,67.48785,65.51458,57.171375,55.663197,60.90113,64.03606
65.17616,68.71805,67.17915,62.120598,56.450653,64.330215,52.599354,67.40511
63.644184,66.013214,64.59674,61.337738,55.670147,57.78782,57.482494,63.84077
68.83413,65.71815,73.79807,80.27264,68.16268,64.54215,63.392838,62.42656
63.07473,62.746876,62.727665,61.357613,54.952576,56.80406,58.047134,59.08026
69.93562,71.9776,72.15122,69.47671,60.10472,61.287003,54.31458,67.74747
62.255753,63.3884,62.104015,59.172916,53.73078,59.475388,54.873077,60.799034
77.870926,74.22135,67.38117,74.27867,60.195457,52.639137,49.56462,61.638386
62.50656,58.406097,69.85361,71.04016,61.786877,60.911793,58.69771,59.949715
64.253044,63.356964,62.0247,63.76857,55.039154,57.15542,55.146862,59.809296
65.4557,67.58215,64.95886,62.145985,55.56919,61.162357,54.094418,63.830643
77.67929,79.93571,80.47437,79.20387,66.560486,62.54603,53.999138,73.691025
81.03819,85.64434,76.09405,75.9753,65.877205,62.078922,53.41925,77.77654
65.74837,64.34126,63.28992,65.5912,55.60399,57.336395,54.247593,60.07364
65.63214,64.686005,62.902565,63.780373,56.13557,60.29146,54.840828,59.973534
66.20073,65.41413,62.14534,64.33235,56.237846,58.397938,56.312267,59.352505
72.20972,68.09019,67.876625,73.406204,60.751194,61.28648,54.28428,60.087524
72.46378,73.608,68.49756,70.174034,59.046356,60.553043,53.805267,65.17522
74.84342,71.186806,67.095245,73.27297,60.38875,57.447304,52.619015,60.500813
68.308556,69.13124,70.165726,72.85986,63.3182,62.800396,60.448288,65.12077
62.99022,61.364468,63.266533,62.81732,56.2658,57.728325,56.173546,58.708107
70.64478,71.06741,65.36925,66.38231,58.64067,60.106583,55.319042,62.98957
72.07197,71.985344,80.29244,78.65525,66.11823,59.744923,55.91941,70.48093
62.19951,62.956627,60.798622,59.25759,53.54944,57.936214,55.96356,59.477608
58.88304,51.96926,80.120834,78.58374,67.05388,59.036594,59.462654,64.376396
72.185776,75.57037,67.21406,67.52086,60.352833,62.742794,56.68112,67.4608
62.140812,63.195263,59.74852,58.384747,53.724365,58.909798,56.010056,59.55198
64.058685,64.02673,62.804665,63.508476,54.764027,53.61365,57.44202,60.21155
70.46254,67.14347,63.44061,65.38192,54.712383,48.55406,55.64611,54.91506
71.81305,69.3308,63.54853,67.124535,55.623276,49.74477,56.313557,55.601692
68.3837,69.27256,65.448006,64.66094,57.495605,58.677547,55.357407,63.67448
70.21034,72.72951,68.270676,69.31286,61.288094,62.58992,58.243362,66.504196
76.11753,79.59173,72.61682,71.16071,60.88376,62.83506,52.85479,70.27611
65.12685,64.36916,64.48028,64.21641,56.09069,55.72512,59.016674,59.11383
62.83753,63.355415,60.743206,59.757744,53.314503,55.514484,56.8877,58.549107
65.27639,66.872505,63.36807,61.87617,56.27379,59.72731,56.942062,62.365387
62.109398,62.850452,61.244713,59.021397,53.329857,57.882736,55.765606,59.425335
64.38305,63.927036,62.377888,61.928684,55.3662,60.804222,54.337467,60.198467
63.472004,63.55217,60.764442,62.71376,53.95457,53.290314,58.088684,58.50065
74.072075,78.8094,72.55182,69.68451,60.661285,65.52847,52.71976,71.97538
66.33442,66.259514,65.98384,63.81036,55.862373,54.286724,54.141586,63.654804
60.261925,58.403866,69.77208,66.981705,59.183746,60.43342,56.474422,62.350346
67.84397,69.569336,73.81656,76.72497,66.277275,63.943607,62.868095,68.084854
61.89857,62.892513,61.171837,61.18747,53.44395,52.95447,60.069836,58.33804
66.45275,66.555,77.240776,81.43456,69.21382,63.282852,66.5107,67.63285
74.81766,73.708725,68.170944,70.31553,60.244392,57.987286,52.52989,64.102295
67.51786,67.332146,62.79847,65.324715,55.458538,54.91953,57.32512,58.606644
63.282436,61.336082,68.46021,70.729904,61.41885,60.543114,60.428513,60.862236
63.38382,63.43136,61.16808,59.923332,53.333927,55.41368,56.185753,58.355286
63.77756,62.834167,61.643803,60.982494,54.855293,56.853096,55.692665,58.35107
64.9891,60.38726,66.9231,67.51247,57.74926,53.095604,56.546295,56.83314
64.606895,68.267784,65.28848,61.721344,56.39179,59.053158,57.444847,65.83975
62.920856,62.215805,62.271404,61.09602,55.42768,58.40494,56.562477,59.114372
62.57639,63.04435,61.305817,59.223564,54.391525,61.12436,54.503918,60.25412
66.206085,66.11551,62.715126,62.831627,56.18163,58.69825,56.07283,60.387283
82.29103,82.39633,75.27435,77.53352,64.846825,56.745167,49.01608,72.04154
58.321373,53.698414,73.57044,71.98307,63.04631,62.254642,57.80682,62.40728
69.37347,66.387245,65.31698,70.32151,58.444084,58.14544,55.152035,59.735508
63.762157,63.75727,64.5792,63.470375,55.72977,55.61896,59.66905,59.887814
71.01879,69.54435,66.26622,67.46621,57.818943,55.49009,52.857964,62.57533
66.07836,66.93505,65.72775,64.2654,56.350117,62.07622,52.269356,64.31036
65.073654,63.671577,63.847977,63.067913,55.280514,54.67335,57.85956,58.207832
67.281555,65.210884,68.75552,67.84877,57.90959,54.963516,55.400234,60.52552
66.474846,65.40063,62.351494,67.384026,55.36572,50.98365,58.44444,58.363777
68.95901,66.72653,64.29077,69.812126,57.011295,55.060863,55.042034,59.6042
64.66147,63.86579,61.01836,60.075195,53.753555,55.4924,55.169804,57.845158
74.678215,80.03828,69.99867,69.68004,62.358624,64.27517,57.04759,72.12891
83.05989,89.63249,76.5059,77.28718,68.75283,69.09002,57.133537,80.918465
71.053925,66.03226,68.19547,74.865875,59.78521,57.746166,53.128403,60.46722
64.32523,64.2316,62.255215,62.298,54.493584,57.475777,55.45505,59.576225
62.799294,63.154305,60.882042,58.835697,53.53739,58.165043,55.14931,59.188633
66.716705,67.81866,70.54745,67.5288,58.88694,60.160763,54.927624,65.60853
63.778473,59.87876,67.00063,66.5804,57.49975,55.221878,56.110847,57.836205
70.26012,73.56663,66.40141,65.929245,59.266556,61.95001,56.854565,66.62693
69.0765,65.9763,64.920586,71.06102,57.54081,55.991756,53.489166,60.2952
63.30952,60.16638,65.71459,65.53247,57.437885,56.436394,56.392815,58.231056
64.83588,63.455345,73.86703,78.27082,66.85744,63.326233,64.358475,64.3056
68.34292,64.91816,66.56382,69.73986,58.088024,60.58405,52.404087,60.854412
65.05515,63.202988,64.14516,65.106865,55.810486,59.88299,52.654984,60.80085
67.02158,65.740265,79.28124,76.844734,65.05267,59.060753,56.940887,68.608765
75.84603,81.60634,71.32024,71.21775,63.555725,65.04135,57.347668,73.690735
63.64513,61.263172,66.04544,66.36124,58.010983,56.895805,58.08534,58.959587
64.787926,63.88787,61.751354,61.902893,53.514183,51.190365,57.872856,56.871502
63.06249,65.68756,64.39314,61.19476,55.60413,57.955105,58.468292,63.493774
63.829796,63.192688,61.73333,63.556183,54.52653,55.448074,56.053673,59.38727
70.956955,73.132195,68.53628,68.062904,58.504044,62.000477,53.403046,66.4596
77.188614,80.94215,70.56904,71.96904,63.33629,63.860313,55.6517,71.177895
63.336094,63.48918,60.556156,62.22886,54.10753,54.475166,57.68222,58.784317
68.10934,71.2466,65.4764,64.17791,58.076977,61.080505,57.02672,65.63112
64.42279,64.5169,61.040897,61.539288,55.19689,59.004395,56.324398,59.396057
65.406296,64.280334,64.58937,63.02194,55.213314,55.87084,54.889194,59.30177
63.568962,63.267593,62.79934,61.071102,54.988174,61.828568,53.116356,60.935265
65.985535,70.01723,69.58943,64.72275,58.117313,64.3224,54.11996,68.62076
67.35981,66.15602,64.75725,67.15296,58.89649,60.640015,57.516235,59.92932
76.15222,72.90553,66.29622,72.60394,59.643753,54.283524,50.96215,60.96732
72.93096,74.623535,66.60025,68.190956,60.278404,62.050526,55.79052,65.231
65.80131,65.287964,78.037186,82.902985,70.79752,65.156975,66.90303,67.78644
64.87186,64.432846,61.71271,62.908165,55.489517,58.617115,55.913364,59.537792
84.117065,87.49264,77.27008,78.93253,67.69855,62.422077,51.969414,77.85098
65.75576,65.96425,61.70681,63.962143,54.56274,53.230713,58.507145,58.164948
72.31373,70.04391,66.591194,73.15436,57.850433,47.907047,56.514748,60.462547
77.97526,73.90601,68.71378,79.28837,61.758526,55.325294,53.281933,59.92703
69.365715,69.76485,64.3882,66.061134,56.31311,56.46341,56.513054,60.0895
65.72699,63.997513,63.403057,65.939964,56.07763,57.89776,54.57769,60.017742
71.95632,75.723305,70.40761,68.13609,59.3189,64.02802,53.012688,69.399445
62.503456,63.34446,60.990692,59.847195,53.368847,56.16206,57.015133,58.95642
76.26683,78.07534,71.677025,71.7572,61.768143,58.3273,52.664375,70.40598
76.15854,79.646774,74.485016,73.566765,62.515415,67.112785,50.08111,73.470566
66.60106,68.42807,65.77368,64.73144,57.348763,58.165257,58.764618,63.314457
65.26488,64.72583,61.66423,63.53944,55.689575,57.976513,56.406986,59.326233
64.765625,66.8952,65.58374,61.81119,55.644695,60.888664,54.2904,63.959003
67.52087,67.1483,66.286224,64.54932,56.36232,54.675873,53.544544,63.73969
63.86691,61.524506,64.01875,63.71973,56.207676,55.98743,56.04636,58.02426
63.915356,69.16841,71.556816,65.08935,59.1555,67.180984,53.921337,71.37053
64.772194,62.2834,67.52123,66.11784,56.99125,54.819508,55.73752,59.44637
62.692493,63.19583,60.676647,60.479134,53.76835,56.514122,56.634678,59.183758
72.23822,74.4434,70.611,70.08793,59.86577,64.37785,51.25605,69.048805
79.936455,83.72465,72.07401,74.433624,65.16428,65.10865,55.319553,72.82609
79.64141,80.927376,75.63379,78.8555,64.57951,65.74117,49.18017,72.49465
68.35674,66.97446,62.63311,66.16259,55.741413,53.19021,53.79194,60.36751
74.763985,75.7739,71.2775,70.62761,60.548775,56.27504,52.00184,69.35131
63.988556,63.925915,61.341167,61.5053,54.957382,59.128807,55.54182,59.707253
75.06168,71.92876,65.622185,71.965836,58.73148,52.706837,50.971626,60.953594
61.693096,62.645042,60.616016,59.291065,54.166855,58.135803,57.693195,59.532333
72.46634,72.62472,67.92082,70.83495,58.976818,59.692318,53.7107,63.902397
75.533226,72.17678,67.030235,76.66371,60.148846,53.770466,55.032867,59.293373
72.157104,72.65146,67.60103,70.11365,58.665752,59.39219,54.274155,63.685925
67.31231,66.0195,63.11514,65.77485,57.146297,59.42332,56.207867,59.39985
65.87675,63.77151,63.08561,62.82869,54.03315,50.757057,57.27436,56.430626
67.72994,66.89264,62.09208,64.33857,54.57161,51.44677,57.759487,56.87759
62.616783,62.555946,62.19374,60.37191,54.238956,60.49068,53.40804,60.71807
66.381424,66.2309,66.243416,64.25152,55.892223,53.6861,54.455696,63.604862
70.70741,72.938416,68.93803,68.04937,58.650314,62.948967,52.582203,67.255035
64.04365,60.646088,65.69727,65.65368,57.255554,55.151634,56.823666,57.73632
60.720913,64.643326,67.83749,61.545868,56.69848,64.59375,54.83962,67.37217
67.78663,70.91958,65.61403,63.97149,57.87413,60.619133,56.88026,65.78156
62.56346,63.06029,60.439728,59.182453,54.128693,58.01344,56.73187,59.1749
65.49929,70.225494,66.25261,62.6737,57.20514,59.80448,58.23752,67.37112
68.054924,69.52138,65.38484,64.00948,56.09045,59.009678,54.7326,62.70467
66.126976,68.29552,65.622406,64.12929,57.137936,58.338947,58.63921,63.692238
69.757744,68.16454,64.79867,67.32716,56.41949,52.29737,52.582783,62.01119
68.95786,70.843,66.79088,65.235725,57.973473,58.53371,55.248005,65.85995
70.396645,74.62772,68.254135,67.13616,59.789146,60.937374,58.270466,68.36889
66.51132,64.60879,64.7277,65.54405,56.895554,61.881596,53.01932,60.685253
63.24663,62.988125,63.89012,63.52678,56.735588,58.819355,58.411236,60.0786
63.470013,63.586765,62.58592,61.260624,55.22392,57.848858,57.66471,59.74721
62.648434,61.515244,63.072926,61.85394,55.63947,58.374794,55.679165,59.078842
64.748566,63.152905,62.877243,65.51499,55.300648,56.435753,54.454685,60.04382
69.1332,70.86685,64.77415,64.9686,58.283062,61.18799,56.56414,63.64438
69.37568,65.77377,66.142,71.47084,58.566093,57.960747,54.30705,60.05679
66.09684,66.38791,67.62543,68.4535,59.2991,58.203358,60.52938,62.204
78.72457,82.54427,77.10794,75.45782,64.04726,64.59631,52.49067,73.96838
69.07293,68.78081,63.630188,65.675674,55.85518,55.318623,56.601246,58.741028
71.97965,70.38113,67.35295,68.13562,58.414192,55.705296,52.36542,63.255108
62.50955,61.154938,67.031105,64.45646,56.737823,57.530167,55.720604,60.764767
64.89134,63.586964,62.722027,64.75558,55.500465,57.593906,54.75514,59.957767
60.995663,59.280968,65.86053,64.48799,57.813053,61.18561,56.311607,60.316944
64.849495,63.331177,63.071304,65.06051,55.503525,57.712627,54.246037,60.154934
62.29602,63.086205,64.90882,61.588226,55.98867,63.574833,53.6614,63.196026
70.82097,72.58111,66.66685,68.08176,60.31654,62.260334,57.184685,64.81226
64.5495,60.58759,74.22492,79.51628,67.562775,62.729095,63.756615,61.958076
61.49257,61.74075,64.71935,62.681484,54.835136,53.83345,60.95941,59.69123
65.06409,64.48481,61.99742,65.80651,54.829372,51.498203,58.980717,58.312023
74.00156,73.51205,74.45413,74.27811,62.035637,56.781364,54.63422,65.75119
88.083626,93.03154,80.511795,84.17367,74.2741,72.65057,57.59481,83.42082
62.75604,54.35308,74.669556,75.464485,63.47143,54.417442,58.286285,58.166176
69.338356,66.35217,66.771164,68.89588,58.974396,63.55753,52.798855,60.780464
67.80218,69.262314,66.70716,66.456474,58.03997,57.587368,59.41014,63.161118
70.60194,68.94944,64.24281,67.36566,57.32514,55.48046,53.495663,60.84958
72.28955,70.23302,64.81258,68.67187,58.185417,56.05426,53.05392,60.760773
63.836487,63.193424,61.664474,63.475006,54.587006,55.77453,55.89466,59.46893
64.81207,63.887363,63.79373,62.98788,55.829693,62.050186,52.93292,61.0498
62.65904,63.85935,66.95276,63.76202,55.493156,52.982243,60.268517,62.6684
62.845325,61.101307,63.51262,63.147728,56.56026,57.900875,56.34805,58.772488
71.95419,70.13922,68.382614,68.98516,57.690674,51.5144,50.771027,64.72474
69.43338,73.450806,66.84453,65.47426,59.034966,61.54198,57.34323,67.54701
63.744038,60.223835,72.1202,76.218414,65.14443,61.53359,62.098526,61.318188
66.90871,66.882195,64.64171,65.76912,58.405113,60.62801,57.550407,61.15763
63.39285,61.330883,67.88702,69.950714,60.89662,60.269165,59.84894,60.487587
71.835236,68.39174,65.91071,71.92459,58.786156,55.779606,53.410263,60.251736
63.022465,63.41908,60.945583,61.606903,53.628643,54.125572,57.799797,58.60774
62.43585,59.52974,70.36227,71.31592,62.195675,64.20036,59.077644,61.38471
63.71758,62.00304,66.575294,67.288864,58.627556,57.673294,59.25946,59.762657
63.39622,63.243084,61.386604,60.750664,53.91351,54.60526,57.72896,58.148193
64.0671,62.35734,65.12986,63.34987,55.467598,55.5421,55.32714,58.991783
64.696785,64.99384,65.76696,63.293846,56.269646,63.408237,52.045815,63.970512
84.5538,88.32771,80.16269,81.465996,67.696014,67.87541,51.102848,78.003815
67.54296,65.6404,63.343304,68.73909,56.24179,53.46694,56.20575,59.164692
63.683517,63.41007,60.8289,62.71735,54.521656,55.83551,56.428574,59.29151
66.429474,64.62102,68.38367,67.08697,57.61066,55.504097,55.420483,60.688164
67.04088,66.30441,63.733894,65.3991,57.89671,60.12048,57.056515,59.902985
62.287758,57.982437,72.955086,71.34924,60.921062,56.00505,57.290012,61.245995
65.579834,64.667625,62.63656,63.93044,56.038273,59.50939,55.24078,59.80378
66.80664,65.05545,63.286663,66.81784,56.7186,57.467415,55.767967,59.533733
57.440956,60.795,72.0402,65.72825,60.033237,67.94554,56.566708,69.41459
63.014305,63.65685,61.22867,60.549408,53.625755,56.108772,56.90326,58.98802
62.90356,59.662342,68.3706,69.73282,60.436462,58.074932,58.925594,59.580475
65.03648,63.91003,63.343704,63.540684,55.827766,60.819626,53.656353,60.44584
75.756195,72.80967,69.05151,72.48946,59.202545,50.88958,49.248226,64.191154
65.31719,64.61315,62.12764,63.624172,55.798157,58.757626,55.759544,59.592373
86.780106,90.83578,81.913414,82.517715,68.89051,67.663475,51.959946,79.62382
69.57061,69.49603,64.98245,64.99405,55.971504,56.21964,54.70528,60.415234
62.71249,63.48715,59.57663,58.64445,53.791897,57.95157,56.31079,59.05624
68.40135,70.02763,67.08111,65.96359,57.347023,62.074436,52.861416,65.402695
69.32983,68.2115,63.382,68.86835,56.431377,52.517223,57.887035,58.30485
83.99525,88.45365,74.910034,78.18278,68.549,68.272446,55.625343,76.920334
64.53009,63.57866,62.724228,63.942593,54.980434,57.500393,54.505783,60.006542
65.94346,68.27725,64.12487,62.424004,56.774933,60.111904,57.04819,63.701828
66.55023,68.01631,66.96394,67.08106,59.16979,59.902428,59.199463,63.780403
73.71432,78.28656,70.88179,71.62627,63.413883,64.34358,58.231777,71.16851
64.49347,65.41806,63.31001,61.917465,55.86828,58.54954,57.57137,61.210644
63.954556,64.27118,63.367756,64.59572,54.76225,51.599045,61.61151,58.132874
63.688747,62.85764,62.957428,61.96215,55.478954,57.202774,57.236446,58.959084
75.57111,80.96369,70.463264,70.44722,62.920803,64.68931,56.98668,72.66606
68.209114,67.537766,64.23798,64.74868,56.85138,57.369442,54.745502,61.341476
79.37332,80.21749,72.27772,74.46255,63.4291,59.298664,51.788193,69.87754
66.28428,65.509315,61.85339,62.575794,54.05575,52.91853,56.723797,57.306313
62.906445,61.204292,67.75862,69.112274,60.200554,59.344536,60.014523,60.639458
69.338524,74.20307,70.993034,66.47056,59.184837,65.58303,53.310307,70.723206
63.63759,62.82583,63.580196,63.357586,54.194855,50.980644,60.137726,57.455784
67.85893,65.650955,64.33466,67.87932,57.535934,58.89921,55.180084,59.772713
70.22679,74.77668,67.37678,65.93666,59.56154,62.20359,57.195515,68.70709
72.933495,72.53771,66.56373,71.023865,58.516098,56.869286,55.692856,61.195736
64.44333,59.140278,68.61504,68.9102,58.593716,53.525127,56.571133,57.101612
69.06209,65.91475,65.545525,70.44809,58.342487,58.240414,54.780006,59.88871
66.38762,67.81617,63.612957,62.75416,56.795353,60.10062,56.785023,62.393276
66.03214,65.92139,64.08395,64.24448,55.715786,59.49048,53.846878,61.448963
62.713856,63.111042,60.8803,60.55475,53.835445,56.92569,56.25716,59.343918
65.1412,65.44508,64.92676,62.50943,55.507034,55.5267,54.93818,62.986572
62.048332,60.790833,63.798256,62.378536,56.128098,59.17425,55.738586,59.447853
62.42137,62.967514,60.586327,59.369324,54.121048,57.716625,57.080055,59.168236
63.7521,62.82869,64.21491,64.723465,57.5845,59.565342,58.126675,59.72148
64.149284,61.63736,64.16962,63.89282,56.244278,55.43862,56.46751,57.837654
66.53064,64.12834,64.14582,67.851395,56.57375,57.058506,54.43571,60.03886
75.85255,76.12871,69.16047,70.56631,58.942,56.02634,53.88202,63.169037
72.45329,73.9374,68.203705,68.180115,59.705395,59.171307,54.391384,66.73458
67.88731,70.26609,65.61125,64.14195,57.681625,59.80888,56.315212,65.13556
62.788017,62.374336,62.75333,61.97729,56.058086,60.16693,56.264572,59.73814
75.893166,72.895004,67.7992,72.32009,59.473686,52.933033,50.19005,62.713875
70.10345,69.68693,63.53644,67.20238,56.265175,54.069473,57.784878,58.027393
61.33662,62.046127,62.91808,61.256004,54.49771,55.597282,59.864796,59.65198
66.78991,65.89575,61.844177,64.67966,55.23723,54.056694,54.671883,60.019676
65.08034,64.65362,62.236153,64.003746,54.783546,55.42828,56.407143,59.142357
63.54615,62.717392,62.04626,60.712166,54.81949,57.120495,56.434895,58.637375
60.95618,61.47592,78.4829,73.61188,64.02088,62.771355,57.33279,70.27152
61.870182,62.64355,64.78142,63.079315,54.81135,53.202366,60.51873,60.691254
77.85225,77.87054,70.570915,73.02517,62.284107,58.972824,52.07824,67.371155
72.83794,72.70725,66.79359,70.814064,58.54984,57.335693,55.519573,61.726463
62.34736,63.792957,62.496685,59.75048,54.83443,58.453648,57.39314,61.41835
66.419556,62.050365,71.27069,73.55721,61.065643,52.77406,61.295574,58.45395
65.574684,65.08229,62.131493,63.872032,54.8833,53.820877,55.30404,60.375984
69.39077,67.37696,63.70142,67.89419,57.18215,56.02024,54.38968,59.93728
63.66891,63.495415,60.92891,63.063686,54.23013,54.045425,57.44428,58.79885
64.40132,64.62026,61.924088,61.865837,55.012585,56.810944,56.124622,60.43872
64.706474,64.87634,64.51461,63.727528,56.136215,56.549995,59.115486,60.310753
63.4938,64.18215,62.069374,60.721058,54.996456,58.04696,56.704014,60.66916
61.98889,59.085632,72.76261,70.15851,60.27419,56.653362,57.0309,62.574463
61.64784,61.01628,63.250072,61.25564,55.576305,60.008015,55.40337,59.85051
78.87742,79.14483,71.70181,77.4121,62.478256,59.248127,54.03883,65.984184
69.108734,71.85772,68.301796,68.80846,60.987503,62.295033,58.575344,66.654915
75.70075,76.70655,71.67661,74.33223,61.49711,62.8481,51.578598,68.33444
66.28776,66.10604,62.487137,63.006115,56.115353,58.433807,56.02419,60.191845
68.49814,71.98718,73.58037,69.517914,60.901497,64.11684,54.39934,70.40355
65.529465,66.064224,63.49461,63.1766,56.86883,59.876667,57.155533,61.163704
70.58684,68.4563,64.65134,70.98335,57.518364,54.25902,55.816185,59.18047
64.591736,64.09273,62.72401,62.898594,54.838554,58.444042,54.4506,60.008167
63.09503,62.857143,61.628227,61.43765,54.360897,58.526188,54.641808,60.04162
70.094215,72.15289,66.49375,67.313065,59.872116,61.99162,57.25118,65.02205
70.64057,69.00655,63.92193,71.6786,57.184326,49.693886,59.43743,57.805843
75.279,79.540474,69.29053,70.160385,62.405914,64.2712,56.640125,70.373505
74.793816,77.096245,69.720345,70.1572,61.261932,60.37676,54.3608,68.91838
69.57838,72.66556,66.99631,65.57838,58.7119,60.273125,56.14552,67.06295
63.746,62.670517,63.019257,61.783504,54.5784,54.594833,57.88796,58.11046
63.293118,63.602055,62.25731,62.367775,54.596687,54.845665,57.662468,60.082237
68.42513,69.452736,67.59409,66.8479,57.74766,63.028114,51.49854,66.01238
63.50798,62.122326,62.805534,61.940872,55.33586,56.979103,55.670036,58.46692
70.63326,69.81633,78.33934,84.47392,72.150055,66.51633,65.81958,67.91444
62.59772,63.030632,60.67958,59.742195,54.072,59.091843,55.17416,59.87069
68.245,70.37582,65.00659,64.59926,58.124523,61.008053,56.909233,64.15394
64.791985,65.15395,63.818275,62.73169,55.234943,60.128838,53.669643,61.867134
71.90782,68.80321,65.796265,71.144035,59.09531,57.558346,53.912468,60.106014
76.79921,83.06717,77.967575,73.9693,64.38693,69.82353,52.05234,77.84339
68.00303,66.9408,70.017,74.146164,63.852917,62.74597,60.821873,62.73217
61.96723,58.93558,67.521614,67.61809,59.597164,60.278736,57.45254,59.784843
63.625885,62.595512,61.81376,61.27988,55.15782,57.064026,55.884518,58.4207
67.13059,67.95351,68.777626,70.6645,61.800777,62.018322,59.907253,64.297005
70.05637,69.246956,63.214314,69.1856,56.455906,51.17669,59.122963,57.706165
65.6058,63.60945,63.39944,66.76585,55.798637,56.40869,54.227985,60.113884
66.442856,67.279526,64.78884,63.11161,56.48901,57.92515,55.554085,63.111496
65.53916,64.99226,63.690273,64.071396,55.509018,59.355904,53.6493,60.97111
72.57702,71.22218,66.47613,70.025764,60.59706,60.669697,55.414665,61.49774
64.744064,62.794388,67.186264,69.87864,60.774708,60.761177,59.729797,60.123253
81.85895,83.918976,76.13104,79.8284,65.19542,63.672043,52.15016,72.17513
75.70851,73.53637,66.45964,74.907326,59.563744,53.605537,56.688385,58.511066
66.5135,68.53189,66.546326,66.29771,59.14312,60.9942,58.457237,64.54504
67.55997,65.927414,63.082527,68.49231,56.072365,52.76289,56.92911,58.839382
74.345924,76.84823,68.35632,69.51178,61.230816,62.101906,55.47084,67.72593
67.88975,65.448845,64.25756,68.72104,57.426285,57.28923,55.434055,59.63743
64.88592,64.02189,61.03113,60.115623,53.603607,55.00077,55.15182,57.668865
66.58701,66.31264,62.87352,64.37739,55.284924,56.583256,56.104202,59.1886
60.647415,54.411793,73.82686,73.33438,62.944336,58.351433,57.930916,60.385452
68.640884,65.45843,78.822464,85.811356,73.00509,66.291405,67.19485,65.397575
72.69084,71.14564,67.61426,68.62429,58.889275,56.36961,52.382366,63.402332
66.872314,65.986,62.32426,62.949856,54.40765,53.997158,56.06366,57.609993
65.31712,65.05349,61.77947,62.47781,55.8474,59.89747,56.0619,59.502174
64.14414,66.44147,64.79636,62.31537,56.121033,57.951653,58.584167,63.31834
63.98279,59.636604,72.3831,75.09173,64.57256,63.603382,60.77119,60.904728
68.11028,68.94819,72.11672,75.32188,65.07309,63.4324,61.803562,66.14768
65.66926,65.19793,62.345726,63.836594,54.949646,53.91708,55.126995,60.60824
69.22359,68.62517,71.91683,76.525536,65.68302,63.71191,61.619198,64.392
68.99658,73.73482,67.52893,65.04183,58.875263,61.101894,57.013554,69.03176
63.214928,64.60865,64.62074,61.550213,55.297882,56.40869,57.576626,62.68178
63.618053,63.539516,60.74347,59.228546,53.613113,57.105904,55.169952,58.620327
80.19944,83.4146,72.64441,74.84776,65.02116,63.637836,54.276115,72.76855
64.77106,64.12832,61.028988,61.049034,53.328876,52.323467,56.937916,57.09647
63.02185,63.33548,60.63993,59.01357,53.56121,57.546444,55.49877,58.940063
63.46211,65.79621,63.30279,60.465748,55.53713,59.213734,57.29989,63.028133
62.89447,62.83728,61.72776,61.228603,54.05513,57.72684,55.178654,59.776318
59.651245,55.17148,70.7369,69.71922,61.150265,60.98448,57.158997,60.53226
76.25858,78.42738,72.794815,74.133896,61.938786,64.08693,51.593357,70.236
68.08068,67.54849,62.80136,64.72983,55.204155,54.25471,56.919914,57.928883
65.626144,62.543762,64.21402,64.2456,55.517094,52.802486,55.749256,56.73435
63.235985,63.649624,60.361732,59.993523,53.37305,54.652466,57.30988,58.166416
63.554752,58.995514,67.93233,67.98708,58.561527,55.311005,56.616188,57.81857
69.03974,67.49431,63.770805,69.01464,56.62858,53.943474,56.515224,58.93656
64.824684,63.6293,61.440735,60.882114,54.206306,55.075817,55.426865,57.634396
75.383026,76.161865,68.38828,72.656456,59.739494,57.189266,56.403915,63.023537
72.10967,75.218544,67.0643,67.4713,60.225098,62.510593,56.536156,67.05722
69.116035,72.4776,66.01554,64.99809,58.663612,61.513443,56.983788,66.32727
61.892395,63.425636,63.994408,61.004025,54.942387,56.48756,59.095455,61.642593
69.469,68.878784,65.01084,70.55429,57.102566,50.020454,62.155224,57.797897
65.72524,66.79619,70.89677,72.865326,63.349724,62.370693,61.658295,65.55892
75.89347,81.43192,70.761314,70.730415,63.168335,64.8767,57.011295,73.123856
62.037067,62.388767,62.40172,61.82486,53.98465,53.280537,60.17086,58.41605
69.03279,70.40116,66.6419,66.43578,57.308113,60.744064,53.847294,64.271996
66.871155,70.88293,68.165,64.34224,57.561867,57.538414,56.95999,68.46691
65.338135,64.66439,64.29161,66.32878,55.18748,50.490635,58.158802,60.179573
76.47302,75.67787,67.92097,74.802925,60.155273,55.347572,56.48792,60.898716
74.39804,71.935875,66.690834,70.42974,59.26734,55.760544,51.845867,61.840183
76.232254,78.734245,70.94472,72.78588,60.83556,60.584312,55.125256,67.35247
71.715324,73.37192,66.84502,68.71336,60.720043,62.57126,57.017887,64.87837
60.027046,51.97277,77.07327,79.88666,68.13299,60.710484,61.049454,60.87184
63.96617,66.87133,65.457886,60.588367,55.368965,63.232845,52.815884,65.62033
63.200207,66.12856,65.07906,61.677975,55.795128,57.544285,58.825325,64.12345
63.49409,58.125435,68.890175,69.60977,59.75289,55.112267,57.247143,57.65863
69.72682,70.005295,64.39281,66.81133,56.56042,56.32863,56.81447,59.90198
70.175156,69.03384,64.20611,68.74469,56.909615,55.19408,56.39924,58.907158
74.45599,78.3286,68.57634,69.44513,61.79926,63.813942,56.597336,69.26752
78.16357,79.47161,72.38166,73.452286,62.756283,58.53549,51.960968,70.54725
61.673576,63.03479,61.872993,58.213608,53.569717,60.318165,54.53586,61.058563
69.60481,70.1536,67.759796,66.083786,57.773632,56.11742,53.59419,65.69174
67.854256,67.74833,67.99171,66.297325,57.40156,57.489944,54.6793,62.496876
63.339638,67.118965,68.5756,64.80338,56.65006,54.264935,62.13503,65.785095
59.72436,58.86737,72.63228,68.47804,60.2017,60.52881,56.844456,65.0316
66.38039,66.14227,63.878204,64.51254,55.71128,58.831852,54.32161,60.88497
66.21443,64.739456,62.142075,66.32933,55.08534,52.350147,55.307747,59.550797
63.665104,61.406254,64.398834,63.501717,55.911438,56.22938,55.658195,58.227306
58.874012,58.07918,71.01034,68.09212,60.78349,64.90441,57.364773,64.45746
64.35074,63.395466,61.627953,64.70335,54.865776,54.600304,56.343246,59.27333
69.85954,71.21207,67.25105,66.06438,58.253498,58.026176,54.620613,65.81965
64.26818,60.84382,69.05119,70.620636,60.3002,56.135147,59.722485,59.16708
80.18529,84.39407,72.418724,74.630646,65.51117,65.679565,55.637054,73.66312
64.37567,62.353165,65.11178,63.613213,55.488365,55.015404,55.35276,58.575314
65.09436,63.95868,62.779297,64.946754,55.19659,56.459694,54.997955,59.776085
68.0511,66.52816,63.433586,63.202946,54.726505,54.273956,54.39398,57.921886
64.87683,62.433426,67.592995,69.998634,60.911,61.326622,59.390522,59.92278
61.894215,62.61055,61.28118,61.299164,54.15842,55.448578,58.997475,59.17017
71.027596,70.891045,76.53328,74.96606,63.254868,58.81267,55.442757,67.79044
62.7697,63.31853,60.597515,60.824512,53.653748,55.284935,57.374687,58.841015
72.50133,76.15377,68.010895,67.882996,60.54327,62.33276,56.4035,68.504745
64.310425,65.77009,62.956184,61.11024,55.76355,59.35346,57.011127,61.905334
72.735344,70.69529,65.61126,68.87503,58.576523,56.45822,52.846355,61.30212
67.5959,69.98783,66.6343,64.14238,57.38879,58.199467,55.566795,66.20785
77.18748,81.50023,74.28969,77.12878,67.37754,66.56465,59.304707,73.374176
67.257034,66.355095,62.5142,64.881065,55.609787,54.510563,54.526287,60.425514
67.54883,69.0452,65.17518,65.24694,58.39191,60.905678,57.368977,63.36083
77.58785,74.05011,67.36527,73.92462,60.155624,53.06051,49.796543,61.677265
73.947266,74.31699,66.800995,69.594986,60.774696,61.60418,55.159454,63.920383
67.78124,69.489044,64.287415,63.87628,57.57158,60.671406,56.703705,63.21785
70.01606,69.055595,65.62116,71.8776,57.614414,49.633213,62.323708,57.909245
76.32599,80.28048,71.48859,71.455505,62.697227,61.89358,54.93252,72.2805
81.86578,88.06962,75.0944,76.13396,67.60863,68.20658,56.947052,78.84504
62.261467,59.98335,65.016304,64.38848,57.31587,58.444637,56.33667,59.07084
62.88957,63.17729,60.657776,60.689426,54.09422,57.508694,55.941288,59.518085
68.09849,69.83329,75.2103,71.90106,62.058395,61.98836,55.236607,69.284515
57.905094,58.419876,73.33079,67.99508,60.649006,63.252705,56.891937,67.112785
64.59685,68.14379,80.72012,75.41601,65.85693,66.759315,56.372078,74.92181
63.41931,63.034733,61.57555,62.03569,54.563065,58.121185,54.868023,59.95174
59.98565,59.45533,67.7395,64.31614,57.768295,61.510925,55.919785,62.60584
71.68923,67.85402,66.822014,68.78246,57.103073,50.34167,54.853683,56.52228
85.79932,88.10852,78.81784,83.44519,67.75213,63.304066,53.328056,74.099174
64.12118,63.963276,66.14253,67.01108,59.168945,60.40514,59.329693,61.546337
64.07128,63.90774,60.018723,59.21291,53.824203,56.81699,55.422516,58.31246
68.79358,71.75922,65.7824,64.765236,58.37222,61.057907,56.78196,65.76214
64.079956,57.113075,71.0466,72.01185,60.74707,53.348534,57.41909,56.98314
62.0775,61.971603,64.678314,61.56925,55.30882,58.957596,55.15219,60.898636
63.034153,61.848934,62.599598,61.87532,55.762775,57.84662,56.265648,58.797676
85.99354,86.20439,79.76904,81.52778,67.29451,53.96901,45.711388,76.702194
73.93435,75.06517,67.28074,69.16824,60.607487,61.33214,54.97267,65.33954
70.87464,68.112915,65.68756,71.368645,58.142765,57.51101,53.14402,60.331352
71.64641,72.41891,66.361885,67.72996,57.41842,57.05086,55.654995,61.8868
68.517166,71.43821,66.230865,64.66162,58.140457,60.169632,56.392162,66.19201
78.02247,83.670876,73.663704,74.853065,66.16093,66.514084,58.073277,75.38976
75.01975,72.43806,68.557755,71.31177,59.33536,53.386265,50.40025,63.675316
63.732285,64.021286,62.898434,61.580486,55.4103,57.84622,57.790844,60.085888
74.725204,80.78128,71.14771,69.84512,62.528294,63.78819,56.90052,73.913025
77.97215,83.32834,73.138466,74.51407,65.82994,66.33118,57.813972,74.67427
63.002483,62.9273,61.39252,61.17187,54.255913,58.260242,54.993195,59.897278
76.38189,75.98756,68.64653,71.54123,61.42031,59.703213,52.964478,65.08118
65.297806,56.05099,75.24754,77.595146,63.983345,50.66352,59.047085,56.81712
65.48929,62.741558,74.914734,73.05811,61.845272,56.15213,56.800034,63.903625
63.0032,62.75728,70.95422,67.436035,58.958183,59.239906,55.96246,64.37954
66.862335,63.82044,65.28999,65.28979,54.843063,48.898064,58.58841,56.012608
72.200096,77.41712,68.74548,67.58597,60.848076,63.163956,57.210457,70.67447
74.04312,78.235115,68.673164,69.104004,61.642754,63.710457,56.735165,69.670876
59.66321,60.824863,66.13083,61.628044,56.37436,62.543316,55.378895,63.485294
64.09194,64.35696,62.04282,61.79226,54.752594,56.01979,55.92311,60.73225
63.71643,63.415295,60.916527,59.545372,53.893654,57.177807,55.145107,58.567894
70.932434,67.60072,68.87982,73.543884,62.425632,62.593822,57.278355,60.44484
68.70408,72.4896,69.81815,65.54788,58.359116,66.14838,50.882816,70.1696
63.670437,63.65155,62.03571,64.37606,54.409428,51.90211,59.787083,58.395935
63.32408,63.87187,63.18097,61.892025,54.83654,55.5189,57.247955,61.06124
62.520252,66.30651,68.18278,61.692543,56.77445,66.30307,51.85228,68.891785
66.51779,63.221878,63.911186,64.26148,55.124237,51.27073,55.693523,56.076366
61.9183,62.807594,75.3291,70.63308,61.7852,62.159054,56.542526,68.50867
68.01454,67.1056,62.64906,64.93643,56.402405,56.81479,55.02095,60.03033
72.94362,69.95768,66.102066,71.11733,59.781437,59.09324,53.94119,60.10405
65.72597,63.933903,73.00342,77.74052,66.375565,63.246693,63.600254,63.390755
59.997784,64.459885,70.90967,63.931877,58.577454,66.11639,55.2724,69.72779
71.82465,71.40395,67.49654,67.80557,58.770943,57.188732,53.274292,64.36736
70.175385,76.89464,69.7816,66.645546,60.23991,61.863483,58.566372,72.39014
63.91,64.60154,60.807114,62.2244,53.700775,52.405884,59.320683,57.9248
63.588215,63.634346,64.99417,64.99742,57.835453,59.623234,58.816235,61.10447
62.64179,63.416397,60.12784,59.31462,53.46032,56.316154,56.948887,58.754753
71.69935,71.460434,74.38033,79.915535,68.377975,65.25012,62.472694,66.36564
62.17875,62.634308,63.302933,63.254242,54.536716,53.094734,60.148315,59.663074
66.78028,67.47331,75.45592,79.28569,68.031075,64.331696,64.53417,67.6944
64.09499,62.598526,65.77556,66.10072,57.712925,57.017445,58.946617,59.442604
70.161125,69.522194,63.544716,68.420204,56.519,53.116642,58.219074,58.091736
67.92833,69.24318,67.25821,68.40815,60.402756,61.69656,58.59173,64.206345
63.404774,64.099655,63.46475,61.376255,54.953754,56.262676,56.701195,61.62458
66.307884,67.31216,64.75911,63.75475,55.876137,60.20133,54.07027,62.705456
66.30709,68.047874,66.7499,64.151695,56.731094,63.455826,51.695145,66.05049
63.93364,63.40751,63.286346,62.516396,55.717403,57.281216,57.913548,59.28035
67.102615,69.46315,64.53972,63.349007,57.372368,60.54608,56.93544,64.07434
69.02855,64.85207,65.442894,65.76098,54.92148,47.871876,56.799583,54.988968
63.66151,66.32331,64.4796,61.525078,55.880486,58.33312,58.277588,63.693195
72.86637,71.6246,64.95385,68.86732,57.0086,52.94273,56.51675,57.89676
67.3087,66.11635,72.82101,77.53206,66.32621,63.56001,62.914425,64.065926
71.816414,74.065544,66.79169,67.31203,59.774715,61.498302,55.953033,66.00642
63.606197,63.80665,60.64642,60.77046,53.208054,52.6893,58.015728,57.598454
64.906555,65.75943,66.93295,67.40638,59.59284,60.70067,59.434372,63.16809
62.799995,63.27278,60.26281,58.44188,53.754784,58.938324,55.073853,59.309566
77.85019,81.07794,71.940765,72.83954,63.394176,61.841087,54.210083,72.02884
61.381657,58.351074,67.01899,66.1407,58.497135,59.31032,56.490906,59.515667
63.4582,62.76754,61.97418,60.41981,54.335682,57.31657,55.127068,58.682686
62.906532,62.98163,61.384426,59.005894,53.634907,58.440216,54.658813,59.233315
66.04492,70.12829,77.03467,71.81847,63.13355,66.23527,55.277355,73.13068
83.77172,87.84265,74.82843,78.05406,68.12813,67.18419,54.980434,76.28442
72.9746,69.84666,64.72749,71.3615,57.278908,50.05507,51.089905,60.903896
64.24565,63.260025,69.956116,72.27619,61.851852,59.307663,62.57192,61.96572
68.24344,68.91262,66.0892,66.23442,57.015602,60.673332,53.35185,63.619297
76.5493,78.60689,73.39208,72.69966,61.401646,60.341408,53.096676,68.69859
64.19795,65.6955,63.28504,61.093216,55.673622,58.88182,56.804115,62.28198
69.862076,69.494896,64.286766,65.997475,56.088722,55.25096,55.995583,59.166443
65.52294,67.04138,63.838387,62.036728,55.10087,59.23493,55.233677,61.82806
61.33229,62.23902,62.86581,61.809177,54.404366,54.715115,60.219307,59.760727
78.73314,83.38384,71.50699,73.35822,64.85448,66.046196,56.546265,73.08091
63.851917,63.627388,64.95928,64.03506,55.826313,55.013603,60.13477,59.63819
62.65577,60.672028,64.13905,63.92004,57.112865,58.275627,56.533295,58.915596
64.508026,65.14939,64.157074,62.44479,55.289875,60.914845,53.183426,62.638958
65.3514,64.307686,63.216717,64.363655,55.358856,58.44384,53.936913,60.210384
63.710697,62.08298,64.77145,65.50458,58.052795,59.332615,57.804535,59.38532
69.84392,67.664894,64.757225,65.39436,55.6617,53.03366,54.440224,57.69187
64.63235,63.541367,62.155693,61.752407,53.932476,52.648796,57.506474,57.28379
62.732185,61.302193,65.79063,66.22414,58.500023,59.08646,58.602493,60.056602
69.08462,70.75105,68.81915,66.41994,57.93053,60.065903,54.087906,65.24515
65.69434,64.775475,63.614613,64.41665,57.0494,61.375732,55.728806,60.033375
65.38573,63.428432,75.55124,80.800026,68.77459,64.12215,65.478294,64.6587
61.09457,62.86633,62.80753,58.45039,54.052204,61.40957,54.436863,62.18955
67.1616,66.77435,64.98381,64.22484,56.1755,55.415596,54.210682,62.570118
61.041855,55.4855,71.85518,72.96999,63.12645,60.110706,58.728264,59.92367
67.22496,62.134796,68.541405,69.34653,57.707317,49.544,58.35977,56.09114
67.12957,66.026505,62.964695,65.17318,57.050888,59.896587,56.17487,59.42669
67.7049,68.64388,64.29472,63.918583,57.28,59.709103,56.113136,62.57919
68.464294,66.03157,64.44362,68.80789,57.764877,57.927734,55.405075,59.649406
60.78277,53.40808,76.00062,77.84694,66.72667,62.339848,60.40641,60.800117
65.85166,62.175304,64.87569,65.37121,56.14431,52.186256,56.077873,56.43636
67.969536,67.80608,63.089787,65.35414,55.64977,55.702538,56.955105,58.74242
73.532814,74.8848,68.96681,69.17034,60.21732,58.926888,53.874725,67.3326
71.29641,71.45616,74.92247,80.15348,68.64565,65.32497,62.901997,67.135445
73.00388,76.04912,72.83857,69.362915,59.970047,54.97976,52.282978,72.83084
65.63088,65.522446,61.76154,64.534325,54.661705,52.939247,58.300983,58.275776
71.344025,69.06139,66.79611,69.938484,56.534218,47.762825,51.076992,63.37552
70.738075,69.70882,64.756905,66.510895,58.295208,59.261353,54.631607,61.06208
58.999187,63.417423,74.05194,66.73675,60.607082,66.96708,55.938065,71.516304
63.21819,63.74709,60.029675,60.502583,54.31191,57.42695,56.775845,59.21365
61.57501,61.1381,72.85296,68.844505,60.120743,59.81037,56.527935,65.43265
70.28787,72.45322,68.34128,67.485115,58.265953,62.33048,53.08674,66.52161
68.41857,67.59177,64.95562,65.35636,56.60851,55.350708,53.8659,62.18289
60.527122,55.809765,71.42471,70.43455,61.191505,59.362125,57.24408,60.453712
69.89723,71.21099,69.086235,68.46015,58.769054,64.15223,50.67799,67.64473
70.88187,67.961044,65.01526,72.64768,57.996773,53.625107,55.280186,59.429623
64.67169,66.3912,63.896923,60.84277,54.76801,59.882767,54.509884,62.38182
68.51229,70.29728,66.8728,65.77146,57.227444,61.58324,53.437233,65.06266
74.682655,72.71139,68.07971,74.55788,60.06744,57.93102,53.31282,61.99525
63.370144,61.296535,64.821175,64.57995,57.08878,57.131733,57.314552,58.796806
74.97182,74.07133,69.39328,70.65077,60.250248,56.66002,51.813896,65.588844
63.034492,61.856632,64.25175,62.171005,55.247646,57.403076,55.193867,59.339108
62.63028,60.459743,67.92943,69.47165,60.624355,59.807568,59.57386,60.490555
66.79825,67.9912,66.9328,64.248695,56.630753,59.41268,54.3679,63.547943
67.09777,71.160614,66.99447,64.59625,58.006214,59.489094,58.640564,66.93907
69.22484,67.26342,64.27656,69.50711,56.9799,55.183212,55.31595,59.461136
67.42659,66.699066,63.127995,66.09022,55.730293,55.407654,56.395824,59.038246
61.620182,59.41056,66.58521,64.81012,57.393856,59.07757,55.88592,59.917416
67.493126,65.98335,62.417896,63.01156,54.30142,53.01074,55.542553,57.00296
67.35106,64.25229,67.46326,68.10623,57.05644,50.97635,59.623867,57.3512
80.71642,76.03203,69.176506,78.10583,60.410248,45.83479,45.93629,63.06746
68.09428,73.03735,75.081955,69.98151,61.8433,66.73086,54.297256,73.038605
68.48058,69.605484,64.27635,64.681335,57.962196,60.879005,56.59807,62.55315
63.787502,63.69289,62.618645,63.865967,54.64364,52.980423,58.164562,59.696
73.499146,75.911964,67.638435,69.541756,61.474377,63.301147,56.717438,66.56159
64.46878,60.87917,68.82293,70.23938,59.928238,55.56716,59.410477,58.82674
62.925827,60.411633,71.16184,73.93132,63.299156,59.92275,62.112576,61.528374
63.979618,61.912697,67.07779,69.16302,60.349472,60.220272,59.314175,60.049774
72.08311,73.336945,76.441696,81.33748,69.832825,66.06573,63.52073,69.424324
64.05939,64.48921,60.65727,60.694855,55.052418,59.04603,56.904392,59.245255
66.99309,66.27867,67.82162,66.19087,57.26087,56.78674,54.9643,61.668987
63.78805,63.88965,62.19582,62.80679,54.641617,54.46714,57.25408,60.049664
77.07712,74.097885,68.395775,72.63374,60.752296,56.14675,50.665264,62.46497
77.38335,80.03262,72.435234,74.21574,61.86388,62.0011,54.066776,69.14517
65.6421,65.70932,63.44668,63.597878,57.039177,59.90945,57.18563,60.582264
80.433266,76.64861,69.18491,75.77084,62.417347,56.220062,49.30729,61.924698
63.415516,60.06637,68.666435,70.9718,61.54787,59.929752,59.131138,59.804703
58.327694,55.019653,77.567345,74.26239,64.33334,61.040527,58.34623,66.07858
73.81404,74.954155,68.50122,71.17655,59.348553,59.10346,55.080814,64.35263
73.03011,70.29509,66.1616,73.283936,58.88814,55.963604,54.31333,59.71582
63.830734,63.113056,63.434513,63.596706,56.892075,59.405273,57.74127,59.540237
68.5399,71.94129,65.83401,64.5325,58.367043,61.299152,57.051365,66.20077
73.24338,71.556244,67.70974,73.022095,59.465607,58.800186,52.8885,62.440456
70.51431,71.88133,69.82504,72.584984,63.259506,63.24802,59.409966,65.84901
74.599686,73.44309,68.51807,73.97629,60.085457,58.6751,53.375687,63.06414
62.97063,62.277454,67.82259,69.39317,60.631268,60.698162,60.80582,61.706257
67.95819,67.39703,64.64447,63.660004,55.39896,56.002235,54.318493,59.896885
67.88027,66.71306,66.597176,67.913475,57.530766,61.65656,51.300484,63.601963
62.23382,62.904305,62.348663,59.63788,53.999084,60.358395,53.873283,61.181404
64.64099,63.288315,62.46885,65.04681,55.25624,56.369335,55.01547,59.835243
62.5295,64.368034,62.7774,59.84992,54.997368,58.648945,57.409805,62.051147
64.08895,64.49552,60.97143,62.715767,53.8805,52.642017,58.826862,58.10194
65.01338,64.70723,61.378773,62.901676,55.528866,58.16993,56.52314,59.290123
79.22772,85.12985,72.97778,73.68964,65.51719,66.62833,56.921505,76.000175
63.98803,62.329315,64.56643,64.23495,56.60165,56.53537,57.74377,58.800465
74.02977,71.3391,65.77252,74.90764,59.046383,52.04151,56.779892,58.596184
72.32016,71.96853,65.12069,69.78044,57.63896,54.975563,57.375763,59.242744
73.29629,71.25591,65.85076,72.472015,58.614857,55.491302,55.4726,59.212406
61.211002,62.182457,65.413445,61.209816,55.453873,60.25096,55.151207,62.567257
63.68373,63.728558,61.97549,61.65797,54.211067,57.395023,55.567856,59.554554
71.93595,74.21735,67.18005,67.47639,59.808,61.127926,55.722195,66.42763
69.46543,74.004906,67.4062,65.385544,59.09873,61.445713,57.023018,68.73396
65.19257,65.56306,64.41096,63.71639,56.34218,57.22651,58.697414,60.68432
62.955296,63.292706,61.06094,59.75221,53.305023,55.760258,56.424397,58.588673
63.645683,64.19991,62.069714,60.73317,54.103573,58.235836,55.508392,59.810726
67.573715,66.03133,63.981926,67.00451,56.31553,57.51238,54.21242,60.000603
71.75706,72.84057,67.25177,67.16796,57.502247,57.989407,54.42601,63.2294
62.833893,63.366837,60.08463,60.34994,54.021263,57.083725,56.560177,59.27778
72.25019,75.302055,72.68128,70.069214,60.57026,62.639282,53.620888,69.47112
62.73063,66.683174,67.91371,62.204277,56.86337,64.3637,54.441536,67.505585
63.436157,63.612537,64.420525,61.452736,54.935764,58.17058,54.86207,60.913563
71.45839,73.939285,72.05142,74.73973,65.03254,64.226906,60.340454,68.53443
70.153076,71.913185,66.090225,65.99024,58.711727,60.354553,55.80727,64.95172
75.86581,76.56814,70.96358,74.38764,61.227257,61.39449,52.610344,66.94801
68.00678,64.23898,71.35164,75.37385,64.11693,64.8831,59.293564,61.194847
68.66762,66.38541,64.154396,69.779236,56.911232,54.75207,55.135925,59.58153
63.08669,61.00928,65.755684,66.51426,58.709232,59.13732,57.96749,59.517754
63.455902,62.015427,69.46751,72.34226,62.502922,61.40997,61.849243,61.741238
68.89271,71.16335,72.08529,74.29536,64.63233,63.564785,61.244976,67.94264
64.413795,61.852287,70.79531,73.31164,62.12685,57.52665,62.17999,60.702156
64.55824,61.424168,69.519356,71.34491,60.661877,56.18496,60.51658,59.52276
67.617485,71.54913,74.67185,70.04359,61.570652,65.18045,54.620075,71.56259
63.98575,67.051056,66.36844,61.71519,56.033337,62.535564,54.288734,65.555275
80.73832,86.10741,73.339485,75.04978,66.416016,67.27545,56.60795,75.972626
77.40035,80.28174,73.23397,74.3915,62.24481,63.45555,52.98823,70.53317
72.042534,72.23703,66.782326,67.74826,59.199852,59.124035,54.304634,64.132545
62.6078,63.38429,60.527756,60.67605,53.335262,54.08568,58.20926,58.44357
64.51202,64.46052,60.85631,62.2701,54.74795,56.208332,56.168957,59.53092
65.69462,65.721016,68.067345,69.2039,59.790443,58.420288,60.930252,62.121754
66.6446,65.408035,63.702393,65.59635,55.89024,58.352055,53.939472,60.15145
71.11775,66.54674,67.75656,74.039955,59.846123,58.528465,53.709255,60.26386
60.25575,56.763805,68.50601,67.478714,59.6872,60.702187,56.771458,60.140236
69.99576,70.4569,65.95545,67.6642,57.36251,58.7387,54.865982,62.318832
65.31466,66.7135,63.978012,62.941666,56.896824,59.94128,57.34133,62.426712
64.37061,64.19928,63.737328,62.877647,55.21918,60.46024,52.982277,61.81205
66.80925,66.825195,68.64796,71.09761,61.932148,61.92396,60.081917,63.232506
77.58816,74.45256,67.79091,72.99093,61.06597,57.069542,50.9556,61.584908
69.0484,65.794426,65.04648,71.36071,57.613087,55.689114,53.679733,60.223145
71.18012,69.295784,64.220116,67.992195,57.448723,55.05462,53.205036,60.699318
67.0524,66.70045,64.636055,64.03631,56.196255,55.957485,54.499626,62.22
66.277245,69.52036,68.07439,65.931145,57.791634,56.62719,60.64365,65.63766
62.82299,63.26371,61.177982,59.2643,54.35415,60.94585,54.49357,60.168816
64.02483,65.70784,63.564598,61.004524,55.602985,58.588387,56.727177,62.73126
62.38731,64.27739,63.849808,60.83992,55.1511,57.36384,58.559505,62.231655
62.769554,63.346706,60.59091,59.53759,53.37625,56.02006,56.72745,58.67813
56.652397,60.65516,74.62819,66.8561,60.880585,66.98533,56.51865,71.43605
73.36763,73.57452,67.4048,68.879166,59.916965,59.454052,54.026276,64.66582
65.0216,63.559143,71.49458,75.43132,64.70534,62.513332,62.730877,62.896538
76.601006,77.91747,69.48631,72.91648,60.174507,57.239914,56.265484,64.114815
73.69135,78.74383,72.728546,73.21351,64.153336,63.31094,59.894215,72.34467
72.47516,75.673386,69.99844,68.87846,59.345417,62.863777,53.58023,68.27808
75.854034,81.68345,72.11251,70.933365,63.084,63.387657,56.26972,74.704865
73.82871,75.80097,69.14856,69.45002,58.979404,59.370964,54.539406,65.47832
73.60844,76.653465,67.83547,69.1485,61.370174,63.366467,56.64784,67.560005
64.914276,66.52671,63.790417,61.240696,54.85034,59.587063,54.822487,62.07841
62.63127,59.802143,68.29112,69.98148,60.940205,59.561115,59.189407,60.124474
74.09903,75.026665,67.50086,71.08849,58.94825,57.01847,56.70096,62.45306
65.536865,66.45581,63.67765,61.49456,54.754303,58.479393,54.618446,61.206142
71.71869,72.25773,67.856766,69.8783,58.6908,60.29732,53.51643,64.38191
69.356766,67.95566,64.368126,68.187126,56.839787,56.794716,55.030865,59.551556
64.58425,62.856262,63.52092,62.57724,55.273636,55.160915,57.00383,58.02821
64.85157,68.92114,68.89415,63.014847,57.38624,66.22144,51.813107,69.48513
62.354427,63.06804,60.561085,58.591217,53.548073,58.560658,55.502815,59.41999
67.33187,66.536835,65.20506,65.61532,55.738598,52.191853,54.03447,62.553085
63.62977,61.97141,63.152103,62.436802,55.558895,56.663902,55.760628,58.3301
67.35127,65.8389,63.776398,65.82142,57.285465,60.619648,55.224754,59.804123
64.278366,64.67331,61.998646,61.084442,55.492325,59.167778,56.835945,60.108746
64.09837,62.45966,66.04493,66.47945,57.93124,56.974174,59.018166,59.435116
62.71385,58.86668,75.3739,80.04469,68.07565,62.431355,64.52382,62.85718
62.78908,63.583763,61.581642,60.344982,54.543625,57.433804,56.802147,60.510117
63.196136,62.287636,62.433105,61.05206,54.865147,57.630657,55.35876,58.79262
79.8962,82.21596,73.014275,74.8135,64.33648,61.189865,52.87838,72.169945
68.33355,69.8327,65.32784,65.07349,56.467564,59.141968,55.3805,62.622078
76.38805,80.47127,72.7831,75.27646,65.93252,65.80296,58.62539,72.07566
63.27657,65.48076,63.99079,60.807293,55.436188,58.085762,57.390034,63.291965
63.61865,63.435436,61.56242,60.807354,55.21059,58.787315,56.718773,59.193058
61.83498,62.858498,60.551556,59.986866,53.874676,56.34987,58.372105,59.147118
68.117134,69.9775,65.535736,64.36074,57.650734,59.486683,56.00161,64.60575
60.827637,62.0341,62.658276,58.86222,54.384624,61.5878,54.71128,61.499924
71.74884,70.68172,67.77455,68.05311,57.581814,54.84364,54.21676,60.853165
62.29992,63.323116,59.671665,58.524727,53.651016,58.15168,56.37877,59.269123
69.36748,69.0789,65.3165,67.57122,57.069443,58.38565,54.583675,61.421234
63.0453,58.597057,68.19612,67.96108,58.695854,56.1131,56.549232,58.189804
64.527664,61.323368,64.95221,65.092735,56.658207,54.53753,56.22653,57.413685
74.105125,79.99343,70.19996,69.20873,62.164616,64.15128,57.26432,72.80034
65.14762,64.81064,62.03392,63.159603,54.061012,51.380993,59.076874,57.28146
76.81334,75.37737,72.40531,72.75561,60.806213,53.12726,49.202282,68.125595
63.867104,64.01573,66.04996,64.83883,55.31736,51.640488,58.986027,61.6669
64.586815,65.21908,63.622845,62.472385,55.946205,57.965652,58.00439,60.84426
74.12874,73.10659,68.772835,69.77655,58.378487,54.37544,53.900784,61.333866
69.75727,67.607796,63.736176,71.30352,57.02522,51.000793,57.612568,58.447533
68.56879,68.096535,63.24578,66.59316,55.959423,54.734455,57.24857,58.596207
62.1793,62.941162,60.911858,61.122746,53.858818,54.727287,58.893627,58.833168
63.548542,63.402058,60.994385,62.723877,54.227806,54.760307,57.046032,58.979607
66.166336,67.02054,65.292816,63.01416,56.27873,57.04785,55.18625,63.670643
63.903164,60.742317,65.23207,65.332466,57.134964,55.550175,56.40756,57.82355
67.170006,69.64714,64.64954,63.406,57.43398,60.59421,56.957157,64.280525
63.722294,63.284904,64.84066,65.34082,58.03668,59.88807,58.697826,60.53357
62.115437,63.49656,63.110977,60.151917,54.7876,57.491623,57.82401,61.536037
70.119606,68.48326,63.33595,67.06078,56.991463,55.455048,53.851257,60.177715
69.32765,71.516106,66.03872,66.315094,59.245605,61.630024,57.188976,64.86643
75.125175,79.22353,77.651886,81.18173,70.38132,67.24073,62.70476,74.24251
66.92298,68.65804,67.15181,67.22338,59.344856,60.131824,59.12475,64.26054
78.09567,75.020195,71.21166,73.82141,61.138313,53.522015,48.70476,65.13019
73.88207,79.92871,70.66992,69.11576,62.01722,63.48876,57.00556,73.38645
67.983086,71.1963,67.944565,64.554504,57.358116,63.701214,52.681522,67.474815
68.522,69.191246,64.25035,64.54498,57.655,60.115814,56.035675,62.233246
67.005005,65.41044,63.606922,66.06733,56.98859,59.51891,55.269806,59.7678
73.72349,75.29316,68.58961,69.21006,60.464066,59.924717,54.370056,67.126015
59.8258,51.65917,76.46573,78.409546,66.97398,60.283947,60.123444,60.41816
61.5063,62.32176,61.66335,58.435978,53.871227,60.72088,54.565716,60.444004
62.945873,63.02305,61.11269,60.96898,54.175125,57.92673,55.39142,59.73551
76.86565,76.50017,72.564926,76.92518,62.599735,63.44349,49.679253,68.58086
69.01784,70.814445,66.82692,66.10165,57.30455,61.009186,53.963924,64.71185
67.12438,66.50336,62.707264,66.09685,55.490704,54.041172,57.282646,58.66499
61.330013,56.42754,70.53715,71.80588,62.250782,59.29686,58.486694,59.711914
74.41213,75.949135,69.6035,69.94557,60.748543,59.10917,53.694992,68.104546
62.919598,63.13026,61.165516,61.299706,53.85443,56.010048,56.532997,59.191658
73.692345,78.95611,69.45154,68.839554,61.735577,63.814972,57.09823,71.456566
69.36078,72.87352,66.415146,65.240715,58.806847,61.38707,56.865067,66.853004
63.237427,65.313896,65.24721,62.51927,55.804325,56.52619,59.565132,62.85906
63.0369,63.605267,60.85208,60.717766,54.46526,57.226868,56.85435,59.81813
79.194405,82.48592,74.493286,75.80145,63.2357,63.61494,53.46697,71.67358
76.08129,81.23418,71.002975,70.984276,63.10076,64.159645,56.478386,72.98276
63.900524,65.81404,64.481186,60.958164,55.07024,61.816936,53.345436,63.85138
71.48598,69.614426,64.08096,67.914604,58.09692,57.45933,53.952473,60.073048
66.97967,67.18152,71.473114,73.79209,62.754005,59.045006,62.97364,64.01179
70.428734,68.56653,64.04366,67.71249,58.00895,58.203106,54.63667,59.872364
75.85714,77.91537,68.46473,70.763016,62.02504,62.833755,55.257,67.33857
61.97833,55.60609,79.202675,84.50203,71.78468,62.66033,65.71757,63.150787
70.30954,72.80057,68.29573,69.40403,61.343925,62.626392,58.232765,66.494545
72.23265,75.697296,70.47292,68.690056,59.484516,63.916504,52.847336,69.25187
58.85987,64.00984,72.48174,64.747765,59.515602,67.53548,55.530506,71.35918
71.84946,69.09948,66.01083,72.078636,58.50957,57.402336,53.317856,60.204483
68.73942,67.621544,63.238514,65.64787,56.63562,56.238533,54.4981,60.416626
67.44142,66.92127,63.116913,65.608086,55.65619,55.83054,56.387608,59.032005
61.526825,55.076397,75.793076,77.61593,66.64284,64.3423,60.716415,61.426323
73.61589,73.887405,69.35533,69.45336,59.832638,57.022453,52.676994,66.76065
72.61585,74.074814,67.6122,69.501625,58.546333,58.75325,55.676765,63.755924
63.036476,61.493946,75.08347,79.319885,67.54117,62.94787,65.8236,64.63219
70.22236,67.88472,64.90597,70.68563,57.572483,55.7157,54.66436,59.702744
63.73775,65.07058,65.2197,63.216488,55.952923,56.177242,59.69134,61.89484
70.65619,69.28813,63.951237,66.541756,58.079807,59.093945,54.7079,60.1081
66.950836,69.68852,66.075485,63.242264,56.29695,61.558067,54.231567,64.96174
64.182014,63.101696,63.31818,61.448025,54.379105,55.975986,54.90799,58.681732
64.01124,61.11304,74.306595,79.36856,67.50221,63.137905,64.77815,62.912262
65.12808,64.86551,61.9964,63.172237,54.826134,54.590183,55.422424,60.453415
62.72133,63.167336,61.194176,59.9132,54.700653,58.67014,57.133305,59.559208
62.237297,62.250443,62.22852,60.656685,54.60714,56.938286,58.197243,59.15485
61.35692,56.434483,69.96066,69.51745,60.320824,58.414112,56.980865,59.184093
64.004135,65.603546,64.19102,61.131786,55.48631,57.653934,56.23936,63.307346
66.52984,66.47075,68.07471,70.312614,61.383415,61.661182,59.814526,62.825672
70.95884,73.74996,69.02107,67.69867,58.61452,62.74824,53.26448,67.43104
64.10316,64.08833,61.34347,61.086018,55.337585,59.035545,56.82563,59.20853
64.30553,62.542915,64.85368,63.828403,55.051224,52.449314,59.304394,57.71312
70.94757,75.49347,71.092354,66.99865,59.300106,66.108635,51.716267,71.239784
62.553787,63.391315,60.11714,60.05305,53.558205,55.668182,57.5365,58.80338
70.88759,74.10072,66.56687,66.44174,59.586304,62.179596,56.76579,66.68901
72.751724,68.0438,70.65,76.034485,63.421623,64.33812,55.526604,60.668797
64.33652,64.142075,60.968597,62.583576,55.026142,57.158817,56.57306,59.259636
76.22918,78.844124,73.58179,74.06409,62.25316,65.51001,50.710415,71.6845
64.66734,68.576035,65.27504,61.90353,56.57599,59.44111,58.018337,65.836174
71.450226,71.45379,65.52424,67.46639,56.951916,55.656487,55.848927,60.30248
68.30031,70.70469,64.9897,64.31243,58.003647,61.00539,56.82197,64.49858
62.611027,63.132732,60.455452,59.878994,53.969837,58.183002,55.79644,59.598362
60.204052,60.00311,69.321556,65.296135,58.182114,60.750683,56.10395,63.713192
63.666832,58.72464,68.52637,68.59691,58.792053,54.923553,56.624413,57.68298
67.53201,65.75863,65.327866,68.0762,59.1138,61.514652,57.140614,59.8619
63.104324,61.407505,64.7535,62.999756,55.691803,57.119823,55.36271,59.053177
56.98575,58.547775,77.62612,71.18517,63.119526,64.69425,57.556576,70.869705
62.27401,63.141,60.140015,58.368397,53.636654,58.881836,55.63659,59.488804
73.09917,73.43651,67.564865,68.00574,57.680214,56.56739,54.031147,62.447952
78.33659,80.40075,71.90124,74.0782,61.427994,59.147465,54.88497,67.187706
70.77549,71.92541,65.93027,66.50073,58.888702,60.356617,55.516933,64.2038
66.953926,65.83053,64.14038,66.62258,55.348515,50.528,55.522472,60.906837
69.28673,65.846794,65.72534,71.33637,58.441414,57.283253,54.873295,59.82738
74.28365,80.18817,70.30073,69.36099,62.278133,64.23522,57.25612,72.92463
71.08929,75.64116,67.72599,66.64564,60.04043,62.552696,57.1167,69.05181
66.42303,63.90862,64.01898,68.279854,56.432373,55.96648,54.642902,59.937416
63.891483,60.572803,65.564575,65.61516,57.329784,55.462307,56.72621,57.825996
65.34209,66.499695,64.112045,62.537342,55.32623,59.990967,54.38977,62.268173
68.48174,68.3397,62.501217,65.93294,55.390507,52.366817,58.821022,57.56909
67.21935,72.70079,66.963104,63.5563,58.180714,61.18808,57.745117,69.091774
62.90676,62.14517,68.606674,70.45484,61.297215,60.828136,61.366688,62.00161
60.72489,57.261646,68.177795,67.20809,59.32058,60.0371,56.663006,59.855904
70.14595,68.890564,80.74233,79.04975,66.384926,58.659573,56.682144,69.53274
68.773636,72.50735,68.18448,64.47929,57.43302,63.157608,53.467377,67.56296
64.004166,63.81452,69.67619,71.686676,62.177666,61.194813,61.70862,63.23114
61.99788,62.624294,61.488556,61.620945,54.252995,55.274136,59.013412,59.248955
64.62856,65.067345,66.040634,66.49765,58.95599,60.476612,59.003567,62.23724
61.97191,62.824284,61.409916,58.25674,53.509514,59.87904,54.56457,60.194405
60.97079,63.933025,72.105286,66.19141,59.46998,64.273964,55.668766,68.78598
61.84138,62.610138,61.06255,58.125877,53.649734,60.688843,54.300735,60.22305
61.65125,59.618145,70.04604,67.347694,58.771236,58.075863,56.426853,61.96485
62.02864,62.954323,60.258095,58.246647,53.73499,59.833633,55.205006,59.880222
62.462418,62.631382,61.667664,59.01591,53.769268,59.11218,54.601765,59.548615
71.762924,74.92857,69.501724,68.13867,58.943146,62.717915,53.655064,67.873505
60.822098,62.227715,63.88306,59.681217,55.119354,63.18976,53.95758,62.995457
63.144814,63.654648,63.767006,62.545692,54.874718,54.53447,58.09328,60.988064
70.83328,72.76916,71.59289,74.46775,64.7105,63.920654,60.35902,67.518364
74.079636,71.29111,67.46087,74.50726,59.78599,57.62797,52.9293,61.096607
65.66142,65.620575,68.694466,70.85093,61.748028,61.64694,60.462517,63.103157
64.389336,64.31826,62.14602,62.478977,54.46811,56.889732,55.840958,59.406494
72.473595,74.49884,68.833405,67.58492,58.252914,59.893642,53.56886,65.687294
65.8515,64.37195,61.51303,61.194927,53.46015,52.396893,55.57558,56.730125
68.06968,66.48345,62.28239,66.54293,55.422695,52.19504,53.69427,60.118313
70.73803,70.4032,65.24095,68.61333,57.34033,56.862755,55.827362,60.44831
64.41536,61.37902,64.95783,64.73845,56.369953,54.7378,55.976696,57.55151
66.67081,66.91841,63.886364,63.16312,56.543655,58.629875,55.769833,61.66917
64.6924,65.30376,77.17091,73.32926,63.274853,61.673527,56.46554,69.34944
63.45481,60.153305,65.724335,65.82402,57.63718,56.17907,56.573315,58.083786
62.20005,63.135765,60.14725,59.846336,53.8522,56.63661,57.71444,59.128315
77.77733,77.79459,72.322334,77.125946,62.598656,61.845093,51.48681,67.7059
60.275494,58.99687,65.71979,63.592285,57.394993,62.02645,55.875927,60.76284
69.357994,69.08963,82.871796,80.42102,68.035164,61.084908,56.9923,72.37165
63.731842,64.288765,60.333324,60.317455,54.72092,58.822227,56.63694,59.283047
65.12092,66.03613,64.10931,63.26679,56.720726,58.99508,57.863663,61.653835
68.754944,66.87225,64.953415,64.98176,55.688934,53.87496,54.573917,58.302616
68.57141,71.23357,70.286766,71.45284,62.731735,62.83307,60.06093,67.46043
76.197266,81.668785,70.8529,70.99164,63.340717,65.00116,56.964863,73.168144
69.40107,67.48974,64.118034,69.816055,56.960194,54.185074,55.986397,59.161533
64.28337,61.020607,71.482285,75.67365,64.728455,61.67127,61.92437,61.14997
63.191963,63.194954,62.051136,62.094135,53.689266,51.82586,59.631508,57.69068
71.7514,78.530815,69.87517,67.26021,61.02154,63.342953,57.71775,73.16763
71.29357,71.34506,68.58578,72.37834,62.83187,63.036453,58.580948,63.621227
71.513535,75.056526,72.058464,73.102264,63.324833,61.404133,60.926838,69.2757
62.00362,62.82556,60.737755,58.51632,53.62853,59.51081,55.137695,59.866547
65.78335,64.06322,66.9531,69.71229,60.678516,62.245632,59.54608,60.226185
64.49734,67.915115,66.40772,62.820488,56.476463,57.352417,58.438557,65.79871
63.98594,63.268494,61.73653,63.988094,54.56689,54.808037,56.351177,59.25024
63.51628,62.43306,63.742302,62.865837,54.454197,52.4305,59.38976,57.753403
62.32723,58.997948,67.28366,67.70405,59.549606,59.262447,57.519268,59.31257
72.48863,71.56316,66.14249,67.14487,56.74911,54.38121,54.117077,59.89917
67.73819,65.88334,65.23109,67.73958,57.007057,60.08202,51.91855,61.75852
65.335014,67.45297,65.28599,62.25189,55.712627,61.82552,53.489464,64.40268
63.545696,64.05325,61.123764,61.635483,53.764122,54.470997,57.795967,58.578255
65.12956,63.306946,62.556034,61.909485,54.418747,54.202717,55.30781,57.340824
64.630394,63.54947,65.49939,67.01514,59.07435,61.872612,58.50786,60.214626
75.37244,79.67675,69.372284,70.24197,62.47547,64.323654,56.64513,70.499664
66.57379,61.849796,66.66614,67.18373,56.668907,50.90077,55.88791,55.978943
64.62572,62.82469,69.78243,71.96869,61.189037,57.549786,62.15712,60.801678
76.99881,79.69967,75.01988,79.62208,68.8553,66.86011,60.36755,71.33616
70.10388,71.19755,68.39082,68.441734,58.496456,62.775517,51.766388,66.35932
71.22917,75.0713,68.458244,68.48582,61.067127,62.86856,57.711643,68.48723
74.874344,72.75399,77.261505,77.81142,64.131546,54.565876,55.42575,65.39569
64.45432,65.728226,66.0671,62.641483,55.94797,59.849674,54.634865,63.189972
62.516083,60.704815,66.84599,67.75237,59.522583,59.43525,59.012093,60.28343
65.97662,64.09323,63.15263,66.87877,56.111843,56.16262,55.351055,59.67903
68.9821,67.86819,63.102085,65.09794,55.308384,53.717224,56.28534,57.490463
69.719955,66.67962,65.901024,70.19614,58.90682,60.13934,54.687344,59.95511
65.678276,67.50464,65.7793,64.32145,56.94403,57.456554,59.186127,63.104313
62.623657,63.337296,61.06811,60.500813,54.37218,57.080967,57.114155,59.98456
62.338627,64.71107,66.28751,62.988155,55.655903,54.912655,60.898582,63.220913
66.544334,65.05136,67.704834,66.359985,57.187195,55.758934,55.224545,60.651756
73.035515,74.367615,69.5311,72.99701,63.567345,63.848816,58.37395,65.954056
68.50603,69.86154,66.17782,65.80821,56.965427,60.460632,54.09408,63.82879
67.17254,65.38585,64.18919,66.823456,56.36317,58.64076,53.196545,60.461617
60.843754,57.288586,74.07804,71.65709,61.70129,58.109474,57.48995,63.042038
67.53866,67.19418,63.981926,65.537506,56.02582,57.908775,55.01433,60.34599
78.80857,82.25143,71.27308,73.43163,64.268715,64.26704,55.21302,71.59563
68.00563,65.73384,64.13708,69.012596,56.730278,55.833565,54.43046,59.91652
59.2784,52.70036,73.88236,73.57908,63.698334,60.52941,58.117836,60.481487
66.7547,64.61537,64.02831,67.41187,56.331944,57.699413,53.317432,60.446705
63.927574,61.507256,63.9946,63.887882,56.349552,55.887024,56.176685,57.953026
60.18548,55.15196,71.47007,70.69218,61.50925,59.884136,57.337265,60.271317
80.20744,84.44057,74.73103,75.101585,65.21965,62.33249,53.79232,75.964485
66.77619,68.46871,67.65166,67.97492,59.897022,60.51147,59.420067,64.50232
65.65224,63.19293,64.32372,63.81197,54.391926,50.080524,58.26704,56.440556
68.942986,70.93351,68.77892,66.94209,58.2604,64.42371,50.993942,67.88825
69.80971,74.71773,67.49685,65.60574,59.42399,62.11462,57.331955,69.14295
71.37704,74.464325,66.785446,66.86852,59.807777,62.176167,56.588913,66.77967
64.915855,63.59379,62.10147,65.50397,55.323208,55.213028,55.851997,59.483646
62.868404,63.16537,61.37602,61.03328,53.755505,56.2555,56.4126,59.22186
62.10913,62.14389,62.603497,61.288433,54.498695,55.60242,59.08817,58.9226
74.24647,79.68512,71.66419,69.69143,61.87474,61.565228,55.741806,73.793625
61.063175,61.10004,63.543488,61.285908,55.953968,62.234074,55.606316,60.80899
80.4285,84.372284,77.01368,81.43187,70.764534,68.59636,60.018574,75.191574
73.257454,74.4765,67.70443,68.723206,60.16687,60.251152,54.645912,65.91615
62.301624,58.37359,73.69122,77.5287,66.173416,61.303364,62.773293,61.946552
63.838547,63.342518,61.994396,63.144558,54.43998,56.00234,55.81994,59.461014
66.63482,67.08707,63.57997,63.88346,55.470776,57.97496,55.59703,60.48105
63.263733,61.03207,64.07915,63.873226,56.70017,57.013798,56.31303,58.412468
62.994392,61.503918,63.512333,62.352287,55.67628,57.654797,55.632072,58.800148
67.17245,68.94097,68.726105,69.449165,60.83324,60.771824,60.029106,65.129166
76.19556,77.60638,69.51486,73.18485,60.356094,58.185028,56.14457,64.5954
72.21634,74.337845,66.62245,68.08705,60.42297,62.617832,56.595135,65.46445
63.576782,67.21099,69.59326,64.22891,57.983738,64.13188,54.66954,68.08285
65.617714,65.189186,62.97074,64.06075,55.053116,53.57702,55.42561,60.89077
66.93046,66.15016,61.80154,64.372955,55.645515,55.744614,55.17655,59.727486
75.508675,74.8168,70.173355,71.19635,60.554035,56.296013,51.459183,66.55169
64.89981,65.51255,64.75613,62.01543,55.588615,56.494946,55.24708,63.027775
60.46719,55.827038,74.42696,74.80967,64.852264,64.985405,59.589314,62.491615
63.29031,63.330597,60.34217,59.19376,54.12537,58.075058,55.426376,58.868534
65.31719,66.12035,64.9769,64.54869,57.397728,58.950912,58.47133,61.871212
69.154434,67.963234,68.91449,70.014336,58.857483,63.08008,50.668137,65.35763
63.680042,61.73882,63.690083,62.93534,55.727394,56.416042,55.736115,58.255642
63.678776,57.89365,71.194214,73.37753,62.20522,55.596,59.002068,58.39865
68.47588,68.98753,69.83454,72.744675,63.176025,62.743313,60.24349,64.58396
65.014915,61.69861,64.74872,65.10281,56.473396,53.7321,56.229706,57.05844
70.511604,73.55224,67.51937,66.382286,59.177452,60.342453,55.88328,67.51497
65.78442,66.45182,65.6874,62.84382,55.961597,55.99376,54.732548,63.960804
61.534386,65.86389,69.05154,62.526733,57.436226,65.72811,54.17896,68.84832
63.606834,63.9559,60.75859,61.236,54.63524,57.184982,56.72424,59.578823
67.46784,72.44386,66.64125,63.711784,58.182354,61.21236,57.559944,68.37447
70.43053,68.837234,64.254105,67.20716,57.26565,55.494507,53.544773,60.911846
65.03471,67.77784,65.96984,63.595898,56.77737,57.691414,59.20251,64.32276
62.23157,65.66014,69.20196,63.568943,57.66096,63.986027,54.902416,67.60056
65.78745,67.2758,65.280495,64.10156,56.864475,57.781464,58.782673,62.565285
58.825417,54.68896,73.69501,71.74019,62.659496,61.44517,57.6981,62.805313
63.234062,63.351578,60.82802,60.15006,53.84619,55.474113,57.3175,58.372463
70.82571,71.89346,67.25435,66.81899,58.718586,58.507095,54.51724,65.50355
67.29759,71.31989,67.21874,63.839012,57.684826,59.113586,56.369675,68.15762
63.854725,63.31626,61.446564,63.540012,54.49946,54.988777,56.48337,59.211773
70.23232,68.9505,67.10599,67.168945,57.213123,53.37398,52.186024,63.847786
65.23469,63.78752,62.133545,61.725773,53.955505,52.61368,56.827564,57.042683
65.71054,68.623375,66.18899,63.997704,57.13073,58.125263,59.042305,64.76342
77.83287,76.16427,69.18117,72.962944,61.823456,58.565437,51.578587,64.20217
64.84401,67.65138,65.008934,61.055992,55.33055,61.705334,54.137676,64.44211
64.03993,63.869995,60.710842,60.357048,53.400528,53.975533,56.781513,57.7327
64.96466,63.612335,62.53372,65.68237,55.166225,54.93283,55.649246,59.512997
76.570305,78.19499,74.79819,80.22239,69.06448,66.7054,60.654823,69.59854
63.83571,64.37968,65.81968,64.38788,56.05222,54.736305,60.668407,60.858006
65.15261,63.79149,61.858074,61.252426,54.03695,53.6728,56.332855,57.2972
62.770115,60.91207,65.6654,65.946785,58.262146,58.557034,58.056374,59.608616
72.08899,70.605576,72.26274,72.26233,60.46967,55.203922,54.93482,63.107864
65.58268,67.39521,66.868515,65.384636,57.120712,56.05667,60.39706,63.205803
66.130035,64.53129,63.47158,65.67858,56.39424,58.90302,54.72554,59.977104
70.4594,71.09469,65.72446,67.71898,57.306385,57.83241,55.793064,61.726154
63.881474,69.81451,77.1581,70.37448,63.025085,69.07153,55.194485,75.10969
62.31292,61.316944,62.974567,61.800377,55.845875,58.970142,55.8151,59.30321
58.002228,62.112926,76.34437,68.92359,62.162464,67.32414,56.55741,72.59521
63.445385,63.59611,61.666363,61.117054,55.47887,60.127323,56.303795,59.667366
64.88682,64.339714,63.08867,63.985435,54.42719,51.063683,59.96129,57.402737
62.327515,63.174175,61.949867,60.706337,54.484768,56.67119,57.771206,60.326912
74.13172,75.40081,70.129654,72.1295,60.244347,61.6873,52.891384,66.86105
67.73631,66.29024,62.91609,68.48644,56.00096,52.07047,57.567657,58.5442
69.6235,68.337845,64.24355,68.39713,56.829422,55.98547,55.685734,59.251316
67.28359,64.38449,64.21412,69.873405,56.758564,54.594143,54.79004,59.82822
66.992676,68.8934,65.26515,64.34968,57.427525,59.140945,58.0047,63.44974
63.686012,62.787544,62.919353,62.431126,54.941498,60.27779,53.078835,60.674522
65.0231,65.88345,67.14747,63.83578,56.929333,64.71104,51.68993,65.533485
63.168728,62.89104,60.85025,59.981716,54.688793,58.13406,55.695923,58.8631
72.92325,70.407776,65.340775,73.730484,58.523758,52.44715,56.657196,58.70474
74.92028,78.34839,74.65331,72.911606,62.370216,68.74138,48.320015,74.36278
79.64402,84.98142,80.78797,77.97748,66.78803,68.98742,52.239536,78.820656
74.031685,77.46339,68.7722,69.22505,61.32797,62.504536,55.953968,69.04252
73.11986,70.541565,65.03016,70.07885,58.62252,55.89534,52.80733,60.417515
63.052322,62.342155,67.93228,69.58114,60.754025,60.75631,60.85487,61.748856
66.84158,66.325806,62.877518,65.26519,55.434563,55.613888,56.438095,59.041588
73.74842,77.87781,69.10427,68.97788,61.370773,62.73758,56.295383,70.03833
65.98469,65.112305,62.514805,65.36172,54.91953,51.890182,55.943615,59.95329
81.62775,84.38943,75.02544,78.32803,64.27513,61.558235,54.962986,70.76578
84.06726,90.64907,77.40288,78.267555,69.641075,69.76802,57.164616,82.072784
61.886734,60.645485,66.630035,65.33215,55.16385,50.41405,63.028954,58.086235
74.64448,71.72833,65.64678,71.366646,58.668392,53.27472,51.258373,61.090935
64.96654,62.871845,76.647415,74.17849,63.007538,57.706184,57.010853,65.91393
64.98383,64.47456,63.174976,63.34133,55.132847,59.00295,54.00718,60.48105
65.291084,64.95491,62.40618,63.76263,54.85329,56.15782,56.105244,59.25791
62.60177,63.23041,60.347366,59.989613,53.81656,57.190395,56.466114,59.29215
67.24666,69.19427,65.88431,64.1413,56.43108,61.076874,54.02705,64.253494
69.395035,70.944855,64.82052,65.19563,58.365925,61.12827,56.423862,63.513107
73.35487,69.09121,66.58316,76.47225,59.67757,53.626354,53.852642,59.962803
78.1044,82.68845,78.027695,81.66179,71.01295,68.224945,61.664383,75.92051
68.930336,69.947,74.0853,77.89029,67.026085,64.35251,62.868862,67.501396
68.49863,68.31579,63.053078,66.063225,55.777622,54.597515,57.6599,58.407646
64.0102,62.497364,62.907326,61.83371,54.863403,56.078434,55.353302,58.15101
70.171234,67.00763,63.22422,65.0902,54.60076,48.744247,55.67528,55.016415
72.40543,69.883064,64.762535,73.87794,58.202106,50.421844,57.779575,58.245255
76.66208,78.881966,71.011696,71.87193,62.28532,60.330795,53.650864,70.093315
65.335655,64.84762,71.559975,74.24508,63.26619,59.849907,63.297455,63.40937
62.786304,64.18705,65.03878,61.936905,55.263817,55.641205,58.541275,62.479538
66.07449,65.68022,61.949505,63.420403,55.518593,56.44393,55.58068,60.024334
62.433105,62.99991,61.482925,59.65119,54.62305,58.55478,57.09042,59.89706
63.06814,63.280445,60.411716,59.205498,54.11107,57.81185,56.255234,58.940357
67.387146,65.69832,72.93695,78.04999,66.631836,63.64162,63.06445,63.55077
79.731636,78.67395,70.83655,78.92577,62.59963,56.75264,54.81584,63.326717
72.770645,75.840866,69.39718,68.88996,59.118576,61.495693,54.71481,67.10914
62.519638,63.867386,63.317673,60.350163,54.908432,57.465477,57.416355,61.843056
62.201023,62.623257,61.337746,59.07808,53.896404,60.403927,54.126514,60.287075
76.44432,73.40585,68.083954,72.59221,59.946453,53.84652,50.225384,62.677616
66.020996,63.457184,69.174515,72.542915,62.624542,62.88987,60.507656,60.545265
74.15067,70.237045,66.4107,73.62375,58.87075,52.342213,51.349075,60.853203
65.58164,70.94957,72.42389,65.86079,59.67222,68.583855,52.0347,72.89763
62.22089,63.166035,60.415173,59.344547,53.393364,56.622852,56.968254,59.0383
62.36393,60.492653,66.16516,66.05862,58.643,61.103577,57.265007,60.123848
57.264145,58.532352,79.73767,73.56113,64.74183,64.883995,57.966484,72.01873
65.683914,67.09647,66.670395,65.499245,57.091873,55.959137,60.3446,62.61412
71.37264,69.05634,64.6197,72.38163,57.792194,52.17588,56.902313,58.676136
73.02942,77.860725,68.77944,68.26805,61.22341,63.4255,57.02258,70.36836
64.75124,64.57447,61.209118,62.488834,55.359657,58.209984,56.501534,59.30393
65.89373,67.2707,68.75844,69.7726,61.302418,61.6709,60.156567,64.83329
64.08729,63.78124,60.809433,63.035316,54.494953,54.93541,56.520496,59.21172
70.7992,70.10128,66.49057,66.86479,58.21568,57.374496,53.673737,63.17641
69.57016,72.428856,70.72542,72.13322,63.25532,63.239414,59.987556,68.06285
65.93406,65.546364,62.342255,63.514668,55.30836,55.41226,55.194138,60.547237
70.792274,74.66615,69.481186,66.39076,58.447136,63.374348,53.405315,68.55442
69.47739,66.57456,64.310326,70.07143,56.89478,52.911354,53.45603,60.213787
79.44926,86.24487,74.09375,73.9238,66.00482,67.029236,57.290585,78.07016
64.26534,64.07431,61.405445,63.747795,54.25947,53.116917,57.915092,58.518814
69.37855,68.286064,64.19017,65.84922,57.22755,57.176407,54.383045,60.968197
61.69513,60.66371,63.599903,62.144817,56.222027,59.82228,55.81437,59.703285
69.04827,67.702934,63.03168,66.18975,56.5108,55.292477,54.1681,60.253918
61.8547,61.936646,63.007526,61.45617,54.65038,55.73764,59.39719,59.17159
62.81483,63.320606,60.265953,60.441566,53.963196,56.89781,56.577427,59.25225
74.5335,73.949905,69.45542,70.28491,60.082245,56.59014,51.988556,65.99866
64.321365,60.068108,72.577805,75.53438,64.88052,64.02298,61.086475,61.047638
65.76453,62.65638,64.99562,64.59788,55.55113,53.052097,55.384647,57.045723
63.069344,63.49672,60.4608,61.56785,53.76014,54.19634,57.941235,58.590042
68.27602,64.74526,65.41409,71.25021,57.563656,55.63768,54.119335,60.090797
65.29738,67.82637,65.231895,63.112526,56.726574,58.54238,58.410908,63.97738
60.130795,52.072098,76.91844,78.567,67.32266,62.42633,60.410587,60.874905
62.64446,62.549603,62.302826,61.3275,54.250336,54.72744,58.80893,58.5101
73.810295,77.58767,68.214516,68.894646,61.391373,63.51282,56.632168,68.81317
68.06247,68.28371,66.90742,66.97318,57.492035,62.320423,51.505573,64.88084
72.59344,72.489655,67.0134,67.278305,57.19263,55.924046,53.819836,61.62369
67.346504,69.10617,65.65632,64.27343,56.376236,60.622,54.283215,63.780296
65.10872,64.214,64.62676,62.819717,55.207222,56.28832,54.884636,59.63066
75.3364,80.32431,70.04436,70.32676,62.716454,64.50154,56.916924,71.805885
71.7873,73.99296,68.06356,67.55577,59.57589,59.689545,54.998684,67.27451
66.86638,65.800095,62.915176,64.93757,56.881172,59.880436,55.999935,59.498375
78.75139,80.63656,71.260895,73.617744,63.558544,61.735916,53.542564,69.9272
65.06412,66.29349,63.684708,61.833935,56.004654,58.73742,56.439953,62.4067
62.27166,63.615017,62.47564,59.763916,54.79024,58.324074,57.454414,61.254852
64.72532,64.7225,60.913616,62.151558,55.07329,57.31712,56.45113,59.37934
73.80247,71.29407,67.6783,70.74096,58.30037,51.53241,50.42556,63.477535
62.382263,62.99374,73.31763,68.99738,60.445446,61.151867,56.212067,66.8844
67.72497,69.41955,71.70544,68.57344,59.67916,61.098618,54.760162,67.03491
62.47205,63.282764,61.949898,58.69125,53.513187,58.94732,54.587036,60.30866
87.40282,93.55871,80.28542,81.64542,72.73496,72.14163,57.161434,85.486374
68.49992,66.42237,68.93166,68.43394,58.1041,54.61898,55.224323,60.52172
83.34938,90.09888,77.30524,77.63793,69.040764,68.87976,56.963074,81.938255
65.857086,66.188,62.92748,62.25754,54.7083,57.19326,55.568886,59.71506
76.652695,72.99664,67.5734,73.852455,61.109768,57.73842,51.856148,60.72962
69.11615,67.41686,64.06601,69.05479,56.793297,54.93949,55.75568,59.26677
70.62068,71.09819,67.96537,71.00085,61.98178,62.68974,58.360897,63.77321
65.91112,64.74518,61.531864,61.812424,53.57537,51.889465,56.44762,56.76878
61.98231,62.60047,63.28308,62.730206,54.538815,53.737843,60.010998,59.86359
72.59775,80.36941,71.149734,67.998055,61.811256,63.957047,57.978367,75.329384
69.28071,69.5278,72.83998,77.028015,66.22474,64.02186,62.05721,65.92652
64.6022,68.35773,67.69226,62.368458,56.748055,64.61266,53.007484,67.78434
68.57901,66.42344,64.02385,68.13514,57.474632,57.454037,55.18535,59.708588
63.303177,63.326298,60.626804,61.66247,54.344166,56.765694,56.189274,59.414154
63.626934,61.580467,70.774994,73.41814,62.64958,59.200645,62.46016,61.465137
63.03217,63.024746,61.54557,61.693626,53.957207,56.21803,56.126194,59.351086
67.12031,66.64761,62.52547,63.764263,56.393208,58.330692,55.767513,59.993656
80.521774,81.192345,71.98846,75.36663,64.22393,60.73909,52.03617,69.28247
61.912148,62.76353,60.90639,58.442997,53.516666,59.37907,55.168365,59.834255
64.00131,61.76389,67.77279,69.4046,60.668945,62.16154,58.94479,60.367107
65.796684,63.01247,80.14172,77.944496,65.688576,57.582973,57.680233,67.657715
65.45304,63.380306,63.637306,66.647545,55.84295,56.873558,54.086285,60.185528
74.8631,75.35263,69.86655,70.48355,60.614754,57.736004,52.64023,67.37973
70.986404,69.51533,63.88092,66.80792,58.229603,59.263874,54.688698,59.916878
70.20906,70.50476,66.34073,66.26975,58.22259,58.284336,54.486603,63.936264
69.37107,66.47881,65.40229,70.26754,57.693577,58.432068,52.28177,60.77958
79.9047,84.1823,77.38341,76.63013,64.77644,68.237465,50.376183,76.342186
69.85906,70.48946,64.95037,65.68411,58.310818,60.251297,55.679367,62.807457
68.99701,72.66039,68.13042,64.90225,57.55059,62.979336,53.758698,67.374466
74.51468,75.39208,72.61384,77.713646,66.912094,65.354706,60.042526,67.11619
60.211205,62.981667,67.54154,61.76464,56.52604,63.09295,55.174713,65.88432
64.79211,64.97442,61.387844,61.95218,53.89275,53.839157,57.665115,58.015633
62.26656,63.308025,61.18268,59.612255,54.5725,58.654415,57.41131,60.14412
61.447674,55.704796,71.6019,72.92051,62.795555,58.621693,58.57308,59.42615
59.669018,51.56814,76.76042,78.784996,67.39514,61.09255,60.39071,60.743256
70.07748,71.88041,69.09744,66.91619,58.167248,60.13533,53.899826,65.58941
64.14143,62.814556,63.328465,63.6977,55.200207,59.57173,53.03667,60.66665
63.07211,62.898983,62.27417,61.920338,53.85863,52.52441,59.34714,57.853966
71.18766,69.29726,64.51575,71.313385,57.552452,53.066463,56.87306,58.679806
72.204056,71.278595,68.86403,68.43368,58.643,54.947914,51.908863,65.34379
72.8872,74.91219,69.12901,67.90586,58.437054,59.898376,53.441048,65.89557
68.4398,69.767876,67.89539,68.00655,58.55683,56.493465,60.4724,63.26452
70.09597,70.60432,68.86678,66.68447,57.893337,54.910206,52.807247,66.77473
69.28801,70.922,66.89616,66.49855,57.432003,60.889862,53.935528,64.617165
68.32094,65.869225,64.6745,69.037155,57.038696,57.597946,53.194202,60.431488
60.774952,54.36074,73.7209,75.091675,64.66308,60.968357,59.36539,60.273315
76.06026,72.6165,66.53385,73.078026,59.73055,54.19793,50.998234,60.95966
68.77582,67.27009,63.150883,69.48201,56.359077,51.335644,58.05257,58.279366
61.115192,62.039257,64.29934,62.04409,54.67105,54.360233,60.83585,60.295128
63.461452,62.092983,62.921673,61.884987,55.248158,57.02661,55.556995,58.516346
63.67478,64.30977,61.465965,60.89925,53.84282,56.28377,56.881237,58.950626
74.44984,71.38435,66.17088,71.84906,58.002525,50.084812,50.17644,62.035297
63.567577,64.05764,64.056015,62.463875,55.023037,54.845966,57.375324,61.48824
62.517136,59.7,68.64908,66.898285,58.1707,56.97791,56.254196,60.181965
63.574158,63.46391,61.636364,60.523544,55.081867,58.808674,56.744755,59.32448
66.79299,67.32909,66.39508,65.46358,56.90193,62.591022,51.534927,64.87117
73.00723,69.357124,66.8217,74.44156,59.42346,57.140057,52.472805,60.537582
65.7418,67.77341,67.770065,64.37311,56.620335,54.907917,57.088947,65.791916
62.59306,63.350178,60.54058,60.577118,53.38348,54.49414,57.96864,58.557667
62.435883,61.310814,62.95397,62.08803,56.064648,58.797604,56.01763,59.186363
64.500496,64.52402,63.71462,63.4721,55.04484,53.87653,56.742794,61.15144
63.1919,63.24555,60.78236,61.489708,54.257286,56.90744,56.07227,59.4521
65.36823,63.24498,65.00888,64.72078,56.11534,54.137386,58.036594,57.999836
70.08216,71.82109,67.28623,65.34717,57.048763,59.60596,53.658302,64.43208
65.611626,63.620502,62.350594,62.06928,54.48336,53.38853,55.844013,56.982346
68.306656,72.521484,66.37232,64.366196,58.440567,61.377228,57.284748,67.44635
62.697685,63.6487,63.7304,61.034615,54.905003,56.401695,57.53004,61.62584
67.94107,65.82648,64.43358,67.51654,57.648308,59.78009,55.012684,59.855312
65.60078,66.18205,63.916035,63.174885,55.4007,59.506977,54.37214,61.63877
63.367878,62.661427,63.180397,63.08089,56.65175,59.975346,56.76506,59.58202
62.824215,63.428844,60.46075,59.67849,53.363724,55.546093,57.058887,58.537006
67.135086,65.29482,67.903854,71.26672,61.775703,62.250965,59.572147,60.700504
63.259663,61.07685,70.12821,72.482506,62.183105,59.32821,61.64809,61.185
62.2804,63.107067,60.62552,59.557747,53.448498,56.743484,56.742867,59.12715
66.3746,68.86549,64.386345,62.77111,57.02969,60.301273,57.042027,64.07187
61.768948,61.15993,66.530136,63.43789,56.483437,58.9446,55.570866,61.43818
73.795815,77.367645,68.08356,68.94624,61.372967,63.47578,56.605328,68.45762
65.07473,62.898613,63.13186,62.692314,55.087997,54.112816,56.204414,57.327938
67.84628,66.92206,63.519814,66.48567,56.02404,56.2136,55.74467,59.305183
74.77939,82.90947,82.65807,76.83189,67.76203,74.76866,52.009964,82.72955
64.26973,63.692726,61.592495,60.208218,53.441544,55.25648,55.315952,58.04881
75.07493,72.138535,65.04217,70.14059,57.04099,49.494354,55.8869,55.458344
64.89114,64.3244,64.87043,65.89379,58.369553,60.200645,58.400566,60.474503
63.228966,63.750523,60.879665,61.303024,53.36345,52.36289,59.10061,57.771587
70.81578,73.348335,69.97676,68.399,59.153564,64.61685,51.299076,68.9304
59.706352,61.307682,65.23667,60.542404,55.75527,62.731712,55.150402,63.448006
64.8775,63.073856,67.82122,70.91167,61.451935,61.21168,60.454155,60.528503
74.715805,74.93839,69.63783,70.358795,60.456963,57.567276,52.56148,66.906715
65.27518,60.601254,67.16637,67.49598,57.615833,52.52727,57.073963,56.725533
63.704567,63.650917,61.20882,61.463314,54.746128,58.640945,55.52333,59.708088
68.63839,71.5437,65.4905,64.59881,58.30008,61.235554,56.914116,65.42128
65.5743,66.48973,63.539314,62.626022,55.138214,58.844982,55.21238,61.16231
70.768196,73.6492,71.13835,68.31535,59.46765,62.21103,53.74619,68.25057
64.75889,64.8411,62.119846,61.429344,55.68479,59.257706,56.646614,59.88066
76.31317,79.81615,73.66279,73.19623,62.07641,65.39423,51.761364,72.08573
64.007904,64.80544,62.38954,60.85571,55.470222,59.12221,56.890835,60.80978
61.305374,62.25816,61.64788,61.056625,54.113632,55.39256,59.755726,59.215046
65.74419,64.92956,63.416798,65.8157,55.025524,51.11703,56.762863,60.179592
77.987946,82.32693,70.68273,72.526085,64.146614,65.55228,56.41528,71.939835
62.89878,63.196415,60.680313,60.383045,54.213696,58.448284,55.51725,59.7197
70.62047,67.78179,65.70804,71.21184,58.106857,57.891865,52.79611,60.49506
79.80276,79.53336,73.24364,75.14942,63.144527,56.541206,49.948574,69.739456
62.69845,58.671154,67.659515,67.394196,58.62355,56.88098,56.60785,58.478397
62.358814,63.018208,64.45654,62.96484,54.84141,53.58746,59.67405,60.794865
70.54775,69.1954,65.292854,69.44557,57.546806,57.31842,54.61477,60.314835
63.189686,61.849358,65.299965,65.60579,58.28809,61.14891,57.476627,60.067856
58.704723,61.056908,68.79758,62.76138,57.336365,63.400078,55.689896,66.20404
63.03727,63.220722,61.51498,61.292778,53.87513,56.42407,56.21087,59.305042
67.15408,65.47733,62.323032,66.83069,55.207993,51.714497,54.434483,59.84497
62.134274,55.17524,79.517166,84.93445,72.15435,62.57807,65.52291,62.873165
63.119976,63.597576,60.122353,59.42349,53.52796,56.07772,56.671543,58.518322
67.14563,66.74567,63.348545,63.800095,56.430763,57.85305,55.40319,60.790318
62.47453,60.059338,66.08204,66.54197,58.753036,58.735996,57.719845,59.447895
62.523174,62.77999,62.626015,60.76409,54.840446,57.27157,58.03741,59.775208
76.309105,77.4311,69.50625,73.563286,60.45312,58.091663,55.944134,64.39527
62.178177,63.05918,60.20742,58.69257,53.737442,58.99573,55.671913,59.669476
69.90322,70.28856,71.511024,75.42988,65.073105,63.7089,60.935062,65.43387
70.99537,66.87365,66.741714,73.308304,59.206993,56.56946,54.076206,60.06798
73.956665,72.75588,68.912605,73.72106,60.14611,60.106445,52.101486,64.12674
69.97574,69.5895,67.51038,69.27737,58.338165,61.605118,51.612083,64.558426
74.99555,78.59577,68.74292,69.93105,62.024246,63.759647,56.33656,69.16845
63.339527,61.450123,63.477142,63.155983,56.30101,57.062553,56.295616,58.43935
73.24039,70.92224,65.374405,69.584015,58.544178,55.560677,52.47448,61.02854
81.03526,84.25879,77.52833,82.87022,71.78112,69.03347,60.371937,74.48317
70.63638,69.57407,64.34069,68.90206,57.042908,55.270958,56.5096,58.83035
63.640068,62.77107,64.68262,64.59841,57.093925,57.899803,58.57907,59.701134
70.770874,68.29293,74.56497,74.30779,61.952656,54.740124,55.80402,63.49116
74.67349,81.02147,70.89826,69.707695,62.651253,64.52533,57.375465,73.954506
62.194298,62.717014,61.01824,58.883934,53.91939,60.44106,54.29521,60.238243
70.44543,71.44804,67.60212,68.35228,58.179466,61.07177,53.235348,64.876274
59.721844,56.660427,78.301,74.718,64.01168,58.569954,58.332546,66.42425
70.887665,69.81314,68.64758,67.42068,57.857967,53.95902,51.824657,65.14185
64.24362,68.71246,69.59517,63.657536,57.90398,65.94837,53.333252,69.59768
66.19416,65.19796,61.99557,62.099087,53.982754,53.610252,55.898613,57.40415
62.036522,63.012886,60.172016,59.63034,53.963875,57.298523,57.587276,59.3245
78.33462,83.45783,74.89363,77.167755,67.69466,67.08296,58.99828,75.26824
63.461678,61.7402,70.47121,73.79208,63.486874,61.711437,62.43339,61.98953
65.47016,67.21964,66.24733,62.99891,56.218403,56.297176,55.96084,64.99253
61.256397,57.14732,68.63417,68.20518,59.771103,59.008904,56.96444,59.372704
78.459885,82.19096,74.58113,73.4039,62.358387,63.691498,52.4384,72.18094
66.69546,68.08076,66.13445,65.43745,57.42591,57.345284,59.337933,62.724106
70.32441,72.88149,68.471214,67.18374,58.250874,62.45592,53.31224,66.8346
72.016785,72.01951,69.01823,71.21937,59.482723,62.140232,51.38485,65.9061
62.575245,63.48223,62.291805,60.452484,54.623325,57.12739,57.19065,60.865887
73.061134,70.55411,64.90875,69.87962,58.53049,55.81325,52.80095,60.417755
62.202106,62.68784,61.365677,59.299435,53.72983,59.34698,54.765503,59.98677
62.94419,62.80513,61.644173,61.09691,54.260456,58.73588,54.583973,60.063423
78.887215,77.17374,71.85043,74.327156,62.146057,55.58458,49.578857,66.91419
66.077034,64.97128,61.661488,65.216484,54.909294,53.00812,55.093067,59.65747
63.365208,63.523155,61.905003,61.12609,54.076576,57.790176,55.410923,59.6331
70.18451,69.29037,63.15188,67.6345,55.82896,50.07426,59.373398,56.634987
63.554157,63.49019,61.8819,63.489746,54.475266,53.399857,58.185703,59.261288
72.34011,69.4476,65.35414,70.700806,58.677345,56.162483,53.26357,60.28849
61.346848,60.460396,64.44025,62.86193,56.800156,61.244804,56.0277,60.331528
71.70332,69.85782,65.32132,68.21607,57.918297,55.47091,52.90517,61.491013
63.08505,61.977257,63.476933,63.05916,56.596596,58.75827,57.14466,59.29588
73.394875,70.71278,65.02109,70.39646,58.449768,54.74688,52.33184,60.554226
68.90331,73.32678,66.76008,64.85466,58.810425,61.65271,57.283802,67.99972
65.08864,71.61476,80.37378,73.68497,65.50289,70.6333,55.388165,77.75724
64.425316,63.41802,61.936783,60.493324,53.81937,55.642616,54.900845,58.00984
62.269264,63.177322,64.35625,61.94588,54.88595,54.960693,58.963734,61.294098
72.67144,75.76685,67.85871,68.057304,60.46332,61.95957,56.05607,67.83311
63.136333,69.322784,73.82856,66.606705,60.606003,68.8897,54.394615,73.54502
67.50986,70.45611,67.20359,64.06971,56.9401,62.921844,53.169083,66.48884
62.902554,63.373287,61.156715,60.96911,53.6381,55.523777,57.042885,58.940254
69.32636,72.31414,68.02196,65.77872,57.715122,62.58347,53.547966,66.81132
74.83323,76.60666,69.12994,71.60512,59.74884,58.98694,55.77776,64.97345
62.011032,62.671234,61.487507,61.840004,54.003788,54.096558,59.56565,58.846134
70.52576,70.85111,64.977325,67.0847,56.776764,56.16464,56.483032,60.2668
81.36442,81.37012,74.394485,80.758026,64.691734,61.304695,51.835613,68.67466
73.38091,77.63681,68.43988,68.54646,61.270737,63.4408,56.817223,69.49406
75.82718,71.173874,68.95413,78.05232,61.40856,58.68611,50.23491,61.74488
62.419903,62.90988,61.270607,61.72407,54.277897,55.325836,58.44558,59.26728
70.188736,74.28546,68.334114,66.172134,59.250336,60.282124,56.11833,69.26323
63.57923,63.01722,62.97145,62.69369,56.36006,59.167133,57.468754,59.487682
64.99788,61.571304,69.58794,71.364365,60.4159,55.24366,60.39818,59.107273
66.64193,64.79093,62.796616,67.974724,55.71748,52.606018,56.112175,59.230732
64.407196,60.133373,67.26397,67.78173,58.300354,54.32432,57.33242,57.514954
73.084595,75.82511,70.77493,70.220795,60.001873,63.707767,52.396637,69.01664
66.930214,69.09247,67.79928,68.04381,60.32995,61.58086,59.069614,65.403
64.99697,66.08296,65.72575,64.460915,56.57634,56.250046,59.80586,61.864788
64.28602,68.27242,74.04822,68.47156,60.935436,65.5783,55.129505,71.13292
66.91419,66.23749,62.20027,64.13181,56.53593,59.043087,56.22867,59.379242
64.84946,64.47122,62.538475,63.170277,54.80214,57.407177,55.249043,59.64967
68.41178,70.27704,65.57738,64.584885,57.813507,59.683556,56.014816,64.632675
64.94969,65.05665,61.50601,62.019836,55.446632,58.232224,56.54016,59.726685
76.34642,80.591965,74.06159,72.58935,62.101566,65.95848,52.034515,72.9725
77.68158,82.645836,82.073044,79.06712,67.70222,68.38121,53.27952,78.603455
63.173138,62.95675,62.097782,60.713673,54.614223,60.8245,53.628014,60.48834
64.92494,62.236423,80.31316,77.83116,65.76559,58.02958,57.82733,67.965096
63.712936,64.38573,63.021206,60.02048,54.110302,58.485268,54.502876,60.699535
68.343506,72.1702,70.77239,65.82096,58.795937,68.09727,49.007423,71.80706
72.52985,71.13398,65.7348,68.10943,59.08792,58.99552,53.831078,61.545517
60.277412,58.90783,67.35581,65.50858,58.681725,63.172024,56.575,61.566418
72.547806,74.375946,67.35818,68.03421,59.99515,60.862576,55.307163,66.163734
62.240784,63.15996,60.298122,58.889145,53.47488,57.552235,56.4181,59.205772
70.83173,74.493065,66.90344,66.40825,59.668617,62.25357,56.893646,67.43285
72.80556,74.486786,67.850784,68.98011,58.428104,58.60153,55.526722,64.00555
65.11482,67.051735,63.96385,61.841183,56.217705,59.20806,56.76565,63.266605
62.435104,63.153694,60.431717,59.646935,53.700424,57.417564,56.367622,59.326817
63.99839,65.68753,66.58578,63.3273,55.89201,54.84443,58.340454,63.960052
67.902145,67.041016,66.08742,65.99255,56.01295,51.92963,53.440468,63.301434
71.4915,70.2487,65.09992,69.97156,57.63951,55.978752,55.816788,59.438713
64.87693,64.52572,62.034344,62.241142,55.6129,60.24067,55.296143,59.81153
63.283443,62.072258,70.17533,73.03638,63.03076,61.604256,62.309647,62.372696
68.47824,67.03855,77.835464,83.803024,71.43518,65.7802,66.18147,66.76752
67.50043,64.166,69.54893,69.27582,58.467854,53.271156,55.801113,59.430008
63.99386,64.83952,62.41913,60.84587,55.473755,59.12612,56.903313,60.880493
77.45603,75.45762,66.81471,76.261566,60.15462,52.20335,57.917637,57.855816
76.44372,75.933266,69.19402,71.71114,61.345387,58.83249,52.461594,65.54869
65.862206,64.461044,68.10398,71.2795,61.778408,61.55228,60.2899,61.197735
62.41045,63.312603,59.84387,58.32674,53.804432,59.175278,55.704243,59.5031
65.99945,66.777405,66.81578,64.11541,56.52207,58.964283,54.602123,62.97722
63.885326,62.524235,62.65013,61.62778,54.87869,56.372253,55.422657,58.249874
67.428604,67.55706,65.0929,65.60587,56.458397,59.838043,53.686535,62.33012
70.709816,69.04565,65.56012,67.75563,57.17567,53.57738,52.52479,62.256603
65.864044,64.18075,63.500195,65.764206,56.20687,58.5195,54.495037,60.06086
70.71368,71.66319,67.92997,66.89024,58.524155,57.323925,53.919685,66.11439
71.676704,70.41666,65.898155,67.475876,58.614285,58.2313,53.743477,61.95221
61.86869,62.505203,65.73431,64.21134,54.925583,51.603653,61.48957,60.698734
67.992035,66.293594,78.998924,85.09206,72.568436,66.14444,67.241455,67.17934
69.04545,71.494026,66.1484,65.093765,58.295685,60.161556,56.155663,65.67654
73.920135,77.7133,71.14147,69.59175,59.996635,63.13793,53.747707,69.45658
67.08441,66.592,65.09625,64.53326,55.839325,53.89681,53.723293,62.880028
73.01058,71.08446,65.5868,72.132454,58.4008,55.103928,55.83362,59.02829
72.826416,71.96787,66.326004,71.258835,58.476765,56.644016,55.49825,60.71468
64.83657,63.64187,72.33774,76.2435,65.3533,62.758804,63.292503,63.65864
62.493916,55.220276,72.882195,73.390785,62.228996,55.498688,57.78259,58.243744
68.40917,67.52226,63.850266,65.20813,56.66883,56.486935,54.510445,61.040062
64.45142,66.388756,66.73003,63.41465,56.09716,55.24133,57.961456,64.5362
62.027115,62.527103,62.523335,62.73048,54.385914,53.755836,59.918068,59.33182
81.10086,86.21228,75.281876,77.974174,68.48379,68.10114,57.9458,76.5812
61.76478,62.285625,62.04409,60.44231,54.476883,56.954853,58.576942,59.496124
63.918896,55.5295,74.437874,77.09025,64.37685,53.91028,59.35434,57.64439
63.711273,60.631252,68.19023,70.380516,61.16194,60.16089,59.044178,59.77475
71.07599,75.96688,67.99767,66.644455,60.121685,62.622845,57.213997,69.62549
60.965824,59.81136,77.46829,73.380905,63.325,60.27193,57.555244,67.77667
80.05844,81.17148,74.137985,78.59799,63.883774,62.29421,52.208286,69.63283
67.877335,65.842,63.117226,67.67075,56.128872,53.773273,54.301952,59.952248
68.22002,70.78588,65.08331,64.25194,57.999672,61.007317,56.87095,64.73717
74.54828,77.81668,69.50231,69.789734,61.502117,61.7932,55.368866,69.617615
64.19014,63.380493,62.47441,62.93069,55.156357,59.2357,54.242897,60.201824
68.167076,68.675766,64.204445,65.3126,56.08595,57.536186,55.991035,60.60595
62.468445,63.58848,62.46584,59.76283,54.722088,58.087696,56.869473,61.30386
62.452995,63.223797,60.66368,61.135273,53.594707,53.84405,58.918625,58.493572
66.714325,58.863724,70.88701,72.52013,59.82825,48.6422,57.352776,55.027622
58.253204,50.348328,78.86721,78.18196,67.093994,60.44278,59.414642,62.748837
68.42134,72.85147,68.476814,64.86818,58.30425,58.880444,55.974834,69.71879
81.904976,82.75344,72.26059,76.540794,65.30218,62.246357,52.273823,69.64621
63.031387,58.22368,68.69658,68.63394,59.120102,55.974,56.721634,58.121265
63.641186,62.031025,62.823273,62.433117,55.755627,56.736668,56.119053,58.303715
62.848793,63.284855,61.791206,59.957916,54.83094,58.623825,56.951904,59.985603
63.900097,63.052296,62.110977,63.300133,54.860233,57.666344,54.658096,60.013355
68.86199,72.48194,74.97108,70.857765,61.868458,64.61836,54.514675,71.42596
72.69099,71.06563,65.27243,67.68093,56.570236,52.81365,54.979908,58.11219
67.50656,71.71967,69.163925,64.67785,57.939125,64.28379,53.713436,68.67186
67.88766,68.75838,65.22709,65.30691,56.46215,59.506668,54.558174,62.514885
61.525898,62.53838,64.282,60.28539,54.817135,60.035835,54.933674,61.956375
62.351513,63.306637,59.740074,58.445698,53.67486,58.420258,56.117203,59.318127
62.789734,57.389492,73.66612,77.45393,66.099,61.007584,61.2726,60.7332
65.806206,64.06813,67.55836,70.82809,61.405174,61.3679,60.026054,60.50961
61.831738,62.963356,64.09791,61.211838,54.80813,55.765266,59.01821,61.30491
66.07927,65.7995,64.9745,64.26683,55.55495,53.51364,54.92049,62.490803
65.799255,66.589386,66.42443,65.71989,57.041706,55.701466,60.347366,61.689407
74.884834,77.065445,70.264336,73.653076,64.25432,64.58952,57.98924,67.764915
63.74507,62.97043,61.80495,60.49239,54.601227,56.84772,56.338936,58.51776
58.710926,51.50263,79.83929,78.53166,67.104256,59.400993,59.465717,63.95222
65.033875,60.608196,66.88196,67.05938,57.276554,53.03279,56.191315,56.87831
57.836555,60.12484,68.14645,62.303837,57.486862,64.88857,55.675488,65.99676
69.333885,71.47344,67.21668,66.20153,57.49255,61.31775,53.97446,65.26339
65.443275,65.66602,63.663994,62.300777,55.84573,57.67993,55.70507,61.591824
77.353134,74.159225,68.824615,73.35697,60.45888,53.823788,49.71934,63.05884
66.64726,65.75995,62.59965,64.9893,55.09854,52.75066,54.532017,60.644238
70.82737,74.005714,69.75936,67.617065,58.887756,64.11445,52.344196,68.79131
67.2798,65.26931,68.6796,72.605515,62.644855,62.440807,60.13984,60.89183
57.068054,60.34566,71.69955,64.46146,58.958805,65.29836,56.169342,68.91588
68.394806,67.28027,67.40471,66.53956,57.11577,55.70358,54.77117,60.815083
65.51668,63.896664,63.53429,65.476974,55.694725,58.434708,53.312214,60.48997
64.29796,64.751816,62.276806,61.353184,55.337395,58.194004,56.501,60.60826
65.818886,64.92195,62.150513,64.56302,56.0565,57.87677,56.292297,59.35855
74.04702,75.68985,72.036095,76.18674,65.9365,64.98177,59.62833,67.79389
64.9897,65.40472,63.03401,60.834427,54.286987,57.78048,54.56176,60.276073
65.8751,64.82149,63.82031,64.613335,57.11334,61.580284,55.412186,60.119923
62.777443,63.09078,61.533875,60.650223,53.775955,57.20658,55.85001,59.467896
72.0155,73.2015,67.92437,69.498695,58.641212,59.996098,54.341347,64.530754
79.00661,83.848175,74.73736,77.39098,67.81668,67.25108,58.665596,75.001976
62.440712,62.89537,60.867268,59.363716,54.03502,59.831284,54.70296,60.06996
70.8911,75.66807,68.30371,66.588196,59.925865,61.880093,56.856144,69.82448
66.26738,65.1412,62.53535,65.19494,56.37241,58.087765,56.174515,59.400856
65.56893,65.91403,61.762177,64.40742,54.55208,51.79902,59.892498,57.83368
63.914818,63.042957,65.361374,65.643265,55.193565,50.49911,62.10309,57.80239
65.00719,63.838734,67.85198,70.47802,61.275524,61.23959,60.333878,61.293327
68.42884,68.250916,62.64163,66.56924,55.634785,52.645267,58.79166,57.91379
67.74703,67.06326,67.16323,66.00743,56.218636,51.8338,53.755127,63.996513
69.688995,70.01451,65.272,65.33226,56.243782,56.812847,54.905354,61.028015
69.384346,67.484955,65.40873,68.670006,59.44984,60.81947,56.510246,59.92846
74.14239,77.85249,70.08425,69.537506,61.33211,61.186897,55.26051,70.62448
63.110233,61.652374,63.16503,62.31288,55.75282,57.55679,55.8199,58.70212
62.77659,61.460217,66.00295,66.081055,58.686806,62.11001,57.53518,60.517883
69.72121,70.95077,67.59781,69.51328,61.13353,62.290573,58.255585,64.45942
62.029816,62.79296,60.83714,58.39087,54.006428,60.918392,54.61856,60.207367
77.85298,78.16103,69.71723,72.822426,62.510254,60.61666,53.00182,66.74769
69.13111,73.417625,67.19926,65.13199,58.83915,61.0991,56.901558,68.3146
63.29481,63.919743,65.14864,63.41397,55.693497,55.231583,60.15248,60.779804
62.65995,61.793858,65.19018,64.900314,57.972443,62.124165,57.173897,60.552967
62.669487,62.402218,62.28614,61.27143,55.633194,59.94416,56.01318,59.664482
62.75321,60.62652,64.18081,63.95449,57.03889,57.858063,56.462143,58.750004
65.340904,68.63913,68.55644,64.868904,57.016327,55.107605,59.09337,66.8026
61.083813,62.012093,62.285416,61.829323,54.072453,53.9615,60.855858,58.994995
64.217964,64.172935,64.07213,64.18545,55.008614,52.734722,57.810448,60.80799
72.894325,74.712875,70.27631,70.762985,59.91819,63.171734,52.033966,68.01685
76.03633,72.46033,65.04264,70.79537,57.037735,47.511486,55.90722,54.34268
61.88894,65.06741,67.05993,61.617065,56.319027,63.220627,54.720806,66.074
63.633186,59.87179,71.1772,74.814705,64.14122,60.870487,60.980225,60.662937
61.903507,62.742542,60.630196,57.984016,53.76375,60.874302,54.40586,60.215805
66.9236,64.787445,63.740574,68.01305,56.286274,55.973423,54.38062,59.987724
84.402115,83.87801,75.74647,79.50394,66.17475,57.46283,48.20403,71.554565
66.05564,64.94934,61.980682,66.14817,54.817177,50.9838,56.672787,59.04914
63.429504,63.31395,61.867504,60.80234,55.252,58.84537,56.926018,59.420597
75.425896,76.29098,68.0911,71.99915,59.37888,56.289154,56.84688,62.446404
64.82417,64.57143,61.60679,62.34917,55.491955,59.235966,55.928032,59.547073
68.443375,71.48281,67.414154,64.75598,57.21199,62.379147,53.759457,66.35027
68.03261,66.20251,62.134148,63.740234,54.14375,50.103165,56.731182,55.97607
71.86464,71.64722,76.6663,82.55764,70.57036,66.156265,64.0679,67.713585
73.17165,71.879814,66.71491,72.11925,58.85264,57.03465,54.775314,60.97981
60.5676,56.49571,70.599625,69.32753,60.49894,59.573544,56.98322,60.59316
57.130314,60.895985,68.67252,61.5331,57.359535,66.19827,55.48211,67.851746
62.587906,62.970207,61.31472,59.01231,53.40085,57.935577,55.210506,59.252174
76.84868,74.21047,69.628746,72.3827,60.783173,55.705284,50.32125,63.942726
63.718487,61.8627,67.71291,69.013466,60.49986,62.96751,58.80204,60.75293
66.046936,65.38687,63.724525,65.392456,57.95197,60.30627,57.748413,59.76033
77.83417,76.79821,70.38478,73.11283,61.897926,57.716255,51.240368,66.13563
64.6684,68.25975,65.86336,62.73327,56.66743,58.419884,58.812202,65.451256
77.03204,81.96702,73.801674,75.769455,66.54845,66.30777,58.83379,74.01514
61.1317,58.562954,74.15761,71.008484,61.134487,57.668655,57.303764,63.947327
64.17443,63.55315,64.99206,65.86748,58.33983,60.05939,58.694626,60.42326
68.51402,68.16699,62.695034,67.01295,55.734234,52.34941,58.777367,57.923042
80.78882,85.29816,78.71425,82.88623,72.15541,69.33005,61.007744,77.0969
63.40273,65.19358,64.09559,60.985607,55.368942,57.589054,57.07585,63.043316
65.73479,67.17079,65.738495,65.40328,58.35262,60.243355,58.402466,63.28481
69.07174,68.86256,82.001816,87.67683,75.33452,67.66967,69.06363,70.86056
62.572693,63.431602,59.705673,59.628372,53.80385,56.974823,56.98149,59.106712
75.425705,80.243,71.91846,70.72686,62.380295,61.57769,55.239666,73.51143
64.76515,62.16544,69.6175,73.38594,63.110638,61.466038,61.106247,60.730278
71.65893,72.714264,67.5717,67.50912,59.16352,58.785225,54.386955,65.75633
73.1725,71.87867,64.618645,72.10131,57.90847,51.44031,58.788567,57.69921
69.30164,72.92216,73.365005,69.47323,60.80356,64.14766,54.166824,70.47213
68.85367,73.128815,66.62558,64.81031,58.74712,61.60208,57.249134,67.73863
78.237045,76.40458,69.71609,77.9536,61.79909,56.709152,54.215454,62.250084
72.63552,70.46055,65.27169,69.1293,58.216072,55.21522,52.568764,61.175938
65.87996,67.19147,66.56711,63.544228,56.342728,59.704857,54.44728,63.499905
62.578903,63.088238,60.546535,59.61465,54.048264,59.022045,55.336212,59.80744
64.36871,66.62915,63.97388,61.60824,56.052612,59.035934,57.638676,63.210426
66.78798,67.12791,65.753586,66.90297,59.210415,60.94265,58.199818,62.151283
70.70254,73.08051,67.66236,68.77136,60.906464,62.52761,57.719124,66.093
73.21207,79.82448,70.41723,68.47659,61.837585,63.936245,57.563084,73.62988
62.65248,63.12386,61.029095,62.0252,53.899067,53.70471,58.915337,58.630795
70.15235,68.11862,64.79948,70.036964,57.41108,56.044537,54.82185,59.62593
62.16771,62.722755,71.12284,66.909744,58.98664,60.568584,55.924618,65.44506
66.24315,65.13093,62.49196,66.14206,54.899155,50.88026,56.207687,59.587402
70.76028,72.8678,66.60827,66.502884,59.119255,60.62138,55.807133,65.751495
66.982414,66.89446,62.66855,63.82193,55.04837,55.802353,56.65492,58.593784
71.32954,70.35189,64.2635,69.619736,57.172573,53.857075,57.536472,58.341003
66.459305,65.59128,69.54186,71.47313,60.321587,56.167023,62.67163,61.14859
66.028046,65.77774,65.05244,66.23858,58.658173,60.540337,58.113583,61.024612
73.61421,70.904015,67.013374,73.867256,59.426964,57.32537,53.29917,60.695805
68.14954,68.06462,69.51712,72.74164,63.05247,62.57335,60.257866,63.663727
63.183212,61.20542,64.33181,63.164204,55.913258,57.085407,55.59706,58.603626
63.713966,63.709236,61.832184,60.584335,54.944237,61.11471,54.411274,60.18896
74.12647,72.446396,65.99753,69.42644,59.908306,59.637173,53.560757,61.34094
61.96499,55.603855,76.30595,75.341,63.623756,55.343765,58.31176,61.43752
65.10984,64.38599,62.281258,65.25734,54.709373,51.617836,57.25674,59.334583
78.24556,78.478874,72.3883,77.29929,62.696743,61.36121,52.130013,67.578384
82.54805,85.05102,74.65383,77.26994,66.26235,62.451744,52.471977,74.06154
74.57008,71.88738,66.514915,70.97885,58.97423,54.184765,51.340282,61.812073
67.20327,67.22371,65.74436,67.32688,59.423058,61.06147,58.13192,61.789177
62.50741,63.138725,60.64594,58.886986,53.490974,57.826065,55.782066,59.199238
74.79752,79.255905,70.735664,71.7907,63.536667,64.60841,57.74533,71.21347
67.21738,69.956276,64.86086,63.45079,57.519142,60.6637,57.016937,64.71362
65.19543,65.55385,64.68921,62.190937,55.204018,58.064125,54.55728,61.226307
63.569885,63.78694,61.93959,61.15278,54.114067,57.787357,55.507977,59.5788
59.24332,59.604073,70.66649,65.92359,58.92283,61.932228,56.321533,65.2012
70.80673,73.01918,67.34103,67.26105,57.843304,60.04082,55.191536,64.65057
62.83065,63.139534,62.1271,62.65518,54.458786,54.231316,58.615143,59.546143
70.814064,72.7397,67.21596,66.6915,59.009354,59.61981,55.234356,66.21288
70.117775,72.87035,66.734,66.93628,59.784115,62.045563,57.239563,66.04216
62.923985,62.991077,62.00903,59.35977,53.733658,58.24888,54.622692,59.495335
61.01947,60.23586,65.47495,63.809563,57.508118,62.763752,56.2999,61.00751
82.248924,88.15443,76.41255,78.33248,69.1469,68.83673,57.859642,79.106316
68.2063,67.36242,64.627205,65.30991,56.396164,54.97395,53.887814,61.994045
62.55667,62.920166,61.086773,60.079098,53.89793,58.31658,55.37493,59.736187
66.3004,64.265785,62.07453,61.735874,53.754036,52.23096,55.141388,56.50956
65.55664,63.562714,62.385918,62.101936,54.425438,53.484715,55.441177,56.99803
65.76865,65.84721,64.11573,62.79583,55.809956,56.657166,55.184044,62.033558
69.68094,68.86162,63.322323,68.62661,56.39441,52.356983,58.379086,58.056114
75.422356,78.80095,69.72008,70.4871,62.090183,62.552917,55.495678,69.93447
65.75403,61.181145,73.37401,76.55575,63.538254,54.572857,62.803406,59.640854
65.26987,61.393177,72.23901,76.45288,65.35532,63.28281,61.874653,60.98314
64.886955,61.318268,66.20187,66.277985,57.17647,53.867565,57.32388,57.442562
67.72565,66.57881,62.681095,65.56043,55.558002,53.363983,54.001648,60.578842
61.703407,62.846035,61.712826,59.48671,54.424797,58.048374,57.74913,60.422985
71.135544,72.276306,69.51998,69.75827,59.29772,63.72831,50.91667,67.58871
73.35885,75.07821,68.90799,68.97749,60.24988,59.33519,54.20885,67.61694
66.17094,62.864517,70.10706,72.07167,60.290573,53.760918,61.316536,58.950974
69.07241,69.934135,65.90326,65.26583,57.81658,58.604103,55.0994,64.0661
77.52913,77.83817,68.91484,72.41024,62.399094,61.415123,53.556366,65.92899
64.45464,59.407436,68.22715,68.44243,58.316154,53.63213,56.479366,57.145542
77.35955,74.01905,66.929016,73.2579,60.497166,55.49488,50.764526,61.03454
70.77837,74.277664,68.55571,66.73448,59.36185,59.749924,55.55971,68.95382
62.378807,63.159626,60.074852,58.124454,53.72907,59.517002,55.17239,59.592514
63.677162,59.659664,71.64549,74.32512,63.044487,57.544453,61.22325,60.156166
65.77949,65.06141,63.853092,65.01526,57.770115,60.12742,57.589935,59.82987
71.47139,76.78309,68.51116,66.98353,60.45668,62.881046,57.30065,70.51493
63.914444,63.47687,61.324585,63.89572,54.308586,53.320374,57.513023,58.73479
77.955025,81.002655,73.36015,77.4721,67.32338,66.53754,58.680336,71.21715
69.04938,71.909645,67.36176,64.873314,57.1648,61.47424,54.05938,65.80603
63.127117,64.75393,69.37614,65.02033,57.89228,61.396538,55.237865,65.59956
62.359863,62.967724,62.69008,59.95375,54.22126,60.92707,53.350693,61.662453
67.49038,66.25188,63.75917,66.49532,56.119232,57.252346,54.710716,59.77994
66.53654,69.94541,66.612144,62.569027,56.34334,62.752605,53.687656,66.22502
63.786507,63.164894,62.56163,62.53871,54.641045,58.598972,54.10989,60.198235
62.364864,60.36269,71.784096,74.931946,64.31777,61.486973,63.0167,62.49107
62.389885,62.127815,62.729992,61.11424,54.72431,56.453014,58.42527,59.018356
70.24285,66.69176,65.843346,71.81601,58.521183,56.277943,54.25038,60.004997
60.009193,62.112034,68.074326,62.566166,56.866844,62.371532,55.44939,65.43379
63.243538,62.64516,62.78802,61.89628,54.2977,53.742565,58.76652,58.09376
78.66777,83.41794,78.08076,75.71916,64.802864,70.95419,47.989582,78.235374
61.518044,61.6966,62.147514,59.61288,54.664738,60.546295,54.99989,60.11268
64.234764,58.71583,69.96976,71.59903,60.744095,54.475372,58.332504,57.781868
65.67856,63.94683,63.81308,65.46315,56.16423,59.382313,53.80299,60.346405
62.74109,63.42353,60.276573,60.90201,53.67725,54.6356,58.11941,58.62887
69.66325,71.88398,65.93829,65.53594,58.602715,60.696487,56.211174,65.229034
73.404106,71.591736,68.32464,69.34369,59.12838,55.63964,51.711983,63.833366
70.241455,70.34398,67.2303,66.500786,58.061344,56.854534,53.704338,64.701195
80.92401,76.966515,70.508705,76.69598,62.27469,53.276398,47.821465,63.378952
66.08681,67.158104,66.332146,64.40371,56.614693,63.054623,51.540195,65.316185
70.51716,70.63274,73.704124,78.52694,67.34899,64.66853,62.29744,66.33912
72.71332,72.79331,67.5947,70.92718,58.882504,58.861137,54.371418,63.18968
63.070442,65.330864,75.62279,70.56344,62.013115,63.839596,56.053852,70.182556
73.46456,73.12094,66.69305,68.83063,57.60072,54.894985,55.12956,60.587547
64.37453,63.718307,61.33143,64.65422,54.500916,52.638786,57.557487,58.702606
65.29886,65.05934,61.865986,63.185585,54.06918,51.45165,59.037125,57.29602
72.828156,73.31058,74.17359,73.10697,61.718887,58.65467,54.527634,66.944374
71.63718,72.80476,66.6524,68.56262,57.910072,58.14287,55.957912,62.693947
71.69259,69.78565,64.973656,68.28272,57.830357,55.34681,52.958893,61.190086
70.52595,73.25696,66.0481,66.13138,59.268684,61.93369,56.673603,65.74518
72.4199,72.92721,68.98437,68.4416,59.241016,56.778877,53.000748,66.6899
70.78041,71.63214,73.79738,78.145004,67.20287,64.741936,62.12547,67.32324
63.850624,63.2921,61.18045,60.051357,54.341835,56.85287,56.028812,58.450924
66.18338,68.36048,64.09132,62.610744,56.860977,60.1698,56.985847,63.52188
75.17298,77.464386,69.91328,70.488754,61.47697,60.468803,54.274357,69.09026
77.5971,80.94567,73.64052,72.38573,61.59154,62.764996,52.424927,70.939514
64.913994,64.9035,63.104897,62.782375,54.982067,58.87525,54.496353,60.561592
62.68506,63.800247,64.21673,61.869705,55.28819,56.38286,59.197014,61.237823
65.84679,65.64306,61.46327,62.79322,55.76777,58.303772,56.34738,59.41802
72.55315,73.32052,69.20075,68.5533,59.38196,56.92393,53.071274,67.13321
62.356674,63.67066,62.830067,60.18164,54.892796,57.95132,57.799114,61.275627
76.54398,78.19938,69.709785,71.600334,62.159073,61.241318,54.07759,68.19379
63.64071,62.67091,68.51079,70.75587,61.499382,61.10986,61.102177,61.78803
70.94674,70.2429,69.55852,67.61061,57.889538,53.137493,51.437313,66.417725
62.65885,62.32588,62.54773,61.041218,54.633892,56.26639,58.1556,58.86603
68.67403,70.75878,66.14779,65.187004,56.82273,60.125004,54.99133,63.92127
74.52591,72.33418,68.82893,70.35318,59.60684,55.40269,51.124226,63.874447
64.24837,62.287544,65.40422,65.432755,57.16683,56.166588,58.189404,58.796078
62.140594,58.913296,68.515915,67.11428,58.489002,57.62238,56.339943,59.809303
63.819183,63.976364,61.74708,61.874718,54.135426,56.321198,56.354477,59.204823
62.94307,59.587105,71.67022,73.31456,63.530914,64.90484,59.943367,61.613518
62.094833,62.998264,60.258377,58.468777,53.724426,59.399296,55.438107,59.772526
64.59955,63.927513,61.515816,63.77362,55.18569,56.585926,56.17979,59.39402
60.385674,61.843067,63.35799,59.18862,54.743595,62.130123,54.815792,62.204575
65.123634,66.217026,65.22073,64.829185,57.932503,60.000195,58.31387,62.575523
67.71424,63.234722,65.55864,66.51174,55.951683,49.63663,55.742218,55.375774
59.85561,60.878815,68.89418,63.943626,57.53146,61.49695,55.840828,64.740814
64.53508,63.164158,61.810295,61.460297,54.767845,55.475605,55.74674,57.770866
66.285164,64.940384,64.59301,65.851234,56.275963,60.299294,52.177876,61.736996
63.469666,65.44073,66.1912,63.6559,56.084694,55.458267,60.5138,62.881958
75.17388,79.48696,73.371544,71.36154,61.454372,65.9435,51.994823,72.53294
73.66005,75.023735,69.01151,69.27464,60.294296,58.99874,53.870438,67.3807
65.87717,65.52913,64.00667,64.134186,55.31811,53.60118,55.102303,61.749138
64.16258,63.220673,61.86429,60.616196,54.413403,56.028366,56.354557,58.20886
66.038155,70.358475,67.20509,63.377075,57.272495,58.49907,57.48018,67.91096
66.32353,65.48668,62.282677,64.48125,56.397514,58.72056,56.370884,59.3372
63.30856,62.018784,62.741123,61.879135,55.598526,57.33008,56.385086,58.63783
62.356495,63.436222,59.846848,59.48919,53.38706,55.60022,57.830364,58.673054
73.3044,75.87033,67.77362,68.591675,60.67357,61.972862,55.765854,67.232025
65.730515,69.87365,67.62664,63.815178,57.208687,57.549225,58.19161,67.621346
71.53089,77.41632,74.175354,69.67592,60.56616,55.723145,57.037205,75.02536
64.52352,63.57601,62.61561,63.441734,55.35862,59.06711,54.377407,60.14119
67.84851,67.35691,75.32293,73.071594,62.202812,58.80463,55.901497,66.69288
69.46632,68.3697,63.806297,68.37394,56.586838,54.499596,56.7704,58.78315
80.00349,79.61885,73.49489,79.702896,63.926327,61.41776,51.36632,67.97868
73.587166,75.203445,67.36784,68.85465,60.55603,61.530315,55.27733,65.910736
62.5828,62.971573,61.22184,60.44732,53.71296,57.031693,56.062843,59.400455
72.65771,73.09114,67.81006,68.390915,59.514133,58.552597,53.832882,65.366806
72.13024,78.64542,70.83713,67.78457,61.03041,62.021862,56.848984,73.8644
62.942703,60.764854,66.35252,67.31192,59.218906,59.2609,58.31967,59.722507
77.23828,79.9195,72.052124,72.79277,61.139584,60.74929,54.196762,68.41881
63.368153,62.92965,61.79343,59.87127,53.9598,57.52785,54.870327,58.817303
70.873634,72.39389,66.969696,67.81301,57.827057,59.43789,55.128635,63.78267
69.316216,70.88193,65.934906,65.363174,58.183514,59.610207,55.65144,64.68153
66.757515,66.55967,63.1248,63.212902,56.482994,58.883965,55.888737,60.571377
63.67932,63.73947,60.451405,59.781677,53.50969,55.37452,56.398075,58.171135
63.267033,66.96724,77.54553,71.78108,63.353394,66.26062,55.97621,72.96782
62.041004,57.965515,69.71944,71.624794,62.01724,59.07701,58.982147,59.852455
64.15764,63.671535,60.743343,59.75224,53.906338,56.45789,55.28447,58.221786
73.40362,70.80166,64.96865,70.19548,58.4866,55.06096,52.419495,60.528553
63.72191,64.42279,63.060616,60.957,55.091953,57.39643,56.19641,61.572956
69.46224,74.67513,67.60096,65.331055,59.311707,62.042324,57.446438,69.51124
65.38346,65.77635,65.09088,64.46617,56.561447,56.587364,59.317387,60.844303
60.8947,61.549652,63.754833,62.388508,54.50143,53.833843,61.46788,59.34369
75.55119,76.055466,68.949135,72.89136,63.09073,62.897587,56.020523,65.32132
82.99861,87.3622,79.19501,79.29386,66.51336,67.88889,51.572292,77.59462
64.020195,63.111027,62.373726,63.789494,54.738796,56.652164,54.996777,59.821243
63.355522,63.38324,63.824917,61.851917,55.04185,61.520916,52.559357,62.33067
65.61951,67.44931,64.35241,61.903805,55.241455,59.865547,54.774296,62.649345
72.10768,75.3563,67.8276,67.606285,60.17544,61.669613,56.11002,67.95849
64.92919,65.237305,80.03174,76.293274,65.44695,62.05702,57.02505,71.019325
60.96647,62.664856,63.290035,58.832306,54.46575,62.390404,53.94212,62.781578
68.1749,68.717354,66.208694,66.370476,57.089497,60.964848,52.989624,63.80837
61.665066,62.330074,63.122196,60.98845,54.631603,56.138577,59.180218,60.040005
76.397736,72.93617,66.311005,73.21812,59.20397,51.816673,50.07469,61.27353
72.54853,77.60451,73.00594,68.604836,60.53827,67.8459,50.649624,73.54253
64.113335,63.747936,62.844635,63.258286,56.709503,60.311264,57.14537,59.64828
72.77836,72.16221,67.536514,68.56034,59.263103,57.710987,53.189857,64.12882
64.47742,63.860394,76.417175,80.69914,68.82712,63.829685,66.20164,66.53158
66.57352,65.38237,64.09926,65.66234,56.058304,59.168423,53.290474,60.831867
66.33333,66.04613,61.946995,63.133038,56.03425,58.386948,56.13111,59.69854
61.8655,63.002766,62.23088,58.465935,54.01202,61.973118,53.2689,61.838543
79.88799,81.45082,74.66833,78.272156,64.010414,63.46488,51.63891,70.82488
69.20338,68.35075,72.22349,70.907524,60.21454,57.059998,55.268513,64.122734
71.97602,77.08897,68.56104,67.39636,60.69108,63.04578,57.198994,70.39317
66.913315,66.54883,68.81349,71.67413,62.252552,62.022392,60.23191,62.869423
62.896244,58.479076,71.101814,73.96206,63.606327,60.34922,59.96828,60.19374
65.94171,66.146355,62.44328,63.07887,54.82887,56.605,56.548374,59.009968
63.070877,63.469635,60.50144,61.550407,53.793324,54.42555,57.781647,58.662796
68.81497,66.065544,67.924515,69.91215,58.761555,62.50621,51.84657,62.534515
63.665623,64.20461,64.87074,62.6725,55.200283,54.604713,57.425064,62.01337
58.767117,62.15276,66.60886,60.078125,55.862694,64.13811,54.99628,66.14357
62.345226,63.048214,60.76852,59.686035,53.56177,57.180996,56.36217,59.29574
66.70194,65.04199,64.146385,65.49719,56.928993,61.08959,54.074955,60.26446
67.599205,73.1857,67.16093,63.834293,58.401943,61.39078,57.708294,69.39691
73.31292,74.02604,77.338326,83.02871,71.16477,66.772736,63.906635,69.39
64.42051,58.491497,69.28022,70.13898,59.531773,53.341057,57.097984,56.94898
65.10936,63.97328,62.47127,64.5967,55.621193,57.62311,55.272728,59.756935
62.23049,63.336002,61.821693,58.973778,53.57495,59.01006,55.226646,60.35629
60.02368,55.25077,71.63484,71.37191,62.31309,62.16369,57.950504,60.728466
74.7091,77.50616,71.12719,74.08999,64.70826,64.802025,58.481007,69.03307
65.195915,63.891445,62.439877,65.25191,55.610638,56.605797,55.519188,59.63813
63.50705,63.577526,60.405857,59.02378,53.681767,57.433235,55.278164,58.709484
67.31779,66.28625,67.270195,67.66533,57.62186,62.329357,51.346027,64.1479
61.6681,61.41936,64.2688,63.033306,54.707397,53.273857,61.187767,58.661495
64.50259,60.630394,77.60756,82.382095,68.79952,59.244972,67.165085,63.069473
78.41317,79.997894,71.84783,76.619934,66.15134,65.1605,56.932396,68.65092
64.19313,62.455135,63.550205,62.647003,55.521973,55.75176,56.893032,58.194725
71.169754,69.805214,66.08546,67.14317,58.263546,57.43332,53.483456,62.12523
60.700214,59.172092,70.31361,67.15067,59.06125,59.591263,56.468044,62.85303
63.18048,63.634872,61.186928,61.215275,54.444344,56.37122,56.84148,59.952175
63.977783,66.06986,64.33439,61.91314,55.94135,58.160465,58.275997,62.925537
72.090866,73.37089,69.47234,70.28754,59.445072,62.65683,52.021744,67.01199
76.96597,81.76783,73.74822,75.84137,66.55988,66.27661,58.863194,73.770546
63.295185,63.38944,60.626156,61.82407,54.18948,55.797935,56.775135,59.136646
62.996284,63.706123,60.205673,59.034054,54.219425,59.466297,55.789024,59.50099
58.98202,49.903046,80.033325,81.01605,69.04104,59.98057,60.746986,62.247456
63.238556,63.51353,60.369366,61.735798,54.023327,54.911125,57.481853,58.82275
66.748085,65.48451,65.853294,65.46029,57.362904,63.545273,52.476055,62.163986
63.573765,64.750595,64.94065,61.682003,55.376225,62.85801,51.90385,64.40801
63.130272,61.55564,67.82282,69.69484,60.75696,60.404766,60.242546,60.882145
61.83587,62.598705,61.189144,61.05294,54.176205,55.86279,58.834206,59.254528
75.72705,81.04039,70.46705,70.57924,62.994568,64.740685,56.947456,72.600716
62.66739,63.367355,59.958042,58.593647,53.675343,58.20251,55.833946,59.167587
70.77248,66.484344,66.467354,73.596,58.509182,54.008327,53.378574,60.264935
63.218212,62.938034,61.605175,61.80702,54.36356,57.83453,55.012997,59.873337
83.11554,85.03221,73.77433,77.67632,66.56223,63.46069,52.62377,72.44812
76.45913,73.82378,71.549805,72.46399,60.265995,52.445976,48.808064,66.16035
63.90812,60.69999,69.89953,71.92846,61.376167,57.25285,60.57945,59.91412
62.80027,62.094627,63.04972,62.188934,56.091553,58.658367,57.158722,59.46406
69.55008,75.409225,68.15389,65.42122,59.5264,62.219257,57.61798,70.613625
62.672657,63.025093,61.24382,59.03204,53.420345,57.846134,55.23672,59.19344
72.2559,74.82326,68.30361,69.9052,61.72903,63.160973,57.554268,66.893974
62.892975,60.0669,66.39933,67.17576,59.13732,58.99659,57.611275,59.224693
67.46652,67.618095,63.77873,63.47333,55.25335,56.75724,55.262638,59.97408
67.88845,67.078415,62.906403,64.74779,56.4339,56.97748,55.04148,60.280174
63.76439,63.523285,64.39881,63.446133,55.67643,55.599804,59.59546,59.52369
63.23361,62.020195,64.33668,64.468315,57.524353,60.24018,57.101612,59.689034
58.34834,55.666023,75.910095,72.47907,63.216965,61.58956,57.904827,65.60857
75.22352,74.49484,69.822,70.9096,60.4098,56.49665,51.663544,66.17537
63.664734,63.599533,61.931873,60.654797,54.92181,61.137,54.235886,60.256935
71.31456,68.26917,80.01596,79.48599,65.95961,55.330635,56.820744,66.71678
68.62548,70.046524,67.60893,67.79759,58.68399,57.30132,59.966003,63.46053
70.179504,74.09926,66.8557,65.88023,59.37588,62.048645,57.027752,67.63026
69.80652,68.4057,63.393223,66.45144,57.16067,56.73654,54.32874,60.16584
75.08552,76.985176,68.26232,70.14589,61.48974,62.126183,55.122803,67.01438
74.09143,71.36799,65.90752,70.8649,58.45441,53.120975,51.30969,61.54015
60.113735,56.189644,72.15794,70.41031,61.31349,59.862892,57.27005,61.75637
61.340584,57.09681,75.55433,73.319,62.52045,56.770664,57.84768,63.154827
66.126656,65.46957,62.79084,64.526276,55.075478,53.16049,54.991978,60.76706
62.779488,63.32243,60.093983,60.15895,54.041363,57.527756,56.31521,59.391464
64.477005,64.73841,61.453934,61.619656,55.27028,58.210373,56.66387,59.819073
63.232403,60.856895,66.57546,67.85146,59.54047,59.393185,58.370293,59.63465
65.24917,65.93578,62.96305,61.884743,56.027103,59.214825,56.560112,61.20334
66.73625,65.77876,62.341587,64.83002,56.348534,57.943058,55.973213,59.455162
77.00684,77.53877,71.42112,75.62376,61.789085,60.95723,52.821743,66.90255
72.94126,68.86906,67.78291,73.75479,60.991425,60.71217,54.562473,59.945236
77.47042,77.91427,69.368324,75.06026,60.839546,56.562023,56.591106,63.102757
61.366566,62.191223,64.50464,63.10057,54.65639,52.94002,61.279285,60.19101
56.165783,61.250923,75.067024,66.99313,61.34302,69.970535,56.45465,73.03381
68.988365,70.39176,66.69771,67.89499,60.095127,61.788948,57.883408,64.15112
63.529633,65.521255,63.438572,60.022633,54.461185,60.40641,54.674892,62.451912
66.97901,70.19516,66.66161,64.817444,57.81244,58.875114,58.80081,65.59753
74.85365,79.20332,69.17451,69.798645,62.17257,64.10343,56.707985,70.33586
64.51327,63.469105,65.16899,66.519684,58.754944,61.557735,58.29512,60.09747
76.528496,79.99567,72.82715,72.92272,61.66442,63.580532,53.438835,70.60862
66.99956,66.75698,63.756924,63.501694,56.538208,58.27719,55.473583,61.149162
65.984146,65.95646,63.131554,62.78984,55.997753,57.90828,55.773884,60.9276
67.15522,65.729256,63.646763,66.72757,56.06742,56.79348,54.728203,59.797905
63.89869,63.616943,61.803127,61.695267,54.959087,59.585033,54.810024,59.99894
75.81719,73.13717,67.71701,71.45946,60.167896,56.45017,51.351715,62.23136
70.47983,75.31348,68.35736,66.288895,59.6886,61.48708,56.78314,69.926476
63.446224,63.625538,61.718487,61.447548,54.032253,56.798862,56.04104,59.35776
62.077766,58.95182,69.118,69.62116,60.986065,62.134636,58.240974,60.543655
76.37545,80.55522,74.05822,76.82162,67.081116,66.24735,59.511166,72.8374
64.920235,64.10575,61.140217,60.80135,53.414352,53.13081,56.22562,57.233704
70.15224,70.610855,65.2383,67.403694,57.034935,57.330276,56.088818,61.06804
76.534424,71.32962,68.59193,77.377304,60.436703,51.619823,50.12864,61.233093
61.62399,62.190403,62.03698,60.882908,54.283936,55.811573,59.33073,59.114502
70.270935,70.94782,65.200226,67.25898,56.99251,57.105003,56.460773,61.00787
78.01564,76.9269,69.47254,72.023705,59.168423,52.97836,53.322323,61.257343
61.484337,58.631454,66.747406,65.731674,58.174877,59.224403,56.338203,59.49579
62.410736,60.023296,66.346596,66.90168,58.984207,58.837242,57.954132,59.598495
73.16521,76.36551,70.51645,72.468506,63.63628,64.13191,58.53632,68.994675
72.54296,71.45039,64.00772,71.879715,57.483418,49.523186,60.147686,57.178963
68.34687,67.492905,63.99481,65.16143,56.646038,56.376858,54.45545,61.203747
71.75468,75.024155,68.785706,67.537865,59.84032,60.046684,55.36769,68.956474
63.839905,62.15596,66.96484,67.87239,58.93616,57.679432,59.6551,59.917217
63.971703,63.7411,60.7081,62.72529,54.483707,55.351734,56.412487,59.273445
64.68394,64.80107,64.53679,63.427513,55.260098,54.028736,56.44095,61.884857
82.38135,87.243965,75.005974,78.05809,68.569626,68.45165,57.14162,76.6441
64.22529,64.701416,61.06664,62.237434,53.724163,52.167828,59.25024,57.69884
77.61228,73.32058,66.564095,76.970795,59.21631,47.373215,48.802082,61.536617
66.44623,65.70534,62.910698,64.70714,55.14834,53.057945,54.628117,60.92856
67.30736,66.76531,64.55924,64.50858,56.07689,55.043728,54.16421,62.188805
64.19374,64.41911,61.727154,62.150574,54.19336,55.80813,56.78903,58.995102
73.4267,74.3897,73.562874,72.491196,61.33053,59.135838,54.16432,67.189095
61.617435,61.287678,65.9683,62.76366,56.173973,59.36135,55.442886,61.46053
62.683125,63.433926,59.790348,58.645058,53.682976,57.953613,56.085323,59.089436
62.34634,60.07582,70.71445,73.39569,63.26081,60.88788,61.79536,61.766506
64.957855,65.78019,64.01138,61.238976,54.768955,58.62961,54.38599,61.41906
61.41082,59.01076,70.23283,67.779205,59.144646,58.397747,56.54691,61.776173
63.041252,62.61039,62.302094,61.61207,54.327087,58.926235,54.024227,60.26454
69.213554,67.01042,64.17755,68.361946,57.682587,57.463432,54.934357,59.78476
72.32607,78.93282,69.992294,67.733475,61.309017,63.548,57.6235,73.15877
55.177994,52.670258,81.59053,77.14194,67.36323,64.47867,59.36101,70.17123
75.20019,73.4479,69.48988,75.43444,60.875137,59.877403,51.742863,64.07395
80.636505,80.62132,71.543076,75.474014,64.079865,60.427307,51.683228,68.04853
63.787193,63.122704,61.876316,60.82877,54.271854,55.368084,57.09537,58.20195
71.47458,70.43618,65.68432,70.064964,57.883472,56.986736,55.11393,60.47234
67.629166,65.91361,63.311165,66.88048,56.894608,57.329166,55.48976,59.609478
63.974266,60.002773,66.73001,66.730255,57.682842,54.960197,56.378174,57.654644
75.3708,77.61861,71.53162,72.756874,61.02791,62.713875,52.91288,68.7412
63.99408,63.048565,62.243843,63.538845,54.924137,57.64088,54.572224,60.043888
73.5601,74.22318,84.233795,82.36649,69.442085,61.92625,56.242542,74.38386
64.211105,65.53527,64.22138,61.60891,55.12266,61.190926,53.458435,63.10517
63.258648,59.67521,66.79966,66.242805,57.587547,56.190594,56.155807,58.230885
65.153244,64.93862,62.553543,62.48964,56.281506,59.51842,56.867825,59.758904
73.66569,70.83551,64.99747,70.85005,57.89907,52.015747,51.326607,60.978485
64.74361,65.45237,65.186,63.127853,55.839817,62.408916,51.875145,64.140305
75.94087,80.228615,70.12633,70.83261,62.75498,63.891144,56.211384,71.24715
62.29141,63.084255,60.83445,59.79951,53.355835,56.174095,56.95751,59.005856
64.662155,62.341618,70.41453,74.46078,63.870888,61.956223,62.063362,61.357014
65.68431,68.307976,67.55631,65.57509,57.372612,56.142067,60.674183,64.510544
66.388535,66.560135,63.45486,62.196712,54.76745,57.108395,54.79858,60.045033
62.252754,63.289135,59.733074,58.793884,53.673588,57.948154,56.545944,59.302986
65.83609,65.80917,62.32247,63.72795,54.84975,55.615513,56.855087,58.8926
70.00917,70.960144,66.14945,65.99918,58.349407,59.166973,55.10879,64.31997
66.7588,65.70724,62.846638,64.8963,56.798107,59.697693,56.013943,59.490704
68.31126,69.46671,64.90292,65.16535,56.32457,58.488678,55.675762,61.84681
65.04721,64.16245,63.32285,62.736298,55.908688,62.019997,53.536064,60.518856
69.843956,66.2697,65.59957,72.352554,58.101547,55.9277,53.36041,60.33069
63.980057,63.86778,60.250126,59.532948,53.659004,55.98205,55.86731,58.17868
78.49406,78.42735,71.71553,73.77141,62.529545,57.81131,51.194565,68.44425
86.41792,88.836975,79.686165,81.21195,66.82637,61.6966,51.373726,74.59325
70.98204,74.01924,73.36757,70.32145,60.940903,62.982662,54.000027,69.80621
61.46625,60.958744,63.224655,61.08271,55.53326,60.317146,55.346268,59.995155
70.99091,70.47524,81.909515,88.06372,75.68857,68.12556,68.50304,70.576416
65.23502,68.87632,65.75735,62.160637,56.62378,58.898907,56.949894,66.38805
63.815056,62.749905,62.571674,63.47687,54.864555,58.141434,53.930695,60.301476
79.64025,75.64309,68.493706,75.837036,61.85768,55.342762,49.610497,61.387802
74.889015,73.1313,67.36238,74.186615,59.702896,56.3628,54.8508,60.73001
64.278275,67.75518,65.73845,62.18167,56.328182,58.083664,58.195007,65.53883
63.774498,63.177074,62.028564,63.270336,54.46998,56.03701,55.67817,59.52926
69.123505,67.33356,63.654625,67.30098,57.421375,57.595295,54.977505,59.765877
74.08166,70.86376,65.43739,71.90153,58.309875,52.170998,51.26288,60.86592
68.67285,64.93691,66.77854,70.71941,58.258583,59.698357,52.53671,60.778435
65.81082,65.90496,62.11092,63.71063,54.737316,54.888916,57.41751,58.64427
81.45004,85.73023,78.32716,78.05867,65.67693,68.19764,50.737633,77.01414
72.47708,71.51841,65.30589,67.968765,59.29095,60.110016,54.517387,61.470802
62.85912,63.71143,63.623173,61.253662,54.894756,56.17799,57.457058,61.506676
67.88164,66.78009,62.177975,65.306145,55.948742,55.271957,54.68976,59.8292
65.28504,64.655655,64.329605,65.345406,58.006733,60.129112,57.966106,60.15469
68.033615,67.40114,63.311207,63.989605,55.143417,55.28056,55.56934,58.562588
75.01998,68.64789,70.42896,79.73004,62.004047,57.36878,51.57264,60.933094
60.353767,60.817345,67.80473,63.53909,57.12167,60.965866,55.71499,63.512672
76.19614,75.10882,73.67244,74.71634,61.70326,54.79405,54.256256,64.203125
67.7828,68.456825,73.39904,76.99221,66.27207,63.81765,62.807827,66.61543
71.31203,75.320526,68.0605,67.77391,60.64447,62.75069,57.38504,68.53386
78.074036,82.57289,70.884605,72.60773,64.25432,65.637726,56.465237,72.31665
61.748005,61.79847,63.529785,62.61813,54.37496,53.05608,60.956,58.53918
65.22327,63.914967,61.679005,61.207573,53.92458,53.42158,56.309532,57.202614
62.79689,63.191242,60.54827,60.137432,54.14555,58.470303,55.593765,59.69258
67.93669,67.83811,63.634598,64.08299,57.1615,59.564636,55.8208,60.994465
62.88894,63.09843,62.869232,63.45485,54.560955,53.140865,59.21865,59.62247
63.209118,63.463707,60.782562,62.116127,53.782047,53.68434,57.984554,58.54246
66.96675,66.911766,64.4777,65.102295,56.09292,59.26131,54.067177,61.558884
70.200325,74.47407,67.84093,66.052505,59.3857,61.19759,56.62573,68.925575
65.82622,65.45215,61.391777,63.19947,55.580585,57.40788,56.110817,59.401917
66.70896,68.64383,67.53857,67.7404,59.981125,61.09771,59.124096,64.88908
71.48287,70.59228,65.681496,69.93235,57.85121,56.94826,55.268448,60.511963
68.412254,71.2362,70.91633,72.11384,63.215935,63.003384,60.49422,67.95419
63.19917,61.25534,72.40283,76.350365,65.30859,62.354366,63.829456,62.78336
62.473328,62.86635,62.61689,60.216354,54.240387,60.670288,53.39908,61.40231
63.717957,64.08914,62.980957,61.94689,56.003716,59.06712,57.471363,60.520096
76.17731,77.695244,72.01532,74.33868,61.661434,62.844498,52.085865,68.777954
72.07269,69.70888,65.016106,69.32933,58.909534,58.485188,54.07078,60.051464
64.395836,63.79756,62.148273,63.78886,54.653477,55.663185,55.982876,59.36715
62.249905,62.32486,61.586178,59.496723,54.40336,59.487522,55.090023,59.60759
69.64602,69.1293,64.32397,65.4054,55.861526,55.22433,55.42769,59.205757
63.666153,63.439445,61.582355,61.31683,55.507923,59.13056,56.34626,59.215565
63.42458,63.53895,61.886364,60.66305,55.13098,61.109352,54.978436,60.15285
67.13149,66.76926,64.30826,63.96935,56.321835,56.656136,54.783936,61.813313
60.454075,56.56168,72.6946,72.63542,63.321693,64.4462,58.82618,62.142754
66.42433,66.66479,61.700775,64.63459,54.70984,52.21444,59.228874,57.80933
67.95765,68.10433,63.778687,64.58985,57.651146,60.351772,56.44716,61.120026
67.06048,67.48547,65.429565,63.745605,56.61513,57.086487,54.87514,63.38448
70.793724,72.135315,66.622795,67.746994,57.6737,58.941166,55.413635,63.211655
63.918392,63.219814,63.348133,63.410114,54.209858,51.055954,60.038727,57.451504
62.545227,63.467705,59.924305,59.421394,54.143967,58.18169,56.996964,59.35539
61.590843,62.515373,62.727993,60.513252,54.55165,56.67891,58.834743,60.271336
66.95836,72.05028,67.457855,63.503708,57.821964,59.799416,56.985603,69.28181
78.661415,82.028755,71.22421,74.50287,65.25501,65.88082,56.681297,70.89111
68.988304,67.958015,64.29644,70.34791,56.80875,50.11995,60.788143,57.97474
64.33619,63.912262,60.624844,59.798306,53.620087,55.540432,55.580288,57.971718
63.72156,63.49858,61.054104,63.31606,54.199757,53.59726,57.608776,58.709724
69.081215,68.15054,66.024254,65.92888,56.9165,54.83179,53.246574,63.02396
65.61684,68.27184,68.393166,63.655537,57.18085,66.03158,50.367104,68.620285
65.9876,64.39209,62.691914,67.181274,55.54835,53.497345,56.350857,59.169353
75.98994,79.54221,71.146736,73.63379,64.61406,65.14609,57.799774,70.4
62.10746,62.48397,62.11141,63.02061,54.233562,53.17108,60.117386,58.82842
65.719925,65.52068,61.934452,62.423843,54.238968,54.55815,56.789177,58.08831
63.640934,63.408237,63.56619,63.00677,56.226147,58.161503,58.28975,59.814297
66.44598,73.575294,88.59671,82.91852,73.02117,74.09409,56.905113,83.96764
66.90656,67.07573,61.87932,65.090004,54.905373,52.16068,59.24968,57.77756
63.78767,62.55458,64.754265,64.62277,56.99115,57.34003,58.292747,59.347355
62.897808,57.724785,71.726974,74.29526,63.2909,57.608402,59.896763,59.53046
63.523586,63.47617,65.60406,64.41453,55.82911,54.18029,60.859127,59.91904
64.3242,67.91027,64.97919,61.68056,56.341248,59.190514,58.030785,65.24546
66.21411,65.401115,63.566963,65.473816,57.804405,60.45406,57.554077,59.58833
66.48152,69.486115,72.997406,68.65418,60.40067,63.57702,54.827915,69.408134
65.32311,65.29409,62.993004,62.77774,55.29441,55.845894,55.323677,61.252777
66.06717,67.09994,66.65692,66.83026,58.826458,59.387665,59.330814,62.980694
74.066154,77.73384,68.22976,69.108,61.511772,63.597004,56.573696,68.72168
70.3373,70.60825,65.74898,65.694855,56.45972,56.733818,54.544193,61.311012
64.45182,63.213955,63.04233,63.907005,55.34004,59.05164,53.757183,60.377384
70.26471,68.72138,65.85248,67.50353,56.897503,52.829067,52.336575,62.75288
66.98024,69.79443,65.75393,64.1884,57.596596,59.521782,58.04184,64.87977
70.959206,70.00625,66.05579,66.21639,56.47278,54.860603,54.087482,60.022438
66.37592,66.440544,61.930813,64.68457,54.829906,53.0166,58.558456,58.11598
74.28503,76.747856,68.346794,69.46871,61.17842,62.00155,55.431206,67.68102
66.670586,62.06893,72.141365,71.86173,60.122,52.421753,56.63439,59.67141
62.67749,59.451305,70.80067,68.882195,59.243988,56.061386,56.680065,60.935677
80.54032,83.49111,76.05671,77.90209,64.54989,65.08054,51.832634,73.28596
68.436584,69.126144,64.42613,64.51518,57.591404,59.84048,55.92062,62.440586
74.737335,72.13806,67.61121,71.07053,59.154045,53.841106,50.887825,62.8239
64.854225,65.96001,62.879066,61.5301,55.95519,59.482437,56.87207,61.49388
63.453293,62.990402,63.16619,61.999184,55.148815,56.361725,58.345448,59.02297
68.99792,67.64862,62.761475,66.11522,56.60187,55.929382,54.46486,59.903656
70.884254,75.98034,68.84786,67.26315,60.223476,61.67985,58.142227,69.98863
76.66277,76.79849,70.49066,75.2947,61.3087,59.696587,53.57028,65.4306
64.25893,66.86524,67.37194,62.98754,56.680634,62.06702,54.502125,65.57697
68.061775,70.47526,66.93663,64.85273,57.03004,62.02559,53.553246,65.60903
62.2907,63.01617,62.786995,59.67032,54.33891,61.830257,52.84942,62.112553
66.60167,65.274086,63.328506,65.2124,56.74237,59.911674,55.214436,59.805126
63.48214,61.959076,64.39367,64.032585,56.757862,57.355762,57.588802,59.051693
63.787674,63.002472,62.03057,63.38375,54.672264,56.789078,55.092453,59.81009
65.279816,64.3694,63.14872,63.16471,55.996155,61.30425,54.068756,60.296597
70.37962,67.350624,65.18477,70.60282,58.177746,56.14608,54.10695,60.03884
71.857025,74.76929,71.996735,74.37204,64.87326,64.29653,60.068447,69.12375
63.928448,63.417202,61.471386,63.95113,54.351765,53.594494,57.258163,58.84298
60.39131,53.939747,72.43886,72.57122,62.702477,59.184372,57.904423,59.464424
80.732605,84.910324,74.57114,75.49714,65.63218,63.206524,54.048336,75.79177
58.166504,57.02356,71.50706,67.78819,60.516674,63.281612,56.83618,64.513695
65.27111,66.19882,63.89882,62.865673,56.32066,58.44117,57.84411,61.450714
72.84863,76.64576,68.24112,68.17068,60.78446,62.5539,56.433743,68.86552
63.095303,59.877365,66.28629,65.64866,57.3713,56.633614,56.120533,58.4014
71.09929,75.50154,71.2148,67.32934,59.431606,66.201416,51.503204,71.3056
68.308624,66.90149,62.62795,66.15898,56.26058,55.257458,54.539215,59.878967
63.04217,63.513237,61.54448,61.46757,54.472645,55.96472,57.27916,59.97649
79.2005,84.80202,73.065094,73.73908,65.3337,65.92373,56.4643,75.743866
62.044346,59.972416,64.77926,64.17498,57.37055,58.935226,56.42125,59.253937
73.17832,70.20482,65.372375,71.08638,58.585865,54.747208,52.455276,60.522533
62.54049,58.025764,68.58017,68.312805,59.1479,56.85746,56.698532,58.498455
61.589615,58.810986,71.045204,68.70929,59.6129,57.842766,56.739502,61.816586
59.95242,57.315277,68.58238,66.66716,59.19401,61.212,56.441013,61.02777
77.6021,75.97843,68.79906,72.69957,61.73957,58.95223,51.883274,63.86861
68.224075,69.777,66.68801,67.49427,59.85762,61.575996,58.088882,64.24971
63.518097,63.58705,60.671024,59.606052,53.500114,55.99063,56.016563,58.394028
77.696556,81.32211,71.50711,72.57223,63.514473,62.921154,54.929955,71.99749
72.5841,70.42391,65.56211,69.1632,58.138855,54.72215,52.352047,61.522015
69.00616,67.17034,75.5622,74.30222,62.495445,56.562584,56.098007,65.14886
67.969444,70.91804,67.06516,63.697605,56.720627,61.82732,53.686035,65.87297
64.33782,63.40243,63.79614,64.72872,57.56932,60.12992,57.604767,59.526127
62.566936,62.89829,61.22677,60.22721,53.854412,58.042377,55.454796,59.685844
74.10759,76.125465,72.09068,75.92448,65.830734,65.000465,59.55394,68.34115
64.79732,59.888603,75.94241,80.062836,66.66013,56.94263,64.62183,61.134697
68.13354,70.085175,67.2782,64.726295,57.462727,57.239723,54.84131,66.4699
65.07627,66.45917,63.149406,61.712486,56.126648,59.614574,56.91312,61.98116
63.136555,63.461327,60.786594,59.87269,53.339188,55.263763,56.747704,58.381737
69.736115,66.30242,69.008026,73.35414,62.23845,63.347347,57.476826,60.438614
69.45569,72.32608,69.75312,66.65202,58.49395,62.079334,53.806168,67.37277
71.91173,75.17063,71.93774,69.15933,60.049065,62.847702,53.512867,69.28766
70.570496,67.36933,63.021954,64.888885,54.585552,49.276466,54.8918,55.033207
66.936905,70.181915,67.05392,63.64438,57.24359,58.086758,55.829876,67.36887
70.066475,69.03199,67.1445,66.52685,57.576675,55.333687,52.840717,63.696815
64.91558,65.32761,64.515366,62.069916,55.515427,56.363808,55.205673,62.671764
66.247574,69.68731,66.243805,62.948917,57.02793,58.83925,56.45199,66.742516
63.09198,62.601536,63.471382,63.091064,56.632378,59.156578,57.813717,59.809135
62.358135,63.163082,60.51972,58.47666,54.00207,60.4336,54.997288,59.972935
65.56602,70.55971,71.10371,67.564445,58.27001,54.083008,63.38928,68.39969
60.21343,57.657562,71.72125,69.05152,60.4101,59.911312,56.941475,62.784874
67.46752,71.22104,67.19392,65.18172,58.185314,59.21166,58.85073,66.60501
70.46724,71.8155,68.61646,70.99359,62.162422,62.82727,58.641136,65.205956
65.29534,65.98866,67.03602,67.84835,59.888565,60.9661,59.37773,63.09529
59.58519,59.62006,78.32899,73.30553,63.84128,62.40265,57.63874,69.704315
69.7348,72.3919,67.32134,66.018936,57.50984,61.015522,54.690434,65.374855
61.431717,62.367336,61.408234,60.40286,54.079723,56.105507,59.195297,59.214314
74.45298,79.6292,69.72672,69.4822,62.16778,64.128716,57.00677,71.67371
63.230175,61.80828,62.778152,62.278187,55.88822,57.459675,56.182755,58.60439
61.83321,61.67704,65.94475,62.59663,55.97366,59.023212,55.386658,61.56633
74.86655,76.18131,68.22969,71.496864,59.34171,57.302517,56.680115,63.272713
69.7957,66.679184,65.20913,71.54657,57.828163,56.14661,53.44488,60.276993
67.66304,66.80823,62.728596,64.81668,56.11959,56.035114,54.846817,60.30623
66.98212,65.31927,64.525185,65.40179,57.27759,62.314625,53.849762,60.408802
70.29973,68.767685,64.73807,67.17288,57.168926,54.902122,53.269543,61.46836
62.921734,62.925224,61.23302,60.828705,54.272533,58.749153,54.830276,59.986393
65.79111,64.97605,64.96755,66.55996,58.752586,60.473972,58.242912,60.284496
68.30508,68.20571,64.67573,63.541176,55.423904,56.60485,54.138268,60.499104
65.015045,63.807583,62.529392,65.398605,55.127136,55.16828,55.677517,59.492313
66.034546,65.46449,63.91646,64.98484,57.79052,60.187866,57.479584,60.07012
67.26728,70.19106,65.605095,64.08772,57.704605,60.037125,57.687378,65.09935
83.36971,84.8891,77.531395,82.11207,66.59024,64.571556,50.70394,73.27747
69.201454,69.11456,65.99195,65.49767,57.56992,57.464363,54.32894,63.34291
63.37525,63.462425,60.557396,61.523445,54.405033,56.991432,56.272728,59.388275
63.86436,63.993423,61.041164,61.102028,54.85927,59.061462,55.824512,59.599365
65.799095,65.791084,61.82496,62.379246,56.072704,59.498478,56.652027,59.6025
68.331566,69.10448,65.99617,67.335526,59.59081,61.410683,57.784798,62.94332
70.11108,72.23591,67.29566,66.822,57.6961,60.68358,54.53685,64.94674
63.41472,63.45473,62.36103,63.447918,54.55314,53.394794,58.383526,59.556164
72.24806,74.967224,69.90037,69.1725,59.363537,63.00907,52.995354,68.08589
73.52051,78.27714,72.94759,69.567604,60.756916,65.49622,52.812344,72.0975
78.38459,78.06417,71.98929,73.77106,62.318726,56.90884,50.721657,68.504074
73.6546,69.30277,66.70982,76.85824,59.839546,53.45288,53.864456,59.94515
62.537395,63.050056,71.60665,67.49642,59.325745,60.54735,55.9476,65.68531
64.7233,61.129917,65.58588,65.69548,56.79675,53.994835,56.170536,57.225937
69.28064,67.79045,63.13025,70.04938,56.478447,50.388515,58.679493,57.97561
65.230316,64.58304,61.791706,65.36623,54.763847,52.44255,57.93158,58.481415
68.4071,67.350624,64.79057,65.909065,56.119156,53.2201,53.24014,62.29794
69.923416,69.610794,65.45734,65.95271,57.97432,58.511673,54.609444,62.51461
69.71475,73.18899,70.86071,67.17327,59.190662,67.054596,49.77039,71.16468
62.87402,60.13774,65.74567,65.88713,58.0762,57.563572,57.22404,58.8297
67.44379,63.295227,67.43362,67.84558,56.718243,49.705345,58.486153,56.323814
68.4023,66.635,64.3632,67.95964,56.722755,57.51127,54.051716,60.035217
67.17741,66.27133,62.08791,64.77597,55.59064,54.87203,54.76681,60.020977
62.908863,61.781853,62.643093,61.798878,55.65529,58.05506,55.86856,58.8809
69.21357,69.7708,65.20613,65.26553,57.88679,59.292526,55.370544,63.06867
63.31858,58.5167,73.14765,77.33212,65.952095,61.02937,61.623497,60.859795
73.24904,77.97886,68.7888,68.44958,61.323875,63.49554,56.97228,70.28653
68.674736,66.06781,65.16709,68.84256,58.16504,59.8128,54.719673,59.954567
64.885544,63.70807,62.49269,65.234726,55.07443,55.261124,55.63944,59.513943
65.39836,69.188515,70.71241,65.73626,58.80577,64.3246,54.462605,68.959404
70.66258,68.30972,63.70962,69.01774,55.91501,49.183456,51.63412,61.125164
67.71027,71.78894,70.927925,66.45572,59.080112,64.46665,53.973137,69.527145
67.940056,64.954185,72.96365,79.13495,67.24354,63.84452,63.167118,62.05464
74.75205,71.27235,68.566284,76.119675,60.67279,58.993294,51.078106,62.24889
59.02682,58.896725,67.736885,63.98567,57.99753,63.039547,55.93535,63.225483
61.505257,60.371174,71.65962,68.066154,59.35293,58.585644,56.525738,63.874477
61.511497,59.154457,69.13576,66.89305,58.600235,58.546318,56.34347,61.18291
74.447556,75.640335,77.83443,83.507866,71.689255,67.26163,63.79616,70.41507
68.35018,67.66209,65.34922,65.10228,56.765907,55.892628,53.953957,62.494873
68.89745,68.00059,68.96271,69.5906,58.767414,63.377518,50.63054,65.68343
68.89714,72.70323,67.34787,65.9101,58.86998,60.26026,58.288193,67.118965
62.17612,62.621574,61.861366,61.27578,53.90957,53.983665,59.519493,58.490585
67.606804,66.24828,62.87973,66.4103,55.22783,51.160492,54.1991,60.51317
70.84186,69.92646,64.039536,69.20484,56.951096,53.740513,57.615067,58.331223
77.64867,78.55932,73.12628,76.56711,62.776478,63.355072,51.008106,69.4635
63.670254,60.306656,69.69448,71.61537,61.27098,57.366924,60.169727,59.77977
62.053783,62.58703,61.584137,62.046165,54.23198,54.65076,59.310204,59.06744
62.262108,60.68363,63.88771,63.021065,56.577873,58.7835,56.103687,59.2085
58.4449,57.581024,69.87614,66.38263,59.650284,63.612408,56.563007,63.81982
64.63594,64.49548,66.02481,66.43901,58.186104,58.354168,59.7377,61.015724
68.42969,72.99121,66.939476,64.528465,58.55805,61.15943,57.185883,68.30424
70.78344,70.52925,66.20321,69.07127,57.817574,58.48512,54.47871,62.00787
73.14739,79.504135,70.159706,68.41405,61.724247,63.844196,57.485783,73.14156
67.77323,69.16124,72.31778,75.04217,64.976555,63.394463,61.930656,66.87831
67.98871,68.40167,64.588455,64.25284,57.232075,58.943893,55.551674,62.415047
65.32005,70.610306,71.67478,65.70023,59.355534,66.78291,54.08747,71.34431
71.92826,73.036285,70.173386,68.24457,58.992695,55.382324,52.537365,68.496666
69.45642,74.09156,67.14042,65.309975,59.162033,61.915237,57.289516,68.55376
68.023285,70.37707,67.29817,67.49316,60.025036,61.690544,58.36844,65.522835
67.98875,68.19392,63.607735,65.15194,55.817574,56.7392,56.444603,59.658207
76.24405,76.64095,69.50308,74.24119,60.62075,58.304806,55.05905,64.159485
63.836212,64.25009,61.11342,62.206562,53.861183,53.75464,58.15275,58.411194
83.10835,84.77261,75.73698,80.94943,65.42545,61.147606,54.027645,70.417984
68.94079,69.54982,70.572296,68.553444,59.0705,58.913307,54.666965,64.94826
65.60011,66.38316,63.25887,62.63058,56.578476,59.809334,56.941517,61.35592
56.11724,59.283596,74.07282,67.60563,61.504143,68.46892,57.508774,70.30442
63.98488,61.437786,66.758644,67.38378,58.457355,56.506847,58.61025,58.99618
66.03265,65.21433,68.01672,66.0908,57.320587,56.944138,55.18072,61.71517
62.99056,63.7994,63.208122,61.078365,54.845055,56.47548,57.093002,61.384834
70.8396,73.05124,67.61661,66.675674,57.691048,60.06114,54.540592,64.942184
65.02325,66.82738,64.05636,61.305325,54.973213,59.91639,54.696327,62.49892
62.791367,63.32321,60.246296,60.38754,53.94013,56.871754,56.616856,59.23482
71.70686,73.76084,69.88014,67.89485,59.230232,56.840927,53.513836,69.01515
67.279724,66.53498,62.824894,66.4067,55.608772,54.078556,57.13954,58.724415
84.08278,88.48546,75.759125,78.42545,68.48018,67.049446,54.86391,77.676674
61.85963,62.935726,60.523857,59.99262,53.70834,55.735844,58.616,58.944572
72.74641,77.50971,68.59811,68.028755,61.040085,63.28923,57.027428,70.1206
71.39828,69.93389,82.85729,89.45823,77.03796,68.70412,69.36805,70.166954
64.55717,62.460293,66.862595,67.59147,58.339924,56.145554,59.35154,59.206573
62.786667,62.700127,61.59662,59.475006,54.04559,58.579987,54.89717,59.255207
62.047394,60.00487,78.73429,75.28619,64.35829,59.198166,57.82532,67.67002
67.0359,66.550255,62.6194,65.790054,55.394043,54.07218,57.407814,58.609264
71.739876,70.09576,65.64229,67.775696,58.35974,57.21627,53.366776,61.557686
60.33469,56.8022,77.46251,74.35037,63.54885,57.834232,58.18849,65.29606
70.62935,69.190895,63.979332,66.734764,57.88598,58.229298,54.43037,60.253048
63.822067,56.509037,74.81962,78.252335,65.49057,55.52776,60.88353,58.892017
63.263256,65.956856,79.89785,74.6412,65.16293,65.59046,56.670387,73.470215
68.04194,68.58301,66.2924,64.62874,57.083,56.84344,54.46244,64.29111
67.72054,65.80763,63.848007,67.33501,57.407104,58.723087,55.71625,59.565693
73.89434,77.84914,71.47981,69.32249,60.02775,63.60531,53.249474,70.02257
64.69166,63.462837,62.932545,64.488266,55.17755,57.64474,54.128803,60.169918
62.647266,59.9299,67.9344,66.271935,57.75575,56.964893,56.10557,59.852825
67.32668,65.95039,62.82067,67.99138,55.844063,52.447247,57.377296,58.645733
74.239006,76.1439,67.37897,69.31763,61.067223,62.50728,55.62474,66.15449
69.724014,66.38694,65.75868,71.22239,58.683456,57.836784,54.93999,59.80318
63.826305,63.831264,60.950882,62.452404,54.41729,54.97361,56.85357,59.392212
63.58372,60.465656,66.74584,67.279335,58.537125,56.527847,57.873356,58.65274
72.37956,73.87654,67.07495,67.89367,59.812992,60.667324,55.207253,65.58054
74.07657,75.50854,70.12617,71.92435,60.19041,61.711323,53.020943,66.94549
62.9453,63.056606,67.26791,65.72614,55.93423,51.88334,62.76513,60.264824
62.717766,62.77129,61.706734,60.760246,53.979916,58.228462,54.978626,59.867657
72.44937,75.201416,67.19069,67.80149,60.2879,62.194817,56.1985,66.84461
66.61937,67.17498,63.995136,63.110172,56.598354,58.79557,55.913933,62.04217
68.51939,66.977905,62.704956,66.526566,56.201363,54.556362,54.24564,59.96523
63.265453,63.663036,60.936855,61.23916,54.40637,56.377285,56.719883,59.806633
65.61396,64.808495,62.579983,63.645386,56.07941,59.887844,55.296463,59.790535
71.38202,74.39011,66.59302,66.843796,59.807377,62.33388,56.659054,66.51239
68.18218,67.26397,67.86465,67.0835,56.371136,50.46962,54.010075,64.10269
68.32497,68.522026,66.706535,68.83548,60.455875,61.66596,58.35138,62.581165
64.511536,64.61265,61.948673,62.482433,54.377705,56.125866,56.50708,59.10607
61.879055,57.132294,71.15959,70.28492,60.505413,57.207916,57.08505,59.88231
72.89722,73.07226,69.7108,68.99383,59.31478,55.729248,52.24147,67.12242
68.82407,70.272896,65.53314,65.05496,56.472187,58.715958,55.272026,62.5588
62.2473,63.24232,59.756405,58.685852,53.755516,58.519016,56.18828,59.469765
57.096844,61.20643,68.912926,61.35999,57.281433,66.31741,55.247776,68.395096
69.50181,67.95626,64.350975,68.733284,56.92495,56.1013,55.29233,59.438206
62.461876,63.384174,60.122204,59.90551,53.445374,55.455524,57.70805,58.718586
64.94087,66.196526,63.249897,61.651188,56.00149,59.236897,56.739117,61.990875
77.97558,81.524124,73.68873,73.36917,62.044144,62.93408,53.407185,71.03428
70.85733,73.085884,67.57201,66.75746,59.092857,59.55273,55.231865,66.84143
60.125107,61.336563,63.74699,59.793186,55.307514,63.09517,54.75614,62.40262
72.701866,75.52652,69.05168,70.77226,62.380123,63.52359,57.82277,67.68214
61.263264,63.30188,64.84559,60.047768,54.98298,61.30335,54.810993,63.46451
62.897022,63.2008,60.91646,61.120422,53.853245,56.014286,56.68745,59.141262
63.735962,62.034363,69.30074,71.33695,61.230545,58.767216,61.578327,61.023205
68.73795,70.31963,72.37457,75.21638,65.15058,63.65688,61.633766,67.24139
65.04112,63.31355,67.3654,69.52285,60.66065,62.877445,59.16426,60.58495
65.76221,65.36992,62.906395,63.685345,55.1367,57.773678,55.138905,59.650673
65.39201,64.91644,63.040573,64.467255,54.99047,52.890457,56.144737,60.55525
73.58938,77.739494,68.43928,68.719055,61.363773,63.505203,56.76565,69.39418
63.36239,62.664707,68.86046,70.91262,61.656578,61.149258,61.351807,62.26758
81.173355,86.53514,73.61409,75.45268,66.73795,67.5155,56.57924,76.29874
59.455578,60.100555,67.46246,63.121964,57.29457,62.48948,55.709755,63.722385
64.419655,64.2186,62.663204,63.84838,54.77491,53.30427,57.155907,60.104244
71.03606,70.038536,65.30611,66.841194,58.406406,58.813183,54.30206,61.63429
66.59312,65.72916,61.780884,64.58529,55.099594,53.79001,54.65486,60.054535
77.97504,74.85615,69.616974,73.493935,61.203587,55.436863,49.803604,63.396255
69.81999,67.8545,67.09751,70.35634,58.40528,61.065887,50.956924,63.29194
63.051487,62.186207,63.04657,62.680428,56.406338,59.465893,56.483536,59.40146
63.007915,63.346832,60.61846,61.27847,53.89892,55.53804,57.086582,58.982246
65.34491,65.90572,66.90954,63.849438,55.96145,54.048508,56.069138,64.01056
69.625595,68.55351,64.42016,65.86188,57.506405,57.869076,54.4784,61.014885
63.642357,62.196655,65.20928,65.281204,57.4472,57.51617,58.39171,59.418266
68.77811,67.504326,63.63058,68.25694,56.4204,54.34981,56.561653,58.918552
66.516266,66.09329,62.182056,63.683784,56.670547,59.630013,56.693142,59.38279
80.089226,80.336914,71.83278,78.40916,62.873596,57.919956,55.152946,65.307465
79.48213,82.54764,74.4116,74.56303,62.577736,62.049873,53.019035,70.96542
69.82399,71.842804,66.972275,66.54381,57.494713,60.42491,54.675365,64.5599
73.815346,73.2862,70.6156,73.86054,60.85635,63.222862,49.863987,67.24013
63.982903,63.6062,61.15054,62.809475,54.79588,56.74786,56.081615,59.446083
65.40033,64.5117,62.138123,64.29752,55.79179,57.806007,55.94114,59.49954
71.87085,69.7533,65.612076,69.00976,57.430492,52.654118,51.89229,62.05226
65.04344,64.761,62.44069,63.308613,56.58652,60.29466,57.00174,59.56812
67.45094,65.34716,63.017612,68.431404,55.860275,52.270813,55.06064,59.615368
65.11147,62.1976,64.15431,64.21511,55.846085,53.744835,55.93645,57.094765
72.95803,72.91213,65.92687,68.30541,59.772892,60.765984,54.822845,62.919743
63.404892,63.36158,61.099392,59.287422,53.515537,57.14857,55.109524,58.742256
63.340984,65.81441,64.440506,61.4721,55.72017,57.9522,58.473003,63.345615
66.62457,68.296814,67.60781,68.14816,60.293568,61.45823,59.142624,64.680786
66.00245,64.6129,61.443184,61.73343,53.43825,51.210213,56.414043,56.44581
65.32527,59.280045,74.0556,73.7471,61.357796,51.403206,57.48788,59.42506
64.89052,65.24324,65.96684,66.17426,58.31182,59.06987,59.32967,61.76196
67.582664,67.5475,65.94055,64.289955,56.690945,56.27923,54.23308,63.491188
60.71573,64.42222,67.47589,61.0953,56.40934,64.84345,54.049957,67.3477
77.05859,73.84772,68.988945,73.38339,60.05068,52.343987,49.30424,63.501137
62.39531,60.556526,64.565346,63.32389,56.427593,58.35995,55.79589,59.122753
69.31435,72.3475,66.063576,65.1975,58.66034,61.22092,56.718628,66.08212
63.915096,67.619545,67.508255,62.051414,56.604855,64.51186,53.245747,67.53717
64.500336,57.39707,74.36164,74.45041,61.977543,51.56842,57.85464,58.67603
67.02102,66.05295,62.30427,67.40435,55.4681,51.3338,58.448994,58.17494
62.6164,63.43677,60.310005,58.802105,54.10815,59.849895,55.563377,59.738712
65.444916,63.457775,69.00292,70.74286,59.927074,55.78968,61.544926,59.926743
65.10899,69.28168,66.53944,63.204628,57.044495,58.56726,59.027584,66.49417
65.727486,66.18576,65.115135,65.5635,58.365673,60.454285,58.101845,61.888332
71.09283,70.7548,73.153015,78.36842,67.13883,64.64293,61.828495,65.51586
71.92213,70.77951,64.89679,67.53904,56.5602,53.592186,55.728542,58.380722
63.102417,63.100178,62.578194,59.85703,53.914474,57.79834,54.706337,59.666054
68.134346,68.179146,72.77045,76.77986,65.993805,63.70556,62.397396,65.555374
61.64735,62.65544,62.40368,58.831566,53.999126,60.31763,54.629852,60.975533
66.32943,62.74833,64.74188,64.83348,55.56182,51.348007,56.36022,56.216175
65.92697,67.807465,64.36791,62.979572,56.777634,59.3546,57.551258,63.05793
78.62869,82.019684,74.01127,73.95186,62.31827,62.648857,53.33913,71.06841
62.334507,62.8648,61.422325,62.215485,53.93635,53.40891,59.520866,58.651566
65.28556,67.388794,64.325386,62.019314,56.316704,59.05821,56.660587,63.760056
84.21795,87.91715,78.69041,79.930084,66.37678,64.659256,53.16196,75.57609
61.18249,61.931156,62.43697,61.14044,54.371082,55.665035,59.970837,59.358303
62.920822,63.58422,60.312008,60.325176,53.3105,53.775684,58.29059,58.076973
71.04477,72.42859,78.434685,75.94101,64.5801,61.738552,55.339687,70.984795
71.749756,73.169395,70.93652,74.342285,64.52109,63.96495,59.72749,66.6317
63.288147,63.568584,60.007168,58.654846,53.787987,58.17677,55.261135,58.930195
68.12918,71.70586,66.53863,64.932495,58.336266,60.335075,57.91645,66.44109
62.82103,63.72169,62.66468,60.50883,55.024803,58.065903,57.634617,60.75756
65.63056,64.25042,61.534428,60.953796,53.477024,53.069614,55.347855,56.974747
76.52761,80.786354,69.92109,71.248856,63.174545,64.779144,56.489265,71.03357
67.68285,65.6822,65.28891,67.03514,58.232594,62.354027,54.639713,60.326122
71.50608,74.31082,68.32832,67.32048,59.58343,59.840065,55.26439,68.08957
67.132706,68.82879,65.28372,65.066536,58.315033,60.82322,57.524704,63.6162
64.76689,66.96198,66.645325,62.543255,56.279404,64.598114,50.99321,66.82443
64.21195,63.7825,61.370373,64.32401,54.319183,52.464123,58.02418,58.48378
69.79506,72.99423,71.07303,72.341255,63.47655,63.40488,60.070972,68.69559
69.25692,67.18328,64.27027,68.0632,58.024788,58.87512,55.354343,59.663994
60.84041,61.710327,64.838455,62.786274,54.677284,53.206825,61.86538,60.077793
64.80641,61.65636,64.97842,64.73265,56.107533,54.038746,55.831093,57.28413
65.65821,59.639782,76.56427,80.68816,66.63477,54.79759,64.353836,60.135998
72.71659,78.63182,69.57287,68.03862,61.34246,63.549118,57.3797,72.14253
63.368164,60.45438,69.56564,71.52614,61.41189,58.20892,60.43592,60.236835
72.84794,71.6363,69.73136,69.13361,58.80984,53.8817,51.092976,65.95121
69.32682,69.122025,66.33166,67.99968,57.55594,60.170704,53.072124,63.104214
68.74236,75.18674,68.29022,64.78157,59.235054,62.024952,57.846104,71.23071
75.75099,77.38907,69.999405,71.0424,61.591953,60.0036,53.706352,68.52657
78.424416,81.40601,73.54589,73.52454,61.904083,61.752995,53.168297,70.16756
60.59459,59.630966,67.05813,64.14227,57.424362,60.694576,55.83055,61.669434
65.29283,61.240906,73.115616,76.30488,63.64268,55.70449,62.971294,60.170944
71.45955,70.949646,66.27178,69.85982,58.05924,57.946205,54.715508,61.61645
64.78011,64.02236,61.64523,64.02897,55.30672,56.621593,56.16987,59.395535
64.06829,64.90509,63.10484,61.04318,55.42429,58.285366,56.44495,61.573326
84.15666,86.61288,78.616165,82.109055,67.132515,65.4727,51.258133,75.01834
66.90387,65.82281,62.866318,66.73896,55.647488,54.094975,56.69533,58.951355
65.9639,65.54156,63.135254,63.867367,55.17128,54.01811,54.699562,61.33228
71.125465,70.764694,65.377426,67.63441,59.350418,60.686844,55.66408,61.876637
63.204514,63.376217,61.038326,62.216103,53.780376,53.82138,57.75848,58.6267
79.45219,84.50101,73.7231,74.16447,65.16776,64.314575,55.350536,75.7966
67.08594,66.8821,65.650246,63.933327,56.368423,55.918724,54.217194,63.135254
70.50807,70.37176,66.86936,69.10183,58.070217,59.91332,53.32141,63.29082
81.695244,79.453156,74.57101,83.03077,65.49905,61.6875,48.991985,67.82221
71.485176,73.20433,66.07577,67.50005,59.928745,62.205307,56.55631,64.57059
63.30702,63.830925,60.291256,60.25131,54.433174,58.383167,56.37476,59.38156
67.013115,73.66027,69.577095,65.31325,58.73292,59.16049,60.069996,71.069145
70.40768,68.65977,63.399815,67.379814,57.048702,55.171703,53.666096,60.180984
64.80812,68.245384,66.741936,63.12933,56.616367,57.176792,58.305668,66.11855
67.97887,72.47727,69.750084,65.134155,58.312202,64.92088,53.452736,69.48096
77.60246,81.3674,74.4101,77.947655,67.85942,66.76384,59.3773,72.735054
62.851334,63.69688,60.19371,59.622025,54.421215,58.642654,57.064034,59.370308
63.59006,64.05461,61.8339,61.236225,54.66885,56.577694,56.274277,60.61781
74.40291,74.80023,80.418846,79.201035,66.3594,59.92766,55.343956,71.091324
64.07428,63.947445,62.315994,63.603264,54.655968,53.485985,57.48135,59.805634
64.18385,63.966816,60.37602,60.051758,53.58569,54.69997,56.462788,57.813335
68.345604,66.43657,63.750504,69.10203,56.572838,54.15143,55.887497,59.260033
74.53065,74.1129,67.68764,69.91036,60.372734,59.300346,53.434097,64.26185
62.238728,66.05636,72.44772,66.430084,59.742313,65.27455,55.285774,69.94618
64.14004,63.853043,61.315502,63.63452,54.456097,53.469997,57.370556,59.0982
82.37799,83.756546,74.81757,77.00591,63.163013,57.907604,52.852333,68.535385
63.732494,62.201977,65.35057,65.472755,57.50898,57.352566,58.445526,59.36911
64.972275,64.94421,61.662,62.41613,55.154102,56.748558,56.026703,60.048676
61.1946,59.772293,74.13762,70.412254,60.996925,58.926495,57.02846,65.18484
62.81907,62.902145,70.34875,66.64967,58.545864,59.58411,55.82069,64.393524
62.333714,63.12558,60.53277,59.55927,53.549583,57.056828,56.580074,59.214336
77.052444,73.398994,66.66619,73.91049,59.564487,51.795387,49.783516,61.308826
67.4774,64.261505,65.19118,69.95123,57.205433,56.56182,53.97638,60.185516
62.04993,62.549294,64.44884,63.85568,54.70894,52.18932,60.879963,60.06177
66.24365,65.54624,62.750374,61.790024,54.287582,55.775284,54.71117,58.606033
64.90436,62.786736,64.30785,63.220818,54.807526,52.516705,58.08774,57.32303
68.293724,70.359924,65.57437,65.47111,58.664936,61.20794,57.26015,64.35412
68.51574,67.280045,62.980415,65.78463,57.097733,58.30393,55.40201,59.633236
64.04538,58.56603,69.106415,69.39339,59.067787,54.06751,56.71815,57.329144
76.885544,79.774124,72.73682,73.76577,61.85251,63.113956,53.276093,70.03349
64.85368,65.02739,61.743332,62.990826,54.37162,54.745926,57.452637,58.675186
64.64498,62.549942,68.93585,70.673546,60.285027,56.865818,61.13099,60.132565
63.954617,65.261284,63.44863,61.004765,54.690617,60.13847,54.390614,62.03166
65.64748,63.715546,63.039856,62.859364,53.966553,50.5741,57.608288,56.47617
63.726322,62.48991,67.07195,68.127625,59.20584,58.342457,60.183926,60.409344
74.4817,78.00842,71.632706,70.81227,60.559036,63.63553,53.295933,69.87615
70.17294,73.41972,70.87125,72.121216,63.34294,63.43296,59.800156,68.71375
66.15275,65.44784,64.81268,66.37366,58.65487,60.51322,58.018612,60.362762
62.398285,63.357758,59.76017,58.715046,53.610687,57.70054,56.522484,59.13508
77.80175,81.93477,77.09897,75.365524,64.21355,70.14425,47.94629,76.93044
66.38227,66.13577,62.991394,66.82169,55.442215,51.161148,60.46921,58.049416
63.50882,63.57981,61.621902,59.904648,53.576027,56.973434,55.3899,58.875763
65.86541,65.11838,62.77434,64.880005,55.24678,56.116165,55.742733,59.40167
69.12288,75.57291,70.55486,66.06744,59.375076,59.331833,57.440834,72.89836
62.849434,63.46194,59.946835,60.08122,54.082077,57.516247,56.520874,59.313244
71.45885,68.00446,65.534615,71.83666,58.143394,53.92804,52.990456,60.36683
71.01128,72.20961,68.050095,68.816444,58.48748,61.254025,53.23235,65.329834
64.15838,63.97466,61.74275,61.570095,55.136425,59.947796,55.07099,59.90322
64.653,68.04015,65.363846,62.359154,56.543774,58.785366,58.39408,65.08829
69.53008,75.30229,68.611015,65.51665,59.421814,61.462975,57.209076,70.98138
63.11908,64.37872,64.233444,61.216396,55.17537,56.664024,57.3067,62.40599
69.46414,69.83383,65.06069,66.878555,56.818043,57.737755,55.677467,61.166172
75.81366,73.54268,66.25969,75.52456,59.574463,52.047318,57.48008,58.164513
62.50863,63.43827,60.233624,59.96119,53.24942,54.55206,58.105343,58.408104
67.320595,68.02956,66.762146,68.10726,60.07477,61.398094,58.59199,63.153927
61.849445,63.124252,62.91412,59.990017,54.663815,57.442673,57.97151,61.20811
71.23653,67.99593,66.107346,71.33938,59.413208,59.02695,54.68003,59.886402
66.4808,64.424446,61.91001,61.735146,53.818436,51.913185,55.632244,56.384132
68.815704,69.48526,64.41878,65.75714,56.293724,57.23219,56.370075,60.61936
62.165405,55.86323,74.27061,77.736404,65.99662,58.74251,60.925884,60.180653
65.60121,66.24664,64.710686,63.55258,55.784843,60.835983,53.2363,62.910217
81.34244,82.47996,75.79483,80.278404,65.150055,63.908733,50.76616,71.570694
62.946915,63.30936,61.572468,60.655617,53.809643,57.254757,55.899967,59.43592
68.06439,66.02072,65.027504,66.772194,57.95199,62.262554,54.097366,60.275703
62.81454,63.174416,61.193283,59.979733,54.731167,58.68344,57.093857,59.47218
62.550503,57.905407,69.827156,71.651115,61.722893,57.822777,58.636536,59.201855
73.60566,70.4069,66.43583,74.6795,59.31505,55.063652,54.323895,59.70014
62.588768,62.743526,62.006863,63.550972,54.221336,52.508713,59.885468,58.649902
72.245895,70.08181,64.38698,68.815056,58.179356,56.28336,53.277195,60.272877
72.56163,70.61874,65.64643,68.61585,58.598614,56.85016,53.01267,61.342346
63.05883,63.247498,61.169804,60.773903,53.711777,54.088203,58.273964,58.145523
63.79991,63.045864,62.36694,63.173794,54.631214,57.31568,54.741436,59.934704
74.97165,75.346245,71.40106,70.89499,60.43096,55.413174,51.37484,68.89401
71.85183,75.79418,69.127556,67.58886,60.099964,60.560047,55.717564,69.89634
63.104057,57.324677,70.672134,72.36603,61.756813,56.122864,58.32408,58.356953
62.303085,62.076588,64.5903,62.95521,55.095875,54.348763,60.392124,59.304226
66.28093,65.05351,64.70449,66.93615,58.67675,61.167877,57.872074,59.79251
71.05943,69.98046,63.910378,70.04316,57.0316,52.266186,58.303772,58.024426
65.97453,68.351654,65.163025,62.100548,55.61227,60.832752,54.36327,63.901257
63.295765,63.060143,64.551796,64.47516,57.37383,59.163452,58.759434,60.468292
74.05158,78.01758,71.48167,69.62613,60.14251,63.556553,53.49935,69.977844
71.43403,68.32459,64.00961,65.92095,55.373013,50.88397,54.316925,55.808502
61.3981,59.10939,69.21368,68.99934,60.787678,64.14205,58.000343,61.496758
66.627884,63.575016,70.44592,72.582504,60.424824,53.449104,62.01157,59.142273
68.281876,67.08924,62.87852,65.73861,56.03178,54.482155,54.156242,60.45018
64.81805,63.898266,61.062588,60.380543,53.94718,54.989098,55.83012,57.676792
61.086464,57.45197,68.28861,67.32077,59.15932,59.40571,56.557568,59.609688
62.767338,63.16244,60.565712,58.565975,53.734024,58.908577,54.960697,59.334343
67.50119,64.64415,64.7656,69.319046,56.96304,56.8927,53.557777,60.338573
73.97106,77.2467,67.85346,69.01603,61.349392,63.465343,56.466133,67.9656
73.389336,74.57333,70.421074,71.82871,60.255207,63.02542,51.591843,67.748695
72.35422,69.57437,65.48044,70.44183,59.05627,57.71782,53.74087,60.152786
66.44899,69.352455,64.715935,62.84113,57.16239,60.409588,57.135017,64.74645
68.849785,70.54018,65.07104,65.331245,58.50103,61.20941,56.849277,63.699932
62.15812,62.54348,62.996304,60.88149,54.768456,56.713318,58.509644,59.937595
62.855633,63.30654,63.41166,61.578823,55.14978,56.789963,58.614384,60.217686
61.688572,58.45005,68.52814,68.63427,60.32492,61.158657,57.71237,60.17522
72.3844,69.65314,65.39828,70.32422,58.993244,57.584656,53.680946,60.169132
56.343674,56.375877,76.50063,71.03598,63.06876,64.626976,57.723015,68.84754
72.436295,74.39038,70.28611,73.201355,63.84235,63.907642,58.937477,67.088905
69.332115,68.52852,68.03421,66.16664,57.098156,53.652306,52.2714,64.93769
71.96512,72.472694,66.6941,67.47112,57.338535,56.791054,54.851936,61.970337
65.7603,64.251396,63.666367,64.9273,56.247223,60.050507,53.985004,60.29123
74.201645,76.951454,71.04518,71.14088,60.381653,63.009464,53.091656,68.81889
71.228676,73.49369,67.96663,67.85396,58.242577,60.701496,54.655354,65.426186
66.84889,65.01168,65.65209,67.39876,58.710896,62.406857,55.831123,60.37121
69.63546,67.79327,64.15864,67.546936,58.194195,59.61699,55.416553,59.645485
63.240784,59.2528,71.9446,74.78178,63.582664,58.354485,61.398857,60.51354
68.73648,65.42835,69.74413,69.866875,58.676373,52.93968,55.622036,59.452408
62.316574,62.31927,63.320904,61.535084,54.868942,56.075935,58.963936,59.465122
69.928154,70.41859,78.95695,84.2297,72.159744,66.5337,66.24679,69.77396
65.991104,60.03251,69.87194,71.257,59.548157,51.221985,58.267456,56.540627
73.23433,70.76891,66.17638,72.95825,58.85795,56.209312,54.50418,59.647972
67.76672,67.73993,62.809036,64.88834,55.391277,55.11403,57.365463,58.449608
71.365364,69.42426,64.00272,68.09334,57.56573,55.43685,53.329254,60.393566
61.91745,62.955864,60.789062,60.496666,53.542274,54.357483,59.277187,58.607464
61.15586,63.52793,67.253075,62.021755,56.421227,62.314457,55.076904,65.2475
66.76954,66.40959,64.50151,64.025696,55.8911,55.113647,54.341095,62.28449
68.24028,66.21192,63.561733,67.74231,56.884266,56.040787,54.8656,59.795155
61.720318,62.775867,61.888355,60.287476,54.392235,56.95893,58.357346,60.194473
64.69553,65.79952,65.37807,63.963097,56.377876,56.460964,59.560265,61.782677
64.0622,63.845093,60.916496,60.568375,53.32581,53.516396,56.917103,57.63639
78.59433,84.67692,72.785965,73.126274,65.13646,66.352646,57.03057,75.922165
76.32094,71.38242,68.32453,79.38699,61.40662,54.75477,52.44941,60.419197
69.5025,68.342735,65.55187,66.40229,56.964016,54.69947,53.213757,62.48149
67.43992,66.67888,62.36125,67.29442,55.515533,51.430164,58.68342,58.040504
79.99324,78.475586,71.752686,75.1834,62.991135,57.123993,49.938362,66.80239
72.38114,70.354576,64.729675,72.757706,57.999413,51.58618,57.704258,58.25669
66.28809,65.87652,62.61046,64.77235,55.18193,55.416386,56.59787,58.996952
60.352196,61.29647,63.649685,63.04648,54.235447,52.334793,62.84009,58.932716
70.9502,74.10509,67.58992,67.93955,60.54306,62.535755,57.409912,67.114
72.54659,73.38152,70.273,71.479355,60.072834,63.69364,50.66735,67.88765
64.48767,63.852966,61.625904,64.97587,54.47582,51.724327,57.97971,58.672928
65.19899,67.93939,65.61735,61.724644,55.721706,62.41141,53.446114,65.17821
69.66623,69.438835,65.14786,67.64976,57.03588,57.782436,55.150944,60.989613
67.67266,69.043,67.96568,69.23911,60.961258,61.863064,59.10938,64.60281
63.50392,63.435787,61.28879,62.776226,54.003185,54.00706,57.425648,58.76595
74.063484,76.32125,69.624825,69.63907,59.23683,59.965332,54.340683,66.22597
66.3252,65.481255,62.494804,66.047424,55.309307,53.739243,57.09849,58.79647
74.92816,78.83696,70.60488,72.26582,63.723057,64.63044,57.753742,70.39876
60.97642,60.709427,63.238705,60.83762,55.586266,61.119183,55.300774,60.35443
73.78745,73.2869,69.20012,69.65078,59.68877,56.393856,52.167892,65.88819
64.11049,63.726955,60.979355,59.8327,53.52626,55.648197,55.493378,58.11453
65.46806,68.13279,66.2223,62.338684,56.098602,63.193035,52.6712,65.95077
62.57639,63.426037,59.847385,59.81288,53.7143,56.435173,57.22186,58.979237
64.90063,63.33943,67.62808,70.47609,61.19923,61.152504,60.297775,60.708874
66.78456,65.78617,76.3169,81.43336,69.46639,64.731995,65.46426,66.26748
66.902435,64.490974,64.047745,68.226944,56.777184,56.664078,54.956932,59.8247
65.244316,64.74055,61.65181,63.41883,55.684937,58.1204,56.386368,59.337814
73.8801,73.62368,68.04618,72.3587,59.461033,58.461277,54.391747,63.07054
59.00718,51.966507,77.11795,76.32993,65.54228,59.897358,58.84223,62.171024
82.11553,86.2613,73.75842,77.46341,67.8532,67.97189,56.644047,74.62271
69.45023,68.06266,63.341404,66.392914,56.80487,55.737865,54.122185,60.355072
75.4214,77.18638,67.91394,70.35667,61.700546,62.738197,55.310238,66.50271
62.855698,62.161053,62.359177,61.163258,55.47359,58.416622,56.630093,59.166653
65.48298,66.431114,68.053154,69.06875,60.744812,61.344574,59.91376,63.92873
66.40435,67.31893,70.47066,72.253105,62.46239,60.861214,61.664944,64.84245
62.496246,62.994343,60.715836,59.68362,53.93037,58.69354,55.393284,59.760742
70.081856,69.346214,75.58555,74.122696,62.544685,57.891167,55.62001,66.44479
75.11293,79.351204,71.28122,70.44381,62.018238,61.27635,55.0756,72.323326
70.39535,68.54715,64.39693,68.12199,56.01263,49.194912,59.222107,56.203262
59.943474,58.160027,69.08891,66.38588,58.992165,61.13745,56.37417,62.131073
75.740204,74.97398,67.202515,71.4154,58.52941,53.30589,56.04654,59.736324
67.79193,68.593636,71.16628,74.03389,64.137634,63.014896,61.27114,65.571556
74.23327,78.99659,69.25835,69.282585,61.91669,63.93041,56.894737,70.80594
49.590702,52.01487,86.01918,78.43172,70.06896,70.843216,60.158325,78.09578
60.928272,60.528828,63.62343,61.075356,55.637657,61.087696,55.214046,60.377132
72.59746,73.129326,68.27411,70.7563,59.102715,60.119175,53.652542,64.523445
63.52951,63.82028,60.565437,60.860115,53.177105,52.36653,58.33505,57.546783
67.101616,66.89438,65.526764,63.90655,56.401527,56.141335,54.315628,62.991226
64.60823,64.17433,62.276726,62.09842,55.48557,60.606743,54.695248,60.053963
64.660225,64.354744,61.45291,61.15564,53.627705,54.10627,56.561165,57.8444
72.561935,74.152084,68.52712,71.288536,62.441593,63.3667,57.821785,65.734795
70.665054,74.04082,69.9418,70.86166,62.52473,63.238724,58.98726,68.49837
77.41393,80.12569,74.30004,75.153656,62.89501,65.5107,50.87879,72.19437
67.89602,69.15855,67.24493,68.4293,60.405453,61.68586,58.6043,64.13177
66.36016,63.663273,62.916237,63.169796,54.690582,51.861786,55.677486,56.29741
67.84216,70.81749,66.12422,64.82743,58.070797,59.93856,57.94291,65.39459
77.16608,72.13947,69.53957,77.29446,62.27231,57.702286,51.725822,60.792774
63.89402,63.193684,64.991936,65.087616,57.280678,57.820023,59.095104,59.888435
70.42058,76.11869,68.38523,66.12866,59.967316,62.53608,57.500492,70.71504
71.246216,69.816795,66.188934,70.50561,58.171932,58.175953,53.76696,61.310833
68.48164,65.389275,65.08099,70.41875,57.406704,56.753098,53.322227,60.39722
69.48538,74.6504,67.572105,65.34853,59.31213,62.041134,57.431282,69.4413
68.6238,67.81406,67.94535,66.35829,56.53998,51.763607,52.6046,64.872665
65.0148,65.04661,78.60168,75.059166,64.36953,61.216118,56.814182,69.68864
65.257286,66.56855,64.336334,62.09953,56.051426,58.12381,56.076157,63.128437
62.758835,63.494312,60.296776,59.19644,54.164528,59.390728,55.762672,59.649364
64.01121,63.564575,61.205082,63.005627,54.805683,56.57112,56.059097,59.4503
63.025646,63.941788,62.045807,60.14297,54.973583,58.680897,57.025494,60.698925
75.68813,79.12336,68.735306,70.48737,62.419174,64.25191,56.336742,68.99507
65.09767,63.296192,62.206238,62.02073,54.759495,54.357994,55.75654,57.322685
62.699455,60.918224,66.18858,66.9045,58.98535,59.306133,58.542282,59.996128
69.347275,69.28407,76.28501,81.41166,69.62295,65.33662,64.52598,67.49417
64.254974,62.916542,72.125175,75.91785,65.08511,62.54246,63.338886,63.34471
72.253204,75.46943,67.10285,67.572235,60.34726,62.733303,56.626736,67.19092
64.92807,64.9876,62.590134,62.447758,55.125843,56.002625,55.573166,60.985374
69.14024,72.58702,66.626015,65.77365,59.176437,61.715973,57.34115,66.73162
65.847916,64.92595,62.751217,65.797424,54.906,51.191967,56.556057,59.765125
74.915794,76.403656,69.14917,70.65693,59.293495,58.166523,55.04708,64.60428
62.23147,54.14096,75.64598,75.96456,64.0022,55.009674,58.46169,59.263344
74.92279,78.13254,72.50887,70.63367,60.63931,62.501526,52.94216,69.773186
67.07405,68.27433,65.11348,63.593697,56.909416,58.41843,55.669357,63.695442
68.55994,71.16499,68.47738,68.66089,60.435658,60.778076,59.331207,66.14591
64.98292,60.84026,67.83579,68.62805,58.552826,53.80196,58.126945,57.644833
72.149155,71.68381,66.88557,70.6557,58.516388,58.295715,54.42077,62.20014
67.55882,65.39695,64.24243,68.08713,56.60891,57.38697,53.572266,60.29889
68.96541,61.38436,71.05534,72.76867,59.097187,46.30161,58.070393,54.459732
73.14824,71.25546,67.69484,69.080505,58.994465,56.025505,52.035885,63.16184
66.45876,66.46319,64.66549,63.199444,56.252987,57.154434,55.036224,62.299736
63.46338,61.21096,63.9781,63.813313,56.572258,56.699257,56.277596,58.279644
67.35365,69.285324,64.30773,63.538914,57.402683,60.555523,56.804104,63.45871
67.45719,65.6175,62.66648,67.8316,55.52343,51.446198,55.168186,59.53498
65.46791,68.33767,66.31489,62.18692,56.102024,63.317257,52.719646,66.1556
77.52736,79.439125,72.163185,74.97391,61.951275,61.463398,53.775658,68.31936
64.18398,57.51993,70.96507,71.61359,60.355453,53.20689,57.192482,57.155693
69.55091,68.123695,63.976486,66.669815,56.712257,54.654076,53.591557,61.036354
65.92062,64.08712,63.17683,66.653206,56.10007,56.519222,55.22391,59.73668
62.12122,62.98991,60.50461,58.481007,53.536873,58.791805,55.60009,59.556038
64.45948,60.95649,69.50049,68.27533,58.23819,53.989124,56.318188,59.49269
69.333885,68.382904,66.52226,66.123726,57.059765,54.676746,52.998234,63.423668
72.48134,78.25219,76.53729,72.00241,63.107967,68.17062,53.305973,75.39667
63.255806,59.959785,70.41082,72.69621,62.211895,58.352345,60.746056,60.35508
64.630035,63.86207,61.24577,60.097523,53.532463,55.158466,55.152,57.823658
65.06609,64.50311,61.108982,63.583374,54.79516,54.960545,55.653465,59.530495
78.9305,82.02546,73.78398,75.48116,62.834595,62.60234,54.13772,70.58619
64.32385,63.428665,61.316647,60.520493,54.238926,55.99755,55.402016,58.028076
62.57978,57.335747,72.73751,75.11931,64.564316,61.706673,60.17192,60.4656
73.954926,78.04572,71.85297,73.51488,64.60102,64.77238,58.928627,71.02997
66.447296,65.77271,62.285835,64.020134,56.568302,59.692677,56.45581,59.325768
70.072784,66.46113,65.54994,71.894066,57.942837,54.31702,53.709896,60.156895
70.14589,72.50772,71.73477,68.97631,59.833664,61.642845,54.116203,67.90995
66.114006,64.63526,62.968857,66.64856,55.622177,54.96338,55.63169,59.46739
72.8004,74.07112,70.62692,71.428955,60.21592,63.99308,50.775295,68.45121
70.303696,67.24807,66.44567,71.33957,58.415752,59.67356,51.289196,61.64425
65.80437,65.38793,62.13824,63.535862,55.141663,55.005188,55.149902,60.453236
65.082344,62.25654,64.49347,63.882893,55.680935,53.675278,56.747997,57.260735
65.86346,65.20783,64.18894,65.5255,55.238365,51.599133,56.34191,61.002033
61.94669,60.513783,64.10464,62.79987,56.436302,59.252693,55.870163,59.47008
65.388885,65.00645,61.821754,64.85265,54.718178,52.970356,57.941723,58.457584
63.74272,60.57308,68.784996,70.57703,61.402084,61.409515,59.101643,60.048397
67.46093,74.58853,77.61412,70.131775,63.21721,73.00547,50.717155,78.4426
61.894096,62.8425,60.38605,57.871616,53.725773,60.593628,54.74489,60.08058
65.78693,67.82975,65.56313,64.003975,56.966312,58.019703,58.795494,63.4198
63.386948,63.34679,60.92022,62.23886,54.188557,55.40142,56.792786,59.10297
65.56515,65.072845,65.01923,66.25838,58.621086,60.419453,58.278595,60.683834
73.08265,71.27551,69.544136,69.36203,58.761917,53.544163,50.762398,65.21986
68.97882,72.05017,71.56703,68.03801,59.617443,62.906296,54.112774,68.69038
67.54065,68.80262,64.42387,64.22837,55.903076,58.406303,55.84084,61.561073
62.44645,60.135277,65.33991,65.38321,58.031082,58.450497,57.205902,59.195362
65.58638,64.76572,63.008385,66.46289,55.103577,50.912254,58.251644,59.168987
62.427288,63.87414,62.728603,60.021126,54.913445,58.247578,57.598175,61.46609
72.65122,72.61871,65.53356,69.93585,57.847874,55.28698,57.36959,59.815853
67.55482,70.129486,65.36486,64.22623,57.75585,60.170387,57.48488,64.61554
67.2881,69.56419,64.540924,63.49534,57.448326,60.59872,56.89547,63.992764
63.8486,61.92454,63.21993,62.94811,55.920746,56.25692,56.16829,58.108932
66.856316,65.8386,69.67198,67.94688,58.417763,56.83529,55.33228,62.44314
76.37324,72.93157,67.74648,77.03107,60.672493,55.53024,53.926468,59.71983
72.55919,74.36143,75.663605,80.116196,68.9592,65.874146,62.671505,69.73652
68.65911,69.41871,66.10872,66.4647,57.092346,60.287796,53.76251,63.441765
74.07616,73.34541,68.70498,69.80122,59.85098,57.06254,52.376144,65.11711
63.41514,62.16973,65.72381,66.11675,58.10338,58.254005,58.95829,59.917904
63.552727,63.12123,61.738335,62.971687,54.30371,55.588497,56.114464,59.351254
62.178146,62.505306,62.269455,61.7538,53.929108,53.21638,60.004055,58.341743
69.35273,66.734085,65.747345,68.72473,58.766724,61.890602,54.313744,60.144554
69.16756,69.579216,65.90825,67.84228,59.85134,61.62123,57.5412,62.521374
62.081505,66.51213,72.39131,65.38832,59.437603,68.80665,52.437286,72.08389
63.941925,63.384926,61.349453,60.39948,54.130566,55.669075,56.60268,58.18079
84.560814,85.759995,77.08522,83.08609,66.7719,61.874126,52.81579,71.43657
62.118393,63.144066,61.84014,58.398735,53.530342,59.624855,54.53311,60.57667
62.90345,63.31864,60.280373,61.10379,54.19128,56.311626,57.187813,59.186535
65.95472,65.640915,62.830753,61.713486,54.365902,56.388443,54.84833,59.102184
67.56181,70.04841,67.764206,64.8901,57.34293,63.90252,51.8844,67.19112
67.67607,67.084816,63.515167,64.342064,56.56856,57.492893,55.10824,60.82924
64.1825,64.10347,64.027084,62.81228,55.30715,61.101173,52.48028,62.39784
75.010056,72.78852,70.140335,71.95927,59.356636,52.38632,54.28901,60.38137
68.15408,66.47543,62.293243,67.0173,55.161892,50.53646,53.799755,60.024567
59.907333,55.757435,69.71654,68.7952,60.554672,60.884823,57.010437,60.23551
62.39461,63.020462,60.896957,59.858734,53.594063,57.171757,56.26701,59.32991
73.97476,76.29657,71.05544,71.43752,60.446453,63.3515,52.35722,68.816536
64.907684,65.10524,63.98962,63.975704,57.299953,59.889214,57.709015,60.95035
62.841488,61.880215,62.67824,61.39111,55.282234,58.16358,55.551548,58.99453
68.58055,67.61695,62.91163,66.06673,55.18347,50.33561,59.025658,56.703842
64.57338,64.37103,63.97987,64.50701,55.029964,52.444763,57.52092,60.742878
64.732185,63.66474,62.102955,61.94138,53.77072,51.849365,57.747375,57.062237
72.166885,74.03204,70.81982,70.494415,60.043854,64.87962,50.47634,69.308815
64.07466,60.78541,69.45369,71.25052,60.830498,56.732975,60.155834,59.559734
67.76545,65.01826,64.22405,69.73606,56.858593,55.44861,54.123497,60.0795
65.97737,67.058525,63.53194,62.61235,55.124874,58.344757,55.656796,60.951485
66.15156,62.873425,64.19723,64.37477,55.31882,51.853706,55.691944,56.3403
66.79727,65.27375,67.987885,69.24348,58.275627,53.756226,61.60384,59.30156
69.50681,69.22273,66.367966,68.22772,57.63015,60.068012,53.09419,63.031292
71.715454,75.43132,69.15817,67.5254,59.928764,60.081463,55.471397,69.72802
59.465366,55.21358,72.39637,70.82287,61.854458,60.812885,57.426918,61.759113
69.5779,66.80394,68.00327,68.398155,57.6299,53.005272,55.09312,58.93565
82.40341,85.17632,76.312546,79.4696,65.20383,63.09574,53.679306,72.43115
67.7699,70.75279,65.54892,63.965233,57.823074,60.511734,56.806946,65.5893
70.90529,69.072655,65.79673,70.411095,57.98412,57.907642,53.694534,60.754196
67.63325,66.27201,62.8134,65.973946,56.591297,57.088737,55.38241,59.63493
69.82404,74.59597,67.39399,65.61359,59.397137,62.090786,57.29331,68.92197
63.917168,66.71049,67.948586,63.297993,57.0074,62.524693,54.594482,66.1358
67.516815,65.584854,63.861435,67.25169,57.274307,58.65099,55.5187,59.643536
61.444546,63.61083,65.906715,60.997997,55.626892,61.67607,54.893578,64.22334
68.87021,61.355816,69.889084,71.98396,58.8162,46.86324,56.769585,54.203217
75.54595,72.474915,66.199295,72.04246,59.208244,53.63667,50.948353,61.247437
76.0713,73.59743,66.00351,77.2725,59.707767,47.74556,60.060425,57.234417
63.728325,68.5047,70.61981,64.03902,58.433956,67.332924,52.611767,70.959
63.10088,62.186188,63.346123,63.09501,56.668312,59.71599,56.63593,59.497547
63.44536,61.433117,68.337585,69.554474,60.904694,63.43815,58.892822,60.9778
69.43083,74.471146,69.56415,67.45659,59.684425,59.429615,59.756237,69.476685
65.707085,63.06251,65.30121,65.03557,56.06825,53.18487,57.81594,57.5095
61.639942,60.292233,64.524994,63.336353,56.992775,60.29198,56.1732,59.8863
68.26192,71.98319,65.97686,64.31665,58.29717,61.25803,57.161087,66.62934
64.22934,63.77891,62.468987,64.8999,54.610043,51.71331,58.349358,59.186523
64.33445,61.39947,74.418846,72.3419,61.436546,56.09827,56.948082,63.437782
76.50163,82.00287,71.03822,71.25745,63.545025,65.15278,56.952087,73.40212
63.000576,60.831673,64.56178,63.71727,56.446682,57.32653,55.91613,58.653057
68.24977,69.59317,67.09286,67.11993,58.309196,57.344715,59.68234,63.137096
63.946487,62.320423,73.990425,78.35485,66.878494,63.161392,64.72922,64.052925
65.30763,64.630455,62.7118,64.16879,55.068443,56.853943,55.3061,59.61445
70.35096,69.018,64.70306,66.64357,57.68015,57.21531,53.998493,61.131626
75.661,77.87203,74.03503,78.56159,67.88197,66.130806,60.298664,69.87039
65.12891,63.529823,62.727917,65.87842,55.5532,56.04998,55.15493,59.766357
73.87189,76.388756,70.72426,70.98135,60.19697,62.82277,53.026867,68.41157
62.297718,60.12054,76.37816,81.162994,69.03771,63.69915,66.91425,64.76869
73.36705,80.27002,70.752426,68.61656,62.016945,64.07819,57.647015,74.23059
75.12375,75.08132,70.98275,74.56231,61.244583,62.398113,51.012848,67.19027
70.66006,73.34226,72.84418,75.38594,65.52805,64.284874,61.10555,69.080696
68.00452,67.65693,74.23766,72.06151,61.46108,58.676315,55.659145,66.134605
76.93521,79.47855,72.81335,72.4043,62.35115,58.429104,52.60585,72.25272
69.495155,69.895,65.41962,67.06371,56.998478,58.323647,55.19029,61.734707
68.37664,68.19918,68.97542,72.18725,62.6492,62.452625,59.85651,63.285095
73.20779,75.20452,68.13443,68.668564,60.358925,60.636097,54.99257,67.07979
62.100594,62.24912,64.48074,61.19444,55.083168,58.986866,55.071346,61.047546
66.64373,65.35225,62.077652,62.317753,53.9977,53.052795,55.74413,57.096394
64.06067,61.845898,63.782352,63.325874,55.825226,55.721813,55.85111,57.939053
78.2058,79.080185,70.236,75.59979,61.363846,57.18134,56.482166,64.21867
53.26487,55.841476,80.191414,72.54509,65.07347,68.02685,58.330006,73.77459
61.413204,62.38914,61.636257,61.217533,53.897713,54.3904,60.09215,58.90997
67.87907,67.0913,66.43721,65.91031,56.092243,52.039116,53.418903,63.596863
70.12281,74.75936,67.40476,65.85398,59.526497,62.180794,57.228935,68.81207
73.59606,80.131874,70.534966,68.79812,62.046753,64.08731,57.511757,73.69945
64.054504,62.717102,67.06094,68.070915,58.98962,57.75252,60.17031,60.182648
70.1815,73.092995,68.840324,66.43335,58.7614,58.041138,54.762806,68.75767
63.584103,55.72069,81.49041,86.700386,72.762856,58.85818,67.23259,62.467915
73.33302,75.1841,67.9189,68.73976,60.411907,60.85602,55.04309,66.715614
73.86843,74.723526,70.97922,72.790375,60.739548,63.587807,50.76808,68.257545
67.246284,66.94292,63.287895,63.18316,54.947357,56.041645,55.30135,59.12221
73.01613,74.894394,72.098045,70.51269,60.291546,60.3892,53.736137,67.53402
73.25104,73.36609,70.172615,69.3645,59.444775,55.294003,51.884197,67.52536
65.224945,65.51791,62.0117,62.700546,54.49755,55.787254,57.028095,58.83559
62.54959,63.483154,62.201435,60.306503,54.611134,57.311398,57.107197,60.87406
64.20453,65.07156,63.553883,61.670177,54.882687,60.15126,54.043167,61.927475
63.165485,64.57943,63.016914,60.67447,55.280663,58.413452,57.59629,61.607544
70.24595,73.80126,66.592545,65.924515,59.32081,61.997204,56.922787,67.041084
65.401375,62.91153,80.00352,77.58764,65.547,58.06298,57.64391,67.90947
64.50134,64.56932,61.297916,63.919216,54.216682,51.980602,59.05037,58.096886
63.38929,65.199715,64.12462,60.48547,54.813713,61.700035,53.37675,63.537766
70.71393,73.510254,67.70687,66.60378,59.187637,59.959007,55.579304,67.4832
64.30962,65.787285,63.0867,61.22867,55.790043,59.222496,57.138233,61.94797
60.05695,50.942482,79.84153,81.98619,70.11802,64.0621,61.92718,61.94812
76.51677,80.581894,72.08824,71.7085,62.793064,61.408215,54.62659,72.99037
72.882675,73.245575,69.40192,71.71782,59.794903,61.866222,51.924843,66.12625
65.79576,63.05175,72.4136,70.915115,60.17813,55.386524,56.354618,62.186558
69.25457,66.958275,64.944084,68.45497,58.58023,60.713154,55.453743,59.68401
76.16997,73.97716,69.60493,71.78772,60.51514,55.724274,50.668804,64.45233
66.885864,70.16194,65.14504,63.199677,57.473278,60.646214,57.183342,65.47016
63.48521,63.426285,60.557343,62.107964,54.418636,56.175613,56.48792,59.283924
65.94543,67.634186,66.1079,63.578583,56.341606,62.713196,52.34043,65.22757
69.317314,67.7974,69.80444,70.821976,59.31363,63.457306,50.641514,65.64726
65.19274,66.39295,64.40098,62.547363,55.43215,60.609352,53.873104,62.81677
64.78981,60.3656,73.82795,77.26584,64.564316,56.433285,63.109367,60.432064
64.353485,64.92453,62.42882,60.837543,54.190804,57.85301,55.37544,59.886253
77.54378,82.66085,81.365074,78.25428,67.1124,68.45962,53.109974,78.33765
61.975323,62.811546,60.59513,58.235657,53.73093,60.255646,54.774593,60.048897
76.03149,74.717896,67.76206,74.86491,60.08819,55.681126,55.755043,60.75469
70.777565,72.96795,68.39746,69.97878,61.667263,62.801117,58.20948,66.22198
65.37796,64.65784,62.34253,63.47512,55.891888,59.454353,55.447506,59.726894
67.28654,66.38574,62.184803,64.78854,55.70411,55.1443,54.799946,60.041283
66.6643,68.07552,66.629745,64.662415,56.810783,62.974422,51.875347,65.573265
64.86349,66.099724,63.447475,62.01358,56.08036,58.97243,57.39394,61.759514
57.986355,61.25586,68.87007,62.395412,57.697384,66.20031,55.384964,67.58081
64.1338,63.794254,63.3671,65.62695,54.917614,51.262283,59.680885,59.168686
68.35828,69.86755,72.2756,75.045815,65.008865,63.525684,61.698776,67.06131
67.76536,68.92518,69.37705,66.78022,58.21105,59.724117,54.552563,64.946625
63.63157,65.41281,63.145054,60.765995,55.53432,58.966595,57.342075,62.249874
63.27703,63.529606,67.92943,64.50357,57.04778,59.125084,55.353592,63.096638
65.97603,67.49847,63.845055,62.491245,56.57059,59.578396,56.647724,62.741238
62.280537,64.63596,65.44264,59.992577,55.152416,64.157196,51.88461,65.76642
64.96837,60.29256,67.85632,67.83714,57.668068,52.85615,56.24126,57.130432
62.987774,63.48954,60.588055,61.602737,53.56777,53.45758,58.34577,58.381516
79.24891,77.95929,72.66466,79.57119,63.503605,60.94845,50.906,66.76006
64.22726,61.194706,68.70482,71.547485,61.90164,60.647003,59.680843,60.001
58.762993,56.489307,72.30286,69.285355,61.163635,62.063496,57.124104,63.757504
73.16147,74.073944,66.94382,69.694435,58.28174,56.80971,56.51474,62.055935
65.14829,63.76447,61.772503,61.000145,53.938824,54.404076,55.172806,57.416092
74.13535,80.13422,70.31405,69.23792,62.215595,64.1926,57.298035,73.017975
59.92633,60.65139,75.73507,70.53006,61.956127,62.48787,56.97071,68.657234
64.42551,64.012825,60.5057,60.154408,53.632515,54.598183,56.278767,57.705914
63.340538,63.181625,62.04999,61.669655,54.22356,57.814705,55.03985,59.80599
67.413376,68.80989,66.55351,64.11825,56.973614,56.974815,54.84568,65.31757
62.56949,60.102417,67.56069,68.69293,60.020523,58.99716,58.94301,60.016113
66.36789,65.597496,63.72236,65.35685,55.251114,52.08752,55.353947,61.063026
62.141674,61.130257,65.559944,64.19198,55.0562,52.113514,61.6726,58.320816
62.36083,62.873947,61.38115,58.586765,53.474678,59.08293,54.670925,59.691833
68.514946,67.10874,62.754623,66.19364,56.480103,55.822174,54.632866,59.85382
70.38728,73.241974,69.41839,66.71533,58.785267,57.331013,54.319996,69.288284
78.66114,75.147896,70.41633,74.87713,60.847927,51.573174,48.124687,64.37953
67.33074,66.39246,63.11838,66.512924,55.778873,55.007076,56.37668,59.060677
72.30772,76.2352,67.71143,67.63789,60.563904,62.91418,56.823666,68.46083
63.050617,63.475048,60.05938,60.934006,54.08929,56.27973,56.94362,59.10353
63.403904,64.099304,63.15397,61.187153,54.90265,56.51848,56.534447,61.51294
72.81647,71.092026,69.017845,69.02577,58.716656,54.252266,51.217587,64.74297
73.549095,72.76555,69.58058,73.3708,60.304443,61.679035,51.067703,65.62673
65.41752,66.04791,65.19616,62.479515,55.81554,56.32841,55.00963,63.453197
60.641617,53.98482,76.43592,75.59781,64.371506,57.49299,58.50133,61.627853
68.748405,70.93251,68.01956,68.86786,60.89897,62.129612,58.633144,65.7592
63.655693,61.965897,63.53641,62.343513,55.244724,56.508564,55.398075,58.357346
67.69026,65.86875,63.995743,67.789024,56.44793,56.724148,54.379147,59.93558
65.532104,63.459404,64.32187,65.939896,56.10694,59.410507,52.989857,60.656826
62.110718,62.925453,60.69281,58.478336,53.51504,58.921146,55.405895,59.60623
62.754215,62.78994,61.644753,60.11595,54.309948,60.450085,53.896393,60.38521
63.68725,66.433014,64.12484,60.82402,55.710953,58.79058,57.22471,64.096466
59.675556,60.753887,64.24187,60.218906,55.632072,63.00072,55.09221,62.441654
66.492,66.60645,67.83682,69.83047,61.093212,61.56449,59.64059,62.908905
63.26409,63.621914,61.1241,61.700302,53.751,54.551548,57.54243,58.709454
71.42908,71.93442,75.48215,80.59459,69.07083,65.55597,63.18927,67.88958
74.94505,73.868965,67.30665,71.31353,61.43089,60.97463,54.51888,62.64069
69.65973,69.14983,63.493095,66.50417,56.052143,54.62833,57.172195,58.129536
68.01111,69.5595,64.5954,64.54128,57.9596,60.838276,56.85404,63.193043
64.22488,62.656242,73.5142,77.80473,66.46421,63.05085,64.319786,63.860268
65.85556,65.57655,62.561054,63.29389,55.417355,55.87829,55.30647,60.707794
76.37246,77.63672,70.32641,71.37594,59.782104,57.916714,53.925674,65.30052
62.586212,63.122707,60.492832,59.866165,53.93041,58.08493,55.847538,59.570225
63.428127,64.041626,64.795044,61.981655,55.342857,62.39671,52.168793,63.681995
72.181335,70.898674,64.25679,71.38406,57.51826,51.465164,58.663,57.81173
62.279564,62.668007,62.38793,62.91131,54.389606,53.61943,59.68042,59.26329
76.94392,73.8905,69.18984,73.00708,60.266747,53.45156,49.63556,63.600636
64.257034,63.831783,60.95138,63.395344,54.548687,54.64505,56.478745,59.21418
65.65375,65.37578,65.24368,64.745346,55.49096,52.62565,56.03885,62.146824
68.04598,68.204315,68.05118,67.5969,58.02056,63.643192,50.595642,66.09179
64.33085,60.71917,67.81342,68.73987,59.024334,55.336224,58.479637,58.391796
66.33757,68.85313,64.39183,62.742252,57.016468,60.2924,57.051785,64.10026
72.786316,70.58176,64.73928,69.04982,58.71046,57.45251,53.41475,60.238884
62.172024,62.705048,61.42292,59.383495,53.605885,58.744717,55.118347,59.815643
68.94023,70.42399,68.184685,68.57094,59.145664,57.34499,60.28752,63.810688
62.36952,61.544132,65.86682,65.0636,58.11301,63.513477,56.50247,61.215855
69.433945,67.50814,63.155792,64.73073,55.022675,52.70588,55.326576,56.75799
77.182304,78.73235,84.120384,82.75944,69.55469,62.558197,55.147507,75.38659
62.753723,61.929234,72.954666,69.49483,60.275192,59.023632,56.450417,65.00041
63.964993,63.38807,68.552765,67.11833,59.200436,65.20502,54.753487,63.943314
68.40936,70.884224,72.024475,68.63451,59.902443,62.210274,54.463768,68.201744
65.605965,61.61564,65.85736,65.97533,56.581276,52.31337,56.728153,56.623604
75.91666,76.08107,71.180534,75.05195,61.488903,61.839706,51.691975,67.08274
61.61192,61.47452,63.75795,62.07549,56.361412,62.076546,56.011547,60.67608
80.80964,84.090675,75.303116,76.38018,63.64106,62.49047,53.73157,71.832184
80.9213,84.38423,75.5272,76.61806,63.862377,62.9339,53.856724,72.26679
71.8682,70.03952,64.45511,67.900764,58.7897,59.53887,54.449142,59.935028
71.396,68.38315,64.7454,73.247894,57.912846,51.4521,55.6184,59.231003
65.35406,64.119865,64.632385,64.242325,55.80384,54.532234,58.843678,58.53919
62.921314,63.163918,60.98765,61.151295,53.91619,56.32088,56.449234,59.248077
60.450375,63.331406,80.55694,74.51488,65.51271,66.537735,57.22353,74.12102
59.41086,59.24747,68.716415,64.78635,58.259575,62.17661,56.068676,63.618614
62.388073,63.125725,60.496468,59.589134,53.650898,57.39158,56.370483,59.318275
80.960045,86.59294,80.62801,77.322235,66.572014,73.18547,47.3805,81.36738
65.18093,64.72,61.78932,63.078804,55.698128,58.835213,56.063004,59.47982
79.94694,81.541565,74.02609,77.96663,63.654465,62.11193,52.91925,69.71521
62.15375,58.96832,66.91255,67.08567,59.168358,59.124863,57.26687,59.280567
64.5127,64.03149,60.877205,60.69014,53.389324,53.20943,56.720608,57.38778
73.4267,70.01908,66.13155,72.23835,59.19019,55.521713,52.62823,60.482758
66.35841,65.87047,62.632854,64.2004,57.05435,59.841293,57.028187,59.487587
61.150043,60.138435,65.36586,63.846226,57.473095,62.117977,56.29583,60.713936
64.13174,66.47604,64.0329,61.097878,55.805992,58.797585,56.893635,63.7345
75.93665,72.2637,66.73147,73.6072,59.704887,53.67988,50.916172,60.985046
66.45973,65.296036,68.215096,71.41962,61.920853,61.734432,60.14003,61.571526
68.525345,73.4154,66.97845,64.56156,58.72343,61.60369,57.44238,68.622406
76.02862,75.37723,69.01416,74.844536,60.572235,57.85498,54.47569,63.101177
66.06575,65.16736,61.99082,64.58423,55.81791,56.85051,55.885975,59.47505
70.8972,68.55262,65.4355,70.77321,57.92021,57.200684,53.835476,60.019135
79.966446,83.128586,74.67791,76.5631,63.555836,63.019077,53.94664,71.44678
80.07261,77.836105,71.983376,80.71279,63.609238,58.754616,51.835667,64.584755
62.483192,63.604355,62.606113,59.807236,54.72378,57.9491,56.813652,61.426132
70.25045,69.097046,66.53592,69.677475,58.065243,59.756065,52.64156,62.579697
63.33807,64.00569,63.389145,61.6345,55.367626,57.37297,58.280075,60.618763
63.864464,64.259544,63.494873,62.287827,54.97352,55.226635,56.74126,61.354763
61.285812,61.573822,63.344276,60.198433,54.928684,60.622192,54.944782,60.812656
62.58126,60.491062,64.30246,63.943718,57.067635,58.115314,56.417637,58.876167
65.70726,63.694702,65.46863,65.04824,55.61892,52.201485,59.26986,57.69537
63.595634,64.23491,62.40304,60.93892,54.94285,57.400085,56.391968,61.020233
73.34667,75.899635,68.00696,68.67262,60.66478,61.680378,55.59312,67.45687
64.96771,64.774086,61.831875,61.969193,55.66548,60.385887,55.619442,59.68946
67.03736,71.13552,69.64527,67.25967,58.52971,56.20219,61.55973,67.31582
64.4672,68.36492,66.97773,63.261215,56.70134,57.183666,59.25207,66.33162
76.10565,73.35498,67.58274,71.65494,60.35185,56.856018,51.426132,61.95203
67.204865,65.6915,78.69216,76.45161,64.627365,58.494873,56.861336,67.897675
62.9266,63.4268,62.982845,62.291412,54.687267,54.783195,58.192604,60.448128
66.45495,65.06292,62.211853,65.857994,55.497383,54.330803,54.98625,59.740345
62.848495,63.16026,61.082085,61.16482,53.752655,55.71076,56.79832,59.071888
63.171726,63.753765,60.768932,60.604008,53.316982,53.93928,57.928925,58.169014
63.54934,63.559635,65.682495,66.006935,58.513813,59.976326,59.21634,61.438515
68.27152,68.12443,62.901367,65.93475,55.662163,54.2965,57.844955,58.337402
76.98043,73.74589,67.1001,72.884094,60.973854,57.92494,51.714767,60.765083
63.51449,56.91488,70.83932,71.6157,60.774708,54.414963,57.415466,57.42765
75.52476,75.28594,68.421974,70.235535,58.515503,55.010998,54.10573,61.922306
71.67698,71.201614,66.097015,66.45776,56.615734,55.35946,54.058884,60.579975
64.98894,63.958466,61.68765,65.22417,54.823166,53.221184,56.39465,59.181892
65.78275,65.07894,61.372845,64.02236,55.074184,54.99875,55.39995,59.608967
72.02529,70.303345,65.14685,67.863556,58.59434,58.17494,53.72088,60.88738
65.14897,69.17974,65.29568,61.88119,56.73421,59.883022,57.397415,66.31946
72.29056,69.56687,65.97492,72.603836,58.613884,56.447136,53.968155,59.903408
66.45655,70.09969,66.55011,64.17222,57.594414,59.05236,58.694767,66.08014
63.127888,61.550182,70.367905,72.9433,62.62362,60.217487,62.43921,61.876987
63.408695,63.64706,60.144432,59.153046,53.655834,56.887714,55.882366,58.597828
67.64953,66.45194,64.202034,66.533325,56.33753,58.309917,53.999443,60.364765
60.102505,62.152863,69.14729,63.62289,57.54509,62.5325,55.600716,66.0057
67.18443,66.05678,62.76077,65.3371,56.815033,58.753036,56.06776,59.43343
67.01634,68.27724,64.9757,63.51539,56.91458,58.625465,55.80299,63.608086
71.12619,68.87246,63.755608,68.78086,56.974457,53.053875,52.752853,60.41311
77.20421,77.640656,69.67008,75.010475,60.93297,57.454372,55.818497,63.79543
66.2814,69.21912,64.68327,62.708504,57.084644,60.35415,57.160168,64.75093
81.67557,82.252495,73.411354,76.60151,64.848816,59.782196,50.996708,70.59731
65.14665,58.930737,75.31824,79.019196,65.53908,54.792202,62.81216,59.509796
67.66259,68.775505,66.454544,67.41814,59.710346,61.369633,58.210236,63.529163
69.422844,70.267586,64.95965,66.15703,58.83861,61.27828,56.70752,62.656204
67.1969,66.26777,64.95397,66.34611,56.561886,59.98639,52.739548,61.91459
69.14805,69.79636,70.748604,74.015144,64.102936,63.230717,60.608326,65.28888
66.754524,68.425766,64.87392,62.837463,55.63132,59.512623,54.682327,62.73738
68.0941,70.11041,67.10312,65.36744,57.210243,62.344234,52.936096,65.72798
69.02429,67.243454,63.67522,67.265526,57.463913,57.851517,55.0985,59.730766
66.33269,65.696884,63.67836,64.79935,55.281532,52.87285,54.92224,61.361515
63.646774,65.6898,66.112236,62.815678,55.826218,55.595676,58.613457,63.90708
73.077705,71.10997,65.945244,68.80056,59.06829,57.869617,53.11038,61.322395
62.054283,61.090153,63.575512,61.680584,55.565178,59.234406,55.363106,59.539593
64.74575,64.147766,61.617,63.492126,55.330402,57.383812,56.079823,59.447987
77.74702,77.12866,72.12184,77.59534,62.643085,61.622765,51.061543,67.15586
62.05578,62.584843,61.367077,58.79813,53.76394,60.37538,54.20383,60.24489
68.30955,67.60107,64.535545,64.92875,56.82636,56.862156,54.48162,61.645645
66.65724,64.38311,63.58792,68.24701,56.220745,55.32129,54.584076,59.920544
62.86104,58.192547,75.343796,73.51917,62.039757,54.436523,57.740955,62.211258
68.85521,69.10475,70.4278,73.851746,63.9045,63.058643,60.56919,64.60534
65.721855,64.43142,63.509296,64.95265,55.6233,58.74189,53.523136,60.37693
62.424843,57.991917,71.623505,74.29739,63.599503,58.980804,60.424477,60.31241
77.84485,82.50856,76.97953,74.69604,63.9923,69.75912,48.972824,76.912254
71.43889,76.72087,77.720985,73.20463,63.918674,67.70038,53.924435,75.342865
71.48754,68.93077,64.13306,72.31655,57.32898,49.87997,55.83513,59.06976
62.90029,61.132084,69.68999,71.941345,62.04351,60.074924,61.58957,61.48117
62.962883,63.659077,60.37958,60.684788,53.130222,52.65949,58.778564,57.81446
69.14476,71.24979,66.79704,65.34615,58.1532,58.9535,55.441177,66.04079
62.13279,60.54024,64.36473,62.965946,56.344967,58.864147,55.748283,59.34003
67.675995,66.345825,63.763165,66.927635,56.19979,56.746017,54.932434,59.679585
71.65378,72.73203,82.59572,80.1629,67.90113,62.457317,56.13029,73.618065
66.65738,65.83589,61.941498,64.44953,55.889153,56.761753,55.620277,59.55333
62.847908,63.459766,60.673607,60.7648,53.31276,53.050415,58.82546,57.962196
64.82761,64.49757,62.603207,62.92765,54.799576,57.87342,55.01939,59.74689
72.47853,75.26268,69.39079,68.985825,59.12506,61.84501,54.123516,67.165794
65.10948,63.508545,65.09319,64.97553,56.469822,55.111546,58.592087,58.623184
65.42423,63.744278,67.000656,69.91967,60.800606,61.081432,59.77616,60.26931
68.59183,71.266975,65.330215,64.561584,58.216614,61.129337,56.838203,65.06224
68.0446,69.944405,64.52115,64.09313,57.752426,60.80818,56.722958,63.603138
64.669106,62.049286,71.209946,75.564514,64.644905,62.147255,62.446148,61.50003
63.66926,66.37784,63.869877,60.686897,55.692173,59.054344,57.208485,63.891464
77.44853,77.02935,74.28477,75.30655,62.188316,55.71112,53.879272,65.497765
63.1414,60.69119,64.74476,64.26862,56.807106,57.02582,56.16885,58.48096
72.65152,77.464134,69.154366,68.72909,61.50611,63.446587,57.41505,70.424835
65.501335,65.62353,62.836147,61.542725,54.408783,57.085926,55.04733,59.60709
81.854515,84.546165,72.54883,76.268166,66.08097,64.989975,54.21864,72.11068
62.27792,59.132736,68.3733,68.90831,60.440807,61.09823,58.015495,60.086697
63.83556,64.600525,62.69871,60.799862,55.33008,58.555782,56.643063,61.116703
63.5387,61.558647,67.84464,69.14839,59.87258,58.180447,59.98902,60.180683
63.724773,63.691956,62.06497,63.336903,54.558636,53.695507,57.796223,59.588398
75.14625,79.50368,73.8252,71.55248,61.693527,66.80553,51.2096,73.272934
74.68392,76.900475,68.119415,69.76381,61.370094,62.36201,55.44489,67.193855
64.6344,66.30436,63.211315,61.37083,55.970287,59.50932,57.02623,62.313442
73.68108,75.17452,69.04089,71.003075,59.51467,60.160988,54.468315,65.44122
62.501972,63.185863,60.756077,59.428753,53.3337,56.395878,56.62614,58.87993
64.9099,67.63719,65.289215,61.343254,55.50212,62.127167,53.693016,64.81752
79.38132,78.37224,73.20674,79.66839,63.76331,61.776924,50.428856,67.699615
63.10232,64.02433,66.79319,63.04757,56.31472,59.824955,55.05407,63.22544
68.050964,68.01247,65.07107,66.75846,59.045525,61.069267,57.465775,61.4451
67.7202,66.86259,63.412743,65.0111,56.05207,55.1147,54.36958,61.021782
66.22004,64.65219,62.417896,66.27137,55.569584,54.391296,55.111664,59.705788
63.652645,62.70948,62.981976,61.97482,54.42012,53.849846,58.327015,57.975624
63.68617,63.93808,63.98685,63.458366,56.925465,59.391277,58.11088,60.87286
61.80152,62.686054,60.633743,58.022465,53.777332,60.510094,54.808384,60.06297
70.11879,72.33654,67.44024,66.183876,58.671696,59.06265,55.209003,66.73878
69.74393,72.25751,68.43366,66.79398,58.123215,62.970398,52.79397,67.07939
65.00507,63.472195,62.719482,65.59235,55.49528,56.3628,55.015667,59.82874
65.10452,64.25414,61.017536,61.09346,53.386806,52.23824,56.690014,56.945175
63.562553,63.92145,61.835896,60.94534,54.0321,57.615685,55.76877,59.461437
65.42793,65.9858,65.32101,65.11745,57.51816,58.43471,58.8958,61.593098
71.196594,69.078766,64.85896,68.54311,58.99617,60.21653,54.981136,59.78408
62.59197,60.753334,71.38341,74.380005,63.84164,61.15409,62.896572,62.34823
63.009125,63.560467,60.966988,60.814,54.39846,56.83529,56.769135,59.941006
69.13553,67.99934,65.05875,66.19877,56.699936,54.47996,53.371872,62.16919
68.697044,68.49823,65.564,65.050644,57.30626,57.501244,54.492676,62.850548
63.54331,63.38394,61.801292,59.4446,53.45976,57.120758,54.645187,58.956844
65.96212,65.38231,62.173824,63.52356,56.260323,59.71864,56.15756,59.44996
62.77947,63.124306,61.13938,59.21879,53.403492,57.275463,55.57217,59.011887
61.492367,62.418747,63.50142,61.980392,54.555424,54.554092,60.140293,60.211136
85.65174,86.129486,76.10723,80.517395,67.683426,60.536427,49.39694,73.00143
66.9731,65.678856,63.427128,65.22136,57.017944,60.49769,55.35041,59.759968
65.74642,67.211006,65.373405,64.19219,56.863045,57.6164,58.911568,62.53339
67.095146,67.75023,64.38458,63.525707,56.841003,58.77475,55.77221,62.486465
65.74601,65.10332,63.099957,64.00021,55.279232,58.17376,54.608936,59.88815
67.42206,66.802734,67.762215,70.673584,61.51986,61.811237,59.45945,62.05082
70.0393,66.96663,66.676056,69.70192,59.329445,62.819225,53.58698,60.429077
61.274433,55.70644,73.68122,72.7794,62.29791,57.401295,57.73361,60.756695
72.547554,74.51116,78.11123,82.875786,71.27422,66.815544,64.47324,71.30878
78.64313,78.065994,70.87365,77.65526,62.197815,58.13601,54.165565,64.40982
66.65592,65.24613,72.88189,70.9486,60.498,57.1478,55.950237,64.03458
68.86551,73.35395,66.8243,64.854256,58.811855,61.61884,57.335217,68.09587
61.5002,61.767822,62.174397,59.371574,54.430504,60.57038,54.80367,60.16425
63.995914,64.65166,62.932796,61.752445,55.99517,59.295094,57.25,60.90355
62.515182,64.69208,64.19614,59.537907,54.606144,62.54152,52.894547,64.21344
71.63634,74.33296,66.64961,67.33293,60.055756,62.437473,56.67968,66.16406
75.0263,78.93441,71.10532,72.958466,64.20351,64.830086,58.055138,70.66259
66.06326,70.528175,66.62781,62.80163,57.22718,59.391468,57.016037,67.93002
74.2916,74.392136,82.761566,89.166466,76.97693,69.359886,68.11756,72.10109
62.71901,63.10519,61.15318,60.921772,53.646873,55.791824,56.77661,59.072334
68.761345,72.27237,69.50638,65.8136,58.26539,63.122963,53.719814,68.03442
63.104385,63.434364,62.481236,60.77365,54.244377,59.45016,54.286366,60.68698
67.384544,67.64671,64.28574,62.8052,55.169434,57.26282,54.29854,60.735588
68.93912,71.345604,65.84953,64.95913,58.258987,60.417408,56.316765,65.3412
68.45468,68.12912,64.557396,66.51638,56.501873,57.991673,54.928093,60.73336
63.387863,61.760147,65.4298,64.42914,54.813618,50.703377,60.887974,57.51665
81.61633,85.79169,74.47156,76.18981,66.36509,64.616356,54.469143,75.77843
65.546875,63.08363,64.31681,63.55965,54.549305,50.990433,57.964264,56.686527
63.50848,63.247566,62.178867,60.968143,54.83019,60.94865,53.80197,60.419727
62.36231,59.864574,68.018845,69.40096,60.585094,59.49886,59.237076,60.291546
68.847755,69.3166,64.05464,65.78251,56.163013,56.60566,56.748688,59.950256
71.5453,71.95176,66.510284,67.29115,59.013695,59.326492,54.609688,64.08363
70.84082,75.016716,70.76997,67.14292,59.19451,65.709,51.748573,70.67831
68.180916,66.6712,63.44079,66.46103,57.431854,59.11095,55.8173,59.516834
69.1776,69.19963,64.89995,66.912346,56.752293,57.805317,55.34568,60.96527
61.967373,55.06332,72.20395,72.96648,62.346725,56.737392,57.974495,58.433468
64.354744,65.32313,62.95435,60.640556,54.32874,58.616714,54.925167,60.81745
63.522266,63.32739,61.069965,62.584137,54.304432,55.452774,56.603134,59.18223
81.42046,84.04946,75.38513,78.52146,64.4734,62.61502,53.81087,71.456406
65.76745,65.61883,62.23498,62.864685,55.66099,57.379074,55.88399,60.251545
62.139023,63.21972,59.774864,58.48785,53.646133,58.427765,56.290047,59.417374
61.584194,63.72352,63.37496,58.76855,54.128136,61.051517,54.534294,62.74018
64.90218,59.815037,78.272705,84.69888,71.84561,64.37498,66.61773,63.260757
63.199425,63.35461,60.724796,61.72316,54.06247,55.561287,56.910046,59.060974
64.766975,60.85094,67.60962,68.34647,58.510567,54.273766,58.111,57.836235
73.461494,75.40728,70.59218,69.3726,60.16796,57.31568,53.1543,69.558105
71.41309,70.89258,66.761444,67.35887,58.59362,57.73266,53.68134,63.547474
69.97973,68.50025,64.82284,67.04778,56.91542,54.21128,53.117855,61.73007
62.184948,63.18799,64.12442,61.476864,54.858196,55.565105,58.69803,61.360992
62.16131,59.450733,65.83994,65.23731,57.772263,58.36345,56.42236,59.06001
63.412983,62.311466,63.929188,64.01295,57.161434,59.13925,57.607872,59.47401
66.071,67.443245,63.467354,62.500774,56.62277,59.973915,56.805347,62.221252
60.9389,57.602066,69.76898,69.53463,61.06981,62.64961,57.821815,60.88015
67.23072,66.9122,65.05611,64.06295,56.389046,56.2335,54.432697,62.514908
69.63992,65.56566,67.40705,71.79864,58.951675,60.16156,52.534027,60.77229
65.23186,63.38675,66.46476,65.00418,56.353813,55.33795,55.355835,59.550686
66.76276,65.71308,62.40299,62.554806,54.32734,54.463524,55.463707,57.666363
62.49023,64.630875,64.822296,60.369938,55.04266,61.189587,54.575993,63.5557
67.42262,68.66852,63.823837,63.57653,57.28124,60.447456,56.629677,62.375683
63.054993,59.712177,68.60584,67.29337,58.17567,56.04641,56.293877,59.47982
84.78487,81.62249,75.87108,80.207756,65.290886,52.985893,45.1241,68.59048
65.05428,62.883877,62.99044,62.746574,55.150787,54.19581,56.041916,57.307137
72.92378,71.50677,66.226494,71.80121,58.575485,56.45799,55.183582,60.295307
67.82669,65.51273,64.61504,67.904175,57.560505,59.35108,54.71937,59.959515
68.14132,69.43268,69.127975,70.07041,60.412796,58.555134,60.861546,64.22525
74.472,75.68563,71.44442,70.83532,60.00255,58.761795,53.53899,66.20009
66.8759,69.28966,66.66969,63.851242,56.657368,62.690704,52.939014,65.82845
67.69443,65.82309,63.241623,67.26054,56.560303,55.78557,54.991024,59.753757
75.94526,78.64923,70.317566,71.107544,62.090866,61.28288,54.506916,69.87529
63.85451,63.4968,60.878693,59.897602,54.072117,56.37256,56.211143,58.34577
62.836617,61.3305,63.133163,62.67605,56.293285,58.030052,56.209934,58.82401
63.679337,61.560177,66.526,67.65735,59.50081,60.875275,58.20253,59.869778
66.93588,65.72113,73.03895,76.29546,63.556057,56.853683,65.07782,62.511913
64.5963,62.86231,63.62809,62.60729,54.571796,52.950943,57.90248,57.453495
72.34289,72.74671,68.26184,68.24845,59.25582,57.60373,53.43989,65.845566
60.29961,54.46493,71.65068,71.595345,62.16132,59.60415,57.72191,59.639122
63.179707,64.0745,65.77931,63.82144,55.79231,54.660015,60.730164,61.22741
73.90376,71.17233,65.36754,70.723076,58.32597,53.293102,51.561535,61.082024
62.94824,61.79819,63.157253,61.618362,55.18034,57.842617,55.341946,58.922935
62.082966,61.020256,64.631226,63.778805,57.269234,61.033363,56.538795,60.15482
61.50347,58.050686,70.25271,68.61004,59.635227,58.175343,56.730865,60.736008
67.14479,65.597855,63.562744,66.043434,57.08101,59.63371,55.441864,59.70205
64.14249,67.48157,64.89263,61.686825,56.22498,58.900303,58.15016,64.83349
75.84992,75.825836,70.639755,71.46914,60.948364,56.84337,51.726532,67.628624
75.679276,78.75131,71.91094,70.68817,60.41258,61.94759,53.007114,69.19767
78.76164,82.45352,71.57863,73.41505,64.30425,64.18795,55.23937,72.16993
61.96872,61.965595,64.726944,61.517967,55.32593,59.130905,55.1511,61.05476
72.55283,75.05416,69.25399,68.33595,59.989082,59.126102,54.497795,68.720505
75.65946,76.6464,81.43927,80.18697,67.231224,60.950153,55.09756,72.59104
64.73575,65.23654,61.518513,62.372025,54.161465,54.58784,57.895542,58.473957
62.733616,63.2953,60.31127,60.60643,54.22718,56.986935,57.00513,59.44077
63.921104,64.28438,65.135506,65.067665,58.00351,59.945602,58.684265,61.624504
62.443382,63.34646,59.933853,59.513073,53.649616,56.808792,57.017822,59.065056
60.526646,59.403778,67.74176,64.80557,57.824528,60.61055,55.977768,61.89449
66.68911,66.536964,64.66204,65.83987,58.424026,60.58213,57.65493,60.997234
75.148056,77.37935,69.68647,71.42788,59.904545,59.42826,55.64648,65.82067
62.58983,59.43495,68.83372,70.45395,61.07167,58.809204,59.321953,60.001522
71.39095,74.16999,72.29463,74.76703,65.116486,64.28108,60.461807,69.0301
64.68448,64.79237,63.31391,62.614597,55.015038,59.42136,54.10903,61.055733
69.23395,67.54929,63.76071,69.584465,56.726467,53.209114,56.806927,58.805912
64.37052,66.25659,63.279842,61.168312,55.887077,59.455074,57.103775,62.579025
65.7199,66.43126,63.1263,62.263004,54.838318,57.80154,55.62048,60.289528
63.258583,63.416428,60.532738,61.7185,54.148693,55.696945,56.909008,59.08091
76.18252,81.2505,70.46461,70.96573,63.207096,64.88804,56.826912,72.37969
62.174503,62.31221,61.88395,59.265224,54.070133,59.532696,54.723495,59.716183
62.365593,61.147873,67.058685,64.3625,56.74513,57.772373,55.713272,60.95488
59.73743,61.27526,66.203995,61.360733,56.175983,62.43035,55.314327,63.870186
65.46942,68.379555,69.50862,65.84944,57.09983,53.510242,59.557922,66.77841
68.7789,68.48944,64.33777,64.27828,55.540806,55.96,54.81627,59.788834
62.40428,62.982918,61.124367,60.083317,53.5186,56.732006,56.394577,59.24847
68.79412,70.59958,65.676384,66.03386,58.974487,61.385708,57.218967,64.134964
63.405304,63.17878,61.42614,62.492203,54.209812,55.674267,56.32468,59.277702
72.3637,74.20978,68.51231,69.40176,58.8661,60.5613,54.42245,65.49872
60.912876,60.29642,65.21789,63.362823,57.2524,62.823517,56.146484,61.050247
66.32911,69.24345,65.16124,62.846203,57.042313,59.73758,56.820644,65.21327
64.72668,65.64657,63.63656,62.732655,56.66405,59.69999,57.405853,61.627926
61.392666,61.685776,63.40618,62.013947,54.58259,54.689365,60.502304,59.152866
77.4573,83.336426,71.921814,72.10827,64.29294,65.71931,57.021584,74.736595
73.5482,77.43022,71.345535,72.962395,64.152626,64.49167,58.786476,70.406166
68.37451,68.34609,72.39976,76.43986,65.72708,63.63769,62.08834,65.284164
64.56059,59.257805,71.35188,73.632355,61.983997,54.788624,59.88478,58.506924
71.65331,74.57154,70.17676,71.89839,63.145584,63.60902,58.910824,68.18541
65.55896,64.119934,62.341892,66.832664,55.28365,52.803032,56.881058,58.955406
64.60711,60.246586,71.32024,73.74448,62.13678,55.648052,60.84176,59.2963
61.10711,57.191704,75.9199,73.378426,62.639954,57.058247,57.881027,63.757004
82.4633,81.88835,73.26185,81.64853,64.55445,57.591484,54.40867,65.5529
62.42574,63.3694,59.61168,59.10763,53.817177,57.848984,56.585182,59.299873
71.44049,72.90268,66.992096,67.174225,59.24958,59.89732,55.105614,65.53073
55.94055,59.428005,72.962906,65.35017,59.87829,66.46297,56.472855,69.96308
71.30797,74.45822,68.51122,67.16463,59.56257,59.85172,55.38933,68.587364
62.3595,60.455883,64.808426,63.42251,56.41433,58.348824,55.70287,59.149258
65.823425,60.133247,68.144646,69.131256,58.291595,51.191235,56.91398,56.069504
77.31981,81.35249,73.63104,73.22971,62.120193,64.06554,53.69358,71.6684
61.833023,62.462837,62.130047,61.778725,53.78705,52.860023,60.49378,58.381157
63.620853,63.36605,60.844463,59.678005,54.175983,57.077442,56.128086,58.591747
67.44559,70.26952,65.78478,63.79881,57.556747,59.735004,56.474323,65.71116
73.18003,74.00958,68.452934,70.99077,59.255768,59.764202,54.222153,64.55865
73.20935,75.101326,69.32401,68.9265,60.164185,58.836037,54.025757,68.21283
64.51978,61.10344,65.70253,65.34256,56.503296,54.324142,55.86497,57.436157
69.04236,67.833374,62.8514,65.77333,56.958084,57.42253,54.90579,59.777115
65.001976,62.556942,63.86674,63.167603,55.030937,54.035324,55.36281,57.323475
62.002087,62.73663,61.268627,59.00688,53.421986,58.43739,55.486767,59.653187
70.40497,71.94006,66.92431,65.941246,57.113148,58.990414,54.305298,63.732933
66.85928,73.267006,67.85713,63.630302,58.28482,60.86043,58.372967,70.45496
70.79533,69.36636,66.13809,67.30322,57.695114,55.405693,52.927452,62.53698
65.11351,61.66511,65.26812,65.17325,56.403915,53.384663,56.683247,57.058388
60.615234,64.48114,70.94957,64.48563,58.661777,65.24858,55.3249,69.100395
66.54572,65.780594,71.47146,69.31563,59.540688,57.736206,55.586414,63.909634
68.27884,67.644714,64.02688,64.590965,57.049667,58.32205,55.084644,61.00835
61.99416,63.141518,62.10111,59.799755,54.526688,57.735943,57.546406,60.79409
66.3997,65.161255,62.979515,65.16916,56.544727,59.105183,55.58922,59.6467
66.53179,65.763725,63.116993,65.18308,55.52023,56.71194,55.45206,59.492844
81.384186,83.70466,74.01946,76.21677,65.33052,61.52844,52.439106,73.19221
61.478813,59.92672,67.99033,67.42691,59.789074,64.172295,57.597244,61.526142
64.522385,64.14502,66.59304,67.95121,59.741707,60.66466,59.535007,61.54519
67.542534,69.70494,64.544044,63.696396,57.55328,60.67151,56.84094,63.88353
65.50733,65.407715,75.582146,79.67076,68.18617,64.0934,65.131134,66.7733
72.58958,74.33587,76.42238,74.347046,63.209354,61.407757,54.567616,70.09406
75.27953,77.63289,70.756,72.16891,60.56169,61.360092,54.243572,67.572365
63.350708,62.62829,62.559544,61.174225,54.584145,55.743546,57.637,58.490974
72.75852,71.19227,64.96071,71.80733,58.000904,53.277214,57.3301,58.377087
62.326057,59.315533,66.50833,65.60182,57.669746,57.88232,56.155045,58.942104
69.3946,70.22006,70.49772,73.611626,63.854866,63.201736,60.328144,65.39944
63.474052,63.746597,61.00026,62.33085,53.7925,53.416355,58.141518,58.440495
71.88189,69.58017,64.192444,69.07453,57.640743,54.471195,52.876644,60.38462
63.161392,63.38091,60.660583,59.04205,53.579487,57.501488,55.387352,58.878593
65.3978,68.79344,67.12697,63.497192,56.81932,57.05902,57.786156,66.59962
62.582188,64.31026,63.765102,60.690796,55.09915,57.390457,57.91272,62.32394
63.25302,63.10554,61.25324,61.835743,54.300224,57.0589,55.67293,59.59762
62.847233,63.034702,61.07505,60.805607,54.042606,57.60783,55.659874,59.610523
67.365524,68.854,65.78724,63.9108,57.076485,58.08779,55.44959,64.60676
65.37543,67.26796,64.44239,62.794132,56.55176,58.86828,57.872086,62.960426
66.51795,66.19068,62.761963,63.459564,56.003338,57.34977,55.5521,60.509663
78.13465,82.38018,70.68777,72.65738,64.2111,65.569855,56.352455,71.85219
63.129307,58.381313,69.157036,68.806206,59.0841,55.676365,56.632908,58.363533
63.16465,67.455505,70.90971,64.96695,58.77537,65.40471,54.763638,69.59721
71.11261,71.91155,73.464195,71.74351,61.106155,59.41314,54.653435,66.95236
67.823235,68.03993,65.66611,64.37803,56.939335,57.139797,54.63813,63.389236
65.10894,64.40194,62.646133,64.11541,55.01125,56.77038,55.295883,59.63019
80.01887,80.90537,71.70027,77.648895,62.60337,57.615143,56.116623,65.40199
66.442535,65.828094,61.793922,63.895576,55.932713,57.550526,55.93566,59.459133
61.436134,54.514874,75.12805,74.79671,63.5418,56.59008,58.226604,60.30386
70.3993,68.56507,63.751293,67.61488,57.56983,56.80115,54.2015,59.994663
73.497025,74.548386,69.53069,71.56842,59.83801,61.325817,53.020866,66.19642
76.66353,81.13394,80.75235,77.88402,66.59887,66.98686,53.489487,76.88528
71.51501,73.359245,66.570625,67.09449,59.480713,61.01067,55.728794,65.43142
64.461395,64.88629,62.80809,61.571457,55.357975,57.640797,56.15325,61.10767
61.922806,57.922382,70.66554,69.35188,59.902412,57.32488,56.86266,60.315662
63.27294,61.819702,74.27555,78.24912,66.60904,62.298225,65.303696,64.17772
70.96926,74.5453,66.88874,66.51908,59.72289,62.29037,56.856632,67.337944
67.44492,63.436634,65.61664,66.23223,56.071358,51.37083,55.426193,56.1189
72.2664,67.99849,67.24246,73.971725,59.81314,56.955826,53.66851,60.194733
63.932705,63.557243,60.680897,59.66214,53.99417,56.868088,55.333042,58.3848
76.814354,78.86476,70.627335,72.916336,60.652363,58.996784,55.51758,66.16962
62.44082,58.353252,70.97567,73.75204,63.456337,59.940094,60.17762,60.427086
71.56485,72.340164,66.17721,67.8378,57.41507,56.96944,55.956356,61.686344
70.04881,69.01647,63.84521,70.45028,56.83311,50.044186,60.211555,57.68603
65.250854,65.32605,68.3397,69.61805,60.33345,59.30335,60.95814,62.50802
65.30474,63.474075,72.67116,77.24429,65.990105,63.021244,63.501392,63.139545
84.03816,86.99454,78.81979,79.24509,67.1576,58.665615,49.87964,78.90326
73.35028,69.9763,66.31308,72.15365,59.54589,56.92111,53.102325,60.348873
76.35442,75.549355,69.77818,75.60214,61.089195,58.91263,53.386467,64.102036
72.63947,76.85824,69.63865,68.24337,60.626274,60.99863,55.743355,70.64969
65.53557,61.671257,71.52277,74.06355,61.93567,54.801815,61.797256,59.427147
63.56486,62.249016,62.358864,61.8868,55.48606,57.00928,55.935276,58.403152
68.16929,71.67854,68.232605,66.70907,58.6923,58.252495,59.78387,66.56659
65.64564,62.53182,64.11913,64.35479,55.713974,52.7908,56.092472,56.704075
80.94868,85.672485,74.22944,77.131744,67.71738,67.70148,57.385433,75.353874
58.452076,56.099747,77.347275,73.43472,63.725655,60.97408,58.12361,66.769424
65.190506,57.310547,74.1693,77.18624,63.95321,52.5138,60.035576,57.42431
66.14784,62.03784,67.795906,68.49323,57.848083,51.98552,58.463593,57.131386
72.03899,75.61306,68.89307,69.58586,61.748993,63.24969,57.773823,68.49405
74.157455,72.91373,71.191345,71.9618,59.920002,54.604923,54.31813,62.548004
76.24483,75.83704,69.45514,71.59237,61.22061,58.413177,52.334087,65.95223
65.17932,64.57513,61.794937,65.2001,54.73748,52.642704,57.85638,58.515106
67.517,68.52072,65.367386,63.994396,57.059223,58.210426,55.398453,63.759033
70.33184,73.933105,78.3917,74.5391,64.41395,65.31761,54.815273,73.6273
62.21873,63.090885,60.136086,58.742638,53.77442,58.974606,55.704956,59.66155
71.802185,76.55487,68.18642,67.24135,60.495216,62.89096,57.109188,69.69233
67.32991,67.123856,70.93861,74.428215,64.219376,62.856346,61.459152,64.208664
73.4252,75.07757,67.5063,68.753784,60.450905,61.2409,55.18414,66.09863
78.34325,83.238716,76.27638,74.29995,63.59827,67.78107,51.320885,75.65434
61.364853,56.56679,69.42224,69.440475,60.54358,58.571007,57.34412,59.14744
65.32839,65.347626,69.80803,72.17794,62.668747,61.94169,61.263752,63.730247
62.714092,63.234184,61.304317,60.411472,53.62164,56.648254,56.403202,59.224426
67.14904,65.11238,63.409508,67.592224,56.57443,55.956608,55.27511,59.671955
72.82146,73.328926,69.2644,68.794075,58.52177,57.439117,53.769855,63.88514
64.39737,63.846523,62.367256,65.124886,54.601795,51.468773,58.275234,59.0657
79.15195,82.60582,74.394104,78.57314,68.31198,67.25675,58.78783,72.68577
64.11618,64.366684,63.726765,62.83288,55.026497,54.589558,56.81076,61.33388
67.496704,64.39488,65.11744,69.684074,57.2339,56.907593,54.049904,60.16499
72.4892,71.88719,66.46283,68.12383,59.235966,58.95366,53.942238,63.035255
64.425934,64.76145,63.431126,62.04977,55.086082,55.817722,55.64696,61.77228
62.831707,61.19782,63.579643,62.8385,56.21609,57.908665,56.010258,58.83497
68.01821,64.72453,73.394295,72.77305,60.99842,54.157322,56.287754,61.965813
63.260376,61.93568,63.41616,63.424683,56.792725,58.842056,56.700665,59.103245
72.20135,73.71988,72.20831,76.0012,65.74809,64.52915,60.41499,67.47629
65.817314,65.02292,62.243904,61.65463,54.10612,55.495518,55.15412,58.080357
67.79383,65.84669,67.657814,68.54197,58.179516,62.670254,51.75373,63.240223
65.79027,67.23979,67.4593,67.882355,60.052925,61.156906,59.360485,64.24261
66.10296,66.18138,62.559628,62.497097,56.34969,59.718895,56.486225,60.205143
62.511486,57.886833,73.81092,77.78626,66.33753,61.049534,62.232124,61.435337
65.614235,64.86548,63.941956,65.94384,55.101616,50.86879,57.103123,60.407154
72.67236,73.85471,69.75881,70.95874,59.745724,62.584667,51.99856,67.10148
63.749237,63.85069,61.195004,62.251453,54.469852,55.21613,56.81431,59.647923
71.557655,75.21907,68.86491,67.35426,59.851425,60.26783,55.61111,69.38839
57.87204,59.988697,71.86082,65.49667,59.19306,63.8196,56.340935,67.76932
77.84148,81.013695,71.60885,75.10473,65.6182,65.88774,57.463497,70.511635
66.05839,73.13705,76.62635,69.4938,62.646908,70.96535,53.47095,76.583664
73.6579,70.18353,66.784676,74.904305,59.54081,56.08674,53.372215,60.113888
69.62024,73.200516,70.51437,66.79663,58.95961,66.527336,50.371437,70.714035
70.072495,74.41781,67.546616,65.88696,59.373295,61.569138,56.873066,68.69699
70.27109,69.182106,67.354675,66.7333,57.644188,55.126297,52.662403,63.85432
66.18485,71.790855,67.19203,63.09166,57.699455,60.160072,58.031708,69.17135
67.358574,69.73159,65.444435,63.722115,57.403767,59.58152,56.355347,64.99213
66.7803,64.7633,65.72943,66.53813,58.025665,63.20821,53.795593,60.818665
65.79846,59.8842,68.6862,69.512085,58.500053,51.069355,57.217278,56.09559
79.135826,81.835434,73.89051,73.99188,62.099255,61.23227,52.833176,70.077034
63.30007,63.2553,61.68711,61.062164,55.431187,59.702755,56.18923,59.50082
64.18979,61.608253,64.952446,63.918232,55.73044,55.15076,55.45758,57.941635
63.081593,58.12776,72.42602,74.63225,64.255684,62.43924,60.16498,60.507248
73.05635,77.24789,71.284225,68.91122,59.9061,64.39213,53.150494,70.33421
82.51085,86.04257,75.99718,77.328,66.562805,62.297405,52.659714,76.620636
64.10248,63.784344,64.787445,62.28663,55.215424,57.399208,54.92647,60.493427
77.860466,80.84465,72.33479,72.96311,63.24376,60.88562,53.64585,72.18191
67.27788,68.5308,69.52839,71.33461,62.344296,62.2948,60.26051,65.21387
74.92725,71.95331,68.16902,75.651886,60.40091,57.99157,52.375908,61.63096
69.61189,68.497375,65.13232,66.169586,57.26511,56.236065,53.779137,61.87494
72.88762,73.13859,68.07089,71.13875,59.12773,59.49546,53.955097,63.91732
69.86605,67.411934,63.875698,64.809685,55.151993,52.4079,54.390877,56.79419
70.48777,72.63765,67.80886,69.13584,61.092937,62.52788,57.93651,65.83873
67.083664,69.05565,69.81813,66.49019,58.41316,61.178173,54.518745,66.23768
71.27753,68.20538,65.955315,72.19802,58.44911,57.38695,52.884518,60.432774
68.45629,66.07396,66.888084,70.50349,60.61978,62.035107,57.79843,60.040833
66.981575,67.657715,67.40318,67.92322,58.854248,57.72293,60.230934,62.482677
66.840195,65.8806,72.12606,75.01285,62.784092,56.99361,64.310974,62.421272
64.70096,64.18657,62.040085,62.701862,55.44974,59.350365,55.246155,59.81331
68.593094,68.033875,62.823193,67.4467,55.87033,52.334988,58.549164,58.028942
67.60215,70.39673,67.28751,64.33725,57.035362,63.00249,52.970974,66.523445
63.5392,63.23739,62.351078,61.78855,54.409557,58.66728,54.391415,60.078003
64.32246,65.728264,70.72004,66.75821,58.83189,61.161335,55.289303,66.12933
74.01335,74.1534,67.93756,68.80091,57.99395,56.06135,53.981644,62.344265
69.18096,72.550644,67.12027,65.27493,58.560818,60.103703,56.221985,67.446754
75.72043,81.36505,75.30916,71.66902,62.453114,67.81679,52.163147,75.16421
73.89308,72.99734,69.29941,69.801186,59.603043,55.833,51.77767,65.630135
69.16476,71.964905,65.600525,65.02249,58.55373,61.41656,56.83314,65.41616
68.51647,67.67597,65.85246,65.07551,56.17107,55.70933,54.46114,60.220207
63.049877,64.603935,62.88818,60.395462,55.217487,58.615654,57.44243,61.767925
69.1592,68.188034,79.002625,84.951416,72.56013,66.413704,66.78461,68.065285
69.44841,73.63379,69.56371,65.48577,58.273315,64.94368,52.409626,69.529
58.474236,58.290493,70.629074,66.3325,59.520878,63.10855,56.483967,64.85206
63.45129,65.08564,70.130615,65.81489,58.390987,61.51974,55.291443,66.05655
68.78276,67.39932,64.10091,66.57019,55.938667,52.269207,53.017677,61.677395
69.345825,67.59042,62.974514,67.239075,55.939503,52.164112,53.118187,60.501152
63.43263,62.714344,61.74919,60.61984,54.859386,57.4086,56.222397,58.68768
74.358315,73.5801,67.39222,72.89141,59.360897,56.84269,55.32363,61.48932
64.44626,67.07233,64.75927,61.441822,55.9708,58.406544,56.638866,64.67942
60.97566,62.047733,63.614254,61.644447,54.517006,54.800564,60.658604,60.13552
72.83383,76.093346,67.371574,68.05826,60.68799,62.982796,56.57919,67.48756
63.71162,61.149292,66.93977,68.273,59.85449,60.39319,58.33835,59.649467
76.7242,73.99972,68.52689,77.00494,60.992783,56.518196,53.706097,61.028976
79.185005,82.43181,72.09782,73.922874,64.347404,63.225197,54.45655,72.225105
65.30869,67.83341,64.050064,61.92544,56.497807,59.916325,57.158447,63.823235
72.1212,70.32817,66.26757,71.54379,58.492065,57.456367,54.05031,60.760784
69.52336,70.2902,65.29579,66.66131,56.86109,58.019756,55.75389,61.639534
60.448772,55.736916,72.42005,72.61403,63.176666,63.32619,58.601837,61.17298
66.207596,71.08424,66.17166,62.777157,57.514977,60.626854,57.727604,67.78635
81.02173,86.95766,74.944176,76.36543,67.5828,67.89495,57.417976,77.81891
63.90561,64.20557,60.421658,61.224037,54.76836,57.78867,56.80791,59.1904
73.991684,75.68837,72.77025,70.26686,60.102356,54.185135,51.310062,71.57082
71.48224,72.42184,67.76409,67.430916,58.993958,58.216805,54.130566,65.869774
64.39264,64.35998,65.563705,64.76142,56.193733,54.87075,60.447277,60.096592
66.10446,64.06284,63.744587,66.836365,56.309395,57.501076,54.521114,60.023766
59.96972,60.08497,70.07454,67.671394,60.472298,66.24136,57.702606,64.62713
71.11853,75.22705,67.37729,66.657104,59.941833,62.466682,56.9895,68.304955
65.87905,67.08344,64.02325,62.497375,56.39499,58.907993,56.28382,62.669636
64.128914,63.724213,63.184166,63.697697,54.336452,51.223843,60.297974,57.591045
66.26351,64.734375,63.15977,65.87149,56.41261,58.158047,55.3506,59.71905
64.65485,63.279743,62.42314,65.180435,55.24447,56.081955,55.12324,59.78738
75.35304,77.28823,69.96771,70.68762,61.45061,60.06937,53.936363,68.799576
59.785706,58.065247,72.65013,69.15296,60.608006,60.374115,56.996685,64.21644
68.487465,72.15432,78.337425,73.96593,64.25499,65.653076,55.157482,73.58321
64.96501,64.91106,61.69259,63.759464,54.462917,53.77774,57.77999,58.53625
62.292446,62.746887,61.303078,59.50951,53.766506,59.050186,54.937595,59.91438
65.89953,65.67548,68.88121,71.32822,62.038982,61.77866,60.547615,63.00086
65.83622,63.969086,63.015293,66.88639,55.98975,55.72903,55.45754,59.63099
67.55968,63.54621,67.72106,68.07515,57.35815,51.82811,55.70117,57.410343
81.82874,82.43497,74.91992,80.75621,64.940865,61.585445,52.269215,69.48867
66.03819,65.70667,66.53334,65.44603,55.78977,51.806484,56.070892,62.887608
72.65776,75.58603,68.06454,69.31652,61.430973,63.177395,57.17042,67.33415
70.04835,70.12003,65.24095,65.95429,58.198486,59.35972,55.068428,62.60676
82.37417,87.536156,77.22466,80.42802,70.491776,69.237015,58.734352,78.205475
62.08478,62.42784,61.631477,59.794064,54.85925,60.588383,55.4655,60.01963
67.65238,68.54717,70.82085,73.465195,63.752502,62.853874,61.06579,65.48899
71.01173,72.46569,66.46831,67.45267,57.511475,58.27347,55.875607,62.825317
64.15156,62.88389,62.703514,64.207245,55.046875,57.613476,54.116978,60.21367
66.28921,65.41947,62.35897,66.26644,55.26889,53.05181,57.466774,58.639175
60.76514,61.761536,65.89111,61.568607,55.848396,60.847347,55.26588,62.94255
65.325455,65.334564,62.72288,62.60212,55.42808,56.657635,55.646576,60.90824
74.6306,73.15077,64.94589,71.36804,57.807396,51.282745,58.191605,56.743176
62.76116,58.32693,72.929985,76.71708,65.53858,60.853123,61.667656,61.102562
70.94249,71.38812,68.2177,71.46574,62.29445,62.863453,58.42476,63.890278
71.12849,73.55878,71.20415,73.58962,64.200035,63.842648,59.888393,67.989006
64.999794,64.46019,66.65823,68.338104,59.96627,60.814262,59.46788,61.41929
61.56723,65.80211,71.428856,65.022224,59.017086,65.69412,55.138588,69.80124
67.70869,68.91884,70.56687,72.87931,63.40526,62.76689,60.817165,65.74081
62.78761,63.099144,63.14947,63.279808,54.615837,53.340816,59.23711,59.879578
70.18389,68.93111,67.31547,67.15058,57.184242,53.155865,52.074738,64.081535
75.53756,72.588875,66.21715,76.76853,59.742676,50.538414,57.45464,58.225693
77.17775,74.46318,72.47728,73.21239,60.57183,51.599277,48.06594,66.98656
61.354183,62.13023,63.94639,61.723125,54.67915,54.95671,60.243725,60.179935
66.17566,65.993645,64.36237,63.536007,55.64878,55.069096,54.51584,62.335587
62.951237,57.47574,71.513176,73.93481,62.984043,57.13957,59.407913,59.141
67.47979,67.00137,65.43158,64.584724,56.244987,54.86568,53.83818,62.951244
69.79509,71.51583,73.468094,70.81562,60.981895,61.15392,54.64024,68.1542
62.262283,63.901096,65.988106,61.638165,55.74659,60.809105,54.901356,63.631123
64.14115,60.316925,66.444336,66.64738,57.773163,54.85257,57.035645,57.65097
62.499382,60.830563,65.53307,63.565575,56.278564,57.93277,55.53751,59.658485
66.04418,68.9212,64.556946,62.518143,56.94983,60.254524,57.16914,64.58543
63.031776,60.617607,67.13529,68.54966,59.998535,59.511513,58.747948,59.882034
66.46733,64.83227,64.28041,65.112434,56.82747,61.680202,53.60356,60.4608
62.857162,63.655926,68.44712,66.44856,56.19549,51.024933,63.72317,61.389194
65.25586,68.11065,64.89033,62.02228,56.466667,59.147514,56.8195,64.949326
65.9399,68.42669,65.625435,62.022133,55.73245,61.18353,53.991295,64.428024
62.150818,62.608562,61.52309,59.2229,53.719116,59.635967,54.52104,60.084873
65.06454,64.923035,61.224873,62.52669,55.573093,58.52806,56.71941,59.221478
70.589066,74.52121,68.85195,66.59854,59.36293,59.723217,55.674126,69.63097
78.61072,81.41515,73.944466,75.67837,62.937717,63.378613,53.063347,70.93188
60.310364,60.766937,63.26966,60.113884,55.371857,62.48923,55.074482,61.191845
64.8852,62.79115,73.67612,78.53497,66.9366,63.294685,64.34335,63.389214
66.455414,65.82216,61.77846,63.989143,55.44917,55.633205,55.26977,59.861492
70.338974,71.02773,68.19836,66.70097,58.183365,56.297432,53.470715,66.204315
78.833374,77.72314,71.42927,73.90118,60.454445,53.119373,53.362602,62.404686
70.85865,73.74003,68.63817,67.31992,58.371265,62.158268,53.880043,66.9105
65.210266,69.20565,70.60382,65.457825,58.716263,64.619354,54.42491,69.135025
74.3683,77.25426,74.83979,78.63336,68.06649,66.019,61.187054,70.9867
63.03608,63.438026,60.357433,61.216164,53.9277,55.442703,57.279366,58.915527
64.9299,64.64507,62.515114,63.280632,56.585186,60.40181,56.93266,59.627365
62.9636,63.183266,60.754883,60.94729,54.107754,57.221325,56.0196,59.473915
65.2751,65.51122,66.548416,63.6798,55.792118,53.961903,55.7786,63.546646
66.96196,70.4054,65.29693,63.264954,57.551765,60.70814,57.21751,65.76033
61.289616,62.469948,62.8939,58.98697,54.54378,62.62871,53.592957,62.249977
65.40687,64.72867,62.46863,64.64514,55.019707,55.48034,56.137318,59.25259
68.29674,66.939545,66.15401,69.028824,56.27366,49.000698,56.719322,61.292286
69.30077,67.966835,63.104935,66.18579,56.80168,56.155647,54.354458,60.134018
62.695705,62.25521,62.87422,61.461163,54.62904,55.531483,58.568466,58.7058
67.893425,70.85611,76.70711,72.60315,63.054424,64.24793,55.18487,71.69912
63.20017,61.940838,63.795597,63.633305,56.936657,58.862507,57.270016,59.301216
62.889816,62.87257,63.187958,61.325943,54.626423,60.901558,52.751232,61.81807
72.97976,75.3192,79.215385,83.96774,72.30668,67.36429,65.10978,72.467384
65.612976,67.95206,64.01745,62.161793,56.60916,59.991795,57.08325,63.61791
67.26769,65.670715,63.106113,66.52845,56.71014,57.287727,55.61022,59.571163
65.37593,65.40724,74.254,77.70936,66.42384,62.609375,64.49009,65.92964
61.52599,62.659092,60.47092,59.272396,54.141098,58.219982,57.780224,59.678753
67.45156,65.99926,73.247116,78.274574,66.84888,63.761723,63.212036,64.00642
63.352604,63.364647,60.65249,59.638065,54.03813,56.83009,56.484627,58.624928
58.82844,56.888092,81.53821,77.15475,66.363335,61.04764,58.829464,70.08501
70.94717,75.22211,70.68987,70.96965,62.722977,63.224876,59.272514,70.00253
64.01497,64.48869,60.43434,60.653763,54.898476,58.804417,56.759632,59.23032
63.38179,63.534534,60.66653,62.496365,53.96634,53.554432,58.093952,58.546043
70.29081,69.32603,64.89077,68.68446,57.204334,56.819557,55.371273,59.949158
66.153625,68.964294,69.01256,64.23664,57.57131,66.51208,50.06988,69.291046
68.99728,66.58093,68.74348,72.610886,62.49825,62.361683,58.786392,60.865
67.514206,70.22501,66.55209,63.942474,56.657677,61.84148,53.959675,65.395996
67.379974,66.57707,64.3515,66.04474,56.27269,58.764904,53.91379,60.885586
62.96538,60.930435,71.94651,75.56357,64.75254,61.953045,63.274593,62.504395
80.83827,83.31365,73.899864,75.724304,64.99555,61.28362,52.57333,73.24236
63.075264,65.99674,65.90988,62.55154,55.936356,56.470085,59.91218,64.113594
63.806446,64.19728,60.137386,59.666264,54.47502,58.723537,56.072044,59.071983
67.643585,65.24241,65.36073,67.253456,57.630688,61.609882,53.25327,60.57071
61.861515,58.759647,66.79181,66.67723,58.94502,59.18934,57.04578,59.343346
61.00358,61.931557,63.25763,59.57076,54.690456,61.138237,54.839302,61.479652
64.24355,63.79869,65.599815,66.5647,58.82404,60.268814,59.01401,60.94264
63.616135,66.52912,64.737564,61.593826,55.9326,58.252888,58.440937,64.076
70.680466,70.87105,67.12322,69.054245,58.165253,60.12921,53.395123,63.703773
68.21465,65.9572,63.550957,68.28474,56.5357,54.354733,54.366745,59.939365
68.25209,69.739,66.1066,64.6257,57.530872,58.38923,55.333878,64.869225
67.64242,66.01819,63.202415,66.65156,56.84842,57.364212,55.487877,59.608795
67.6483,66.809395,62.868492,66.99362,55.747528,53.458332,57.443573,58.576645
64.51518,63.602795,64.07407,63.483177,56.58754,62.517673,54.31761,60.6959
64.578674,63.840473,65.246254,65.42222,57.124416,56.86841,59.48319,59.69361
62.765903,63.172523,61.537518,60.39721,53.74224,57.45532,55.802464,59.485035
60.95614,61.916573,62.19474,61.023544,54.268562,55.65819,60.154568,59.379166
70.96874,71.216286,75.52515,80.71326,69.114365,65.45973,63.419003,67.55708
64.504555,64.27134,60.895477,62.88999,54.499435,54.684788,56.14565,59.473442
58.128506,60.427547,69.29094,63.21942,57.84215,64.14627,55.83779,66.532394
65.604065,62.053307,65.06057,65.151474,55.979008,52.58076,55.84475,56.662994
77.12959,81.77991,70.545044,71.77887,63.684185,65.22358,56.602043,72.08491
79.34957,79.64042,72.85781,74.632675,63.10566,57.523327,50.758194,69.93802
83.021965,84.743164,75.237144,80.595985,65.09835,60.222954,54.923813,69.63791
62.93619,63.78563,61.569042,60.18876,54.821182,58.475895,57.09897,60.325127
74.25661,79.11536,69.353294,69.30533,61.957886,63.96388,56.92268,70.9924
73.55133,74.44214,67.4216,69.7113,58.391636,56.90509,55.93201,62.48228
79.63386,83.84325,72.969124,75.99133,66.636284,66.86341,57.29775,73.36895
72.37138,71.04972,67.500046,68.20157,57.47015,54.16951,54.136116,60.281193
62.97668,63.461433,60.313232,59.251995,53.524155,56.66206,56.310852,58.72411
74.65378,78.02141,69.76173,69.90878,61.574642,61.68019,55.289894,69.97287
65.19774,63.98808,62.14875,65.254105,55.56065,56.057716,55.965656,59.454292
62.615383,63.099854,61.49509,60.071026,54.98136,60.730785,55.762505,60.024326
70.72577,67.813,65.838135,71.32911,58.202427,58.188564,52.53705,60.60172
75.80336,77.592476,70.03496,71.06933,61.67912,60.220158,53.828644,68.705284
73.38213,77.03473,71.32706,69.23426,60.651634,58.523052,54.099274,71.82474
79.20636,83.029495,76.67294,76.35823,64.344864,67.77514,50.146473,75.41222
70.05885,72.15653,67.67334,68.87396,60.902058,62.368835,58.003765,65.647194
63.275993,63.800694,60.168205,60.371475,54.37973,57.94223,56.558727,59.301037
69.91179,73.8823,67.15949,66.08066,59.401573,61.70632,57.413696,67.705734
66.39453,69.292816,64.75533,62.86021,57.145588,60.317005,57.20514,64.72995
70.700584,69.18695,64.662254,69.63225,57.325565,55.660652,55.739723,59.17949
63.909485,65.81666,64.37341,61.22087,55.570347,57.71304,56.659187,63.57402
68.01851,66.29196,62.62594,68.135574,55.57618,50.646736,55.647236,59.289146
64.05458,64.16777,61.13547,61.936058,54.552467,55.829704,56.095608,59.958447
72.76074,70.02669,65.126656,74.305084,58.49355,51.078255,57.17386,58.499493
63.395905,63.753242,61.625027,61.0865,53.93096,56.825893,56.215813,59.277664
67.71239,67.67983,62.887173,65.02688,55.477505,55.425255,57.23443,58.628994
69.05814,69.42808,69.42696,72.513824,62.98999,62.76399,59.82617,64.24829
73.453224,74.888115,68.402596,70.56004,59.145294,59.267693,55.204773,64.520195
68.67005,71.22794,71.37449,73.039635,63.80472,63.24274,60.77531,67.897675
81.00434,81.81085,72.05229,75.75735,64.630035,61.4195,52.219414,69.455284
67.44366,72.997734,67.07592,63.70841,58.311375,61.323803,57.713127,69.28689
71.079285,72.16507,69.63914,72.77015,63.33371,63.351006,59.163857,65.45646
75.89948,74.12928,67.11425,70.45174,57.89512,51.840446,54.549843,58.701324
67.083534,64.942444,63.822865,67.70472,56.91738,57.32531,55.337067,59.690918
62.77488,63.33788,60.271366,60.438763,53.865017,56.486874,56.84238,59.12509
70.14091,68.86953,67.18371,70.03816,58.397,61.013145,51.42389,63.65599
61.941128,63.064247,59.83449,58.7546,53.896618,58.230095,57.11847,59.41835
64.6975,63.62188,62.460373,64.825485,54.984222,55.63528,55.506588,59.576153
80.387665,82.39759,73.56355,75.36393,64.489296,60.42969,52.2039,72.39748
71.78449,75.90144,68.81022,68.81965,61.366497,63.125534,57.67848,69.12996
75.88546,73.24081,69.06481,71.73152,60.07415,54.780285,50.431072,63.69256
75.922386,74.15453,67.97808,71.22486,60.724514,58.381176,52.217514,63.11494
61.80836,62.56727,63.126205,60.668747,54.6798,56.6207,58.687855,60.38134
66.81647,64.895966,63.166565,67.25125,56.325108,55.66136,55.30402,59.65995
77.91247,81.33214,73.94472,74.50875,62.60292,64.09487,53.036278,71.594574
63.748646,62.466465,63.33171,62.437622,55.68157,56.79685,57.068592,58.691948
64.26017,67.48612,64.850525,61.401867,56.10767,58.848064,57.30893,65.10186
76.26022,80.15561,72.855965,71.75973,61.28949,63.550083,53.439045,70.88366
67.934395,65.17129,64.13748,70.05773,56.88394,54.78826,54.48357,59.918392
63.259422,63.149803,60.536964,59.564114,54.441025,58.067112,55.75133,58.85346
69.27934,68.454704,63.169037,68.39404,56.24656,52.256657,58.377003,58.079296
75.68259,75.51831,69.06367,74.14403,60.394543,58.258003,54.588318,63.598156
63.750362,65.074524,62.68014,60.666527,55.45811,59.128136,57.038273,61.556362
63.21288,63.448853,60.637188,62.190914,54.000324,54.078068,58.021103,58.673203
63.279026,60.0653,69.06084,70.73572,60.903038,57.83274,59.660484,59.773052
62.942867,63.58425,60.76976,60.50883,54.53236,57.736755,57.058018,59.706486
63.276142,64.602356,65.20629,61.248283,55.44923,63.516052,52.015007,64.60447
65.30158,63.934387,61.68692,61.181484,53.950912,53.520264,56.175518,57.1951
68.854996,69.19805,64.21223,65.39167,56.033943,56.54694,56.2111,60.05142
67.43138,69.87775,67.59429,66.496185,58.13759,57.27545,60.014038,64.67951
63.13431,63.45886,60.455112,61.549725,53.94026,55.005836,57.431118,58.836384
64.34542,63.761402,61.276417,60.144962,53.45812,55.00303,55.494003,57.90077
76.89625,77.20191,71.90473,75.99884,62.080723,62.040745,51.619495,67.699394
68.33394,67.81104,62.838196,65.067406,55.304794,53.97948,57.15417,57.85961
63.687157,64.01475,60.62014,61.249798,54.701485,57.462143,56.82547,59.397377
65.76136,65.670815,61.677395,64.75888,54.661606,52.352745,58.67936,58.101643
78.52499,83.58929,71.69406,73.028496,64.74117,66.01912,56.63777,73.758934
64.901276,63.51131,63.333286,64.3678,55.653202,59.363056,53.737198,60.384315
73.34697,73.461655,67.925415,71.54013,59.18874,58.762527,54.47086,63.34328
72.81494,75.47276,70.37529,68.42157,59.130703,61.318005,53.272522,67.5764
74.46136,77.60126,69.36866,69.71457,61.41404,61.709606,55.33126,69.361595
71.086,70.532845,74.49893,80.11522,68.475334,65.14088,62.81501,65.99934
69.57699,73.89628,66.93807,65.39932,59.148132,61.89531,57.193058,68.07537
63.189514,62.825233,63.3397,63.024403,56.703163,60.96983,56.77687,60.028225
72.09926,73.12915,68.69857,68.07447,59.267933,57.569168,53.601204,66.874535
63.992874,64.27166,62.658356,61.46977,55.474518,58.296047,57.43579,60.089867
82.67676,83.75428,73.69182,80.349144,64.34903,57.738377,56.260838,66.89329
73.45952,76.76217,71.22438,70.13094,60.182583,64.02564,52.653133,69.71496
63.965256,61.285473,70.5758,68.64906,58.86119,55.543,56.35218,61.21142
75.49423,76.70366,72.60979,72.20338,60.841106,58.80689,53.49989,66.91838
71.32104,69.557755,64.814125,67.84335,57.771397,55.856407,53.266907,61.098526
62.524837,62.8951,61.38963,60.38263,53.679234,57.21944,55.881535,59.46878
72.14722,73.56436,66.323906,68.10883,60.20833,62.119747,56.25655,64.49459
77.79618,80.75689,72.8178,73.01404,63.121223,60.049706,53.220367,72.650276
64.325615,64.44048,60.674606,61.78608,54.997517,57.729465,56.747513,59.2037
77.00704,78.044975,70.777534,74.80218,61.31365,59.647095,54.49515,66.01791
68.590965,69.75002,64.74708,65.333466,58.3852,61.058426,56.84561,62.838192
64.77581,63.466026,62.13133,65.95542,54.98529,53.314762,56.6277,59.09946
62.091137,62.81576,60.77491,58.669518,53.741104,59.76303,54.913937,59.96988
81.14237,79.927185,71.64409,76.07571,63.93994,58.939915,50.433582,66.78805
71.842064,75.61696,67.396095,67.24626,60.260487,62.68813,56.82571,68.01022
63.982224,63.692123,60.985203,59.904175,53.48037,55.43226,55.74413,58.11453
67.931,67.71573,63.041393,67.52122,55.771004,50.906395,60.507496,57.715923
63.74112,63.53798,60.78188,59.30339,53.717285,57.175167,55.051277,58.579517
78.72501,82.56885,78.11426,82.56166,71.59022,68.48887,61.687767,75.06139
64.359184,64.43936,61.434574,62.09317,54.759045,56.076656,56.02423,60.10668
72.2891,73.47544,66.87788,67.82629,59.67542,60.456856,55.07728,65.10101
73.59046,80.824554,71.16329,68.816086,62.252575,64.263245,57.74256,74.94626
76.31715,81.31647,70.46735,71.080475,63.271477,64.93288,56.792236,72.32076
62.997257,63.46154,62.25316,61.95152,54.573853,55.282753,57.77536,60.166664
61.51418,62.601326,62.707745,60.81648,54.48447,56.153893,59.12994,60.352715
67.086464,67.9956,69.44363,71.46588,62.36322,62.230377,60.333054,64.73878
63.102512,64.56554,62.571518,60.162174,55.17112,58.92381,57.137,61.60798
64.70863,64.82308,61.59579,62.03486,55.18347,57.348305,56.29838,59.989304
71.76292,76.930954,68.515854,67.22095,60.584087,62.96942,57.23364,70.39498
75.43861,80.87548,70.43867,70.334465,62.851353,64.63984,57.01208,72.67755
73.6347,70.44231,66.15125,75.06489,59.233944,53.520763,55.250454,59.302223
65.28138,66.09131,67.09072,63.971146,56.04569,54.06152,56.462646,64.22653
73.079094,70.718925,68.16563,70.41617,57.73925,49.844913,49.978085,64.36757
79.17251,82.47408,71.88395,73.86261,64.3916,63.608,54.68213,72.067764
68.41996,67.34521,64.55043,70.37514,56.817406,50.13908,61.049824,58.14693
74.77099,76.721535,70.289894,70.30388,61.037838,59.046917,53.605957,69.1785
76.685165,80.292,76.117584,74.14239,63.2025,64.002625,52.955162,72.7305
61.40073,66.035095,69.79107,63.071136,57.9033,66.16306,54.435776,69.50196
64.63411,64.293144,61.547924,62.614197,55.326622,58.508034,55.92716,59.534107
67.961205,65.5347,67.062355,68.58936,58.114414,62.247635,52.063034,62.197464
66.50264,66.3164,63.537262,63.305153,56.15167,57.47711,55.402332,61.19707
61.830856,59.63608,66.06097,65.55935,58.33005,60.29496,56.83931,59.83627
62.053253,62.60782,63.24573,63.96195,54.480614,52.050163,61.88703,58.677303
68.9593,68.98271,64.24896,64.94899,57.692383,59.72111,55.59936,61.636955
63.491364,63.355404,60.65626,59.38442,54.01733,57.640606,55.281788,58.726227
63.104256,63.450874,60.82217,61.98295,53.63724,53.35351,58.211388,58.42708
58.96989,58.719315,71.482834,67.07337,59.714275,62.093628,56.59967,65.13879
65.33777,65.06261,61.9831,61.776352,54.110165,55.389194,56.08747,58.290863
64.11664,60.417442,69.40903,71.10771,60.67043,56.23901,59.701508,59.160034
66.69014,68.221825,63.78898,62.99799,56.972122,60.231728,56.777485,62.637375
67.34675,67.35452,69.20102,72.00145,62.55329,62.251766,60.27781,63.550495
63.01813,60.474293,73.46528,77.68766,66.28681,62.411476,64.12968,62.8577
62.801655,57.21209,74.651375,73.57866,62.11141,54.51564,57.786434,60.87905
63.29962,63.967617,60.65833,61.66386,53.51324,52.91602,58.841427,58.124863
84.53073,85.90586,76.90853,78.91254,64.555374,58.137447,51.754875,70.262215
68.37236,68.02682,63.112034,66.243835,55.8234,54.700233,57.389874,58.53961
62.7208,63.17465,60.92913,61.434353,54.286503,55.860012,57.730286,59.37058
66.214905,68.97406,64.68156,62.80484,57.03979,60.11914,57.285248,64.468864
62.964905,61.880184,62.925266,61.522778,55.20162,57.88148,55.433197,58.90948
62.115532,62.838585,60.70917,58.677834,53.772503,59.798527,54.91759,59.97488
66.40324,65.70628,76.70142,74.00348,63.08935,59.284782,56.43284,67.469444
63.35744,63.362354,61.094032,62.474422,53.979504,54.276775,57.37632,58.80804
75.929596,80.35806,69.7471,70.72628,62.855995,64.607025,56.634064,71.01298
63.465565,63.24476,61.25075,62.52137,54.27665,55.682915,56.390045,59.264767
83.61655,86.3462,76.42693,79.72619,65.25643,61.019547,54.92234,71.61973
76.56172,81.14346,70.665,71.91578,63.730167,65.09657,56.94596,71.85815
77.778206,74.44665,67.62115,73.500946,60.830795,55.687195,50.496246,61.52452
78.12763,76.0853,71.54852,73.69989,61.560207,54.84261,49.455498,66.397545
64.78576,64.29442,61.639397,64.177155,54.602505,53.00911,56.82031,59.366405
64.843956,64.29166,61.590958,63.42091,55.399853,57.557575,56.17856,59.412174
65.431984,64.07498,65.37248,65.54901,56.348633,61.06739,52.22184,62.235977
72.500084,72.20704,67.6083,68.322876,59.19782,57.775295,53.368717,64.52351
61.2216,62.11002,62.499832,61.755066,54.310764,54.73802,60.32877,59.464325
61.168236,59.59798,65.35646,63.98925,57.471554,60.863346,56.21531,60.168606
61.749287,60.612656,64.09413,62.17748,55.95435,59.590935,55.45777,59.70028
71.99049,70.05542,65.29557,68.46151,58.039993,55.543816,52.85295,61.366207
72.105934,76.056694,71.159454,68.46707,59.710304,65.18556,52.109093,70.557594
63.303417,63.515438,60.32666,61.77735,54.140484,55.287933,57.248295,58.939808
73.294464,78.55886,69.270996,68.50395,61.499638,63.64221,57.13183,71.26567
72.32597,70.024475,64.7678,69.20484,58.599438,57.314373,53.581665,60.190052
63.910778,63.336243,61.44144,60.46929,54.1583,55.634815,56.684803,58.190178
65.93553,68.78286,64.75713,62.693,56.938904,59.910225,57.44767,64.53978
68.45661,67.54259,62.939144,67.996605,55.999737,52.271397,58.154808,58.225567
72.4125,74.13411,74.697784,72.742966,61.99553,60.931282,54.322098,68.94328
70.85388,70.73237,69.90415,74.11446,64.02544,63.431644,59.67213,64.02671
66.704315,70.05568,65.13712,63.05661,57.39728,60.593235,57.21991,65.533615
64.722755,64.53162,61.184967,62.549927,55.33017,58.03892,56.52861,59.290077
71.997375,66.451256,73.27747,75.10783,61.28578,49.28738,56.205833,58.47153
63.905502,62.04476,73.044624,70.44725,60.443687,57.32736,56.535316,63.793552
67.508514,65.71929,63.9058,66.71953,57.32969,59.59599,55.331856,59.736816
68.00105,66.73663,63.02108,65.957794,55.54023,52.561546,53.591843,60.90184
72.696205,74.467865,69.46418,68.584625,59.786736,57.992287,53.738426,68.28133
68.51533,68.22956,63.319893,65.952614,55.899982,55.661083,56.91485,58.73591
61.09067,63.513447,66.16216,60.97105,55.750084,62.149246,54.92324,64.6766
71.091064,73.47108,67.3423,68.44977,60.701687,62.52833,57.38217,65.99533
75.60168,78.251595,72.53799,71.24852,60.735256,61.38916,52.979702,69.013756
62.909424,59.308697,66.798874,66.53871,58.10178,56.789917,56.506092,58.415287
66.53332,65.655,65.87516,67.63052,55.79602,49.619827,57.83549,61.102547
69.30073,66.52739,65.247925,69.73032,58.536114,59.194725,55.286633,59.712334
68.41923,74.04207,68.24646,65.25572,59.00005,60.838932,58.462864,69.86008
63.850212,63.077972,62.12479,61.12535,54.283386,54.881012,57.336605,58.08277
64.68742,61.786034,68.84609,71.95146,62.168182,61.18859,60.01283,60.136425
64.84137,66.01599,62.92413,61.521675,55.96393,59.490723,56.88941,61.597652
67.76847,65.13734,65.70961,65.685486,56.099804,53.266926,55.036823,57.88812
62.793686,62.48492,74.77188,70.94733,61.492886,60.196472,56.60575,66.77817
66.98699,64.10693,65.25357,68.493126,57.024754,58.62039,53.174515,60.5439
62.175465,63.090332,60.37994,59.016056,53.531384,57.760204,56.326508,59.34477
63.517754,63.300045,61.63117,60.76199,55.193565,58.75078,56.720936,59.200043
74.40405,77.61084,70.8309,70.6702,60.19123,62.309456,54.1884,68.521484
59.425037,50.581177,82.167625,83.52409,71.758934,66.37138,62.73222,64.21101
74.13118,71.984795,67.598305,69.810646,59.537743,56.822212,52.022995,62.649937
69.837654,68.450935,62.735344,66.19004,55.22867,50.30202,57.801353,56.31236
76.402824,80.214355,70.06562,72.003914,63.570934,64.88926,56.82833,70.36871
66.94773,69.01181,69.218735,70.0827,61.650146,62.036167,60.00541,65.98867
61.406864,62.53165,62.12493,60.396217,54.37517,56.671375,58.93062,60.12429
62.799335,60.560112,65.86666,66.46182,58.688557,58.927578,57.811874,59.462513
68.20248,72.9866,67.65547,65.2001,58.703327,60.409164,58.41113,68.441154
67.91074,67.400894,63.888943,64.22767,56.939377,58.526367,55.282097,60.9673
59.908085,64.31138,69.34715,62.15676,57.485382,66.4415,54.092396,69.27799
68.366425,67.57313,65.02592,65.28818,56.61158,55.398632,53.87683,62.256466
65.16531,66.07128,63.75869,62.691414,56.245445,58.50358,57.75508,61.37886
74.17606,69.610825,67.875,75.18748,60.36787,55.984455,52.54238,60.530544
71.65864,76.09404,68.296745,67.20275,60.273106,62.17716,56.719147,69.51244
66.346725,62.269997,66.70573,66.837814,56.686954,51.25286,57.6306,56.560905
75.55176,76.54275,69.9996,73.38224,60.568375,59.9144,54.216618,65.66084
72.70913,75.741104,70.161606,69.3103,59.522045,62.942772,53.36197,68.350105
62.292027,61.939823,63.363266,61.98989,54.669304,54.831387,59.49968,58.726692
79.13626,78.59418,68.95061,77.133705,61.316807,53.856266,57.85389,60.75477
62.211166,61.784893,63.85369,61.211586,55.07659,58.931618,55.069263,60.116608
73.48002,74.286575,67.93826,70.970116,59.062046,58.51643,55.297768,63.522392
66.57693,70.27866,65.73401,63.351448,57.48933,60.17263,57.727676,66.096634
64.54703,62.54447,62.910755,62.726887,55.430866,55.123997,55.995667,57.643074
67.26102,67.03181,64.024124,65.24256,55.96446,58.23254,54.829033,60.61187
62.84843,62.52883,61.70997,60.75357,55.251427,59.114285,55.870525,59.299026
70.40282,71.531715,70.69091,73.89339,64.12581,63.525642,60.070408,65.980865
63.957077,61.452095,70.72155,73.24212,62.315475,58.233482,62.03926,60.904766
61.868946,58.156563,67.75972,68.289894,59.902115,58.67639,57.517075,59.24941
55.769913,56.384712,75.66745,69.89982,62.62938,65.76698,57.50872,68.99305
63.02878,63.585884,59.98993,59.27709,53.56294,56.38519,56.643616,58.61255
71.29875,70.8941,66.779884,69.90134,58.258057,58.990334,53.891552,62.5778
59.261166,61.08191,67.38534,62.065334,56.747936,62.8824,55.499985,64.85368
63.118065,63.86714,61.187405,60.333866,54.875088,58.717262,57.224228,59.90305
71.16096,70.13848,65.30548,65.92448,56.12863,54.463768,54.21021,59.38438
66.70548,66.20982,62.17093,63.734142,55.950684,57.24157,55.616337,59.936302
68.80093,71.09027,65.30134,65.02328,58.435387,61.244698,56.87826,64.56857
73.28177,74.4844,69.679825,73.3885,63.81532,63.975,58.41629,65.88532
75.60619,79.397415,71.1987,73.34637,64.46259,65.03776,57.92262,70.68031
66.52666,66.81301,65.455864,63.379486,56.276047,56.46443,54.69802,63.34687
64.59147,64.14358,61.793964,62.684547,55.333717,58.804234,55.535717,59.69187
74.79766,78.40985,68.49827,69.728645,61.930794,63.901115,56.48312,68.934456
69.17096,68.211815,64.467606,65.571724,57.242268,57.386063,54.43519,61.25827
65.67922,72.507744,75.9036,69.04933,62.19647,69.84338,54.37071,75.47521
73.72971,77.44484,68.12691,68.82473,61.327236,63.463913,56.62155,68.66606
72.52527,75.45631,67.3317,68.27679,60.74425,62.898445,56.745087,66.96048
68.846054,71.48075,67.23581,67.37372,60.02013,61.875004,58.003998,65.952095
60.430836,57.209118,68.24779,67.267876,59.565716,60.960682,56.819992,60.233925
82.11274,87.635765,74.882645,76.42445,67.46384,67.48271,56.244118,77.86962
62.05758,61.797638,64.06616,62.228024,56.330204,62.87789,55.111134,61.028404
67.985916,68.262436,69.76197,72.70289,63.09678,62.599487,60.39415,64.218285
70.86888,68.9171,63.73999,68.02107,57.038696,54.05619,53.099545,60.484608
65.404976,63.062984,64.14854,63.317307,54.564877,51.495026,57.835327,56.845238
70.99046,69.27477,66.23973,68.086914,57.24504,52.87202,52.046036,62.87936
64.92648,67.553856,64.56494,61.745365,56.256516,59.05106,56.833725,64.4538
65.40856,65.68714,64.862946,62.497807,55.706604,56.19142,54.937786,62.867336
66.75274,67.31893,67.23833,67.74547,58.73682,57.694046,60.19408,62.264027
66.62683,65.92654,63.226055,64.9621,55.55246,57.26562,55.210583,59.588425
68.86276,72.5627,67.251884,65.877235,58.82527,60.227467,58.261154,66.932884
66.24991,64.50771,72.87199,70.975815,60.47644,56.78779,56.10036,63.65646
73.61275,78.18714,72.42018,69.498276,60.54161,65.800964,52.24906,71.95042
73.64573,77.41599,71.327385,69.80325,60.157055,63.92908,53.20991,69.93857
64.00374,64.31604,61.525597,62.02565,54.058403,55.304306,57.156254,58.841854
61.3524,62.241608,64.1061,62.608505,54.60807,53.620613,60.88398,60.19213
62.626534,61.589176,63.17998,61.569363,55.31896,58.383976,55.389015,59.147568
64.155106,60.87424,65.305115,65.42729,57.09472,55.08141,56.589436,57.652443
70.07964,76.89001,70.4778,67.26201,60.349934,61.02186,59.358734,72.57668
75.00385,73.2913,69.09284,70.7171,60.027225,56.05794,51.360714,64.51985
67.22468,70.95014,66.060326,63.947002,57.84572,60.33056,57.755436,66.35141
62.11868,63.754864,62.56622,58.84797,53.829796,60.28759,54.5271,61.741848
66.04689,64.4212,63.10416,66.72587,55.697422,55.40918,55.192703,59.664963
63.465714,63.39673,61.413795,61.148792,54.650383,59.23661,54.974533,59.9356
68.5213,72.20338,68.90089,64.99578,57.858994,64.76047,52.105583,68.82168
63.138878,61.734234,63.099003,62.173523,55.634457,57.527946,55.751663,58.70049
62.32015,63.206303,59.954185,58.306206,53.68239,58.93647,55.677788,59.46843
63.457893,63.697918,59.887314,58.886234,54.02724,58.115494,55.65385,58.86024
66.04538,65.2181,62.73328,63.80913,56.38826,60.39367,55.422287,59.746433
62.00893,63.006065,60.207485,58.293278,53.628845,59.240227,55.61072,59.69413
76.769356,79.44343,81.66162,87.07896,75.34043,69.43745,65.72871,74.95526
73.201,75.94431,71.00373,70.42551,60.149235,63.998795,52.13282,69.316574
66.7815,66.85731,63.657845,64.39597,55.618877,58.024925,55.259438,60.401978
62.00644,63.250957,63.716805,60.967117,54.913013,56.60948,58.900215,61.221004
62.906734,62.21219,75.45073,71.80537,61.9847,59.832115,56.793987,66.79419
64.822395,64.85699,61.73203,62.277283,55.112244,56.743126,56.04534,60.155106
72.41187,71.02524,65.42077,70.97744,58.044,55.583267,55.990803,59.317635
64.01286,63.760956,60.8123,59.92401,53.50014,55.26479,55.93227,58.049053
67.67989,66.10896,63.733177,67.556625,56.27718,56.011158,55.094402,59.620495
57.08201,56.74663,72.85174,68.256935,61.20138,64.59326,57.030834,66.26236
69.52901,68.16931,65.238945,68.99824,56.477367,49.42531,61.053055,56.85566
70.67319,71.384636,65.97214,67.91399,59.92117,61.707954,56.760223,63.192593
69.18662,68.53772,66.776474,65.71766,57.278667,55.709267,53.3455,63.699238
62.798637,59.509182,67.61861,68.61573,60.09512,59.563873,58.022385,59.44413
77.20518,74.36999,71.285484,73.0394,60.69092,53.18081,48.87314,65.560196
62.583595,58.978184,68.24149,69.15805,60.482418,59.800453,58.092033,59.518665
59.694607,57.347996,70.526085,67.9479,60.004406,61.099426,56.741947,62.44728
62.65495,63.089985,60.623924,60.05643,53.99883,58.201103,55.664062,59.646004
62.97641,63.386242,60.445953,61.130722,54.258656,56.38979,57.065315,59.35566
63.409065,64.76782,63.65366,60.660385,55.180134,57.641483,56.45253,62.566628
70.50368,72.24669,68.42908,68.11345,58.453403,62.340034,52.715786,66.40306
64.3025,65.38074,62.68232,61.09444,55.676224,59.27942,56.924023,61.314404
75.96991,79.46893,72.27138,72.206024,61.229237,63.169342,53.80567,70.04625
65.18947,68.4768,66.00605,62.46618,56.549603,58.161373,57.02954,66.095955
73.84829,79.18622,71.260445,69.32358,61.624157,61.55833,55.848522,73.29117
62.721897,63.63247,63.65114,61.137398,54.884346,56.273033,57.57476,61.520058
62.690033,63.340813,61.971825,59.879578,53.847908,58.93456,54.98677,60.21232
62.38206,63.046158,60.425972,58.20861,53.705948,59.599167,54.914337,59.635937
61.057617,61.56839,62.023552,59.14791,54.56687,61.33918,54.88224,60.476227
63.082104,63.076504,61.059772,59.86769,54.206097,56.96857,56.857227,58.780895
63.497726,62.798702,64.23565,64.44949,57.558376,61.275494,57.304943,60.108597
68.899536,68.45613,63.398327,66.67979,56.078403,55.02425,57.15901,58.61597
73.937836,71.17928,65.230675,70.76178,58.325882,53.334373,51.599903,60.938866
76.44058,75.988525,68.37748,71.54321,61.472046,60.053932,53.118385,64.72972
72.46333,77.49809,68.70565,67.800125,60.9503,63.232635,57.13344,70.47333
61.903244,62.65262,60.984127,58.480328,54.084015,61.040104,54.642826,60.269314
74.3165,74.0985,67.61628,72.43933,59.333443,57.19262,55.517376,62.0879
65.74038,63.22387,66.292015,66.566765,57.019268,53.665184,58.787273,58.062572
69.77368,68.74714,65.347946,67.8837,59.401924,60.533695,56.391865,60.847145
62.354393,62.87483,60.54281,58.67418,54.113037,59.686226,55.20023,59.62177
80.86924,81.50119,71.2946,76.52374,65.545105,63.755013,53.99084,67.92952
65.35922,65.89669,63.2048,61.354053,54.519928,57.843704,54.79666,60.420437
68.61673,66.7874,62.55114,67.23647,55.533714,51.513523,53.28077,60.241627
68.61132,68.410995,66.637085,67.626884,57.558514,61.396496,51.99502,64.0098
75.145386,74.625984,67.85706,70.43431,60.695915,59.48887,53.293167,64.27231
67.39389,61.039417,69.00112,70.2784,58.222836,48.90349,56.487785,55.340355
67.21164,65.00939,64.31534,67.45598,57.119827,58.820282,54.614098,59.998585
65.19187,66.45646,63.866,62.565346,56.307133,58.760788,57.672203,61.924297
75.335396,77.48103,70.69605,70.79259,61.421,59.301704,53.57383,69.75257
68.097984,67.63479,62.76564,64.85802,55.22927,54.096424,57.14727,57.91699
75.39875,81.84968,71.366974,70.33335,63.13826,64.8879,57.362617,74.568306
77.18422,81.073654,76.4044,80.2116,69.62497,67.36626,60.996418,73.81438
82.49579,79.88681,72.56624,77.56715,64.23826,56.780636,48.389854,66.02079
58.90268,56.354237,70.725174,68.251,60.534977,62.28024,56.88277,62.571953
72.98392,76.29208,69.340576,70.72957,62.473167,63.676716,57.793545,68.53174
70.26849,71.78287,65.93285,66.07577,58.716045,60.36318,55.738186,64.565994
66.532166,70.506004,65.540016,62.93574,57.45434,60.652996,57.39138,66.46477
73.497505,75.82991,67.92537,68.80099,60.68857,61.640324,55.484318,67.160675
68.723885,65.95674,64.33693,70.70167,57.15263,54.41853,54.779392,59.751606
59.81765,59.097946,71.15891,67.18193,59.425884,60.818733,56.54956,64.31442
67.87056,71.10098,67.99389,66.53918,58.483974,57.992775,59.819073,66.02983
77.78917,80.857925,73.359566,73.10332,63.08565,59.387352,52.893616,73.307785
66.26259,67.39864,63.35885,62.647182,56.666557,59.99887,56.728817,61.897694
66.57958,66.749344,65.43191,63.42715,56.271534,56.40562,54.635548,63.22221
62.74519,63.426388,60.052032,60.341896,53.78859,56.05406,57.24358,58.95396
65.40464,64.381966,78.75328,75.78555,64.543274,59.701347,57.04442,68.60834
78.14958,79.89095,72.41258,75.72622,62.281384,61.216553,53.836323,68.26441
68.78717,65.86531,73.28571,72.752815,60.965355,54.408676,56.049847,62.269615
64.19689,66.61567,66.12452,63.60691,56.419254,56.537716,59.904427,63.677494
63.514797,66.04297,66.148254,63.25657,56.14025,56.110428,60.17142,63.683437
62.60975,63.727657,63.196285,60.28257,54.84797,57.41591,57.06362,61.678238
60.870308,54.08326,72.70943,72.89209,62.61995,58.29632,57.819748,59.114178
66.25139,65.30318,63.246258,65.11441,55.553936,57.383495,54.805218,59.79147
64.49494,64.60465,60.944336,61.747314,53.5436,52.28617,58.290936,57.481487
63.93743,60.104446,66.54807,66.81693,57.98507,55.196102,57.054092,57.77899
63.130272,63.898857,66.519745,62.89587,56.155563,59.543396,55.050236,62.878574
60.917683,61.866337,62.088257,58.650154,54.24955,61.5763,54.65895,60.937057
66.80005,66.27441,63.676346,64.227104,55.715973,54.88101,54.469715,61.559784
71.716,76.23235,72.956696,68.64023,60.48869,68.6571,49.249428,73.695656
67.0528,68.575096,71.822014,74.08751,64.312645,63.02682,61.787178,66.702774
68.89267,70.54152,65.94449,65.672745,56.86137,59.629375,55.0709,63.332836
64.958405,66.028694,64.17626,61.879913,55.83582,57.828903,55.97921,62.792152
68.42761,71.4963,65.552605,64.43565,58.22621,61.17022,56.96781,65.6349
71.82591,74.17707,69.6432,69.113235,59.2272,63.04791,52.615166,67.7901
68.0522,68.17291,69.080284,71.96504,62.553955,62.390488,59.963207,63.67943
67.4491,66.29171,62.533684,65.42357,56.419033,57.123257,55.449398,59.611763
66.49904,67.350945,72.65421,75.26741,64.66241,61.910595,63.028027,65.99633
68.15926,67.14177,71.298965,75.769424,65.03992,63.23094,61.61,63.484528
70.25882,75.45729,72.73862,67.49604,60.156162,68.232185,50.87012,73.39178
64.72056,63.93763,61.098236,60.079132,53.57209,55.12438,55.184345,57.767708
62.808895,58.63753,70.870056,69.65854,59.687405,55.759598,56.850487,60.006058
70.08709,69.54217,66.138176,66.24191,57.904182,57.449837,53.96954,63.014816
79.4076,81.89326,72.790985,75.580925,62.383865,59.90202,55.476982,68.28681
61.65816,63.44134,66.46844,61.84355,56.417053,64.59262,53.388424,65.32964
61.6717,59.08879,68.92314,66.90975,58.550175,58.32753,56.334007,60.80048
69.76034,71.85836,67.733406,65.996086,58.38336,58.192287,54.850143,66.958145
73.56555,75.96734,70.128426,72.87728,63.738804,64.15145,58.32752,67.78462
65.16103,64.586586,61.86196,65.71797,54.786755,51.517063,58.83112,58.272507
61.16712,62.069775,62.076134,61.583458,54.16498,54.720654,60.35669,59.15964
64.34384,64.57375,60.95654,61.066914,55.312695,59.42124,56.58595,59.274418
80.249695,81.976616,70.72619,74.75343,64.64666,63.94224,54.105206,69.13052
68.18411,65.74765,64.44462,69.16783,56.92777,56.70059,53.73953,60.20745
63.998222,63.16843,62.53337,60.56031,53.910915,56.23201,54.7696,58.547325
65.959724,63.903202,64.354385,66.15197,56.179543,59.628265,52.50311,60.827232
70.7082,70.10685,67.4131,67.086914,57.26522,55.80701,54.22436,61.33824
73.52568,70.91468,65.1179,70.3048,58.23062,53.75131,51.883923,60.921562
67.452034,63.913887,64.89893,65.36616,55.61409,51.781143,55.232735,56.265522
66.85248,65.97019,62.088158,64.6341,56.053005,57.014187,55.628044,59.553207
62.981766,60.56698,65.14003,64.13796,56.559933,57.184864,55.820774,58.641083
63.375847,62.97845,61.562145,62.087368,54.520927,57.939816,54.889904,59.938812
74.84126,73.538445,66.87472,73.50247,59.337772,55.45663,56.031902,60.11183
57.922916,61.48902,68.633255,61.750187,57.32337,66.129425,55.02907,67.82011
67.66724,68.250824,64.080956,63.958023,55.57931,57.336,55.562347,60.57948
68.41457,71.51447,66.19377,64.55543,58.14662,60.347664,56.54333,66.311485
71.75477,70.61365,64.09733,70.75363,57.299274,51.802795,58.58683,57.86315
65.638145,63.25529,63.729332,62.738102,54.61002,52.5781,56.919773,56.973576
66.689125,66.48848,63.26026,63.260155,56.376736,58.410446,55.72111,60.77425
63.482796,62.494064,63.02573,63.071587,56.57692,59.122593,56.72531,59.20562
66.39128,64.127235,67.83428,66.835495,57.284565,54.73117,55.464417,59.783936
66.57652,67.00926,64.57459,63.21398,56.462555,57.855927,55.422115,62.54567
69.13544,67.00912,64.06893,70.07846,56.95258,53.873314,55.88897,59.227036
70.506676,69.212616,64.6872,66.54092,57.944946,58.18102,54.2683,60.9465
78.693825,84.2148,79.0429,75.98884,65.36988,68.7419,52.129734,77.795
59.491993,54.84011,72.14604,70.91938,61.921776,60.82096,57.45003,61.22415
70.18619,73.63269,69.19622,66.56852,58.396687,63.712345,52.934845,68.33858
67.30079,65.75066,63.583935,67.285095,56.12883,55.939655,55.11483,59.630604
70.10484,74.749596,67.40416,65.839516,59.51872,62.17538,57.232834,68.8188
69.03584,69.08775,74.50476,79.14625,67.81332,64.575195,63.324463,66.59169
65.865814,65.243546,61.90998,62.14264,54.043095,53.977673,56.33338,57.696754
62.71338,60.664253,66.6897,64.77243,56.85822,57.237614,55.7738,59.8307
65.39177,67.00603,64.21453,62.76559,56.491196,58.860542,57.76906,62.525833
67.48177,65.82463,63.60551,67.717834,56.218845,55.490643,55.281605,59.55442
63.258713,62.162582,63.21161,62.7839,56.41914,58.747528,56.989986,59.172516
67.80315,63.831257,70.14829,70.22206,58.891,52.40633,56.000908,58.98959
68.13016,68.97988,69.82666,72.33756,62.95908,62.635784,60.275764,64.961296
65.934235,66.7276,63.003647,62.377472,56.425076,59.814102,56.683422,61.27391
63.98682,63.637638,61.038357,59.653038,53.542664,56.17341,55.236256,58.288677
65.25969,69.30891,66.16897,62.463234,56.81691,58.892815,57.51272,66.862274
63.695164,62.90812,62.14068,63.14534,54.674126,57.384872,54.714783,59.974052
71.496864,68.78666,65.25801,70.07854,58.781994,57.824814,54.138775,60.033287
81.1705,83.37216,75.00137,78.64704,64.32797,62.28569,53.549545,70.787964
74.01983,75.37666,68.486496,69.7812,58.783443,58.002632,55.079887,64.035675
62.05862,63.076668,62.922478,60.789154,54.633278,56.439365,58.285343,60.829483
72.26136,75.54693,70.19133,71.70998,63.114815,63.764393,58.621365,68.78225
72.310905,70.89513,77.338585,76.70962,63.97097,56.654972,55.708622,66.645645
64.449104,64.82807,66.51237,63.71631,55.62297,53.516693,57.13058,63.032387
62.473362,61.9695,62.181652,61.03134,55.46398,59.282368,55.80775,59.404415
67.67962,73.79969,67.6062,63.914,58.577885,61.535316,57.8434,70.278114
66.32167,66.868324,64.78473,64.219055,55.988235,60.302387,53.623825,62.596947
71.55869,77.54352,69.11263,67.07595,60.689102,63.07304,57.49179,71.710724
64.269585,66.2751,64.59897,61.202454,55.18193,61.665432,53.551,63.866447
75.06825,78.16488,72.02495,71.90306,61.010258,63.799942,52.74727,70.01886
66.75759,65.65077,63.14788,64.751335,56.86428,60.48031,55.520103,59.69839
82.72593,83.1763,75.38545,81.77579,65.50342,61.290764,52.3364,69.545074
72.37544,76.01123,68.31032,67.852394,60.41954,61.783443,56.14785,68.792656
79.70673,76.14913,72.32654,75.75074,61.553253,51.010036,47.03089,65.921555
71.639175,68.89461,65.04785,70.17395,58.384396,56.23438,53.57641,60.193165
69.859634,65.262314,66.31276,68.05064,56.685795,49.804955,55.2841,55.476254
65.736755,67.50824,71.841934,68.03593,59.636337,61.6571,55.1171,67.2294
72.717224,73.231705,69.81684,74.02938,64.11042,63.89224,58.859455,64.970695
64.50976,61.077984,69.99527,71.99102,61.08743,56.15961,60.60564,59.508495
62.54959,57.933723,71.22005,73.79796,63.522552,60.23158,59.748886,60.138298
64.64878,62.924934,62.94719,61.87132,54.476727,54.944027,55.148125,57.710033
64.44263,59.46918,75.21377,74.01454,62.059723,53.490818,57.552235,61.61139
68.032745,66.3769,63.083416,69.08303,56.20137,51.90493,57.459873,58.584656
63.85076,63.6386,62.587883,64.28138,54.614704,52.41997,58.417583,59.44786
72.657364,75.57212,74.237915,77.457954,67.14295,65.32011,61.354958,70.41121
62.927185,63.453793,60.62966,61.472626,53.534954,53.610714,58.263557,58.41571
61.73282,62.55045,63.41533,60.855274,54.707275,56.318058,58.950813,60.50519
75.44144,77.69433,71.08717,70.93909,61.47793,58.992428,53.39201,70.25212
66.74,62.91557,64.629395,65.20841,55.54266,50.639576,55.839474,55.812626
64.71769,64.46561,61.74614,63.89537,54.4895,53.964264,57.414925,58.716602
59.60405,54.188164,72.08205,71.72771,62.53751,61.44837,57.822876,60.45387
76.44118,79.51301,70.79534,73.81901,64.63293,65.18695,57.51153,69.624954
64.36842,63.93259,61.994713,62.28603,55.255054,59.543194,54.984188,59.923523
77.59574,81.35165,73.519485,73.67716,62.19686,63.58352,53.85795,71.22131
67.94248,70.11681,64.69142,64.01809,57.763237,60.824142,56.80192,64.01881
62.50531,62.439095,62.595154,59.928947,54.238815,58.790035,54.778297,59.763866
67.91805,71.150986,67.49417,64.230545,57.106472,62.98737,53.355087,66.815445
72.82706,78.700554,69.587234,68.129906,61.39569,63.58672,57.35816,72.123116
66.98011,63.814724,63.312363,63.800884,54.687042,50.601894,55.618465,55.77579
75.35091,78.975075,68.75327,70.202835,62.267567,64.14766,56.430847,69.202515
69.74241,69.72077,67.40528,68.70865,58.154617,61.59421,51.92697,64.640785
63.67624,63.18174,62.23727,61.797367,55.800938,58.920116,56.947636,59.217556
61.691345,62.867756,61.601776,59.628296,54.37921,57.82586,57.85448,60.36837
72.73872,74.91728,67.85249,68.23175,60.172546,60.8229,55.278725,66.981964
66.04414,66.03132,62.646633,63.440746,54.99203,56.937035,56.115868,59.20066
64.87154,61.1612,65.79004,65.804825,56.70218,53.66832,56.05672,57.120735
64.4813,66.07558,67.32447,64.03883,56.10718,54.130817,58.25756,64.39681
62.10149,59.348972,77.81161,82.93993,70.496346,64.07858,67.77887,65.10719
66.42599,64.21277,63.531597,67.83152,56.39389,55.799164,55.308968,59.679127
64.490585,65.45346,62.86928,60.966103,54.414497,58.490353,55.235023,60.650955
56.12708,52.731113,79.41618,75.83681,66.21255,63.794792,58.941513,67.72968
64.604965,64.71097,61.15127,61.93742,55.1322,57.602165,56.513298,59.589745
65.27172,64.631775,62.4632,62.997185,55.886047,60.29843,55.087112,59.88595
74.1281,76.276024,69.00166,70.63025,59.4306,59.47501,55.69031,65.338646
62.79431,63.218994,60.95559,61.075096,53.64129,55.23067,57.18677,58.897633
61.9995,62.89514,60.506367,58.38309,53.641174,59.508545,55.276443,59.82299
63.19704,62.354523,67.47453,66.6428,56.009083,50.85961,63.32649,58.976818
64.37876,64.28817,61.937977,62.350063,56.104614,59.84283,56.97134,59.433205
64.6733,59.09928,79.157814,85.61615,72.68752,64.470085,67.00028,63.430126
62.636303,62.370354,62.67963,61.527752,54.42565,54.87091,58.876564,58.567608
63.232655,62.73043,62.8404,61.47908,54.916252,56.416748,58.00835,58.904327
63.63933,60.7126,71.357765,74.1004,63.020687,58.55699,62.072353,60.97678
80.39148,82.42832,74.84578,78.21033,64.096634,63.05825,52.58948,70.98087
70.10782,74.55427,67.24686,65.836334,59.46982,62.133526,57.178093,68.4876
65.06994,65.96216,63.316982,62.42643,56.469822,59.686653,57.11474,61.46911
62.659317,62.977688,61.555695,61.2095,53.7248,53.473736,59.126358,58.17902
67.26756,69.63869,64.64453,63.537727,57.495056,60.6227,56.945675,64.1585
75.40031,78.12618,71.54714,74.886345,65.274376,65.152016,58.524155,69.27523
72.39613,68.70022,75.27223,76.043335,62.601704,52.468735,55.97066,62.21441
64.72374,65.005974,63.484745,62.125725,55.216366,56.07385,55.42321,61.835957
65.46994,68.70252,65.46101,62.92634,56.906437,59.135796,58.20588,65.07976
61.825733,62.44157,62.267166,60.35524,54.536217,57.080902,58.403923,59.82367
64.59036,64.60035,61.65869,61.795616,55.692883,60.179718,56.231808,59.594482
66.825874,69.54979,67.86484,64.321945,57.11551,56.343697,55.987507,67.215324
61.52947,58.45726,67.94225,67.76768,59.765804,60.78049,57.370853,60.04135
69.65539,66.72811,64.6802,71.67537,57.56197,54.13136,54.85626,59.67675
64.55561,64.57112,60.995857,62.132626,54.913216,56.793976,56.308384,59.56834
61.09017,56.76202,69.478264,69.5299,60.880726,60.0822,57.62519,59.757336
63.626404,63.36205,61.60292,61.332024,53.720562,53.024517,58.28,57.71834
63.666977,63.829445,60.15587,59.78405,53.538578,55.168533,56.726105,58.1028
67.333694,63.860043,67.57264,67.74909,55.93781,48.02126,60.45885,56.2706
57.263638,54.27326,75.505844,72.7211,64.00481,64.426094,58.278282,65.376465
69.689,67.716095,65.244934,69.327995,57.46386,58.20861,53.387047,60.570156
72.20648,73.2466,67.72584,67.95448,59.46455,59.040215,54.335655,65.859505
64.98338,67.7965,66.29518,63.85607,56.826336,57.335617,59.536392,64.45447
71.57973,74.40146,66.819954,67.06319,59.831165,61.97623,56.37506,66.56613
62.956512,63.299488,60.693043,61.17444,53.879887,55.743134,56.94803,59.039913
65.88591,67.48787,67.37419,64.084564,56.467457,55.00788,56.27758,65.42436
74.02418,74.75702,68.7931,69.59141,60.322468,58.808125,53.540714,66.5467
62.681465,60.691025,68.063835,68.60518,60.353626,63.209595,58.300167,60.96819
64.07652,63.273304,61.798332,64.21304,54.633617,54.749973,56.30104,59.270374
69.071075,67.95821,63.746525,68.039474,56.47247,54.835365,56.501896,58.921577
66.00184,65.412506,62.671207,66.868385,55.322777,51.17979,59.68292,58.21347
76.22919,80.82244,76.53722,79.53017,69.232086,67.0987,61.286972,74.62218
65.20891,65.282135,65.72151,63.91214,55.57834,53.59955,56.05525,62.757595
62.10696,63.012207,60.35217,59.468704,53.859592,56.912,57.7326,59.08805
77.72829,78.79839,70.61692,72.79275,62.6041,60.320168,53.03088,68.48066
64.25009,66.45779,66.714134,64.374115,56.54434,55.64657,60.614807,63.46227
65.691956,67.56431,64.71616,62.431984,55.547516,60.572517,54.423164,63.245052
64.929726,63.747833,64.21655,63.574593,55.53025,54.752792,58.54362,58.4914
58.621193,57.21672,70.55567,67.56292,60.35205,63.69793,56.926163,63.6531
66.81489,64.26452,65.332466,67.223526,57.04819,60.67465,52.642673,60.793972
73.166626,69.874695,68.72906,74.806564,60.277184,60.526245,50.250946,63.253723
67.90816,66.230095,62.484104,63.343723,54.365776,52.489834,55.595104,56.7679
69.405136,68.02606,65.07301,68.48595,57.189323,58.101837,53.96341,60.655277
63.268326,63.075672,61.2053,61.710377,54.425926,57.767685,55.262405,59.795242
62.253212,57.67929,74.425285,78.199615,66.46821,60.340637,62.82019,61.684357
64.82938,64.817444,63.208477,63.063843,55.033463,54.6031,55.852253,61.223732
62.38435,63.376278,59.60512,58.547165,53.6691,58.05858,56.404392,59.210194
64.425156,63.25017,63.013695,63.709747,55.33598,59.27832,53.741814,60.388798
61.21963,56.478363,69.84753,70.1623,61.248867,59.65268,57.81519,59.550636
62.14869,62.710117,61.281235,59.165318,53.67155,59.23124,54.914825,59.923595
84.42874,85.8326,74.02185,78.930275,67.37889,63.9214,52.117485,72.02997
72.725266,75.87675,70.071465,71.808655,63.16138,63.85901,58.409054,68.62826
62.750362,57.220406,69.966354,70.00824,60.009174,56.04156,56.963326,58.169056
75.85448,78.54325,71.602455,72.66403,61.057377,62.212902,53.832806,68.728485
76.15661,75.37113,70.87698,75.96214,61.615814,61.176872,51.39124,66.085
70.033226,67.930016,62.963913,65.473595,55.004738,50.609386,56.247807,56.0274
67.71924,70.29974,66.52142,64.204315,56.711452,61.61421,54.060246,65.196106
73.02769,70.90707,67.54946,69.62868,58.355873,53.355797,51.264656,63.38944
71.12229,71.73661,67.2525,69.0435,58.23237,59.833748,54.004604,63.78793
70.70697,73.88979,66.473595,66.29239,59.479626,62.101067,56.775993,66.57377
67.0956,69.51298,65.91872,62.96922,56.083,60.876774,54.10028,64.4376
66.29616,65.99497,73.30489,77.20398,66.24029,63.44314,63.36587,65.3118
64.67737,64.3588,65.13555,63.954155,55.926685,61.76639,52.095783,63.096607
72.52608,71.299194,64.90137,70.778046,57.78768,54.303707,57.123596,58.464493
70.94956,72.888336,67.797676,67.89381,58.172916,60.74618,54.327347,65.20676
68.22755,70.36488,65.79229,64.45954,57.771122,59.566296,56.04952,65.09578
64.470116,63.85917,63.452293,63.25334,56.533413,61.738228,55.352448,60.315548
62.92964,62.432343,61.780315,60.426987,55.01135,58.25978,56.379192,59.066826
62.02367,62.639217,61.17629,58.63582,53.74345,60.334522,54.3588,60.189808
62.714554,62.838142,61.457,60.59469,54.01574,58.361656,55.046146,59.859425
73.96125,69.984726,65.44832,68.658875,56.459625,48.84106,54.31432,55.098915
63.010616,59.736485,67.45741,68.35713,59.496487,57.512527,58.141357,59.08295
83.18287,83.48725,74.57523,81.909874,65.22702,58.973824,54.215137,67.67866
61.556538,63.681866,63.45093,58.835815,54.171597,61.05463,54.552597,62.76694
69.275406,68.16517,64.07615,67.798195,56.62406,56.167732,55.74111,59.238552
67.76277,69.2339,66.40499,64.33227,57.21214,57.556606,55.050175,65.199875
68.329025,65.7699,67.76757,71.51014,61.399345,62.430412,58.370113,60.257828
68.23308,65.780396,64.07445,69.78131,56.83385,54.688995,54.929672,59.69966
71.705864,73.92454,68.42057,67.085724,58.026855,60.215263,53.868355,65.62184
65.52102,63.553066,64.1029,65.829346,56.071167,59.16372,53.303497,60.5331
77.84943,79.01951,69.84499,72.72572,62.828934,61.69064,53.73546,67.75951
64.44225,63.675648,71.89279,74.84443,63.90267,60.67936,63.55244,63.437305
69.204865,70.67843,66.249916,66.24349,57.120235,59.87744,54.705627,63.58384
64.47357,64.82689,63.837807,63.470406,57.01065,59.72286,57.714737,61.02724
69.15167,73.726944,71.435616,65.975525,59.13945,68.38338,49.41476,72.64095
76.179245,78.94267,74.150215,78.315094,67.8371,66.29708,60.040646,70.80623
61.16851,61.34497,64.17406,63.249863,54.467796,52.34448,62.104786,58.631195
67.3542,67.12591,74.5677,78.98614,67.62857,64.17685,63.918854,66.17569
79.21466,79.28237,72.061035,78.02745,62.81311,59.55006,53.552986,66.27437
62.85835,63.225502,61.054726,59.68666,54.316963,60.134254,54.787815,60.037567
72.82698,74.262634,76.81213,81.80988,70.269424,66.40275,63.512413,69.94668
69.14744,70.227234,66.25935,65.36725,57.884575,58.446175,55.02506,64.61487
69.19647,70.15063,67.33175,69.25074,60.895382,62.07309,58.313717,63.922596
74.56819,72.90791,68.558525,70.2672,59.849815,56.5069,51.763153,64.05249
63.269337,62.84882,61.80525,61.9111,54.482357,58.40826,54.516327,60.087795
69.057396,74.00917,67.76508,65.1069,58.955647,61.10934,57.03263,69.44735
64.00283,66.74743,64.472305,61.6125,56.032555,58.678673,58.076305,63.890106
62.961918,62.358467,65.0736,65.290405,57.897804,59.302616,58.965492,60.37782
66.714935,64.55189,71.24361,73.88893,61.383312,54.597057,63.66628,60.303276
67.15754,66.232765,62.658245,64.819244,56.93853,59.636497,56.342888,59.351685
72.40518,71.27855,68.45379,68.526184,58.74919,55.458122,52.07262,64.70597
63.026257,61.203407,69.29615,71.34992,61.58269,59.677177,61.232876,61.198814
86.22599,87.80254,78.10713,84.284874,67.73411,61.19277,54.122086,72.08432
65.34041,65.18997,61.222874,62.578796,55.588974,58.322693,56.5686,59.264786
70.75728,72.96179,73.36975,76.50183,66.24417,64.52156,61.543358,68.77225
62.643528,62.51757,66.28425,64.207146,57.542946,64.111725,54.79395,62.795673
65.93439,65.31141,61.485397,63.88936,54.956055,54.42207,55.095146,59.904682
68.719086,67.13912,63.686203,66.727135,57.759563,59.57652,55.75519,59.539104
66.194786,64.394936,65.64733,66.36275,56.8299,61.344975,52.295185,61.88377
61.93873,62.535954,61.986744,62.588364,53.94714,52.695442,60.451084,58.601147
66.11626,65.2227,67.04694,69.53579,60.695805,61.244087,59.451763,61.268764
65.7013,65.908554,61.45775,64.272736,54.475994,52.06782,59.16999,57.875
67.440956,65.679695,63.665424,67.83241,56.263317,55.614002,55.08368,59.645622
68.24819,70.43057,67.475876,65.52166,57.397163,62.81094,52.64655,66.281334
65.610435,60.34454,73.44798,76.55742,63.540573,54.130077,62.12584,59.133755
66.41566,64.71939,71.25705,74.00913,61.67625,55.563587,64.07697,60.861904
73.06561,74.72586,79.934715,77.75798,65.84047,62.204056,55.133797,72.37126
71.791595,74.01517,66.95712,68.30178,60.5803,62.60321,56.93193,65.702415
75.66352,77.07313,70.178,70.51879,59.46976,58.40323,53.575687,65.55622
65.51114,70.50529,66.652824,62.720448,57.243095,59.592194,58.137203,68.00042
67.8532,71.54798,66.36965,64.10472,58.00279,60.34849,56.801,67.015564
68.64504,70.73513,75.24511,78.21564,67.17119,63.530415,63.894833,69.11295
62.949707,62.694,61.692936,60.06011,54.585205,57.71193,56.86186,59.03581
70.9257,75.035774,69.35543,66.928825,59.5631,59.569286,55.516647,70.2823
64.32279,64.05673,61.78695,63.42922,54.412872,54.753258,56.88147,58.969093
66.07102,67.668976,66.32275,65.19922,57.20632,56.865917,59.707844,62.926395
64.580246,64.38871,62.484528,63.58184,54.789894,53.756207,56.66725,60.23389
63.185722,63.42908,60.442863,61.52542,54.08823,55.676895,57.01148,59.0388
61.06776,58.252514,67.653854,66.10982,58.394993,59.657143,56.219303,60.045994
68.37431,66.21594,63.220078,68.04762,56.140892,53.074287,53.893955,60.072346
67.489975,58.7219,73.99891,76.66218,62.27366,47.78347,59.532047,55.4206
62.022926,60.895603,63.859062,62.8125,56.616573,59.9388,56.153343,59.704597
63.16896,63.95735,61.892517,62.778465,54.01145,52.290417,60.65583,58.181606
63.60013,58.044632,72.02286,74.61387,63.12638,56.30784,59.970737,59.046574
64.24527,63.391434,61.687065,64.62106,54.6834,54.03933,56.699223,59.09644
80.58154,77.74407,68.36455,80.472305,62.07877,50.487495,57.964863,57.671757
67.02552,64.987144,68.810585,67.79064,57.92529,55.10129,55.442135,60.621746
63.293766,61.35787,68.89664,70.72765,61.02681,59.012707,60.854565,60.806362
61.588184,57.395195,68.60605,69.0645,60.41495,58.793003,57.59418,59.2915
60.45844,53.25324,73.41716,73.745575,63.37628,58.732235,58.121403,59.28085
76.58998,79.88997,74.77615,78.663574,68.248245,66.61781,60.189068,71.98403
64.89169,62.113674,72.60708,70.81261,60.24793,55.66159,56.53664,62.35106
62.291866,58.712196,68.63718,70.22679,61.10117,59.070747,58.615536,59.714188
65.340645,63.602108,62.5409,61.793465,54.24542,53.27534,56.53288,57.175232
60.009224,58.643776,72.87172,69.06275,60.43701,59.969837,56.953068,64.6207
75.61224,73.8335,65.852844,74.626045,59.19055,51.701183,58.30717,57.78908
62.204014,62.89051,60.854576,58.427685,53.961956,60.943012,54.36949,60.22626
64.01405,62.907402,67.71535,69.92655,60.913116,60.939575,60.520477,61.236458
76.64703,81.46232,70.45881,71.36189,63.425148,65.03913,56.701054,72.14333
59.218323,52.658092,80.58839,78.75472,67.013885,58.3379,59.477978,64.944305
69.06995,71.379875,67.21063,65.35126,58.1247,58.573467,55.296707,66.64252
64.72263,61.291893,67.050415,66.2241,56.799614,53.59329,55.90302,58.03635
64.34164,63.898968,61.086853,60.646484,53.34321,53.450455,56.5938,57.527985
62.78833,61.241688,72.5429,76.18945,65.24725,62.339382,64.054085,63.262165
73.45303,75.25314,71.29318,71.72947,60.59072,64.426544,50.856144,69.31949
67.894714,66.70443,64.70954,67.13318,58.903973,60.389023,57.194717,59.995796
63.53414,61.19519,67.638016,69.665695,60.695004,60.05837,59.38092,60.1295
61.140106,62.222553,61.44427,60.36787,54.120106,56.341476,59.41216,59.375717
77.74471,78.44677,73.055725,76.805145,62.8154,63.147808,50.985474,69.20737
79.547714,79.02305,71.977165,78.80126,63.014942,59.080772,53.33674,65.65003
61.634182,59.352375,65.5524,64.66017,57.672405,59.337574,56.344498,59.48234
71.14305,68.2105,64.73677,70.496544,57.583576,53.540302,52.95791,60.36589
63.53122,63.517677,61.079895,61.37163,54.61532,58.35618,55.572136,59.685867
62.52377,63.25112,59.9802,58.202763,53.74759,59.263523,55.26591,59.470886
65.54035,65.35098,63.14841,63.39441,56.859005,59.79803,57.086296,60.116375
66.06543,64.28872,63.150085,66.58496,56.20242,56.746517,55.361588,59.686523
70.34381,74.31696,69.99959,66.577484,58.730804,64.87559,52.326714,69.676445
63.452957,62.763268,67.54859,69.17228,60.485905,60.726227,60.497223,61.599506
63.183224,63.851147,61.723793,60.694557,54.677784,57.331818,56.63892,60.539055
63.279778,63.388634,60.851307,62.10516,53.998386,54.73583,57.285774,58.872177
75.786125,75.97371,68.91557,73.81029,60.255997,57.79902,55.31385,63.410576
63.824444,62.954086,63.15756,61.943443,54.96887,55.691593,57.905186,58.585526
62.950367,62.9174,64.6774,62.47554,56.33367,63.281868,54.033707,62.069275
67.165115,65.32777,62.49547,67.048225,55.361153,52.233284,54.092335,60.003616
67.40689,65.798386,63.566143,67.572334,56.170837,55.53309,55.30315,59.54702
74.089386,75.84819,67.543846,69.255165,60.898144,61.95118,55.35327,66.194824
63.151157,63.31044,60.661316,61.029427,54.31897,57.69964,55.856216,59.568405
68.93966,69.242676,63.955624,65.80985,56.11022,56.28351,56.769012,59.65497
62.189762,62.40809,62.28291,59.892155,54.8344,61.99113,54.17921,60.675186
66.02317,68.78932,67.54546,63.39358,56.8671,64.89611,51.16853,67.7333
67.43097,72.00317,66.7973,64.15994,58.160995,60.553104,57.978333,67.77568
81.77348,78.06229,71.17959,76.84061,63.47258,56.47686,48.38268,63.45942
59.968155,52.15649,76.222046,77.68295,66.63945,61.808586,59.997665,60.67154
63.797916,65.52898,62.983715,60.71406,55.57023,59.22085,57.126755,62.19261
65.864815,65.779564,62.86179,62.869907,55.791138,57.3552,55.69598,60.78936
64.613304,64.60483,61.086143,61.957584,55.29483,58.654278,56.4797,59.32485
65.5202,60.878223,75.772,79.83601,66.15462,56.007565,64.914314,60.95559
68.47103,67.9589,70.79701,74.83402,64.45585,63.11675,61.084003,63.843822
62.208073,64.29011,62.99712,58.724804,53.96921,60.85267,54.35353,62.495136
67.15002,69.5817,65.34876,64.12987,57.55917,59.722816,57.735912,64.29622
60.471577,62.146206,63.37958,58.990585,54.637115,62.301796,54.57185,62.543266
61.238438,57.75603,67.681526,67.089455,59.174126,59.340054,56.794273,59.5007
61.133408,55.129677,73.31805,72.80215,62.398087,57.72193,57.755535,60.157413
73.00157,77.41911,68.414375,68.23238,61.093903,63.317036,56.90105,69.618286
64.095535,64.485214,62.70809,61.653984,54.901665,56.202976,55.8159,61.301594
60.07281,59.357,65.88674,63.025593,57.046173,61.850784,55.64412,61.43038
67.58731,69.408066,68.71836,65.30779,57.191628,54.71863,55.103928,67.16484
58.819675,59.315525,72.494,67.31145,59.86837,62.080185,56.659134,66.42387
69.71323,69.99199,65.17713,65.66562,58.08331,59.41357,55.23458,62.752174
75.337166,76.07718,71.622444,71.58595,60.20499,57.754303,53.533947,65.609344
72.85858,70.61106,64.79823,69.21343,58.3855,55.96392,52.86377,60.572273
70.60721,72.78652,66.107475,66.81912,59.58683,62.000336,56.80905,65.06054
64.47905,63.145344,63.09914,62.620823,54.1257,51.71572,58.42902,57.18851
60.87268,61.820145,64.63491,60.625713,55.30367,60.99813,55.06437,62.22726
65.779915,65.89706,65.40612,63.082565,55.68783,55.03756,54.405296,63.35461
62.31845,63.27417,60.223667,59.526485,53.424706,56.1846,57.290207,58.905254
74.32206,71.57713,66.459236,71.09192,58.55945,52.741737,50.975018,62.02153
75.99612,79.03426,72.07515,72.63316,61.252613,62.8649,53.6051,69.54184
81.03977,87.52372,74.83027,75.37236,67.076744,67.81915,57.102703,78.73782
69.69878,71.63288,68.50904,70.057785,61.648888,62.557922,58.694927,65.80731
73.13136,77.53698,71.61498,69.00209,60.739796,58.910034,54.515404,72.7787
72.64215,75.89628,68.82171,69.99199,61.95753,63.409245,57.589394,68.14179
76.02032,78.73419,75.285774,73.78257,62.61657,62.162064,53.30149,70.82912
62.354195,63.064743,60.4333,59.280758,53.792076,58.467407,55.771286,59.60601
78.43128,82.96809,72.557526,73.21438,64.309494,63.788147,55.32233,74.0237
65.95839,65.77946,70.29915,67.75816,58.72575,58.43512,55.358673,63.914715
60.08909,62.972946,71.68603,65.92853,59.602505,67.627075,54.75239,69.4256
61.867966,58.818424,66.330734,66.11073,58.556057,58.703224,56.841564,59.14544
62.81991,63.203102,60.440033,60.360294,54.106037,57.879086,55.879982,59.565567
59.89877,59.54666,65.327,62.38188,56.80009,62.529392,55.57317,61.546154
63.59037,61.960052,67.44729,66.84115,55.82284,49.87582,63.07887,57.991894
70.23794,67.76301,64.42916,69.20983,57.732464,56.03013,54.0816,60.036842
61.47744,62.53912,60.781002,59.81774,54.142136,57.43355,58.32673,59.531963
68.580086,64.82643,65.80462,71.72482,57.907135,55.892403,54.267914,60.039936
70.16072,69.10764,66.13194,69.30867,57.818848,59.126545,53.285797,62.012375
67.2747,68.93511,64.08013,63.46864,57.299942,60.473095,56.74628,63.00143
62.17765,62.700497,61.48299,59.560417,54.511566,58.334415,57.21889,59.785896
62.435764,63.041603,60.54248,59.486996,53.872604,58.58004,55.595856,59.68032
70.25217,67.41122,64.88262,70.116066,57.947834,55.913944,54.07076,60.04538
67.92466,67.48527,64.334076,66.10559,56.302406,58.14849,54.718655,60.652477
58.414482,56.888847,71.505714,68.520035,61.034195,64.04693,57.21962,64.12493
64.49163,61.847668,67.97307,70.130615,61.04338,61.447247,59.276695,59.99605
65.91168,70.10753,66.19015,63.171185,57.328518,59.638874,58.263733,66.70228
63.302834,62.088436,63.36813,63.098675,56.601704,58.754467,56.99045,59.140312
64.36519,61.00839,65.25597,65.485725,57.023293,54.72753,56.500347,57.489235
78.749016,77.358376,71.5289,78.77092,62.782288,59.414036,52.221085,65.1415
67.80357,71.69283,65.93669,63.951946,58.096146,61.116962,57.24849,66.74748
63.857113,63.756233,63.74609,62.436867,55.10663,60.931725,52.625275,62.128716
61.669624,62.182278,62.442295,61.688103,54.092533,53.89969,60.296936,58.692425
63.868595,63.57286,61.84576,61.67822,54.9478,59.656334,54.719204,60.035694
64.1381,63.500793,61.269646,64.20634,54.605347,53.951305,57.0526,58.965206
65.06655,64.63654,61.801903,62.89004,55.64004,59.024994,55.920567,59.54093
76.45071,73.34541,67.66487,72.65887,59.871082,53.811897,50.32573,62.282764
73.230484,71.1748,67.29491,69.40756,58.784397,55.203773,51.85778,62.861477
68.03382,68.18262,62.18234,65.96256,55.279118,51.798897,59.60148,57.56125
65.81856,68.21906,64.1314,62.326515,56.726856,60.07894,57.076973,63.771664
65.08414,64.45845,67.89142,70.096405,61.12194,61.251183,60.233284,61.957283
69.6624,68.564995,63.732647,65.74137,57.6163,58.824867,54.949265,60.25398
64.25432,66.85989,64.450226,61.241333,55.900383,58.639465,56.81194,64.36109
66.54195,67.02453,71.51641,74.393394,64.323845,62.829926,61.94028,65.27095
64.35311,69.45621,71.14856,64.96354,58.938633,66.69439,53.99708,70.89899
68.49732,67.60127,64.04993,65.28725,56.709827,56.377907,54.401733,61.20844
71.45901,76.61875,72.394714,68.08157,60.191124,66.512314,52.596462,72.30415
67.20336,67.90806,69.07923,70.28175,60.468067,58.45387,61.192345,63.423042
56.952866,57.6895,73.18452,68.25725,61.436813,66.175446,57.334816,67.47917
70.16739,72.84072,66.781044,66.02332,58.94271,60.57041,56.05506,66.457985
67.22509,64.0732,76.79085,75.45722,63.291668,55.581074,56.93729,64.59992
65.4737,65.77254,64.25744,66.77817,55.674606,51.18762,62.60717,58.206905
87.66386,91.394356,78.74729,82.18902,71.28395,67.66607,53.282196,80.43315
63.929737,60.772385,65.37297,65.24677,56.95535,55.462517,56.2251,57.831116
67.07174,71.16119,67.93745,64.10828,57.600983,58.062565,56.507515,68.633896
63.38135,61.848377,67.81689,67.551834,59.499897,64.64239,56.214787,61.91718
67.1097,65.0357,64.79585,66.43428,57.236713,61.266994,53.561615,60.455788
71.98582,70.708565,65.1406,67.86144,59.14861,59.912712,54.638058,60.944946
63.208706,60.937733,71.069855,74.460655,63.95289,61.516666,62.32195,61.85909
62.426258,55.976135,77.68462,82.80812,70.2865,61.97099,64.17064,62.14218
61.872704,55.269962,77.206245,81.63799,69.124016,60.28496,63.438923,61.648636
61.817486,62.700134,60.88598,58.09627,53.548233,60.09443,54.7875,60.01201
66.59237,69.76718,66.17931,63.218117,57.142075,58.9029,56.345455,66.4446
69.41598,64.20434,66.42305,68.28015,56.66113,48.470097,55.6946,54.768013
65.647865,64.68505,61.72545,61.562656,53.70456,53.332474,55.98259,57.311882
62.99958,61.14669,66.02914,64.106026,56.349148,56.945587,55.604683,59.59656
67.73601,69.04537,64.01759,63.838154,57.451485,60.522728,56.582737,62.6045
65.315834,63.975246,65.587875,63.98642,55.811787,55.82196,55.094303,59.63797
66.18725,67.841576,64.997444,64.404594,57.877125,60.485756,57.648815,63.323326
65.8464,65.17716,62.582733,64.95065,55.157257,55.371254,56.271088,59.17197
73.69397,76.45243,71.51302,71.034004,60.52584,64.402275,51.788372,69.857056
65.12376,70.295135,67.59596,63.58653,57.351696,58.373035,59.628426,68.07714
80.852135,82.96436,72.97958,75.6138,64.9678,62.061054,52.90733,71.88935
72.524475,74.123344,67.52713,69.246506,58.449207,58.674477,55.869728,63.722546
68.47412,65.071396,65.41221,71.01276,57.585693,56.311462,53.660347,60.26906
69.58472,71.14674,66.61509,65.0167,56.733162,59.213535,54.043015,63.702496
70.215904,72.26865,71.89122,74.58418,64.810356,63.85479,60.737114,67.74067
63.117893,61.867493,63.04514,62.708588,56.354435,58.43847,56.58527,58.989895
65.20733,64.670364,61.07282,63.528347,54.7844,54.86465,55.56703,59.555584
67.82244,67.20985,64.81349,64.75815,56.445385,55.701214,54.17135,62.187035
74.63446,77.36014,76.13116,74.122826,63.105225,62.6224,53.763527,71.28965
63.753815,63.415676,60.903008,62.933914,54.549183,55.644695,56.462288,59.270348
63.24428,64.06254,65.620026,62.59007,55.30934,54.585194,58.09022,62.43393
72.59014,72.04575,68.67237,68.63865,59.025066,56.036343,52.39569,65.42373
59.835495,60.73091,65.09899,61.04477,56.004288,62.52281,55.246307,62.659096
64.39975,65.425446,67.90187,66.4237,56.756836,53.076904,62.401,61.9466
64.496544,61.912083,65.80927,64.57698,55.944145,54.384827,55.566513,58.302994
84.22578,84.736206,76.1265,83.14126,66.34842,60.5434,53.067036,69.670135
69.45557,72.106,66.038345,65.34684,58.615154,60.90874,56.452393,65.716835
73.33607,74.65174,66.79901,68.589714,60.36669,61.669697,55.389,65.057304
67.018524,65.55621,63.21906,66.05395,56.931026,58.8319,55.877705,59.518707
69.03992,73.172966,66.5858,64.957436,58.81193,61.64489,57.193954,67.57204
69.65356,69.77554,65.19205,65.64383,57.996326,59.158833,55.09756,62.638275
62.528473,62.91999,62.195545,60.24383,54.769726,57.897842,57.525772,59.91283
77.45961,74.68302,70.968994,73.144554,60.94147,54.08518,49.21676,65.18567
62.938507,62.987633,62.015163,60.753757,54.048027,58.7217,54.665154,59.97717
62.660492,62.811,61.19458,59.797745,54.342396,57.55366,57.093655,59.078037
70.837685,75.40644,67.637405,66.4388,59.904446,62.454098,57.144577,68.97959
62.1633,63.19135,59.781082,58.196533,53.698765,59.09999,55.82322,59.55039
61.612217,62.644516,60.854034,60.162224,53.975975,56.364788,58.706165,59.242218
70.50475,70.72683,65.81802,66.39337,58.435852,59.149647,54.832077,63.296658
62.45359,62.759495,61.464848,60.006004,53.832794,58.650654,55.002655,59.872704
61.283726,62.209236,61.823803,61.328148,54.10198,54.926662,60.052853,59.13746
72.66461,69.91717,65.40253,70.42429,58.97809,57.1995,53.437244,60.239994
69.82788,68.94843,79.87162,77.99828,65.67158,59.03272,56.46731,69.3371
59.237377,60.701187,77.924904,72.151855,63.47348,64.19484,57.277916,70.91543
64.29859,63.60501,60.8003,60.190075,54.223877,56.190163,55.58997,58.062466
63.23992,63.66294,60.514706,60.382294,53.252865,53.653763,57.831512,57.948654
64.93387,65.05032,61.988937,61.67769,54.202843,56.29554,56.22968,58.754337
75.84204,77.78389,72.6231,73.98558,61.809464,64.27567,51.17568,70.12355
62.04938,58.35215,72.08891,70.22517,60.332592,56.70841,57.046993,61.395542
67.425,68.369545,67.34377,67.70429,58.735924,57.695534,60.038548,62.7962
71.64174,70.72968,80.99661,87.47384,75.01671,67.90364,67.634766,69.547966
63.505848,65.01352,64.21036,61.97272,55.66745,57.373398,58.645924,61.96648
77.56055,74.6192,74.84312,77.18817,62.68686,51.28625,54.75304,62.089134
65.03624,64.46361,61.81828,63.349724,55.577927,58.30412,55.964027,59.508347
70.87218,67.73581,65.72508,72.1682,58.28854,56.79164,53.13138,60.353195
64.267914,63.340904,62.30328,63.57103,55.1173,58.00299,54.691982,60.001755
76.33888,77.8248,69.70576,71.46254,61.958267,60.795902,53.885376,68.03581
73.387665,74.94315,72.90182,77.16058,66.631355,65.10379,60.47904,68.040344
64.30927,63.54615,62.652863,62.63839,55.296726,60.145153,53.998913,60.3131
62.585186,62.73945,61.531258,60.235023,54.00648,59.062897,54.64026,60.03902
70.40946,70.533195,65.804565,66.33171,58.350258,58.96949,54.754303,63.206356
64.564095,63.315304,62.10594,65.42567,54.977036,54.313065,56.118496,59.33969
64.387474,62.598293,62.754242,62.33992,55.203396,55.456573,55.734653,57.79834
69.02846,68.13906,65.85304,65.77226,56.98157,55.358063,53.47197,62.818764
66.10746,64.85497,63.48345,64.473946,56.498886,60.80779,54.443783,60.128315
58.08636,59.0635,69.51436,64.84507,58.961372,64.9388,56.37403,65.4509
64.11494,63.553596,62.40074,63.003742,54.649673,57.438904,54.924065,59.83318
67.49016,64.78008,63.521545,63.73304,54.722168,52.256577,54.931892,56.45284
63.658344,63.816525,60.325497,60.148544,53.46306,54.322666,57.217155,57.92411
66.65135,68.05946,67.77706,68.63348,60.558838,61.53276,59.29555,64.44959
65.36398,68.97246,67.04086,62.37279,56.488735,63.406036,53.757824,66.75129
62.70524,61.299305,73.09841,76.76857,65.70473,62.51735,64.422035,63.72653
66.13795,68.46653,68.272255,64.29289,57.314743,65.65035,50.341534,68.28405
58.40094,55.253845,72.01477,69.70483,61.60943,62.660725,57.258614,62.86548
68.828415,68.89522,65.09298,66.70983,56.7651,58.480156,54.80097,61.49723
72.1831,69.60996,63.962193,67.27341,55.895107,50.913692,55.559765,55.926723
62.10305,59.636337,65.875435,64.643814,57.195736,58.45691,55.941982,59.200893
65.65553,64.25375,61.174274,60.868008,53.803165,53.66763,55.338062,57.037807
85.722694,90.26308,78.05465,82.33281,72.14532,70.80611,57.597206,79.40618
63.996887,63.876648,60.32037,59.867012,53.65246,55.239223,56.40194,58.002907
66.14495,65.77283,62.274063,65.00938,55.032307,54.05348,57.425117,58.643543
66.11364,63.97981,68.18081,72.04349,62.169117,61.687344,60.393696,60.38308
80.66394,84.8115,74.70866,78.434616,68.4872,67.81569,58.086025,74.47851
60.790516,55.419003,71.39071,71.791336,62.407196,60.439484,58.20159,59.90346
63.20433,63.132782,61.717808,60.661865,54.573463,60.24552,54.223164,60.249054
74.62517,78.777725,68.9914,69.616714,61.966473,63.82756,56.59829,69.95655
81.42541,87.01801,75.0051,76.95786,67.92941,68.074554,57.379086,77.45907
62.79353,62.590305,61.851753,60.259308,54.579483,57.400383,57.237522,59.032177
69.46333,73.78138,68.290405,65.60138,58.902454,59.95368,56.203236,69.421616
73.328476,70.49175,65.812164,74.33579,58.906246,53.278744,55.808975,59.06316
63.776855,60.808395,65.11616,64.978355,56.921024,55.808674,56.252373,57.96054
65.6988,64.353004,69.77655,71.979996,60.693012,56.396122,62.958122,60.765965
62.46345,63.25387,64.85375,62.580288,54.978245,54.173588,59.209007,61.382877
59.689255,56.492645,69.48154,68.070244,60.248905,62.105106,56.929173,61.071648
78.79441,81.56801,74.36815,76.05881,63.228107,63.984055,52.481712,71.50417
63.356018,63.169582,62.01315,61.811592,54.225616,57.547005,55.172825,59.749573
69.86911,69.214485,65.41443,68.34564,57.306713,58.109222,54.514496,61.1579
62.687237,63.32551,60.352283,60.387184,53.712063,56.02419,57.118805,58.983948
70.764786,71.177155,69.50996,70.17965,59.3768,64.19354,49.86778,67.55269
69.67875,73.27004,69.617645,68.67933,59.676994,57.887566,60.53399,67.312775
68.97508,71.172676,66.72817,67.14892,59.780777,61.760967,57.73579,65.16883
62.745697,63.098366,61.13096,59.587883,54.26398,60.29898,54.57039,60.12602
63.67234,63.78377,64.196106,61.37103,54.820347,57.972282,54.809177,60.692745
62.300426,63.196968,66.0206,62.098896,55.79545,59.792202,55.08647,62.763424
66.337425,64.92058,63.22319,66.38512,55.73246,56.02504,55.097355,59.682117
63.259335,63.868904,61.913616,60.92596,54.634464,56.801952,56.502075,60.69476
63.26507,61.747765,63.388752,62.255714,55.481052,57.227016,55.56277,58.624382
81.37639,84.27925,76.36965,78.66754,64.94535,64.61706,52.307087,73.26072
64.077835,61.88323,70.35093,72.754974,61.955845,58.20802,62.07317,60.94919
60.32747,61.76475,68.31724,63.257122,57.0609,61.4805,55.596394,64.80841
75.46769,75.600845,72.8551,71.60873,60.45149,53.31667,50.072544,70.18512
62.548088,64.29826,65.824684,62.60268,55.430378,54.91594,59.7337,62.799244
64.45325,63.891445,62.476517,62.22619,55.402954,60.608482,54.297108,60.2081
64.68602,65.88396,62.89069,61.39967,55.89201,59.439236,56.911213,61.594933
69.17314,70.11658,67.35761,67.34472,57.798725,61.914433,52.43937,65.19488
62.938656,61.31452,65.52395,65.768326,58.091156,58.489883,58.24008,59.68382
75.42136,78.516624,72.650696,72.48901,61.431046,64.57183,52.046543,70.82083
66.35713,65.01829,62.204975,61.783558,53.953465,54.10986,55.004208,57.390766
65.9351,70.530266,69.8537,64.54382,58.237396,65.38952,53.770126,69.579
64.69915,66.3253,69.387314,65.531235,57.999218,61.06879,54.97104,65.57923
65.61558,64.8547,61.733543,61.750275,53.80664,53.52888,56.25209,57.47496
69.032814,67.13199,63.654118,67.55934,57.254715,56.860603,54.791664,59.81954
74.62153,76.73525,69.882164,71.4888,60.011845,60.537956,54.7276,66.460144
68.134094,71.495186,73.317474,69.2392,60.70648,63.91312,54.465527,70.07434
62.154842,63.1762,62.275654,60.305786,54.553093,57.132755,57.719254,60.706417
67.15623,70.49638,65.44822,63.578857,57.65969,60.57598,57.343525,65.67662
59.851845,60.138084,66.81555,62.910324,57.023876,62.016357,55.63238,62.944923
63.2348,63.271053,61.034912,62.86742,54.265224,54.030926,58.170815,58.825493
70.79842,70.89989,65.38926,66.70201,56.682404,56.038155,55.547367,60.506535
77.46311,78.930374,75.74513,75.42652,63.10502,59.663616,53.47361,69.32964
61.742603,62.475975,62.199738,61.80166,54.340218,54.911034,59.57307,59.50984
61.696114,62.65427,61.21977,60.93196,53.812683,54.632633,59.542297,58.85692
63.58308,62.917786,61.92348,62.714607,54.66547,57.867252,54.6095,60.04091
64.265915,63.898434,60.68059,60.348396,53.641182,54.331608,56.643913,57.716637
72.661644,73.85084,69.24901,68.59044,59.588493,57.50251,53.40178,67.54565
63.860435,63.840794,61.079227,61.57912,54.81804,58.396194,55.857063,59.571793
67.0166,69.44049,64.55707,63.28184,57.342773,60.526478,56.959854,64.15066
64.06227,63.615234,60.698204,59.748997,54.09319,56.62936,55.764324,58.304
68.16835,65.856705,64.5773,68.16526,57.769,59.240128,55.10384,59.804035
67.15796,65.265816,65.75674,66.32275,57.499016,62.89025,52.57087,61.471535
69.04596,71.56638,67.83718,67.70493,59.46932,59.557163,59.123005,65.51992
74.8007,72.21842,67.14438,70.91213,59.35415,55.039536,51.373055,62.217323
64.40604,64.3371,62.95306,63.480865,54.86397,53.817142,56.87424,60.5367
64.234245,65.11612,62.667824,61.066246,55.5814,59.029484,56.78801,61.145546
64.586296,65.2254,62.460762,61.30706,55.72055,59.299232,56.79292,60.70404
57.998108,58.320408,71.146164,66.35018,59.710365,63.724613,56.526894,65.71422
73.73451,76.730194,71.40369,73.99512,64.66598,64.60808,58.979572,69.26277
64.776726,63.122726,81.45725,78.46186,66.63367,59.870453,57.82192,69.99297
58.62095,60.198612,67.86634,62.667255,57.371414,63.73025,55.68459,65.01292
75.9604,75.17826,67.84146,74.35302,59.982704,55.81057,56.13023,61.134632
63.147884,62.29347,63.90922,63.791336,57.047493,59.142525,57.78762,59.694637
69.66066,71.3079,68.40352,66.12183,58.08437,56.60396,53.99006,67.274765
70.005974,71.582245,68.30326,70.21696,61.682045,62.587334,58.54008,65.28668
65.13679,65.57342,62.394672,62.133694,54.58484,57.40409,56.112576,59.45127
75.49885,81.01235,70.53963,70.38882,62.912224,64.68736,57.03321,72.85571
66.159,62.672813,64.63521,64.751205,55.618168,51.69379,56.316013,56.33729
63.93691,64.17824,64.38444,63.193935,55.785404,56.219017,59.27162,60.250378
76.41032,80.620674,74.59006,72.970825,62.42711,66.89139,51.104748,73.758705
71.51,69.09562,65.479324,71.613846,58.128242,56.126476,54.461067,59.722855
74.71883,72.23981,68.22984,70.91909,59.300316,54.071766,50.79903,63.384342
63.42996,63.001698,62.68162,62.469204,56.279884,60.0077,56.634205,59.598415
64.801636,65.1044,64.26862,62.389843,55.309563,55.528976,55.361237,62.387455
61.99847,61.925896,62.310577,59.82307,54.485237,59.702335,54.89028,59.776443
66.05681,63.52627,69.470024,73.970566,63.455128,62.136658,61.299957,60.600792
67.03302,66.58725,67.525734,68.44813,58.20434,55.103855,61.29481,60.514935
73.46313,72.80157,68.34138,72.57111,59.61022,59.51953,53.118546,63.685936
75.4732,79.41258,79.45392,83.52664,72.31839,68.07058,64.04225,75.081894
70.88248,74.00721,69.60931,67.62683,58.83162,63.80468,52.58611,68.508995
63.00671,59.33507,70.3481,71.90932,62.417393,62.453312,59.301765,60.55342
74.28836,73.54969,65.497,71.871956,58.3777,53.522415,58.194584,58.410065
61.95867,63.01418,60.013725,59.240288,53.962368,57.83636,57.35869,59.420036
76.33447,76.11241,70.4748,71.839615,61.209152,57.277626,51.736824,67.212074
64.644615,64.98498,64.25984,62.351566,55.28071,55.507607,55.580593,62.31494
63.71026,63.44934,61.18601,59.35738,53.549255,57.05635,54.83285,58.611996
62.32444,67.13536,70.41907,63.675552,58.301258,66.84081,53.74299,70.375336
74.80184,72.57129,65.27457,70.321465,57.337006,50.711823,56.33762,56.48982
63.10531,63.103336,61.122437,61.43627,54.203003,57.2066,55.73865,59.575344
62.519043,63.222588,60.57731,60.1636,53.546394,56.00449,57.088757,58.973076
65.86643,61.783947,66.148445,66.023865,56.435234,51.78423,57.015152,56.517498
62.269516,62.78301,61.832397,58.85152,54.16165,61.92659,53.296013,60.98429
58.225925,60.322647,67.12807,61.681705,57.012505,64.65234,55.534924,65.21587
66.09184,66.07834,63.416035,62.828575,56.095295,57.97,55.694805,61.144974
69.7887,67.210014,65.14221,69.4319,58.74899,59.690422,55.44042,59.650593
64.974556,65.44401,64.13473,63.467503,56.529438,58.203346,58.242535,60.924942
73.63533,73.55438,67.662254,68.21558,57.669685,55.808918,53.708893,61.990887
63.001526,63.04105,61.258232,61.299747,54.098785,57.182343,55.72888,59.564663
76.94723,76.28262,69.8692,72.259895,61.524113,58.132267,51.873238,66.061905
65.69012,67.851326,64.72742,63.03675,56.767834,59.04889,57.89119,63.46423
72.09777,71.761765,68.16732,68.1376,58.871323,56.588196,52.882343,65.12277
64.4314,62.25103,63.903416,63.08031,55.607544,55.075382,56.77623,57.851845
62.935112,59.84906,70.44761,71.84168,62.47446,63.86954,59.39489,61.18133
63.970287,63.54747,71.51924,74.37729,64.13036,62.21924,62.84986,64.03817
73.431015,75.649055,73.25758,77.03,66.6815,65.21222,60.556664,69.11154
61.919487,62.723763,60.749794,59.553764,54.114735,57.508556,57.786983,59.314873
73.35467,72.58614,64.433876,71.26487,57.697548,51.56256,59.404312,57.38957
68.469124,67.91458,63.449173,66.3883,56.025715,55.725628,56.55273,58.907307
64.72151,64.59455,62.305717,62.750275,54.61408,57.037693,55.736427,59.43683
73.395065,71.45055,66.22268,72.643265,58.804047,56.026424,55.08493,59.793644
62.59309,63.128887,60.490902,60.99628,54.16835,56.252144,57.61639,59.206345
67.47094,72.959656,72.9571,66.87736,60.154366,68.5803,51.877117,73.38765
78.94821,83.316696,73.13122,73.762405,64.53959,63.319122,54.838764,74.4443
66.93635,69.84026,65.86046,64.21221,57.605946,59.45762,58.12803,65.01658
66.30354,64.92281,64.17438,64.65444,56.954956,62.19836,54.037483,60.411255
63.10676,63.069542,61.402214,60.565575,54.034023,55.31876,57.722576,58.418392
61.418385,62.243576,62.48916,60.74791,54.455036,56.29816,59.29204,59.797432
63.259228,63.86086,63.003796,61.611546,54.809334,55.872738,57.10947,61.066334
64.371864,60.81894,70.24735,73.20981,63.10342,61.8925,60.277176,60.347702
69.06196,71.438545,77.70706,74.19129,63.87556,63.450222,55.303944,71.68191
82.67654,85.23131,75.1725,79.36043,64.68975,60.38669,55.86141,70.18293
67.60096,73.72485,70.75151,66.36451,58.86038,57.401554,59.598988,71.48919
71.08679,76.142044,68.13702,66.65814,60.171043,62.66415,57.259933,69.91052
59.556473,53.47273,77.51265,76.042114,65.07905,58.934677,58.710144,63.17569
73.034546,72.69293,66.85835,71.19828,58.67655,57.274334,55.384624,61.633144
63.90028,65.07733,64.74382,62.91414,55.915363,56.703495,59.199684,61.641495
73.79261,75.98085,67.63555,68.98763,60.85789,62.119083,55.616524,66.712845
63.069366,63.53749,60.579132,61.841274,53.57649,53.038532,58.554043,58.283894
72.4835,73.565445,68.31501,68.27816,59.56792,58.523716,53.978283,66.48943
71.35052,70.62412,64.289024,68.978874,57.09048,54.603767,57.410496,58.38315
64.0862,64.31403,65.062164,63.75053,55.23324,53.292072,57.6819,61.73237
69.731415,72.457954,67.866905,65.15591,57.350193,61.358875,53.54769,66.08211
65.18435,66.55069,66.35401,63.173717,56.056053,55.542786,56.25645,64.47318
66.58679,70.19864,67.261635,64.97567,57.793594,58.26736,59.42025,66.15961
71.28027,73.93611,68.2677,67.15972,59.40272,59.522552,55.146725,67.90633
62.454353,60.849255,63.89778,62.93394,56.369698,58.456917,55.968475,59.095753
63.89492,61.343307,69.79847,73.069916,62.9439,61.11126,61.09508,60.945564
63.56691,58.815872,72.82264,76.79036,65.5795,61.353874,61.338722,60.72308
62.351765,62.444122,61.71959,60.064255,54.581196,57.83113,57.478374,59.28547
67.4434,68.32188,63.91756,64.197525,55.6907,57.664692,56.137203,60.67819
63.633728,64.99401,65.60028,61.542522,55.752586,64.01168,51.936096,64.88832
76.882614,83.189804,72.72165,71.76148,63.95752,64.57352,56.674652,75.86434
78.35241,78.94328,71.31629,73.49167,62.74597,59.24071,52.124237,68.68724
61.549313,62.55298,60.942345,60.208775,54.08981,56.68863,58.655834,59.37184
69.76564,71.687096,72.081604,74.82513,64.949715,63.808174,61.03963,67.62064
76.37431,80.54794,73.36536,71.71889,61.488735,64.28181,53.007645,71.72863
68.56495,66.422424,63.47928,68.05923,56.59722,54.49898,54.260517,59.970047
78.107925,74.10988,66.33585,77.3526,59.327473,46.568428,49.902355,61.049618
72.24305,74.34266,70.51243,70.14406,59.83891,64.21524,51.312572,68.85519
71.32393,71.923134,67.410095,69.29131,58.360596,59.906197,53.923767,63.916714
66.46763,65.92983,62.35615,65.66121,55.19429,53.545837,57.578205,58.567047
75.5593,72.302025,65.809975,69.56558,56.914104,49.29322,54.245567,55.942543
69.47568,68.24903,65.05245,66.438896,56.877743,54.730026,53.36014,62.02972
76.80853,78.02581,68.54969,71.643555,62.31699,62.485153,54.56984,66.52652
68.190125,65.64324,65.385544,68.07776,57.937794,60.936844,53.821476,60.330505
61.17996,57.43476,71.5432,71.92076,62.70225,64.10475,58.756012,61.455173
79.95787,81.89945,73.522095,75.01895,64.14488,59.856857,52.062733,72.29563
63.98077,64.2252,63.09021,62.58652,54.88523,54.866455,56.7951,60.94457
73.47468,73.43775,69.999245,72.84092,60.336716,62.385464,51.08206,66.60533
63.6892,61.344933,68.01326,69.45263,60.736107,62.262363,58.843742,60.44159
65.56079,64.72258,66.245094,68.22956,59.837852,60.833324,59.104244,60.889793
61.9655,64.16448,63.201584,58.59836,54.0155,61.299526,54.08253,62.907963
75.36314,78.06053,72.73816,76.420395,66.38054,65.55757,59.369747,69.828835
79.86873,80.48222,73.18561,75.07117,63.56108,58.099197,50.904526,70.56685
77.219925,79.146034,71.68873,74.496185,61.617653,60.92989,54.260807,67.735405
71.09996,74.20812,66.564644,66.61377,59.676807,62.242096,56.71551,66.58464
74.4804,73.849365,67.06698,72.68744,59.18984,56.09242,56.094997,60.91996
62.87269,66.03616,70.296875,64.9412,58.405262,63.769436,55.020405,67.93839
81.97966,83.33638,74.10884,79.72427,64.29971,59.544327,55.00745,68.29606
65.07305,64.76078,62.052494,63.985943,54.686783,54.792744,56.910114,58.920296
64.27175,63.270683,63.284103,62.2255,55.085766,55.57288,57.772724,58.515694
76.76508,83.09658,71.98694,71.51559,63.983112,65.50747,57.233906,75.186165
73.61167,70.74432,64.83804,70.889244,57.860363,52.00414,51.390915,60.821133
71.34446,70.27252,74.46798,80.51606,68.70065,65.220764,62.818863,65.35466
66.25534,64.276436,66.38498,67.64324,58.951855,63.1989,55.48497,60.785633
65.604454,65.437065,61.59152,64.90041,54.625546,51.987804,58.782017,58.06782
78.092384,80.60279,77.37422,82.77803,71.415375,68.08234,61.755245,72.54366
76.49543,80.21597,73.84007,73.169014,62.15461,65.47985,51.931156,72.34698
63.75686,63.836636,66.92823,67.75954,59.701736,60.56466,59.877705,62.196533
65.58687,63.61025,69.87192,72.00887,60.700886,55.950428,62.3408,60.28865
64.541916,64.406715,65.097565,65.10826,57.317066,57.97809,59.207733,60.535805
69.34703,69.29596,64.24564,66.76447,56.477867,56.51585,56.39875,59.78613
60.43894,57.229298,71.742256,69.56312,60.64065,59.501328,57.04133,62.111748
62.908207,61.27141,70.26118,73.13247,63.065094,61.368465,62.198215,62.00673
64.02172,54.97781,75.560425,77.35263,64.32374,52.574776,58.98591,57.674183
64.330414,64.690315,65.00709,62.973385,55.331482,54.498577,56.634514,62.305786
65.29082,65.73856,67.76196,68.68023,59.965305,59.74862,60.320194,62.81288
79.28093,82.063805,71.50139,73.95507,64.292915,63.431953,54.435135,71.118645
74.93537,75.48804,71.954575,74.35916,61.582733,64.28357,49.82483,69.10113
66.25361,67.079926,63.70846,63.308613,55.37792,58.499928,55.435085,61.0197
65.38499,61.748653,65.91261,65.55547,56.123413,52.725784,55.696903,57.001072
63.89324,62.401287,66.666985,68.51683,59.95217,60.35486,59.564716,60.34571
60.945076,59.730316,65.945145,63.490128,56.927944,60.40967,55.6638,60.745155
76.41311,73.561005,70.55848,72.75215,59.88319,51.55393,48.82632,65.32432
72.40145,68.7886,65.49883,74.58016,58.58144,52.07723,54.279507,59.764153
73.60489,72.49861,67.260284,72.55145,59.190105,57.502068,54.503273,61.658115
68.39291,67.43211,63.93791,65.425514,56.47178,55.536472,54.191708,61.24323
63.10993,61.989403,62.546127,61.662407,55.594086,57.730167,56.34133,58.787872
81.90534,81.90339,75.10584,81.4812,65.24518,61.99577,51.177776,69.49786
77.248215,80.33853,72.18827,73.49826,61.574352,61.600185,54.895496,68.99545
66.4173,66.10442,61.82798,63.16561,56.092255,58.602993,56.207806,59.53902
73.0237,72.293945,69.60809,72.94503,60.185295,62.27305,50.59666,66.01584
63.570965,62.757122,62.404495,62.91772,54.64179,58.009,54.243195,60.165977
72.3108,73.608955,71.664825,75.5399,65.364365,64.378586,60.057236,66.91878
72.79174,78.66719,69.57276,68.10037,61.375446,63.57195,57.36152,72.1092
69.16599,67.91479,64.92183,66.46079,56.503414,53.617065,53.127106,62.14125
60.561306,62.33727,69.066536,63.841324,57.53215,62.056923,55.58194,65.63669
73.152115,75.06036,71.37465,74.85387,65.0142,64.48504,59.430355,67.683876
74.704895,78.82163,71.17214,72.74399,64.09771,64.74924,58.169754,70.91341
61.32249,53.397083,77.67346,79.85046,68.32356,64.15248,61.407352,61.322433
67.09922,66.23169,63.40937,65.64705,55.783836,57.021492,55.22783,59.563606
65.44453,67.41266,63.967556,62.295578,56.494896,59.544308,57.301754,63.026356
65.85912,66.8509,66.87362,66.06133,57.17521,55.407246,60.697968,62.059097
62.54254,63.289497,63.065903,59.879936,54.55086,62.181725,52.79118,62.311626
62.334656,63.39627,59.53781,59.01968,53.703213,57.37379,57.005455,59.135715
73.978294,77.22011,67.86939,69.077934,61.381935,63.47436,56.48237,67.92675
65.37951,65.73564,61.478424,64.03839,54.38478,51.90091,59.597023,57.83165
63.964237,62.99126,65.975914,66.5179,58.09924,57.824635,59.63156,60.05441
65.12834,63.70585,66.549835,67.218124,57.879032,55.85062,59.99186,59.43486
71.36779,65.66249,75.33445,76.65694,62.641323,49.903507,56.6784,59.85282
68.37649,69.1247,66.496025,68.052475,60.05442,61.587364,58.088852,63.166107
78.32289,80.54514,73.73648,76.01022,62.92093,63.45268,52.32513,70.53973
60.42634,58.8364,65.72503,63.804985,57.46187,61.3365,55.921947,60.44728
63.07019,62.597668,62.171196,60.600452,54.62869,56.899803,57.273884,58.83453
63.2759,60.470074,65.85832,64.77311,56.64236,56.46322,55.72686,58.463108
62.975674,63.549572,61.240673,60.90779,54.441673,56.693913,56.908245,60.0613
70.749504,74.0757,66.60391,66.33131,59.538853,62.148632,56.810486,66.8326
73.77888,69.886856,66.22585,76.4841,59.50473,51.938717,55.05368,59.401176
66.12309,64.62304,65.96442,68.3963,59.85796,61.156654,58.77802,60.00984
78.668365,84.23636,72.2927,73.1743,65.009445,66.23773,56.82192,74.90254
65.17693,60.990757,66.17779,66.64035,57.147682,52.996403,56.340492,56.794758
65.33723,60.60329,68.25915,68.19826,57.702423,52.08484,56.285866,57.17538
63.69288,63.794315,60.839928,62.08837,54.39847,55.413647,56.754314,59.46077
63.49973,63.55229,61.884903,61.571217,54.138332,57.24576,55.639996,59.53257
68.58103,65.16493,65.2299,71.14031,57.675407,55.323463,54.61959,59.88694
66.26975,66.08264,63.838356,64.36017,55.658104,58.861794,54.337467,60.900764
66.799995,66.14093,62.655575,62.852013,54.62209,55.463306,55.552895,58.26323
62.294567,63.357754,70.09712,65.7295,58.317505,60.977745,55.62477,65.39663
65.810036,65.5996,62.74925,63.51989,55.036694,57.346325,55.61068,59.43845
63.462627,62.882607,62.377773,60.958908,54.784023,56.7972,57.262154,58.810555
64.88745,66.18779,64.75676,63.294064,56.353264,57.536674,58.723324,62.027573
73.60625,74.148994,66.588356,70.38281,58.356743,55.846413,57.14689,61.083923
63.215977,63.667976,60.479332,60.908283,54.47977,57.286453,56.919746,59.42867
68.27488,65.322845,65.71109,69.10214,57.95141,59.94886,53.588943,60.394382
64.55848,65.051125,65.738495,62.95162,56.214012,63.627476,52.044804,64.117836
71.053535,69.322395,63.84651,67.46791,57.90748,57.565083,54.15824,60.00987
64.67897,64.02042,62.351013,62.83776,55.476196,59.6875,54.780674,59.999126
63.991123,64.1802,60.550266,61.578648,54.749508,57.257534,56.702953,59.27445
64.70263,64.76785,61.82928,62.965614,54.399693,55.152042,57.07022,58.85389
64.3633,63.807987,60.956985,59.748043,53.60292,55.908035,55.109657,58.075134
59.67916,58.14862,69.17079,67.04465,59.80784,63.642902,56.967384,62.540806
65.41434,62.91976,68.68797,70.05026,60.747467,64.626915,56.60555,61.436962
64.14027,63.38793,62.424564,63.4657,54.7287,57.078445,54.9312,59.83674
63.45913,65.254684,65.21455,62.02527,55.56466,56.29267,57.962692,63.346554
75.83427,79.37555,72.24908,71.23384,60.83166,62.780987,53.45051,69.96366
69.71805,71.106636,67.31663,68.98048,60.813747,62.189728,58.04314,64.52115
64.88771,63.874836,62.025326,65.52589,54.878128,53.29929,56.980186,58.928787
73.14513,73.43209,76.43235,82.267395,70.426476,66.39424,63.37702,68.31061
83.0492,82.00493,73.81369,78.0603,65.13687,58.011658,49.070225,69.03529
66.826515,69.91758,75.01448,70.61534,61.78994,64.16,55.06414,70.757385
71.63402,73.81821,68.16344,67.46457,59.462883,59.383183,54.88441,67.36648
63.790195,63.687218,60.78862,62.835884,54.345375,54.42347,57.22797,59.015743
63.661057,63.287735,61.993683,61.434345,55.584698,58.88294,56.878136,59.21514
81.54402,85.27717,73.6132,76.04088,66.19928,64.943214,54.571384,74.40556
65.468636,66.5619,63.106453,62.02348,56.25363,59.653206,56.77845,61.667206
65.66107,68.86625,66.3412,63.925667,57.164257,58.212723,59.07381,65.20004
65.80551,68.91037,67.766975,65.51166,57.50923,56.48725,60.597343,65.27394
78.95042,75.65001,70.60449,74.44588,61.679626,54.803055,48.989853,64.06737
65.49473,64.33669,65.77654,66.08005,57.000153,55.25929,59.756805,59.17452
64.645294,64.58154,70.26134,72.64209,62.97265,61.930096,61.76979,63.823093
76.5659,73.521904,67.6493,72.51738,60.153152,54.935413,50.648613,62.088776
64.92025,63.73213,63.491608,63.513313,55.77717,61.007263,53.33216,60.57466
63.57733,64.14145,62.566494,61.249565,54.80599,56.512295,56.293343,61.14946
61.799477,62.663113,60.804695,58.38621,54.074677,60.817467,55.003475,60.166298
64.767166,65.90471,64.60326,63.195354,56.25763,57.4635,58.69699,61.744904
76.6701,73.738884,67.95775,72.32087,60.487587,56.06877,50.892113,62.20417
63.82188,63.17835,61.077946,60.34726,54.55376,56.939377,55.762684,58.388077
69.26935,70.770004,68.84089,66.59972,57.963352,59.77642,54.103214,65.04071
63.6547,62.488735,70.44733,73.05107,62.554848,60.027576,62.886776,62.156326
71.35236,73.605034,65.97856,66.79858,59.60201,62.16088,56.4574,65.20136
65.29586,65.456375,64.94199,63.003887,55.49988,54.91407,55.109417,62.787838
80.53478,83.23087,73.21694,75.31127,64.95941,62.318794,53.306614,72.78264
63.440178,63.399273,61.034428,62.614094,54.05445,54.263687,57.374935,58.81636
77.30839,81.23781,73.99897,72.26297,61.80615,64.02518,52.411346,72.00969
71.31665,74.418236,68.988365,66.8849,58.310318,61.870174,53.747963,67.16577
62.425346,63.158314,60.697376,59.298134,53.359585,56.709705,56.53382,58.97609
74.17067,76.01889,68.02974,69.402054,60.91898,61.491127,55.09379,66.77733
63.719284,62.940735,62.397408,60.99365,54.734577,56.50012,57.041065,58.613544
62.31581,60.703873,65.75613,65.46582,58.286804,61.176502,57.09361,60.168858
73.810074,70.49209,65.8661,72.10358,58.876038,54.211205,52.035122,60.650146
66.97897,67.64255,69.9462,72.312904,62.896748,62.385483,60.741173,64.69536
63.313473,63.221203,61.336292,62.353497,54.05583,55.149014,56.74001,59.08708
63.47184,65.29981,62.94728,60.46062,55.431145,59.12265,57.182438,62.257725
63.480804,63.50902,60.847008,62.719692,54.002495,53.595398,57.856834,58.604412
62.315125,58.651966,72.52802,70.54698,60.39865,56.129326,57.09588,61.609673
65.20472,63.51868,64.73455,64.40409,56.05793,54.735607,58.235764,58.34519
63.479088,64.18661,64.10327,61.64853,55.08245,55.927444,56.83356,61.966206
62.142986,63.14431,61.642624,58.95775,53.50927,58.834015,55.34292,60.100925
67.704666,66.49394,62.57947,68.36489,55.80817,50.990177,58.459137,58.144905
62.617065,62.93493,61.1106,60.24151,53.92841,58.18478,55.409527,59.719193
67.05017,69.28414,66.55473,65.43283,57.738804,58.009148,59.180313,64.13066
62.13131,62.411163,61.694412,60.203243,54.463757,57.330235,57.950966,59.25141
75.72046,76.48033,69.73846,70.26604,59.098625,57.174694,53.353725,64.40777
64.93179,62.889416,67.14781,69.40722,60.55146,61.709236,59.274628,60.076164
67.70249,69.92837,67.00408,64.31935,57.34574,57.58308,55.190838,66.4422
64.10159,62.673645,62.773346,61.58191,54.632492,55.959743,55.22838,58.119305
66.95917,64.215645,68.46958,70.79655,60.96456,64.02737,56.68946,61.030983
64.14763,63.447945,60.939705,60.280655,54.34793,56.412857,55.66712,58.164536
63.925583,64.73423,64.23611,61.307995,55.24697,56.67681,55.914467,62.58792
63.423233,63.259445,61.209213,61.687775,54.534958,57.988758,55.358624,59.761192
84.104004,86.6099,78.592545,82.00562,67.086586,65.48784,51.30977,75.03752
63.548214,63.100708,64.226074,64.442154,57.461937,59.6447,58.37559,60.20206
75.27602,72.73959,66.15596,69.60704,57.19064,50.627357,54.47143,57.151592
71.892654,76.020096,67.70644,67.29834,60.38112,62.78742,56.920944,68.6435
63.431507,64.26848,62.574684,60.47699,55.152466,58.47997,56.732075,61.08309
78.421005,83.05739,71.205345,72.921165,64.53009,65.846436,56.48557,72.8058
64.18239,68.29549,68.71797,62.923824,57.328407,65.54359,52.950592,68.87228
69.31244,74.12258,70.98633,66.316025,59.123848,65.979965,52.69825,70.96585
65.83153,66.30154,65.9774,65.50192,56.939857,55.937122,60.020382,61.164318
65.22326,62.76595,63.52541,63.174732,55.264915,53.726925,56.272537,57.1766
57.23359,52.772945,77.22622,74.73788,65.14174,62.791435,58.5719,65.09037
71.92046,73.13021,70.85217,74.473335,64.57112,63.99229,59.660713,66.33557
63.07924,63.392387,60.394966,61.20361,54.06266,56.0981,56.843536,59.120472
76.273766,76.88849,69.24589,73.92071,60.43837,57.751442,55.749725,63.791943
73.61871,74.44604,67.75702,69.30794,58.308006,57.02552,55.167187,62.840492
79.805084,82.78081,73.092705,74.655624,64.551094,62.07017,53.528233,72.95302
63.27029,63.176155,61.33693,62.16863,54.09884,55.680965,56.44453,59.226055
64.7069,66.370895,64.30453,61.687725,55.190952,60.825253,54.041832,63.07067
61.27419,61.999195,64.28434,62.08992,54.710316,54.425343,60.681904,60.121475
66.85767,66.91257,62.687366,64.12959,55.17667,56.01399,56.862175,58.832424
64.293884,61.776794,72.03186,76.47458,65.32501,62.403053,63.18477,62.030052
66.852684,66.94023,63.335747,66.45829,55.469494,51.08983,61.22908,57.713043
76.111336,77.55775,70.88894,73.78487,61.05586,60.831024,53.841824,66.939415
65.2179,63.403023,62.503983,61.837387,54.319828,54.06065,55.26154,57.287144
64.93783,65.02474,61.074783,61.95313,55.467915,58.65979,56.7843,59.289413
63.561714,63.72167,60.62675,60.283997,53.332172,54.05575,57.22007,57.927696
73.60811,71.01566,66.39364,70.59682,58.129013,52.117,51.01045,62.27557
75.08929,81.94996,71.591606,70.080925,63.070827,64.853134,57.525253,75.14864
64.86273,60.54644,72.33099,71.29736,60.116405,53.467667,56.87418,60.34082
65.86052,62.056263,67.456856,68.0626,57.759796,52.616512,58.418453,57.379086
68.58148,68.50647,63.670288,65.11606,55.725597,55.85237,56.335884,59.175255
63.30117,59.692608,73.81322,76.05799,65.55632,67.206024,61.177444,62.56357
63.3264,62.500393,64.08227,63.71158,56.721848,58.16933,58.035477,59.59978
65.13388,63.865616,62.19933,65.357025,55.51551,55.912857,55.86146,59.492237
77.44085,76.771,70.60554,72.795074,61.745567,57.52878,51.362465,66.78707
64.681885,63.07425,65.345276,65.3865,56.949585,55.853165,58.656967,58.90808
62.97917,63.426884,60.5427,61.355053,53.734154,54.58391,57.712334,58.689873
64.03728,66.14669,64.75533,61.536156,55.72012,57.565796,56.91899,63.93195
69.85832,72.315094,67.78428,66.57117,57.82081,61.734413,53.873592,65.97333
62.02667,61.689472,62.567974,60.4192,54.903286,59.577583,55.146206,59.682858
65.52515,64.84453,61.8273,63.97669,55.824673,57.802456,56.377007,59.328335
65.10216,64.250336,60.879932,60.794205,53.482174,53.002197,56.30344,57.109993
67.22297,67.02384,72.18129,75.972496,65.343666,63.268425,62.316998,64.87856
60.7563,63.245655,68.353226,62.846916,57.07248,62.8007,55.269604,66.02882
70.18337,68.36548,63.68335,67.53445,57.473763,56.717213,54.26394,59.975307
62.00928,59.98078,69.15732,66.65408,58.22009,57.7341,56.242416,61.38192
65.58027,66.121796,63.849144,63.680893,57.18724,60.003353,57.35442,61.35044
74.2189,71.9993,66.267555,73.55472,59.089134,55.237614,55.47338,59.208923
63.04037,58.561897,70.56055,72.720955,62.21283,57.57118,59.598965,59.493935
63.179344,62.54822,61.443474,60.70899,55.069332,57.942837,55.81832,58.78423
79.467514,84.34346,73.89546,76.320915,67.07068,67.09314,57.820763,74.836876
64.34205,62.116737,63.644672,63.188408,55.587746,55.26951,55.75536,57.758396
66.64612,67.73037,65.7092,66.09286,58.839012,60.860508,58.06486,63.024723
62.997753,60.494774,64.744934,64.515656,57.14068,57.270084,56.408775,58.53635
69.21747,67.333275,63.82103,69.95143,56.812317,53.053772,56.662918,58.877968
64.79838,63.96441,61.475563,64.836975,54.675602,53.06888,56.741684,59.038418
66.2373,65.22031,63.06998,65.527435,55.521477,56.361736,55.338173,59.567406
66.20328,64.4505,62.764275,67.6901,55.67819,53.135025,56.41329,59.137978
63.371704,62.9996,64.576744,63.527645,55.53407,54.979687,60.007614,59.287476
67.10974,68.45776,64.17028,63.405907,57.09679,59.86288,56.43235,62.843388
57.95874,61.68996,68.25792,61.193256,56.798832,64.91646,55.409115,67.3926
73.41562,70.54538,67.68899,69.656715,57.72847,51.360695,54.412407,58.12773
67.16811,67.45836,61.900352,65.01298,54.923355,52.159756,59.42082,57.669468
73.520195,73.235664,68.11718,69.200966,59.745544,57.972622,53.11846,64.95791
65.64064,67.183945,64.08175,61.92987,55.125523,59.3681,54.897125,62.103317
61.50877,61.428535,63.09594,61.165726,55.78283,61.410957,55.669014,60.41128
61.125893,55.634384,71.68783,72.4693,62.82834,60.481506,58.551926,59.902527
65.908745,65.25317,62.971252,64.41067,55.28444,57.246178,55.176216,59.63832
62.26601,57.36051,72.99471,74.65216,64.41297,63.485367,59.949368,61.031055
62.92001,63.71187,62.32332,60.284866,54.99204,58.418327,57.293636,60.577446
72.96828,70.29816,65.48256,73.95158,58.63803,52.69786,56.323917,58.85367
67.06773,67.4023,63.685753,64.37765,55.63714,57.754826,55.688076,60.36273
66.10191,65.068855,62.691734,64.60168,56.343185,59.13796,55.688625,59.61455
69.01593,71.37254,71.8092,68.69369,59.806465,61.864395,54.34872,67.93049
65.36421,69.455215,65.274254,62.07316,56.895657,60.170345,57.596527,66.28507
61.561817,62.784725,61.19727,59.29595,54.29697,58.207012,57.76872,60.204704
69.23308,67.977104,63.617344,68.75884,56.527473,53.542103,57.114582,58.653397
68.217445,67.108955,63.553993,65.70325,56.023006,54.03969,53.863953,61.134426
75.33183,78.738495,72.11441,70.90529,61.715073,59.043182,53.66463,72.37793
64.68646,65.13397,63.5956,62.44934,55.08549,59.84035,53.993477,61.601154
75.17477,78.16584,69.30927,70.270004,61.82869,62.307877,55.38005,69.14397
66.13135,63.854225,63.494987,67.89059,56.17675,55.290127,55.152393,59.732895
66.016594,65.597084,80.09038,84.99369,72.358055,64.77447,68.75513,68.8775
64.784935,64.65984,67.44117,68.447716,59.539413,58.984333,60.53714,61.796867
63.963882,66.43655,64.81464,62.132317,56.061356,57.97437,58.593452,63.532917
60.058712,58.82284,66.70048,64.48798,58.042526,62.65391,56.164326,61.37903
65.31024,65.08439,66.64428,67.28871,58.392124,57.573353,60.281033,60.99244
66.448494,64.66499,63.57975,66.37923,56.56473,58.330822,54.946823,59.87412
71.84439,70.61133,63.47708,68.68141,56.311768,50.053013,58.719833,56.39783
62.102837,59.80706,67.96023,65.943054,57.799088,57.89703,56.082623,60.438694
79.687874,81.27914,74.3576,75.01935,63.675957,57.63941,50.933243,72.82213
76.66835,78.7479,71.66975,72.02928,62.14375,59.162212,53.004295,70.63756
69.691284,69.90679,67.2295,68.35323,58.00153,61.30116,52.387817,64.464005
63.26298,63.31048,60.70474,59.04929,53.813778,58.022015,55.067326,58.936764
62.910057,59.895134,68.721634,70.29428,60.821648,58.43276,59.46551,59.939117
63.354504,61.789745,65.18644,65.668915,58.265842,60.482567,57.493782,59.763348
73.486244,79.59487,70.100945,68.69178,61.85522,63.93178,57.381767,72.874825
73.52535,73.84925,67.67964,71.34657,59.053844,58.088726,55.2415,62.89931
64.13486,64.40481,61.444218,61.60985,54.91763,57.148045,56.415047,60.04377
75.44565,72.930595,69.359955,71.40868,59.825386,54.223763,50.3115,64.19153
67.45939,67.255196,63.282627,63.963516,57.15568,59.92386,56.251125,60.450638
66.49298,66.2237,62.55953,62.9893,54.73444,55.9801,56.04247,58.551323
62.570942,59.294647,66.99966,67.69756,59.30265,57.973248,57.619053,59.052555
66.788445,70.501526,65.547554,63.15671,57.51112,60.55082,57.225082,66.24532
73.21035,70.75942,65.10599,69.78647,58.94444,57.216473,53.174263,60.313404
70.27261,73.582054,66.40847,65.93956,59.274082,61.95557,56.854088,66.63624
64.09986,63.972748,61.660416,63.026558,54.27419,54.795586,56.98024,58.931778
70.09111,73.90476,67.09535,66.308174,59.62264,62.108593,57.235153,67.58963
75.544754,81.08542,70.58779,70.42926,62.949245,64.715576,57.03886,72.932625
79.60881,81.62904,73.13345,74.65043,63.976894,60.16659,52.386307,71.98482
60.904663,54.157257,75.988594,77.48301,66.58316,64.09832,60.408657,61.381577
72.926926,76.93713,71.015175,68.87361,59.780407,64.0746,53.260376,69.917885
66.59357,67.31795,64.081314,63.08834,56.626366,58.853687,55.975204,62.273643
63.466305,59.5004,75.00007,79.94683,67.956696,62.556576,64.226776,62.48438
78.43904,80.714485,69.74888,73.04206,63.72189,64.14479,55.0615,68.7738
65.54318,65.166626,61.73971,63.051258,55.941044,59.18991,56.405663,59.349506
64.536224,64.46396,63.590973,63.769585,55.000763,53.473793,56.93534,60.897274
64.81238,63.70967,63.975204,65.37229,57.90381,59.894012,57.982235,59.37429
59.717297,55.351494,70.55366,69.74574,61.245518,61.601574,57.302868,60.540916
63.762653,62.364124,67.38623,69.5016,60.599583,60.663975,60.229813,60.76733
71.370384,71.02165,67.10462,67.37501,58.581013,57.433956,53.56562,64.06479
69.9965,72.59973,67.568954,65.84612,57.48668,60.887985,54.308285,65.51107
79.57676,79.57617,72.114876,78.3913,62.956345,59.19979,53.778996,66.07414
79.711464,88.208435,76.24266,74.23256,66.88442,67.76438,58.081776,81.90109
63.529682,63.01579,61.932087,62.9154,54.36275,56.200974,55.644344,59.55397
73.08392,71.18953,79.16253,78.767914,65.39086,56.19259,56.033688,67.29961
66.385704,65.738205,62.31412,63.85672,56.546223,59.93067,56.333057,59.379707
65.15747,67.8331,65.30515,63.022007,56.692314,58.50184,58.475304,64.168076
64.473915,63.95755,62.64412,62.92947,54.792492,58.19147,54.56829,59.964783
65.466385,67.396996,65.60198,63.976246,56.82461,57.615227,59.038383,63.18673
69.67535,69.03346,62.91704,68.86804,56.212997,50.483387,59.717022,57.48751
64.174995,62.656467,62.716793,61.804276,55.07715,55.82787,56.38163,58.07478
64.0647,63.322777,63.123936,63.30011,56.696243,59.387028,57.529377,59.36206
63.708176,62.31681,62.388264,61.962276,55.454773,56.752068,55.926483,58.29593
73.244705,74.09396,69.542244,71.58804,59.83593,61.651855,52.54576,66.29886
63.295425,57.511703,69.881676,70.278244,60.018494,55.12277,57.092945,57.74428
67.51291,67.478836,73.580956,71.150116,60.972416,59.087856,55.556232,66.10824
64.06661,59.937073,70.7493,72.992546,61.918102,56.45614,60.418488,59.451706
73.680534,72.96628,67.17318,72.202286,59.07337,57.19379,55.106388,61.600452
60.036556,58.508278,68.60721,65.80684,58.61686,61.136215,56.239193,62.091946
71.235016,67.81493,65.198685,71.68376,57.63346,52.475883,52.628387,60.466022
67.43561,65.97891,62.849174,67.19248,55.21606,50.233192,55.45218,59.802036
63.472534,63.913918,60.676933,60.194874,54.61675,59.34884,55.907833,59.580578
68.81756,67.19011,65.66808,68.57622,57.41254,59.75008,52.33841,61.891563
63.818264,63.65537,62.270004,62.639954,53.895027,51.60367,59.625,57.573746
64.97503,63.849545,62.188488,65.6556,54.986973,53.71384,56.622894,59.083782
63.664795,63.91917,61.373688,62.024887,53.95425,54.934746,57.260513,58.816208
73.91864,77.34906,71.54716,69.71431,60.879562,58.43196,53.833275,71.841446
70.319756,70.192116,65.67447,68.32484,57.42076,58.016247,55.00785,61.476547
62.86536,64.24046,62.43859,59.978676,55.037354,58.819016,57.145798,61.416245
63.004486,63.47085,62.71129,60.93373,55.077545,57.717937,57.819324,60.1774
63.267345,63.446163,60.59168,61.89323,54.047806,55.010735,57.27923,58.89936
64.11497,62.597645,70.895546,68.395424,59.035957,57.188393,56.08968,62.786762
63.492233,65.972946,65.181625,60.50924,55.227024,63.259144,52.462906,65.313934
77.1834,81.07349,73.891106,72.105064,61.704277,63.93658,52.379887,71.881226
60.911415,61.14309,63.050713,60.02373,55.014038,61.296387,54.945034,60.700966
80.86955,85.05218,76.65823,76.254616,64.266045,65.11969,52.753025,74.4801
60.593204,55.756836,79.9937,77.26605,65.36553,56.4122,58.930542,65.72399
62.149227,57.270317,78.14858,75.95926,64.01784,55.197845,58.375866,64.100876
64.91937,61.921417,66.869965,67.4007,57.928818,54.67276,58.505596,58.247746
73.8612,73.51506,67.61091,69.36941,59.997646,58.900608,53.47468,64.325035
75.96707,76.73209,69.2865,73.55945,60.348137,58.15933,55.542446,64.12227
72.817,72.75133,66.14341,70.40501,58.200447,56.19151,56.563484,60.696457
67.69482,64.93528,64.46143,69.42496,57.283318,56.322926,55.18496,59.715706
74.343155,72.15351,66.484245,69.75186,59.804173,58.528564,52.81997,61.362045
69.328156,66.11356,65.13821,70.82131,57.819122,55.537468,54.36612,59.96092
63.735367,63.253063,70.04056,72.29756,62.50909,61.141014,62.109936,63.03856
75.27788,72.84747,65.020035,71.101944,57.47862,49.712517,57.095272,55.705124
71.37857,75.468704,70.949684,71.695915,63.271397,63.74534,59.246838,70.043846
63.693226,64.38409,62.679024,61.071163,55.382835,58.464306,57.38018,60.63018
65.45381,65.596924,62.108932,62.072296,55.968082,59.36367,56.626217,59.97572
65.32446,62.981438,74.31091,79.5735,67.712975,63.65022,64.70165,63.49116
69.3591,66.161896,66.146835,70.181206,58.692314,60.210663,53.995735,60.226448
68.1087,66.53337,63.255608,66.59831,57.030304,57.67423,55.39531,59.63744
56.94897,51.689674,77.22913,75.256935,65.62045,63.18175,58.734722,64.43573
57.478462,58.441948,76.59025,70.56183,62.41336,63.553005,57.442707,69.55073
61.68923,62.58065,62.34386,60.207592,54.51657,57.144676,58.43246,60.1863
62.513535,62.850426,61.251183,60.04982,53.8718,58.466583,55.209488,59.79732
62.05063,62.543655,62.041878,62.837906,54.037468,52.695393,60.35952,58.64113
66.39249,66.579414,64.06036,63.003456,56.3511,58.113297,55.577713,61.825897
80.96614,83.86059,74.63594,75.90689,65.18631,61.057503,52.492214,74.45586
63.54338,62.85357,61.958546,60.35146,54.224915,57.174717,55.05935,58.634895
83.82485,84.6873,76.58483,78.963,66.234024,57.928802,49.064495,74.15859
60.879303,58.20038,72.050415,69.4119,60.327194,58.723366,56.96228,62.678684
67.34433,69.59144,66.60307,66.42749,59.30428,61.287224,58.16645,64.965904
69.93786,70.57434,76.60205,81.45345,69.79136,65.58479,64.4409,68.55349
64.20215,63.71336,62.772697,62.689545,56.352623,59.345394,57.314552,59.476135
77.086075,81.40109,73.269714,75.790215,66.39427,66.1701,58.613663,72.85133
62.57411,63.418625,60.496468,60.67131,53.237514,53.62733,58.51596,58.29776
68.79626,71.73578,67.36758,67.235,59.996296,61.892025,58.037273,66.39335
65.8419,63.10516,72.749115,71.22488,60.40286,55.471485,56.397194,62.4147
65.60725,65.008316,61.97425,63.602955,55.972935,58.83159,56.207813,59.416527
74.09628,76.40801,72.48134,76.13944,66.05583,65.12031,59.756287,68.940315
64.48344,66.83727,64.0253,61.647137,56.119972,59.156055,57.5934,63.3786
70.64184,68.46915,63.70252,71.52975,56.986355,49.823936,57.029724,58.60883
75.64574,75.95451,70.23519,74.92452,64.53756,63.66166,57.129364,65.615395
72.81059,77.828384,72.241684,68.46571,60.205925,66.01556,52.513893,72.09514
76.51115,78.10505,70.22789,73.587715,60.758144,59.09926,55.530243,65.64275
61.17807,59.666367,65.36004,63.98756,57.478817,60.997612,56.2321,60.225426
70.23023,66.4051,63.74308,65.57877,54.93836,48.51199,55.114426,54.71437
62.03611,62.34009,63.680195,60.990585,55.584953,62.84913,54.183655,61.674904
62.996662,63.497578,60.503155,60.315872,53.471596,54.21819,58.06316,58.159256
63.691414,63.51548,60.621243,59.634888,54.02834,56.72977,56.14004,58.473312
65.734825,67.108246,63.363075,62.241405,56.45863,59.85328,56.844616,62.138374
63.394146,63.904305,64.39103,61.668003,55.245773,62.358135,52.354355,63.204227
75.9796,79.16166,74.24825,73.65149,62.42504,66.92284,49.928898,73.08618
65.12846,62.01479,66.58975,66.94004,57.51421,54.11746,58.208782,57.924133
62.366684,62.95416,60.865242,59.588444,53.731422,58.205296,55.672836,59.61234
73.57604,77.30614,68.16172,68.815216,61.32019,63.430702,56.69796,68.6702
70.99167,76.673355,70.03311,66.90073,60.093517,60.79891,56.40318,72.31199
61.624996,62.234657,61.797817,59.51096,54.79405,61.41302,55.2927,60.42379
71.353065,69.034836,65.03118,71.81137,57.91253,54.340405,55.62479,59.229218
63.3636,63.344322,61.065735,62.395603,54.050846,54.69834,57.139366,58.923878
70.44954,72.96985,72.556335,69.72481,60.386776,62.04285,54.13593,68.62195
75.23334,81.589165,71.19136,70.18783,63.003967,64.78542,57.340397,74.291885
65.68247,60.640263,67.2302,68.007256,57.656067,51.74846,56.495316,56.284744
62.52134,63.12685,62.601738,61.949356,54.5583,55.06677,58.520653,60.151268
65.32917,64.241234,61.303425,61.09457,53.401726,52.463223,56.158173,56.933678
63.35502,63.501488,60.556705,62.125248,54.068214,54.622044,57.483894,58.807106
61.62393,63.25728,62.23352,58.272926,53.589016,60.298252,54.55839,61.525368
64.31977,62.097347,66.950806,67.71486,58.52816,56.410873,59.218796,59.233604
70.23341,70.77325,70.73559,69.16964,59.267056,58.526123,54.473133,64.91919
68.927666,68.55019,65.36939,65.20309,57.403183,57.74166,54.51901,62.472034
59.45295,57.783295,72.244225,70.3996,62.19179,65.441574,58.214592,64.229225
73.71807,74.419914,69.196335,71.90051,59.795235,60.545002,53.404175,65.39534
63.027973,61.726944,65.315475,65.475174,58.231384,61.270367,57.389034,60.138382
64.795074,61.624138,64.99795,64.78771,56.15923,54.05255,55.863857,57.284218
64.47854,64.08094,62.240677,65.49695,54.769306,51.59549,59.50828,58.397015
69.34894,69.75015,65.78482,64.58596,56.140476,57.347965,53.965694,61.770203
61.398922,61.275303,64.95605,63.427822,54.834057,52.83163,61.788006,59.00385
59.68054,53.22842,76.843254,75.75918,64.86819,58.939857,58.628494,62.357784
68.89466,67.82609,63.550724,64.493546,55.261017,54.490326,55.296875,58.15806
81.89309,77.9854,71.19755,77.07647,63.382107,55.777275,48.045845,63.35074
62.509697,62.549675,61.894077,60.10344,54.054623,59.96041,53.909653,60.343216
66.88035,68.6747,65.275085,64.47745,57.5319,59.281708,58.019222,63.349606
63.71727,64.27044,63.065063,61.56243,55.457253,57.904465,57.83864,60.486
65.20112,64.66744,62.61544,62.722336,56.056507,61.0622,55.117237,59.970127
64.70512,66.906975,63.778774,61.604534,56.155205,59.449314,57.314102,63.17668
66.12433,62.850613,64.05996,64.43883,55.47505,51.94343,55.853184,56.33797
61.929737,63.539673,63.409225,59.0002,54.345573,62.68525,52.617455,63.410355
79.57412,81.94669,72.47895,74.442116,64.19555,61.68961,53.288216,71.67904
65.7803,65.57904,68.38272,66.2257,56.088608,50.550835,57.240963,63.645374
63.96845,59.199364,69.8536,69.37336,59.024452,54.027588,56.68099,58.4773
63.42962,63.73221,60.542343,60.468094,53.265106,53.45608,57.76583,57.833164
66.635574,69.476166,65.31323,63.572006,57.357903,59.7968,57.717724,64.77557
62.759083,63.655365,72.396225,68.10108,59.844692,61.21748,55.93565,66.61286
66.43114,66.918144,62.99326,62.77529,56.600613,59.872425,56.523193,60.964195
65.581535,64.34355,61.516796,61.284893,53.434,52.35138,55.980648,56.862736
61.990833,62.566013,62.63479,62.515724,54.42025,54.03856,59.799404,59.526234
62.586636,58.8373,72.92977,76.24488,64.96212,59.978855,62.349426,61.48066
61.620552,61.71822,62.133068,59.75306,54.744064,60.37991,55.08441,60.02244
77.02597,77.502785,70.71085,75.34299,61.428005,59.61047,53.970505,65.681046
65.45868,65.26541,64.54899,65.302124,58.06643,60.227425,57.96336,60.800465
66.018295,66.39879,62.694275,63.00991,54.92238,57.07815,56.332874,59.405685
67.85116,67.615486,63.78045,63.588417,55.203186,56.13234,55.04752,59.530365
83.70265,89.64184,80.58647,83.47211,73.40149,70.93895,60.40196,81.941345
64.82908,64.02974,61.04817,60.327595,53.533184,54.403896,55.57036,57.5547
75.64289,73.95278,74.626144,75.642715,62.32885,54.224426,54.70525,64.040535
68.392624,69.453224,67.36454,68.93835,60.703705,61.86518,58.566624,63.991882
64.302765,63.7043,61.56721,61.529858,53.589714,52.16078,57.910347,57.265163
74.23187,76.58361,70.57221,71.327614,60.234337,62.186356,53.461105,67.89892
61.311604,61.550625,64.31794,60.993584,55.33874,60.327827,55.10395,61.252922
62.870937,63.526905,61.53594,59.77334,53.65361,57.91645,55.793827,59.43164
65.65919,64.82239,62.042767,61.518616,53.935402,54.82648,55.40405,57.84289
73.964745,76.2624,69.347015,69.8894,59.2704,59.866844,54.91332,65.9387
63.40639,62.791233,63.94807,64.06437,57.2066,59.456474,58.150642,59.89046
67.08215,67.27836,64.08142,63.51029,56.727665,58.639885,55.642475,61.790604
70.08645,66.7271,64.94424,71.28428,57.295067,52.637238,53.157223,60.308582
64.44888,64.399155,61.348038,62.42683,54.620846,55.302628,55.85748,60.053547
61.05953,61.3883,64.20132,62.853386,54.616474,53.351086,61.689823,59.123783
67.69645,66.56746,72.828285,77.603874,66.39312,63.66005,62.794487,64.16581
76.62428,78.07045,72.04463,74.74773,61.79955,62.400074,52.426594,68.521545
71.62676,72.349075,76.67396,81.87516,70.17115,66.055595,63.952385,68.85338
61.815453,62.44381,60.948288,58.599186,54.151016,60.395603,55.01018,59.987247
64.20644,68.02688,67.632484,62.407505,56.7644,64.07312,53.929947,67.35082
77.70259,78.01748,73.52417,77.37522,63.16449,64.16573,49.64768,69.87467
65.44955,65.89511,61.579086,63.040577,54.325813,53.73432,58.400196,58.151054
65.37147,63.502216,62.77029,61.892517,54.36843,53.438152,56.498516,57.213737
64.35302,64.32617,62.762398,62.290222,56.195747,59.36234,57.174313,60.03382
67.15105,63.21916,64.9319,65.08243,55.23007,49.77342,56.35969,55.610023
64.394615,63.408947,62.237316,63.91951,55.158054,57.46924,54.957794,59.88617
68.52013,68.564514,66.445496,68.69236,60.3306,61.638523,58.158104,62.27507
61.389668,62.491,61.61801,59.92064,54.310844,57.32439,58.573566,59.93772
66.944725,68.51268,66.354645,66.617455,59.27958,61.129837,58.276306,63.965122
63.705666,59.171875,67.81549,67.86863,58.412266,55.085068,56.561172,57.727177
62.258156,62.977707,60.508293,58.999126,53.802727,59.107555,55.386017,59.777702
63.796043,63.256264,61.447353,63.294464,54.554707,55.6935,56.09244,59.395092
64.40889,59.638126,67.56882,68.06568,58.322643,53.92255,56.69238,57.18994
71.734085,74.47442,66.51322,67.12772,59.93499,62.418186,56.548737,66.17305
71.255936,72.848495,68.81437,71.26438,62.408924,63.09867,58.453686,65.715195
62.57273,62.76544,61.618458,60.410137,53.863365,58.25046,55.09417,59.81834
62.545628,65.009,66.85065,62.04497,56.258327,62.076546,54.762936,65.10871
65.5361,68.739845,69.915565,65.37888,58.327652,63.276474,54.47927,67.7929
76.282166,78.209946,68.89415,71.19736,62.198727,62.49389,54.896008,67.63157
75.747665,82.987366,72.312614,70.66159,63.615234,65.26956,57.62507,76.27326
73.75438,75.1938,70.66608,71.969376,60.405582,63.03766,51.814842,68.015465
71.35969,67.72634,66.20006,72.270454,58.99633,56.57104,53.88033,60.11878
76.80732,76.18118,67.319855,74.62149,59.891987,53.811527,57.931225,59.70955
63.879524,58.578228,70.68736,72.7112,61.698586,55.547596,59.099865,58.480377
60.282726,57.638245,67.61694,66.24471,58.974148,61.42381,56.528046,60.46313
79.639595,81.654236,71.3841,74.337296,64.236115,62.7742,53.77532,70.15828
62.584137,60.419136,64.452385,64.22955,57.306427,58.211716,56.643063,58.90376
74.83202,77.88038,71.83201,74.77819,65.2619,65.06857,58.85225,69.76115
60.88326,61.46971,75.515366,70.660126,61.863453,62.03625,56.815166,68.33217
69.81612,71.038605,66.36939,65.27608,56.684322,58.53654,54.254704,63.041656
73.736496,76.28734,70.66044,69.51254,60.553867,58.31695,53.683884,70.1555
63.260902,64.11249,65.841286,63.948967,55.83589,54.600834,60.78225,61.189907
70.51776,73.18726,69.4847,67.77266,58.798645,64.0229,51.969494,68.362335
62.006176,62.26285,62.522137,61.681705,54.174126,54.058468,59.887184,58.608906
62.60413,63.26946,60.50067,60.31326,53.613747,55.92427,57.136406,58.95964
63.90947,67.177185,65.86418,62.34292,56.195797,57.44744,58.703583,65.11507
73.10056,77.54386,68.47891,68.31624,61.15846,63.365055,56.89956,69.707504
59.119934,57.516056,71.62816,68.24301,60.38007,61.737503,56.85361,63.914764
64.06219,69.14995,73.83718,67.586395,60.736996,67.07194,54.837852,72.235306
65.962,65.101906,62.14126,66.19075,55.120266,52.511425,57.74991,58.532154
62.11039,62.764313,61.050354,61.226036,54.17134,55.70275,58.574764,59.188305
74.998924,79.13326,69.923004,71.10626,62.995678,64.408165,57.207096,70.41453
63.51335,62.60573,62.137024,60.904915,54.683243,57.170654,55.360912,58.57993
64.67921,63.59651,62.196247,61.974842,53.822273,51.947277,57.79315,57.110172
63.147217,54.629147,75.08986,77.65027,65.085526,55.098045,59.583153,58.17582
62.037064,63.260822,62.612015,59.21066,53.92014,60.496677,54.036434,61.734
66.55381,65.23776,66.15942,66.00925,57.253654,62.842484,52.230263,62.564762
72.6745,77.75735,73.18252,68.759926,60.654823,68.03272,50.50442,73.75893
63.266266,63.20278,61.115135,61.933662,54.202538,56.27961,56.216995,59.354424
71.36063,71.024536,65.12757,66.96849,58.8343,60.11091,54.97328,61.991493
61.95342,62.909317,60.320408,57.946735,53.66463,60.09673,55.022167,59.907734
63.514744,59.523277,73.826294,78.40448,66.764114,61.967915,63.118275,61.839092
71.64552,73.57435,67.06972,68.71493,60.78204,62.612904,57.122265,65.34264
61.910526,60.07843,67.61841,67.403984,59.657425,63.061123,57.64793,60.997425
62.322025,63.289146,60.231323,59.58438,53.389473,55.937397,57.4315,58.8372
66.990974,63.45684,66.97713,67.31097,56.695824,50.896866,58.634644,56.8875
64.80725,63.33409,64.07338,64.07371,54.44026,50.3456,59.674244,57.01353
70.87617,68.756805,64.75161,71.1619,57.623417,54.276474,55.850906,59.149223
62.120895,62.847614,62.03689,59.362328,53.79098,59.794903,54.37277,60.726833
74.824295,74.68391,68.16848,70.19689,60.589962,59.26435,53.35335,64.99781
69.02568,66.5936,66.4904,70.217804,60.267227,61.824745,57.198524,59.90923
62.775833,62.600796,61.907093,60.65182,54.29141,59.99955,53.735863,60.429085
74.1707,78.830894,69.13913,69.2263,61.849964,63.878017,56.868057,70.58696
65.35976,64.18625,62.895878,64.402695,55.88664,59.00206,54.7696,59.975986
66.25359,71.295105,67.93532,63.916058,57.669247,58.617622,58.25808,68.879944
73.98737,73.994125,66.63352,71.47925,58.70192,55.755234,56.964375,60.7625
69.50276,74.34816,67.32508,65.35363,59.240353,61.97883,57.34238,68.91949
75.92848,77.91026,69.89892,71.112495,61.853558,60.815205,54.13372,68.74341
63.97169,62.699318,64.483765,64.18989,56.626076,56.922184,58.087807,59.117706
64.159,63.057644,63.01685,63.29567,55.195786,59.638386,53.45391,60.5104
62.260193,61.280273,63.05822,61.766296,55.8003,59.035385,55.744286,59.350056
64.10395,61.018562,69.5059,71.671875,62.16118,62.497242,59.670746,60.466564
62.03941,62.89814,60.802532,58.685505,53.434,58.416824,55.72478,59.524853
68.39154,70.48695,66.64141,65.24538,57.015358,61.251225,53.992496,64.86291
70.98756,69.43699,63.821827,66.994804,58.13624,58.82722,54.572685,59.889645
66.628204,67.35859,68.41675,66.16688,57.695232,64.52952,50.77597,66.752914
76.96337,74.12461,71.529495,73.07192,60.35387,51.849663,48.462822,66.03703
65.86536,65.348595,67.806946,70.14015,61.174797,61.41827,59.93097,62.094074
60.82396,63.189888,68.52181,63.09342,57.18616,62.662052,55.313377,65.98528
62.84521,63.37571,64.93943,61.514866,55.19384,58.91869,54.9407,61.670937
61.88933,60.117702,67.00285,66.635475,59.135586,62.420433,57.36487,60.732002
68.72382,70.509766,67.527176,68.57236,60.61855,61.976116,58.411865,65.01381
62.89196,63.327454,60.80513,59.5869,53.364365,56.042946,56.466396,58.65565
65.11723,67.154915,66.37169,62.691013,56.14677,60.865135,54.361618,64.298615
69.00933,68.800125,65.342865,67.24082,56.9888,58.77604,54.31527,61.702602
62.579334,63.943207,63.677967,60.074104,54.525227,61.750134,53.004436,63.141174
64.94208,65.157875,62.525986,62.01945,55.48775,57.684517,56.116993,60.71221
70.00429,70.4448,69.13968,72.37207,62.9119,62.91716,59.325737,64.2709
74.191956,76.163,69.4071,69.6789,60.796005,59.76834,54.19211,68.31539
63.285297,63.609146,60.414417,59.733284,53.446938,55.42824,56.74592,58.330814
68.24413,71.6939,65.762924,64.29497,58.222485,61.195583,57.09304,66.18221
62.147774,62.790825,60.92537,58.892918,53.759617,59.636623,54.874092,59.975857
62.817924,63.16765,61.126648,61.202026,53.659798,55.297607,57.03512,58.954346
64.6807,65.13785,68.971214,70.4977,61.600483,61.472713,60.82911,63.75514
70.16014,67.92585,63.299774,68.527214,56.224846,51.47447,52.666027,60.430325
69.89767,68.596176,64.85179,66.58916,57.21739,55.73832,53.615517,61.59272
61.293037,62.386925,63.778282,61.614685,54.607346,54.967403,60.1501,60.526802
68.4008,69.91285,66.40684,65.7029,57.02623,60.93247,53.80002,64.30108
69.12839,68.37311,63.34195,67.80405,56.234352,53.569977,57.674484,58.392612
67.50406,66.77348,62.69507,64.4836,56.222416,56.79635,55.13768,60.227448
70.97762,74.33723,68.86936,66.824165,58.322533,62.249744,54.05852,67.33688
67.58267,66.32111,62.505405,65.696266,56.230415,56.132244,55.093037,59.715336
66.85872,64.43363,65.70008,65.6072,55.820667,51.758545,58.740173,57.38432
67.49521,64.911095,64.739716,68.432144,57.29518,58.323227,54.37522,60.073204
66.51812,69.62048,67.54957,63.949036,57.094162,56.97028,56.376274,67.25492
63.53992,61.923534,72.99567,77.011505,65.85141,62.69239,64.16531,63.477695
64.00385,61.6734,63.976704,63.604973,56.163322,55.752094,56.467335,57.97174
70.898865,73.91792,68.41699,67.080315,58.230824,61.703342,54.41535,66.58389
62.195545,63.07574,60.60811,59.32132,53.41794,57.01631,56.633198,59.17874
64.08584,66.46817,64.26423,61.109077,55.763657,58.499413,56.757755,64.003494
67.3287,67.953964,67.15092,67.54058,58.376427,56.96733,60.200047,62.13807
78.679,82.57801,76.041595,75.589325,63.835026,67.14738,50.7802,74.72276
61.41617,62.407814,61.21625,60.476738,54.134666,56.394745,59.028076,59.371025
57.956482,58.850807,70.3917,65.793915,59.612663,65.32922,56.67966,65.87971
74.13533,72.87856,68.22617,72.74076,62.476902,61.64803,55.93499,62.62088
61.72892,62.409027,62.193783,62.029327,54.317974,54.590923,59.780426,59.357388
65.79052,56.89248,75.444016,78.7662,64.75273,51.15135,60.398228,56.946556
66.58679,66.76746,63.033463,63.089077,54.97086,56.73642,55.89252,59.42953
70.79403,71.3811,70.79565,69.384674,59.343033,58.47323,54.363697,65.001
66.77254,68.19308,65.291435,63.985516,56.149258,60.60049,54.035557,63.41635
70.254814,70.81873,66.75958,68.186066,57.804222,59.862404,53.952824,63.492626
65.66515,64.0853,62.24842,61.31226,53.78496,53.947514,54.826824,57.274044
68.09217,67.1679,65.58814,64.74026,55.985756,55.644238,54.52045,59.980667
66.91787,67.53468,71.15358,73.91961,64.01421,62.79251,61.561977,65.267876
65.96155,67.76293,63.742935,62.42472,56.66385,60.016006,56.918938,62.868713
71.76295,68.935844,64.54459,73.10827,57.753723,50.500633,55.775475,59.112812
75.04865,80.72099,70.463196,70.00695,62.67963,64.52204,57.12134,72.90765
62.79123,61.69212,72.05983,68.81979,59.694527,58.40864,56.37405,64.1025
68.6207,70.67913,66.859474,65.569565,57.181877,61.41079,53.819054,65.06862
60.919697,62.101753,62.498753,58.731346,54.343468,61.88892,54.41229,61.555107
68.61364,67.74139,65.90224,65.739914,56.5481,54.00586,53.14377,63.15188
70.238464,74.66735,67.45068,66.11002,59.570522,61.986794,57.344376,68.52884
62.78057,63.427883,60.173096,60.563587,53.74154,55.59984,57.42625,58.856384
64.84977,65.13145,64.646164,62.668728,55.37746,55.166977,55.533558,62.52099
62.492687,63.18109,60.758114,60.258587,53.46719,55.720978,57.167225,58.918102
67.46137,66.457695,61.882515,63.907402,54.294968,50.87092,57.682537,56.599087
66.08635,67.14363,67.35317,66.59839,57.377605,55.057453,61.078613,62.26799
61.817394,61.59014,71.30158,67.37205,59.10799,59.638603,56.201218,64.67192
67.00455,69.18331,66.52165,66.276985,59.18889,61.17473,58.23587,64.801476
77.021614,77.42698,73.77416,72.96337,61.42993,53.796005,49.77911,71.26494
59.499187,63.39744,68.90695,62.187786,57.291668,65.00877,55.205273,67.948326
63.609474,64.828896,62.561153,60.55335,55.366264,59.058594,57.029003,61.360912
75.71148,79.64507,72.68157,71.76267,61.282288,64.1415,53.34407,71.01211
57.049908,59.482662,74.85435,69.730446,62.734074,69.1748,58.40614,69.96689
77.89667,77.23559,69.91627,73.02429,62.142742,58.98768,51.948536,65.98662
74.533905,71.631744,67.635345,71.82448,58.204258,49.707237,49.64202,63.41471
65.46534,63.559143,62.12348,62.041218,54.56438,53.725456,55.614532,57.051826
67.65526,68.13263,64.33638,63.458813,55.44544,57.39689,54.843014,60.83497
63.425274,63.371044,60.74974,62.129803,54.315937,55.93716,56.551052,59.234547
63.48951,63.316833,61.361813,60.488956,55.020435,58.617855,56.513985,59.12734
73.88068,75.54641,70.472336,71.730125,60.27453,62.51031,52.51003,67.7051
76.11366,78.20635,69.338646,71.129875,62.093075,61.94651,54.691814,68.26339
74.81874,75.675514,75.904396,75.06892,63.041527,59.24226,54.293854,68.54647
60.199326,63.000618,68.15391,62.312675,56.903137,63.275135,55.255634,66.274666
64.99752,57.992447,73.5585,73.80793,61.341892,50.95446,57.646507,58.105354
63.321922,63.337414,62.67842,62.20014,56.19293,61.097572,56.531544,60.0859
70.8924,71.3819,67.100975,68.913284,58.132954,59.82421,53.91214,63.63947
78.73512,80.86952,73.14927,76.09473,62.71592,61.82539,53.73761,69.26719
63.774647,63.67249,61.215096,63.09146,54.410286,54.06053,57.482254,59.154816
60.442806,57.82386,67.72634,66.504395,59.132706,61.60556,56.679474,60.522156
65.837875,64.10311,65.41613,66.088646,56.566162,60.97602,52.301895,61.84244
63.509457,63.612366,60.229176,58.88021,53.739513,57.713406,55.209213,58.758484
66.57815,67.17427,72.801704,75.52944,64.61836,61.31963,63.35053,65.62279
67.90916,64.54194,70.49885,74.78862,63.777863,63.989944,60.104744,60.77184
63.965714,63.90276,62.68596,63.638626,54.710495,53.385986,57.6947,59.990276
63.75245,61.03526,67.20306,69.15317,60.339153,59.741722,58.6667,59.59247
80.76307,77.99899,71.80413,75.98682,63.039272,55.95697,48.76039,65.42477
73.72714,70.88657,75.59211,76.36165,62.891125,53.361237,55.556465,63.377445
64.54329,63.9504,62.06516,62.853527,55.33209,58.988117,55.119686,59.85613
66.84721,64.43459,64.47396,67.776566,56.566322,58.203156,53.000237,60.58796
74.58845,72.07579,67.24345,70.72979,59.259995,54.924385,51.375084,62.396576
64.091125,62.7193,66.72606,67.85255,59.685795,63.027752,58.229904,60.776924
67.853065,62.98651,68.953575,69.668,58.173264,50.81286,56.04344,57.092262
63.152557,61.581074,63.48559,62.452526,55.69101,57.390553,55.67931,58.675488
66.03515,71.76915,72.945435,66.86166,60.2238,67.61713,54.051716,72.61657
75.58345,73.692566,66.321884,70.75172,57.800247,51.339375,55.653107,57.717365
63.042873,61.577423,63.58098,62.217735,55.477894,57.55326,55.462284,58.794792
64.8075,65.43421,66.40331,63.36186,55.764263,54.40537,56.437893,63.56489
70.09154,69.19297,63.09914,66.88818,55.765503,51.790195,58.038425,57.052986
67.91665,69.18217,65.44727,65.97,58.808815,61.10093,57.47046,63.24576
70.46982,68.73223,63.445454,67.35956,57.216053,55.74981,53.83144,60.097992
63.554127,60.34389,70.30929,72.1883,62.612522,63.34525,59.689095,60.883923
65.27464,68.19282,65.67446,61.633312,55.72728,62.41081,53.58781,65.2811
69.09059,67.83926,64.09503,67.90133,56.63339,56.231987,55.51163,59.353302
64.329,64.38802,62.12901,62.110775,54.403423,57.201004,55.79217,59.42508
60.709263,60.80075,63.896507,61.391495,56.08961,62.795734,55.5508,61.08569
66.1174,66.55841,62.962383,62.768745,54.90837,57.20588,55.950893,59.72457
67.15402,64.597496,62.351112,62.390476,53.8033,50.567467,55.603897,55.832935
73.354,72.222664,65.8379,68.69262,57.165592,53.392963,55.41459,58.895916
79.69891,77.043655,70.45302,74.843056,62.53156,57.104565,49.855217,64.25974
68.49726,67.8311,66.557884,65.583145,56.589424,56.14094,54.515438,60.872883
70.25385,68.77783,65.7614,69.5743,57.743305,58.45512,53.53456,61.2185
76.92096,80.797806,73.97296,73.34198,62.27501,65.21548,52.396244,72.38124
62.856133,63.668663,61.26321,60.20407,54.71127,58.32327,57.14466,60.094803
68.51617,70.28041,66.126564,66.60776,59.33144,61.460167,57.598515,64.27064
71.46108,75.54515,68.028854,67.68551,60.60919,62.777412,57.29367,68.649086
68.47379,70.117256,65.10077,65.29763,58.465237,61.120476,56.998688,63.61134
60.87094,57.098625,70.752266,69.2254,60.288246,59.05283,56.929863,60.8854
71.62712,71.52981,66.98173,67.511795,58.83091,58.13182,53.880817,64.1271
68.009636,65.44071,65.58495,68.7144,57.31991,59.87903,51.883377,61.353676
70.27983,72.324165,66.09082,66.04763,58.88213,60.81229,56.05151,65.19361
76.22483,82.52846,71.66466,71.043335,63.62112,65.23884,57.25741,74.79066
82.13985,82.15408,73.51185,77.08821,64.94164,59.221333,50.367355,70.03021
62.4337,62.970406,61.061375,60.004105,53.635468,57.296764,56.074905,59.406185
60.270466,55.556953,70.980835,70.76519,61.84065,61.36876,57.78904,60.37073
69.28276,69.103355,64.44112,65.25331,57.78461,59.494537,55.348904,61.63064
69.87756,66.632774,64.64389,70.95941,56.95916,51.94987,53.01964,60.34401
65.099174,63.073204,63.157227,62.245483,54.444347,54.0788,55.137398,57.353146
62.524563,58.063274,70.40499,72.52899,62.341423,58.28458,59.33107,59.650143
65.59634,65.09151,63.93064,64.79039,57.678455,60.07598,57.606293,60.126453
76.61934,78.258545,77.20579,82.97155,71.34787,67.620125,62.428673,70.94782
73.063805,77.97979,68.867165,68.29946,61.26688,63.46013,57.045143,70.535
73.974434,72.197075,66.654686,73.15295,59.124195,56.12599,55.10132,60.17443
75.79913,78.10182,73.057106,73.81358,61.947052,65.06387,50.79571,70.97728
60.26929,58.27678,67.41183,65.25454,58.237778,61.060585,56.10381,60.937386
62.7719,63.19475,60.443314,60.271217,54.05705,57.83441,55.930626,59.540237
69.39828,68.32224,63.87546,65.72008,57.34361,57.913746,54.69283,60.582
64.71609,65.08837,62.663967,61.656605,55.550514,58.22396,56.310608,60.83218
69.5409,68.423775,63.827618,68.48067,56.620174,54.42793,56.797935,58.76807
64.1835,58.612694,74.912735,78.61496,65.76331,56.73096,62.814396,60.27708
73.12829,73.64847,71.67038,70.98827,60.078667,57.98004,54.064022,65.38447
66.07332,65.80806,63.189484,63.427208,55.57143,55.765976,55.058376,61.222965
63.740105,62.379425,65.20344,65.971245,58.446648,60.937046,57.77445,59.915726
62.84753,63.47397,60.0909,60.677498,53.789974,55.49561,57.500423,58.830284
67.11515,70.47576,65.28937,63.385345,57.611595,60.749157,57.181774,65.676346
77.70788,81.48768,83.76716,88.68735,77.22848,70.606,66.977,77.877235
62.83871,61.33209,66.88352,67.225136,59.43894,62.778694,57.937668,60.785473
64.871,64.0132,61.602562,64.332924,55.1626,55.720425,55.98964,59.437607
67.98856,67.96863,64.020676,65.58879,56.07065,57.482456,55.625492,60.246777
67.464294,70.495,65.165886,63.656425,57.71518,60.81462,57.064598,65.25676
64.47089,64.04868,62.525536,64.63841,54.690002,52.20357,57.746346,59.534985
65.38027,63.863426,62.264263,61.187733,53.779472,54.175312,54.845608,57.387573
63.483925,56.16314,74.079605,77.24637,64.90117,55.68961,60.07217,58.64064
63.762207,65.332855,69.985306,65.813736,58.320374,61.331463,55.233604,65.88844
65.7221,62.750645,63.945885,63.991386,55.457264,52.703094,56.151245,56.709663
65.323425,63.401096,64.316154,63.500233,55.12882,53.219498,58.01555,57.639484
61.479706,62.654297,60.943436,59.417324,54.219215,58.00872,57.984406,59.90398
62.172855,62.572384,64.38469,64.85452,54.87546,51.605923,62.15617,59.26156
62.74702,63.210392,60.56752,59.75627,53.871803,56.31848,57.376045,58.72972
64.68783,64.213936,62.00676,62.590958,55.445576,59.446007,55.26523,59.808422
64.594406,66.059074,66.4033,64.70899,56.569374,55.520313,60.507637,62.42111
61.315937,61.729897,64.176025,60.73109,55.187237,60.368053,55.04875,61.35432
73.62062,71.36437,65.56049,68.008766,56.585346,51.66876,54.33051,57.51095
77.91715,78.73534,70.695015,75.66186,61.54992,58.42388,55.346508,65.17454
72.361465,74.51498,71.507515,74.577446,64.85879,64.29896,59.73781,67.9631
69.23086,72.01178,66.19119,65.19567,58.509506,60.669975,56.41555,65.996826
70.0862,69.08266,68.75782,66.905975,57.35748,52.970757,51.65275,65.46551
68.946625,72.97002,66.46511,64.87872,58.734886,61.585487,57.173866,67.35863
71.27965,71.870514,66.520355,66.66666,57.04177,57.140358,54.554367,62.12166
67.88597,69.41383,69.00046,70.55912,61.87974,62.261345,59.674984,65.340416
63.83384,63.750023,60.6474,59.910572,53.485275,55.165672,56.26384,58.080685
67.67569,68.435326,66.67626,66.052086,57.1787,62.20828,52.045597,64.89597
72.76616,78.04141,69.04369,68.06062,61.192417,63.41772,57.179745,71.03592
64.80233,64.4815,63.05738,62.965374,54.99952,58.94642,54.20367,60.454742
63.38894,63.013996,61.926937,62.445915,54.272343,56.639194,55.51313,59.610123
69.8064,71.27875,65.39839,65.62853,58.50292,60.62551,56.017227,64.011185
64.8533,64.287415,63.63325,64.89872,57.66595,60.756607,57.920616,59.74063
72.0643,75.45792,70.33171,68.57062,59.391964,63.84892,52.83596,69.09658
69.323944,74.21544,67.84056,65.32548,59.08257,61.176865,56.978905,69.468796
76.20668,77.206055,71.513725,71.638794,60.190887,57.965885,53.243385,65.91646
72.05648,74.22257,67.93374,68.53726,58.423096,59.79664,55.384117,64.85804
61.493664,62.262745,63.957138,61.551456,54.723633,55.264336,59.90145,60.3373
72.858,71.04115,67.13434,68.70563,58.94729,56.781326,52.51227,62.638474
64.576775,64.29094,61.31739,61.15282,53.545464,53.64081,56.831665,57.705593
61.040573,63.972855,72.97014,67.0591,60.049343,64.434,55.798332,69.27635
70.10879,72.012596,68.48289,67.697975,58.362915,62.798893,52.43226,66.76094
57.364006,57.861816,76.0075,70.268654,62.168236,63.265682,57.451187,68.74215
65.09634,63.984756,61.757805,61.823143,53.58346,51.446373,57.404846,56.810642
68.42539,67.229225,64.01872,67.09934,56.41951,57.106895,54.967316,59.61944
62.094315,62.42648,63.055946,63.676483,54.43363,52.45948,60.617817,59.168552
61.9915,58.16606,74.616035,78.63189,67.02129,61.675842,63.663864,62.543415
62.05531,59.600098,65.396286,65.01836,57.87843,58.843197,56.640892,59.20121
67.74255,70.25453,64.97387,64.00547,57.82578,60.848015,56.968086,64.55357
63.213314,63.436474,62.9936,60.48714,54.884243,62.264633,52.977253,61.6207
63.44371,63.18391,62.16113,61.86674,54.315723,57.97459,54.845303,59.887947
67.97811,66.39128,62.39724,66.81919,55.165398,50.74185,53.923027,60.122173
75.15692,72.5766,67.00942,70.91883,59.78795,56.506264,51.765907,61.78658
61.53965,61.89862,62.76126,61.55918,54.43003,55.08271,59.998466,59.024067
59.21343,60.304333,70.84859,65.47905,58.649063,61.970985,56.22331,65.99016
70.882996,73.23031,66.53184,66.547134,59.284676,61.131905,56.075,65.87898
65.4266,60.34714,69.66126,71.14334,59.86573,52.92372,58.84993,57.482296
83.02253,87.04785,77.0665,81.74624,71.20826,69.48468,58.70137,76.39398
66.28267,67.73089,67.40705,67.97537,60.13127,61.31223,59.16514,64.27521
68.08652,66.76705,62.855522,63.773197,54.802155,54.074837,55.467804,57.45749
67.09083,65.41507,63.390343,67.62222,56.06172,55.0109,55.49859,59.48254
66.707184,67.73266,67.72472,68.930084,60.677414,61.54545,59.32275,63.96695
81.40776,86.61217,75.71159,76.0849,66.557915,64.45278,54.725243,78.13235
63.478516,62.365765,65.70644,66.1132,58.083206,58.288574,59.105663,60.00284
68.45819,70.50681,66.20929,65.100685,56.818356,60.448933,54.672592,64.12791
64.32895,63.129032,62.02011,61.074482,54.398643,55.78268,55.314754,57.988514
81.25184,79.14367,71.1133,76.18739,63.73278,58.465893,49.964336,65.21863
68.044136,68.29892,69.68029,72.63251,63.04366,62.58761,60.327595,64.154015
64.92511,64.08826,60.701073,60.093544,53.77115,55.11571,55.325993,57.63623
63.952755,63.899178,62.53165,65.02067,54.697186,51.726128,60.286724,58.41731
64.3318,64.00749,61.768307,62.132748,55.205196,59.32377,55.27189,59.8092
60.432148,54.18749,74.0905,74.87771,64.66183,62.428562,59.20659,60.744648
70.013306,73.69764,67.98563,67.67109,60.470135,62.38876,57.8615,67.83378
77.65297,80.92174,71.68507,72.62772,63.30702,62.050545,54.40427,71.810646
62.269775,63.131668,60.395885,59.292953,53.553055,57.376976,56.499744,59.26361
76.09065,72.879166,66.62327,72.60275,59.404312,53.14644,50.509335,61.512108
74.86707,75.67377,67.22337,69.920746,61.080338,61.844593,54.86502,64.89302
63.037025,65.22978,63.16151,60.14951,55.28539,58.91055,57.245308,62.80017
60.20851,61.550076,70.12287,64.94984,58.19497,61.8061,55.90027,65.78608
64.03633,63.124317,62.49628,61.848484,54.12252,53.15224,58.059074,57.644646
72.772736,76.849815,69.20563,68.27279,60.71472,61.541145,55.964428,70.08925
74.90549,78.36463,68.41123,69.81623,61.952747,63.911892,56.42497,68.695656
79.86961,84.63989,80.31019,84.39374,73.47214,69.66691,62.68727,77.973625
61.708183,59.804256,71.1735,68.13403,59.180397,57.661236,56.59343,62.705784
66.353294,63.436745,64.35767,63.741623,54.494553,50.319244,57.358776,56.221436
66.952896,66.830605,62.82643,64.48015,55.30547,56.128246,56.603104,58.94735
62.133408,58.117283,69.08662,69.82908,60.98027,60.12158,58.123814,59.666466
72.95459,70.87759,66.68462,72.64478,58.961517,57.35035,53.854412,60.80668
73.0541,71.10943,69.47655,69.701294,58.422,52.04314,50.31637,65.342125
74.28225,76.37601,69.85309,71.24995,59.92682,60.865707,54.407894,66.61136
66.2728,64.6,64.91727,65.129135,57.204468,62.953007,53.355038,60.77279
69.24324,69.440346,65.2362,66.97255,56.896927,58.29237,55.059444,61.523567
68.69042,69.28927,63.961254,64.619675,57.763283,60.545956,56.199455,61.857666
72.05169,71.783325,66.4358,70.16513,58.221157,57.569496,55.22511,61.593628
68.548386,67.55673,63.079887,68.09061,56.09352,52.637917,57.863663,58.35172
59.858513,60.834457,64.25156,60.313404,55.60428,62.70645,55.09523,62.30276
67.95236,67.23524,65.399796,65.19515,56.250404,54.126633,53.488857,62.874516
66.59838,65.3158,62.24095,65.6099,55.70988,55.17485,55.18443,59.683464
63.59841,63.14412,61.82782,62.093616,54.722492,58.692055,54.627533,60.053284
74.00359,76.14216,76.79352,81.528275,70.19844,66.68811,62.93872,70.99193
63.444286,63.06837,62.929554,61.423515,54.90252,61.33012,52.992386,61.088753
71.4276,74.36638,71.13833,73.10186,63.977005,63.87789,59.626865,68.65542
63.205612,61.011566,65.23706,65.80404,58.25395,58.89896,57.443714,59.173267
62.862015,62.58102,61.74162,59.89067,54.32064,58.40754,55.082832,59.149933
68.1895,67.43223,62.772358,64.571236,56.906883,58.745975,55.55921,59.842537
69.81479,72.32005,68.20816,66.726776,58.021553,62.509113,53.21049,66.68275
62.11605,61.129086,63.5604,61.69741,55.551888,59.13502,55.367844,59.494907
81.57099,86.589935,73.48147,75.81065,66.90762,67.62719,56.40136,75.825226
67.1403,64.11669,65.08731,69.23511,56.995087,57.21618,53.602634,60.346294
69.859924,69.74361,72.69874,77.29773,66.35932,64.139465,61.85625,65.45154
66.02823,68.019295,64.89765,62.690014,56.613487,58.771168,56.277008,64.2027
63.164856,63.374172,60.352146,61.21951,54.254143,56.840748,56.37688,59.347717
70.95143,67.28009,84.83854,83.91497,69.95993,56.28931,58.06787,70.10246
62.878258,64.70946,65.07782,61.89072,55.410767,56.124733,58.677174,62.93029
63.374783,60.80699,65.67071,65.773636,57.765995,56.962143,57.4927,58.73754
65.82011,61.92129,65.56152,65.704285,56.31919,52.01937,56.60969,56.49323
63.736248,63.657223,61.396072,62.89965,54.093277,54.15628,57.358498,58.783882
60.995876,61.95971,62.329422,61.52294,54.251842,54.953743,60.471363,59.356083
73.09391,73.93388,68.098434,70.73205,59.05019,59.2188,54.71503,64.03724
66.59852,66.41402,65.09642,66.43176,58.79826,60.70047,57.955997,61.168087
73.18049,77.407135,68.3288,68.37701,61.145943,63.348686,56.82742,69.35464
64.479965,64.71147,60.810894,61.34513,55.21435,58.945263,56.67449,59.25849
64.02511,64.93821,69.06319,65.41445,57.77824,60.138428,55.22352,64.54483
60.176384,58.77742,68.196754,65.38326,58.314396,61.03242,56.13489,61.95994
64.71214,61.094994,65.54524,65.78452,56.99185,54.02044,56.577713,57.229675
79.0798,79.079765,70.997925,74.095634,63.056175,59.582294,51.89973,67.66768
65.27719,66.50408,65.54254,65.23699,58.25882,60.272026,58.40016,62.94139
65.284515,65.68409,69.337715,70.92557,61.542206,60.557957,61.253887,63.63447
65.37387,64.87273,62.327415,63.492798,54.192055,51.193226,59.153263,57.214737
68.348625,66.869385,62.527008,66.33531,55.992805,54.140724,54.17952,59.981865
71.67638,73.8266,79.2767,76.512634,65.22442,63.07367,55.14308,72.50533
58.85464,61.138523,66.81586,61.21827,56.45596,63.686295,55.3604,65.09505
62.757473,61.613102,67.07073,68.321,59.900482,60.134823,59.969902,60.919548
62.695633,62.473724,62.123997,60.485733,54.30226,60.613953,53.265564,60.624527
76.65513,77.829994,70.227585,71.85575,61.977715,59.92864,53.25138,68.25642
63.55136,66.4533,73.634735,68.45179,60.64984,64.1057,55.481552,69.64862
68.08851,66.53883,62.613106,66.71259,55.24222,50.955452,53.647167,60.415417
63.738674,63.376545,61.1109,60.135895,54.100704,56.078465,56.55905,58.336235
64.2993,63.24462,62.07374,64.820786,54.795326,54.648315,56.079983,59.354324
61.643654,63.201107,62.226254,58.169617,53.717392,61.022465,54.09228,61.7218
64.84069,64.118935,60.613514,59.98638,53.67439,55.078106,55.412502,57.667995
75.4598,72.8307,68.17515,75.77561,60.46148,57.337467,53.197628,61.38511
72.380295,74.359436,68.3965,69.21505,58.77742,60.313076,54.76322,65.34807
65.74079,63.02167,63.348873,63.53726,55.206238,52.85775,55.793102,56.705112
60.186417,55.743687,72.324196,72.18464,62.94012,63.33865,58.419823,61.431633
64.868004,65.43975,63.247524,62.57106,56.493683,59.625496,57.196766,61.031265
87.44896,92.20295,78.965866,81.80639,71.78482,69.832985,55.08564,82.163376
62.983555,57.352303,73.21564,76.327034,64.64093,57.696922,60.826935,59.854675
67.103714,64.831,65.7582,66.86547,55.567886,49.171772,60.327972,56.618256
67.48058,66.75642,66.9267,66.23081,56.094116,51.373585,54.394054,63.526447
64.99038,69.37639,80.67473,75.062904,65.81389,67.82762,56.06473,75.763794
77.50262,79.00858,71.71022,72.76961,62.47493,59.132355,52.568794,70.078804
64.030716,60.599644,76.55243,82.25543,69.80783,63.98465,66.354416,63.6901
69.64739,72.259125,65.6309,65.40994,58.765728,61.564754,56.73423,65.25793
65.46651,64.71196,62.34547,65.08085,55.023895,54.588,56.586964,59.058697
63.501423,60.214287,69.590416,71.33868,61.97946,62.234997,59.30799,60.41838
61.99042,62.817818,60.73793,60.521477,54.071354,56.343765,58.286892,59.245068
74.14331,76.61476,71.40425,69.88962,59.89575,61.022778,53.1978,67.98561
70.72871,69.90112,64.5238,66.43253,58.38493,59.79864,54.94639,60.993965
62.579853,59.840057,66.14729,66.51459,58.615536,58.149933,57.46726,59.129013
63.202744,60.97128,70.25266,73.284744,63.13818,61.15188,61.64874,61.49346
68.00113,68.805664,64.845184,63.769806,55.73668,57.930477,54.702484,61.56792
82.10067,84.44183,75.25042,79.25315,64.65936,61.45027,54.564156,70.628204
70.35905,75.45503,69.35328,66.37542,59.57793,60.337646,56.256042,71.132965
66.10712,64.0748,63.385612,67.346535,55.938087,55.7774,54.521774,59.96493
67.87813,68.797966,64.28243,64.690704,57.91947,60.728973,56.83567,62.2374
68.33507,62.526066,76.22799,76.46426,63.05562,51.254147,57.327496,60.87619
70.59404,69.27749,63.99392,66.41464,58.118595,59.346222,54.795628,60.13439
73.16125,76.08648,69.98806,72.04701,63.28087,63.964016,58.252174,68.35979
67.25433,66.93094,63.04457,65.00744,55.517387,56.248623,56.34154,59.05325
72.52381,77.55005,68.724724,67.8504,60.982956,63.25623,57.125618,70.48549
64.805595,66.66403,65.16444,63.28692,56.444126,57.563824,58.904922,62.876774
66.006386,65.98787,63.790833,62.9506,55.92169,57.03282,55.324608,61.62549
70.84034,74.12536,67.61323,66.61248,59.447487,60.827106,56.07369,67.8131
52.228844,56.92925,80.12109,71.080574,64.652695,70.027275,58.012802,75.60526
65.940186,64.59118,62.76559,65.49747,56.156303,57.659195,55.633957,59.604824
75.71171,79.32122,84.97932,82.24341,70.12795,66.85266,54.97872,78.57035
67.75616,64.53148,70.13168,74.24939,63.408367,63.849194,59.875267,60.733543
70.71795,71.52689,68.155975,66.95825,58.449287,56.834785,53.64334,66.22982
58.744072,57.550804,73.35556,69.31954,61.12869,61.84524,57.124813,65.36881
63.476723,61.17132,64.38609,63.776566,56.307076,56.55722,55.94276,58.308434
63.986702,63.027996,62.395035,63.40956,54.95823,58.1178,54.308624,60.155033
63.526875,66.15616,63.95466,60.68939,55.6111,58.757294,57.24052,63.838875
67.07817,66.360374,63.31729,64.624344,55.668907,54.476376,54.360783,61.20506
64.93715,64.84812,64.158005,63.688576,56.20643,57.010674,58.73373,59.962635
70.45199,70.52602,79.04983,84.68542,72.50095,66.72453,66.24515,69.387505
64.94654,60.974567,72.47678,77.41278,65.94286,62.06506,62.23884,60.99956
71.233,69.53857,66.02683,67.986015,57.60446,54.293728,52.481956,62.434566
62.17469,59.33736,72.240166,69.70009,59.92044,56.50442,56.908493,62.28326
62.449802,63.786858,62.38457,59.67158,54.812943,58.530777,57.103676,61.36731
66.99378,66.097984,61.750267,63.475956,54.148018,51.145214,57.6289,56.721436
69.03095,74.25743,72.054375,67.08861,59.82131,66.576805,53.218502,71.86101
61.97249,62.621815,61.35095,58.756786,53.57949,59.651722,54.706966,60.009933
67.462814,67.623726,63.943905,63.259094,55.220802,56.880802,54.9313,60.193317
70.4471,71.85228,70.001915,72.76199,63.390003,63.288593,59.540047,65.980385
60.39255,59.028477,68.31886,65.451515,58.25207,60.65495,56.129177,62.003613
62.49668,61.41028,69.04738,65.975945,57.74181,57.748543,55.972004,62.229233
64.72443,64.78516,65.95222,66.750786,59.045506,60.486973,58.99407,61.752617
62.16575,62.895332,61.022167,59.34749,53.472076,57.72896,55.976723,59.44966
63.74886,61.484158,64.21464,63.526863,55.984245,56.13754,55.787975,58.151882
66.10365,63.8637,62.38563,62.337048,54.304592,52.49313,55.444027,56.57397
72.89472,74.37469,67.367424,68.34518,60.08169,60.716873,55.057804,65.831795
74.49187,76.690094,73.632965,72.156876,61.40166,61.04656,53.5577,68.97089
79.63499,86.43853,74.22626,74.09293,66.143936,67.13363,57.288204,78.23861
63.418167,61.57132,68.50348,70.89273,61.521618,60.698933,60.60524,60.95155
81.38271,80.93418,70.534355,75.972946,64.57814,62.011295,52.115833,66.37061
62.46726,63.1569,60.510212,60.865055,53.906895,55.424862,58.131016,58.93273
68.35257,67.059814,62.51243,65.8998,55.955524,54.283607,54.166664,60.12356
63.112495,63.355255,61.244213,60.049057,54.486614,60.2074,54.757603,60.04647
61.344368,63.989014,71.940186,66.316414,59.395294,63.744007,55.661003,68.33132
63.47947,63.025177,61.775856,62.656097,54.39272,56.612007,55.51523,59.62818
66.25653,65.813194,63.0293,64.19173,55.311523,57.484245,55.323635,59.54829
70.15547,70.57405,71.122116,74.9841,64.75769,63.639103,60.58803,65.29112
63.563156,63.214485,61.270477,62.606377,54.464764,56.364162,55.917213,59.488617
73.151,74.35149,69.2753,71.03305,59.591167,61.208927,53.263084,66.041824
69.633415,70.02083,65.95603,67.46512,57.301666,59.117664,54.479645,62.510723
63.202076,61.07538,64.8854,64.67832,57.23029,57.35154,57.25871,58.847195
63.54684,65.389824,71.606735,67.102936,59.341507,62.147297,55.442215,67.19525
65.44484,67.5749,63.80947,62.023155,56.47748,59.89027,57.050697,63.24454
65.71817,64.98064,62.328617,64.895515,54.86752,52.43246,55.96382,59.957874
70.27813,72.60146,70.71519,72.810486,63.61884,63.448257,59.86694,67.48567
81.87801,81.56882,71.94773,76.62636,64.8174,60.742302,51.232384,67.994675
65.106346,64.053795,61.28074,60.34176,53.561096,54.5623,55.06279,57.503246
62.453896,62.90729,61.184345,60.028206,53.712463,57.740093,55.72341,59.560795
61.102486,57.401924,68.41777,68.13206,59.98671,60.057766,57.233368,59.76747
66.0478,65.89424,64.10326,62.267143,54.932205,56.98331,54.466164,60.20155
63.97149,63.120125,61.892338,63.777725,54.764866,56.26934,55.389893,59.688206
62.954605,63.04835,60.790462,59.350197,54.316093,58.155434,56.343258,59.082687
58.70625,57.122265,72.84431,69.19998,61.099976,62.033535,57.104492,64.724
63.896965,63.706993,61.872585,61.293995,55.008106,60.31939,54.624092,60.08661
71.477936,70.88324,68.340126,67.73928,58.398533,55.48776,52.48428,65.15172
65.03619,63.74853,62.724583,64.78407,55.59724,57.714767,54.86623,59.915607
72.94591,73.57561,68.6814,68.76107,59.640747,57.842052,53.39337,66.43172
76.90325,73.8116,68.02715,72.80013,60.34909,54.87779,50.418674,62.33291
75.235504,82.125305,71.696815,70.20759,63.17289,64.92955,57.526894,75.29215
69.46598,71.908104,73.499405,70.334404,60.95223,62.33901,54.500763,69.081024
74.94432,72.18144,65.53204,69.54831,56.980442,50.1407,55.01211,56.327827
66.08505,65.86485,61.68049,63.065563,54.207867,52.76152,57.82278,57.53549
67.7029,66.58602,65.845856,64.93431,56.120956,55.53162,54.67329,59.91379
56.686356,58.7702,71.39609,65.15399,59.530605,65.72497,56.37567,67.743614
75.789925,79.4469,73.1327,72.381035,61.62618,64.952835,52.298546,71.586655
77.306305,79.99282,72.50239,74.15615,61.873047,62.21338,53.909473,69.317535
66.143425,69.97646,65.95286,62.761124,57.136642,59.60863,56.93888,66.776436
63.46532,65.37056,64.86603,62.349438,55.811874,56.972694,59.15166,62.613613
61.777824,55.99537,70.69791,70.918495,61.133247,57.45575,57.459564,58.713074
72.927185,74.64647,68.5812,68.27963,58.36094,59.104305,54.140717,64.93083
72.98359,69.76906,65.19167,74.59842,58.44534,50.487328,55.417274,59.216465
72.29808,69.97744,64.58148,73.52939,58.041443,50.210865,58.13564,58.08581
63.189857,62.794506,61.906136,59.85831,53.99847,57.802017,54.835426,58.947815
63.393246,63.013546,61.193626,59.94172,54.524647,57.63946,56.11873,58.78068
69.49612,69.779884,65.38386,67.15743,57.006176,58.279747,55.134468,61.638725
89.1829,89.376495,79.96613,84.45636,70.38911,58.85508,46.237007,76.48184
67.819275,71.38817,67.94767,64.43227,57.733227,58.00685,55.57195,68.49721
67.54497,66.127304,67.83321,67.91881,58.144653,63.34728,51.655186,63.87805
66.98125,71.78462,67.36702,63.53921,57.748806,59.588833,56.82608,68.955124
67.77547,67.1912,62.333656,64.54519,54.846077,52.61331,57.633083,57.376534
66.00551,64.47525,64.4176,65.70807,56.155556,60.17832,52.21776,61.458046
64.533066,61.87604,73.27177,71.23662,60.663216,56.11176,56.666885,62.967403
61.81699,62.86672,60.39582,59.443665,53.899258,57.127995,57.96338,59.245842
69.06957,67.02836,64.53055,67.9207,58.428265,60.603214,55.84174,59.53597
65.97038,63.90974,64.7853,64.284805,55.438107,52.884262,58.218773,57.616913
66.07536,67.492065,63.54962,62.57352,56.67739,59.99955,56.844975,62.3161
64.96204,64.63419,66.51404,66.22217,55.512024,50.1553,58.47823,61.76648
78.52217,78.88069,71.94618,73.781784,62.684204,58.131313,51.428814,69.1117
67.5677,66.67741,62.926006,65.00463,57.298775,59.901226,56.389576,59.46746
64.2902,65.3517,63.78818,62.209503,55.885147,57.988167,58.089394,61.429916
68.26713,66.93073,62.97639,66.13505,55.681812,52.805347,53.60887,60.751514
69.98326,72.7481,67.72969,66.31247,57.746643,61.46248,54.386555,65.918816
69.682655,67.37606,65.12857,69.66102,57.48448,57.892036,53.33231,60.295612
68.45827,67.98035,63.481873,64.644745,55.433613,55.339985,55.929195,58.69823
74.8703,75.79867,68.10925,70.08073,61.012123,60.810764,54.331417,65.93798
63.91842,59.21207,69.21881,70.65674,60.366894,55.452305,58.427555,58.27056
71.39382,73.56478,69.23155,67.509964,59.171413,57.640266,54.05,68.46569
64.62879,64.56666,62.506355,63.017185,54.850163,54.570995,56.109764,60.628307
65.562965,65.57924,67.69615,65.1853,57.060932,58.18274,54.999214,62.575222
73.047455,77.28512,71.280136,72.382996,63.82463,64.31111,58.836758,70.747246
74.37226,78.605995,78.507645,81.98344,71.04556,67.364975,63.618053,74.70354
73.78783,72.98944,67.97405,69.442314,59.74918,57.75141,52.827984,64.3096
63.57041,62.73024,62.13366,60.672432,54.424633,57.075233,55.167973,58.578445
65.07051,63.332333,66.93892,65.30733,56.62774,55.646793,55.421043,59.983643
63.18851,61.911045,65.74712,66.620026,58.79115,59.697414,58.8452,60.16642
63.876297,64.1697,61.08693,60.474915,54.934364,60.106647,55.642796,59.69283
62.911964,63.385433,60.390694,60.10112,54.198856,58.362995,55.907516,59.56775
61.36335,57.733738,67.75806,67.32833,59.300594,59.10686,56.89193,59.38369
69.01844,73.28825,66.684235,64.94379,58.834206,61.66529,57.23224,67.78919
63.307335,63.552032,60.926853,60.514015,54.518787,59.141327,55.47142,59.746105
67.40582,69.61159,66.19626,63.93543,57.278328,58.41384,55.708897,65.617836
62.56785,61.066204,64.14412,63.728107,57.08046,59.395332,56.556927,59.40464
66.96082,61.416183,68.32508,68.95426,57.545876,49.415306,57.613285,55.701614
61.627846,57.79497,68.122475,67.48675,59.100986,58.55251,56.65682,59.211845
73.76152,77.43943,68.10861,68.8505,61.335735,63.46887,56.607265,68.611824
67.78885,70.54849,67.504814,67.31188,59.99101,61.68033,58.487637,66.095825
62.4659,63.156353,60.199783,59.37893,53.912735,58.512043,55.820854,59.607124
63.482018,62.97735,65.103935,65.42257,55.123775,50.81661,62.359554,58.02636
68.78824,67.20588,73.487785,72.26633,61.052235,56.431396,55.731846,64.068695
70.85481,69.34233,65.28024,67.29022,57.732464,56.140034,53.367496,61.638348
63.402527,63.9644,60.34319,60.51338,54.628117,58.207024,56.974857,59.28923
64.09561,62.696274,73.01506,72.564926,62.968594,67.51649,56.788265,65.651115
68.36942,67.25747,63.244133,65.6296,56.239285,55.02242,54.2112,60.68639
63.99271,63.535667,61.12637,63.901676,54.43408,53.599644,57.421566,58.799152
67.31293,65.44846,64.367874,66.97386,56.48633,59.02046,52.876907,60.62252
67.66001,70.56491,65.14066,63.81022,57.787342,60.86328,57.013382,65.11469
60.90692,58.579384,71.26446,68.52549,59.788776,58.931267,56.75818,62.56096
62.67994,63.370506,64.01602,62.314606,54.859608,54.639904,58.62771,61.049843
65.620575,62.15108,71.72124,76.68495,65.40251,62.546658,62.19089,60.962708
73.62329,76.29217,67.52025,68.76923,60.94413,62.75301,56.09492,67.057175
75.831985,77.47675,69.58381,71.02148,61.702835,60.68331,54.03909,68.09533
66.54585,60.999825,71.7316,74.01127,61.190712,51.56598,60.5159,57.572342
62.400078,63.123714,60.8504,59.44641,53.298332,56.394913,56.658276,58.926155
80.225685,85.93175,74.43609,74.80059,66.01904,65.58617,55.929382,77.30798
61.7126,53.551697,75.281044,77.41807,65.514946,57.382454,59.618168,59.110886
73.838135,75.60358,69.144775,72.31422,63.20394,63.928616,57.73255,66.45957
62.764072,63.033455,61.296738,62.622337,54.123516,53.670723,58.917694,58.74777
75.893036,74.81048,67.48679,71.664444,61.607437,60.92307,53.96009,62.909187
81.04346,82.693794,71.679726,75.596344,65.081,63.406105,53.458996,70.00581
64.00794,64.59927,72.04649,68.320786,59.703342,60.428448,55.75155,66.00299
67.389465,65.88549,67.21394,70.707954,61.368645,61.65568,59.29753,60.69034
72.39064,74.9396,67.025154,67.75137,60.200012,62.096954,56.132515,66.49086
67.69717,66.722664,62.439907,64.98617,56.547672,57.753014,55.53401,59.58662
74.02717,73.73906,67.280716,69.09249,57.83826,55.044735,54.643948,61.126816
63.87332,63.26722,61.519154,63.531685,54.581272,55.454338,56.152428,59.361923
77.739426,83.12672,71.58638,72.34076,64.31922,65.71977,56.818398,73.92522
67.719406,67.01504,64.47657,64.90542,56.191982,54.95633,54.04965,62.00376
62.492603,63.386703,60.469353,60.434784,53.217064,53.94089,58.3879,58.360176
64.86251,64.87629,64.69035,64.437126,56.839104,57.640224,58.919067,60.464485
67.40563,66.67848,67.307594,66.52572,56.139053,50.904335,54.79698,63.582127
66.4895,66.9372,64.02581,63.035076,56.489754,58.53028,55.80048,61.99628
67.94742,65.7029,66.491615,69.55865,59.997864,62.197697,57.1572,60.119003
63.43773,62.92691,61.88328,62.47479,54.475998,57.44549,54.968475,59.873398
62.231922,62.70735,61.485744,59.565468,53.63369,58.618237,55.127346,59.806984
60.931324,58.280407,66.91825,65.56665,58.24486,60.090775,56.245632,59.899014
71.11485,75.55433,68.229164,66.78518,59.94879,61.750145,56.662445,69.45016
65.64393,63.98007,63.060463,66.046165,55.94923,56.98491,55.06708,59.811943
69.579445,73.04031,69.44151,66.27246,58.403683,64.726364,51.980347,69.04324
66.15212,63.8445,67.427536,68.292946,57.91856,53.70472,60.08798,58.597397
64.75736,63.439255,69.91399,72.24035,61.35739,57.902493,62.81431,61.24006
70.86477,72.04888,67.24369,66.831024,58.78227,58.70035,54.623104,65.590546
62.831223,62.933304,61.112762,60.537582,54.229015,58.92976,54.844463,59.988953
75.50338,78.89058,73.37218,72.62291,61.773335,65.76719,51.22184,72.02896
76.3036,76.62624,69.6588,71.58279,61.500824,59.18752,52.843094,66.861534
74.24131,77.85312,71.019295,72.978584,64.1178,64.58939,58.37501,70.02409
70.63545,72.771095,68.78638,70.514336,62.0125,62.895214,58.521374,66.32498
64.07883,64.35025,61.11074,61.2588,53.590576,53.82297,57.652782,58.02108
67.7902,69.16533,64.04316,63.874893,57.499725,60.60955,56.621178,62.6826
63.26469,65.22029,64.127914,60.25595,54.76136,61.79566,53.401184,63.65169
73.31231,70.87063,64.90475,69.76959,58.62752,56.038464,52.754246,60.431736
63.263493,61.896862,71.34825,74.668564,64.16586,62.01911,63.105125,62.830532
63.87011,67.47975,66.46143,62.990616,56.444508,57.11283,59.8004,65.35491
63.65505,62.465824,63.493168,63.62307,56.898056,59.00861,57.20338,59.187202
66.88538,66.352684,62.082474,63.753838,56.551086,59.4358,56.353027,59.341408
66.64282,65.36773,62.98307,65.441216,56.687767,58.951664,55.825893,59.54803
63.102257,63.267506,60.69248,61.29725,54.152912,56.696026,56.299656,59.350925
62.629223,63.308533,60.191147,59.458057,53.758335,56.53324,57.28142,58.800297
65.699524,65.63331,62.450832,63.480602,54.86942,56.37697,56.339012,59.12461
64.016884,66.102516,64.45822,62.060757,55.9821,58.03854,58.39215,62.940777
74.22395,76.2302,68.99718,69.61551,60.88382,60.423367,54.533504,67.9228
78.565636,75.17748,68.94378,74.16074,61.33748,55.370403,49.767727,62.53324
61.527325,62.38631,61.811947,61.222446,54.265446,55.605145,59.411556,59.462368
70.21423,69.078064,63.74585,69.42576,56.778763,52.783108,57.82509,58.284317
80.41323,83.673386,72.30398,76.14632,66.416275,66.40824,56.305016,71.89323
66.27758,61.415977,66.73186,67.3555,56.878696,50.827343,56.14497,55.938213
63.42818,61.844658,76.02521,80.48783,68.354294,62.95627,66.51317,65.05213
68.54236,66.118774,65.24218,68.06696,58.163376,61.088055,54.327995,60.135384
74.4168,75.138664,68.0148,69.73902,60.66497,60.241173,54.15626,65.68349
63.481842,63.374054,61.194176,62.821144,54.047115,54.04926,57.38719,58.79649
61.748688,60.370754,67.892365,65.138885,57.46386,58.560127,55.936665,61.40591
66.522934,70.198875,65.49824,63.107006,57.416164,60.377224,57.51466,66.01405
70.317856,72.11251,69.03236,66.94322,58.14348,60.056614,53.84619,65.54023
65.30279,65.40262,63.485153,62.5796,55.459362,56.26777,55.338432,61.647694
63.05544,58.846527,73.257324,77.35401,65.996765,61.308716,62.266277,61.41941
76.44205,80.29459,77.77213,81.76891,70.84656,67.67599,62.356503,74.2865
67.64796,63.346012,70.60004,70.72032,59.18004,52.104645,56.17497,58.894123
63.678284,59.36981,67.63299,67.409164,58.05704,55.194103,56.33225,57.811695
61.991333,62.55762,61.38522,58.65252,53.724384,60.486877,54.157562,60.263157
72.88695,70.35441,64.55025,69.87846,57.896774,53.744896,52.22931,60.57667
84.53627,83.29935,73.78114,79.37268,66.23431,59.48528,49.037136,68.463844
63.339275,63.477985,63.506596,63.772385,54.755157,52.904945,58.812748,60.148155
72.21017,71.4934,63.659702,70.83711,57.12828,49.840553,60.294025,57.056355
71.66313,70.11839,65.84179,70.75444,58.11715,57.14938,54.548073,60.440624
66.45389,68.14684,65.62084,65.065926,58.03117,59.80833,58.22987,63.47413
61.152184,62.264145,62.68299,60.9936,54.39806,55.748962,59.819233,60.025043
62.862907,62.99856,61.402523,60.276527,55.014633,59.801216,55.82213,59.597916
81.807686,77.319885,70.20303,83.60646,63.846874,52.15484,54.55798,59.156574
69.09233,68.11557,65.77324,68.2461,57.3879,59.55929,53.00829,62.101044
62.020214,63.916744,64.803925,60.339844,55.0109,60.946243,54.714817,63.258762
74.5219,71.868805,67.2737,71.09341,58.84734,53.073303,50.801975,62.6737
73.611374,77.159134,68.233376,69.129196,61.482227,63.47363,56.777866,68.456055
73.75253,73.106544,66.3597,71.78994,58.66176,55.64683,56.49643,60.23318
74.93519,76.46478,71.93557,73.39751,61.332977,64.073654,50.94598,69.40238
65.2615,67.708435,64.00951,61.89271,56.452553,59.842937,57.123215,63.72105
58.69258,59.01699,68.17533,63.95924,58.105583,63.46627,55.95667,63.969315
80.901215,84.615654,73.051384,75.41298,65.74972,64.84588,54.77455,73.77683
76.56232,75.99677,71.16025,76.20244,61.81419,61.1969,51.558758,66.36471
70.77286,73.763306,68.798004,66.84987,59.146034,58.74528,54.954876,68.75831
63.91627,62.38023,66.97845,67.41754,59.339302,63.73558,56.880726,61.16314
62.95893,63.453762,60.513294,61.36003,53.667294,54.245983,57.939617,58.583164
65.35345,63.53,63.96196,65.41988,55.83461,59.383373,52.779984,60.731518
76.55535,74.24884,68.27375,71.849205,60.894005,57.822716,51.593185,62.819473
65.787544,64.78164,62.69378,65.54272,55.294292,55.225952,55.96858,59.31952
74.49131,73.43609,67.15517,68.999214,57.57991,53.706806,54.072994,60.109913
70.46456,68.84981,66.062965,67.75362,56.919773,52.41644,52.096157,62.934536
73.33993,72.84264,68.66023,72.48666,59.709297,60.197037,52.66265,64.344025
61.5129,60.12247,64.35312,63.02841,56.7986,59.99213,56.012543,59.77476
61.227882,60.824715,65.0633,62.124527,56.01724,60.23138,55.3483,61.01699
78.336334,81.11409,72.27372,73.355736,63.5024,61.19709,53.591038,71.907234
65.45,67.069,64.42896,63.00412,56.55918,58.660213,57.966297,62.573235
61.60679,63.334213,63.30681,58.711147,54.33514,62.758602,52.95085,63.28138
73.46805,71.94708,65.81338,68.39891,56.959778,52.83111,54.90985,58.499763
61.825592,62.597,61.25911,60.35167,54.00792,55.90457,58.812214,59.01631
80.776634,85.949356,78.172356,76.406845,65.131836,68.52393,51.510174,77.499016
69.16159,66.90787,62.88427,64.14093,54.623898,51.76937,55.13255,56.282127
63.43261,61.012733,66.69629,68.17731,59.73622,59.528084,58.47576,59.634327
64.91652,63.57496,62.333435,61.85444,54.021008,52.65001,57.241993,57.18548
64.321846,64.9872,62.69347,61.518295,55.854927,59.304607,57.006474,60.826515
68.732666,67.5119,63.658436,68.03611,56.397957,54.699852,56.41154,58.98359
73.41685,74.61165,72.40522,71.33063,60.55146,59.226303,53.91283,66.77724
66.19678,68.248764,64.00434,62.61818,56.8394,60.150536,56.954376,63.328022
65.01283,65.39882,62.12257,62.017136,54.437817,56.906326,56.428783,59.08631
62.862915,62.96534,61.153603,60.744488,54.16176,58.3282,55.166317,59.835197
71.69816,73.298195,77.5634,82.313286,70.71249,66.385704,64.40923,70.44409
63.29777,63.828613,60.265045,59.650295,54.45531,58.568245,56.594433,59.186863
63.99033,63.675655,61.32589,62.40258,54.87046,57.71752,55.742126,59.598362
65.91158,66.80916,66.753235,64.65014,56.791653,63.58503,51.11426,65.68989
66.55646,68.08102,70.35091,71.890045,62.655987,61.970932,61.083782,65.790596
68.03375,71.56104,69.87123,65.91333,58.44772,63.341896,53.911625,68.236664
71.947754,73.51716,67.698524,68.943474,58.419914,59.598763,55.029644,64.33723
62.212605,59.69324,66.83711,66.88733,59.132446,60.517765,57.372295,59.87427
60.248024,61.989887,64.10308,59.442787,55.123623,63.37806,54.10245,63.415073
65.69127,63.628227,64.95148,63.961952,55.48221,54.54235,55.12871,58.328087
69.83498,73.02562,68.77125,66.127174,58.6632,58.179695,54.98684,68.937645
68.47148,67.37638,62.42932,64.84237,54.82319,51.53748,57.38694,56.800293
62.264008,60.278034,64.936066,63.66056,56.637764,58.47068,55.823666,59.18344
61.42621,61.392166,62.709282,60.04281,54.832817,60.53717,54.944576,60.14722
65.33647,61.662777,65.949425,65.84099,56.652115,52.958817,57.132412,57.03395
64.367836,58.16202,74.23751,73.74081,61.541782,51.896774,57.683624,59.528084
71.01525,74.049286,66.84148,67.05237,59.940548,62.312813,56.93782,66.604836
65.278595,67.34341,67.163124,63.443027,56.638508,61.052467,54.436405,64.79164
84.28241,86.76626,79.87833,82.76394,67.93768,68.025246,48.846325,77.09717
64.80829,62.02224,64.25799,64.06721,55.83389,54.256016,55.840946,57.33825
63.17932,62.83629,61.91407,61.895744,54.303616,57.811226,54.865368,59.912388
77.78763,81.97812,74.22154,77.28519,67.48698,66.72837,59.035957,73.33588
63.214386,63.490307,60.328396,58.946823,53.651516,57.552467,55.518467,58.841724
65.52611,63.4112,62.623955,62.367184,54.688007,53.459938,55.918674,57.015026
68.13142,64.363815,66.22302,66.516655,55.31659,48.07137,58.477848,55.57956
70.986206,70.50878,67.383514,70.04809,58.513687,60.38497,52.601814,63.723747
66.00364,64.27283,63.486828,66.02516,56.27507,58.228905,54.67649,59.982746
63.622772,58.154552,71.0641,73.24623,62.1761,55.937546,59.19516,58.63359
77.51022,78.42087,75.49581,75.56687,62.961708,58.52,53.61518,68.32024
75.3098,78.22975,68.64715,70.25216,61.976433,63.2477,55.828117,68.39756
69.261375,70.75148,65.49378,65.24169,58.183754,60.060562,55.89394,64.16537
66.15696,67.22804,65.3721,62.99732,56.33154,57.181965,55.288197,63.92966
67.35207,66.12196,62.072884,65.55607,55.557888,54.11383,54.550266,59.86714
65.03496,62.48822,69.49234,71.41223,61.847965,64.66698,58.375126,61.407516
62.886883,64.05156,65.406975,61.600548,55.924942,63.89588,52.804256,64.231995
65.83913,65.09722,63.118626,64.32461,55.342285,57.887794,54.6815,59.85665
61.993534,62.683266,61.08147,58.582294,53.67529,60.02311,54.62424,60.074223
67.96135,68.23717,65.98634,66.34589,56.989212,60.830956,52.90196,63.493
61.629063,60.77353,64.44709,63.10872,56.926067,61.303955,56.209816,60.325813
69.59171,67.9886,63.619213,70.00075,56.748085,52.05802,57.617516,58.430134
56.344223,61.194633,74.400955,66.098305,60.677116,68.015854,56.32546,72.157166
64.752045,62.573994,68.09841,68.69603,59.936058,64.6372,55.891968,61.560165
69.09159,67.84094,69.37094,68.57682,58.389942,55.772804,54.968464,61.806988
65.225586,67.48844,65.98327,62.24347,55.910164,61.078175,54.228817,64.352585
67.40304,65.273705,64.94476,67.57566,56.838066,59.863228,51.969856,61.328228
67.939125,65.77471,64.43581,67.67852,57.63095,59.515373,55.041916,59.838127
63.662678,63.250095,61.992462,61.852093,55.83185,59.19217,56.488556,59.23463
72.02116,72.70222,67.834724,69.953156,58.713226,59.918297,53.97131,64.21125
61.768616,65.52137,67.571365,61.493893,56.533836,64.72743,53.89849,67.44826
69.25595,68.52963,71.291855,70.03436,59.60629,56.994556,55.083263,63.6814
68.702934,68.14907,62.642776,67.815,55.84209,51.24767,59.19792,57.73578
64.930626,68.5968,64.93286,61.69441,56.543003,59.75988,57.34482,65.66887
63.329304,60.805004,67.47226,68.502014,59.506767,57.793533,59.037582,59.61557
65.236275,68.59573,66.39403,61.823505,56.074123,63.112606,53.520508,66.20443
66.34626,64.34477,64.0351,66.60412,56.183743,58.721375,52.80446,60.677784
65.05949,65.14398,64.67523,64.37185,56.764626,57.51683,58.88713,60.516018
67.6747,69.724144,64.50542,63.799553,57.595432,60.698753,56.79918,63.73946
61.599766,59.256016,72.83618,69.79027,60.202652,57.31572,56.978542,63.26117
61.896538,62.93888,60.111553,59.277164,54.05822,58.09057,57.364285,59.52002
78.57014,82.28933,74.06607,74.656586,62.725796,63.462067,54.041225,71.52347
73.50991,71.7892,69.652626,74.21083,60.54426,62.007374,49.962692,65.46217
63.639893,63.282955,61.90641,62.712627,54.318928,56.193768,55.833298,59.459507
64.39138,64.25363,69.338295,71.40214,62.100418,61.54929,61.260628,63.233418
73.41607,73.89249,66.4522,70.48796,58.36633,55.98419,57.19571,61.007755
65.024414,64.19047,61.148624,61.130123,53.346043,52.2099,56.698273,56.981598
64.079124,63.83154,64.34877,62.734516,55.543118,61.893402,52.49251,62.399376
82.60454,88.28871,75.60028,77.59853,68.558,68.67872,57.120205,78.5578
78.13073,82.24103,75.020515,78.44387,68.35132,67.12654,59.49705,73.711105
65.0602,62.008495,64.353676,64.53668,56.09163,53.77425,56.059288,57.091858
56.936,59.650604,74.54245,67.50883,60.881287,65.318245,56.770557,70.058174
64.14483,63.734825,61.033833,59.91931,53.504135,55.446278,55.554592,58.059395
62.74594,63.090004,61.043064,60.76727,53.8027,56.60574,56.33818,59.291138
67.194405,65.196335,63.535072,63.244293,54.74406,53.860825,54.674763,57.43916
77.31251,83.43727,72.086624,71.98911,64.27778,65.717575,57.123096,75.133255
64.54844,62.156765,64.494286,63.934635,56.040634,54.91211,57.06827,57.874687
65.10241,64.606705,62.632362,62.785973,56.131733,61.01331,55.35644,59.94697
67.49716,61.886894,69.304405,70.20733,58.394222,49.980904,56.33344,56.44371
71.42928,69.187904,63.92607,68.81909,57.28191,53.838444,52.867786,60.382908
71.46147,73.38923,69.30428,69.09736,59.071148,62.88932,52.37873,67.31598
62.41898,62.74522,61.457253,59.90507,53.823948,58.78404,54.943554,59.900223
73.37345,73.68951,66.96349,70.87426,58.654438,56.973713,56.206173,61.81788
64.24061,63.848846,67.43108,68.56602,59.64635,59.140648,60.653625,61.51
63.026283,64.40781,66.17867,62.100548,56.255646,64.33926,52.59938,65.04582
63.490192,61.038727,64.35879,64.16017,56.693832,56.538223,56.260036,58.233295
64.37915,61.552246,66.61743,65.39071,56.46284,54.35241,55.7525,58.523304
73.80567,72.06494,65.20204,73.168045,58.440544,52.044724,57.95219,58.052128
66.28463,65.32196,74.71163,79.38882,67.80995,63.988937,64.462006,65.34404
62.53622,58.66002,68.96366,70.1113,61.112755,60.04737,58.390068,59.655212
62.24891,62.907356,61.24448,59.115833,53.327168,57.617355,55.797577,59.308273
